material_id,cas,nombre,constituyente,cas_constituyente,estandar_ifra,min_pct,max_pct,tipo_valor,fuente,tipo_fuente,url,consultado,cita,notas
,,orris-givco,Citronellol,106-22-9,IFRA_STD_022,0.003,0.003,típico,Perfumiarz: lista de alérgenos 21000663_ORRIS_GIVCO_204220_Allergen_Extended_List_Compound_Total_20250603.pdf,proveedor,https://perfumiarz.com/products/orris-givco,2026-10-01,CITRONELLOL 0.003,"columna «Total % in Perfume Compound determined by calculation (Direct add and Indirect from naturals / synthetics)» (Givaudan): % calculado en el compuesto, no medido; emparejada por el nombre del alérgeno (el CAS va en otra línea de la celda); sin fila en nombres-proveedores (producto sin CAS)"
,,orris-givco,Farnesol,4602-84-0,IFRA_STD_036,0.037,0.037,típico,Perfumiarz: lista de alérgenos 21000663_ORRIS_GIVCO_204220_Allergen_Extended_List_Compound_Total_20250603.pdf,proveedor,https://perfumiarz.com/products/orris-givco,2026-10-01,4602-84-0 FARNESOL 0.037,"columna «Total % in Perfume Compound determined by calculation (Direct add and Indirect from naturals / synthetics)» (Givaudan): % calculado en el compuesto, no medido; sin fila en nombres-proveedores (producto sin CAS)"
,,orris-givco,Geraniol,106-24-1,IFRA_STD_037,0.02,0.02,típico,Perfumiarz: lista de alérgenos 21000663_ORRIS_GIVCO_204220_Allergen_Extended_List_Compound_Total_20250603.pdf,proveedor,https://perfumiarz.com/products/orris-givco,2026-10-01,106-24-1 GERANIOL 0.020,"columna «Total % in Perfume Compound determined by calculation (Direct add and Indirect from naturals / synthetics)» (Givaudan): % calculado en el compuesto, no medido; sin fila en nombres-proveedores (producto sin CAS)"
,,orris-givco,Limonene,138-86-3,IFRA_STD_186,0.022,0.022,típico,Perfumiarz: lista de alérgenos 21000663_ORRIS_GIVCO_204220_Allergen_Extended_List_Compound_Total_20250603.pdf,proveedor,https://perfumiarz.com/products/orris-givco,2026-10-01,LIMONENE 0.022,"columna «Total % in Perfume Compound determined by calculation (Direct add and Indirect from naturals / synthetics)» (Givaudan): % calculado en el compuesto, no medido; emparejada por el nombre del alérgeno (el CAS va en otra línea de la celda); sin fila en nombres-proveedores (producto sin CAS)"
,,orris-givco,Linalool,78-70-6,IFRA_STD_187,0.003,0.003,típico,Perfumiarz: lista de alérgenos 21000663_ORRIS_GIVCO_204220_Allergen_Extended_List_Compound_Total_20250603.pdf,proveedor,https://perfumiarz.com/products/orris-givco,2026-10-01,78-70-6 LINALOOL 0.003,"columna «Total % in Perfume Compound determined by calculation (Direct add and Indirect from naturals / synthetics)» (Givaudan): % calculado en el compuesto, no medido; sin fila en nombres-proveedores (producto sin CAS)"
,,yuzu-zest,Amyl Cinnamal,122-40-7,IFRA_STD_005,0.003,0.003,típico,Perfumiarz: lista de alérgenos 21007193_YUZU_ZEST_ABJ7091N_Allergen_Extended_List_Compound_Total_20231019.pdf,proveedor,https://perfumiarz.com/products/yuzu-zest,2026-10-01,122-40-7 AMYL CINNAMAL 0.003,"columna «Total % in Perfume Compound determined by calculation (Direct add and Indirect from naturals / synthetics)» (Givaudan): % calculado en el compuesto, no medido; sin fila en nombres-proveedores (producto sin CAS)"
,,yuzu-zest,Benzyl Alcohol,100-51-6,IFRA_STD_008,0.001,0.001,típico,Perfumiarz: lista de alérgenos 21007193_YUZU_ZEST_ABJ7091N_Allergen_Extended_List_Compound_Total_20231019.pdf,proveedor,https://perfumiarz.com/products/yuzu-zest,2026-10-01,100-51-6 BENZYL ALCOHOL 0.001,"columna «Total % in Perfume Compound determined by calculation (Direct add and Indirect from naturals / synthetics)» (Givaudan): % calculado en el compuesto, no medido; sin fila en nombres-proveedores (producto sin CAS)"
,,yuzu-zest,Benzyl Benzoate,120-51-4,IFRA_STD_009,0.006,0.006,típico,Perfumiarz: lista de alérgenos 21007193_YUZU_ZEST_ABJ7091N_Allergen_Extended_List_Compound_Total_20231019.pdf,proveedor,https://perfumiarz.com/products/yuzu-zest,2026-10-01,120-51-4 BENZYL BENZOATE 0.006,"columna «Total % in Perfume Compound determined by calculation (Direct add and Indirect from naturals / synthetics)» (Givaudan): % calculado en el compuesto, no medido; sin fila en nombres-proveedores (producto sin CAS)"
,,yuzu-zest,Carvone,2244-16-8,IFRA_STD_016,0.008,0.008,típico,Perfumiarz: lista de alérgenos 21007193_YUZU_ZEST_ABJ7091N_Allergen_Extended_List_Compound_Total_20231019.pdf,proveedor,https://perfumiarz.com/products/yuzu-zest,2026-10-01,CARVONE 0.008,"columna «Total % in Perfume Compound determined by calculation (Direct add and Indirect from naturals / synthetics)» (Givaudan): % calculado en el compuesto, no medido; emparejada por el nombre del alérgeno (el CAS va en otra línea de la celda); sin fila en nombres-proveedores (producto sin CAS)"
,,yuzu-zest,Citral,106-26-3,IFRA_STD_021,0.771,0.771,típico,Perfumiarz: lista de alérgenos 21007193_YUZU_ZEST_ABJ7091N_Allergen_Extended_List_Compound_Total_20231019.pdf,proveedor,https://perfumiarz.com/products/yuzu-zest,2026-10-01,CITRAL 0.771,"columna «Total % in Perfume Compound determined by calculation (Direct add and Indirect from naturals / synthetics)» (Givaudan): % calculado en el compuesto, no medido; emparejada por el nombre del alérgeno (el CAS va en otra línea de la celda); sin fila en nombres-proveedores (producto sin CAS)"
,,yuzu-zest,Citronellol,106-22-9,IFRA_STD_022,0.36,0.36,típico,Perfumiarz: lista de alérgenos 21007193_YUZU_ZEST_ABJ7091N_Allergen_Extended_List_Compound_Total_20231019.pdf,proveedor,https://perfumiarz.com/products/yuzu-zest,2026-10-01,CITRONELLOL 0.360,"columna «Total % in Perfume Compound determined by calculation (Direct add and Indirect from naturals / synthetics)» (Givaudan): % calculado en el compuesto, no medido; emparejada por el nombre del alérgeno (el CAS va en otra línea de la celda); sin fila en nombres-proveedores (producto sin CAS)"
,,yuzu-zest,Citrus Aurantium Amara and Dulcis Peel Oil,68916-04-1,IFRA_STD_088,15.4,15.4,típico,Perfumiarz: lista de alérgenos 21007193_YUZU_ZEST_ABJ7091N_Allergen_Extended_List_Compound_Total_20231019.pdf,proveedor,https://perfumiarz.com/products/yuzu-zest,2026-10-01,4/ 97766-30-8/ 8028- CITRUS AURANTIUM PEEL OIL 15.400,"columna «Total % in Perfume Compound determined by calculation (Direct add and Indirect from naturals / synthetics)» (Givaudan): % calculado en el compuesto, no medido; sin fila en nombres-proveedores (producto sin CAS)"
,,yuzu-zest,Geraniol,106-24-1,IFRA_STD_037,0.198,0.198,típico,Perfumiarz: lista de alérgenos 21007193_YUZU_ZEST_ABJ7091N_Allergen_Extended_List_Compound_Total_20231019.pdf,proveedor,https://perfumiarz.com/products/yuzu-zest,2026-10-01,106-24-1 GERANIOL 0.198,"columna «Total % in Perfume Compound determined by calculation (Direct add and Indirect from naturals / synthetics)» (Givaudan): % calculado en el compuesto, no medido; sin fila en nombres-proveedores (producto sin CAS)"
,,yuzu-zest,Hexyl Cinnamal,101-86-0,IFRA_STD_040,4.989,4.989,típico,Perfumiarz: lista de alérgenos 21007193_YUZU_ZEST_ABJ7091N_Allergen_Extended_List_Compound_Total_20231019.pdf,proveedor,https://perfumiarz.com/products/yuzu-zest,2026-10-01,101-86-0 HEXYL CINNAMAL 4.989,"columna «Total % in Perfume Compound determined by calculation (Direct add and Indirect from naturals / synthetics)» (Givaudan): % calculado en el compuesto, no medido; sin fila en nombres-proveedores (producto sin CAS)"
,,yuzu-zest,Hydroxycitronellal,107-75-5,IFRA_STD_043,0.564,0.564,típico,Perfumiarz: lista de alérgenos 21007193_YUZU_ZEST_ABJ7091N_Allergen_Extended_List_Compound_Total_20231019.pdf,proveedor,https://perfumiarz.com/products/yuzu-zest,2026-10-01,107-75-5 HYDROXYCITRONELLAL 0.564,"columna «Total % in Perfume Compound determined by calculation (Direct add and Indirect from naturals / synthetics)» (Givaudan): % calculado en el compuesto, no medido; sin fila en nombres-proveedores (producto sin CAS)"
,,yuzu-zest,Limonene,138-86-3,IFRA_STD_186,38.894,38.894,típico,Perfumiarz: lista de alérgenos 21007193_YUZU_ZEST_ABJ7091N_Allergen_Extended_List_Compound_Total_20231019.pdf,proveedor,https://perfumiarz.com/products/yuzu-zest,2026-10-01,LIMONENE 38.894,"columna «Total % in Perfume Compound determined by calculation (Direct add and Indirect from naturals / synthetics)» (Givaudan): % calculado en el compuesto, no medido; emparejada por el nombre del alérgeno (el CAS va en otra línea de la celda); sin fila en nombres-proveedores (producto sin CAS)"
,,yuzu-zest,Linalool,78-70-6,IFRA_STD_187,0.186,0.186,típico,Perfumiarz: lista de alérgenos 21007193_YUZU_ZEST_ABJ7091N_Allergen_Extended_List_Compound_Total_20231019.pdf,proveedor,https://perfumiarz.com/products/yuzu-zest,2026-10-01,78-70-6 LINALOOL 0.186,"columna «Total % in Perfume Compound determined by calculation (Direct add and Indirect from naturals / synthetics)» (Givaudan): % calculado en el compuesto, no medido; sin fila en nombres-proveedores (producto sin CAS)"
,,yuzu-zest,Trimethylbenzenepropanol,103694-68-4,IFRA_STD_032,0.125,0.125,típico,Perfumiarz: lista de alérgenos 21007193_YUZU_ZEST_ABJ7091N_Allergen_Extended_List_Compound_Total_20231019.pdf,proveedor,https://perfumiarz.com/products/yuzu-zest,2026-10-01,103694-68-4 TRIMETHYLBENZENEPROPANOL 0.125,"columna «Total % in Perfume Compound determined by calculation (Direct add and Indirect from naturals / synthetics)» (Givaudan): % calculado en el compuesto, no medido; sin fila en nombres-proveedores (producto sin CAS)"
,,dewfruit-tec-ab-2927r-3,Amyl Cinnamal,122-40-7,IFRA_STD_005,5.756,5.756,típico,Perfumiarz: lista de alérgenos 21008613_DEWFRUIT_TEC_AB_2927R2_Allergen_Extended_List_Compound_Total_20240920.pdf,proveedor,https://perfumiarz.com/products/dewfruit-tec-ab-2927r-3,2026-10-01,122-40-7 AMYL CINNAMAL 5.756,"columna «Total % in Perfume Compound determined by calculation (Direct add and Indirect from naturals / synthetics)» (Givaudan): % calculado en el compuesto, no medido; sin fila en nombres-proveedores (producto sin CAS)"
,,dewfruit-tec-ab-2927r-3,Amylcinnamyl Alcohol,101-85-9,IFRA_STD_004,0.017,0.017,típico,Perfumiarz: lista de alérgenos 21008613_DEWFRUIT_TEC_AB_2927R2_Allergen_Extended_List_Compound_Total_20240920.pdf,proveedor,https://perfumiarz.com/products/dewfruit-tec-ab-2927r-3,2026-10-01,101-85-9 AMYLCINNAMYL ALCOHOL 0.017,"columna «Total % in Perfume Compound determined by calculation (Direct add and Indirect from naturals / synthetics)» (Givaudan): % calculado en el compuesto, no medido; sin fila en nombres-proveedores (producto sin CAS)"
,,dewfruit-tec-ab-2927r-3,Benzaldehyde,100-52-7,IFRA_STD_007,0.001,0.001,típico,Perfumiarz: lista de alérgenos 21008613_DEWFRUIT_TEC_AB_2927R2_Allergen_Extended_List_Compound_Total_20240920.pdf,proveedor,https://perfumiarz.com/products/dewfruit-tec-ab-2927r-3,2026-10-01,100-52-7 BENZALDEHYDE 0.001,"columna «Total % in Perfume Compound determined by calculation (Direct add and Indirect from naturals / synthetics)» (Givaudan): % calculado en el compuesto, no medido; sin fila en nombres-proveedores (producto sin CAS)"
,,dewfruit-tec-ab-2927r-3,Benzyl Alcohol,100-51-6,IFRA_STD_008,0.002,0.002,típico,Perfumiarz: lista de alérgenos 21008613_DEWFRUIT_TEC_AB_2927R2_Allergen_Extended_List_Compound_Total_20240920.pdf,proveedor,https://perfumiarz.com/products/dewfruit-tec-ab-2927r-3,2026-10-01,100-51-6 BENZYL ALCOHOL 0.002,"columna «Total % in Perfume Compound determined by calculation (Direct add and Indirect from naturals / synthetics)» (Givaudan): % calculado en el compuesto, no medido; sin fila en nombres-proveedores (producto sin CAS)"
,,dewfruit-tec-ab-2927r-3,Benzyl Benzoate,120-51-4,IFRA_STD_009,0.01,0.01,típico,Perfumiarz: lista de alérgenos 21008613_DEWFRUIT_TEC_AB_2927R2_Allergen_Extended_List_Compound_Total_20240920.pdf,proveedor,https://perfumiarz.com/products/dewfruit-tec-ab-2927r-3,2026-10-01,120-51-4 BENZYL BENZOATE 0.010,"columna «Total % in Perfume Compound determined by calculation (Direct add and Indirect from naturals / synthetics)» (Givaudan): % calculado en el compuesto, no medido; sin fila en nombres-proveedores (producto sin CAS)"
,,dewfruit-tec-ab-2927r-3,Benzyl Salicylate,118-58-1,IFRA_STD_011,1.898,1.898,típico,Perfumiarz: lista de alérgenos 21008613_DEWFRUIT_TEC_AB_2927R2_Allergen_Extended_List_Compound_Total_20240920.pdf,proveedor,https://perfumiarz.com/products/dewfruit-tec-ab-2927r-3,2026-10-01,118-58-1 BENZYL SALICYLATE 1.898,"columna «Total % in Perfume Compound determined by calculation (Direct add and Indirect from naturals / synthetics)» (Givaudan): % calculado en el compuesto, no medido; sin fila en nombres-proveedores (producto sin CAS)"
,,dewfruit-tec-ab-2927r-3,Carvone,2244-16-8,IFRA_STD_016,0.001,0.001,típico,Perfumiarz: lista de alérgenos 21008613_DEWFRUIT_TEC_AB_2927R2_Allergen_Extended_List_Compound_Total_20240920.pdf,proveedor,https://perfumiarz.com/products/dewfruit-tec-ab-2927r-3,2026-10-01,CARVONE 0.001,"columna «Total % in Perfume Compound determined by calculation (Direct add and Indirect from naturals / synthetics)» (Givaudan): % calculado en el compuesto, no medido; emparejada por el nombre del alérgeno (el CAS va en otra línea de la celda); sin fila en nombres-proveedores (producto sin CAS)"
,,dewfruit-tec-ab-2927r-3,Citral,106-26-3,IFRA_STD_021,0.048,0.048,típico,Perfumiarz: lista de alérgenos 21008613_DEWFRUIT_TEC_AB_2927R2_Allergen_Extended_List_Compound_Total_20240920.pdf,proveedor,https://perfumiarz.com/products/dewfruit-tec-ab-2927r-3,2026-10-01,CITRAL 0.048,"columna «Total % in Perfume Compound determined by calculation (Direct add and Indirect from naturals / synthetics)» (Givaudan): % calculado en el compuesto, no medido; emparejada por el nombre del alérgeno (el CAS va en otra línea de la celda); sin fila en nombres-proveedores (producto sin CAS)"
,,dewfruit-tec-ab-2927r-3,Citronellol,106-22-9,IFRA_STD_022,2.866,2.866,típico,Perfumiarz: lista de alérgenos 21008613_DEWFRUIT_TEC_AB_2927R2_Allergen_Extended_List_Compound_Total_20240920.pdf,proveedor,https://perfumiarz.com/products/dewfruit-tec-ab-2927r-3,2026-10-01,CITRONELLOL 2.866,"columna «Total % in Perfume Compound determined by calculation (Direct add and Indirect from naturals / synthetics)» (Givaudan): % calculado en el compuesto, no medido; emparejada por el nombre del alérgeno (el CAS va en otra línea de la celda); sin fila en nombres-proveedores (producto sin CAS)"
,,dewfruit-tec-ab-2927r-3,Citrus Aurantium Amara and Dulcis Peel Oil,68916-04-1,IFRA_STD_088,3.9,3.9,típico,Perfumiarz: lista de alérgenos 21008613_DEWFRUIT_TEC_AB_2927R2_Allergen_Extended_List_Compound_Total_20240920.pdf,proveedor,https://perfumiarz.com/products/dewfruit-tec-ab-2927r-3,2026-10-01,4/ 97766-30-8/ 8028- CITRUS AURANTIUM PEEL OIL 3.900,"columna «Total % in Perfume Compound determined by calculation (Direct add and Indirect from naturals / synthetics)» (Givaudan): % calculado en el compuesto, no medido; sin fila en nombres-proveedores (producto sin CAS)"
,,dewfruit-tec-ab-2927r-3,Eugenol,97-53-0,IFRA_STD_035,0.318,0.318,típico,Perfumiarz: lista de alérgenos 21008613_DEWFRUIT_TEC_AB_2927R2_Allergen_Extended_List_Compound_Total_20240920.pdf,proveedor,https://perfumiarz.com/products/dewfruit-tec-ab-2927r-3,2026-10-01,97-53-0 EUGENOL 0.318,"columna «Total % in Perfume Compound determined by calculation (Direct add and Indirect from naturals / synthetics)» (Givaudan): % calculado en el compuesto, no medido; sin fila en nombres-proveedores (producto sin CAS)"
,,dewfruit-tec-ab-2927r-3,Geraniol,106-24-1,IFRA_STD_037,5.792,5.792,típico,Perfumiarz: lista de alérgenos 21008613_DEWFRUIT_TEC_AB_2927R2_Allergen_Extended_List_Compound_Total_20240920.pdf,proveedor,https://perfumiarz.com/products/dewfruit-tec-ab-2927r-3,2026-10-01,106-24-1 GERANIOL 5.792,"columna «Total % in Perfume Compound determined by calculation (Direct add and Indirect from naturals / synthetics)» (Givaudan): % calculado en el compuesto, no medido; sin fila en nombres-proveedores (producto sin CAS)"
,,dewfruit-tec-ab-2927r-3,Hexyl Cinnamal,101-86-0,IFRA_STD_040,1.214,1.214,típico,Perfumiarz: lista de alérgenos 21008613_DEWFRUIT_TEC_AB_2927R2_Allergen_Extended_List_Compound_Total_20240920.pdf,proveedor,https://perfumiarz.com/products/dewfruit-tec-ab-2927r-3,2026-10-01,101-86-0 HEXYL CINNAMAL 1.214,"columna «Total % in Perfume Compound determined by calculation (Direct add and Indirect from naturals / synthetics)» (Givaudan): % calculado en el compuesto, no medido; sin fila en nombres-proveedores (producto sin CAS)"
,,dewfruit-tec-ab-2927r-3,Limonene,138-86-3,IFRA_STD_186,3.813,3.813,típico,Perfumiarz: lista de alérgenos 21008613_DEWFRUIT_TEC_AB_2927R2_Allergen_Extended_List_Compound_Total_20240920.pdf,proveedor,https://perfumiarz.com/products/dewfruit-tec-ab-2927r-3,2026-10-01,LIMONENE 3.813,"columna «Total % in Perfume Compound determined by calculation (Direct add and Indirect from naturals / synthetics)» (Givaudan): % calculado en el compuesto, no medido; emparejada por el nombre del alérgeno (el CAS va en otra línea de la celda); sin fila en nombres-proveedores (producto sin CAS)"
,,dewfruit-tec-ab-2927r-3,Linalool,78-70-6,IFRA_STD_187,15.172,15.172,típico,Perfumiarz: lista de alérgenos 21008613_DEWFRUIT_TEC_AB_2927R2_Allergen_Extended_List_Compound_Total_20240920.pdf,proveedor,https://perfumiarz.com/products/dewfruit-tec-ab-2927r-3,2026-10-01,78-70-6 LINALOOL 15.172,"columna «Total % in Perfume Compound determined by calculation (Direct add and Indirect from naturals / synthetics)» (Givaudan): % calculado en el compuesto, no medido; sin fila en nombres-proveedores (producto sin CAS)"
,,dewfruit-tec-ab-2927r-3,Rose Ketones,57378-68-4,IFRA_STD_077,0.079,0.079,típico,Perfumiarz: lista de alérgenos 21008613_DEWFRUIT_TEC_AB_2927R2_Allergen_Extended_List_Compound_Total_20240920.pdf,proveedor,https://perfumiarz.com/products/dewfruit-tec-ab-2927r-3,2026-10-01,85-7/ 57378-68-4/ ROSE KETONES 0.079,"columna «Total % in Perfume Compound determined by calculation (Direct add and Indirect from naturals / synthetics)» (Givaudan): % calculado en el compuesto, no medido; sin fila en nombres-proveedores (producto sin CAS)"
,,black-agar-givco,Benzaldehyde,100-52-7,IFRA_STD_007,0.001,0.001,típico,Perfumiarz: lista de alérgenos 21008947_BLACK_AGAR_GIVCO_2152_Allergen_Extended_List_Compound_Total_20231019.pdf,proveedor,https://perfumiarz.com/products/black-agar-givco,2026-10-01,100-52-7 BENZALDEHYDE 0.001,"columna «Total % in Perfume Compound determined by calculation (Direct add and Indirect from naturals / synthetics)» (Givaudan): % calculado en el compuesto, no medido; sin fila en nombres-proveedores (producto sin CAS)"
,,black-agar-givco,Benzyl Alcohol,100-51-6,IFRA_STD_008,0.319,0.319,típico,Perfumiarz: lista de alérgenos 21008947_BLACK_AGAR_GIVCO_2152_Allergen_Extended_List_Compound_Total_20231019.pdf,proveedor,https://perfumiarz.com/products/black-agar-givco,2026-10-01,100-51-6 BENZYL ALCOHOL 0.319,"columna «Total % in Perfume Compound determined by calculation (Direct add and Indirect from naturals / synthetics)» (Givaudan): % calculado en el compuesto, no medido; sin fila en nombres-proveedores (producto sin CAS)"
,,black-agar-givco,Benzyl Benzoate,120-51-4,IFRA_STD_009,1.126,1.126,típico,Perfumiarz: lista de alérgenos 21008947_BLACK_AGAR_GIVCO_2152_Allergen_Extended_List_Compound_Total_20231019.pdf,proveedor,https://perfumiarz.com/products/black-agar-givco,2026-10-01,120-51-4 BENZYL BENZOATE 1.126,"columna «Total % in Perfume Compound determined by calculation (Direct add and Indirect from naturals / synthetics)» (Givaudan): % calculado en el compuesto, no medido; sin fila en nombres-proveedores (producto sin CAS)"
,,black-agar-givco,Benzyl Cinnamate,103-41-3,IFRA_STD_010,0.6,0.6,típico,Perfumiarz: lista de alérgenos 21008947_BLACK_AGAR_GIVCO_2152_Allergen_Extended_List_Compound_Total_20231019.pdf,proveedor,https://perfumiarz.com/products/black-agar-givco,2026-10-01,103-41-3 BENZYL CINNAMATE 0.600,"columna «Total % in Perfume Compound determined by calculation (Direct add and Indirect from naturals / synthetics)» (Givaudan): % calculado en el compuesto, no medido; sin fila en nombres-proveedores (producto sin CAS)"
,,black-agar-givco,Carvone,2244-16-8,IFRA_STD_016,0.004,0.004,típico,Perfumiarz: lista de alérgenos 21008947_BLACK_AGAR_GIVCO_2152_Allergen_Extended_List_Compound_Total_20231019.pdf,proveedor,https://perfumiarz.com/products/black-agar-givco,2026-10-01,CARVONE 0.004,"columna «Total % in Perfume Compound determined by calculation (Direct add and Indirect from naturals / synthetics)» (Givaudan): % calculado en el compuesto, no medido; emparejada por el nombre del alérgeno (el CAS va en otra línea de la celda); sin fila en nombres-proveedores (producto sin CAS)"
,,black-agar-givco,Citral,106-26-3,IFRA_STD_021,0.003,0.003,típico,Perfumiarz: lista de alérgenos 21008947_BLACK_AGAR_GIVCO_2152_Allergen_Extended_List_Compound_Total_20231019.pdf,proveedor,https://perfumiarz.com/products/black-agar-givco,2026-10-01,CITRAL 0.003,"columna «Total % in Perfume Compound determined by calculation (Direct add and Indirect from naturals / synthetics)» (Givaudan): % calculado en el compuesto, no medido; emparejada por el nombre del alérgeno (el CAS va en otra línea de la celda); sin fila en nombres-proveedores (producto sin CAS)"
,,black-agar-givco,Citronellol,106-22-9,IFRA_STD_022,0.003,0.003,típico,Perfumiarz: lista de alérgenos 21008947_BLACK_AGAR_GIVCO_2152_Allergen_Extended_List_Compound_Total_20231019.pdf,proveedor,https://perfumiarz.com/products/black-agar-givco,2026-10-01,CITRONELLOL 0.003,"columna «Total % in Perfume Compound determined by calculation (Direct add and Indirect from naturals / synthetics)» (Givaudan): % calculado en el compuesto, no medido; emparejada por el nombre del alérgeno (el CAS va en otra línea de la celda); sin fila en nombres-proveedores (producto sin CAS)"
,,black-agar-givco,Coumarin,91-64-5,IFRA_STD_023,0.001,0.001,típico,Perfumiarz: lista de alérgenos 21008947_BLACK_AGAR_GIVCO_2152_Allergen_Extended_List_Compound_Total_20231019.pdf,proveedor,https://perfumiarz.com/products/black-agar-givco,2026-10-01,91-64-5 COUMARIN 0.001,"columna «Total % in Perfume Compound determined by calculation (Direct add and Indirect from naturals / synthetics)» (Givaudan): % calculado en el compuesto, no medido; sin fila en nombres-proveedores (producto sin CAS)"
,,black-agar-givco,Eugenol,97-53-0,IFRA_STD_035,0.003,0.003,típico,Perfumiarz: lista de alérgenos 21008947_BLACK_AGAR_GIVCO_2152_Allergen_Extended_List_Compound_Total_20231019.pdf,proveedor,https://perfumiarz.com/products/black-agar-givco,2026-10-01,97-53-0 EUGENOL 0.003,"columna «Total % in Perfume Compound determined by calculation (Direct add and Indirect from naturals / synthetics)» (Givaudan): % calculado en el compuesto, no medido; sin fila en nombres-proveedores (producto sin CAS)"
,,black-agar-givco,Farnesol,4602-84-0,IFRA_STD_036,0.019,0.019,típico,Perfumiarz: lista de alérgenos 21008947_BLACK_AGAR_GIVCO_2152_Allergen_Extended_List_Compound_Total_20231019.pdf,proveedor,https://perfumiarz.com/products/black-agar-givco,2026-10-01,4602-84-0 FARNESOL 0.019,"columna «Total % in Perfume Compound determined by calculation (Direct add and Indirect from naturals / synthetics)» (Givaudan): % calculado en el compuesto, no medido; sin fila en nombres-proveedores (producto sin CAS)"
,,black-agar-givco,Geraniol,106-24-1,IFRA_STD_037,0.001,0.001,típico,Perfumiarz: lista de alérgenos 21008947_BLACK_AGAR_GIVCO_2152_Allergen_Extended_List_Compound_Total_20231019.pdf,proveedor,https://perfumiarz.com/products/black-agar-givco,2026-10-01,106-24-1 GERANIOL 0.001,"columna «Total % in Perfume Compound determined by calculation (Direct add and Indirect from naturals / synthetics)» (Givaudan): % calculado en el compuesto, no medido; sin fila en nombres-proveedores (producto sin CAS)"
,,black-agar-givco,Isoeugenol,5932-68-3,IFRA_STD_048,0.005,0.005,típico,Perfumiarz: lista de alérgenos 21008947_BLACK_AGAR_GIVCO_2152_Allergen_Extended_List_Compound_Total_20231019.pdf,proveedor,https://perfumiarz.com/products/black-agar-givco,2026-10-01,ISOEUGENOL 0.005,"columna «Total % in Perfume Compound determined by calculation (Direct add and Indirect from naturals / synthetics)» (Givaudan): % calculado en el compuesto, no medido; emparejada por el nombre del alérgeno (el CAS va en otra línea de la celda); sin fila en nombres-proveedores (producto sin CAS)"
,,black-agar-givco,Limonene,138-86-3,IFRA_STD_186,1.846,1.846,típico,Perfumiarz: lista de alérgenos 21008947_BLACK_AGAR_GIVCO_2152_Allergen_Extended_List_Compound_Total_20231019.pdf,proveedor,https://perfumiarz.com/products/black-agar-givco,2026-10-01,LIMONENE 1.846,"columna «Total % in Perfume Compound determined by calculation (Direct add and Indirect from naturals / synthetics)» (Givaudan): % calculado en el compuesto, no medido; emparejada por el nombre del alérgeno (el CAS va en otra línea de la celda); sin fila en nombres-proveedores (producto sin CAS)"
,,black-agar-givco,Linalool,78-70-6,IFRA_STD_187,0.042,0.042,típico,Perfumiarz: lista de alérgenos 21008947_BLACK_AGAR_GIVCO_2152_Allergen_Extended_List_Compound_Total_20231019.pdf,proveedor,https://perfumiarz.com/products/black-agar-givco,2026-10-01,78-70-6 LINALOOL 0.042,"columna «Total % in Perfume Compound determined by calculation (Direct add and Indirect from naturals / synthetics)» (Givaudan): % calculado en el compuesto, no medido; sin fila en nombres-proveedores (producto sin CAS)"
,,black-agar-givco,Myroxylon Pereirae Oil/Extract,8007-00-9,IFRA_STD_071,2.001,2.001,típico,Perfumiarz: lista de alérgenos 21008947_BLACK_AGAR_GIVCO_2152_Allergen_Extended_List_Compound_Total_20231019.pdf,proveedor,https://perfumiarz.com/products/black-agar-givco,2026-10-01,8007-00-9 2.001,"columna «Total % in Perfume Compound determined by calculation (Direct add and Indirect from naturals / synthetics)» (Givaudan): % calculado en el compuesto, no medido; sin fila en nombres-proveedores (producto sin CAS)"
,,rose-givco,Benzaldehyde,100-52-7,IFRA_STD_007,0.004,0.004,típico,Perfumiarz: lista de alérgenos 21008999_ROSE_GIVCO_217_WO_LYRAL_Allergen_Extended_List_Compound_Total_20231019.pdf,proveedor,https://perfumiarz.com/products/rose-givco,2026-10-01,100-52-7 BENZALDEHYDE 0.004,"columna «Total % in Perfume Compound determined by calculation (Direct add and Indirect from naturals / synthetics)» (Givaudan): % calculado en el compuesto, no medido; sin fila en nombres-proveedores (producto sin CAS)"
,,rose-givco,Benzyl Alcohol,100-51-6,IFRA_STD_008,0.002,0.002,típico,Perfumiarz: lista de alérgenos 21008999_ROSE_GIVCO_217_WO_LYRAL_Allergen_Extended_List_Compound_Total_20231019.pdf,proveedor,https://perfumiarz.com/products/rose-givco,2026-10-01,100-51-6 BENZYL ALCOHOL 0.002,"columna «Total % in Perfume Compound determined by calculation (Direct add and Indirect from naturals / synthetics)» (Givaudan): % calculado en el compuesto, no medido; sin fila en nombres-proveedores (producto sin CAS)"
,,rose-givco,Benzyl Benzoate,120-51-4,IFRA_STD_009,0.001,0.001,típico,Perfumiarz: lista de alérgenos 21008999_ROSE_GIVCO_217_WO_LYRAL_Allergen_Extended_List_Compound_Total_20231019.pdf,proveedor,https://perfumiarz.com/products/rose-givco,2026-10-01,120-51-4 BENZYL BENZOATE 0.001,"columna «Total % in Perfume Compound determined by calculation (Direct add and Indirect from naturals / synthetics)» (Givaudan): % calculado en el compuesto, no medido; sin fila en nombres-proveedores (producto sin CAS)"
,,rose-givco,Citral,106-26-3,IFRA_STD_021,0.356,0.356,típico,Perfumiarz: lista de alérgenos 21008999_ROSE_GIVCO_217_WO_LYRAL_Allergen_Extended_List_Compound_Total_20231019.pdf,proveedor,https://perfumiarz.com/products/rose-givco,2026-10-01,CITRAL 0.356,"columna «Total % in Perfume Compound determined by calculation (Direct add and Indirect from naturals / synthetics)» (Givaudan): % calculado en el compuesto, no medido; emparejada por el nombre del alérgeno (el CAS va en otra línea de la celda); sin fila en nombres-proveedores (producto sin CAS)"
,,rose-givco,Citronellol,106-22-9,IFRA_STD_022,9.169,9.169,típico,Perfumiarz: lista de alérgenos 21008999_ROSE_GIVCO_217_WO_LYRAL_Allergen_Extended_List_Compound_Total_20231019.pdf,proveedor,https://perfumiarz.com/products/rose-givco,2026-10-01,CITRONELLOL 9.169,"columna «Total % in Perfume Compound determined by calculation (Direct add and Indirect from naturals / synthetics)» (Givaudan): % calculado en el compuesto, no medido; emparejada por el nombre del alérgeno (el CAS va en otra línea de la celda); sin fila en nombres-proveedores (producto sin CAS)"
,,rose-givco,Citrus Aurantium Amara and Dulcis Peel Oil,68916-04-1,IFRA_STD_088,0.1,0.1,típico,Perfumiarz: lista de alérgenos 21008999_ROSE_GIVCO_217_WO_LYRAL_Allergen_Extended_List_Compound_Total_20231019.pdf,proveedor,https://perfumiarz.com/products/rose-givco,2026-10-01,4/ 97766-30-8/ 8028- CITRUS AURANTIUM PEEL OIL 0.100,"columna «Total % in Perfume Compound determined by calculation (Direct add and Indirect from naturals / synthetics)» (Givaudan): % calculado en el compuesto, no medido; sin fila en nombres-proveedores (producto sin CAS)"
,,rose-givco,Eugenol,97-53-0,IFRA_STD_035,0.003,0.003,típico,Perfumiarz: lista de alérgenos 21008999_ROSE_GIVCO_217_WO_LYRAL_Allergen_Extended_List_Compound_Total_20231019.pdf,proveedor,https://perfumiarz.com/products/rose-givco,2026-10-01,97-53-0 EUGENOL 0.003,"columna «Total % in Perfume Compound determined by calculation (Direct add and Indirect from naturals / synthetics)» (Givaudan): % calculado en el compuesto, no medido; sin fila en nombres-proveedores (producto sin CAS)"
,,rose-givco,Geraniol,106-24-1,IFRA_STD_037,12.98,12.98,típico,Perfumiarz: lista de alérgenos 21008999_ROSE_GIVCO_217_WO_LYRAL_Allergen_Extended_List_Compound_Total_20231019.pdf,proveedor,https://perfumiarz.com/products/rose-givco,2026-10-01,106-24-1 GERANIOL 12.980,"columna «Total % in Perfume Compound determined by calculation (Direct add and Indirect from naturals / synthetics)» (Givaudan): % calculado en el compuesto, no medido; sin fila en nombres-proveedores (producto sin CAS)"
,,rose-givco,Hexyl Cinnamal,101-86-0,IFRA_STD_040,0.997,0.997,típico,Perfumiarz: lista de alérgenos 21008999_ROSE_GIVCO_217_WO_LYRAL_Allergen_Extended_List_Compound_Total_20231019.pdf,proveedor,https://perfumiarz.com/products/rose-givco,2026-10-01,101-86-0 HEXYL CINNAMAL 0.997,"columna «Total % in Perfume Compound determined by calculation (Direct add and Indirect from naturals / synthetics)» (Givaudan): % calculado en el compuesto, no medido; sin fila en nombres-proveedores (producto sin CAS)"
,,rose-givco,Limonene,138-86-3,IFRA_STD_186,0.114,0.114,típico,Perfumiarz: lista de alérgenos 21008999_ROSE_GIVCO_217_WO_LYRAL_Allergen_Extended_List_Compound_Total_20231019.pdf,proveedor,https://perfumiarz.com/products/rose-givco,2026-10-01,LIMONENE 0.114,"columna «Total % in Perfume Compound determined by calculation (Direct add and Indirect from naturals / synthetics)» (Givaudan): % calculado en el compuesto, no medido; emparejada por el nombre del alérgeno (el CAS va en otra línea de la celda); sin fila en nombres-proveedores (producto sin CAS)"
,,rose-givco,Linalool,78-70-6,IFRA_STD_187,0.011,0.011,típico,Perfumiarz: lista de alérgenos 21008999_ROSE_GIVCO_217_WO_LYRAL_Allergen_Extended_List_Compound_Total_20231019.pdf,proveedor,https://perfumiarz.com/products/rose-givco,2026-10-01,78-70-6 LINALOOL 0.011,"columna «Total % in Perfume Compound determined by calculation (Direct add and Indirect from naturals / synthetics)» (Givaudan): % calculado en el compuesto, no medido; sin fila en nombres-proveedores (producto sin CAS)"
,,rose-givco,Rose Ketones,57378-68-4,IFRA_STD_077,0.099,0.099,típico,Perfumiarz: lista de alérgenos 21008999_ROSE_GIVCO_217_WO_LYRAL_Allergen_Extended_List_Compound_Total_20231019.pdf,proveedor,https://perfumiarz.com/products/rose-givco,2026-10-01,85-7/ 57378-68-4/ ROSE KETONES 0.099,"columna «Total % in Perfume Compound determined by calculation (Direct add and Indirect from naturals / synthetics)» (Givaudan): % calculado en el compuesto, no medido; sin fila en nombres-proveedores (producto sin CAS)"
,8016-96-4,Vetiver Oil Haiti SIGNature,Benzyl Salicylate,118-58-1,IFRA_STD_011,0.045,0.045,típico,Perfumiarz: lista de alérgenos 21009690_VETIVER_OIL_HAITI_SIGNATURE_Allergen_Extended_List_Ingredient_20240702.pdf,proveedor,https://perfumiarz.com/products/vetiver-haiti,2026-10-01,118-58-1 BENZYL SALICYLATE 0.045,"columna «Maximum % in the substance determined by GCMS analysis» (Givaudan): máximo medido por GC-MS en la sustancia, no un techo de especificación; forma ambigua, candidatas: fig:3083, fig:3086, fig:3087, ncs:vetiver-oil-all-origins, tl:vetiver-oil-terpeneless"
,8016-96-4,Vetiver Oil Haiti SIGNature,Farnesol,4602-84-0,IFRA_STD_036,0.032,0.032,típico,Perfumiarz: lista de alérgenos 21009690_VETIVER_OIL_HAITI_SIGNATURE_Allergen_Extended_List_Ingredient_20240702.pdf,proveedor,https://perfumiarz.com/products/vetiver-haiti,2026-10-01,4602-84-0 FARNESOL 0.032,"columna «Maximum % in the substance determined by GCMS analysis» (Givaudan): máximo medido por GC-MS en la sustancia, no un techo de especificación; forma ambigua, candidatas: fig:3083, fig:3086, fig:3087, ncs:vetiver-oil-all-origins, tl:vetiver-oil-terpeneless"
,8016-96-4,Vetiver Oil Haiti SIGNature,Isoeugenol,97-54-1,IFRA_STD_048,0.036,0.036,típico,Perfumiarz: lista de alérgenos 21009690_VETIVER_OIL_HAITI_SIGNATURE_Allergen_Extended_List_Ingredient_20240702.pdf,proveedor,https://perfumiarz.com/products/vetiver-haiti,2026-10-01,97-54-1/ 5932-68-3/ 5912-86-7 ISOEUGENOL 0.036,"columna «Maximum % in the substance determined by GCMS analysis» (Givaudan): máximo medido por GC-MS en la sustancia, no un techo de especificación; forma ambigua, candidatas: fig:3083, fig:3086, fig:3087, ncs:vetiver-oil-all-origins, tl:vetiver-oil-terpeneless"
,,sandalwood-givco,Alpha-Isomethyl Ionone,127-51-5,IFRA_STD_063,1.285,1.285,típico,Perfumiarz: lista de alérgenos 21221123_SANDALWOOD_GIVCO_20320_Allergen_Extended_List_Compound_Total_20231019.pdf,proveedor,https://perfumiarz.com/products/sandalwood-givco,2026-10-01,127-51-5 ALPHA-ISOMETHYL IONONE 1.285,"columna «Total % in Perfume Compound determined by calculation (Direct add and Indirect from naturals / synthetics)» (Givaudan): % calculado en el compuesto, no medido; sin fila en nombres-proveedores (producto sin CAS)"
,,sandalwood-givco,Citral,106-26-3,IFRA_STD_021,0.001,0.001,típico,Perfumiarz: lista de alérgenos 21221123_SANDALWOOD_GIVCO_20320_Allergen_Extended_List_Compound_Total_20231019.pdf,proveedor,https://perfumiarz.com/products/sandalwood-givco,2026-10-01,CITRAL 0.001,"columna «Total % in Perfume Compound determined by calculation (Direct add and Indirect from naturals / synthetics)» (Givaudan): % calculado en el compuesto, no medido; emparejada por el nombre del alérgeno (el CAS va en otra línea de la celda); sin fila en nombres-proveedores (producto sin CAS)"
,,sandalwood-givco,Citronellol,106-22-9,IFRA_STD_022,0.002,0.002,típico,Perfumiarz: lista de alérgenos 21221123_SANDALWOOD_GIVCO_20320_Allergen_Extended_List_Compound_Total_20231019.pdf,proveedor,https://perfumiarz.com/products/sandalwood-givco,2026-10-01,CITRONELLOL 0.002,"columna «Total % in Perfume Compound determined by calculation (Direct add and Indirect from naturals / synthetics)» (Givaudan): % calculado en el compuesto, no medido; emparejada por el nombre del alérgeno (el CAS va en otra línea de la celda); sin fila en nombres-proveedores (producto sin CAS)"
,,sandalwood-givco,Farnesol,4602-84-0,IFRA_STD_036,0.029,0.029,típico,Perfumiarz: lista de alérgenos 21221123_SANDALWOOD_GIVCO_20320_Allergen_Extended_List_Compound_Total_20231019.pdf,proveedor,https://perfumiarz.com/products/sandalwood-givco,2026-10-01,4602-84-0 FARNESOL 0.029,"columna «Total % in Perfume Compound determined by calculation (Direct add and Indirect from naturals / synthetics)» (Givaudan): % calculado en el compuesto, no medido; sin fila en nombres-proveedores (producto sin CAS)"
,,sandalwood-givco,Geraniol,106-24-1,IFRA_STD_037,0.006,0.006,típico,Perfumiarz: lista de alérgenos 21221123_SANDALWOOD_GIVCO_20320_Allergen_Extended_List_Compound_Total_20231019.pdf,proveedor,https://perfumiarz.com/products/sandalwood-givco,2026-10-01,106-24-1 GERANIOL 0.006,"columna «Total % in Perfume Compound determined by calculation (Direct add and Indirect from naturals / synthetics)» (Givaudan): % calculado en el compuesto, no medido; sin fila en nombres-proveedores (producto sin CAS)"
,,sandalwood-givco,Isoeugenol,5932-68-3,IFRA_STD_048,0.003,0.003,típico,Perfumiarz: lista de alérgenos 21221123_SANDALWOOD_GIVCO_20320_Allergen_Extended_List_Compound_Total_20231019.pdf,proveedor,https://perfumiarz.com/products/sandalwood-givco,2026-10-01,ISOEUGENOL 0.003,"columna «Total % in Perfume Compound determined by calculation (Direct add and Indirect from naturals / synthetics)» (Givaudan): % calculado en el compuesto, no medido; emparejada por el nombre del alérgeno (el CAS va en otra línea de la celda); sin fila en nombres-proveedores (producto sin CAS)"
,,sandalwood-givco,Limonene,138-86-3,IFRA_STD_186,0.02,0.02,típico,Perfumiarz: lista de alérgenos 21221123_SANDALWOOD_GIVCO_20320_Allergen_Extended_List_Compound_Total_20231019.pdf,proveedor,https://perfumiarz.com/products/sandalwood-givco,2026-10-01,LIMONENE 0.020,"columna «Total % in Perfume Compound determined by calculation (Direct add and Indirect from naturals / synthetics)» (Givaudan): % calculado en el compuesto, no medido; emparejada por el nombre del alérgeno (el CAS va en otra línea de la celda); sin fila en nombres-proveedores (producto sin CAS)"
,,sandalwood-givco,Linalool,78-70-6,IFRA_STD_187,0.007,0.007,típico,Perfumiarz: lista de alérgenos 21221123_SANDALWOOD_GIVCO_20320_Allergen_Extended_List_Compound_Total_20231019.pdf,proveedor,https://perfumiarz.com/products/sandalwood-givco,2026-10-01,78-70-6 LINALOOL 0.007,"columna «Total % in Perfume Compound determined by calculation (Direct add and Indirect from naturals / synthetics)» (Givaudan): % calculado en el compuesto, no medido; sin fila en nombres-proveedores (producto sin CAS)"
,8007-20-3,Cedar Leaf Oil Extra,Benzyl Alcohol,100-51-6,IFRA_STD_008,0.002,0.002,típico,Perfumiarz: lista de alérgenos 81ALL_20250227_E1570.pdf,proveedor,https://perfumiarz.com/products/cedar-leaf-oil-extra,2026-10-01,BENZYL ALCOHOL – III/45 100-51-6 0.002,"columna «%» de la lista extendida (Robertet); forma ambigua, candidatas: fig:1348, fig:1351"
,8007-20-3,Cedar Leaf Oil Extra,Cinnamyl Alcohol,104-54-1,IFRA_STD_017,0.002,0.002,típico,Perfumiarz: lista de alérgenos 81ALL_20250227_E1570.pdf,proveedor,https://perfumiarz.com/products/cedar-leaf-oil-extra,2026-10-01,CINNAMYL ALCOHOL – III/69 104-54-1 0.002,"columna «%» de la lista extendida (Robertet); forma ambigua, candidatas: fig:1348, fig:1351"
,8007-20-3,Cedar Leaf Oil Extra,Geraniol,106-24-1,IFRA_STD_037,0.01,0.01,típico,Perfumiarz: lista de alérgenos 81ALL_20250227_E1570.pdf,proveedor,https://perfumiarz.com/products/cedar-leaf-oil-extra,2026-10-01,GERANIOL – III/78 106-24-1 0.010,"columna «%» de la lista extendida (Robertet); forma ambigua, candidatas: fig:1348, fig:1351"
,8007-20-3,Cedar Leaf Oil Extra,Linalool,78-70-6,IFRA_STD_187,0.5,0.5,típico,Perfumiarz: lista de alérgenos 81ALL_20250227_E1570.pdf,proveedor,https://perfumiarz.com/products/cedar-leaf-oil-extra,2026-10-01,LINALOOL – III/84 78-70-6 0.500,"columna «%» de la lista extendida (Robertet); forma ambigua, candidatas: fig:1348, fig:1351"
,8007-20-3,Cedar Leaf Oil Extra,Benzyl Benzoate,120-51-4,IFRA_STD_009,0.002,0.002,típico,Perfumiarz: lista de alérgenos 81ALL_20250227_E1570.pdf,proveedor,https://perfumiarz.com/products/cedar-leaf-oil-extra,2026-10-01,BENZYL BENZOATE – III/85 120-51-4 0.002,"columna «%» de la lista extendida (Robertet); forma ambigua, candidatas: fig:1348, fig:1351"
,8007-20-3,Cedar Leaf Oil Extra,Limonene,138-86-3,IFRA_STD_186,1.5,1.5,típico,Perfumiarz: lista de alérgenos 81ALL_20250227_E1570.pdf,proveedor,https://perfumiarz.com/products/cedar-leaf-oil-extra,2026-10-01,LIMONENE – III/88 1.500,"columna «%» de la lista extendida (Robertet); emparejada por el nombre del alérgeno (el CAS va en otra línea de la celda); forma ambigua, candidatas: fig:1348, fig:1351"
,8007-20-3,Cedar Leaf Oil Extra,Benzaldehyde,100-52-7,IFRA_STD_007,0.002,0.002,típico,Perfumiarz: lista de alérgenos 81ALL_20250227_E1570.pdf,proveedor,https://perfumiarz.com/products/cedar-leaf-oil-extra,2026-10-01,BENZALDEHYDE – III/330 100-52-7 0.002,"columna «%» de la lista extendida (Robertet); forma ambigua, candidatas: fig:1348, fig:1351"
,8007-20-3,Cedar Leaf Oil Extra,Carvone,2244-16-8,IFRA_STD_016,0.035,0.035,típico,Perfumiarz: lista de alérgenos 81ALL_20250227_E1570.pdf,proveedor,https://perfumiarz.com/products/cedar-leaf-oil-extra,2026-10-01,CARVONE – III/333 0.035,"columna «%» de la lista extendida (Robertet); emparejada por el nombre del alérgeno (el CAS va en otra línea de la celda); forma ambigua, candidatas: fig:1348, fig:1351"
,8008-52-4,Coriander Leaf Oil Extra,Benzyl Alcohol,100-51-6,IFRA_STD_008,0.8,0.8,típico,Perfumiarz: lista de alérgenos 81ALL_20250227_E1915.pdf,proveedor,https://perfumiarz.com/products/coriander-leaf-oil-extra,2026-10-01,BENZYL ALCOHOL – III/45 100-51-6 0.800,"columna «%» de la lista extendida (Robertet); forma ambigua, candidatas: fig:1529, fig:1530, fig:1531, fig:1533, tl:coriander-seed-oil-rectified, tl:coriander-seed-oil-terpeneless"
,8008-52-4,Coriander Leaf Oil Extra,Eugenol,97-53-0,IFRA_STD_035,0.007,0.007,típico,Perfumiarz: lista de alérgenos 81ALL_20250227_E1915.pdf,proveedor,https://perfumiarz.com/products/coriander-leaf-oil-extra,2026-10-01,EUGENOL – III/71 97-53-0 0.007,"columna «%» de la lista extendida (Robertet); forma ambigua, candidatas: fig:1529, fig:1530, fig:1531, fig:1533, tl:coriander-seed-oil-rectified, tl:coriander-seed-oil-terpeneless"
,8008-52-4,Coriander Leaf Oil Extra,Geraniol,106-24-1,IFRA_STD_037,0.7,0.7,típico,Perfumiarz: lista de alérgenos 81ALL_20250227_E1915.pdf,proveedor,https://perfumiarz.com/products/coriander-leaf-oil-extra,2026-10-01,GERANIOL – III/78 106-24-1 0.700,"columna «%» de la lista extendida (Robertet); forma ambigua, candidatas: fig:1529, fig:1530, fig:1531, fig:1533, tl:coriander-seed-oil-rectified, tl:coriander-seed-oil-terpeneless"
,8008-52-4,Coriander Leaf Oil Extra,Linalool,78-70-6,IFRA_STD_187,18,18,típico,Perfumiarz: lista de alérgenos 81ALL_20250227_E1915.pdf,proveedor,https://perfumiarz.com/products/coriander-leaf-oil-extra,2026-10-01,LINALOOL – III/84 78-70-6 18.000,"columna «%» de la lista extendida (Robertet); forma ambigua, candidatas: fig:1529, fig:1530, fig:1531, fig:1533, tl:coriander-seed-oil-rectified, tl:coriander-seed-oil-terpeneless"
,8008-52-4,Coriander Leaf Oil Extra,Benzyl Benzoate,120-51-4,IFRA_STD_009,0.008,0.008,típico,Perfumiarz: lista de alérgenos 81ALL_20250227_E1915.pdf,proveedor,https://perfumiarz.com/products/coriander-leaf-oil-extra,2026-10-01,BENZYL BENZOATE – III/85 120-51-4 0.008,"columna «%» de la lista extendida (Robertet); forma ambigua, candidatas: fig:1529, fig:1530, fig:1531, fig:1533, tl:coriander-seed-oil-rectified, tl:coriander-seed-oil-terpeneless"
,8008-52-4,Coriander Leaf Oil Extra,Citronellol,106-22-9,IFRA_STD_022,0.5,0.5,típico,Perfumiarz: lista de alérgenos 81ALL_20250227_E1915.pdf,proveedor,https://perfumiarz.com/products/coriander-leaf-oil-extra,2026-10-01,CITRONELLOL – III/86 0.500,"columna «%» de la lista extendida (Robertet); emparejada por el nombre del alérgeno (el CAS va en otra línea de la celda); forma ambigua, candidatas: fig:1529, fig:1530, fig:1531, fig:1533, tl:coriander-seed-oil-rectified, tl:coriander-seed-oil-terpeneless"
,8008-52-4,Coriander Leaf Oil Extra,Limonene,138-86-3,IFRA_STD_186,0.5,0.5,típico,Perfumiarz: lista de alérgenos 81ALL_20250227_E1915.pdf,proveedor,https://perfumiarz.com/products/coriander-leaf-oil-extra,2026-10-01,LIMONENE – III/88 0.500,"columna «%» de la lista extendida (Robertet); emparejada por el nombre del alérgeno (el CAS va en otra línea de la celda); forma ambigua, candidatas: fig:1529, fig:1530, fig:1531, fig:1533, tl:coriander-seed-oil-rectified, tl:coriander-seed-oil-terpeneless"
,8016-96-4,Vetiver Java MD,Isoeugenol,5932-68-3,IFRA_STD_048,0.05,0.05,típico,Perfumiarz: lista de alérgenos 81ALL_20250227_E8994.pdf,proveedor,https://perfumiarz.com/products/vetiver-java-md,2026-10-01,ISOEUGENOL – III/73 0.050,"columna «%» de la lista extendida (Robertet); emparejada por el nombre del alérgeno (el CAS va en otra línea de la celda); forma ambigua, candidatas: fig:3081, fig:3082, fig:3083, fig:3086, fig:3087, tl:vetiver-absolute, ncs:vetiver-oil-all-origins, tl:vetiver-oil-terpeneless"
,8016-96-4,Vetiver Java MD,Linalool,78-70-6,IFRA_STD_187,0.005,0.005,típico,Perfumiarz: lista de alérgenos 81ALL_20250227_E8994.pdf,proveedor,https://perfumiarz.com/products/vetiver-java-md,2026-10-01,LINALOOL – III/84 78-70-6 0.005,"columna «%» de la lista extendida (Robertet); forma ambigua, candidatas: fig:3081, fig:3082, fig:3083, fig:3086, fig:3087, tl:vetiver-absolute, ncs:vetiver-oil-all-origins, tl:vetiver-oil-terpeneless"
,8016-96-4,Vetiver Java MD,Limonene,138-86-3,IFRA_STD_186,0.03,0.03,típico,Perfumiarz: lista de alérgenos 81ALL_20250227_E8994.pdf,proveedor,https://perfumiarz.com/products/vetiver-java-md,2026-10-01,LIMONENE – III/88 0.030,"columna «%» de la lista extendida (Robertet); emparejada por el nombre del alérgeno (el CAS va en otra línea de la celda); forma ambigua, candidatas: fig:3081, fig:3082, fig:3083, fig:3086, fig:3087, tl:vetiver-absolute, ncs:vetiver-oil-all-origins, tl:vetiver-oil-terpeneless"
,,fleur-de-cuir,Eugenol,97-53-0,IFRA_STD_035,0.015,0.015,típico,Perfumiarz: lista de alérgenos 81ALL_20250227_F7009.pdf,proveedor,https://perfumiarz.com/products/fleur-de-cuir,2026-10-01,EUGENOL – III/71 97-53-0 0.015,columna «%» de la lista extendida (Robertet); sin fila en nombres-proveedores (producto sin CAS)
,,fleur-de-cuir,Limonene,138-86-3,IFRA_STD_186,0.1,0.1,típico,Perfumiarz: lista de alérgenos 81ALL_20250227_F7009.pdf,proveedor,https://perfumiarz.com/products/fleur-de-cuir,2026-10-01,LIMONENE – III/88 0.100,columna «%» de la lista extendida (Robertet); emparejada por el nombre del alérgeno (el CAS va en otra línea de la celda); sin fila en nombres-proveedores (producto sin CAS)
,91722-19-9,Black Spruce Oil (Canada),Linalool,78-70-6,IFRA_STD_187,0.24,0.24,típico,Perfumiarz: lista de alérgenos B05525_ALG_11-23.pdf,proveedor,https://perfumiarz.com/products/black-spruce-oil,2026-10-01,84 Linalool 78-70-6 0.2400,columna «%» de la declaración de alérgenos (Biolandes); CAS 91722-19-9 sin fila en el glosario
,91722-19-9,Black Spruce Oil (Canada),Limonene,138-86-3,IFRA_STD_186,3.67,3.67,típico,Perfumiarz: lista de alérgenos B05525_ALG_11-23.pdf,proveedor,https://perfumiarz.com/products/black-spruce-oil,2026-10-01,88 Limonene 138-86-3 3.6700,columna «%» de la declaración de alérgenos (Biolandes); CAS 91722-19-9 sin fila en el glosario
,93384-25-9,Labrador Tea Oil (Ledum groenlandicum),Limonene,138-86-3,IFRA_STD_186,1.1,1.1,típico,Perfumiarz: lista de alérgenos B20220_ALG_03-24.pdf,proveedor,https://perfumiarz.com/products/labrador-tea,2026-10-01,88 Limonene 138-86-3 1.1000,columna «%» de la declaración de alérgenos (Biolandes); CAS 93384-25-9 sin fila en el glosario
,8000-42-8,Caraway Oil,Limonene,5989-27-5,IFRA_STD_186,46,46,típico,Perfumiarz: lista de alérgenos CARVI_ESSENCE_-_CARAWAY_EO_-_CARVI1M_-_COSM2_-_2021-11.pdf,proveedor,https://perfumiarz.com/products/caraway-oil,2026-10-01,"Limonene 5989-27-5 46,0000 %","columna «%» de la declaración PCW, que lista solo lo presente; puede aparecer también fuera de la sección de alérgenos (C.M.R., etc.); forma ambigua, candidatas: fig:1302, fig:1303"
,8000-42-8,Caraway Oil,Citronellol,106-22-9,IFRA_STD_022,0.9,0.9,típico,Perfumiarz: lista de alérgenos CARVI_ESSENCE_-_CARAWAY_EO_-_CARVI1M_-_COSM2_-_2021-11.pdf,proveedor,https://perfumiarz.com/products/caraway-oil,2026-10-01,"Citronellol 106-22-9 0,9000 %","columna «%» de la declaración PCW, que lista solo lo presente; puede aparecer también fuera de la sección de alérgenos (C.M.R., etc.); forma ambigua, candidatas: fig:1302, fig:1303"
,8000-42-8,Caraway Oil,Linalool,78-70-6,IFRA_STD_187,0.5,0.5,típico,Perfumiarz: lista de alérgenos CARVI_ESSENCE_-_CARAWAY_EO_-_CARVI1M_-_COSM2_-_2021-11.pdf,proveedor,https://perfumiarz.com/products/caraway-oil,2026-10-01,"Linalool 78-70-6 0,5000 %","columna «%» de la declaración PCW, que lista solo lo presente; puede aparecer también fuera de la sección de alérgenos (C.M.R., etc.); forma ambigua, candidatas: fig:1302, fig:1303"
,8000-42-8,Caraway Oil,Carvone,6485-40-1,IFRA_STD_016,55,55,típico,Perfumiarz: lista de alérgenos CARVI_ESSENCE_-_CARAWAY_EO_-_CARVI1M_-_COSM2_-_2021-11.pdf,proveedor,https://perfumiarz.com/products/caraway-oil,2026-10-01,"l-Carvone 6485-40-1 55,0000 %","columna «%» de la declaración PCW, que lista solo lo presente; puede aparecer también fuera de la sección de alérgenos (C.M.R., etc.); forma ambigua, candidatas: fig:1302, fig:1303"
,8016-26-0,Cistus Oil (Spain),Benzaldehyde,100-52-7,IFRA_STD_007,0.2,0.2,típico,Perfumiarz: lista de alérgenos CISFEEEHEP_CISTUS_OIL_SPAIN_Allergen_Extended_List_Ingredient_20240425.pdf,proveedor,https://perfumiarz.com/products/cistus-oil,2026-10-01,100-52-7 BENZALDEHYDE 0.200,"columna «Maximum % in the substance determined by GCMS analysis» (Givaudan): máximo medido por GC-MS en la sustancia, no un techo de especificación; forma ambigua, candidatas: fig:1466, fig:1467, fig:1468, fig:2150"
,8016-26-0,Cistus Oil (Spain),Benzyl Alcohol,100-51-6,IFRA_STD_008,0.01,0.01,típico,Perfumiarz: lista de alérgenos CISFEEEHEP_CISTUS_OIL_SPAIN_Allergen_Extended_List_Ingredient_20240425.pdf,proveedor,https://perfumiarz.com/products/cistus-oil,2026-10-01,100-51-6 BENZYL ALCOHOL 0.010,"columna «Maximum % in the substance determined by GCMS analysis» (Givaudan): máximo medido por GC-MS en la sustancia, no un techo de especificación; forma ambigua, candidatas: fig:1466, fig:1467, fig:1468, fig:2150"
,8016-26-0,Cistus Oil (Spain),Carvone,99-49-0,IFRA_STD_016,0.15,0.15,típico,Perfumiarz: lista de alérgenos CISFEEEHEP_CISTUS_OIL_SPAIN_Allergen_Extended_List_Ingredient_20240425.pdf,proveedor,https://perfumiarz.com/products/cistus-oil,2026-10-01,99-49-0/ 6485-40-1/ 2244-16-8 CARVONE 0.150,"columna «Maximum % in the substance determined by GCMS analysis» (Givaudan): máximo medido por GC-MS en la sustancia, no un techo de especificación; forma ambigua, candidatas: fig:1466, fig:1467, fig:1468, fig:2150"
,8016-26-0,Cistus Oil (Spain),Citral,5392-40-5,IFRA_STD_021,0.5,0.5,típico,Perfumiarz: lista de alérgenos CISFEEEHEP_CISTUS_OIL_SPAIN_Allergen_Extended_List_Ingredient_20240425.pdf,proveedor,https://perfumiarz.com/products/cistus-oil,2026-10-01,5392-40-5/ 141-27-5/ 106-26-3 CITRAL 0.500,"columna «Maximum % in the substance determined by GCMS analysis» (Givaudan): máximo medido por GC-MS en la sustancia, no un techo de especificación; forma ambigua, candidatas: fig:1466, fig:1467, fig:1468, fig:2150"
,8016-26-0,Cistus Oil (Spain),Citronellol,106-22-9,IFRA_STD_022,0.5,0.5,típico,Perfumiarz: lista de alérgenos CISFEEEHEP_CISTUS_OIL_SPAIN_Allergen_Extended_List_Ingredient_20240425.pdf,proveedor,https://perfumiarz.com/products/cistus-oil,2026-10-01,CITRONELLOL 0.500,"columna «Maximum % in the substance determined by GCMS analysis» (Givaudan): máximo medido por GC-MS en la sustancia, no un techo de especificación; emparejada por el nombre del alérgeno (el CAS va en otra línea de la celda); forma ambigua, candidatas: fig:1466, fig:1467, fig:1468, fig:2150"
,8016-26-0,Cistus Oil (Spain),Eugenol,97-53-0,IFRA_STD_035,0.6,0.6,típico,Perfumiarz: lista de alérgenos CISFEEEHEP_CISTUS_OIL_SPAIN_Allergen_Extended_List_Ingredient_20240425.pdf,proveedor,https://perfumiarz.com/products/cistus-oil,2026-10-01,97-53-0 EUGENOL 0.600,"columna «Maximum % in the substance determined by GCMS analysis» (Givaudan): máximo medido por GC-MS en la sustancia, no un techo de especificación; forma ambigua, candidatas: fig:1466, fig:1467, fig:1468, fig:2150"
,8016-26-0,Cistus Oil (Spain),Geraniol,106-24-1,IFRA_STD_037,0.2,0.2,típico,Perfumiarz: lista de alérgenos CISFEEEHEP_CISTUS_OIL_SPAIN_Allergen_Extended_List_Ingredient_20240425.pdf,proveedor,https://perfumiarz.com/products/cistus-oil,2026-10-01,106-24-1 GERANIOL 0.200,"columna «Maximum % in the substance determined by GCMS analysis» (Givaudan): máximo medido por GC-MS en la sustancia, no un techo de especificación; forma ambigua, candidatas: fig:1466, fig:1467, fig:1468, fig:2150"
,8016-26-0,Cistus Oil (Spain),Limonene,138-86-3,IFRA_STD_186,4,4,típico,Perfumiarz: lista de alérgenos CISFEEEHEP_CISTUS_OIL_SPAIN_Allergen_Extended_List_Ingredient_20240425.pdf,proveedor,https://perfumiarz.com/products/cistus-oil,2026-10-01,LIMONENE 4.000,"columna «Maximum % in the substance determined by GCMS analysis» (Givaudan): máximo medido por GC-MS en la sustancia, no un techo de especificación; emparejada por el nombre del alérgeno (el CAS va en otra línea de la celda); forma ambigua, candidatas: fig:1466, fig:1467, fig:1468, fig:2150"
,8016-26-0,Cistus Oil (Spain),Linalool,78-70-6,IFRA_STD_187,1,1,típico,Perfumiarz: lista de alérgenos CISFEEEHEP_CISTUS_OIL_SPAIN_Allergen_Extended_List_Ingredient_20240425.pdf,proveedor,https://perfumiarz.com/products/cistus-oil,2026-10-01,78-70-6 LINALOOL 1.000,"columna «Maximum % in the substance determined by GCMS analysis» (Givaudan): máximo medido por GC-MS en la sustancia, no un techo de especificación; forma ambigua, candidatas: fig:1466, fig:1467, fig:1468, fig:2150"
,91771-62-9,Cypriol Oil,Linalool,78-70-6,IFRA_STD_187,1,1,típico,Perfumiarz: lista de alérgenos Cypriol_Oil_alergeny.pdf,proveedor,https://perfumiarz.com/products/cypriol-oil,2026-10-01,Linalool 78-70-6 1.000,columna «Total Quantity (% w/w)» (IFF/LMR); CAS 91771-62-9 sin fila en el glosario
,91771-62-9,Cypriol Oil,Limonene,138-86-3,IFRA_STD_186,1,1,típico,Perfumiarz: lista de alérgenos Cypriol_Oil_alergeny.pdf,proveedor,https://perfumiarz.com/products/cypriol-oil,2026-10-01,Limonene 138-86-3/ 5989-27-5/ 5989-54-8/ 7705-14-8 1.000,columna «Total Quantity (% w/w)» (IFF/LMR); CAS 91771-62-9 sin fila en el glosario
,8000-25-7,Rosemary Oil (Morocco),Limonene,138-86-3,IFRA_STD_186,,5,máximo,Perfumiarz: lista de alérgenos EU_Fragrance_Allergens_ROMERO_MARRUECOS.pdf,proveedor,https://perfumiarz.com/products/rosemary-oil,2026-10-01,"III/88 Limonene 138-86-3 < 5,000%","columna «Total content (w/w)» (Ventós); la lista da un tope («<5,000%»), no un valor típico; forma ambigua, candidatas: fig:2817, fig:2818"
,8000-25-7,Rosemary Oil (Morocco),Linalool,78-70-6,IFRA_STD_187,,1.5,máximo,Perfumiarz: lista de alérgenos EU_Fragrance_Allergens_ROMERO_MARRUECOS.pdf,proveedor,https://perfumiarz.com/products/rosemary-oil,2026-10-01,"III/84 Linalool 78-70-6 < 1,500%","columna «Total content (w/w)» (Ventós); la lista da un tope («<1,500%»), no un valor típico; forma ambigua, candidatas: fig:2817, fig:2818"
,8022-96-6,Jasmin Grandiflorum Absolute (Egypt),Benzyl Alcohol,100-51-6,IFRA_STD_008,1.05,1.05,típico,Perfumiarz: lista de alérgenos F10100_ALG_05-25.pdf,proveedor,https://perfumiarz.com/products/jasmin-grandiflorum-absolute-egypt,2026-10-01,45 Benzyl Alcohol 100-51-6 1.0500,"columna «%» de la declaración de alérgenos (Biolandes); forma ambigua, candidatas: fig:2123, ncs:jasmine-grandiflorum-absolute"
,8022-96-6,Jasmin Grandiflorum Absolute (Egypt),Benzyl Benzoate,120-51-4,IFRA_STD_009,1.47,1.47,típico,Perfumiarz: lista de alérgenos F10100_ALG_05-25.pdf,proveedor,https://perfumiarz.com/products/jasmin-grandiflorum-absolute-egypt,2026-10-01,71 Eugenol 120-51-4 1.4700,"columna «%» de la declaración de alérgenos (Biolandes); forma ambigua, candidatas: fig:2123, ncs:jasmine-grandiflorum-absolute"
,8022-96-6,Jasmin Grandiflorum Absolute (Egypt),Linalool,78-70-6,IFRA_STD_187,3.17,3.17,típico,Perfumiarz: lista de alérgenos F10100_ALG_05-25.pdf,proveedor,https://perfumiarz.com/products/jasmin-grandiflorum-absolute-egypt,2026-10-01,84 Linalool 78-70-6 3.1700,"columna «%» de la declaración de alérgenos (Biolandes); forma ambigua, candidatas: fig:2123, ncs:jasmine-grandiflorum-absolute"
,8022-96-6,Jasmin Grandiflorum Absolute (Egypt),Benzyl Benzoate,120-51-4,IFRA_STD_009,6.72,6.72,típico,Perfumiarz: lista de alérgenos F10100_ALG_05-25.pdf,proveedor,https://perfumiarz.com/products/jasmin-grandiflorum-absolute-egypt,2026-10-01,85 Benzyl benzoate 120-51-4 6.7200,"columna «%» de la declaración de alérgenos (Biolandes); el mismo alérgeno sale con otra cifra en otra parte de la lista (1.47); forma ambigua, candidatas: fig:2123, ncs:jasmine-grandiflorum-absolute"
,8006-82-4,Black Pepper Oil (Sri Lanka),Linalool,78-70-6,IFRA_STD_187,0.22,0.22,típico,Perfumiarz: lista de alérgenos G16700_ALG_04-24.pdf,proveedor,https://perfumiarz.com/products/black-pepper-oil,2026-10-01,84 Linalool 78-70-6 0.2200,"columna «%» de la declaración de alérgenos (Biolandes); forma ambigua, candidatas: fig:2624, fig:2625, fig:2629"
,8006-82-4,Black Pepper Oil (Sri Lanka),Limonene,138-86-3,IFRA_STD_186,11.96,11.96,típico,Perfumiarz: lista de alérgenos G16700_ALG_04-24.pdf,proveedor,https://perfumiarz.com/products/black-pepper-oil,2026-10-01,88 Limonene 138-86-3 11.9600,"columna «%» de la declaración de alérgenos (Biolandes); forma ambigua, candidatas: fig:2624, fig:2625, fig:2629"
,8015-73-4,Basil Grand Vert Oil (Egypt),Benzaldehyde,100-52-7,IFRA_STD_007,0.023,0.023,típico,Perfumiarz: lista de alérgenos H02020_ALG_12-23.pdf,proveedor,https://perfumiarz.com/products/bassil-grand-vert,2026-10-01,Benzaldehyde 100-52-7 0.023,"columna «Total Quantity (% w/w)» (IFF/LMR); forma ambigua, candidatas: fig:1123, fig:1124, fig:1125, tl:basil-oil-chemotype-linalool-rectified"
,8015-73-4,Basil Grand Vert Oil (Egypt),Carvone,99-49-0,IFRA_STD_016,0.048,0.048,típico,Perfumiarz: lista de alérgenos H02020_ALG_12-23.pdf,proveedor,https://perfumiarz.com/products/bassil-grand-vert,2026-10-01,Carvone 99-49-0/ 6485-40-1/ 2244-16-8 0.048,"columna «Total Quantity (% w/w)» (IFF/LMR); forma ambigua, candidatas: fig:1123, fig:1124, fig:1125, tl:basil-oil-chemotype-linalool-rectified"
,8015-73-4,Basil Grand Vert Oil (Egypt),Benzyl Alcohol,100-51-6,IFRA_STD_008,0.015,0.015,típico,Perfumiarz: lista de alérgenos H02020_ALG_12-23.pdf,proveedor,https://perfumiarz.com/products/bassil-grand-vert,2026-10-01,Benzyl alcohol 100-51-6 0.015,"columna «Total Quantity (% w/w)» (IFF/LMR); forma ambigua, candidatas: fig:1123, fig:1124, fig:1125, tl:basil-oil-chemotype-linalool-rectified"
,8015-73-4,Basil Grand Vert Oil (Egypt),Citral,5392-40-5,IFRA_STD_021,0.061,0.061,típico,Perfumiarz: lista de alérgenos H02020_ALG_12-23.pdf,proveedor,https://perfumiarz.com/products/bassil-grand-vert,2026-10-01,Citral 5392-40-5/ 141-27-5/ 106-26-3 0.061,"columna «Total Quantity (% w/w)» (IFF/LMR); forma ambigua, candidatas: fig:1123, fig:1124, fig:1125, tl:basil-oil-chemotype-linalool-rectified"
,8015-73-4,Basil Grand Vert Oil (Egypt),Eugenol,97-53-0,IFRA_STD_035,5.859,5.859,típico,Perfumiarz: lista de alérgenos H02020_ALG_12-23.pdf,proveedor,https://perfumiarz.com/products/bassil-grand-vert,2026-10-01,Eugenol 97-53-0 5.859,"columna «Total Quantity (% w/w)» (IFF/LMR); forma ambigua, candidatas: fig:1123, fig:1124, fig:1125, tl:basil-oil-chemotype-linalool-rectified"
,8015-73-4,Basil Grand Vert Oil (Egypt),Isoeugenol,97-54-1,IFRA_STD_048,0.003,0.003,típico,Perfumiarz: lista de alérgenos H02020_ALG_12-23.pdf,proveedor,https://perfumiarz.com/products/bassil-grand-vert,2026-10-01,Isoeugenol 97-54-1/ 5932-68-3/ 5912-86-7 0.003,"columna «Total Quantity (% w/w)» (IFF/LMR); forma ambigua, candidatas: fig:1123, fig:1124, fig:1125, tl:basil-oil-chemotype-linalool-rectified"
,8015-73-4,Basil Grand Vert Oil (Egypt),Geraniol,106-24-1,IFRA_STD_037,0.345,0.345,típico,Perfumiarz: lista de alérgenos H02020_ALG_12-23.pdf,proveedor,https://perfumiarz.com/products/bassil-grand-vert,2026-10-01,Geraniol 106-24-1 0.345,"columna «Total Quantity (% w/w)» (IFF/LMR); forma ambigua, candidatas: fig:1123, fig:1124, fig:1125, tl:basil-oil-chemotype-linalool-rectified"
,8015-73-4,Basil Grand Vert Oil (Egypt),Farnesol,4602-84-0,IFRA_STD_036,0.012,0.012,típico,Perfumiarz: lista de alérgenos H02020_ALG_12-23.pdf,proveedor,https://perfumiarz.com/products/bassil-grand-vert,2026-10-01,Farnesol 4602-84-0 0.012,"columna «Total Quantity (% w/w)» (IFF/LMR); forma ambigua, candidatas: fig:1123, fig:1124, fig:1125, tl:basil-oil-chemotype-linalool-rectified"
,8015-73-4,Basil Grand Vert Oil (Egypt),Linalool,78-70-6,IFRA_STD_187,55.16,55.16,típico,Perfumiarz: lista de alérgenos H02020_ALG_12-23.pdf,proveedor,https://perfumiarz.com/products/bassil-grand-vert,2026-10-01,Linalool 78-70-6 55.160,"columna «Total Quantity (% w/w)» (IFF/LMR); forma ambigua, candidatas: fig:1123, fig:1124, fig:1125, tl:basil-oil-chemotype-linalool-rectified"
,8015-73-4,Basil Grand Vert Oil (Egypt),Benzyl Benzoate,120-51-4,IFRA_STD_009,0.005,0.005,típico,Perfumiarz: lista de alérgenos H02020_ALG_12-23.pdf,proveedor,https://perfumiarz.com/products/bassil-grand-vert,2026-10-01,Benzyl Benzoate 120-51-4 0.005,"columna «Total Quantity (% w/w)» (IFF/LMR); forma ambigua, candidatas: fig:1123, fig:1124, fig:1125, tl:basil-oil-chemotype-linalool-rectified"
,8015-73-4,Basil Grand Vert Oil (Egypt),Citronellol,106-22-9,IFRA_STD_022,0.318,0.318,típico,Perfumiarz: lista de alérgenos H02020_ALG_12-23.pdf,proveedor,https://perfumiarz.com/products/bassil-grand-vert,2026-10-01,Citronellol 106-22-9/ 26489-01-0/ 1117-61-9/ 7540-51-4 0.318,"columna «Total Quantity (% w/w)» (IFF/LMR); forma ambigua, candidatas: fig:1123, fig:1124, fig:1125, tl:basil-oil-chemotype-linalool-rectified"
,8015-73-4,Basil Grand Vert Oil (Egypt),Limonene,138-86-3,IFRA_STD_186,0.548,0.548,típico,Perfumiarz: lista de alérgenos H02020_ALG_12-23.pdf,proveedor,https://perfumiarz.com/products/bassil-grand-vert,2026-10-01,Limonene 138-86-3/ 5989-27-5/ 5989-54-8/ 7705-14-8 0.548,"columna «Total Quantity (% w/w)» (IFF/LMR); forma ambigua, candidatas: fig:1123, fig:1124, fig:1125, tl:basil-oil-chemotype-linalool-rectified"
,8015-73-4,Basil Grand Vert Oil (Egypt),Rose Ketones,23696-85-7,IFRA_STD_077,0.025,0.025,típico,Perfumiarz: lista de alérgenos H02020_ALG_12-23.pdf,proveedor,https://perfumiarz.com/products/bassil-grand-vert,2026-10-01,Rose Ketones 0.025,"columna «Total Quantity (% w/w)» (IFF/LMR); emparejada por el nombre del alérgeno (el CAS va en otra línea de la celda); forma ambigua, candidatas: fig:1123, fig:1124, fig:1125, tl:basil-oil-chemotype-linalool-rectified"
,,benzoin-oliffac-63-0613,Benzyl Benzoate,120-51-4,IFRA_STD_009,0.037,0.037,típico,Perfumiarz: lista de alérgenos H02045_ALG_02-25.pdf,proveedor,https://perfumiarz.com/products/benzoin-oliffac-63-0613,2026-10-01,Benzyl Benzoate 120-51-4 0.037,columna «Total Quantity (% w/w)» (IFF/LMR); sin fila en nombres-proveedores (producto sin CAS)
,8023-85-6,Cedar Atlas Redist,,,,,,sin-cifra,Perfumiarz: lista de alérgenos H03123_ALG_12-23.pdf,proveedor,https://perfumiarz.com/products/cedar-atlas-redist,2026-10-01,,"la lista no declara ningún alérgeno con estándar IFRA distinto del propio producto; forma ambigua, candidatas: fig:1353, fig:1357, fig:1358"
,,costus-oliffac,Sclareol,515-03-7,IFRA_STD_183,0.002,0.002,típico,Perfumiarz: lista de alérgenos H03289_ALG_02-25.pdf,proveedor,https://perfumiarz.com/products/costus-oliffac,2026-10-01,Sclareol 515-03-7 0.002,columna «Total Quantity (% w/w)» (IFF/LMR); sin fila en nombres-proveedores (producto sin CAS)
,,costus-oliffac,Isoeugenol,97-54-1,IFRA_STD_048,0.004,0.004,típico,Perfumiarz: lista de alérgenos H03289_ALG_02-25.pdf,proveedor,https://perfumiarz.com/products/costus-oliffac,2026-10-01,Isoeugenol 97-54-1/ 5932-68-3/ 5912-86-7 0.004,columna «Total Quantity (% w/w)» (IFF/LMR); sin fila en nombres-proveedores (producto sin CAS)
,,costus-oliffac,Benzyl Benzoate,120-51-4,IFRA_STD_009,0.063,0.063,típico,Perfumiarz: lista de alérgenos H03289_ALG_02-25.pdf,proveedor,https://perfumiarz.com/products/costus-oliffac,2026-10-01,Benzyl Benzoate 120-51-4 0.063,columna «Total Quantity (% w/w)» (IFF/LMR); sin fila en nombres-proveedores (producto sin CAS)
,,fir-balsam-oliffac,Benzaldehyde,100-52-7,IFRA_STD_007,0.003,0.003,típico,Perfumiarz: lista de alérgenos H06059_ALG_02-25.pdf,proveedor,https://perfumiarz.com/products/fir-balsam-oliffac,2026-10-01,Benzaldehyde 100-52-7 0.003,columna «Total Quantity (% w/w)» (IFF/LMR); sin fila en nombres-proveedores (producto sin CAS)
,,fir-balsam-oliffac,Tetramethyl Acetyloctahydronaphthalenes,54464-57-2,IFRA_STD_068,0.029,0.029,típico,Perfumiarz: lista de alérgenos H06059_ALG_02-25.pdf,proveedor,https://perfumiarz.com/products/fir-balsam-oliffac,2026-10-01,Tetramethyl acetyloctahydronaphthalenes 54464-57-2/ 54464-59-4/ 68155-66-8/ 68155-67-9 0.029,columna «Total Quantity (% w/w)» (IFF/LMR); sin fila en nombres-proveedores (producto sin CAS)
,,fir-balsam-oliffac,Benzyl Alcohol,100-51-6,IFRA_STD_008,0.02,0.02,típico,Perfumiarz: lista de alérgenos H06059_ALG_02-25.pdf,proveedor,https://perfumiarz.com/products/fir-balsam-oliffac,2026-10-01,Benzyl alcohol 100-51-6 0.020,columna «Total Quantity (% w/w)» (IFF/LMR); sin fila en nombres-proveedores (producto sin CAS)
,,fir-balsam-oliffac,Cinnamyl Alcohol,104-54-1,IFRA_STD_017,0.001,0.001,típico,Perfumiarz: lista de alérgenos H06059_ALG_02-25.pdf,proveedor,https://perfumiarz.com/products/fir-balsam-oliffac,2026-10-01,Cinnamyl alcohol 104-54-1 0.001,columna «Total Quantity (% w/w)» (IFF/LMR); sin fila en nombres-proveedores (producto sin CAS)
,,fir-balsam-oliffac,Eugenol,97-53-0,IFRA_STD_035,0.005,0.005,típico,Perfumiarz: lista de alérgenos H06059_ALG_02-25.pdf,proveedor,https://perfumiarz.com/products/fir-balsam-oliffac,2026-10-01,Eugenol 97-53-0 0.005,columna «Total Quantity (% w/w)» (IFF/LMR); sin fila en nombres-proveedores (producto sin CAS)
,,fir-balsam-oliffac,Isoeugenol,97-54-1,IFRA_STD_048,0.003,0.003,típico,Perfumiarz: lista de alérgenos H06059_ALG_02-25.pdf,proveedor,https://perfumiarz.com/products/fir-balsam-oliffac,2026-10-01,Isoeugenol 97-54-1/ 5932-68-3/ 5912-86-7 0.003,columna «Total Quantity (% w/w)» (IFF/LMR); sin fila en nombres-proveedores (producto sin CAS)
,,fir-balsam-oliffac,Benzyl Salicylate,118-58-1,IFRA_STD_011,0.059,0.059,típico,Perfumiarz: lista de alérgenos H06059_ALG_02-25.pdf,proveedor,https://perfumiarz.com/products/fir-balsam-oliffac,2026-10-01,Benzyl Salicylate 118-58-1 0.059,columna «Total Quantity (% w/w)» (IFF/LMR); sin fila en nombres-proveedores (producto sin CAS)
,,fir-balsam-oliffac,Coumarin,91-64-5,IFRA_STD_023,0.185,0.185,típico,Perfumiarz: lista de alérgenos H06059_ALG_02-25.pdf,proveedor,https://perfumiarz.com/products/fir-balsam-oliffac,2026-10-01,Coumarin 91-64-5 0.185,columna «Total Quantity (% w/w)» (IFF/LMR); sin fila en nombres-proveedores (producto sin CAS)
,,fir-balsam-oliffac,Farnesol,4602-84-0,IFRA_STD_036,0.004,0.004,típico,Perfumiarz: lista de alérgenos H06059_ALG_02-25.pdf,proveedor,https://perfumiarz.com/products/fir-balsam-oliffac,2026-10-01,Farnesol 4602-84-0 0.004,columna «Total Quantity (% w/w)» (IFF/LMR); sin fila en nombres-proveedores (producto sin CAS)
,,fir-balsam-oliffac,Linalool,78-70-6,IFRA_STD_187,0.045,0.045,típico,Perfumiarz: lista de alérgenos H06059_ALG_02-25.pdf,proveedor,https://perfumiarz.com/products/fir-balsam-oliffac,2026-10-01,Linalool 78-70-6 0.045,columna «Total Quantity (% w/w)» (IFF/LMR); sin fila en nombres-proveedores (producto sin CAS)
,,fir-balsam-oliffac,Benzyl Benzoate,120-51-4,IFRA_STD_009,0.091,0.091,típico,Perfumiarz: lista de alérgenos H06059_ALG_02-25.pdf,proveedor,https://perfumiarz.com/products/fir-balsam-oliffac,2026-10-01,Benzyl Benzoate 120-51-4 0.091,columna «Total Quantity (% w/w)» (IFF/LMR); sin fila en nombres-proveedores (producto sin CAS)
,,fir-balsam-oliffac,Limonene,138-86-3,IFRA_STD_186,0.016,0.016,típico,Perfumiarz: lista de alérgenos H06059_ALG_02-25.pdf,proveedor,https://perfumiarz.com/products/fir-balsam-oliffac,2026-10-01,Limonene 138-86-3/ 5989-27-5/ 5989-54-8/ 7705-14-8 0.016,columna «Total Quantity (% w/w)» (IFF/LMR); sin fila en nombres-proveedores (producto sin CAS)
,,fir-balsam-oliffac,Alpha-Isomethyl Ionone,127-51-5,IFRA_STD_063,0.316,0.316,típico,Perfumiarz: lista de alérgenos H06059_ALG_02-25.pdf,proveedor,https://perfumiarz.com/products/fir-balsam-oliffac,2026-10-01,alpha-Isomethyl ionone 127-51-5 0.316,columna «Total Quantity (% w/w)» (IFF/LMR); sin fila en nombres-proveedores (producto sin CAS)
,,fir-balsam-oliffac,3-Propylidenephthalide,17369-59-4,IFRA_STD_076,0.002,0.002,típico,Perfumiarz: lista de alérgenos H06059_ALG_02-25.pdf,proveedor,https://perfumiarz.com/products/fir-balsam-oliffac,2026-10-01,3-Propylidenephthalide 17369-59-4 0.002,columna «Total Quantity (% w/w)» (IFF/LMR); sin fila en nombres-proveedores (producto sin CAS)
,8023-95-8,Immortelle Oil,Benzaldehyde,100-52-7,IFRA_STD_007,0.002,0.002,típico,Perfumiarz: lista de alérgenos H09057_ALG_09-23.pdf,proveedor,https://perfumiarz.com/products/immortelle-oil,2026-10-01,Benzaldehyde 100-52-7 0.002,"columna «Total Quantity (% w/w)» (IFF/LMR); forma ambigua, candidatas: fig:1975, fig:1976"
,8023-95-8,Immortelle Oil,Carvone,99-49-0,IFRA_STD_016,0.016,0.016,típico,Perfumiarz: lista de alérgenos H09057_ALG_09-23.pdf,proveedor,https://perfumiarz.com/products/immortelle-oil,2026-10-01,Carvone 99-49-0/ 6485-40-1/ 2244-16-8 0.016,"columna «Total Quantity (% w/w)» (IFF/LMR); forma ambigua, candidatas: fig:1975, fig:1976"
,8023-95-8,Immortelle Oil,Citral,5392-40-5,IFRA_STD_021,0.07,0.07,típico,Perfumiarz: lista de alérgenos H09057_ALG_09-23.pdf,proveedor,https://perfumiarz.com/products/immortelle-oil,2026-10-01,Citral 5392-40-5/ 141-27-5/ 106-26-3 0.070,"columna «Total Quantity (% w/w)» (IFF/LMR); forma ambigua, candidatas: fig:1975, fig:1976"
,8023-95-8,Immortelle Oil,Eugenol,97-53-0,IFRA_STD_035,0.002,0.002,típico,Perfumiarz: lista de alérgenos H09057_ALG_09-23.pdf,proveedor,https://perfumiarz.com/products/immortelle-oil,2026-10-01,Eugenol 97-53-0 0.002,"columna «Total Quantity (% w/w)» (IFF/LMR); forma ambigua, candidatas: fig:1975, fig:1976"
,8023-95-8,Immortelle Oil,Geraniol,106-24-1,IFRA_STD_037,0.14,0.14,típico,Perfumiarz: lista de alérgenos H09057_ALG_09-23.pdf,proveedor,https://perfumiarz.com/products/immortelle-oil,2026-10-01,Geraniol 106-24-1 0.140,"columna «Total Quantity (% w/w)» (IFF/LMR); forma ambigua, candidatas: fig:1975, fig:1976"
,8023-95-8,Immortelle Oil,Linalool,78-70-6,IFRA_STD_187,2.09,2.09,típico,Perfumiarz: lista de alérgenos H09057_ALG_09-23.pdf,proveedor,https://perfumiarz.com/products/immortelle-oil,2026-10-01,Linalool 78-70-6 2.090,"columna «Total Quantity (% w/w)» (IFF/LMR); forma ambigua, candidatas: fig:1975, fig:1976"
,8023-95-8,Immortelle Oil,Benzyl Benzoate,120-51-4,IFRA_STD_009,0.002,0.002,típico,Perfumiarz: lista de alérgenos H09057_ALG_09-23.pdf,proveedor,https://perfumiarz.com/products/immortelle-oil,2026-10-01,Benzyl Benzoate 120-51-4 0.002,"columna «Total Quantity (% w/w)» (IFF/LMR); forma ambigua, candidatas: fig:1975, fig:1976"
,8023-95-8,Immortelle Oil,Limonene,138-86-3,IFRA_STD_186,4.7,4.7,típico,Perfumiarz: lista de alérgenos H09057_ALG_09-23.pdf,proveedor,https://perfumiarz.com/products/immortelle-oil,2026-10-01,Limonene 138-86-3/ 5989-27-5/ 5989-54-8/ 7705-14-8 4.700,"columna «Total Quantity (% w/w)» (IFF/LMR); forma ambigua, candidatas: fig:1975, fig:1976"
,8000-28-0,Lavender Oil (Bulgaria),Benzaldehyde,100-52-7,IFRA_STD_007,0.011,0.011,típico,Perfumiarz: lista de alérgenos H12006_ALG_09-23.pdf,proveedor,https://perfumiarz.com/products/lavender-bulgaria,2026-10-01,Benzaldehyde 100-52-7 0.011,"columna «Total Quantity (% w/w)» (IFF/LMR); forma ambigua, candidatas: fig:2183, fig:2184, fig:2185, tl:lavender-oil-lavandula-angustifolia-lavandula-angustifolia-a, tl:lavender-oil-terpeneless"
,8000-28-0,Lavender Oil (Bulgaria),Carvone,99-49-0,IFRA_STD_016,0.045,0.045,típico,Perfumiarz: lista de alérgenos H12006_ALG_09-23.pdf,proveedor,https://perfumiarz.com/products/lavender-bulgaria,2026-10-01,Carvone 99-49-0/ 6485-40-1/ 2244-16-8 0.045,"columna «Total Quantity (% w/w)» (IFF/LMR); forma ambigua, candidatas: fig:2183, fig:2184, fig:2185, tl:lavender-oil-lavandula-angustifolia-lavandula-angustifolia-a, tl:lavender-oil-terpeneless"
,8000-28-0,Lavender Oil (Bulgaria),Benzyl Alcohol,100-51-6,IFRA_STD_008,0.011,0.011,típico,Perfumiarz: lista de alérgenos H12006_ALG_09-23.pdf,proveedor,https://perfumiarz.com/products/lavender-bulgaria,2026-10-01,Benzyl alcohol 100-51-6 0.011,"columna «Total Quantity (% w/w)» (IFF/LMR); forma ambigua, candidatas: fig:2183, fig:2184, fig:2185, tl:lavender-oil-lavandula-angustifolia-lavandula-angustifolia-a, tl:lavender-oil-terpeneless"
,8000-28-0,Lavender Oil (Bulgaria),Citral,5392-40-5,IFRA_STD_021,0.022,0.022,típico,Perfumiarz: lista de alérgenos H12006_ALG_09-23.pdf,proveedor,https://perfumiarz.com/products/lavender-bulgaria,2026-10-01,Citral 5392-40-5/ 141-27-5/ 106-26-3 0.022,"columna «Total Quantity (% w/w)» (IFF/LMR); forma ambigua, candidatas: fig:2183, fig:2184, fig:2185, tl:lavender-oil-lavandula-angustifolia-lavandula-angustifolia-a, tl:lavender-oil-terpeneless"
,8000-28-0,Lavender Oil (Bulgaria),Eugenol,97-53-0,IFRA_STD_035,0.002,0.002,típico,Perfumiarz: lista de alérgenos H12006_ALG_09-23.pdf,proveedor,https://perfumiarz.com/products/lavender-bulgaria,2026-10-01,Eugenol 97-53-0 0.002,"columna «Total Quantity (% w/w)» (IFF/LMR); forma ambigua, candidatas: fig:2183, fig:2184, fig:2185, tl:lavender-oil-lavandula-angustifolia-lavandula-angustifolia-a, tl:lavender-oil-terpeneless"
,8000-28-0,Lavender Oil (Bulgaria),Coumarin,91-64-5,IFRA_STD_023,0.071,0.071,típico,Perfumiarz: lista de alérgenos H12006_ALG_09-23.pdf,proveedor,https://perfumiarz.com/products/lavender-bulgaria,2026-10-01,Coumarin 91-64-5 0.071,"columna «Total Quantity (% w/w)» (IFF/LMR); forma ambigua, candidatas: fig:2183, fig:2184, fig:2185, tl:lavender-oil-lavandula-angustifolia-lavandula-angustifolia-a, tl:lavender-oil-terpeneless"
,8000-28-0,Lavender Oil (Bulgaria),Geraniol,106-24-1,IFRA_STD_037,0.47,0.47,típico,Perfumiarz: lista de alérgenos H12006_ALG_09-23.pdf,proveedor,https://perfumiarz.com/products/lavender-bulgaria,2026-10-01,Geraniol 106-24-1 0.470,"columna «Total Quantity (% w/w)» (IFF/LMR); forma ambigua, candidatas: fig:2183, fig:2184, fig:2185, tl:lavender-oil-lavandula-angustifolia-lavandula-angustifolia-a, tl:lavender-oil-terpeneless"
,8000-28-0,Lavender Oil (Bulgaria),Farnesol,4602-84-0,IFRA_STD_036,0.011,0.011,típico,Perfumiarz: lista de alérgenos H12006_ALG_09-23.pdf,proveedor,https://perfumiarz.com/products/lavender-bulgaria,2026-10-01,Farnesol 4602-84-0 0.011,"columna «Total Quantity (% w/w)» (IFF/LMR); forma ambigua, candidatas: fig:2183, fig:2184, fig:2185, tl:lavender-oil-lavandula-angustifolia-lavandula-angustifolia-a, tl:lavender-oil-terpeneless"
,8000-28-0,Lavender Oil (Bulgaria),Linalool,78-70-6,IFRA_STD_187,41.8,41.8,típico,Perfumiarz: lista de alérgenos H12006_ALG_09-23.pdf,proveedor,https://perfumiarz.com/products/lavender-bulgaria,2026-10-01,Linalool 78-70-6 41.800,"columna «Total Quantity (% w/w)» (IFF/LMR); forma ambigua, candidatas: fig:2183, fig:2184, fig:2185, tl:lavender-oil-lavandula-angustifolia-lavandula-angustifolia-a, tl:lavender-oil-terpeneless"
,8000-28-0,Lavender Oil (Bulgaria),Benzyl Benzoate,120-51-4,IFRA_STD_009,0.008,0.008,típico,Perfumiarz: lista de alérgenos H12006_ALG_09-23.pdf,proveedor,https://perfumiarz.com/products/lavender-bulgaria,2026-10-01,Benzyl Benzoate 120-51-4 0.008,"columna «Total Quantity (% w/w)» (IFF/LMR); forma ambigua, candidatas: fig:2183, fig:2184, fig:2185, tl:lavender-oil-lavandula-angustifolia-lavandula-angustifolia-a, tl:lavender-oil-terpeneless"
,8000-28-0,Lavender Oil (Bulgaria),Citronellol,106-22-9,IFRA_STD_022,0.121,0.121,típico,Perfumiarz: lista de alérgenos H12006_ALG_09-23.pdf,proveedor,https://perfumiarz.com/products/lavender-bulgaria,2026-10-01,Citronellol 106-22-9/ 26489-01-0/ 1117-61-9/ 7540-51-4 0.121,"columna «Total Quantity (% w/w)» (IFF/LMR); forma ambigua, candidatas: fig:2183, fig:2184, fig:2185, tl:lavender-oil-lavandula-angustifolia-lavandula-angustifolia-a, tl:lavender-oil-terpeneless"
,8000-28-0,Lavender Oil (Bulgaria),Limonene,138-86-3,IFRA_STD_186,0.469,0.469,típico,Perfumiarz: lista de alérgenos H12006_ALG_09-23.pdf,proveedor,https://perfumiarz.com/products/lavender-bulgaria,2026-10-01,Limonene 138-86-3/ 5989-27-5/ 5989-54-8/ 7705-14-8 0.469,"columna «Total Quantity (% w/w)» (IFF/LMR); forma ambigua, candidatas: fig:2183, fig:2184, fig:2185, tl:lavender-oil-lavandula-angustifolia-lavandula-angustifolia-a, tl:lavender-oil-terpeneless"
,61789-92-2,Mastic Absolute MD 50% TEC (Morocco),Benzaldehyde,100-52-7,IFRA_STD_007,0.003,0.003,típico,Perfumiarz: lista de alérgenos H12032_ALG_01-24.pdf,proveedor,https://perfumiarz.com/products/mastic-absolute-md-50-tec-maroc,2026-10-01,Benzaldehyde 100-52-7 0.003,columna «Total Quantity (% w/w)» (IFF/LMR); CAS 61789-92-2 sin fila en el glosario
,61789-92-2,Mastic Absolute MD 50% TEC (Morocco),Carvone,99-49-0,IFRA_STD_016,0.015,0.015,típico,Perfumiarz: lista de alérgenos H12032_ALG_01-24.pdf,proveedor,https://perfumiarz.com/products/mastic-absolute-md-50-tec-maroc,2026-10-01,Carvone 99-49-0/ 6485-40-1/ 2244-16-8 0.015,columna «Total Quantity (% w/w)» (IFF/LMR); CAS 61789-92-2 sin fila en el glosario
,61789-92-2,Mastic Absolute MD 50% TEC (Morocco),Sclareol,515-03-7,IFRA_STD_183,0.027,0.027,típico,Perfumiarz: lista de alérgenos H12032_ALG_01-24.pdf,proveedor,https://perfumiarz.com/products/mastic-absolute-md-50-tec-maroc,2026-10-01,Sclareol 515-03-7 0.027,columna «Total Quantity (% w/w)» (IFF/LMR); CAS 61789-92-2 sin fila en el glosario
,61789-92-2,Mastic Absolute MD 50% TEC (Morocco),Benzyl Alcohol,100-51-6,IFRA_STD_008,0.078,0.078,típico,Perfumiarz: lista de alérgenos H12032_ALG_01-24.pdf,proveedor,https://perfumiarz.com/products/mastic-absolute-md-50-tec-maroc,2026-10-01,Benzyl alcohol 100-51-6 0.078,columna «Total Quantity (% w/w)» (IFF/LMR); CAS 61789-92-2 sin fila en el glosario
,61789-92-2,Mastic Absolute MD 50% TEC (Morocco),Eugenol,97-53-0,IFRA_STD_035,0.047,0.047,típico,Perfumiarz: lista de alérgenos H12032_ALG_01-24.pdf,proveedor,https://perfumiarz.com/products/mastic-absolute-md-50-tec-maroc,2026-10-01,Eugenol 97-53-0 0.047,columna «Total Quantity (% w/w)» (IFF/LMR); CAS 61789-92-2 sin fila en el glosario
,61789-92-2,Mastic Absolute MD 50% TEC (Morocco),Benzyl Salicylate,118-58-1,IFRA_STD_011,0.036,0.036,típico,Perfumiarz: lista de alérgenos H12032_ALG_01-24.pdf,proveedor,https://perfumiarz.com/products/mastic-absolute-md-50-tec-maroc,2026-10-01,Benzyl Salicylate 118-58-1 0.036,columna «Total Quantity (% w/w)» (IFF/LMR); CAS 61789-92-2 sin fila en el glosario
,61789-92-2,Mastic Absolute MD 50% TEC (Morocco),Coumarin,91-64-5,IFRA_STD_023,0.189,0.189,típico,Perfumiarz: lista de alérgenos H12032_ALG_01-24.pdf,proveedor,https://perfumiarz.com/products/mastic-absolute-md-50-tec-maroc,2026-10-01,Coumarin 91-64-5 0.189,columna «Total Quantity (% w/w)» (IFF/LMR); CAS 61789-92-2 sin fila en el glosario
,61789-92-2,Mastic Absolute MD 50% TEC (Morocco),Geraniol,106-24-1,IFRA_STD_037,0.004,0.004,típico,Perfumiarz: lista de alérgenos H12032_ALG_01-24.pdf,proveedor,https://perfumiarz.com/products/mastic-absolute-md-50-tec-maroc,2026-10-01,Geraniol 106-24-1 0.004,columna «Total Quantity (% w/w)» (IFF/LMR); CAS 61789-92-2 sin fila en el glosario
,61789-92-2,Mastic Absolute MD 50% TEC (Morocco),Linalool,78-70-6,IFRA_STD_187,0.08,0.08,típico,Perfumiarz: lista de alérgenos H12032_ALG_01-24.pdf,proveedor,https://perfumiarz.com/products/mastic-absolute-md-50-tec-maroc,2026-10-01,Linalool 78-70-6 0.080,columna «Total Quantity (% w/w)» (IFF/LMR); CAS 61789-92-2 sin fila en el glosario
,61789-92-2,Mastic Absolute MD 50% TEC (Morocco),Benzyl Benzoate,120-51-4,IFRA_STD_009,0.131,0.131,típico,Perfumiarz: lista de alérgenos H12032_ALG_01-24.pdf,proveedor,https://perfumiarz.com/products/mastic-absolute-md-50-tec-maroc,2026-10-01,Benzyl Benzoate 120-51-4 0.131,columna «Total Quantity (% w/w)» (IFF/LMR); CAS 61789-92-2 sin fila en el glosario
,61789-92-2,Mastic Absolute MD 50% TEC (Morocco),Limonene,138-86-3,IFRA_STD_186,0.667,0.667,típico,Perfumiarz: lista de alérgenos H12032_ALG_01-24.pdf,proveedor,https://perfumiarz.com/products/mastic-absolute-md-50-tec-maroc,2026-10-01,Limonene 138-86-3/ 5989-27-5/ 5989-54-8/ 7705-14-8 0.667,columna «Total Quantity (% w/w)» (IFF/LMR); CAS 61789-92-2 sin fila en el glosario
,8016-36-2,Olibanum Oil,Benzyl Benzoate,120-51-4,IFRA_STD_009,0.007,0.007,típico,Perfumiarz: lista de alérgenos H15055_ALG_11-20.pdf,proveedor,https://perfumiarz.com/products/olibanum-oil,2026-10-01,Benzyl Benzoate 120-51-4 0.007,"columna «Content (% w/w) in IFF product»; forma ambigua, candidatas: fig:2515, fig:2516, fig:2517, fig:2518, fig:2522, fig:2524"
,8016-36-2,Olibanum Oil,Citronellol,106-22-9,IFRA_STD_022,0.022,0.022,típico,Perfumiarz: lista de alérgenos H15055_ALG_11-20.pdf,proveedor,https://perfumiarz.com/products/olibanum-oil,2026-10-01,Citronellol 106-22-9 0.022,"columna «Content (% w/w) in IFF product»; forma ambigua, candidatas: fig:2515, fig:2516, fig:2517, fig:2518, fig:2522, fig:2524"
,8016-36-2,Olibanum Oil,Limonene,5989-27-5,IFRA_STD_186,17.264,17.264,típico,Perfumiarz: lista de alérgenos H15055_ALG_11-20.pdf,proveedor,https://perfumiarz.com/products/olibanum-oil,2026-10-01,Limonene 5989-27-5 17.264,"columna «Content (% w/w) in IFF product»; forma ambigua, candidatas: fig:2515, fig:2516, fig:2517, fig:2518, fig:2522, fig:2524"
,8016-36-2,Olibanum Oil,Linalool,78-70-6,IFRA_STD_187,0.178,0.178,típico,Perfumiarz: lista de alérgenos H15055_ALG_11-20.pdf,proveedor,https://perfumiarz.com/products/olibanum-oil,2026-10-01,Linalool 78-70-6 0.178,"columna «Content (% w/w) in IFF product»; forma ambigua, candidatas: fig:2515, fig:2516, fig:2517, fig:2518, fig:2522, fig:2524"
,8050-07-5,Olibanum Resinoid Extra 50% (DPG),Linalool,78-70-6,IFRA_STD_187,0.011,0.011,típico,Perfumiarz: lista de alérgenos H15060_ALG_08-25.pdf,proveedor,https://perfumiarz.com/products/olibanum-resinoid-extra-50-dpg,2026-10-01,Linalool 78-70-6 0.011,columna «Total Quantity (% w/w)» (IFF/LMR); CAS 8050-07-5 sin fila en el glosario
,8050-07-5,Olibanum Resinoid Extra 50% (DPG),Limonene,138-86-3,IFRA_STD_186,0.531,0.531,típico,Perfumiarz: lista de alérgenos H15060_ALG_08-25.pdf,proveedor,https://perfumiarz.com/products/olibanum-resinoid-extra-50-dpg,2026-10-01,Limonene 138-86-3/ 5989-27-5/ 5989-54-8/ 7705-14-8 0.531,columna «Total Quantity (% w/w)» (IFF/LMR); CAS 8050-07-5 sin fila en el glosario
,8014-09-3,Patchouli Oil MD (Indonesia),Eugenol,97-53-0,IFRA_STD_035,0.144,0.144,típico,Perfumiarz: lista de alérgenos H16035_ALG_05-24.pdf,proveedor,https://perfumiarz.com/products/patchouli-md,2026-10-01,Eugenol 97-53-0 0.144,"columna «Total Quantity (% w/w)» (IFF/LMR); forma ambigua, candidatas: fig:2599, fig:2600, fig:2601, fig:2602"
,8014-09-3,Patchouli Oil MD (Indonesia),Geraniol,106-24-1,IFRA_STD_037,0.011,0.011,típico,Perfumiarz: lista de alérgenos H16035_ALG_05-24.pdf,proveedor,https://perfumiarz.com/products/patchouli-md,2026-10-01,Geraniol 106-24-1 0.011,"columna «Total Quantity (% w/w)» (IFF/LMR); forma ambigua, candidatas: fig:2599, fig:2600, fig:2601, fig:2602"
,8014-09-3,Patchouli Oil MD (Indonesia),Farnesol,4602-84-0,IFRA_STD_036,0.013,0.013,típico,Perfumiarz: lista de alérgenos H16035_ALG_05-24.pdf,proveedor,https://perfumiarz.com/products/patchouli-md,2026-10-01,Farnesol 4602-84-0 0.013,"columna «Total Quantity (% w/w)» (IFF/LMR); forma ambigua, candidatas: fig:2599, fig:2600, fig:2601, fig:2602"
,8014-09-3,Patchouli Oil MD (Indonesia),Linalool,78-70-6,IFRA_STD_187,0.012,0.012,típico,Perfumiarz: lista de alérgenos H16035_ALG_05-24.pdf,proveedor,https://perfumiarz.com/products/patchouli-md,2026-10-01,Linalool 78-70-6 0.012,"columna «Total Quantity (% w/w)» (IFF/LMR); forma ambigua, candidatas: fig:2599, fig:2600, fig:2601, fig:2602"
,8014-09-3,Patchouli Oil MD (Indonesia),Citronellol,106-22-9,IFRA_STD_022,0.009,0.009,típico,Perfumiarz: lista de alérgenos H16035_ALG_05-24.pdf,proveedor,https://perfumiarz.com/products/patchouli-md,2026-10-01,Citronellol 106-22-9/ 26489-01-0/ 1117-61-9/ 7540-51-4 0.009,"columna «Total Quantity (% w/w)» (IFF/LMR); forma ambigua, candidatas: fig:2599, fig:2600, fig:2601, fig:2602"
,8014-09-3,Patchouli Oil MD (Indonesia),Limonene,138-86-3,IFRA_STD_186,0.032,0.032,típico,Perfumiarz: lista de alérgenos H16035_ALG_05-24.pdf,proveedor,https://perfumiarz.com/products/patchouli-md,2026-10-01,Limonene 138-86-3/ 5989-27-5/ 5989-54-8/ 7705-14-8 0.032,"columna «Total Quantity (% w/w)» (IFF/LMR); forma ambigua, candidatas: fig:2599, fig:2600, fig:2601, fig:2602"
,8007-08-7,Ginger Oil Fresh (Madagascar),,,,,,sin-cifra,Perfumiarz: lista de alérgenos H16192_ALG_08-22.pdf,proveedor,https://perfumiarz.com/products/ginger-fresh-oil,2026-10-01,,"la lista no declara ningún alérgeno con estándar IFRA; forma ambigua, candidatas: fig:1938, fig:1939"
,8007-01-0,Rose Ultimate Extract,Benzyl Alcohol,100-51-6,IFRA_STD_008,0.077,0.077,típico,Perfumiarz: lista de alérgenos H18118_ALG_05-21.pdf,proveedor,https://perfumiarz.com/products/rose-ultimate-extract,2026-10-01,Benzyl Alcohol 100-51-6 0.077,"columna «Content (% w/w) in IFF product»; forma ambigua, candidatas: fig:2797, fig:2799, fig:2800, fig:2801, fig:2802, fig:2803, fig:2804, fig:2805"
,8007-01-0,Rose Ultimate Extract,Citronellol,106-22-9,IFRA_STD_022,1.76,1.76,típico,Perfumiarz: lista de alérgenos H18118_ALG_05-21.pdf,proveedor,https://perfumiarz.com/products/rose-ultimate-extract,2026-10-01,Citronellol 106-22-9 1.760,"columna «Content (% w/w) in IFF product»; forma ambigua, candidatas: fig:2797, fig:2799, fig:2800, fig:2801, fig:2802, fig:2803, fig:2804, fig:2805"
,8007-01-0,Rose Ultimate Extract,Eugenol,97-53-0,IFRA_STD_035,0.55,0.55,típico,Perfumiarz: lista de alérgenos H18118_ALG_05-21.pdf,proveedor,https://perfumiarz.com/products/rose-ultimate-extract,2026-10-01,Eugenol 97-53-0 0.550,"columna «Content (% w/w) in IFF product»; forma ambigua, candidatas: fig:2797, fig:2799, fig:2800, fig:2801, fig:2802, fig:2803, fig:2804, fig:2805"
,8007-01-0,Rose Ultimate Extract,Farnesol,4602-84-0,IFRA_STD_036,0.792,0.792,típico,Perfumiarz: lista de alérgenos H18118_ALG_05-21.pdf,proveedor,https://perfumiarz.com/products/rose-ultimate-extract,2026-10-01,Farnesol 4602-84-0 0.792,"columna «Content (% w/w) in IFF product»; forma ambigua, candidatas: fig:2797, fig:2799, fig:2800, fig:2801, fig:2802, fig:2803, fig:2804, fig:2805"
,8007-01-0,Rose Ultimate Extract,Geraniol,106-24-1,IFRA_STD_037,1.43,1.43,típico,Perfumiarz: lista de alérgenos H18118_ALG_05-21.pdf,proveedor,https://perfumiarz.com/products/rose-ultimate-extract,2026-10-01,Geraniol 106-24-1 1.430,"columna «Content (% w/w) in IFF product»; forma ambigua, candidatas: fig:2797, fig:2799, fig:2800, fig:2801, fig:2802, fig:2803, fig:2804, fig:2805"
,8007-01-0,Rose Ultimate Extract,Linalool,78-70-6,IFRA_STD_187,0.462,0.462,típico,Perfumiarz: lista de alérgenos H18118_ALG_05-21.pdf,proveedor,https://perfumiarz.com/products/rose-ultimate-extract,2026-10-01,Linalool 78-70-6 0.462,"columna «Content (% w/w) in IFF product»; forma ambigua, candidatas: fig:2797, fig:2799, fig:2800, fig:2801, fig:2802, fig:2803, fig:2804, fig:2805"
,8016-63-5,Clary Sage Absolute,Benzaldehyde,100-52-7,IFRA_STD_007,0.005,0.005,típico,Perfumiarz: lista de alérgenos H19108_ALG_08-23.pdf,proveedor,https://perfumiarz.com/products/clary-sage-absolute,2026-10-01,Benzaldehyde 100-52-7 0.005,"columna «Total Quantity (% w/w)» (IFF/LMR); forma ambigua, candidatas: fig:1503, fig:1504"
,8016-63-5,Clary Sage Absolute,Sclareol,515-03-7,IFRA_STD_183,81.367,81.367,típico,Perfumiarz: lista de alérgenos H19108_ALG_08-23.pdf,proveedor,https://perfumiarz.com/products/clary-sage-absolute,2026-10-01,Sclareol 515-03-7 81.367,"columna «Total Quantity (% w/w)» (IFF/LMR); forma ambigua, candidatas: fig:1503, fig:1504"
,8016-63-5,Clary Sage Absolute,Benzyl Alcohol,100-51-6,IFRA_STD_008,0.009,0.009,típico,Perfumiarz: lista de alérgenos H19108_ALG_08-23.pdf,proveedor,https://perfumiarz.com/products/clary-sage-absolute,2026-10-01,Benzyl alcohol 100-51-6 0.009,"columna «Total Quantity (% w/w)» (IFF/LMR); forma ambigua, candidatas: fig:1503, fig:1504"
,8016-63-5,Clary Sage Absolute,Citral,5392-40-5,IFRA_STD_021,0.037,0.037,típico,Perfumiarz: lista de alérgenos H19108_ALG_08-23.pdf,proveedor,https://perfumiarz.com/products/clary-sage-absolute,2026-10-01,Citral 5392-40-5/ 141-27-5/ 106-26-3 0.037,"columna «Total Quantity (% w/w)» (IFF/LMR); forma ambigua, candidatas: fig:1503, fig:1504"
,8016-63-5,Clary Sage Absolute,Eugenol,97-53-0,IFRA_STD_035,0.005,0.005,típico,Perfumiarz: lista de alérgenos H19108_ALG_08-23.pdf,proveedor,https://perfumiarz.com/products/clary-sage-absolute,2026-10-01,Eugenol 97-53-0 0.005,"columna «Total Quantity (% w/w)» (IFF/LMR); forma ambigua, candidatas: fig:1503, fig:1504"
,8016-63-5,Clary Sage Absolute,Coumarin,91-64-5,IFRA_STD_023,0.007,0.007,típico,Perfumiarz: lista de alérgenos H19108_ALG_08-23.pdf,proveedor,https://perfumiarz.com/products/clary-sage-absolute,2026-10-01,Coumarin 91-64-5 0.007,"columna «Total Quantity (% w/w)» (IFF/LMR); forma ambigua, candidatas: fig:1503, fig:1504"
,8016-63-5,Clary Sage Absolute,Geraniol,106-24-1,IFRA_STD_037,0.062,0.062,típico,Perfumiarz: lista de alérgenos H19108_ALG_08-23.pdf,proveedor,https://perfumiarz.com/products/clary-sage-absolute,2026-10-01,Geraniol 106-24-1 0.062,"columna «Total Quantity (% w/w)» (IFF/LMR); forma ambigua, candidatas: fig:1503, fig:1504"
,8016-63-5,Clary Sage Absolute,Linalool,78-70-6,IFRA_STD_187,2.002,2.002,típico,Perfumiarz: lista de alérgenos H19108_ALG_08-23.pdf,proveedor,https://perfumiarz.com/products/clary-sage-absolute,2026-10-01,Linalool 78-70-6 2.002,"columna «Total Quantity (% w/w)» (IFF/LMR); forma ambigua, candidatas: fig:1503, fig:1504"
,8016-63-5,Clary Sage Absolute,Benzyl Benzoate,120-51-4,IFRA_STD_009,0.007,0.007,típico,Perfumiarz: lista de alérgenos H19108_ALG_08-23.pdf,proveedor,https://perfumiarz.com/products/clary-sage-absolute,2026-10-01,Benzyl Benzoate 120-51-4 0.007,"columna «Total Quantity (% w/w)» (IFF/LMR); forma ambigua, candidatas: fig:1503, fig:1504"
,8016-63-5,Clary Sage Absolute,Limonene,138-86-3,IFRA_STD_186,0.009,0.009,típico,Perfumiarz: lista de alérgenos H19108_ALG_08-23.pdf,proveedor,https://perfumiarz.com/products/clary-sage-absolute,2026-10-01,Limonene 138-86-3/ 5989-27-5/ 5989-54-8/ 7705-14-8 0.009,"columna «Total Quantity (% w/w)» (IFF/LMR); forma ambigua, candidatas: fig:1503, fig:1504"
,,shangralide,Hydroxycitronellal,107-75-5,IFRA_STD_043,0.018,0.018,típico,Perfumiarz: lista de alérgenos H19132_ALG_02-25.pdf,proveedor,https://perfumiarz.com/products/shangralide,2026-10-01,Hydroxycitronellal 107-75-5 0.018,columna «Total Quantity (% w/w)» (IFF/LMR); sin fila en nombres-proveedores (producto sin CAS)
,,shangralide,Benzyl Benzoate,120-51-4,IFRA_STD_009,0.031,0.031,típico,Perfumiarz: lista de alérgenos H19132_ALG_02-25.pdf,proveedor,https://perfumiarz.com/products/shangralide,2026-10-01,Benzyl Benzoate 120-51-4 0.031,columna «Total Quantity (% w/w)» (IFF/LMR); sin fila en nombres-proveedores (producto sin CAS)
,,wood-base-260106,Linalool,78-70-6,IFRA_STD_187,0.015,0.015,típico,Perfumiarz: lista de alérgenos H19146_ALG_04-24_1cae2c2a-d29a-4060-8ec4-42c7f9d559ef.pdf,proveedor,https://perfumiarz.com/products/wood-base-260106,2026-10-01,Linalool 78-70-6 0.015,columna «Total Quantity (% w/w)» (IFF/LMR); sin fila en nombres-proveedores (producto sin CAS)
,,wood-base-260106,Benzyl Benzoate,120-51-4,IFRA_STD_009,0.002,0.002,típico,Perfumiarz: lista de alérgenos H19146_ALG_04-24_1cae2c2a-d29a-4060-8ec4-42c7f9d559ef.pdf,proveedor,https://perfumiarz.com/products/wood-base-260106,2026-10-01,Benzyl Benzoate 120-51-4 0.002,columna «Total Quantity (% w/w)» (IFF/LMR); sin fila en nombres-proveedores (producto sin CAS)
,,wood-base-260106,Limonene,138-86-3,IFRA_STD_186,0.006,0.006,típico,Perfumiarz: lista de alérgenos H19146_ALG_04-24_1cae2c2a-d29a-4060-8ec4-42c7f9d559ef.pdf,proveedor,https://perfumiarz.com/products/wood-base-260106,2026-10-01,Limonene 138-86-3/ 5989-27-5/ 5989-54-8/ 7705-14-8 0.006,columna «Total Quantity (% w/w)» (IFF/LMR); sin fila en nombres-proveedores (producto sin CAS)
,94334-35-7,Tuberose Absolute,Benzaldehyde,100-52-7,IFRA_STD_007,0.008,0.008,típico,Perfumiarz: lista de alérgenos H20220_ALG_02-24.pdf,proveedor,https://perfumiarz.com/products/tuberose-absolute,2026-10-01,Benzaldehyde 100-52-7 0.008,columna «Total Quantity (% w/w)» (IFF/LMR); CAS 94334-35-7 sin fila en el glosario
,94334-35-7,Tuberose Absolute,Benzyl Alcohol,100-51-6,IFRA_STD_008,1.6,1.6,típico,Perfumiarz: lista de alérgenos H20220_ALG_02-24.pdf,proveedor,https://perfumiarz.com/products/tuberose-absolute,2026-10-01,Benzyl alcohol 100-51-6 1.600,columna «Total Quantity (% w/w)» (IFF/LMR); CAS 94334-35-7 sin fila en el glosario
,94334-35-7,Tuberose Absolute,Eugenol,97-53-0,IFRA_STD_035,1,1,típico,Perfumiarz: lista de alérgenos H20220_ALG_02-24.pdf,proveedor,https://perfumiarz.com/products/tuberose-absolute,2026-10-01,Eugenol 97-53-0 1.000,columna «Total Quantity (% w/w)» (IFF/LMR); CAS 94334-35-7 sin fila en el glosario
,94334-35-7,Tuberose Absolute,Isoeugenol,97-54-1,IFRA_STD_048,1.4,1.4,típico,Perfumiarz: lista de alérgenos H20220_ALG_02-24.pdf,proveedor,https://perfumiarz.com/products/tuberose-absolute,2026-10-01,Isoeugenol 97-54-1/ 5932-68-3/ 5912-86-7 1.400,columna «Total Quantity (% w/w)» (IFF/LMR); CAS 94334-35-7 sin fila en el glosario
,94334-35-7,Tuberose Absolute,Benzyl Salicylate,118-58-1,IFRA_STD_011,1.5,1.5,típico,Perfumiarz: lista de alérgenos H20220_ALG_02-24.pdf,proveedor,https://perfumiarz.com/products/tuberose-absolute,2026-10-01,Benzyl Salicylate 118-58-1 1.500,columna «Total Quantity (% w/w)» (IFF/LMR); CAS 94334-35-7 sin fila en el glosario
,94334-35-7,Tuberose Absolute,Coumarin,91-64-5,IFRA_STD_023,0.026,0.026,típico,Perfumiarz: lista de alérgenos H20220_ALG_02-24.pdf,proveedor,https://perfumiarz.com/products/tuberose-absolute,2026-10-01,Coumarin 91-64-5 0.026,columna «Total Quantity (% w/w)» (IFF/LMR); CAS 94334-35-7 sin fila en el glosario
,94334-35-7,Tuberose Absolute,Geraniol,106-24-1,IFRA_STD_037,0.065,0.065,típico,Perfumiarz: lista de alérgenos H20220_ALG_02-24.pdf,proveedor,https://perfumiarz.com/products/tuberose-absolute,2026-10-01,Geraniol 106-24-1 0.065,columna «Total Quantity (% w/w)» (IFF/LMR); CAS 94334-35-7 sin fila en el glosario
,94334-35-7,Tuberose Absolute,Benzyl Cinnamate,103-41-3,IFRA_STD_010,0.007,0.007,típico,Perfumiarz: lista de alérgenos H20220_ALG_02-24.pdf,proveedor,https://perfumiarz.com/products/tuberose-absolute,2026-10-01,Benzyl Cinnamate 103-41-3 0.007,columna «Total Quantity (% w/w)» (IFF/LMR); CAS 94334-35-7 sin fila en el glosario
,94334-35-7,Tuberose Absolute,Farnesol,4602-84-0,IFRA_STD_036,2,2,típico,Perfumiarz: lista de alérgenos H20220_ALG_02-24.pdf,proveedor,https://perfumiarz.com/products/tuberose-absolute,2026-10-01,Farnesol 4602-84-0 2.000,columna «Total Quantity (% w/w)» (IFF/LMR); CAS 94334-35-7 sin fila en el glosario
,94334-35-7,Tuberose Absolute,Linalool,78-70-6,IFRA_STD_187,0.158,0.158,típico,Perfumiarz: lista de alérgenos H20220_ALG_02-24.pdf,proveedor,https://perfumiarz.com/products/tuberose-absolute,2026-10-01,Linalool 78-70-6 0.158,columna «Total Quantity (% w/w)» (IFF/LMR); CAS 94334-35-7 sin fila en el glosario
,94334-35-7,Tuberose Absolute,Benzyl Benzoate,120-51-4,IFRA_STD_009,9.8,9.8,típico,Perfumiarz: lista de alérgenos H20220_ALG_02-24.pdf,proveedor,https://perfumiarz.com/products/tuberose-absolute,2026-10-01,Benzyl Benzoate 120-51-4 9.800,columna «Total Quantity (% w/w)» (IFF/LMR); CAS 94334-35-7 sin fila en el glosario
,94334-35-7,Tuberose Absolute,Limonene,138-86-3,IFRA_STD_186,0.006,0.006,típico,Perfumiarz: lista de alérgenos H20220_ALG_02-24.pdf,proveedor,https://perfumiarz.com/products/tuberose-absolute,2026-10-01,Limonene 138-86-3/ 5989-27-5/ 5989-54-8/ 7705-14-8 0.006,columna «Total Quantity (% w/w)» (IFF/LMR); CAS 94334-35-7 sin fila en el glosario
,,vetacetex,Tetramethyl Acetyloctahydronaphthalenes,54464-57-2,IFRA_STD_068,11.952,11.952,típico,Perfumiarz: lista de alérgenos H22143_ALG_01-24.pdf,proveedor,https://perfumiarz.com/products/vetacetex,2026-10-01,Tetramethyl acetyloctahydronaphthalenes 54464-57-2/ 54464-59-4/ 68155-66-8/ 68155-67-9 11.952,columna «Total Quantity (% w/w)» (IFF/LMR); sin fila en nombres-proveedores (producto sin CAS)
,,vetacetex,Isoeugenol,97-54-1,IFRA_STD_048,0.022,0.022,típico,Perfumiarz: lista de alérgenos H22143_ALG_01-24.pdf,proveedor,https://perfumiarz.com/products/vetacetex,2026-10-01,Isoeugenol 97-54-1/ 5932-68-3/ 5912-86-7 0.022,columna «Total Quantity (% w/w)» (IFF/LMR); sin fila en nombres-proveedores (producto sin CAS)
,,vetacetex,Limonene,138-86-3,IFRA_STD_186,0.02,0.02,típico,Perfumiarz: lista de alérgenos H22143_ALG_01-24.pdf,proveedor,https://perfumiarz.com/products/vetacetex,2026-10-01,Limonene 138-86-3/ 5989-27-5/ 5989-54-8/ 7705-14-8 0.020,columna «Total Quantity (% w/w)» (IFF/LMR); sin fila en nombres-proveedores (producto sin CAS)
,,algenone-sp,Benzyl Alcohol,100-51-6,IFRA_STD_008,0.0184,0.0184,típico,Perfumiarz: lista de alérgenos I01330_ALG_11-23.pdf,proveedor,https://perfumiarz.com/products/algenone-sp,2026-10-01,"Benzyl Alcohol 100-51-6 - 0,0184 0,0184",columna «% Total» (suma de «% Natural» y «% Synthetic»); sin fila en nombres-proveedores (producto sin CAS)
,,algenone-sp,Benzyl Salicylate,118-58-1,IFRA_STD_011,10,10,típico,Perfumiarz: lista de alérgenos I01330_ALG_11-23.pdf,proveedor,https://perfumiarz.com/products/algenone-sp,2026-10-01,"Benzyl salicylate 118-58-1 - 10,0000 10,0000",columna «% Total» (suma de «% Natural» y «% Synthetic»); sin fila en nombres-proveedores (producto sin CAS)
,,ambrarome-50-dpg,Benzyl Alcohol,100-51-6,IFRA_STD_008,0.0202,0.0202,típico,Perfumiarz: lista de alérgenos I01410_ALG_10-23.pdf,proveedor,https://perfumiarz.com/products/ambrarome-50-dpg,2026-10-01,"Benzyl Alcohol 100-51-6 - 0,0202 0,0202",columna «% Total» (suma de «% Natural» y «% Synthetic»); sin fila en nombres-proveedores (producto sin CAS)
,,ambrarome-50-dpg,Benzyl Benzoate,120-51-4,IFRA_STD_009,0.0495,0.0495,típico,Perfumiarz: lista de alérgenos I01410_ALG_10-23.pdf,proveedor,https://perfumiarz.com/products/ambrarome-50-dpg,2026-10-01,"Benzyl benzoate 120-51-4 - 0,0495 0,0495",columna «% Total» (suma de «% Natural» y «% Synthetic»); sin fila en nombres-proveedores (producto sin CAS)
,,ambrarome-50-dpg,Carvone,2244-16-8,IFRA_STD_016,0.0495,0.0495,típico,Perfumiarz: lista de alérgenos I01410_ALG_10-23.pdf,proveedor,https://perfumiarz.com/products/ambrarome-50-dpg,2026-10-01,"Carvone several - 0,0495 0,0495",columna «% Total» (suma de «% Natural» y «% Synthetic»); emparejada por el nombre del alérgeno (el CAS va en otra línea de la celda); sin fila en nombres-proveedores (producto sin CAS)
,,ambrarome-50-dpg,Eugenol,97-53-0,IFRA_STD_035,0.0099,0.0099,típico,Perfumiarz: lista de alérgenos I01410_ALG_10-23.pdf,proveedor,https://perfumiarz.com/products/ambrarome-50-dpg,2026-10-01,"Eugenol 97-53-0 - 0,0099 0,0099",columna «% Total» (suma de «% Natural» y «% Synthetic»); sin fila en nombres-proveedores (producto sin CAS)
,,ambrarome-50-dpg,Isoeugenol,5932-68-3,IFRA_STD_048,0.0049,0.0049,típico,Perfumiarz: lista de alérgenos I01410_ALG_10-23.pdf,proveedor,https://perfumiarz.com/products/ambrarome-50-dpg,2026-10-01,"Isoeugenol several - 0,0049 0,0049",columna «% Total» (suma de «% Natural» y «% Synthetic»); emparejada por el nombre del alérgeno (el CAS va en otra línea de la celda); sin fila en nombres-proveedores (producto sin CAS)
,,ambrarome-50-dpg,Limonene,138-86-3,IFRA_STD_186,0.4945,0.4945,típico,Perfumiarz: lista de alérgenos I01410_ALG_10-23.pdf,proveedor,https://perfumiarz.com/products/ambrarome-50-dpg,2026-10-01,"Limonene several - 0,4945 0,4945",columna «% Total» (suma de «% Natural» y «% Synthetic»); emparejada por el nombre del alérgeno (el CAS va en otra línea de la celda); sin fila en nombres-proveedores (producto sin CAS)
,,animalis-1745-03-5-ml,Alpha-Isomethyl Ionone,127-51-5,IFRA_STD_063,0.0156,0.0156,típico,Perfumiarz: lista de alérgenos I01600_ALG_02-24.pdf,proveedor,https://perfumiarz.com/products/animalis-1745-03-5-ml,2026-10-01,"alpha-Isomethyl ionone 127-51-5 - 0,0156 0,0156",columna «% Total» (suma de «% Natural» y «% Synthetic»); sin fila en nombres-proveedores (producto sin CAS)
,,animalis-1745-03-5-ml,Amyl Cinnamal,122-40-7,IFRA_STD_005,0.0015,0.0015,típico,Perfumiarz: lista de alérgenos I01600_ALG_02-24.pdf,proveedor,https://perfumiarz.com/products/animalis-1745-03-5-ml,2026-10-01,"Amyl cinnamal 122-40-7 - 0,0015 0,0015",columna «% Total» (suma de «% Natural» y «% Synthetic»); sin fila en nombres-proveedores (producto sin CAS)
,,animalis-1745-03-5-ml,Benzyl Alcohol,100-51-6,IFRA_STD_008,0.009,0.009,típico,Perfumiarz: lista de alérgenos I01600_ALG_02-24.pdf,proveedor,https://perfumiarz.com/products/animalis-1745-03-5-ml,2026-10-01,"Benzyl Alcohol 100-51-6 0,0004 0,0086 0,0090",columna «% Total» (suma de «% Natural» y «% Synthetic»); sin fila en nombres-proveedores (producto sin CAS)
,,animalis-1745-03-5-ml,Benzyl Benzoate,120-51-4,IFRA_STD_009,0.0308,0.0308,típico,Perfumiarz: lista de alérgenos I01600_ALG_02-24.pdf,proveedor,https://perfumiarz.com/products/animalis-1745-03-5-ml,2026-10-01,"Benzyl benzoate 120-51-4 0,0002 0,0306 0,0308",columna «% Total» (suma de «% Natural» y «% Synthetic»); sin fila en nombres-proveedores (producto sin CAS)
,,animalis-1745-03-5-ml,Citrus Aurantium Bergamia Peel Oil,8007-75-8,IFRA_STD_087,0.0936,0.0936,típico,Perfumiarz: lista de alérgenos I01600_ALG_02-24.pdf,proveedor,https://perfumiarz.com/products/animalis-1745-03-5-ml,2026-10-01,"Citrus Aurantium Bergamia Peel Oil several 0,0936 - 0,0936",columna «% Total» (suma de «% Natural» y «% Synthetic»); emparejada por el nombre del alérgeno (el CAS va en otra línea de la celda); sin fila en nombres-proveedores (producto sin CAS)
,,animalis-1745-03-5-ml,Carvone,2244-16-8,IFRA_STD_016,0.0022,0.0022,típico,Perfumiarz: lista de alérgenos I01600_ALG_02-24.pdf,proveedor,https://perfumiarz.com/products/animalis-1745-03-5-ml,2026-10-01,"Carvone several 0,0022 - 0,0022",columna «% Total» (suma de «% Natural» y «% Synthetic»); emparejada por el nombre del alérgeno (el CAS va en otra línea de la celda); sin fila en nombres-proveedores (producto sin CAS)
,,animalis-1745-03-5-ml,Cinnamyl Alcohol,104-54-1,IFRA_STD_017,0.0019,0.0019,típico,Perfumiarz: lista de alérgenos I01600_ALG_02-24.pdf,proveedor,https://perfumiarz.com/products/animalis-1745-03-5-ml,2026-10-01,"Cinnamyl alcohol 104-54-1 - 0,0019 0,0019",columna «% Total» (suma de «% Natural» y «% Synthetic»); sin fila en nombres-proveedores (producto sin CAS)
,,animalis-1745-03-5-ml,Cinnamal,104-55-2,IFRA_STD_018,0.0038,0.0038,típico,Perfumiarz: lista de alérgenos I01600_ALG_02-24.pdf,proveedor,https://perfumiarz.com/products/animalis-1745-03-5-ml,2026-10-01,"Cinnamal 104-55-2 0,0030 0,0008 0,0038",columna «% Total» (suma de «% Natural» y «% Synthetic»); sin fila en nombres-proveedores (producto sin CAS)
,,animalis-1745-03-5-ml,Coumarin,91-64-5,IFRA_STD_023,0.0393,0.0393,típico,Perfumiarz: lista de alérgenos I01600_ALG_02-24.pdf,proveedor,https://perfumiarz.com/products/animalis-1745-03-5-ml,2026-10-01,"Coumarin 91-64-5 0,0045 0,0348 0,0393",columna «% Total» (suma de «% Natural» y «% Synthetic»); sin fila en nombres-proveedores (producto sin CAS)
,,animalis-1745-03-5-ml,Eugenol,97-53-0,IFRA_STD_035,0.0971,0.0971,típico,Perfumiarz: lista de alérgenos I01600_ALG_02-24.pdf,proveedor,https://perfumiarz.com/products/animalis-1745-03-5-ml,2026-10-01,"Eugenol 97-53-0 0,0971 - 0,0971",columna «% Total» (suma de «% Natural» y «% Synthetic»); sin fila en nombres-proveedores (producto sin CAS)
,,animalis-1745-03-5-ml,Farnesol,4602-84-0,IFRA_STD_036,0.0017,0.0017,típico,Perfumiarz: lista de alérgenos I01600_ALG_02-24.pdf,proveedor,https://perfumiarz.com/products/animalis-1745-03-5-ml,2026-10-01,"Farnesol 4602-84-0 0,0017 - 0,0017",columna «% Total» (suma de «% Natural» y «% Synthetic»); sin fila en nombres-proveedores (producto sin CAS)
,,animalis-1745-03-5-ml,Geraniol,106-24-1,IFRA_STD_037,0.0162,0.0162,típico,Perfumiarz: lista de alérgenos I01600_ALG_02-24.pdf,proveedor,https://perfumiarz.com/products/animalis-1745-03-5-ml,2026-10-01,"Geraniol 106-24-1 0,0152 0,0010 0,0162",columna «% Total» (suma de «% Natural» y «% Synthetic»); sin fila en nombres-proveedores (producto sin CAS)
,,animalis-1745-03-5-ml,Limonene,138-86-3,IFRA_STD_186,0.1884,0.1884,típico,Perfumiarz: lista de alérgenos I01600_ALG_02-24.pdf,proveedor,https://perfumiarz.com/products/animalis-1745-03-5-ml,2026-10-01,"Limonene several 0,1798 0,0086 0,1884",columna «% Total» (suma de «% Natural» y «% Synthetic»); emparejada por el nombre del alérgeno (el CAS va en otra línea de la celda); sin fila en nombres-proveedores (producto sin CAS)
,,animalis-1745-03-5-ml,Linalool,78-70-6,IFRA_STD_187,0.6671,0.6671,típico,Perfumiarz: lista de alérgenos I01600_ALG_02-24.pdf,proveedor,https://perfumiarz.com/products/animalis-1745-03-5-ml,2026-10-01,"Linalool 78-70-6 0,6465 0,0206 0,6671",columna «% Total» (suma de «% Natural» y «% Synthetic»); sin fila en nombres-proveedores (producto sin CAS)
,,animalis-1745-03-5-ml,Citrus Aurantium Amara and Dulcis Peel Oil,68916-04-1,IFRA_STD_088,0.0196,0.0196,típico,Perfumiarz: lista de alérgenos I01600_ALG_02-24.pdf,proveedor,https://perfumiarz.com/products/animalis-1745-03-5-ml,2026-10-01,"Citrus Aurantium Peel Oil several 0,0196 - 0,0196",columna «% Total» (suma de «% Natural» y «% Synthetic»); emparejada por el nombre del alérgeno (el CAS va en otra línea de la celda); sin fila en nombres-proveedores (producto sin CAS)
,,cuir-hf-601648,Alpha-Isomethyl Ionone,127-51-5,IFRA_STD_063,0.583,0.583,típico,Perfumiarz: lista de alérgenos I03900_ALG_02-24.pdf,proveedor,https://perfumiarz.com/products/cuir-hf-601648,2026-10-01,"alpha-Isomethyl ionone 127-51-5 - 0,5830 0,5830",columna «% Total» (suma de «% Natural» y «% Synthetic»); sin fila en nombres-proveedores (producto sin CAS)
,,cuir-hf-601648,Amyl Cinnamal,122-40-7,IFRA_STD_005,0.057,0.057,típico,Perfumiarz: lista de alérgenos I03900_ALG_02-24.pdf,proveedor,https://perfumiarz.com/products/cuir-hf-601648,2026-10-01,"Amyl cinnamal 122-40-7 - 0,0570 0,0570",columna «% Total» (suma de «% Natural» y «% Synthetic»); sin fila en nombres-proveedores (producto sin CAS)
,,cuir-hf-601648,Benzaldehyde,100-52-7,IFRA_STD_007,0.0048,0.0048,típico,Perfumiarz: lista de alérgenos I03900_ALG_02-24.pdf,proveedor,https://perfumiarz.com/products/cuir-hf-601648,2026-10-01,"Benzaldehyde 100-52-7 0,0016 0,0032 0,0048",columna «% Total» (suma de «% Natural» y «% Synthetic»); sin fila en nombres-proveedores (producto sin CAS)
,,cuir-hf-601648,Benzyl Alcohol,100-51-6,IFRA_STD_008,0.3226,0.3226,típico,Perfumiarz: lista de alérgenos I03900_ALG_02-24.pdf,proveedor,https://perfumiarz.com/products/cuir-hf-601648,2026-10-01,"Benzyl Alcohol 100-51-6 0,0001 0,3225 0,3226",columna «% Total» (suma de «% Natural» y «% Synthetic»); sin fila en nombres-proveedores (producto sin CAS)
,,cuir-hf-601648,Benzyl Benzoate,120-51-4,IFRA_STD_009,0.2279,0.2279,típico,Perfumiarz: lista de alérgenos I03900_ALG_02-24.pdf,proveedor,https://perfumiarz.com/products/cuir-hf-601648,2026-10-01,"Benzyl benzoate 120-51-4 0,0010 0,2269 0,2279",columna «% Total» (suma de «% Natural» y «% Synthetic»); sin fila en nombres-proveedores (producto sin CAS)
,,cuir-hf-601648,Benzyl Cinnamate,103-41-3,IFRA_STD_010,0.0285,0.0285,típico,Perfumiarz: lista de alérgenos I03900_ALG_02-24.pdf,proveedor,https://perfumiarz.com/products/cuir-hf-601648,2026-10-01,"Benzyl cinnamate 103-41-3 0,0001 0,0284 0,0285",columna «% Total» (suma de «% Natural» y «% Synthetic»); sin fila en nombres-proveedores (producto sin CAS)
,,cuir-hf-601648,Citrus Aurantium Bergamia Peel Oil,8007-75-8,IFRA_STD_087,3.5,3.5,típico,Perfumiarz: lista de alérgenos I03900_ALG_02-24.pdf,proveedor,https://perfumiarz.com/products/cuir-hf-601648,2026-10-01,"Citrus Aurantium Bergamia Peel Oil several 3,5000 - 3,5000",columna «% Total» (suma de «% Natural» y «% Synthetic»); emparejada por el nombre del alérgeno (el CAS va en otra línea de la celda); sin fila en nombres-proveedores (producto sin CAS)
,,cuir-hf-601648,Cananga Odorata Oil/Extract,68606-83-7,IFRA_STD_084,0.0089,0.0089,típico,Perfumiarz: lista de alérgenos I03900_ALG_02-24.pdf,proveedor,https://perfumiarz.com/products/cuir-hf-601648,2026-10-01,"Cananga Odorata Oil/Extract several 0,0089 - 0,0089",columna «% Total» (suma de «% Natural» y «% Synthetic»); emparejada por el nombre del alérgeno (el CAS va en otra línea de la celda); sin fila en nombres-proveedores (producto sin CAS)
,,cuir-hf-601648,Carvone,2244-16-8,IFRA_STD_016,0.0261,0.0261,típico,Perfumiarz: lista de alérgenos I03900_ALG_02-24.pdf,proveedor,https://perfumiarz.com/products/cuir-hf-601648,2026-10-01,"Carvone several 0,0254 0,0007 0,0261",columna «% Total» (suma de «% Natural» y «% Synthetic»); emparejada por el nombre del alérgeno (el CAS va en otra línea de la celda); sin fila en nombres-proveedores (producto sin CAS)
,,cuir-hf-601648,Cinnamyl Alcohol,104-54-1,IFRA_STD_017,0.0742,0.0742,típico,Perfumiarz: lista de alérgenos I03900_ALG_02-24.pdf,proveedor,https://perfumiarz.com/products/cuir-hf-601648,2026-10-01,"Cinnamyl alcohol 104-54-1 0,0004 0,0738 0,0742",columna «% Total» (suma de «% Natural» y «% Synthetic»); sin fila en nombres-proveedores (producto sin CAS)
,,cuir-hf-601648,Cinnamal,104-55-2,IFRA_STD_018,0.0288,0.0288,típico,Perfumiarz: lista de alérgenos I03900_ALG_02-24.pdf,proveedor,https://perfumiarz.com/products/cuir-hf-601648,2026-10-01,"Cinnamal 104-55-2 - 0,0288 0,0288",columna «% Total» (suma de «% Natural» y «% Synthetic»); sin fila en nombres-proveedores (producto sin CAS)
,,cuir-hf-601648,Coumarin,91-64-5,IFRA_STD_023,1.3003,1.3003,típico,Perfumiarz: lista de alérgenos I03900_ALG_02-24.pdf,proveedor,https://perfumiarz.com/products/cuir-hf-601648,2026-10-01,"Coumarin 91-64-5 0,0003 1,3000 1,3003",columna «% Total» (suma de «% Natural» y «% Synthetic»); sin fila en nombres-proveedores (producto sin CAS)
,,cuir-hf-601648,Eugenol,97-53-0,IFRA_STD_035,1.4761,1.4761,típico,Perfumiarz: lista de alérgenos I03900_ALG_02-24.pdf,proveedor,https://perfumiarz.com/products/cuir-hf-601648,2026-10-01,"Eugenol 97-53-0 1,4761 - 1,4761",columna «% Total» (suma de «% Natural» y «% Synthetic»); sin fila en nombres-proveedores (producto sin CAS)
,,cuir-hf-601648,Farnesol,4602-84-0,IFRA_STD_036,0.019,0.019,típico,Perfumiarz: lista de alérgenos I03900_ALG_02-24.pdf,proveedor,https://perfumiarz.com/products/cuir-hf-601648,2026-10-01,"Farnesol 4602-84-0 0,0190 - 0,0190",columna «% Total» (suma de «% Natural» y «% Synthetic»); sin fila en nombres-proveedores (producto sin CAS)
,,cuir-hf-601648,Geraniol,106-24-1,IFRA_STD_037,0.0522,0.0522,típico,Perfumiarz: lista de alérgenos I03900_ALG_02-24.pdf,proveedor,https://perfumiarz.com/products/cuir-hf-601648,2026-10-01,"Geraniol 106-24-1 0,0147 0,0375 0,0522",columna «% Total» (suma de «% Natural» y «% Synthetic»); sin fila en nombres-proveedores (producto sin CAS)
,,cuir-hf-601648,Isoeugenyl Acetate,93-29-8,IFRA_STD_255,0.0135,0.0135,típico,Perfumiarz: lista de alérgenos I03900_ALG_02-24.pdf,proveedor,https://perfumiarz.com/products/cuir-hf-601648,2026-10-01,"Isoeugenyl Acetate 93-29-8 - 0,0135 0,0135",columna «% Total» (suma de «% Natural» y «% Synthetic»); sin fila en nombres-proveedores (producto sin CAS)
,,cuir-hf-601648,Isoeugenol,5932-68-3,IFRA_STD_048,0.0116,0.0116,típico,Perfumiarz: lista de alérgenos I03900_ALG_02-24.pdf,proveedor,https://perfumiarz.com/products/cuir-hf-601648,2026-10-01,"Isoeugenol several 0,0115 0,0001 0,0116",columna «% Total» (suma de «% Natural» y «% Synthetic»); emparejada por el nombre del alérgeno (el CAS va en otra línea de la celda); sin fila en nombres-proveedores (producto sin CAS)
,,cuir-hf-601648,Limonene,138-86-3,IFRA_STD_186,2.5251,2.5251,típico,Perfumiarz: lista de alérgenos I03900_ALG_02-24.pdf,proveedor,https://perfumiarz.com/products/cuir-hf-601648,2026-10-01,"Limonene several 2,2177 0,3074 2,5251",columna «% Total» (suma de «% Natural» y «% Synthetic»); emparejada por el nombre del alérgeno (el CAS va en otra línea de la celda); sin fila en nombres-proveedores (producto sin CAS)
,,cuir-hf-601648,Linalool,78-70-6,IFRA_STD_187,1.3075,1.3075,típico,Perfumiarz: lista de alérgenos I03900_ALG_02-24.pdf,proveedor,https://perfumiarz.com/products/cuir-hf-601648,2026-10-01,"Linalool 78-70-6 0,5432 0,7643 1,3075",columna «% Total» (suma de «% Natural» y «% Synthetic»); sin fila en nombres-proveedores (producto sin CAS)
,,cuir-hf-601648,Citrus Aurantium Amara and Dulcis Peel Oil,68916-04-1,IFRA_STD_088,0.7323,0.7323,típico,Perfumiarz: lista de alérgenos I03900_ALG_02-24.pdf,proveedor,https://perfumiarz.com/products/cuir-hf-601648,2026-10-01,"Citrus Aurantium Peel Oil several 0,7323 - 0,7323",columna «% Total» (suma de «% Natural» y «% Synthetic»); emparejada por el nombre del alérgeno (el CAS va en otra línea de la celda); sin fila en nombres-proveedores (producto sin CAS)
,,oakmossarome,Limonene,138-86-3,IFRA_STD_186,0.0172,0.0172,típico,Perfumiarz: lista de alérgenos I15050_ALG_01-24.pdf,proveedor,https://perfumiarz.com/products/oakmossarome,2026-10-01,"Limonene several 0,0005 0,0167 0,0172",columna «% Total» (suma de «% Natural» y «% Synthetic»); emparejada por el nombre del alérgeno (el CAS va en otra línea de la celda); sin fila en nombres-proveedores (producto sin CAS)
,,oakmossarome,Linalool,78-70-6,IFRA_STD_187,0.0032,0.0032,típico,Perfumiarz: lista de alérgenos I15050_ALG_01-24.pdf,proveedor,https://perfumiarz.com/products/oakmossarome,2026-10-01,"Linalool 78-70-6 0,0031 0,0001 0,0032",columna «% Total» (suma de «% Natural» y «% Synthetic»); sin fila en nombres-proveedores (producto sin CAS)
,,citronellyl-tiglate,Citronellol,106-22-9,IFRA_STD_022,0.5,0.5,típico,Perfumiarz: lista de alérgenos Lista_alergenow_Citronellyl_Tiglate.pdf,proveedor,https://perfumiarz.com/products/citronellyl-tiglate,2026-10-01,"III / 86 Citronellol 106-22-9 0,500",columna «Concentration total (%)»; sin fila en nombres-proveedores (producto sin CAS)
,,cyclamen-base-184317-g,,,,,,sin-cifra,Perfumiarz: lista de alérgenos Lista_alergenow_Cyclamen_Base.pdf,proveedor,https://perfumiarz.com/products/cyclamen-base-184317-g,2026-10-01,,la lista no declara ningún alérgeno con estándar IFRA; sin fila en nombres-proveedores (producto sin CAS)
,,frangipani-bold-base,Linalool,78-70-6,IFRA_STD_187,4.21,4.21,típico,Perfumiarz: lista de alérgenos Lista_alergenow_Frangipani_Bold_Base.pdf,proveedor,https://perfumiarz.com/products/frangipani-bold-base,2026-10-01,LINALOOL (CAS: 78-70-6) 4.210 %,"columna «Quantity (w/w)», calculada de la fórmula (no medida); sin fila en nombres-proveedores (producto sin CAS)"
,,frangipani-bold-base,Benzyl Salicylate,118-58-1,IFRA_STD_011,3.27,3.27,típico,Perfumiarz: lista de alérgenos Lista_alergenow_Frangipani_Bold_Base.pdf,proveedor,https://perfumiarz.com/products/frangipani-bold-base,2026-10-01,BENZYL SALICYLATE (CAS: 118-58-1) 3.270 %,"columna «Quantity (w/w)», calculada de la fórmula (no medida); sin fila en nombres-proveedores (producto sin CAS)"
,,frangipani-bold-base,Cinnamyl Alcohol,104-54-1,IFRA_STD_017,2.42,2.42,típico,Perfumiarz: lista de alérgenos Lista_alergenow_Frangipani_Bold_Base.pdf,proveedor,https://perfumiarz.com/products/frangipani-bold-base,2026-10-01,CINNAMYL ALCOHOL (CAS: 104-54-1) 2.420 %,"columna «Quantity (w/w)», calculada de la fórmula (no medida); sin fila en nombres-proveedores (producto sin CAS)"
,,frangipani-bold-base,Cananga Odorata Oil/Extract,8006-81-3,IFRA_STD_084,2.02,2.02,típico,Perfumiarz: lista de alérgenos Lista_alergenow_Frangipani_Bold_Base.pdf,proveedor,https://perfumiarz.com/products/frangipani-bold-base,2026-10-01,Cananga Odorata Oil/Extract (CAS: 8006-81-3) 2.020 %,"columna «Quantity (w/w)», calculada de la fórmula (no medida); sin fila en nombres-proveedores (producto sin CAS)"
,,frangipani-bold-base,Isoeugenol,97-54-1,IFRA_STD_048,1.22,1.22,típico,Perfumiarz: lista de alérgenos Lista_alergenow_Frangipani_Bold_Base.pdf,proveedor,https://perfumiarz.com/products/frangipani-bold-base,2026-10-01,ISOEUGENOL (CAS: 97-54-1) 1.220 %,"columna «Quantity (w/w)», calculada de la fórmula (no medida); sin fila en nombres-proveedores (producto sin CAS)"
,,frangipani-bold-base,Geraniol,106-24-1,IFRA_STD_037,1.04,1.04,típico,Perfumiarz: lista de alérgenos Lista_alergenow_Frangipani_Bold_Base.pdf,proveedor,https://perfumiarz.com/products/frangipani-bold-base,2026-10-01,GERANIOL (CAS: 106-24-1) 1.040 %,"columna «Quantity (w/w)», calculada de la fórmula (no medida); sin fila en nombres-proveedores (producto sin CAS)"
,,frangipani-bold-base,Coumarin,91-64-5,IFRA_STD_023,0.6,0.6,típico,Perfumiarz: lista de alérgenos Lista_alergenow_Frangipani_Bold_Base.pdf,proveedor,https://perfumiarz.com/products/frangipani-bold-base,2026-10-01,COUMARIN (CAS: 91-64-5) 0.600 %,"columna «Quantity (w/w)», calculada de la fórmula (no medida); sin fila en nombres-proveedores (producto sin CAS)"
,,frangipani-bold-base,Benzyl Benzoate,120-51-4,IFRA_STD_009,0.26,0.26,típico,Perfumiarz: lista de alérgenos Lista_alergenow_Frangipani_Bold_Base.pdf,proveedor,https://perfumiarz.com/products/frangipani-bold-base,2026-10-01,BENZYL BENZOATE (CAS: 120-51-4) 0.260 %,"columna «Quantity (w/w)», calculada de la fórmula (no medida); sin fila en nombres-proveedores (producto sin CAS)"
,,frangipani-bold-base,Farnesol,4602-84-0,IFRA_STD_036,0.021415,0.021415,típico,Perfumiarz: lista de alérgenos Lista_alergenow_Frangipani_Bold_Base.pdf,proveedor,https://perfumiarz.com/products/frangipani-bold-base,2026-10-01,FARNESOL (CAS: 4602-84-0) 214.150 mg/kg,"columna «Quantity (w/w)», calculada de la fórmula (no medida); cifra en mg/kg convertida a % (/10000); sin fila en nombres-proveedores (producto sin CAS)"
,,frangipani-bold-base,Benzyl Alcohol,100-51-6,IFRA_STD_008,0.017795,0.017795,típico,Perfumiarz: lista de alérgenos Lista_alergenow_Frangipani_Bold_Base.pdf,proveedor,https://perfumiarz.com/products/frangipani-bold-base,2026-10-01,BENZYL ALCOHOL (CAS: 100-51-6) 177.950 mg/kg,"columna «Quantity (w/w)», calculada de la fórmula (no medida); cifra en mg/kg convertida a % (/10000); sin fila en nombres-proveedores (producto sin CAS)"
,,frangipani-bold-base,Citronellol,106-22-9,IFRA_STD_022,0.0101,0.0101,típico,Perfumiarz: lista de alérgenos Lista_alergenow_Frangipani_Bold_Base.pdf,proveedor,https://perfumiarz.com/products/frangipani-bold-base,2026-10-01,CITRONELLOL (CAS: 106-22-9) 101.000 mg/kg,"columna «Quantity (w/w)», calculada de la fórmula (no medida); cifra en mg/kg convertida a % (/10000); sin fila en nombres-proveedores (producto sin CAS)"
,,frangipani-bold-base,Citral,5392-40-5,IFRA_STD_021,0.00505,0.00505,típico,Perfumiarz: lista de alérgenos Lista_alergenow_Frangipani_Bold_Base.pdf,proveedor,https://perfumiarz.com/products/frangipani-bold-base,2026-10-01,CITRAL (CAS: 5392-40-5) 50.500 mg/kg,"columna «Quantity (w/w)», calculada de la fórmula (no medida); cifra en mg/kg convertida a % (/10000); sin fila en nombres-proveedores (producto sin CAS)"
,,magnolys_,Benzyl Alcohol,100-51-6,IFRA_STD_008,2.783,2.783,típico,Perfumiarz: lista de alérgenos Lista_alergenow_Magnolys.pdf,proveedor,https://perfumiarz.com/products/magnolys_,2026-10-01,Benzyl Alcohol 2.6791% 0.0014% 0.1025% 2.7830%,"columna «Total» del proveedor (Firmenich: adición directa + indirecta por naturales + indirecta por síntesis), % del producto; las columnas parciales no se usan; emparejada por el nombre del alérgeno (el CAS va en otra línea de la celda); sin fila en nombres-proveedores (producto sin CAS)"
,,magnolys_,Benzyl Benzoate,120-51-4,IFRA_STD_009,0.0601,0.0601,típico,Perfumiarz: lista de alérgenos Lista_alergenow_Magnolys.pdf,proveedor,https://perfumiarz.com/products/magnolys_,2026-10-01,Benzyl Benzoate - 0.0416% 0.0185% 0.0601%,"columna «Total» del proveedor (Firmenich: adición directa + indirecta por naturales + indirecta por síntesis), % del producto; las columnas parciales no se usan; emparejada por el nombre del alérgeno (el CAS va en otra línea de la celda); sin fila en nombres-proveedores (producto sin CAS)"
,,magnolys_,Benzyl Cinnamate,103-41-3,IFRA_STD_010,9.6108,9.6108,típico,Perfumiarz: lista de alérgenos Lista_alergenow_Magnolys.pdf,proveedor,https://perfumiarz.com/products/magnolys_,2026-10-01,Benzyl Cinnamate 9.6106% 0.0002% - 9.6108%,"columna «Total» del proveedor (Firmenich: adición directa + indirecta por naturales + indirecta por síntesis), % del producto; las columnas parciales no se usan; emparejada por el nombre del alérgeno (el CAS va en otra línea de la celda); sin fila en nombres-proveedores (producto sin CAS)"
,,magnolys_,Benzyl Salicylate,118-58-1,IFRA_STD_011,30.5548,30.5548,típico,Perfumiarz: lista de alérgenos Lista_alergenow_Magnolys.pdf,proveedor,https://perfumiarz.com/products/magnolys_,2026-10-01,Benzyl Salicylate 30.5288% 0.0260% - 30.5548%,"columna «Total» del proveedor (Firmenich: adición directa + indirecta por naturales + indirecta por síntesis), % del producto; las columnas parciales no se usan; emparejada por el nombre del alérgeno (el CAS va en otra línea de la celda); sin fila en nombres-proveedores (producto sin CAS)"
,,magnolys_,Cinnamal,104-55-2,IFRA_STD_018,0.0028,0.0028,típico,Perfumiarz: lista de alérgenos Lista_alergenow_Magnolys.pdf,proveedor,https://perfumiarz.com/products/magnolys_,2026-10-01,Cinnamal - 0.0002% 0.0025% 0.0028%,"columna «Total» del proveedor (Firmenich: adición directa + indirecta por naturales + indirecta por síntesis), % del producto; las columnas parciales no se usan; emparejada por el nombre del alérgeno (el CAS va en otra línea de la celda); sin fila en nombres-proveedores (producto sin CAS)"
,,magnolys_,Cinnamyl Alcohol,104-54-1,IFRA_STD_017,0.0021,0.0021,típico,Perfumiarz: lista de alérgenos Lista_alergenow_Magnolys.pdf,proveedor,https://perfumiarz.com/products/magnolys_,2026-10-01,Cinnamyl Alcohol - 0.0006% 0.0014% 0.0021%,"columna «Total» del proveedor (Firmenich: adición directa + indirecta por naturales + indirecta por síntesis), % del producto; las columnas parciales no se usan; emparejada por el nombre del alérgeno (el CAS va en otra línea de la celda); sin fila en nombres-proveedores (producto sin CAS)"
,,magnolys_,Citral,106-26-3,IFRA_STD_021,0.0553,0.0553,típico,Perfumiarz: lista de alérgenos Lista_alergenow_Magnolys.pdf,proveedor,https://perfumiarz.com/products/magnolys_,2026-10-01,Citral 0.0146% 0.0313% 0.0094% 0.0553%,"columna «Total» del proveedor (Firmenich: adición directa + indirecta por naturales + indirecta por síntesis), % del producto; las columnas parciales no se usan; emparejada por el nombre del alérgeno (el CAS va en otra línea de la celda); sin fila en nombres-proveedores (producto sin CAS)"
,,magnolys_,Citronellol,106-22-9,IFRA_STD_022,0.2064,0.2064,típico,Perfumiarz: lista de alérgenos Lista_alergenow_Magnolys.pdf,proveedor,https://perfumiarz.com/products/magnolys_,2026-10-01,Citronellol 0.2029% 0.0002% 0.0033% 0.2064%,"columna «Total» del proveedor (Firmenich: adición directa + indirecta por naturales + indirecta por síntesis), % del producto; las columnas parciales no se usan; emparejada por el nombre del alérgeno (el CAS va en otra línea de la celda); sin fila en nombres-proveedores (producto sin CAS)"
,,magnolys_,Eugenol,97-53-0,IFRA_STD_035,2.4248,2.4248,típico,Perfumiarz: lista de alérgenos Lista_alergenow_Magnolys.pdf,proveedor,https://perfumiarz.com/products/magnolys_,2026-10-01,Eugenol 2.4238% 0.0010% - 2.4248%,"columna «Total» del proveedor (Firmenich: adición directa + indirecta por naturales + indirecta por síntesis), % del producto; las columnas parciales no se usan; emparejada por el nombre del alérgeno (el CAS va en otra línea de la celda); sin fila en nombres-proveedores (producto sin CAS)"
,,magnolys_,Farnesol,4602-84-0,IFRA_STD_036,0.013,0.013,típico,Perfumiarz: lista de alérgenos Lista_alergenow_Magnolys.pdf,proveedor,https://perfumiarz.com/products/magnolys_,2026-10-01,Farnesol - 0.0130% - 0.0130%,"columna «Total» del proveedor (Firmenich: adición directa + indirecta por naturales + indirecta por síntesis), % del producto; las columnas parciales no se usan; emparejada por el nombre del alérgeno (el CAS va en otra línea de la celda); sin fila en nombres-proveedores (producto sin CAS)"
,,magnolys_,Geraniol,106-24-1,IFRA_STD_037,0.6559,0.6559,típico,Perfumiarz: lista de alérgenos Lista_alergenow_Magnolys.pdf,proveedor,https://perfumiarz.com/products/magnolys_,2026-10-01,Geraniol 0.6445% 0.0078% 0.0036% 0.6559%,"columna «Total» del proveedor (Firmenich: adición directa + indirecta por naturales + indirecta por síntesis), % del producto; las columnas parciales no se usan; emparejada por el nombre del alérgeno (el CAS va en otra línea de la celda); sin fila en nombres-proveedores (producto sin CAS)"
,,magnolys_,Hydroxycitronellal,107-75-5,IFRA_STD_043,15.0119,15.0119,típico,Perfumiarz: lista de alérgenos Lista_alergenow_Magnolys.pdf,proveedor,https://perfumiarz.com/products/magnolys_,2026-10-01,Hydroxycitronellal 15.0119% - - 15.0119%,"columna «Total» del proveedor (Firmenich: adición directa + indirecta por naturales + indirecta por síntesis), % del producto; las columnas parciales no se usan; emparejada por el nombre del alérgeno (el CAS va en otra línea de la celda); sin fila en nombres-proveedores (producto sin CAS)"
,,magnolys_,Isoeugenol,5932-68-3,IFRA_STD_048,0.0119,0.0119,típico,Perfumiarz: lista de alérgenos Lista_alergenow_Magnolys.pdf,proveedor,https://perfumiarz.com/products/magnolys_,2026-10-01,Isoeugenol - 0.0119% - 0.0119%,"columna «Total» del proveedor (Firmenich: adición directa + indirecta por naturales + indirecta por síntesis), % del producto; las columnas parciales no se usan; emparejada por el nombre del alérgeno (el CAS va en otra línea de la celda); sin fila en nombres-proveedores (producto sin CAS)"
,,magnolys_,Limonene,138-86-3,IFRA_STD_186,0.0794,0.0794,típico,Perfumiarz: lista de alérgenos Lista_alergenow_Magnolys.pdf,proveedor,https://perfumiarz.com/products/magnolys_,2026-10-01,Limonene - 0.0783% 0.0011% 0.0794%,"columna «Total» del proveedor (Firmenich: adición directa + indirecta por naturales + indirecta por síntesis), % del producto; las columnas parciales no se usan; emparejada por el nombre del alérgeno (el CAS va en otra línea de la celda); sin fila en nombres-proveedores (producto sin CAS)"
,,magnolys_,Linalool,78-70-6,IFRA_STD_187,1.0313,1.0313,típico,Perfumiarz: lista de alérgenos Lista_alergenow_Magnolys.pdf,proveedor,https://perfumiarz.com/products/magnolys_,2026-10-01,Linalool 0.7273% 0.3038% 0.0002% 1.0313%,"columna «Total» del proveedor (Firmenich: adición directa + indirecta por naturales + indirecta por síntesis), % del producto; las columnas parciales no se usan; emparejada por el nombre del alérgeno (el CAS va en otra línea de la celda); sin fila en nombres-proveedores (producto sin CAS)"
,8008-57-9,Sweet Orange Oil Cold Pressed,Citral,5392-40-5,IFRA_STD_021,,0.4,máximo,Perfumiarz: lista de alérgenos Lista_alergenow_Sweet_Orange_Oil_Distilled.pdf,proveedor,https://perfumiarz.com/products/sweet-orange-cold-pressed,2026-10-01,Citral / Neral / Geranial 5392-40-5/ 106-26-3/ 141-27-5 ≤ 0.40,"columna «REPORTED (%)» (Oleolio); la lista da un tope («≤0.40»), no un valor típico; forma ambigua, candidatas: fig:2551, fig:2554, fig:2557, fig:2559, fig:2560, fig:2562, fig:2563, tl:orange-oil-sweet-folded"
,8008-57-9,Sweet Orange Oil Cold Pressed,Citronellol,106-22-9,IFRA_STD_022,0.01,0.01,típico,Perfumiarz: lista de alérgenos Lista_alergenow_Sweet_Orange_Oil_Distilled.pdf,proveedor,https://perfumiarz.com/products/sweet-orange-cold-pressed,2026-10-01,Citronellol 106-22-9 / 26489-01-0/ 1117-619/ 0.01,"columna «REPORTED (%)» (Oleolio); forma ambigua, candidatas: fig:2551, fig:2554, fig:2557, fig:2559, fig:2560, fig:2562, fig:2563, tl:orange-oil-sweet-folded"
,8008-57-9,Sweet Orange Oil Cold Pressed,Limonene,5989-27-5,IFRA_STD_186,,96,máximo,Perfumiarz: lista de alérgenos Lista_alergenow_Sweet_Orange_Oil_Distilled.pdf,proveedor,https://perfumiarz.com/products/sweet-orange-cold-pressed,2026-10-01,Limonene 5989-27-5/5989-54-8/ 138-86-3/ ≤ 96.00,"columna «REPORTED (%)» (Oleolio); la lista da un tope («≤96.00»), no un valor típico; forma ambigua, candidatas: fig:2551, fig:2554, fig:2557, fig:2559, fig:2560, fig:2562, fig:2563, tl:orange-oil-sweet-folded"
,8008-57-9,Sweet Orange Oil Cold Pressed,Linalool,78-70-6,IFRA_STD_187,,0.5,máximo,Perfumiarz: lista de alérgenos Lista_alergenow_Sweet_Orange_Oil_Distilled.pdf,proveedor,https://perfumiarz.com/products/sweet-orange-cold-pressed,2026-10-01,Linalool 78-70-6 ≤ 0.50,"columna «REPORTED (%)» (Oleolio); la lista da un tope («≤0.50»), no un valor típico; forma ambigua, candidatas: fig:2551, fig:2554, fig:2557, fig:2559, fig:2560, fig:2562, fig:2563, tl:orange-oil-sweet-folded"
,,tamarine-base-41310-g,,,,,,sin-cifra,Perfumiarz: lista de alérgenos Tamarine_Base_alergeny_original_eng.pdf,proveedor,https://perfumiarz.com/products/tamarine-base-41310-g,2026-10-01,,la lista no declara ningún alérgeno con estándar IFRA; sin fila en nombres-proveedores (producto sin CAS)
,,ultrazur,,,,,,sin-cifra,Perfumiarz: lista de alérgenos Ultrazur_listaalergenow_EU.pdf,proveedor,https://perfumiarz.com/products/ultrazur,2026-10-01,,la lista no declara ningún alérgeno con estándar IFRA; sin fila en nombres-proveedores (producto sin CAS)
,,vetyrisia,,,,,,sin-cifra,Perfumiarz: lista de alérgenos V22100_ALG_01-23_14e98c1b-5b11-40ff-b1b0-1478755610a0.pdf,proveedor,https://perfumiarz.com/products/vetyrisia,2026-10-01,,las demás cifras son «< límite de cuantificación» (59); la lista no declara ningún alérgeno con estándar IFRA; sin fila en nombres-proveedores (producto sin CAS)
,,allogal-base-38350-b,Benzyl Alcohol,100-51-6,IFRA_STD_008,0.0033,0.0033,típico,Perfumiarz: lista de alérgenos W01070_ALG_06-22.pdf,proveedor,https://perfumiarz.com/products/allogal-base-38350-b,2026-10-01,Benzyl Alcohol - - 0.0033% 0.0033%,"columna «Total» del proveedor (Firmenich: adición directa + indirecta por naturales + indirecta por síntesis), % del producto; las columnas parciales no se usan; emparejada por el nombre del alérgeno (el CAS va en otra línea de la celda); sin fila en nombres-proveedores (producto sin CAS)"
,,allogal-base-38350-b,Benzyl Benzoate,120-51-4,IFRA_STD_009,6.5,6.5,típico,Perfumiarz: lista de alérgenos W01070_ALG_06-22.pdf,proveedor,https://perfumiarz.com/products/allogal-base-38350-b,2026-10-01,Benzyl Benzoate 6.5000% - - 6.5000%,"columna «Total» del proveedor (Firmenich: adición directa + indirecta por naturales + indirecta por síntesis), % del producto; las columnas parciales no se usan; emparejada por el nombre del alérgeno (el CAS va en otra línea de la celda); sin fila en nombres-proveedores (producto sin CAS)"
,,allogal-base-38350-b,Benzyl Salicylate,118-58-1,IFRA_STD_011,0.001,0.001,típico,Perfumiarz: lista de alérgenos W01070_ALG_06-22.pdf,proveedor,https://perfumiarz.com/products/allogal-base-38350-b,2026-10-01,Benzyl Salicylate - - 0.0010% 0.0010%,"columna «Total» del proveedor (Firmenich: adición directa + indirecta por naturales + indirecta por síntesis), % del producto; las columnas parciales no se usan; emparejada por el nombre del alérgeno (el CAS va en otra línea de la celda); sin fila en nombres-proveedores (producto sin CAS)"
,,allogal-base-38350-b,Citral,106-26-3,IFRA_STD_021,0.0029,0.0029,típico,Perfumiarz: lista de alérgenos W01070_ALG_06-22.pdf,proveedor,https://perfumiarz.com/products/allogal-base-38350-b,2026-10-01,Citral - 0.0029% - 0.0029%,"columna «Total» del proveedor (Firmenich: adición directa + indirecta por naturales + indirecta por síntesis), % del producto; las columnas parciales no se usan; emparejada por el nombre del alérgeno (el CAS va en otra línea de la celda); sin fila en nombres-proveedores (producto sin CAS)"
,,allogal-base-38350-b,Citronellol,106-22-9,IFRA_STD_022,0.2568,0.2568,típico,Perfumiarz: lista de alérgenos W01070_ALG_06-22.pdf,proveedor,https://perfumiarz.com/products/allogal-base-38350-b,2026-10-01,Citronellol 0.2500% 0.0068% - 0.2568%,"columna «Total» del proveedor (Firmenich: adición directa + indirecta por naturales + indirecta por síntesis), % del producto; las columnas parciales no se usan; emparejada por el nombre del alérgeno (el CAS va en otra línea de la celda); sin fila en nombres-proveedores (producto sin CAS)"
,,allogal-base-38350-b,Eugenol,97-53-0,IFRA_STD_035,0.0008,0.0008,típico,Perfumiarz: lista de alérgenos W01070_ALG_06-22.pdf,proveedor,https://perfumiarz.com/products/allogal-base-38350-b,2026-10-01,Eugenol - 0.0008% - 0.0008%,"columna «Total» del proveedor (Firmenich: adición directa + indirecta por naturales + indirecta por síntesis), % del producto; las columnas parciales no se usan; emparejada por el nombre del alérgeno (el CAS va en otra línea de la celda); sin fila en nombres-proveedores (producto sin CAS)"
,,allogal-base-38350-b,Geraniol,106-24-1,IFRA_STD_037,0.0153,0.0153,típico,Perfumiarz: lista de alérgenos W01070_ALG_06-22.pdf,proveedor,https://perfumiarz.com/products/allogal-base-38350-b,2026-10-01,Geraniol - 0.0135% 0.0018% 0.0153%,"columna «Total» del proveedor (Firmenich: adición directa + indirecta por naturales + indirecta por síntesis), % del producto; las columnas parciales no se usan; emparejada por el nombre del alérgeno (el CAS va en otra línea de la celda); sin fila en nombres-proveedores (producto sin CAS)"
,,allogal-base-38350-b,Hydroxycitronellal,107-75-5,IFRA_STD_043,0.25,0.25,típico,Perfumiarz: lista de alérgenos W01070_ALG_06-22.pdf,proveedor,https://perfumiarz.com/products/allogal-base-38350-b,2026-10-01,Hydroxycitronellal 0.2500% - - 0.2500%,"columna «Total» del proveedor (Firmenich: adición directa + indirecta por naturales + indirecta por síntesis), % del producto; las columnas parciales no se usan; emparejada por el nombre del alérgeno (el CAS va en otra línea de la celda); sin fila en nombres-proveedores (producto sin CAS)"
,,allogal-base-38350-b,Limonene,138-86-3,IFRA_STD_186,7.5044,7.5044,típico,Perfumiarz: lista de alérgenos W01070_ALG_06-22.pdf,proveedor,https://perfumiarz.com/products/allogal-base-38350-b,2026-10-01,Limonene - 7.5044% - 7.5044%,"columna «Total» del proveedor (Firmenich: adición directa + indirecta por naturales + indirecta por síntesis), % del producto; las columnas parciales no se usan; emparejada por el nombre del alérgeno (el CAS va en otra línea de la celda); sin fila en nombres-proveedores (producto sin CAS)"
,,allogal-base-38350-b,Linalool,78-70-6,IFRA_STD_187,0.0401,0.0401,típico,Perfumiarz: lista de alérgenos W01070_ALG_06-22.pdf,proveedor,https://perfumiarz.com/products/allogal-base-38350-b,2026-10-01,Linalool - 0.0401% - 0.0401%,"columna «Total» del proveedor (Firmenich: adición directa + indirecta por naturales + indirecta por síntesis), % del producto; las columnas parciales no se usan; emparejada por el nombre del alérgeno (el CAS va en otra línea de la celda); sin fila en nombres-proveedores (producto sin CAS)"
,,ambranum,Benzyl Alcohol,100-51-6,IFRA_STD_008,0.0031,0.0031,típico,Perfumiarz: lista de alérgenos W01080_ALG_06-22.pdf,proveedor,https://perfumiarz.com/products/ambranum,2026-10-01,Benzyl Alcohol - 0.0031% - 0.0031%,"columna «Total» del proveedor (Firmenich: adición directa + indirecta por naturales + indirecta por síntesis), % del producto; las columnas parciales no se usan; emparejada por el nombre del alérgeno (el CAS va en otra línea de la celda); sin fila en nombres-proveedores (producto sin CAS)"
,,ambranum,Benzyl Benzoate,120-51-4,IFRA_STD_009,0.083,0.083,típico,Perfumiarz: lista de alérgenos W01080_ALG_06-22.pdf,proveedor,https://perfumiarz.com/products/ambranum,2026-10-01,Benzyl Benzoate 0.0166% 0.0664% - 0.0830%,"columna «Total» del proveedor (Firmenich: adición directa + indirecta por naturales + indirecta por síntesis), % del producto; las columnas parciales no se usan; emparejada por el nombre del alérgeno (el CAS va en otra línea de la celda); sin fila en nombres-proveedores (producto sin CAS)"
,,ambranum,Benzyl Cinnamate,103-41-3,IFRA_STD_010,0.0377,0.0377,típico,Perfumiarz: lista de alérgenos W01080_ALG_06-22.pdf,proveedor,https://perfumiarz.com/products/ambranum,2026-10-01,Benzyl Cinnamate - 0.0377% - 0.0377%,"columna «Total» del proveedor (Firmenich: adición directa + indirecta por naturales + indirecta por síntesis), % del producto; las columnas parciales no se usan; emparejada por el nombre del alérgeno (el CAS va en otra línea de la celda); sin fila en nombres-proveedores (producto sin CAS)"
,,ambranum,Benzyl Salicylate,118-58-1,IFRA_STD_011,0.0028,0.0028,típico,Perfumiarz: lista de alérgenos W01080_ALG_06-22.pdf,proveedor,https://perfumiarz.com/products/ambranum,2026-10-01,Benzyl Salicylate - 0.0028% - 0.0028%,"columna «Total» del proveedor (Firmenich: adición directa + indirecta por naturales + indirecta por síntesis), % del producto; las columnas parciales no se usan; emparejada por el nombre del alérgeno (el CAS va en otra línea de la celda); sin fila en nombres-proveedores (producto sin CAS)"
,,ambranum,Citral,106-26-3,IFRA_STD_021,0.0001,0.0001,típico,Perfumiarz: lista de alérgenos W01080_ALG_06-22.pdf,proveedor,https://perfumiarz.com/products/ambranum,2026-10-01,Citral - 0.0001% - 0.0001%,"columna «Total» del proveedor (Firmenich: adición directa + indirecta por naturales + indirecta por síntesis), % del producto; las columnas parciales no se usan; emparejada por el nombre del alérgeno (el CAS va en otra línea de la celda); sin fila en nombres-proveedores (producto sin CAS)"
,,ambranum,Eugenol,97-53-0,IFRA_STD_035,0.0009,0.0009,típico,Perfumiarz: lista de alérgenos W01080_ALG_06-22.pdf,proveedor,https://perfumiarz.com/products/ambranum,2026-10-01,Eugenol - 0.0009% - 0.0009%,"columna «Total» del proveedor (Firmenich: adición directa + indirecta por naturales + indirecta por síntesis), % del producto; las columnas parciales no se usan; emparejada por el nombre del alérgeno (el CAS va en otra línea de la celda); sin fila en nombres-proveedores (producto sin CAS)"
,,ambranum,Farnesol,4602-84-0,IFRA_STD_036,0.0014,0.0014,típico,Perfumiarz: lista de alérgenos W01080_ALG_06-22.pdf,proveedor,https://perfumiarz.com/products/ambranum,2026-10-01,Farnesol - 0.0014% - 0.0014%,"columna «Total» del proveedor (Firmenich: adición directa + indirecta por naturales + indirecta por síntesis), % del producto; las columnas parciales no se usan; emparejada por el nombre del alérgeno (el CAS va en otra línea de la celda); sin fila en nombres-proveedores (producto sin CAS)"
,,ambranum,Geraniol,106-24-1,IFRA_STD_037,0.0022,0.0022,típico,Perfumiarz: lista de alérgenos W01080_ALG_06-22.pdf,proveedor,https://perfumiarz.com/products/ambranum,2026-10-01,Geraniol - 0.0022% - 0.0022%,"columna «Total» del proveedor (Firmenich: adición directa + indirecta por naturales + indirecta por síntesis), % del producto; las columnas parciales no se usan; emparejada por el nombre del alérgeno (el CAS va en otra línea de la celda); sin fila en nombres-proveedores (producto sin CAS)"
,,ambranum,Isoeugenol,5932-68-3,IFRA_STD_048,0.0013,0.0013,típico,Perfumiarz: lista de alérgenos W01080_ALG_06-22.pdf,proveedor,https://perfumiarz.com/products/ambranum,2026-10-01,Isoeugenol - 0.0013% - 0.0013%,"columna «Total» del proveedor (Firmenich: adición directa + indirecta por naturales + indirecta por síntesis), % del producto; las columnas parciales no se usan; emparejada por el nombre del alérgeno (el CAS va en otra línea de la celda); sin fila en nombres-proveedores (producto sin CAS)"
,,ambranum,Limonene,138-86-3,IFRA_STD_186,0.0388,0.0388,típico,Perfumiarz: lista de alérgenos W01080_ALG_06-22.pdf,proveedor,https://perfumiarz.com/products/ambranum,2026-10-01,Limonene - 0.0388% - 0.0388%,"columna «Total» del proveedor (Firmenich: adición directa + indirecta por naturales + indirecta por síntesis), % del producto; las columnas parciales no se usan; emparejada por el nombre del alérgeno (el CAS va en otra línea de la celda); sin fila en nombres-proveedores (producto sin CAS)"
,,ambranum,Linalool,78-70-6,IFRA_STD_187,0.0891,0.0891,típico,Perfumiarz: lista de alérgenos W01080_ALG_06-22.pdf,proveedor,https://perfumiarz.com/products/ambranum,2026-10-01,Linalool - 0.0891% - 0.0891%,"columna «Total» del proveedor (Firmenich: adición directa + indirecta por naturales + indirecta por síntesis), % del producto; las columnas parciales no se usan; emparejada por el nombre del alérgeno (el CAS va en otra línea de la celda); sin fila en nombres-proveedores (producto sin CAS)"
,,black-agar-296985,Benzyl Alcohol,100-51-6,IFRA_STD_008,0.0021,0.0021,típico,Perfumiarz: lista de alérgenos W02033_ALG_09-23.pdf,proveedor,https://perfumiarz.com/products/black-agar-296985,2026-10-01,Benzyl Alcohol - - 0.0021% 0.0021%,"columna «Total» del proveedor (Firmenich: adición directa + indirecta por naturales + indirecta por síntesis), % del producto; las columnas parciales no se usan; emparejada por el nombre del alérgeno (el CAS va en otra línea de la celda); sin fila en nombres-proveedores (producto sin CAS)"
,,black-agar-296985,Benzyl Cinnamate,103-41-3,IFRA_STD_010,0.4998,0.4998,típico,Perfumiarz: lista de alérgenos W02033_ALG_09-23.pdf,proveedor,https://perfumiarz.com/products/black-agar-296985,2026-10-01,Benzyl Cinnamate 0.4998% - - 0.4998%,"columna «Total» del proveedor (Firmenich: adición directa + indirecta por naturales + indirecta por síntesis), % del producto; las columnas parciales no se usan; emparejada por el nombre del alérgeno (el CAS va en otra línea de la celda); sin fila en nombres-proveedores (producto sin CAS)"
,,black-agar-296985,Citronellol,106-22-9,IFRA_STD_022,0.0002,0.0002,típico,Perfumiarz: lista de alérgenos W02033_ALG_09-23.pdf,proveedor,https://perfumiarz.com/products/black-agar-296985,2026-10-01,Citronellol - 0.0002% - 0.0002%,"columna «Total» del proveedor (Firmenich: adición directa + indirecta por naturales + indirecta por síntesis), % del producto; las columnas parciales no se usan; emparejada por el nombre del alérgeno (el CAS va en otra línea de la celda); sin fila en nombres-proveedores (producto sin CAS)"
,,black-agar-296985,Eugenol,97-53-0,IFRA_STD_035,0.0117,0.0117,típico,Perfumiarz: lista de alérgenos W02033_ALG_09-23.pdf,proveedor,https://perfumiarz.com/products/black-agar-296985,2026-10-01,Eugenol - 0.0117% - 0.0117%,"columna «Total» del proveedor (Firmenich: adición directa + indirecta por naturales + indirecta por síntesis), % del producto; las columnas parciales no se usan; emparejada por el nombre del alérgeno (el CAS va en otra línea de la celda); sin fila en nombres-proveedores (producto sin CAS)"
,,black-agar-296985,Farnesol,4602-84-0,IFRA_STD_036,0.0025,0.0025,típico,Perfumiarz: lista de alérgenos W02033_ALG_09-23.pdf,proveedor,https://perfumiarz.com/products/black-agar-296985,2026-10-01,Farnesol - 0.0025% - 0.0025%,"columna «Total» del proveedor (Firmenich: adición directa + indirecta por naturales + indirecta por síntesis), % del producto; las columnas parciales no se usan; emparejada por el nombre del alérgeno (el CAS va en otra línea de la celda); sin fila en nombres-proveedores (producto sin CAS)"
,,black-agar-296985,Geraniol,106-24-1,IFRA_STD_037,0.0002,0.0002,típico,Perfumiarz: lista de alérgenos W02033_ALG_09-23.pdf,proveedor,https://perfumiarz.com/products/black-agar-296985,2026-10-01,Geraniol - 0.0002% - 0.0002%,"columna «Total» del proveedor (Firmenich: adición directa + indirecta por naturales + indirecta por síntesis), % del producto; las columnas parciales no se usan; emparejada por el nombre del alérgeno (el CAS va en otra línea de la celda); sin fila en nombres-proveedores (producto sin CAS)"
,,black-agar-296985,Isoeugenol,5932-68-3,IFRA_STD_048,0.0014,0.0014,típico,Perfumiarz: lista de alérgenos W02033_ALG_09-23.pdf,proveedor,https://perfumiarz.com/products/black-agar-296985,2026-10-01,Isoeugenol - 0.0014% - 0.0014%,"columna «Total» del proveedor (Firmenich: adición directa + indirecta por naturales + indirecta por síntesis), % del producto; las columnas parciales no se usan; emparejada por el nombre del alérgeno (el CAS va en otra línea de la celda); sin fila en nombres-proveedores (producto sin CAS)"
,,black-agar-296985,Limonene,138-86-3,IFRA_STD_186,1.1934,1.1934,típico,Perfumiarz: lista de alérgenos W02033_ALG_09-23.pdf,proveedor,https://perfumiarz.com/products/black-agar-296985,2026-10-01,Limonene - 1.1934% - 1.1934%,"columna «Total» del proveedor (Firmenich: adición directa + indirecta por naturales + indirecta por síntesis), % del producto; las columnas parciales no se usan; emparejada por el nombre del alérgeno (el CAS va en otra línea de la celda); sin fila en nombres-proveedores (producto sin CAS)"
,,black-agar-296985,Linalool,78-70-6,IFRA_STD_187,0.001,0.001,típico,Perfumiarz: lista de alérgenos W02033_ALG_09-23.pdf,proveedor,https://perfumiarz.com/products/black-agar-296985,2026-10-01,Linalool - 0.0010% - 0.0010%,"columna «Total» del proveedor (Firmenich: adición directa + indirecta por naturales + indirecta por síntesis), % del producto; las columnas parciales no se usan; emparejada por el nombre del alérgeno (el CAS va en otra línea de la celda); sin fila en nombres-proveedores (producto sin CAS)"
,,black-agar-296985,Benzaldehyde,100-52-7,IFRA_STD_007,0.0002,0.0002,típico,Perfumiarz: lista de alérgenos W02033_ALG_09-23.pdf,proveedor,https://perfumiarz.com/products/black-agar-296985,2026-10-01,Benzaldehyde 3 - 0.0002% - 0.0002%,"columna «Total» del proveedor (Firmenich: adición directa + indirecta por naturales + indirecta por síntesis), % del producto; las columnas parciales no se usan; emparejada por el nombre del alérgeno (el CAS va en otra línea de la celda); sin fila en nombres-proveedores (producto sin CAS)"
,,black-agar-296985,Carvone,2244-16-8,IFRA_STD_016,0.0017,0.0017,típico,Perfumiarz: lista de alérgenos W02033_ALG_09-23.pdf,proveedor,https://perfumiarz.com/products/black-agar-296985,2026-10-01,Carvone 3 - 0.0017% - 0.0017%,"columna «Total» del proveedor (Firmenich: adición directa + indirecta por naturales + indirecta por síntesis), % del producto; las columnas parciales no se usan; emparejada por el nombre del alérgeno (el CAS va en otra línea de la celda); sin fila en nombres-proveedores (producto sin CAS)"
,,black-agar-296985,Tetramethyl Acetyloctahydronaphthalenes,54464-57-2,IFRA_STD_068,9.9,9.9,típico,Perfumiarz: lista de alérgenos W02033_ALG_09-23.pdf,proveedor,https://perfumiarz.com/products/black-agar-296985,2026-10-01,Tetramethyl acetyloctahydronaphthalenes 3 9.9000% - - 9.9000%,"columna «Total» del proveedor (Firmenich: adición directa + indirecta por naturales + indirecta por síntesis), % del producto; las columnas parciales no se usan; emparejada por el nombre del alérgeno (el CAS va en otra línea de la celda); sin fila en nombres-proveedores (producto sin CAS)"
,,bois-dore-013041,Benzyl Alcohol,100-51-6,IFRA_STD_008,0.0002,0.0002,típico,Perfumiarz: lista de alérgenos W02040_ALG_08-23.pdf,proveedor,https://perfumiarz.com/products/bois-dore-013041,2026-10-01,Benzyl Alcohol - - 0.0002% 0.0002%,"columna «Total» del proveedor (Firmenich: adición directa + indirecta por naturales + indirecta por síntesis), % del producto; las columnas parciales no se usan; emparejada por el nombre del alérgeno (el CAS va en otra línea de la celda); sin fila en nombres-proveedores (producto sin CAS)"
,,bois-dore-013041,Farnesol,4602-84-0,IFRA_STD_036,0.0003,0.0003,típico,Perfumiarz: lista de alérgenos W02040_ALG_08-23.pdf,proveedor,https://perfumiarz.com/products/bois-dore-013041,2026-10-01,Farnesol - 0.0003% - 0.0003%,"columna «Total» del proveedor (Firmenich: adición directa + indirecta por naturales + indirecta por síntesis), % del producto; las columnas parciales no se usan; emparejada por el nombre del alérgeno (el CAS va en otra línea de la celda); sin fila en nombres-proveedores (producto sin CAS)"
,,bois-dore-013041,Geraniol,106-24-1,IFRA_STD_037,0.0003,0.0003,típico,Perfumiarz: lista de alérgenos W02040_ALG_08-23.pdf,proveedor,https://perfumiarz.com/products/bois-dore-013041,2026-10-01,Geraniol - 0.0003% - 0.0003%,"columna «Total» del proveedor (Firmenich: adición directa + indirecta por naturales + indirecta por síntesis), % del producto; las columnas parciales no se usan; emparejada por el nombre del alérgeno (el CAS va en otra línea de la celda); sin fila en nombres-proveedores (producto sin CAS)"
,,bois-dore-013041,Limonene,138-86-3,IFRA_STD_186,6.8182,6.8182,típico,Perfumiarz: lista de alérgenos W02040_ALG_08-23.pdf,proveedor,https://perfumiarz.com/products/bois-dore-013041,2026-10-01,Limonene - 6.8182% - 6.8182%,"columna «Total» del proveedor (Firmenich: adición directa + indirecta por naturales + indirecta por síntesis), % del producto; las columnas parciales no se usan; emparejada por el nombre del alérgeno (el CAS va en otra línea de la celda); sin fila en nombres-proveedores (producto sin CAS)"
,,bois-dore-013041,Linalool,78-70-6,IFRA_STD_187,0.01,0.01,típico,Perfumiarz: lista de alérgenos W02040_ALG_08-23.pdf,proveedor,https://perfumiarz.com/products/bois-dore-013041,2026-10-01,Linalool - 0.0100% - 0.0100%,"columna «Total» del proveedor (Firmenich: adición directa + indirecta por naturales + indirecta por síntesis), % del producto; las columnas parciales no se usan; emparejada por el nombre del alérgeno (el CAS va en otra línea de la celda); sin fila en nombres-proveedores (producto sin CAS)"
,,bois-dore-013041,Benzaldehyde,100-52-7,IFRA_STD_007,0.0005,0.0005,típico,Perfumiarz: lista de alérgenos W02040_ALG_08-23.pdf,proveedor,https://perfumiarz.com/products/bois-dore-013041,2026-10-01,Benzaldehyde 3 - 0.0003% 0.0002% 0.0005%,"columna «Total» del proveedor (Firmenich: adición directa + indirecta por naturales + indirecta por síntesis), % del producto; las columnas parciales no se usan; emparejada por el nombre del alérgeno (el CAS va en otra línea de la celda); sin fila en nombres-proveedores (producto sin CAS)"
,,bois-dore-013041,Carvone,2244-16-8,IFRA_STD_016,0.0225,0.0225,típico,Perfumiarz: lista de alérgenos W02040_ALG_08-23.pdf,proveedor,https://perfumiarz.com/products/bois-dore-013041,2026-10-01,Carvone 3 - 0.0225% - 0.0225%,"columna «Total» del proveedor (Firmenich: adición directa + indirecta por naturales + indirecta por síntesis), % del producto; las columnas parciales no se usan; emparejada por el nombre del alérgeno (el CAS va en otra línea de la celda); sin fila en nombres-proveedores (producto sin CAS)"
,,bois-dore-013041,Rose Ketones,23696-85-7,IFRA_STD_077,0.0008,0.0008,típico,Perfumiarz: lista de alérgenos W02040_ALG_08-23.pdf,proveedor,https://perfumiarz.com/products/bois-dore-013041,2026-10-01,Rose Ketones 3 - 0.0008% - 0.0008%,"columna «Total» del proveedor (Firmenich: adición directa + indirecta por naturales + indirecta por síntesis), % del producto; las columnas parciales no se usan; emparejada por el nombre del alérgeno (el CAS va en otra línea de la celda); sin fila en nombres-proveedores (producto sin CAS)"
,8016-23-7,Guaiacwood Oil Crude 50% (ethanol),Eugenol,97-53-0,IFRA_STD_035,0.0272,0.0272,típico,Perfumiarz: lista de alérgenos W02550_ALG_08-23-1.pdf,proveedor,https://perfumiarz.com/products/guaiacwood-oil-crude,2026-10-01,Eugenol - 0.0272% - 0.0272%,"columna «Total» del proveedor (Firmenich: adición directa + indirecta por naturales + indirecta por síntesis), % del producto; las columnas parciales no se usan; emparejada por el nombre del alérgeno (el CAS va en otra línea de la celda); forma ambigua, candidatas: fig:1957, fig:1959"
,8016-23-7,Guaiacwood Oil Crude 50% (ethanol),Isoeugenol,5932-68-3,IFRA_STD_048,0.2081,0.2081,típico,Perfumiarz: lista de alérgenos W02550_ALG_08-23-1.pdf,proveedor,https://perfumiarz.com/products/guaiacwood-oil-crude,2026-10-01,Isoeugenol - 0.2081% - 0.2081%,"columna «Total» del proveedor (Firmenich: adición directa + indirecta por naturales + indirecta por síntesis), % del producto; las columnas parciales no se usan; emparejada por el nombre del alérgeno (el CAS va en otra línea de la celda); forma ambigua, candidatas: fig:1957, fig:1959"
,8016-23-7,Guaiacwood Oil Crude 50% (ethanol),Limonene,138-86-3,IFRA_STD_186,0.006,0.006,típico,Perfumiarz: lista de alérgenos W02550_ALG_08-23-1.pdf,proveedor,https://perfumiarz.com/products/guaiacwood-oil-crude,2026-10-01,Limonene - 0.0060% - 0.0060%,"columna «Total» del proveedor (Firmenich: adición directa + indirecta por naturales + indirecta por síntesis), % del producto; las columnas parciales no se usan; emparejada por el nombre del alérgeno (el CAS va en otra línea de la celda); forma ambigua, candidatas: fig:1957, fig:1959"
,,casmere-musk,Alpha-Isomethyl Ionone,127-51-5,IFRA_STD_063,0.035,0.035,típico,Perfumiarz: lista de alérgenos W03023_ALG_07-24.pdf,proveedor,https://perfumiarz.com/products/casmere-musk,2026-10-01,Alpha-Isomethyl-ionone 0.0350% - - 0.0350%,"columna «Total» del proveedor (Firmenich: adición directa + indirecta por naturales + indirecta por síntesis), % del producto; las columnas parciales no se usan; emparejada por el nombre del alérgeno (el CAS va en otra línea de la celda); sin fila en nombres-proveedores (producto sin CAS)"
,,casmere-musk,Farnesol,4602-84-0,IFRA_STD_036,0.0015,0.0015,típico,Perfumiarz: lista de alérgenos W03023_ALG_07-24.pdf,proveedor,https://perfumiarz.com/products/casmere-musk,2026-10-01,Farnesol - 0.0015% - 0.0015%,"columna «Total» del proveedor (Firmenich: adición directa + indirecta por naturales + indirecta por síntesis), % del producto; las columnas parciales no se usan; emparejada por el nombre del alérgeno (el CAS va en otra línea de la celda); sin fila en nombres-proveedores (producto sin CAS)"
,,casmere-musk,Limonene,138-86-3,IFRA_STD_186,0.0036,0.0036,típico,Perfumiarz: lista de alérgenos W03023_ALG_07-24.pdf,proveedor,https://perfumiarz.com/products/casmere-musk,2026-10-01,Limonene - 0.0036% - 0.0036%,"columna «Total» del proveedor (Firmenich: adición directa + indirecta por naturales + indirecta por síntesis), % del producto; las columnas parciales no se usan; emparejada por el nombre del alérgeno (el CAS va en otra línea de la celda); sin fila en nombres-proveedores (producto sin CAS)"
,,casmere-musk,Linalool,78-70-6,IFRA_STD_187,0.0003,0.0003,típico,Perfumiarz: lista de alérgenos W03023_ALG_07-24.pdf,proveedor,https://perfumiarz.com/products/casmere-musk,2026-10-01,Linalool - 0.0003% - 0.0003%,"columna «Total» del proveedor (Firmenich: adición directa + indirecta por naturales + indirecta por síntesis), % del producto; las columnas parciales no se usan; emparejada por el nombre del alérgeno (el CAS va en otra línea de la celda); sin fila en nombres-proveedores (producto sin CAS)"
,,cassis-base-345-b,Citral,106-26-3,IFRA_STD_021,0.0006,0.0006,típico,Perfumiarz: lista de alérgenos W03040_ALG_08-23.pdf,proveedor,https://perfumiarz.com/products/cassis-base-345-b,2026-10-01,Citral - - 0.0006% 0.0006%,"columna «Total» del proveedor (Firmenich: adición directa + indirecta por naturales + indirecta por síntesis), % del producto; las columnas parciales no se usan; emparejada por el nombre del alérgeno (el CAS va en otra línea de la celda); sin fila en nombres-proveedores (producto sin CAS)"
,,cassis-base-345-b,Citronellol,106-22-9,IFRA_STD_022,3,3,típico,Perfumiarz: lista de alérgenos W03040_ALG_08-23.pdf,proveedor,https://perfumiarz.com/products/cassis-base-345-b,2026-10-01,Citronellol 3.0000% - - 3.0000%,"columna «Total» del proveedor (Firmenich: adición directa + indirecta por naturales + indirecta por síntesis), % del producto; las columnas parciales no se usan; emparejada por el nombre del alérgeno (el CAS va en otra línea de la celda); sin fila en nombres-proveedores (producto sin CAS)"
,,cassis-base-345-b,Geraniol,106-24-1,IFRA_STD_037,0.021,0.021,típico,Perfumiarz: lista de alérgenos W03040_ALG_08-23.pdf,proveedor,https://perfumiarz.com/products/cassis-base-345-b,2026-10-01,Geraniol - - 0.0210% 0.0210%,"columna «Total» del proveedor (Firmenich: adición directa + indirecta por naturales + indirecta por síntesis), % del producto; las columnas parciales no se usan; emparejada por el nombre del alérgeno (el CAS va en otra línea de la celda); sin fila en nombres-proveedores (producto sin CAS)"
,,cassis-base-345-b,Limonene,138-86-3,IFRA_STD_186,0.006,0.006,típico,Perfumiarz: lista de alérgenos W03040_ALG_08-23.pdf,proveedor,https://perfumiarz.com/products/cassis-base-345-b,2026-10-01,Limonene - 0.0060% - 0.0060%,"columna «Total» del proveedor (Firmenich: adición directa + indirecta por naturales + indirecta por síntesis), % del producto; las columnas parciales no se usan; emparejada por el nombre del alérgeno (el CAS va en otra línea de la celda); sin fila en nombres-proveedores (producto sin CAS)"
,,cassis-base-345-f,Citral,106-26-3,IFRA_STD_021,0.0004,0.0004,típico,Perfumiarz: lista de alérgenos W03050_ALG_08-23.pdf,proveedor,https://perfumiarz.com/products/cassis-base-345-f,2026-10-01,Citral - 0.0004% - 0.0004%,"columna «Total» del proveedor (Firmenich: adición directa + indirecta por naturales + indirecta por síntesis), % del producto; las columnas parciales no se usan; emparejada por el nombre del alérgeno (el CAS va en otra línea de la celda); sin fila en nombres-proveedores (producto sin CAS)"
,,cassis-base-345-f,Citronellol,106-22-9,IFRA_STD_022,0.0484,0.0484,típico,Perfumiarz: lista de alérgenos W03050_ALG_08-23.pdf,proveedor,https://perfumiarz.com/products/cassis-base-345-f,2026-10-01,Citronellol - 0.0270% 0.0214% 0.0484%,"columna «Total» del proveedor (Firmenich: adición directa + indirecta por naturales + indirecta por síntesis), % del producto; las columnas parciales no se usan; emparejada por el nombre del alérgeno (el CAS va en otra línea de la celda); sin fila en nombres-proveedores (producto sin CAS)"
,,cassis-base-345-f,Geraniol,106-24-1,IFRA_STD_037,0.006,0.006,típico,Perfumiarz: lista de alérgenos W03050_ALG_08-23.pdf,proveedor,https://perfumiarz.com/products/cassis-base-345-f,2026-10-01,Geraniol - 0.0060% - 0.0060%,"columna «Total» del proveedor (Firmenich: adición directa + indirecta por naturales + indirecta por síntesis), % del producto; las columnas parciales no se usan; emparejada por el nombre del alérgeno (el CAS va en otra línea de la celda); sin fila en nombres-proveedores (producto sin CAS)"
,,cassis-base-345-f,Hydroxycitronellal,107-75-5,IFRA_STD_043,0.1516,0.1516,típico,Perfumiarz: lista de alérgenos W03050_ALG_08-23.pdf,proveedor,https://perfumiarz.com/products/cassis-base-345-f,2026-10-01,Hydroxycitronellal - - 0.1516% 0.1516%,"columna «Total» del proveedor (Firmenich: adición directa + indirecta por naturales + indirecta por síntesis), % del producto; las columnas parciales no se usan; emparejada por el nombre del alérgeno (el CAS va en otra línea de la celda); sin fila en nombres-proveedores (producto sin CAS)"
,,cassis-base-345-f,Limonene,138-86-3,IFRA_STD_186,0.006,0.006,típico,Perfumiarz: lista de alérgenos W03050_ALG_08-23.pdf,proveedor,https://perfumiarz.com/products/cassis-base-345-f,2026-10-01,Limonene - 0.0060% - 0.0060%,"columna «Total» del proveedor (Firmenich: adición directa + indirecta por naturales + indirecta por síntesis), % del producto; las columnas parciales no se usan; emparejada por el nombre del alérgeno (el CAS va en otra línea de la celda); sin fila en nombres-proveedores (producto sin CAS)"
,,cassis-base-345-f,Linalool,78-70-6,IFRA_STD_187,0.003,0.003,típico,Perfumiarz: lista de alérgenos W03050_ALG_08-23.pdf,proveedor,https://perfumiarz.com/products/cassis-base-345-f,2026-10-01,Linalool - 0.0030% - 0.0030%,"columna «Total» del proveedor (Firmenich: adición directa + indirecta por naturales + indirecta por síntesis), % del producto; las columnas parciales no se usan; emparejada por el nombre del alérgeno (el CAS va en otra línea de la celda); sin fila en nombres-proveedores (producto sin CAS)"
,,castoreum-synthetic,Anise Alcohol,105-13-5,IFRA_STD_006,0.0013,0.0013,típico,Perfumiarz: lista de alérgenos W03063_ALG_08-23.pdf,proveedor,https://perfumiarz.com/products/castoreum-synthetic,2026-10-01,Anise Alcohol - - 0.0013% 0.0013%,"columna «Total» del proveedor (Firmenich: adición directa + indirecta por naturales + indirecta por síntesis), % del producto; las columnas parciales no se usan; emparejada por el nombre del alérgeno (el CAS va en otra línea de la celda); sin fila en nombres-proveedores (producto sin CAS)"
,,castoreum-synthetic,Benzyl Alcohol,100-51-6,IFRA_STD_008,0.0008,0.0008,típico,Perfumiarz: lista de alérgenos W03063_ALG_08-23.pdf,proveedor,https://perfumiarz.com/products/castoreum-synthetic,2026-10-01,Benzyl Alcohol - 0.0001% 0.0007% 0.0008%,"columna «Total» del proveedor (Firmenich: adición directa + indirecta por naturales + indirecta por síntesis), % del producto; las columnas parciales no se usan; emparejada por el nombre del alérgeno (el CAS va en otra línea de la celda); sin fila en nombres-proveedores (producto sin CAS)"
,,castoreum-synthetic,Benzyl Cinnamate,103-41-3,IFRA_STD_010,0.014,0.014,típico,Perfumiarz: lista de alérgenos W03063_ALG_08-23.pdf,proveedor,https://perfumiarz.com/products/castoreum-synthetic,2026-10-01,Benzyl Cinnamate 0.0140% - - 0.0140%,"columna «Total» del proveedor (Firmenich: adición directa + indirecta por naturales + indirecta por síntesis), % del producto; las columnas parciales no se usan; emparejada por el nombre del alérgeno (el CAS va en otra línea de la celda); sin fila en nombres-proveedores (producto sin CAS)"
,,castoreum-synthetic,Cinnamal,104-55-2,IFRA_STD_018,0.0003,0.0003,típico,Perfumiarz: lista de alérgenos W03063_ALG_08-23.pdf,proveedor,https://perfumiarz.com/products/castoreum-synthetic,2026-10-01,Cinnamal - - 0.0003% 0.0003%,"columna «Total» del proveedor (Firmenich: adición directa + indirecta por naturales + indirecta por síntesis), % del producto; las columnas parciales no se usan; emparejada por el nombre del alérgeno (el CAS va en otra línea de la celda); sin fila en nombres-proveedores (producto sin CAS)"
,,castoreum-synthetic,Cinnamyl Alcohol,104-54-1,IFRA_STD_017,0.0351,0.0351,típico,Perfumiarz: lista de alérgenos W03063_ALG_08-23.pdf,proveedor,https://perfumiarz.com/products/castoreum-synthetic,2026-10-01,Cinnamyl Alcohol 0.0350% - 0.0001% 0.0351%,"columna «Total» del proveedor (Firmenich: adición directa + indirecta por naturales + indirecta por síntesis), % del producto; las columnas parciales no se usan; emparejada por el nombre del alérgeno (el CAS va en otra línea de la celda); sin fila en nombres-proveedores (producto sin CAS)"
,,castoreum-synthetic,Eugenol,97-53-0,IFRA_STD_035,0.0017,0.0017,típico,Perfumiarz: lista de alérgenos W03063_ALG_08-23.pdf,proveedor,https://perfumiarz.com/products/castoreum-synthetic,2026-10-01,Eugenol - 0.0017% - 0.0017%,"columna «Total» del proveedor (Firmenich: adición directa + indirecta por naturales + indirecta por síntesis), % del producto; las columnas parciales no se usan; emparejada por el nombre del alérgeno (el CAS va en otra línea de la celda); sin fila en nombres-proveedores (producto sin CAS)"
,,castoreum-synthetic,Isoeugenol,5932-68-3,IFRA_STD_048,0.0004,0.0004,típico,Perfumiarz: lista de alérgenos W03063_ALG_08-23.pdf,proveedor,https://perfumiarz.com/products/castoreum-synthetic,2026-10-01,Isoeugenol - 0.0004% - 0.0004%,"columna «Total» del proveedor (Firmenich: adición directa + indirecta por naturales + indirecta por síntesis), % del producto; las columnas parciales no se usan; emparejada por el nombre del alérgeno (el CAS va en otra línea de la celda); sin fila en nombres-proveedores (producto sin CAS)"
,,castoreum-synthetic,Limonene,138-86-3,IFRA_STD_186,0.0004,0.0004,típico,Perfumiarz: lista de alérgenos W03063_ALG_08-23.pdf,proveedor,https://perfumiarz.com/products/castoreum-synthetic,2026-10-01,Limonene - 0.0004% - 0.0004%,"columna «Total» del proveedor (Firmenich: adición directa + indirecta por naturales + indirecta por síntesis), % del producto; las columnas parciales no se usan; emparejada por el nombre del alérgeno (el CAS va en otra línea de la celda); sin fila en nombres-proveedores (producto sin CAS)"
,,castoreum-synthetic,Linalool,78-70-6,IFRA_STD_187,0.0002,0.0002,típico,Perfumiarz: lista de alérgenos W03063_ALG_08-23.pdf,proveedor,https://perfumiarz.com/products/castoreum-synthetic,2026-10-01,Linalool - 0.0002% - 0.0002%,"columna «Total» del proveedor (Firmenich: adición directa + indirecta por naturales + indirecta por síntesis), % del producto; las columnas parciales no se usan; emparejada por el nombre del alérgeno (el CAS va en otra línea de la celda); sin fila en nombres-proveedores (producto sin CAS)"
,,castoreum-synthetic,Benzaldehyde,100-52-7,IFRA_STD_007,0.0003,0.0003,típico,Perfumiarz: lista de alérgenos W03063_ALG_08-23.pdf,proveedor,https://perfumiarz.com/products/castoreum-synthetic,2026-10-01,Benzaldehyde 3 - - 0.0002% 0.0003%,"columna «Total» del proveedor (Firmenich: adición directa + indirecta por naturales + indirecta por síntesis), % del producto; las columnas parciales no se usan; emparejada por el nombre del alérgeno (el CAS va en otra línea de la celda); sin fila en nombres-proveedores (producto sin CAS)"
,,castoreum-synthetic,Carvone,2244-16-8,IFRA_STD_016,0.0007,0.0007,típico,Perfumiarz: lista de alérgenos W03063_ALG_08-23.pdf,proveedor,https://perfumiarz.com/products/castoreum-synthetic,2026-10-01,Carvone 3 - 0.0007% - 0.0007%,"columna «Total» del proveedor (Firmenich: adición directa + indirecta por naturales + indirecta por síntesis), % del producto; las columnas parciales no se usan; emparejada por el nombre del alérgeno (el CAS va en otra línea de la celda); sin fila en nombres-proveedores (producto sin CAS)"
,1069136-34-0,Cedarwood Alaska,,,,,,sin-cifra,Perfumiarz: lista de alérgenos W03077_ALG_01-25.pdf,proveedor,https://perfumiarz.com/products/cedarwood-alaska,2026-10-01,,"la lista no declara ningún alérgeno con estándar IFRA; forma ambigua, candidatas: fig:1291, fig:1292"
,85085-41-2,Cedarwood Virginia Super Rectified,,,,,,sin-cifra,Perfumiarz: lista de alérgenos W03083_ALG_02-25.pdf,proveedor,https://perfumiarz.com/products/cedarwood-virginia-super-rectified,2026-10-01,,la lista no declara ningún alérgeno con estándar IFRA; CAS 85085-41-2 sin fila en el glosario
,,cuir-base-184028-e,Benzyl Alcohol,100-51-6,IFRA_STD_008,0.0812,0.0812,típico,Perfumiarz: lista de alérgenos W03263_ALG_08-23.pdf,proveedor,https://perfumiarz.com/products/cuir-base-184028-e,2026-10-01,Benzyl Alcohol - 0.0756% 0.0056% 0.0812%,"columna «Total» del proveedor (Firmenich: adición directa + indirecta por naturales + indirecta por síntesis), % del producto; las columnas parciales no se usan; emparejada por el nombre del alérgeno (el CAS va en otra línea de la celda); sin fila en nombres-proveedores (producto sin CAS)"
,,cuir-base-184028-e,Benzyl Benzoate,120-51-4,IFRA_STD_009,0.0003,0.0003,típico,Perfumiarz: lista de alérgenos W03263_ALG_08-23.pdf,proveedor,https://perfumiarz.com/products/cuir-base-184028-e,2026-10-01,Benzyl Benzoate - 0.0003% - 0.0003%,"columna «Total» del proveedor (Firmenich: adición directa + indirecta por naturales + indirecta por síntesis), % del producto; las columnas parciales no se usan; emparejada por el nombre del alérgeno (el CAS va en otra línea de la celda); sin fila en nombres-proveedores (producto sin CAS)"
,,cuir-base-184028-e,Benzyl Cinnamate,103-41-3,IFRA_STD_010,0.4008,0.4008,típico,Perfumiarz: lista de alérgenos W03263_ALG_08-23.pdf,proveedor,https://perfumiarz.com/products/cuir-base-184028-e,2026-10-01,Benzyl Cinnamate 0.3998% 0.0010% - 0.4008%,"columna «Total» del proveedor (Firmenich: adición directa + indirecta por naturales + indirecta por síntesis), % del producto; las columnas parciales no se usan; emparejada por el nombre del alérgeno (el CAS va en otra línea de la celda); sin fila en nombres-proveedores (producto sin CAS)"
,,cuir-base-184028-e,Cinnamal,104-55-2,IFRA_STD_018,0.0403,0.0403,típico,Perfumiarz: lista de alérgenos W03263_ALG_08-23.pdf,proveedor,https://perfumiarz.com/products/cuir-base-184028-e,2026-10-01,Cinnamal - 0.0127% 0.0277% 0.0403%,"columna «Total» del proveedor (Firmenich: adición directa + indirecta por naturales + indirecta por síntesis), % del producto; las columnas parciales no se usan; emparejada por el nombre del alérgeno (el CAS va en otra línea de la celda); sin fila en nombres-proveedores (producto sin CAS)"
,,cuir-base-184028-e,Cinnamyl Alcohol,104-54-1,IFRA_STD_017,5.1101,5.1101,típico,Perfumiarz: lista de alérgenos W03263_ALG_08-23.pdf,proveedor,https://perfumiarz.com/products/cuir-base-184028-e,2026-10-01,Cinnamyl Alcohol 3.2500% 1.8595% 0.0006% 5.1101%,"columna «Total» del proveedor (Firmenich: adición directa + indirecta por naturales + indirecta por síntesis), % del producto; las columnas parciales no se usan; emparejada por el nombre del alérgeno (el CAS va en otra línea de la celda); sin fila en nombres-proveedores (producto sin CAS)"
,,cuir-base-184028-e,Citral,106-26-3,IFRA_STD_021,0.0003,0.0003,típico,Perfumiarz: lista de alérgenos W03263_ALG_08-23.pdf,proveedor,https://perfumiarz.com/products/cuir-base-184028-e,2026-10-01,Citral - 0.0003% - 0.0003%,"columna «Total» del proveedor (Firmenich: adición directa + indirecta por naturales + indirecta por síntesis), % del producto; las columnas parciales no se usan; emparejada por el nombre del alérgeno (el CAS va en otra línea de la celda); sin fila en nombres-proveedores (producto sin CAS)"
,,cuir-base-184028-e,Coumarin,91-64-5,IFRA_STD_023,0.0002,0.0002,típico,Perfumiarz: lista de alérgenos W03263_ALG_08-23.pdf,proveedor,https://perfumiarz.com/products/cuir-base-184028-e,2026-10-01,Coumarin - 0.0002% - 0.0002%,"columna «Total» del proveedor (Firmenich: adición directa + indirecta por naturales + indirecta por síntesis), % del producto; las columnas parciales no se usan; emparejada por el nombre del alérgeno (el CAS va en otra línea de la celda); sin fila en nombres-proveedores (producto sin CAS)"
,,cuir-base-184028-e,Eugenol,97-53-0,IFRA_STD_035,0.003,0.003,típico,Perfumiarz: lista de alérgenos W03263_ALG_08-23.pdf,proveedor,https://perfumiarz.com/products/cuir-base-184028-e,2026-10-01,Eugenol - 0.0030% - 0.0030%,"columna «Total» del proveedor (Firmenich: adición directa + indirecta por naturales + indirecta por síntesis), % del producto; las columnas parciales no se usan; emparejada por el nombre del alérgeno (el CAS va en otra línea de la celda); sin fila en nombres-proveedores (producto sin CAS)"
,,cuir-base-184028-e,Farnesol,4602-84-0,IFRA_STD_036,0.0003,0.0003,típico,Perfumiarz: lista de alérgenos W03263_ALG_08-23.pdf,proveedor,https://perfumiarz.com/products/cuir-base-184028-e,2026-10-01,Farnesol - 0.0003% - 0.0003%,"columna «Total» del proveedor (Firmenich: adición directa + indirecta por naturales + indirecta por síntesis), % del producto; las columnas parciales no se usan; emparejada por el nombre del alérgeno (el CAS va en otra línea de la celda); sin fila en nombres-proveedores (producto sin CAS)"
,,cuir-base-184028-e,Geraniol,106-24-1,IFRA_STD_037,0.0047,0.0047,típico,Perfumiarz: lista de alérgenos W03263_ALG_08-23.pdf,proveedor,https://perfumiarz.com/products/cuir-base-184028-e,2026-10-01,Geraniol - 0.0047% - 0.0047%,"columna «Total» del proveedor (Firmenich: adición directa + indirecta por naturales + indirecta por síntesis), % del producto; las columnas parciales no se usan; emparejada por el nombre del alérgeno (el CAS va en otra línea de la celda); sin fila en nombres-proveedores (producto sin CAS)"
,,cuir-base-184028-e,Isoeugenol,5932-68-3,IFRA_STD_048,0.0021,0.0021,típico,Perfumiarz: lista de alérgenos W03263_ALG_08-23.pdf,proveedor,https://perfumiarz.com/products/cuir-base-184028-e,2026-10-01,Isoeugenol - 0.0021% - 0.0021%,"columna «Total» del proveedor (Firmenich: adición directa + indirecta por naturales + indirecta por síntesis), % del producto; las columnas parciales no se usan; emparejada por el nombre del alérgeno (el CAS va en otra línea de la celda); sin fila en nombres-proveedores (producto sin CAS)"
,,cuir-base-184028-e,Limonene,138-86-3,IFRA_STD_186,0.0037,0.0037,típico,Perfumiarz: lista de alérgenos W03263_ALG_08-23.pdf,proveedor,https://perfumiarz.com/products/cuir-base-184028-e,2026-10-01,Limonene - 0.0037% - 0.0037%,"columna «Total» del proveedor (Firmenich: adición directa + indirecta por naturales + indirecta por síntesis), % del producto; las columnas parciales no se usan; emparejada por el nombre del alérgeno (el CAS va en otra línea de la celda); sin fila en nombres-proveedores (producto sin CAS)"
,,cuir-base-184028-e,Linalool,78-70-6,IFRA_STD_187,0.0008,0.0008,típico,Perfumiarz: lista de alérgenos W03263_ALG_08-23.pdf,proveedor,https://perfumiarz.com/products/cuir-base-184028-e,2026-10-01,Linalool - 0.0008% - 0.0008%,"columna «Total» del proveedor (Firmenich: adición directa + indirecta por naturales + indirecta por síntesis), % del producto; las columnas parciales no se usan; emparejada por el nombre del alérgeno (el CAS va en otra línea de la celda); sin fila en nombres-proveedores (producto sin CAS)"
,,cuir-base-184028-e,Benzaldehyde,100-52-7,IFRA_STD_007,0.0365,0.0365,típico,Perfumiarz: lista de alérgenos W03263_ALG_08-23.pdf,proveedor,https://perfumiarz.com/products/cuir-base-184028-e,2026-10-01,Benzaldehyde 3 - 0.0252% 0.0112% 0.0365%,"columna «Total» del proveedor (Firmenich: adición directa + indirecta por naturales + indirecta por síntesis), % del producto; las columnas parciales no se usan; emparejada por el nombre del alérgeno (el CAS va en otra línea de la celda); sin fila en nombres-proveedores (producto sin CAS)"
,,cuir-base-184028-e,Carvone,2244-16-8,IFRA_STD_016,0.0008,0.0008,típico,Perfumiarz: lista de alérgenos W03263_ALG_08-23.pdf,proveedor,https://perfumiarz.com/products/cuir-base-184028-e,2026-10-01,Carvone 3 - 0.0008% - 0.0008%,"columna «Total» del proveedor (Firmenich: adición directa + indirecta por naturales + indirecta por síntesis), % del producto; las columnas parciales no se usan; emparejada por el nombre del alérgeno (el CAS va en otra línea de la celda); sin fila en nombres-proveedores (producto sin CAS)"
,68916-60-9,Cypriol Coeur (Firmenich),Geraniol,106-24-1,IFRA_STD_037,0.006,0.006,típico,Perfumiarz: lista de alérgenos W03980_ALG_05-21.pdf,proveedor,https://perfumiarz.com/products/cypriol-heart,2026-10-01,Geraniol - 0.0060% - 0.0060%,"columna «Total» del proveedor (Firmenich: adición directa + indirecta por naturales + indirecta por síntesis), % del producto; las columnas parciales no se usan; emparejada por el nombre del alérgeno (el CAS va en otra línea de la celda); forma ambigua, candidatas: fig:1607, fig:1608"
,68916-60-9,Cypriol Coeur (Firmenich),Limonene,138-86-3,IFRA_STD_186,0.19,0.19,típico,Perfumiarz: lista de alérgenos W03980_ALG_05-21.pdf,proveedor,https://perfumiarz.com/products/cypriol-heart,2026-10-01,Limonene - 0.1900% - 0.1900%,"columna «Total» del proveedor (Firmenich: adición directa + indirecta por naturales + indirecta por síntesis), % del producto; las columnas parciales no se usan; emparejada por el nombre del alérgeno (el CAS va en otra línea de la celda); forma ambigua, candidatas: fig:1607, fig:1608"
,68916-60-9,Cypriol Coeur (Firmenich),Linalool,78-70-6,IFRA_STD_187,0.006,0.006,típico,Perfumiarz: lista de alérgenos W03980_ALG_05-21.pdf,proveedor,https://perfumiarz.com/products/cypriol-heart,2026-10-01,Linalool - 0.0060% - 0.0060%,"columna «Total» del proveedor (Firmenich: adición directa + indirecta por naturales + indirecta por síntesis), % del producto; las columnas parciales no se usan; emparejada por el nombre del alérgeno (el CAS va en otra línea de la celda); forma ambigua, candidatas: fig:1607, fig:1608"
,,dorinia-sa-e,Alpha-Isomethyl Ionone,127-51-5,IFRA_STD_063,0.0004,0.0004,típico,Perfumiarz: lista de alérgenos W04150_ALG_09-23.pdf,proveedor,https://perfumiarz.com/products/dorinia-sa-e,2026-10-01,Alpha-Isomethyl-ionone - - 0.0004% 0.0004%,"columna «Total» del proveedor (Firmenich: adición directa + indirecta por naturales + indirecta por síntesis), % del producto; las columnas parciales no se usan; emparejada por el nombre del alérgeno (el CAS va en otra línea de la celda); sin fila en nombres-proveedores (producto sin CAS)"
,,dorinia-sa-e,Anise Alcohol,105-13-5,IFRA_STD_006,0.0009,0.0009,típico,Perfumiarz: lista de alérgenos W04150_ALG_09-23.pdf,proveedor,https://perfumiarz.com/products/dorinia-sa-e,2026-10-01,Anise Alcohol - - 0.0009% 0.0009%,"columna «Total» del proveedor (Firmenich: adición directa + indirecta por naturales + indirecta por síntesis), % del producto; las columnas parciales no se usan; emparejada por el nombre del alérgeno (el CAS va en otra línea de la celda); sin fila en nombres-proveedores (producto sin CAS)"
,,dorinia-sa-e,Benzyl Alcohol,100-51-6,IFRA_STD_008,0.1174,0.1174,típico,Perfumiarz: lista de alérgenos W04150_ALG_09-23.pdf,proveedor,https://perfumiarz.com/products/dorinia-sa-e,2026-10-01,Benzyl Alcohol - - 0.1174% 0.1174%,"columna «Total» del proveedor (Firmenich: adición directa + indirecta por naturales + indirecta por síntesis), % del producto; las columnas parciales no se usan; emparejada por el nombre del alérgeno (el CAS va en otra línea de la celda); sin fila en nombres-proveedores (producto sin CAS)"
,,dorinia-sa-e,Cinnamal,104-55-2,IFRA_STD_018,0.0576,0.0576,típico,Perfumiarz: lista de alérgenos W04150_ALG_09-23.pdf,proveedor,https://perfumiarz.com/products/dorinia-sa-e,2026-10-01,Cinnamal - - 0.0576% 0.0576%,"columna «Total» del proveedor (Firmenich: adición directa + indirecta por naturales + indirecta por síntesis), % del producto; las columnas parciales no se usan; emparejada por el nombre del alérgeno (el CAS va en otra línea de la celda); sin fila en nombres-proveedores (producto sin CAS)"
,,dorinia-sa-e,Cinnamyl Alcohol,104-54-1,IFRA_STD_017,6.2089,6.2089,típico,Perfumiarz: lista de alérgenos W04150_ALG_09-23.pdf,proveedor,https://perfumiarz.com/products/dorinia-sa-e,2026-10-01,Cinnamyl Alcohol 6.2000% - 0.0089% 6.2089%,"columna «Total» del proveedor (Firmenich: adición directa + indirecta por naturales + indirecta por síntesis), % del producto; las columnas parciales no se usan; emparejada por el nombre del alérgeno (el CAS va en otra línea de la celda); sin fila en nombres-proveedores (producto sin CAS)"
,,dorinia-sa-e,Citral,106-26-3,IFRA_STD_021,0.128,0.128,típico,Perfumiarz: lista de alérgenos W04150_ALG_09-23.pdf,proveedor,https://perfumiarz.com/products/dorinia-sa-e,2026-10-01,Citral - - 0.1280% 0.1280%,"columna «Total» del proveedor (Firmenich: adición directa + indirecta por naturales + indirecta por síntesis), % del producto; las columnas parciales no se usan; emparejada por el nombre del alérgeno (el CAS va en otra línea de la celda); sin fila en nombres-proveedores (producto sin CAS)"
,,dorinia-sa-e,Citronellol,106-22-9,IFRA_STD_022,0.512,0.512,típico,Perfumiarz: lista de alérgenos W04150_ALG_09-23.pdf,proveedor,https://perfumiarz.com/products/dorinia-sa-e,2026-10-01,Citronellol - - 0.5120% 0.5120%,"columna «Total» del proveedor (Firmenich: adición directa + indirecta por naturales + indirecta por síntesis), % del producto; las columnas parciales no se usan; emparejada por el nombre del alérgeno (el CAS va en otra línea de la celda); sin fila en nombres-proveedores (producto sin CAS)"
,,dorinia-sa-e,Geraniol,106-24-1,IFRA_STD_037,8.192,8.192,típico,Perfumiarz: lista de alérgenos W04150_ALG_09-23.pdf,proveedor,https://perfumiarz.com/products/dorinia-sa-e,2026-10-01,Geraniol 8.1920% - - 8.1920%,"columna «Total» del proveedor (Firmenich: adición directa + indirecta por naturales + indirecta por síntesis), % del producto; las columnas parciales no se usan; emparejada por el nombre del alérgeno (el CAS va en otra línea de la celda); sin fila en nombres-proveedores (producto sin CAS)"
,,dorinia-sa-e,Linalool,78-70-6,IFRA_STD_187,0.0006,0.0006,típico,Perfumiarz: lista de alérgenos W04150_ALG_09-23.pdf,proveedor,https://perfumiarz.com/products/dorinia-sa-e,2026-10-01,Linalool - - 0.0006% 0.0006%,"columna «Total» del proveedor (Firmenich: adición directa + indirecta por naturales + indirecta por síntesis), % del producto; las columnas parciales no se usan; emparejada por el nombre del alérgeno (el CAS va en otra línea de la celda); sin fila en nombres-proveedores (producto sin CAS)"
,,dorinia-sa-e,Benzaldehyde,100-52-7,IFRA_STD_007,0.036,0.036,típico,Perfumiarz: lista de alérgenos W04150_ALG_09-23.pdf,proveedor,https://perfumiarz.com/products/dorinia-sa-e,2026-10-01,Benzaldehyde 3 - - 0.0360% 0.0360%,"columna «Total» del proveedor (Firmenich: adición directa + indirecta por naturales + indirecta por síntesis), % del producto; las columnas parciales no se usan; emparejada por el nombre del alérgeno (el CAS va en otra línea de la celda); sin fila en nombres-proveedores (producto sin CAS)"
,,dorinia-sa-e,Rose Ketones,23696-85-7,IFRA_STD_077,2.6017,2.6017,típico,Perfumiarz: lista de alérgenos W04150_ALG_09-23.pdf,proveedor,https://perfumiarz.com/products/dorinia-sa-e,2026-10-01,Rose Ketones 3 2.5075% - 0.0942% 2.6017%,"columna «Total» del proveedor (Firmenich: adición directa + indirecta por naturales + indirecta por síntesis), % del producto; las columnas parciales no se usan; emparejada por el nombre del alérgeno (el CAS va en otra línea de la celda); sin fila en nombres-proveedores (producto sin CAS)"
,,dreamwood-base,Citral,106-26-3,IFRA_STD_021,0.0146,0.0146,típico,Perfumiarz: lista de alérgenos W04160_ALG_09-23.pdf,proveedor,https://perfumiarz.com/products/dreamwood-base,2026-10-01,Citral - 0.0146% - 0.0146%,"columna «Total» del proveedor (Firmenich: adición directa + indirecta por naturales + indirecta por síntesis), % del producto; las columnas parciales no se usan; emparejada por el nombre del alérgeno (el CAS va en otra línea de la celda); sin fila en nombres-proveedores (producto sin CAS)"
,,dreamwood-base,Citronellol,106-22-9,IFRA_STD_022,0.0008,0.0008,típico,Perfumiarz: lista de alérgenos W04160_ALG_09-23.pdf,proveedor,https://perfumiarz.com/products/dreamwood-base,2026-10-01,Citronellol - 0.0008% - 0.0008%,"columna «Total» del proveedor (Firmenich: adición directa + indirecta por naturales + indirecta por síntesis), % del producto; las columnas parciales no se usan; emparejada por el nombre del alérgeno (el CAS va en otra línea de la celda); sin fila en nombres-proveedores (producto sin CAS)"
,,dreamwood-base,Farnesol,4602-84-0,IFRA_STD_036,2.6346,2.6346,típico,Perfumiarz: lista de alérgenos W04160_ALG_09-23.pdf,proveedor,https://perfumiarz.com/products/dreamwood-base,2026-10-01,Farnesol - 2.6346% - 2.6346%,"columna «Total» del proveedor (Firmenich: adición directa + indirecta por naturales + indirecta por síntesis), % del producto; las columnas parciales no se usan; emparejada por el nombre del alérgeno (el CAS va en otra línea de la celda); sin fila en nombres-proveedores (producto sin CAS)"
,,dreamwood-base,Geraniol,106-24-1,IFRA_STD_037,0.001,0.001,típico,Perfumiarz: lista de alérgenos W04160_ALG_09-23.pdf,proveedor,https://perfumiarz.com/products/dreamwood-base,2026-10-01,Geraniol - 0.0010% - 0.0010%,"columna «Total» del proveedor (Firmenich: adición directa + indirecta por naturales + indirecta por síntesis), % del producto; las columnas parciales no se usan; emparejada por el nombre del alérgeno (el CAS va en otra línea de la celda); sin fila en nombres-proveedores (producto sin CAS)"
,,dreamwood-base,Isoeugenol,5932-68-3,IFRA_STD_048,0.0002,0.0002,típico,Perfumiarz: lista de alérgenos W04160_ALG_09-23.pdf,proveedor,https://perfumiarz.com/products/dreamwood-base,2026-10-01,Isoeugenol - 0.0002% - 0.0002%,"columna «Total» del proveedor (Firmenich: adición directa + indirecta por naturales + indirecta por síntesis), % del producto; las columnas parciales no se usan; emparejada por el nombre del alérgeno (el CAS va en otra línea de la celda); sin fila en nombres-proveedores (producto sin CAS)"
,,dreamwood-base,Limonene,138-86-3,IFRA_STD_186,0.0021,0.0021,típico,Perfumiarz: lista de alérgenos W04160_ALG_09-23.pdf,proveedor,https://perfumiarz.com/products/dreamwood-base,2026-10-01,Limonene - 0.0021% - 0.0021%,"columna «Total» del proveedor (Firmenich: adición directa + indirecta por naturales + indirecta por síntesis), % del producto; las columnas parciales no se usan; emparejada por el nombre del alérgeno (el CAS va en otra línea de la celda); sin fila en nombres-proveedores (producto sin CAS)"
,,dreamwood-base,Linalool,78-70-6,IFRA_STD_187,0.0009,0.0009,típico,Perfumiarz: lista de alérgenos W04160_ALG_09-23.pdf,proveedor,https://perfumiarz.com/products/dreamwood-base,2026-10-01,Linalool - 0.0009% - 0.0009%,"columna «Total» del proveedor (Firmenich: adición directa + indirecta por naturales + indirecta por síntesis), % del producto; las columnas parciales no se usan; emparejada por el nombre del alérgeno (el CAS va en otra línea de la celda); sin fila en nombres-proveedores (producto sin CAS)"
,,dreamwood-base,Carvone,2244-16-8,IFRA_STD_016,0.0006,0.0006,típico,Perfumiarz: lista de alérgenos W04160_ALG_09-23.pdf,proveedor,https://perfumiarz.com/products/dreamwood-base,2026-10-01,Carvone 3 - 0.0006% - 0.0006%,"columna «Total» del proveedor (Firmenich: adición directa + indirecta por naturales + indirecta por síntesis), % del producto; las columnas parciales no se usan; emparejada por el nombre del alérgeno (el CAS va en otra línea de la celda); sin fila en nombres-proveedores (producto sin CAS)"
,8046-22-8,Tonka Absolute,,,,,,sin-cifra,Perfumiarz: lista de alérgenos W06051_ALG_01-25.pdf,proveedor,https://perfumiarz.com/products/tonka-absolute,2026-10-01,,la lista no declara ningún alérgeno con estándar IFRA; CAS 8046-22-8 sin fila en el glosario
,,fixobois,Benzyl Alcohol,100-51-6,IFRA_STD_008,0.0004,0.0004,típico,Perfumiarz: lista de alérgenos W06070_ALG_09-23.pdf,proveedor,https://perfumiarz.com/products/fixobois,2026-10-01,Benzyl Alcohol - - 0.0004% 0.0004%,"columna «Total» del proveedor (Firmenich: adición directa + indirecta por naturales + indirecta por síntesis), % del producto; las columnas parciales no se usan; emparejada por el nombre del alérgeno (el CAS va en otra línea de la celda); sin fila en nombres-proveedores (producto sin CAS)"
,,fixobois,Benzaldehyde,100-52-7,IFRA_STD_007,0.0003,0.0003,típico,Perfumiarz: lista de alérgenos W06070_ALG_09-23.pdf,proveedor,https://perfumiarz.com/products/fixobois,2026-10-01,Benzaldehyde 3 - - 0.0003% 0.0003%,"columna «Total» del proveedor (Firmenich: adición directa + indirecta por naturales + indirecta por síntesis), % del producto; las columnas parciales no se usan; emparejada por el nombre del alérgeno (el CAS va en otra línea de la celda); sin fila en nombres-proveedores (producto sin CAS)"
,,fixobois,Rose Ketones,23696-85-7,IFRA_STD_077,0.0036,0.0036,típico,Perfumiarz: lista de alérgenos W06070_ALG_09-23.pdf,proveedor,https://perfumiarz.com/products/fixobois,2026-10-01,Rose Ketones 3 0.0035% - 0.0001% 0.0036%,"columna «Total» del proveedor (Firmenich: adición directa + indirecta por naturales + indirecta por síntesis), % del producto; las columnas parciales no se usan; emparejada por el nombre del alérgeno (el CAS va en otra línea de la celda); sin fila en nombres-proveedores (producto sin CAS)"
,9000-24-2,Galbanum Resinoide Super 50% (ethanol),Anise Alcohol,105-13-5,IFRA_STD_006,0.0348,0.0348,típico,Perfumiarz: lista de alérgenos W07015_ALG_10-24.pdf,proveedor,https://perfumiarz.com/products/galbanum-resinoide-super,2026-10-01,Anise Alcohol - 0.0348% - 0.0348%,"columna «Total» del proveedor (Firmenich: adición directa + indirecta por naturales + indirecta por síntesis), % del producto; las columnas parciales no se usan; emparejada por el nombre del alérgeno (el CAS va en otra línea de la celda); CAS 9000-24-2 sin fila en el glosario"
,9000-24-2,Galbanum Resinoide Super 50% (ethanol),Benzyl Alcohol,100-51-6,IFRA_STD_008,0.0168,0.0168,típico,Perfumiarz: lista de alérgenos W07015_ALG_10-24.pdf,proveedor,https://perfumiarz.com/products/galbanum-resinoide-super,2026-10-01,Benzyl Alcohol - 0.0168% - 0.0168%,"columna «Total» del proveedor (Firmenich: adición directa + indirecta por naturales + indirecta por síntesis), % del producto; las columnas parciales no se usan; emparejada por el nombre del alérgeno (el CAS va en otra línea de la celda); CAS 9000-24-2 sin fila en el glosario"
,9000-24-2,Galbanum Resinoide Super 50% (ethanol),Benzyl Benzoate,120-51-4,IFRA_STD_009,0.0036,0.0036,típico,Perfumiarz: lista de alérgenos W07015_ALG_10-24.pdf,proveedor,https://perfumiarz.com/products/galbanum-resinoide-super,2026-10-01,Benzyl Benzoate - 0.0036% - 0.0036%,"columna «Total» del proveedor (Firmenich: adición directa + indirecta por naturales + indirecta por síntesis), % del producto; las columnas parciales no se usan; emparejada por el nombre del alérgeno (el CAS va en otra línea de la celda); CAS 9000-24-2 sin fila en el glosario"
,9000-24-2,Galbanum Resinoide Super 50% (ethanol),Limonene,138-86-3,IFRA_STD_186,0.5844,0.5844,típico,Perfumiarz: lista de alérgenos W07015_ALG_10-24.pdf,proveedor,https://perfumiarz.com/products/galbanum-resinoide-super,2026-10-01,Limonene - 0.5844% - 0.5844%,"columna «Total» del proveedor (Firmenich: adición directa + indirecta por naturales + indirecta por síntesis), % del producto; las columnas parciales no se usan; emparejada por el nombre del alérgeno (el CAS va en otra línea de la celda); CAS 9000-24-2 sin fila en el glosario"
,9000-24-2,Galbanum Resinoide Super 50% (ethanol),Linalool,78-70-6,IFRA_STD_187,0.1063,0.1063,típico,Perfumiarz: lista de alérgenos W07015_ALG_10-24.pdf,proveedor,https://perfumiarz.com/products/galbanum-resinoide-super,2026-10-01,Linalool - 0.1063% - 0.1063%,"columna «Total» del proveedor (Firmenich: adición directa + indirecta por naturales + indirecta por síntesis), % del producto; las columnas parciales no se usan; emparejada por el nombre del alérgeno (el CAS va en otra línea de la celda); CAS 9000-24-2 sin fila en el glosario"
,90045-56-0,Immortele Absolute,Anise Alcohol,105-13-5,IFRA_STD_006,0.0036,0.0036,típico,Perfumiarz: lista de alérgenos W09010_ALG_09-23.pdf,proveedor,https://perfumiarz.com/products/immortele-absolute,2026-10-01,Anise Alcohol - 0.0036% - 0.0036%,"columna «Total» del proveedor (Firmenich: adición directa + indirecta por naturales + indirecta por síntesis), % del producto; las columnas parciales no se usan; emparejada por el nombre del alérgeno (el CAS va en otra línea de la celda); CAS 90045-56-0 sin fila en el glosario"
,90045-56-0,Immortele Absolute,Benzyl Alcohol,100-51-6,IFRA_STD_008,0.0078,0.0078,típico,Perfumiarz: lista de alérgenos W09010_ALG_09-23.pdf,proveedor,https://perfumiarz.com/products/immortele-absolute,2026-10-01,Benzyl Alcohol - 0.0078% - 0.0078%,"columna «Total» del proveedor (Firmenich: adición directa + indirecta por naturales + indirecta por síntesis), % del producto; las columnas parciales no se usan; emparejada por el nombre del alérgeno (el CAS va en otra línea de la celda); CAS 90045-56-0 sin fila en el glosario"
,90045-56-0,Immortele Absolute,Eugenol,97-53-0,IFRA_STD_035,0.0115,0.0115,típico,Perfumiarz: lista de alérgenos W09010_ALG_09-23.pdf,proveedor,https://perfumiarz.com/products/immortele-absolute,2026-10-01,Eugenol - 0.0115% - 0.0115%,"columna «Total» del proveedor (Firmenich: adición directa + indirecta por naturales + indirecta por síntesis), % del producto; las columnas parciales no se usan; emparejada por el nombre del alérgeno (el CAS va en otra línea de la celda); CAS 90045-56-0 sin fila en el glosario"
,90045-56-0,Immortele Absolute,Geraniol,106-24-1,IFRA_STD_037,0.0048,0.0048,típico,Perfumiarz: lista de alérgenos W09010_ALG_09-23.pdf,proveedor,https://perfumiarz.com/products/immortele-absolute,2026-10-01,Geraniol - 0.0048% - 0.0048%,"columna «Total» del proveedor (Firmenich: adición directa + indirecta por naturales + indirecta por síntesis), % del producto; las columnas parciales no se usan; emparejada por el nombre del alérgeno (el CAS va en otra línea de la celda); CAS 90045-56-0 sin fila en el glosario"
,90045-56-0,Immortele Absolute,Limonene,138-86-3,IFRA_STD_186,0.126,0.126,típico,Perfumiarz: lista de alérgenos W09010_ALG_09-23.pdf,proveedor,https://perfumiarz.com/products/immortele-absolute,2026-10-01,Limonene - 0.1260% - 0.1260%,"columna «Total» del proveedor (Firmenich: adición directa + indirecta por naturales + indirecta por síntesis), % del producto; las columnas parciales no se usan; emparejada por el nombre del alérgeno (el CAS va en otra línea de la celda); CAS 90045-56-0 sin fila en el glosario"
,90045-56-0,Immortele Absolute,Linalool,78-70-6,IFRA_STD_187,0.0516,0.0516,típico,Perfumiarz: lista de alérgenos W09010_ALG_09-23.pdf,proveedor,https://perfumiarz.com/products/immortele-absolute,2026-10-01,Linalool - 0.0516% - 0.0516%,"columna «Total» del proveedor (Firmenich: adición directa + indirecta por naturales + indirecta por síntesis), % del producto; las columnas parciales no se usan; emparejada por el nombre del alérgeno (el CAS va en otra línea de la celda); CAS 90045-56-0 sin fila en el glosario"
,90045-56-0,Immortele Absolute,Carvone,2244-16-8,IFRA_STD_016,0.0007,0.0007,típico,Perfumiarz: lista de alérgenos W09010_ALG_09-23.pdf,proveedor,https://perfumiarz.com/products/immortele-absolute,2026-10-01,Carvone 3 - 0.0007% - 0.0007%,"columna «Total» del proveedor (Firmenich: adición directa + indirecta por naturales + indirecta por síntesis), % del producto; las columnas parciales no se usan; emparejada por el nombre del alérgeno (el CAS va en otra línea de la celda); CAS 90045-56-0 sin fila en el glosario"
,,ivy-base,,,,,,sin-cifra,Perfumiarz: lista de alérgenos W09650_ALG_05-25.pdf,proveedor,https://perfumiarz.com/products/ivy-base,2026-10-01,,la lista no declara ningún alérgeno con estándar IFRA; sin fila en nombres-proveedores (producto sin CAS)
,,jasmophore,Benzyl Alcohol,100-51-6,IFRA_STD_008,0.0073,0.0073,típico,Perfumiarz: lista de alérgenos W10040_ALG_09-23.pdf,proveedor,https://perfumiarz.com/products/jasmophore,2026-10-01,Benzyl Alcohol - - 0.0073% 0.0073%,"columna «Total» del proveedor (Firmenich: adición directa + indirecta por naturales + indirecta por síntesis), % del producto; las columnas parciales no se usan; emparejada por el nombre del alérgeno (el CAS va en otra línea de la celda); sin fila en nombres-proveedores (producto sin CAS)"
,,jasmophore,Benzyl Benzoate,120-51-4,IFRA_STD_009,0.0034,0.0034,típico,Perfumiarz: lista de alérgenos W10040_ALG_09-23.pdf,proveedor,https://perfumiarz.com/products/jasmophore,2026-10-01,Benzyl Benzoate - - 0.0034% 0.0034%,"columna «Total» del proveedor (Firmenich: adición directa + indirecta por naturales + indirecta por síntesis), % del producto; las columnas parciales no se usan; emparejada por el nombre del alérgeno (el CAS va en otra línea de la celda); sin fila en nombres-proveedores (producto sin CAS)"
,,jasmophore,Benzyl Salicylate,118-58-1,IFRA_STD_011,5.4645,5.4645,típico,Perfumiarz: lista de alérgenos W10040_ALG_09-23.pdf,proveedor,https://perfumiarz.com/products/jasmophore,2026-10-01,Benzyl Salicylate 5.4645% - - 5.4645%,"columna «Total» del proveedor (Firmenich: adición directa + indirecta por naturales + indirecta por síntesis), % del producto; las columnas parciales no se usan; emparejada por el nombre del alérgeno (el CAS va en otra línea de la celda); sin fila en nombres-proveedores (producto sin CAS)"
,,jasmophore,Eugenol,97-53-0,IFRA_STD_035,0.0434,0.0434,típico,Perfumiarz: lista de alérgenos W10040_ALG_09-23.pdf,proveedor,https://perfumiarz.com/products/jasmophore,2026-10-01,Eugenol - - 0.0434% 0.0434%,"columna «Total» del proveedor (Firmenich: adición directa + indirecta por naturales + indirecta por síntesis), % del producto; las columnas parciales no se usan; emparejada por el nombre del alérgeno (el CAS va en otra línea de la celda); sin fila en nombres-proveedores (producto sin CAS)"
,,jasmophore,Isoeugenol,5932-68-3,IFRA_STD_048,0.0033,0.0033,típico,Perfumiarz: lista de alérgenos W10040_ALG_09-23.pdf,proveedor,https://perfumiarz.com/products/jasmophore,2026-10-01,Isoeugenol - - 0.0033% 0.0033%,"columna «Total» del proveedor (Firmenich: adición directa + indirecta por naturales + indirecta por síntesis), % del producto; las columnas parciales no se usan; emparejada por el nombre del alérgeno (el CAS va en otra línea de la celda); sin fila en nombres-proveedores (producto sin CAS)"
,,jasmophore,Benzaldehyde,100-52-7,IFRA_STD_007,0.0034,0.0034,típico,Perfumiarz: lista de alérgenos W10040_ALG_09-23.pdf,proveedor,https://perfumiarz.com/products/jasmophore,2026-10-01,Benzaldehyde 3 - - 0.0034% 0.0034%,"columna «Total» del proveedor (Firmenich: adición directa + indirecta por naturales + indirecta por síntesis), % del producto; las columnas parciales no se usan; emparejada por el nombre del alérgeno (el CAS va en otra línea de la celda); sin fila en nombres-proveedores (producto sin CAS)"
,,jasmophore,Isoeugenyl Acetate,93-29-8,IFRA_STD_255,0.0182,0.0182,típico,Perfumiarz: lista de alérgenos W10040_ALG_09-23.pdf,proveedor,https://perfumiarz.com/products/jasmophore,2026-10-01,Isoeugenyl acetate 3 - - 0.0182% 0.0182%,"columna «Total» del proveedor (Firmenich: adición directa + indirecta por naturales + indirecta por síntesis), % del producto; las columnas parciales no se usan; emparejada por el nombre del alérgeno (el CAS va en otra línea de la celda); sin fila en nombres-proveedores (producto sin CAS)"
,8016-26-0,Labdanum Absolute 50% (DPG),Benzyl Alcohol,100-51-6,IFRA_STD_008,0.0045,0.0045,típico,Perfumiarz: lista de alérgenos W12005_ALG_05-22.pdf,proveedor,https://perfumiarz.com/products/labdanum-absolute,2026-10-01,Benzyl Alcohol - 0.0045% - 0.0045%,"columna «Total» del proveedor (Firmenich: adición directa + indirecta por naturales + indirecta por síntesis), % del producto; las columnas parciales no se usan; emparejada por el nombre del alérgeno (el CAS va en otra línea de la celda); forma ambigua, candidatas: fig:1462, fig:2143, fig:2144, tl:cistus-absolute-pyrogenated, tl:labdanum-exudate-absolute"
,8016-26-0,Labdanum Absolute 50% (DPG),Benzyl Benzoate,120-51-4,IFRA_STD_009,0.006,0.006,típico,Perfumiarz: lista de alérgenos W12005_ALG_05-22.pdf,proveedor,https://perfumiarz.com/products/labdanum-absolute,2026-10-01,Benzyl Benzoate - 0.0060% - 0.0060%,"columna «Total» del proveedor (Firmenich: adición directa + indirecta por naturales + indirecta por síntesis), % del producto; las columnas parciales no se usan; emparejada por el nombre del alérgeno (el CAS va en otra línea de la celda); forma ambigua, candidatas: fig:1462, fig:2143, fig:2144, tl:cistus-absolute-pyrogenated, tl:labdanum-exudate-absolute"
,8016-26-0,Labdanum Absolute 50% (DPG),Benzyl Salicylate,118-58-1,IFRA_STD_011,0.0024,0.0024,típico,Perfumiarz: lista de alérgenos W12005_ALG_05-22.pdf,proveedor,https://perfumiarz.com/products/labdanum-absolute,2026-10-01,Benzyl Salicylate - 0.0024% - 0.0024%,"columna «Total» del proveedor (Firmenich: adición directa + indirecta por naturales + indirecta por síntesis), % del producto; las columnas parciales no se usan; emparejada por el nombre del alérgeno (el CAS va en otra línea de la celda); forma ambigua, candidatas: fig:1462, fig:2143, fig:2144, tl:cistus-absolute-pyrogenated, tl:labdanum-exudate-absolute"
,8016-26-0,Labdanum Absolute 50% (DPG),Eugenol,97-53-0,IFRA_STD_035,0.0082,0.0082,típico,Perfumiarz: lista de alérgenos W12005_ALG_05-22.pdf,proveedor,https://perfumiarz.com/products/labdanum-absolute,2026-10-01,Eugenol - 0.0082% - 0.0082%,"columna «Total» del proveedor (Firmenich: adición directa + indirecta por naturales + indirecta por síntesis), % del producto; las columnas parciales no se usan; emparejada por el nombre del alérgeno (el CAS va en otra línea de la celda); forma ambigua, candidatas: fig:1462, fig:2143, fig:2144, tl:cistus-absolute-pyrogenated, tl:labdanum-exudate-absolute"
,8016-26-0,Labdanum Absolute 50% (DPG),Geraniol,106-24-1,IFRA_STD_037,0.0111,0.0111,típico,Perfumiarz: lista de alérgenos W12005_ALG_05-22.pdf,proveedor,https://perfumiarz.com/products/labdanum-absolute,2026-10-01,Geraniol - 0.0111% - 0.0111%,"columna «Total» del proveedor (Firmenich: adición directa + indirecta por naturales + indirecta por síntesis), % del producto; las columnas parciales no se usan; emparejada por el nombre del alérgeno (el CAS va en otra línea de la celda); forma ambigua, candidatas: fig:1462, fig:2143, fig:2144, tl:cistus-absolute-pyrogenated, tl:labdanum-exudate-absolute"
,8016-26-0,Labdanum Absolute 50% (DPG),Limonene,138-86-3,IFRA_STD_186,0.0073,0.0073,típico,Perfumiarz: lista de alérgenos W12005_ALG_05-22.pdf,proveedor,https://perfumiarz.com/products/labdanum-absolute,2026-10-01,Limonene - 0.0073% - 0.0073%,"columna «Total» del proveedor (Firmenich: adición directa + indirecta por naturales + indirecta por síntesis), % del producto; las columnas parciales no se usan; emparejada por el nombre del alérgeno (el CAS va en otra línea de la celda); forma ambigua, candidatas: fig:1462, fig:2143, fig:2144, tl:cistus-absolute-pyrogenated, tl:labdanum-exudate-absolute"
,8016-26-0,Labdanum Absolute 50% (DPG),Linalool,78-70-6,IFRA_STD_187,0.0048,0.0048,típico,Perfumiarz: lista de alérgenos W12005_ALG_05-22.pdf,proveedor,https://perfumiarz.com/products/labdanum-absolute,2026-10-01,Linalool - 0.0048% - 0.0048%,"columna «Total» del proveedor (Firmenich: adición directa + indirecta por naturales + indirecta por síntesis), % del producto; las columnas parciales no se usan; emparejada por el nombre del alérgeno (el CAS va en otra línea de la celda); forma ambigua, candidatas: fig:1462, fig:2143, fig:2144, tl:cistus-absolute-pyrogenated, tl:labdanum-exudate-absolute"
,8022-15-9,Lavandin Grosso Oil (France),Benzyl Alcohol,100-51-6,IFRA_STD_008,0.004,0.004,típico,Perfumiarz: lista de alérgenos W12018_ALG_10-20.pdf,proveedor,https://perfumiarz.com/products/lavandin-grosso-france,2026-10-01,Benzyl Alcohol < 1ppm 0.0040% < 1ppm 0.0040%,"columna «Total» del proveedor (Firmenich: adición directa + indirecta por naturales + indirecta por síntesis), % del producto; las columnas parciales no se usan; emparejada por el nombre del alérgeno (el CAS va en otra línea de la celda); forma ambigua, candidatas: fig:2164, fig:2166, fig:2173, fig:2174, fig:2175, tl:lavandin-abrialis-oil-low-coumarin, tl:lavandin-abrialis-oil-rectified, tl:lavandin-grosso-oil-rectified"
,8022-15-9,Lavandin Grosso Oil (France),Citral,106-26-3,IFRA_STD_021,0.016,0.016,típico,Perfumiarz: lista de alérgenos W12018_ALG_10-20.pdf,proveedor,https://perfumiarz.com/products/lavandin-grosso-france,2026-10-01,Citral < 1ppm 0.0160% < 1ppm 0.0160%,"columna «Total» del proveedor (Firmenich: adición directa + indirecta por naturales + indirecta por síntesis), % del producto; las columnas parciales no se usan; emparejada por el nombre del alérgeno (el CAS va en otra línea de la celda); forma ambigua, candidatas: fig:2164, fig:2166, fig:2173, fig:2174, fig:2175, tl:lavandin-abrialis-oil-low-coumarin, tl:lavandin-abrialis-oil-rectified, tl:lavandin-grosso-oil-rectified"
,8022-15-9,Lavandin Grosso Oil (France),Citronellol,106-22-9,IFRA_STD_022,0.003,0.003,típico,Perfumiarz: lista de alérgenos W12018_ALG_10-20.pdf,proveedor,https://perfumiarz.com/products/lavandin-grosso-france,2026-10-01,Citronellol < 1ppm 0.0030% < 1ppm 0.0030%,"columna «Total» del proveedor (Firmenich: adición directa + indirecta por naturales + indirecta por síntesis), % del producto; las columnas parciales no se usan; emparejada por el nombre del alérgeno (el CAS va en otra línea de la celda); forma ambigua, candidatas: fig:2164, fig:2166, fig:2173, fig:2174, fig:2175, tl:lavandin-abrialis-oil-low-coumarin, tl:lavandin-abrialis-oil-rectified, tl:lavandin-grosso-oil-rectified"
,8022-15-9,Lavandin Grosso Oil (France),Coumarin,91-64-5,IFRA_STD_023,0.25,0.25,típico,Perfumiarz: lista de alérgenos W12018_ALG_10-20.pdf,proveedor,https://perfumiarz.com/products/lavandin-grosso-france,2026-10-01,Coumarin < 1ppm 0.2500% < 1ppm 0.2500%,"columna «Total» del proveedor (Firmenich: adición directa + indirecta por naturales + indirecta por síntesis), % del producto; las columnas parciales no se usan; emparejada por el nombre del alérgeno (el CAS va en otra línea de la celda); forma ambigua, candidatas: fig:2164, fig:2166, fig:2173, fig:2174, fig:2175, tl:lavandin-abrialis-oil-low-coumarin, tl:lavandin-abrialis-oil-rectified, tl:lavandin-grosso-oil-rectified"
,8022-15-9,Lavandin Grosso Oil (France),Eugenol,97-53-0,IFRA_STD_035,0.009,0.009,típico,Perfumiarz: lista de alérgenos W12018_ALG_10-20.pdf,proveedor,https://perfumiarz.com/products/lavandin-grosso-france,2026-10-01,Eugenol < 1ppm 0.0090% < 1ppm 0.0090%,"columna «Total» del proveedor (Firmenich: adición directa + indirecta por naturales + indirecta por síntesis), % del producto; las columnas parciales no se usan; emparejada por el nombre del alérgeno (el CAS va en otra línea de la celda); forma ambigua, candidatas: fig:2164, fig:2166, fig:2173, fig:2174, fig:2175, tl:lavandin-abrialis-oil-low-coumarin, tl:lavandin-abrialis-oil-rectified, tl:lavandin-grosso-oil-rectified"
,8022-15-9,Lavandin Grosso Oil (France),Farnesol,4602-84-0,IFRA_STD_036,0.014,0.014,típico,Perfumiarz: lista de alérgenos W12018_ALG_10-20.pdf,proveedor,https://perfumiarz.com/products/lavandin-grosso-france,2026-10-01,Farnesol < 1ppm 0.0140% < 1ppm 0.0140%,"columna «Total» del proveedor (Firmenich: adición directa + indirecta por naturales + indirecta por síntesis), % del producto; las columnas parciales no se usan; emparejada por el nombre del alérgeno (el CAS va en otra línea de la celda); forma ambigua, candidatas: fig:2164, fig:2166, fig:2173, fig:2174, fig:2175, tl:lavandin-abrialis-oil-low-coumarin, tl:lavandin-abrialis-oil-rectified, tl:lavandin-grosso-oil-rectified"
,8022-15-9,Lavandin Grosso Oil (France),Geraniol,106-24-1,IFRA_STD_037,0.749,0.749,típico,Perfumiarz: lista de alérgenos W12018_ALG_10-20.pdf,proveedor,https://perfumiarz.com/products/lavandin-grosso-france,2026-10-01,Geraniol < 1ppm 0.7490% < 1ppm 0.7490%,"columna «Total» del proveedor (Firmenich: adición directa + indirecta por naturales + indirecta por síntesis), % del producto; las columnas parciales no se usan; emparejada por el nombre del alérgeno (el CAS va en otra línea de la celda); forma ambigua, candidatas: fig:2164, fig:2166, fig:2173, fig:2174, fig:2175, tl:lavandin-abrialis-oil-low-coumarin, tl:lavandin-abrialis-oil-rectified, tl:lavandin-grosso-oil-rectified"
,8022-15-9,Lavandin Grosso Oil (France),Limonene,138-86-3,IFRA_STD_186,1,1,típico,Perfumiarz: lista de alérgenos W12018_ALG_10-20.pdf,proveedor,https://perfumiarz.com/products/lavandin-grosso-france,2026-10-01,Limonene < 1ppm 1.0000% < 1ppm 1.0000%,"columna «Total» del proveedor (Firmenich: adición directa + indirecta por naturales + indirecta por síntesis), % del producto; las columnas parciales no se usan; emparejada por el nombre del alérgeno (el CAS va en otra línea de la celda); forma ambigua, candidatas: fig:2164, fig:2166, fig:2173, fig:2174, fig:2175, tl:lavandin-abrialis-oil-low-coumarin, tl:lavandin-abrialis-oil-rectified, tl:lavandin-grosso-oil-rectified"
,8022-15-9,Lavandin Grosso Oil (France),Linalool,78-70-6,IFRA_STD_187,38.852,38.852,típico,Perfumiarz: lista de alérgenos W12018_ALG_10-20.pdf,proveedor,https://perfumiarz.com/products/lavandin-grosso-france,2026-10-01,Linalool < 1ppm 38.8520% < 1ppm 38.8520%,"columna «Total» del proveedor (Firmenich: adición directa + indirecta por naturales + indirecta por síntesis), % del producto; las columnas parciales no se usan; emparejada por el nombre del alérgeno (el CAS va en otra línea de la celda); forma ambigua, candidatas: fig:2164, fig:2166, fig:2173, fig:2174, fig:2175, tl:lavandin-abrialis-oil-low-coumarin, tl:lavandin-abrialis-oil-rectified, tl:lavandin-grosso-oil-rectified"
,,leather-oud,Benzyl Benzoate,120-51-4,IFRA_STD_009,0.0004,0.0004,típico,Perfumiarz: lista de alérgenos W12020_ALG_01-24.pdf,proveedor,https://perfumiarz.com/products/leather-oud,2026-10-01,Benzyl Benzoate - - 0.0003% 0.0004%,"columna «Total» del proveedor (Firmenich: adición directa + indirecta por naturales + indirecta por síntesis), % del producto; las columnas parciales no se usan; emparejada por el nombre del alérgeno (el CAS va en otra línea de la celda); sin fila en nombres-proveedores (producto sin CAS)"
,,leather-oud,Benzyl Cinnamate,103-41-3,IFRA_STD_010,0.0002,0.0002,típico,Perfumiarz: lista de alérgenos W12020_ALG_01-24.pdf,proveedor,https://perfumiarz.com/products/leather-oud,2026-10-01,Benzyl Cinnamate 0.0002% - - 0.0002%,"columna «Total» del proveedor (Firmenich: adición directa + indirecta por naturales + indirecta por síntesis), % del producto; las columnas parciales no se usan; emparejada por el nombre del alérgeno (el CAS va en otra línea de la celda); sin fila en nombres-proveedores (producto sin CAS)"
,,leather-oud,Cinnamyl Alcohol,104-54-1,IFRA_STD_017,0.0004,0.0004,típico,Perfumiarz: lista de alérgenos W12020_ALG_01-24.pdf,proveedor,https://perfumiarz.com/products/leather-oud,2026-10-01,Cinnamyl Alcohol 0.0004% - - 0.0004%,"columna «Total» del proveedor (Firmenich: adición directa + indirecta por naturales + indirecta por síntesis), % del producto; las columnas parciales no se usan; emparejada por el nombre del alérgeno (el CAS va en otra línea de la celda); sin fila en nombres-proveedores (producto sin CAS)"
,,leather-oud,Eugenol,97-53-0,IFRA_STD_035,0.0006,0.0006,típico,Perfumiarz: lista de alérgenos W12020_ALG_01-24.pdf,proveedor,https://perfumiarz.com/products/leather-oud,2026-10-01,Eugenol - 0.0006% - 0.0006%,"columna «Total» del proveedor (Firmenich: adición directa + indirecta por naturales + indirecta por síntesis), % del producto; las columnas parciales no se usan; emparejada por el nombre del alérgeno (el CAS va en otra línea de la celda); sin fila en nombres-proveedores (producto sin CAS)"
,,leather-oud,Farnesol,4602-84-0,IFRA_STD_036,0.0069,0.0069,típico,Perfumiarz: lista de alérgenos W12020_ALG_01-24.pdf,proveedor,https://perfumiarz.com/products/leather-oud,2026-10-01,Farnesol - 0.0069% - 0.0069%,"columna «Total» del proveedor (Firmenich: adición directa + indirecta por naturales + indirecta por síntesis), % del producto; las columnas parciales no se usan; emparejada por el nombre del alérgeno (el CAS va en otra línea de la celda); sin fila en nombres-proveedores (producto sin CAS)"
,,leather-oud,Geraniol,106-24-1,IFRA_STD_037,0.0003,0.0003,típico,Perfumiarz: lista de alérgenos W12020_ALG_01-24.pdf,proveedor,https://perfumiarz.com/products/leather-oud,2026-10-01,Geraniol - 0.0003% - 0.0003%,"columna «Total» del proveedor (Firmenich: adición directa + indirecta por naturales + indirecta por síntesis), % del producto; las columnas parciales no se usan; emparejada por el nombre del alérgeno (el CAS va en otra línea de la celda); sin fila en nombres-proveedores (producto sin CAS)"
,,leather-oud,Isoeugenol,5932-68-3,IFRA_STD_048,0.0002,0.0002,típico,Perfumiarz: lista de alérgenos W12020_ALG_01-24.pdf,proveedor,https://perfumiarz.com/products/leather-oud,2026-10-01,Isoeugenol - 0.0002% - 0.0002%,"columna «Total» del proveedor (Firmenich: adición directa + indirecta por naturales + indirecta por síntesis), % del producto; las columnas parciales no se usan; emparejada por el nombre del alérgeno (el CAS va en otra línea de la celda); sin fila en nombres-proveedores (producto sin CAS)"
,,leather-oud,Limonene,138-86-3,IFRA_STD_186,0.0018,0.0018,típico,Perfumiarz: lista de alérgenos W12020_ALG_01-24.pdf,proveedor,https://perfumiarz.com/products/leather-oud,2026-10-01,Limonene - 0.0018% - 0.0018%,"columna «Total» del proveedor (Firmenich: adición directa + indirecta por naturales + indirecta por síntesis), % del producto; las columnas parciales no se usan; emparejada por el nombre del alérgeno (el CAS va en otra línea de la celda); sin fila en nombres-proveedores (producto sin CAS)"
,,leather-oud,Linalool,78-70-6,IFRA_STD_187,0.0002,0.0002,típico,Perfumiarz: lista de alérgenos W12020_ALG_01-24.pdf,proveedor,https://perfumiarz.com/products/leather-oud,2026-10-01,Linalool - 0.0002% - 0.0002%,"columna «Total» del proveedor (Firmenich: adición directa + indirecta por naturales + indirecta por síntesis), % del producto; las columnas parciales no se usan; emparejada por el nombre del alérgeno (el CAS va en otra línea de la celda); sin fila en nombres-proveedores (producto sin CAS)"
,,leather-oud,Benzaldehyde,100-52-7,IFRA_STD_007,0.004,0.004,típico,Perfumiarz: lista de alérgenos W12020_ALG_01-24.pdf,proveedor,https://perfumiarz.com/products/leather-oud,2026-10-01,Benzaldehyde 3 - 0.0040% - 0.0040%,"columna «Total» del proveedor (Firmenich: adición directa + indirecta por naturales + indirecta por síntesis), % del producto; las columnas parciales no se usan; emparejada por el nombre del alérgeno (el CAS va en otra línea de la celda); sin fila en nombres-proveedores (producto sin CAS)"
,,leather-oud,Carvone,2244-16-8,IFRA_STD_016,0.0003,0.0003,típico,Perfumiarz: lista de alérgenos W12020_ALG_01-24.pdf,proveedor,https://perfumiarz.com/products/leather-oud,2026-10-01,Carvone 3 - 0.0003% - 0.0003%,"columna «Total» del proveedor (Firmenich: adición directa + indirecta por naturales + indirecta por síntesis), % del producto; las columnas parciales no se usan; emparejada por el nombre del alérgeno (el CAS va en otra línea de la celda); sin fila en nombres-proveedores (producto sin CAS)"
,,limbwood-base,Benzyl Benzoate,120-51-4,IFRA_STD_009,0.0198,0.0198,típico,Perfumiarz: lista de alérgenos W12043_ALG_09-23.pdf,proveedor,https://perfumiarz.com/products/limbwood-base,2026-10-01,Benzyl Benzoate - 0.0054% 0.0144% 0.0198%,"columna «Total» del proveedor (Firmenich: adición directa + indirecta por naturales + indirecta por síntesis), % del producto; las columnas parciales no se usan; emparejada por el nombre del alérgeno (el CAS va en otra línea de la celda); sin fila en nombres-proveedores (producto sin CAS)"
,,limbwood-base,Limonene,138-86-3,IFRA_STD_186,0.0014,0.0014,típico,Perfumiarz: lista de alérgenos W12043_ALG_09-23.pdf,proveedor,https://perfumiarz.com/products/limbwood-base,2026-10-01,Limonene - 0.0014% - 0.0014%,"columna «Total» del proveedor (Firmenich: adición directa + indirecta por naturales + indirecta por síntesis), % del producto; las columnas parciales no se usan; emparejada por el nombre del alérgeno (el CAS va en otra línea de la celda); sin fila en nombres-proveedores (producto sin CAS)"
,8006-90-4,Mint Piperita Oil,Benzyl Alcohol,100-51-6,IFRA_STD_008,0.0036,0.0036,típico,Perfumiarz: lista de alérgenos W13063_ALG_11-24.pdf,proveedor,https://perfumiarz.com/products/mint-piperita,2026-10-01,Benzyl Alcohol - 0.0036% - 0.0036%,"columna «Total» del proveedor (Firmenich: adición directa + indirecta por naturales + indirecta por síntesis), % del producto; las columnas parciales no se usan; emparejada por el nombre del alérgeno (el CAS va en otra línea de la celda); forma ambigua, candidatas: fig:2634, fig:2635"
,8006-90-4,Mint Piperita Oil,Citral,106-26-3,IFRA_STD_021,0.0144,0.0144,típico,Perfumiarz: lista de alérgenos W13063_ALG_11-24.pdf,proveedor,https://perfumiarz.com/products/mint-piperita,2026-10-01,Citral - 0.0144% - 0.0144%,"columna «Total» del proveedor (Firmenich: adición directa + indirecta por naturales + indirecta por síntesis), % del producto; las columnas parciales no se usan; emparejada por el nombre del alérgeno (el CAS va en otra línea de la celda); forma ambigua, candidatas: fig:2634, fig:2635"
,8006-90-4,Mint Piperita Oil,Citronellol,106-22-9,IFRA_STD_022,0.0456,0.0456,típico,Perfumiarz: lista de alérgenos W13063_ALG_11-24.pdf,proveedor,https://perfumiarz.com/products/mint-piperita,2026-10-01,Citronellol - 0.0456% - 0.0456%,"columna «Total» del proveedor (Firmenich: adición directa + indirecta por naturales + indirecta por síntesis), % del producto; las columnas parciales no se usan; emparejada por el nombre del alérgeno (el CAS va en otra línea de la celda); forma ambigua, candidatas: fig:2634, fig:2635"
,8006-90-4,Mint Piperita Oil,Eugenol,97-53-0,IFRA_STD_035,0.0348,0.0348,típico,Perfumiarz: lista de alérgenos W13063_ALG_11-24.pdf,proveedor,https://perfumiarz.com/products/mint-piperita,2026-10-01,Eugenol - 0.0348% - 0.0348%,"columna «Total» del proveedor (Firmenich: adición directa + indirecta por naturales + indirecta por síntesis), % del producto; las columnas parciales no se usan; emparejada por el nombre del alérgeno (el CAS va en otra línea de la celda); forma ambigua, candidatas: fig:2634, fig:2635"
,8006-90-4,Mint Piperita Oil,Geraniol,106-24-1,IFRA_STD_037,0.006,0.006,típico,Perfumiarz: lista de alérgenos W13063_ALG_11-24.pdf,proveedor,https://perfumiarz.com/products/mint-piperita,2026-10-01,Geraniol - 0.0060% - 0.0060%,"columna «Total» del proveedor (Firmenich: adición directa + indirecta por naturales + indirecta por síntesis), % del producto; las columnas parciales no se usan; emparejada por el nombre del alérgeno (el CAS va en otra línea de la celda); forma ambigua, candidatas: fig:2634, fig:2635"
,8006-90-4,Mint Piperita Oil,Limonene,138-86-3,IFRA_STD_186,0.996,0.996,típico,Perfumiarz: lista de alérgenos W13063_ALG_11-24.pdf,proveedor,https://perfumiarz.com/products/mint-piperita,2026-10-01,Limonene - 0.9960% - 0.9960%,"columna «Total» del proveedor (Firmenich: adición directa + indirecta por naturales + indirecta por síntesis), % del producto; las columnas parciales no se usan; emparejada por el nombre del alérgeno (el CAS va en otra línea de la celda); forma ambigua, candidatas: fig:2634, fig:2635"
,8006-90-4,Mint Piperita Oil,Linalool,78-70-6,IFRA_STD_187,0.312,0.312,típico,Perfumiarz: lista de alérgenos W13063_ALG_11-24.pdf,proveedor,https://perfumiarz.com/products/mint-piperita,2026-10-01,Linalool - 0.3120% - 0.3120%,"columna «Total» del proveedor (Firmenich: adición directa + indirecta por naturales + indirecta por síntesis), % del producto; las columnas parciales no se usan; emparejada por el nombre del alérgeno (el CAS va en otra línea de la celda); forma ambigua, candidatas: fig:2634, fig:2635"
,8006-90-4,Mint Piperita Oil,Benzaldehyde,100-52-7,IFRA_STD_007,0.0156,0.0156,típico,Perfumiarz: lista de alérgenos W13063_ALG_11-24.pdf,proveedor,https://perfumiarz.com/products/mint-piperita,2026-10-01,Benzaldehyde 3 - 0.0156% - 0.0156%,"columna «Total» del proveedor (Firmenich: adición directa + indirecta por naturales + indirecta por síntesis), % del producto; las columnas parciales no se usan; emparejada por el nombre del alérgeno (el CAS va en otra línea de la celda); forma ambigua, candidatas: fig:2634, fig:2635"
,8006-90-4,Mint Piperita Oil,Carvone,2244-16-8,IFRA_STD_016,0.312,0.312,típico,Perfumiarz: lista de alérgenos W13063_ALG_11-24.pdf,proveedor,https://perfumiarz.com/products/mint-piperita,2026-10-01,Carvone 3 - 0.3120% - 0.3120%,"columna «Total» del proveedor (Firmenich: adición directa + indirecta por naturales + indirecta por síntesis), % del producto; las columnas parciales no se usan; emparejada por el nombre del alérgeno (el CAS va en otra línea de la celda); forma ambigua, candidatas: fig:2634, fig:2635"
,8006-90-4,Mint Piperita Oil,Rose Ketones,23696-85-7,IFRA_STD_077,0.0048,0.0048,típico,Perfumiarz: lista de alérgenos W13063_ALG_11-24.pdf,proveedor,https://perfumiarz.com/products/mint-piperita,2026-10-01,Rose Ketones 3 - 0.0048% - 0.0048%,"columna «Total» del proveedor (Firmenich: adición directa + indirecta por naturales + indirecta por síntesis), % del producto; las columnas parciales no se usan; emparejada por el nombre del alérgeno (el CAS va en otra línea de la celda); forma ambigua, candidatas: fig:2634, fig:2635"
,,mimosa-absolute-base-synthetic,Alpha-Isomethyl Ionone,127-51-5,IFRA_STD_063,0.0036,0.0036,típico,Perfumiarz: lista de alérgenos W13082_ALG_01-23.pdf,proveedor,https://perfumiarz.com/products/mimosa-absolute-base-synthetic,2026-10-01,Alpha-Isomethyl-ionone 0.0036% - - 0.0036%,"columna «Total» del proveedor (Firmenich: adición directa + indirecta por naturales + indirecta por síntesis), % del producto; las columnas parciales no se usan; emparejada por el nombre del alérgeno (el CAS va en otra línea de la celda); sin fila en nombres-proveedores (producto sin CAS)"
,,mimosa-absolute-base-synthetic,Amyl Cinnamal,122-40-7,IFRA_STD_005,0.005,0.005,típico,Perfumiarz: lista de alérgenos W13082_ALG_01-23.pdf,proveedor,https://perfumiarz.com/products/mimosa-absolute-base-synthetic,2026-10-01,Amyl Cinnamal 0.0050% - - 0.0050%,"columna «Total» del proveedor (Firmenich: adición directa + indirecta por naturales + indirecta por síntesis), % del producto; las columnas parciales no se usan; emparejada por el nombre del alérgeno (el CAS va en otra línea de la celda); sin fila en nombres-proveedores (producto sin CAS)"
,,mimosa-absolute-base-synthetic,Anise Alcohol,105-13-5,IFRA_STD_006,2.7002,2.7002,típico,Perfumiarz: lista de alérgenos W13082_ALG_01-23.pdf,proveedor,https://perfumiarz.com/products/mimosa-absolute-base-synthetic,2026-10-01,Anise Alcohol 2.7000% - 0.0002% 2.7002%,"columna «Total» del proveedor (Firmenich: adición directa + indirecta por naturales + indirecta por síntesis), % del producto; las columnas parciales no se usan; emparejada por el nombre del alérgeno (el CAS va en otra línea de la celda); sin fila en nombres-proveedores (producto sin CAS)"
,,mimosa-absolute-base-synthetic,Benzyl Alcohol,100-51-6,IFRA_STD_008,0.1513,0.1513,típico,Perfumiarz: lista de alérgenos W13082_ALG_01-23.pdf,proveedor,https://perfumiarz.com/products/mimosa-absolute-base-synthetic,2026-10-01,Benzyl Alcohol 0.1500% - 0.0013% 0.1513%,"columna «Total» del proveedor (Firmenich: adición directa + indirecta por naturales + indirecta por síntesis), % del producto; las columnas parciales no se usan; emparejada por el nombre del alérgeno (el CAS va en otra línea de la celda); sin fila en nombres-proveedores (producto sin CAS)"
,,mimosa-absolute-base-synthetic,Benzyl Benzoate,120-51-4,IFRA_STD_009,0.0252,0.0252,típico,Perfumiarz: lista de alérgenos W13082_ALG_01-23.pdf,proveedor,https://perfumiarz.com/products/mimosa-absolute-base-synthetic,2026-10-01,Benzyl Benzoate 0.0251% - - 0.0252%,"columna «Total» del proveedor (Firmenich: adición directa + indirecta por naturales + indirecta por síntesis), % del producto; las columnas parciales no se usan; emparejada por el nombre del alérgeno (el CAS va en otra línea de la celda); sin fila en nombres-proveedores (producto sin CAS)"
,,mimosa-absolute-base-synthetic,Benzyl Cinnamate,103-41-3,IFRA_STD_010,0.0001,0.0001,típico,Perfumiarz: lista de alérgenos W13082_ALG_01-23.pdf,proveedor,https://perfumiarz.com/products/mimosa-absolute-base-synthetic,2026-10-01,Benzyl Cinnamate - 0.0001% - 0.0001%,"columna «Total» del proveedor (Firmenich: adición directa + indirecta por naturales + indirecta por síntesis), % del producto; las columnas parciales no se usan; emparejada por el nombre del alérgeno (el CAS va en otra línea de la celda); sin fila en nombres-proveedores (producto sin CAS)"
,,mimosa-absolute-base-synthetic,Benzyl Salicylate,118-58-1,IFRA_STD_011,0.0101,0.0101,típico,Perfumiarz: lista de alérgenos W13082_ALG_01-23.pdf,proveedor,https://perfumiarz.com/products/mimosa-absolute-base-synthetic,2026-10-01,Benzyl Salicylate 0.0100% 0.0001% - 0.0101%,"columna «Total» del proveedor (Firmenich: adición directa + indirecta por naturales + indirecta por síntesis), % del producto; las columnas parciales no se usan; emparejada por el nombre del alérgeno (el CAS va en otra línea de la celda); sin fila en nombres-proveedores (producto sin CAS)"
,,mimosa-absolute-base-synthetic,Cinnamal,104-55-2,IFRA_STD_018,0.0004,0.0004,típico,Perfumiarz: lista de alérgenos W13082_ALG_01-23.pdf,proveedor,https://perfumiarz.com/products/mimosa-absolute-base-synthetic,2026-10-01,Cinnamal 0.0004% - - 0.0004%,"columna «Total» del proveedor (Firmenich: adición directa + indirecta por naturales + indirecta por síntesis), % del producto; las columnas parciales no se usan; emparejada por el nombre del alérgeno (el CAS va en otra línea de la celda); sin fila en nombres-proveedores (producto sin CAS)"
,,mimosa-absolute-base-synthetic,Cinnamyl Alcohol,104-54-1,IFRA_STD_017,0.0015,0.0015,típico,Perfumiarz: lista de alérgenos W13082_ALG_01-23.pdf,proveedor,https://perfumiarz.com/products/mimosa-absolute-base-synthetic,2026-10-01,Cinnamyl Alcohol 0.0015% - - 0.0015%,"columna «Total» del proveedor (Firmenich: adición directa + indirecta por naturales + indirecta por síntesis), % del producto; las columnas parciales no se usan; emparejada por el nombre del alérgeno (el CAS va en otra línea de la celda); sin fila en nombres-proveedores (producto sin CAS)"
,,mimosa-absolute-base-synthetic,Citral,106-26-3,IFRA_STD_021,0.0015,0.0015,típico,Perfumiarz: lista de alérgenos W13082_ALG_01-23.pdf,proveedor,https://perfumiarz.com/products/mimosa-absolute-base-synthetic,2026-10-01,Citral 0.0015% - - 0.0015%,"columna «Total» del proveedor (Firmenich: adición directa + indirecta por naturales + indirecta por síntesis), % del producto; las columnas parciales no se usan; emparejada por el nombre del alérgeno (el CAS va en otra línea de la celda); sin fila en nombres-proveedores (producto sin CAS)"
,,mimosa-absolute-base-synthetic,Coumarin,91-64-5,IFRA_STD_023,0.05,0.05,típico,Perfumiarz: lista de alérgenos W13082_ALG_01-23.pdf,proveedor,https://perfumiarz.com/products/mimosa-absolute-base-synthetic,2026-10-01,Coumarin 0.0500% - - 0.0500%,"columna «Total» del proveedor (Firmenich: adición directa + indirecta por naturales + indirecta por síntesis), % del producto; las columnas parciales no se usan; emparejada por el nombre del alérgeno (el CAS va en otra línea de la celda); sin fila en nombres-proveedores (producto sin CAS)"
,,mimosa-absolute-base-synthetic,Eugenol,97-53-0,IFRA_STD_035,0.01,0.01,típico,Perfumiarz: lista de alérgenos W13082_ALG_01-23.pdf,proveedor,https://perfumiarz.com/products/mimosa-absolute-base-synthetic,2026-10-01,Eugenol 0.0100% - - 0.0100%,"columna «Total» del proveedor (Firmenich: adición directa + indirecta por naturales + indirecta por síntesis), % del producto; las columnas parciales no se usan; emparejada por el nombre del alérgeno (el CAS va en otra línea de la celda); sin fila en nombres-proveedores (producto sin CAS)"
,,mimosa-absolute-base-synthetic,Hydroxycitronellal,107-75-5,IFRA_STD_043,0.0003,0.0003,típico,Perfumiarz: lista de alérgenos W13082_ALG_01-23.pdf,proveedor,https://perfumiarz.com/products/mimosa-absolute-base-synthetic,2026-10-01,Hydroxycitronellal 0.0003% - - 0.0003%,"columna «Total» del proveedor (Firmenich: adición directa + indirecta por naturales + indirecta por síntesis), % del producto; las columnas parciales no se usan; emparejada por el nombre del alérgeno (el CAS va en otra línea de la celda); sin fila en nombres-proveedores (producto sin CAS)"
,,mimosa-absolute-base-synthetic,Limonene,138-86-3,IFRA_STD_186,0.0092,0.0092,típico,Perfumiarz: lista de alérgenos W13082_ALG_01-23.pdf,proveedor,https://perfumiarz.com/products/mimosa-absolute-base-synthetic,2026-10-01,Limonene - 0.0007% 0.0085% 0.0092%,"columna «Total» del proveedor (Firmenich: adición directa + indirecta por naturales + indirecta por síntesis), % del producto; las columnas parciales no se usan; emparejada por el nombre del alérgeno (el CAS va en otra línea de la celda); sin fila en nombres-proveedores (producto sin CAS)"
,,mimosa-absolute-base-synthetic,Linalool,78-70-6,IFRA_STD_187,0.0503,0.0503,típico,Perfumiarz: lista de alérgenos W13082_ALG_01-23.pdf,proveedor,https://perfumiarz.com/products/mimosa-absolute-base-synthetic,2026-10-01,Linalool 0.0501% 0.0001% - 0.0503%,"columna «Total» del proveedor (Firmenich: adición directa + indirecta por naturales + indirecta por síntesis), % del producto; las columnas parciales no se usan; emparejada por el nombre del alérgeno (el CAS va en otra línea de la celda); sin fila en nombres-proveedores (producto sin CAS)"
,,mirabelle-2000-f,Cinnamal,104-55-2,IFRA_STD_018,0.0637,0.0637,típico,Perfumiarz: lista de alérgenos W13092_ALG_09-23.pdf,proveedor,https://perfumiarz.com/products/mirabelle-2000-f,2026-10-01,Cinnamal - - 0.0637% 0.0637%,"columna «Total» del proveedor (Firmenich: adición directa + indirecta por naturales + indirecta por síntesis), % del producto; las columnas parciales no se usan; emparejada por el nombre del alérgeno (el CAS va en otra línea de la celda); sin fila en nombres-proveedores (producto sin CAS)"
,,mirabelle-2000-f,Cinnamyl Alcohol,104-54-1,IFRA_STD_017,0.1147,0.1147,típico,Perfumiarz: lista de alérgenos W13092_ALG_09-23.pdf,proveedor,https://perfumiarz.com/products/mirabelle-2000-f,2026-10-01,Cinnamyl Alcohol - - 0.1147% 0.1147%,"columna «Total» del proveedor (Firmenich: adición directa + indirecta por naturales + indirecta por síntesis), % del producto; las columnas parciales no se usan; emparejada por el nombre del alérgeno (el CAS va en otra línea de la celda); sin fila en nombres-proveedores (producto sin CAS)"
,,mirabelle-2000-f,Limonene,138-86-3,IFRA_STD_186,0.0058,0.0058,típico,Perfumiarz: lista de alérgenos W13092_ALG_09-23.pdf,proveedor,https://perfumiarz.com/products/mirabelle-2000-f,2026-10-01,Limonene - 0.0058% - 0.0058%,"columna «Total» del proveedor (Firmenich: adición directa + indirecta por naturales + indirecta por síntesis), % del producto; las columnas parciales no se usan; emparejada por el nombre del alérgeno (el CAS va en otra línea de la celda); sin fila en nombres-proveedores (producto sin CAS)"
,,mirabelle-2000-f,Benzaldehyde,100-52-7,IFRA_STD_007,0.1332,0.1332,típico,Perfumiarz: lista de alérgenos W13092_ALG_09-23.pdf,proveedor,https://perfumiarz.com/products/mirabelle-2000-f,2026-10-01,Benzaldehyde 3 - - 0.1332% 0.1332%,"columna «Total» del proveedor (Firmenich: adición directa + indirecta por naturales + indirecta por síntesis), % del producto; las columnas parciales no se usan; emparejada por el nombre del alérgeno (el CAS va en otra línea de la celda); sin fila en nombres-proveedores (producto sin CAS)"
,,honey-provence-firabs-honey-signature,,,,,,sin-cifra,Perfumiarz: lista de alérgenos W13094_ALG_06-25.pdf,proveedor,https://perfumiarz.com/products/honey-provence-firabs-honey-signature,2026-10-01,,la lista no declara ningún alérgeno con estándar IFRA; sin fila en nombres-proveedores (producto sin CAS)
,,narcisse-base-184092-d,Alpha-Isomethyl Ionone,127-51-5,IFRA_STD_063,1.4,1.4,típico,Perfumiarz: lista de alérgenos W14013_ALG_11-22.pdf,proveedor,https://perfumiarz.com/products/narcisse-base-184092-d,2026-10-01,Alpha-Isomethyl-ionone 1.4000% - - 1.4000%,"columna «Total» del proveedor (Firmenich: adición directa + indirecta por naturales + indirecta por síntesis), % del producto; las columnas parciales no se usan; emparejada por el nombre del alérgeno (el CAS va en otra línea de la celda); sin fila en nombres-proveedores (producto sin CAS)"
,,narcisse-base-184092-d,Benzyl Alcohol,100-51-6,IFRA_STD_008,6.5635,6.5635,típico,Perfumiarz: lista de alérgenos W14013_ALG_11-22.pdf,proveedor,https://perfumiarz.com/products/narcisse-base-184092-d,2026-10-01,Benzyl Alcohol 6.5000% - 0.0635% 6.5635%,"columna «Total» del proveedor (Firmenich: adición directa + indirecta por naturales + indirecta por síntesis), % del producto; las columnas parciales no se usan; emparejada por el nombre del alérgeno (el CAS va en otra línea de la celda); sin fila en nombres-proveedores (producto sin CAS)"
,,narcisse-base-184092-d,Benzyl Benzoate,120-51-4,IFRA_STD_009,2.6533,2.6533,típico,Perfumiarz: lista de alérgenos W14013_ALG_11-22.pdf,proveedor,https://perfumiarz.com/products/narcisse-base-184092-d,2026-10-01,Benzyl Benzoate 2.6500% - 0.0033% 2.6533%,"columna «Total» del proveedor (Firmenich: adición directa + indirecta por naturales + indirecta por síntesis), % del producto; las columnas parciales no se usan; emparejada por el nombre del alérgeno (el CAS va en otra línea de la celda); sin fila en nombres-proveedores (producto sin CAS)"
,,narcisse-base-184092-d,Benzyl Salicylate,118-58-1,IFRA_STD_011,0.0004,0.0004,típico,Perfumiarz: lista de alérgenos W14013_ALG_11-22.pdf,proveedor,https://perfumiarz.com/products/narcisse-base-184092-d,2026-10-01,Benzyl Salicylate - - 0.0004% 0.0004%,"columna «Total» del proveedor (Firmenich: adición directa + indirecta por naturales + indirecta por síntesis), % del producto; las columnas parciales no se usan; emparejada por el nombre del alérgeno (el CAS va en otra línea de la celda); sin fila en nombres-proveedores (producto sin CAS)"
,,narcisse-base-184092-d,Citral,106-26-3,IFRA_STD_021,0.0141,0.0141,típico,Perfumiarz: lista de alérgenos W14013_ALG_11-22.pdf,proveedor,https://perfumiarz.com/products/narcisse-base-184092-d,2026-10-01,Citral - - 0.0141% 0.0141%,"columna «Total» del proveedor (Firmenich: adición directa + indirecta por naturales + indirecta por síntesis), % del producto; las columnas parciales no se usan; emparejada por el nombre del alérgeno (el CAS va en otra línea de la celda); sin fila en nombres-proveedores (producto sin CAS)"
,,narcisse-base-184092-d,Citronellol,106-22-9,IFRA_STD_022,0.5025,0.5025,típico,Perfumiarz: lista de alérgenos W14013_ALG_11-22.pdf,proveedor,https://perfumiarz.com/products/narcisse-base-184092-d,2026-10-01,Citronellol 0.5000% - 0.0025% 0.5025%,"columna «Total» del proveedor (Firmenich: adición directa + indirecta por naturales + indirecta por síntesis), % del producto; las columnas parciales no se usan; emparejada por el nombre del alérgeno (el CAS va en otra línea de la celda); sin fila en nombres-proveedores (producto sin CAS)"
,,narcisse-base-184092-d,Eugenol,97-53-0,IFRA_STD_035,0.65,0.65,típico,Perfumiarz: lista de alérgenos W14013_ALG_11-22.pdf,proveedor,https://perfumiarz.com/products/narcisse-base-184092-d,2026-10-01,Eugenol 0.6500% - - 0.6500%,"columna «Total» del proveedor (Firmenich: adición directa + indirecta por naturales + indirecta por síntesis), % del producto; las columnas parciales no se usan; emparejada por el nombre del alérgeno (el CAS va en otra línea de la celda); sin fila en nombres-proveedores (producto sin CAS)"
,,narcisse-base-184092-d,Geraniol,106-24-1,IFRA_STD_037,1.2259,1.2259,típico,Perfumiarz: lista de alérgenos W14013_ALG_11-22.pdf,proveedor,https://perfumiarz.com/products/narcisse-base-184092-d,2026-10-01,Geraniol 1.2220% - 0.0039% 1.2259%,"columna «Total» del proveedor (Firmenich: adición directa + indirecta por naturales + indirecta por síntesis), % del producto; las columnas parciales no se usan; emparejada por el nombre del alérgeno (el CAS va en otra línea de la celda); sin fila en nombres-proveedores (producto sin CAS)"
,,narcisse-base-184092-d,Isoeugenol,5932-68-3,IFRA_STD_048,0.0001,0.0001,típico,Perfumiarz: lista de alérgenos W14013_ALG_11-22.pdf,proveedor,https://perfumiarz.com/products/narcisse-base-184092-d,2026-10-01,Isoeugenol - 0.0001% - 0.0001%,"columna «Total» del proveedor (Firmenich: adición directa + indirecta por naturales + indirecta por síntesis), % del producto; las columnas parciales no se usan; emparejada por el nombre del alérgeno (el CAS va en otra línea de la celda); sin fila en nombres-proveedores (producto sin CAS)"
,,narcisse-base-184092-d,Limonene,138-86-3,IFRA_STD_186,0.0058,0.0058,típico,Perfumiarz: lista de alérgenos W14013_ALG_11-22.pdf,proveedor,https://perfumiarz.com/products/narcisse-base-184092-d,2026-10-01,Limonene - 0.0010% 0.0049% 0.0058%,"columna «Total» del proveedor (Firmenich: adición directa + indirecta por naturales + indirecta por síntesis), % del producto; las columnas parciales no se usan; emparejada por el nombre del alérgeno (el CAS va en otra línea de la celda); sin fila en nombres-proveedores (producto sin CAS)"
,,narcisse-base-184092-d,Linalool,78-70-6,IFRA_STD_187,1.2995,1.2995,típico,Perfumiarz: lista de alérgenos W14013_ALG_11-22.pdf,proveedor,https://perfumiarz.com/products/narcisse-base-184092-d,2026-10-01,Linalool 1.2994% - - 1.2995%,"columna «Total» del proveedor (Firmenich: adición directa + indirecta por naturales + indirecta por síntesis), % del producto; las columnas parciales no se usan; emparejada por el nombre del alérgeno (el CAS va en otra línea de la celda); sin fila en nombres-proveedores (producto sin CAS)"
,8008-45-5,Nutmeg Oil SLC,Benzyl Alcohol,100-51-6,IFRA_STD_008,0.042,0.042,típico,Perfumiarz: lista de alérgenos W14045_ALG_09-23.pdf,proveedor,https://perfumiarz.com/products/nutmeg-oil-slc,2026-10-01,Benzyl Alcohol - 0.0420% - 0.0420%,"columna «Total» del proveedor (Firmenich: adición directa + indirecta por naturales + indirecta por síntesis), % del producto; las columnas parciales no se usan; emparejada por el nombre del alérgeno (el CAS va en otra línea de la celda); forma ambigua, candidatas: fig:2472, fig:2473, fig:2474, fig:2475, tl:nutmeg-oil-folded, tl:nutmeg-oil-java-terpeneless"
,8008-45-5,Nutmeg Oil SLC,Eugenol,97-53-0,IFRA_STD_035,0.0144,0.0144,típico,Perfumiarz: lista de alérgenos W14045_ALG_09-23.pdf,proveedor,https://perfumiarz.com/products/nutmeg-oil-slc,2026-10-01,Eugenol - 0.0144% - 0.0144%,"columna «Total» del proveedor (Firmenich: adición directa + indirecta por naturales + indirecta por síntesis), % del producto; las columnas parciales no se usan; emparejada por el nombre del alérgeno (el CAS va en otra línea de la celda); forma ambigua, candidatas: fig:2472, fig:2473, fig:2474, fig:2475, tl:nutmeg-oil-folded, tl:nutmeg-oil-java-terpeneless"
,8008-45-5,Nutmeg Oil SLC,Isoeugenol,5932-68-3,IFRA_STD_048,0.336,0.336,típico,Perfumiarz: lista de alérgenos W14045_ALG_09-23.pdf,proveedor,https://perfumiarz.com/products/nutmeg-oil-slc,2026-10-01,Isoeugenol - 0.3360% - 0.3360%,"columna «Total» del proveedor (Firmenich: adición directa + indirecta por naturales + indirecta por síntesis), % del producto; las columnas parciales no se usan; emparejada por el nombre del alérgeno (el CAS va en otra línea de la celda); forma ambigua, candidatas: fig:2472, fig:2473, fig:2474, fig:2475, tl:nutmeg-oil-folded, tl:nutmeg-oil-java-terpeneless"
,8008-45-5,Nutmeg Oil SLC,Limonene,138-86-3,IFRA_STD_186,5.604,5.604,típico,Perfumiarz: lista de alérgenos W14045_ALG_09-23.pdf,proveedor,https://perfumiarz.com/products/nutmeg-oil-slc,2026-10-01,Limonene - 5.6040% - 5.6040%,"columna «Total» del proveedor (Firmenich: adición directa + indirecta por naturales + indirecta por síntesis), % del producto; las columnas parciales no se usan; emparejada por el nombre del alérgeno (el CAS va en otra línea de la celda); forma ambigua, candidatas: fig:2472, fig:2473, fig:2474, fig:2475, tl:nutmeg-oil-folded, tl:nutmeg-oil-java-terpeneless"
,8008-45-5,Nutmeg Oil SLC,Linalool,78-70-6,IFRA_STD_187,0.144,0.144,típico,Perfumiarz: lista de alérgenos W14045_ALG_09-23.pdf,proveedor,https://perfumiarz.com/products/nutmeg-oil-slc,2026-10-01,Linalool - 0.1440% - 0.1440%,"columna «Total» del proveedor (Firmenich: adición directa + indirecta por naturales + indirecta por síntesis), % del producto; las columnas parciales no se usan; emparejada por el nombre del alérgeno (el CAS va en otra línea de la celda); forma ambigua, candidatas: fig:2472, fig:2473, fig:2474, fig:2475, tl:nutmeg-oil-folded, tl:nutmeg-oil-java-terpeneless"
,8008-45-5,Nutmeg Oil SLC,Benzaldehyde,100-52-7,IFRA_STD_007,0.1128,0.1128,típico,Perfumiarz: lista de alérgenos W14045_ALG_09-23.pdf,proveedor,https://perfumiarz.com/products/nutmeg-oil-slc,2026-10-01,Benzaldehyde 3 - 0.1128% - 0.1128%,"columna «Total» del proveedor (Firmenich: adición directa + indirecta por naturales + indirecta por síntesis), % del producto; las columnas parciales no se usan; emparejada por el nombre del alérgeno (el CAS va en otra línea de la celda); forma ambigua, candidatas: fig:2472, fig:2473, fig:2474, fig:2475, tl:nutmeg-oil-folded, tl:nutmeg-oil-java-terpeneless"
,,osmanthus-abs-synth-138-b,Alpha-Isomethyl Ionone,127-51-5,IFRA_STD_063,0.0001,0.0001,típico,Perfumiarz: lista de alérgenos W15040_ALG_09-23.pdf,proveedor,https://perfumiarz.com/products/osmanthus-abs-synth-138-b,2026-10-01,Alpha-Isomethyl-ionone - - 0.0001% 0.0001%,"columna «Total» del proveedor (Firmenich: adición directa + indirecta por naturales + indirecta por síntesis), % del producto; las columnas parciales no se usan; emparejada por el nombre del alérgeno (el CAS va en otra línea de la celda); sin fila en nombres-proveedores (producto sin CAS)"
,,osmanthus-abs-synth-138-b,Benzyl Alcohol,100-51-6,IFRA_STD_008,0.0259,0.0259,típico,Perfumiarz: lista de alérgenos W15040_ALG_09-23.pdf,proveedor,https://perfumiarz.com/products/osmanthus-abs-synth-138-b,2026-10-01,Benzyl Alcohol 0.0250% 0.0004% 0.0005% 0.0259%,"columna «Total» del proveedor (Firmenich: adición directa + indirecta por naturales + indirecta por síntesis), % del producto; las columnas parciales no se usan; emparejada por el nombre del alérgeno (el CAS va en otra línea de la celda); sin fila en nombres-proveedores (producto sin CAS)"
,,osmanthus-abs-synth-138-b,Benzyl Benzoate,120-51-4,IFRA_STD_009,0.0007,0.0007,típico,Perfumiarz: lista de alérgenos W15040_ALG_09-23.pdf,proveedor,https://perfumiarz.com/products/osmanthus-abs-synth-138-b,2026-10-01,Benzyl Benzoate - 0.0007% - 0.0007%,"columna «Total» del proveedor (Firmenich: adición directa + indirecta por naturales + indirecta por síntesis), % del producto; las columnas parciales no se usan; emparejada por el nombre del alérgeno (el CAS va en otra línea de la celda); sin fila en nombres-proveedores (producto sin CAS)"
,,osmanthus-abs-synth-138-b,Benzyl Cinnamate,103-41-3,IFRA_STD_010,0.0016,0.0016,típico,Perfumiarz: lista de alérgenos W15040_ALG_09-23.pdf,proveedor,https://perfumiarz.com/products/osmanthus-abs-synth-138-b,2026-10-01,Benzyl Cinnamate - 0.0016% - 0.0016%,"columna «Total» del proveedor (Firmenich: adición directa + indirecta por naturales + indirecta por síntesis), % del producto; las columnas parciales no se usan; emparejada por el nombre del alérgeno (el CAS va en otra línea de la celda); sin fila en nombres-proveedores (producto sin CAS)"
,,osmanthus-abs-synth-138-b,Benzyl Salicylate,118-58-1,IFRA_STD_011,0.0016,0.0016,típico,Perfumiarz: lista de alérgenos W15040_ALG_09-23.pdf,proveedor,https://perfumiarz.com/products/osmanthus-abs-synth-138-b,2026-10-01,Benzyl Salicylate - 0.0016% - 0.0016%,"columna «Total» del proveedor (Firmenich: adición directa + indirecta por naturales + indirecta por síntesis), % del producto; las columnas parciales no se usan; emparejada por el nombre del alérgeno (el CAS va en otra línea de la celda); sin fila en nombres-proveedores (producto sin CAS)"
,,osmanthus-abs-synth-138-b,Cinnamyl Alcohol,104-54-1,IFRA_STD_017,0.0003,0.0003,típico,Perfumiarz: lista de alérgenos W15040_ALG_09-23.pdf,proveedor,https://perfumiarz.com/products/osmanthus-abs-synth-138-b,2026-10-01,Cinnamyl Alcohol - 0.0003% - 0.0003%,"columna «Total» del proveedor (Firmenich: adición directa + indirecta por naturales + indirecta por síntesis), % del producto; las columnas parciales no se usan; emparejada por el nombre del alérgeno (el CAS va en otra línea de la celda); sin fila en nombres-proveedores (producto sin CAS)"
,,osmanthus-abs-synth-138-b,Citral,106-26-3,IFRA_STD_021,0.0066,0.0066,típico,Perfumiarz: lista de alérgenos W15040_ALG_09-23.pdf,proveedor,https://perfumiarz.com/products/osmanthus-abs-synth-138-b,2026-10-01,Citral - - 0.0066% 0.0066%,"columna «Total» del proveedor (Firmenich: adición directa + indirecta por naturales + indirecta por síntesis), % del producto; las columnas parciales no se usan; emparejada por el nombre del alérgeno (el CAS va en otra línea de la celda); sin fila en nombres-proveedores (producto sin CAS)"
,,osmanthus-abs-synth-138-b,Citronellol,106-22-9,IFRA_STD_022,0.0312,0.0312,típico,Perfumiarz: lista de alérgenos W15040_ALG_09-23.pdf,proveedor,https://perfumiarz.com/products/osmanthus-abs-synth-138-b,2026-10-01,Citronellol 0.0300% - 0.0012% 0.0312%,"columna «Total» del proveedor (Firmenich: adición directa + indirecta por naturales + indirecta por síntesis), % del producto; las columnas parciales no se usan; emparejada por el nombre del alérgeno (el CAS va en otra línea de la celda); sin fila en nombres-proveedores (producto sin CAS)"
,,osmanthus-abs-synth-138-b,Coumarin,91-64-5,IFRA_STD_023,0.01,0.01,típico,Perfumiarz: lista de alérgenos W15040_ALG_09-23.pdf,proveedor,https://perfumiarz.com/products/osmanthus-abs-synth-138-b,2026-10-01,Coumarin 0.0100% - - 0.0100%,"columna «Total» del proveedor (Firmenich: adición directa + indirecta por naturales + indirecta por síntesis), % del producto; las columnas parciales no se usan; emparejada por el nombre del alérgeno (el CAS va en otra línea de la celda); sin fila en nombres-proveedores (producto sin CAS)"
,,osmanthus-abs-synth-138-b,Eugenol,97-53-0,IFRA_STD_035,0.0102,0.0102,típico,Perfumiarz: lista de alérgenos W15040_ALG_09-23.pdf,proveedor,https://perfumiarz.com/products/osmanthus-abs-synth-138-b,2026-10-01,Eugenol 0.0100% 0.0002% - 0.0102%,"columna «Total» del proveedor (Firmenich: adición directa + indirecta por naturales + indirecta por síntesis), % del producto; las columnas parciales no se usan; emparejada por el nombre del alérgeno (el CAS va en otra línea de la celda); sin fila en nombres-proveedores (producto sin CAS)"
,,osmanthus-abs-synth-138-b,Farnesol,4602-84-0,IFRA_STD_036,0.0003,0.0003,típico,Perfumiarz: lista de alérgenos W15040_ALG_09-23.pdf,proveedor,https://perfumiarz.com/products/osmanthus-abs-synth-138-b,2026-10-01,Farnesol - 0.0003% - 0.0003%,"columna «Total» del proveedor (Firmenich: adición directa + indirecta por naturales + indirecta por síntesis), % del producto; las columnas parciales no se usan; emparejada por el nombre del alérgeno (el CAS va en otra línea de la celda); sin fila en nombres-proveedores (producto sin CAS)"
,,osmanthus-abs-synth-138-b,Geraniol,106-24-1,IFRA_STD_037,0.5646,0.5646,típico,Perfumiarz: lista de alérgenos W15040_ALG_09-23.pdf,proveedor,https://perfumiarz.com/products/osmanthus-abs-synth-138-b,2026-10-01,Geraniol 0.5640% 0.0001% 0.0005% 0.5646%,"columna «Total» del proveedor (Firmenich: adición directa + indirecta por naturales + indirecta por síntesis), % del producto; las columnas parciales no se usan; emparejada por el nombre del alérgeno (el CAS va en otra línea de la celda); sin fila en nombres-proveedores (producto sin CAS)"
,,osmanthus-abs-synth-138-b,Isoeugenol,5932-68-3,IFRA_STD_048,0.0002,0.0002,típico,Perfumiarz: lista de alérgenos W15040_ALG_09-23.pdf,proveedor,https://perfumiarz.com/products/osmanthus-abs-synth-138-b,2026-10-01,Isoeugenol - 0.0002% - 0.0002%,"columna «Total» del proveedor (Firmenich: adición directa + indirecta por naturales + indirecta por síntesis), % del producto; las columnas parciales no se usan; emparejada por el nombre del alérgeno (el CAS va en otra línea de la celda); sin fila en nombres-proveedores (producto sin CAS)"
,,osmanthus-abs-synth-138-b,Limonene,138-86-3,IFRA_STD_186,0.0004,0.0004,típico,Perfumiarz: lista de alérgenos W15040_ALG_09-23.pdf,proveedor,https://perfumiarz.com/products/osmanthus-abs-synth-138-b,2026-10-01,Limonene - - 0.0004% 0.0004%,"columna «Total» del proveedor (Firmenich: adición directa + indirecta por naturales + indirecta por síntesis), % del producto; las columnas parciales no se usan; emparejada por el nombre del alérgeno (el CAS va en otra línea de la celda); sin fila en nombres-proveedores (producto sin CAS)"
,,osmanthus-abs-synth-138-b,Linalool,78-70-6,IFRA_STD_187,0.8008,0.8008,típico,Perfumiarz: lista de alérgenos W15040_ALG_09-23.pdf,proveedor,https://perfumiarz.com/products/osmanthus-abs-synth-138-b,2026-10-01,Linalool 0.7996% 0.0005% 0.0007% 0.8008%,"columna «Total» del proveedor (Firmenich: adición directa + indirecta por naturales + indirecta por síntesis), % del producto; las columnas parciales no se usan; emparejada por el nombre del alérgeno (el CAS va en otra línea de la celda); sin fila en nombres-proveedores (producto sin CAS)"
,,osmanthus-abs-synth-138-b,Benzaldehyde,100-52-7,IFRA_STD_007,0.0352,0.0352,típico,Perfumiarz: lista de alérgenos W15040_ALG_09-23.pdf,proveedor,https://perfumiarz.com/products/osmanthus-abs-synth-138-b,2026-10-01,Benzaldehyde 3 0.0350% - - 0.0352%,"columna «Total» del proveedor (Firmenich: adición directa + indirecta por naturales + indirecta por síntesis), % del producto; las columnas parciales no se usan; emparejada por el nombre del alérgeno (el CAS va en otra línea de la celda); sin fila en nombres-proveedores (producto sin CAS)"
,,osmanthus-abs-synth-138-b,Rose Ketones,23696-85-7,IFRA_STD_077,0.0045,0.0045,típico,Perfumiarz: lista de alérgenos W15040_ALG_09-23.pdf,proveedor,https://perfumiarz.com/products/osmanthus-abs-synth-138-b,2026-10-01,Rose Ketones 3 0.0045% - - 0.0045%,"columna «Total» del proveedor (Firmenich: adición directa + indirecta por naturales + indirecta por síntesis), % del producto; las columnas parciales no se usan; emparejada por el nombre del alérgeno (el CAS va en otra línea de la celda); sin fila en nombres-proveedores (producto sin CAS)"
,,oud-firbest,Anise Alcohol,105-13-5,IFRA_STD_006,0.0008,0.0008,típico,Perfumiarz: lista de alérgenos W15056_ALG_04-21.pdf,proveedor,https://perfumiarz.com/products/oud-firbest,2026-10-01,Anise Alcohol - - 0.0008% 0.0008%,"columna «Total» del proveedor (Firmenich: adición directa + indirecta por naturales + indirecta por síntesis), % del producto; las columnas parciales no se usan; emparejada por el nombre del alérgeno (el CAS va en otra línea de la celda); sin fila en nombres-proveedores (producto sin CAS)"
,,oud-firbest,Benzyl Alcohol,100-51-6,IFRA_STD_008,0.0063,0.0063,típico,Perfumiarz: lista de alérgenos W15056_ALG_04-21.pdf,proveedor,https://perfumiarz.com/products/oud-firbest,2026-10-01,Benzyl Alcohol - 0.0062% - 0.0063%,"columna «Total» del proveedor (Firmenich: adición directa + indirecta por naturales + indirecta por síntesis), % del producto; las columnas parciales no se usan; emparejada por el nombre del alérgeno (el CAS va en otra línea de la celda); sin fila en nombres-proveedores (producto sin CAS)"
,,oud-firbest,Benzyl Benzoate,120-51-4,IFRA_STD_009,0.029,0.029,típico,Perfumiarz: lista de alérgenos W15056_ALG_04-21.pdf,proveedor,https://perfumiarz.com/products/oud-firbest,2026-10-01,Benzyl Benzoate 0.0038% 0.0252% - 0.0290%,"columna «Total» del proveedor (Firmenich: adición directa + indirecta por naturales + indirecta por síntesis), % del producto; las columnas parciales no se usan; emparejada por el nombre del alérgeno (el CAS va en otra línea de la celda); sin fila en nombres-proveedores (producto sin CAS)"
,,oud-firbest,Benzyl Cinnamate,103-41-3,IFRA_STD_010,0.0003,0.0003,típico,Perfumiarz: lista de alérgenos W15056_ALG_04-21.pdf,proveedor,https://perfumiarz.com/products/oud-firbest,2026-10-01,Benzyl Cinnamate - 0.0003% - 0.0003%,"columna «Total» del proveedor (Firmenich: adición directa + indirecta por naturales + indirecta por síntesis), % del producto; las columnas parciales no se usan; emparejada por el nombre del alérgeno (el CAS va en otra línea de la celda); sin fila en nombres-proveedores (producto sin CAS)"
,,oud-firbest,Cinnamal,104-55-2,IFRA_STD_018,0.0002,0.0002,típico,Perfumiarz: lista de alérgenos W15056_ALG_04-21.pdf,proveedor,https://perfumiarz.com/products/oud-firbest,2026-10-01,Cinnamal - 0.0002% - 0.0002%,"columna «Total» del proveedor (Firmenich: adición directa + indirecta por naturales + indirecta por síntesis), % del producto; las columnas parciales no se usan; emparejada por el nombre del alérgeno (el CAS va en otra línea de la celda); sin fila en nombres-proveedores (producto sin CAS)"
,,oud-firbest,Coumarin,91-64-5,IFRA_STD_023,0.0003,0.0003,típico,Perfumiarz: lista de alérgenos W15056_ALG_04-21.pdf,proveedor,https://perfumiarz.com/products/oud-firbest,2026-10-01,Coumarin - 0.0003% - 0.0003%,"columna «Total» del proveedor (Firmenich: adición directa + indirecta por naturales + indirecta por síntesis), % del producto; las columnas parciales no se usan; emparejada por el nombre del alérgeno (el CAS va en otra línea de la celda); sin fila en nombres-proveedores (producto sin CAS)"
,,oud-firbest,Eugenol,97-53-0,IFRA_STD_035,0.7064,0.7064,típico,Perfumiarz: lista de alérgenos W15056_ALG_04-21.pdf,proveedor,https://perfumiarz.com/products/oud-firbest,2026-10-01,Eugenol - 0.0006% 0.7058% 0.7064%,"columna «Total» del proveedor (Firmenich: adición directa + indirecta por naturales + indirecta por síntesis), % del producto; las columnas parciales no se usan; emparejada por el nombre del alérgeno (el CAS va en otra línea de la celda); sin fila en nombres-proveedores (producto sin CAS)"
,,oud-firbest,Farnesol,4602-84-0,IFRA_STD_036,0.242,0.242,típico,Perfumiarz: lista de alérgenos W15056_ALG_04-21.pdf,proveedor,https://perfumiarz.com/products/oud-firbest,2026-10-01,Farnesol - 0.2420% - 0.2420%,"columna «Total» del proveedor (Firmenich: adición directa + indirecta por naturales + indirecta por síntesis), % del producto; las columnas parciales no se usan; emparejada por el nombre del alérgeno (el CAS va en otra línea de la celda); sin fila en nombres-proveedores (producto sin CAS)"
,,oud-firbest,Geraniol,106-24-1,IFRA_STD_037,0.0002,0.0002,típico,Perfumiarz: lista de alérgenos W15056_ALG_04-21.pdf,proveedor,https://perfumiarz.com/products/oud-firbest,2026-10-01,Geraniol - 0.0002% - 0.0002%,"columna «Total» del proveedor (Firmenich: adición directa + indirecta por naturales + indirecta por síntesis), % del producto; las columnas parciales no se usan; emparejada por el nombre del alérgeno (el CAS va en otra línea de la celda); sin fila en nombres-proveedores (producto sin CAS)"
,,oud-firbest,Isoeugenol,5932-68-3,IFRA_STD_048,0.0005,0.0005,típico,Perfumiarz: lista de alérgenos W15056_ALG_04-21.pdf,proveedor,https://perfumiarz.com/products/oud-firbest,2026-10-01,Isoeugenol - 0.0005% - 0.0005%,"columna «Total» del proveedor (Firmenich: adición directa + indirecta por naturales + indirecta por síntesis), % del producto; las columnas parciales no se usan; emparejada por el nombre del alérgeno (el CAS va en otra línea de la celda); sin fila en nombres-proveedores (producto sin CAS)"
,,oud-firbest,Limonene,138-86-3,IFRA_STD_186,0.0093,0.0093,típico,Perfumiarz: lista de alérgenos W15056_ALG_04-21.pdf,proveedor,https://perfumiarz.com/products/oud-firbest,2026-10-01,Limonene - 0.0093% - 0.0093%,"columna «Total» del proveedor (Firmenich: adición directa + indirecta por naturales + indirecta por síntesis), % del producto; las columnas parciales no se usan; emparejada por el nombre del alérgeno (el CAS va en otra línea de la celda); sin fila en nombres-proveedores (producto sin CAS)"
,,oud-firbest,Linalool,78-70-6,IFRA_STD_187,0.0007,0.0007,típico,Perfumiarz: lista de alérgenos W15056_ALG_04-21.pdf,proveedor,https://perfumiarz.com/products/oud-firbest,2026-10-01,Linalool - 0.0007% - 0.0007%,"columna «Total» del proveedor (Firmenich: adición directa + indirecta por naturales + indirecta por síntesis), % del producto; las columnas parciales no se usan; emparejada por el nombre del alérgeno (el CAS va en otra línea de la celda); sin fila en nombres-proveedores (producto sin CAS)"
,,oud-synthetic-184007-d,Benzyl Benzoate,120-51-4,IFRA_STD_009,0.0014,0.0014,típico,Perfumiarz: lista de alérgenos W15070_ALG_09-23.pdf,proveedor,https://perfumiarz.com/products/oud-synthetic-184007-d,2026-10-01,Benzyl Benzoate - 0.0014% - 0.0014%,"columna «Total» del proveedor (Firmenich: adición directa + indirecta por naturales + indirecta por síntesis), % del producto; las columnas parciales no se usan; emparejada por el nombre del alérgeno (el CAS va en otra línea de la celda); sin fila en nombres-proveedores (producto sin CAS)"
,,oud-synthetic-184007-d,Benzyl Cinnamate,103-41-3,IFRA_STD_010,0.0004,0.0004,típico,Perfumiarz: lista de alérgenos W15070_ALG_09-23.pdf,proveedor,https://perfumiarz.com/products/oud-synthetic-184007-d,2026-10-01,Benzyl Cinnamate - 0.0004% - 0.0004%,"columna «Total» del proveedor (Firmenich: adición directa + indirecta por naturales + indirecta por síntesis), % del producto; las columnas parciales no se usan; emparejada por el nombre del alérgeno (el CAS va en otra línea de la celda); sin fila en nombres-proveedores (producto sin CAS)"
,,oud-synthetic-184007-d,Cinnamyl Alcohol,104-54-1,IFRA_STD_017,0.0001,0.0001,típico,Perfumiarz: lista de alérgenos W15070_ALG_09-23.pdf,proveedor,https://perfumiarz.com/products/oud-synthetic-184007-d,2026-10-01,Cinnamyl Alcohol - 0.0001% - 0.0001%,"columna «Total» del proveedor (Firmenich: adición directa + indirecta por naturales + indirecta por síntesis), % del producto; las columnas parciales no se usan; emparejada por el nombre del alérgeno (el CAS va en otra línea de la celda); sin fila en nombres-proveedores (producto sin CAS)"
,,oud-synthetic-184007-d,Eugenol,97-53-0,IFRA_STD_035,0.0007,0.0007,típico,Perfumiarz: lista de alérgenos W15070_ALG_09-23.pdf,proveedor,https://perfumiarz.com/products/oud-synthetic-184007-d,2026-10-01,Eugenol - 0.0007% - 0.0007%,"columna «Total» del proveedor (Firmenich: adición directa + indirecta por naturales + indirecta por síntesis), % del producto; las columnas parciales no se usan; emparejada por el nombre del alérgeno (el CAS va en otra línea de la celda); sin fila en nombres-proveedores (producto sin CAS)"
,,oud-synthetic-184007-d,Geraniol,106-24-1,IFRA_STD_037,0.0037,0.0037,típico,Perfumiarz: lista de alérgenos W15070_ALG_09-23.pdf,proveedor,https://perfumiarz.com/products/oud-synthetic-184007-d,2026-10-01,Geraniol - 0.0037% - 0.0037%,"columna «Total» del proveedor (Firmenich: adición directa + indirecta por naturales + indirecta por síntesis), % del producto; las columnas parciales no se usan; emparejada por el nombre del alérgeno (el CAS va en otra línea de la celda); sin fila en nombres-proveedores (producto sin CAS)"
,,oud-synthetic-184007-d,Isoeugenol,5932-68-3,IFRA_STD_048,0.0043,0.0043,típico,Perfumiarz: lista de alérgenos W15070_ALG_09-23.pdf,proveedor,https://perfumiarz.com/products/oud-synthetic-184007-d,2026-10-01,Isoeugenol - 0.0043% - 0.0043%,"columna «Total» del proveedor (Firmenich: adición directa + indirecta por naturales + indirecta por síntesis), % del producto; las columnas parciales no se usan; emparejada por el nombre del alérgeno (el CAS va en otra línea de la celda); sin fila en nombres-proveedores (producto sin CAS)"
,,oud-synthetic-184007-d,Limonene,138-86-3,IFRA_STD_186,0.0336,0.0336,típico,Perfumiarz: lista de alérgenos W15070_ALG_09-23.pdf,proveedor,https://perfumiarz.com/products/oud-synthetic-184007-d,2026-10-01,Limonene - 0.0336% - 0.0336%,"columna «Total» del proveedor (Firmenich: adición directa + indirecta por naturales + indirecta por síntesis), % del producto; las columnas parciales no se usan; emparejada por el nombre del alérgeno (el CAS va en otra línea de la celda); sin fila en nombres-proveedores (producto sin CAS)"
,,oud-synthetic-184007-d,Linalool,78-70-6,IFRA_STD_187,0.0015,0.0015,típico,Perfumiarz: lista de alérgenos W15070_ALG_09-23.pdf,proveedor,https://perfumiarz.com/products/oud-synthetic-184007-d,2026-10-01,Linalool - 0.0015% - 0.0015%,"columna «Total» del proveedor (Firmenich: adición directa + indirecta por naturales + indirecta por síntesis), % del producto; las columnas parciales no se usan; emparejada por el nombre del alérgeno (el CAS va en otra línea de la celda); sin fila en nombres-proveedores (producto sin CAS)"
,,oud-synthetic-184007-d,Benzaldehyde,100-52-7,IFRA_STD_007,0.0008,0.0008,típico,Perfumiarz: lista de alérgenos W15070_ALG_09-23.pdf,proveedor,https://perfumiarz.com/products/oud-synthetic-184007-d,2026-10-01,Benzaldehyde 3 - 0.0006% 0.0001% 0.0008%,"columna «Total» del proveedor (Firmenich: adición directa + indirecta por naturales + indirecta por síntesis), % del producto; las columnas parciales no se usan; emparejada por el nombre del alérgeno (el CAS va en otra línea de la celda); sin fila en nombres-proveedores (producto sin CAS)"
,,oud-synthetic-184007-d,Carvone,2244-16-8,IFRA_STD_016,0.004,0.004,típico,Perfumiarz: lista de alérgenos W15070_ALG_09-23.pdf,proveedor,https://perfumiarz.com/products/oud-synthetic-184007-d,2026-10-01,Carvone 3 - 0.0040% - 0.0040%,"columna «Total» del proveedor (Firmenich: adición directa + indirecta por naturales + indirecta por síntesis), % del producto; las columnas parciales no se usan; emparejada por el nombre del alérgeno (el CAS va en otra línea de la celda); sin fila en nombres-proveedores (producto sin CAS)"
,,parmantheme,,,,,,sin-cifra,Perfumiarz: lista de alérgenos W16029_ALG_03-25.pdf,proveedor,https://perfumiarz.com/products/parmantheme,2026-10-01,,la lista no declara ningún alérgeno con estándar IFRA; sin fila en nombres-proveedores (producto sin CAS)
,84012-35-1,Pine Absolute 50% (ethanol),Benzyl Alcohol,100-51-6,IFRA_STD_008,0.0144,0.0144,típico,Perfumiarz: lista de alérgenos W16076_ALG_09-23.pdf,proveedor,https://perfumiarz.com/products/pine-absolute-50,2026-10-01,Benzyl Alcohol - 0.0144% - 0.0144%,"columna «Total» del proveedor (Firmenich: adición directa + indirecta por naturales + indirecta por síntesis), % del producto; las columnas parciales no se usan; emparejada por el nombre del alérgeno (el CAS va en otra línea de la celda); CAS 84012-35-1 sin fila en el glosario"
,84012-35-1,Pine Absolute 50% (ethanol),Benzyl Benzoate,120-51-4,IFRA_STD_009,0.0252,0.0252,típico,Perfumiarz: lista de alérgenos W16076_ALG_09-23.pdf,proveedor,https://perfumiarz.com/products/pine-absolute-50,2026-10-01,Benzyl Benzoate - 0.0252% - 0.0252%,"columna «Total» del proveedor (Firmenich: adición directa + indirecta por naturales + indirecta por síntesis), % del producto; las columnas parciales no se usan; emparejada por el nombre del alérgeno (el CAS va en otra línea de la celda); CAS 84012-35-1 sin fila en el glosario"
,84012-35-1,Pine Absolute 50% (ethanol),Benzyl Salicylate,118-58-1,IFRA_STD_011,0.0086,0.0086,típico,Perfumiarz: lista de alérgenos W16076_ALG_09-23.pdf,proveedor,https://perfumiarz.com/products/pine-absolute-50,2026-10-01,Benzyl Salicylate - 0.0086% - 0.0086%,"columna «Total» del proveedor (Firmenich: adición directa + indirecta por naturales + indirecta por síntesis), % del producto; las columnas parciales no se usan; emparejada por el nombre del alérgeno (el CAS va en otra línea de la celda); CAS 84012-35-1 sin fila en el glosario"
,84012-35-1,Pine Absolute 50% (ethanol),Eugenol,97-53-0,IFRA_STD_035,0.0122,0.0122,típico,Perfumiarz: lista de alérgenos W16076_ALG_09-23.pdf,proveedor,https://perfumiarz.com/products/pine-absolute-50,2026-10-01,Eugenol - 0.0122% - 0.0122%,"columna «Total» del proveedor (Firmenich: adición directa + indirecta por naturales + indirecta por síntesis), % del producto; las columnas parciales no se usan; emparejada por el nombre del alérgeno (el CAS va en otra línea de la celda); CAS 84012-35-1 sin fila en el glosario"
,84012-35-1,Pine Absolute 50% (ethanol),Isoeugenol,5932-68-3,IFRA_STD_048,0.0142,0.0142,típico,Perfumiarz: lista de alérgenos W16076_ALG_09-23.pdf,proveedor,https://perfumiarz.com/products/pine-absolute-50,2026-10-01,Isoeugenol - 0.0142% - 0.0142%,"columna «Total» del proveedor (Firmenich: adición directa + indirecta por naturales + indirecta por síntesis), % del producto; las columnas parciales no se usan; emparejada por el nombre del alérgeno (el CAS va en otra línea de la celda); CAS 84012-35-1 sin fila en el glosario"
,84012-35-1,Pine Absolute 50% (ethanol),Limonene,138-86-3,IFRA_STD_186,0.1092,0.1092,típico,Perfumiarz: lista de alérgenos W16076_ALG_09-23.pdf,proveedor,https://perfumiarz.com/products/pine-absolute-50,2026-10-01,Limonene - 0.1092% - 0.1092%,"columna «Total» del proveedor (Firmenich: adición directa + indirecta por naturales + indirecta por síntesis), % del producto; las columnas parciales no se usan; emparejada por el nombre del alérgeno (el CAS va en otra línea de la celda); CAS 84012-35-1 sin fila en el glosario"
,84012-35-1,Pine Absolute 50% (ethanol),Linalool,78-70-6,IFRA_STD_187,0.0016,0.0016,típico,Perfumiarz: lista de alérgenos W16076_ALG_09-23.pdf,proveedor,https://perfumiarz.com/products/pine-absolute-50,2026-10-01,Linalool - 0.0016% - 0.0016%,"columna «Total» del proveedor (Firmenich: adición directa + indirecta por naturales + indirecta por síntesis), % del producto; las columnas parciales no se usan; emparejada por el nombre del alérgeno (el CAS va en otra línea de la celda); CAS 84012-35-1 sin fila en el glosario"
,84012-35-1,Pine Absolute 50% (ethanol),Benzaldehyde,100-52-7,IFRA_STD_007,0.0036,0.0036,típico,Perfumiarz: lista de alérgenos W16076_ALG_09-23.pdf,proveedor,https://perfumiarz.com/products/pine-absolute-50,2026-10-01,Benzaldehyde 3 - 0.0036% - 0.0036%,"columna «Total» del proveedor (Firmenich: adición directa + indirecta por naturales + indirecta por síntesis), % del producto; las columnas parciales no se usan; emparejada por el nombre del alérgeno (el CAS va en otra línea de la celda); CAS 84012-35-1 sin fila en el glosario"
,84012-35-1,Pine Absolute 50% (ethanol),Carvone,2244-16-8,IFRA_STD_016,0.0036,0.0036,típico,Perfumiarz: lista de alérgenos W16076_ALG_09-23.pdf,proveedor,https://perfumiarz.com/products/pine-absolute-50,2026-10-01,Carvone 3 - 0.0036% - 0.0036%,"columna «Total» del proveedor (Firmenich: adición directa + indirecta por naturales + indirecta por síntesis), % del producto; las columnas parciales no se usan; emparejada por el nombre del alérgeno (el CAS va en otra línea de la celda); CAS 84012-35-1 sin fila en el glosario"
,,sarriette-base-199618-d,Anise Alcohol,105-13-5,IFRA_STD_006,0.0006,0.0006,típico,Perfumiarz: lista de alérgenos W19037_ALG_05-22.pdf,proveedor,https://perfumiarz.com/products/sarriette-base-199618-d,2026-10-01,Anise Alcohol - - 0.0006% 0.0006%,"columna «Total» del proveedor (Firmenich: adición directa + indirecta por naturales + indirecta por síntesis), % del producto; las columnas parciales no se usan; emparejada por el nombre del alérgeno (el CAS va en otra línea de la celda); sin fila en nombres-proveedores (producto sin CAS)"
,,sarriette-base-199618-d,Citronellol,106-22-9,IFRA_STD_022,0.0004,0.0004,típico,Perfumiarz: lista de alérgenos W19037_ALG_05-22.pdf,proveedor,https://perfumiarz.com/products/sarriette-base-199618-d,2026-10-01,Citronellol - 0.0004% - 0.0004%,"columna «Total» del proveedor (Firmenich: adición directa + indirecta por naturales + indirecta por síntesis), % del producto; las columnas parciales no se usan; emparejada por el nombre del alérgeno (el CAS va en otra línea de la celda); sin fila en nombres-proveedores (producto sin CAS)"
,,sarriette-base-199618-d,Eugenol,97-53-0,IFRA_STD_035,0.0003,0.0003,típico,Perfumiarz: lista de alérgenos W19037_ALG_05-22.pdf,proveedor,https://perfumiarz.com/products/sarriette-base-199618-d,2026-10-01,Eugenol - 0.0003% - 0.0003%,"columna «Total» del proveedor (Firmenich: adición directa + indirecta por naturales + indirecta por síntesis), % del producto; las columnas parciales no se usan; emparejada por el nombre del alérgeno (el CAS va en otra línea de la celda); sin fila en nombres-proveedores (producto sin CAS)"
,,sarriette-base-199618-d,Limonene,138-86-3,IFRA_STD_186,0.0443,0.0443,típico,Perfumiarz: lista de alérgenos W19037_ALG_05-22.pdf,proveedor,https://perfumiarz.com/products/sarriette-base-199618-d,2026-10-01,Limonene - 0.0428% 0.0015% 0.0443%,"columna «Total» del proveedor (Firmenich: adición directa + indirecta por naturales + indirecta por síntesis), % del producto; las columnas parciales no se usan; emparejada por el nombre del alérgeno (el CAS va en otra línea de la celda); sin fila en nombres-proveedores (producto sin CAS)"
,,sarriette-base-199618-d,Linalool,78-70-6,IFRA_STD_187,12.4965,12.4965,típico,Perfumiarz: lista de alérgenos W19037_ALG_05-22.pdf,proveedor,https://perfumiarz.com/products/sarriette-base-199618-d,2026-10-01,Linalool 12.4938% 0.0027% - 12.4965%,"columna «Total» del proveedor (Firmenich: adición directa + indirecta por naturales + indirecta por síntesis), % del producto; las columnas parciales no se usan; emparejada por el nombre del alérgeno (el CAS va en otra línea de la celda); sin fila en nombres-proveedores (producto sin CAS)"
,8024-01-9,Styrax Oil,Benzyl Alcohol,100-51-6,IFRA_STD_008,2.32,2.32,típico,Perfumiarz: lista de alérgenos W19600_ALG_09-23.pdf,proveedor,https://perfumiarz.com/products/styrax-oil,2026-10-01,Benzyl Alcohol - 2.3200% - 2.3200%,"columna «Total» del proveedor (Firmenich: adición directa + indirecta por naturales + indirecta por síntesis), % del producto; las columnas parciales no se usan; emparejada por el nombre del alérgeno (el CAS va en otra línea de la celda); forma ambigua, candidatas: fig:2909, fig:2910, fig:2911, fig:2912"
,8024-01-9,Styrax Oil,Benzyl Benzoate,120-51-4,IFRA_STD_009,0.004,0.004,típico,Perfumiarz: lista de alérgenos W19600_ALG_09-23.pdf,proveedor,https://perfumiarz.com/products/styrax-oil,2026-10-01,Benzyl Benzoate - 0.0040% - 0.0040%,"columna «Total» del proveedor (Firmenich: adición directa + indirecta por naturales + indirecta por síntesis), % del producto; las columnas parciales no se usan; emparejada por el nombre del alérgeno (el CAS va en otra línea de la celda); forma ambigua, candidatas: fig:2909, fig:2910, fig:2911, fig:2912"
,8024-01-9,Styrax Oil,Benzyl Cinnamate,103-41-3,IFRA_STD_010,0.029,0.029,típico,Perfumiarz: lista de alérgenos W19600_ALG_09-23.pdf,proveedor,https://perfumiarz.com/products/styrax-oil,2026-10-01,Benzyl Cinnamate - 0.0290% - 0.0290%,"columna «Total» del proveedor (Firmenich: adición directa + indirecta por naturales + indirecta por síntesis), % del producto; las columnas parciales no se usan; emparejada por el nombre del alérgeno (el CAS va en otra línea de la celda); forma ambigua, candidatas: fig:2909, fig:2910, fig:2911, fig:2912"
,8024-01-9,Styrax Oil,Cinnamal,104-55-2,IFRA_STD_018,0.35,0.35,típico,Perfumiarz: lista de alérgenos W19600_ALG_09-23.pdf,proveedor,https://perfumiarz.com/products/styrax-oil,2026-10-01,Cinnamal - 0.3500% - 0.3500%,"columna «Total» del proveedor (Firmenich: adición directa + indirecta por naturales + indirecta por síntesis), % del producto; las columnas parciales no se usan; emparejada por el nombre del alérgeno (el CAS va en otra línea de la celda); forma ambigua, candidatas: fig:2909, fig:2910, fig:2911, fig:2912"
,8024-01-9,Styrax Oil,Cinnamyl Alcohol,104-54-1,IFRA_STD_017,58,58,típico,Perfumiarz: lista de alérgenos W19600_ALG_09-23.pdf,proveedor,https://perfumiarz.com/products/styrax-oil,2026-10-01,Cinnamyl Alcohol - 58.0000% - 58.0000%,"columna «Total» del proveedor (Firmenich: adición directa + indirecta por naturales + indirecta por síntesis), % del producto; las columnas parciales no se usan; emparejada por el nombre del alérgeno (el CAS va en otra línea de la celda); forma ambigua, candidatas: fig:2909, fig:2910, fig:2911, fig:2912"
,8024-01-9,Styrax Oil,Eugenol,97-53-0,IFRA_STD_035,0.004,0.004,típico,Perfumiarz: lista de alérgenos W19600_ALG_09-23.pdf,proveedor,https://perfumiarz.com/products/styrax-oil,2026-10-01,Eugenol - 0.0040% - 0.0040%,"columna «Total» del proveedor (Firmenich: adición directa + indirecta por naturales + indirecta por síntesis), % del producto; las columnas parciales no se usan; emparejada por el nombre del alérgeno (el CAS va en otra línea de la celda); forma ambigua, candidatas: fig:2909, fig:2910, fig:2911, fig:2912"
,8024-01-9,Styrax Oil,Geraniol,106-24-1,IFRA_STD_037,0.04,0.04,típico,Perfumiarz: lista de alérgenos W19600_ALG_09-23.pdf,proveedor,https://perfumiarz.com/products/styrax-oil,2026-10-01,Geraniol - 0.0400% - 0.0400%,"columna «Total» del proveedor (Firmenich: adición directa + indirecta por naturales + indirecta por síntesis), % del producto; las columnas parciales no se usan; emparejada por el nombre del alérgeno (el CAS va en otra línea de la celda); forma ambigua, candidatas: fig:2909, fig:2910, fig:2911, fig:2912"
,8024-01-9,Styrax Oil,Limonene,138-86-3,IFRA_STD_186,0.016,0.016,típico,Perfumiarz: lista de alérgenos W19600_ALG_09-23.pdf,proveedor,https://perfumiarz.com/products/styrax-oil,2026-10-01,Limonene - 0.0160% - 0.0160%,"columna «Total» del proveedor (Firmenich: adición directa + indirecta por naturales + indirecta por síntesis), % del producto; las columnas parciales no se usan; emparejada por el nombre del alérgeno (el CAS va en otra línea de la celda); forma ambigua, candidatas: fig:2909, fig:2910, fig:2911, fig:2912"
,8024-01-9,Styrax Oil,Linalool,78-70-6,IFRA_STD_187,0.005,0.005,típico,Perfumiarz: lista de alérgenos W19600_ALG_09-23.pdf,proveedor,https://perfumiarz.com/products/styrax-oil,2026-10-01,Linalool - 0.0050% - 0.0050%,"columna «Total» del proveedor (Firmenich: adición directa + indirecta por naturales + indirecta por síntesis), % del producto; las columnas parciales no se usan; emparejada por el nombre del alérgeno (el CAS va en otra línea de la celda); forma ambigua, candidatas: fig:2909, fig:2910, fig:2911, fig:2912"
,8024-01-9,Styrax Oil,Benzaldehyde,100-52-7,IFRA_STD_007,0.7,0.7,típico,Perfumiarz: lista de alérgenos W19600_ALG_09-23.pdf,proveedor,https://perfumiarz.com/products/styrax-oil,2026-10-01,Benzaldehyde 3 - 0.7000% - 0.7000%,"columna «Total» del proveedor (Firmenich: adición directa + indirecta por naturales + indirecta por síntesis), % del producto; las columnas parciales no se usan; emparejada por el nombre del alérgeno (el CAS va en otra línea de la celda); forma ambigua, candidatas: fig:2909, fig:2910, fig:2911, fig:2912"
,,teak,Citral,106-26-3,IFRA_STD_021,0.0018,0.0018,típico,Perfumiarz: lista de alérgenos W20037_ALG_07-24.pdf,proveedor,https://perfumiarz.com/products/teak,2026-10-01,Citral - - 0.0018% 0.0018%,"columna «Total» del proveedor (Firmenich: adición directa + indirecta por naturales + indirecta por síntesis), % del producto; las columnas parciales no se usan; emparejada por el nombre del alérgeno (el CAS va en otra línea de la celda); sin fila en nombres-proveedores (producto sin CAS)"
,,teak,Citronellol,106-22-9,IFRA_STD_022,9.2308,9.2308,típico,Perfumiarz: lista de alérgenos W20037_ALG_07-24.pdf,proveedor,https://perfumiarz.com/products/teak,2026-10-01,Citronellol 9.2308% - - 9.2308%,"columna «Total» del proveedor (Firmenich: adición directa + indirecta por naturales + indirecta por síntesis), % del producto; las columnas parciales no se usan; emparejada por el nombre del alérgeno (el CAS va en otra línea de la celda); sin fila en nombres-proveedores (producto sin CAS)"
,,teak,Geraniol,106-24-1,IFRA_STD_037,0.0647,0.0647,típico,Perfumiarz: lista de alérgenos W20037_ALG_07-24.pdf,proveedor,https://perfumiarz.com/products/teak,2026-10-01,Geraniol - - 0.0646% 0.0647%,"columna «Total» del proveedor (Firmenich: adición directa + indirecta por naturales + indirecta por síntesis), % del producto; las columnas parciales no se usan; emparejada por el nombre del alérgeno (el CAS va en otra línea de la celda); sin fila en nombres-proveedores (producto sin CAS)"
,,teak,Limonene,138-86-3,IFRA_STD_186,0.0006,0.0006,típico,Perfumiarz: lista de alérgenos W20037_ALG_07-24.pdf,proveedor,https://perfumiarz.com/products/teak,2026-10-01,Limonene - 0.0006% - 0.0006%,"columna «Total» del proveedor (Firmenich: adición directa + indirecta por naturales + indirecta por síntesis), % del producto; las columnas parciales no se usan; emparejada por el nombre del alérgeno (el CAS va en otra línea de la celda); sin fila en nombres-proveedores (producto sin CAS)"
,,teak,Tetramethyl Acetyloctahydronaphthalenes,54464-57-2,IFRA_STD_068,9.2308,9.2308,típico,Perfumiarz: lista de alérgenos W20037_ALG_07-24.pdf,proveedor,https://perfumiarz.com/products/teak,2026-10-01,Tetramethyl acetyloctahydronaphthalenes 3 9.2308% - - 9.2308%,"columna «Total» del proveedor (Firmenich: adición directa + indirecta por naturales + indirecta por síntesis), % del producto; las columnas parciales no se usan; emparejada por el nombre del alérgeno (el CAS va en otra línea de la celda); sin fila en nombres-proveedores (producto sin CAS)"
,8008-56-8,Lemon Tetrarome,Citral,106-26-3,IFRA_STD_021,8.507,8.507,típico,Perfumiarz: lista de alérgenos W20042_ALG_01-23.pdf,proveedor,https://perfumiarz.com/products/lemon-tetrarome_,2026-10-01,Citral - 8.5070% - 8.5070%,"columna «Total» del proveedor (Firmenich: adición directa + indirecta por naturales + indirecta por síntesis), % del producto; las columnas parciales no se usan; emparejada por el nombre del alérgeno (el CAS va en otra línea de la celda); forma ambigua, candidatas: fig:2191, fig:2192, fig:2193, fig:2194, fig:2195, fig:2197, fig:2198, fig:2201"
,8008-56-8,Lemon Tetrarome,Citronellol,106-22-9,IFRA_STD_022,0.1139,0.1139,típico,Perfumiarz: lista de alérgenos W20042_ALG_01-23.pdf,proveedor,https://perfumiarz.com/products/lemon-tetrarome_,2026-10-01,Citronellol - 0.1139% - 0.1139%,"columna «Total» del proveedor (Firmenich: adición directa + indirecta por naturales + indirecta por síntesis), % del producto; las columnas parciales no se usan; emparejada por el nombre del alérgeno (el CAS va en otra línea de la celda); forma ambigua, candidatas: fig:2191, fig:2192, fig:2193, fig:2194, fig:2195, fig:2197, fig:2198, fig:2201"
,8008-56-8,Lemon Tetrarome,Eugenol,97-53-0,IFRA_STD_035,0.0192,0.0192,típico,Perfumiarz: lista de alérgenos W20042_ALG_01-23.pdf,proveedor,https://perfumiarz.com/products/lemon-tetrarome_,2026-10-01,Eugenol - 0.0192% - 0.0192%,"columna «Total» del proveedor (Firmenich: adición directa + indirecta por naturales + indirecta por síntesis), % del producto; las columnas parciales no se usan; emparejada por el nombre del alérgeno (el CAS va en otra línea de la celda); forma ambigua, candidatas: fig:2191, fig:2192, fig:2193, fig:2194, fig:2195, fig:2197, fig:2198, fig:2201"
,8008-56-8,Lemon Tetrarome,Geraniol,106-24-1,IFRA_STD_037,0.0668,0.0668,típico,Perfumiarz: lista de alérgenos W20042_ALG_01-23.pdf,proveedor,https://perfumiarz.com/products/lemon-tetrarome_,2026-10-01,Geraniol - 0.0668% - 0.0668%,"columna «Total» del proveedor (Firmenich: adición directa + indirecta por naturales + indirecta por síntesis), % del producto; las columnas parciales no se usan; emparejada por el nombre del alérgeno (el CAS va en otra línea de la celda); forma ambigua, candidatas: fig:2191, fig:2192, fig:2193, fig:2194, fig:2195, fig:2197, fig:2198, fig:2201"
,8008-56-8,Lemon Tetrarome,Limonene,138-86-3,IFRA_STD_186,64.9675,64.9675,típico,Perfumiarz: lista de alérgenos W20042_ALG_01-23.pdf,proveedor,https://perfumiarz.com/products/lemon-tetrarome_,2026-10-01,Limonene - 64.9675% - 64.9675%,"columna «Total» del proveedor (Firmenich: adición directa + indirecta por naturales + indirecta por síntesis), % del producto; las columnas parciales no se usan; emparejada por el nombre del alérgeno (el CAS va en otra línea de la celda); forma ambigua, candidatas: fig:2191, fig:2192, fig:2193, fig:2194, fig:2195, fig:2197, fig:2198, fig:2201"
,8008-56-8,Lemon Tetrarome,Linalool,78-70-6,IFRA_STD_187,0.5334,0.5334,típico,Perfumiarz: lista de alérgenos W20042_ALG_01-23.pdf,proveedor,https://perfumiarz.com/products/lemon-tetrarome_,2026-10-01,Linalool - 0.5334% - 0.5334%,"columna «Total» del proveedor (Firmenich: adición directa + indirecta por naturales + indirecta por síntesis), % del producto; las columnas parciales no se usan; emparejada por el nombre del alérgeno (el CAS va en otra línea de la celda); forma ambigua, candidatas: fig:2191, fig:2192, fig:2193, fig:2194, fig:2195, fig:2197, fig:2198, fig:2201"
,,tubereuse-184108,Benzyl Alcohol,100-51-6,IFRA_STD_008,0.0022,0.0022,típico,Perfumiarz: lista de alérgenos W20160_ALG_05-22.pdf,proveedor,https://perfumiarz.com/products/tubereuse-184108,2026-10-01,Benzyl Alcohol - - 0.0022% 0.0022%,"columna «Total» del proveedor (Firmenich: adición directa + indirecta por naturales + indirecta por síntesis), % del producto; las columnas parciales no se usan; emparejada por el nombre del alérgeno (el CAS va en otra línea de la celda); sin fila en nombres-proveedores (producto sin CAS)"
,,tubereuse-184108,Benzyl Benzoate,120-51-4,IFRA_STD_009,0.0001,0.0001,típico,Perfumiarz: lista de alérgenos W20160_ALG_05-22.pdf,proveedor,https://perfumiarz.com/products/tubereuse-184108,2026-10-01,Benzyl Benzoate - - 0.0001% 0.0001%,"columna «Total» del proveedor (Firmenich: adición directa + indirecta por naturales + indirecta por síntesis), % del producto; las columnas parciales no se usan; emparejada por el nombre del alérgeno (el CAS va en otra línea de la celda); sin fila en nombres-proveedores (producto sin CAS)"
,,tubereuse-184108,Citral,106-26-3,IFRA_STD_021,0.0047,0.0047,típico,Perfumiarz: lista de alérgenos W20160_ALG_05-22.pdf,proveedor,https://perfumiarz.com/products/tubereuse-184108,2026-10-01,Citral - - 0.0047% 0.0047%,"columna «Total» del proveedor (Firmenich: adición directa + indirecta por naturales + indirecta por síntesis), % del producto; las columnas parciales no se usan; emparejada por el nombre del alérgeno (el CAS va en otra línea de la celda); sin fila en nombres-proveedores (producto sin CAS)"
,,tubereuse-184108,Citronellol,106-22-9,IFRA_STD_022,0.1807,0.1807,típico,Perfumiarz: lista de alérgenos W20160_ALG_05-22.pdf,proveedor,https://perfumiarz.com/products/tubereuse-184108,2026-10-01,Citronellol 0.1800% - 0.0007% 0.1807%,"columna «Total» del proveedor (Firmenich: adición directa + indirecta por naturales + indirecta por síntesis), % del producto; las columnas parciales no se usan; emparejada por el nombre del alérgeno (el CAS va en otra línea de la celda); sin fila en nombres-proveedores (producto sin CAS)"
,,tubereuse-184108,Eugenol,97-53-0,IFRA_STD_035,1.8052,1.8052,típico,Perfumiarz: lista de alérgenos W20160_ALG_05-22.pdf,proveedor,https://perfumiarz.com/products/tubereuse-184108,2026-10-01,Eugenol 1.8000% - 0.0052% 1.8052%,"columna «Total» del proveedor (Firmenich: adición directa + indirecta por naturales + indirecta por síntesis), % del producto; las columnas parciales no se usan; emparejada por el nombre del alérgeno (el CAS va en otra línea de la celda); sin fila en nombres-proveedores (producto sin CAS)"
,,tubereuse-184108,Geraniol,106-24-1,IFRA_STD_037,0.4213,0.4213,típico,Perfumiarz: lista de alérgenos W20160_ALG_05-22.pdf,proveedor,https://perfumiarz.com/products/tubereuse-184108,2026-10-01,Geraniol 0.4200% - 0.0013% 0.4213%,"columna «Total» del proveedor (Firmenich: adición directa + indirecta por naturales + indirecta por síntesis), % del producto; las columnas parciales no se usan; emparejada por el nombre del alérgeno (el CAS va en otra línea de la celda); sin fila en nombres-proveedores (producto sin CAS)"
,,tubereuse-184108,Isoeugenol,5932-68-3,IFRA_STD_048,0.0304,0.0304,típico,Perfumiarz: lista de alérgenos W20160_ALG_05-22.pdf,proveedor,https://perfumiarz.com/products/tubereuse-184108,2026-10-01,Isoeugenol - 0.0004% 0.0300% 0.0304%,"columna «Total» del proveedor (Firmenich: adición directa + indirecta por naturales + indirecta por síntesis), % del producto; las columnas parciales no se usan; emparejada por el nombre del alérgeno (el CAS va en otra línea de la celda); sin fila en nombres-proveedores (producto sin CAS)"
,,tubereuse-184108,Limonene,138-86-3,IFRA_STD_186,0.0069,0.0069,típico,Perfumiarz: lista de alérgenos W20160_ALG_05-22.pdf,proveedor,https://perfumiarz.com/products/tubereuse-184108,2026-10-01,Limonene - 0.0038% 0.0030% 0.0069%,"columna «Total» del proveedor (Firmenich: adición directa + indirecta por naturales + indirecta por síntesis), % del producto; las columnas parciales no se usan; emparejada por el nombre del alérgeno (el CAS va en otra línea de la celda); sin fila en nombres-proveedores (producto sin CAS)"
,,tubereuse-184108,Linalool,78-70-6,IFRA_STD_187,0.2,0.2,típico,Perfumiarz: lista de alérgenos W20160_ALG_05-22.pdf,proveedor,https://perfumiarz.com/products/tubereuse-184108,2026-10-01,Linalool 0.1999% 0.0001% - 0.2000%,"columna «Total» del proveedor (Firmenich: adición directa + indirecta por naturales + indirecta por síntesis), % del producto; las columnas parciales no se usan; emparejada por el nombre del alérgeno (el CAS va en otra línea de la celda); sin fila en nombres-proveedores (producto sin CAS)"
,68650-46-4,Buchu Oil,Benzyl Alcohol,100-51-6,IFRA_STD_008,0.0022,0.0022,típico,Perfumiarz: lista de alérgenos W20160_ALG_05-22_20bbfb70-5309-4dfc-b20a-d8d086aac3f2.pdf,proveedor,https://perfumiarz.com/products/buchu-oil,2026-10-01,Benzyl Alcohol - - 0.0022% 0.0022%,"columna «Total» del proveedor (Firmenich: adición directa + indirecta por naturales + indirecta por síntesis), % del producto; las columnas parciales no se usan; emparejada por el nombre del alérgeno (el CAS va en otra línea de la celda); forma ambigua, candidatas: fig:1241, fig:1243, tl:bucchu-oil-terpeneless"
,68650-46-4,Buchu Oil,Benzyl Benzoate,120-51-4,IFRA_STD_009,0.0001,0.0001,típico,Perfumiarz: lista de alérgenos W20160_ALG_05-22_20bbfb70-5309-4dfc-b20a-d8d086aac3f2.pdf,proveedor,https://perfumiarz.com/products/buchu-oil,2026-10-01,Benzyl Benzoate - - 0.0001% 0.0001%,"columna «Total» del proveedor (Firmenich: adición directa + indirecta por naturales + indirecta por síntesis), % del producto; las columnas parciales no se usan; emparejada por el nombre del alérgeno (el CAS va en otra línea de la celda); forma ambigua, candidatas: fig:1241, fig:1243, tl:bucchu-oil-terpeneless"
,68650-46-4,Buchu Oil,Citral,106-26-3,IFRA_STD_021,0.0047,0.0047,típico,Perfumiarz: lista de alérgenos W20160_ALG_05-22_20bbfb70-5309-4dfc-b20a-d8d086aac3f2.pdf,proveedor,https://perfumiarz.com/products/buchu-oil,2026-10-01,Citral - - 0.0047% 0.0047%,"columna «Total» del proveedor (Firmenich: adición directa + indirecta por naturales + indirecta por síntesis), % del producto; las columnas parciales no se usan; emparejada por el nombre del alérgeno (el CAS va en otra línea de la celda); forma ambigua, candidatas: fig:1241, fig:1243, tl:bucchu-oil-terpeneless"
,68650-46-4,Buchu Oil,Citronellol,106-22-9,IFRA_STD_022,0.1807,0.1807,típico,Perfumiarz: lista de alérgenos W20160_ALG_05-22_20bbfb70-5309-4dfc-b20a-d8d086aac3f2.pdf,proveedor,https://perfumiarz.com/products/buchu-oil,2026-10-01,Citronellol 0.1800% - 0.0007% 0.1807%,"columna «Total» del proveedor (Firmenich: adición directa + indirecta por naturales + indirecta por síntesis), % del producto; las columnas parciales no se usan; emparejada por el nombre del alérgeno (el CAS va en otra línea de la celda); forma ambigua, candidatas: fig:1241, fig:1243, tl:bucchu-oil-terpeneless"
,68650-46-4,Buchu Oil,Eugenol,97-53-0,IFRA_STD_035,1.8052,1.8052,típico,Perfumiarz: lista de alérgenos W20160_ALG_05-22_20bbfb70-5309-4dfc-b20a-d8d086aac3f2.pdf,proveedor,https://perfumiarz.com/products/buchu-oil,2026-10-01,Eugenol 1.8000% - 0.0052% 1.8052%,"columna «Total» del proveedor (Firmenich: adición directa + indirecta por naturales + indirecta por síntesis), % del producto; las columnas parciales no se usan; emparejada por el nombre del alérgeno (el CAS va en otra línea de la celda); forma ambigua, candidatas: fig:1241, fig:1243, tl:bucchu-oil-terpeneless"
,68650-46-4,Buchu Oil,Geraniol,106-24-1,IFRA_STD_037,0.4213,0.4213,típico,Perfumiarz: lista de alérgenos W20160_ALG_05-22_20bbfb70-5309-4dfc-b20a-d8d086aac3f2.pdf,proveedor,https://perfumiarz.com/products/buchu-oil,2026-10-01,Geraniol 0.4200% - 0.0013% 0.4213%,"columna «Total» del proveedor (Firmenich: adición directa + indirecta por naturales + indirecta por síntesis), % del producto; las columnas parciales no se usan; emparejada por el nombre del alérgeno (el CAS va en otra línea de la celda); forma ambigua, candidatas: fig:1241, fig:1243, tl:bucchu-oil-terpeneless"
,68650-46-4,Buchu Oil,Isoeugenol,5932-68-3,IFRA_STD_048,0.0304,0.0304,típico,Perfumiarz: lista de alérgenos W20160_ALG_05-22_20bbfb70-5309-4dfc-b20a-d8d086aac3f2.pdf,proveedor,https://perfumiarz.com/products/buchu-oil,2026-10-01,Isoeugenol - 0.0004% 0.0300% 0.0304%,"columna «Total» del proveedor (Firmenich: adición directa + indirecta por naturales + indirecta por síntesis), % del producto; las columnas parciales no se usan; emparejada por el nombre del alérgeno (el CAS va en otra línea de la celda); forma ambigua, candidatas: fig:1241, fig:1243, tl:bucchu-oil-terpeneless"
,68650-46-4,Buchu Oil,Limonene,138-86-3,IFRA_STD_186,0.0069,0.0069,típico,Perfumiarz: lista de alérgenos W20160_ALG_05-22_20bbfb70-5309-4dfc-b20a-d8d086aac3f2.pdf,proveedor,https://perfumiarz.com/products/buchu-oil,2026-10-01,Limonene - 0.0038% 0.0030% 0.0069%,"columna «Total» del proveedor (Firmenich: adición directa + indirecta por naturales + indirecta por síntesis), % del producto; las columnas parciales no se usan; emparejada por el nombre del alérgeno (el CAS va en otra línea de la celda); forma ambigua, candidatas: fig:1241, fig:1243, tl:bucchu-oil-terpeneless"
,68650-46-4,Buchu Oil,Linalool,78-70-6,IFRA_STD_187,0.2,0.2,típico,Perfumiarz: lista de alérgenos W20160_ALG_05-22_20bbfb70-5309-4dfc-b20a-d8d086aac3f2.pdf,proveedor,https://perfumiarz.com/products/buchu-oil,2026-10-01,Linalool 0.1999% 0.0001% - 0.2000%,"columna «Total» del proveedor (Firmenich: adición directa + indirecta por naturales + indirecta por síntesis), % del producto; las columnas parciales no se usan; emparejada por el nombre del alérgeno (el CAS va en otra línea de la celda); forma ambigua, candidatas: fig:1241, fig:1243, tl:bucchu-oil-terpeneless"
,,tolu-balsam-resinoide,Benzyl Alcohol,100-51-6,IFRA_STD_008,0.0634,0.0634,típico,Perfumiarz: lista de alérgenos W20726_ALG_09-23.pdf,proveedor,https://perfumiarz.com/products/tolu-balsam-resinoide,2026-10-01,Benzyl Alcohol - 0.0634% - 0.0634%,"columna «Total» del proveedor (Firmenich: adición directa + indirecta por naturales + indirecta por síntesis), % del producto; las columnas parciales no se usan; emparejada por el nombre del alérgeno (el CAS va en otra línea de la celda); sin fila en nombres-proveedores (producto sin CAS)"
,,tolu-balsam-resinoide,Benzyl Benzoate,120-51-4,IFRA_STD_009,3.5964,3.5964,típico,Perfumiarz: lista de alérgenos W20726_ALG_09-23.pdf,proveedor,https://perfumiarz.com/products/tolu-balsam-resinoide,2026-10-01,Benzyl Benzoate - 3.5964% - 3.5964%,"columna «Total» del proveedor (Firmenich: adición directa + indirecta por naturales + indirecta por síntesis), % del producto; las columnas parciales no se usan; emparejada por el nombre del alérgeno (el CAS va en otra línea de la celda); sin fila en nombres-proveedores (producto sin CAS)"
,,tolu-balsam-resinoide,Benzyl Cinnamate,103-41-3,IFRA_STD_010,3.5028,3.5028,típico,Perfumiarz: lista de alérgenos W20726_ALG_09-23.pdf,proveedor,https://perfumiarz.com/products/tolu-balsam-resinoide,2026-10-01,Benzyl Cinnamate - 3.5028% - 3.5028%,"columna «Total» del proveedor (Firmenich: adición directa + indirecta por naturales + indirecta por síntesis), % del producto; las columnas parciales no se usan; emparejada por el nombre del alérgeno (el CAS va en otra línea de la celda); sin fila en nombres-proveedores (producto sin CAS)"
,,tolu-balsam-resinoide,Benzyl Salicylate,118-58-1,IFRA_STD_011,0.0013,0.0013,típico,Perfumiarz: lista de alérgenos W20726_ALG_09-23.pdf,proveedor,https://perfumiarz.com/products/tolu-balsam-resinoide,2026-10-01,Benzyl Salicylate - 0.0013% - 0.0013%,"columna «Total» del proveedor (Firmenich: adición directa + indirecta por naturales + indirecta por síntesis), % del producto; las columnas parciales no se usan; emparejada por el nombre del alérgeno (el CAS va en otra línea de la celda); sin fila en nombres-proveedores (producto sin CAS)"
,,tolu-balsam-resinoide,Cinnamal,104-55-2,IFRA_STD_018,0.0869,0.0869,típico,Perfumiarz: lista de alérgenos W20726_ALG_09-23.pdf,proveedor,https://perfumiarz.com/products/tolu-balsam-resinoide,2026-10-01,Cinnamal - 0.0869% - 0.0869%,"columna «Total» del proveedor (Firmenich: adición directa + indirecta por naturales + indirecta por síntesis), % del producto; las columnas parciales no se usan; emparejada por el nombre del alérgeno (el CAS va en otra línea de la celda); sin fila en nombres-proveedores (producto sin CAS)"
,,tolu-balsam-resinoide,Cinnamyl Alcohol,104-54-1,IFRA_STD_017,0.0452,0.0452,típico,Perfumiarz: lista de alérgenos W20726_ALG_09-23.pdf,proveedor,https://perfumiarz.com/products/tolu-balsam-resinoide,2026-10-01,Cinnamyl Alcohol - 0.0452% - 0.0452%,"columna «Total» del proveedor (Firmenich: adición directa + indirecta por naturales + indirecta por síntesis), % del producto; las columnas parciales no se usan; emparejada por el nombre del alérgeno (el CAS va en otra línea de la celda); sin fila en nombres-proveedores (producto sin CAS)"
,,tolu-balsam-resinoide,Coumarin,91-64-5,IFRA_STD_023,0.0035,0.0035,típico,Perfumiarz: lista de alérgenos W20726_ALG_09-23.pdf,proveedor,https://perfumiarz.com/products/tolu-balsam-resinoide,2026-10-01,Coumarin - 0.0035% - 0.0035%,"columna «Total» del proveedor (Firmenich: adición directa + indirecta por naturales + indirecta por síntesis), % del producto; las columnas parciales no se usan; emparejada por el nombre del alérgeno (el CAS va en otra línea de la celda); sin fila en nombres-proveedores (producto sin CAS)"
,,tolu-balsam-resinoide,Eugenol,97-53-0,IFRA_STD_035,0.0091,0.0091,típico,Perfumiarz: lista de alérgenos W20726_ALG_09-23.pdf,proveedor,https://perfumiarz.com/products/tolu-balsam-resinoide,2026-10-01,Eugenol - 0.0091% - 0.0091%,"columna «Total» del proveedor (Firmenich: adición directa + indirecta por naturales + indirecta por síntesis), % del producto; las columnas parciales no se usan; emparejada por el nombre del alérgeno (el CAS va en otra línea de la celda); sin fila en nombres-proveedores (producto sin CAS)"
,,tolu-balsam-resinoide,Farnesol,4602-84-0,IFRA_STD_036,0.0041,0.0041,típico,Perfumiarz: lista de alérgenos W20726_ALG_09-23.pdf,proveedor,https://perfumiarz.com/products/tolu-balsam-resinoide,2026-10-01,Farnesol - 0.0041% - 0.0041%,"columna «Total» del proveedor (Firmenich: adición directa + indirecta por naturales + indirecta por síntesis), % del producto; las columnas parciales no se usan; emparejada por el nombre del alérgeno (el CAS va en otra línea de la celda); sin fila en nombres-proveedores (producto sin CAS)"
,,tolu-balsam-resinoide,Isoeugenol,5932-68-3,IFRA_STD_048,0.01,0.01,típico,Perfumiarz: lista de alérgenos W20726_ALG_09-23.pdf,proveedor,https://perfumiarz.com/products/tolu-balsam-resinoide,2026-10-01,Isoeugenol - 0.0100% - 0.0100%,"columna «Total» del proveedor (Firmenich: adición directa + indirecta por naturales + indirecta por síntesis), % del producto; las columnas parciales no se usan; emparejada por el nombre del alérgeno (el CAS va en otra línea de la celda); sin fila en nombres-proveedores (producto sin CAS)"
,,tolu-balsam-resinoide,Limonene,138-86-3,IFRA_STD_186,0.0003,0.0003,típico,Perfumiarz: lista de alérgenos W20726_ALG_09-23.pdf,proveedor,https://perfumiarz.com/products/tolu-balsam-resinoide,2026-10-01,Limonene - 0.0003% - 0.0003%,"columna «Total» del proveedor (Firmenich: adición directa + indirecta por naturales + indirecta por síntesis), % del producto; las columnas parciales no se usan; emparejada por el nombre del alérgeno (el CAS va en otra línea de la celda); sin fila en nombres-proveedores (producto sin CAS)"
,,tolu-balsam-resinoide,Benzaldehyde,100-52-7,IFRA_STD_007,0.0342,0.0342,típico,Perfumiarz: lista de alérgenos W20726_ALG_09-23.pdf,proveedor,https://perfumiarz.com/products/tolu-balsam-resinoide,2026-10-01,Benzaldehyde 3 - 0.0342% - 0.0342%,"columna «Total» del proveedor (Firmenich: adición directa + indirecta por naturales + indirecta por síntesis), % del producto; las columnas parciales no se usan; emparejada por el nombre del alérgeno (el CAS va en otra línea de la celda); sin fila en nombres-proveedores (producto sin CAS)"
,,tolu-balsam-resinoide,Myroxylon Pereirae Oil/Extract,8007-00-9,IFRA_STD_071,10,10,típico,Perfumiarz: lista de alérgenos W20726_ALG_09-23.pdf,proveedor,https://perfumiarz.com/products/tolu-balsam-resinoide,2026-10-01,Myroxylon Pereirae Oil/ Extract 3 10.0000% - - 10.0000%,"columna «Total» del proveedor (Firmenich: adición directa + indirecta por naturales + indirecta por síntesis), % del producto; las columnas parciales no se usan; emparejada por el nombre del alérgeno (el CAS va en otra línea de la celda); sin fila en nombres-proveedores (producto sin CAS)"
,,wardia_-184036,Benzyl Alcohol,100-51-6,IFRA_STD_008,0.1461,0.1461,típico,Perfumiarz: lista de alérgenos W23009_ALG_09-23.pdf,proveedor,https://perfumiarz.com/products/wardia_-184036,2026-10-01,Benzyl Alcohol - 0.0005% 0.1456% 0.1461%,"columna «Total» del proveedor (Firmenich: adición directa + indirecta por naturales + indirecta por síntesis), % del producto; las columnas parciales no se usan; emparejada por el nombre del alérgeno (el CAS va en otra línea de la celda); sin fila en nombres-proveedores (producto sin CAS)"
,,wardia_-184036,Benzyl Benzoate,120-51-4,IFRA_STD_009,0.0234,0.0234,típico,Perfumiarz: lista de alérgenos W23009_ALG_09-23.pdf,proveedor,https://perfumiarz.com/products/wardia_-184036,2026-10-01,Benzyl Benzoate 0.0176% 0.0058% - 0.0234%,"columna «Total» del proveedor (Firmenich: adición directa + indirecta por naturales + indirecta por síntesis), % del producto; las columnas parciales no se usan; emparejada por el nombre del alérgeno (el CAS va en otra línea de la celda); sin fila en nombres-proveedores (producto sin CAS)"
,,wardia_-184036,Cinnamal,104-55-2,IFRA_STD_018,0.0005,0.0005,típico,Perfumiarz: lista de alérgenos W23009_ALG_09-23.pdf,proveedor,https://perfumiarz.com/products/wardia_-184036,2026-10-01,Cinnamal - - 0.0005% 0.0005%,"columna «Total» del proveedor (Firmenich: adición directa + indirecta por naturales + indirecta por síntesis), % del producto; las columnas parciales no se usan; emparejada por el nombre del alérgeno (el CAS va en otra línea de la celda); sin fila en nombres-proveedores (producto sin CAS)"
,,wardia_-184036,Cinnamyl Alcohol,104-54-1,IFRA_STD_017,0.06,0.06,típico,Perfumiarz: lista de alérgenos W23009_ALG_09-23.pdf,proveedor,https://perfumiarz.com/products/wardia_-184036,2026-10-01,Cinnamyl Alcohol 0.0600% - - 0.0600%,"columna «Total» del proveedor (Firmenich: adición directa + indirecta por naturales + indirecta por síntesis), % del producto; las columnas parciales no se usan; emparejada por el nombre del alérgeno (el CAS va en otra línea de la celda); sin fila en nombres-proveedores (producto sin CAS)"
,,wardia_-184036,Citral,106-26-3,IFRA_STD_021,0.2952,0.2952,típico,Perfumiarz: lista de alérgenos W23009_ALG_09-23.pdf,proveedor,https://perfumiarz.com/products/wardia_-184036,2026-10-01,Citral 0.1460% 0.0502% 0.0991% 0.2952%,"columna «Total» del proveedor (Firmenich: adición directa + indirecta por naturales + indirecta por síntesis), % del producto; las columnas parciales no se usan; emparejada por el nombre del alérgeno (el CAS va en otra línea de la celda); sin fila en nombres-proveedores (producto sin CAS)"
,,wardia_-184036,Citronellol,106-22-9,IFRA_STD_022,9.0427,9.0427,típico,Perfumiarz: lista de alérgenos W23009_ALG_09-23.pdf,proveedor,https://perfumiarz.com/products/wardia_-184036,2026-10-01,Citronellol 8.2000% 0.8182% 0.0244% 9.0427%,"columna «Total» del proveedor (Firmenich: adición directa + indirecta por naturales + indirecta por síntesis), % del producto; las columnas parciales no se usan; emparejada por el nombre del alérgeno (el CAS va en otra línea de la celda); sin fila en nombres-proveedores (producto sin CAS)"
,,wardia_-184036,Eugenol,97-53-0,IFRA_STD_035,0.7608,0.7608,típico,Perfumiarz: lista de alérgenos W23009_ALG_09-23.pdf,proveedor,https://perfumiarz.com/products/wardia_-184036,2026-10-01,Eugenol 0.7600% 0.0008% - 0.7608%,"columna «Total» del proveedor (Firmenich: adición directa + indirecta por naturales + indirecta por síntesis), % del producto; las columnas parciales no se usan; emparejada por el nombre del alérgeno (el CAS va en otra línea de la celda); sin fila en nombres-proveedores (producto sin CAS)"
,,wardia_-184036,Geraniol,106-24-1,IFRA_STD_037,8.1683,8.1683,típico,Perfumiarz: lista de alérgenos W23009_ALG_09-23.pdf,proveedor,https://perfumiarz.com/products/wardia_-184036,2026-10-01,Geraniol 7.7100% 0.3889% 0.0694% 8.1683%,"columna «Total» del proveedor (Firmenich: adición directa + indirecta por naturales + indirecta por síntesis), % del producto; las columnas parciales no se usan; emparejada por el nombre del alérgeno (el CAS va en otra línea de la celda); sin fila en nombres-proveedores (producto sin CAS)"
,,wardia_-184036,Hydroxycitronellal,107-75-5,IFRA_STD_043,2.5935,2.5935,típico,Perfumiarz: lista de alérgenos W23009_ALG_09-23.pdf,proveedor,https://perfumiarz.com/products/wardia_-184036,2026-10-01,Hydroxycitronellal 2.5935% - - 2.5935%,"columna «Total» del proveedor (Firmenich: adición directa + indirecta por naturales + indirecta por síntesis), % del producto; las columnas parciales no se usan; emparejada por el nombre del alérgeno (el CAS va en otra línea de la celda); sin fila en nombres-proveedores (producto sin CAS)"
,,wardia_-184036,Isoeugenol,5932-68-3,IFRA_STD_048,0.0002,0.0002,típico,Perfumiarz: lista de alérgenos W23009_ALG_09-23.pdf,proveedor,https://perfumiarz.com/products/wardia_-184036,2026-10-01,Isoeugenol - 0.0002% - 0.0002%,"columna «Total» del proveedor (Firmenich: adición directa + indirecta por naturales + indirecta por síntesis), % del producto; las columnas parciales no se usan; emparejada por el nombre del alérgeno (el CAS va en otra línea de la celda); sin fila en nombres-proveedores (producto sin CAS)"
,,wardia_-184036,Limonene,138-86-3,IFRA_STD_186,0.0446,0.0446,típico,Perfumiarz: lista de alérgenos W23009_ALG_09-23.pdf,proveedor,https://perfumiarz.com/products/wardia_-184036,2026-10-01,Limonene 0.0120% 0.0314% 0.0012% 0.0446%,"columna «Total» del proveedor (Firmenich: adición directa + indirecta por naturales + indirecta por síntesis), % del producto; las columnas parciales no se usan; emparejada por el nombre del alérgeno (el CAS va en otra línea de la celda); sin fila en nombres-proveedores (producto sin CAS)"
,,wardia_-184036,Linalool,78-70-6,IFRA_STD_187,1.531,1.531,típico,Perfumiarz: lista de alérgenos W23009_ALG_09-23.pdf,proveedor,https://perfumiarz.com/products/wardia_-184036,2026-10-01,Linalool 1.3700% 0.1598% 0.0011% 1.5310%,"columna «Total» del proveedor (Firmenich: adición directa + indirecta por naturales + indirecta por síntesis), % del producto; las columnas parciales no se usan; emparejada por el nombre del alérgeno (el CAS va en otra línea de la celda); sin fila en nombres-proveedores (producto sin CAS)"
,,wardia_-184036,Benzaldehyde,100-52-7,IFRA_STD_007,0.0051,0.0051,típico,Perfumiarz: lista de alérgenos W23009_ALG_09-23.pdf,proveedor,https://perfumiarz.com/products/wardia_-184036,2026-10-01,Benzaldehyde 3 - 0.0003% 0.0048% 0.0051%,"columna «Total» del proveedor (Firmenich: adición directa + indirecta por naturales + indirecta por síntesis), % del producto; las columnas parciales no se usan; emparejada por el nombre del alérgeno (el CAS va en otra línea de la celda); sin fila en nombres-proveedores (producto sin CAS)"
,,wardia_-184036,Carvone,2244-16-8,IFRA_STD_016,0.0012,0.0012,típico,Perfumiarz: lista de alérgenos W23009_ALG_09-23.pdf,proveedor,https://perfumiarz.com/products/wardia_-184036,2026-10-01,Carvone 3 - 0.0012% - 0.0012%,"columna «Total» del proveedor (Firmenich: adición directa + indirecta por naturales + indirecta por síntesis), % del producto; las columnas parciales no se usan; emparejada por el nombre del alérgeno (el CAS va en otra línea de la celda); sin fila en nombres-proveedores (producto sin CAS)"
,,wardia_-184036,Citrus Limon Peel Oil,8008-56-8,IFRA_STD_092,0.036,0.036,típico,Perfumiarz: lista de alérgenos W23009_ALG_09-23.pdf,proveedor,https://perfumiarz.com/products/wardia_-184036,2026-10-01,Citrus Limon Peel Oil 3 0.0360% - - 0.0360%,"columna «Total» del proveedor (Firmenich: adición directa + indirecta por naturales + indirecta por síntesis), % del producto; las columnas parciales no se usan; emparejada por el nombre del alérgeno (el CAS va en otra línea de la celda); sin fila en nombres-proveedores (producto sin CAS)"
,,wardia_-184036,Jasmine Oil/Extract,8022-96-6,IFRA_STD_049,0.0005,0.0005,típico,Perfumiarz: lista de alérgenos W23009_ALG_09-23.pdf,proveedor,https://perfumiarz.com/products/wardia_-184036,2026-10-01,Jasmine Oil/Extract 3 0.0005% - - 0.0005%,"columna «Total» del proveedor (Firmenich: adición directa + indirecta por naturales + indirecta por síntesis), % del producto; las columnas parciales no se usan; emparejada por el nombre del alérgeno (el CAS va en otra línea de la celda); sin fila en nombres-proveedores (producto sin CAS)"
