material_id,cas,nombre,constituyente,cas_constituyente,estandar_ifra,min_pct,max_pct,tipo_valor,fuente,tipo_fuente,url,consultado,cita,notas,auditoria
fig:1210,55066-49-4,beta-Methyl-benzenepentanal,Benzaldehyde,100-52-7,IFRA_STD_007,0.005,0.005,típico,Perfumiarz: lista de alérgenos 0010593_MEFRANAL_Allergen_Extended_List_Ingredient_20240503.pdf,proveedor,https://perfumiarz.com/products/mefranal,2026-10-01,100-52-7 BENZALDEHYDE 0.005,"columna «Maximum % in the substance determined by GCMS analysis» (Givaudan): máximo medido por GC-MS en la sustancia, no un techo de especificación",aceptada
fig:1210,55066-49-4,beta-Methyl-benzenepentanal,Hydroxycitronellal,107-75-5,IFRA_STD_043,0.012,0.012,típico,Perfumiarz: lista de alérgenos 0010593_MEFRANAL_Allergen_Extended_List_Ingredient_20240503.pdf,proveedor,https://perfumiarz.com/products/mefranal,2026-10-01,107-75-5 HYDROXYCITRONELLAL 0.012,"columna «Maximum % in the substance determined by GCMS analysis» (Givaudan): máximo medido por GC-MS en la sustancia, no un techo de especificación",aceptada
fig:860,224031-70-3,"4-Penten-1-one, 1-spiro[4.5]dec-7-en-7-yl-",,,,,,sin-cifra,Perfumiarz: lista de alérgenos 0010703_SPIROGALBANONE_PURE_Allergen_Extended_List_Ingredient_20231019.pdf,proveedor,https://perfumiarz.com/products/spirogalbanone,2026-10-01,,la lista no declara ningún alérgeno con estándar IFRA,sin cifra: no vale cero (§1.2)
fig:2723,6658-48-6,p-Isobutyl-alpha-methyl hydrocinnamaldehyde,,,,,,sin-cifra,Perfumiarz: lista de alérgenos 0012543_SILVIAL_Allergen_Extended_List_Ingredient_20240704.pdf,proveedor,https://perfumiarz.com/products/silvial,2026-10-01,,la lista no declara ningún alérgeno con estándar IFRA,sin cifra: no vale cero (§1.2)
fig:189,16510-27-3,1-Cyclopropylmethyl-4-methoxybenzene,,,,,,sin-cifra,Perfumiarz: lista de alérgenos 0014203_TOSCANOL_Allergen_Extended_List_Ingredient_20240426.pdf,proveedor,https://perfumiarz.com/products/toscanol,2026-10-01,,la lista no declara ningún alérgeno con estándar IFRA,sin cifra: no vale cero (§1.2)
fig:295,54440-17-4,"2,3,3-Trimethylindanone",Benzyl Alcohol,100-51-6,IFRA_STD_008,0.007,0.007,típico,Perfumiarz: lista de alérgenos 0015893_SAFRALEINE_Allergen_Extended_List_Ingredient_20250416.pdf,proveedor,https://perfumiarz.com/products/safraleine,2026-10-01,100-51-6 BENZYL ALCOHOL 0.007,"columna «Maximum % in the substance determined by GCMS analysis» (Givaudan): máximo medido por GC-MS en la sustancia, no un techo de especificación",aceptada
fig:1247,406488-30-0,"Butanamide, 2-ethyl-N-methyl-N-(3-methylphenyl)-",,,,,,sin-cifra,Perfumiarz: lista de alérgenos 0025633_PARADISAMIDE_Allergen_Extended_List_Ingredient_20250721.pdf,proveedor,https://perfumiarz.com/products/paradisamide,2026-10-01,,la lista no declara ningún alérgeno con estándar IFRA,sin cifra: no vale cero (§1.2)
fig:1221,116126-82-0,"Bicyclo[2.2.1]hept-5-ene-2-carboxylic acid, 3-(1-methylethyl)-, ethyl ester, (2-exo,3-",,,,,,sin-cifra,Perfumiarz: lista de alérgenos 0025743_HERBANATE_Allergen_Extended_List_Ingredient_20250610.pdf,proveedor,https://perfumiarz.com/products/herbanate,2026-10-01,,la lista no declara ningún alérgeno con estándar IFRA,sin cifra: no vale cero (§1.2)
fig:407,2563-07-7,2-Ethoxy-4-methylphenol,,,,,,sin-cifra,Perfumiarz: lista de alérgenos 0027553_ULTRAVANIL_80DPG_Allergen_Extended_List_Compound_Total_20250520.pdf,proveedor,https://perfumiarz.com/products/ultravanil,2026-10-01,,la lista no declara ningún alérgeno con estándar IFRA,sin cifra: no vale cero (§1.2)
fig:342,141-13-9,"2,6,10-Trimethyl-9-undecenal",,,,,,sin-cifra,Perfumiarz: lista de alérgenos 1028001_ADOXAL_Allergen_Extended_List_Ingredient_20231019.pdf,proveedor,https://perfumiarz.com/products/adoxal,2026-10-01,,la lista no declara ningún alérgeno con estándar IFRA,sin cifra: no vale cero (§1.2)
fig:890,37609-25-9,5-Cyclohexadecen-1-one,,,,,,sin-cifra,Perfumiarz: lista de alérgenos 1382293_VELVIONE_Allergen_Extended_List_Ingredient_20240621.pdf,proveedor,https://perfumiarz.com/products/velvione,2026-10-01,,la lista no declara ningún alérgeno con estándar IFRA,sin cifra: no vale cero (§1.2)
fig:2423,84434-18-4,"N,2-Dimethyl-N-phenylbutyramide",,,,,,sin-cifra,Perfumiarz: lista de alérgenos 1390623_GARDAMIDE_Allergen_Extended_List_Ingredient_20231019.pdf,proveedor,https://perfumiarz.com/products/gardamide,2026-10-01,,la lista no declara ningún alérgeno con estándar IFRA,sin cifra: no vale cero (§1.2)
fig:3075,20665-85-4,Vanillin isobutyrate,,,,,,sin-cifra,Perfumiarz: lista de alérgenos 1465543_ISOBUTAVAN_Allergen_Extended_List_Ingredient_20231019.pdf,proveedor,https://perfumiarz.com/products/isobutavan,2026-10-01,,la lista no declara ningún alérgeno con estándar IFRA,sin cifra: no vale cero (§1.2)
tl:1637294-12-2,1637294-12-2,3-(4-isobutyl-2-methylphenyl)propanal,,,,,,sin-cifra,Perfumiarz: lista de alérgenos 1489703_NYMPHEAL_Allergen_Extended_List_Ingredient_20240111.pdf,proveedor,https://perfumiarz.com/products/nympheal,2026-10-01,,la lista no declara ningún alérgeno con estándar IFRA,sin cifra: no vale cero (§1.2)
fig:1601,198404-98-7,"Cyclopropanemethanol, 1-methyl-2-[(1,2,2-trimethylbicyclo[3.1.0]hex-3-yl)methyl]-",,,,,,sin-cifra,Perfumiarz: lista de alérgenos 1493163_JAVANOL_SUPER_Allergen_Extended_List_Ingredient_20231019.pdf,proveedor,https://perfumiarz.com/products/javanol-super,2026-10-01,,la lista no declara ningún alérgeno con estándar IFRA,sin cifra: no vale cero (§1.2)
fig:483,103-95-7,2-Methyl-3-(p-isopropylphenyl)propionaldehyde,,,,,,sin-cifra,Perfumiarz: lista de alérgenos 1534001_CYCLAMEN_ALDEHYDE_EXTRA_Allergen_Extended_List_Ingredient_20240830.pdf,proveedor,https://perfumiarz.com/products/cyclamen-aldehyde-extra,2026-10-01,,la lista no declara ningún alérgeno con estándar IFRA,sin cifra: no vale cero (§1.2)
fig:2026,89-43-0,Hydroxycitronellal-methyl anthranilate (Schiff base),Hydroxycitronellal,107-75-5,IFRA_STD_043,56.4,56.4,típico,Perfumiarz: lista de alérgenos 2365901_AURANTIOL_PURE_Allergen_Extended_List_Ingredient_20240301.pdf,proveedor,https://perfumiarz.com/products/aurantiol,2026-10-01,107-75-5 HYDROXYCITRONELLAL 56.400,"columna «Maximum % in the substance determined by GCMS analysis» (Givaudan): máximo medido por GC-MS en la sustancia, no un techo de especificación",aceptada
fig:404,68845-00-1,"2-Ethoxy-2,6,6-trimethyl-9-methylenebicyclo[3.3.1]nonane",,,,,,sin-cifra,Perfumiarz: lista de alérgenos 2786903_BOISIRIS_Allergen_Extended_List_Ingredient_20250506.pdf,proveedor,https://perfumiarz.com/products/boisiris,2026-10-01,,la lista no declara ningún alérgeno con estándar IFRA,sin cifra: no vale cero (§1.2)
fig:521,109-08-0,2-Methylpyrazine,,,,,,sin-cifra,Perfumiarz: lista de alérgenos 2MP1C_COSM2.pdf,proveedor,https://perfumiarz.com/products/2-methyl-pyrazine,2026-10-01,,la lista no declara ningún alérgeno con estándar IFRA,sin cifra: no vale cero (§1.2)
fig:930,34131-98-1,6-Isopropyl-2(1H)-octahydronaphthalenone,,,,,,sin-cifra,Perfumiarz: lista de alérgenos 4356101_DECATONE_Allergen_Extended_List_Ingredient_20231019.pdf,proveedor,https://perfumiarz.com/products/decatone,2026-10-01,,la lista no declara ningún alérgeno con estándar IFRA,sin cifra: no vale cero (§1.2)
fig:1664,17283-81-7,Dihydro-beta-ionone,,,,,,sin-cifra,Perfumiarz: lista de alérgenos 4508403_DIHYDRO_IONONE_BETA_Allergen_Extended_List_Ingredient_20231019.pdf,proveedor,https://perfumiarz.com/products/dihydro-ionone-beta,2026-10-01,,la lista no declara ningún alérgeno con estándar IFRA,sin cifra: no vale cero (§1.2)
fig:289,7392-19-0,"2,2,6-Trimethyl-6-vinyltetrahydropyran",,,,,,sin-cifra,Perfumiarz: lista de alérgenos 4523001_LIMETOL_Allergen_Extended_List_Ingredient_20240805.pdf,proveedor,https://perfumiarz.com/products/limetol,2026-10-01,,la lista no declara ningún alérgeno con estándar IFRA,sin cifra: no vale cero (§1.2)
fig:796,2550-11-0,"4,7-Dimethyloct-6-en-3-one",Limonene,138-86-3,IFRA_STD_186,0.003,0.003,típico,Perfumiarz: lista de alérgenos 4591003_DIMETHYL_OCTENONE_Allergen_Extended_List_Ingredient_20231019.pdf,proveedor,https://perfumiarz.com/products/dimethyl-octenone,2026-10-01,LIMONENE 0.003,"columna «Maximum % in the substance determined by GCMS analysis» (Givaudan): máximo medido por GC-MS en la sustancia, no un techo de especificación; emparejada por el nombre del alérgeno (el CAS va en otra línea de la celda)",aceptada
fig:869,30168-23-1,4-Tricyclodecylidene butanal,,,,,,sin-cifra,Perfumiarz: lista de alérgenos 4685003_DUPICAL_Allergen_Extended_List_Ingredient_20240805.pdf,proveedor,https://perfumiarz.com/products/dupical,2026-10-01,,la lista no declara ningún alérgeno con estándar IFRA,sin cifra: no vale cero (§1.2)
fig:722,67801-20-1,"3-Methyl-5-(2,2,3-trimethyl-3-cyclopenten-1-yl)pent-4-en-2-ol",,,,,,sin-cifra,Perfumiarz: lista de alérgenos 4697403_EBANOL_Allergen_Extended_List_Ingredient_20231019.pdf,proveedor,https://perfumiarz.com/products/ebanol,2026-10-01,,la lista no declara ningún alérgeno con estándar IFRA distinto del propio producto,sin cifra: no vale cero (§1.2)
fig:2436,7212-44-4,Nerolidol (isomer unspecified),,,,,,sin-cifra,Perfumiarz: lista de alérgenos 5000394_NEROLIDOL_Fragrance_Allergen_Statement.pdf,proveedor,https://perfumiarz.com/products/nerolidol,2026-10-01,,la lista no declara ningún alérgeno con estándar IFRA; el documento es una declaración sin cifras («ls in the finished cosmetic product. We hereby confirm that none of the potential fragrance allergens¹ is intentionally added and not expecte»),sin cifra: no vale cero (§1.2)
fig:639,10339-55-6,"3,7-Dimethyl-1,6-nonadien-3-ol (Ethyllinalool)",Linalool,78-70-6,IFRA_STD_187,,0.01,máximo,Perfumiarz: lista de alérgenos 5011728_ETHYL_LINALOOL_Fragrance_Allergen_Statement.pdf,proveedor,https://perfumiarz.com/products/ethyl-linalool,2026-10-01,"Linalool Max 0,01 %","cifra tomada del texto de la declaración, no de una tabla; la lista da un tope («Max 0,01%»), no un valor típico; emparejada por el nombre del alérgeno (el CAS va en otra línea de la celda)",aceptada
fig:1841,4602-84-0,Farnesol,Citral,5392-40-5,IFRA_STD_021,0.005,0.005,típico,Perfumiarz: lista de alérgenos 5052003_FARNESOL_SYNTHETIC_Allergen_Extended_List_Ingredient_20231019.pdf,proveedor,https://perfumiarz.com/products/farnesol,2026-10-01,5392-40-5/ 141-27-5/ 106-26-3 CITRAL 0.005,"columna «Maximum % in the substance determined by GCMS analysis» (Givaudan): máximo medido por GC-MS en la sustancia, no un techo de especificación",aceptada
fig:136,65405-72-3,"1,2,3,4,4a,7,8,8a-Octahydro-2,4a,5,8a-tetramethyl-1-naphthyl formate",,,,,,sin-cifra,Perfumiarz: lista de alérgenos 5166003_OXYOCTALINE_FORMATE_Allergen_Extended_List_Ingredient_20240612.pdf,proveedor,https://perfumiarz.com/products/oxyoctaline-formate,2026-10-01,,la lista no declara ningún alérgeno con estándar IFRA,sin cifra: no vale cero (§1.2)
fig:563,14765-30-1,2-sec-Butylcyclohexanone,,,,,,sin-cifra,Perfumiarz: lista de alérgenos 5202703_FRESKOMENTHE_Allergen_Extended_List_Ingredient_20240625.pdf,proveedor,https://perfumiarz.com/products/freskomenthe,2026-10-01,,la lista no declara ningún alérgeno con estándar IFRA,sin cifra: no vale cero (§1.2)
tl:50373-36-9,50373-36-9,"Cyclohexanol, 5-methyl-2-(1-methylethenyl)-, (1.alpha.,2.beta.,5.alpha.)-(.+-.)-",Benzyl Alcohol,100-51-6,IFRA_STD_008,0.008,0.008,típico,Perfumiarz: lista de alérgenos 5464203_GERANODYLE_Allergen_Extended_List_Ingredient_20240827.pdf,proveedor,https://perfumiarz.com/products/geranodyle,2026-10-01,100-51-6 BENZYL ALCOHOL 0.008,"columna «Maximum % in the substance determined by GCMS analysis» (Givaudan): máximo medido por GC-MS en la sustancia, no un techo de especificación",aceptada
tl:50373-36-9,50373-36-9,"Cyclohexanol, 5-methyl-2-(1-methylethenyl)-, (1.alpha.,2.beta.,5.alpha.)-(.+-.)-",Citral,5392-40-5,IFRA_STD_021,0.068,0.068,típico,Perfumiarz: lista de alérgenos 5464203_GERANODYLE_Allergen_Extended_List_Ingredient_20240827.pdf,proveedor,https://perfumiarz.com/products/geranodyle,2026-10-01,5392-40-5/ 141-27-5/ 106-26-3 CITRAL 0.068,"columna «Maximum % in the substance determined by GCMS analysis» (Givaudan): máximo medido por GC-MS en la sustancia, no un techo de especificación",aceptada
tl:50373-36-9,50373-36-9,"Cyclohexanol, 5-methyl-2-(1-methylethenyl)-, (1.alpha.,2.beta.,5.alpha.)-(.+-.)-",Citronellol,106-22-9,IFRA_STD_022,9.855,9.855,típico,Perfumiarz: lista de alérgenos 5464203_GERANODYLE_Allergen_Extended_List_Ingredient_20240827.pdf,proveedor,https://perfumiarz.com/products/geranodyle,2026-10-01,CITRONELLOL 9.855,"columna «Maximum % in the substance determined by GCMS analysis» (Givaudan): máximo medido por GC-MS en la sustancia, no un techo de especificación; emparejada por el nombre del alérgeno (el CAS va en otra línea de la celda)",aceptada
tl:50373-36-9,50373-36-9,"Cyclohexanol, 5-methyl-2-(1-methylethenyl)-, (1.alpha.,2.beta.,5.alpha.)-(.+-.)-",Eugenol,97-53-0,IFRA_STD_035,0.071,0.071,típico,Perfumiarz: lista de alérgenos 5464203_GERANODYLE_Allergen_Extended_List_Ingredient_20240827.pdf,proveedor,https://perfumiarz.com/products/geranodyle,2026-10-01,97-53-0 EUGENOL 0.071,"columna «Maximum % in the substance determined by GCMS analysis» (Givaudan): máximo medido por GC-MS en la sustancia, no un techo de especificación",aceptada
tl:50373-36-9,50373-36-9,"Cyclohexanol, 5-methyl-2-(1-methylethenyl)-, (1.alpha.,2.beta.,5.alpha.)-(.+-.)-",Geraniol,106-24-1,IFRA_STD_037,0.143,0.143,típico,Perfumiarz: lista de alérgenos 5464203_GERANODYLE_Allergen_Extended_List_Ingredient_20240827.pdf,proveedor,https://perfumiarz.com/products/geranodyle,2026-10-01,106-24-1 GERANIOL 0.143,"columna «Maximum % in the substance determined by GCMS analysis» (Givaudan): máximo medido por GC-MS en la sustancia, no un techo de especificación",aceptada
tl:50373-36-9,50373-36-9,"Cyclohexanol, 5-methyl-2-(1-methylethenyl)-, (1.alpha.,2.beta.,5.alpha.)-(.+-.)-",Limonene,138-86-3,IFRA_STD_186,0.506,0.506,típico,Perfumiarz: lista de alérgenos 5464203_GERANODYLE_Allergen_Extended_List_Ingredient_20240827.pdf,proveedor,https://perfumiarz.com/products/geranodyle,2026-10-01,LIMONENE 0.506,"columna «Maximum % in the substance determined by GCMS analysis» (Givaudan): máximo medido por GC-MS en la sustancia, no un techo de especificación; emparejada por el nombre del alérgeno (el CAS va en otra línea de la celda)",aceptada
tl:50373-36-9,50373-36-9,"Cyclohexanol, 5-methyl-2-(1-methylethenyl)-, (1.alpha.,2.beta.,5.alpha.)-(.+-.)-",Linalool,78-70-6,IFRA_STD_187,0.37,0.37,típico,Perfumiarz: lista de alérgenos 5464203_GERANODYLE_Allergen_Extended_List_Ingredient_20240827.pdf,proveedor,https://perfumiarz.com/products/geranodyle,2026-10-01,78-70-6 LINALOOL 0.370,"columna «Maximum % in the substance determined by GCMS analysis» (Givaudan): máximo medido por GC-MS en la sustancia, no un techo de especificación",aceptada
fig:375,68901-32-6,"2-[8-Isopropyl-6-methylbicyclo[2.2.2]oct-5-en-2-yl]-1,3-dioxolane",,,,,,sin-cifra,Perfumiarz: lista de alérgenos 5631203_GLYCOLIERRAL_Allergen_Extended_List_Ingredient_20240909.pdf,proveedor,https://perfumiarz.com/products/glycolierral,2026-10-01,,la lista no declara ningún alérgeno con estándar IFRA,sin cifra: no vale cero (§1.2)
fig:392,54546-26-8,"2-Butyl-4,4,6-trimethyl-1,3-dioxane",,,,,,sin-cifra,Perfumiarz: lista de alérgenos 5698353_HERBOXANE_Allergen_Extended_List_Ingredient_20240627.pdf,proveedor,https://perfumiarz.com/products/herboxane,2026-10-01,,la lista no declara ningún alérgeno con estándar IFRA,sin cifra: no vale cero (§1.2)
fig:2688,56011-02-0,Phenylethyl isoamyl ether,Benzaldehyde,100-52-7,IFRA_STD_007,0.01,0.01,típico,Perfumiarz: lista de alérgenos 5846393_ANTHER_Allergen_Extended_List_Ingredient_20240206.pdf,proveedor,https://perfumiarz.com/products/anther-5-ml,2026-10-01,100-52-7 BENZALDEHYDE 0.010,"columna «Maximum % in the substance determined by GCMS analysis» (Givaudan): máximo medido por GC-MS en la sustancia, no un techo de especificación",aceptada
fig:54,79-77-6,(E)-beta-Ionone,,,,,,sin-cifra,Perfumiarz: lista de alérgenos 5992503_IONONE_BETA_Allergen_Extended_List_Ingredient_20231019.pdf,proveedor,https://perfumiarz.com/products/ionone-beta,2026-10-01,,la lista no declara ningún alérgeno con estándar IFRA,sin cifra: no vale cero (§1.2)
fig:604,36306-87-3,"3,3,5,5-Tetramethyl-4-ethoxyvinylcyclohexanone",,,,,,sin-cifra,Perfumiarz: lista de alérgenos 6378003_KEPHALIS_Allergen_Extended_List_Ingredient_20240830.pdf,proveedor,https://perfumiarz.com/products/kephalis,2026-10-01,,la lista no declara ningún alérgeno con estándar IFRA,sin cifra: no vale cero (§1.2)
fig:1752,39255-32-8,Ethyl 2-methylpentanoate,,,,,,sin-cifra,Perfumiarz: lista de alérgenos 6702803_MANZANATE_Allergen_Extended_List_Ingredient_20240830.pdf,proveedor,https://perfumiarz.com/products/manzanate,2026-10-01,,la lista no declara ningún alérgeno con estándar IFRA,sin cifra: no vale cero (§1.2)
fig:405,5595-79-9,2-Ethoxy-4-(methoxymethyl)phenol,,,,,,sin-cifra,Perfumiarz: lista de alérgenos 6906203_METHYL_DIANTILIS_Allergen_Extended_List_Ingredient_20240930.pdf,proveedor,https://perfumiarz.com/products/methyl-diantilis,2026-10-01,,la lista no declara ningún alérgeno con estándar IFRA,sin cifra: no vale cero (§1.2)
fig:935,110-93-0,6-Methyl-5-hepten-2-one,Limonene,138-86-3,IFRA_STD_186,0.045,0.045,típico,Perfumiarz: lista de alérgenos 6937003_METHYL_HEPTENONE_PURE_Allergen_Extended_List_Ingredient_20231019.pdf,proveedor,https://perfumiarz.com/products/methyl-heptenone,2026-10-01,LIMONENE 0.045,"columna «Maximum % in the substance determined by GCMS analysis» (Givaudan): máximo medido por GC-MS en la sustancia, no un techo de especificación; emparejada por el nombre del alérgeno (el CAS va en otra línea de la celda)",aceptada
fig:230,94201-19-1,"1-Oxaspiro[4.5]decan-2-one, 8-methyl-",,,,,,sin-cifra,Perfumiarz: lista de alérgenos 6978468_METHYL_LAITONE_10DPG_Allergen_Extended_List_Compound_Total_20250723.pdf,proveedor,https://perfumiarz.com/products/methyl-laitone-10,2026-10-01,,la lista no declara ningún alérgeno con estándar IFRA,sin cifra: no vale cero (§1.2)
fig:1654,68845-36-3,Diethyldimethylcyclohex-2-en-1-one,,,,,,sin-cifra,Perfumiarz: lista de alérgenos 7043003_AZARBRE_Allergen_Extended_List_Ingredient_20241118.pdf,proveedor,https://perfumiarz.com/products/azarbre,2026-10-01,,la lista no declara ningún alérgeno con estándar IFRA,sin cifra: no vale cero (§1.2)
fig:181,6707-60-4,12-Oxahexadecanolide,,,,,,sin-cifra,Perfumiarz: lista de alérgenos 7225001_CERVOLIDE_Allergen_Extended_List_Ingredient_20250317.pdf,proveedor,https://perfumiarz.com/products/cervolide,2026-10-01,,la lista no declara ningún alérgeno con estándar IFRA,sin cifra: no vale cero (§1.2)
fig:319,131812-67-4,"2,4-Dimethyl-2-(5,6,7,8-tetrahydro-5,5,8,8-tetramethyl-2-naphthalenyl)-1,3-dioxolane",,,,,,sin-cifra,Perfumiarz: lista de alérgenos 7622363_OKOUMAL_Allergen_Extended_List_Ingredient_20231019.pdf,proveedor,https://perfumiarz.com/products/okoumal,2026-10-01,,la lista no declara ningún alérgeno con estándar IFRA,sin cifra: no vale cero (§1.2)
fig:936,91-62-3,6-Methylquinoline,Benzaldehyde,100-52-7,IFRA_STD_007,0.007,0.007,típico,Perfumiarz: lista de alérgenos 7989003_METHYL_QUINOLINE_PARA_Allergen_Extended_List_Ingredient_20231019.pdf,proveedor,https://perfumiarz.com/products/6-methyl-quinoline,2026-10-01,100-52-7 BENZALDEHYDE 0.007,"columna «Maximum % in the substance determined by GCMS analysis» (Givaudan): máximo medido por GC-MS en la sustancia, no un techo de especificación",aceptada
fig:1619,8016-03-3,Davana oil,Benzyl Alcohol,100-51-6,IFRA_STD_008,0.02,0.02,típico,Perfumiarz: lista de alérgenos 81ALL_20250227_E2230.pdf,proveedor,https://perfumiarz.com/products/davana-oil-extra,2026-10-01,BENZYL ALCOHOL – III/45 100-51-6 0.020,columna «%» de la lista extendida (Robertet),aceptada
fig:1619,8016-03-3,Davana oil,Citral,106-26-3,IFRA_STD_021,0.07,0.07,típico,Perfumiarz: lista de alérgenos 81ALL_20250227_E2230.pdf,proveedor,https://perfumiarz.com/products/davana-oil-extra,2026-10-01,CITRAL – III/70 0.070,columna «%» de la lista extendida (Robertet); emparejada por el nombre del alérgeno (el CAS va en otra línea de la celda),aceptada
fig:1619,8016-03-3,Davana oil,Eugenol,97-53-0,IFRA_STD_035,0.08,0.08,típico,Perfumiarz: lista de alérgenos 81ALL_20250227_E2230.pdf,proveedor,https://perfumiarz.com/products/davana-oil-extra,2026-10-01,EUGENOL – III/71 97-53-0 0.080,columna «%» de la lista extendida (Robertet),aceptada
fig:1619,8016-03-3,Davana oil,Geraniol,106-24-1,IFRA_STD_037,0.04,0.04,típico,Perfumiarz: lista de alérgenos 81ALL_20250227_E2230.pdf,proveedor,https://perfumiarz.com/products/davana-oil-extra,2026-10-01,GERANIOL – III/78 106-24-1 0.040,columna «%» de la lista extendida (Robertet),aceptada
fig:1619,8016-03-3,Davana oil,Linalool,78-70-6,IFRA_STD_187,0.7,0.7,típico,Perfumiarz: lista de alérgenos 81ALL_20250227_E2230.pdf,proveedor,https://perfumiarz.com/products/davana-oil-extra,2026-10-01,LINALOOL – III/84 78-70-6 0.700,columna «%» de la lista extendida (Robertet),aceptada
fig:1619,8016-03-3,Davana oil,Citronellol,106-22-9,IFRA_STD_022,0.07,0.07,típico,Perfumiarz: lista de alérgenos 81ALL_20250227_E2230.pdf,proveedor,https://perfumiarz.com/products/davana-oil-extra,2026-10-01,CITRONELLOL – III/86 0.070,columna «%» de la lista extendida (Robertet); emparejada por el nombre del alérgeno (el CAS va en otra línea de la celda),aceptada
fig:1619,8016-03-3,Davana oil,Limonene,138-86-3,IFRA_STD_186,0.02,0.02,típico,Perfumiarz: lista de alérgenos 81ALL_20250227_E2230.pdf,proveedor,https://perfumiarz.com/products/davana-oil-extra,2026-10-01,LIMONENE – III/88 0.020,columna «%» de la lista extendida (Robertet); emparejada por el nombre del alérgeno (el CAS va en otra línea de la celda),aceptada
fig:1619,8016-03-3,Davana oil,Benzaldehyde,100-52-7,IFRA_STD_007,0.03,0.03,típico,Perfumiarz: lista de alérgenos 81ALL_20250227_E2230.pdf,proveedor,https://perfumiarz.com/products/davana-oil-extra,2026-10-01,BENZALDEHYDE – III/330 100-52-7 0.030,columna «%» de la lista extendida (Robertet),aceptada
fig:1619,8016-03-3,Davana oil,Carvone,2244-16-8,IFRA_STD_016,0.001,0.001,típico,Perfumiarz: lista de alérgenos 81ALL_20250227_E2230.pdf,proveedor,https://perfumiarz.com/products/davana-oil-extra,2026-10-01,CARVONE – III/333 0.001,columna «%» de la lista extendida (Robertet); emparejada por el nombre del alérgeno (el CAS va en otra línea de la celda),aceptada
fig:1046,10461-98-0,alpha-Cyclohexylidene benzeneacetonitrile,,,,,,sin-cifra,Perfumiarz: lista de alérgenos 8753253_PEONILE_Allergen_Extended_List_Ingredient_20240805.pdf,proveedor,https://perfumiarz.com/products/peonile,2026-10-01,,la lista no declara ningún alérgeno con estándar IFRA,sin cifra: no vale cero (§1.2)
fig:1601,198404-98-7,"Cyclopropanemethanol, 1-methyl-2-[(1,2,2-trimethylbicyclo[3.1.0]hex-3-yl)methyl]-",,,,,,sin-cifra,Perfumiarz: lista de alérgenos 8754013_JAVANOL_Allergen_Extended_List_Ingredient_20240516.pdf,proveedor,https://perfumiarz.com/products/javanol,2026-10-01,,la lista no declara ningún alérgeno con estándar IFRA,sin cifra: no vale cero (§1.2)
fig:1735,35044-59-8,"Ethyl 2,6,6-trimethylcyclohexa-1,3-ene-1-carboxylate",,,,,,sin-cifra,Perfumiarz: lista de alérgenos 8802603_ETHYL_SAFRANATE_Allergen_Extended_List_Ingredient_20250123.pdf,proveedor,https://perfumiarz.com/products/ethyl-safranate,2026-10-01,,la lista no declara ningún alérgeno con estándar IFRA,sin cifra: no vale cero (§1.2)
fig:1082,2050-08-0,Amyl salicylate,,,,,,sin-cifra,Perfumiarz: lista de alérgenos 8810001_AMYL_SALICYLATE_Allergen_Extended_List_Ingredient_20241008.pdf,proveedor,https://perfumiarz.com/products/amyl-salicylate,2026-10-01,,la lista no declara ningún alérgeno con estándar IFRA distinto del propio producto,sin cifra: no vale cero (§1.2)
fig:587,3407-42-9,"3-(5,5,6-Trimethylbicyclo[2.2.1]hept-2-yl)cyclohexan-1-ol",,,,,,sin-cifra,Perfumiarz: lista de alérgenos 8850203_SANDELA_85IPM_GIV_Allergen_Extended_List_Compound_Total_20241209.pdf,proveedor,https://perfumiarz.com/products/sandela-85-ipm,2026-10-01,,la lista no declara ningún alérgeno con estándar IFRA,sin cifra: no vale cero (§1.2)
tl:38303-23-0,38303-23-0,"4,5,6,7,8,9,10,11,12,13-Decahydrocyclododecaoxazole",,,,,,sin-cifra,Perfumiarz: lista de alérgenos 8892308_SCLARENE_80DPG_Allergen_Extended_List_Compound_Total_20240522.pdf,proveedor,https://perfumiarz.com/products/sclarene,2026-10-01,,la lista no declara ningún alérgeno con estándar IFRA,sin cifra: no vale cero (§1.2)
fig:910,22457-23-4,5-Methyl-3-heptanone oxime,,,,,,sin-cifra,Perfumiarz: lista de alérgenos 9023501_STEMONE_Allergen_Extended_List_Ingredient_20231019.pdf,proveedor,https://perfumiarz.com/products/stemone,2026-10-01,,la lista no declara ningún alérgeno con estándar IFRA,sin cifra: no vale cero (§1.2)
fig:887,68140-48-7,"5-Acetyl-3-isopropyl-1,1,2,6-tetramethylindane",,,,,,sin-cifra,Perfumiarz: lista de alérgenos 9366993_TRASEOLIDE_Allergen_Extended_List_Ingredient_20240729.pdf,proveedor,https://perfumiarz.com/products/traseolide,2026-10-01,,la lista no declara ningún alérgeno con estándar IFRA,sin cifra: no vale cero (§1.2)
fig:1659,33673-62-0,Dihydro-4-methyl-5-pentylfuran-2(3H)-one,,,,,,sin-cifra,Perfumiarz: lista de alérgenos 9411003_METHYL_TUBERATE_PURE_Allergen_Extended_List_Compound_Total_20231019.pdf,proveedor,https://perfumiarz.com/products/methyl-tuberate-pure,2026-10-01,,la lista no declara ningún alérgeno con estándar IFRA,sin cifra: no vale cero (§1.2)
fig:848,81782-77-6,4-Methyl-3-decen-5-ol,,,,,,sin-cifra,Perfumiarz: lista de alérgenos 9449903_UNDECAVERTOL_Allergen_Extended_List_Ingredient_20231019.pdf,proveedor,https://perfumiarz.com/products/undecavertol,2026-10-01,,la lista no declara ningún alérgeno con estándar IFRA,sin cifra: no vale cero (§1.2)
fig:196,66327-54-6,1-Formyl-1-methyl-4-(4-methyl-pentyl)-3-cyclohexene,,,,,,sin-cifra,Perfumiarz: lista de alérgenos 9644601_VERNALDEHYDE_Allergen_Extended_List_Ingredient_20240516.pdf,proveedor,https://perfumiarz.com/products/vernaldehyde_,2026-10-01,,la lista no declara ningún alérgeno con estándar IFRA,sin cifra: no vale cero (§1.2)
fig:2739,123-11-5,p-Methoxybenzaldehyde,Toluene,108-88-3,IFRA_STD_182,0.01,0.01,típico,Perfumiarz: lista de alérgenos AA2I_COSM2.pdf,proveedor,https://perfumiarz.com/products/anis-aldehyde,2026-10-01,"Toluene résiduel (rep. 2) 108-88-3 0,0100 %","columna «%» de la declaración PCW, que lista solo lo presente; puede aparecer también fuera de la sección de alérgenos (C.M.R., etc.)",aceptada
fig:2739,123-11-5,p-Methoxybenzaldehyde,Anise Alcohol,105-13-5,IFRA_STD_006,0.1,0.1,típico,Perfumiarz: lista de alérgenos AA2I_COSM2.pdf,proveedor,https://perfumiarz.com/products/anis-aldehyde,2026-10-01,"Anise alcohol 105-13-5 0,1000 %","columna «%» de la declaración PCW, que lista solo lo presente; puede aparecer también fuera de la sección de alérgenos (C.M.R., etc.)",aceptada
fig:3101,8008-93-3,Wormwood oil,Linalool,78-70-6,IFRA_STD_187,4,4,típico,Perfumiarz: lista de alérgenos ABS1R_COSM2.pdf,proveedor,https://perfumiarz.com/products/wormwood-oil,2026-10-01,"Linalool 78-70-6 4,0000 %","columna «%» de la declaración PCW, que lista solo lo presente; puede aparecer también fuera de la sección de alérgenos (C.M.R., etc.)",aceptada
fig:3101,8008-93-3,Wormwood oil,Limonene,5989-27-5,IFRA_STD_186,2,2,típico,Perfumiarz: lista de alérgenos ABS1R_COSM2.pdf,proveedor,https://perfumiarz.com/products/wormwood-oil,2026-10-01,"Limonene 5989-27-5 2,0000 %","columna «%» de la declaración PCW, que lista solo lo presente; puede aparecer también fuera de la sección de alérgenos (C.M.R., etc.)",aceptada
fig:3101,8008-93-3,Wormwood oil,Citral,106-26-3,IFRA_STD_021,0.6,0.6,típico,Perfumiarz: lista de alérgenos ABS1R_COSM2.pdf,proveedor,https://perfumiarz.com/products/wormwood-oil,2026-10-01,"Citral 0,6000 %","columna «%» de la declaración PCW, que lista solo lo presente; puede aparecer también fuera de la sección de alérgenos (C.M.R., etc.); emparejada por el nombre del alérgeno (el CAS va en otra línea de la celda)",aceptada
fig:3101,8008-93-3,Wormwood oil,Citronellol,106-22-9,IFRA_STD_022,0.4,0.4,típico,Perfumiarz: lista de alérgenos ABS1R_COSM2.pdf,proveedor,https://perfumiarz.com/products/wormwood-oil,2026-10-01,"Citronellol 106-22-9 0,4000 %","columna «%» de la declaración PCW, que lista solo lo presente; puede aparecer también fuera de la sección de alérgenos (C.M.R., etc.)",aceptada
fig:3101,8008-93-3,Wormwood oil,Geraniol,106-24-1,IFRA_STD_037,0.2,0.2,típico,Perfumiarz: lista de alérgenos ABS1R_COSM2.pdf,proveedor,https://perfumiarz.com/products/wormwood-oil,2026-10-01,"Geraniol 106-24-1 0,2000 %","columna «%» de la declaración PCW, que lista solo lo presente; puede aparecer también fuera de la sección de alérgenos (C.M.R., etc.)",aceptada
fig:3101,8008-93-3,Wormwood oil,Eugenol,97-53-0,IFRA_STD_035,0.1,0.1,típico,Perfumiarz: lista de alérgenos ABS1R_COSM2.pdf,proveedor,https://perfumiarz.com/products/wormwood-oil,2026-10-01,"Eugenol 97-53-0 0,1000 %","columna «%» de la declaración PCW, que lista solo lo presente; puede aparecer también fuera de la sección de alérgenos (C.M.R., etc.)",aceptada
fig:3101,8008-93-3,Wormwood oil,Estragole,140-67-0,IFRA_STD_099,0.3,0.3,típico,Perfumiarz: lista de alérgenos ABS1R_COSM2.pdf,proveedor,https://perfumiarz.com/products/wormwood-oil,2026-10-01,"Estragole Natural (Methyl chavicol) (car. 2) (mut. 2) 140-67-0 0,3000 %","columna «%» de la declaración PCW, que lista solo lo presente; puede aparecer también fuera de la sección de alérgenos (C.M.R., etc.)",aceptada
fig:1138,100-52-7,Benzaldehyde,Toluene,108-88-3,IFRA_STD_182,0.0003,0.0003,típico,Perfumiarz: lista de alérgenos ALDB1S_COSM2.pdf,proveedor,https://perfumiarz.com/products/benzaldehyde,2026-10-01,"Toluene résiduel (rep. 2) 108-88-3 0,0003 %","columna «%» de la declaración PCW, que lista solo lo presente; puede aparecer también fuera de la sección de alérgenos (C.M.R., etc.)",aceptada
fig:1138,100-52-7,Benzaldehyde,Benzene,71-43-2,IFRA_STD_111,0.0005,0.0005,típico,Perfumiarz: lista de alérgenos ALDB1S_COSM2.pdf,proveedor,https://perfumiarz.com/products/benzaldehyde,2026-10-01,"Benzene impurity (carc. 1A / mut. 1B) 71-43-2 0,0005 %","columna «%» de la declaración PCW, que lista solo lo presente; puede aparecer también fuera de la sección de alérgenos (C.M.R., etc.)",aceptada
fig:3017,4180-23-8,trans-Anethole,Linalool,78-70-6,IFRA_STD_187,0.0012,0.0012,típico,Perfumiarz: lista de alérgenos ANETNAT1J_COSM2.pdf,proveedor,https://perfumiarz.com/products/anethole-natural,2026-10-01,"Linalool 78-70-6 0,0012 %","columna «%» de la declaración PCW, que lista solo lo presente; puede aparecer también fuera de la sección de alérgenos (C.M.R., etc.)",aceptada
fig:3017,4180-23-8,trans-Anethole,Geraniol,106-24-1,IFRA_STD_037,0.001,0.001,típico,Perfumiarz: lista de alérgenos ANETNAT1J_COSM2.pdf,proveedor,https://perfumiarz.com/products/anethole-natural,2026-10-01,"Geraniol 106-24-1 0,0010 %","columna «%» de la declaración PCW, que lista solo lo presente; puede aparecer también fuera de la sección de alérgenos (C.M.R., etc.)",aceptada
fig:3017,4180-23-8,trans-Anethole,Estragole,140-67-0,IFRA_STD_099,0.19,0.19,típico,Perfumiarz: lista de alérgenos ANETNAT1J_COSM2.pdf,proveedor,https://perfumiarz.com/products/anethole-natural,2026-10-01,"Estragole Natural (Methyl chavicol) (car. 2) (mut. 2) 140-67-0 0,1900 %","columna «%» de la declaración PCW, que lista solo lo presente; puede aparecer también fuera de la sección de alérgenos (C.M.R., etc.)",aceptada
fig:2657,60-12-8,Phenethyl alcohol,,,,,,sin-cifra,Perfumiarz: lista de alérgenos APE1Y_-_COSM2_-_2023-04.pdf,proveedor,https://perfumiarz.com/products/phenyl-ethyl-alcohol,2026-10-01,,la lista no declara ningún alérgeno con estándar IFRA,sin cifra: no vale cero (§1.2)
fig:1379,77-54-3,Cedryl acetate,,,,,,sin-cifra,Perfumiarz: lista de alérgenos Acetate_Cedryl_alergeny_zapachowe_original.pdf,proveedor,https://perfumiarz.com/products/cedryl-acetate,2026-10-01,,la lista no declara ningún alérgeno con estándar IFRA,sin cifra: no vale cero (§1.2)
fig:1179,120-51-4,Benzyl benzoate,Benzyl Alcohol,100-51-6,IFRA_STD_008,0.1,0.1,típico,Perfumiarz: lista de alérgenos BDB2L_COSM2.pdf,proveedor,https://perfumiarz.com/products/benzyl-benzoate,2026-10-01,"Benzyl alcohol 100-51-6 0,1000 %","columna «%» de la declaración PCW, que lista solo lo presente; puede aparecer también fuera de la sección de alérgenos (C.M.R., etc.)",aceptada
fig:1179,120-51-4,Benzyl benzoate,Benzaldehyde,100-52-7,IFRA_STD_007,0.05,0.05,típico,Perfumiarz: lista de alérgenos BDB2L_COSM2.pdf,proveedor,https://perfumiarz.com/products/benzyl-benzoate,2026-10-01,"Benzaldehyde 100-52-7 0,0500 %","columna «%» de la declaración PCW, que lista solo lo presente; puede aparecer también fuera de la sección de alérgenos (C.M.R., etc.)",aceptada
fig:1177,2550-26-7,Benzyl acetone,Benzylidene acetone,122-57-6,IFRA_STD_113,0.02,0.02,típico,Perfumiarz: lista de alérgenos BENZA1V_COSM2.pdf,proveedor,https://perfumiarz.com/products/benzyl-acetone,2026-10-01,"4-Phenyl-3-buten-2-one (Benzylidene acetone) indirect 122-57-6 0,0200 %","columna «%» de la declaración PCW, que lista solo lo presente; puede aparecer también fuera de la sección de alérgenos (C.M.R., etc.)",aceptada
fig:1177,2550-26-7,Benzyl acetone,Benzyl Alcohol,100-51-6,IFRA_STD_008,0.05,0.05,típico,Perfumiarz: lista de alérgenos BENZA1V_COSM2.pdf,proveedor,https://perfumiarz.com/products/benzyl-acetone,2026-10-01,"Benzyl alcohol 100-51-6 0,0500 %","columna «%» de la declaración PCW, que lista solo lo presente; puede aparecer también fuera de la sección de alérgenos (C.M.R., etc.)",aceptada
fig:1177,2550-26-7,Benzyl acetone,Benzaldehyde,100-52-7,IFRA_STD_007,0.1,0.1,típico,Perfumiarz: lista de alérgenos BENZA1V_COSM2.pdf,proveedor,https://perfumiarz.com/products/benzyl-acetone,2026-10-01,"Benzaldehyde 100-52-7 0,1000 %","columna «%» de la declaración PCW, que lista solo lo presente; puede aparecer también fuera de la sección de alérgenos (C.M.R., etc.)",aceptada
fig:1177,2550-26-7,Benzyl acetone,Anise Alcohol,105-13-5,IFRA_STD_006,0.1,0.1,típico,Perfumiarz: lista de alérgenos BENZA1V_COSM2.pdf,proveedor,https://perfumiarz.com/products/benzyl-acetone,2026-10-01,"Anise alcohol 105-13-5 0,1000 %","columna «%» de la declaración PCW, que lista solo lo presente; puede aparecer también fuera de la sección de alérgenos (C.M.R., etc.)",aceptada
fig:1177,2550-26-7,Benzyl acetone,Limonene,5989-27-5,IFRA_STD_186,0.01,0.01,típico,Perfumiarz: lista de alérgenos BENZA1V_COSM2.pdf,proveedor,https://perfumiarz.com/products/benzyl-acetone,2026-10-01,"Limonene 5989-27-5 0,0100 %","columna «%» de la declaración PCW, que lista solo lo presente; puede aparecer también fuera de la sección de alérgenos (C.M.R., etc.)",aceptada
fig:1193,118-58-1,Benzyl salicylate,Benzyl Alcohol,100-51-6,IFRA_STD_008,0.1,0.1,típico,Perfumiarz: lista de alérgenos BENZYL_SALICYLATE_SBE1E_CO.pdf,proveedor,https://perfumiarz.com/products/benzyl-salicylate,2026-10-01,"Benzyl alcohol 100-51-6 0,1000 %","columna «%» de la declaración PCW, que lista solo lo presente; puede aparecer también fuera de la sección de alérgenos (C.M.R., etc.)",aceptada
fig:1193,118-58-1,Benzyl salicylate,Benzyl Benzoate,120-51-4,IFRA_STD_009,0.1,0.1,típico,Perfumiarz: lista de alérgenos BENZYL_SALICYLATE_SBE1E_CO.pdf,proveedor,https://perfumiarz.com/products/benzyl-salicylate,2026-10-01,"Benzyl benzoate 120-51-4 0,1000 %","columna «%» de la declaración PCW, que lista solo lo presente; puede aparecer también fuera de la sección de alérgenos (C.M.R., etc.)",aceptada
fig:1231,8001-88-5,"Birch tar oil, rectified",Isoeugenol,97-54-1,IFRA_STD_048,4,4,típico,Perfumiarz: lista de alérgenos BOUR1L_COSM2.pdf,proveedor,https://perfumiarz.com/products/birch-tar-rectified,2026-10-01,"Isoeugenol 97-54-1 4,0000 %","columna «%» de la declaración PCW, que lista solo lo presente; puede aparecer también fuera de la sección de alérgenos (C.M.R., etc.)",aceptada
fig:1231,8001-88-5,"Birch tar oil, rectified",Limonene,5989-27-5,IFRA_STD_186,4.5,4.5,típico,Perfumiarz: lista de alérgenos BOUR1L_COSM2.pdf,proveedor,https://perfumiarz.com/products/birch-tar-rectified,2026-10-01,"Limonene 5989-27-5 4,5000 %","columna «%» de la declaración PCW, que lista solo lo presente; puede aparecer también fuera de la sección de alérgenos (C.M.R., etc.)",aceptada
fig:1231,8001-88-5,"Birch tar oil, rectified",Isoeugenol,5932-68-3,IFRA_STD_048,2.5,2.5,típico,Perfumiarz: lista de alérgenos BOUR1L_COSM2.pdf,proveedor,https://perfumiarz.com/products/birch-tar-rectified,2026-10-01,"trans-Isoeugenol 5932-68-3 2,5000 %","columna «%» de la declaración PCW, que lista solo lo presente; puede aparecer también fuera de la sección de alérgenos (C.M.R., etc.); el mismo alérgeno sale con otra cifra en otra parte de la lista (4)",aceptada
fig:1231,8001-88-5,"Birch tar oil, rectified",Eugenol,97-53-0,IFRA_STD_035,1.5,1.5,típico,Perfumiarz: lista de alérgenos BOUR1L_COSM2.pdf,proveedor,https://perfumiarz.com/products/birch-tar-rectified,2026-10-01,"Eugenol 97-53-0 1,5000 %","columna «%» de la declaración PCW, que lista solo lo presente; puede aparecer también fuera de la sección de alérgenos (C.M.R., etc.)",aceptada
fig:1280,68188-03-4,Cabreuva oil,Benzyl Alcohol,100-51-6,IFRA_STD_008,0.1,0.1,típico,Perfumiarz: lista de alérgenos CABREUVA_ESSENCE_-_CABREUVA_WOOD_EO_-_CABESS1Q_-_COSM2_-_2022-03.pdf,proveedor,https://perfumiarz.com/products/cabreuva-oil,2026-10-01,"Benzyl alcohol 100-51-6 0,1000 %","columna «%» de la declaración PCW, que lista solo lo presente; puede aparecer también fuera de la sección de alérgenos (C.M.R., etc.)",aceptada
fig:1280,68188-03-4,Cabreuva oil,Benzyl Benzoate,120-51-4,IFRA_STD_009,70.1,70.1,típico,Perfumiarz: lista de alérgenos CABREUVA_ESSENCE_-_CABREUVA_WOOD_EO_-_CABESS1Q_-_COSM2_-_2022-03.pdf,proveedor,https://perfumiarz.com/products/cabreuva-oil,2026-10-01,"Benzyl benzoate 120-51-4 70,1000 %","columna «%» de la declaración PCW, que lista solo lo presente; puede aparecer también fuera de la sección de alérgenos (C.M.R., etc.)",aceptada
fig:1280,68188-03-4,Cabreuva oil,Benzyl Cinnamate,103-41-3,IFRA_STD_010,33,33,típico,Perfumiarz: lista de alérgenos CABREUVA_ESSENCE_-_CABREUVA_WOOD_EO_-_CABESS1Q_-_COSM2_-_2022-03.pdf,proveedor,https://perfumiarz.com/products/cabreuva-oil,2026-10-01,"Benzyl cinnamate 103-41-3 33,0000 %","columna «%» de la declaración PCW, que lista solo lo presente; puede aparecer también fuera de la sección de alérgenos (C.M.R., etc.)",aceptada
fig:1280,68188-03-4,Cabreuva oil,Farnesol,4602-84-0,IFRA_STD_036,5,5,típico,Perfumiarz: lista de alérgenos CABREUVA_ESSENCE_-_CABREUVA_WOOD_EO_-_CABESS1Q_-_COSM2_-_2022-03.pdf,proveedor,https://perfumiarz.com/products/cabreuva-oil,2026-10-01,"Farnesol 4602-84-0 5,0000 %","columna «%» de la declaración PCW, que lista solo lo presente; puede aparecer también fuera de la sección de alérgenos (C.M.R., etc.)",aceptada
fig:1280,68188-03-4,Cabreuva oil,Citronellol,106-22-9,IFRA_STD_022,0.2,0.2,típico,Perfumiarz: lista de alérgenos CABREUVA_ESSENCE_-_CABREUVA_WOOD_EO_-_CABESS1Q_-_COSM2_-_2022-03.pdf,proveedor,https://perfumiarz.com/products/cabreuva-oil,2026-10-01,"Citronellol 106-22-9 0,2000 %","columna «%» de la declaración PCW, que lista solo lo presente; puede aparecer también fuera de la sección de alérgenos (C.M.R., etc.)",aceptada
fig:1280,68188-03-4,Cabreuva oil,Eugenol,97-53-0,IFRA_STD_035,0.01,0.01,típico,Perfumiarz: lista de alérgenos CABREUVA_ESSENCE_-_CABREUVA_WOOD_EO_-_CABESS1Q_-_COSM2_-_2022-03.pdf,proveedor,https://perfumiarz.com/products/cabreuva-oil,2026-10-01,"Eugenol 97-53-0 0,0100 %","columna «%» de la declaración PCW, que lista solo lo presente; puede aparecer también fuera de la sección de alérgenos (C.M.R., etc.)",aceptada
fig:1280,68188-03-4,Cabreuva oil,Geraniol,106-24-1,IFRA_STD_037,0.01,0.01,típico,Perfumiarz: lista de alérgenos CABREUVA_ESSENCE_-_CABREUVA_WOOD_EO_-_CABESS1Q_-_COSM2_-_2022-03.pdf,proveedor,https://perfumiarz.com/products/cabreuva-oil,2026-10-01,"Geraniol 106-24-1 0,0100 %","columna «%» de la declaración PCW, que lista solo lo presente; puede aparecer también fuera de la sección de alérgenos (C.M.R., etc.)",aceptada
fig:1280,68188-03-4,Cabreuva oil,Limonene,5989-27-5,IFRA_STD_186,0.01,0.01,típico,Perfumiarz: lista de alérgenos CABREUVA_ESSENCE_-_CABREUVA_WOOD_EO_-_CABESS1Q_-_COSM2_-_2022-03.pdf,proveedor,https://perfumiarz.com/products/cabreuva-oil,2026-10-01,"Limonene 5989-27-5 0,0100 %","columna «%» de la declaración PCW, que lista solo lo presente; puede aparecer también fuera de la sección de alérgenos (C.M.R., etc.)",aceptada
fig:1427,928-96-1,cis-3-Hexenol,,,,,,sin-cifra,Perfumiarz: lista de alérgenos CIS3H1N_COSM2.pdf,proveedor,https://perfumiarz.com/products/cis-3-hexenol,2026-10-01,,la lista no declara ningún alérgeno con estándar IFRA,sin cifra: no vale cero (§1.2)
fig:1534,91-64-5,Coumarin,,,,,,sin-cifra,Perfumiarz: lista de alérgenos CO2E_-_COSM2_-_2023-04.pdf,proveedor,https://perfumiarz.com/products/coumarin,2026-10-01,,la lista no declara ningún alérgeno con estándar IFRA distinto del propio producto,sin cifra: no vale cero (§1.2)
fig:1689,101-84-8,Diphenyl ether,,,,,,sin-cifra,Perfumiarz: lista de alérgenos DIO1L_COSM2.pdf,proveedor,https://perfumiarz.com/products/diphenyl-oxide-50-ipm,2026-10-01,,la lista no declara ningún alérgeno con estándar IFRA,sin cifra: no vale cero (§1.2)
fig:132,151-05-3,"1,1-Dimethyl-2-phenylethyl acetate",,,,,,sin-cifra,Perfumiarz: lista de alérgenos DMBC2B_COSM2.pdf,proveedor,https://perfumiarz.com/products/dimethyl-benzyl-carbinyl-acetate,2026-10-01,,la lista no declara ningún alérgeno con estándar IFRA distinto del propio producto,sin cifra: no vale cero (§1.2)
fig:1033,10094-34-5,"alpha,alpha-Dimethylphenethyl butyrate",,,,,,sin-cifra,Perfumiarz: lista de alérgenos DMBCB2B_COSM2.pdf,proveedor,https://perfumiarz.com/products/dimethyl-benzyl-carbinyl-butyrate,2026-10-01,,la lista no declara ningún alérgeno con estándar IFRA,sin cifra: no vale cero (§1.2)
fig:1894,104-61-0,gamma-Nonalactone,,,,,,sin-cifra,Perfumiarz: lista de alérgenos E01350_ALG_03-21.pdf,proveedor,https://perfumiarz.com/products/aldehyde-c18,2026-10-01,,la lista no declara ningún alérgeno con estándar IFRA,sin cifra: no vale cero (§1.2)
fig:1787,4940-11-8,Ethyl maltol,,,,,,sin-cifra,Perfumiarz: lista de alérgenos ETHYL_MALTOL_EMAL1L_COSM2.pdf,proveedor,https://perfumiarz.com/products/ethyl-maltol,2026-10-01,,la lista no declara ningún alérgeno con estándar IFRA,sin cifra: no vale cero (§1.2)
fig:566,88-41-5,2-tert-Butylcyclohexyl acetate,,,,,,sin-cifra,Perfumiarz: lista de alérgenos EU_Fragrance_Allergens_ACETATO_DE_OTBCH_HC_VERDOX_HC.pdf,proveedor,https://perfumiarz.com/products/verdox-hc,2026-10-01,,la lista no declara ningún alérgeno con estándar IFRA,sin cifra: no vale cero (§1.2)
fig:1039,122-40-7,alpha-Amylcinnamaldehyde,Amylcinnamyl Alcohol,101-85-9,IFRA_STD_004,,0.5,máximo,Perfumiarz: lista de alérgenos EU_Fragrance_Allergens_ALDEHIDO_ALFA-N-AMILCINAMICO_KALPSUTRA.pdf,proveedor,https://perfumiarz.com/products/alpha-amyl-cinnamic-aldehyde,2026-10-01,"III/74 Amylcinnamyl Alcohol 101-85-9 < 0,500%","columna «Total content (w/w)» (Ventós); la lista da un tope («<0,500%»), no un valor típico",aceptada
fig:1039,122-40-7,alpha-Amylcinnamaldehyde,Benzaldehyde,100-52-7,IFRA_STD_007,,0.05,máximo,Perfumiarz: lista de alérgenos EU_Fragrance_Allergens_ALDEHIDO_ALFA-N-AMILCINAMICO_KALPSUTRA.pdf,proveedor,https://perfumiarz.com/products/alpha-amyl-cinnamic-aldehyde,2026-10-01,"III/330 Benzaldehyde 100-52-7 < 0,050%","columna «Total content (w/w)» (Ventós); la lista da un tope («<0,050%»), no un valor típico",aceptada
fig:1039,122-40-7,alpha-Amylcinnamaldehyde,Benzyl Alcohol,100-51-6,IFRA_STD_008,,0.2,máximo,Perfumiarz: lista de alérgenos EU_Fragrance_Allergens_ALDEHIDO_ALFA-N-AMILCINAMICO_KALPSUTRA.pdf,proveedor,https://perfumiarz.com/products/alpha-amyl-cinnamic-aldehyde,2026-10-01,"III/45, V/34 Benzyl Alcohol 100-51-6 < 0,200%","columna «Total content (w/w)» (Ventós); la lista da un tope («<0,200%»), no un valor típico",aceptada
fig:1039,122-40-7,alpha-Amylcinnamaldehyde,Hexyl Cinnamal,101-86-0,IFRA_STD_040,,0.5,máximo,Perfumiarz: lista de alérgenos EU_Fragrance_Allergens_ALDEHIDO_ALFA-N-AMILCINAMICO_KALPSUTRA.pdf,proveedor,https://perfumiarz.com/products/alpha-amyl-cinnamic-aldehyde,2026-10-01,"III/87 Hexyl Cinnamal 101-86-0 < 0,500%","columna «Total content (w/w)» (Ventós); la lista da un tope («<0,500%»), no un valor típico",aceptada
fig:2161,112-54-9,Lauric aldehyde,,,,,,sin-cifra,Perfumiarz: lista de alérgenos EU_Fragrance_Allergens_ALDEHIDO_C-12_LAURICO_KAO.pdf,proveedor,https://perfumiarz.com/products/aldehyde-c12-lauric,2026-10-01,,la lista no declara ningún alérgeno con estándar IFRA,sin cifra: no vale cero (§1.2)
tl:77-93-0,77-93-0,Triethyl citrate,,,,,,sin-cifra,Perfumiarz: lista de alérgenos EU_Fragrance_Allergens_CITRATO_DE_TRIETILO.pdf,proveedor,https://perfumiarz.com/products/triethyl-citrate,2026-10-01,,la lista no declara ningún alérgeno con estándar IFRA,sin cifra: no vale cero (§1.2)
tl:25265-71-8,25265-71-8,Dipropylene glycol (isomer unspecified),,,,,,sin-cifra,Perfumiarz: lista de alérgenos EU_Fragrance_Allergens_DIPROPILENGLICOL_DPG.pdf,proveedor,https://perfumiarz.com/products/dipropylene-glycol,2026-10-01,,la lista no declara ningún alérgeno con estándar IFRA,sin cifra: no vale cero (§1.2)
fig:1818,105-95-3,Ethylene brassylate,,,,,,sin-cifra,Perfumiarz: lista de alérgenos EU_Fragrance_Allergens_ETHYLENE_BRASSYLATE.pdf,proveedor,https://perfumiarz.com/products/ethylene-brassylate,2026-10-01,,la lista no declara ningún alérgeno con estándar IFRA,sin cifra: no vale cero (§1.2)
fig:1012,67634-00-8,Allyl (3-methylbutoxy)acetate,,,,,,sin-cifra,Perfumiarz: lista de alérgenos EU_Fragrance_Allergens_GLICOLATO_DE_ALIL_AMILO.pdf,proveedor,https://perfumiarz.com/products/allyl-amyl-glycolate,2026-10-01,,la lista no declara ningún alérgeno con estándar IFRA,sin cifra: no vale cero (§1.2)
fig:1055,1205-17-0,"alpha-Methyl-1,3-benzodioxole-5-propionaldehyde",,,,,,sin-cifra,Perfumiarz: lista de alérgenos EU_Fragrance_Allergens_HELIONAL_IFF.pdf,proveedor,https://perfumiarz.com/products/helional,2026-10-01,,la lista no declara ningún alérgeno con estándar IFRA,sin cifra: no vale cero (§1.2)
fig:2352,8050-15-5,Methyl ester of rosin (partially hydrogenated),,,,,,sin-cifra,Perfumiarz: lista de alérgenos EU_Fragrance_Allergens_HERCOLYN_DW_HERCOLYN_D-E.pdf,proveedor,https://perfumiarz.com/products/hercolyn-dw,2026-10-01,,la lista no declara ningún alérgeno con estándar IFRA,sin cifra: no vale cero (§1.2)
fig:1546,118562-73-5,"Cyclododecaneethanol, .beta.-methyl-",,,,,,sin-cifra,Perfumiarz: lista de alérgenos EU_Fragrance_Allergens_HYDROXYAMBRAN.pdf,proveedor,https://perfumiarz.com/products/hydroxyambran,2026-10-01,,la lista no declara ningún alérgeno con estándar IFRA,sin cifra: no vale cero (§1.2)
tl:110-27-0,110-27-0,Isopropyl myristate,,,,,,sin-cifra,Perfumiarz: lista de alérgenos EU_Fragrance_Allergens_ISOPROPYL_MYRISTATE.pdf,proveedor,https://perfumiarz.com/products/isopropyl-myristate-ipm,2026-10-01,,la lista no declara ningún alérgeno con estándar IFRA,sin cifra: no vale cero (§1.2)
fig:2223,115-95-7,Linalyl acetate,Limonene,138-86-3,IFRA_STD_186,,0.01,máximo,Perfumiarz: lista de alérgenos EU_Fragrance_Allergens_LINALYL_ACETATE_BASF.pdf,proveedor,https://perfumiarz.com/products/linalyl-acetate,2026-10-01,"III/88 Limonene 138-86-3 < 0,010%","columna «Total content (w/w)» (Ventós); la lista da un tope («<0,010%»), no un valor típico",aceptada
fig:2223,115-95-7,Linalyl acetate,Linalool,78-70-6,IFRA_STD_187,,0.07,máximo,Perfumiarz: lista de alérgenos EU_Fragrance_Allergens_LINALYL_ACETATE_BASF.pdf,proveedor,https://perfumiarz.com/products/linalyl-acetate,2026-10-01,"III/84 Linalool 78-70-6 < 0,070%","columna «Total content (w/w)» (Ventós); la lista da un tope («<0,070%»), no un valor típico",aceptada
tl:224790-80-1,224790-80-1,"Phenol, 2-methoxy-, reaction products",,,,,,sin-cifra,Perfumiarz: lista de alérgenos EU_Fragrance_Allergens_MAGNOL_KAO.pdf,proveedor,https://perfumiarz.com/products/magnol,2026-10-01,,la lista no declara ningún alérgeno con estándar IFRA,sin cifra: no vale cero (§1.2)
fig:2337,134-20-3,Methyl anthranilate,,,,,,sin-cifra,Perfumiarz: lista de alérgenos EU_Fragrance_Allergens_METHYL_ANTHRANILATE.pdf,proveedor,https://perfumiarz.com/products/methyl-anthranilate,2026-10-01,,la lista no declara ningún alérgeno con estándar IFRA,sin cifra: no vale cero (§1.2)
fig:2307,33662-58-7,"Methyl 2,4-dihydroxy-m-toluate",,,,,,sin-cifra,Perfumiarz: lista de alérgenos EU_Fragrance_Allergens_OCEANOL_IFF.pdf,proveedor,https://perfumiarz.com/products/oceanol,2026-10-01,,la lista no declara ningún alérgeno con estándar IFRA,sin cifra: no vale cero (§1.2)
fig:168,73018-51-6,"1,6-Octadien-3-ol, 3,7-dimethyl-, acid-isomerized",Benzyl Alcohol,100-51-6,IFRA_STD_008,,0.001,máximo,Perfumiarz: lista de alérgenos EU_Fragrance_Allergens_OXIDO_DE_LIMA_II.pdf,proveedor,https://perfumiarz.com/products/lime-oxide-5-ml,2026-10-01,"III/45, V/34 Benzyl Alcohol 100-51-6 < 0,001%","columna «Total content (w/w)» (Ventós); la lista da un tope («<0,001%»), no un valor típico",aceptada
fig:168,73018-51-6,"1,6-Octadien-3-ol, 3,7-dimethyl-, acid-isomerized",Limonene,138-86-3,IFRA_STD_186,,20,máximo,Perfumiarz: lista de alérgenos EU_Fragrance_Allergens_OXIDO_DE_LIMA_II.pdf,proveedor,https://perfumiarz.com/products/lime-oxide-5-ml,2026-10-01,"III/88 Limonene 138-86-3 < 20,000%","columna «Total content (w/w)» (Ventós); la lista da un tope («<20,000%»), no un valor típico",aceptada
fig:168,73018-51-6,"1,6-Octadien-3-ol, 3,7-dimethyl-, acid-isomerized",Linalool,78-70-6,IFRA_STD_187,,0.05,máximo,Perfumiarz: lista de alérgenos EU_Fragrance_Allergens_OXIDO_DE_LIMA_II.pdf,proveedor,https://perfumiarz.com/products/lime-oxide-5-ml,2026-10-01,"III/84 Linalool 78-70-6 < 0,050%","columna «Total content (w/w)» (Ventós); la lista da un tope («<0,050%»), no un valor típico",aceptada
fig:2656,103-45-7,Phenethyl acetate,Benzaldehyde,100-52-7,IFRA_STD_007,,0.02,máximo,Perfumiarz: lista de alérgenos EU_Fragrance_Allergens_PHENYL_ETHYL_ACETATE.pdf,proveedor,https://perfumiarz.com/products/phenyl-ethyl-acetate,2026-10-01,"III/330 Benzaldehyde 100-52-7 < 0,020%","columna «Total content (w/w)» (Ventós); la lista da un tope («<0,020%»), no un valor típico",aceptada
fig:1057,98-85-1,alpha-Methylbenzyl alcohol,,,,,,sin-cifra,Perfumiarz: lista de alérgenos EU_Fragrance_Allergens_STYRALLYL_ALCOHOL.pdf,proveedor,https://perfumiarz.com/products/styrallyl-alcohol,2026-10-01,,la lista no declara ningún alérgeno con estándar IFRA,sin cifra: no vale cero (§1.2)
fig:981,144020-22-4,"Acetic acid, anhydride, reaction products with 1,5,10-trimethyl-1,5,9-cyclododecatriene",,,,,,sin-cifra,Perfumiarz: lista de alérgenos EU_Fragrance_Allergens_TRIMOFIX_IFF.pdf,proveedor,https://perfumiarz.com/products/trimofix,2026-10-01,,la lista no declara ningún alérgeno con estándar IFRA,sin cifra: no vale cero (§1.2)
fig:18,10138-32-6,"(±)-Bicyclo[2.2.1]hept-5-ene-2-carboxylic acid, ethyl ester",,,,,,sin-cifra,Perfumiarz: lista de alérgenos EU_Fragrance_Allergens_TROPICALIA_IFF.pdf,proveedor,https://perfumiarz.com/products/tropicalia_,2026-10-01,,la lista no declara ningún alérgeno con estándar IFRA,sin cifra: no vale cero (§1.2)
fig:3093,8024-08-6,Violet leaf absolute,Linalool,78-70-6,IFRA_STD_187,0.35,0.35,típico,Perfumiarz: lista de alérgenos F22500_ALG_05-25.pdf,proveedor,https://perfumiarz.com/products/violet-leaf-absolute,2026-10-01,84 Linalool 78-70-6 0.3500,columna «%» de la declaración de alérgenos (Biolandes),aceptada
fig:1484,150-84-5,Citronellyl acetate,Citral,5392-40-5,IFRA_STD_021,0.028,0.028,típico,Perfumiarz: lista de alérgenos H01052_ALG_10-24.pdf,proveedor,https://perfumiarz.com/products/citronellyl-acetate,2026-10-01,Citral 5392-40-5/ 141-27-5/ 106-26-3 0.028,columna «Total Quantity (% w/w)» (IFF/LMR),aceptada
fig:1484,150-84-5,Citronellyl acetate,Geraniol,106-24-1,IFRA_STD_037,0.381,0.381,típico,Perfumiarz: lista de alérgenos H01052_ALG_10-24.pdf,proveedor,https://perfumiarz.com/products/citronellyl-acetate,2026-10-01,Geraniol 106-24-1 0.381,columna «Total Quantity (% w/w)» (IFF/LMR),aceptada
fig:1484,150-84-5,Citronellyl acetate,Citronellol,106-22-9,IFRA_STD_022,1.225,1.225,típico,Perfumiarz: lista de alérgenos H01052_ALG_10-24.pdf,proveedor,https://perfumiarz.com/products/citronellyl-acetate,2026-10-01,Citronellol 106-22-9/ 26489-01-0/ 1117-61-9/ 7540-51-4 1.225,columna «Total Quantity (% w/w)» (IFF/LMR),aceptada
fig:1484,150-84-5,Citronellyl acetate,Limonene,138-86-3,IFRA_STD_186,0.019,0.019,típico,Perfumiarz: lista de alérgenos H01052_ALG_10-24.pdf,proveedor,https://perfumiarz.com/products/citronellyl-acetate,2026-10-01,Limonene 138-86-3/ 5989-27-5/ 5989-54-8/ 7705-14-8 0.019,columna «Total Quantity (% w/w)» (IFF/LMR),aceptada
fig:1245,94333-88-7,"Bulnesia sarmienti, ext., acetate",Limonene,138-86-3,IFRA_STD_186,0.002,0.002,típico,Perfumiarz: lista de alérgenos H01120_ALG_04-24.pdf,proveedor,https://perfumiarz.com/products/guaiyl-acetate,2026-10-01,Limonene 138-86-3/ 5989-27-5/ 5989-54-8/ 7705-14-8 0.002,columna «Total Quantity (% w/w)» (IFF/LMR),aceptada
fig:3091,62563-80-8,"Vetiverol, acetate",Benzaldehyde,100-52-7,IFRA_STD_007,0.007,0.007,típico,Perfumiarz: lista de alérgenos H01203_ALG_09-23.pdf,proveedor,https://perfumiarz.com/products/vetiveryl-acetate,2026-10-01,Benzaldehyde 100-52-7 0.007,columna «Total Quantity (% w/w)» (IFF/LMR),aceptada
fig:3091,62563-80-8,"Vetiverol, acetate",Isoeugenyl Acetate,93-29-8,IFRA_STD_255,0.093,0.093,típico,Perfumiarz: lista de alérgenos H01203_ALG_09-23.pdf,proveedor,https://perfumiarz.com/products/vetiveryl-acetate,2026-10-01,Isoeugenyl acetate 93-29-8 0.093,columna «Total Quantity (% w/w)» (IFF/LMR),aceptada
fig:3091,62563-80-8,"Vetiverol, acetate",Isoeugenol,97-54-1,IFRA_STD_048,0.005,0.005,típico,Perfumiarz: lista de alérgenos H01203_ALG_09-23.pdf,proveedor,https://perfumiarz.com/products/vetiveryl-acetate,2026-10-01,Isoeugenol 97-54-1/ 5932-68-3/ 5912-86-7 0.005,columna «Total Quantity (% w/w)» (IFF/LMR),aceptada
fig:2313,68738-99-8,"Methyl 2-[[[2,4(or 3,5)-dimethyl-3-cyclohexen-1-yl]methylene]amino]benzoate",Benzyl Alcohol,100-51-6,IFRA_STD_008,0.006,0.006,típico,Perfumiarz: lista de alérgenos H01209_ALG_08-23.pdf,proveedor,https://perfumiarz.com/products/agrumea,2026-10-01,Benzyl alcohol 100-51-6 0.006,columna «Total Quantity (% w/w)» (IFF/LMR),aceptada
fig:176,112-45-8,10-Undecenal,,,,,,sin-cifra,Perfumiarz: lista de alérgenos H01300_ALG_01-24.pdf,proveedor,https://perfumiarz.com/products/intreleven-aldehyde-special,2026-10-01,,la lista no declara ningún alérgeno con estándar IFRA,sin cifra: no vale cero (§1.2)
fig:2093,37677-14-8,Isohexenyl cyclohexenyl carboxaldehyde,,,,,,sin-cifra,Perfumiarz: lista de alérgenos H01332_ALG_08-24.pdf,proveedor,https://perfumiarz.com/products/myrac-aldehyde,2026-10-01,,la lista no declara ningún alérgeno con estándar IFRA,sin cifra: no vale cero (§1.2)
fig:2030,647828-16-8,"Indeno[4,3a-b]furan,decahydro-2,2,7,7,8,9,9-heptamethyl-",,,,,,sin-cifra,Perfumiarz: lista de alérgenos H01365_ALG_05-22.pdf,proveedor,https://perfumiarz.com/products/amber-xtreme,2026-10-01,,la lista no declara ningún alérgeno con estándar IFRA,sin cifra: no vale cero (§1.2)
tienda:63286-42-0,63286-42-0,Ambrettolide,,,,,,sin-cifra,Perfumiarz: lista de alérgenos H01388_ALG_07-23.pdf,proveedor,https://perfumiarz.com/products/ambrettolide,2026-10-01,,la lista no declara ningún alérgeno con estándar IFRA,sin cifra: no vale cero (§1.2)
fig:2190,25225-08-5,l-Cyclocitronellene formate,Benzyl Alcohol,100-51-6,IFRA_STD_008,0.005,0.005,típico,Perfumiarz: lista de alérgenos H01420_ALG_08-23.pdf,proveedor,https://perfumiarz.com/products/aphermate,2026-10-01,Benzyl alcohol 100-51-6 0.005,columna «Total Quantity (% w/w)» (IFF/LMR),aceptada
fig:799,1339119-15-1,"4,7-Methano-1H-indene-5-acetaldehyde, octahydro-",,,,,,sin-cifra,Perfumiarz: lista de alérgenos H01450_ALG_09-23.pdf,proveedor,https://perfumiarz.com/products/aquaflora,2026-10-01,,la lista no declara ningún alérgeno con estándar IFRA,sin cifra: no vale cero (§1.2)
fig:412,28219-61-6,"2-Ethyl-4-(2,2,3-trimethyl-3-cyclopenten-1-yl)-2-buten-1-ol",,,,,,sin-cifra,Perfumiarz: lista de alérgenos H02011_ALG_04-23.pdf,proveedor,https://perfumiarz.com/products/bacdanol,2026-10-01,,la lista no declara ningún alérgeno con estándar IFRA,sin cifra: no vale cero (§1.2)
fig:1997,6789-88-4,Hexyl benzoate,,,,,,sin-cifra,Perfumiarz: lista de alérgenos H02070_ALG_08-23.pdf,proveedor,https://perfumiarz.com/products/hexyl-benzoate,2026-10-01,,la lista no declara ningún alérgeno con estándar IFRA,sin cifra: no vale cero (§1.2)
fig:2496,4430-31-3,Octahydrocoumarin,,,,,,sin-cifra,Perfumiarz: lista de alérgenos H02110_ALG_11-21.pdf,proveedor,https://perfumiarz.com/products/bicyclonanolactone,2026-10-01,,la lista no declara ningún alérgeno con estándar IFRA,sin cifra: no vale cero (§1.2)
fig:840,5462-06-6,4-Methoxy-alpha-methylbenzenepropanal,Anise Alcohol,105-13-5,IFRA_STD_006,0.048,0.048,típico,Perfumiarz: lista de alérgenos H03039_ALG_01-24.pdf,proveedor,https://perfumiarz.com/products/canthoxal,2026-10-01,Anise Alcohol 105-13-5 0.048,columna «Total Quantity (% w/w)» (IFF/LMR),aceptada
fig:1335,8023-82-3,Cassie absolute,Benzaldehyde,100-52-7,IFRA_STD_007,0.189,0.189,típico,Perfumiarz: lista de alérgenos H03053_ALG_12-23.pdf,proveedor,https://perfumiarz.com/products/cassie-absolute,2026-10-01,Benzaldehyde 100-52-7 0.189,columna «Total Quantity (% w/w)» (IFF/LMR),aceptada
fig:1335,8023-82-3,Cassie absolute,Benzyl Alcohol,100-51-6,IFRA_STD_008,0.854,0.854,típico,Perfumiarz: lista de alérgenos H03053_ALG_12-23.pdf,proveedor,https://perfumiarz.com/products/cassie-absolute,2026-10-01,Benzyl alcohol 100-51-6 0.854,columna «Total Quantity (% w/w)» (IFF/LMR),aceptada
fig:1335,8023-82-3,Cassie absolute,Citral,5392-40-5,IFRA_STD_021,0.036,0.036,típico,Perfumiarz: lista de alérgenos H03053_ALG_12-23.pdf,proveedor,https://perfumiarz.com/products/cassie-absolute,2026-10-01,Citral 5392-40-5/ 141-27-5/ 106-26-3 0.036,columna «Total Quantity (% w/w)» (IFF/LMR),aceptada
fig:1335,8023-82-3,Cassie absolute,Eugenol,97-53-0,IFRA_STD_035,0.048,0.048,típico,Perfumiarz: lista de alérgenos H03053_ALG_12-23.pdf,proveedor,https://perfumiarz.com/products/cassie-absolute,2026-10-01,Eugenol 97-53-0 0.048,columna «Total Quantity (% w/w)» (IFF/LMR),aceptada
fig:1335,8023-82-3,Cassie absolute,Benzyl Salicylate,118-58-1,IFRA_STD_011,0.034,0.034,típico,Perfumiarz: lista de alérgenos H03053_ALG_12-23.pdf,proveedor,https://perfumiarz.com/products/cassie-absolute,2026-10-01,Benzyl Salicylate 118-58-1 0.034,columna «Total Quantity (% w/w)» (IFF/LMR),aceptada
fig:1335,8023-82-3,Cassie absolute,Cinnamal,104-55-2,IFRA_STD_018,0.003,0.003,típico,Perfumiarz: lista de alérgenos H03053_ALG_12-23.pdf,proveedor,https://perfumiarz.com/products/cassie-absolute,2026-10-01,Cinnamal 104-55-2 0.003,columna «Total Quantity (% w/w)» (IFF/LMR),aceptada
fig:1335,8023-82-3,Cassie absolute,Geraniol,106-24-1,IFRA_STD_037,0.242,0.242,típico,Perfumiarz: lista de alérgenos H03053_ALG_12-23.pdf,proveedor,https://perfumiarz.com/products/cassie-absolute,2026-10-01,Geraniol 106-24-1 0.242,columna «Total Quantity (% w/w)» (IFF/LMR),aceptada
fig:1335,8023-82-3,Cassie absolute,Anise Alcohol,105-13-5,IFRA_STD_006,0.107,0.107,típico,Perfumiarz: lista de alérgenos H03053_ALG_12-23.pdf,proveedor,https://perfumiarz.com/products/cassie-absolute,2026-10-01,Anise Alcohol 105-13-5 0.107,columna «Total Quantity (% w/w)» (IFF/LMR),aceptada
fig:1335,8023-82-3,Cassie absolute,Benzyl Cinnamate,103-41-3,IFRA_STD_010,0.009,0.009,típico,Perfumiarz: lista de alérgenos H03053_ALG_12-23.pdf,proveedor,https://perfumiarz.com/products/cassie-absolute,2026-10-01,Benzyl Cinnamate 103-41-3 0.009,columna «Total Quantity (% w/w)» (IFF/LMR),aceptada
fig:1335,8023-82-3,Cassie absolute,Farnesol,4602-84-0,IFRA_STD_036,0.012,0.012,típico,Perfumiarz: lista de alérgenos H03053_ALG_12-23.pdf,proveedor,https://perfumiarz.com/products/cassie-absolute,2026-10-01,Farnesol 4602-84-0 0.012,columna «Total Quantity (% w/w)» (IFF/LMR),aceptada
fig:1335,8023-82-3,Cassie absolute,Linalool,78-70-6,IFRA_STD_187,0.095,0.095,típico,Perfumiarz: lista de alérgenos H03053_ALG_12-23.pdf,proveedor,https://perfumiarz.com/products/cassie-absolute,2026-10-01,Linalool 78-70-6 0.095,columna «Total Quantity (% w/w)» (IFF/LMR),aceptada
fig:1335,8023-82-3,Cassie absolute,Benzyl Benzoate,120-51-4,IFRA_STD_009,0.049,0.049,típico,Perfumiarz: lista de alérgenos H03053_ALG_12-23.pdf,proveedor,https://perfumiarz.com/products/cassie-absolute,2026-10-01,Benzyl Benzoate 120-51-4 0.049,columna «Total Quantity (% w/w)» (IFF/LMR),aceptada
fig:1335,8023-82-3,Cassie absolute,Citronellol,106-22-9,IFRA_STD_022,0.019,0.019,típico,Perfumiarz: lista de alérgenos H03053_ALG_12-23.pdf,proveedor,https://perfumiarz.com/products/cassie-absolute,2026-10-01,Citronellol 106-22-9/ 26489-01-0/ 1117-61-9/ 7540-51-4 0.019,columna «Total Quantity (% w/w)» (IFF/LMR),aceptada
fig:1335,8023-82-3,Cassie absolute,Limonene,138-86-3,IFRA_STD_186,0.005,0.005,típico,Perfumiarz: lista de alérgenos H03053_ALG_12-23.pdf,proveedor,https://perfumiarz.com/products/cassie-absolute,2026-10-01,Limonene 138-86-3/ 5989-27-5/ 5989-54-8/ 7705-14-8 0.005,columna «Total Quantity (% w/w)» (IFF/LMR),aceptada
fig:1378,19870-74-7,Cedrol methyl ether,,,,,,sin-cifra,Perfumiarz: lista de alérgenos H03100_ALG_04-22.pdf,proveedor,https://perfumiarz.com/products/cedramber,2026-10-01,,la lista no declara ningún alérgeno con estándar IFRA,sin cifra: no vale cero (§1.2)
fig:1416,1885-38-7,Cinnamyl nitrile,Benzaldehyde,100-52-7,IFRA_STD_007,0.078,0.078,típico,Perfumiarz: lista de alérgenos H03180_ALG_07-24.pdf,proveedor,https://perfumiarz.com/products/cinnamalva,2026-10-01,Benzaldehyde 100-52-7 0.078,columna «Total Quantity (% w/w)» (IFF/LMR),aceptada
fig:1416,1885-38-7,Cinnamyl nitrile,Benzyl Alcohol,100-51-6,IFRA_STD_008,0.014,0.014,típico,Perfumiarz: lista de alérgenos H03180_ALG_07-24.pdf,proveedor,https://perfumiarz.com/products/cinnamalva,2026-10-01,Benzyl alcohol 100-51-6 0.014,columna «Total Quantity (% w/w)» (IFF/LMR),aceptada
fig:1703,2437-25-4,Dodecanenitrile,Limonene,138-86-3,IFRA_STD_186,0.001,0.001,típico,Perfumiarz: lista de alérgenos H03240_ALG_03-24.pdf,proveedor,https://perfumiarz.com/products/clonal,2026-10-01,Limonene 138-86-3/ 5989-27-5/ 5989-54-8/ 7705-14-8 0.001,columna «Total Quantity (% w/w)» (IFF/LMR),aceptada
fig:975,2556-10-7,Acetaldehyde ethyl phenylethyl acetal,Benzaldehyde,100-52-7,IFRA_STD_007,0.002,0.002,típico,Perfumiarz: lista de alérgenos H03262_ALG_02-24.pdf,proveedor,https://perfumiarz.com/products/corps-jacinthe,2026-10-01,Benzaldehyde 100-52-7 0.002,columna «Total Quantity (% w/w)» (IFF/LMR),aceptada
fig:1031,67634-15-5,"alpha,alpha-Dimethyl-p-ethylphenylpropanal",,,,,,sin-cifra,Perfumiarz: lista de alérgenos H06120_ALG_08-23.pdf,proveedor,https://perfumiarz.com/products/floralozone,2026-10-01,,la lista no declara ningún alérgeno con estándar IFRA,sin cifra: no vale cero (§1.2)
fig:1970,8031-00-3,Hay absolute,Benzyl Alcohol,100-51-6,IFRA_STD_008,0.018,0.018,típico,Perfumiarz: lista de alérgenos H06130_ALG_05-23.pdf,proveedor,https://perfumiarz.com/products/hay-absolute,2026-10-01,Benzyl alcohol 100-51-6 0.018,columna «Total Quantity (% w/w)» (IFF/LMR),aceptada
fig:1970,8031-00-3,Hay absolute,Eugenol,97-53-0,IFRA_STD_035,0.009,0.009,típico,Perfumiarz: lista de alérgenos H06130_ALG_05-23.pdf,proveedor,https://perfumiarz.com/products/hay-absolute,2026-10-01,Eugenol 97-53-0 0.009,columna «Total Quantity (% w/w)» (IFF/LMR),aceptada
fig:1970,8031-00-3,Hay absolute,Coumarin,91-64-5,IFRA_STD_023,10,10,típico,Perfumiarz: lista de alérgenos H06130_ALG_05-23.pdf,proveedor,https://perfumiarz.com/products/hay-absolute,2026-10-01,Coumarin 91-64-5 10.000,columna «Total Quantity (% w/w)» (IFF/LMR),aceptada
fig:1970,8031-00-3,Hay absolute,Linalool,78-70-6,IFRA_STD_187,0.043,0.043,típico,Perfumiarz: lista de alérgenos H06130_ALG_05-23.pdf,proveedor,https://perfumiarz.com/products/hay-absolute,2026-10-01,Linalool 78-70-6 0.043,columna «Total Quantity (% w/w)» (IFF/LMR),aceptada
fig:1970,8031-00-3,Hay absolute,Benzyl Benzoate,120-51-4,IFRA_STD_009,0.027,0.027,típico,Perfumiarz: lista de alérgenos H06130_ALG_05-23.pdf,proveedor,https://perfumiarz.com/products/hay-absolute,2026-10-01,Benzyl Benzoate 120-51-4 0.027,columna «Total Quantity (% w/w)» (IFF/LMR),aceptada
fig:1970,8031-00-3,Hay absolute,Citronellol,106-22-9,IFRA_STD_022,0.007,0.007,típico,Perfumiarz: lista de alérgenos H06130_ALG_05-23.pdf,proveedor,https://perfumiarz.com/products/hay-absolute,2026-10-01,Citronellol 106-22-9/ 26489-01-0/ 1117-61-9/ 7540-51-4 0.007,columna «Total Quantity (% w/w)» (IFF/LMR),aceptada
fig:1970,8031-00-3,Hay absolute,Limonene,138-86-3,IFRA_STD_186,0.007,0.007,típico,Perfumiarz: lista de alérgenos H06130_ALG_05-23.pdf,proveedor,https://perfumiarz.com/products/hay-absolute,2026-10-01,Limonene 138-86-3/ 5989-27-5/ 5989-54-8/ 7705-14-8 0.007,columna «Total Quantity (% w/w)» (IFF/LMR),aceptada
fig:1745,6413-10-1,"Ethyl 2-methyl-1,3-dioxolane-2-acetate",,,,,,sin-cifra,Perfumiarz: lista de alérgenos H06212_ALG_05-24.pdf,proveedor,https://perfumiarz.com/products/fructone,2026-10-01,,la lista no declara ningún alérgeno con estándar IFRA,sin cifra: no vale cero (§1.2)
fig:2490,23333-91-7,"Octahydro-4,8a-dimethyl-4a(2H)-naphthol",,,,,,sin-cifra,Perfumiarz: lista de alérgenos H07098_ALG_01-25.pdf,proveedor,https://perfumiarz.com/products/geosmin-1-dpg,2026-10-01,,la lista no declara ningún alérgeno con estándar IFRA,sin cifra: no vale cero (§1.2)
fig:1906,106-24-1,Geraniol,Citral,5392-40-5,IFRA_STD_021,0.09,0.09,típico,Perfumiarz: lista de alérgenos H07112_ALG_03-24.pdf,proveedor,https://perfumiarz.com/products/geraniol-980,2026-10-01,Citral 5392-40-5/ 141-27-5/ 106-26-3 0.090,columna «Total Quantity (% w/w)» (IFF/LMR),aceptada
fig:1906,106-24-1,Geraniol,Linalool,78-70-6,IFRA_STD_187,0.001,0.001,típico,Perfumiarz: lista de alérgenos H07112_ALG_03-24.pdf,proveedor,https://perfumiarz.com/products/geraniol-980,2026-10-01,Linalool 78-70-6 0.001,columna «Total Quantity (% w/w)» (IFF/LMR),aceptada
fig:1906,106-24-1,Geraniol,Citronellol,106-22-9,IFRA_STD_022,0.5,0.5,típico,Perfumiarz: lista de alérgenos H07112_ALG_03-24.pdf,proveedor,https://perfumiarz.com/products/geraniol-980,2026-10-01,Citronellol 106-22-9/ 26489-01-0/ 1117-61-9/ 7540-51-4 0.500,columna «Total Quantity (% w/w)» (IFF/LMR),aceptada
fig:2683,29895-73-6,Phenylacetaldehyde glyceryl acetal,Benzaldehyde,100-52-7,IFRA_STD_007,0.01,0.01,típico,Perfumiarz: lista de alérgenos H07120_ALG_08-24.pdf,proveedor,https://perfumiarz.com/products/phenyl-acetaldehyde-glycerine-acetal,2026-10-01,Benzaldehyde 100-52-7 0.010,columna «Total Quantity (% w/w)» (IFF/LMR),aceptada
fig:2683,29895-73-6,Phenylacetaldehyde glyceryl acetal,Benzyl Alcohol,100-51-6,IFRA_STD_008,0.006,0.006,típico,Perfumiarz: lista de alérgenos H07120_ALG_08-24.pdf,proveedor,https://perfumiarz.com/products/phenyl-acetaldehyde-glycerine-acetal,2026-10-01,Benzyl alcohol 100-51-6 0.006,columna «Total Quantity (% w/w)» (IFF/LMR),aceptada
fig:1051,127-41-3,alpha-Ionone,,,,,,sin-cifra,Perfumiarz: lista de alérgenos H09080_ALG_01-24.pdf,proveedor,https://perfumiarz.com/products/ionone-alpha-2,2026-10-01,,la lista no declara ningún alérgeno con estándar IFRA,sin cifra: no vale cero (§1.2)
fig:2043,8002-73-1,Iris pallida resinoid,Benzyl Alcohol,100-51-6,IFRA_STD_008,0.003,0.003,típico,Perfumiarz: lista de alérgenos H09128_ALG_09-23.pdf,proveedor,https://perfumiarz.com/products/orris-resinoid,2026-10-01,Benzyl alcohol 100-51-6 0.003,columna «Total Quantity (% w/w)» (IFF/LMR),aceptada
fig:2043,8002-73-1,Iris pallida resinoid,Citral,5392-40-5,IFRA_STD_021,0.002,0.002,típico,Perfumiarz: lista de alérgenos H09128_ALG_09-23.pdf,proveedor,https://perfumiarz.com/products/orris-resinoid,2026-10-01,Citral 5392-40-5/ 141-27-5/ 106-26-3 0.002,columna «Total Quantity (% w/w)» (IFF/LMR),aceptada
fig:2043,8002-73-1,Iris pallida resinoid,Coumarin,91-64-5,IFRA_STD_023,0.003,0.003,típico,Perfumiarz: lista de alérgenos H09128_ALG_09-23.pdf,proveedor,https://perfumiarz.com/products/orris-resinoid,2026-10-01,Coumarin 91-64-5 0.003,columna «Total Quantity (% w/w)» (IFF/LMR),aceptada
fig:2043,8002-73-1,Iris pallida resinoid,Linalool,78-70-6,IFRA_STD_187,0.006,0.006,típico,Perfumiarz: lista de alérgenos H09128_ALG_09-23.pdf,proveedor,https://perfumiarz.com/products/orris-resinoid,2026-10-01,Linalool 78-70-6 0.006,columna «Total Quantity (% w/w)» (IFF/LMR),aceptada
fig:2043,8002-73-1,Iris pallida resinoid,Limonene,138-86-3,IFRA_STD_186,0.008,0.008,típico,Perfumiarz: lista de alérgenos H09128_ALG_09-23.pdf,proveedor,https://perfumiarz.com/products/orris-resinoid,2026-10-01,Limonene 138-86-3/ 5989-27-5/ 5989-54-8/ 7705-14-8 0.008,columna «Total Quantity (% w/w)» (IFF/LMR),aceptada
fig:2085,1335-66-6,Isocyclocitral,,,,,,sin-cifra,Perfumiarz: lista de alérgenos H09172_ALG_07-23.pdf,proveedor,https://perfumiarz.com/products/isocyclocitral,2026-10-01,,la lista no declara ningún alérgeno con estándar IFRA,sin cifra: no vale cero (§1.2)
fig:806,18871-14-2,4-Acetoxy-3-pentyltetrahydropyran,,,,,,sin-cifra,Perfumiarz: lista de alérgenos H10012_ALG_01-24.pdf,proveedor,https://perfumiarz.com/products/jasmal,2026-10-01,,la lista no declara ningún alérgeno con estándar IFRA,sin cifra: no vale cero (§1.2)
fig:63,81786-73-4,"(Z)-3,4,5,6,6-Pentamethylhept-3-en-2-one",,,,,,sin-cifra,Perfumiarz: lista de alérgenos H11090_ALG_06-24.pdf,proveedor,https://perfumiarz.com/products/koavone,2026-10-01,,la lista no declara ningún alérgeno con estándar IFRA,sin cifra: no vale cero (§1.2)
fig:2180,8000-28-0,Lavender absolute,Benzaldehyde,100-52-7,IFRA_STD_007,0.008,0.008,típico,Perfumiarz: lista de alérgenos H12009_ALG_09-23.pdf,proveedor,https://perfumiarz.com/products/lavender-absolute,2026-10-01,Benzaldehyde 100-52-7 0.008,columna «Total Quantity (% w/w)» (IFF/LMR),aceptada
fig:2180,8000-28-0,Lavender absolute,Carvone,99-49-0,IFRA_STD_016,0.014,0.014,típico,Perfumiarz: lista de alérgenos H12009_ALG_09-23.pdf,proveedor,https://perfumiarz.com/products/lavender-absolute,2026-10-01,Carvone 99-49-0/ 6485-40-1/ 2244-16-8 0.014,columna «Total Quantity (% w/w)» (IFF/LMR),aceptada
fig:2180,8000-28-0,Lavender absolute,Sclareol,515-03-7,IFRA_STD_183,0.353,0.353,típico,Perfumiarz: lista de alérgenos H12009_ALG_09-23.pdf,proveedor,https://perfumiarz.com/products/lavender-absolute,2026-10-01,Sclareol 515-03-7 0.353,columna «Total Quantity (% w/w)» (IFF/LMR),aceptada
fig:2180,8000-28-0,Lavender absolute,Benzyl Alcohol,100-51-6,IFRA_STD_008,0.024,0.024,típico,Perfumiarz: lista de alérgenos H12009_ALG_09-23.pdf,proveedor,https://perfumiarz.com/products/lavender-absolute,2026-10-01,Benzyl alcohol 100-51-6 0.024,columna «Total Quantity (% w/w)» (IFF/LMR),aceptada
fig:2180,8000-28-0,Lavender absolute,Citral,5392-40-5,IFRA_STD_021,0.011,0.011,típico,Perfumiarz: lista de alérgenos H12009_ALG_09-23.pdf,proveedor,https://perfumiarz.com/products/lavender-absolute,2026-10-01,Citral 5392-40-5/ 141-27-5/ 106-26-3 0.011,columna «Total Quantity (% w/w)» (IFF/LMR),aceptada
fig:2180,8000-28-0,Lavender absolute,Eugenol,97-53-0,IFRA_STD_035,0.018,0.018,típico,Perfumiarz: lista de alérgenos H12009_ALG_09-23.pdf,proveedor,https://perfumiarz.com/products/lavender-absolute,2026-10-01,Eugenol 97-53-0 0.018,columna «Total Quantity (% w/w)» (IFF/LMR),aceptada
fig:2180,8000-28-0,Lavender absolute,Benzyl Salicylate,118-58-1,IFRA_STD_011,0.008,0.008,típico,Perfumiarz: lista de alérgenos H12009_ALG_09-23.pdf,proveedor,https://perfumiarz.com/products/lavender-absolute,2026-10-01,Benzyl Salicylate 118-58-1 0.008,columna «Total Quantity (% w/w)» (IFF/LMR),aceptada
fig:2180,8000-28-0,Lavender absolute,Coumarin,91-64-5,IFRA_STD_023,3.573,3.573,típico,Perfumiarz: lista de alérgenos H12009_ALG_09-23.pdf,proveedor,https://perfumiarz.com/products/lavender-absolute,2026-10-01,Coumarin 91-64-5 3.573,columna «Total Quantity (% w/w)» (IFF/LMR),aceptada
fig:2180,8000-28-0,Lavender absolute,Geraniol,106-24-1,IFRA_STD_037,0.263,0.263,típico,Perfumiarz: lista de alérgenos H12009_ALG_09-23.pdf,proveedor,https://perfumiarz.com/products/lavender-absolute,2026-10-01,Geraniol 106-24-1 0.263,columna «Total Quantity (% w/w)» (IFF/LMR),aceptada
fig:2180,8000-28-0,Lavender absolute,Anise Alcohol,105-13-5,IFRA_STD_006,0.004,0.004,típico,Perfumiarz: lista de alérgenos H12009_ALG_09-23.pdf,proveedor,https://perfumiarz.com/products/lavender-absolute,2026-10-01,Anise Alcohol 105-13-5 0.004,columna «Total Quantity (% w/w)» (IFF/LMR),aceptada
fig:2180,8000-28-0,Lavender absolute,Farnesol,4602-84-0,IFRA_STD_036,0.037,0.037,típico,Perfumiarz: lista de alérgenos H12009_ALG_09-23.pdf,proveedor,https://perfumiarz.com/products/lavender-absolute,2026-10-01,Farnesol 4602-84-0 0.037,columna «Total Quantity (% w/w)» (IFF/LMR),aceptada
fig:2180,8000-28-0,Lavender absolute,Linalool,78-70-6,IFRA_STD_187,30.537,30.537,típico,Perfumiarz: lista de alérgenos H12009_ALG_09-23.pdf,proveedor,https://perfumiarz.com/products/lavender-absolute,2026-10-01,Linalool 78-70-6 30.537,columna «Total Quantity (% w/w)» (IFF/LMR),aceptada
fig:2180,8000-28-0,Lavender absolute,Benzyl Benzoate,120-51-4,IFRA_STD_009,0.039,0.039,típico,Perfumiarz: lista de alérgenos H12009_ALG_09-23.pdf,proveedor,https://perfumiarz.com/products/lavender-absolute,2026-10-01,Benzyl Benzoate 120-51-4 0.039,columna «Total Quantity (% w/w)» (IFF/LMR),aceptada
fig:2180,8000-28-0,Lavender absolute,Limonene,138-86-3,IFRA_STD_186,0.109,0.109,típico,Perfumiarz: lista de alérgenos H12009_ALG_09-23.pdf,proveedor,https://perfumiarz.com/products/lavender-absolute,2026-10-01,Limonene 138-86-3/ 5989-27-5/ 5989-54-8/ 7705-14-8 0.109,columna «Total Quantity (% w/w)» (IFF/LMR),aceptada
fig:1067,98-55-5,alpha-Terpineol,Geraniol,106-24-1,IFRA_STD_037,0.03,0.03,típico,Perfumiarz: lista de alérgenos H12065_ALG_10-24.pdf,proveedor,https://perfumiarz.com/products/lindenol,2026-10-01,Geraniol 106-24-1 0.030,columna «Total Quantity (% w/w)» (IFF/LMR),aceptada
fig:1067,98-55-5,alpha-Terpineol,Limonene,138-86-3,IFRA_STD_186,0.025,0.025,típico,Perfumiarz: lista de alérgenos H12065_ALG_10-24.pdf,proveedor,https://perfumiarz.com/products/lindenol,2026-10-01,Limonene 138-86-3/ 5989-27-5/ 5989-54-8/ 7705-14-8 0.025,columna «Total Quantity (% w/w)» (IFF/LMR),aceptada
fig:576,31906-04-4,3 and 4-(4-Hydroxy-4-methylpentyl)-3-cyclohexene-1-carboxaldehyde,,,,,,sin-cifra,Perfumiarz: lista de alérgenos H12092_ALG_01-24.pdf,proveedor,https://perfumiarz.com/products/lyral,2026-10-01,,la lista no declara ningún alérgeno con estándar IFRA,sin cifra: no vale cero (§1.2)
tl:champaca-leaf-oil-low-methyeugenol,92457-18-6,"Champaca leaf oil, low methyeugenol",Benzyl Alcohol,100-51-6,IFRA_STD_008,0.013,0.013,típico,Perfumiarz: lista de alérgenos H13007_ALG_05-23.pdf,proveedor,https://perfumiarz.com/products/magnolia-flower-oil-md,2026-10-01,Benzyl alcohol 100-51-6 0.013,columna «Total Quantity (% w/w)» (IFF/LMR),aceptada
tl:champaca-leaf-oil-low-methyeugenol,92457-18-6,"Champaca leaf oil, low methyeugenol",Citral,5392-40-5,IFRA_STD_021,0.02,0.02,típico,Perfumiarz: lista de alérgenos H13007_ALG_05-23.pdf,proveedor,https://perfumiarz.com/products/magnolia-flower-oil-md,2026-10-01,Citral 5392-40-5/ 141-27-5/ 106-26-3 0.020,columna «Total Quantity (% w/w)» (IFF/LMR),aceptada
tl:champaca-leaf-oil-low-methyeugenol,92457-18-6,"Champaca leaf oil, low methyeugenol",Eugenol,97-53-0,IFRA_STD_035,0.008,0.008,típico,Perfumiarz: lista de alérgenos H13007_ALG_05-23.pdf,proveedor,https://perfumiarz.com/products/magnolia-flower-oil-md,2026-10-01,Eugenol 97-53-0 0.008,columna «Total Quantity (% w/w)» (IFF/LMR),aceptada
tl:champaca-leaf-oil-low-methyeugenol,92457-18-6,"Champaca leaf oil, low methyeugenol",Benzyl Salicylate,118-58-1,IFRA_STD_011,0.006,0.006,típico,Perfumiarz: lista de alérgenos H13007_ALG_05-23.pdf,proveedor,https://perfumiarz.com/products/magnolia-flower-oil-md,2026-10-01,Benzyl Salicylate 118-58-1 0.006,columna «Total Quantity (% w/w)» (IFF/LMR),aceptada
tl:champaca-leaf-oil-low-methyeugenol,92457-18-6,"Champaca leaf oil, low methyeugenol",Geraniol,106-24-1,IFRA_STD_037,0.502,0.502,típico,Perfumiarz: lista de alérgenos H13007_ALG_05-23.pdf,proveedor,https://perfumiarz.com/products/magnolia-flower-oil-md,2026-10-01,Geraniol 106-24-1 0.502,columna «Total Quantity (% w/w)» (IFF/LMR),aceptada
tl:champaca-leaf-oil-low-methyeugenol,92457-18-6,"Champaca leaf oil, low methyeugenol",Farnesol,4602-84-0,IFRA_STD_036,0.042,0.042,típico,Perfumiarz: lista de alérgenos H13007_ALG_05-23.pdf,proveedor,https://perfumiarz.com/products/magnolia-flower-oil-md,2026-10-01,Farnesol 4602-84-0 0.042,columna «Total Quantity (% w/w)» (IFF/LMR),aceptada
tl:champaca-leaf-oil-low-methyeugenol,92457-18-6,"Champaca leaf oil, low methyeugenol",Linalool,78-70-6,IFRA_STD_187,82.883,82.883,típico,Perfumiarz: lista de alérgenos H13007_ALG_05-23.pdf,proveedor,https://perfumiarz.com/products/magnolia-flower-oil-md,2026-10-01,Linalool 78-70-6 82.883,columna «Total Quantity (% w/w)» (IFF/LMR),aceptada
tl:champaca-leaf-oil-low-methyeugenol,92457-18-6,"Champaca leaf oil, low methyeugenol",Benzyl Benzoate,120-51-4,IFRA_STD_009,0.009,0.009,típico,Perfumiarz: lista de alérgenos H13007_ALG_05-23.pdf,proveedor,https://perfumiarz.com/products/magnolia-flower-oil-md,2026-10-01,Benzyl Benzoate 120-51-4 0.009,columna «Total Quantity (% w/w)» (IFF/LMR),aceptada
tl:champaca-leaf-oil-low-methyeugenol,92457-18-6,"Champaca leaf oil, low methyeugenol",Citronellol,106-22-9,IFRA_STD_022,0.007,0.007,típico,Perfumiarz: lista de alérgenos H13007_ALG_05-23.pdf,proveedor,https://perfumiarz.com/products/magnolia-flower-oil-md,2026-10-01,Citronellol 106-22-9/ 26489-01-0/ 1117-61-9/ 7540-51-4 0.007,columna «Total Quantity (% w/w)» (IFF/LMR),aceptada
tl:champaca-leaf-oil-low-methyeugenol,92457-18-6,"Champaca leaf oil, low methyeugenol",Limonene,138-86-3,IFRA_STD_186,0.045,0.045,típico,Perfumiarz: lista de alérgenos H13007_ALG_05-23.pdf,proveedor,https://perfumiarz.com/products/magnolia-flower-oil-md,2026-10-01,Limonene 138-86-3/ 5989-27-5/ 5989-54-8/ 7705-14-8 0.045,columna «Total Quantity (% w/w)» (IFF/LMR),aceptada
fig:770,38462-23-6,"4-(4,8-Dimethylnona-3,7-dienyl)pyridine",,,,,,sin-cifra,Perfumiarz: lista de alérgenos H13021_ALG_01-24.pdf,proveedor,https://perfumiarz.com/products/maritima,2026-10-01,,la lista no declara ningún alérgeno con estándar IFRA,sin cifra: no vale cero (§1.2)
cas:90028-68-5,90028-68-5,Oakmoss extracts,,,,,,sin-cifra,Perfumiarz: lista de alérgenos H13197_ALG_06-22.pdf,proveedor,https://perfumiarz.com/products/oakmoss-absolute,2026-10-01,,la lista no declara ningún alérgeno con estándar IFRA distinto del propio producto,sin cifra: no vale cero (§1.2)
fig:2430,68917-12-4,Narcissus poeticus absolute,Benzaldehyde,100-52-7,IFRA_STD_007,0.007,0.007,típico,Perfumiarz: lista de alérgenos H14083_ALG_08-23.pdf,proveedor,https://perfumiarz.com/products/narcisse-absolute,2026-10-01,Benzaldehyde 100-52-7 0.007,columna «Total Quantity (% w/w)» (IFF/LMR),aceptada
fig:2430,68917-12-4,Narcissus poeticus absolute,Benzyl Alcohol,100-51-6,IFRA_STD_008,0.291,0.291,típico,Perfumiarz: lista de alérgenos H14083_ALG_08-23.pdf,proveedor,https://perfumiarz.com/products/narcisse-absolute,2026-10-01,Benzyl alcohol 100-51-6 0.291,columna «Total Quantity (% w/w)» (IFF/LMR),aceptada
fig:2430,68917-12-4,Narcissus poeticus absolute,Cinnamyl Alcohol,104-54-1,IFRA_STD_017,0.147,0.147,típico,Perfumiarz: lista de alérgenos H14083_ALG_08-23.pdf,proveedor,https://perfumiarz.com/products/narcisse-absolute,2026-10-01,Cinnamyl alcohol 104-54-1 0.147,columna «Total Quantity (% w/w)» (IFF/LMR),aceptada
fig:2430,68917-12-4,Narcissus poeticus absolute,Eugenol,97-53-0,IFRA_STD_035,0.053,0.053,típico,Perfumiarz: lista de alérgenos H14083_ALG_08-23.pdf,proveedor,https://perfumiarz.com/products/narcisse-absolute,2026-10-01,Eugenol 97-53-0 0.053,columna «Total Quantity (% w/w)» (IFF/LMR),aceptada
fig:2430,68917-12-4,Narcissus poeticus absolute,Isoeugenol,97-54-1,IFRA_STD_048,0.227,0.227,típico,Perfumiarz: lista de alérgenos H14083_ALG_08-23.pdf,proveedor,https://perfumiarz.com/products/narcisse-absolute,2026-10-01,Isoeugenol 97-54-1/ 5932-68-3/ 5912-86-7 0.227,columna «Total Quantity (% w/w)» (IFF/LMR),aceptada
fig:2430,68917-12-4,Narcissus poeticus absolute,Benzyl Salicylate,118-58-1,IFRA_STD_011,0.206,0.206,típico,Perfumiarz: lista de alérgenos H14083_ALG_08-23.pdf,proveedor,https://perfumiarz.com/products/narcisse-absolute,2026-10-01,Benzyl Salicylate 118-58-1 0.206,columna «Total Quantity (% w/w)» (IFF/LMR),aceptada
fig:2430,68917-12-4,Narcissus poeticus absolute,Coumarin,91-64-5,IFRA_STD_023,0.292,0.292,típico,Perfumiarz: lista de alérgenos H14083_ALG_08-23.pdf,proveedor,https://perfumiarz.com/products/narcisse-absolute,2026-10-01,Coumarin 91-64-5 0.292,columna «Total Quantity (% w/w)» (IFF/LMR),aceptada
fig:2430,68917-12-4,Narcissus poeticus absolute,Geraniol,106-24-1,IFRA_STD_037,0.032,0.032,típico,Perfumiarz: lista de alérgenos H14083_ALG_08-23.pdf,proveedor,https://perfumiarz.com/products/narcisse-absolute,2026-10-01,Geraniol 106-24-1 0.032,columna «Total Quantity (% w/w)» (IFF/LMR),aceptada
fig:2430,68917-12-4,Narcissus poeticus absolute,Benzyl Cinnamate,103-41-3,IFRA_STD_010,0.008,0.008,típico,Perfumiarz: lista de alérgenos H14083_ALG_08-23.pdf,proveedor,https://perfumiarz.com/products/narcisse-absolute,2026-10-01,Benzyl Cinnamate 103-41-3 0.008,columna «Total Quantity (% w/w)» (IFF/LMR),aceptada
fig:2430,68917-12-4,Narcissus poeticus absolute,Linalool,78-70-6,IFRA_STD_187,0.169,0.169,típico,Perfumiarz: lista de alérgenos H14083_ALG_08-23.pdf,proveedor,https://perfumiarz.com/products/narcisse-absolute,2026-10-01,Linalool 78-70-6 0.169,columna «Total Quantity (% w/w)» (IFF/LMR),aceptada
fig:2430,68917-12-4,Narcissus poeticus absolute,Benzyl Benzoate,120-51-4,IFRA_STD_009,1.422,1.422,típico,Perfumiarz: lista de alérgenos H14083_ALG_08-23.pdf,proveedor,https://perfumiarz.com/products/narcisse-absolute,2026-10-01,Benzyl Benzoate 120-51-4 1.422,columna «Total Quantity (% w/w)» (IFF/LMR),aceptada
fig:2430,68917-12-4,Narcissus poeticus absolute,Citronellol,106-22-9,IFRA_STD_022,0.014,0.014,típico,Perfumiarz: lista de alérgenos H14083_ALG_08-23.pdf,proveedor,https://perfumiarz.com/products/narcisse-absolute,2026-10-01,Citronellol 106-22-9/ 26489-01-0/ 1117-61-9/ 7540-51-4 0.014,columna «Total Quantity (% w/w)» (IFF/LMR),aceptada
fig:2430,68917-12-4,Narcissus poeticus absolute,Limonene,138-86-3,IFRA_STD_186,0.118,0.118,típico,Perfumiarz: lista de alérgenos H14083_ALG_08-23.pdf,proveedor,https://perfumiarz.com/products/narcisse-absolute,2026-10-01,Limonene 138-86-3/ 5989-27-5/ 5989-54-8/ 7705-14-8 0.118,columna «Total Quantity (% w/w)» (IFF/LMR),aceptada
fig:2433,106-25-2,Nerol,Citral,5392-40-5,IFRA_STD_021,0.3,0.3,típico,Perfumiarz: lista de alérgenos H14107_ALG_04-23.pdf,proveedor,https://perfumiarz.com/products/nerol,2026-10-01,Citral 5392-40-5/ 141-27-5/ 106-26-3 0.300,columna «Total Quantity (% w/w)» (IFF/LMR),aceptada
fig:2433,106-25-2,Nerol,Geraniol,106-24-1,IFRA_STD_037,3.8,3.8,típico,Perfumiarz: lista de alérgenos H14107_ALG_04-23.pdf,proveedor,https://perfumiarz.com/products/nerol,2026-10-01,Geraniol 106-24-1 3.800,columna «Total Quantity (% w/w)» (IFF/LMR),aceptada
fig:2433,106-25-2,Nerol,Citronellol,106-22-9,IFRA_STD_022,2.5,2.5,típico,Perfumiarz: lista de alérgenos H14107_ALG_04-23.pdf,proveedor,https://perfumiarz.com/products/nerol,2026-10-01,Citronellol 106-22-9/ 26489-01-0/ 1117-61-9/ 7540-51-4 2.500,columna «Total Quantity (% w/w)» (IFF/LMR),aceptada
fig:638,13877-91-3,"3,7-Dimethyl-1,3,6-octatriene",Linalool,78-70-6,IFRA_STD_187,0.022,0.022,típico,Perfumiarz: lista de alérgenos H15025_ALG_04-24.pdf,proveedor,https://perfumiarz.com/products/ocimene,2026-10-01,Linalool 78-70-6 0.022,columna «Total Quantity (% w/w)» (IFF/LMR),aceptada
fig:638,13877-91-3,"3,7-Dimethyl-1,3,6-octatriene",Limonene,138-86-3,IFRA_STD_186,3,3,típico,Perfumiarz: lista de alérgenos H15025_ALG_04-24.pdf,proveedor,https://perfumiarz.com/products/ocimene,2026-10-01,Limonene 138-86-3/ 5989-27-5/ 5989-54-8/ 7705-14-8 3.000,columna «Total Quantity (% w/w)» (IFF/LMR),aceptada
fig:864,16587-71-6,4-t-Amylcyclohexanone,,,,,,sin-cifra,Perfumiarz: lista de alérgenos H15080_ALG_08-23.pdf,proveedor,https://perfumiarz.com/products/orivone,2026-10-01,,la lista no declara ningún alérgeno con estándar IFRA,sin cifra: no vale cero (§1.2)
fig:2567,68917-05-5,Osmanthus absolute,Benzyl Alcohol,100-51-6,IFRA_STD_008,0.038,0.038,típico,Perfumiarz: lista de alérgenos H15096_ALG_09-22.pdf,proveedor,https://perfumiarz.com/products/osmanthus-absolute,2026-10-01,Benzyl Alcohol 100-51-6 0.038,columna «Content (% w/w) in IFF product»,aceptada
fig:2567,68917-05-5,Osmanthus absolute,Citronellol,106-22-9,IFRA_STD_022,0.032,0.032,típico,Perfumiarz: lista de alérgenos H15096_ALG_09-22.pdf,proveedor,https://perfumiarz.com/products/osmanthus-absolute,2026-10-01,Citronellol 106-22-9 0.032,columna «Content (% w/w) in IFF product»,aceptada
fig:2567,68917-05-5,Osmanthus absolute,Eugenol,97-53-0,IFRA_STD_035,0.048,0.048,típico,Perfumiarz: lista de alérgenos H15096_ALG_09-22.pdf,proveedor,https://perfumiarz.com/products/osmanthus-absolute,2026-10-01,Eugenol 97-53-0 0.048,columna «Content (% w/w) in IFF product»,aceptada
fig:2567,68917-05-5,Osmanthus absolute,Farnesol,4602-84-0,IFRA_STD_036,0.006,0.006,típico,Perfumiarz: lista de alérgenos H15096_ALG_09-22.pdf,proveedor,https://perfumiarz.com/products/osmanthus-absolute,2026-10-01,Farnesol 4602-84-0 0.006,columna «Content (% w/w) in IFF product»,aceptada
fig:2567,68917-05-5,Osmanthus absolute,Geraniol,106-24-1,IFRA_STD_037,0.281,0.281,típico,Perfumiarz: lista de alérgenos H15096_ALG_09-22.pdf,proveedor,https://perfumiarz.com/products/osmanthus-absolute,2026-10-01,Geraniol 106-24-1 0.281,columna «Content (% w/w) in IFF product»,aceptada
fig:2567,68917-05-5,Osmanthus absolute,Limonene,5989-27-5,IFRA_STD_186,0.006,0.006,típico,Perfumiarz: lista de alérgenos H15096_ALG_09-22.pdf,proveedor,https://perfumiarz.com/products/osmanthus-absolute,2026-10-01,Limonene 5989-27-5 0.006,columna «Content (% w/w) in IFF product»,aceptada
fig:2567,68917-05-5,Osmanthus absolute,Linalool,78-70-6,IFRA_STD_187,1.124,1.124,típico,Perfumiarz: lista de alérgenos H15096_ALG_09-22.pdf,proveedor,https://perfumiarz.com/products/osmanthus-absolute,2026-10-01,Linalool 78-70-6 1.124,columna «Content (% w/w) in IFF product»,aceptada
fig:497,92585-24-5,2-Methyl-4-phenylpentanol,,,,,,sin-cifra,Perfumiarz: lista de alérgenos H16020_ALG_11-22.pdf,proveedor,https://perfumiarz.com/products/pamplefleur,2026-10-01,,la lista no declara ningún alérgeno con estándar IFRA,sin cifra: no vale cero (§1.2)
fig:2572,19819-98-8,o-Tolylethanol,,,,,,sin-cifra,Perfumiarz: lista de alérgenos H16050_ALG_01-24.pdf,proveedor,https://perfumiarz.com/products/peomosa,2026-10-01,,la lista no declara ningún alérgeno con estándar IFRA,sin cifra: no vale cero (§1.2)
fig:2078,102-13-6,Isobutyl phenylacetate,Benzaldehyde,100-52-7,IFRA_STD_007,0.023,0.023,típico,Perfumiarz: lista de alérgenos H16110_ALG_03-22.pdf,proveedor,https://perfumiarz.com/products/isobutyl-phenylacetate,2026-10-01,Benzaldehyde 100-52-7 0.023,columna «Total Quantity (% w/w)» (IFF/LMR),aceptada
fig:2097,23787-90-8,Isolongifolene ketone,,,,,,sin-cifra,Perfumiarz: lista de alérgenos H16151_ALG_06-22.pdf,proveedor,https://perfumiarz.com/products/piconia,2026-10-01,,la lista no declara ningún alérgeno con estándar IFRA,sin cifra: no vale cero (§1.2)
fig:2679,67633-94-7,"Phenylacetaldehyde 2,4-dihydroxy-2-methylpentane acetal",Geraniol,106-24-1,IFRA_STD_037,0.1,0.1,típico,Perfumiarz: lista de alérgenos H16195_ALG_01-23_dd8261e7-7fe8-4635-9a1c-558812500e07.pdf,proveedor,https://perfumiarz.com/products/reseda-body,2026-10-01,Geraniol 106-24-1 0.100,columna «Total Quantity (% w/w)» (IFF/LMR),aceptada
fig:2679,67633-94-7,"Phenylacetaldehyde 2,4-dihydroxy-2-methylpentane acetal",Citronellol,106-22-9,IFRA_STD_022,0.1,0.1,típico,Perfumiarz: lista de alérgenos H16195_ALG_01-23_dd8261e7-7fe8-4635-9a1c-558812500e07.pdf,proveedor,https://perfumiarz.com/products/reseda-body,2026-10-01,Citronellol 106-22-9/ 26489-01-0/ 1117-61-9/ 7540-51-4 0.100,columna «Total Quantity (% w/w)» (IFF/LMR),aceptada
fig:2679,67633-94-7,"Phenylacetaldehyde 2,4-dihydroxy-2-methylpentane acetal",Limonene,138-86-3,IFRA_STD_186,0.1,0.1,típico,Perfumiarz: lista de alérgenos H16195_ALG_01-23_dd8261e7-7fe8-4635-9a1c-558812500e07.pdf,proveedor,https://perfumiarz.com/products/reseda-body,2026-10-01,Limonene 138-86-3/ 5989-27-5/ 5989-54-8/ 7705-14-8 0.100,columna «Total Quantity (% w/w)» (IFF/LMR),aceptada
fig:2065,2756-56-1,Isobornyl propionate,,,,,,sin-cifra,Perfumiarz: lista de alérgenos H16240_ALG_04-24.pdf,proveedor,https://perfumiarz.com/products/isobornyl-propionate,2026-10-01,,la lista no declara ningún alérgeno con estándar IFRA,sin cifra: no vale cero (§1.2)
fig:554,3508-98-3,2-Phenylhexanenitrile,,,,,,sin-cifra,Perfumiarz: lista de alérgenos H19070_ALG_04-23.pdf,proveedor,https://perfumiarz.com/products/salicynalva,2026-10-01,,la lista no declara ningún alérgeno con estándar IFRA,sin cifra: no vale cero (§1.2)
fig:2847,1070895-66-7,"Sandalwood oil, rectified",Eugenol,97-53-0,IFRA_STD_035,0.006,0.006,típico,Perfumiarz: lista de alérgenos H19078_ALG_04-24.pdf,proveedor,https://perfumiarz.com/products/sandalwood-oil-new-caledonia,2026-10-01,Eugenol 97-53-0 0.006,columna «Total Quantity (% w/w)» (IFF/LMR),aceptada
fig:2847,1070895-66-7,"Sandalwood oil, rectified",Linalool,78-70-6,IFRA_STD_187,0.004,0.004,típico,Perfumiarz: lista de alérgenos H19078_ALG_04-24.pdf,proveedor,https://perfumiarz.com/products/sandalwood-oil-new-caledonia,2026-10-01,Linalool 78-70-6 0.004,columna «Total Quantity (% w/w)» (IFF/LMR),aceptada
fig:2847,1070895-66-7,"Sandalwood oil, rectified",Citronellol,106-22-9,IFRA_STD_022,0.003,0.003,típico,Perfumiarz: lista de alérgenos H19078_ALG_04-24.pdf,proveedor,https://perfumiarz.com/products/sandalwood-oil-new-caledonia,2026-10-01,Citronellol 106-22-9/ 26489-01-0/ 1117-61-9/ 7540-51-4 0.003,columna «Total Quantity (% w/w)» (IFF/LMR),aceptada
fig:2847,1070895-66-7,"Sandalwood oil, rectified",Limonene,138-86-3,IFRA_STD_186,0.007,0.007,típico,Perfumiarz: lista de alérgenos H19078_ALG_04-24.pdf,proveedor,https://perfumiarz.com/products/sandalwood-oil-new-caledonia,2026-10-01,Limonene 138-86-3/ 5989-27-5/ 5989-54-8/ 7705-14-8 0.007,columna «Total Quantity (% w/w)» (IFF/LMR),aceptada
fig:487,28219-60-5,"2-Methyl-4-(2,2,3-trimethyl-3-cyclopenten-1-yl)-2-buten-1-ol",Tetramethyl Acetyloctahydronaphthalenes,54464-57-2,IFRA_STD_068,0.018,0.018,típico,Perfumiarz: lista de alérgenos H19102_ALG_02-24.pdf,proveedor,https://perfumiarz.com/products/santaliff,2026-10-01,Tetramethyl acetyloctahydronaphthalenes 54464-57-2/ 54464-59-4/ 68155-66-8/ 68155-67-9 0.018,columna «Total Quantity (% w/w)» (IFF/LMR),aceptada
fig:1239,68916-76-7,Bran absolute,Linalool,78-70-6,IFRA_STD_187,0.015,0.015,típico,Perfumiarz: lista de alérgenos H19146_ALG_04-24.pdf,proveedor,https://perfumiarz.com/products/bran-absolute,2026-10-01,Linalool 78-70-6 0.015,columna «Total Quantity (% w/w)» (IFF/LMR),aceptada
fig:1239,68916-76-7,Bran absolute,Benzyl Benzoate,120-51-4,IFRA_STD_009,0.002,0.002,típico,Perfumiarz: lista de alérgenos H19146_ALG_04-24.pdf,proveedor,https://perfumiarz.com/products/bran-absolute,2026-10-01,Benzyl Benzoate 120-51-4 0.002,columna «Total Quantity (% w/w)» (IFF/LMR),aceptada
fig:1239,68916-76-7,Bran absolute,Limonene,138-86-3,IFRA_STD_186,0.006,0.006,típico,Perfumiarz: lista de alérgenos H19146_ALG_04-24.pdf,proveedor,https://perfumiarz.com/products/bran-absolute,2026-10-01,Limonene 138-86-3/ 5989-27-5/ 5989-54-8/ 7705-14-8 0.006,columna «Total Quantity (% w/w)» (IFF/LMR),aceptada
fig:1669,1209-61-6,Dihydroisocaryophyllene epoxide,,,,,,sin-cifra,Perfumiarz: lista de alérgenos H20102_ALG_04-23.pdf,proveedor,https://perfumiarz.com/products/tobacarol,2026-10-01,,la lista no declara ningún alérgeno con estándar IFRA,sin cifra: no vale cero (§1.2)
fig:320,68039-49-6,"2,4-Dimethyl-3-cyclohexen-1-carboxaldehyde",Benzaldehyde,100-52-7,IFRA_STD_007,0.002,0.002,típico,Perfumiarz: lista de alérgenos H20162_ALG_07-24.pdf,proveedor,https://perfumiarz.com/products/triplal,2026-10-01,Benzaldehyde 100-52-7 0.002,columna «Total Quantity (% w/w)» (IFF/LMR),aceptada
fig:202,351343-77-6,"1H-Indene, 2,3,3a,4,5,7a-hexahydro-1,1,2,3,3-pentamethyl-6-(2-propenyl)-",,,,,,sin-cifra,Perfumiarz: lista de alérgenos H20190_ALG_01-24.pdf,proveedor,https://perfumiarz.com/products/trisamber,2026-10-01,,la lista no declara ningún alérgeno con estándar IFRA,sin cifra: no vale cero (§1.2)
ncs:vetiver-oil-all-origins,8016-96-4,Vetiver oil (all origins),Isoeugenol,97-54-1,IFRA_STD_048,0.021,0.021,típico,Perfumiarz: lista de alérgenos H22148_ALG_08-23.pdf,proveedor,https://perfumiarz.com/products/vetiverol-extra,2026-10-01,Isoeugenol 97-54-1/ 5932-68-3/ 5912-86-7 0.021,columna «Total Quantity (% w/w)» (IFF/LMR),aceptada
fig:1590,87731-18-8,Cyclooct-4-en-1-yl methyl carbonate,,,,,,sin-cifra,Perfumiarz: lista de alérgenos H22162_ALG_08-23.pdf,proveedor,https://perfumiarz.com/products/violiff,2026-10-01,,la lista no declara ningún alérgeno con estándar IFRA,sin cifra: no vale cero (§1.2)
fig:1159,89-71-4,"Benzoic acid, 2-methyl-, methyl ester",,,,,,sin-cifra,Perfumiarz: lista de alérgenos H26100_ALG_07-24.pdf,proveedor,https://perfumiarz.com/products/ylanganate,2026-10-01,,la lista no declara ningún alérgeno con estándar IFRA,sin cifra: no vale cero (§1.2)
fig:2502,124-12-9,Octanenitrile,,,,,,sin-cifra,Perfumiarz: lista de alérgenos I01325_ALG_01-24.pdf,proveedor,https://perfumiarz.com/products/octane-nitrile,2026-10-01,,la lista no declara ningún alérgeno con estándar IFRA,sin cifra: no vale cero (§1.2)
fig:1483,7492-67-3,Citronelloxyacetaldehyde,,,,,,sin-cifra,Perfumiarz: lista de alérgenos I03400_ALG_01-24.pdf,proveedor,https://perfumiarz.com/products/citronellyl-oxyacetaldehyde,2026-10-01,,la lista no declara ningún alérgeno con estándar IFRA,sin cifra: no vale cero (§1.2)
tl:7786-67-6,7786-67-6,"Cyclohexanol, 5-methyl-2-(1-methylethenyl)-",,,,,,sin-cifra,Perfumiarz: lista de alérgenos I09140_ALG_03-24.pdf,proveedor,https://perfumiarz.com/products/isopulegol,2026-10-01,,la lista no declara ningún alérgeno con estándar IFRA,sin cifra: no vale cero (§1.2)
fig:1740,2983-37-1,Ethyl 2-ethylhexanoate,,,,,,sin-cifra,Perfumiarz: lista de alérgenos IROTIL_-_IROT1T_-_COSM2_-_2022-10.pdf,proveedor,https://perfumiarz.com/products/irotyl,2026-10-01,,la lista no declara ningún alérgeno con estándar IFRA,sin cifra: no vale cero (§1.2)
fig:2087,97-54-1,Isoeugenol,,,,,,sin-cifra,Perfumiarz: lista de alérgenos ISOE1F_COSM2.pdf,proveedor,https://perfumiarz.com/products/isoeugenol,2026-10-01,,la lista no declara ningún alérgeno con estándar IFRA distinto del propio producto,sin cifra: no vale cero (§1.2)
fig:2622,8006-82-4,"Pepper, black, absolute",Eugenol,97-53-0,IFRA_STD_035,,0.0045,máximo,Perfumiarz: lista de alérgenos Lista_alergenow_Black_Pepper_Absolute.pdf,proveedor,https://perfumiarz.com/products/black-pepper-absolute,2026-10-01,Eugenol - 0.0045% - 0.0045%,"columna «Total» del proveedor (Firmenich: adición directa + indirecta por naturales + indirecta por síntesis), % del producto; las columnas parciales no se usan; emparejada por el nombre del alérgeno (el CAS va en otra línea de la celda)","corregida: Firmenich declara máximos históricos, no típicos"
fig:2622,8006-82-4,"Pepper, black, absolute",Limonene,138-86-3,IFRA_STD_186,,0.3206,máximo,Perfumiarz: lista de alérgenos Lista_alergenow_Black_Pepper_Absolute.pdf,proveedor,https://perfumiarz.com/products/black-pepper-absolute,2026-10-01,Limonene - 0.3206% - 0.3206%,"columna «Total» del proveedor (Firmenich: adición directa + indirecta por naturales + indirecta por síntesis), % del producto; las columnas parciales no se usan; emparejada por el nombre del alérgeno (el CAS va en otra línea de la celda)","corregida: Firmenich declara máximos históricos, no típicos"
fig:2622,8006-82-4,"Pepper, black, absolute",Linalool,78-70-6,IFRA_STD_187,,0.0492,máximo,Perfumiarz: lista de alérgenos Lista_alergenow_Black_Pepper_Absolute.pdf,proveedor,https://perfumiarz.com/products/black-pepper-absolute,2026-10-01,Linalool - 0.0492% - 0.0492%,"columna «Total» del proveedor (Firmenich: adición directa + indirecta por naturales + indirecta por síntesis), % del producto; las columnas parciales no se usan; emparejada por el nombre del alérgeno (el CAS va en otra línea de la celda)","corregida: Firmenich declara máximos históricos, no típicos"
fig:2622,8006-82-4,"Pepper, black, absolute",Benzaldehyde,100-52-7,IFRA_STD_007,,0.0001,máximo,Perfumiarz: lista de alérgenos Lista_alergenow_Black_Pepper_Absolute.pdf,proveedor,https://perfumiarz.com/products/black-pepper-absolute,2026-10-01,Benzaldehyde 3 - 0.0001% - 0.0001%,"columna «Total» del proveedor (Firmenich: adición directa + indirecta por naturales + indirecta por síntesis), % del producto; las columnas parciales no se usan; emparejada por el nombre del alérgeno (el CAS va en otra línea de la celda)","corregida: Firmenich declara máximos históricos, no típicos"
fig:1203,35044-68-9,"beta-1-(2,6,6-Trimethyl-1-cyclohexen-1-yl)-2-buten-1-one",Rose Ketones,23696-85-7,IFRA_STD_077,100,100,típico,Perfumiarz: lista de alérgenos Lista_alergenow_Damascone_Beta_23_08_2026.pdf,proveedor,https://perfumiarz.com/products/damascone-beta,2026-10-01,Rose Ketones 100.000,columna «Total Quantity (% w/w)» (IFF/LMR); emparejada por el nombre del alérgeno (el CAS va en otra línea de la celda),aceptada
fig:1814,121-32-4,Ethyl vanillin,,,,,,sin-cifra,Perfumiarz: lista de alérgenos Lista_alergenow_Ethyl_Vanillin_dystrybutor_ECSA.pdf,proveedor,https://perfumiarz.com/products/ethyl-vannilin,2026-10-01,,la lista no declara ningún alérgeno con estándar IFRA; el documento es una declaración sin cifras («ns: according to amendment (EU) 2023/1545 the above product contains no compounds or allergens of the new list. ECSA GROUP Quality Ass»),sin cifra: no vale cero (§1.2)
fig:464,63500-71-0,2-Isobutyl-4-methyltetrahydro-2H-pyran-4-ol (Pyranol),,,,,,sin-cifra,Perfumiarz: lista de alérgenos Lista_alergenow_Florol.pdf,proveedor,https://perfumiarz.com/products/florol,2026-10-01,,la lista no declara ningún alérgeno con estándar IFRA,sin cifra: no vale cero (§1.2)
fig:2596,5986-55-0,Patchouli alcohol,,,,,,sin-cifra,Perfumiarz: lista de alérgenos Lista_alergenow_Healingwood.pdf,proveedor,https://perfumiarz.com/products/healingwood-indonesia,2026-10-01,,la lista no declara ningún alérgeno con estándar IFRA,sin cifra: no vale cero (§1.2)
fig:92,54464-57-2,"1-(1,2,3,4,5,6,7,8-Octahydro-2,3,8,8-tetramethyl-2-naphthalenyl)ethanone",,,,,,sin-cifra,Perfumiarz: lista de alérgenos Lista_alergenow_Iso_E_Super_BLH_14_04_2023.pdf,proveedor,https://perfumiarz.com/products/iso-e-super,2026-10-01,,la lista no declara ningún alérgeno con estándar IFRA distinto del propio producto,sin cifra: no vale cero (§1.2)
fig:1438,67633-96-9,cis-3-Hexenyl methyl carbonate,,,,,,sin-cifra,Perfumiarz: lista de alérgenos Lista_alergenow_Liffarome.pdf,proveedor,https://perfumiarz.com/products/liffarome_,2026-10-01,,la lista no declara ningún alérgeno con estándar IFRA,sin cifra: no vale cero (§1.2)
fig:321,27606-09-3,"2,4-Dimethyl-4,4a,5,9b-tetrahydroindeno[1,2-d]-1,3-dioxin",,,,,,sin-cifra,Perfumiarz: lista de alérgenos Lista_alergenow_Magnolan.pdf,proveedor,https://perfumiarz.com/products/magnolan,2026-10-01,,la lista no declara ningún alérgeno con estándar IFRA,sin cifra: no vale cero (§1.2)
fig:2364,301-00-8,Methyl linoleate (48%) methyl linolenate (52%) mixture,,,,,,sin-cifra,Perfumiarz: lista de alérgenos Lista_alergenow_Methyl_Linolenate.pdf,proveedor,https://perfumiarz.com/products/methyl-linolenate,2026-10-01,,la lista no declara ningún alérgeno con estándar IFRA; el documento es una declaración sin cifras («0324 SYNAROME certifies that the product LINOLENATE METHYLE does not contain any allergens. »),sin cifra: no vale cero (§1.2)
fig:92,54464-57-2,"1-(1,2,3,4,5,6,7,8-Octahydro-2,3,8,8-tetramethyl-2-naphthalenyl)ethanone",,,,,,sin-cifra,Perfumiarz: lista de alérgenos Lista_alergenow_Orbitone_T.pdf,proveedor,https://perfumiarz.com/products/orbitone_-t,2026-10-01,,la lista no declara ningún alérgeno con estándar IFRA distinto del propio producto,sin cifra: no vale cero (§1.2)
fig:3070,953789-39-4,Vanilla tahitensis CO2 extract,,,,,,sin-cifra,Perfumiarz: lista de alérgenos Lista_alergenow_Vanilla_Tahitensis_SFE.pdf,proveedor,https://perfumiarz.com/products/vanilla-tahitensis-sfe,2026-10-01,,la lista no declara ningún alérgeno con estándar IFRA,sin cifra: no vale cero (§1.2)
fig:2402,81-14-1,Musk ketone,Musk xylene,81-15-2,IFRA_STD_170,0.099,0.099,típico,Perfumiarz: lista de alérgenos MC1H_COSM2.pdf,proveedor,https://perfumiarz.com/products/musk-ketone,2026-10-01,"Musk xylene indirect dans musk ketone (car. 2) 81-15-2 0,0990 %","columna «%» de la declaración PCW, que lista solo lo presente; puede aparecer también fuera de la sección de alérgenos (C.M.R., etc.)",aceptada
fig:359,106-72-9,"2,6-Dimethyl-5-heptenal",,,,,,sin-cifra,Perfumiarz: lista de alérgenos MEL1B_COSM2.pdf,proveedor,https://perfumiarz.com/products/melonal,2026-10-01,,la lista no declara ningún alérgeno con estándar IFRA,sin cifra: no vale cero (§1.2)
fig:2404,123-35-3,Myrcene,Limonene,5989-27-5,IFRA_STD_186,1.5,1.5,típico,Perfumiarz: lista de alérgenos MYRCENE_MYRC1M_COSM2.pdf,proveedor,https://perfumiarz.com/products/myrcene,2026-10-01,"Limonene 5989-27-5 1,5000 %","columna «%» de la declaración PCW, que lista solo lo presente; puede aparecer también fuera de la sección de alérgenos (C.M.R., etc.)",aceptada
fig:866,98-52-2,4-tert-Butylcyclohexanol,p-tert-Butylphenol,98-54-4,IFRA_STD_118,0.01,0.01,típico,Perfumiarz: lista de alérgenos PATCH1E_-_COSM2_-_2025-08.pdf,proveedor,https://perfumiarz.com/products/patchouli-hexanol,2026-10-01,"p-ter-Butylphenol indirect (sto-se3-ri) 98-54-4 0,0100 %","columna «%» de la declaración PCW, que lista solo lo presente; puede aparecer también fuera de la sección de alérgenos (C.M.R., etc.)",aceptada
fig:2777,101-94-0,p-Tolyl phenylacetate,Toluene,108-88-3,IFRA_STD_182,0.064,0.064,típico,Perfumiarz: lista de alérgenos Paracresyl_phenylacetate_-_PPA1G_-_COSM2_-_2020--10.pdf,proveedor,https://perfumiarz.com/products/para-cresyl-phenyl-acetate,2026-10-01,"Toluene résiduel (rep. 2) 108-88-3 0,0640 %","columna «%» de la declaración PCW, que lista solo lo presente; puede aparecer también fuera de la sección de alérgenos (C.M.R., etc.)",aceptada
fig:774,5471-51-2,4-(p-Hydroxyphenyl)-2-butanone,,,,,,sin-cifra,Perfumiarz: lista de alérgenos RASK1N_COSM2.pdf,proveedor,https://perfumiarz.com/products/raspberry-ketone,2026-10-01,,la lista no declara ningún alérgeno con estándar IFRA,sin cifra: no vale cero (§1.2)
fig:3028,90-17-5,Trichloromethyl phenyl carbinyl acetate,Benzaldehyde,100-52-7,IFRA_STD_007,0.005,0.005,típico,Perfumiarz: lista de alérgenos ROS1T_COSM2.pdf,proveedor,https://perfumiarz.com/products/rose-crystals,2026-10-01,"Benzaldehyde 100-52-7 0,0050 %","columna «%» de la declaración PCW, que lista solo lo presente; puede aparecer también fuera de la sección de alérgenos (C.M.R., etc.)",aceptada
fig:350,116-26-7,"2,6,6-Trimethylcyclohexa-1,3-dienyl methanal",,,,,,sin-cifra,Perfumiarz: lista de alérgenos SAFRANAL_SAFR1A_COSM2.pdf,proveedor,https://perfumiarz.com/products/safranal-20-tec,2026-10-01,,la lista no declara ningún alérgeno con estándar IFRA,sin cifra: no vale cero (§1.2)
fig:2466,128-51-8,Nopyl acetate,,,,,,sin-cifra,Perfumiarz: lista de alérgenos T01180_ALG_11-23.pdf,proveedor,https://perfumiarz.com/products/nopyl-acetate,2026-10-01,,la lista no declara ningún alérgeno con estándar IFRA,sin cifra: no vale cero (§1.2)
fig:2950,8007-35-0,Terpinyl acetate (Isomer mixture),Limonene,138-86-3,IFRA_STD_186,,0.8782,máximo,Perfumiarz: lista de alérgenos T01220_ALG_11-23.pdf,proveedor,https://perfumiarz.com/products/terpinyl-acetate,2026-10-01,Limonene - - 0.8782% 0.8782%,"columna «Total» del proveedor (Firmenich: adición directa + indirecta por naturales + indirecta por síntesis), % del producto; las columnas parciales no se usan; emparejada por el nombre del alérgeno (el CAS va en otra línea de la celda)","corregida: Firmenich declara máximos históricos, no típicos"
fig:1218,127-91-3,beta-Pinene,Limonene,138-86-3,IFRA_STD_186,,0.1,máximo,Perfumiarz: lista de alérgenos T02150_ALG_02-24.pdf,proveedor,https://perfumiarz.com/products/beta-pinene,2026-10-01,Limonene - 0.1000% - 0.1000%,"columna «Total» del proveedor (Firmenich: adición directa + indirecta por naturales + indirecta por síntesis), % del producto; las columnas parciales no se usan; emparejada por el nombre del alérgeno (el CAS va en otra línea de la celda)","corregida: Firmenich declara máximos históricos, no típicos"
fig:1640,13466-78-9,delta-3-Carene,,,,,,sin-cifra,Perfumiarz: lista de alérgenos T04200_ALG_04-25.pdf,proveedor,https://perfumiarz.com/products/delta-3-carene,2026-10-01,,la lista no declara ningún alérgeno con estándar IFRA,sin cifra: no vale cero (§1.2)
fig:1672,18479-58-8,Dihydromyrcenol,,,,,,sin-cifra,Perfumiarz: lista de alérgenos T04300_ALG_02-24.pdf,proveedor,https://perfumiarz.com/products/dihydromyrcenol,2026-10-01,,la lista no declara ningún alérgeno con estándar IFRA,sin cifra: no vale cero (§1.2)
fig:273,60047-17-8,2-(Tetrahydro-5-methyl-5-vinyl-2-furyl)propan-2-ol,Linalool,78-70-6,IFRA_STD_187,,0.044,máximo,Perfumiarz: lista de alérgenos T15900_ALG_02-24.pdf,proveedor,https://perfumiarz.com/products/linalyl-oxide,2026-10-01,Linalool - - 0.0440% 0.0440%,"columna «Total» del proveedor (Firmenich: adición directa + indirecta por naturales + indirecta por síntesis), % del producto; las columnas parciales no se usan; emparejada por el nombre del alérgeno (el CAS va en otra línea de la celda)","corregida: Firmenich declara máximos históricos, no típicos"
fig:92,54464-57-2,"1-(1,2,3,4,5,6,7,8-Octahydro-2,3,8,8-tetramethyl-2-naphthalenyl)ethanone",,,,,,sin-cifra,Perfumiarz: lista de alérgenos T19950_ALG_11-23.pdf,proveedor,https://perfumiarz.com/products/sylvamber-2,2026-10-01,,la lista no declara ningún alérgeno con estándar IFRA distinto del propio producto,sin cifra: no vale cero (§1.2)
fig:114,1506-02-1,"1-(5,6,7,8-Tetrahydro-3,5,5,6,8,8-hexamethyl-2-naphthyl)ethan-1-one (Fixolid)","5-Acetyl-1,1,2,3,3,6-hexamethylindan",15323-35-0,IFRA_STD_085,1,1,típico,Perfumiarz: lista de alérgenos TOD2P_COSM2.pdf,proveedor,https://perfumiarz.com/products/tonalid,2026-10-01,"5-Acetyl-1,1,2,3,3,6-hexamethylindan (Phantolide) 15323-35-0 1,0000 %","columna «%» de la declaración PCW, que lista solo lo presente; puede aparecer también fuera de la sección de alérgenos (C.M.R., etc.)",aceptada
fig:211,52474-60-9,1-Methyl-3-(4-methyl-3-pentenyl)cyclohex-3-ene-1-carbaldehyde,,,,,,sin-cifra,Perfumiarz: lista de alérgenos V00050_ALG_07-23.pdf,proveedor,https://perfumiarz.com/products/precyclemone-b,2026-10-01,,las demás cifras son «< límite de cuantificación» (59); la lista no declara ningún alérgeno con estándar IFRA,sin cifra: no vale cero (§1.2)
fig:2453,557-48-2,Nona-2-trans-6-cis-dienal,,,,,,sin-cifra,Perfumiarz: lista de alérgenos V00050_ALG_07-23_7877deef-98b1-4774-b5db-97806cd66288.pdf,proveedor,https://perfumiarz.com/products/cucumber-aldehyde,2026-10-01,,las demás cifras son «< límite de cuantificación» (59); la lista no declara ningún alérgeno con estándar IFRA,sin cifra: no vale cero (§1.2)
fig:636,76649-25-7,"3,6-Nonadien-1-ol",,,,,,sin-cifra,Perfumiarz: lista de alérgenos V00133_ALG_07-23.pdf,proveedor,https://perfumiarz.com/products/orrisol,2026-10-01,,las demás cifras son «< límite de cuantificación» (59); la lista no declara ningún alérgeno con estándar IFRA,sin cifra: no vale cero (§1.2)
fig:259,68133-79-9,"2-(3,7-Dimethyl-2,6-octadienyl)cyclopentanone",Rose Ketones,23726-91-2,IFRA_STD_077,0.0282,0.0282,típico,Perfumiarz: lista de alérgenos V01060_ALG_08-23.pdf,proveedor,https://perfumiarz.com/products/apritone,2026-10-01,282 ppm Damascone beta (E) was reported to be present,"cifra tomada del texto de la declaración, no de una tabla; cifra en ppm convertida a % (/10000)",aceptada
fig:259,68133-79-9,"2-(3,7-Dimethyl-2,6-octadienyl)cyclopentanone",Linalool,78-70-6,IFRA_STD_187,,0.005,máximo,Perfumiarz: lista de alérgenos V01060_ALG_08-23.pdf,proveedor,https://perfumiarz.com/products/apritone,2026-10-01,"less than the detection limit but known impurity, up to 50 ppm (0.005%)","cifra tomada del texto de la declaración, no de una tabla; límite de especificación del proveedor para una impureza conocida (la lista no trae medida), no un valor medido",aceptada
fig:259,68133-79-9,"2-(3,7-Dimethyl-2,6-octadienyl)cyclopentanone",Geraniol,106-24-1,IFRA_STD_037,,0.006,máximo,Perfumiarz: lista de alérgenos V01060_ALG_08-23.pdf,proveedor,https://perfumiarz.com/products/apritone,2026-10-01,"less than the detection limit but known impurity, up to 60 ppm (0.006%)","cifra tomada del texto de la declaración, no de una tabla; límite de especificación del proveedor para una impureza conocida (la lista no trae medida), no un valor medido",aceptada
fig:932,62439-41-2,"6-Methoxy-2,6-dimethylheptan-1-al",,,,,,sin-cifra,Perfumiarz: lista de alérgenos V01064_ALG_07-23.pdf,proveedor,https://perfumiarz.com/products/aquaflor,2026-10-01,,las demás cifras son «< límite de cuantificación» (59); la lista no declara ningún alérgeno con estándar IFRA,sin cifra: no vale cero (§1.2)
fig:1425,3681-71-8,cis-3-Hexen-1-yl acetate,,,,,,sin-cifra,Perfumiarz: lista de alérgenos V03026_ALG_05-24.pdf,proveedor,https://perfumiarz.com/products/cis-3-hexenyl-acetate,2026-10-01,,las demás cifras son «< límite de cuantificación» (66); la lista no declara ningún alérgeno con estándar IFRA,sin cifra: no vale cero (§1.2)
fig:1448,21662-09-9,cis-4-Decen-1-al,,,,,,sin-cifra,Perfumiarz: lista de alérgenos V03080_ALG_07-23.pdf,proveedor,https://perfumiarz.com/products/cardamom-aldehyde-10-dpg,2026-10-01,,las demás cifras son «< límite de cuantificación» (59); la lista no declara ningún alérgeno con estándar IFRA,sin cifra: no vale cero (§1.2)
fig:2583,1195-32-0,"p,alpha-Dimethylstyrene",,,,,,sin-cifra,Perfumiarz: lista de alérgenos V04020_ALG_05-24.pdf,proveedor,https://perfumiarz.com/products/habanene,2026-10-01,,las demás cifras son «< límite de cuantificación» (66); la lista no declara ningún alérgeno con estándar IFRA,sin cifra: no vale cero (§1.2)
fig:1760,2305-25-1,Ethyl 3-hydroxyhexanoate,,,,,,sin-cifra,Perfumiarz: lista de alérgenos V05025_ALG_06-21.pdf,proveedor,https://perfumiarz.com/products/ethyl-3-hydroxy-hexanoate,2026-10-01,,"la lista no declara ningún alérgeno con estándar IFRA; el documento es una declaración sin cifras («YDROXY HEXANOATE in house. However, the material itself has no correlation/relation with the listed 26+ fragrance allergens: Amyl cinnamic »)",sin cifra: no vale cero (§1.2)
fig:1047,502-61-4,alpha-Farnesene,,,,,,sin-cifra,Perfumiarz: lista de alérgenos V06010_ALG_07-23.pdf,proveedor,https://perfumiarz.com/products/farnesene,2026-10-01,,las demás cifras son «< límite de cuantificación» (59); la lista no declara ningún alérgeno con estándar IFRA,sin cifra: no vale cero (§1.2)
fig:1888,706-14-9,gamma-Decalactone,,,,,,sin-cifra,Perfumiarz: lista de alérgenos V07010_ALG_05-24.pdf,proveedor,https://perfumiarz.com/products/gamma-decalactone,2026-10-01,,las demás cifras son «< límite de cuantificación» (66); la lista no declara ningún alérgeno con estándar IFRA,sin cifra: no vale cero (§1.2)
fig:1895,104-50-7,gamma-Octalactone,,,,,,sin-cifra,Perfumiarz: lista de alérgenos V07030_ALG_01-08.pdf,proveedor,https://perfumiarz.com/products/gamma-octalactone,2026-10-01,,las demás cifras son «< límite de cuantificación» (27); la lista no declara ningún alérgeno con estándar IFRA,sin cifra: no vale cero (§1.2)
fig:872,70851-61-5,5-(cis-3-Hexenyl)dihydro-5-methyl-2(3H)furanone,,,,,,sin-cifra,Perfumiarz: lista de alérgenos V12010_ALG_12-23.pdf,proveedor,https://perfumiarz.com/products/lactone-of-cis-jasmone,2026-10-01,,las demás cifras son «< límite de cuantificación» (59); la lista no declara ningún alérgeno con estándar IFRA,sin cifra: no vale cero (§1.2)
tl:189440-77-5,189440-77-5,"4,7-Octadienoic acid, methyl ester, (4E)-",,,,,,sin-cifra,Perfumiarz: lista de alérgenos V13029_ALG_11-23.pdf,proveedor,https://perfumiarz.com/products/methyl-anjoulate,2026-10-01,,"la lista no declara ningún alérgeno con estándar IFRA; el documento es una declaración sin cifras («ROPICAL DIENOATE in house. However, the material itself has no correlation/relation with the listed 26+ fragrance allergens: Amyl cinnamic »)",sin cifra: no vale cero (§1.2)
fig:2320,111-80-8,Methyl 2-nonynoate,Methyl 2-octynoate,111-12-6,IFRA_STD_062,,0.25,máximo,Perfumiarz: lista de alérgenos V13078_ALG_10-24.pdf,proveedor,https://perfumiarz.com/products/methyl-octyne-carbonate,2026-10-01,relation to the fragrance allergen Methyl 2-Octynoate (CAS# 111-12-6). Bedoukian QC will report and limit this impurity to a maximum content of 0.25%,"cifra tomada del texto de la declaración, no de una tabla; límite de especificación del proveedor para una impureza conocida (la lista no trae medida), no un valor medido",aceptada
fig:2615,26516-27-8,"Pentanoic acid, 3-methyl-2-oxo-, ethyl ester",,,,,,sin-cifra,Perfumiarz: lista de alérgenos V14850_ALG_08-23.pdf,proveedor,https://perfumiarz.com/products/nuezate,2026-10-01,,las demás cifras son «< límite de cuantificación» (59); la lista no declara ningún alérgeno con estándar IFRA,sin cifra: no vale cero (§1.2)
fig:367,67019-89-0,"2,6-Nonadienenitrile",,,,,,sin-cifra,Perfumiarz: lista de alérgenos V22100_ALG_01-23.pdf,proveedor,https://perfumiarz.com/products/vionil-10-dpg,2026-10-01,,las demás cifras son «< límite de cuantificación» (59); la lista no declara ningún alérgeno con estándar IFRA,sin cifra: no vale cero (§1.2)
fig:2454,124-19-6,Nonanal,,,,,,sin-cifra,Perfumiarz: lista de alérgenos W01032_ALG_09-23.pdf,proveedor,https://perfumiarz.com/products/aldehyde-c9-nonanal,2026-10-01,,la lista no declara ningún alérgeno con estándar IFRA,sin cifra: no vale cero (§1.2)
fig:524,110-41-8,2-Methylundecanal,,,,,,sin-cifra,Perfumiarz: lista de alérgenos W01035_ALG_08-23.pdf,proveedor,https://perfumiarz.com/products/aldehyde-c12-mna,2026-10-01,,la lista no declara ningún alérgeno con estándar IFRA,sin cifra: no vale cero (§1.2)
fig:944,28940-11-6,"7-Methyl-2H-benzo-1,5-dioxepin-3(4H)-one",,,,,,sin-cifra,Perfumiarz: lista de alérgenos W03003_ALG_08-23.pdf,proveedor,https://perfumiarz.com/products/calone,2026-10-01,,la lista no declara ningún alérgeno con estándar IFRA,sin cifra: no vale cero (§1.2)
fig:493,103-05-9,2-Methyl-4-phenyl-2-butanol,,,,,,sin-cifra,Perfumiarz: lista de alérgenos W03005_ALG_08-23.pdf,proveedor,https://perfumiarz.com/products/dimethyl-phenyl-ethyl-carbinol,2026-10-01,,la lista no declara ningún alérgeno con estándar IFRA,sin cifra: no vale cero (§1.2)
fig:437,950919-28-5,"2H-1,5-Benzodioxepin-3(4H)-one, 7-(1-methylethyl)-",,,,,,sin-cifra,Perfumiarz: lista de alérgenos W03021_ALG_08-23.pdf,proveedor,https://perfumiarz.com/products/cascalone,2026-10-01,,la lista no declara ningún alérgeno con estándar IFRA,sin cifra: no vale cero (§1.2)
fig:2510,1450625-49-6,"Oils, Patchouli, patchoulol synthase-modified Saccharomyces cerevisiae-fermented,",Farnesol,4602-84-0,IFRA_STD_036,,0.2,máximo,Perfumiarz: lista de alérgenos W03207_ALG_10-23.pdf,proveedor,https://perfumiarz.com/products/clearwood,2026-10-01,Farnesol - 0.2000% - 0.2000%,"columna «Total» del proveedor (Firmenich: adición directa + indirecta por naturales + indirecta por síntesis), % del producto; las columnas parciales no se usan; emparejada por el nombre del alérgeno (el CAS va en otra línea de la celda)","corregida: Firmenich declara máximos históricos, no típicos"
fig:2596,5986-55-0,Patchouli alcohol,,,,,,sin-cifra,Perfumiarz: lista de alérgenos W03208_ALG_07-24.pdf,proveedor,https://perfumiarz.com/products/clearwood_-prisma,2026-10-01,,la lista no declara ningún alérgeno con estándar IFRA,sin cifra: no vale cero (§1.2)
fig:811,83926-73-2,4-Cyclohexyl-2-methyl-2-butanol,,,,,,sin-cifra,Perfumiarz: lista de alérgenos W03218_ALG_08-23.pdf,proveedor,https://perfumiarz.com/products/coranol,2026-10-01,,la lista no declara ningún alérgeno con estándar IFRA,sin cifra: no vale cero (§1.2)
tl:natural-hickory-smoke-flavor,74113-74-9,Natural Hickory Smoke Flavor,Benzyl Alcohol,100-51-6,IFRA_STD_008,,0.0012,máximo,Perfumiarz: lista de alérgenos W03267_ALG_01-24.pdf,proveedor,https://perfumiarz.com/products/cuir-md,2026-10-01,Benzyl Alcohol - 0.0012% - 0.0012%,"columna «Total» del proveedor (Firmenich: adición directa + indirecta por naturales + indirecta por síntesis), % del producto; las columnas parciales no se usan; emparejada por el nombre del alérgeno (el CAS va en otra línea de la celda)","corregida: Firmenich declara máximos históricos, no típicos"
tl:natural-hickory-smoke-flavor,74113-74-9,Natural Hickory Smoke Flavor,Cinnamal,104-55-2,IFRA_STD_018,,0.0179,máximo,Perfumiarz: lista de alérgenos W03267_ALG_01-24.pdf,proveedor,https://perfumiarz.com/products/cuir-md,2026-10-01,Cinnamal - 0.0179% - 0.0179%,"columna «Total» del proveedor (Firmenich: adición directa + indirecta por naturales + indirecta por síntesis), % del producto; las columnas parciales no se usan; emparejada por el nombre del alérgeno (el CAS va en otra línea de la celda)","corregida: Firmenich declara máximos históricos, no típicos"
tl:natural-hickory-smoke-flavor,74113-74-9,Natural Hickory Smoke Flavor,Coumarin,91-64-5,IFRA_STD_023,,0.003,máximo,Perfumiarz: lista de alérgenos W03267_ALG_01-24.pdf,proveedor,https://perfumiarz.com/products/cuir-md,2026-10-01,Coumarin - 0.0030% - 0.0030%,"columna «Total» del proveedor (Firmenich: adición directa + indirecta por naturales + indirecta por síntesis), % del producto; las columnas parciales no se usan; emparejada por el nombre del alérgeno (el CAS va en otra línea de la celda)","corregida: Firmenich declara máximos históricos, no típicos"
tl:natural-hickory-smoke-flavor,74113-74-9,Natural Hickory Smoke Flavor,Eugenol,97-53-0,IFRA_STD_035,,0.1377,máximo,Perfumiarz: lista de alérgenos W03267_ALG_01-24.pdf,proveedor,https://perfumiarz.com/products/cuir-md,2026-10-01,Eugenol - 0.1377% - 0.1377%,"columna «Total» del proveedor (Firmenich: adición directa + indirecta por naturales + indirecta por síntesis), % del producto; las columnas parciales no se usan; emparejada por el nombre del alérgeno (el CAS va en otra línea de la celda)","corregida: Firmenich declara máximos históricos, no típicos"
tl:natural-hickory-smoke-flavor,74113-74-9,Natural Hickory Smoke Flavor,Isoeugenol,5932-68-3,IFRA_STD_048,,0.3327,máximo,Perfumiarz: lista de alérgenos W03267_ALG_01-24.pdf,proveedor,https://perfumiarz.com/products/cuir-md,2026-10-01,Isoeugenol - 0.3327% - 0.3327%,"columna «Total» del proveedor (Firmenich: adición directa + indirecta por naturales + indirecta por síntesis), % del producto; las columnas parciales no se usan; emparejada por el nombre del alérgeno (el CAS va en otra línea de la celda)","corregida: Firmenich declara máximos históricos, no típicos"
tl:natural-hickory-smoke-flavor,74113-74-9,Natural Hickory Smoke Flavor,Benzaldehyde,100-52-7,IFRA_STD_007,,0.0014,máximo,Perfumiarz: lista de alérgenos W03267_ALG_01-24.pdf,proveedor,https://perfumiarz.com/products/cuir-md,2026-10-01,Benzaldehyde 3 - 0.0014% - 0.0014%,"columna «Total» del proveedor (Firmenich: adición directa + indirecta por naturales + indirecta por síntesis), % del producto; las columnas parciales no se usan; emparejada por el nombre del alérgeno (el CAS va en otra línea de la celda)","corregida: Firmenich declara máximos históricos, no típicos"
fig:583,15760-18-6,3-(4-Methyl-3-cyclohexenyl)butanol,Limonene,138-86-3,IFRA_STD_186,,0.01,máximo,Perfumiarz: lista de alérgenos W03280_ALG_03-24.pdf,proveedor,https://perfumiarz.com/products/cyclomethyle-citronellol,2026-10-01,Limonene - - 0.0100% 0.0100%,"columna «Total» del proveedor (Firmenich: adición directa + indirecta por naturales + indirecta por síntesis), % del producto; las columnas parciales no se usan; emparejada por el nombre del alérgeno (el CAS va en otra línea de la celda)","corregida: Firmenich declara máximos históricos, no típicos"
fig:2021,107-75-5,Hydroxycitronellal,,,,,,sin-cifra,Perfumiarz: lista de alérgenos W03300_ALG_01-24.pdf,proveedor,https://perfumiarz.com/products/cyclosia,2026-10-01,,la lista no declara ningún alérgeno con estándar IFRA distinto del propio producto,sin cifra: no vale cero (§1.2)
fig:103,23696-85-7,"1-(2,6,6-Trimethylcyclohexa-1,3-dienyl)-2-buten-1-one",,,,,,sin-cifra,Perfumiarz: lista de alérgenos W04040_ALG_04-21.pdf,proveedor,https://perfumiarz.com/products/damascenone,2026-10-01,,la lista no declara ningún alérgeno con estándar IFRA,sin cifra: no vale cero (§1.2)
fig:43,24720-09-0,"(E)-1-(2,6,6-Trimethyl-2-cyclohexen-1-yl)-2-buten-1-one",,,,,,sin-cifra,Perfumiarz: lista de alérgenos W04060_ALG_08-23.pdf,proveedor,https://perfumiarz.com/products/damascone-alpha,2026-10-01,,la lista no declara ningún alérgeno con estándar IFRA distinto del propio producto,sin cifra: no vale cero (§1.2)
fig:543,84560-00-9,2-Pentylcyclopentan-1-ol,,,,,,sin-cifra,Perfumiarz: lista de alérgenos W04098_ALG_09-23.pdf,proveedor,https://perfumiarz.com/products/delphol-hc,2026-10-01,,la lista no declara ningún alérgeno con estándar IFRA,sin cifra: no vale cero (§1.2)
fig:2745,104-45-0,p-Propylanisole,,,,,,sin-cifra,Perfumiarz: lista de alérgenos W04111_ALG_07-24.pdf,proveedor,https://perfumiarz.com/products/dihydroestragole-rc,2026-10-01,,la lista no declara ningún alérgeno con estándar IFRA,sin cifra: no vale cero (§1.2)
fig:2526,106-02-5,omega-Pentadecalactone,,,,,,sin-cifra,Perfumiarz: lista de alérgenos W05100_ALG_02-25.pdf,proveedor,https://perfumiarz.com/products/exaltolide-50-dpg,2026-10-01,,la lista no declara ningún alérgeno con estándar IFRA,sin cifra: no vale cero (§1.2)
fig:1591,502-72-7,Cyclopentadecanone,,,,,,sin-cifra,Perfumiarz: lista de alérgenos W05200_ALG_10-24.pdf,proveedor,https://perfumiarz.com/products/exaltone,2026-10-01,,la lista no declara ningún alérgeno con estándar IFRA,sin cifra: no vale cero (§1.2)
fig:488,104864-90-6,"2-Methyl-4-(2,2,3-trimethyl-3-cyclopenten-1-yl)-4-penten-1-ol",,,,,,sin-cifra,Perfumiarz: lista de alérgenos W06053_ALG_06-21.pdf,proveedor,https://perfumiarz.com/products/firsantol,2026-10-01,,la lista no declara ningún alérgeno con estándar IFRA,sin cifra: no vale cero (§1.2)
tl:hierochloe-alpina-absolute,92128-62-6,Hierochloe alpina absolute,,,,,,sin-cifra,Perfumiarz: lista de alérgenos W06127_ALG_01-25.pdf,proveedor,https://perfumiarz.com/products/hay-absolute-hierochloe-alpina,2026-10-01,,la lista no declara ningún alérgeno con estándar IFRA,sin cifra: no vale cero (§1.2)
fig:1650,72903-27-6,"Diethyl 1,4-cyclohexane dicarboxylate",,,,,,sin-cifra,Perfumiarz: lista de alérgenos W06187_ALG_09-23.pdf,proveedor,https://perfumiarz.com/products/fructalate,2026-10-01,,la lista no declara ningún alérgeno con estándar IFRA,sin cifra: no vale cero (§1.2)
fig:304,300371-33-9,"2,3-Dihydro-1,1-dimethyl-1H-indene-ar-propanal",,,,,,sin-cifra,Perfumiarz: lista de alérgenos W08400_ALG_02-25.pdf,proveedor,https://perfumiarz.com/products/hivernal-neo,2026-10-01,,la lista no declara ningún alérgeno con estándar IFRA,sin cifra: no vale cero (§1.2)
fig:2357,1335-46-2,Methyl ionone (mixture of isomers),Alpha-Isomethyl Ionone,127-51-5,IFRA_STD_063,,52,máximo,Perfumiarz: lista de alérgenos W09020_ALG_05-22.pdf,proveedor,https://perfumiarz.com/products/iralia-classic,2026-10-01,Alpha-Isomethyl-ionone 52.0000% - - 52.0000%,"columna «Total» del proveedor (Firmenich: adición directa + indirecta por naturales + indirecta por síntesis), % del producto; las columnas parciales no se usan; emparejada por el nombre del alérgeno (el CAS va en otra línea de la celda)","corregida: Firmenich declara máximos históricos, no típicos"
fig:260,92015-65-1,"2(3H)-Benzofuranone, hexahydro-3,6-dimethyl-",,,,,,sin-cifra,Perfumiarz: lista de alérgenos W11150_ALG_01-25.pdf,proveedor,https://perfumiarz.com/products/koumalactone-10-tec,2026-10-01,,la lista no declara ningún alérgeno con estándar IFRA,sin cifra: no vale cero (§1.2)
cas:5502-75-0,5502-75-0,"cis,trans-4-(Isopropyl)cyclohexanemethanol",,,,,,sin-cifra,Perfumiarz: lista de alérgenos W13040_ALG_09-23.pdf,proveedor,https://perfumiarz.com/products/mayol,2026-10-01,,la lista no declara ningún alérgeno con estándar IFRA,sin cifra: no vale cero (§1.2)
fig:2276,68916-96-1,Mate absolute,Benzyl Alcohol,100-51-6,IFRA_STD_008,,0.008,máximo,Perfumiarz: lista de alérgenos W13044_ALG_09-23.pdf,proveedor,https://perfumiarz.com/products/mate-absolute,2026-10-01,Benzyl Alcohol - 0.0080% - 0.0080%,"columna «Total» del proveedor (Firmenich: adición directa + indirecta por naturales + indirecta por síntesis), % del producto; las columnas parciales no se usan; emparejada por el nombre del alérgeno (el CAS va en otra línea de la celda)","corregida: Firmenich declara máximos históricos, no típicos"
fig:2276,68916-96-1,Mate absolute,Benzyl Benzoate,120-51-4,IFRA_STD_009,,0.0036,máximo,Perfumiarz: lista de alérgenos W13044_ALG_09-23.pdf,proveedor,https://perfumiarz.com/products/mate-absolute,2026-10-01,Benzyl Benzoate - 0.0036% - 0.0036%,"columna «Total» del proveedor (Firmenich: adición directa + indirecta por naturales + indirecta por síntesis), % del producto; las columnas parciales no se usan; emparejada por el nombre del alérgeno (el CAS va en otra línea de la celda)","corregida: Firmenich declara máximos históricos, no típicos"
fig:2276,68916-96-1,Mate absolute,Benzyl Salicylate,118-58-1,IFRA_STD_011,,0.0047,máximo,Perfumiarz: lista de alérgenos W13044_ALG_09-23.pdf,proveedor,https://perfumiarz.com/products/mate-absolute,2026-10-01,Benzyl Salicylate - 0.0047% - 0.0047%,"columna «Total» del proveedor (Firmenich: adición directa + indirecta por naturales + indirecta por síntesis), % del producto; las columnas parciales no se usan; emparejada por el nombre del alérgeno (el CAS va en otra línea de la celda)","corregida: Firmenich declara máximos históricos, no típicos"
fig:2276,68916-96-1,Mate absolute,Citral,106-26-3,IFRA_STD_021,,0.0084,máximo,Perfumiarz: lista de alérgenos W13044_ALG_09-23.pdf,proveedor,https://perfumiarz.com/products/mate-absolute,2026-10-01,Citral - 0.0084% - 0.0084%,"columna «Total» del proveedor (Firmenich: adición directa + indirecta por naturales + indirecta por síntesis), % del producto; las columnas parciales no se usan; emparejada por el nombre del alérgeno (el CAS va en otra línea de la celda)","corregida: Firmenich declara máximos históricos, no típicos"
fig:2276,68916-96-1,Mate absolute,Coumarin,91-64-5,IFRA_STD_023,,0.008,máximo,Perfumiarz: lista de alérgenos W13044_ALG_09-23.pdf,proveedor,https://perfumiarz.com/products/mate-absolute,2026-10-01,Coumarin - 0.0080% - 0.0080%,"columna «Total» del proveedor (Firmenich: adición directa + indirecta por naturales + indirecta por síntesis), % del producto; las columnas parciales no se usan; emparejada por el nombre del alérgeno (el CAS va en otra línea de la celda)","corregida: Firmenich declara máximos históricos, no típicos"
fig:2276,68916-96-1,Mate absolute,Eugenol,97-53-0,IFRA_STD_035,,0.0117,máximo,Perfumiarz: lista de alérgenos W13044_ALG_09-23.pdf,proveedor,https://perfumiarz.com/products/mate-absolute,2026-10-01,Eugenol - 0.0117% - 0.0117%,"columna «Total» del proveedor (Firmenich: adición directa + indirecta por naturales + indirecta por síntesis), % del producto; las columnas parciales no se usan; emparejada por el nombre del alérgeno (el CAS va en otra línea de la celda)","corregida: Firmenich declara máximos históricos, no típicos"
fig:2276,68916-96-1,Mate absolute,Geraniol,106-24-1,IFRA_STD_037,,0.006,máximo,Perfumiarz: lista de alérgenos W13044_ALG_09-23.pdf,proveedor,https://perfumiarz.com/products/mate-absolute,2026-10-01,Geraniol - 0.0060% - 0.0060%,"columna «Total» del proveedor (Firmenich: adición directa + indirecta por naturales + indirecta por síntesis), % del producto; las columnas parciales no se usan; emparejada por el nombre del alérgeno (el CAS va en otra línea de la celda)","corregida: Firmenich declara máximos históricos, no típicos"
fig:2276,68916-96-1,Mate absolute,Isoeugenol,5932-68-3,IFRA_STD_048,,0.0129,máximo,Perfumiarz: lista de alérgenos W13044_ALG_09-23.pdf,proveedor,https://perfumiarz.com/products/mate-absolute,2026-10-01,Isoeugenol - 0.0129% - 0.0129%,"columna «Total» del proveedor (Firmenich: adición directa + indirecta por naturales + indirecta por síntesis), % del producto; las columnas parciales no se usan; emparejada por el nombre del alérgeno (el CAS va en otra línea de la celda)","corregida: Firmenich declara máximos históricos, no típicos"
fig:2276,68916-96-1,Mate absolute,Limonene,138-86-3,IFRA_STD_186,,0.0036,máximo,Perfumiarz: lista de alérgenos W13044_ALG_09-23.pdf,proveedor,https://perfumiarz.com/products/mate-absolute,2026-10-01,Limonene - 0.0036% - 0.0036%,"columna «Total» del proveedor (Firmenich: adición directa + indirecta por naturales + indirecta por síntesis), % del producto; las columnas parciales no se usan; emparejada por el nombre del alérgeno (el CAS va en otra línea de la celda)","corregida: Firmenich declara máximos históricos, no típicos"
fig:2276,68916-96-1,Mate absolute,Linalool,78-70-6,IFRA_STD_187,,0.012,máximo,Perfumiarz: lista de alérgenos W13044_ALG_09-23.pdf,proveedor,https://perfumiarz.com/products/mate-absolute,2026-10-01,Linalool - 0.0120% - 0.0120%,"columna «Total» del proveedor (Firmenich: adición directa + indirecta por naturales + indirecta por síntesis), % del producto; las columnas parciales no se usan; emparejada por el nombre del alérgeno (el CAS va en otra línea de la celda)","corregida: Firmenich declara máximos históricos, no típicos"
fig:2276,68916-96-1,Mate absolute,Benzaldehyde,100-52-7,IFRA_STD_007,,0.0036,máximo,Perfumiarz: lista de alérgenos W13044_ALG_09-23.pdf,proveedor,https://perfumiarz.com/products/mate-absolute,2026-10-01,Benzaldehyde 3 - 0.0036% - 0.0036%,"columna «Total» del proveedor (Firmenich: adición directa + indirecta por naturales + indirecta por síntesis), % del producto; las columnas parciales no se usan; emparejada por el nombre del alérgeno (el CAS va en otra línea de la celda)","corregida: Firmenich declara máximos históricos, no típicos"
fig:2276,68916-96-1,Mate absolute,Carvone,2244-16-8,IFRA_STD_016,,0.0032,máximo,Perfumiarz: lista de alérgenos W13044_ALG_09-23.pdf,proveedor,https://perfumiarz.com/products/mate-absolute,2026-10-01,Carvone 3 - 0.0032% - 0.0032%,"columna «Total» del proveedor (Firmenich: adición directa + indirecta por naturales + indirecta por síntesis), % del producto; las columnas parciales no se usan; emparejada por el nombre del alérgeno (el CAS va en otra línea de la celda)","corregida: Firmenich declara máximos históricos, no típicos"
fig:2276,68916-96-1,Mate absolute,Rose Ketones,23696-85-7,IFRA_STD_077,,0.0048,máximo,Perfumiarz: lista de alérgenos W13044_ALG_09-23.pdf,proveedor,https://perfumiarz.com/products/mate-absolute,2026-10-01,Rose Ketones 3 - 0.0048% - 0.0048%,"columna «Total» del proveedor (Firmenich: adición directa + indirecta por naturales + indirecta por síntesis), % del producto; las columnas parciales no se usan; emparejada por el nombre del alérgeno (el CAS va en otra línea de la celda)","corregida: Firmenich declara máximos históricos, no típicos"
tl:1226911-69-8,1226911-69-8,"4-Pentenal, 4-methyl-5-(4-methylphenyl)-, (4E)-",,,,,,sin-cifra,Perfumiarz: lista de alérgenos W13088_ALG_09-23.pdf,proveedor,https://perfumiarz.com/products/mimosal,2026-10-01,,la lista no declara ningún alérgeno con estándar IFRA,sin cifra: no vale cero (§1.2)
tl:1449104-34-0,1449104-34-0,"4-Pentenal, 5-cyclohexyl-2,4-dimethyl-, (4E)-",,,,,,sin-cifra,Perfumiarz: lista de alérgenos W13105_ALG_02-25.pdf,proveedor,https://perfumiarz.com/products/muguissimo,2026-10-01,,la lista no declara ningún alérgeno con estándar IFRA,sin cifra: no vale cero (§1.2)
fig:736,82356-51-2,3-Methylcyclopentadecenone,,,,,,sin-cifra,Perfumiarz: lista de alérgenos W13110_ALG_09-23.pdf,proveedor,https://perfumiarz.com/products/muscenone,2026-10-01,,la lista no declara ningún alérgeno con estándar IFRA,sin cifra: no vale cero (§1.2)
fig:708,541-91-3,3-Methyl-1-cyclopentadecanone,,,,,,sin-cifra,Perfumiarz: lista de alérgenos W13120_ALG_09-23.pdf,proveedor,https://perfumiarz.com/products/muscone,2026-10-01,,la lista no declara ningún alérgeno con estándar IFRA,sin cifra: no vale cero (§1.2)
fig:291,69103-20-4,"2,2-Dimethyl-3-(3-methyl-2,4-pentadienyl)oxirane",,,,,,sin-cifra,Perfumiarz: lista de alérgenos W13140_ALG_09-23.pdf,proveedor,https://perfumiarz.com/products/myroxyde,2026-10-01,,la lista no declara ningún alérgeno con estándar IFRA,sin cifra: no vale cero (§1.2)
fig:2415,8016-37-3,Myrrh oil rectified,Benzyl Benzoate,120-51-4,IFRA_STD_009,,0.0029,máximo,Perfumiarz: lista de alérgenos W13900_ALG_01-24.pdf,proveedor,https://perfumiarz.com/products/myrrh-oil,2026-10-01,Benzyl Benzoate - 0.0029% - 0.0029%,"columna «Total» del proveedor (Firmenich: adición directa + indirecta por naturales + indirecta por síntesis), % del producto; las columnas parciales no se usan; emparejada por el nombre del alérgeno (el CAS va en otra línea de la celda)","corregida: Firmenich declara máximos históricos, no típicos"
fig:2415,8016-37-3,Myrrh oil rectified,Eugenol,97-53-0,IFRA_STD_035,,0.0029,máximo,Perfumiarz: lista de alérgenos W13900_ALG_01-24.pdf,proveedor,https://perfumiarz.com/products/myrrh-oil,2026-10-01,Eugenol - 0.0029% - 0.0029%,"columna «Total» del proveedor (Firmenich: adición directa + indirecta por naturales + indirecta por síntesis), % del producto; las columnas parciales no se usan; emparejada por el nombre del alérgeno (el CAS va en otra línea de la celda)","corregida: Firmenich declara máximos históricos, no típicos"
fig:2415,8016-37-3,Myrrh oil rectified,Limonene,138-86-3,IFRA_STD_186,,0.0276,máximo,Perfumiarz: lista de alérgenos W13900_ALG_01-24.pdf,proveedor,https://perfumiarz.com/products/myrrh-oil,2026-10-01,Limonene - 0.0276% - 0.0276%,"columna «Total» del proveedor (Firmenich: adición directa + indirecta por naturales + indirecta por síntesis), % del producto; las columnas parciales no se usan; emparejada por el nombre del alérgeno (el CAS va en otra línea de la celda)","corregida: Firmenich declara máximos históricos, no típicos"
fig:2410,8016-37-3,Myrrh absolute,Limonene,138-86-3,IFRA_STD_186,,0.018,máximo,Perfumiarz: lista de alérgenos W13905_ALG_10-23.pdf,proveedor,https://perfumiarz.com/products/myrrh-resinoide-absolute-super-50,2026-10-01,Limonene - 0.0180% - 0.0180%,"columna «Total» del proveedor (Firmenich: adición directa + indirecta por naturales + indirecta por síntesis), % del producto; las columnas parciales no se usan; emparejada por el nombre del alérgeno (el CAS va en otra línea de la celda)","corregida: Firmenich declara máximos históricos, no típicos"
fig:96,70788-30-6,"1-(2,2,6-Trimethylcyclohexyl)-3-hexanol",,,,,,sin-cifra,Perfumiarz: lista de alérgenos W14038_ALG_01-22.pdf,proveedor,https://perfumiarz.com/products/norlimbanol-dextro,2026-10-01,,la lista no declara ningún alérgeno con estándar IFRA,sin cifra: no vale cero (§1.2)
ncs:olibanum-sacra-oil,89957-98-2,Olibanum sacra oil,Benzyl Alcohol,100-51-6,IFRA_STD_008,,0.0045,máximo,Perfumiarz: lista de alérgenos W15028_ALG_10-23.pdf,proveedor,https://perfumiarz.com/products/olibanum-resinoide-vulcain-50-ipm,2026-10-01,Benzyl Alcohol - 0.0045% - 0.0045%,"columna «Total» del proveedor (Firmenich: adición directa + indirecta por naturales + indirecta por síntesis), % del producto; las columnas parciales no se usan; emparejada por el nombre del alérgeno (el CAS va en otra línea de la celda)","corregida: Firmenich declara máximos históricos, no típicos"
ncs:olibanum-sacra-oil,89957-98-2,Olibanum sacra oil,Benzyl Benzoate,120-51-4,IFRA_STD_009,,0.06,máximo,Perfumiarz: lista de alérgenos W15028_ALG_10-23.pdf,proveedor,https://perfumiarz.com/products/olibanum-resinoide-vulcain-50-ipm,2026-10-01,Benzyl Benzoate - 0.0600% - 0.0600%,"columna «Total» del proveedor (Firmenich: adición directa + indirecta por naturales + indirecta por síntesis), % del producto; las columnas parciales no se usan; emparejada por el nombre del alérgeno (el CAS va en otra línea de la celda)","corregida: Firmenich declara máximos históricos, no típicos"
ncs:olibanum-sacra-oil,89957-98-2,Olibanum sacra oil,Limonene,138-86-3,IFRA_STD_186,,1.516,máximo,Perfumiarz: lista de alérgenos W15028_ALG_10-23.pdf,proveedor,https://perfumiarz.com/products/olibanum-resinoide-vulcain-50-ipm,2026-10-01,Limonene - 1.5160% - 1.5160%,"columna «Total» del proveedor (Firmenich: adición directa + indirecta por naturales + indirecta por síntesis), % del producto; las columnas parciales no se usan; emparejada por el nombre del alérgeno (el CAS va en otra línea de la celda)","corregida: Firmenich declara máximos históricos, no típicos"
ncs:olibanum-sacra-oil,89957-98-2,Olibanum sacra oil,Linalool,78-70-6,IFRA_STD_187,,0.0777,máximo,Perfumiarz: lista de alérgenos W15028_ALG_10-23.pdf,proveedor,https://perfumiarz.com/products/olibanum-resinoide-vulcain-50-ipm,2026-10-01,Linalool - 0.0777% - 0.0777%,"columna «Total» del proveedor (Firmenich: adición directa + indirecta por naturales + indirecta por síntesis), % del producto; las columnas parciales no se usan; emparejada por el nombre del alérgeno (el CAS va en otra línea de la celda)","corregida: Firmenich declara máximos históricos, no típicos"
ncs:olibanum-sacra-oil,89957-98-2,Olibanum sacra oil,Benzaldehyde,100-52-7,IFRA_STD_007,,0.005,máximo,Perfumiarz: lista de alérgenos W15028_ALG_10-23.pdf,proveedor,https://perfumiarz.com/products/olibanum-resinoide-vulcain-50-ipm,2026-10-01,Benzaldehyde 3 - 0.0050% - 0.0050%,"columna «Total» del proveedor (Firmenich: adición directa + indirecta por naturales + indirecta por síntesis), % del producto; las columnas parciales no se usan; emparejada por el nombre del alérgeno (el CAS va en otra línea de la celda)","corregida: Firmenich declara máximos históricos, no típicos"
ncs:olibanum-sacra-oil,89957-98-2,Olibanum sacra oil,Carvone,2244-16-8,IFRA_STD_016,,0.204,máximo,Perfumiarz: lista de alérgenos W15028_ALG_10-23.pdf,proveedor,https://perfumiarz.com/products/olibanum-resinoide-vulcain-50-ipm,2026-10-01,Carvone 3 - 0.2040% - 0.2040%,"columna «Total» del proveedor (Firmenich: adición directa + indirecta por naturales + indirecta por síntesis), % del producto; las columnas parciales no se usan; emparejada por el nombre del alérgeno (el CAS va en otra línea de la celda)","corregida: Firmenich declara máximos históricos, no típicos"
fig:541,107-87-9,2-Pentanone,,,,,,sin-cifra,Perfumiarz: lista de alérgenos W16062_ALG_09-23.pdf,proveedor,https://perfumiarz.com/products/2-pentanone,2026-10-01,,la lista no declara ningún alérgeno con estándar IFRA,sin cifra: no vale cero (§1.2)
fig:726,55066-48-3,3-Methyl-5-phenylpentanol,Benzaldehyde,100-52-7,IFRA_STD_007,,0.005,máximo,Perfumiarz: lista de alérgenos W16070_ALG_09-23.pdf,proveedor,https://perfumiarz.com/products/phenylhexanol,2026-10-01,Benzaldehyde 3 - - 0.0050% 0.0050%,"columna «Total» del proveedor (Firmenich: adición directa + indirecta por naturales + indirecta por síntesis), % del producto; las columnas parciales no se usan; emparejada por el nombre del alérgeno (el CAS va en otra línea de la celda)","corregida: Firmenich declara máximos históricos, no típicos"
fig:607,107898-54-4,"3,3-Dimethyl-5-(2,2,3-trimethyl-3-cyclopenten-1-yl)-4-penten-2-ol",Benzaldehyde,100-52-7,IFRA_STD_007,,0.005,máximo,Perfumiarz: lista de alérgenos W16070_ALG_09-23_dedaef5f-2556-41d2-9b49-9f30bc068adb.pdf,proveedor,https://perfumiarz.com/products/polysantol,2026-10-01,Benzaldehyde 3 - - 0.0050% 0.0050%,"columna «Total» del proveedor (Firmenich: adición directa + indirecta por naturales + indirecta por síntesis), % del producto; las columnas parciales no se usan; emparejada por el nombre del alérgeno (el CAS va en otra línea de la celda)","corregida: Firmenich declara máximos históricos, no típicos"
fig:2859,949495-68-5,Schinus terebenthifolius CO2 extract,Citronellol,106-22-9,IFRA_STD_022,,0.05,máximo,Perfumiarz: lista de alérgenos W16092_ALG_09-23.pdf,proveedor,https://perfumiarz.com/products/pink-pepper-sfe,2026-10-01,Citronellol - 0.0500% - 0.0500%,"columna «Total» del proveedor (Firmenich: adición directa + indirecta por naturales + indirecta por síntesis), % del producto; las columnas parciales no se usan; emparejada por el nombre del alérgeno (el CAS va en otra línea de la celda)","corregida: Firmenich declara máximos históricos, no típicos"
fig:2859,949495-68-5,Schinus terebenthifolius CO2 extract,Eugenol,97-53-0,IFRA_STD_035,,0.0048,máximo,Perfumiarz: lista de alérgenos W16092_ALG_09-23.pdf,proveedor,https://perfumiarz.com/products/pink-pepper-sfe,2026-10-01,Eugenol - 0.0048% - 0.0048%,"columna «Total» del proveedor (Firmenich: adición directa + indirecta por naturales + indirecta por síntesis), % del producto; las columnas parciales no se usan; emparejada por el nombre del alérgeno (el CAS va en otra línea de la celda)","corregida: Firmenich declara máximos históricos, no típicos"
fig:2859,949495-68-5,Schinus terebenthifolius CO2 extract,Geraniol,106-24-1,IFRA_STD_037,,0.006,máximo,Perfumiarz: lista de alérgenos W16092_ALG_09-23.pdf,proveedor,https://perfumiarz.com/products/pink-pepper-sfe,2026-10-01,Geraniol - 0.0060% - 0.0060%,"columna «Total» del proveedor (Firmenich: adición directa + indirecta por naturales + indirecta por síntesis), % del producto; las columnas parciales no se usan; emparejada por el nombre del alérgeno (el CAS va en otra línea de la celda)","corregida: Firmenich declara máximos históricos, no típicos"
fig:2859,949495-68-5,Schinus terebenthifolius CO2 extract,Isoeugenol,5932-68-3,IFRA_STD_048,,0.0096,máximo,Perfumiarz: lista de alérgenos W16092_ALG_09-23.pdf,proveedor,https://perfumiarz.com/products/pink-pepper-sfe,2026-10-01,Isoeugenol - 0.0096% - 0.0096%,"columna «Total» del proveedor (Firmenich: adición directa + indirecta por naturales + indirecta por síntesis), % del producto; las columnas parciales no se usan; emparejada por el nombre del alérgeno (el CAS va en otra línea de la celda)","corregida: Firmenich declara máximos históricos, no típicos"
fig:2859,949495-68-5,Schinus terebenthifolius CO2 extract,Limonene,138-86-3,IFRA_STD_186,,12.5,máximo,Perfumiarz: lista de alérgenos W16092_ALG_09-23.pdf,proveedor,https://perfumiarz.com/products/pink-pepper-sfe,2026-10-01,Limonene - 12.5000% - 12.5000%,"columna «Total» del proveedor (Firmenich: adición directa + indirecta por naturales + indirecta por síntesis), % del producto; las columnas parciales no se usan; emparejada por el nombre del alérgeno (el CAS va en otra línea de la celda)","corregida: Firmenich declara máximos históricos, no típicos"
fig:2859,949495-68-5,Schinus terebenthifolius CO2 extract,Linalool,78-70-6,IFRA_STD_187,,0.02,máximo,Perfumiarz: lista de alérgenos W16092_ALG_09-23.pdf,proveedor,https://perfumiarz.com/products/pink-pepper-sfe,2026-10-01,Linalool - 0.0200% - 0.0200%,"columna «Total» del proveedor (Firmenich: adición directa + indirecta por naturales + indirecta por síntesis), % del producto; las columnas parciales no se usan; emparejada por el nombre del alérgeno (el CAS va en otra línea de la celda)","corregida: Firmenich declara máximos históricos, no típicos"
fig:2859,949495-68-5,Schinus terebenthifolius CO2 extract,Benzaldehyde,100-52-7,IFRA_STD_007,,0.0024,máximo,Perfumiarz: lista de alérgenos W16092_ALG_09-23.pdf,proveedor,https://perfumiarz.com/products/pink-pepper-sfe,2026-10-01,Benzaldehyde 3 - 0.0024% - 0.0024%,"columna «Total» del proveedor (Firmenich: adición directa + indirecta por naturales + indirecta por síntesis), % del producto; las columnas parciales no se usan; emparejada por el nombre del alérgeno (el CAS va en otra línea de la celda)","corregida: Firmenich declara máximos históricos, no típicos"
fig:2859,949495-68-5,Schinus terebenthifolius CO2 extract,Carvone,2244-16-8,IFRA_STD_016,,0.0084,máximo,Perfumiarz: lista de alérgenos W16092_ALG_09-23.pdf,proveedor,https://perfumiarz.com/products/pink-pepper-sfe,2026-10-01,Carvone 3 - 0.0084% - 0.0084%,"columna «Total» del proveedor (Firmenich: adición directa + indirecta por naturales + indirecta por síntesis), % del producto; las columnas parciales no se usan; emparejada por el nombre del alérgeno (el CAS va en otra línea de la celda)","corregida: Firmenich declara máximos históricos, no típicos"
tl:sichuan-pepper-co2-extract-schinifolium,97927-05-4,Sichuan pepper CO2 extract (schinifolium),Benzyl Alcohol,100-51-6,IFRA_STD_008,,0.0072,máximo,Perfumiarz: lista de alérgenos W16095_ALG_09-23.pdf,proveedor,https://perfumiarz.com/products/sichuan-pepper-sfe,2026-10-01,Benzyl Alcohol - 0.0072% - 0.0072%,"columna «Total» del proveedor (Firmenich: adición directa + indirecta por naturales + indirecta por síntesis), % del producto; las columnas parciales no se usan; emparejada por el nombre del alérgeno (el CAS va en otra línea de la celda)","corregida: Firmenich declara máximos históricos, no típicos"
tl:sichuan-pepper-co2-extract-schinifolium,97927-05-4,Sichuan pepper CO2 extract (schinifolium),Citronellol,106-22-9,IFRA_STD_022,,0.0264,máximo,Perfumiarz: lista de alérgenos W16095_ALG_09-23.pdf,proveedor,https://perfumiarz.com/products/sichuan-pepper-sfe,2026-10-01,Citronellol - 0.0264% - 0.0264%,"columna «Total» del proveedor (Firmenich: adición directa + indirecta por naturales + indirecta por síntesis), % del producto; las columnas parciales no se usan; emparejada por el nombre del alérgeno (el CAS va en otra línea de la celda)","corregida: Firmenich declara máximos históricos, no típicos"
tl:sichuan-pepper-co2-extract-schinifolium,97927-05-4,Sichuan pepper CO2 extract (schinifolium),Farnesol,4602-84-0,IFRA_STD_036,,0.0168,máximo,Perfumiarz: lista de alérgenos W16095_ALG_09-23.pdf,proveedor,https://perfumiarz.com/products/sichuan-pepper-sfe,2026-10-01,Farnesol - 0.0168% - 0.0168%,"columna «Total» del proveedor (Firmenich: adición directa + indirecta por naturales + indirecta por síntesis), % del producto; las columnas parciales no se usan; emparejada por el nombre del alérgeno (el CAS va en otra línea de la celda)","corregida: Firmenich declara máximos históricos, no típicos"
tl:sichuan-pepper-co2-extract-schinifolium,97927-05-4,Sichuan pepper CO2 extract (schinifolium),Geraniol,106-24-1,IFRA_STD_037,,0.0096,máximo,Perfumiarz: lista de alérgenos W16095_ALG_09-23.pdf,proveedor,https://perfumiarz.com/products/sichuan-pepper-sfe,2026-10-01,Geraniol - 0.0096% - 0.0096%,"columna «Total» del proveedor (Firmenich: adición directa + indirecta por naturales + indirecta por síntesis), % del producto; las columnas parciales no se usan; emparejada por el nombre del alérgeno (el CAS va en otra línea de la celda)","corregida: Firmenich declara máximos históricos, no típicos"
tl:sichuan-pepper-co2-extract-schinifolium,97927-05-4,Sichuan pepper CO2 extract (schinifolium),Limonene,138-86-3,IFRA_STD_186,,20,máximo,Perfumiarz: lista de alérgenos W16095_ALG_09-23.pdf,proveedor,https://perfumiarz.com/products/sichuan-pepper-sfe,2026-10-01,Limonene - 20.0000% - 20.0000%,"columna «Total» del proveedor (Firmenich: adición directa + indirecta por naturales + indirecta por síntesis), % del producto; las columnas parciales no se usan; emparejada por el nombre del alérgeno (el CAS va en otra línea de la celda)","corregida: Firmenich declara máximos históricos, no típicos"
tl:sichuan-pepper-co2-extract-schinifolium,97927-05-4,Sichuan pepper CO2 extract (schinifolium),Linalool,78-70-6,IFRA_STD_187,,55,máximo,Perfumiarz: lista de alérgenos W16095_ALG_09-23.pdf,proveedor,https://perfumiarz.com/products/sichuan-pepper-sfe,2026-10-01,Linalool - 55.0000% - 55.0000%,"columna «Total» del proveedor (Firmenich: adición directa + indirecta por naturales + indirecta por síntesis), % del producto; las columnas parciales no se usan; emparejada por el nombre del alérgeno (el CAS va en otra línea de la celda)","corregida: Firmenich declara máximos históricos, no típicos"
tl:sichuan-pepper-co2-extract-schinifolium,97927-05-4,Sichuan pepper CO2 extract (schinifolium),Carvone,2244-16-8,IFRA_STD_016,,0.1164,máximo,Perfumiarz: lista de alérgenos W16095_ALG_09-23.pdf,proveedor,https://perfumiarz.com/products/sichuan-pepper-sfe,2026-10-01,Carvone 3 - 0.1164% - 0.1164%,"columna «Total» del proveedor (Firmenich: adición directa + indirecta por naturales + indirecta por síntesis), % del producto; las columnas parciales no se usan; emparejada por el nombre del alérgeno (el CAS va en otra línea de la celda)","corregida: Firmenich declara máximos históricos, no típicos"
fig:1119,8007-00-9,"Balsam resinoid, Peru",Benzyl Alcohol,100-51-6,IFRA_STD_008,,0.544,máximo,Perfumiarz: lista de alérgenos W16295_ALG_09-23.pdf,proveedor,https://perfumiarz.com/products/peru-balsam-resinoide,2026-10-01,Benzyl Alcohol - 0.5440% - 0.5440%,"columna «Total» del proveedor (Firmenich: adición directa + indirecta por naturales + indirecta por síntesis), % del producto; las columnas parciales no se usan; emparejada por el nombre del alérgeno (el CAS va en otra línea de la celda)","corregida: Firmenich declara máximos históricos, no típicos"
fig:1119,8007-00-9,"Balsam resinoid, Peru",Benzyl Benzoate,120-51-4,IFRA_STD_009,,34.1637,máximo,Perfumiarz: lista de alérgenos W16295_ALG_09-23.pdf,proveedor,https://perfumiarz.com/products/peru-balsam-resinoide,2026-10-01,Benzyl Benzoate - 34.1637% - 34.1637%,"columna «Total» del proveedor (Firmenich: adición directa + indirecta por naturales + indirecta por síntesis), % del producto; las columnas parciales no se usan; emparejada por el nombre del alérgeno (el CAS va en otra línea de la celda)","corregida: Firmenich declara máximos históricos, no típicos"
fig:1119,8007-00-9,"Balsam resinoid, Peru",Benzyl Cinnamate,103-41-3,IFRA_STD_010,,17.028,máximo,Perfumiarz: lista de alérgenos W16295_ALG_09-23.pdf,proveedor,https://perfumiarz.com/products/peru-balsam-resinoide,2026-10-01,Benzyl Cinnamate - 17.0280% - 17.0280%,"columna «Total» del proveedor (Firmenich: adición directa + indirecta por naturales + indirecta por síntesis), % del producto; las columnas parciales no se usan; emparejada por el nombre del alérgeno (el CAS va en otra línea de la celda)","corregida: Firmenich declara máximos históricos, no típicos"
fig:1119,8007-00-9,"Balsam resinoid, Peru",Benzyl Salicylate,118-58-1,IFRA_STD_011,,0.0132,máximo,Perfumiarz: lista de alérgenos W16295_ALG_09-23.pdf,proveedor,https://perfumiarz.com/products/peru-balsam-resinoide,2026-10-01,Benzyl Salicylate - 0.0132% - 0.0132%,"columna «Total» del proveedor (Firmenich: adición directa + indirecta por naturales + indirecta por síntesis), % del producto; las columnas parciales no se usan; emparejada por el nombre del alérgeno (el CAS va en otra línea de la celda)","corregida: Firmenich declara máximos históricos, no típicos"
fig:1119,8007-00-9,"Balsam resinoid, Peru",Cinnamal,104-55-2,IFRA_STD_018,,0.0048,máximo,Perfumiarz: lista de alérgenos W16295_ALG_09-23.pdf,proveedor,https://perfumiarz.com/products/peru-balsam-resinoide,2026-10-01,Cinnamal - 0.0048% - 0.0048%,"columna «Total» del proveedor (Firmenich: adición directa + indirecta por naturales + indirecta por síntesis), % del producto; las columnas parciales no se usan; emparejada por el nombre del alérgeno (el CAS va en otra línea de la celda)","corregida: Firmenich declara máximos históricos, no típicos"
fig:1119,8007-00-9,"Balsam resinoid, Peru",Cinnamyl Alcohol,104-54-1,IFRA_STD_017,,0.0024,máximo,Perfumiarz: lista de alérgenos W16295_ALG_09-23.pdf,proveedor,https://perfumiarz.com/products/peru-balsam-resinoide,2026-10-01,Cinnamyl Alcohol - 0.0024% - 0.0024%,"columna «Total» del proveedor (Firmenich: adición directa + indirecta por naturales + indirecta por síntesis), % del producto; las columnas parciales no se usan; emparejada por el nombre del alérgeno (el CAS va en otra línea de la celda)","corregida: Firmenich declara máximos históricos, no típicos"
fig:1119,8007-00-9,"Balsam resinoid, Peru",Coumarin,91-64-5,IFRA_STD_023,,0.0348,máximo,Perfumiarz: lista de alérgenos W16295_ALG_09-23.pdf,proveedor,https://perfumiarz.com/products/peru-balsam-resinoide,2026-10-01,Coumarin - 0.0348% - 0.0348%,"columna «Total» del proveedor (Firmenich: adición directa + indirecta por naturales + indirecta por síntesis), % del producto; las columnas parciales no se usan; emparejada por el nombre del alérgeno (el CAS va en otra línea de la celda)","corregida: Firmenich declara máximos históricos, no típicos"
fig:1119,8007-00-9,"Balsam resinoid, Peru",Eugenol,97-53-0,IFRA_STD_035,,0.0372,máximo,Perfumiarz: lista de alérgenos W16295_ALG_09-23.pdf,proveedor,https://perfumiarz.com/products/peru-balsam-resinoide,2026-10-01,Eugenol - 0.0372% - 0.0372%,"columna «Total» del proveedor (Firmenich: adición directa + indirecta por naturales + indirecta por síntesis), % del producto; las columnas parciales no se usan; emparejada por el nombre del alérgeno (el CAS va en otra línea de la celda)","corregida: Firmenich declara máximos históricos, no típicos"
fig:1119,8007-00-9,"Balsam resinoid, Peru",Farnesol,4602-84-0,IFRA_STD_036,,0.0406,máximo,Perfumiarz: lista de alérgenos W16295_ALG_09-23.pdf,proveedor,https://perfumiarz.com/products/peru-balsam-resinoide,2026-10-01,Farnesol - 0.0406% - 0.0406%,"columna «Total» del proveedor (Firmenich: adición directa + indirecta por naturales + indirecta por síntesis), % del producto; las columnas parciales no se usan; emparejada por el nombre del alérgeno (el CAS va en otra línea de la celda)","corregida: Firmenich declara máximos históricos, no típicos"
fig:1119,8007-00-9,"Balsam resinoid, Peru",Isoeugenol,5932-68-3,IFRA_STD_048,,0.0995,máximo,Perfumiarz: lista de alérgenos W16295_ALG_09-23.pdf,proveedor,https://perfumiarz.com/products/peru-balsam-resinoide,2026-10-01,Isoeugenol - 0.0995% - 0.0995%,"columna «Total» del proveedor (Firmenich: adición directa + indirecta por naturales + indirecta por síntesis), % del producto; las columnas parciales no se usan; emparejada por el nombre del alérgeno (el CAS va en otra línea de la celda)","corregida: Firmenich declara máximos históricos, no típicos"
fig:1119,8007-00-9,"Balsam resinoid, Peru",Limonene,138-86-3,IFRA_STD_186,,0.003,máximo,Perfumiarz: lista de alérgenos W16295_ALG_09-23.pdf,proveedor,https://perfumiarz.com/products/peru-balsam-resinoide,2026-10-01,Limonene - 0.0030% - 0.0030%,"columna «Total» del proveedor (Firmenich: adición directa + indirecta por naturales + indirecta por síntesis), % del producto; las columnas parciales no se usan; emparejada por el nombre del alérgeno (el CAS va en otra línea de la celda)","corregida: Firmenich declara máximos históricos, no típicos"
fig:1119,8007-00-9,"Balsam resinoid, Peru",Benzaldehyde,100-52-7,IFRA_STD_007,,0.036,máximo,Perfumiarz: lista de alérgenos W16295_ALG_09-23.pdf,proveedor,https://perfumiarz.com/products/peru-balsam-resinoide,2026-10-01,Benzaldehyde 3 - 0.0360% - 0.0360%,"columna «Total» del proveedor (Firmenich: adición directa + indirecta por naturales + indirecta por síntesis), % del producto; las columnas parciales no se usan; emparejada por el nombre del alérgeno (el CAS va en otra línea de la celda)","corregida: Firmenich declara máximos históricos, no típicos"
fig:84,68039-73-6,"[1,1'-Bicyclopentyl]-2-yl 2-butenoate",Benzyl Alcohol,100-51-6,IFRA_STD_008,,0.544,máximo,Perfumiarz: lista de alérgenos W16295_ALG_09-23_678c1293-3c90-4735-9bbf-eeca4b943ab0.pdf,proveedor,https://perfumiarz.com/products/pyroprunat,2026-10-01,Benzyl Alcohol - 0.5440% - 0.5440%,"columna «Total» del proveedor (Firmenich: adición directa + indirecta por naturales + indirecta por síntesis), % del producto; las columnas parciales no se usan; emparejada por el nombre del alérgeno (el CAS va en otra línea de la celda)","corregida: Firmenich declara máximos históricos, no típicos"
fig:84,68039-73-6,"[1,1'-Bicyclopentyl]-2-yl 2-butenoate",Benzyl Benzoate,120-51-4,IFRA_STD_009,,34.1637,máximo,Perfumiarz: lista de alérgenos W16295_ALG_09-23_678c1293-3c90-4735-9bbf-eeca4b943ab0.pdf,proveedor,https://perfumiarz.com/products/pyroprunat,2026-10-01,Benzyl Benzoate - 34.1637% - 34.1637%,"columna «Total» del proveedor (Firmenich: adición directa + indirecta por naturales + indirecta por síntesis), % del producto; las columnas parciales no se usan; emparejada por el nombre del alérgeno (el CAS va en otra línea de la celda)","corregida: Firmenich declara máximos históricos, no típicos"
fig:84,68039-73-6,"[1,1'-Bicyclopentyl]-2-yl 2-butenoate",Benzyl Cinnamate,103-41-3,IFRA_STD_010,,17.028,máximo,Perfumiarz: lista de alérgenos W16295_ALG_09-23_678c1293-3c90-4735-9bbf-eeca4b943ab0.pdf,proveedor,https://perfumiarz.com/products/pyroprunat,2026-10-01,Benzyl Cinnamate - 17.0280% - 17.0280%,"columna «Total» del proveedor (Firmenich: adición directa + indirecta por naturales + indirecta por síntesis), % del producto; las columnas parciales no se usan; emparejada por el nombre del alérgeno (el CAS va en otra línea de la celda)","corregida: Firmenich declara máximos históricos, no típicos"
fig:84,68039-73-6,"[1,1'-Bicyclopentyl]-2-yl 2-butenoate",Benzyl Salicylate,118-58-1,IFRA_STD_011,,0.0132,máximo,Perfumiarz: lista de alérgenos W16295_ALG_09-23_678c1293-3c90-4735-9bbf-eeca4b943ab0.pdf,proveedor,https://perfumiarz.com/products/pyroprunat,2026-10-01,Benzyl Salicylate - 0.0132% - 0.0132%,"columna «Total» del proveedor (Firmenich: adición directa + indirecta por naturales + indirecta por síntesis), % del producto; las columnas parciales no se usan; emparejada por el nombre del alérgeno (el CAS va en otra línea de la celda)","corregida: Firmenich declara máximos históricos, no típicos"
fig:84,68039-73-6,"[1,1'-Bicyclopentyl]-2-yl 2-butenoate",Cinnamal,104-55-2,IFRA_STD_018,,0.0048,máximo,Perfumiarz: lista de alérgenos W16295_ALG_09-23_678c1293-3c90-4735-9bbf-eeca4b943ab0.pdf,proveedor,https://perfumiarz.com/products/pyroprunat,2026-10-01,Cinnamal - 0.0048% - 0.0048%,"columna «Total» del proveedor (Firmenich: adición directa + indirecta por naturales + indirecta por síntesis), % del producto; las columnas parciales no se usan; emparejada por el nombre del alérgeno (el CAS va en otra línea de la celda)","corregida: Firmenich declara máximos históricos, no típicos"
fig:84,68039-73-6,"[1,1'-Bicyclopentyl]-2-yl 2-butenoate",Cinnamyl Alcohol,104-54-1,IFRA_STD_017,,0.0024,máximo,Perfumiarz: lista de alérgenos W16295_ALG_09-23_678c1293-3c90-4735-9bbf-eeca4b943ab0.pdf,proveedor,https://perfumiarz.com/products/pyroprunat,2026-10-01,Cinnamyl Alcohol - 0.0024% - 0.0024%,"columna «Total» del proveedor (Firmenich: adición directa + indirecta por naturales + indirecta por síntesis), % del producto; las columnas parciales no se usan; emparejada por el nombre del alérgeno (el CAS va en otra línea de la celda)","corregida: Firmenich declara máximos históricos, no típicos"
fig:84,68039-73-6,"[1,1'-Bicyclopentyl]-2-yl 2-butenoate",Coumarin,91-64-5,IFRA_STD_023,,0.0348,máximo,Perfumiarz: lista de alérgenos W16295_ALG_09-23_678c1293-3c90-4735-9bbf-eeca4b943ab0.pdf,proveedor,https://perfumiarz.com/products/pyroprunat,2026-10-01,Coumarin - 0.0348% - 0.0348%,"columna «Total» del proveedor (Firmenich: adición directa + indirecta por naturales + indirecta por síntesis), % del producto; las columnas parciales no se usan; emparejada por el nombre del alérgeno (el CAS va en otra línea de la celda)","corregida: Firmenich declara máximos históricos, no típicos"
fig:84,68039-73-6,"[1,1'-Bicyclopentyl]-2-yl 2-butenoate",Eugenol,97-53-0,IFRA_STD_035,,0.0372,máximo,Perfumiarz: lista de alérgenos W16295_ALG_09-23_678c1293-3c90-4735-9bbf-eeca4b943ab0.pdf,proveedor,https://perfumiarz.com/products/pyroprunat,2026-10-01,Eugenol - 0.0372% - 0.0372%,"columna «Total» del proveedor (Firmenich: adición directa + indirecta por naturales + indirecta por síntesis), % del producto; las columnas parciales no se usan; emparejada por el nombre del alérgeno (el CAS va en otra línea de la celda)","corregida: Firmenich declara máximos históricos, no típicos"
fig:84,68039-73-6,"[1,1'-Bicyclopentyl]-2-yl 2-butenoate",Farnesol,4602-84-0,IFRA_STD_036,,0.0406,máximo,Perfumiarz: lista de alérgenos W16295_ALG_09-23_678c1293-3c90-4735-9bbf-eeca4b943ab0.pdf,proveedor,https://perfumiarz.com/products/pyroprunat,2026-10-01,Farnesol - 0.0406% - 0.0406%,"columna «Total» del proveedor (Firmenich: adición directa + indirecta por naturales + indirecta por síntesis), % del producto; las columnas parciales no se usan; emparejada por el nombre del alérgeno (el CAS va en otra línea de la celda)","corregida: Firmenich declara máximos históricos, no típicos"
fig:84,68039-73-6,"[1,1'-Bicyclopentyl]-2-yl 2-butenoate",Isoeugenol,5932-68-3,IFRA_STD_048,,0.0995,máximo,Perfumiarz: lista de alérgenos W16295_ALG_09-23_678c1293-3c90-4735-9bbf-eeca4b943ab0.pdf,proveedor,https://perfumiarz.com/products/pyroprunat,2026-10-01,Isoeugenol - 0.0995% - 0.0995%,"columna «Total» del proveedor (Firmenich: adición directa + indirecta por naturales + indirecta por síntesis), % del producto; las columnas parciales no se usan; emparejada por el nombre del alérgeno (el CAS va en otra línea de la celda)","corregida: Firmenich declara máximos históricos, no típicos"
fig:84,68039-73-6,"[1,1'-Bicyclopentyl]-2-yl 2-butenoate",Limonene,138-86-3,IFRA_STD_186,,0.003,máximo,Perfumiarz: lista de alérgenos W16295_ALG_09-23_678c1293-3c90-4735-9bbf-eeca4b943ab0.pdf,proveedor,https://perfumiarz.com/products/pyroprunat,2026-10-01,Limonene - 0.0030% - 0.0030%,"columna «Total» del proveedor (Firmenich: adición directa + indirecta por naturales + indirecta por síntesis), % del producto; las columnas parciales no se usan; emparejada por el nombre del alérgeno (el CAS va en otra línea de la celda)","corregida: Firmenich declara máximos históricos, no típicos"
fig:84,68039-73-6,"[1,1'-Bicyclopentyl]-2-yl 2-butenoate",Benzaldehyde,100-52-7,IFRA_STD_007,,0.036,máximo,Perfumiarz: lista de alérgenos W16295_ALG_09-23_678c1293-3c90-4735-9bbf-eeca4b943ab0.pdf,proveedor,https://perfumiarz.com/products/pyroprunat,2026-10-01,Benzaldehyde 3 - 0.0360% - 0.0360%,"columna «Total» del proveedor (Firmenich: adición directa + indirecta por naturales + indirecta por síntesis), % del producto; las columnas parciales no se usan; emparejada por el nombre del alérgeno (el CAS va en otra línea de la celda)","corregida: Firmenich declara máximos históricos, no típicos"
fig:84,68039-73-6,"[1,1'-Bicyclopentyl]-2-yl 2-butenoate",Myroxylon Pereirae Oil/Extract,8007-00-9,IFRA_STD_071,,100,máximo,Perfumiarz: lista de alérgenos W16295_ALG_09-23_678c1293-3c90-4735-9bbf-eeca4b943ab0.pdf,proveedor,https://perfumiarz.com/products/pyroprunat,2026-10-01,Myroxylon Pereirae Oil/ Extract 3 100.0000% - - 100.0000%,"columna «Total» del proveedor (Firmenich: adición directa + indirecta por naturales + indirecta por síntesis), % del producto; las columnas parciales no se usan; emparejada por el nombre del alérgeno (el CAS va en otra línea de la celda)","corregida: Firmenich declara máximos históricos, no típicos"
fig:610,41816-03-9,"3,4,4a,5,8,8a-Hexahydro-3',7-dimethylspiro[1,4-methanonaphthalene-2(1H),2'-oxirane]",,,,,,sin-cifra,Perfumiarz: lista de alérgenos W18070_ALG_09-23.pdf,proveedor,https://perfumiarz.com/products/rhubofix_,2026-10-01,,la lista no declara ningún alérgeno con estándar IFRA,sin cifra: no vale cero (§1.2)
fig:911,4927-36-0,5-Methyl-5-phenyl-3-hexanone,,,,,,sin-cifra,Perfumiarz: lista de alérgenos W18090_ALG_09-23.pdf,proveedor,https://perfumiarz.com/products/romascone,2026-10-01,,la lista no declara ningún alérgeno con estándar IFRA,sin cifra: no vale cero (§1.2)
fig:1145,130786-09-3,"Benzeneacetonitrile, a-butylidene-, (Z)",,,,,,sin-cifra,Perfumiarz: lista de alérgenos W19016_ALG_09-23.pdf,proveedor,https://perfumiarz.com/products/salicynile,2026-10-01,,la lista no declara ningún alérgeno con estándar IFRA,sin cifra: no vale cero (§1.2)
fig:2756,319002-92-1,"Propyl (2S)-2-(1,1-dimethylpropoxy)-propanoate",,,,,,sin-cifra,Perfumiarz: lista de alérgenos W19045_ALG_09-23.pdf,proveedor,https://perfumiarz.com/products/sclareolate,2026-10-01,,la lista no declara ningún alérgeno con estándar IFRA,sin cifra: no vale cero (§1.2)
fig:2867,8008-74-0,Sesame seed CO2 extract,Eugenol,97-53-0,IFRA_STD_035,,0.0036,máximo,Perfumiarz: lista de alérgenos W19050_ALG_09-23.pdf,proveedor,https://perfumiarz.com/products/sesame-sfe-abs,2026-10-01,Eugenol - 0.0036% - 0.0036%,"columna «Total» del proveedor (Firmenich: adición directa + indirecta por naturales + indirecta por síntesis), % del producto; las columnas parciales no se usan; emparejada por el nombre del alérgeno (el CAS va en otra línea de la celda)","corregida: Firmenich declara máximos históricos, no típicos"
fig:2867,8008-74-0,Sesame seed CO2 extract,Isoeugenol,5932-68-3,IFRA_STD_048,,0.0012,máximo,Perfumiarz: lista de alérgenos W19050_ALG_09-23.pdf,proveedor,https://perfumiarz.com/products/sesame-sfe-abs,2026-10-01,Isoeugenol - 0.0012% - 0.0012%,"columna «Total» del proveedor (Firmenich: adición directa + indirecta por naturales + indirecta por síntesis), % del producto; las columnas parciales no se usan; emparejada por el nombre del alérgeno (el CAS va en otra línea de la celda)","corregida: Firmenich declara máximos históricos, no típicos"
fig:2867,8008-74-0,Sesame seed CO2 extract,Limonene,138-86-3,IFRA_STD_186,,0.0012,máximo,Perfumiarz: lista de alérgenos W19050_ALG_09-23.pdf,proveedor,https://perfumiarz.com/products/sesame-sfe-abs,2026-10-01,Limonene - 0.0012% - 0.0012%,"columna «Total» del proveedor (Firmenich: adición directa + indirecta por naturales + indirecta por síntesis), % del producto; las columnas parciales no se usan; emparejada por el nombre del alérgeno (el CAS va en otra línea de la celda)","corregida: Firmenich declara máximos históricos, no típicos"
fig:2867,8008-74-0,Sesame seed CO2 extract,Linalool,78-70-6,IFRA_STD_187,,0.0012,máximo,Perfumiarz: lista de alérgenos W19050_ALG_09-23.pdf,proveedor,https://perfumiarz.com/products/sesame-sfe-abs,2026-10-01,Linalool - 0.0012% - 0.0012%,"columna «Total» del proveedor (Firmenich: adición directa + indirecta por naturales + indirecta por síntesis), % del producto; las columnas parciales no se usan; emparejada por el nombre del alérgeno (el CAS va en otra línea de la celda)","corregida: Firmenich declara máximos históricos, no típicos"
fig:2867,8008-74-0,Sesame seed CO2 extract,Benzaldehyde,100-52-7,IFRA_STD_007,,0.0108,máximo,Perfumiarz: lista de alérgenos W19050_ALG_09-23.pdf,proveedor,https://perfumiarz.com/products/sesame-sfe-abs,2026-10-01,Benzaldehyde 3 - 0.0108% - 0.0108%,"columna «Total» del proveedor (Firmenich: adición directa + indirecta por naturales + indirecta por síntesis), % del producto; las columnas parciales no se usan; emparejada por el nombre del alérgeno (el CAS va en otra línea de la celda)","corregida: Firmenich declara máximos históricos, no típicos"
fig:2914,8046-19-3,Styrax resinoid,Benzyl Alcohol,100-51-6,IFRA_STD_008,,0.22,máximo,Perfumiarz: lista de alérgenos W19840_ALG_09-23.pdf,proveedor,https://perfumiarz.com/products/styrax-resinoide-vulcain,2026-10-01,Benzyl Alcohol - 0.2200% - 0.2200%,"columna «Total» del proveedor (Firmenich: adición directa + indirecta por naturales + indirecta por síntesis), % del producto; las columnas parciales no se usan; emparejada por el nombre del alérgeno (el CAS va en otra línea de la celda)","corregida: Firmenich declara máximos históricos, no típicos"
fig:2914,8046-19-3,Styrax resinoid,Benzyl Benzoate,120-51-4,IFRA_STD_009,,0.052,máximo,Perfumiarz: lista de alérgenos W19840_ALG_09-23.pdf,proveedor,https://perfumiarz.com/products/styrax-resinoide-vulcain,2026-10-01,Benzyl Benzoate - 0.0520% - 0.0520%,"columna «Total» del proveedor (Firmenich: adición directa + indirecta por naturales + indirecta por síntesis), % del producto; las columnas parciales no se usan; emparejada por el nombre del alérgeno (el CAS va en otra línea de la celda)","corregida: Firmenich declara máximos históricos, no típicos"
fig:2914,8046-19-3,Styrax resinoid,Benzyl Cinnamate,103-41-3,IFRA_STD_010,,6,máximo,Perfumiarz: lista de alérgenos W19840_ALG_09-23.pdf,proveedor,https://perfumiarz.com/products/styrax-resinoide-vulcain,2026-10-01,Benzyl Cinnamate - 6.0000% - 6.0000%,"columna «Total» del proveedor (Firmenich: adición directa + indirecta por naturales + indirecta por síntesis), % del producto; las columnas parciales no se usan; emparejada por el nombre del alérgeno (el CAS va en otra línea de la celda)","corregida: Firmenich declara máximos históricos, no típicos"
fig:2914,8046-19-3,Styrax resinoid,Benzyl Salicylate,118-58-1,IFRA_STD_011,,0.002,máximo,Perfumiarz: lista de alérgenos W19840_ALG_09-23.pdf,proveedor,https://perfumiarz.com/products/styrax-resinoide-vulcain,2026-10-01,Benzyl Salicylate - 0.0020% - 0.0020%,"columna «Total» del proveedor (Firmenich: adición directa + indirecta por naturales + indirecta por síntesis), % del producto; las columnas parciales no se usan; emparejada por el nombre del alérgeno (el CAS va en otra línea de la celda)","corregida: Firmenich declara máximos históricos, no típicos"
fig:2914,8046-19-3,Styrax resinoid,Cinnamal,104-55-2,IFRA_STD_018,,0.35,máximo,Perfumiarz: lista de alérgenos W19840_ALG_09-23.pdf,proveedor,https://perfumiarz.com/products/styrax-resinoide-vulcain,2026-10-01,Cinnamal - 0.3500% - 0.3500%,"columna «Total» del proveedor (Firmenich: adición directa + indirecta por naturales + indirecta por síntesis), % del producto; las columnas parciales no se usan; emparejada por el nombre del alérgeno (el CAS va en otra línea de la celda)","corregida: Firmenich declara máximos históricos, no típicos"
fig:2914,8046-19-3,Styrax resinoid,Cinnamyl Alcohol,104-54-1,IFRA_STD_017,,7,máximo,Perfumiarz: lista de alérgenos W19840_ALG_09-23.pdf,proveedor,https://perfumiarz.com/products/styrax-resinoide-vulcain,2026-10-01,Cinnamyl Alcohol - 7.0000% - 7.0000%,"columna «Total» del proveedor (Firmenich: adición directa + indirecta por naturales + indirecta por síntesis), % del producto; las columnas parciales no se usan; emparejada por el nombre del alérgeno (el CAS va en otra línea de la celda)","corregida: Firmenich declara máximos históricos, no típicos"
fig:2914,8046-19-3,Styrax resinoid,Coumarin,91-64-5,IFRA_STD_023,,0.004,máximo,Perfumiarz: lista de alérgenos W19840_ALG_09-23.pdf,proveedor,https://perfumiarz.com/products/styrax-resinoide-vulcain,2026-10-01,Coumarin - 0.0040% - 0.0040%,"columna «Total» del proveedor (Firmenich: adición directa + indirecta por naturales + indirecta por síntesis), % del producto; las columnas parciales no se usan; emparejada por el nombre del alérgeno (el CAS va en otra línea de la celda)","corregida: Firmenich declara máximos históricos, no típicos"
fig:2914,8046-19-3,Styrax resinoid,Eugenol,97-53-0,IFRA_STD_035,,0.007,máximo,Perfumiarz: lista de alérgenos W19840_ALG_09-23.pdf,proveedor,https://perfumiarz.com/products/styrax-resinoide-vulcain,2026-10-01,Eugenol - 0.0070% - 0.0070%,"columna «Total» del proveedor (Firmenich: adición directa + indirecta por naturales + indirecta por síntesis), % del producto; las columnas parciales no se usan; emparejada por el nombre del alérgeno (el CAS va en otra línea de la celda)","corregida: Firmenich declara máximos históricos, no típicos"
fig:2914,8046-19-3,Styrax resinoid,Isoeugenol,5932-68-3,IFRA_STD_048,,0.008,máximo,Perfumiarz: lista de alérgenos W19840_ALG_09-23.pdf,proveedor,https://perfumiarz.com/products/styrax-resinoide-vulcain,2026-10-01,Isoeugenol - 0.0080% - 0.0080%,"columna «Total» del proveedor (Firmenich: adición directa + indirecta por naturales + indirecta por síntesis), % del producto; las columnas parciales no se usan; emparejada por el nombre del alérgeno (el CAS va en otra línea de la celda)","corregida: Firmenich declara máximos históricos, no típicos"
fig:2914,8046-19-3,Styrax resinoid,Limonene,138-86-3,IFRA_STD_186,,0.006,máximo,Perfumiarz: lista de alérgenos W19840_ALG_09-23.pdf,proveedor,https://perfumiarz.com/products/styrax-resinoide-vulcain,2026-10-01,Limonene - 0.0060% - 0.0060%,"columna «Total» del proveedor (Firmenich: adición directa + indirecta por naturales + indirecta por síntesis), % del producto; las columnas parciales no se usan; emparejada por el nombre del alérgeno (el CAS va en otra línea de la celda)","corregida: Firmenich declara máximos históricos, no típicos"
fig:2914,8046-19-3,Styrax resinoid,Linalool,78-70-6,IFRA_STD_187,,0.008,máximo,Perfumiarz: lista de alérgenos W19840_ALG_09-23.pdf,proveedor,https://perfumiarz.com/products/styrax-resinoide-vulcain,2026-10-01,Linalool - 0.0080% - 0.0080%,"columna «Total» del proveedor (Firmenich: adición directa + indirecta por naturales + indirecta por síntesis), % del producto; las columnas parciales no se usan; emparejada por el nombre del alérgeno (el CAS va en otra línea de la celda)","corregida: Firmenich declara máximos históricos, no típicos"
fig:2914,8046-19-3,Styrax resinoid,Benzaldehyde,100-52-7,IFRA_STD_007,,0.0465,máximo,Perfumiarz: lista de alérgenos W19840_ALG_09-23.pdf,proveedor,https://perfumiarz.com/products/styrax-resinoide-vulcain,2026-10-01,Benzaldehyde 3 - 0.0465% - 0.0465%,"columna «Total» del proveedor (Firmenich: adición directa + indirecta por naturales + indirecta por síntesis), % del producto; las columnas parciales no se usan; emparejada por el nombre del alérgeno (el CAS va en otra línea de la celda)","corregida: Firmenich declara máximos históricos, no típicos"
fig:288,65443-14-3,"2,2,5-Trimethyl-5-pentylcyclopentanone",,,,,,sin-cifra,Perfumiarz: lista de alérgenos W22020_ALG_09-23.pdf,proveedor,https://perfumiarz.com/products/veloutone_,2026-10-01,,la lista no declara ningún alérgeno con estándar IFRA,sin cifra: no vale cero (§1.2)
fig:1701,57345-19-4,"Dodecahydro-3,8,8,11a-tetramethyl-5H-3,5a-epoxynaphth[2,1-c]oxepin",Benzyl Alcohol,100-51-6,IFRA_STD_008,,0.0009,máximo,Perfumiarz: lista de alérgenos W26050_ALG_03-20.pdf,proveedor,https://perfumiarz.com/products/z11-mip,2026-10-01,Benzyl Alcohol < 1ppm < 1ppm 0.0009% 0.0009%,"columna «Total» del proveedor (Firmenich: adición directa + indirecta por naturales + indirecta por síntesis), % del producto; las columnas parciales no se usan; emparejada por el nombre del alérgeno (el CAS va en otra línea de la celda)","corregida: Firmenich declara máximos históricos, no típicos"
fig:1627,112-31-2,Decanal,,,,,,sin-cifra,Perfumiarz: lista de alérgenos allerg.pdf,proveedor,https://perfumiarz.com/products/aldehyde-c10,2026-10-01,,la lista no declara ningún alérgeno con estándar IFRA,sin cifra: no vale cero (§1.2)
