material_id,cas,nombre,constituyente,cas_constituyente,estandar_ifra,min_pct,max_pct,tipo_valor,fuente,tipo_fuente,url,consultado,cita,notas,auditoria
fig:998,94350-09-1,Agarwood oil,Benzaldehyde,100-52-7,IFRA_STD_007,0.0557,0.0557,declarado,PerfumersWorld: certificado de conformidad de «agarwood oil siam» (7WU09890),proveedor,https://www.perfumersworld.com/document-list.php?pro_id=7WU09890,2026-10-02,BENZALDEHYDE 100-52-7 0.0557,tabla «IFRA Restringida materials» del certificado,aceptada
fig:1093,8007-70-3,Anise seed oil,Anis Aldehyde,123-11-5,IFRA_STD_054,3.1053,3.1053,declarado,PerfumersWorld: certificado de conformidad de «anise essential oil china» (7SB00041),proveedor,https://www.perfumersworld.com/document-list.php?pro_id=7SB00041,2026-10-02,ANIS ALDEHYDE 123-11-5 3.1053,tabla «IFRA Restringida materials» del certificado,aceptada
fig:1093,8007-70-3,Anise seed oil,Estragole,140-67-0,IFRA_STD_099,15.3291,15.3291,declarado,PerfumersWorld: certificado de conformidad de «anise essential oil china» (7SB00041),proveedor,https://www.perfumersworld.com/document-list.php?pro_id=7SB00041,2026-10-02,ESTRAGOLE 140-67-0 15.3291,tabla «IFRA Restringida materials» del certificado,aceptada
fig:1093,8007-70-3,Anise seed oil,D-Limonene,5989-27-5,IFRA_STD_186,0.2512,0.2512,declarado,PerfumersWorld: certificado de conformidad de «anise essential oil china» (7SB00041),proveedor,https://www.perfumersworld.com/document-list.php?pro_id=7SB00041,2026-10-02,D-LIMONENE 5989-27-5 0.2512,tabla «IFRA Restringida materials» del certificado,aceptada
fig:1093,8007-70-3,Anise seed oil,Linalool,78-70-6,IFRA_STD_187,1.1140,1.1140,declarado,PerfumersWorld: certificado de conformidad de «anise essential oil china» (7SB00041),proveedor,https://www.perfumersworld.com/document-list.php?pro_id=7SB00041,2026-10-02,LINALOOL 78-70-6 1.1140,tabla «IFRA Restringida materials» del certificado,aceptada
fig:1654,68845-36-3,Diethyldimethylcyclohex-2-en-1-one,"3,7-Dimethyl-3,6-Octadienal",1754-00-3,IFRA_STD_205,,,declarado,PerfumersWorld: certificado de conformidad de «azarbre» (4WB16858),proveedor,https://www.perfumersworld.com/document-list.php?pro_id=4WB16858,2026-10-02,"3,7-DIMETHYL-3,6-OCTADIENAL 1754-00-3 Less than 1 ppm",tabla «IFRA Restringida materials» del certificado,cifra ilegible
fig:1125,8015-73-4,"Basil oil, chemotype linalool",Benzaldehyde,100-52-7,IFRA_STD_007,0.0153,0.0153,declarado,PerfumersWorld: certificado de conformidad de «basil linalool oil egypt» (7PL24627),proveedor,https://www.perfumersworld.com/document-list.php?pro_id=7PL24627,2026-10-02,Benzaldehyde 100-52-7 0.0153,tabla «IFRA Restringida materials» del certificado,aceptada
fig:1125,8015-73-4,"Basil oil, chemotype linalool",Geraniol,106-24-1,IFRA_STD_037,0.1052,0.1052,declarado,PerfumersWorld: certificado de conformidad de «basil linalool oil egypt» (7PL24627),proveedor,https://www.perfumersworld.com/document-list.php?pro_id=7PL24627,2026-10-02,Geraniol 106-24-1 0.1052,tabla «IFRA Restringida materials» del certificado,aceptada
fig:1125,8015-73-4,"Basil oil, chemotype linalool",Estragole,140-67-0,IFRA_STD_099,2.0011,2.0011,declarado,PerfumersWorld: certificado de conformidad de «basil linalool oil egypt» (7PL24627),proveedor,https://www.perfumersworld.com/document-list.php?pro_id=7PL24627,2026-10-02,Estragole 140-67-0 2.0011,tabla «IFRA Restringida materials» del certificado,aceptada
fig:1125,8015-73-4,"Basil oil, chemotype linalool",Linalool,78-70-6,IFRA_STD_187,18.8408,18.8408,declarado,PerfumersWorld: certificado de conformidad de «basil linalool oil egypt» (7PL24627),proveedor,https://www.perfumersworld.com/document-list.php?pro_id=7PL24627,2026-10-02,Linalool 78-70-6 18.8408,tabla «IFRA Restringida materials» del certificado,aceptada
fig:1125,8015-73-4,"Basil oil, chemotype linalool",Methyl Eugenol,93-15-2,IFRA_STD_100,0.2884,0.2884,declarado,PerfumersWorld: certificado de conformidad de «basil linalool oil egypt» (7PL24627),proveedor,https://www.perfumersworld.com/document-list.php?pro_id=7PL24627,2026-10-02,Methyl eugenol 93-15-2 0.2884,tabla «IFRA Restringida materials» del certificado,aceptada
fig:1125,8015-73-4,"Basil oil, chemotype linalool",Eugenol,97-53-0,IFRA_STD_035,8.2795,8.2795,declarado,PerfumersWorld: certificado de conformidad de «basil linalool oil egypt» (7PL24627),proveedor,https://www.perfumersworld.com/document-list.php?pro_id=7PL24627,2026-10-02,Eugenol 97-53-0 8.2795,tabla «IFRA Restringida materials» del certificado,aceptada
fig:1125,8015-73-4,"Basil oil, chemotype linalool",Carvone,99-49-0,IFRA_STD_016,0.0435,0.0435,declarado,PerfumersWorld: certificado de conformidad de «basil linalool oil egypt» (7PL24627),proveedor,https://www.perfumersworld.com/document-list.php?pro_id=7PL24627,2026-10-02,Carvone 99-49-0 0.0435,tabla «IFRA Restringida materials» del certificado,aceptada
fig:1125,8015-73-4,"Basil oil, chemotype linalool",Linalyl Acetate,115-95-7,,0.0798,0.0798,declarado,PerfumersWorld: certificado de conformidad de «basil linalool oil egypt» (7PL24627),proveedor,https://www.perfumersworld.com/document-list.php?pro_id=7PL24627,2026-10-02,Linalyl Acetate 115-95-7 0.0798,declaración de alérgenos del certificado,sin estándar IFRA
fig:1125,8015-73-4,"Basil oil, chemotype linalool",Camphor,76-22-2,,0.9060,0.9060,declarado,PerfumersWorld: certificado de conformidad de «basil linalool oil egypt» (7PL24627),proveedor,https://www.perfumersworld.com/document-list.php?pro_id=7PL24627,2026-10-02,Camphor 76-22-2 0.9060,declaración de alérgenos del certificado,sin estándar IFRA
fig:1168,9000-72-0,"Benzoin resinoid, Siam",Benzyl Alcohol,100-51-6,IFRA_STD_008,0.0293,0.0293,declarado,PerfumersWorld: certificado de conformidad de «benzoin siam resinoid» (2QV00050),proveedor,https://www.perfumersworld.com/document-list.php?pro_id=2QV00050,2026-10-02,Benzyl alcohol 100-51-6 0.0293,tabla «IFRA Restringida materials» del certificado,aceptada
fig:1168,9000-72-0,"Benzoin resinoid, Siam",Benzyl Benzoate,120-51-4,IFRA_STD_009,2.1895,2.1895,declarado,PerfumersWorld: certificado de conformidad de «benzoin siam resinoid» (2QV00050),proveedor,https://www.perfumersworld.com/document-list.php?pro_id=2QV00050,2026-10-02,Benzyl benzoate 120-51-4 2.1895,tabla «IFRA Restringida materials» del certificado,aceptada
fig:1168,9000-72-0,"Benzoin resinoid, Siam",2-Methoxy-4-Propylphenol,2785-87-7,IFRA_STD_191,0.1212,0.1212,declarado,PerfumersWorld: certificado de conformidad de «benzoin siam resinoid» (2QV00050),proveedor,https://www.perfumersworld.com/document-list.php?pro_id=2QV00050,2026-10-02,2-Methoxy-4-propylphenol 2785-87-7 0.1212,tabla «IFRA Restringida materials» del certificado,aceptada
fig:1168,9000-72-0,"Benzoin resinoid, Siam",Propenylguaethol,94-86-0,IFRA_STD_190,1.7952,1.7952,declarado,PerfumersWorld: certificado de conformidad de «benzoin siam resinoid» (2QV00050),proveedor,https://www.perfumersworld.com/document-list.php?pro_id=2QV00050,2026-10-02,Propenylguaethol 94-86-0 1.7952,tabla «IFRA Restringida materials» del certificado,aceptada
fig:1168,9000-72-0,"Benzoin resinoid, Siam",Isoeugenol,97-54-1,IFRA_STD_048,0.1835,0.1835,declarado,PerfumersWorld: certificado de conformidad de «benzoin siam resinoid» (2QV00050),proveedor,https://www.perfumersworld.com/document-list.php?pro_id=2QV00050,2026-10-02,Isoeugenol 97-54-1 0.1835,tabla «IFRA Restringida materials» del certificado,aceptada
fig:1168,9000-72-0,"Benzoin resinoid, Siam",Vanillin,121-33-5,,1.9313,1.9313,declarado,PerfumersWorld: certificado de conformidad de «benzoin siam resinoid» (2QV00050),proveedor,https://www.perfumersworld.com/document-list.php?pro_id=2QV00050,2026-10-02,Vanillin 121-33-5 1.9313,declaración de alérgenos del certificado,sin estándar IFRA
fig:1168,9000-72-0,"Benzoin resinoid, Siam",Eugenyl Acetate,93-28-7,,0.0217,0.0217,declarado,PerfumersWorld: certificado de conformidad de «benzoin siam resinoid» (2QV00050),proveedor,https://www.perfumersworld.com/document-list.php?pro_id=2QV00050,2026-10-02,Eugenyl Acetate 93-28-7 0.0217,declaración de alérgenos del certificado,sin estándar IFRA
fig:1197,8007-75-8,Bergamot oil,Citral,5392-40-5,IFRA_STD_021,0.0296,0.0296,declarado,PerfumersWorld: certificado de conformidad de «bergamot essential oil» (7CL00061),proveedor,https://www.perfumersworld.com/document-list.php?pro_id=7CL00061,2026-10-02,Citral 5392-40-5 0.0296,tabla «IFRA Restringida materials» del certificado,aceptada
fig:1197,8007-75-8,Bergamot oil,Limonene,5989-27-5,IFRA_STD_186,33.0406,33.0406,declarado,PerfumersWorld: certificado de conformidad de «bergamot essential oil» (7CL00061),proveedor,https://www.perfumersworld.com/document-list.php?pro_id=7CL00061,2026-10-02,Limonene 5989-27-5 33.0406,tabla «IFRA Restringida materials» del certificado,aceptada
fig:1197,8007-75-8,Bergamot oil,Linalool,78-70-6,IFRA_STD_187,14.4754,14.4754,declarado,PerfumersWorld: certificado de conformidad de «bergamot essential oil» (7CL00061),proveedor,https://www.perfumersworld.com/document-list.php?pro_id=7CL00061,2026-10-02,Linalool 78-70-6 14.4754,tabla «IFRA Restringida materials» del certificado,aceptada
fig:1197,8007-75-8,Bergamot oil,Geranyl Acetate,105-87-3,,0.4259,0.4259,declarado,PerfumersWorld: certificado de conformidad de «bergamot essential oil» (7CL00061),proveedor,https://www.perfumersworld.com/document-list.php?pro_id=7CL00061,2026-10-02,Geranyl Acetate 105-87-3 0.4259,declaración de alérgenos del certificado,sin estándar IFRA
fig:1197,8007-75-8,Bergamot oil,Linalyl Acetate,115-95-7,,33.8807,33.8807,declarado,PerfumersWorld: certificado de conformidad de «bergamot essential oil» (7CL00061),proveedor,https://www.perfumersworld.com/document-list.php?pro_id=7CL00061,2026-10-02,Linalyl Acetate 115-95-7 33.8807,declaración de alérgenos del certificado,sin estándar IFRA
fig:1197,8007-75-8,Bergamot oil,Pinene,127-91-3,,7.5227,7.5227,declarado,PerfumersWorld: certificado de conformidad de «bergamot essential oil» (7CL00061),proveedor,https://www.perfumersworld.com/document-list.php?pro_id=7CL00061,2026-10-02,Pinene 127-91-3 7.5227,declaración de alérgenos del certificado,sin estándar IFRA
fig:1197,8007-75-8,Bergamot oil,Terpinolene,586-62-9,,6.8748,6.8748,declarado,PerfumersWorld: certificado de conformidad de «bergamot essential oil» (7CL00061),proveedor,https://www.perfumersworld.com/document-list.php?pro_id=7CL00061,2026-10-02,Terpinolene 586-62-9 6.8748,declaración de alérgenos del certificado,sin estándar IFRA
fig:1197,8007-75-8,Bergamot oil,Beta-Caryophyllene,87-44-5,,0.1310,0.1310,declarado,PerfumersWorld: certificado de conformidad de «bergamot essential oil» (7CL00061),proveedor,https://www.perfumersworld.com/document-list.php?pro_id=7CL00061,2026-10-02,Beta-Caryophyllene 87-44-5 0.1310,declaración de alérgenos del certificado,sin estándar IFRA
fig:1197,8007-75-8,Bergamot oil,Alpha-Terpinene,99-86-5,,0.0198,0.0198,declarado,PerfumersWorld: certificado de conformidad de «bergamot essential oil» (7CL00061),proveedor,https://www.perfumersworld.com/document-list.php?pro_id=7CL00061,2026-10-02,Alpha-Terpinene 99-86-5 0.0198,declaración de alérgenos del certificado,sin estándar IFRA
fig:1200,68648-33-9,"Bergamot oil, furocoumarin free",Citral,5392-40-5,IFRA_STD_021,0.8698,0.8698,declarado,PerfumersWorld: certificado de conformidad de «bergamot fcf oil sicilian» (7CL24020),proveedor,https://www.perfumersworld.com/document-list.php?pro_id=7CL24020,2026-10-02,CITRAL 5392-40-5 0.8698,tabla «IFRA Restringida materials» del certificado,aceptada
fig:1200,68648-33-9,"Bergamot oil, furocoumarin free",Limonene,5989-27-5,IFRA_STD_186,22.9646,22.9646,declarado,PerfumersWorld: certificado de conformidad de «bergamot fcf oil sicilian» (7CL24020),proveedor,https://www.perfumersworld.com/document-list.php?pro_id=7CL24020,2026-10-02,Limonene 5989-27-5 22.9646,tabla «IFRA Restringida materials» del certificado,aceptada
fig:1200,68648-33-9,"Bergamot oil, furocoumarin free",Linalool,78-70-6,IFRA_STD_187,13.0450,13.0450,declarado,PerfumersWorld: certificado de conformidad de «bergamot fcf oil sicilian» (7CL24020),proveedor,https://www.perfumersworld.com/document-list.php?pro_id=7CL24020,2026-10-02,Linalool 78-70-6 13.0450,tabla «IFRA Restringida materials» del certificado,aceptada
fig:1200,68648-33-9,"Bergamot oil, furocoumarin free",Geranyl Acetate,105-87-3,,1.0722,1.0722,declarado,PerfumersWorld: certificado de conformidad de «bergamot fcf oil sicilian» (7CL24020),proveedor,https://www.perfumersworld.com/document-list.php?pro_id=7CL24020,2026-10-02,Geranyl Acetate 105-87-3 1.0722,declaración de alérgenos del certificado,sin estándar IFRA
fig:1200,68648-33-9,"Bergamot oil, furocoumarin free",Linalyl Acetate,115-95-7,,20.9820,20.9820,declarado,PerfumersWorld: certificado de conformidad de «bergamot fcf oil sicilian» (7CL24020),proveedor,https://www.perfumersworld.com/document-list.php?pro_id=7CL24020,2026-10-02,Linalyl Acetate 115-95-7 20.9820,declaración de alérgenos del certificado,sin estándar IFRA
fig:1200,68648-33-9,"Bergamot oil, furocoumarin free",Pinene,127-91-3,,9.2908,9.2908,declarado,PerfumersWorld: certificado de conformidad de «bergamot fcf oil sicilian» (7CL24020),proveedor,https://www.perfumersworld.com/document-list.php?pro_id=7CL24020,2026-10-02,Pinene 127-91-3 9.2908,declaración de alérgenos del certificado,sin estándar IFRA
fig:1200,68648-33-9,"Bergamot oil, furocoumarin free",Terpinolene,586-62-9,,1.1305,1.1305,declarado,PerfumersWorld: certificado de conformidad de «bergamot fcf oil sicilian» (7CL24020),proveedor,https://www.perfumersworld.com/document-list.php?pro_id=7CL24020,2026-10-02,Terpinolene 586-62-9 1.1305,declaración de alérgenos del certificado,sin estándar IFRA
fig:1200,68648-33-9,"Bergamot oil, furocoumarin free",Camphor,76-22-2,,0.0260,0.0260,declarado,PerfumersWorld: certificado de conformidad de «bergamot fcf oil sicilian» (7CL24020),proveedor,https://www.perfumersworld.com/document-list.php?pro_id=7CL24020,2026-10-02,Camphor 76-22-2 0.0260,declaración de alérgenos del certificado,sin estándar IFRA
fig:1200,68648-33-9,"Bergamot oil, furocoumarin free",Pinene,80-56-8,,2.4592,2.4592,declarado,PerfumersWorld: certificado de conformidad de «bergamot fcf oil sicilian» (7CL24020),proveedor,https://www.perfumersworld.com/document-list.php?pro_id=7CL24020,2026-10-02,Pinene 80-56-8 2.4592,declaración de alérgenos del certificado,sin estándar IFRA
fig:1200,68648-33-9,"Bergamot oil, furocoumarin free",Beta-Caryophyllene,87-44-5,,1.0657,1.0657,declarado,PerfumersWorld: certificado de conformidad de «bergamot fcf oil sicilian» (7CL24020),proveedor,https://www.perfumersworld.com/document-list.php?pro_id=7CL24020,2026-10-02,Beta-Caryophyllene 87-44-5 1.0657,declaración de alérgenos del certificado,sin estándar IFRA
fig:1200,68648-33-9,"Bergamot oil, furocoumarin free",Terpineol,98-55-5,,0.4538,0.4538,declarado,PerfumersWorld: certificado de conformidad de «bergamot fcf oil sicilian» (7CL24020),proveedor,https://www.perfumersworld.com/document-list.php?pro_id=7CL24020,2026-10-02,Terpineol 98-55-5 0.4538,declaración de alérgenos del certificado,sin estándar IFRA
fig:1200,68648-33-9,"Bergamot oil, furocoumarin free",Gamma-Terpinene,99-85-4,,11.6939,11.6939,declarado,PerfumersWorld: certificado de conformidad de «bergamot fcf oil sicilian» (7CL24020),proveedor,https://www.perfumersworld.com/document-list.php?pro_id=7CL24020,2026-10-02,gamma-Terpinene 99-85-4 11.6939,declaración de alérgenos del certificado,sin estándar IFRA
fig:1200,68648-33-9,"Bergamot oil, furocoumarin free",Alpha-Terpinene,99-86-5,,0.2616,0.2616,declarado,PerfumersWorld: certificado de conformidad de «bergamot fcf oil sicilian» (7CL24020),proveedor,https://www.perfumersworld.com/document-list.php?pro_id=7CL24020,2026-10-02,Alpha-Terpinene 99-86-5 0.2616,declaración de alérgenos del certificado,sin estándar IFRA
fig:2547,68916-04-1,"Orange oil, bitter",Perilla Aldehyde,2111-75-3,IFRA_STD_052,0.0247,0.0247,declarado,PerfumersWorld: certificado de conformidad de «bitter orange essential oil» (7CA00849),proveedor,https://www.perfumersworld.com/document-list.php?pro_id=7CA00849,2026-10-02,PERILLA ALDEHYDE 2111-75-3 0.0247,tabla «IFRA Restringida materials» del certificado,aceptada
fig:2547,68916-04-1,"Orange oil, bitter",Citral,5392-40-5,IFRA_STD_021,0.1302,0.1302,declarado,PerfumersWorld: certificado de conformidad de «bitter orange essential oil» (7CA00849),proveedor,https://www.perfumersworld.com/document-list.php?pro_id=7CA00849,2026-10-02,CITRAL 5392-40-5 0.1302,tabla «IFRA Restringida materials» del certificado,aceptada
fig:2547,68916-04-1,"Orange oil, bitter",D-Limonene,5989-27-5,IFRA_STD_186,73.8329,73.8329,declarado,PerfumersWorld: certificado de conformidad de «bitter orange essential oil» (7CA00849),proveedor,https://www.perfumersworld.com/document-list.php?pro_id=7CA00849,2026-10-02,D-LIMONENE 5989-27-5 73.8329,tabla «IFRA Restringida materials» del certificado,aceptada
fig:2547,68916-04-1,"Orange oil, bitter",Linalool,78-70-6,IFRA_STD_187,0.0968,0.0968,declarado,PerfumersWorld: certificado de conformidad de «bitter orange essential oil» (7CA00849),proveedor,https://www.perfumersworld.com/document-list.php?pro_id=7CA00849,2026-10-02,LINALOOL 78-70-6 0.0968,tabla «IFRA Restringida materials» del certificado,aceptada
fig:2547,68916-04-1,"Orange oil, bitter",L-Carvone,99-49-0,IFRA_STD_016,0.5422,0.5422,declarado,PerfumersWorld: certificado de conformidad de «bitter orange essential oil» (7CA00849),proveedor,https://www.perfumersworld.com/document-list.php?pro_id=7CA00849,2026-10-02,L-CARVONE 99-49-0 0.5422,tabla «IFRA Restringida materials» del certificado,aceptada
fig:2548,68916-04-1,"Orange oil, bitter",Perilla Aldehyde,2111-75-3,IFRA_STD_052,0.0247,0.0247,declarado,PerfumersWorld: certificado de conformidad de «bitter orange essential oil» (7CA00849),proveedor,https://www.perfumersworld.com/document-list.php?pro_id=7CA00849,2026-10-02,PERILLA ALDEHYDE 2111-75-3 0.0247,tabla «IFRA Restringida materials» del certificado,aceptada
fig:2548,68916-04-1,"Orange oil, bitter",Citral,5392-40-5,IFRA_STD_021,0.1302,0.1302,declarado,PerfumersWorld: certificado de conformidad de «bitter orange essential oil» (7CA00849),proveedor,https://www.perfumersworld.com/document-list.php?pro_id=7CA00849,2026-10-02,CITRAL 5392-40-5 0.1302,tabla «IFRA Restringida materials» del certificado,aceptada
fig:2548,68916-04-1,"Orange oil, bitter",D-Limonene,5989-27-5,IFRA_STD_186,73.8329,73.8329,declarado,PerfumersWorld: certificado de conformidad de «bitter orange essential oil» (7CA00849),proveedor,https://www.perfumersworld.com/document-list.php?pro_id=7CA00849,2026-10-02,D-LIMONENE 5989-27-5 73.8329,tabla «IFRA Restringida materials» del certificado,aceptada
fig:2548,68916-04-1,"Orange oil, bitter",Linalool,78-70-6,IFRA_STD_187,0.0968,0.0968,declarado,PerfumersWorld: certificado de conformidad de «bitter orange essential oil» (7CA00849),proveedor,https://www.perfumersworld.com/document-list.php?pro_id=7CA00849,2026-10-02,LINALOOL 78-70-6 0.0968,tabla «IFRA Restringida materials» del certificado,aceptada
fig:2548,68916-04-1,"Orange oil, bitter",L-Carvone,99-49-0,IFRA_STD_016,0.5422,0.5422,declarado,PerfumersWorld: certificado de conformidad de «bitter orange essential oil» (7CA00849),proveedor,https://www.perfumersworld.com/document-list.php?pro_id=7CA00849,2026-10-02,L-CARVONE 99-49-0 0.5422,tabla «IFRA Restringida materials» del certificado,aceptada
fig:1388,8002-66-2,"Chamomile flower oil, blue",Citronellol,106-22-9,IFRA_STD_022,0.8680,0.8680,declarado,PerfumersWorld: certificado de conformidad de «blue chamomile essential oil» (7HF00102),proveedor,https://www.perfumersworld.com/document-list.php?pro_id=7HF00102,2026-10-02,CITRONELLOL 106-22-9 0.8680,tabla «IFRA Restringida materials» del certificado,aceptada
fig:1388,8002-66-2,"Chamomile flower oil, blue",Geraniol,106-24-1,IFRA_STD_037,0.5829,0.5829,declarado,PerfumersWorld: certificado de conformidad de «blue chamomile essential oil» (7HF00102),proveedor,https://www.perfumersworld.com/document-list.php?pro_id=7HF00102,2026-10-02,GERANIOL 106-24-1 0.5829,tabla «IFRA Restringida materials» del certificado,aceptada
fig:1388,8002-66-2,"Chamomile flower oil, blue",Benzyl Benzoate,120-51-4,IFRA_STD_009,0.1499,0.1499,declarado,PerfumersWorld: certificado de conformidad de «blue chamomile essential oil» (7HF00102),proveedor,https://www.perfumersworld.com/document-list.php?pro_id=7HF00102,2026-10-02,BENZYL BENZOATE 120-51-4 0.1499,tabla «IFRA Restringida materials» del certificado,aceptada
fig:1388,8002-66-2,"Chamomile flower oil, blue",Alpha-Bisabolol,515-69-5,IFRA_STD_192,0.0901,0.0901,declarado,PerfumersWorld: certificado de conformidad de «blue chamomile essential oil» (7HF00102),proveedor,https://www.perfumersworld.com/document-list.php?pro_id=7HF00102,2026-10-02,ALPHA-BISABOLOL 515-69-5 0.0901,tabla «IFRA Restringida materials» del certificado,aceptada
fig:1388,8002-66-2,"Chamomile flower oil, blue",Citral,5392-40-5,IFRA_STD_021,0.2121,0.2121,declarado,PerfumersWorld: certificado de conformidad de «blue chamomile essential oil» (7HF00102),proveedor,https://www.perfumersworld.com/document-list.php?pro_id=7HF00102,2026-10-02,CITRAL 5392-40-5 0.2121,tabla «IFRA Restringida materials» del certificado,aceptada
fig:1388,8002-66-2,"Chamomile flower oil, blue",Alpha-Thujone,546-80-5,IFRA_STD_102,0.9240,0.9240,declarado,PerfumersWorld: certificado de conformidad de «blue chamomile essential oil» (7HF00102),proveedor,https://www.perfumersworld.com/document-list.php?pro_id=7HF00102,2026-10-02,ALPHA-THUJONE 546-80-5 0.9240,tabla «IFRA Restringida materials» del certificado,aceptada
fig:1388,8002-66-2,"Chamomile flower oil, blue",Linalool,78-70-6,IFRA_STD_187,38.6365,38.6365,declarado,PerfumersWorld: certificado de conformidad de «blue chamomile essential oil» (7HF00102),proveedor,https://www.perfumersworld.com/document-list.php?pro_id=7HF00102,2026-10-02,LINALOOL 78-70-6 38.6365,tabla «IFRA Restringida materials» del certificado,aceptada
fig:1389,8002-66-2,"Chamomile flower oil, blue",Citronellol,106-22-9,IFRA_STD_022,0.8680,0.8680,declarado,PerfumersWorld: certificado de conformidad de «blue chamomile essential oil» (7HF00102),proveedor,https://www.perfumersworld.com/document-list.php?pro_id=7HF00102,2026-10-02,CITRONELLOL 106-22-9 0.8680,tabla «IFRA Restringida materials» del certificado,aceptada
fig:1389,8002-66-2,"Chamomile flower oil, blue",Geraniol,106-24-1,IFRA_STD_037,0.5829,0.5829,declarado,PerfumersWorld: certificado de conformidad de «blue chamomile essential oil» (7HF00102),proveedor,https://www.perfumersworld.com/document-list.php?pro_id=7HF00102,2026-10-02,GERANIOL 106-24-1 0.5829,tabla «IFRA Restringida materials» del certificado,aceptada
fig:1389,8002-66-2,"Chamomile flower oil, blue",Benzyl Benzoate,120-51-4,IFRA_STD_009,0.1499,0.1499,declarado,PerfumersWorld: certificado de conformidad de «blue chamomile essential oil» (7HF00102),proveedor,https://www.perfumersworld.com/document-list.php?pro_id=7HF00102,2026-10-02,BENZYL BENZOATE 120-51-4 0.1499,tabla «IFRA Restringida materials» del certificado,aceptada
fig:1389,8002-66-2,"Chamomile flower oil, blue",Alpha-Bisabolol,515-69-5,IFRA_STD_192,0.0901,0.0901,declarado,PerfumersWorld: certificado de conformidad de «blue chamomile essential oil» (7HF00102),proveedor,https://www.perfumersworld.com/document-list.php?pro_id=7HF00102,2026-10-02,ALPHA-BISABOLOL 515-69-5 0.0901,tabla «IFRA Restringida materials» del certificado,aceptada
fig:1389,8002-66-2,"Chamomile flower oil, blue",Citral,5392-40-5,IFRA_STD_021,0.2121,0.2121,declarado,PerfumersWorld: certificado de conformidad de «blue chamomile essential oil» (7HF00102),proveedor,https://www.perfumersworld.com/document-list.php?pro_id=7HF00102,2026-10-02,CITRAL 5392-40-5 0.2121,tabla «IFRA Restringida materials» del certificado,aceptada
fig:1389,8002-66-2,"Chamomile flower oil, blue",Alpha-Thujone,546-80-5,IFRA_STD_102,0.9240,0.9240,declarado,PerfumersWorld: certificado de conformidad de «blue chamomile essential oil» (7HF00102),proveedor,https://www.perfumersworld.com/document-list.php?pro_id=7HF00102,2026-10-02,ALPHA-THUJONE 546-80-5 0.9240,tabla «IFRA Restringida materials» del certificado,aceptada
fig:1389,8002-66-2,"Chamomile flower oil, blue",Linalool,78-70-6,IFRA_STD_187,38.6365,38.6365,declarado,PerfumersWorld: certificado de conformidad de «blue chamomile essential oil» (7HF00102),proveedor,https://www.perfumersworld.com/document-list.php?pro_id=7HF00102,2026-10-02,LINALOOL 78-70-6 38.6365,tabla «IFRA Restringida materials» del certificado,aceptada
fig:1280,68188-03-4,Cabreuva oil,Benzyl Benzoate,120-51-4,IFRA_STD_009,0.0945,0.0945,declarado,PerfumersWorld: certificado de conformidad de «cabreuva essential oil» (7LW00863),proveedor,https://www.perfumersworld.com/document-list.php?pro_id=7LW00863,2026-10-02,BENZYL BENZOATE 120-51-4 0.0945,tabla «IFRA Restringida materials» del certificado,aceptada
fig:1280,68188-03-4,Cabreuva oil,Farnesol,4602-84-0,IFRA_STD_036,2.1867,2.1867,declarado,PerfumersWorld: certificado de conformidad de «cabreuva essential oil» (7LW00863),proveedor,https://www.perfumersworld.com/document-list.php?pro_id=7LW00863,2026-10-02,FARNESOL 4602-84-0 2.1867,tabla «IFRA Restringida materials» del certificado,aceptada
fig:1280,68188-03-4,Cabreuva oil,Alpha-Bisabolol,515-69-5,IFRA_STD_192,4.6708,4.6708,declarado,PerfumersWorld: certificado de conformidad de «cabreuva essential oil» (7LW00863),proveedor,https://www.perfumersworld.com/document-list.php?pro_id=7LW00863,2026-10-02,ALPHA-BISABOLOL 515-69-5 4.6708,tabla «IFRA Restringida materials» del certificado,aceptada
fig:1280,68188-03-4,Cabreuva oil,Citral,5392-40-5,IFRA_STD_021,0.0859,0.0859,declarado,PerfumersWorld: certificado de conformidad de «cabreuva essential oil» (7LW00863),proveedor,https://www.perfumersworld.com/document-list.php?pro_id=7LW00863,2026-10-02,CITRAL 5392-40-5 0.0859,tabla «IFRA Restringida materials» del certificado,aceptada
fig:1280,68188-03-4,Cabreuva oil,D-Limonene,5989-27-5,IFRA_STD_186,0.0118,0.0118,declarado,PerfumersWorld: certificado de conformidad de «cabreuva essential oil» (7LW00863),proveedor,https://www.perfumersworld.com/document-list.php?pro_id=7LW00863,2026-10-02,D-LIMONENE 5989-27-5 0.0118,tabla «IFRA Restringida materials» del certificado,aceptada
fig:1289,8008-98-8,Cajuput oil,Safranal,116-26-7,IFRA_STD_082,0.0140,0.0140,declarado,PerfumersWorld: certificado de conformidad de «cajuput essential oil» (7BH00912),proveedor,https://www.perfumersworld.com/document-list.php?pro_id=7BH00912,2026-10-02,SAFRANAL 116-26-7 0.0140,tabla «IFRA Restringida materials» del certificado,aceptada
fig:1289,8008-98-8,Cajuput oil,Citral,5392-40-5,IFRA_STD_021,0.0338,0.0338,declarado,PerfumersWorld: certificado de conformidad de «cajuput essential oil» (7BH00912),proveedor,https://www.perfumersworld.com/document-list.php?pro_id=7BH00912,2026-10-02,CITRAL 5392-40-5 0.0338,tabla «IFRA Restringida materials» del certificado,aceptada
fig:1289,8008-98-8,Cajuput oil,D-Limonene,5989-27-5,IFRA_STD_186,1.0558,1.0558,declarado,PerfumersWorld: certificado de conformidad de «cajuput essential oil» (7BH00912),proveedor,https://www.perfumersworld.com/document-list.php?pro_id=7BH00912,2026-10-02,D-LIMONENE 5989-27-5 1.0558,tabla «IFRA Restringida materials» del certificado,aceptada
fig:1289,8008-98-8,Cajuput oil,Linalool,78-70-6,IFRA_STD_187,5.8164,5.8164,declarado,PerfumersWorld: certificado de conformidad de «cajuput essential oil» (7BH00912),proveedor,https://www.perfumersworld.com/document-list.php?pro_id=7BH00912,2026-10-02,LINALOOL 78-70-6 5.8164,tabla «IFRA Restringida materials» del certificado,aceptada
fig:1289,8008-98-8,Cajuput oil,L-Carvone,99-49-0,IFRA_STD_016,0.2291,0.2291,declarado,PerfumersWorld: certificado de conformidad de «cajuput essential oil» (7BH00912),proveedor,https://www.perfumersworld.com/document-list.php?pro_id=7BH00912,2026-10-02,L-CARVONE 99-49-0 0.2291,tabla «IFRA Restringida materials» del certificado,aceptada
fig:1297,8008-51-3,"Camphor oil, white",Isocitral,55722-59-3,IFRA_STD_205,0.0411,0.0411,declarado,PerfumersWorld: certificado de conformidad de «camphor white essential oil» (7BH00079),proveedor,https://www.perfumersworld.com/document-list.php?pro_id=7BH00079,2026-10-02,ISOCITRAL 55722-59-3 0.0411,tabla «IFRA Restringida materials» del certificado,aceptada
fig:1297,8008-51-3,"Camphor oil, white",D-Limonene,5989-27-5,IFRA_STD_186,25.0014,25.0014,declarado,PerfumersWorld: certificado de conformidad de «camphor white essential oil» (7BH00079),proveedor,https://www.perfumersworld.com/document-list.php?pro_id=7BH00079,2026-10-02,D-LIMONENE 5989-27-5 25.0014,tabla «IFRA Restringida materials» del certificado,aceptada
fig:1297,8008-51-3,"Camphor oil, white",L-Carvone,99-49-0,IFRA_STD_016,0.0523,0.0523,declarado,PerfumersWorld: certificado de conformidad de «camphor white essential oil» (7BH00079),proveedor,https://www.perfumersworld.com/document-list.php?pro_id=7BH00079,2026-10-02,L-CARVONE 99-49-0 0.0523,tabla «IFRA Restringida materials» del certificado,aceptada
fig:1299,68606-83-7,Cananga oil,Geraniol,106-24-1,IFRA_STD_037,0.4643,0.4643,declarado,PerfumersWorld: certificado de conformidad de «cananga essential oil» (7NJ00081),proveedor,https://www.perfumersworld.com/document-list.php?pro_id=7NJ00081,2026-10-02,GERANIOL 106-24-1 0.4643,tabla «IFRA Restringida materials» del certificado,aceptada
fig:1299,68606-83-7,Cananga oil,Benzyl Salicylate,118-58-1,IFRA_STD_011,0.7958,0.7958,declarado,PerfumersWorld: certificado de conformidad de «cananga essential oil» (7NJ00081),proveedor,https://www.perfumersworld.com/document-list.php?pro_id=7NJ00081,2026-10-02,BENZYL SALICYLATE 118-58-1 0.7958,tabla «IFRA Restringida materials» del certificado,aceptada
fig:1299,68606-83-7,Cananga oil,Benzyl Benzoate,120-51-4,IFRA_STD_009,5.4184,5.4184,declarado,PerfumersWorld: certificado de conformidad de «cananga essential oil» (7NJ00081),proveedor,https://www.perfumersworld.com/document-list.php?pro_id=7NJ00081,2026-10-02,BENZYL BENZOATE 120-51-4 5.4184,tabla «IFRA Restringida materials» del certificado,aceptada
fig:1299,68606-83-7,Cananga oil,Estragole,140-67-0,IFRA_STD_099,0.0521,0.0521,declarado,PerfumersWorld: certificado de conformidad de «cananga essential oil» (7NJ00081),proveedor,https://www.perfumersworld.com/document-list.php?pro_id=7NJ00081,2026-10-02,ESTRAGOLE 140-67-0 0.0521,tabla «IFRA Restringida materials» del certificado,aceptada
fig:1299,68606-83-7,Cananga oil,Farnesol,4602-84-0,IFRA_STD_036,0.9361,0.9361,declarado,PerfumersWorld: certificado de conformidad de «cananga essential oil» (7NJ00081),proveedor,https://www.perfumersworld.com/document-list.php?pro_id=7NJ00081,2026-10-02,FARNESOL 4602-84-0 0.9361,tabla «IFRA Restringida materials» del certificado,aceptada
fig:1299,68606-83-7,Cananga oil,Citral,5392-40-5,IFRA_STD_021,0.0258,0.0258,declarado,PerfumersWorld: certificado de conformidad de «cananga essential oil» (7NJ00081),proveedor,https://www.perfumersworld.com/document-list.php?pro_id=7NJ00081,2026-10-02,CITRAL 5392-40-5 0.0258,tabla «IFRA Restringida materials» del certificado,aceptada
fig:1299,68606-83-7,Cananga oil,Linalool,78-70-6,IFRA_STD_187,1.3013,1.3013,declarado,PerfumersWorld: certificado de conformidad de «cananga essential oil» (7NJ00081),proveedor,https://www.perfumersworld.com/document-list.php?pro_id=7NJ00081,2026-10-02,LINALOOL 78-70-6 1.3013,tabla «IFRA Restringida materials» del certificado,aceptada
fig:1299,68606-83-7,Cananga oil,Methyl Eugenol,93-15-2,IFRA_STD_100,0.0939,0.0939,declarado,PerfumersWorld: certificado de conformidad de «cananga essential oil» (7NJ00081),proveedor,https://www.perfumersworld.com/document-list.php?pro_id=7NJ00081,2026-10-02,METHYL EUGENOL 93-15-2 0.0939,tabla «IFRA Restringida materials» del certificado,aceptada
fig:1302,8000-42-8,Caraway seed oil,Perilla Aldehyde,2111-75-3,IFRA_STD_052,0.0818,0.0818,declarado,PerfumersWorld: certificado de conformidad de «caraway seed essential oil» (7SE00083),proveedor,https://www.perfumersworld.com/document-list.php?pro_id=7SE00083,2026-10-02,PERILLA ALDEHYDE 2111-75-3 0.0818,tabla «IFRA Restringida materials» del certificado,aceptada
fig:1302,8000-42-8,Caraway seed oil,Citral,5392-40-5,IFRA_STD_021,0.0245,0.0245,declarado,PerfumersWorld: certificado de conformidad de «caraway seed essential oil» (7SE00083),proveedor,https://www.perfumersworld.com/document-list.php?pro_id=7SE00083,2026-10-02,CITRAL 5392-40-5 0.0245,tabla «IFRA Restringida materials» del certificado,aceptada
fig:1302,8000-42-8,Caraway seed oil,D-Limonene,5989-27-5,IFRA_STD_186,26.3871,26.3871,declarado,PerfumersWorld: certificado de conformidad de «caraway seed essential oil» (7SE00083),proveedor,https://www.perfumersworld.com/document-list.php?pro_id=7SE00083,2026-10-02,D-LIMONENE 5989-27-5 26.3871,tabla «IFRA Restringida materials» del certificado,aceptada
fig:1302,8000-42-8,Caraway seed oil,Linalool,78-70-6,IFRA_STD_187,0.0380,0.0380,declarado,PerfumersWorld: certificado de conformidad de «caraway seed essential oil» (7SE00083),proveedor,https://www.perfumersworld.com/document-list.php?pro_id=7SE00083,2026-10-02,LINALOOL 78-70-6 0.0380,tabla «IFRA Restringida materials» del certificado,aceptada
fig:1302,8000-42-8,Caraway seed oil,L-Carvone,99-49-0,IFRA_STD_016,50.9386,50.9386,declarado,PerfumersWorld: certificado de conformidad de «caraway seed essential oil» (7SE00083),proveedor,https://www.perfumersworld.com/document-list.php?pro_id=7SE00083,2026-10-02,L-CARVONE 99-49-0 50.9386,tabla «IFRA Restringida materials» del certificado,aceptada
fig:1309,8000-66-6,Cardamom seed oil,Geraniol,106-24-1,IFRA_STD_037,0.6515,0.6515,declarado,PerfumersWorld: certificado de conformidad de «cardamom essential oil» (7SC00084),proveedor,https://www.perfumersworld.com/document-list.php?pro_id=7SC00084,2026-10-02,GERANIOL 106-24-1 0.6515,tabla «IFRA Restringida materials» del certificado,aceptada
fig:1309,8000-66-6,Cardamom seed oil,Citral,5392-40-5,IFRA_STD_021,0.1436,0.1436,declarado,PerfumersWorld: certificado de conformidad de «cardamom essential oil» (7SC00084),proveedor,https://www.perfumersworld.com/document-list.php?pro_id=7SC00084,2026-10-02,CITRAL 5392-40-5 0.1436,tabla «IFRA Restringida materials» del certificado,aceptada
fig:1309,8000-66-6,Cardamom seed oil,D-Limonene,5989-27-5,IFRA_STD_186,3.0061,3.0061,declarado,PerfumersWorld: certificado de conformidad de «cardamom essential oil» (7SC00084),proveedor,https://www.perfumersworld.com/document-list.php?pro_id=7SC00084,2026-10-02,D-LIMONENE 5989-27-5 3.0061,tabla «IFRA Restringida materials» del certificado,aceptada
fig:1309,8000-66-6,Cardamom seed oil,Linalool,78-70-6,IFRA_STD_187,1.3810,1.3810,declarado,PerfumersWorld: certificado de conformidad de «cardamom essential oil» (7SC00084),proveedor,https://www.perfumersworld.com/document-list.php?pro_id=7SC00084,2026-10-02,LINALOOL 78-70-6 1.3810,tabla «IFRA Restringida materials» del certificado,aceptada
fig:1309,8000-66-6,Cardamom seed oil,L-Carvone,99-49-0,IFRA_STD_016,0.0113,0.0113,declarado,PerfumersWorld: certificado de conformidad de «cardamom essential oil» (7SC00084),proveedor,https://www.perfumersworld.com/document-list.php?pro_id=7SC00084,2026-10-02,L-CARVONE 99-49-0 0.0113,tabla «IFRA Restringida materials» del certificado,aceptada
fig:1316,8015-88-1,Carrot seed oil,Geraniol,106-24-1,IFRA_STD_037,0.3534,0.3534,declarado,PerfumersWorld: certificado de conformidad de «carrot seed essential oil» (7IS00086),proveedor,https://www.perfumersworld.com/document-list.php?pro_id=7IS00086,2026-10-02,GERANIOL 106-24-1 0.3534,tabla «IFRA Restringida materials» del certificado,aceptada
fig:1316,8015-88-1,Carrot seed oil,Asarone,2883-98-9,IFRA_STD_110,0.2818,0.2818,declarado,PerfumersWorld: certificado de conformidad de «carrot seed essential oil» (7IS00086),proveedor,https://www.perfumersworld.com/document-list.php?pro_id=7IS00086,2026-10-02,ASARONE 2883-98-9 0.2818,tabla «IFRA Restringida materials» del certificado,aceptada
fig:1316,8015-88-1,Carrot seed oil,Citral,5392-40-5,IFRA_STD_021,0.0352,0.0352,declarado,PerfumersWorld: certificado de conformidad de «carrot seed essential oil» (7IS00086),proveedor,https://www.perfumersworld.com/document-list.php?pro_id=7IS00086,2026-10-02,CITRAL 5392-40-5 0.0352,tabla «IFRA Restringida materials» del certificado,aceptada
fig:1316,8015-88-1,Carrot seed oil,Linalool,78-70-6,IFRA_STD_187,0.1040,0.1040,declarado,PerfumersWorld: certificado de conformidad de «carrot seed essential oil» (7IS00086),proveedor,https://www.perfumersworld.com/document-list.php?pro_id=7IS00086,2026-10-02,LINALOOL 78-70-6 0.1040,tabla «IFRA Restringida materials» del certificado,aceptada
fig:1316,8015-88-1,Carrot seed oil,L-Carvone,99-49-0,IFRA_STD_016,0.0209,0.0209,declarado,PerfumersWorld: certificado de conformidad de «carrot seed essential oil» (7IS00086),proveedor,https://www.perfumersworld.com/document-list.php?pro_id=7IS00086,2026-10-02,L-CARVONE 99-49-0 0.0209,tabla «IFRA Restringida materials» del certificado,aceptada
fig:1332,8007-80-5,Cassia oil,Benzyl Alcohol,100-51-6,IFRA_STD_008,0.0239,0.0239,declarado,PerfumersWorld: certificado de conformidad de «cassia essential oil» (7SV00091),proveedor,https://www.perfumersworld.com/document-list.php?pro_id=7SV00091,2026-10-02,BENZYL ALCOHOL 100-51-6 0.0239,tabla «IFRA Restringida materials» del certificado,aceptada
fig:1332,8007-80-5,Cassia oil,Benzaldehyde,100-52-7,IFRA_STD_007,0.2873,0.2873,declarado,PerfumersWorld: certificado de conformidad de «cassia essential oil» (7SV00091),proveedor,https://www.perfumersworld.com/document-list.php?pro_id=7SV00091,2026-10-02,BENZALDEHYDE 100-52-7 0.2873,tabla «IFRA Restringida materials» del certificado,aceptada
fig:1332,8007-80-5,Cassia oil,Benzyl Cinnamate,103-41-3,IFRA_STD_010,0.0073,0.0073,declarado,PerfumersWorld: certificado de conformidad de «cassia essential oil» (7SV00091),proveedor,https://www.perfumersworld.com/document-list.php?pro_id=7SV00091,2026-10-02,BENZYL CINNAMATE 103-41-3 0.0073,tabla «IFRA Restringida materials» del certificado,aceptada
fig:1332,8007-80-5,Cassia oil,Cinnamic Alcohol,104-54-1,IFRA_STD_017,0.0350,0.0350,declarado,PerfumersWorld: certificado de conformidad de «cassia essential oil» (7SV00091),proveedor,https://www.perfumersworld.com/document-list.php?pro_id=7SV00091,2026-10-02,CINNAMIC ALCOHOL 104-54-1 0.0350,tabla «IFRA Restringida materials» del certificado,aceptada
fig:1332,8007-80-5,Cassia oil,Cinnamic Aldehyde,104-55-2,IFRA_STD_018,0.0673,0.0673,declarado,PerfumersWorld: certificado de conformidad de «cassia essential oil» (7SV00091),proveedor,https://www.perfumersworld.com/document-list.php?pro_id=7SV00091,2026-10-02,CINNAMIC ALDEHYDE 104-55-2 0.0673,tabla «IFRA Restringida materials» del certificado,aceptada
fig:1332,8007-80-5,Cassia oil,Benzyl Benzoate,120-51-4,IFRA_STD_009,0.0716,0.0716,declarado,PerfumersWorld: certificado de conformidad de «cassia essential oil» (7SV00091),proveedor,https://www.perfumersworld.com/document-list.php?pro_id=7SV00091,2026-10-02,BENZYL BENZOATE 120-51-4 0.0716,tabla «IFRA Restringida materials» del certificado,aceptada
fig:1332,8007-80-5,Cassia oil,Phenylacetaldehyde,122-78-1,IFRA_STD_073,0.0036,0.0036,declarado,PerfumersWorld: certificado de conformidad de «cassia essential oil» (7SV00091),proveedor,https://www.perfumersworld.com/document-list.php?pro_id=7SV00091,2026-10-02,PHENYLACETALDEHYDE 122-78-1 0.0036,tabla «IFRA Restringida materials» del certificado,aceptada
fig:1332,8007-80-5,Cassia oil,O-Methoxycinnamaldehyde,1504-74-1,IFRA_STD_055,0.2387,0.2387,declarado,PerfumersWorld: certificado de conformidad de «cassia essential oil» (7SV00091),proveedor,https://www.perfumersworld.com/document-list.php?pro_id=7SV00091,2026-10-02,O-METHOXYCINNAMALDEHYDE 1504-74-1 0.2387,tabla «IFRA Restringida materials» del certificado,aceptada
fig:1332,8007-80-5,Cassia oil,Coumarin,91-64-5,IFRA_STD_023,0.0796,0.0796,declarado,PerfumersWorld: certificado de conformidad de «cassia essential oil» (7SV00091),proveedor,https://www.perfumersworld.com/document-list.php?pro_id=7SV00091,2026-10-02,COUMARIN 91-64-5 0.0796,tabla «IFRA Restringida materials» del certificado,aceptada
fig:1332,8007-80-5,Cassia oil,Safrole,94-59-7,IFRA_STD_179,0.0130,0.0130,declarado,PerfumersWorld: certificado de conformidad de «cassia essential oil» (7SV00091),proveedor,https://www.perfumersworld.com/document-list.php?pro_id=7SV00091,2026-10-02,SAFROLE 94-59-7 0.0130,tabla «IFRA Restringida materials» del certificado,aceptada
fig:1332,8007-80-5,Cassia oil,Eugenol,97-53-0,IFRA_STD_035,0.7767,0.7767,declarado,PerfumersWorld: certificado de conformidad de «cassia essential oil» (7SV00091),proveedor,https://www.perfumersworld.com/document-list.php?pro_id=7SV00091,2026-10-02,EUGENOL 97-53-0 0.7767,tabla «IFRA Restringida materials» del certificado,aceptada
fig:1367,8000-27-9,"Cedarwood oil, Virginian",Alpha-Bisabolol,515-69-5,IFRA_STD_192,0.5385,0.5385,declarado,PerfumersWorld: certificado de conformidad de «cedarwood virginian essential oil» (7WW00095),proveedor,https://www.perfumersworld.com/document-list.php?pro_id=7WW00095,2026-10-02,alpha-Bisabolol 515-69-5 0.5385,tabla «IFRA Restringida materials» del certificado,aceptada
fig:1367,8000-27-9,"Cedarwood oil, Virginian",Cedrene,546-28-1,IFRA_STD_197,26.6631,26.6631,declarado,PerfumersWorld: certificado de conformidad de «cedarwood virginian essential oil» (7WW00095),proveedor,https://www.perfumersworld.com/document-list.php?pro_id=7WW00095,2026-10-02,Cedrene 546-28-1 26.6631,tabla «IFRA Restringida materials» del certificado,aceptada
fig:1367,8000-27-9,"Cedarwood oil, Virginian",Terpineol,98-55-5,,0.0062,0.0062,declarado,PerfumersWorld: certificado de conformidad de «cedarwood virginian essential oil» (7WW00095),proveedor,https://www.perfumersworld.com/document-list.php?pro_id=7WW00095,2026-10-02,Terpineol 98-55-5 0.0062,declaración de alérgenos del certificado,sin estándar IFRA
fig:1385,8015-90-5,Celery seed oil,D-Carvone,2244-16-8,IFRA_STD_016,0.0220,0.0220,declarado,PerfumersWorld: certificado de conformidad de «celery seed essential oil» (7SH00100),proveedor,https://www.perfumersworld.com/document-list.php?pro_id=7SH00100,2026-10-02,D-CARVONE 2244-16-8 0.0220,tabla «IFRA Restringida materials» del certificado,aceptada
fig:1385,8015-90-5,Celery seed oil,1-Octen-3-Yl Acetate,2442-10-6,IFRA_STD_069,0.0171,0.0171,declarado,PerfumersWorld: certificado de conformidad de «celery seed essential oil» (7SH00100),proveedor,https://www.perfumersworld.com/document-list.php?pro_id=7SH00100,2026-10-02,1-OCTEN-3-YL ACETATE 2442-10-6 0.0171,tabla «IFRA Restringida materials» del certificado,aceptada
fig:1385,8015-90-5,Celery seed oil,Linalool,78-70-6,IFRA_STD_187,0.0604,0.0604,declarado,PerfumersWorld: certificado de conformidad de «celery seed essential oil» (7SH00100),proveedor,https://www.perfumersworld.com/document-list.php?pro_id=7SH00100,2026-10-02,LINALOOL 78-70-6 0.0604,tabla «IFRA Restringida materials» del certificado,aceptada
fig:1385,8015-90-5,Celery seed oil,L-Carvone,99-49-0,IFRA_STD_016,0.1778,0.1778,declarado,PerfumersWorld: certificado de conformidad de «celery seed essential oil» (7SH00100),proveedor,https://www.perfumersworld.com/document-list.php?pro_id=7SH00100,2026-10-02,L-CARVONE 99-49-0 0.1778,tabla «IFRA Restringida materials» del certificado,aceptada
fig:2220,78-70-6,Linalool,Geraniol,106-24-1,IFRA_STD_037,0.3303,0.3303,declarado,PerfumersWorld: certificado de conformidad de «champaca leaf essential oil» (7LN08199),proveedor,https://www.perfumersworld.com/document-list.php?pro_id=7LN08199,2026-10-02,GERANIOL 106-24-1 0.3303,tabla «IFRA Restringida materials» del certificado,aceptada
fig:2220,78-70-6,Linalool,"Damascone, Beta",23726-91-2,IFRA_STD_077,0.0432,0.0432,declarado,PerfumersWorld: certificado de conformidad de «champaca leaf essential oil» (7LN08199),proveedor,https://www.perfumersworld.com/document-list.php?pro_id=7LN08199,2026-10-02,"DAMASCONE, BETA 23726-91-2 0.0432",tabla «IFRA Restringida materials» del certificado,aceptada
fig:2220,78-70-6,Linalool,Citral,5392-40-5,IFRA_STD_021,0.0171,0.0171,declarado,PerfumersWorld: certificado de conformidad de «champaca leaf essential oil» (7LN08199),proveedor,https://www.perfumersworld.com/document-list.php?pro_id=7LN08199,2026-10-02,CITRAL 5392-40-5 0.0171,tabla «IFRA Restringida materials» del certificado,aceptada
fig:2220,78-70-6,Linalool,D-Limonene,5989-27-5,IFRA_STD_186,0.1123,0.1123,declarado,PerfumersWorld: certificado de conformidad de «champaca leaf essential oil» (7LN08199),proveedor,https://www.perfumersworld.com/document-list.php?pro_id=7LN08199,2026-10-02,D-LIMONENE 5989-27-5 0.1123,tabla «IFRA Restringida materials» del certificado,aceptada
fig:2220,78-70-6,Linalool,Methyl Eugenol,93-15-2,IFRA_STD_100,0.4972,0.4972,declarado,PerfumersWorld: certificado de conformidad de «champaca leaf essential oil» (7LN08199),proveedor,https://www.perfumersworld.com/document-list.php?pro_id=7LN08199,2026-10-02,METHYL EUGENOL 93-15-2 0.4972,tabla «IFRA Restringida materials» del certificado,aceptada
fig:2220,78-70-6,Linalool,Safrole,94-59-7,IFRA_STD_179,0.0370,0.0370,declarado,PerfumersWorld: certificado de conformidad de «champaca leaf essential oil» (7LN08199),proveedor,https://www.perfumersworld.com/document-list.php?pro_id=7LN08199,2026-10-02,SAFROLE 94-59-7 0.0370,tabla «IFRA Restringida materials» del certificado,aceptada
fig:1404,8015-91-6,Cinnamon leaf oil,Benzaldehyde,100-52-7,IFRA_STD_007,0.1210,0.1210,declarado,PerfumersWorld: certificado de conformidad de «cinnamon leaf essential oil» (7SV00108),proveedor,https://www.perfumersworld.com/document-list.php?pro_id=7SV00108,2026-10-02,BENZALDEHYDE 100-52-7 0.1210,tabla «IFRA Restringida materials» del certificado,aceptada
fig:1404,8015-91-6,Cinnamon leaf oil,Cinnamic Alcohol,104-54-1,IFRA_STD_017,0.0827,0.0827,declarado,PerfumersWorld: certificado de conformidad de «cinnamon leaf essential oil» (7SV00108),proveedor,https://www.perfumersworld.com/document-list.php?pro_id=7SV00108,2026-10-02,CINNAMIC ALCOHOL 104-54-1 0.0827,tabla «IFRA Restringida materials» del certificado,aceptada
fig:1404,8015-91-6,Cinnamon leaf oil,Cinnamic Aldehyde,104-55-2,IFRA_STD_018,0.7154,0.7154,declarado,PerfumersWorld: certificado de conformidad de «cinnamon leaf essential oil» (7SV00108),proveedor,https://www.perfumersworld.com/document-list.php?pro_id=7SV00108,2026-10-02,CINNAMIC ALDEHYDE 104-55-2 0.7154,tabla «IFRA Restringida materials» del certificado,aceptada
fig:1404,8015-91-6,Cinnamon leaf oil,Benzyl Benzoate,120-51-4,IFRA_STD_009,5.2560,5.2560,declarado,PerfumersWorld: certificado de conformidad de «cinnamon leaf essential oil» (7SV00108),proveedor,https://www.perfumersworld.com/document-list.php?pro_id=7SV00108,2026-10-02,BENZYL BENZOATE 120-51-4 5.2560,tabla «IFRA Restringida materials» del certificado,aceptada
fig:1404,8015-91-6,Cinnamon leaf oil,D-Limonene,5989-27-5,IFRA_STD_186,0.2284,0.2284,declarado,PerfumersWorld: certificado de conformidad de «cinnamon leaf essential oil» (7SV00108),proveedor,https://www.perfumersworld.com/document-list.php?pro_id=7SV00108,2026-10-02,D-LIMONENE 5989-27-5 0.2284,tabla «IFRA Restringida materials» del certificado,aceptada
fig:1404,8015-91-6,Cinnamon leaf oil,Linalool,78-70-6,IFRA_STD_187,2.5778,2.5778,declarado,PerfumersWorld: certificado de conformidad de «cinnamon leaf essential oil» (7SV00108),proveedor,https://www.perfumersworld.com/document-list.php?pro_id=7SV00108,2026-10-02,LINALOOL 78-70-6 2.5778,tabla «IFRA Restringida materials» del certificado,aceptada
fig:1404,8015-91-6,Cinnamon leaf oil,Methyl Eugenol,93-15-2,IFRA_STD_100,0.0273,0.0273,declarado,PerfumersWorld: certificado de conformidad de «cinnamon leaf essential oil» (7SV00108),proveedor,https://www.perfumersworld.com/document-list.php?pro_id=7SV00108,2026-10-02,METHYL EUGENOL 93-15-2 0.0273,tabla «IFRA Restringida materials» del certificado,aceptada
fig:1404,8015-91-6,Cinnamon leaf oil,Safrole,94-59-7,IFRA_STD_179,1.0988,1.0988,declarado,PerfumersWorld: certificado de conformidad de «cinnamon leaf essential oil» (7SV00108),proveedor,https://www.perfumersworld.com/document-list.php?pro_id=7SV00108,2026-10-02,SAFROLE 94-59-7 1.0988,tabla «IFRA Restringida materials» del certificado,aceptada
fig:1404,8015-91-6,Cinnamon leaf oil,Eugenol,97-53-0,IFRA_STD_035,54.1618,54.1618,declarado,PerfumersWorld: certificado de conformidad de «cinnamon leaf essential oil» (7SV00108),proveedor,https://www.perfumersworld.com/document-list.php?pro_id=7SV00108,2026-10-02,EUGENOL 97-53-0 54.1618,tabla «IFRA Restringida materials» del certificado,aceptada
fig:1404,8015-91-6,Cinnamon leaf oil,Isoeugenol,97-54-1,IFRA_STD_048,9.4556,9.4556,declarado,PerfumersWorld: certificado de conformidad de «cinnamon leaf essential oil» (7SV00108),proveedor,https://www.perfumersworld.com/document-list.php?pro_id=7SV00108,2026-10-02,ISOEUGENOL 97-54-1 9.4556,tabla «IFRA Restringida materials» del certificado,aceptada
fig:1497,91771-50-5,Citrus hystrix extract,Citronellol,106-22-9,IFRA_STD_022,0.5170,0.5170,declarado,PerfumersWorld: certificado de conformidad de «citrus hystrix lime essential oil» (7CK01152),proveedor,https://www.perfumersworld.com/document-list.php?pro_id=7CK01152,2026-10-02,CITRONELLOL 106-22-9 0.5170,tabla «IFRA Restringida materials» del certificado,aceptada
fig:1497,91771-50-5,Citrus hystrix extract,D-Limonene,5989-27-5,IFRA_STD_186,21.7608,21.7608,declarado,PerfumersWorld: certificado de conformidad de «citrus hystrix lime essential oil» (7CK01152),proveedor,https://www.perfumersworld.com/document-list.php?pro_id=7CK01152,2026-10-02,D-LIMONENE 5989-27-5 21.7608,tabla «IFRA Restringida materials» del certificado,aceptada
fig:1497,91771-50-5,Citrus hystrix extract,Linalool,78-70-6,IFRA_STD_187,0.5280,0.5280,declarado,PerfumersWorld: certificado de conformidad de «citrus hystrix lime essential oil» (7CK01152),proveedor,https://www.perfumersworld.com/document-list.php?pro_id=7CK01152,2026-10-02,LINALOOL 78-70-6 0.5280,tabla «IFRA Restringida materials» del certificado,aceptada
fig:1497,91771-50-5,Citrus hystrix extract,L-Carvone,99-49-0,IFRA_STD_016,0.0524,0.0524,declarado,PerfumersWorld: certificado de conformidad de «citrus hystrix lime essential oil» (7CK01152),proveedor,https://www.perfumersworld.com/document-list.php?pro_id=7CK01152,2026-10-02,L-CARVONE 99-49-0 0.0524,tabla «IFRA Restringida materials» del certificado,aceptada
fig:1497,91771-50-5,Citrus hystrix extract,Citronellol,106-22-9,IFRA_STD_022,3.6793,3.6793,declarado,PerfumersWorld: certificado de conformidad de «citrus hystrix lime leaf essential oil» (7CK01077),proveedor,https://www.perfumersworld.com/document-list.php?pro_id=7CK01077,2026-10-02,CITRONELLOL 106-22-9 3.6793,tabla «IFRA Restringida materials» del certificado,aceptada
fig:1497,91771-50-5,Citrus hystrix extract,Citronellal,106-23-0,IFRA_STD_206,70.2603,70.2603,declarado,PerfumersWorld: certificado de conformidad de «citrus hystrix lime leaf essential oil» (7CK01077),proveedor,https://www.perfumersworld.com/document-list.php?pro_id=7CK01077,2026-10-02,CITRONELLAL 106-23-0 70.2603,tabla «IFRA Restringida materials» del certificado,aceptada
fig:1497,91771-50-5,Citrus hystrix extract,Geraniol,106-24-1,IFRA_STD_037,0.0403,0.0403,declarado,PerfumersWorld: certificado de conformidad de «citrus hystrix lime leaf essential oil» (7CK01077),proveedor,https://www.perfumersworld.com/document-list.php?pro_id=7CK01077,2026-10-02,GERANIOL 106-24-1 0.0403,tabla «IFRA Restringida materials» del certificado,aceptada
fig:1497,91771-50-5,Citrus hystrix extract,Estragole,140-67-0,IFRA_STD_099,0.0436,0.0436,declarado,PerfumersWorld: certificado de conformidad de «citrus hystrix lime leaf essential oil» (7CK01077),proveedor,https://www.perfumersworld.com/document-list.php?pro_id=7CK01077,2026-10-02,ESTRAGOLE 140-67-0 0.0436,tabla «IFRA Restringida materials» del certificado,aceptada
fig:1497,91771-50-5,Citrus hystrix extract,D-Limonene,5989-27-5,IFRA_STD_186,0.1836,0.1836,declarado,PerfumersWorld: certificado de conformidad de «citrus hystrix lime leaf essential oil» (7CK01077),proveedor,https://www.perfumersworld.com/document-list.php?pro_id=7CK01077,2026-10-02,D-LIMONENE 5989-27-5 0.1836,tabla «IFRA Restringida materials» del certificado,aceptada
fig:1497,91771-50-5,Citrus hystrix extract,Linalool,78-70-6,IFRA_STD_187,2.9272,2.9272,declarado,PerfumersWorld: certificado de conformidad de «citrus hystrix lime leaf essential oil» (7CK01077),proveedor,https://www.perfumersworld.com/document-list.php?pro_id=7CK01077,2026-10-02,LINALOOL 78-70-6 2.9272,tabla «IFRA Restringida materials» del certificado,aceptada
fig:1506,8016-63-5,Clary sage oil,Geraniol,106-24-1,IFRA_STD_037,0.8027,0.8027,declarado,PerfumersWorld: certificado de conformidad de «clary sage essential oil» (7HH00121),proveedor,https://www.perfumersworld.com/document-list.php?pro_id=7HH00121,2026-10-02,GERANIOL 106-24-1 0.8027,tabla «IFRA Restringida materials» del certificado,aceptada
fig:1506,8016-63-5,Clary sage oil,Sclareol,515-03-7,IFRA_STD_183,0.5147,0.5147,declarado,PerfumersWorld: certificado de conformidad de «clary sage essential oil» (7HH00121),proveedor,https://www.perfumersworld.com/document-list.php?pro_id=7HH00121,2026-10-02,SCLAREOL 515-03-7 0.5147,tabla «IFRA Restringida materials» del certificado,aceptada
fig:1506,8016-63-5,Clary sage oil,Citral,5392-40-5,IFRA_STD_021,0.2525,0.2525,declarado,PerfumersWorld: certificado de conformidad de «clary sage essential oil» (7HH00121),proveedor,https://www.perfumersworld.com/document-list.php?pro_id=7HH00121,2026-10-02,CITRAL 5392-40-5 0.2525,tabla «IFRA Restringida materials» del certificado,aceptada
fig:1506,8016-63-5,Clary sage oil,Limonene,5989-27-5,IFRA_STD_186,0.1372,0.1372,declarado,PerfumersWorld: certificado de conformidad de «clary sage essential oil» (7HH00121),proveedor,https://www.perfumersworld.com/document-list.php?pro_id=7HH00121,2026-10-02,LIMONENE 5989-27-5 0.1372,tabla «IFRA Restringida materials» del certificado,aceptada
fig:1506,8016-63-5,Clary sage oil,Linalool,78-70-6,IFRA_STD_187,22.5743,22.5743,declarado,PerfumersWorld: certificado de conformidad de «clary sage essential oil» (7HH00121),proveedor,https://www.perfumersworld.com/document-list.php?pro_id=7HH00121,2026-10-02,LINALOOL 78-70-6 22.5743,tabla «IFRA Restringida materials» del certificado,aceptada
fig:1506,8016-63-5,Clary sage oil,Beta-Caryophyllene,91-64-5,IFRA_STD_023,0.0177,0.0177,declarado,PerfumersWorld: certificado de conformidad de «clary sage essential oil» (7HH00121),proveedor,https://www.perfumersworld.com/document-list.php?pro_id=7HH00121,2026-10-02,BETA-CARYOPHYLLENE 91-64-5 0.0177,tabla «IFRA Restringida materials» del certificado,aceptada
fig:1506,8016-63-5,Clary sage oil,Geranyl Acetate,105-87-3,,1.8241,1.8241,declarado,PerfumersWorld: certificado de conformidad de «clary sage essential oil» (7HH00121),proveedor,https://www.perfumersworld.com/document-list.php?pro_id=7HH00121,2026-10-02,Geranyl Acetate 105-87-3 1.8241,declaración de alérgenos del certificado,sin estándar IFRA
fig:1506,8016-63-5,Clary sage oil,Linalyl Acetate,115-95-7,,47.2966,47.2966,declarado,PerfumersWorld: certificado de conformidad de «clary sage essential oil» (7HH00121),proveedor,https://www.perfumersworld.com/document-list.php?pro_id=7HH00121,2026-10-02,Linalyl Acetate 115-95-7 47.2966,declaración de alérgenos del certificado,sin estándar IFRA
fig:1506,8016-63-5,Clary sage oil,Camphor,76-22-2,,0.0174,0.0174,declarado,PerfumersWorld: certificado de conformidad de «clary sage essential oil» (7HH00121),proveedor,https://www.perfumersworld.com/document-list.php?pro_id=7HH00121,2026-10-02,Camphor 76-22-2 0.0174,declaración de alérgenos del certificado,sin estándar IFRA
fig:1506,8016-63-5,Clary sage oil,Beta-Caryophyllene,87-44-5,,0.8592,0.8592,declarado,PerfumersWorld: certificado de conformidad de «clary sage essential oil» (7HH00121),proveedor,https://www.perfumersworld.com/document-list.php?pro_id=7HH00121,2026-10-02,Beta-Caryophyllene 87-44-5 0.8592,declaración de alérgenos del certificado,sin estándar IFRA
fig:1506,8016-63-5,Clary sage oil,Alpha-Terpinene,99-86-5,,0.0241,0.0241,declarado,PerfumersWorld: certificado de conformidad de «clary sage essential oil» (7HH00121),proveedor,https://www.perfumersworld.com/document-list.php?pro_id=7HH00121,2026-10-02,Alpha-Terpinene 99-86-5 0.0241,declaración de alérgenos del certificado,sin estándar IFRA
fig:1510,8000-34-8,Clove bud oil,2-Methoxy-4-Propylphenol,2785-87-7,IFRA_STD_191,0.0238,0.0238,declarado,PerfumersWorld: certificado de conformidad de «clove bud essential oil» (7SP00122),proveedor,https://www.perfumersworld.com/document-list.php?pro_id=7SP00122,2026-10-02,2-METHOXY-4-PROPYLPHENOL 2785-87-7 0.0238,tabla «IFRA Restringida materials» del certificado,aceptada
fig:1510,8000-34-8,Clove bud oil,Eugenol,97-53-0,IFRA_STD_035,81.6634,81.6634,declarado,PerfumersWorld: certificado de conformidad de «clove bud essential oil» (7SP00122),proveedor,https://www.perfumersworld.com/document-list.php?pro_id=7SP00122,2026-10-02,EUGENOL 97-53-0 81.6634,tabla «IFRA Restringida materials» del certificado,aceptada
fig:1510,8000-34-8,Clove bud oil,Isoeugenol,97-54-1,IFRA_STD_048,0.0871,0.0871,declarado,PerfumersWorld: certificado de conformidad de «clove bud essential oil» (7SP00122),proveedor,https://www.perfumersworld.com/document-list.php?pro_id=7SP00122,2026-10-02,ISOEUGENOL 97-54-1 0.0871,tabla «IFRA Restringida materials» del certificado,aceptada
fig:1511,8000-34-8,Clove leaf oil,Eugenol,97-53-0,IFRA_STD_035,85.3000,85.3000,declarado,PerfumersWorld: certificado de conformidad de «clove leaf essential oil» (7SP00123),proveedor,https://www.perfumersworld.com/document-list.php?pro_id=7SP00123,2026-10-02,EUGENOL 97-53-0 85.3000,tabla «IFRA Restringida materials» del certificado,aceptada
fig:1540,8014-13-9,Cumin seed oil,Cuminaldehyde,122-03-2,IFRA_STD_024,34.2920,34.2920,declarado,PerfumersWorld: certificado de conformidad de «cumin seed essential oil» (7SU00130),proveedor,https://www.perfumersworld.com/document-list.php?pro_id=7SU00130,2026-10-02,CUMINALDEHYDE 122-03-2 34.2920,tabla «IFRA Restringida materials» del certificado,aceptada
fig:1540,8014-13-9,Cumin seed oil,Cuminyl Alcohol,536-60-7,IFRA_STD_194,0.8671,0.8671,declarado,PerfumersWorld: certificado de conformidad de «cumin seed essential oil» (7SU00130),proveedor,https://www.perfumersworld.com/document-list.php?pro_id=7SU00130,2026-10-02,CUMINYL ALCOHOL 536-60-7 0.8671,tabla «IFRA Restringida materials» del certificado,aceptada
fig:1540,8014-13-9,Cumin seed oil,D-Limonene,5989-27-5,IFRA_STD_186,0.0391,0.0391,declarado,PerfumersWorld: certificado de conformidad de «cumin seed essential oil» (7SU00130),proveedor,https://www.perfumersworld.com/document-list.php?pro_id=7SU00130,2026-10-02,D-LIMONENE 5989-27-5 0.0391,tabla «IFRA Restringida materials» del certificado,aceptada
fig:1540,8014-13-9,Cumin seed oil,Linalool,78-70-6,IFRA_STD_187,0.0419,0.0419,declarado,PerfumersWorld: certificado de conformidad de «cumin seed essential oil» (7SU00130),proveedor,https://www.perfumersworld.com/document-list.php?pro_id=7SU00130,2026-10-02,LINALOOL 78-70-6 0.0419,tabla «IFRA Restringida materials» del certificado,aceptada
fig:1711,8023-89-0,Elemi oil,Citral,141-27-5,IFRA_STD_021,0.0359,0.0359,declarado,PerfumersWorld: certificado de conformidad de «elemi essential oil» (7QC00902),proveedor,https://www.perfumersworld.com/document-list.php?pro_id=7QC00902,2026-10-02,Citral 141-27-5 0.0359,tabla «IFRA Restringida materials» del certificado,aceptada
fig:1711,8023-89-0,Elemi oil,Limonene,5989-27-5,IFRA_STD_186,45.0869,45.0869,declarado,PerfumersWorld: certificado de conformidad de «elemi essential oil» (7QC00902),proveedor,https://www.perfumersworld.com/document-list.php?pro_id=7QC00902,2026-10-02,Limonene 5989-27-5 45.0869,tabla «IFRA Restringida materials» del certificado,aceptada
fig:1711,8023-89-0,Elemi oil,Methyl Eugenol,93-15-2,IFRA_STD_100,0.3068,0.3068,declarado,PerfumersWorld: certificado de conformidad de «elemi essential oil» (7QC00902),proveedor,https://www.perfumersworld.com/document-list.php?pro_id=7QC00902,2026-10-02,Methyl eugenol 93-15-2 0.3068,tabla «IFRA Restringida materials» del certificado,aceptada
fig:1711,8023-89-0,Elemi oil,Carvone,99-49-0,IFRA_STD_016,0.1230,0.1230,declarado,PerfumersWorld: certificado de conformidad de «elemi essential oil» (7QC00902),proveedor,https://www.perfumersworld.com/document-list.php?pro_id=7QC00902,2026-10-02,Carvone 99-49-0 0.1230,tabla «IFRA Restringida materials» del certificado,aceptada
fig:1711,8023-89-0,Elemi oil,Camphor,464-49-3,,0.0334,0.0334,declarado,PerfumersWorld: certificado de conformidad de «elemi essential oil» (7QC00902),proveedor,https://www.perfumersworld.com/document-list.php?pro_id=7QC00902,2026-10-02,Camphor 464-49-3 0.0334,declaración de alérgenos del certificado,sin estándar IFRA
fig:1711,8023-89-0,Elemi oil,Terpinolene,586-62-9,,0.5133,0.5133,declarado,PerfumersWorld: certificado de conformidad de «elemi essential oil» (7QC00902),proveedor,https://www.perfumersworld.com/document-list.php?pro_id=7QC00902,2026-10-02,Terpinolene 586-62-9 0.5133,declaración de alérgenos del certificado,sin estándar IFRA
fig:1711,8023-89-0,Elemi oil,Pinene,80-56-8,,0.3888,0.3888,declarado,PerfumersWorld: certificado de conformidad de «elemi essential oil» (7QC00902),proveedor,https://www.perfumersworld.com/document-list.php?pro_id=7QC00902,2026-10-02,Pinene 80-56-8 0.3888,declaración de alérgenos del certificado,sin estándar IFRA
fig:1711,8023-89-0,Elemi oil,Terpineol,98-55-5,,3.0843,3.0843,declarado,PerfumersWorld: certificado de conformidad de «elemi essential oil» (7QC00902),proveedor,https://www.perfumersworld.com/document-list.php?pro_id=7QC00902,2026-10-02,Terpineol 98-55-5 3.0843,declaración de alérgenos del certificado,sin estándar IFRA
fig:1711,8023-89-0,Elemi oil,Gamma-Terpinene,99-85-4,,0.0507,0.0507,declarado,PerfumersWorld: certificado de conformidad de «elemi essential oil» (7QC00902),proveedor,https://www.perfumersworld.com/document-list.php?pro_id=7QC00902,2026-10-02,gamma-Terpinene 99-85-4 0.0507,declaración de alérgenos del certificado,sin estándar IFRA
fig:1711,8023-89-0,Elemi oil,Alpha-Terpinene,99-86-5,,0.0545,0.0545,declarado,PerfumersWorld: certificado de conformidad de «elemi essential oil» (7QC00902),proveedor,https://www.perfumersworld.com/document-list.php?pro_id=7QC00902,2026-10-02,Alpha-Terpinene 99-86-5 0.0545,declaración de alérgenos del certificado,sin estándar IFRA
fig:1831,8000-48-4,Eucalyptus oil,Citronellol,106-22-9,IFRA_STD_022,7.8245,7.8245,declarado,PerfumersWorld: certificado de conformidad de «eucalyptus citriodora essential oil» (7CC00914),proveedor,https://www.perfumersworld.com/document-list.php?pro_id=7CC00914,2026-10-02,CITRONELLOL 106-22-9 7.8245,tabla «IFRA Restringida materials» del certificado,aceptada
fig:1831,8000-48-4,Eucalyptus oil,Citronellal,106-23-0,IFRA_STD_206,38.4365,38.4365,declarado,PerfumersWorld: certificado de conformidad de «eucalyptus citriodora essential oil» (7CC00914),proveedor,https://www.perfumersworld.com/document-list.php?pro_id=7CC00914,2026-10-02,CITRONELLAL 106-23-0 38.4365,tabla «IFRA Restringida materials» del certificado,aceptada
fig:1831,8000-48-4,Eucalyptus oil,D-Limonene,138-86-3,IFRA_STD_186,0.0463,0.0463,declarado,PerfumersWorld: certificado de conformidad de «eucalyptus citriodora essential oil» (7CC00914),proveedor,https://www.perfumersworld.com/document-list.php?pro_id=7CC00914,2026-10-02,D-LIMONENE 138-86-3 0.0463,tabla «IFRA Restringida materials» del certificado,aceptada
fig:1831,8000-48-4,Eucalyptus oil,Linalool,78-70-6,IFRA_STD_187,0.2653,0.2653,declarado,PerfumersWorld: certificado de conformidad de «eucalyptus citriodora essential oil» (7CC00914),proveedor,https://www.perfumersworld.com/document-list.php?pro_id=7CC00914,2026-10-02,LINALOOL 78-70-6 0.2653,tabla «IFRA Restringida materials» del certificado,aceptada
fig:1831,8000-48-4,Eucalyptus oil,Methyl Eugenol,93-15-2,IFRA_STD_100,0.0327,0.0327,declarado,PerfumersWorld: certificado de conformidad de «eucalyptus citriodora essential oil» (7CC00914),proveedor,https://www.perfumersworld.com/document-list.php?pro_id=7CC00914,2026-10-02,METHYL EUGENOL 93-15-2 0.0327,tabla «IFRA Restringida materials» del certificado,aceptada
fig:1831,8000-48-4,Eucalyptus oil,Limonene,5989-27-5,IFRA_STD_186,4.0063,4.0063,declarado,PerfumersWorld: certificado de conformidad de «eucalyptus globulus essential oil» (7BH00182),proveedor,https://www.perfumersworld.com/document-list.php?pro_id=7BH00182,2026-10-02,Limonene 5989-27-5 4.0063,tabla «IFRA Restringida materials» del certificado,aceptada
fig:1831,8000-48-4,Eucalyptus oil,Carvone,99-49-0,IFRA_STD_016,0.2804,0.2804,declarado,PerfumersWorld: certificado de conformidad de «eucalyptus globulus essential oil» (7BH00182),proveedor,https://www.perfumersworld.com/document-list.php?pro_id=7BH00182,2026-10-02,Carvone 99-49-0 0.2804,tabla «IFRA Restringida materials» del certificado,aceptada
fig:1831,8000-48-4,Eucalyptus oil,Pinene,80-56-8,,0.8634,0.8634,declarado,PerfumersWorld: certificado de conformidad de «eucalyptus globulus essential oil» (7BH00182),proveedor,https://www.perfumersworld.com/document-list.php?pro_id=7BH00182,2026-10-02,Pinene 80-56-8 0.8634,declaración de alérgenos del certificado,sin estándar IFRA
fig:1831,8000-48-4,Eucalyptus oil,Terpineol,98-55-5,,0.0296,0.0296,declarado,PerfumersWorld: certificado de conformidad de «eucalyptus globulus essential oil» (7BH00182),proveedor,https://www.perfumersworld.com/document-list.php?pro_id=7BH00182,2026-10-02,Terpineol 98-55-5 0.0296,declaración de alérgenos del certificado,sin estándar IFRA
fig:1847,8006-84-6,"Fennel oil, sweet",Anis Aldehyde,123-11-5,IFRA_STD_054,1.0000,1.0000,declarado,PerfumersWorld: certificado de conformidad de «fennel sweet essential oil» (7SB00189),proveedor,https://www.perfumersworld.com/document-list.php?pro_id=7SB00189,2026-10-02,ANIS ALDEHYDE 123-11-5 1.0000,tabla «IFRA Restringida materials» del certificado,aceptada
fig:1847,8006-84-6,"Fennel oil, sweet",Estragole,140-67-0,IFRA_STD_099,3.0000,3.0000,declarado,PerfumersWorld: certificado de conformidad de «fennel sweet essential oil» (7SB00189),proveedor,https://www.perfumersworld.com/document-list.php?pro_id=7SB00189,2026-10-02,ESTRAGOLE 140-67-0 3.0000,tabla «IFRA Restringida materials» del certificado,aceptada
fig:1859,8021-28-1,"Fir needle oil, Chinese",Benzyl Alcohol,100-51-6,IFRA_STD_008,0.0201,0.0201,declarado,PerfumersWorld: certificado de conformidad de «fir essential oil» (7KG07758),proveedor,https://www.perfumersworld.com/document-list.php?pro_id=7KG07758,2026-10-02,BENZYL ALCOHOL 100-51-6 0.0201,tabla «IFRA Restringida materials» del certificado,aceptada
fig:1859,8021-28-1,"Fir needle oil, Chinese",Cuminaldehyde,122-03-2,IFRA_STD_024,0.0314,0.0314,declarado,PerfumersWorld: certificado de conformidad de «fir essential oil» (7KG07758),proveedor,https://www.perfumersworld.com/document-list.php?pro_id=7KG07758,2026-10-02,CUMINALDEHYDE 122-03-2 0.0314,tabla «IFRA Restringida materials» del certificado,aceptada
fig:1859,8021-28-1,"Fir needle oil, Chinese",Alpha-Bisabolol,515-69-5,IFRA_STD_192,0.5140,0.5140,declarado,PerfumersWorld: certificado de conformidad de «fir essential oil» (7KG07758),proveedor,https://www.perfumersworld.com/document-list.php?pro_id=7KG07758,2026-10-02,ALPHA-BISABOLOL 515-69-5 0.5140,tabla «IFRA Restringida materials» del certificado,aceptada
fig:1859,8021-28-1,"Fir needle oil, Chinese",D-Limonene,5989-27-5,IFRA_STD_186,6.3682,6.3682,declarado,PerfumersWorld: certificado de conformidad de «fir essential oil» (7KG07758),proveedor,https://www.perfumersworld.com/document-list.php?pro_id=7KG07758,2026-10-02,D-LIMONENE 5989-27-5 6.3682,tabla «IFRA Restringida materials» del certificado,aceptada
fig:1859,8021-28-1,"Fir needle oil, Chinese",L-Carvone,99-49-0,IFRA_STD_016,0.0274,0.0274,declarado,PerfumersWorld: certificado de conformidad de «fir essential oil» (7KG07758),proveedor,https://www.perfumersworld.com/document-list.php?pro_id=7KG07758,2026-10-02,L-CARVONE 99-49-0 0.0274,tabla «IFRA Restringida materials» del certificado,aceptada
tl:frangipani-absolute,94350-02-4,Frangipani absolute,Benzyl Alcohol,100-51-6,IFRA_STD_008,0.2475,0.2475,declarado,PerfumersWorld: certificado de conformidad de «frangipani absolute» (8ON00534),proveedor,https://www.perfumersworld.com/document-list.php?pro_id=8ON00534,2026-10-02,BENZYL ALCOHOL 100-51-6 0.2475,tabla «IFRA Restringida materials» del certificado,aceptada
tl:frangipani-absolute,94350-02-4,Frangipani absolute,Benzaldehyde,100-52-7,IFRA_STD_007,0.0501,0.0501,declarado,PerfumersWorld: certificado de conformidad de «frangipani absolute» (8ON00534),proveedor,https://www.perfumersworld.com/document-list.php?pro_id=8ON00534,2026-10-02,BENZALDEHYDE 100-52-7 0.0501,tabla «IFRA Restringida materials» del certificado,aceptada
tl:frangipani-absolute,94350-02-4,Frangipani absolute,Citronellol,106-22-9,IFRA_STD_022,0.3794,0.3794,declarado,PerfumersWorld: certificado de conformidad de «frangipani absolute» (8ON00534),proveedor,https://www.perfumersworld.com/document-list.php?pro_id=8ON00534,2026-10-02,CITRONELLOL 106-22-9 0.3794,tabla «IFRA Restringida materials» del certificado,aceptada
tl:frangipani-absolute,94350-02-4,Frangipani absolute,Benzyl Salicylate,118-58-1,IFRA_STD_011,9.0958,9.0958,declarado,PerfumersWorld: certificado de conformidad de «frangipani absolute» (8ON00534),proveedor,https://www.perfumersworld.com/document-list.php?pro_id=8ON00534,2026-10-02,BENZYL SALICYLATE 118-58-1 9.0958,tabla «IFRA Restringida materials» del certificado,aceptada
tl:frangipani-absolute,94350-02-4,Frangipani absolute,Benzyl Benzoate,120-51-4,IFRA_STD_009,1.6552,1.6552,declarado,PerfumersWorld: certificado de conformidad de «frangipani absolute» (8ON00534),proveedor,https://www.perfumersworld.com/document-list.php?pro_id=8ON00534,2026-10-02,BENZYL BENZOATE 120-51-4 1.6552,tabla «IFRA Restringida materials» del certificado,aceptada
tl:frangipani-absolute,94350-02-4,Frangipani absolute,Citral,5392-40-5,IFRA_STD_021,0.0785,0.0785,declarado,PerfumersWorld: certificado de conformidad de «frangipani absolute» (8ON00534),proveedor,https://www.perfumersworld.com/document-list.php?pro_id=8ON00534,2026-10-02,CITRAL 5392-40-5 0.0785,tabla «IFRA Restringida materials» del certificado,aceptada
tl:frangipani-absolute,94350-02-4,Frangipani absolute,Linalool,78-70-6,IFRA_STD_187,0.7789,0.7789,declarado,PerfumersWorld: certificado de conformidad de «frangipani absolute» (8ON00534),proveedor,https://www.perfumersworld.com/document-list.php?pro_id=8ON00534,2026-10-02,LINALOOL 78-70-6 0.7789,tabla «IFRA Restringida materials» del certificado,aceptada
fig:1884,8023-91-4,Galbanum oil,Isocitral,55722-59-3,IFRA_STD_205,0.0535,0.0535,declarado,PerfumersWorld: certificado de conformidad de «galbanum essential oil» (7GQ00200),proveedor,https://www.perfumersworld.com/document-list.php?pro_id=7GQ00200,2026-10-02,ISOCITRAL 55722-59-3 0.0535,tabla «IFRA Restringida materials» del certificado,aceptada
fig:1884,8023-91-4,Galbanum oil,D-Limonene,5989-27-5,IFRA_STD_186,1.2616,1.2616,declarado,PerfumersWorld: certificado de conformidad de «galbanum essential oil» (7GQ00200),proveedor,https://www.perfumersworld.com/document-list.php?pro_id=7GQ00200,2026-10-02,D-LIMONENE 5989-27-5 1.2616,tabla «IFRA Restringida materials» del certificado,aceptada
fig:1910,8000-46-2,Geranium oil,Citronellol,106-22-9,IFRA_STD_022,21.3364,21.3364,declarado,PerfumersWorld: certificado de conformidad de «geranium bourbon essential oil» (7RB00930),proveedor,https://www.perfumersworld.com/document-list.php?pro_id=7RB00930,2026-10-02,CITRONELLOL 106-22-9 21.3364,tabla «IFRA Restringida materials» del certificado,aceptada
fig:1910,8000-46-2,Geranium oil,Citronellal,106-23-0,IFRA_STD_206,0.0618,0.0618,declarado,PerfumersWorld: certificado de conformidad de «geranium bourbon essential oil» (7RB00930),proveedor,https://www.perfumersworld.com/document-list.php?pro_id=7RB00930,2026-10-02,CITRONELLAL 106-23-0 0.0618,tabla «IFRA Restringida materials» del certificado,aceptada
fig:1910,8000-46-2,Geranium oil,Geraniol,106-24-1,IFRA_STD_037,13.6149,13.6149,declarado,PerfumersWorld: certificado de conformidad de «geranium bourbon essential oil» (7RB00930),proveedor,https://www.perfumersworld.com/document-list.php?pro_id=7RB00930,2026-10-02,GERANIOL 106-24-1 13.6149,tabla «IFRA Restringida materials» del certificado,aceptada
fig:1910,8000-46-2,Geranium oil,Citral,5392-40-5,IFRA_STD_021,0.4870,0.4870,declarado,PerfumersWorld: certificado de conformidad de «geranium bourbon essential oil» (7RB00930),proveedor,https://www.perfumersworld.com/document-list.php?pro_id=7RB00930,2026-10-02,CITRAL 5392-40-5 0.4870,tabla «IFRA Restringida materials» del certificado,aceptada
fig:1910,8000-46-2,Geranium oil,D-Limonene,5989-27-5,IFRA_STD_186,0.0955,0.0955,declarado,PerfumersWorld: certificado de conformidad de «geranium bourbon essential oil» (7RB00930),proveedor,https://www.perfumersworld.com/document-list.php?pro_id=7RB00930,2026-10-02,D-LIMONENE 5989-27-5 0.0955,tabla «IFRA Restringida materials» del certificado,aceptada
fig:1910,8000-46-2,Geranium oil,Linalool,78-70-6,IFRA_STD_187,2.7383,2.7383,declarado,PerfumersWorld: certificado de conformidad de «geranium bourbon essential oil» (7RB00930),proveedor,https://www.perfumersworld.com/document-list.php?pro_id=7RB00930,2026-10-02,LINALOOL 78-70-6 2.7383,tabla «IFRA Restringida materials» del certificado,aceptada
fig:1910,8000-46-2,Geranium oil,Citronellol,106-22-9,IFRA_STD_022,30.6802,30.6802,declarado,PerfumersWorld: certificado de conformidad de «geranium essential oil» (7RB00205),proveedor,https://www.perfumersworld.com/document-list.php?pro_id=7RB00205,2026-10-02,CITRONELLOL 106-22-9 30.6802,tabla «IFRA Restringida materials» del certificado,aceptada
fig:1910,8000-46-2,Geranium oil,Citronellal,106-23-0,IFRA_STD_206,0.0525,0.0525,declarado,PerfumersWorld: certificado de conformidad de «geranium essential oil» (7RB00205),proveedor,https://www.perfumersworld.com/document-list.php?pro_id=7RB00205,2026-10-02,CITRONELLAL 106-23-0 0.0525,tabla «IFRA Restringida materials» del certificado,aceptada
fig:1910,8000-46-2,Geranium oil,Geraniol,106-24-1,IFRA_STD_037,12.1771,12.1771,declarado,PerfumersWorld: certificado de conformidad de «geranium essential oil» (7RB00205),proveedor,https://www.perfumersworld.com/document-list.php?pro_id=7RB00205,2026-10-02,GERANIOL 106-24-1 12.1771,tabla «IFRA Restringida materials» del certificado,aceptada
fig:1910,8000-46-2,Geranium oil,Citral,5392-40-5,IFRA_STD_021,1.0048,1.0048,declarado,PerfumersWorld: certificado de conformidad de «geranium essential oil» (7RB00205),proveedor,https://www.perfumersworld.com/document-list.php?pro_id=7RB00205,2026-10-02,CITRAL 5392-40-5 1.0048,tabla «IFRA Restringida materials» del certificado,aceptada
fig:1910,8000-46-2,Geranium oil,D-Limonene,5989-27-5,IFRA_STD_186,0.0788,0.0788,declarado,PerfumersWorld: certificado de conformidad de «geranium essential oil» (7RB00205),proveedor,https://www.perfumersworld.com/document-list.php?pro_id=7RB00205,2026-10-02,D-LIMONENE 5989-27-5 0.0788,tabla «IFRA Restringida materials» del certificado,aceptada
fig:1910,8000-46-2,Geranium oil,Linalool,78-70-6,IFRA_STD_187,4.5194,4.5194,declarado,PerfumersWorld: certificado de conformidad de «geranium essential oil» (7RB00205),proveedor,https://www.perfumersworld.com/document-list.php?pro_id=7RB00205,2026-10-02,LINALOOL 78-70-6 4.5194,tabla «IFRA Restringida materials» del certificado,aceptada
fig:1950,8016-20-4,Grapefruit oil,Perilla Aldehyde,2111-75-3,IFRA_STD_052,0.0234,0.0234,declarado,PerfumersWorld: certificado de conformidad de «grapefruit pink essential oil» (7CN00210),proveedor,https://www.perfumersworld.com/document-list.php?pro_id=7CN00210,2026-10-02,Perilla aldehyde 2111-75-3 0.0234,tabla «IFRA Restringida materials» del certificado,aceptada
fig:1950,8016-20-4,Grapefruit oil,Citral,5392-40-5,IFRA_STD_021,0.1426,0.1426,declarado,PerfumersWorld: certificado de conformidad de «grapefruit pink essential oil» (7CN00210),proveedor,https://www.perfumersworld.com/document-list.php?pro_id=7CN00210,2026-10-02,Citral 5392-40-5 0.1426,tabla «IFRA Restringida materials» del certificado,aceptada
fig:1950,8016-20-4,Grapefruit oil,Limonene,5989-27-5,IFRA_STD_186,77.9384,77.9384,declarado,PerfumersWorld: certificado de conformidad de «grapefruit pink essential oil» (7CN00210),proveedor,https://www.perfumersworld.com/document-list.php?pro_id=7CN00210,2026-10-02,Limonene 5989-27-5 77.9384,tabla «IFRA Restringida materials» del certificado,aceptada
fig:1950,8016-20-4,Grapefruit oil,Linalool,78-70-6,IFRA_STD_187,0.8860,0.8860,declarado,PerfumersWorld: certificado de conformidad de «grapefruit pink essential oil» (7CN00210),proveedor,https://www.perfumersworld.com/document-list.php?pro_id=7CN00210,2026-10-02,Linalool 78-70-6 0.8860,tabla «IFRA Restringida materials» del certificado,aceptada
fig:1950,8016-20-4,Grapefruit oil,Carvone,99-49-0,IFRA_STD_016,0.1110,0.1110,declarado,PerfumersWorld: certificado de conformidad de «grapefruit pink essential oil» (7CN00210),proveedor,https://www.perfumersworld.com/document-list.php?pro_id=7CN00210,2026-10-02,Carvone 99-49-0 0.1110,tabla «IFRA Restringida materials» del certificado,aceptada
fig:1950,8016-20-4,Grapefruit oil,Pinene,80-56-8,,1.0405,1.0405,declarado,PerfumersWorld: certificado de conformidad de «grapefruit pink essential oil» (7CN00210),proveedor,https://www.perfumersworld.com/document-list.php?pro_id=7CN00210,2026-10-02,Pinene 80-56-8 1.0405,declaración de alérgenos del certificado,sin estándar IFRA
fig:1950,8016-20-4,Grapefruit oil,Terpineol,98-55-5,,0.2072,0.2072,declarado,PerfumersWorld: certificado de conformidad de «grapefruit pink essential oil» (7CN00210),proveedor,https://www.perfumersworld.com/document-list.php?pro_id=7CN00210,2026-10-02,Terpineol 98-55-5 0.2072,declaración de alérgenos del certificado,sin estándar IFRA
fig:1950,8016-20-4,Grapefruit oil,Alpha-Terpinene,99-86-5,,0.0073,0.0073,declarado,PerfumersWorld: certificado de conformidad de «grapefruit pink essential oil» (7CN00210),proveedor,https://www.perfumersworld.com/document-list.php?pro_id=7CN00210,2026-10-02,Alpha-Terpinene 99-86-5 0.0073,declaración de alérgenos del certificado,sin estándar IFRA
fig:1951,8016-20-4,Grapefruit oil,Perilla Aldehyde,2111-75-3,IFRA_STD_052,0.0234,0.0234,declarado,PerfumersWorld: certificado de conformidad de «grapefruit pink essential oil» (7CN00210),proveedor,https://www.perfumersworld.com/document-list.php?pro_id=7CN00210,2026-10-02,Perilla aldehyde 2111-75-3 0.0234,tabla «IFRA Restringida materials» del certificado,aceptada
fig:1951,8016-20-4,Grapefruit oil,Citral,5392-40-5,IFRA_STD_021,0.1426,0.1426,declarado,PerfumersWorld: certificado de conformidad de «grapefruit pink essential oil» (7CN00210),proveedor,https://www.perfumersworld.com/document-list.php?pro_id=7CN00210,2026-10-02,Citral 5392-40-5 0.1426,tabla «IFRA Restringida materials» del certificado,aceptada
fig:1951,8016-20-4,Grapefruit oil,Limonene,5989-27-5,IFRA_STD_186,77.9384,77.9384,declarado,PerfumersWorld: certificado de conformidad de «grapefruit pink essential oil» (7CN00210),proveedor,https://www.perfumersworld.com/document-list.php?pro_id=7CN00210,2026-10-02,Limonene 5989-27-5 77.9384,tabla «IFRA Restringida materials» del certificado,aceptada
fig:1951,8016-20-4,Grapefruit oil,Linalool,78-70-6,IFRA_STD_187,0.8860,0.8860,declarado,PerfumersWorld: certificado de conformidad de «grapefruit pink essential oil» (7CN00210),proveedor,https://www.perfumersworld.com/document-list.php?pro_id=7CN00210,2026-10-02,Linalool 78-70-6 0.8860,tabla «IFRA Restringida materials» del certificado,aceptada
fig:1951,8016-20-4,Grapefruit oil,Carvone,99-49-0,IFRA_STD_016,0.1110,0.1110,declarado,PerfumersWorld: certificado de conformidad de «grapefruit pink essential oil» (7CN00210),proveedor,https://www.perfumersworld.com/document-list.php?pro_id=7CN00210,2026-10-02,Carvone 99-49-0 0.1110,tabla «IFRA Restringida materials» del certificado,aceptada
fig:1951,8016-20-4,Grapefruit oil,Pinene,80-56-8,,1.0405,1.0405,declarado,PerfumersWorld: certificado de conformidad de «grapefruit pink essential oil» (7CN00210),proveedor,https://www.perfumersworld.com/document-list.php?pro_id=7CN00210,2026-10-02,Pinene 80-56-8 1.0405,declaración de alérgenos del certificado,sin estándar IFRA
fig:1951,8016-20-4,Grapefruit oil,Terpineol,98-55-5,,0.2072,0.2072,declarado,PerfumersWorld: certificado de conformidad de «grapefruit pink essential oil» (7CN00210),proveedor,https://www.perfumersworld.com/document-list.php?pro_id=7CN00210,2026-10-02,Terpineol 98-55-5 0.2072,declaración de alérgenos del certificado,sin estándar IFRA
fig:1951,8016-20-4,Grapefruit oil,Alpha-Terpinene,99-86-5,,0.0073,0.0073,declarado,PerfumersWorld: certificado de conformidad de «grapefruit pink essential oil» (7CN00210),proveedor,https://www.perfumersworld.com/document-list.php?pro_id=7CN00210,2026-10-02,Alpha-Terpinene 99-86-5 0.0073,declaración de alérgenos del certificado,sin estándar IFRA
fig:1950,8016-20-4,Grapefruit oil,Citral,5392-40-5,IFRA_STD_021,0.1428,0.1428,declarado,PerfumersWorld: certificado de conformidad de «grapefruit white essential oil» (7CA00868),proveedor,https://www.perfumersworld.com/document-list.php?pro_id=7CA00868,2026-10-02,CITRAL 5392-40-5 0.1428,tabla «IFRA Restringida materials» del certificado,aceptada
fig:1950,8016-20-4,Grapefruit oil,D-Limonene,5989-27-5,IFRA_STD_186,69.2834,69.2834,declarado,PerfumersWorld: certificado de conformidad de «grapefruit white essential oil» (7CA00868),proveedor,https://www.perfumersworld.com/document-list.php?pro_id=7CA00868,2026-10-02,D-LIMONENE 5989-27-5 69.2834,tabla «IFRA Restringida materials» del certificado,aceptada
fig:1950,8016-20-4,Grapefruit oil,Linalool,78-70-6,IFRA_STD_187,0.1228,0.1228,declarado,PerfumersWorld: certificado de conformidad de «grapefruit white essential oil» (7CA00868),proveedor,https://www.perfumersworld.com/document-list.php?pro_id=7CA00868,2026-10-02,LINALOOL 78-70-6 0.1228,tabla «IFRA Restringida materials» del certificado,aceptada
fig:1950,8016-20-4,Grapefruit oil,L-Carvone,99-49-0,IFRA_STD_016,0.5263,0.5263,declarado,PerfumersWorld: certificado de conformidad de «grapefruit white essential oil» (7CA00868),proveedor,https://www.perfumersworld.com/document-list.php?pro_id=7CA00868,2026-10-02,L-CARVONE 99-49-0 0.5263,tabla «IFRA Restringida materials» del certificado,aceptada
fig:1951,8016-20-4,Grapefruit oil,Citral,5392-40-5,IFRA_STD_021,0.1428,0.1428,declarado,PerfumersWorld: certificado de conformidad de «grapefruit white essential oil» (7CA00868),proveedor,https://www.perfumersworld.com/document-list.php?pro_id=7CA00868,2026-10-02,CITRAL 5392-40-5 0.1428,tabla «IFRA Restringida materials» del certificado,aceptada
fig:1951,8016-20-4,Grapefruit oil,D-Limonene,5989-27-5,IFRA_STD_186,69.2834,69.2834,declarado,PerfumersWorld: certificado de conformidad de «grapefruit white essential oil» (7CA00868),proveedor,https://www.perfumersworld.com/document-list.php?pro_id=7CA00868,2026-10-02,D-LIMONENE 5989-27-5 69.2834,tabla «IFRA Restringida materials» del certificado,aceptada
fig:1951,8016-20-4,Grapefruit oil,Linalool,78-70-6,IFRA_STD_187,0.1228,0.1228,declarado,PerfumersWorld: certificado de conformidad de «grapefruit white essential oil» (7CA00868),proveedor,https://www.perfumersworld.com/document-list.php?pro_id=7CA00868,2026-10-02,LINALOOL 78-70-6 0.1228,tabla «IFRA Restringida materials» del certificado,aceptada
fig:1951,8016-20-4,Grapefruit oil,L-Carvone,99-49-0,IFRA_STD_016,0.5263,0.5263,declarado,PerfumersWorld: certificado de conformidad de «grapefruit white essential oil» (7CA00868),proveedor,https://www.perfumersworld.com/document-list.php?pro_id=7CA00868,2026-10-02,L-CARVONE 99-49-0 0.5263,tabla «IFRA Restringida materials» del certificado,aceptada
fig:1957,8016-23-7,Guaiac wood oil,Eugenol,97-53-0,IFRA_STD_035,0.0030,0.0030,declarado,PerfumersWorld: certificado de conformidad de «guaiacwood essential oil» (7RW00214),proveedor,https://www.perfumersworld.com/document-list.php?pro_id=7RW00214,2026-10-02,EUGENOL 97-53-0 0.0030,tabla «IFRA Restringida materials» del certificado,aceptada
fig:2721,120-57-0,Piperonal,Benzyl Alcohol,100-51-6,IFRA_STD_008,1.7327,1.7327,declarado,PerfumersWorld: certificado de conformidad de «heliotropal» (6VN21924),proveedor,https://www.perfumersworld.com/document-list.php?pro_id=6VN21924,2026-10-02,BENZYL ALCOHOL 100-51-6 1.7327,tabla «IFRA Restringida materials» del certificado,aceptada
fig:2721,120-57-0,Piperonal,Cinnamic Alcohol,104-54-1,IFRA_STD_017,0.0347,0.0347,declarado,PerfumersWorld: certificado de conformidad de «heliotropal» (6VN21924),proveedor,https://www.perfumersworld.com/document-list.php?pro_id=6VN21924,2026-10-02,CINNAMIC ALCOHOL 104-54-1 0.0347,tabla «IFRA Restringida materials» del certificado,aceptada
fig:2721,120-57-0,Piperonal,Benzyl Benzoate,120-51-4,IFRA_STD_009,8.6634,8.6634,declarado,PerfumersWorld: certificado de conformidad de «heliotropal» (6VN21924),proveedor,https://www.perfumersworld.com/document-list.php?pro_id=6VN21924,2026-10-02,BENZYL BENZOATE 120-51-4 8.6634,tabla «IFRA Restringida materials» del certificado,aceptada
fig:2721,120-57-0,Piperonal,Anis Aldehyde,123-11-5,IFRA_STD_054,3.4653,3.4653,declarado,PerfumersWorld: certificado de conformidad de «heliotropal» (6VN21924),proveedor,https://www.perfumersworld.com/document-list.php?pro_id=6VN21924,2026-10-02,ANIS ALDEHYDE 123-11-5 3.4653,tabla «IFRA Restringida materials» del certificado,aceptada
fig:2721,120-57-0,Piperonal,Coumarin,91-64-5,IFRA_STD_023,4.1584,4.1584,declarado,PerfumersWorld: certificado de conformidad de «heliotropal» (6VN21924),proveedor,https://www.perfumersworld.com/document-list.php?pro_id=6VN21924,2026-10-02,COUMARIN 91-64-5 4.1584,tabla «IFRA Restringida materials» del certificado,aceptada
fig:2721,120-57-0,Piperonal,Benzyl Alcohol,100-51-6,IFRA_STD_008,1.8012,1.8012,declarado,PerfumersWorld: certificado de conformidad de «heliotrope base - heliotropin replacement» (6VN21659),proveedor,https://www.perfumersworld.com/document-list.php?pro_id=6VN21659,2026-10-02,Benzyl alcohol 100-51-6 1.8012,tabla «IFRA Restringida materials» del certificado,aceptada
fig:2721,120-57-0,Piperonal,Cinnamic Alcohol,104-54-1,IFRA_STD_017,0.0361,0.0361,declarado,PerfumersWorld: certificado de conformidad de «heliotrope base - heliotropin replacement» (6VN21659),proveedor,https://www.perfumersworld.com/document-list.php?pro_id=6VN21659,2026-10-02,Cinnamic alcohol 104-54-1 0.0361,tabla «IFRA Restringida materials» del certificado,aceptada
fig:2721,120-57-0,Piperonal,Benzyl Benzoate,120-51-4,IFRA_STD_009,9.0067,9.0067,declarado,PerfumersWorld: certificado de conformidad de «heliotrope base - heliotropin replacement» (6VN21659),proveedor,https://www.perfumersworld.com/document-list.php?pro_id=6VN21659,2026-10-02,Benzyl benzoate 120-51-4 9.0067,tabla «IFRA Restringida materials» del certificado,aceptada
fig:2721,120-57-0,Piperonal,P-Methoxybenzaldehyde,123-11-5,IFRA_STD_054,3.6027,3.6027,declarado,PerfumersWorld: certificado de conformidad de «heliotrope base - heliotropin replacement» (6VN21659),proveedor,https://www.perfumersworld.com/document-list.php?pro_id=6VN21659,2026-10-02,p-Methoxybenzaldehyde 123-11-5 3.6027,tabla «IFRA Restringida materials» del certificado,aceptada
fig:2721,120-57-0,Piperonal,Coumarin,91-64-5,IFRA_STD_023,4.3232,4.3232,declarado,PerfumersWorld: certificado de conformidad de «heliotrope base - heliotropin replacement» (6VN21659),proveedor,https://www.perfumersworld.com/document-list.php?pro_id=6VN21659,2026-10-02,Coumarin 91-64-5 4.3232,tabla «IFRA Restringida materials» del certificado,aceptada
fig:2721,120-57-0,Piperonal,Isoeugenyl Acetate,93-29-8,IFRA_STD_255,0.0721,0.0721,declarado,PerfumersWorld: certificado de conformidad de «heliotrope base - heliotropin replacement» (6VN21659),proveedor,https://www.perfumersworld.com/document-list.php?pro_id=6VN21659,2026-10-02,Isoeugenyl acetate 93-29-8 0.0721,tabla «IFRA Restringida materials» del certificado,aceptada
fig:2029,8006-83-5,Hyssop oil,Estragole,140-67-0,IFRA_STD_099,0.2048,0.2048,declarado,PerfumersWorld: certificado de conformidad de «hyssop essential oil» (7HS00870),proveedor,https://www.perfumersworld.com/document-list.php?pro_id=7HS00870,2026-10-02,ESTRAGOLE 140-67-0 0.2048,tabla «IFRA Restringida materials» del certificado,aceptada
fig:2029,8006-83-5,Hyssop oil,Alpha-Thujone,546-80-5,IFRA_STD_102,0.3060,0.3060,declarado,PerfumersWorld: certificado de conformidad de «hyssop essential oil» (7HS00870),proveedor,https://www.perfumersworld.com/document-list.php?pro_id=7HS00870,2026-10-02,ALPHA-THUJONE 546-80-5 0.3060,tabla «IFRA Restringida materials» del certificado,aceptada
fig:2029,8006-83-5,Hyssop oil,D-Limonene,5989-27-5,IFRA_STD_186,0.5607,0.5607,declarado,PerfumersWorld: certificado de conformidad de «hyssop essential oil» (7HS00870),proveedor,https://www.perfumersworld.com/document-list.php?pro_id=7HS00870,2026-10-02,D-LIMONENE 5989-27-5 0.5607,tabla «IFRA Restringida materials» del certificado,aceptada
fig:2029,8006-83-5,Hyssop oil,Linalool,78-70-6,IFRA_STD_187,1.1059,1.1059,declarado,PerfumersWorld: certificado de conformidad de «hyssop essential oil» (7HS00870),proveedor,https://www.perfumersworld.com/document-list.php?pro_id=7HS00870,2026-10-02,LINALOOL 78-70-6 1.1059,tabla «IFRA Restringida materials» del certificado,aceptada
fig:2029,8006-83-5,Hyssop oil,Methyl Eugenol,93-15-2,IFRA_STD_100,0.1803,0.1803,declarado,PerfumersWorld: certificado de conformidad de «hyssop essential oil» (7HS00870),proveedor,https://www.perfumersworld.com/document-list.php?pro_id=7HS00870,2026-10-02,METHYL EUGENOL 93-15-2 0.1803,tabla «IFRA Restringida materials» del certificado,aceptada
fig:2029,8006-83-5,Hyssop oil,L-Carvone,99-49-0,IFRA_STD_016,0.0262,0.0262,declarado,PerfumersWorld: certificado de conformidad de «hyssop essential oil» (7HS00870),proveedor,https://www.perfumersworld.com/document-list.php?pro_id=7HS00870,2026-10-02,L-CARVONE 99-49-0 0.0262,tabla «IFRA Restringida materials» del certificado,aceptada
fig:2123,8022-96-6,Jasmine absolute,Benzyl Alcohol,100-51-6,IFRA_STD_008,4.8416,4.8416,declarado,PerfumersWorld: certificado de conformidad de «jasmine absolute» (8JN00254),proveedor,https://www.perfumersworld.com/document-list.php?pro_id=8JN00254,2026-10-02,Benzyl alcohol 100-51-6 4.8416,tabla «IFRA Restringida materials» del certificado,aceptada
fig:2123,8022-96-6,Jasmine absolute,Geraniol,106-24-1,IFRA_STD_037,0.0846,0.0846,declarado,PerfumersWorld: certificado de conformidad de «jasmine absolute» (8JN00254),proveedor,https://www.perfumersworld.com/document-list.php?pro_id=8JN00254,2026-10-02,Geraniol 106-24-1 0.0846,tabla «IFRA Restringida materials» del certificado,aceptada
fig:2123,8022-96-6,Jasmine absolute,Benzyl Benzoate,120-51-4,IFRA_STD_009,1.0652,1.0652,declarado,PerfumersWorld: certificado de conformidad de «jasmine absolute» (8JN00254),proveedor,https://www.perfumersworld.com/document-list.php?pro_id=8JN00254,2026-10-02,Benzyl benzoate 120-51-4 1.0652,tabla «IFRA Restringida materials» del certificado,aceptada
fig:2123,8022-96-6,Jasmine absolute,2-Hexenal,6728-26-3,IFRA_STD_039,0.1226,0.1226,declarado,PerfumersWorld: certificado de conformidad de «jasmine absolute» (8JN00254),proveedor,https://www.perfumersworld.com/document-list.php?pro_id=8JN00254,2026-10-02,2-Hexenal 6728-26-3 0.1226,tabla «IFRA Restringida materials» del certificado,aceptada
fig:2123,8022-96-6,Jasmine absolute,Linalool,78-70-6,IFRA_STD_187,9.8925,9.8925,declarado,PerfumersWorld: certificado de conformidad de «jasmine absolute» (8JN00254),proveedor,https://www.perfumersworld.com/document-list.php?pro_id=8JN00254,2026-10-02,Linalool 78-70-6 9.8925,tabla «IFRA Restringida materials» del certificado,aceptada
fig:2123,8022-96-6,Jasmine absolute,Methyl N-Methylanthranilate,85-91-6,IFRA_STD_094,0.2795,0.2795,declarado,PerfumersWorld: certificado de conformidad de «jasmine absolute» (8JN00254),proveedor,https://www.perfumersworld.com/document-list.php?pro_id=8JN00254,2026-10-02,Methyl N-methylanthranilate 85-91-6 0.2795,tabla «IFRA Restringida materials» del certificado,aceptada
fig:2123,8022-96-6,Jasmine absolute,Linalyl Acetate,115-95-7,,1.9715,1.9715,declarado,PerfumersWorld: certificado de conformidad de «jasmine absolute» (8JN00254),proveedor,https://www.perfumersworld.com/document-list.php?pro_id=8JN00254,2026-10-02,Linalyl Acetate 115-95-7 1.9715,declaración de alérgenos del certificado,sin estándar IFRA
fig:2123,8022-96-6,Jasmine absolute,Methyl Salicylate,119-36-8,,0.8105,0.8105,declarado,PerfumersWorld: certificado de conformidad de «jasmine absolute» (8JN00254),proveedor,https://www.perfumersworld.com/document-list.php?pro_id=8JN00254,2026-10-02,Methyl Salicylate 119-36-8 0.8105,declaración de alérgenos del certificado,sin estándar IFRA
fig:2123,8022-96-6,Jasmine absolute,Eugenyl Acetate,93-28-7,,0.1324,0.1324,declarado,PerfumersWorld: certificado de conformidad de «jasmine absolute» (8JN00254),proveedor,https://www.perfumersworld.com/document-list.php?pro_id=8JN00254,2026-10-02,Eugenyl Acetate 93-28-7 0.1324,declaración de alérgenos del certificado,sin estándar IFRA
cas:91770-14-8,91770-14-8,Jasmine absolute (sambac),Benzyl Alcohol,100-51-6,IFRA_STD_008,6.1505,6.1505,declarado,PerfumersWorld: certificado de conformidad de «jasmine sambac absolute» (8JN00256),proveedor,https://www.perfumersworld.com/document-list.php?pro_id=8JN00256,2026-10-02,BENZYL ALCOHOL 100-51-6 6.1505,tabla «IFRA Restringida materials» del certificado,aceptada
cas:91770-14-8,91770-14-8,Jasmine absolute (sambac),Benzaldehyde,100-52-7,IFRA_STD_007,0.0047,0.0047,declarado,PerfumersWorld: certificado de conformidad de «jasmine sambac absolute» (8JN00256),proveedor,https://www.perfumersworld.com/document-list.php?pro_id=8JN00256,2026-10-02,BENZALDEHYDE 100-52-7 0.0047,tabla «IFRA Restringida materials» del certificado,aceptada
cas:91770-14-8,91770-14-8,Jasmine absolute (sambac),Geraniol,106-24-1,IFRA_STD_037,0.0736,0.0736,declarado,PerfumersWorld: certificado de conformidad de «jasmine sambac absolute» (8JN00256),proveedor,https://www.perfumersworld.com/document-list.php?pro_id=8JN00256,2026-10-02,GERANIOL 106-24-1 0.0736,tabla «IFRA Restringida materials» del certificado,aceptada
cas:91770-14-8,91770-14-8,Jasmine absolute (sambac),Benzyl Salicylate,118-58-1,IFRA_STD_011,0.0635,0.0635,declarado,PerfumersWorld: certificado de conformidad de «jasmine sambac absolute» (8JN00256),proveedor,https://www.perfumersworld.com/document-list.php?pro_id=8JN00256,2026-10-02,BENZYL SALICYLATE 118-58-1 0.0635,tabla «IFRA Restringida materials» del certificado,aceptada
cas:91770-14-8,91770-14-8,Jasmine absolute (sambac),Benzyl Benzoate,120-51-4,IFRA_STD_009,1.0958,1.0958,declarado,PerfumersWorld: certificado de conformidad de «jasmine sambac absolute» (8JN00256),proveedor,https://www.perfumersworld.com/document-list.php?pro_id=8JN00256,2026-10-02,BENZYL BENZOATE 120-51-4 1.0958,tabla «IFRA Restringida materials» del certificado,aceptada
cas:91770-14-8,91770-14-8,Jasmine absolute (sambac),Benzyl Cyanide,140-29-4,IFRA_STD_112,0.0012,0.0012,declarado,PerfumersWorld: certificado de conformidad de «jasmine sambac absolute» (8JN00256),proveedor,https://www.perfumersworld.com/document-list.php?pro_id=8JN00256,2026-10-02,BENZYL CYANIDE 140-29-4 0.0012,tabla «IFRA Restringida materials» del certificado,aceptada
cas:91770-14-8,91770-14-8,Jasmine absolute (sambac),Methyl N-Formylanthranilate,41270-80-8,IFRA_STD_101,0.0577,0.0577,declarado,PerfumersWorld: certificado de conformidad de «jasmine sambac absolute» (8JN00256),proveedor,https://www.perfumersworld.com/document-list.php?pro_id=8JN00256,2026-10-02,METHYL N-FORMYLANTHRANILATE 41270-80-8 0.0577,tabla «IFRA Restringida materials» del certificado,aceptada
cas:91770-14-8,91770-14-8,Jasmine absolute (sambac),Linalool,78-70-6,IFRA_STD_187,10.5395,10.5395,declarado,PerfumersWorld: certificado de conformidad de «jasmine sambac absolute» (8JN00256),proveedor,https://www.perfumersworld.com/document-list.php?pro_id=8JN00256,2026-10-02,LINALOOL 78-70-6 10.5395,tabla «IFRA Restringida materials» del certificado,aceptada
cas:91770-14-8,91770-14-8,Jasmine absolute (sambac),Methyl N-Methylanthranilate,85-91-6,IFRA_STD_094,0.1500,0.1500,declarado,PerfumersWorld: certificado de conformidad de «jasmine sambac absolute» (8JN00256),proveedor,https://www.perfumersworld.com/document-list.php?pro_id=8JN00256,2026-10-02,METHYL N-METHYLANTHRANILATE 85-91-6 0.1500,tabla «IFRA Restringida materials» del certificado,aceptada
cas:91770-14-8,91770-14-8,Jasmine absolute (sambac),Coumarin,91-64-5,IFRA_STD_023,0.0028,0.0028,declarado,PerfumersWorld: certificado de conformidad de «jasmine sambac absolute» (8JN00256),proveedor,https://www.perfumersworld.com/document-list.php?pro_id=8JN00256,2026-10-02,COUMARIN 91-64-5 0.0028,tabla «IFRA Restringida materials» del certificado,aceptada
cas:91770-14-8,91770-14-8,Jasmine absolute (sambac),Eugenol,97-53-0,IFRA_STD_035,0.1010,0.1010,declarado,PerfumersWorld: certificado de conformidad de «jasmine sambac absolute» (8JN00256),proveedor,https://www.perfumersworld.com/document-list.php?pro_id=8JN00256,2026-10-02,EUGENOL 97-53-0 0.1010,tabla «IFRA Restringida materials» del certificado,aceptada
fig:2143,8016-26-0,Labdanum absolute,Benzaldehyde,100-52-7,IFRA_STD_007,0.0860,0.0860,declarado,PerfumersWorld: certificado de conformidad de «labdanum absolute» (8UQ08219),proveedor,https://www.perfumersworld.com/document-list.php?pro_id=8UQ08219,2026-10-02,BENZALDEHYDE 100-52-7 0.0860,tabla «IFRA Restringida materials» del certificado,aceptada
fig:2143,8016-26-0,Labdanum absolute,D-Limonene,5989-27-5,IFRA_STD_186,0.6790,0.6790,declarado,PerfumersWorld: certificado de conformidad de «labdanum absolute» (8UQ08219),proveedor,https://www.perfumersworld.com/document-list.php?pro_id=8UQ08219,2026-10-02,D-LIMONENE 5989-27-5 0.6790,tabla «IFRA Restringida materials» del certificado,aceptada
fig:2167,8022-15-9,Lavandin absolute,Benzyl Alcohol,100-51-6,IFRA_STD_008,0.0170,0.0170,declarado,PerfumersWorld: certificado de conformidad de «lavandin absolute» (8HY00554),proveedor,https://www.perfumersworld.com/document-list.php?pro_id=8HY00554,2026-10-02,BENZYL ALCOHOL 100-51-6 0.0170,tabla «IFRA Restringida materials» del certificado,aceptada
fig:2167,8022-15-9,Lavandin absolute,Benzaldehyde,100-52-7,IFRA_STD_007,0.0060,0.0060,declarado,PerfumersWorld: certificado de conformidad de «lavandin absolute» (8HY00554),proveedor,https://www.perfumersworld.com/document-list.php?pro_id=8HY00554,2026-10-02,BENZALDEHYDE 100-52-7 0.0060,tabla «IFRA Restringida materials» del certificado,aceptada
fig:2167,8022-15-9,Lavandin absolute,Geraniol,106-24-1,IFRA_STD_037,0.1070,0.1070,declarado,PerfumersWorld: certificado de conformidad de «lavandin absolute» (8HY00554),proveedor,https://www.perfumersworld.com/document-list.php?pro_id=8HY00554,2026-10-02,GERANIOL 106-24-1 0.1070,tabla «IFRA Restringida materials» del certificado,aceptada
fig:2167,8022-15-9,Lavandin absolute,Benzyl Benzoate,120-51-4,IFRA_STD_009,0.0020,0.0020,declarado,PerfumersWorld: certificado de conformidad de «lavandin absolute» (8HY00554),proveedor,https://www.perfumersworld.com/document-list.php?pro_id=8HY00554,2026-10-02,BENZYL BENZOATE 120-51-4 0.0020,tabla «IFRA Restringida materials» del certificado,aceptada
fig:2167,8022-15-9,Lavandin absolute,Cuminaldehyde,122-03-2,IFRA_STD_024,0.0060,0.0060,declarado,PerfumersWorld: certificado de conformidad de «lavandin absolute» (8HY00554),proveedor,https://www.perfumersworld.com/document-list.php?pro_id=8HY00554,2026-10-02,CUMINALDEHYDE 122-03-2 0.0060,tabla «IFRA Restringida materials» del certificado,aceptada
fig:2167,8022-15-9,Lavandin absolute,1-Octen-3-Yl Acetate,2442-10-6,IFRA_STD_069,0.2000,0.2000,declarado,PerfumersWorld: certificado de conformidad de «lavandin absolute» (8HY00554),proveedor,https://www.perfumersworld.com/document-list.php?pro_id=8HY00554,2026-10-02,1-OCTEN-3-YL ACETATE 2442-10-6 0.2000,tabla «IFRA Restringida materials» del certificado,aceptada
fig:2167,8022-15-9,Lavandin absolute,Alpha-Bisabolol,515-69-5,IFRA_STD_192,0.3000,0.3000,declarado,PerfumersWorld: certificado de conformidad de «lavandin absolute» (8HY00554),proveedor,https://www.perfumersworld.com/document-list.php?pro_id=8HY00554,2026-10-02,ALPHA-BISABOLOL 515-69-5 0.3000,tabla «IFRA Restringida materials» del certificado,aceptada
fig:2167,8022-15-9,Lavandin absolute,Hexenal Trans-2,6728-26-3,IFRA_STD_039,0.0040,0.0040,declarado,PerfumersWorld: certificado de conformidad de «lavandin absolute» (8HY00554),proveedor,https://www.perfumersworld.com/document-list.php?pro_id=8HY00554,2026-10-02,HEXENAL TRANS-2 6728-26-3 0.0040,tabla «IFRA Restringida materials» del certificado,aceptada
fig:2167,8022-15-9,Lavandin absolute,Coumarin,91-64-5,IFRA_STD_023,7.0000,7.0000,declarado,PerfumersWorld: certificado de conformidad de «lavandin absolute» (8HY00554),proveedor,https://www.perfumersworld.com/document-list.php?pro_id=8HY00554,2026-10-02,COUMARIN 91-64-5 7.0000,tabla «IFRA Restringida materials» del certificado,aceptada
fig:2167,8022-15-9,Lavandin absolute,Eugenol,97-53-0,IFRA_STD_035,0.0250,0.0250,declarado,PerfumersWorld: certificado de conformidad de «lavandin absolute» (8HY00554),proveedor,https://www.perfumersworld.com/document-list.php?pro_id=8HY00554,2026-10-02,EUGENOL 97-53-0 0.0250,tabla «IFRA Restringida materials» del certificado,aceptada
fig:2167,8022-15-9,Lavandin absolute,L-Carvone,99-49-0,IFRA_STD_016,0.0120,0.0120,declarado,PerfumersWorld: certificado de conformidad de «lavandin absolute» (8HY00554),proveedor,https://www.perfumersworld.com/document-list.php?pro_id=8HY00554,2026-10-02,L-CARVONE 99-49-0 0.0120,tabla «IFRA Restringida materials» del certificado,aceptada
fig:2174,8022-15-9,Lavandin oil,Geraniol,106-24-1,IFRA_STD_037,0.2383,0.2383,declarado,PerfumersWorld: certificado de conformidad de «lavandin essential oil» (7HB00265),proveedor,https://www.perfumersworld.com/document-list.php?pro_id=7HB00265,2026-10-02,GERANIOL 106-24-1 0.2383,tabla «IFRA Restringida materials» del certificado,aceptada
fig:2174,8022-15-9,Lavandin oil,D-Carvone,2244-16-8,IFRA_STD_016,0.0062,0.0062,declarado,PerfumersWorld: certificado de conformidad de «lavandin essential oil» (7HB00265),proveedor,https://www.perfumersworld.com/document-list.php?pro_id=7HB00265,2026-10-02,D-CARVONE 2244-16-8 0.0062,tabla «IFRA Restringida materials» del certificado,aceptada
fig:2174,8022-15-9,Lavandin oil,1-Octen-3-Yl Acetate,2442-10-6,IFRA_STD_069,0.1960,0.1960,declarado,PerfumersWorld: certificado de conformidad de «lavandin essential oil» (7HB00265),proveedor,https://www.perfumersworld.com/document-list.php?pro_id=7HB00265,2026-10-02,1-OCTEN-3-YL ACETATE 2442-10-6 0.1960,tabla «IFRA Restringida materials» del certificado,aceptada
fig:2174,8022-15-9,Lavandin oil,Alpha-Bisabolol,515-69-5,IFRA_STD_192,0.2220,0.2220,declarado,PerfumersWorld: certificado de conformidad de «lavandin essential oil» (7HB00265),proveedor,https://www.perfumersworld.com/document-list.php?pro_id=7HB00265,2026-10-02,ALPHA-BISABOLOL 515-69-5 0.2220,tabla «IFRA Restringida materials» del certificado,aceptada
fig:2174,8022-15-9,Lavandin oil,7-Methoxycoumarin,531-59-9,IFRA_STD_158,0.0037,0.0037,declarado,PerfumersWorld: certificado de conformidad de «lavandin essential oil» (7HB00265),proveedor,https://www.perfumersworld.com/document-list.php?pro_id=7HB00265,2026-10-02,7-METHOXYCOUMARIN 531-59-9 0.0037,tabla «IFRA Restringida materials» del certificado,aceptada
fig:2174,8022-15-9,Lavandin oil,D-Limonene,5989-27-5,IFRA_STD_186,0.5605,0.5605,declarado,PerfumersWorld: certificado de conformidad de «lavandin essential oil» (7HB00265),proveedor,https://www.perfumersworld.com/document-list.php?pro_id=7HB00265,2026-10-02,D-LIMONENE 5989-27-5 0.5605,tabla «IFRA Restringida materials» del certificado,aceptada
fig:2174,8022-15-9,Lavandin oil,Linalool,78-70-6,IFRA_STD_187,34.6668,34.6668,declarado,PerfumersWorld: certificado de conformidad de «lavandin essential oil» (7HB00265),proveedor,https://www.perfumersworld.com/document-list.php?pro_id=7HB00265,2026-10-02,LINALOOL 78-70-6 34.6668,tabla «IFRA Restringida materials» del certificado,aceptada
fig:2174,8022-15-9,Lavandin oil,Coumarin,91-64-5,IFRA_STD_023,0.0706,0.0706,declarado,PerfumersWorld: certificado de conformidad de «lavandin essential oil» (7HB00265),proveedor,https://www.perfumersworld.com/document-list.php?pro_id=7HB00265,2026-10-02,COUMARIN 91-64-5 0.0706,tabla «IFRA Restringida materials» del certificado,aceptada
fig:2183,8000-28-0,Lavender oil,Geraniol,106-24-1,IFRA_STD_037,0.0804,0.0804,declarado,PerfumersWorld: certificado de conformidad de «lavender essential oil» (7HL00267),proveedor,https://www.perfumersworld.com/document-list.php?pro_id=7HL00267,2026-10-02,Geraniol 106-24-1 0.0804,tabla «IFRA Restringida materials» del certificado,aceptada
fig:2183,8000-28-0,Lavender oil,Alpha-Bisabolol,515-69-5,IFRA_STD_192,0.1111,0.1111,declarado,PerfumersWorld: certificado de conformidad de «lavender essential oil» (7HL00267),proveedor,https://www.perfumersworld.com/document-list.php?pro_id=7HL00267,2026-10-02,alpha-Bisabolol 515-69-5 0.1111,tabla «IFRA Restringida materials» del certificado,aceptada
fig:2183,8000-28-0,Lavender oil,Limonene,5989-27-5,IFRA_STD_186,0.7341,0.7341,declarado,PerfumersWorld: certificado de conformidad de «lavender essential oil» (7HL00267),proveedor,https://www.perfumersworld.com/document-list.php?pro_id=7HL00267,2026-10-02,Limonene 5989-27-5 0.7341,tabla «IFRA Restringida materials» del certificado,aceptada
fig:2183,8000-28-0,Lavender oil,Linalool,78-70-6,IFRA_STD_187,35.8969,35.8969,declarado,PerfumersWorld: certificado de conformidad de «lavender essential oil» (7HL00267),proveedor,https://www.perfumersworld.com/document-list.php?pro_id=7HL00267,2026-10-02,Linalool 78-70-6 35.8969,tabla «IFRA Restringida materials» del certificado,aceptada
fig:2183,8000-28-0,Lavender oil,Coumarin,91-64-5,IFRA_STD_023,0.0446,0.0446,declarado,PerfumersWorld: certificado de conformidad de «lavender essential oil» (7HL00267),proveedor,https://www.perfumersworld.com/document-list.php?pro_id=7HL00267,2026-10-02,Coumarin 91-64-5 0.0446,tabla «IFRA Restringida materials» del certificado,aceptada
fig:2183,8000-28-0,Lavender oil,Geranyl Acetate,105-87-3,,0.1655,0.1655,declarado,PerfumersWorld: certificado de conformidad de «lavender essential oil» (7HL00267),proveedor,https://www.perfumersworld.com/document-list.php?pro_id=7HL00267,2026-10-02,Geranyl Acetate 105-87-3 0.1655,declaración de alérgenos del certificado,sin estándar IFRA
fig:2183,8000-28-0,Lavender oil,Linalyl Acetate,115-95-7,,42.5313,42.5313,declarado,PerfumersWorld: certificado de conformidad de «lavender essential oil» (7HL00267),proveedor,https://www.perfumersworld.com/document-list.php?pro_id=7HL00267,2026-10-02,Linalyl Acetate 115-95-7 42.5313,declaración de alérgenos del certificado,sin estándar IFRA
fig:2183,8000-28-0,Lavender oil,Camphor,76-22-2,,3.2194,3.2194,declarado,PerfumersWorld: certificado de conformidad de «lavender essential oil» (7HL00267),proveedor,https://www.perfumersworld.com/document-list.php?pro_id=7HL00267,2026-10-02,Camphor 76-22-2 3.2194,declaración de alérgenos del certificado,sin estándar IFRA
fig:2183,8000-28-0,Lavender oil,Pinene,80-56-8,,0.1557,0.1557,declarado,PerfumersWorld: certificado de conformidad de «lavender essential oil» (7HL00267),proveedor,https://www.perfumersworld.com/document-list.php?pro_id=7HL00267,2026-10-02,Pinene 80-56-8 0.1557,declaración de alérgenos del certificado,sin estándar IFRA
fig:2183,8000-28-0,Lavender oil,Beta-Caryophyllene,87-44-5,,1.7836,1.7836,declarado,PerfumersWorld: certificado de conformidad de «lavender essential oil» (7HL00267),proveedor,https://www.perfumersworld.com/document-list.php?pro_id=7HL00267,2026-10-02,Beta-Caryophyllene 87-44-5 1.7836,declaración de alérgenos del certificado,sin estándar IFRA
fig:2183,8000-28-0,Lavender oil,Terpineol,98-55-5,,0.3690,0.3690,declarado,PerfumersWorld: certificado de conformidad de «lavender essential oil» (7HL00267),proveedor,https://www.perfumersworld.com/document-list.php?pro_id=7HL00267,2026-10-02,Terpineol 98-55-5 0.3690,declaración de alérgenos del certificado,sin estándar IFRA
tl:lavender-oil-lavandula-angustifolia-lavandula-angustifolia-a,8000-28-0,"Lavender oil (Lavandula angustifolia, Lavandula angustifolia angustifolia, Lavandula officinalis)",Geraniol,106-24-1,IFRA_STD_037,0.0804,0.0804,declarado,PerfumersWorld: certificado de conformidad de «lavender essential oil» (7HL00267),proveedor,https://www.perfumersworld.com/document-list.php?pro_id=7HL00267,2026-10-02,Geraniol 106-24-1 0.0804,tabla «IFRA Restringida materials» del certificado,aceptada
tl:lavender-oil-lavandula-angustifolia-lavandula-angustifolia-a,8000-28-0,"Lavender oil (Lavandula angustifolia, Lavandula angustifolia angustifolia, Lavandula officinalis)",Alpha-Bisabolol,515-69-5,IFRA_STD_192,0.1111,0.1111,declarado,PerfumersWorld: certificado de conformidad de «lavender essential oil» (7HL00267),proveedor,https://www.perfumersworld.com/document-list.php?pro_id=7HL00267,2026-10-02,alpha-Bisabolol 515-69-5 0.1111,tabla «IFRA Restringida materials» del certificado,aceptada
tl:lavender-oil-lavandula-angustifolia-lavandula-angustifolia-a,8000-28-0,"Lavender oil (Lavandula angustifolia, Lavandula angustifolia angustifolia, Lavandula officinalis)",Limonene,5989-27-5,IFRA_STD_186,0.7341,0.7341,declarado,PerfumersWorld: certificado de conformidad de «lavender essential oil» (7HL00267),proveedor,https://www.perfumersworld.com/document-list.php?pro_id=7HL00267,2026-10-02,Limonene 5989-27-5 0.7341,tabla «IFRA Restringida materials» del certificado,aceptada
tl:lavender-oil-lavandula-angustifolia-lavandula-angustifolia-a,8000-28-0,"Lavender oil (Lavandula angustifolia, Lavandula angustifolia angustifolia, Lavandula officinalis)",Linalool,78-70-6,IFRA_STD_187,35.8969,35.8969,declarado,PerfumersWorld: certificado de conformidad de «lavender essential oil» (7HL00267),proveedor,https://www.perfumersworld.com/document-list.php?pro_id=7HL00267,2026-10-02,Linalool 78-70-6 35.8969,tabla «IFRA Restringida materials» del certificado,aceptada
tl:lavender-oil-lavandula-angustifolia-lavandula-angustifolia-a,8000-28-0,"Lavender oil (Lavandula angustifolia, Lavandula angustifolia angustifolia, Lavandula officinalis)",Coumarin,91-64-5,IFRA_STD_023,0.0446,0.0446,declarado,PerfumersWorld: certificado de conformidad de «lavender essential oil» (7HL00267),proveedor,https://www.perfumersworld.com/document-list.php?pro_id=7HL00267,2026-10-02,Coumarin 91-64-5 0.0446,tabla «IFRA Restringida materials» del certificado,aceptada
tl:lavender-oil-lavandula-angustifolia-lavandula-angustifolia-a,8000-28-0,"Lavender oil (Lavandula angustifolia, Lavandula angustifolia angustifolia, Lavandula officinalis)",Geranyl Acetate,105-87-3,,0.1655,0.1655,declarado,PerfumersWorld: certificado de conformidad de «lavender essential oil» (7HL00267),proveedor,https://www.perfumersworld.com/document-list.php?pro_id=7HL00267,2026-10-02,Geranyl Acetate 105-87-3 0.1655,declaración de alérgenos del certificado,sin estándar IFRA
tl:lavender-oil-lavandula-angustifolia-lavandula-angustifolia-a,8000-28-0,"Lavender oil (Lavandula angustifolia, Lavandula angustifolia angustifolia, Lavandula officinalis)",Linalyl Acetate,115-95-7,,42.5313,42.5313,declarado,PerfumersWorld: certificado de conformidad de «lavender essential oil» (7HL00267),proveedor,https://www.perfumersworld.com/document-list.php?pro_id=7HL00267,2026-10-02,Linalyl Acetate 115-95-7 42.5313,declaración de alérgenos del certificado,sin estándar IFRA
tl:lavender-oil-lavandula-angustifolia-lavandula-angustifolia-a,8000-28-0,"Lavender oil (Lavandula angustifolia, Lavandula angustifolia angustifolia, Lavandula officinalis)",Camphor,76-22-2,,3.2194,3.2194,declarado,PerfumersWorld: certificado de conformidad de «lavender essential oil» (7HL00267),proveedor,https://www.perfumersworld.com/document-list.php?pro_id=7HL00267,2026-10-02,Camphor 76-22-2 3.2194,declaración de alérgenos del certificado,sin estándar IFRA
tl:lavender-oil-lavandula-angustifolia-lavandula-angustifolia-a,8000-28-0,"Lavender oil (Lavandula angustifolia, Lavandula angustifolia angustifolia, Lavandula officinalis)",Pinene,80-56-8,,0.1557,0.1557,declarado,PerfumersWorld: certificado de conformidad de «lavender essential oil» (7HL00267),proveedor,https://www.perfumersworld.com/document-list.php?pro_id=7HL00267,2026-10-02,Pinene 80-56-8 0.1557,declaración de alérgenos del certificado,sin estándar IFRA
tl:lavender-oil-lavandula-angustifolia-lavandula-angustifolia-a,8000-28-0,"Lavender oil (Lavandula angustifolia, Lavandula angustifolia angustifolia, Lavandula officinalis)",Beta-Caryophyllene,87-44-5,,1.7836,1.7836,declarado,PerfumersWorld: certificado de conformidad de «lavender essential oil» (7HL00267),proveedor,https://www.perfumersworld.com/document-list.php?pro_id=7HL00267,2026-10-02,Beta-Caryophyllene 87-44-5 1.7836,declaración de alérgenos del certificado,sin estándar IFRA
tl:lavender-oil-lavandula-angustifolia-lavandula-angustifolia-a,8000-28-0,"Lavender oil (Lavandula angustifolia, Lavandula angustifolia angustifolia, Lavandula officinalis)",Terpineol,98-55-5,,0.3690,0.3690,declarado,PerfumersWorld: certificado de conformidad de «lavender essential oil» (7HL00267),proveedor,https://www.perfumersworld.com/document-list.php?pro_id=7HL00267,2026-10-02,Terpineol 98-55-5 0.3690,declaración de alérgenos del certificado,sin estándar IFRA
fig:2884,8016-78-2,Spike lavender oil,Longifolene,475-20-7,IFRA_STD_199,0.5359,0.5359,declarado,PerfumersWorld: certificado de conformidad de «lavender spike essential oil» (7HB00269),proveedor,https://www.perfumersworld.com/document-list.php?pro_id=7HB00269,2026-10-02,Longifolene 475-20-7 0.5359,tabla «IFRA Restringida materials» del certificado,aceptada
fig:2884,8016-78-2,Spike lavender oil,"3,7-Dimethyl-3,6-Octadienal",55722-59-3,IFRA_STD_205,0.0128,0.0128,declarado,PerfumersWorld: certificado de conformidad de «lavender spike essential oil» (7HB00269),proveedor,https://www.perfumersworld.com/document-list.php?pro_id=7HB00269,2026-10-02,"3,7-Dimethyl-3,6-octadienal 55722-59-3 0.0128",tabla «IFRA Restringida materials» del certificado,aceptada
fig:2884,8016-78-2,Spike lavender oil,Limonene,5989-27-5,IFRA_STD_186,6.7996,6.7996,declarado,PerfumersWorld: certificado de conformidad de «lavender spike essential oil» (7HB00269),proveedor,https://www.perfumersworld.com/document-list.php?pro_id=7HB00269,2026-10-02,Limonene 5989-27-5 6.7996,tabla «IFRA Restringida materials» del certificado,aceptada
fig:2884,8016-78-2,Spike lavender oil,Linalool,78-70-6,IFRA_STD_187,13.3117,13.3117,declarado,PerfumersWorld: certificado de conformidad de «lavender spike essential oil» (7HB00269),proveedor,https://www.perfumersworld.com/document-list.php?pro_id=7HB00269,2026-10-02,Linalool 78-70-6 13.3117,tabla «IFRA Restringida materials» del certificado,aceptada
fig:2884,8016-78-2,Spike lavender oil,Carvone,99-49-0,IFRA_STD_016,0.0527,0.0527,declarado,PerfumersWorld: certificado de conformidad de «lavender spike essential oil» (7HB00269),proveedor,https://www.perfumersworld.com/document-list.php?pro_id=7HB00269,2026-10-02,Carvone 99-49-0 0.0527,tabla «IFRA Restringida materials» del certificado,aceptada
fig:2884,8016-78-2,Spike lavender oil,Linalyl Acetate,115-95-7,,2.4266,2.4266,declarado,PerfumersWorld: certificado de conformidad de «lavender spike essential oil» (7HB00269),proveedor,https://www.perfumersworld.com/document-list.php?pro_id=7HB00269,2026-10-02,Linalyl Acetate 115-95-7 2.4266,declaración de alérgenos del certificado,sin estándar IFRA
fig:2884,8016-78-2,Spike lavender oil,Terpineol,138-87-4,,15.6156,15.6156,declarado,PerfumersWorld: certificado de conformidad de «lavender spike essential oil» (7HB00269),proveedor,https://www.perfumersworld.com/document-list.php?pro_id=7HB00269,2026-10-02,Terpineol 138-87-4 15.6156,declaración de alérgenos del certificado,sin estándar IFRA
fig:2884,8016-78-2,Spike lavender oil,Camphor,76-22-2,,0.8246,0.8246,declarado,PerfumersWorld: certificado de conformidad de «lavender spike essential oil» (7HB00269),proveedor,https://www.perfumersworld.com/document-list.php?pro_id=7HB00269,2026-10-02,Camphor 76-22-2 0.8246,declaración de alérgenos del certificado,sin estándar IFRA
fig:2884,8016-78-2,Spike lavender oil,Pinene,80-56-8,,2.4642,2.4642,declarado,PerfumersWorld: certificado de conformidad de «lavender spike essential oil» (7HB00269),proveedor,https://www.perfumersworld.com/document-list.php?pro_id=7HB00269,2026-10-02,Pinene 80-56-8 2.4642,declaración de alérgenos del certificado,sin estándar IFRA
fig:2884,8016-78-2,Spike lavender oil,Gamma-Terpinene,99-85-4,,0.0578,0.0578,declarado,PerfumersWorld: certificado de conformidad de «lavender spike essential oil» (7HB00269),proveedor,https://www.perfumersworld.com/document-list.php?pro_id=7HB00269,2026-10-02,gamma-Terpinene 99-85-4 0.0578,declaración de alérgenos del certificado,sin estándar IFRA
fig:2884,8016-78-2,Spike lavender oil,Alpha-Terpinene,99-86-5,,0.0066,0.0066,declarado,PerfumersWorld: certificado de conformidad de «lavender spike essential oil» (7HB00269),proveedor,https://www.perfumersworld.com/document-list.php?pro_id=7HB00269,2026-10-02,Alpha-Terpinene 99-86-5 0.0066,declaración de alérgenos del certificado,sin estándar IFRA
cas:84929-31-7,84929-31-7,Lemon oil cold pressed,Citral,5392-40-5,IFRA_STD_021,2.6841,2.6841,declarado,PerfumersWorld: certificado de conformidad de «lemon essential oil» (7CC00271),proveedor,https://www.perfumersworld.com/document-list.php?pro_id=7CC00271,2026-10-02,CITRAL 5392-40-5 2.6841,tabla «IFRA Restringida materials» del certificado,aceptada
cas:84929-31-7,84929-31-7,Lemon oil cold pressed,D-Limonene,5989-27-5,IFRA_STD_186,56.1353,56.1353,declarado,PerfumersWorld: certificado de conformidad de «lemon essential oil» (7CC00271),proveedor,https://www.perfumersworld.com/document-list.php?pro_id=7CC00271,2026-10-02,D-LIMONENE 5989-27-5 56.1353,tabla «IFRA Restringida materials» del certificado,aceptada
cas:84929-31-7,84929-31-7,Lemon oil cold pressed,L-Carvone,99-49-0,IFRA_STD_016,0.0053,0.0053,declarado,PerfumersWorld: certificado de conformidad de «lemon essential oil» (7CC00271),proveedor,https://www.perfumersworld.com/document-list.php?pro_id=7CC00271,2026-10-02,L-CARVONE 99-49-0 0.0053,tabla «IFRA Restringida materials» del certificado,aceptada
fig:1603,84238-19-7,"Cymbopogon, ext., oxidized",Citronellol,106-22-9,IFRA_STD_022,0.0981,0.0981,declarado,PerfumersWorld: certificado de conformidad de «lemongrass essential oil» (7CC00272),proveedor,https://www.perfumersworld.com/document-list.php?pro_id=7CC00272,2026-10-02,Citronellol 106-22-9 0.0981,tabla «IFRA Restringida materials» del certificado,aceptada
fig:1603,84238-19-7,"Cymbopogon, ext., oxidized",Citronellal,106-23-0,IFRA_STD_206,0.1936,0.1936,declarado,PerfumersWorld: certificado de conformidad de «lemongrass essential oil» (7CC00272),proveedor,https://www.perfumersworld.com/document-list.php?pro_id=7CC00272,2026-10-02,Citronellal 106-23-0 0.1936,tabla «IFRA Restringida materials» del certificado,aceptada
fig:1603,84238-19-7,"Cymbopogon, ext., oxidized",Geraniol,106-24-1,IFRA_STD_037,4.0874,4.0874,declarado,PerfumersWorld: certificado de conformidad de «lemongrass essential oil» (7CC00272),proveedor,https://www.perfumersworld.com/document-list.php?pro_id=7CC00272,2026-10-02,Geraniol 106-24-1 4.0874,tabla «IFRA Restringida materials» del certificado,aceptada
fig:1603,84238-19-7,"Cymbopogon, ext., oxidized","2,6,6-Trimethylcyclohex-1,3-Dienyl Methanal",116-26-7,IFRA_STD_082,0.0067,0.0067,declarado,PerfumersWorld: certificado de conformidad de «lemongrass essential oil» (7CC00272),proveedor,https://www.perfumersworld.com/document-list.php?pro_id=7CC00272,2026-10-02,"2,6,6-Trimethylcyclohex-1,3-dienyl methanal 116-26-7 0.0067",tabla «IFRA Restringida materials» del certificado,aceptada
fig:1603,84238-19-7,"Cymbopogon, ext., oxidized",Citral,5392-40-5,IFRA_STD_021,60.4651,60.4651,declarado,PerfumersWorld: certificado de conformidad de «lemongrass essential oil» (7CC00272),proveedor,https://www.perfumersworld.com/document-list.php?pro_id=7CC00272,2026-10-02,Citral 5392-40-5 60.4651,tabla «IFRA Restringida materials» del certificado,aceptada
fig:1603,84238-19-7,"Cymbopogon, ext., oxidized","3,7-Dimethyl-3,6-Octadienal",55722-59-3,IFRA_STD_205,0.5433,0.5433,declarado,PerfumersWorld: certificado de conformidad de «lemongrass essential oil» (7CC00272),proveedor,https://www.perfumersworld.com/document-list.php?pro_id=7CC00272,2026-10-02,"3,7-Dimethyl-3,6-octadienal 55722-59-3 0.5433",tabla «IFRA Restringida materials» del certificado,aceptada
fig:1603,84238-19-7,"Cymbopogon, ext., oxidized",Limonene,5989-27-5,IFRA_STD_186,4.9100,4.9100,declarado,PerfumersWorld: certificado de conformidad de «lemongrass essential oil» (7CC00272),proveedor,https://www.perfumersworld.com/document-list.php?pro_id=7CC00272,2026-10-02,Limonene 5989-27-5 4.9100,tabla «IFRA Restringida materials» del certificado,aceptada
fig:1603,84238-19-7,"Cymbopogon, ext., oxidized",Linalool,78-70-6,IFRA_STD_187,3.0387,3.0387,declarado,PerfumersWorld: certificado de conformidad de «lemongrass essential oil» (7CC00272),proveedor,https://www.perfumersworld.com/document-list.php?pro_id=7CC00272,2026-10-02,Linalool 78-70-6 3.0387,tabla «IFRA Restringida materials» del certificado,aceptada
fig:1603,84238-19-7,"Cymbopogon, ext., oxidized",Geranyl Acetate,105-87-3,,2.0703,2.0703,declarado,PerfumersWorld: certificado de conformidad de «lemongrass essential oil» (7CC00272),proveedor,https://www.perfumersworld.com/document-list.php?pro_id=7CC00272,2026-10-02,Geranyl Acetate 105-87-3 2.0703,declaración de alérgenos del certificado,sin estándar IFRA
fig:1603,84238-19-7,"Cymbopogon, ext., oxidized",Butylated Hydroxytoluene,128-37-0,,0.0542,0.0542,declarado,PerfumersWorld: certificado de conformidad de «lemongrass essential oil» (7CC00272),proveedor,https://www.perfumersworld.com/document-list.php?pro_id=7CC00272,2026-10-02,Butylated Hydroxytoluene 128-37-0 0.0542,declaración de alérgenos del certificado,sin estándar IFRA
fig:1603,84238-19-7,"Cymbopogon, ext., oxidized",Pinene,80-56-8,,0.5003,0.5003,declarado,PerfumersWorld: certificado de conformidad de «lemongrass essential oil» (7CC00272),proveedor,https://www.perfumersworld.com/document-list.php?pro_id=7CC00272,2026-10-02,Pinene 80-56-8 0.5003,declaración de alérgenos del certificado,sin estándar IFRA
fig:1603,84238-19-7,"Cymbopogon, ext., oxidized",Terpineol,98-55-5,,0.2749,0.2749,declarado,PerfumersWorld: certificado de conformidad de «lemongrass essential oil» (7CC00272),proveedor,https://www.perfumersworld.com/document-list.php?pro_id=7CC00272,2026-10-02,Terpineol 98-55-5 0.2749,declaración de alérgenos del certificado,sin estándar IFRA
fig:1603,84238-19-7,"Cymbopogon, ext., oxidized",Gamma-Terpinene,99-85-4,,0.4874,0.4874,declarado,PerfumersWorld: certificado de conformidad de «lemongrass essential oil» (7CC00272),proveedor,https://www.perfumersworld.com/document-list.php?pro_id=7CC00272,2026-10-02,gamma-Terpinene 99-85-4 0.4874,declaración de alérgenos del certificado,sin estándar IFRA
ncs:lime-oil-distilled,8008-26-2,Lime oil distilled,Citral,5392-40-5,IFRA_STD_021,0.7556,0.7556,declarado,PerfumersWorld: certificado de conformidad de «lime distilled essential oil» (7CK00274),proveedor,https://www.perfumersworld.com/document-list.php?pro_id=7CK00274,2026-10-02,CITRAL 5392-40-5 0.7556,tabla «IFRA Restringida materials» del certificado,aceptada
ncs:lime-oil-distilled,8008-26-2,Lime oil distilled,D-Limonene,5989-27-5,IFRA_STD_186,47.9454,47.9454,declarado,PerfumersWorld: certificado de conformidad de «lime distilled essential oil» (7CK00274),proveedor,https://www.perfumersworld.com/document-list.php?pro_id=7CK00274,2026-10-02,D-LIMONENE 5989-27-5 47.9454,tabla «IFRA Restringida materials» del certificado,aceptada
ncs:lime-oil-distilled,8008-26-2,Lime oil distilled,L-Carvone,99-49-0,IFRA_STD_016,0.0094,0.0094,declarado,PerfumersWorld: certificado de conformidad de «lime distilled essential oil» (7CK00274),proveedor,https://www.perfumersworld.com/document-list.php?pro_id=7CK00274,2026-10-02,L-CARVONE 99-49-0 0.0094,tabla «IFRA Restringida materials» del certificado,aceptada
fig:2240,68855-99-2,Litsea cubeba oil,Citronellol,106-22-9,IFRA_STD_022,0.0524,0.0524,declarado,PerfumersWorld: certificado de conformidad de «litsea cubeba essential oil» (7CC00280),proveedor,https://www.perfumersworld.com/document-list.php?pro_id=7CC00280,2026-10-02,CITRONELLOL 106-22-9 0.0524,tabla «IFRA Restringida materials» del certificado,aceptada
fig:2240,68855-99-2,Litsea cubeba oil,Citronellal,106-23-0,IFRA_STD_206,0.5125,0.5125,declarado,PerfumersWorld: certificado de conformidad de «litsea cubeba essential oil» (7CC00280),proveedor,https://www.perfumersworld.com/document-list.php?pro_id=7CC00280,2026-10-02,CITRONELLAL 106-23-0 0.5125,tabla «IFRA Restringida materials» del certificado,aceptada
fig:2240,68855-99-2,Litsea cubeba oil,Geraniol,106-24-1,IFRA_STD_037,0.2920,0.2920,declarado,PerfumersWorld: certificado de conformidad de «litsea cubeba essential oil» (7CC00280),proveedor,https://www.perfumersworld.com/document-list.php?pro_id=7CC00280,2026-10-02,GERANIOL 106-24-1 0.2920,tabla «IFRA Restringida materials» del certificado,aceptada
fig:2240,68855-99-2,Litsea cubeba oil,Citral,5392-40-5,IFRA_STD_021,66.6993,66.6993,declarado,PerfumersWorld: certificado de conformidad de «litsea cubeba essential oil» (7CC00280),proveedor,https://www.perfumersworld.com/document-list.php?pro_id=7CC00280,2026-10-02,CITRAL 5392-40-5 66.6993,tabla «IFRA Restringida materials» del certificado,aceptada
fig:2240,68855-99-2,Litsea cubeba oil,Isocitral,55722-59-3,IFRA_STD_205,0.3412,0.3412,declarado,PerfumersWorld: certificado de conformidad de «litsea cubeba essential oil» (7CC00280),proveedor,https://www.perfumersworld.com/document-list.php?pro_id=7CC00280,2026-10-02,ISOCITRAL 55722-59-3 0.3412,tabla «IFRA Restringida materials» del certificado,aceptada
fig:2240,68855-99-2,Litsea cubeba oil,D-Limonene,5989-27-5,IFRA_STD_186,13.3938,13.3938,declarado,PerfumersWorld: certificado de conformidad de «litsea cubeba essential oil» (7CC00280),proveedor,https://www.perfumersworld.com/document-list.php?pro_id=7CC00280,2026-10-02,D-LIMONENE 5989-27-5 13.3938,tabla «IFRA Restringida materials» del certificado,aceptada
fig:2240,68855-99-2,Litsea cubeba oil,Iso-Neral,72203-97-5,IFRA_STD_205,0.1708,0.1708,declarado,PerfumersWorld: certificado de conformidad de «litsea cubeba essential oil» (7CC00280),proveedor,https://www.perfumersworld.com/document-list.php?pro_id=7CC00280,2026-10-02,ISO-NERAL 72203-97-5 0.1708,tabla «IFRA Restringida materials» del certificado,aceptada
fig:2240,68855-99-2,Litsea cubeba oil,Linalool,78-70-6,IFRA_STD_187,1.2836,1.2836,declarado,PerfumersWorld: certificado de conformidad de «litsea cubeba essential oil» (7CC00280),proveedor,https://www.perfumersworld.com/document-list.php?pro_id=7CC00280,2026-10-02,LINALOOL 78-70-6 1.2836,tabla «IFRA Restringida materials» del certificado,aceptada
fig:2240,68855-99-2,Litsea cubeba oil,L-Carvone,99-49-0,IFRA_STD_016,0.0381,0.0381,declarado,PerfumersWorld: certificado de conformidad de «litsea cubeba essential oil» (7CC00280),proveedor,https://www.perfumersworld.com/document-list.php?pro_id=7CC00280,2026-10-02,L-CARVONE 99-49-0 0.0381,tabla «IFRA Restringida materials» del certificado,aceptada
fig:2261,8008-31-9,Mandarin oil,Citral,141-27-5,IFRA_STD_021,0.1144,0.1144,declarado,PerfumersWorld: certificado de conformidad de «mandarin essential oil» (7CA00285),proveedor,https://www.perfumersworld.com/document-list.php?pro_id=7CA00285,2026-10-02,Citral 141-27-5 0.1144,tabla «IFRA Restringida materials» del certificado,aceptada
fig:2261,8008-31-9,Mandarin oil,Methyl N-Formylanthranilate,41270-80-8,IFRA_STD_101,0.0036,0.0036,declarado,PerfumersWorld: certificado de conformidad de «mandarin essential oil» (7CA00285),proveedor,https://www.perfumersworld.com/document-list.php?pro_id=7CA00285,2026-10-02,Methyl N-formylanthranilate 41270-80-8 0.0036,tabla «IFRA Restringida materials» del certificado,aceptada
fig:2261,8008-31-9,Mandarin oil,Limonene,5989-27-5,IFRA_STD_186,74.8701,74.8701,declarado,PerfumersWorld: certificado de conformidad de «mandarin essential oil» (7CA00285),proveedor,https://www.perfumersworld.com/document-list.php?pro_id=7CA00285,2026-10-02,Limonene 5989-27-5 74.8701,tabla «IFRA Restringida materials» del certificado,aceptada
fig:2261,8008-31-9,Mandarin oil,Methyl N-Methylanthranilate,85-91-6,IFRA_STD_094,0.1171,0.1171,declarado,PerfumersWorld: certificado de conformidad de «mandarin essential oil» (7CA00285),proveedor,https://www.perfumersworld.com/document-list.php?pro_id=7CA00285,2026-10-02,Methyl N-methylanthranilate 85-91-6 0.1171,tabla «IFRA Restringida materials» del certificado,aceptada
fig:2261,8008-31-9,Mandarin oil,Carvone,99-49-0,IFRA_STD_016,0.0074,0.0074,declarado,PerfumersWorld: certificado de conformidad de «mandarin essential oil» (7CA00285),proveedor,https://www.perfumersworld.com/document-list.php?pro_id=7CA00285,2026-10-02,Carvone 99-49-0 0.0074,tabla «IFRA Restringida materials» del certificado,aceptada
fig:2261,8008-31-9,Mandarin oil,Butylated Hydroxytoluene,128-37-0,,0.1247,0.1247,declarado,PerfumersWorld: certificado de conformidad de «mandarin essential oil» (7CA00285),proveedor,https://www.perfumersworld.com/document-list.php?pro_id=7CA00285,2026-10-02,Butylated Hydroxytoluene 128-37-0 0.1247,declaración de alérgenos del certificado,sin estándar IFRA
fig:2261,8008-31-9,Mandarin oil,Pinene,80-56-8,,1.0054,1.0054,declarado,PerfumersWorld: certificado de conformidad de «mandarin essential oil» (7CA00285),proveedor,https://www.perfumersworld.com/document-list.php?pro_id=7CA00285,2026-10-02,Pinene 80-56-8 1.0054,declaración de alérgenos del certificado,sin estándar IFRA
fig:2261,8008-31-9,Mandarin oil,Terpineol,98-55-5,,0.0224,0.0224,declarado,PerfumersWorld: certificado de conformidad de «mandarin essential oil» (7CA00285),proveedor,https://www.perfumersworld.com/document-list.php?pro_id=7CA00285,2026-10-02,Terpineol 98-55-5 0.0224,declaración de alérgenos del certificado,sin estándar IFRA
fig:2261,8008-31-9,Mandarin oil,Gamma-Terpinene,99-85-4,,4.3549,4.3549,declarado,PerfumersWorld: certificado de conformidad de «mandarin essential oil» (7CA00285),proveedor,https://www.perfumersworld.com/document-list.php?pro_id=7CA00285,2026-10-02,gamma-Terpinene 99-85-4 4.3549,declaración de alérgenos del certificado,sin estándar IFRA
fig:2261,8008-31-9,Mandarin oil,Alpha-Terpinene,99-86-5,,0.6289,0.6289,declarado,PerfumersWorld: certificado de conformidad de «mandarin essential oil» (7CA00285),proveedor,https://www.perfumersworld.com/document-list.php?pro_id=7CA00285,2026-10-02,Alpha-Terpinene 99-86-5 0.6289,declaración de alérgenos del certificado,sin estándar IFRA
fig:2262,8008-31-9,Mandarin oil,Citral,141-27-5,IFRA_STD_021,0.1144,0.1144,declarado,PerfumersWorld: certificado de conformidad de «mandarin essential oil» (7CA00285),proveedor,https://www.perfumersworld.com/document-list.php?pro_id=7CA00285,2026-10-02,Citral 141-27-5 0.1144,tabla «IFRA Restringida materials» del certificado,aceptada
fig:2262,8008-31-9,Mandarin oil,Methyl N-Formylanthranilate,41270-80-8,IFRA_STD_101,0.0036,0.0036,declarado,PerfumersWorld: certificado de conformidad de «mandarin essential oil» (7CA00285),proveedor,https://www.perfumersworld.com/document-list.php?pro_id=7CA00285,2026-10-02,Methyl N-formylanthranilate 41270-80-8 0.0036,tabla «IFRA Restringida materials» del certificado,aceptada
fig:2262,8008-31-9,Mandarin oil,Limonene,5989-27-5,IFRA_STD_186,74.8701,74.8701,declarado,PerfumersWorld: certificado de conformidad de «mandarin essential oil» (7CA00285),proveedor,https://www.perfumersworld.com/document-list.php?pro_id=7CA00285,2026-10-02,Limonene 5989-27-5 74.8701,tabla «IFRA Restringida materials» del certificado,aceptada
fig:2262,8008-31-9,Mandarin oil,Methyl N-Methylanthranilate,85-91-6,IFRA_STD_094,0.1171,0.1171,declarado,PerfumersWorld: certificado de conformidad de «mandarin essential oil» (7CA00285),proveedor,https://www.perfumersworld.com/document-list.php?pro_id=7CA00285,2026-10-02,Methyl N-methylanthranilate 85-91-6 0.1171,tabla «IFRA Restringida materials» del certificado,aceptada
fig:2262,8008-31-9,Mandarin oil,Carvone,99-49-0,IFRA_STD_016,0.0074,0.0074,declarado,PerfumersWorld: certificado de conformidad de «mandarin essential oil» (7CA00285),proveedor,https://www.perfumersworld.com/document-list.php?pro_id=7CA00285,2026-10-02,Carvone 99-49-0 0.0074,tabla «IFRA Restringida materials» del certificado,aceptada
fig:2262,8008-31-9,Mandarin oil,Butylated Hydroxytoluene,128-37-0,,0.1247,0.1247,declarado,PerfumersWorld: certificado de conformidad de «mandarin essential oil» (7CA00285),proveedor,https://www.perfumersworld.com/document-list.php?pro_id=7CA00285,2026-10-02,Butylated Hydroxytoluene 128-37-0 0.1247,declaración de alérgenos del certificado,sin estándar IFRA
fig:2262,8008-31-9,Mandarin oil,Pinene,80-56-8,,1.0054,1.0054,declarado,PerfumersWorld: certificado de conformidad de «mandarin essential oil» (7CA00285),proveedor,https://www.perfumersworld.com/document-list.php?pro_id=7CA00285,2026-10-02,Pinene 80-56-8 1.0054,declaración de alérgenos del certificado,sin estándar IFRA
fig:2262,8008-31-9,Mandarin oil,Terpineol,98-55-5,,0.0224,0.0224,declarado,PerfumersWorld: certificado de conformidad de «mandarin essential oil» (7CA00285),proveedor,https://www.perfumersworld.com/document-list.php?pro_id=7CA00285,2026-10-02,Terpineol 98-55-5 0.0224,declaración de alérgenos del certificado,sin estándar IFRA
fig:2262,8008-31-9,Mandarin oil,Gamma-Terpinene,99-85-4,,4.3549,4.3549,declarado,PerfumersWorld: certificado de conformidad de «mandarin essential oil» (7CA00285),proveedor,https://www.perfumersworld.com/document-list.php?pro_id=7CA00285,2026-10-02,gamma-Terpinene 99-85-4 4.3549,declaración de alérgenos del certificado,sin estándar IFRA
fig:2262,8008-31-9,Mandarin oil,Alpha-Terpinene,99-86-5,,0.6289,0.6289,declarado,PerfumersWorld: certificado de conformidad de «mandarin essential oil» (7CA00285),proveedor,https://www.perfumersworld.com/document-list.php?pro_id=7CA00285,2026-10-02,Alpha-Terpinene 99-86-5 0.6289,declaración de alérgenos del certificado,sin estándar IFRA
fig:2276,68916-96-1,Mate absolute,Methyl Heptadienone,1604-28-0,IFRA_STD_061,0.2256,0.2256,declarado,PerfumersWorld: certificado de conformidad de «mate absolute» (8HE00557),proveedor,https://www.perfumersworld.com/document-list.php?pro_id=8HE00557,2026-10-02,METHYL HEPTADIENONE 1604-28-0 0.2256,tabla «IFRA Restringida materials» del certificado,aceptada
fig:2396,8031-03-6,Mimosa absolute,Benzyl Alcohol,100-51-6,IFRA_STD_008,0.2279,0.2279,declarado,PerfumersWorld: certificado de conformidad de «mimosa absolute» (8NG00307),proveedor,https://www.perfumersworld.com/document-list.php?pro_id=8NG00307,2026-10-02,BENZYL ALCOHOL 100-51-6 0.2279,tabla «IFRA Restringida materials» del certificado,aceptada
fig:2396,8031-03-6,Mimosa absolute,Benzyl Benzoate,120-51-4,IFRA_STD_009,1.1171,1.1171,declarado,PerfumersWorld: certificado de conformidad de «mimosa absolute» (8NG00307),proveedor,https://www.perfumersworld.com/document-list.php?pro_id=8NG00307,2026-10-02,BENZYL BENZOATE 120-51-4 1.1171,tabla «IFRA Restringida materials» del certificado,aceptada
fig:2396,8031-03-6,Mimosa absolute,Anis Aldehyde,123-11-5,IFRA_STD_054,0.0760,0.0760,declarado,PerfumersWorld: certificado de conformidad de «mimosa absolute» (8NG00307),proveedor,https://www.perfumersworld.com/document-list.php?pro_id=8NG00307,2026-10-02,ANIS ALDEHYDE 123-11-5 0.0760,tabla «IFRA Restringida materials» del certificado,aceptada
fig:2472,8008-45-5,Nutmeg oil,D-Limonene,5989-27-5,IFRA_STD_186,2.9033,2.9033,declarado,PerfumersWorld: certificado de conformidad de «nutmeg essential oil» (7SC00327),proveedor,https://www.perfumersworld.com/document-list.php?pro_id=7SC00327,2026-10-02,D-LIMONENE 5989-27-5 2.9033,tabla «IFRA Restringida materials» del certificado,aceptada
fig:2472,8008-45-5,Nutmeg oil,Methyl Eugenol,93-15-2,IFRA_STD_100,0.1812,0.1812,declarado,PerfumersWorld: certificado de conformidad de «nutmeg essential oil» (7SC00327),proveedor,https://www.perfumersworld.com/document-list.php?pro_id=7SC00327,2026-10-02,METHYL EUGENOL 93-15-2 0.1812,tabla «IFRA Restringida materials» del certificado,aceptada
fig:2472,8008-45-5,Nutmeg oil,Safrole,94-59-7,IFRA_STD_179,2.5935,2.5935,declarado,PerfumersWorld: certificado de conformidad de «nutmeg essential oil» (7SC00327),proveedor,https://www.perfumersworld.com/document-list.php?pro_id=7SC00327,2026-10-02,SAFROLE 94-59-7 2.5935,tabla «IFRA Restringida materials» del certificado,aceptada
fig:2472,8008-45-5,Nutmeg oil,Isoeugenol,97-54-1,IFRA_STD_048,0.5068,0.5068,declarado,PerfumersWorld: certificado de conformidad de «nutmeg essential oil» (7SC00327),proveedor,https://www.perfumersworld.com/document-list.php?pro_id=7SC00327,2026-10-02,ISOEUGENOL 97-54-1 0.5068,tabla «IFRA Restringida materials» del certificado,aceptada
fig:2521,8016-36-2,Olibanum oil,Benzyl Benzoate,120-51-4,IFRA_STD_009,0.0073,0.0073,declarado,PerfumersWorld: certificado de conformidad de «olibanum essential oil» (7QK00333),proveedor,https://www.perfumersworld.com/document-list.php?pro_id=7QK00333,2026-10-02,Benzyl benzoate 120-51-4 0.0073,tabla «IFRA Restringida materials» del certificado,aceptada
fig:2521,8016-36-2,Olibanum oil,Linalool,78-70-6,IFRA_STD_187,0.1814,0.1814,declarado,PerfumersWorld: certificado de conformidad de «olibanum essential oil» (7QK00333),proveedor,https://www.perfumersworld.com/document-list.php?pro_id=7QK00333,2026-10-02,Linalool 78-70-6 0.1814,tabla «IFRA Restringida materials» del certificado,aceptada
fig:2521,8016-36-2,Olibanum oil,Carvone,99-49-0,IFRA_STD_016,0.1853,0.1853,declarado,PerfumersWorld: certificado de conformidad de «olibanum essential oil» (7QK00333),proveedor,https://www.perfumersworld.com/document-list.php?pro_id=7QK00333,2026-10-02,Carvone 99-49-0 0.1853,tabla «IFRA Restringida materials» del certificado,aceptada
fig:2521,8016-36-2,Olibanum oil,Butylated Hydroxytoluene,128-37-0,,0.2690,0.2690,declarado,PerfumersWorld: certificado de conformidad de «olibanum essential oil» (7QK00333),proveedor,https://www.perfumersworld.com/document-list.php?pro_id=7QK00333,2026-10-02,Butylated Hydroxytoluene 128-37-0 0.2690,declaración de alérgenos del certificado,sin estándar IFRA
fig:2538,8016-38-4,"Orange flower absolute, bitter (Neroli and Neroli Bigarade)",Benzaldehyde,100-52-7,IFRA_STD_007,0.0061,0.0061,declarado,PerfumersWorld: certificado de conformidad de «orange flower absolute» (8NC00338),proveedor,https://www.perfumersworld.com/document-list.php?pro_id=8NC00338,2026-10-02,BENZALDEHYDE 100-52-7 0.0061,tabla «IFRA Restringida materials» del certificado,aceptada
fig:2538,8016-38-4,"Orange flower absolute, bitter (Neroli and Neroli Bigarade)",Geraniol,106-24-1,IFRA_STD_037,0.7383,0.7383,declarado,PerfumersWorld: certificado de conformidad de «orange flower absolute» (8NC00338),proveedor,https://www.perfumersworld.com/document-list.php?pro_id=8NC00338,2026-10-02,GERANIOL 106-24-1 0.7383,tabla «IFRA Restringida materials» del certificado,aceptada
fig:2538,8016-38-4,"Orange flower absolute, bitter (Neroli and Neroli Bigarade)",Benzyl Cyanide,140-29-4,IFRA_STD_112,0.4962,0.4962,declarado,PerfumersWorld: certificado de conformidad de «orange flower absolute» (8NC00338),proveedor,https://www.perfumersworld.com/document-list.php?pro_id=8NC00338,2026-10-02,BENZYL CYANIDE 140-29-4 0.4962,tabla «IFRA Restringida materials» del certificado,aceptada
fig:2538,8016-38-4,"Orange flower absolute, bitter (Neroli and Neroli Bigarade)",Methyl N-Formylanthranilate,41270-80-8,IFRA_STD_101,0.0385,0.0385,declarado,PerfumersWorld: certificado de conformidad de «orange flower absolute» (8NC00338),proveedor,https://www.perfumersworld.com/document-list.php?pro_id=8NC00338,2026-10-02,METHYL N-FORMYLANTHRANILATE 41270-80-8 0.0385,tabla «IFRA Restringida materials» del certificado,aceptada
fig:2538,8016-38-4,"Orange flower absolute, bitter (Neroli and Neroli Bigarade)",7-Methoxycoumarin,531-59-9,IFRA_STD_158,0.0017,0.0017,declarado,PerfumersWorld: certificado de conformidad de «orange flower absolute» (8NC00338),proveedor,https://www.perfumersworld.com/document-list.php?pro_id=8NC00338,2026-10-02,7-METHOXYCOUMARIN 531-59-9 0.0017,tabla «IFRA Restringida materials» del certificado,aceptada
fig:2538,8016-38-4,"Orange flower absolute, bitter (Neroli and Neroli Bigarade)",D-Limonene,5989-27-5,IFRA_STD_186,0.1722,0.1722,declarado,PerfumersWorld: certificado de conformidad de «orange flower absolute» (8NC00338),proveedor,https://www.perfumersworld.com/document-list.php?pro_id=8NC00338,2026-10-02,D-LIMONENE 5989-27-5 0.1722,tabla «IFRA Restringida materials» del certificado,aceptada
fig:2538,8016-38-4,"Orange flower absolute, bitter (Neroli and Neroli Bigarade)",Linalool,78-70-6,IFRA_STD_187,14.2295,14.2295,declarado,PerfumersWorld: certificado de conformidad de «orange flower absolute» (8NC00338),proveedor,https://www.perfumersworld.com/document-list.php?pro_id=8NC00338,2026-10-02,LINALOOL 78-70-6 14.2295,tabla «IFRA Restringida materials» del certificado,aceptada
fig:2538,8016-38-4,"Orange flower absolute, bitter (Neroli and Neroli Bigarade)",Methyl N-Methylanthranilate,85-91-6,IFRA_STD_094,0.0026,0.0026,declarado,PerfumersWorld: certificado de conformidad de «orange flower absolute» (8NC00338),proveedor,https://www.perfumersworld.com/document-list.php?pro_id=8NC00338,2026-10-02,METHYL N-METHYLANTHRANILATE 85-91-6 0.0026,tabla «IFRA Restringida materials» del certificado,aceptada
fig:2541,8016-38-4,"Orange flower, bitter, absolute",Benzaldehyde,100-52-7,IFRA_STD_007,0.0061,0.0061,declarado,PerfumersWorld: certificado de conformidad de «orange flower absolute» (8NC00338),proveedor,https://www.perfumersworld.com/document-list.php?pro_id=8NC00338,2026-10-02,BENZALDEHYDE 100-52-7 0.0061,tabla «IFRA Restringida materials» del certificado,aceptada
fig:2541,8016-38-4,"Orange flower, bitter, absolute",Geraniol,106-24-1,IFRA_STD_037,0.7383,0.7383,declarado,PerfumersWorld: certificado de conformidad de «orange flower absolute» (8NC00338),proveedor,https://www.perfumersworld.com/document-list.php?pro_id=8NC00338,2026-10-02,GERANIOL 106-24-1 0.7383,tabla «IFRA Restringida materials» del certificado,aceptada
fig:2541,8016-38-4,"Orange flower, bitter, absolute",Benzyl Cyanide,140-29-4,IFRA_STD_112,0.4962,0.4962,declarado,PerfumersWorld: certificado de conformidad de «orange flower absolute» (8NC00338),proveedor,https://www.perfumersworld.com/document-list.php?pro_id=8NC00338,2026-10-02,BENZYL CYANIDE 140-29-4 0.4962,tabla «IFRA Restringida materials» del certificado,aceptada
fig:2541,8016-38-4,"Orange flower, bitter, absolute",Methyl N-Formylanthranilate,41270-80-8,IFRA_STD_101,0.0385,0.0385,declarado,PerfumersWorld: certificado de conformidad de «orange flower absolute» (8NC00338),proveedor,https://www.perfumersworld.com/document-list.php?pro_id=8NC00338,2026-10-02,METHYL N-FORMYLANTHRANILATE 41270-80-8 0.0385,tabla «IFRA Restringida materials» del certificado,aceptada
fig:2541,8016-38-4,"Orange flower, bitter, absolute",7-Methoxycoumarin,531-59-9,IFRA_STD_158,0.0017,0.0017,declarado,PerfumersWorld: certificado de conformidad de «orange flower absolute» (8NC00338),proveedor,https://www.perfumersworld.com/document-list.php?pro_id=8NC00338,2026-10-02,7-METHOXYCOUMARIN 531-59-9 0.0017,tabla «IFRA Restringida materials» del certificado,aceptada
fig:2541,8016-38-4,"Orange flower, bitter, absolute",D-Limonene,5989-27-5,IFRA_STD_186,0.1722,0.1722,declarado,PerfumersWorld: certificado de conformidad de «orange flower absolute» (8NC00338),proveedor,https://www.perfumersworld.com/document-list.php?pro_id=8NC00338,2026-10-02,D-LIMONENE 5989-27-5 0.1722,tabla «IFRA Restringida materials» del certificado,aceptada
fig:2541,8016-38-4,"Orange flower, bitter, absolute",Linalool,78-70-6,IFRA_STD_187,14.2295,14.2295,declarado,PerfumersWorld: certificado de conformidad de «orange flower absolute» (8NC00338),proveedor,https://www.perfumersworld.com/document-list.php?pro_id=8NC00338,2026-10-02,LINALOOL 78-70-6 14.2295,tabla «IFRA Restringida materials» del certificado,aceptada
fig:2541,8016-38-4,"Orange flower, bitter, absolute",Methyl N-Methylanthranilate,85-91-6,IFRA_STD_094,0.0026,0.0026,declarado,PerfumersWorld: certificado de conformidad de «orange flower absolute» (8NC00338),proveedor,https://www.perfumersworld.com/document-list.php?pro_id=8NC00338,2026-10-02,METHYL N-METHYLANTHRANILATE 85-91-6 0.0026,tabla «IFRA Restringida materials» del certificado,aceptada
fig:2540,8030-28-2,Orange flower water absolute,Benzaldehyde,100-52-7,IFRA_STD_007,0.0061,0.0061,declarado,PerfumersWorld: certificado de conformidad de «orange flower absolute» (8NC00338),proveedor,https://www.perfumersworld.com/document-list.php?pro_id=8NC00338,2026-10-02,BENZALDEHYDE 100-52-7 0.0061,tabla «IFRA Restringida materials» del certificado,aceptada
fig:2540,8030-28-2,Orange flower water absolute,Geraniol,106-24-1,IFRA_STD_037,0.7383,0.7383,declarado,PerfumersWorld: certificado de conformidad de «orange flower absolute» (8NC00338),proveedor,https://www.perfumersworld.com/document-list.php?pro_id=8NC00338,2026-10-02,GERANIOL 106-24-1 0.7383,tabla «IFRA Restringida materials» del certificado,aceptada
fig:2540,8030-28-2,Orange flower water absolute,Benzyl Cyanide,140-29-4,IFRA_STD_112,0.4962,0.4962,declarado,PerfumersWorld: certificado de conformidad de «orange flower absolute» (8NC00338),proveedor,https://www.perfumersworld.com/document-list.php?pro_id=8NC00338,2026-10-02,BENZYL CYANIDE 140-29-4 0.4962,tabla «IFRA Restringida materials» del certificado,aceptada
fig:2540,8030-28-2,Orange flower water absolute,Methyl N-Formylanthranilate,41270-80-8,IFRA_STD_101,0.0385,0.0385,declarado,PerfumersWorld: certificado de conformidad de «orange flower absolute» (8NC00338),proveedor,https://www.perfumersworld.com/document-list.php?pro_id=8NC00338,2026-10-02,METHYL N-FORMYLANTHRANILATE 41270-80-8 0.0385,tabla «IFRA Restringida materials» del certificado,aceptada
fig:2540,8030-28-2,Orange flower water absolute,7-Methoxycoumarin,531-59-9,IFRA_STD_158,0.0017,0.0017,declarado,PerfumersWorld: certificado de conformidad de «orange flower absolute» (8NC00338),proveedor,https://www.perfumersworld.com/document-list.php?pro_id=8NC00338,2026-10-02,7-METHOXYCOUMARIN 531-59-9 0.0017,tabla «IFRA Restringida materials» del certificado,aceptada
fig:2540,8030-28-2,Orange flower water absolute,D-Limonene,5989-27-5,IFRA_STD_186,0.1722,0.1722,declarado,PerfumersWorld: certificado de conformidad de «orange flower absolute» (8NC00338),proveedor,https://www.perfumersworld.com/document-list.php?pro_id=8NC00338,2026-10-02,D-LIMONENE 5989-27-5 0.1722,tabla «IFRA Restringida materials» del certificado,aceptada
fig:2540,8030-28-2,Orange flower water absolute,Linalool,78-70-6,IFRA_STD_187,14.2295,14.2295,declarado,PerfumersWorld: certificado de conformidad de «orange flower absolute» (8NC00338),proveedor,https://www.perfumersworld.com/document-list.php?pro_id=8NC00338,2026-10-02,LINALOOL 78-70-6 14.2295,tabla «IFRA Restringida materials» del certificado,aceptada
fig:2540,8030-28-2,Orange flower water absolute,Methyl N-Methylanthranilate,85-91-6,IFRA_STD_094,0.0026,0.0026,declarado,PerfumersWorld: certificado de conformidad de «orange flower absolute» (8NC00338),proveedor,https://www.perfumersworld.com/document-list.php?pro_id=8NC00338,2026-10-02,METHYL N-METHYLANTHRANILATE 85-91-6 0.0026,tabla «IFRA Restringida materials» del certificado,aceptada
fig:2270,84012-24-8,"Marjoram, pot",Safranal,116-26-7,IFRA_STD_082,7.4679,7.4679,declarado,PerfumersWorld: certificado de conformidad de «oregano essential oil» (7PS00342),proveedor,https://www.perfumersworld.com/document-list.php?pro_id=7PS00342,2026-10-02,SAFRANAL 116-26-7 7.4679,tabla «IFRA Restringida materials» del certificado,aceptada
fig:2270,84012-24-8,"Marjoram, pot",Linalool,78-70-6,IFRA_STD_187,5.0836,5.0836,declarado,PerfumersWorld: certificado de conformidad de «oregano essential oil» (7PS00342),proveedor,https://www.perfumersworld.com/document-list.php?pro_id=7PS00342,2026-10-02,LINALOOL 78-70-6 5.0836,tabla «IFRA Restringida materials» del certificado,aceptada
fig:2270,84012-24-8,"Marjoram, pot",L-Carvone,99-49-0,IFRA_STD_016,0.0233,0.0233,declarado,PerfumersWorld: certificado de conformidad de «oregano essential oil» (7PS00342),proveedor,https://www.perfumersworld.com/document-list.php?pro_id=7PS00342,2026-10-02,L-CARVONE 99-49-0 0.0233,tabla «IFRA Restringida materials» del certificado,aceptada
fig:2567,68917-05-5,Osmanthus absolute,Linalool,78-70-6,IFRA_STD_187,1.7148,1.7148,declarado,PerfumersWorld: certificado de conformidad de «osmanthus absolute» (8ND00346),proveedor,https://www.perfumersworld.com/document-list.php?pro_id=8ND00346,2026-10-02,LINALOOL 78-70-6 1.7148,tabla «IFRA Restringida materials» del certificado,aceptada
fig:2567,68917-05-5,Osmanthus absolute,Eugenol,97-53-0,IFRA_STD_035,0.0975,0.0975,declarado,PerfumersWorld: certificado de conformidad de «osmanthus absolute» (8ND00346),proveedor,https://www.perfumersworld.com/document-list.php?pro_id=8ND00346,2026-10-02,EUGENOL 97-53-0 0.0975,tabla «IFRA Restringida materials» del certificado,aceptada
fig:2584,8014-19-5,Palmarosa oil,Geraniol,106-24-1,IFRA_STD_037,69.5328,69.5328,declarado,PerfumersWorld: certificado de conformidad de «palmarosa essential oil» (7RL00353),proveedor,https://www.perfumersworld.com/document-list.php?pro_id=7RL00353,2026-10-02,GERANIOL 106-24-1 69.5328,tabla «IFRA Restringida materials» del certificado,aceptada
fig:2584,8014-19-5,Palmarosa oil,Farnesol,4602-84-0,IFRA_STD_036,0.9820,0.9820,declarado,PerfumersWorld: certificado de conformidad de «palmarosa essential oil» (7RL00353),proveedor,https://www.perfumersworld.com/document-list.php?pro_id=7RL00353,2026-10-02,FARNESOL 4602-84-0 0.9820,tabla «IFRA Restringida materials» del certificado,aceptada
fig:2584,8014-19-5,Palmarosa oil,Citral,5392-40-5,IFRA_STD_021,4.0067,4.0067,declarado,PerfumersWorld: certificado de conformidad de «palmarosa essential oil» (7RL00353),proveedor,https://www.perfumersworld.com/document-list.php?pro_id=7RL00353,2026-10-02,CITRAL 5392-40-5 4.0067,tabla «IFRA Restringida materials» del certificado,aceptada
fig:2584,8014-19-5,Palmarosa oil,Linalool,78-70-6,IFRA_STD_187,2.6405,2.6405,declarado,PerfumersWorld: certificado de conformidad de «palmarosa essential oil» (7RL00353),proveedor,https://www.perfumersworld.com/document-list.php?pro_id=7RL00353,2026-10-02,LINALOOL 78-70-6 2.6405,tabla «IFRA Restringida materials» del certificado,aceptada
fig:2634,8006-90-4,Peppermint oil,Limonene,5989-27-5,IFRA_STD_186,7.4137,7.4137,declarado,PerfumersWorld: certificado de conformidad de «peppermint essential oil» (7BB00360),proveedor,https://www.perfumersworld.com/document-list.php?pro_id=7BB00360,2026-10-02,Limonene 5989-27-5 7.4137,tabla «IFRA Restringida materials» del certificado,aceptada
fig:2634,8006-90-4,Peppermint oil,Linalool,78-70-6,IFRA_STD_187,0.0346,0.0346,declarado,PerfumersWorld: certificado de conformidad de «peppermint essential oil» (7BB00360),proveedor,https://www.perfumersworld.com/document-list.php?pro_id=7BB00360,2026-10-02,Linalool 78-70-6 0.0346,tabla «IFRA Restringida materials» del certificado,aceptada
fig:2634,8006-90-4,Peppermint oil,Carvone,99-49-0,IFRA_STD_016,0.0284,0.0284,declarado,PerfumersWorld: certificado de conformidad de «peppermint essential oil» (7BB00360),proveedor,https://www.perfumersworld.com/document-list.php?pro_id=7BB00360,2026-10-02,Carvone 99-49-0 0.0284,tabla «IFRA Restringida materials» del certificado,aceptada
fig:2634,8006-90-4,Peppermint oil,Menthol,2216-51-5,,38.8811,38.8811,declarado,PerfumersWorld: certificado de conformidad de «peppermint essential oil» (7BB00360),proveedor,https://www.perfumersworld.com/document-list.php?pro_id=7BB00360,2026-10-02,Menthol 2216-51-5 38.8811,declaración de alérgenos del certificado,sin estándar IFRA
fig:2634,8006-90-4,Peppermint oil,Pinene,80-56-8,,5.9258,5.9258,declarado,PerfumersWorld: certificado de conformidad de «peppermint essential oil» (7BB00360),proveedor,https://www.perfumersworld.com/document-list.php?pro_id=7BB00360,2026-10-02,Pinene 80-56-8 5.9258,declaración de alérgenos del certificado,sin estándar IFRA
fig:2634,8006-90-4,Peppermint oil,Terpineol,98-55-5,,0.3400,0.3400,declarado,PerfumersWorld: certificado de conformidad de «peppermint essential oil» (7BB00360),proveedor,https://www.perfumersworld.com/document-list.php?pro_id=7BB00360,2026-10-02,Terpineol 98-55-5 0.3400,declaración de alérgenos del certificado,sin estándar IFRA
fig:2634,8006-90-4,Peppermint oil,Gamma-Terpinene,99-85-4,,0.0226,0.0226,declarado,PerfumersWorld: certificado de conformidad de «peppermint essential oil» (7BB00360),proveedor,https://www.perfumersworld.com/document-list.php?pro_id=7BB00360,2026-10-02,gamma-Terpinene 99-85-4 0.0226,declaración de alérgenos del certificado,sin estándar IFRA
fig:2634,8006-90-4,Peppermint oil,Alpha-Terpinene,99-86-5,,0.0405,0.0405,declarado,PerfumersWorld: certificado de conformidad de «peppermint essential oil» (7BB00360),proveedor,https://www.perfumersworld.com/document-list.php?pro_id=7BB00360,2026-10-02,Alpha-Terpinene 99-86-5 0.0405,declaración de alérgenos del certificado,sin estándar IFRA
fig:2649,8014-17-3,"Petitgrain oil, Paraguay",Geraniol,106-24-1,IFRA_STD_037,2.2095,2.2095,declarado,PerfumersWorld: certificado de conformidad de «petitgrain essential oil paraguay» (7CN00364),proveedor,https://www.perfumersworld.com/document-list.php?pro_id=7CN00364,2026-10-02,Geraniol 106-24-1 2.2095,tabla «IFRA Restringida materials» del certificado,aceptada
fig:2649,8014-17-3,"Petitgrain oil, Paraguay",Citral,5392-40-5,IFRA_STD_021,0.1011,0.1011,declarado,PerfumersWorld: certificado de conformidad de «petitgrain essential oil paraguay» (7CN00364),proveedor,https://www.perfumersworld.com/document-list.php?pro_id=7CN00364,2026-10-02,Citral 5392-40-5 0.1011,tabla «IFRA Restringida materials» del certificado,aceptada
fig:2649,8014-17-3,"Petitgrain oil, Paraguay",Limonene,5989-27-5,IFRA_STD_186,0.6955,0.6955,declarado,PerfumersWorld: certificado de conformidad de «petitgrain essential oil paraguay» (7CN00364),proveedor,https://www.perfumersworld.com/document-list.php?pro_id=7CN00364,2026-10-02,Limonene 5989-27-5 0.6955,tabla «IFRA Restringida materials» del certificado,aceptada
fig:2649,8014-17-3,"Petitgrain oil, Paraguay",Linalool,78-70-6,IFRA_STD_187,27.8019,27.8019,declarado,PerfumersWorld: certificado de conformidad de «petitgrain essential oil paraguay» (7CN00364),proveedor,https://www.perfumersworld.com/document-list.php?pro_id=7CN00364,2026-10-02,Linalool 78-70-6 27.8019,tabla «IFRA Restringida materials» del certificado,aceptada
fig:2649,8014-17-3,"Petitgrain oil, Paraguay",Coumarin,91-64-5,IFRA_STD_023,0.0036,0.0036,declarado,PerfumersWorld: certificado de conformidad de «petitgrain essential oil paraguay» (7CN00364),proveedor,https://www.perfumersworld.com/document-list.php?pro_id=7CN00364,2026-10-02,Coumarin 91-64-5 0.0036,tabla «IFRA Restringida materials» del certificado,aceptada
fig:2649,8014-17-3,"Petitgrain oil, Paraguay",Geranyl Acetate,105-87-3,,5.4219,5.4219,declarado,PerfumersWorld: certificado de conformidad de «petitgrain essential oil paraguay» (7CN00364),proveedor,https://www.perfumersworld.com/document-list.php?pro_id=7CN00364,2026-10-02,Geranyl Acetate 105-87-3 5.4219,declaración de alérgenos del certificado,sin estándar IFRA
fig:2649,8014-17-3,"Petitgrain oil, Paraguay",Linalyl Acetate,115-95-7,,41.4965,41.4965,declarado,PerfumersWorld: certificado de conformidad de «petitgrain essential oil paraguay» (7CN00364),proveedor,https://www.perfumersworld.com/document-list.php?pro_id=7CN00364,2026-10-02,Linalyl Acetate 115-95-7 41.4965,declaración de alérgenos del certificado,sin estándar IFRA
fig:2649,8014-17-3,"Petitgrain oil, Paraguay",Pinene,127-91-3,,0.7516,0.7516,declarado,PerfumersWorld: certificado de conformidad de «petitgrain essential oil paraguay» (7CN00364),proveedor,https://www.perfumersworld.com/document-list.php?pro_id=7CN00364,2026-10-02,Pinene 127-91-3 0.7516,declaración de alérgenos del certificado,sin estándar IFRA
fig:2649,8014-17-3,"Petitgrain oil, Paraguay",Terpinolene,586-62-9,,0.0042,0.0042,declarado,PerfumersWorld: certificado de conformidad de «petitgrain essential oil paraguay» (7CN00364),proveedor,https://www.perfumersworld.com/document-list.php?pro_id=7CN00364,2026-10-02,Terpinolene 586-62-9 0.0042,declaración de alérgenos del certificado,sin estándar IFRA
fig:2649,8014-17-3,"Petitgrain oil, Paraguay",Beta-Caryophyllene,87-44-5,,0.0542,0.0542,declarado,PerfumersWorld: certificado de conformidad de «petitgrain essential oil paraguay» (7CN00364),proveedor,https://www.perfumersworld.com/document-list.php?pro_id=7CN00364,2026-10-02,Beta-Caryophyllene 87-44-5 0.0542,declaración de alérgenos del certificado,sin estándar IFRA
fig:2649,8014-17-3,"Petitgrain oil, Paraguay",Terpineol,98-55-5,,5.6529,5.6529,declarado,PerfumersWorld: certificado de conformidad de «petitgrain essential oil paraguay» (7CN00364),proveedor,https://www.perfumersworld.com/document-list.php?pro_id=7CN00364,2026-10-02,Terpineol 98-55-5 5.6529,declaración de alérgenos del certificado,sin estándar IFRA
fig:1390,8015-92-7,"Chamomile flower oil, Roman",Citronellyl Acetate,150-84-5,IFRA_STD_248,0.0134,0.0134,declarado,PerfumersWorld: certificado de conformidad de «roman chamomile essential oil» (7HH00104),proveedor,https://www.perfumersworld.com/document-list.php?pro_id=7HH00104,2026-10-02,Citronellyl acetate 150-84-5 0.0134,tabla «IFRA Restringida materials» del certificado,aceptada
fig:1390,8015-92-7,"Chamomile flower oil, Roman",Carvone,99-49-0,IFRA_STD_016,0.0465,0.0465,declarado,PerfumersWorld: certificado de conformidad de «roman chamomile essential oil» (7HH00104),proveedor,https://www.perfumersworld.com/document-list.php?pro_id=7HH00104,2026-10-02,Carvone 99-49-0 0.0465,tabla «IFRA Restringida materials» del certificado,aceptada
fig:2799,8007-01-0,Rose absolute,Benzyl Alcohol,100-51-6,IFRA_STD_008,0.5084,0.5084,declarado,PerfumersWorld: certificado de conformidad de «rose de mai absolute» (8RM00395),proveedor,https://www.perfumersworld.com/document-list.php?pro_id=8RM00395,2026-10-02,Benzyl alcohol 100-51-6 0.5084,tabla «IFRA Restringida materials» del certificado,aceptada
fig:2799,8007-01-0,Rose absolute,Citronellol,106-22-9,IFRA_STD_022,9.3262,9.3262,declarado,PerfumersWorld: certificado de conformidad de «rose de mai absolute» (8RM00395),proveedor,https://www.perfumersworld.com/document-list.php?pro_id=8RM00395,2026-10-02,Citronellol 106-22-9 9.3262,tabla «IFRA Restringida materials» del certificado,aceptada
fig:2799,8007-01-0,Rose absolute,Geraniol,106-24-1,IFRA_STD_037,4.0088,4.0088,declarado,PerfumersWorld: certificado de conformidad de «rose de mai absolute» (8RM00395),proveedor,https://www.perfumersworld.com/document-list.php?pro_id=8RM00395,2026-10-02,Geraniol 106-24-1 4.0088,tabla «IFRA Restringida materials» del certificado,aceptada
fig:2799,8007-01-0,Rose absolute,Farnesol,106-28-5,IFRA_STD_036,0.4177,0.4177,declarado,PerfumersWorld: certificado de conformidad de «rose de mai absolute» (8RM00395),proveedor,https://www.perfumersworld.com/document-list.php?pro_id=8RM00395,2026-10-02,Farnesol 106-28-5 0.4177,tabla «IFRA Restringida materials» del certificado,aceptada
fig:2799,8007-01-0,Rose absolute,Citral,141-27-5,IFRA_STD_021,0.1655,0.1655,declarado,PerfumersWorld: certificado de conformidad de «rose de mai absolute» (8RM00395),proveedor,https://www.perfumersworld.com/document-list.php?pro_id=8RM00395,2026-10-02,Citral 141-27-5 0.1655,tabla «IFRA Restringida materials» del certificado,aceptada
fig:2799,8007-01-0,Rose absolute,Citronellyl Acetate,150-84-5,IFRA_STD_248,0.2629,0.2629,declarado,PerfumersWorld: certificado de conformidad de «rose de mai absolute» (8RM00395),proveedor,https://www.perfumersworld.com/document-list.php?pro_id=8RM00395,2026-10-02,Citronellyl acetate 150-84-5 0.2629,tabla «IFRA Restringida materials» del certificado,aceptada
fig:2799,8007-01-0,Rose absolute,Linalool,78-70-6,IFRA_STD_187,0.0403,0.0403,declarado,PerfumersWorld: certificado de conformidad de «rose de mai absolute» (8RM00395),proveedor,https://www.perfumersworld.com/document-list.php?pro_id=8RM00395,2026-10-02,Linalool 78-70-6 0.0403,tabla «IFRA Restringida materials» del certificado,aceptada
fig:2799,8007-01-0,Rose absolute,Methyl Eugenol,93-15-2,IFRA_STD_100,0.7090,0.7090,declarado,PerfumersWorld: certificado de conformidad de «rose de mai absolute» (8RM00395),proveedor,https://www.perfumersworld.com/document-list.php?pro_id=8RM00395,2026-10-02,Methyl eugenol 93-15-2 0.7090,tabla «IFRA Restringida materials» del certificado,aceptada
fig:2799,8007-01-0,Rose absolute,Geranyl Acetate,105-87-3,,0.0166,0.0166,declarado,PerfumersWorld: certificado de conformidad de «rose de mai absolute» (8RM00395),proveedor,https://www.perfumersworld.com/document-list.php?pro_id=8RM00395,2026-10-02,Geranyl Acetate 105-87-3 0.0166,declaración de alérgenos del certificado,sin estándar IFRA
fig:2799,8007-01-0,Rose absolute,Isoeugenol,5912-86-7,,1.9907,1.9907,declarado,PerfumersWorld: certificado de conformidad de «rose de mai absolute» (8RM00395),proveedor,https://www.perfumersworld.com/document-list.php?pro_id=8RM00395,2026-10-02,Isoeugenol 5912-86-7 1.9907,declaración de alérgenos del certificado,sin estándar IFRA
fig:2817,8000-25-7,Rosemary oil,Limonene,5989-27-5,IFRA_STD_186,0.9959,0.9959,declarado,PerfumersWorld: certificado de conformidad de «rosemary essential oil» (7HB00400),proveedor,https://www.perfumersworld.com/document-list.php?pro_id=7HB00400,2026-10-02,Limonene 5989-27-5 0.9959,tabla «IFRA Restringida materials» del certificado,aceptada
fig:2817,8000-25-7,Rosemary oil,"3,7-Dimethyl-3,6-Octadienal",72203-97-5,IFRA_STD_205,0.1432,0.1432,declarado,PerfumersWorld: certificado de conformidad de «rosemary essential oil» (7HB00400),proveedor,https://www.perfumersworld.com/document-list.php?pro_id=7HB00400,2026-10-02,"3,7-Dimethyl-3,6-octadienal 72203-97-5 0.1432",tabla «IFRA Restringida materials» del certificado,aceptada
fig:2817,8000-25-7,Rosemary oil,Linalool,78-70-6,IFRA_STD_187,1.1018,1.1018,declarado,PerfumersWorld: certificado de conformidad de «rosemary essential oil» (7HB00400),proveedor,https://www.perfumersworld.com/document-list.php?pro_id=7HB00400,2026-10-02,Linalool 78-70-6 1.1018,tabla «IFRA Restringida materials» del certificado,aceptada
fig:2817,8000-25-7,Rosemary oil,Carvone,99-49-0,IFRA_STD_016,0.0387,0.0387,declarado,PerfumersWorld: certificado de conformidad de «rosemary essential oil» (7HB00400),proveedor,https://www.perfumersworld.com/document-list.php?pro_id=7HB00400,2026-10-02,Carvone 99-49-0 0.0387,tabla «IFRA Restringida materials» del certificado,aceptada
fig:2817,8000-25-7,Rosemary oil,Linalyl Acetate,115-95-7,,0.0210,0.0210,declarado,PerfumersWorld: certificado de conformidad de «rosemary essential oil» (7HB00400),proveedor,https://www.perfumersworld.com/document-list.php?pro_id=7HB00400,2026-10-02,Linalyl Acetate 115-95-7 0.0210,declaración de alérgenos del certificado,sin estándar IFRA
fig:2817,8000-25-7,Rosemary oil,Camphor,76-22-2,,31.0552,31.0552,declarado,PerfumersWorld: certificado de conformidad de «rosemary essential oil» (7HB00400),proveedor,https://www.perfumersworld.com/document-list.php?pro_id=7HB00400,2026-10-02,Camphor 76-22-2 31.0552,declaración de alérgenos del certificado,sin estándar IFRA
fig:2817,8000-25-7,Rosemary oil,Pinene,80-56-8,,6.1198,6.1198,declarado,PerfumersWorld: certificado de conformidad de «rosemary essential oil» (7HB00400),proveedor,https://www.perfumersworld.com/document-list.php?pro_id=7HB00400,2026-10-02,Pinene 80-56-8 6.1198,declaración de alérgenos del certificado,sin estándar IFRA
fig:2817,8000-25-7,Rosemary oil,Terpineol,98-55-5,,1.8266,1.8266,declarado,PerfumersWorld: certificado de conformidad de «rosemary essential oil» (7HB00400),proveedor,https://www.perfumersworld.com/document-list.php?pro_id=7HB00400,2026-10-02,Terpineol 98-55-5 1.8266,declaración de alérgenos del certificado,sin estándar IFRA
fig:2914,8046-19-3,Styrax resinoid,Benzyl Alcohol,100-51-6,IFRA_STD_008,0.0496,0.0496,declarado,PerfumersWorld: certificado de conformidad de «styrax resinoid» (2QS00421),proveedor,https://www.perfumersworld.com/document-list.php?pro_id=2QS00421,2026-10-02,BENZYL ALCOHOL 100-51-6 0.0496,tabla «IFRA Restringida materials» del certificado,aceptada
fig:2914,8046-19-3,Styrax resinoid,Benzaldehyde,100-52-7,IFRA_STD_007,0.0078,0.0078,declarado,PerfumersWorld: certificado de conformidad de «styrax resinoid» (2QS00421),proveedor,https://www.perfumersworld.com/document-list.php?pro_id=2QS00421,2026-10-02,BENZALDEHYDE 100-52-7 0.0078,tabla «IFRA Restringida materials» del certificado,aceptada
fig:2914,8046-19-3,Styrax resinoid,Benzyl Cinnamate,103-41-3,IFRA_STD_010,1.6130,1.6130,declarado,PerfumersWorld: certificado de conformidad de «styrax resinoid» (2QS00421),proveedor,https://www.perfumersworld.com/document-list.php?pro_id=2QS00421,2026-10-02,BENZYL CINNAMATE 103-41-3 1.6130,tabla «IFRA Restringida materials» del certificado,aceptada
fig:2914,8046-19-3,Styrax resinoid,Cinnamic Alcohol,104-54-1,IFRA_STD_017,2.7168,2.7168,declarado,PerfumersWorld: certificado de conformidad de «styrax resinoid» (2QS00421),proveedor,https://www.perfumersworld.com/document-list.php?pro_id=2QS00421,2026-10-02,CINNAMIC ALCOHOL 104-54-1 2.7168,tabla «IFRA Restringida materials» del certificado,aceptada
fig:2914,8046-19-3,Styrax resinoid,Cinnamic Aldehyde,104-55-2,IFRA_STD_018,0.0377,0.0377,declarado,PerfumersWorld: certificado de conformidad de «styrax resinoid» (2QS00421),proveedor,https://www.perfumersworld.com/document-list.php?pro_id=2QS00421,2026-10-02,CINNAMIC ALDEHYDE 104-55-2 0.0377,tabla «IFRA Restringida materials» del certificado,aceptada
fig:2914,8046-19-3,Styrax resinoid,Benzyl Benzoate,120-51-4,IFRA_STD_009,0.0155,0.0155,declarado,PerfumersWorld: certificado de conformidad de «styrax resinoid» (2QS00421),proveedor,https://www.perfumersworld.com/document-list.php?pro_id=2QS00421,2026-10-02,BENZYL BENZOATE 120-51-4 0.0155,tabla «IFRA Restringida materials» del certificado,aceptada
ncs:marjoram-oleoresin,84082-58-6,Marjoram oleoresin,Geraniol,106-24-1,IFRA_STD_037,0.3000,0.3000,declarado,PerfumersWorld: certificado de conformidad de «sweet marjoram essential oil» (7HS00288),proveedor,https://www.perfumersworld.com/document-list.php?pro_id=7HS00288,2026-10-02,GERANIOL 106-24-1 0.3000,tabla «IFRA Restringida materials» del certificado,aceptada
ncs:marjoram-oleoresin,84082-58-6,Marjoram oleoresin,"D,L-Carvone",6485-40-1,IFRA_STD_016,0.4000,0.4000,declarado,PerfumersWorld: certificado de conformidad de «sweet marjoram essential oil» (7HS00288),proveedor,https://www.perfumersworld.com/document-list.php?pro_id=7HS00288,2026-10-02,"D,L-CARVONE 6485-40-1 0.4000",tabla «IFRA Restringida materials» del certificado,aceptada
fig:2982,8037-19-2,Tobacco leaf absolute,Coumarin,91-64-5,IFRA_STD_023,0.1561,0.1561,declarado,PerfumersWorld: certificado de conformidad de «tobacco absolute» (8TH08212),proveedor,https://www.perfumersworld.com/document-list.php?pro_id=8TH08212,2026-10-02,COUMARIN 91-64-5 0.1561,tabla «IFRA Restringida materials» del certificado,aceptada
fig:3050,8006-64-2,Turpentine oil,Para-Cresol,106-44-5,IFRA_STD_260,0.0081,0.0081,declarado,PerfumersWorld: certificado de conformidad de «turpentine oil» (7KQ00453),proveedor,https://www.perfumersworld.com/document-list.php?pro_id=7KQ00453,2026-10-02,PARA-CRESOL 106-44-5 0.0081,tabla «IFRA Restringida materials» del certificado,aceptada
fig:3050,8006-64-2,Turpentine oil,Longifolene,475-20-7,IFRA_STD_199,6.4395,6.4395,declarado,PerfumersWorld: certificado de conformidad de «turpentine oil» (7KQ00453),proveedor,https://www.perfumersworld.com/document-list.php?pro_id=7KQ00453,2026-10-02,LONGIFOLENE 475-20-7 6.4395,tabla «IFRA Restringida materials» del certificado,aceptada
fig:3050,8006-64-2,Turpentine oil,Cuminyl Alcohol,536-60-7,IFRA_STD_194,0.0676,0.0676,declarado,PerfumersWorld: certificado de conformidad de «turpentine oil» (7KQ00453),proveedor,https://www.perfumersworld.com/document-list.php?pro_id=7KQ00453,2026-10-02,CUMINYL ALCOHOL 536-60-7 0.0676,tabla «IFRA Restringida materials» del certificado,aceptada
fig:3050,8006-64-2,Turpentine oil,D-Limonene,5989-27-5,IFRA_STD_186,4.0000,4.0000,declarado,PerfumersWorld: certificado de conformidad de «turpentine oil» (7KQ00453),proveedor,https://www.perfumersworld.com/document-list.php?pro_id=7KQ00453,2026-10-02,D-LIMONENE 5989-27-5 4.0000,tabla «IFRA Restringida materials» del certificado,aceptada
fig:3050,8006-64-2,Turpentine oil,Linalool,78-70-6,IFRA_STD_187,0.1160,0.1160,declarado,PerfumersWorld: certificado de conformidad de «turpentine oil» (7KQ00453),proveedor,https://www.perfumersworld.com/document-list.php?pro_id=7KQ00453,2026-10-02,LINALOOL 78-70-6 0.1160,tabla «IFRA Restringida materials» del certificado,aceptada
fig:3050,8006-64-2,Turpentine oil,L-Carvone,99-49-0,IFRA_STD_016,0.0486,0.0486,declarado,PerfumersWorld: certificado de conformidad de «turpentine oil» (7KQ00453),proveedor,https://www.perfumersworld.com/document-list.php?pro_id=7KQ00453,2026-10-02,L-CARVONE 99-49-0 0.0486,tabla «IFRA Restringida materials» del certificado,aceptada
fig:2357,1335-46-2,Methyl ionone (mixture of isomers),Geraniol,106-24-1,IFRA_STD_037,0.0035,0.0035,declarado,PerfumersWorld: certificado de conformidad de «ultralia» (6II13551),proveedor,https://www.perfumersworld.com/document-list.php?pro_id=6II13551,2026-10-02,GERANIOL 106-24-1 0.0035,tabla «IFRA Restringida materials» del certificado,aceptada
fig:2357,1335-46-2,Methyl ionone (mixture of isomers),Citral,5392-40-5,IFRA_STD_021,0.0003,0.0003,declarado,PerfumersWorld: certificado de conformidad de «ultralia» (6II13551),proveedor,https://www.perfumersworld.com/document-list.php?pro_id=6II13551,2026-10-02,CITRAL 5392-40-5 0.0003,tabla «IFRA Restringida materials» del certificado,aceptada
fig:2357,1335-46-2,Methyl ionone (mixture of isomers),Alpha-Thujone,546-80-5,IFRA_STD_102,0.0028,0.0028,declarado,PerfumersWorld: certificado de conformidad de «ultralia» (6II13551),proveedor,https://www.perfumersworld.com/document-list.php?pro_id=6II13551,2026-10-02,ALPHA-THUJONE 546-80-5 0.0028,tabla «IFRA Restringida materials» del certificado,aceptada
fig:2357,1335-46-2,Methyl ionone (mixture of isomers),Linalool,78-70-6,IFRA_STD_187,0.0010,0.0010,declarado,PerfumersWorld: certificado de conformidad de «ultralia» (6II13551),proveedor,https://www.perfumersworld.com/document-list.php?pro_id=6II13551,2026-10-02,LINALOOL 78-70-6 0.0010,tabla «IFRA Restringida materials» del certificado,aceptada
fig:2357,1335-46-2,Methyl ionone (mixture of isomers),L-Carvone,99-49-0,IFRA_STD_016,0.0002,0.0002,declarado,PerfumersWorld: certificado de conformidad de «ultralia» (6II13551),proveedor,https://www.perfumersworld.com/document-list.php?pro_id=6II13551,2026-10-02,L-CARVONE 99-49-0 0.0002,tabla «IFRA Restringida materials» del certificado,aceptada
fig:3065,8024-06-4,Vanilla absolute,Vanillin,121-33-5,,73.8765,73.8765,declarado,PerfumersWorld: certificado de conformidad de «vanilla absolute» (8VW08619),proveedor,https://www.perfumersworld.com/document-list.php?pro_id=8VW08619,2026-10-02,Vanillin 121-33-5 73.8765,declaración de alérgenos del certificado,sin estándar IFRA
fig:3083,8016-96-4,Vetiver oil,Longifolene,475-20-7,IFRA_STD_199,2.4991,2.4991,declarado,PerfumersWorld: certificado de conformidad de «vetiver essential oil» (7WY00466),proveedor,https://www.perfumersworld.com/document-list.php?pro_id=7WY00466,2026-10-02,LONGIFOLENE 475-20-7 2.4991,tabla «IFRA Restringida materials» del certificado,aceptada
fig:2976,8007-46-3,"Thyme oil, white",D-Limonene,5989-27-5,IFRA_STD_186,2.4653,2.4653,declarado,PerfumersWorld: certificado de conformidad de «white thyme essential oil» (7PS00441),proveedor,https://www.perfumersworld.com/document-list.php?pro_id=7PS00441,2026-10-02,D-LIMONENE 5989-27-5 2.4653,tabla «IFRA Restringida materials» del certificado,aceptada
fig:2976,8007-46-3,"Thyme oil, white",Linalool,78-70-6,IFRA_STD_187,5.7073,5.7073,declarado,PerfumersWorld: certificado de conformidad de «white thyme essential oil» (7PS00441),proveedor,https://www.perfumersworld.com/document-list.php?pro_id=7PS00441,2026-10-02,LINALOOL 78-70-6 5.7073,tabla «IFRA Restringida materials» del certificado,aceptada
fig:2976,8007-46-3,"Thyme oil, white",L-Carvone,99-49-0,IFRA_STD_016,0.0116,0.0116,declarado,PerfumersWorld: certificado de conformidad de «white thyme essential oil» (7PS00441),proveedor,https://www.perfumersworld.com/document-list.php?pro_id=7PS00441,2026-10-02,L-CARVONE 99-49-0 0.0116,tabla «IFRA Restringida materials» del certificado,aceptada
fig:3107,8006-81-3,Ylang ylang oil,Geraniol,106-24-1,IFRA_STD_037,1.8760,1.8760,declarado,PerfumersWorld: certificado de conformidad de «ylang ylang essential oil» (7NJ00472),proveedor,https://www.perfumersworld.com/document-list.php?pro_id=7NJ00472,2026-10-02,Geraniol 106-24-1 1.8760,tabla «IFRA Restringida materials» del certificado,aceptada
fig:3107,8006-81-3,Ylang ylang oil,Benzyl Salicylate,118-58-1,IFRA_STD_011,3.3740,3.3740,declarado,PerfumersWorld: certificado de conformidad de «ylang ylang essential oil» (7NJ00472),proveedor,https://www.perfumersworld.com/document-list.php?pro_id=7NJ00472,2026-10-02,Benzyl salicylate 118-58-1 3.3740,tabla «IFRA Restringida materials» del certificado,aceptada
fig:3107,8006-81-3,Ylang ylang oil,Benzyl Benzoate,120-51-4,IFRA_STD_009,14.2902,14.2902,declarado,PerfumersWorld: certificado de conformidad de «ylang ylang essential oil» (7NJ00472),proveedor,https://www.perfumersworld.com/document-list.php?pro_id=7NJ00472,2026-10-02,Benzyl benzoate 120-51-4 14.2902,tabla «IFRA Restringida materials» del certificado,aceptada
fig:3107,8006-81-3,Ylang ylang oil,Linalool,78-70-6,IFRA_STD_187,3.1754,3.1754,declarado,PerfumersWorld: certificado de conformidad de «ylang ylang essential oil» (7NJ00472),proveedor,https://www.perfumersworld.com/document-list.php?pro_id=7NJ00472,2026-10-02,Linalool 78-70-6 3.1754,tabla «IFRA Restringida materials» del certificado,aceptada
fig:3109,8006-81-3,Ylang ylang oil extra,Benzyl Alcohol,100-51-6,IFRA_STD_008,0.4464,0.4464,declarado,PerfumersWorld: certificado de conformidad de «ylang ylang essential oil extra» (7NJ07496),proveedor,https://www.perfumersworld.com/document-list.php?pro_id=7NJ07496,2026-10-02,BENZYL ALCOHOL 100-51-6 0.4464,tabla «IFRA Restringida materials» del certificado,aceptada
fig:3109,8006-81-3,Ylang ylang oil extra,Benzaldehyde,100-52-7,IFRA_STD_007,0.0199,0.0199,declarado,PerfumersWorld: certificado de conformidad de «ylang ylang essential oil extra» (7NJ07496),proveedor,https://www.perfumersworld.com/document-list.php?pro_id=7NJ07496,2026-10-02,BENZALDEHYDE 100-52-7 0.0199,tabla «IFRA Restringida materials» del certificado,aceptada
fig:3109,8006-81-3,Ylang ylang oil extra,Benzyl Salicylate,118-58-1,IFRA_STD_011,3.1658,3.1658,declarado,PerfumersWorld: certificado de conformidad de «ylang ylang essential oil extra» (7NJ07496),proveedor,https://www.perfumersworld.com/document-list.php?pro_id=7NJ07496,2026-10-02,BENZYL SALICYLATE 118-58-1 3.1658,tabla «IFRA Restringida materials» del certificado,aceptada
fig:3109,8006-81-3,Ylang ylang oil extra,Benzyl Benzoate,120-51-4,IFRA_STD_009,12.4391,12.4391,declarado,PerfumersWorld: certificado de conformidad de «ylang ylang essential oil extra» (7NJ07496),proveedor,https://www.perfumersworld.com/document-list.php?pro_id=7NJ07496,2026-10-02,BENZYL BENZOATE 120-51-4 12.4391,tabla «IFRA Restringida materials» del certificado,aceptada
fig:3109,8006-81-3,Ylang ylang oil extra,Linalool,78-70-6,IFRA_STD_187,9.7197,9.7197,declarado,PerfumersWorld: certificado de conformidad de «ylang ylang essential oil extra» (7NJ07496),proveedor,https://www.perfumersworld.com/document-list.php?pro_id=7NJ07496,2026-10-02,LINALOOL 78-70-6 9.7197,tabla «IFRA Restringida materials» del certificado,aceptada
