material_id,cas,clase,fase,tgsc_paginas,tgsc_estado,pw_paginas,pw_estado
cas:5502-75-0,5502-75-0,molécula,1,1,sin-cifra,1,con-cifra
cas:72968-50-4,72968-50-4,natural,1,17,ambigua,0,sin-pagina
cas:8014-71-9,8014-71-9,natural,1,2,sin-cifra,0,sin-pagina
cas:84650-60-2,84650-60-2,natural,1,30,sin-cifra,0,sin-pagina
cas:84775-41-7,84775-41-7,natural,1,9,sin-cifra,0,sin-pagina
cas:84776-64-7,84776-64-7,natural,1,2,sin-cifra,0,sin-pagina
cas:84929-31-7,84929-31-7,natural,1,8,sin-cifra,1,con-cifra
cas:84929-47-5,84929-47-5,natural,1,5,sin-cifra,0,sin-pagina
cas:85251-66-7,85251-66-7,molécula,1,1,sin-cifra,0,sin-pagina
cas:85940-29-0,85940-29-0,molécula,1,4,sin-cifra,0,sin-pagina
cas:89957-91-5,89957-91-5,natural,1,8,ambigua,0,sin-pagina
cas:9000-78-6,9000-78-6,molécula,1,4,sin-cifra,4,ambigua
cas:90028-68-5,90028-68-5,molécula,1,3,sin-cifra,0,sin-pagina
cas:90045-94-6,90045-94-6,natural,1,6,sin-cifra,0,sin-pagina
cas:90046-02-9,90046-02-9,natural,1,6,ambigua,0,sin-pagina
cas:90063-52-8,90063-52-8,natural,1,10,sin-cifra,0,sin-pagina
cas:91770-14-8,91770-14-8,natural,1,5,sin-cifra,3,ambigua
cas:91770-75-1,91770-75-1,natural,1,2,sin-cifra,0,sin-pagina
fig:18,10138-32-6,molécula,1,1,sin-cifra,0,sin-pagina
fig:43,24720-09-0,molécula,1,1,sin-cifra,0,sin-pagina
fig:49,81786-74-5,molécula,1,1,sin-cifra,0,sin-pagina
fig:54,79-77-6,molécula,1,1,con-cifra,1,con-cifra
fig:63,81786-73-4,molécula,1,1,con-cifra,1,con-cifra
fig:84,68039-73-6,molécula,1,1,con-cifra,0,sin-pagina
fig:93,68155-67-9,molécula,1,1,sin-cifra,0,sin-pagina
fig:94,68155-66-8,molécula,1,1,sin-cifra,0,sin-pagina
fig:96,70788-30-6,molécula,1,2,con-cifra,3,con-cifra
fig:101,69929-17-5,molécula,1,1,con-cifra,0,sin-pagina
fig:103,23696-85-7,molécula,1,1,sin-cifra,3,ambigua
fig:104,1646-26-0,molécula,1,1,con-cifra,0,sin-pagina
fig:105,139504-68-0,molécula,1,1,con-cifra,1,con-cifra
fig:111,23911-56-0,molécula,1,1,sin-cifra,0,sin-pagina
fig:112,56973-85-4,molécula,1,1,sin-cifra,2,con-cifra
fig:114,1506-02-1,molécula,1,2,con-cifra,2,ambigua
fig:132,151-05-3,molécula,1,2,con-cifra,1,con-cifra
fig:135,41199-19-3,molécula,1,2,ambigua,0,sin-pagina
fig:136,65405-72-3,molécula,1,1,con-cifra,0,sin-pagina
fig:149,68083-58-9,molécula,1,1,con-cifra,0,sin-pagina
fig:150,80118-06-5,molécula,1,1,con-cifra,0,sin-pagina
fig:154,131812-52-7,molécula,1,1,con-cifra,0,sin-pagina
fig:163,75147-23-8,molécula,1,1,con-cifra,2,ambigua
fig:168,73018-51-6,molécula,1,1,con-cifra,0,sin-pagina
fig:170,76-22-2,molécula,1,1,con-cifra,0,sin-pagina
fig:176,112-45-8,molécula,1,3,ambigua,2,ambigua
fig:181,6707-60-4,molécula,1,1,con-cifra,0,sin-pagina
fig:187,68039-69-0,molécula,1,1,con-cifra,0,sin-pagina
fig:189,16510-27-3,molécula,1,1,con-cifra,1,con-cifra
fig:196,66327-54-6,molécula,1,1,con-cifra,0,sin-pagina
fig:202,351343-77-6,molécula,1,1,con-cifra,0,sin-pagina
fig:211,52474-60-9,molécula,1,1,con-cifra,1,con-cifra
fig:214,139539-67-6,molécula,1,1,con-cifra,0,sin-pagina
fig:215,52475-86-2,molécula,1,1,sin-cifra,0,sin-pagina
fig:230,94201-19-1,molécula,1,1,con-cifra,1,con-cifra
fig:251,141773-73-1,molécula,1,1,con-cifra,1,con-cifra
fig:257,929625-08-1,molécula,1,1,sin-cifra,1,con-cifra
fig:259,68133-79-9,molécula,1,1,con-cifra,1,con-cifra
fig:260,92015-65-1,molécula,1,1,con-cifra,0,sin-pagina
fig:262,2110-18-1,molécula,1,1,con-cifra,0,sin-pagina
fig:273,60047-17-8,molécula,1,1,con-cifra,0,sin-pagina
fig:286,15373-31-6,molécula,1,1,sin-cifra,0,sin-pagina
fig:288,65443-14-3,molécula,1,1,con-cifra,1,con-cifra
fig:289,7392-19-0,molécula,1,1,con-cifra,2,con-cifra
fig:291,69103-20-4,molécula,1,1,con-cifra,0,sin-pagina
fig:292,104468-21-5,molécula,1,1,con-cifra,0,sin-pagina
fig:304,300371-33-9,molécula,1,1,sin-cifra,0,sin-pagina
fig:319,131812-67-4,molécula,1,1,con-cifra,0,sin-pagina
fig:320,68039-49-6,molécula,1,1,sin-cifra,2,ambigua
fig:321,27606-09-3,molécula,1,1,con-cifra,1,con-cifra
fig:322,82461-14-1,molécula,1,1,con-cifra,0,sin-pagina
fig:342,141-13-9,molécula,1,1,con-cifra,2,ambigua
fig:349,1125-21-9,molécula,1,1,con-cifra,0,sin-pagina
fig:350,116-26-7,molécula,1,1,sin-cifra,3,ambigua
fig:359,106-72-9,molécula,1,1,con-cifra,2,ambigua
fig:367,67019-89-0,molécula,1,1,con-cifra,0,sin-pagina
fig:375,68901-32-6,molécula,1,2,ambigua,1,con-cifra
fig:384,97384-48-0,molécula,1,1,con-cifra,0,sin-pagina
fig:392,54546-26-8,molécula,1,1,con-cifra,0,sin-pagina
fig:397,2109-22-0,molécula,1,1,con-cifra,0,sin-pagina
fig:404,68845-00-1,molécula,1,1,con-cifra,1,con-cifra
fig:405,5595-79-9,molécula,1,1,con-cifra,1,con-cifra
fig:407,2563-07-7,molécula,1,1,sin-cifra,0,sin-pagina
fig:408,18368-91-7,molécula,1,1,con-cifra,0,sin-pagina
fig:430,676125-00-1,molécula,1,1,sin-cifra,0,sin-pagina
fig:437,950919-28-5,molécula,1,1,sin-cifra,0,sin-pagina
fig:450,165184-98-5,molécula,1,1,sin-cifra,0,sin-pagina
fig:455,476332-65-7,molécula,1,1,sin-cifra,0,sin-pagina
fig:459,42822-86-6,molécula,1,2,con-cifra,0,sin-pagina
fig:483,103-95-7,molécula,1,2,con-cifra,1,con-cifra
fig:488,104864-90-6,molécula,1,1,sin-cifra,0,sin-pagina
fig:490,3155-71-3,molécula,1,1,con-cifra,0,sin-pagina
fig:491,68901-22-4,molécula,1,1,sin-cifra,0,sin-pagina
fig:492,33941-99-0,molécula,1,1,sin-cifra,0,sin-pagina
fig:493,103-05-9,molécula,1,1,con-cifra,1,con-cifra
fig:497,92585-24-5,molécula,1,1,con-cifra,0,sin-pagina
fig:507,19009-56-4,molécula,1,1,con-cifra,0,sin-pagina
fig:521,109-08-0,molécula,1,1,con-cifra,0,sin-pagina
fig:524,110-41-8,molécula,1,2,con-cifra,1,con-cifra
fig:543,84560-00-9,molécula,1,1,sin-cifra,0,sin-pagina
fig:547,122-99-6,molécula,1,1,con-cifra,0,sin-pagina
fig:554,3508-98-3,molécula,1,1,con-cifra,0,sin-pagina
fig:559,56138-10-4,molécula,1,0,sin-pagina,0,sin-pagina
fig:563,14765-30-1,molécula,1,1,con-cifra,0,sin-pagina
fig:566,88-41-5,molécula,1,1,con-cifra,1,con-cifra
fig:576,31906-04-4,molécula,1,2,sin-cifra,1,con-cifra
fig:583,15760-18-6,molécula,1,1,con-cifra,0,sin-pagina
fig:587,3407-42-9,molécula,1,1,con-cifra,0,sin-pagina
fig:597,67634-14-4,molécula,1,1,con-cifra,0,sin-pagina
fig:604,36306-87-3,molécula,1,1,con-cifra,1,con-cifra
fig:610,41816-03-9,molécula,1,1,con-cifra,1,con-cifra
fig:611,86115-11-9,molécula,1,1,sin-cifra,0,sin-pagina
fig:612,87118-95-4,molécula,1,1,con-cifra,0,sin-pagina
fig:616,95-65-8,molécula,1,1,sin-cifra,0,sin-pagina
fig:622,81786-75-6,molécula,1,1,sin-cifra,0,sin-pagina
fig:636,76649-25-7,molécula,1,1,con-cifra,0,sin-pagina
fig:638,13877-91-3,molécula,1,1,con-cifra,1,sin-cifra
fig:639,10339-55-6,molécula,1,1,con-cifra,1,con-cifra
fig:643,61792-11-8,molécula,1,1,con-cifra,1,con-cifra
fig:662,67634-20-2,molécula,1,1,con-cifra,0,sin-pagina
fig:680,426218-78-2,molécula,1,1,con-cifra,0,sin-pagina
fig:708,541-91-3,molécula,1,1,con-cifra,1,con-cifra
fig:711,113486-29-6,molécula,1,1,con-cifra,0,sin-pagina
fig:714,1191-16-8,molécula,1,1,con-cifra,1,con-cifra
fig:716,68555-58-8,molécula,1,1,con-cifra,0,sin-pagina
fig:723,63314-79-4,molécula,1,1,con-cifra,0,sin-pagina
fig:726,55066-48-3,molécula,1,1,con-cifra,1,con-cifra
fig:736,82356-51-2,molécula,1,1,con-cifra,0,sin-pagina
fig:737,765-70-8,molécula,1,1,con-cifra,0,sin-pagina
fig:750,122-97-4,molécula,1,2,con-cifra,1,con-cifra
fig:752,16251-77-7,molécula,1,1,sin-cifra,0,sin-pagina
fig:763,14576-08-0,molécula,1,1,con-cifra,0,sin-pagina
fig:766,60241-53-4,molécula,1,1,con-cifra,0,sin-pagina
fig:767,13215-88-8,molécula,1,1,con-cifra,0,sin-pagina
fig:770,38462-23-6,molécula,1,1,con-cifra,0,sin-pagina
fig:773,23550-40-5,molécula,1,1,con-cifra,0,sin-pagina
fig:774,5471-51-2,molécula,1,1,sin-cifra,2,ambigua
fig:775,104-20-1,molécula,1,2,con-cifra,0,sin-pagina
fig:791,675-09-2,molécula,1,1,con-cifra,0,sin-pagina
fig:796,2550-11-0,molécula,1,1,con-cifra,0,sin-pagina
fig:799,1339119-15-1,molécula,1,1,sin-cifra,0,sin-pagina
fig:806,18871-14-2,molécula,1,2,con-cifra,1,con-cifra
fig:807,13171-00-1,molécula,1,1,con-cifra,2,ambigua
fig:811,83926-73-2,molécula,1,1,con-cifra,0,sin-pagina
fig:818,211299-54-6,molécula,1,1,sin-cifra,3,con-cifra
fig:827,823178-41-2,molécula,1,1,sin-cifra,0,sin-pagina
fig:830,39212-23-2,molécula,1,1,con-cifra,0,sin-pagina
fig:838,4621-04-9,molécula,1,1,con-cifra,0,sin-pagina
fig:840,5462-06-6,molécula,1,1,sin-cifra,0,sin-pagina
fig:848,81782-77-6,molécula,1,2,con-cifra,1,con-cifra
fig:860,224031-70-3,molécula,1,1,con-cifra,0,sin-pagina
fig:864,16587-71-6,molécula,1,1,con-cifra,1,con-cifra
fig:866,98-52-2,molécula,1,1,con-cifra,0,sin-pagina
fig:869,30168-23-1,molécula,1,1,con-cifra,2,ambigua
fig:871,65113-99-7,molécula,1,1,sin-cifra,2,con-cifra
fig:872,70851-61-5,molécula,1,1,con-cifra,0,sin-pagina
fig:883,69486-14-2,molécula,1,1,con-cifra,0,sin-pagina
fig:887,68140-48-7,molécula,1,2,con-cifra,0,sin-pagina
fig:890,37609-25-9,molécula,1,1,con-cifra,1,con-cifra
fig:903,139539-66-5,molécula,1,1,con-cifra,0,sin-pagina
fig:905,81925-81-7,molécula,1,1,con-cifra,0,sin-pagina
fig:906,21834-92-4,molécula,1,1,con-cifra,0,sin-pagina
fig:911,4927-36-0,molécula,1,1,con-cifra,1,con-cifra
fig:913,620-02-0,molécula,1,1,con-cifra,0,sin-pagina
fig:923,33885-51-7,molécula,1,1,con-cifra,0,sin-pagina
fig:926,21145-77-7,molécula,1,2,con-cifra,0,sin-pagina
fig:929,93939-86-7,molécula,1,1,con-cifra,0,sin-pagina
fig:930,34131-98-1,molécula,1,1,con-cifra,1,con-cifra
fig:932,62439-41-2,molécula,1,1,con-cifra,0,sin-pagina
fig:935,110-93-0,molécula,1,1,con-cifra,0,sin-pagina
fig:936,91-62-3,molécula,1,1,con-cifra,0,sin-pagina
fig:944,28940-11-6,molécula,1,2,con-cifra,3,ambigua
fig:950,88644-30-8,molécula,1,1,sin-cifra,0,sin-pagina
fig:952,338735-71-0,molécula,1,1,con-cifra,0,sin-pagina
fig:957,13019-22-2,molécula,1,2,con-cifra,2,ambigua
fig:968,105-57-7,molécula,1,1,con-cifra,0,sin-pagina
fig:975,2556-10-7,molécula,1,1,con-cifra,1,con-cifra
fig:981,144020-22-4,molécula,1,1,sin-cifra,1,con-cifra
fig:989,98-86-2,molécula,1,1,con-cifra,1,con-cifra
fig:991,32388-55-9,molécula,1,1,con-cifra,1,con-cifra
fig:994,22047-25-2,molécula,1,1,con-cifra,2,ambigua
fig:998,94350-09-1,natural,1,2,ambigua,3,ambigua
fig:1001,8001-99-8,natural,1,3,ambigua,0,sin-pagina
fig:1010,8006-77-7,natural,1,9,ambigua,0,sin-pagina
fig:1014,79-78-7,molécula,1,1,con-cifra,1,con-cifra
fig:1018,2705-87-5,molécula,1,2,con-cifra,2,ambigua
fig:1022,123-68-2,molécula,1,1,con-cifra,1,con-cifra
fig:1029,8013-76-1,natural,1,1,con-cifra,0,sin-pagina
fig:1031,67634-15-5,molécula,1,1,con-cifra,1,con-cifra
fig:1033,10094-34-5,molécula,1,2,con-cifra,1,con-cifra
fig:1043,17627-44-0,molécula,1,1,con-cifra,0,sin-pagina
fig:1046,10461-98-0,molécula,1,1,con-cifra,1,con-cifra
fig:1047,502-61-4,molécula,1,1,con-cifra,0,sin-pagina
fig:1049,101-86-0,molécula,1,3,sin-cifra,1,con-cifra
fig:1052,79-69-6,molécula,1,1,con-cifra,3,ambigua
fig:1055,1205-17-0,molécula,1,1,sin-cifra,1,con-cifra
fig:1056,93-92-5,molécula,1,2,con-cifra,2,ambigua
fig:1057,98-85-1,molécula,1,1,con-cifra,1,con-cifra
fig:1063,10528-67-3,molécula,1,0,sin-pagina,0,sin-pagina
fig:1064,99-83-2,molécula,1,1,con-cifra,0,sin-pagina
fig:1067,98-55-5,molécula,1,2,con-cifra,1,con-cifra
fig:1070,8015-62-1,natural,1,2,ambigua,0,sin-pagina
fig:1071,8015-62-1,natural,1,2,ambigua,0,sin-pagina
fig:1072,8015-62-1,natural,1,2,ambigua,0,sin-pagina
fig:1073,8015-62-1,natural,1,2,ambigua,0,sin-pagina
fig:1074,8015-62-1,natural,1,2,ambigua,0,sin-pagina
fig:1082,2050-08-0,molécula,1,1,con-cifra,1,con-cifra
fig:1085,8015-65-4,natural,1,2,ambigua,0,sin-pagina
fig:1087,8015-65-4,natural,1,2,ambigua,0,sin-pagina
fig:1089,8015-64-3,natural,1,6,ambigua,0,sin-pagina
fig:1092,8015-64-3,natural,1,6,ambigua,0,sin-pagina
fig:1093,8007-70-3,natural,1,6,ambigua,1,con-cifra
fig:1101,883111-87-3,molécula,1,1,sin-cifra,0,sin-pagina
fig:1102,883111-87-3,natural,1,1,sin-cifra,0,sin-pagina
fig:1103,883111-87-3,natural,1,1,sin-cifra,0,sin-pagina
fig:1104,883111-87-3,natural,1,1,sin-cifra,0,sin-pagina
fig:1105,883111-87-3,natural,1,1,sin-cifra,0,sin-pagina
fig:1106,883111-87-3,natural,1,1,sin-cifra,0,sin-pagina
fig:1108,68991-20-8,natural,1,2,ambigua,0,sin-pagina
fig:1117,8007-00-9,natural,1,4,sin-cifra,3,ambigua
fig:1118,8007-00-9,natural,1,4,sin-cifra,3,ambigua
fig:1119,8007-00-9,natural,1,4,sin-cifra,3,ambigua
fig:1121,8007-47-4,molécula,1,2,con-cifra,0,sin-pagina
fig:1123,8015-73-4,natural,1,13,ambigua,2,ambigua
fig:1124,8015-73-4,natural,1,13,ambigua,2,ambigua
fig:1125,8015-73-4,natural,1,13,ambigua,2,ambigua
fig:1134,8012-89-3,natural,1,6,ambigua,0,sin-pagina
fig:1138,100-52-7,molécula,1,1,sin-cifra,2,ambigua
fig:1145,130786-09-3,molécula,1,1,sin-cifra,0,sin-pagina
fig:1148,56836-93-2,molécula,1,1,con-cifra,0,sin-pagina
fig:1159,89-71-4,molécula,1,1,sin-cifra,0,sin-pagina
fig:1162,9000-72-0,natural,1,5,ambigua,3,ambigua
fig:1163,9000-72-0,natural,1,5,ambigua,3,ambigua
fig:1164,9000-05-9,natural,1,6,ambigua,2,ambigua
fig:1165,9000-72-0,natural,1,5,ambigua,3,ambigua
fig:1166,9000-05-9,natural,1,6,ambigua,2,ambigua
fig:1167,9000-05-9,natural,1,6,ambigua,2,ambigua
fig:1169,9000-05-9,natural,1,6,ambigua,2,ambigua
fig:1172,95-16-9,molécula,1,1,sin-cifra,0,sin-pagina
fig:1178,100-51-6,molécula,1,1,sin-cifra,1,con-cifra
fig:1179,120-51-4,molécula,1,2,sin-cifra,1,con-cifra
fig:1193,118-58-1,molécula,1,2,sin-cifra,1,con-cifra
fig:1197,8007-75-8,natural,1,6,sin-cifra,1,ambigua
fig:1199,8007-75-8,natural,1,6,sin-cifra,1,ambigua
fig:1201,8007-75-8,natural,1,6,sin-cifra,1,ambigua
fig:1202,8007-75-8,natural,1,6,sin-cifra,1,ambigua
fig:1203,35044-68-9,molécula,1,1,sin-cifra,0,sin-pagina
fig:1208,14901-07-6,molécula,1,2,con-cifra,0,sin-pagina
fig:1210,55066-49-4,molécula,1,1,con-cifra,0,sin-pagina
fig:1221,116126-82-0,molécula,1,1,con-cifra,0,sin-pagina
fig:1231,8001-88-5,natural,1,3,ambigua,3,ambigua
fig:1241,68650-46-4,natural,1,1,ambigua,0,sin-pagina
fig:1243,68650-46-4,natural,1,1,ambigua,0,sin-pagina
fig:1245,94333-88-7,molécula,1,1,sin-cifra,0,sin-pagina
fig:1247,406488-30-0,molécula,1,1,con-cifra,1,con-cifra
fig:1270,138-22-7,molécula,1,1,con-cifra,0,sin-pagina
fig:1276,544-40-1,molécula,1,1,con-cifra,0,sin-pagina
fig:1280,68188-03-4,natural,1,2,sin-cifra,1,con-cifra
fig:1281,8002-31-1,natural,1,3,ambigua,4,ambigua
fig:1286,8013-10-3,natural,1,1,ambigua,3,ambigua
fig:1287,8013-10-3,natural,1,1,ambigua,3,ambigua
fig:1289,8008-98-8,natural,1,2,ambigua,1,con-cifra
fig:1290,8015-79-0,natural,1,2,ambigua,0,sin-pagina
fig:1291,1069136-34-0,natural,1,1,ambigua,0,sin-pagina
fig:1292,1069136-34-0,natural,1,1,ambigua,0,sin-pagina
fig:1297,8008-51-3,natural,1,1,ambigua,1,ambigua
fig:1298,8008-51-3,natural,1,1,ambigua,1,ambigua
fig:1299,68606-83-7,natural,1,3,sin-cifra,1,con-cifra
fig:1302,8000-42-8,natural,1,2,ambigua,2,ambigua
fig:1303,8000-42-8,natural,1,2,ambigua,2,ambigua
fig:1306,8000-66-6,natural,1,6,ambigua,2,ambigua
fig:1309,8000-66-6,natural,1,6,ambigua,2,ambigua
fig:1311,8021-43-0,natural,1,2,ambigua,0,sin-pagina
fig:1316,8015-88-1,natural,1,6,ambigua,2,ambigua
fig:1317,8015-88-1,natural,1,6,ambigua,2,ambigua
fig:1318,8015-88-1,natural,1,6,ambigua,2,ambigua
fig:1335,8023-82-3,natural,1,2,ambigua,0,sin-pagina
fig:1336,97676-19-2,natural,1,3,ambigua,2,ambigua
fig:1348,8007-20-3,natural,1,3,ambigua,0,sin-pagina
fig:1351,8007-20-3,natural,1,3,ambigua,0,sin-pagina
fig:1353,8023-85-6,natural,1,2,ambigua,0,sin-pagina
fig:1354,68990-83-0,natural,1,3,ambigua,0,sin-pagina
fig:1358,8023-85-6,natural,1,2,ambigua,0,sin-pagina
fig:1359,1159574-01-2,natural,1,0,sin-pagina,0,sin-pagina
fig:1360,1159574-01-2,natural,1,0,sin-pagina,0,sin-pagina
fig:1362,68991-36-6,natural,1,2,ambigua,0,sin-pagina
fig:1365,68990-83-0,natural,1,3,ambigua,0,sin-pagina
fig:1366,68990-83-0,natural,1,3,ambigua,0,sin-pagina
fig:1367,8000-27-9,natural,1,3,ambigua,1,ambigua
fig:1368,8000-27-9,natural,1,3,ambigua,1,ambigua
fig:1370,8000-27-9,natural,1,3,ambigua,1,ambigua
fig:1377,77-53-2,molécula,1,1,con-cifra,2,ambigua
fig:1378,19870-74-7,molécula,1,1,con-cifra,1,con-cifra
fig:1379,77-54-3,molécula,1,1,con-cifra,1,con-cifra
fig:1385,8015-90-5,natural,1,3,ambigua,2,ambigua
fig:1388,8002-66-2,natural,1,2,ambigua,2,ambigua
fig:1389,8002-66-2,natural,1,2,ambigua,2,ambigua
fig:1390,8015-92-7,natural,1,3,ambigua,2,ambigua
fig:1391,8015-92-7,natural,1,3,ambigua,2,ambigua
fig:1393,8006-76-6,natural,1,3,sin-cifra,0,sin-pagina
fig:1402,8015-91-6,natural,1,10,ambigua,1,ambigua
fig:1404,8015-91-6,natural,1,10,ambigua,1,ambigua
fig:1405,8015-91-6,natural,1,10,ambigua,1,ambigua
fig:1409,104-54-1,molécula,1,1,sin-cifra,2,con-cifra
fig:1416,1885-38-7,molécula,1,1,sin-cifra,0,sin-pagina
fig:1420,59323-76-1,molécula,1,1,con-cifra,0,sin-pagina
fig:1422,20298-69-5,molécula,1,1,sin-cifra,0,sin-pagina
fig:1425,3681-71-8,molécula,1,1,con-cifra,2,ambigua
fig:1438,67633-96-9,molécula,1,1,con-cifra,2,con-cifra
fig:1448,21662-09-9,molécula,1,1,con-cifra,0,sin-pagina
fig:1462,8016-26-0,natural,1,13,ambigua,6,ambigua
fig:1466,8016-26-0,natural,1,13,ambigua,6,ambigua
fig:1467,8016-26-0,natural,1,13,ambigua,6,ambigua
fig:1468,8016-26-0,natural,1,13,ambigua,6,ambigua
fig:1478,8000-29-1,natural,1,6,ambigua,1,ambigua
fig:1479,8000-29-1,natural,1,6,ambigua,1,ambigua
fig:1483,7492-67-3,molécula,1,1,con-cifra,0,sin-pagina
fig:1494,141-14-0,molécula,1,1,con-cifra,0,sin-pagina
fig:1497,91771-50-5,natural,1,5,ambigua,2,ambigua
fig:1498,233683-84-6,natural,1,2,ambigua,0,sin-pagina
fig:1501,68916-26-7,natural,1,4,ambigua,0,sin-pagina
fig:1506,8016-63-5,natural,1,14,ambigua,2,ambigua
fig:1510,8000-34-8,natural,1,13,ambigua,2,ambigua
fig:1511,8000-34-8,natural,1,13,ambigua,2,ambigua
fig:1513,8000-34-8,natural,1,13,ambigua,2,ambigua
fig:1514,8000-34-8,natural,1,13,ambigua,2,ambigua
fig:1519,8001-67-0,natural,1,3,sin-cifra,2,ambigua
fig:1523,84650-00-0,natural,1,16,sin-cifra,3,ambigua
fig:1525,8013-97-6,natural,1,1,ambigua,1,ambigua
fig:1527,8013-97-6,natural,1,1,ambigua,1,ambigua
fig:1530,8008-52-4,natural,1,8,ambigua,2,ambigua
fig:1531,8008-52-4,natural,1,8,ambigua,2,ambigua
fig:1533,8008-52-4,natural,1,8,ambigua,2,ambigua
fig:1536,8007-87-2,natural,1,2,ambigua,0,sin-pagina
fig:1537,8007-87-2,natural,1,2,ambigua,0,sin-pagina
fig:1538,89998-01-6,natural,1,8,sin-cifra,0,sin-pagina
fig:1539,89998-01-6,natural,1,8,sin-cifra,0,sin-pagina
fig:1540,8014-13-9,natural,1,4,ambigua,4,ambigua
fig:1546,118562-73-5,molécula,1,1,con-cifra,0,sin-pagina
fig:1587,4927-39-3,molécula,1,1,con-cifra,1,con-cifra
fig:1590,87731-18-8,molécula,1,1,con-cifra,0,sin-pagina
fig:1591,502-72-7,molécula,1,1,con-cifra,0,sin-pagina
fig:1601,198404-98-7,molécula,1,1,con-cifra,0,sin-pagina
fig:1605,8013-86-3,natural,1,5,ambigua,3,ambigua
fig:1607,68916-60-9,natural,1,1,sin-cifra,1,ambigua
fig:1608,68916-60-9,natural,1,1,sin-cifra,1,ambigua
fig:1619,8016-03-3,natural,1,4,ambigua,1,con-cifra
fig:1622,25225-10-9,molécula,1,1,con-cifra,0,sin-pagina
fig:1627,112-31-2,molécula,1,1,con-cifra,1,con-cifra
fig:1650,72903-27-6,molécula,1,1,con-cifra,0,sin-pagina
fig:1653,123-25-1,molécula,1,1,con-cifra,0,sin-pagina
fig:1654,68845-36-3,molécula,1,1,con-cifra,1,con-cifra
fig:1659,33673-62-0,molécula,1,1,con-cifra,0,sin-pagina
fig:1664,17283-81-7,molécula,1,2,con-cifra,1,con-cifra
fig:1669,1209-61-6,molécula,1,1,con-cifra,0,sin-pagina
fig:1678,8006-75-5,natural,1,8,ambigua,1,ambigua
fig:1681,8006-75-5,natural,1,8,ambigua,1,ambigua
fig:1687,27939-60-2,molécula,1,1,sin-cifra,0,sin-pagina
fig:1693,106-22-9,molécula,1,2,sin-cifra,1,con-cifra
fig:1696,138-86-3,molécula,1,1,sin-cifra,0,sin-pagina
fig:1701,57345-19-4,molécula,1,1,con-cifra,2,con-cifra
fig:1703,2437-25-4,molécula,1,1,con-cifra,2,ambigua
fig:1707,89-82-7,molécula,1,1,con-cifra,0,sin-pagina
fig:1709,8023-89-0,natural,1,4,ambigua,2,ambigua
fig:1711,8023-89-0,natural,1,4,ambigua,2,ambigua
fig:1712,8023-89-0,natural,1,4,ambigua,2,ambigua
fig:1713,8023-89-0,natural,1,4,ambigua,2,ambigua
fig:1732,93981-50-1,molécula,1,1,con-cifra,0,sin-pagina
fig:1735,35044-59-8,molécula,1,1,con-cifra,0,sin-pagina
fig:1740,2983-37-1,molécula,1,1,con-cifra,1,con-cifra
fig:1745,6413-10-1,molécula,1,1,con-cifra,0,sin-pagina
fig:1752,39255-32-8,molécula,1,2,con-cifra,1,con-cifra
fig:1760,2305-25-1,molécula,1,1,con-cifra,0,sin-pagina
fig:1766,141-78-6,molécula,1,1,con-cifra,2,ambigua
fig:1775,110-38-3,molécula,1,1,con-cifra,0,sin-pagina
fig:1783,97-64-3,molécula,1,1,con-cifra,1,con-cifra
fig:1788,77-83-8,molécula,1,2,con-cifra,2,ambigua
fig:1789,124-06-1,molécula,1,1,con-cifra,0,sin-pagina
fig:1790,123-29-5,molécula,1,2,con-cifra,0,sin-pagina
fig:1814,121-32-4,molécula,1,2,con-cifra,2,ambigua
fig:1820,470-82-6,molécula,1,1,con-cifra,1,con-cifra
fig:1826,8000-48-4,natural,1,9,ambigua,2,ambigua
fig:1827,8000-48-4,natural,1,9,ambigua,2,ambigua
fig:1829,97926-40-4,natural,1,0,sin-pagina,0,sin-pagina
fig:1831,8000-48-4,natural,1,9,ambigua,2,ambigua
fig:1832,8000-48-4,natural,1,9,ambigua,2,ambigua
fig:1833,92201-64-4,natural,1,3,ambigua,0,sin-pagina
fig:1846,8006-84-6,natural,1,5,ambigua,1,ambigua
fig:1847,8006-84-6,natural,1,5,ambigua,1,ambigua
fig:1849,68990-15-8,natural,1,3,ambigua,0,sin-pagina
fig:1860,8021-29-2,natural,1,1,ambigua,1,ambigua
fig:1861,8021-29-2,natural,1,1,ambigua,1,ambigua
fig:1867,58567-11-6,molécula,1,1,con-cifra,1,con-cifra
fig:1870,68917-51-1,natural,1,5,ambigua,0,sin-pagina
fig:1873,98-01-1,molécula,1,1,sin-cifra,0,sin-pagina
fig:1875,98-02-2,molécula,1,1,con-cifra,0,sin-pagina
fig:1881,8023-91-4,natural,1,3,ambigua,3,ambigua
fig:1884,8023-91-4,natural,1,3,ambigua,3,ambigua
fig:1885,8023-91-4,natural,1,3,ambigua,3,ambigua
fig:1887,8023-91-4,natural,1,3,ambigua,3,ambigua
fig:1900,8000-78-0,natural,1,5,sin-cifra,0,sin-pagina
fig:1910,8000-46-2,natural,1,11,ambigua,3,ambigua
fig:1912,8000-46-2,natural,1,11,ambigua,3,ambigua
fig:1915,8000-46-2,natural,1,11,ambigua,3,ambigua
fig:1917,105-87-3,molécula,1,2,con-cifra,1,con-cifra
fig:1936,8007-08-7,natural,1,7,ambigua,0,sin-pagina
fig:1938,8007-08-7,natural,1,7,ambigua,0,sin-pagina
fig:1939,8007-08-7,natural,1,7,ambigua,0,sin-pagina
fig:1946,8016-20-4,natural,1,17,ambigua,4,ambigua
fig:1947,8016-20-4,natural,1,17,ambigua,4,ambigua
fig:1948,8016-20-4,natural,1,17,ambigua,4,ambigua
fig:1949,8016-20-4,natural,1,17,ambigua,4,ambigua
fig:1950,8016-20-4,natural,1,17,ambigua,4,ambigua
fig:1951,8016-20-4,natural,1,17,ambigua,4,ambigua
fig:1953,8016-20-4,natural,1,17,ambigua,4,ambigua
fig:1955,8016-20-4,natural,1,17,ambigua,4,ambigua
fig:1957,8016-23-7,natural,1,2,ambigua,2,ambigua
fig:1959,8016-23-7,natural,1,2,ambigua,2,ambigua
fig:1960,90-05-1,molécula,1,1,con-cifra,3,ambigua
fig:1962,61789-17-1,molécula,1,1,con-cifra,0,sin-pagina
fig:1965,8030-55-5,natural,1,3,ambigua,0,sin-pagina
fig:1966,8030-55-5,natural,1,3,ambigua,0,sin-pagina
fig:1967,8030-55-5,natural,1,3,ambigua,0,sin-pagina
fig:1968,8030-55-5,natural,1,3,ambigua,0,sin-pagina
fig:1969,8030-55-5,natural,1,3,ambigua,0,sin-pagina
fig:1970,8031-00-3,natural,1,3,ambigua,2,ambigua
fig:1972,8023-95-8,natural,1,3,ambigua,2,ambigua
fig:1975,8023-95-8,natural,1,3,ambigua,2,ambigua
fig:1976,8023-95-8,natural,1,3,ambigua,2,ambigua
fig:1977,111-71-7,molécula,1,1,con-cifra,1,con-cifra
fig:1985,109-29-5,molécula,1,2,con-cifra,0,sin-pagina
fig:1987,66-25-1,molécula,1,1,con-cifra,0,sin-pagina
fig:1995,142-92-7,molécula,1,1,con-cifra,1,con-cifra
fig:1997,6789-88-4,molécula,1,1,con-cifra,0,sin-pagina
fig:2008,68917-43-1,natural,1,2,ambigua,0,sin-pagina
fig:2011,8022-91-1,natural,1,2,ambigua,1,ambigua
fig:2012,8022-91-1,natural,1,2,ambigua,1,ambigua
fig:2014,8022-91-1,natural,1,2,ambigua,1,ambigua
fig:2016,8023-93-6,natural,1,1,con-cifra,0,sin-pagina
fig:2021,107-75-5,molécula,1,2,sin-cifra,1,con-cifra
fig:2026,89-43-0,molécula,1,1,con-cifra,2,ambigua
fig:2027,107-74-4,molécula,1,1,con-cifra,0,sin-pagina
fig:2029,8006-83-5,natural,1,2,ambigua,1,con-cifra
fig:2030,647828-16-8,molécula,1,1,sin-cifra,0,sin-pagina
fig:2032,120-72-9,molécula,1,1,con-cifra,3,ambigua
fig:2043,8002-73-1,natural,1,6,ambigua,3,ambigua
fig:2093,37677-14-8,molécula,1,2,con-cifra,2,ambigua
fig:2097,23787-90-8,molécula,1,1,con-cifra,0,sin-pagina
fig:2106,79915-74-5,molécula,1,1,con-cifra,0,sin-pagina
fig:2114,125109-85-5,molécula,1,1,con-cifra,0,sin-pagina
fig:2123,8022-96-6,natural,1,13,ambigua,3,ambigua
fig:2136,8002-68-4,natural,1,2,ambigua,0,sin-pagina
fig:2137,8002-68-4,natural,1,2,ambigua,0,sin-pagina
fig:2141,7785-26-4,molécula,1,1,con-cifra,0,sin-pagina
fig:2144,8016-26-0,natural,1,13,ambigua,6,ambigua
fig:2150,8016-26-0,natural,1,13,ambigua,6,ambigua
fig:2160,8007-48-5,natural,1,6,ambigua,0,sin-pagina
fig:2161,112-54-9,molécula,1,1,con-cifra,1,con-cifra
fig:2164,8022-15-9,natural,1,7,ambigua,3,ambigua
fig:2166,8022-15-9,natural,1,7,ambigua,3,ambigua
fig:2173,8022-15-9,natural,1,7,ambigua,3,ambigua
fig:2174,8022-15-9,natural,1,7,ambigua,3,ambigua
fig:2175,8022-15-9,natural,1,7,ambigua,3,ambigua
fig:2180,8000-28-0,natural,1,12,ambigua,1,ambigua
fig:2184,8000-28-0,natural,1,12,ambigua,1,ambigua
fig:2185,8000-28-0,natural,1,12,ambigua,1,ambigua
fig:2190,25225-08-5,molécula,1,1,con-cifra,1,con-cifra
fig:2191,8008-56-8,natural,1,17,ambigua,2,ambigua
fig:2192,8008-56-8,natural,1,17,ambigua,2,ambigua
fig:2194,8008-56-8,natural,1,17,ambigua,2,ambigua
fig:2195,8008-56-8,natural,1,17,ambigua,2,ambigua
fig:2197,8008-56-8,natural,1,17,ambigua,2,ambigua
fig:2198,8008-56-8,natural,1,17,ambigua,2,ambigua
fig:2200,68648-39-5,natural,1,1,con-cifra,1,con-cifra
fig:2201,8008-56-8,natural,1,17,ambigua,2,ambigua
fig:2205,8007-02-1,natural,1,3,ambigua,0,sin-pagina
fig:2206,8007-02-1,natural,1,3,ambigua,0,sin-pagina
fig:2207,8007-02-1,natural,1,3,ambigua,0,sin-pagina
fig:2213,8008-26-2,natural,1,16,ambigua,2,ambigua
fig:2214,8008-26-2,natural,1,16,ambigua,2,ambigua
fig:2217,8008-26-2,natural,1,16,ambigua,2,ambigua
fig:2218,8008-26-2,natural,1,16,ambigua,2,ambigua
fig:2223,115-95-7,molécula,1,2,con-cifra,1,con-cifra
fig:2230,78-35-3,molécula,1,1,con-cifra,0,sin-pagina
fig:2234,90063-53-9,molécula,1,2,sin-cifra,0,sin-pagina
fig:2241,68855-99-2,natural,1,1,ambigua,1,ambigua
fig:2251,8016-31-7,natural,1,6,ambigua,1,ambigua
fig:2252,8016-31-7,natural,1,6,ambigua,1,ambigua
fig:2255,8007-12-3,natural,1,3,ambigua,0,sin-pagina
fig:2262,8008-31-9,natural,1,11,ambigua,2,ambigua
fig:2263,8008-31-9,natural,1,11,ambigua,2,ambigua
fig:2265,8008-31-9,natural,1,11,ambigua,2,ambigua
fig:2268,8016-33-9,natural,1,1,con-cifra,0,sin-pagina
fig:2270,84012-24-8,molécula,1,12,con-cifra,1,con-cifra
fig:2272,68991-39-9,natural,1,1,ambigua,0,sin-pagina
fig:2274,68991-39-9,natural,1,1,ambigua,0,sin-pagina
fig:2276,68916-96-1,natural,1,1,sin-cifra,2,ambigua
fig:2279,108-39-4,molécula,1,1,con-cifra,0,sin-pagina
fig:2285,68917-18-0,natural,1,6,ambigua,1,ambigua
fig:2286,68917-18-0,natural,1,6,ambigua,1,ambigua
fig:2288,68917-18-0,natural,1,6,ambigua,1,ambigua
fig:2291,68917-15-7,natural,1,1,con-cifra,0,sin-pagina
fig:2293,89-78-1,molécula,1,1,con-cifra,0,sin-pagina
fig:2307,33662-58-7,molécula,1,1,con-cifra,0,sin-pagina
fig:2313,68738-99-8,molécula,1,1,con-cifra,0,sin-pagina
fig:2320,111-80-8,molécula,1,1,sin-cifra,2,ambigua
fig:2331,68966-86-9,molécula,1,2,con-cifra,0,sin-pagina
fig:2337,134-20-3,molécula,1,1,con-cifra,2,ambigua
fig:2338,4707-47-5,molécula,1,2,con-cifra,2,ambigua
fig:2340,93-08-3,molécula,1,1,sin-cifra,2,con-cifra
fig:2343,103-26-4,molécula,1,1,con-cifra,3,ambigua
fig:2352,8050-15-5,molécula,1,1,con-cifra,1,con-cifra
fig:2357,1335-46-2,molécula,1,1,sin-cifra,1,con-cifra
fig:2364,301-00-8,molécula,1,1,sin-cifra,0,sin-pagina
fig:2373,101-41-7,molécula,1,1,con-cifra,0,sin-pagina
fig:2396,8031-03-6,natural,1,6,ambigua,1,ambigua
fig:2397,8031-03-6,natural,1,6,ambigua,1,ambigua
fig:2400,84649-97-8,natural,1,3,sin-cifra,0,sin-pagina
fig:2402,81-14-1,molécula,1,1,sin-cifra,3,ambigua
fig:2404,123-35-3,molécula,1,1,con-cifra,0,sin-pagina
fig:2410,8016-37-3,natural,1,4,ambigua,1,ambigua
fig:2414,8016-37-3,natural,1,4,ambigua,1,ambigua
fig:2415,8016-37-3,natural,1,4,ambigua,1,ambigua
fig:2416,8016-37-3,natural,1,4,ambigua,1,ambigua
fig:2419,8008-46-6,natural,1,3,sin-cifra,0,sin-pagina
fig:2420,8008-46-6,natural,1,3,sin-cifra,0,sin-pagina
fig:2421,8008-46-6,natural,1,3,sin-cifra,0,sin-pagina
fig:2422,8008-46-6,natural,1,3,sin-cifra,0,sin-pagina
fig:2423,84434-18-4,molécula,1,1,con-cifra,0,sin-pagina
fig:2426,3738-00-9,molécula,1,1,con-cifra,0,sin-pagina
fig:2430,68917-12-4,natural,1,2,ambigua,0,sin-pagina
fig:2433,106-25-2,molécula,1,2,con-cifra,1,con-cifra
fig:2436,7212-44-4,molécula,1,2,con-cifra,1,con-cifra
fig:2449,8014-68-4,natural,1,2,sin-cifra,0,sin-pagina
fig:2453,557-48-2,molécula,1,1,con-cifra,1,con-cifra
fig:2454,124-19-6,molécula,1,1,con-cifra,2,ambigua
fig:2460,29127-83-1,molécula,1,1,sin-cifra,0,sin-pagina
fig:2464,4674-50-4,molécula,1,2,con-cifra,0,sin-pagina
fig:2472,8008-45-5,natural,1,7,ambigua,1,ambigua
fig:2473,8008-45-5,natural,1,7,ambigua,1,ambigua
fig:2474,8008-45-5,natural,1,7,ambigua,1,ambigua
fig:2475,8008-45-5,natural,1,7,ambigua,1,ambigua
fig:2480,9000-50-4,natural,1,3,sin-cifra,7,ambigua
fig:2481,9000-50-4,natural,1,3,sin-cifra,7,ambigua
fig:2489,30772-69-1,molécula,1,1,con-cifra,0,sin-pagina
fig:2490,23333-91-7,molécula,1,1,con-cifra,2,con-cifra
fig:2496,4430-31-3,molécula,1,1,con-cifra,0,sin-pagina
fig:2497,124-13-0,molécula,1,1,con-cifra,2,ambigua
fig:2502,124-12-9,molécula,1,1,con-cifra,0,sin-pagina
fig:2510,1450625-49-6,natural,1,1,sin-cifra,1,con-cifra
fig:2511,8016-36-2,natural,1,3,ambigua,7,ambigua
fig:2512,8016-36-2,natural,1,3,ambigua,7,ambigua
fig:2513,8016-36-2,natural,1,3,ambigua,7,ambigua
fig:2514,8016-36-2,natural,1,3,ambigua,7,ambigua
fig:2515,8016-36-2,natural,1,3,ambigua,7,ambigua
fig:2516,8016-36-2,natural,1,3,ambigua,7,ambigua
fig:2517,8016-36-2,natural,1,3,ambigua,7,ambigua
fig:2518,8016-36-2,natural,1,3,ambigua,7,ambigua
fig:2519,8016-36-2,natural,1,3,ambigua,7,ambigua
fig:2520,8016-36-2,natural,1,3,ambigua,7,ambigua
fig:2521,8016-36-2,natural,1,3,ambigua,7,ambigua
fig:2522,8016-36-2,natural,1,3,ambigua,7,ambigua
fig:2523,8016-36-2,natural,1,3,ambigua,7,ambigua
fig:2524,8016-36-2,natural,1,3,ambigua,7,ambigua
fig:2526,106-02-5,molécula,1,1,sin-cifra,4,ambigua
fig:2537,68514-75-0,natural,1,3,sin-cifra,0,sin-pagina
fig:2539,8016-38-4,natural,1,6,ambigua,3,ambigua
fig:2547,68916-04-1,natural,1,12,sin-cifra,1,ambigua
fig:2548,68916-04-1,natural,1,12,sin-cifra,1,ambigua
fig:2549,68916-04-1,natural,1,12,sin-cifra,1,ambigua
fig:2550,8016-38-4,natural,1,6,ambigua,3,ambigua
fig:2554,8008-57-9,natural,1,22,ambigua,0,sin-pagina
fig:2557,8008-57-9,natural,1,22,ambigua,0,sin-pagina
fig:2558,8028-48-6,natural,1,4,ambigua,2,ambigua
fig:2559,8008-57-9,natural,1,22,ambigua,0,sin-pagina
fig:2560,8008-57-9,natural,1,22,ambigua,0,sin-pagina
fig:2562,8008-57-9,natural,1,22,ambigua,0,sin-pagina
fig:2563,8008-57-9,natural,1,22,ambigua,0,sin-pagina
fig:2567,68917-05-5,natural,1,1,ambigua,2,ambigua
fig:2568,68917-05-5,natural,1,1,ambigua,2,ambigua
fig:2569,68917-05-5,natural,1,1,ambigua,2,ambigua
fig:2572,19819-98-8,molécula,1,1,con-cifra,0,sin-pagina
fig:2573,28645-51-4,molécula,1,1,con-cifra,2,ambigua
fig:2574,111879-80-2,molécula,1,1,con-cifra,1,con-cifra
fig:2579,34902-57-3,molécula,1,1,con-cifra,0,sin-pagina
fig:2583,1195-32-0,molécula,1,1,con-cifra,0,sin-pagina
fig:2584,8014-19-5,natural,1,1,con-cifra,1,con-cifra
fig:2589,8000-68-8,natural,1,6,ambigua,2,ambigua
fig:2591,8000-68-8,natural,1,6,ambigua,2,ambigua
fig:2593,8014-09-3,molécula,1,7,ambigua,1,con-cifra
fig:2594,8014-09-3,molécula,1,7,ambigua,1,con-cifra
fig:2595,8014-09-3,natural,1,7,ambigua,1,ambigua
fig:2596,5986-55-0,molécula,1,1,con-cifra,0,sin-pagina
fig:2597,8014-09-3,natural,1,7,ambigua,1,ambigua
fig:2598,8014-09-3,natural,1,7,ambigua,1,ambigua
fig:2600,8014-09-3,natural,1,7,ambigua,1,ambigua
fig:2601,8014-09-3,natural,1,7,ambigua,1,ambigua
fig:2602,8014-09-3,natural,1,7,ambigua,1,ambigua
fig:2604,106-44-5,molécula,1,1,con-cifra,2,ambigua
fig:2607,99-87-6,molécula,1,2,con-cifra,1,con-cifra
fig:2608,150-78-7,molécula,1,1,con-cifra,0,sin-pagina
fig:2615,26516-27-8,molécula,1,1,sin-cifra,0,sin-pagina
fig:2616,628-63-7,molécula,1,1,con-cifra,0,sin-pagina
fig:2622,8006-82-4,natural,1,5,ambigua,0,sin-pagina
fig:2624,8006-82-4,natural,1,5,ambigua,0,sin-pagina
fig:2625,8006-82-4,natural,1,5,ambigua,0,sin-pagina
fig:2629,8006-82-4,natural,1,5,ambigua,0,sin-pagina
fig:2634,8006-90-4,natural,1,18,ambigua,1,ambigua
fig:2635,8006-90-4,natural,1,18,ambigua,1,ambigua
fig:2639,8008-26-2,natural,1,16,ambigua,2,ambigua
fig:2643,8007-75-8,natural,1,6,sin-cifra,1,ambigua
fig:2644,8014-17-3,natural,1,10,ambigua,2,ambigua
fig:2645,8048-51-9,natural,1,2,ambigua,0,sin-pagina
fig:2646,8014-17-3,natural,1,10,ambigua,2,ambigua
fig:2649,8014-17-3,natural,1,10,ambigua,2,ambigua
fig:2650,8014-17-3,natural,1,10,ambigua,2,ambigua
fig:2652,8014-17-3,natural,1,10,ambigua,2,ambigua
fig:2653,8014-17-3,natural,1,10,ambigua,2,ambigua
fig:2656,103-45-7,molécula,1,1,con-cifra,1,con-cifra
fig:2667,102-20-5,molécula,1,1,con-cifra,2,con-cifra
fig:2679,67633-94-7,molécula,1,1,con-cifra,0,sin-pagina
fig:2681,101-48-4,molécula,1,2,con-cifra,2,ambigua
fig:2683,29895-73-6,molécula,1,1,con-cifra,0,sin-pagina
fig:2688,56011-02-0,molécula,1,1,con-cifra,2,ambigua
fig:2692,8006-77-7,natural,1,9,ambigua,0,sin-pagina
fig:2693,8006-77-7,natural,1,9,ambigua,0,sin-pagina
fig:2694,8021-29-2,natural,1,1,ambigua,1,ambigua
fig:2695,8000-26-8,natural,1,5,ambigua,2,ambigua
fig:2698,8023-99-2,natural,1,4,ambigua,0,sin-pagina
fig:2699,8023-99-2,natural,1,4,ambigua,0,sin-pagina
fig:2703,8023-99-2,natural,1,4,ambigua,0,sin-pagina
fig:2707,8000-26-8,natural,1,5,ambigua,2,ambigua
fig:2714,8000-26-8,natural,1,5,ambigua,2,ambigua
fig:2721,120-57-0,molécula,1,1,con-cifra,2,con-cifra
fig:2723,6658-48-6,molécula,1,1,sin-cifra,0,sin-pagina
fig:2726,536-60-7,molécula,1,1,sin-cifra,0,sin-pagina
fig:2732,99-85-4,molécula,1,1,con-cifra,0,sin-pagina
fig:2736,38462-22-5,molécula,1,1,con-cifra,0,sin-pagina
fig:2738,68921-26-6,molécula,1,1,sin-cifra,0,sin-pagina
fig:2739,123-11-5,molécula,1,2,con-cifra,1,con-cifra
fig:2742,84697-09-6,molécula,1,1,con-cifra,0,sin-pagina
fig:2745,104-45-0,molécula,1,1,con-cifra,0,sin-pagina
fig:2749,478695-70-4,molécula,1,1,con-cifra,0,sin-pagina
fig:2756,319002-92-1,molécula,1,1,con-cifra,0,sin-pagina
fig:2767,80-54-6,molécula,1,2,sin-cifra,2,con-cifra
fig:2771,104-87-0,molécula,1,2,con-cifra,0,sin-pagina
fig:2777,101-94-0,molécula,1,1,con-cifra,2,ambigua
fig:2779,89-82-7,molécula,1,1,con-cifra,0,sin-pagina
fig:2797,8007-01-0,natural,1,11,ambigua,6,ambigua
fig:2798,90106-38-0,natural,1,12,sin-cifra,0,sin-pagina
fig:2799,8007-01-0,natural,1,11,ambigua,6,ambigua
fig:2800,8007-01-0,natural,1,11,ambigua,6,ambigua
fig:2801,8007-01-0,natural,1,11,ambigua,6,ambigua
fig:2802,8007-01-0,natural,1,11,ambigua,6,ambigua
fig:2803,8007-01-0,natural,1,11,ambigua,6,ambigua
fig:2804,8007-01-0,natural,1,11,ambigua,6,ambigua
fig:2805,8007-01-0,natural,1,11,ambigua,6,ambigua
fig:2806,8007-01-0,natural,1,11,ambigua,6,ambigua
fig:2807,8007-01-0,natural,1,11,ambigua,6,ambigua
fig:2808,8007-01-0,natural,1,11,ambigua,6,ambigua
fig:2809,8007-01-0,natural,1,11,ambigua,6,ambigua
fig:2810,8007-01-0,natural,1,11,ambigua,6,ambigua
fig:2811,3033-23-6,molécula,1,1,con-cifra,0,sin-pagina
fig:2812,8007-01-0,natural,1,11,ambigua,6,ambigua
fig:2813,8007-01-0,natural,1,11,ambigua,6,ambigua
fig:2814,8007-01-0,natural,1,11,ambigua,6,ambigua
fig:2817,8000-25-7,natural,1,14,ambigua,1,ambigua
fig:2818,8000-25-7,natural,1,14,ambigua,1,ambigua
fig:2820,8015-77-8,natural,1,4,ambigua,2,ambigua
fig:2839,8022-56-8,natural,1,15,ambigua,1,ambigua
fig:2840,90-02-8,molécula,1,1,con-cifra,0,sin-pagina
fig:2843,8006-87-9,natural,1,2,ambigua,1,ambigua
fig:2847,1070895-66-7,natural,1,2,sin-cifra,0,sin-pagina
fig:2853,8016-68-0,natural,1,1,sin-cifra,0,sin-pagina
fig:2854,90106-57-3,natural,1,2,sin-cifra,0,sin-pagina
fig:2855,68917-52-2,natural,1,3,ambigua,1,ambigua
fig:2857,68917-52-2,natural,1,3,ambigua,1,ambigua
fig:2858,68917-52-2,natural,1,3,ambigua,1,ambigua
fig:2859,949495-68-5,natural,1,2,sin-cifra,0,sin-pagina
fig:2867,8008-74-0,natural,1,10,sin-cifra,0,sin-pagina
fig:2884,8016-78-2,natural,1,3,ambigua,1,con-cifra
fig:2887,154171-77-4,molécula,1,1,con-cifra,0,sin-pagina
fig:2893,8008-80-8,natural,1,1,con-cifra,1,con-cifra
fig:2896,68952-43-2,natural,1,2,ambigua,0,sin-pagina
fig:2909,8024-01-9,natural,1,2,sin-cifra,0,sin-pagina
fig:2910,8024-01-9,natural,1,2,sin-cifra,0,sin-pagina
fig:2911,8024-01-9,natural,1,2,sin-cifra,0,sin-pagina
fig:2912,8024-01-9,natural,1,2,sin-cifra,0,sin-pagina
fig:2915,100-42-5,molécula,1,1,sin-cifra,0,sin-pagina
fig:2919,8016-84-0,natural,1,9,sin-cifra,2,ambigua
fig:2921,8016-84-0,natural,1,9,sin-cifra,2,ambigua
fig:2922,8016-84-0,natural,1,9,sin-cifra,2,ambigua
fig:2931,8016-87-3,natural,1,1,con-cifra,0,sin-pagina
fig:2933,8016-88-4,natural,1,2,sin-cifra,1,ambigua
fig:2934,8016-88-4,natural,1,2,sin-cifra,1,ambigua
fig:2937,68647-73-4,natural,1,1,con-cifra,0,sin-pagina
fig:2946,8000-41-7,molécula,1,1,sin-cifra,1,con-cifra
fig:2950,8007-35-0,molécula,1,1,con-cifra,0,sin-pagina
fig:2959,16409-43-1,molécula,1,1,con-cifra,2,ambigua
fig:2961,131766-73-9,molécula,1,1,con-cifra,0,sin-pagina
fig:2962,34686-71-0,molécula,1,1,con-cifra,1,con-cifra
fig:2963,32764-98-0,molécula,1,1,con-cifra,0,sin-pagina
fig:2975,8007-46-3,natural,1,7,ambigua,2,ambigua
fig:2976,8007-46-3,natural,1,7,ambigua,2,ambigua
fig:2978,85085-75-2,natural,1,6,ambigua,0,sin-pagina
fig:2979,89-83-8,molécula,1,1,con-cifra,2,ambigua
fig:2980,8037-19-2,natural,1,6,ambigua,2,ambigua
fig:2984,8037-19-2,natural,1,6,ambigua,2,ambigua
fig:2985,8024-03-1,natural,1,1,ambigua,0,sin-pagina
fig:2986,8024-03-1,natural,1,1,ambigua,0,sin-pagina
fig:2987,8024-03-1,natural,1,1,ambigua,0,sin-pagina
fig:2989,8024-04-2,natural,1,1,sin-cifra,0,sin-pagina
fig:2990,8024-04-2,natural,1,1,sin-cifra,0,sin-pagina
fig:2991,8024-04-2,natural,1,1,sin-cifra,0,sin-pagina
fig:3017,4180-23-8,molécula,1,2,con-cifra,0,sin-pagina
fig:3028,90-17-5,molécula,1,1,con-cifra,3,ambigua
fig:3029,122760-84-3,molécula,1,1,con-cifra,0,sin-pagina
fig:3039,71735-79-0,molécula,1,1,con-cifra,1,con-cifra
fig:3043,8024-05-3,natural,1,5,ambigua,2,ambigua
fig:3050,8006-64-2,natural,1,1,ambigua,1,ambigua
fig:3051,8006-64-2,natural,1,1,ambigua,1,ambigua
fig:3052,112-44-7,molécula,1,1,con-cifra,2,ambigua
fig:3063,8008-88-6,natural,1,4,ambigua,0,sin-pagina
fig:3065,8024-06-4,natural,1,12,ambigua,3,ambigua
fig:3066,8024-06-4,natural,1,12,ambigua,3,ambigua
fig:3067,8024-06-4,natural,1,12,ambigua,3,ambigua
fig:3068,8024-06-4,natural,1,12,ambigua,3,ambigua
fig:3070,953789-39-4,natural,1,1,sin-cifra,0,sin-pagina
fig:3072,8047-24-3,natural,1,3,ambigua,0,sin-pagina
fig:3075,20665-85-4,molécula,1,1,con-cifra,1,con-cifra
fig:3081,8016-96-4,natural,1,10,ambigua,1,ambigua
fig:3082,8016-96-4,natural,1,10,ambigua,1,ambigua
fig:3086,8016-96-4,natural,1,10,ambigua,1,ambigua
fig:3087,8016-96-4,natural,1,10,ambigua,1,ambigua
fig:3091,62563-80-8,molécula,1,1,sin-cifra,1,con-cifra
fig:3093,8024-08-6,natural,1,4,ambigua,1,ambigua
fig:3101,8008-93-3,natural,1,4,ambigua,1,con-cifra
fig:3105,8022-07-9,natural,1,5,ambigua,0,sin-pagina
fig:3106,8006-81-3,natural,1,11,ambigua,8,ambigua
fig:3107,8006-81-3,natural,1,11,ambigua,8,ambigua
fig:3108,8006-81-3,natural,1,11,ambigua,8,ambigua
fig:3109,8006-81-3,natural,1,11,ambigua,8,ambigua
fig:3110,8006-81-3,natural,1,11,ambigua,8,ambigua
fig:3111,8006-81-3,natural,1,11,ambigua,8,ambigua
fig:3112,8006-81-3,natural,1,11,ambigua,8,ambigua
fig:3113,8006-81-3,natural,1,11,ambigua,8,ambigua
fig:3115,8006-81-3,natural,1,11,ambigua,8,ambigua
ncs:allspice-oleoresin,8006-77-7,natural,1,9,ambigua,0,sin-pagina
ncs:balm-oil,8014-71-9,natural,1,2,sin-cifra,0,sin-pagina
ncs:camphor-oil-brown,8008-51-3,natural,1,1,ambigua,1,ambigua
ncs:camphor-oil-yellow,8008-51-3,natural,1,1,ambigua,1,ambigua
ncs:cassia-bark-oleoresin,8007-80-5,natural,1,6,ambigua,2,ambigua
ncs:clary-sage-concrete,8016-63-5,natural,1,14,ambigua,2,ambigua
ncs:clementine-oil,93686-22-7,natural,1,2,sin-cifra,0,sin-pagina
ncs:fennel-oil-bitter-anethole-type,8006-84-6,natural,1,5,ambigua,1,ambigua
ncs:fennel-oil-bitter-phellandrene-type,84625-39-8,natural,1,2,sin-cifra,0,sin-pagina
ncs:hyacinth-absolute,8023-94-7,natural,1,2,ambigua,0,sin-pagina
ncs:jasmine-grandiflorum-absolute,8022-96-6,natural,1,13,ambigua,3,ambigua
ncs:jasmine-officinale-absolute,8024-43-9,natural,1,0,sin-pagina,0,sin-pagina
ncs:lemon-oil-steam-distilled,8008-56-8,natural,1,17,ambigua,2,ambigua
ncs:lime-oil-distilled,8008-26-2,natural,1,16,ambigua,2,ambigua
ncs:magnolia-flower-oil,68917-19-1,natural,1,1,sin-cifra,0,sin-pagina
ncs:marjoram-oleoresin,84082-58-6,natural,1,10,ambigua,1,con-cifra
ncs:murcote-oil-expressed,93686-22-7,natural,1,2,sin-cifra,0,sin-pagina
ncs:olibanum-sacra-oil,89957-98-2,natural,1,4,sin-cifra,0,sin-pagina
ncs:petitgrain-bigarade-absolute,8030-28-2,natural,1,6,ambigua,2,ambigua
ncs:pine-pinus-pinaster-oil,8000-26-8,natural,1,5,ambigua,2,ambigua
ncs:ravensara-aromatica-oil,91770-56-8,natural,1,4,sin-cifra,0,sin-pagina
ncs:rose-water-stronger,8007-01-0,natural,1,11,ambigua,6,ambigua
ncs:spearmint-oil,8008-79-5,natural,1,6,ambigua,2,ambigua
ncs:tangor-oil-expressed,93686-22-7,natural,1,2,sin-cifra,0,sin-pagina
ncs:thyme-oil-wild,8007-46-3,natural,1,7,ambigua,2,ambigua
ncs:turmeric-oil,8024-37-1,natural,1,4,sin-cifra,1,ambigua
ncs:vetiver-oil-all-origins,8016-96-4,natural,1,10,ambigua,1,ambigua
ncs:ylang-ylang-oil-complete,8006-81-3,natural,1,11,ambigua,8,ambigua
ncs:zdravetz-oil,68991-32-2,natural,1,1,con-cifra,0,sin-pagina
tienda:1391529-52-4,1391529-52-4,molécula,1,0,sin-pagina,0,sin-pagina
tl:110-27-0,110-27-0,molécula,1,2,sin-cifra,2,con-cifra
tl:1226911-69-8,1226911-69-8,molécula,1,1,sin-cifra,0,sin-pagina
tl:1357064-95-9,1357064-95-9,molécula,1,0,sin-pagina,0,sin-pagina
tl:1378867-81-2,1378867-81-2,molécula,1,1,sin-cifra,0,sin-pagina
tl:1449104-34-0,1449104-34-0,molécula,1,0,sin-pagina,0,sin-pagina
tl:1637294-12-2,1637294-12-2,molécula,1,1,sin-cifra,1,con-cifra
tl:189440-77-5,189440-77-5,molécula,1,1,sin-cifra,0,sin-pagina
tl:224790-80-1,224790-80-1,molécula,1,0,sin-pagina,0,sin-pagina
tl:25265-71-8,25265-71-8,molécula,1,2,sin-cifra,1,con-cifra
tl:38303-23-0,38303-23-0,molécula,1,1,sin-cifra,0,sin-pagina
tl:50373-36-9,50373-36-9,molécula,1,1,con-cifra,0,sin-pagina
tl:504-63-2,504-63-2,molécula,1,1,sin-cifra,0,sin-pagina
tl:51411-24-6,51411-24-6,molécula,1,1,con-cifra,0,sin-pagina
tl:56539-66-3,56539-66-3,molécula,1,1,sin-cifra,1,con-cifra
tl:64-17-5,64-17-5,molécula,1,1,sin-cifra,0,sin-pagina
tl:77-93-0,77-93-0,molécula,1,2,sin-cifra,1,con-cifra
tl:7786-67-6,7786-67-6,molécula,1,1,con-cifra,0,sin-pagina
tl:84-66-2,84-66-2,molécula,1,1,sin-cifra,1,con-cifra
tl:allspice-oil-low-methyleugenol,8006-77-7,natural,1,9,ambigua,0,sin-pagina
tl:ambrette-seed-oil-rectified,8015-62-1,natural,1,2,ambigua,0,sin-pagina
tl:balm-leaf-oil,8014-71-9,natural,1,2,sin-cifra,0,sin-pagina
tl:balsams-canada-oleoresin,8007-47-4,natural,1,2,ambigua,0,sin-pagina
tl:basil-oil-chemotype-linalool-rectified,8015-73-4,natural,1,13,ambigua,2,ambigua
tl:benzoin-absolute-siam,9000-72-0,natural,1,5,ambigua,3,ambigua
tl:benzoin-infusion-siam,9000-72-0,natural,1,5,ambigua,3,ambigua
tl:bigarade-oil-washed,68916-04-1,natural,1,12,sin-cifra,1,ambigua
tl:bucchu-oil-terpeneless,68650-46-4,natural,1,1,ambigua,0,sin-pagina
tl:camphor-leaf-oil-white-rectified,8008-51-3,natural,1,1,ambigua,1,ambigua
tl:carrot-seed-oil-terpeneless,8015-88-1,natural,1,6,ambigua,2,ambigua
tl:chamomile-flower-oil-roman-rectified,8015-92-7,natural,1,3,ambigua,2,ambigua
tl:champaca-leaf-oil-low-methyeugenol,92457-18-6,natural,1,2,sin-cifra,0,sin-pagina
tl:cinnamon-leaf-oil-safrol-reduced,8015-91-6,natural,1,10,ambigua,1,ambigua
tl:cistus-absolute-pyrogenated,8016-26-0,natural,1,13,ambigua,6,ambigua
tl:citrus-junos-extract,233683-84-6,natural,1,2,ambigua,0,sin-pagina
tl:coriander-seed-oil-rectified,8008-52-4,natural,1,8,ambigua,2,ambigua
tl:coriander-seed-oil-terpeneless,8008-52-4,natural,1,8,ambigua,2,ambigua
tl:extract-of-oakmoss-absolute,9000-50-4,natural,1,3,sin-cifra,7,ambigua
tl:frangipani-absolute,94350-02-4,natural,1,4,sin-cifra,1,con-cifra
tl:geranium-oil-low-rose-oxide,8000-46-2,natural,1,11,ambigua,3,ambigua
tl:grape-essence-oil,84929-27-1,natural,1,19,sin-cifra,0,sin-pagina
tl:grapefruit-oil-chemically-modified,8016-20-4,natural,1,17,ambigua,4,ambigua
tl:gurjun-balsam-oil-dipterocarpus-spp,8030-55-5,natural,1,3,ambigua,0,sin-pagina
tl:gurjun-balsam-oil-dipterocarpus-turbinatus,93165-18-5,natural,1,1,sin-cifra,0,sin-pagina
tl:gurjun-balsam-oil-rectified,8030-55-5,natural,1,3,ambigua,0,sin-pagina
tl:gurjun-balsam-oleoresin,8030-55-5,natural,1,3,ambigua,0,sin-pagina
tl:hierochloe-alpina-absolute,92128-62-6,natural,1,2,sin-cifra,0,sin-pagina
tl:ho-wood-oil-rectified,8022-91-1,natural,1,2,ambigua,1,ambigua
tl:juniper-berry-oil-terpeneless,8002-68-4,natural,1,2,ambigua,0,sin-pagina
tl:juniper-oil,8002-68-4,natural,1,2,ambigua,0,sin-pagina
tl:labdanum-exudate-absolute,8016-26-0,natural,1,13,ambigua,6,ambigua
tl:lavandin-abrialis-oil-low-coumarin,8022-15-9,natural,1,7,ambigua,3,ambigua
tl:lavandin-abrialis-oil-rectified,8022-15-9,natural,1,7,ambigua,3,ambigua
tl:lavandin-grosso-oil-rectified,8022-15-9,natural,1,7,ambigua,3,ambigua
tl:lavender-oil-lavandula-angustifolia-lavandula-angustifolia-a,8000-28-0,natural,1,12,ambigua,1,ambigua
tl:lavender-oil-terpeneless,8000-28-0,natural,1,12,ambigua,1,ambigua
tl:lemon-steam-distilled-oil,8008-56-8,natural,1,17,ambigua,2,ambigua
tl:lemongrass-oil-rectified-cymbopogon-citratus-dc-stapf,8007-02-1,natural,1,3,ambigua,0,sin-pagina
tl:lemongrass-oil-rectified-cymbopogon-flexuosus-nees-ex-steude,8007-02-1,natural,1,3,ambigua,0,sin-pagina
tl:lime-oil-expressed-folded,8008-26-2,natural,1,16,ambigua,2,ambigua
tl:mandarin-oil-furocoumarin-reduced,8008-31-9,natural,1,11,ambigua,2,ambigua
tl:mentha-arvensis-oil-rectified,68917-18-0,natural,1,6,ambigua,1,ambigua
tl:natural-hickory-smoke-flavor,74113-74-9,natural,1,1,sin-cifra,0,sin-pagina
tl:nutmeg-oil-folded,8008-45-5,natural,1,7,ambigua,1,ambigua
tl:nutmeg-oil-java-terpeneless,8008-45-5,natural,1,7,ambigua,1,ambigua
tl:orange-bitter-tincture,68916-04-1,natural,1,12,sin-cifra,1,ambigua
tl:orange-oil-bitter-defurocoumarinized,68916-04-1,natural,1,12,sin-cifra,1,ambigua
tl:orange-oil-sweet-folded,8008-57-9,natural,1,22,ambigua,0,sin-pagina
tl:orange-peel-sweet-alcoholate,8028-48-6,natural,1,4,ambigua,2,ambigua
tl:orange-peel-sweet-tincture,8028-48-6,natural,1,4,ambigua,2,ambigua
tl:parsley-leaf-oil,8000-68-8,natural,1,6,ambigua,2,ambigua
tl:patchouli-oil-low-fe-post-treated,8014-09-3,natural,1,7,ambigua,1,ambigua
tl:petitgrain-water-absolute,8014-17-3,natural,1,10,ambigua,2,ambigua
tl:raisin-extract,68915-86-6,natural,1,1,sin-cifra,0,sin-pagina
tl:ravintsara-oil,8008-51-3,natural,1,1,ambigua,1,ambigua
tl:rose-aromatic-water,90106-38-0,natural,1,12,sin-cifra,0,sin-pagina
tl:rose-extract-rosa-x-centifolia-l,8007-01-0,natural,1,11,ambigua,6,ambigua
tl:rose-microwave-extraction,8007-01-0,natural,1,11,ambigua,6,ambigua
tl:rose-oil-rosa-x-centifolia-l,8007-01-0,natural,1,11,ambigua,6,ambigua
tl:rose-oil-rosa-x-damascena-mill,8007-01-0,natural,1,11,ambigua,6,ambigua
tl:rose-tincture-rosa-x-centifolia-l,8007-01-0,natural,1,11,ambigua,6,ambigua
tl:rose-tincture-rosa-x-damascena-mill,90106-38-0,natural,1,12,sin-cifra,0,sin-pagina
tl:sage-dalmatian-oil-terpeneless,8022-56-8,natural,1,15,ambigua,1,ambigua
tl:schinus-molle-oil-terpeneless,68917-52-2,natural,1,3,ambigua,1,ambigua
tl:sichuan-pepper-co2-extract-schinifolium,97927-05-4,natural,1,2,sin-cifra,0,sin-pagina
tl:tagetes-oil-low-tertiophene,8016-84-0,natural,1,9,sin-cifra,2,ambigua
tl:tetrapleura-resinoid,2131091-72-8,natural,1,0,sin-pagina,0,sin-pagina
tl:tolu-balsam-absolute,8024-03-1,natural,1,1,ambigua,0,sin-pagina
tl:tonka,8024-04-2,natural,1,1,sin-cifra,0,sin-pagina
tl:turpentine-oil-terpeneless,8006-64-2,natural,1,1,ambigua,1,ambigua
tl:vanilla-microwave-extraction,8024-06-4,natural,1,12,ambigua,3,ambigua
tl:vetiver-absolute,8016-96-4,natural,1,10,ambigua,1,ambigua
tl:vetiver-oil-terpeneless,8016-96-4,natural,1,10,ambigua,1,ambigua
tl:witch-hazel-distillate,84696-19-5,natural,1,11,sin-cifra,0,sin-pagina
tl:ylang-ylang-infusion,8006-81-3,natural,1,11,ambigua,8,ambigua
cas:10031-92-2,10031-92-2,molécula,2,1,sin-cifra,0,sin-pagina
cas:101227-15-0,101227-15-0,molécula,2,0,sin-pagina,0,sin-pagina
cas:1018832-07-9,1018832-07-9,molécula,2,0,sin-pagina,0,sin-pagina
cas:103-64-0,103-64-0,molécula,2,1,sin-cifra,0,sin-pagina
cas:103-79-7,103-79-7,molécula,2,1,sin-cifra,0,sin-pagina
cas:104-27-8,104-27-8,molécula,2,1,sin-cifra,0,sin-pagina
cas:10484-32-9,10484-32-9,molécula,2,0,sin-pagina,0,sin-pagina
cas:10519-20-7,10519-20-7,molécula,2,1,sin-cifra,0,sin-pagina
cas:106-28-5,106-28-5,molécula,2,1,sin-cifra,0,sin-pagina
cas:108-88-3,108-88-3,molécula,2,1,sin-cifra,0,sin-pagina
cas:109-86-4,109-86-4,molécula,2,1,sin-cifra,0,sin-pagina
cas:110-49-6,110-49-6,molécula,2,0,sin-pagina,0,sin-pagina
cas:110-80-5,110-80-5,molécula,2,1,sin-cifra,0,sin-pagina
cas:111-15-9,111-15-9,molécula,2,1,sin-cifra,0,sin-pagina
cas:111-28-4,111-28-4,molécula,2,1,sin-cifra,0,sin-pagina
cas:1117-41-5,1117-41-5,molécula,2,1,sin-cifra,0,sin-pagina
cas:1125-12-8,1125-12-8,molécula,2,1,sin-cifra,0,sin-pagina
cas:1134-95-8,1134-95-8,molécula,2,1,sin-cifra,0,sin-pagina
cas:116-66-5,116-66-5,molécula,2,1,sin-cifra,0,sin-pagina
cas:122-39-4,122-39-4,molécula,2,1,sin-cifra,0,sin-pagina
cas:122-57-6,122-57-6,molécula,2,1,sin-cifra,0,sin-pagina
cas:13144-88-2,13144-88-2,molécula,2,1,sin-cifra,0,sin-pagina
cas:13162-46-4,13162-46-4,molécula,2,1,sin-cifra,0,sin-pagina
cas:1333-89-7,1333-89-7,molécula,2,1,sin-cifra,0,sin-pagina
cas:13393-93-6,13393-93-6,molécula,2,0,sin-pagina,0,sin-pagina
cas:1340-11-0,1340-11-0,molécula,2,1,sin-cifra,0,sin-pagina
cas:13674-19-6,13674-19-6,molécula,2,1,sin-cifra,0,sin-pagina
cas:13706-86-0,13706-86-0,molécula,2,1,sin-cifra,0,sin-pagina
cas:1373932-23-0,1373932-23-0,molécula,2,0,sin-pagina,0,sin-pagina
cas:140-29-4,140-29-4,molécula,2,1,sin-cifra,0,sin-pagina
cas:140-88-5,140-88-5,molécula,2,1,sin-cifra,0,sin-pagina
cas:1407-27-8,1407-27-8,molécula,2,0,sin-pagina,0,sin-pagina
cas:141-05-9,141-05-9,molécula,2,1,sin-cifra,0,sin-pagina
cas:141-10-6,141-10-6,molécula,2,1,sin-cifra,0,sin-pagina
cas:142-83-6,142-83-6,molécula,2,1,sin-cifra,0,sin-pagina
cas:145-39-1,145-39-1,molécula,2,1,sin-cifra,0,sin-pagina
cas:150-76-5,150-76-5,molécula,2,1,sin-cifra,0,sin-pagina
cas:16106-95-9,16106-95-9,molécula,2,1,sin-cifra,0,sin-pagina
cas:16635-54-4,16635-54-4,molécula,2,1,sin-cifra,0,sin-pagina
cas:16846-09-6,16846-09-6,molécula,2,0,sin-pagina,0,sin-pagina
cas:17102-64-6,17102-64-6,molécula,2,1,sin-cifra,0,sin-pagina
cas:1754-00-3,1754-00-3,molécula,2,0,sin-pagina,0,sin-pagina
cas:17874-34-9,17874-34-9,molécula,2,1,sin-cifra,0,sin-pagina
cas:18318-83-7,18318-83-7,molécula,2,1,sin-cifra,0,sin-pagina
cas:18485-38-6,18485-38-6,molécula,2,1,sin-cifra,0,sin-pagina
cas:185019-19-6,185019-19-6,molécula,2,0,sin-pagina,0,sin-pagina
cas:18829-55-5,18829-55-5,molécula,2,1,sin-cifra,0,sin-pagina
cas:19067-29-9,19067-29-9,molécula,2,0,sin-pagina,0,sin-pagina
cas:19343-78-3,19343-78-3,molécula,2,1,sin-cifra,0,sin-pagina
cas:20432-40-0,20432-40-0,molécula,2,1,sin-cifra,0,sin-pagina
cas:21662-16-8,21662-16-8,molécula,2,1,sin-cifra,0,sin-pagina
cas:23089-26-1,23089-26-1,molécula,2,1,sin-cifra,0,sin-pagina
cas:23178-88-3,23178-88-3,molécula,2,1,sin-cifra,0,sin-pagina
cas:2363-88-4,2363-88-4,molécula,2,1,sin-cifra,0,sin-pagina
cas:2445-83-2,2445-83-2,molécula,2,1,sin-cifra,0,sin-pagina
cas:25152-84-5,25152-84-5,molécula,2,1,sin-cifra,0,sin-pagina
cas:25564-22-1,25564-22-1,molécula,2,1,sin-cifra,0,sin-pagina
cas:25677-40-1,25677-40-1,molécula,2,1,sin-cifra,0,sin-pagina
cas:26266-77-3,26266-77-3,molécula,2,1,sin-cifra,0,sin-pagina
cas:26489-01-0,26489-01-0,molécula,2,2,sin-cifra,0,sin-pagina
cas:26651-96-7,26651-96-7,molécula,2,1,sin-cifra,0,sin-pagina
cas:2883-98-9,2883-98-9,molécula,2,1,sin-cifra,0,sin-pagina
cas:30361-28-5,30361-28-5,molécula,2,1,sin-cifra,0,sin-pagina
cas:30361-29-6,30361-29-6,molécula,2,1,sin-cifra,0,sin-pagina
cas:31983-27-4,31983-27-4,molécula,2,1,sin-cifra,0,sin-pagina
cas:33204-74-9,33204-74-9,molécula,2,1,sin-cifra,0,sin-pagina
cas:34131-99-2,34131-99-2,molécula,2,1,sin-cifra,0,sin-pagina
cas:34713-70-7,34713-70-7,molécula,2,1,sin-cifra,0,sin-pagina
cas:3591-42-2,3591-42-2,molécula,2,0,sin-pagina,0,sin-pagina
cas:3790-71-4,3790-71-4,molécula,2,1,sin-cifra,0,sin-pagina
cas:38049-04-6,38049-04-6,molécula,2,1,sin-cifra,0,sin-pagina
cas:3879-60-5,3879-60-5,molécula,2,1,sin-cifra,0,sin-pagina
cas:40607-48-5,40607-48-5,molécula,2,1,sin-cifra,0,sin-pagina
cas:41448-29-7,41448-29-7,molécula,2,1,sin-cifra,0,sin-pagina
cas:4173-44-8,4173-44-8,molécula,2,1,sin-cifra,0,sin-pagina
cas:4313-03-5,4313-03-5,molécula,2,1,sin-cifra,0,sin-pagina
cas:4488-48-6,4488-48-6,molécula,2,0,sin-pagina,0,sin-pagina
cas:471-15-8,471-15-8,molécula,2,1,sin-cifra,0,sin-pagina
cas:4756-19-8,4756-19-8,molécula,2,0,sin-pagina,0,sin-pagina
cas:494-40-6,494-40-6,molécula,2,1,sin-cifra,0,sin-pagina
cas:51154-96-2,51154-96-2,molécula,2,1,sin-cifra,0,sin-pagina
cas:5146-66-7,5146-66-7,molécula,2,1,sin-cifra,0,sin-pagina
cas:5273-86-9,5273-86-9,molécula,2,1,sin-cifra,0,sin-pagina
cas:529-20-4,529-20-4,molécula,2,1,sin-cifra,0,sin-pagina
cas:531-59-9,531-59-9,molécula,2,1,sin-cifra,0,sin-pagina
cas:53153-66-5,53153-66-5,molécula,2,1,sin-cifra,0,sin-pagina
cas:5406-12-2,5406-12-2,molécula,2,1,sin-cifra,0,sin-pagina
cas:54464-59-4,54464-59-4,molécula,2,1,sin-cifra,0,sin-pagina
cas:546-28-1,546-28-1,molécula,2,1,sin-cifra,0,sin-pagina
cas:54814-64-1,54814-64-1,molécula,2,1,sin-cifra,0,sin-pagina
cas:5577-44-6,5577-44-6,molécula,2,1,sin-cifra,0,sin-pagina
cas:5585-39-7,5585-39-7,molécula,2,1,sin-cifra,0,sin-pagina
cas:57-06-7,57-06-7,molécula,2,1,sin-cifra,0,sin-pagina
cas:58001-87-9,58001-87-9,molécula,2,0,sin-pagina,0,sin-pagina
cas:5910-85-0,5910-85-0,molécula,2,1,sin-cifra,0,sin-pagina
cas:5910-87-2,5910-87-2,molécula,2,1,sin-cifra,0,sin-pagina
cas:617-54-9,617-54-9,molécula,2,1,sin-cifra,0,sin-pagina
cas:620-23-5,620-23-5,molécula,2,1,sin-cifra,0,sin-pagina
cas:622-62-8,622-62-8,molécula,2,1,sin-cifra,0,sin-pagina
cas:62265-99-0,62265-99-0,molécula,2,0,sin-pagina,0,sin-pagina
cas:623-15-4,623-15-4,molécula,2,1,sin-cifra,0,sin-pagina
cas:623-43-8,623-43-8,molécula,2,1,sin-cifra,0,sin-pagina
cas:62439-42-3,62439-42-3,molécula,2,0,sin-pagina,0,sin-pagina
cas:6248-20-0,6248-20-0,molécula,2,1,sin-cifra,0,sin-pagina
cas:63477-41-8,63477-41-8,molécula,2,0,sin-pagina,0,sin-pagina
cas:63697-53-0,63697-53-0,molécula,2,0,sin-pagina,0,sin-pagina
cas:6750-03-4,6750-03-4,molécula,2,1,sin-cifra,0,sin-pagina
cas:67634-07-5,67634-07-5,molécula,2,1,sin-cifra,0,sin-pagina
cas:67746-30-9,67746-30-9,molécula,2,1,sin-cifra,0,sin-pagina
cas:68917-40-8,68917-40-8,molécula,2,2,sin-cifra,0,sin-pagina
cas:68917-50-0,68917-50-0,molécula,2,1,con-cifra,0,sin-pagina
cas:700-82-3,700-82-3,molécula,2,1,sin-cifra,0,sin-pagina
cas:71-43-2,71-43-2,molécula,2,1,sin-cifra,0,sin-pagina
cas:72203-97-5,72203-97-5,molécula,2,1,sin-cifra,0,sin-pagina
cas:72203-98-6,72203-98-6,molécula,2,1,sin-cifra,0,sin-pagina
cas:72691-24-8,72691-24-8,molécula,2,0,sin-pagina,0,sin-pagina
cas:72968-25-3,72968-25-3,molécula,2,1,sin-cifra,0,sin-pagina
cas:73157-43-4,73157-43-4,molécula,2,1,sin-cifra,0,sin-pagina
cas:76-29-9,76-29-9,molécula,2,0,sin-pagina,0,sin-pagina
cas:76231-76-0,76231-76-0,molécula,2,0,sin-pagina,0,sin-pagina
cas:764-40-9,764-40-9,molécula,2,1,sin-cifra,0,sin-pagina
cas:76738-75-5,76738-75-5,molécula,2,0,sin-pagina,0,sin-pagina
cas:77525-18-9,77525-18-9,molécula,2,0,sin-pagina,0,sin-pagina
cas:78-59-1,78-59-1,molécula,2,1,sin-cifra,0,sin-pagina
cas:78148-59-1,78148-59-1,molécula,2,1,sin-cifra,0,sin-pagina
cas:80-62-6,80-62-6,molécula,2,1,sin-cifra,0,sin-pagina
cas:80466-34-8,80466-34-8,molécula,2,1,sin-cifra,0,sin-pagina
cas:8050-09-7,8050-09-7,molécula,2,1,sin-cifra,0,sin-pagina
cas:81-15-2,81-15-2,molécula,2,1,sin-cifra,0,sin-pagina
cas:83-66-9,83-66-9,molécula,2,1,sin-cifra,0,sin-pagina
cas:83863-30-3,83863-30-3,molécula,2,4,sin-cifra,0,sin-pagina
cas:84012-15-7,84012-15-7,molécula,2,14,sin-cifra,0,sin-pagina
cas:854373-70-9,854373-70-9,molécula,2,0,sin-pagina,0,sin-pagina
cas:854373-71-0,854373-71-0,molécula,2,0,sin-pagina,0,sin-pagina
cas:863306-60-9,863306-60-9,molécula,2,0,sin-pagina,0,sin-pagina
cas:87-05-8,87-05-8,molécula,2,1,sin-cifra,0,sin-pagina
cas:87064-19-5,87064-19-5,molécula,2,0,sin-pagina,0,sin-pagina
cas:88-29-9,88-29-9,molécula,2,1,sin-cifra,0,sin-pagina
cas:90028-67-4,90028-67-4,molécula,2,2,sin-cifra,0,sin-pagina
cas:91-22-5,91-22-5,molécula,2,1,sin-cifra,0,sin-pagina
cas:91745-85-6,91745-85-6,molécula,2,2,sin-cifra,0,sin-pagina
cas:92-48-8,92-48-8,molécula,2,1,sin-cifra,2,ambigua
cas:93-99-2,93-99-2,molécula,2,1,sin-cifra,0,sin-pagina
cas:93384-32-8,93384-32-8,molécula,2,2,sin-cifra,0,sin-pagina
cas:94-59-7,94-59-7,molécula,2,1,sin-cifra,0,sin-pagina
cas:943-88-4,943-88-4,molécula,2,1,sin-cifra,0,sin-pagina
cas:94891-27-7,94891-27-7,molécula,2,6,sin-cifra,0,sin-pagina
cas:94891-28-8,94891-28-8,molécula,2,2,sin-cifra,0,sin-pagina
cas:98-00-0,98-00-0,molécula,2,1,sin-cifra,0,sin-pagina
cas:98-54-4,98-54-4,molécula,2,1,sin-cifra,0,sin-pagina
cas:98-95-3,98-95-3,molécula,2,0,sin-pagina,0,sin-pagina
cas:99-49-0,99-49-0,molécula,2,1,sin-cifra,1,con-cifra
cat:246872-25-3,246872-25-3,molécula,2,0,sin-pagina,0,sin-pagina
cat:35931-93-2,35931-93-2,molécula,2,1,sin-cifra,0,sin-pagina
cat:68680-98-8,68680-98-8,molécula,2,1,sin-cifra,0,sin-pagina
fig:1,4221-98-1,molécula,2,1,con-cifra,0,sin-pagina
fig:2,512-13-0,molécula,2,1,con-cifra,0,sin-pagina
fig:3,489-40-7,molécula,2,1,con-cifra,0,sin-pagina
fig:4,23986-74-5,molécula,2,1,con-cifra,0,sin-pagina
fig:5,489-86-1,molécula,2,1,con-cifra,0,sin-pagina
fig:6,13837-56-4,molécula,2,0,sin-pagina,0,sin-pagina
fig:7,1117-61-9,molécula,2,1,sin-cifra,0,sin-pagina
fig:8,4610-11-1,molécula,2,1,sin-cifra,0,sin-pagina
fig:9,888021-82-7,molécula,2,1,con-cifra,0,sin-pagina
fig:10,17957-94-7,molécula,2,1,sin-cifra,0,sin-pagina
fig:11,2216-52-6,molécula,2,1,con-cifra,0,sin-pagina
fig:12,67663-01-8,molécula,2,1,con-cifra,0,sin-pagina
fig:13,156472-94-5,molécula,2,1,con-cifra,0,sin-pagina
fig:14,258823-39-1,molécula,2,1,sin-cifra,0,sin-pagina
fig:15,58475-04-0,molécula,2,1,sin-cifra,0,sin-pagina
fig:16,15892-23-6,molécula,2,0,sin-pagina,0,sin-pagina
fig:17,15932-80-6,molécula,2,1,sin-cifra,0,sin-pagina
fig:19,68877-29-2,molécula,2,1,con-cifra,0,sin-pagina
fig:20,35145-02-9,molécula,2,0,sin-pagina,0,sin-pagina
fig:21,94400-98-3,molécula,2,1,sin-cifra,0,sin-pagina
fig:22,389083-83-4,molécula,2,1,sin-cifra,0,sin-pagina
fig:23,35836-73-8,molécula,2,1,sin-cifra,0,sin-pagina
fig:24,35836-72-7,molécula,2,1,sin-cifra,0,sin-pagina
fig:25,68489-09-8,molécula,2,1,sin-cifra,0,sin-pagina
fig:26,29461-13-0,molécula,2,1,con-cifra,0,sin-pagina
fig:27,5331-14-6,molécula,2,1,con-cifra,0,sin-pagina
fig:28,23726-93-4,molécula,2,1,sin-cifra,0,sin-pagina
fig:29,23726-91-2,molécula,2,1,sin-cifra,0,sin-pagina
fig:30,67674-47-9,molécula,2,1,sin-cifra,0,sin-pagina
fig:31,28069-72-9,molécula,2,1,con-cifra,0,sin-pagina
fig:32,116044-44-1,molécula,2,1,sin-cifra,0,sin-pagina
fig:33,59739-63-8,molécula,2,1,sin-cifra,0,sin-pagina
fig:34,81836-13-7,molécula,2,1,sin-cifra,0,sin-pagina
fig:35,120811-92-9,molécula,2,1,sin-cifra,0,sin-pagina
fig:36,124071-43-8,molécula,2,1,sin-cifra,0,sin-pagina
fig:37,92046-48-5,molécula,2,1,con-cifra,0,sin-pagina
fig:38,71172-26-4,molécula,2,1,sin-cifra,0,sin-pagina
fig:39,67845-46-9,molécula,2,1,con-cifra,0,sin-pagina
fig:40,3288-99-1,molécula,2,1,sin-cifra,0,sin-pagina
fig:41,97358-54-8,molécula,2,1,con-cifra,0,sin-pagina
fig:42,39872-57-6,molécula,2,1,sin-cifra,0,sin-pagina
fig:44,22882-91-3,molécula,2,1,sin-cifra,0,sin-pagina
fig:45,65737-52-2,molécula,2,1,con-cifra,0,sin-pagina
fig:46,58001-88-0,molécula,2,1,sin-cifra,0,sin-pagina
fig:47,18409-17-1,molécula,2,1,con-cifra,0,sin-pagina
fig:48,37973-51-6,molécula,2,1,con-cifra,0,sin-pagina
fig:50,1309389-73-8,molécula,2,1,sin-cifra,0,sin-pagina
fig:51,53243-60-0,molécula,2,1,sin-cifra,0,sin-pagina
fig:52,3239-35-8,molécula,2,1,sin-cifra,0,sin-pagina
fig:53,33046-81-0,molécula,2,1,con-cifra,0,sin-pagina
fig:55,68555-65-7,molécula,2,1,con-cifra,0,sin-pagina
fig:56,14898-79-4,molécula,2,1,sin-cifra,0,sin-pagina
fig:57,4221-99-2,molécula,2,1,sin-cifra,0,sin-pagina
fig:58,400052-49-5,molécula,2,1,sin-cifra,0,sin-pagina
fig:59,97358-55-9,molécula,2,1,sin-cifra,0,sin-pagina
fig:60,22882-89-9,molécula,2,1,con-cifra,0,sin-pagina
fig:61,1576-95-0,molécula,2,1,con-cifra,0,sin-pagina
fig:62,37973-52-7,molécula,2,1,sin-cifra,0,sin-pagina
fig:64,84060-80-0,molécula,2,1,sin-cifra,0,sin-pagina
fig:65,53243-59-7,molécula,2,1,sin-cifra,0,sin-pagina
fig:66,21944-98-9,molécula,2,1,con-cifra,0,sin-pagina
fig:67,6191-71-5,molécula,2,1,con-cifra,0,sin-pagina
fig:68,63095-33-0,molécula,2,1,con-cifra,0,sin-pagina
fig:69,3239-37-0,molécula,2,1,sin-cifra,0,sin-pagina
fig:70,23726-92-3,molécula,2,1,sin-cifra,0,sin-pagina
fig:71,53398-85-9,molécula,2,1,con-cifra,0,sin-pagina
fig:72,76238-22-7,molécula,2,1,con-cifra,0,sin-pagina
fig:73,63449-64-9,molécula,2,1,con-cifra,0,sin-pagina
fig:74,20834-59-7,molécula,2,1,con-cifra,0,sin-pagina
fig:75,33885-52-8,molécula,2,1,sin-cifra,0,sin-pagina
fig:76,66062-78-0,molécula,2,1,con-cifra,0,sin-pagina
fig:77,515-69-5,molécula,2,1,sin-cifra,0,sin-pagina
fig:78,63767-86-2,molécula,2,1,con-cifra,0,sin-pagina
fig:79,13487-27-9,molécula,2,1,sin-cifra,0,sin-pagina
fig:80,103694-68-4,molécula,2,1,sin-cifra,0,sin-pagina
fig:81,6784-13-0,molécula,2,1,con-cifra,0,sin-pagina
fig:82,472-97-9,molécula,2,1,con-cifra,0,sin-pagina
fig:83,67801-36-9,molécula,2,1,con-cifra,0,sin-pagina
fig:85,71048-82-3,molécula,2,1,sin-cifra,0,sin-pagina
fig:86,80858-47-5,molécula,2,2,con-cifra,0,sin-pagina
fig:87,68555-28-2,molécula,2,1,sin-cifra,0,sin-pagina
fig:88,67634-02-0,molécula,2,1,con-cifra,0,sin-pagina
fig:89,67634-04-2,molécula,2,1,sin-cifra,0,sin-pagina
fig:90,68039-47-4,molécula,2,1,con-cifra,0,sin-pagina
fig:91,1958027-44-5,molécula,2,0,sin-pagina,0,sin-pagina
fig:95,941-98-0,molécula,2,1,con-cifra,0,sin-pagina
fig:97,35087-49-1,molécula,2,1,sin-cifra,0,sin-pagina
fig:98,68039-35-0,molécula,2,1,sin-cifra,0,sin-pagina
fig:99,70266-48-7,molécula,2,1,sin-cifra,0,sin-pagina
fig:100,33673-71-1,molécula,2,1,sin-cifra,0,sin-pagina
fig:102,7779-30-8,molécula,2,1,sin-cifra,0,sin-pagina
fig:106,42370-07-0,molécula,2,1,con-cifra,0,sin-pagina
fig:107,25304-14-7,molécula,2,1,con-cifra,0,sin-pagina
fig:108,25225-09-6,molécula,2,1,sin-cifra,0,sin-pagina
fig:109,56973-87-6,molécula,2,1,sin-cifra,0,sin-pagina
fig:110,68480-14-8,molécula,2,1,con-cifra,0,sin-pagina
fig:113,774-55-0,molécula,2,1,con-cifra,0,sin-pagina
fig:115,10152-77-9,molécula,2,1,sin-cifra,0,sin-pagina
fig:116,1333-52-4,molécula,2,1,sin-cifra,0,sin-pagina
fig:117,31375-17-4,molécula,2,1,con-cifra,0,sin-pagina
fig:118,122-84-9,molécula,2,1,con-cifra,0,sin-pagina
fig:119,100520-15-8,molécula,2,0,sin-pagina,0,sin-pagina
fig:120,900779-74-0,molécula,2,0,sin-pagina,0,sin-pagina
fig:121,947237-75-4,molécula,2,0,sin-pagina,0,sin-pagina
fig:122,53834-70-1,molécula,2,1,sin-cifra,0,sin-pagina
fig:123,39707-47-6,molécula,2,1,sin-cifra,0,sin-pagina
fig:124,67801-37-0,molécula,2,1,sin-cifra,0,sin-pagina
fig:125,3910-35-8,molécula,2,1,sin-cifra,0,sin-pagina
fig:126,34764-02-8,molécula,2,1,con-cifra,0,sin-pagina
fig:127,688-82-4,molécula,2,1,sin-cifra,0,sin-pagina
fig:128,3658-93-3,molécula,2,1,con-cifra,0,sin-pagina
fig:129,33673-65-3,molécula,2,1,con-cifra,0,sin-pagina
fig:130,950-33-4,molécula,2,1,con-cifra,0,sin-pagina
fig:131,534-15-6,molécula,2,1,con-cifra,0,sin-pagina
fig:133,59354-71-1,molécula,2,1,con-cifra,0,sin-pagina
fig:134,89-88-3,molécula,2,1,con-cifra,0,sin-pagina
fig:137,68991-96-8,molécula,2,1,sin-cifra,0,sin-pagina
fig:138,68991-97-9,molécula,2,1,con-cifra,0,sin-pagina
fig:139,67715-79-1,molécula,2,1,sin-cifra,0,sin-pagina
fig:140,91-16-7,molécula,2,1,con-cifra,0,sin-pagina
fig:141,13851-11-1,molécula,2,3,con-cifra,0,sin-pagina
fig:143,16356-11-9,molécula,2,1,con-cifra,0,sin-pagina
fig:144,40527-42-2,molécula,2,1,con-cifra,0,sin-pagina
fig:145,495-76-1,molécula,2,1,con-cifra,0,sin-pagina
fig:146,68844-96-2,molécula,2,1,sin-cifra,0,sin-pagina
fig:147,63270-14-4,molécula,2,1,sin-cifra,0,sin-pagina
fig:148,80118-10-1,molécula,2,1,sin-cifra,0,sin-pagina
fig:151,35206-51-0,molécula,2,1,con-cifra,0,sin-pagina
fig:152,117933-89-8,molécula,2,1,con-cifra,1,con-cifra
fig:153,166301-22-0,molécula,2,1,sin-cifra,0,sin-pagina
fig:155,1708-35-6,molécula,2,1,con-cifra,0,sin-pagina
fig:156,1322-17-4,molécula,2,1,con-cifra,0,sin-pagina
fig:157,444880-09-5,molécula,2,1,sin-cifra,0,sin-pagina
fig:158,166432-52-6,molécula,2,1,con-cifra,0,sin-pagina
fig:159,470-67-7,molécula,2,1,con-cifra,0,sin-pagina
fig:160,21112-37-8,molécula,2,1,sin-cifra,0,sin-pagina
fig:161,18679-18-0,molécula,2,1,con-cifra,0,sin-pagina
fig:162,13786-79-3,molécula,2,1,sin-cifra,0,sin-pagina
fig:164,67952-57-2,molécula,2,1,sin-cifra,0,sin-pagina
fig:165,68931-30-6,molécula,2,1,sin-cifra,0,sin-pagina
fig:166,68298-33-9,molécula,2,1,sin-cifra,0,sin-pagina
fig:167,313973-37-4,molécula,2,1,con-cifra,0,sin-pagina
fig:169,70131-51-0,molécula,2,1,sin-cifra,0,sin-pagina
fig:171,24238-95-7,molécula,2,1,sin-cifra,0,sin-pagina
fig:172,3526-75-8,molécula,2,1,sin-cifra,0,sin-pagina
fig:173,68259-33-6,molécula,2,1,con-cifra,0,sin-pagina
fig:174,1725-01-5,molécula,2,1,con-cifra,0,sin-pagina
fig:175,112-19-6,molécula,2,1,con-cifra,0,sin-pagina
fig:177,112-38-9,molécula,2,1,con-cifra,0,sin-pagina
fig:178,68141-27-5,molécula,2,1,sin-cifra,0,sin-pagina
fig:179,3391-83-1,molécula,2,1,con-cifra,0,sin-pagina
fig:180,68141-18-4,molécula,2,1,sin-cifra,0,sin-pagina
fig:182,868846-58-6,molécula,2,1,sin-cifra,0,sin-pagina
fig:183,123-69-3,molécula,2,1,sin-cifra,1,con-cifra
fig:184,65416-21-9,molécula,2,1,sin-cifra,0,sin-pagina
fig:185,850997-10-3,molécula,2,1,sin-cifra,0,sin-pagina
fig:186,1193-81-3,molécula,2,1,sin-cifra,0,sin-pagina
fig:188,63449-88-7,molécula,2,1,sin-cifra,0,sin-pagina
fig:190,112-30-1,molécula,2,2,con-cifra,1,con-cifra
fig:191,51100-54-0,molécula,2,1,con-cifra,0,sin-pagina
fig:192,61668-40-4,molécula,2,0,sin-pagina,0,sin-pagina
fig:193,36306-86-2,molécula,2,1,sin-cifra,0,sin-pagina
fig:194,31996-78-8,molécula,2,1,sin-cifra,0,sin-pagina
fig:195,5240-32-4,molécula,2,1,con-cifra,0,sin-pagina
fig:197,1639-09-4,molécula,2,1,sin-cifra,0,sin-pagina
fig:198,4798-44-1,molécula,2,2,con-cifra,0,sin-pagina
fig:199,285977-85-7,molécula,2,1,sin-cifra,0,sin-pagina
fig:200,95-13-6,molécula,2,1,sin-cifra,0,sin-pagina
fig:201,60899-29-8,molécula,2,1,sin-cifra,0,sin-pagina
fig:203,1203-17-4,molécula,2,1,sin-cifra,0,sin-pagina
fig:204,67860-00-8,molécula,2,1,sin-cifra,0,sin-pagina
fig:205,1565-76-0,molécula,2,1,con-cifra,0,sin-pagina
fig:206,4747-07-3,molécula,2,1,con-cifra,0,sin-pagina
fig:207,94291-50-6,molécula,2,1,sin-cifra,0,sin-pagina
fig:208,72183-75-6,molécula,2,1,sin-cifra,0,sin-pagina
fig:209,3008-43-3,molécula,2,1,con-cifra,0,sin-pagina
fig:210,215231-33-7,molécula,2,1,con-cifra,0,sin-pagina
fig:212,1076-56-8,molécula,2,1,con-cifra,0,sin-pagina
fig:213,10198-23-9,molécula,2,1,sin-cifra,0,sin-pagina
fig:216,21129-27-1,molécula,2,1,con-cifra,0,sin-pagina
fig:217,37514-30-0,molécula,2,1,con-cifra,0,sin-pagina
fig:218,103614-86-4,molécula,2,1,sin-cifra,0,sin-pagina
fig:219,68922-14-5,molécula,2,1,sin-cifra,0,sin-pagina
fig:220,21964-44-3,molécula,2,1,con-cifra,0,sin-pagina
fig:221,111-87-5,molécula,2,1,con-cifra,1,con-cifra
fig:222,3391-86-4,molécula,2,1,con-cifra,0,sin-pagina
fig:223,4312-99-6,molécula,2,1,con-cifra,0,sin-pagina
fig:224,2442-10-6,molécula,2,1,sin-cifra,0,sin-pagina
fig:225,71078-31-4,molécula,2,1,sin-cifra,0,sin-pagina
fig:226,89079-92-5,molécula,2,1,sin-cifra,0,sin-pagina
fig:227,79893-63-3,molécula,2,1,sin-cifra,0,sin-pagina
fig:228,4625-90-5,molécula,2,1,sin-cifra,0,sin-pagina
fig:229,91069-40-8,molécula,2,1,sin-cifra,0,sin-pagina
fig:231,91069-37-3,molécula,2,1,sin-cifra,0,sin-pagina
fig:232,57967-68-7,molécula,2,1,sin-cifra,0,sin-pagina
fig:233,616-25-1,molécula,2,1,con-cifra,0,sin-pagina
fig:234,67739-11-1,molécula,2,1,con-cifra,0,sin-pagina
fig:235,1629-58-9,molécula,2,1,sin-cifra,0,sin-pagina
fig:236,68555-94-2,molécula,2,1,con-cifra,0,sin-pagina
fig:237,579-07-7,molécula,2,1,sin-cifra,0,sin-pagina
fig:238,10415-87-9,molécula,2,1,con-cifra,0,sin-pagina
fig:239,72007-81-9,molécula,2,1,con-cifra,0,sin-pagina
fig:240,3240-29-7,molécula,2,1,con-cifra,0,sin-pagina
fig:241,71159-90-5,molécula,2,1,con-cifra,0,sin-pagina
fig:242,128119-70-0,molécula,2,1,con-cifra,0,sin-pagina
fig:243,112-70-9,molécula,2,1,sin-cifra,0,sin-pagina
fig:244,811436-82-5,molécula,2,0,sin-pagina,0,sin-pagina
fig:245,107-93-7,molécula,2,1,sin-cifra,0,sin-pagina
fig:246,15848-49-4,molécula,2,1,sin-cifra,0,sin-pagina
fig:247,2371-13-3,molécula,2,1,sin-cifra,0,sin-pagina
fig:248,76649-17-7,molécula,2,1,con-cifra,0,sin-pagina
fig:249,2810-04-0,molécula,2,1,sin-cifra,0,sin-pagina
fig:250,68480-25-1,molécula,2,1,sin-cifra,0,sin-pagina
fig:252,1217-08-9,molécula,2,1,sin-cifra,0,sin-pagina
fig:253,67634-11-1,molécula,2,1,con-cifra,0,sin-pagina
fig:254,5947-36-4,molécula,2,1,con-cifra,0,sin-pagina
fig:255,7399-50-0,molécula,2,1,sin-cifra,0,sin-pagina
fig:256,37172-02-4,molécula,2,1,con-cifra,0,sin-pagina
fig:258,2226-05-3,molécula,2,1,con-cifra,0,sin-pagina
fig:261,4359-47-1,molécula,2,1,con-cifra,0,sin-pagina
fig:263,3208-40-0,molécula,2,1,con-cifra,0,sin-pagina
fig:264,80417-97-6,molécula,2,1,con-cifra,0,sin-pagina
fig:265,34291-99-1,molécula,2,1,con-cifra,0,sin-pagina
fig:266,80819-94-9,molécula,2,1,sin-cifra,0,sin-pagina
fig:267,65817-24-5,molécula,2,1,sin-cifra,0,sin-pagina
fig:268,94159-31-6,molécula,2,1,sin-cifra,0,sin-pagina
fig:269,15149-10-7,molécula,2,1,sin-cifra,0,sin-pagina
fig:270,1333-58-0,molécula,2,1,con-cifra,0,sin-pagina
fig:271,95962-14-4,molécula,2,1,con-cifra,0,sin-pagina
fig:272,99-72-9,molécula,2,1,con-cifra,0,sin-pagina
fig:274,51608-18-5,molécula,2,1,con-cifra,0,sin-pagina
fig:275,197098-61-6,molécula,2,1,sin-cifra,0,sin-pagina
fig:276,76917-23-2,molécula,2,1,sin-cifra,0,sin-pagina
fig:277,1891-67-4,molécula,2,0,sin-pagina,0,sin-pagina
fig:278,52711-52-1,molécula,2,0,sin-pagina,0,sin-pagina
fig:279,1801275-25-1,molécula,2,0,sin-pagina,0,sin-pagina
fig:280,1801275-26-2,molécula,2,0,sin-pagina,0,sin-pagina
fig:281,21662-22-6,molécula,2,0,sin-pagina,0,sin-pagina
fig:282,6931-54-0,molécula,2,1,con-cifra,0,sin-pagina
fig:283,72894-15-6,molécula,2,1,sin-cifra,0,sin-pagina
fig:284,4437-20-1,molécula,2,1,con-cifra,0,sin-pagina
fig:285,4501-58-0,molécula,2,1,con-cifra,0,sin-pagina
fig:287,75490-39-0,molécula,2,1,con-cifra,0,sin-pagina
fig:290,2408-37-9,molécula,2,1,con-cifra,0,sin-pagina
fig:293,13351-61-6,molécula,2,1,con-cifra,0,sin-pagina
fig:294,7416-35-5,molécula,2,1,con-cifra,0,sin-pagina
fig:296,68433-81-8,molécula,2,1,sin-cifra,0,sin-pagina
fig:297,3054-92-0,molécula,2,1,sin-cifra,0,sin-pagina
fig:298,1124-11-4,molécula,2,1,con-cifra,0,sin-pagina
fig:299,14667-55-1,molécula,2,1,con-cifra,0,sin-pagina
fig:300,2416-94-6,molécula,2,1,sin-cifra,0,sin-pagina
fig:301,513-85-9,molécula,2,1,sin-cifra,0,sin-pagina
fig:302,18138-04-0,molécula,2,1,con-cifra,0,sin-pagina
fig:303,15707-24-1,molécula,2,1,con-cifra,0,sin-pagina
fig:305,71850-78-7,molécula,2,1,sin-cifra,0,sin-pagina
fig:306,3782-00-1,molécula,2,1,con-cifra,0,sin-pagina
fig:307,526-75-0,molécula,2,1,con-cifra,0,sin-pagina
fig:308,5910-89-4,molécula,2,1,con-cifra,3,ambigua
fig:309,96-04-8,molécula,2,1,con-cifra,0,sin-pagina
fig:310,3848-24-6,molécula,2,1,con-cifra,0,sin-pagina
fig:311,74338-72-0,molécula,2,1,con-cifra,0,sin-pagina
fig:312,81783-01-9,molécula,2,1,con-cifra,0,sin-pagina
fig:313,13623-11-5,molécula,2,1,con-cifra,0,sin-pagina
fig:314,68527-77-5,molécula,2,1,sin-cifra,0,sin-pagina
fig:315,5182-36-5,molécula,2,1,con-cifra,0,sin-pagina
fig:316,1423-46-7,molécula,2,1,sin-cifra,0,sin-pagina
fig:317,527-60-6,molécula,2,1,sin-cifra,0,sin-pagina
fig:318,18409-21-7,molécula,2,1,con-cifra,0,sin-pagina
fig:323,62346-96-7,molécula,2,1,sin-cifra,0,sin-pagina
fig:324,67634-17-7,molécula,2,1,con-cifra,0,sin-pagina
fig:325,67634-26-8,molécula,2,1,sin-cifra,0,sin-pagina
fig:326,67634-22-4,molécula,2,1,con-cifra,0,sin-pagina
fig:327,108-47-4,molécula,2,1,con-cifra,0,sin-pagina
fig:328,16930-93-1,molécula,2,1,con-cifra,0,sin-pagina
fig:329,16491-24-0,molécula,2,1,con-cifra,0,sin-pagina
fig:330,63450-36-2,molécula,2,0,sin-pagina,0,sin-pagina
fig:331,105-67-9,molécula,2,1,sin-cifra,0,sin-pagina
fig:332,68378-13-2,molécula,2,1,con-cifra,0,sin-pagina
fig:333,5406-58-6,molécula,2,1,con-cifra,0,sin-pagina
fig:334,82784-84-7,molécula,2,1,con-cifra,0,sin-pagina
fig:335,13851-06-4,molécula,2,1,sin-cifra,0,sin-pagina
fig:336,41239-48-9,molécula,2,1,sin-cifra,0,sin-pagina
fig:337,4077-47-8,molécula,2,1,con-cifra,0,sin-pagina
fig:338,123-32-0,molécula,2,2,con-cifra,0,sin-pagina
fig:339,847144-75-6,molécula,2,1,sin-cifra,0,sin-pagina
fig:340,357650-26-1,molécula,2,1,sin-cifra,0,sin-pagina
fig:341,95-87-4,molécula,2,1,sin-cifra,0,sin-pagina
fig:343,54082-68-7,molécula,2,1,con-cifra,0,sin-pagina
fig:344,24048-13-3,molécula,2,1,sin-cifra,0,sin-pagina
fig:345,24048-14-4,molécula,2,1,sin-cifra,0,sin-pagina
fig:346,432-25-7,molécula,2,1,con-cifra,0,sin-pagina
fig:347,472-66-2,molécula,2,1,con-cifra,1,con-cifra
fig:348,473-54-1,molécula,2,1,sin-cifra,0,sin-pagina
fig:351,123-18-2,molécula,2,1,sin-cifra,0,sin-pagina
fig:352,91-10-1,molécula,2,1,con-cifra,0,sin-pagina
fig:353,17909-77-2,molécula,2,1,con-cifra,0,sin-pagina
fig:354,3016-19-1,molécula,2,1,con-cifra,0,sin-pagina
fig:355,13254-34-7,molécula,2,1,con-cifra,1,con-cifra
fig:356,68480-08-0,molécula,2,1,con-cifra,0,sin-pagina
fig:357,108-82-7,molécula,2,1,sin-cifra,0,sin-pagina
fig:358,108-83-8,molécula,2,1,con-cifra,0,sin-pagina
fig:360,25279-09-8,molécula,2,1,sin-cifra,0,sin-pagina
fig:361,1879-00-1,molécula,2,1,con-cifra,0,sin-pagina
fig:362,673-84-7,molécula,2,1,con-cifra,0,sin-pagina
fig:363,108-50-9,molécula,2,1,con-cifra,0,sin-pagina
fig:364,108-48-5,molécula,2,1,con-cifra,0,sin-pagina
fig:365,7786-44-9,molécula,2,1,con-cifra,0,sin-pagina
fig:366,67674-36-6,molécula,2,1,con-cifra,0,sin-pagina
fig:368,90480-35-6,molécula,2,1,sin-cifra,0,sin-pagina
fig:369,147060-73-9,molécula,2,1,con-cifra,0,sin-pagina
fig:370,38237-00-2,molécula,2,1,sin-cifra,0,sin-pagina
fig:371,576-26-1,molécula,2,1,con-cifra,0,sin-pagina
fig:372,68419-46-5,molécula,2,1,con-cifra,0,sin-pagina
fig:373,84642-57-9,molécula,2,1,sin-cifra,0,sin-pagina
fig:374,94087-23-7,molécula,2,1,con-cifra,0,sin-pagina
fig:376,32974-92-8,molécula,2,1,con-cifra,0,sin-pagina
fig:377,23787-80-6,molécula,2,1,con-cifra,0,sin-pagina
fig:378,1193-79-9,molécula,2,1,con-cifra,0,sin-pagina
fig:379,1122-62-9,molécula,2,1,con-cifra,0,sin-pagina
fig:380,24295-03-2,molécula,2,1,con-cifra,1,con-cifra
fig:381,88-15-3,molécula,2,1,sin-cifra,0,sin-pagina
fig:382,551-93-9,molécula,2,1,sin-cifra,0,sin-pagina
fig:383,4740-79-8,molécula,2,1,sin-cifra,0,sin-pagina
fig:385,92368-90-6,molécula,2,1,sin-cifra,0,sin-pagina
fig:386,20279-25-8,molécula,2,1,con-cifra,0,sin-pagina
fig:387,78-92-2,molécula,2,1,sin-cifra,0,sin-pagina
fig:388,78-93-3,molécula,2,1,con-cifra,0,sin-pagina
fig:389,1129-62-0,molécula,2,0,sin-pagina,0,sin-pagina
fig:390,71048-83-4,molécula,2,0,sin-pagina,0,sin-pagina
fig:391,3724-65-0,molécula,2,1,sin-cifra,0,sin-pagina
fig:393,62062-85-5,molécula,2,1,sin-cifra,0,sin-pagina
fig:394,90-42-6,molécula,2,1,con-cifra,0,sin-pagina
fig:395,4442-79-9,molécula,2,1,con-cifra,0,sin-pagina
fig:396,916887-53-1,molécula,2,1,sin-cifra,0,sin-pagina
fig:398,21835-00-7,molécula,2,1,sin-cifra,0,sin-pagina
fig:399,4884-24-6,molécula,2,1,con-cifra,0,sin-pagina
fig:400,693-54-9,molécula,2,1,con-cifra,0,sin-pagina
fig:401,3913-71-1,molécula,2,1,con-cifra,0,sin-pagina
fig:402,6175-49-1,molécula,2,1,con-cifra,0,sin-pagina
fig:403,4826-62-4,molécula,2,1,con-cifra,0,sin-pagina
fig:406,96840-56-1,molécula,2,1,sin-cifra,0,sin-pagina
fig:409,97-95-0,molécula,2,1,sin-cifra,0,sin-pagina
fig:410,104-76-7,molécula,2,1,con-cifra,0,sin-pagina
fig:411,15707-23-0,molécula,2,1,con-cifra,0,sin-pagina
fig:413,27538-09-6,molécula,2,1,con-cifra,0,sin-pagina
fig:414,27538-10-9,molécula,2,1,con-cifra,0,sin-pagina
fig:415,15679-12-6,molécula,2,1,con-cifra,0,sin-pagina
fig:416,122795-41-9,molécula,2,1,con-cifra,0,sin-pagina
fig:417,13360-64-0,molécula,2,2,sin-cifra,0,sin-pagina
fig:418,10031-87-5,molécula,2,1,con-cifra,0,sin-pagina
fig:419,88-09-5,molécula,2,1,sin-cifra,0,sin-pagina
fig:420,27043-05-6,molécula,2,1,sin-cifra,0,sin-pagina
fig:421,3208-16-0,molécula,2,1,sin-cifra,0,sin-pagina
fig:422,123-05-7,molécula,2,1,sin-cifra,0,sin-pagina
fig:423,103-09-3,molécula,2,1,con-cifra,0,sin-pagina
fig:424,64825-20-3,molécula,2,1,sin-cifra,0,sin-pagina
fig:425,13925-00-3,molécula,2,1,con-cifra,0,sin-pagina
fig:426,564-94-3,molécula,2,1,con-cifra,0,sin-pagina
fig:427,59020-90-5,molécula,2,1,con-cifra,0,sin-pagina
fig:428,1192-62-7,molécula,2,1,con-cifra,0,sin-pagina
fig:429,1392277-05-2,molécula,2,0,sin-pagina,0,sin-pagina
fig:431,1127890-59-8,molécula,2,0,sin-pagina,0,sin-pagina
fig:432,875471-31-1,molécula,2,0,sin-pagina,0,sin-pagina
fig:433,214335-70-3,molécula,2,0,sin-pagina,0,sin-pagina
fig:434,1099648-69-7,molécula,2,0,sin-pagina,0,sin-pagina
fig:435,854737-09-0,molécula,2,0,sin-pagina,0,sin-pagina
fig:436,60335-74-2,molécula,2,0,sin-pagina,0,sin-pagina
fig:438,543-49-7,molécula,2,1,con-cifra,0,sin-pagina
fig:439,110-43-0,molécula,2,1,con-cifra,1,con-cifra
fig:440,5921-82-4,molécula,2,1,sin-cifra,0,sin-pagina
fig:441,4359-57-3,molécula,2,1,con-cifra,0,sin-pagina
fig:442,137-03-1,molécula,2,1,con-cifra,0,sin-pagina
fig:443,39189-74-7,molécula,2,1,sin-cifra,0,sin-pagina
fig:444,2435-16-7,molécula,2,1,con-cifra,0,sin-pagina
fig:445,7541-49-3,molécula,2,1,con-cifra,0,sin-pagina
fig:446,626-93-7,molécula,2,1,con-cifra,0,sin-pagina
fig:447,2305-21-7,molécula,2,1,con-cifra,0,sin-pagina
fig:448,341017-24-1,molécula,2,1,sin-cifra,0,sin-pagina
fig:449,505-57-7,molécula,2,1,sin-cifra,0,sin-pagina
fig:451,1708-34-5,molécula,2,1,con-cifra,0,sin-pagina
fig:452,13074-65-2,molécula,2,1,con-cifra,0,sin-pagina
fig:453,17373-89-6,molécula,2,1,sin-cifra,0,sin-pagina
fig:454,16429-07-5,molécula,2,1,sin-cifra,0,sin-pagina
fig:456,149713-24-6,molécula,2,0,sin-pagina,0,sin-pagina
fig:457,149713-23-5,molécula,2,1,sin-cifra,0,sin-pagina
fig:458,118-93-4,molécula,2,1,con-cifra,0,sin-pagina
fig:460,1984-60-7,molécula,2,1,sin-cifra,0,sin-pagina
fig:461,87-41-2,molécula,2,1,con-cifra,0,sin-pagina
fig:462,24683-00-9,molécula,2,1,con-cifra,0,sin-pagina
fig:463,13925-06-9,molécula,2,1,con-cifra,0,sin-pagina
fig:465,93-19-6,molécula,2,1,con-cifra,0,sin-pagina
fig:466,18640-74-9,molécula,2,1,con-cifra,0,sin-pagina
fig:467,31574-44-4,molécula,2,1,sin-cifra,0,sin-pagina
fig:468,15679-13-7,molécula,2,1,con-cifra,2,ambigua
fig:469,35158-25-9,molécula,2,1,con-cifra,2,con-cifra
fig:470,88-69-7,molécula,2,1,sin-cifra,0,sin-pagina
fig:471,24168-70-5,molécula,2,1,con-cifra,0,sin-pagina
fig:472,25773-40-4,molécula,2,1,con-cifra,0,sin-pagina
fig:473,2847-30-5,molécula,2,2,con-cifra,0,sin-pagina
fig:474,93-51-6,molécula,2,1,sin-cifra,0,sin-pagina
fig:475,2785-87-7,molécula,2,1,sin-cifra,0,sin-pagina
fig:476,7786-61-0,molécula,2,1,con-cifra,0,sin-pagina
fig:477,91-63-4,molécula,2,1,sin-cifra,0,sin-pagina
fig:478,1569-60-4,molécula,2,1,con-cifra,0,sin-pagina
fig:479,623-36-9,molécula,2,1,con-cifra,0,sin-pagina
fig:480,16957-70-3,molécula,2,1,sin-cifra,0,sin-pagina
fig:481,75-65-0,molécula,2,1,sin-cifra,0,sin-pagina
fig:482,68555-63-5,molécula,2,1,con-cifra,0,sin-pagina
fig:484,32737-14-7,molécula,2,1,con-cifra,0,sin-pagina
fig:485,115-18-4,molécula,2,1,con-cifra,0,sin-pagina
fig:486,41496-43-9,molécula,2,2,con-cifra,0,sin-pagina
fig:489,72089-08-8,molécula,2,1,con-cifra,0,sin-pagina
fig:494,103-07-1,molécula,2,1,con-cifra,1,con-cifra
fig:495,10031-71-7,molécula,2,1,con-cifra,0,sin-pagina
fig:496,40654-82-8,molécula,2,1,con-cifra,0,sin-pagina
fig:498,67715-80-4,molécula,2,1,con-cifra,0,sin-pagina
fig:499,13678-59-6,molécula,2,1,sin-cifra,0,sin-pagina
fig:500,25634-93-9,molécula,2,1,con-cifra,0,sin-pagina
fig:501,137-32-6,molécula,2,1,con-cifra,0,sin-pagina
fig:502,2445-78-5,molécula,2,1,con-cifra,1,con-cifra
fig:503,2445-77-4,molécula,2,1,con-cifra,0,sin-pagina
fig:504,624-41-9,molécula,2,1,con-cifra,0,sin-pagina
fig:505,51115-64-1,molécula,2,1,sin-cifra,0,sin-pagina
fig:506,96-17-3,molécula,2,1,con-cifra,0,sin-pagina
fig:508,69300-15-8,molécula,2,1,con-cifra,0,sin-pagina
fig:509,1188-02-9,molécula,2,1,sin-cifra,0,sin-pagina
fig:510,91-57-6,molécula,2,1,sin-cifra,0,sin-pagina
fig:511,7786-29-0,molécula,2,1,con-cifra,0,sin-pagina
fig:512,3142-72-1,molécula,2,1,con-cifra,1,con-cifra
fig:513,1838-88-6,molécula,2,1,sin-cifra,0,sin-pagina
fig:514,123-15-9,molécula,2,1,con-cifra,0,sin-pagina
fig:515,50607-64-2,molécula,2,1,con-cifra,0,sin-pagina
fig:516,90397-38-9,molécula,2,1,con-cifra,0,sin-pagina
fig:517,2445-67-2,molécula,2,1,con-cifra,0,sin-pagina
fig:518,589-59-3,molécula,2,1,con-cifra,0,sin-pagina
fig:519,5461-06-3,molécula,2,1,sin-cifra,0,sin-pagina
fig:520,10588-10-0,molécula,2,1,con-cifra,0,sin-pagina
fig:522,3188-00-9,molécula,2,1,con-cifra,0,sin-pagina
fig:523,80-59-1,molécula,2,1,con-cifra,0,sin-pagina
fig:525,68141-17-3,molécula,2,1,con-cifra,0,sin-pagina
fig:526,24323-25-9,molécula,2,1,sin-cifra,0,sin-pagina
fig:527,97-61-0,molécula,2,1,con-cifra,0,sin-pagina
fig:528,127459-79-4,molécula,2,1,sin-cifra,0,sin-pagina
fig:529,821-55-6,molécula,2,1,con-cifra,0,sin-pagina
fig:530,22104-79-6,molécula,2,1,sin-cifra,0,sin-pagina
fig:531,2463-53-8,molécula,2,1,sin-cifra,0,sin-pagina
fig:532,21963-26-8,molécula,2,1,sin-cifra,0,sin-pagina
fig:533,13257-44-8,molécula,2,1,sin-cifra,2,ambigua
fig:534,123-96-6,molécula,2,1,con-cifra,0,sin-pagina
fig:535,111-13-7,molécula,2,1,con-cifra,1,con-cifra
fig:536,4643-27-0,molécula,2,1,con-cifra,1,con-cifra
fig:537,2363-89-5,molécula,2,1,con-cifra,0,sin-pagina
fig:538,60308-76-1,molécula,2,1,sin-cifra,0,sin-pagina
fig:539,2345-28-0,molécula,2,1,con-cifra,0,sin-pagina
fig:540,6032-29-7,molécula,2,1,sin-cifra,0,sin-pagina
fig:541,107-87-9,molécula,2,1,con-cifra,0,sin-pagina
fig:542,21016-46-6,molécula,2,1,sin-cifra,0,sin-pagina
fig:544,4819-67-4,molécula,2,1,con-cifra,0,sin-pagina
fig:545,3777-69-3,molécula,2,1,con-cifra,0,sin-pagina
fig:546,68141-20-8,molécula,2,1,con-cifra,0,sin-pagina
fig:548,103-60-6,molécula,2,1,con-cifra,1,con-cifra
fig:549,23495-12-7,molécula,2,1,con-cifra,0,sin-pagina
fig:550,4411-89-6,molécula,2,1,con-cifra,0,sin-pagina
fig:551,617-94-7,molécula,2,1,con-cifra,0,sin-pagina
fig:552,67662-96-8,molécula,2,1,con-cifra,0,sin-pagina
fig:553,7460-74-4,molécula,2,1,con-cifra,0,sin-pagina
fig:555,93-53-8,molécula,2,1,sin-cifra,1,con-cifra
fig:556,90-87-9,molécula,2,1,con-cifra,0,sin-pagina
fig:557,2520-60-7,molécula,2,1,con-cifra,0,sin-pagina
fig:558,90530-04-4,molécula,2,1,con-cifra,0,sin-pagina
fig:560,820975-49-3,molécula,2,1,sin-cifra,0,sin-pagina
fig:561,208041-98-9,molécula,2,1,sin-cifra,0,sin-pagina
fig:562,699-02-5,molécula,2,1,con-cifra,0,sin-pagina
fig:564,13491-79-7,molécula,2,2,con-cifra,0,sin-pagina
fig:565,1728-46-7,molécula,2,1,con-cifra,0,sin-pagina
fig:567,21662-13-5,molécula,2,1,con-cifra,0,sin-pagina
fig:568,56767-18-1,molécula,2,1,sin-cifra,0,sin-pagina
fig:569,20407-84-5,molécula,2,1,con-cifra,0,sin-pagina
fig:570,593-08-8,molécula,2,1,con-cifra,0,sin-pagina
fig:571,7774-82-5,molécula,2,1,con-cifra,0,sin-pagina
fig:572,1653-30-1,molécula,2,1,con-cifra,0,sin-pagina
fig:573,112-12-9,molécula,2,1,con-cifra,1,con-cifra
fig:574,2463-77-6,molécula,2,1,con-cifra,0,sin-pagina
fig:575,22629-48-7,molécula,2,1,sin-cifra,0,sin-pagina
fig:577,1577-18-0,molécula,2,1,sin-cifra,0,sin-pagina
fig:578,85508-08-3,molécula,2,1,con-cifra,0,sin-pagina
fig:579,40942-73-2,molécula,2,1,con-cifra,0,sin-pagina
fig:580,68804-00-2,molécula,2,1,sin-cifra,0,sin-pagina
fig:581,68804-02-4,molécula,2,1,con-cifra,0,sin-pagina
fig:582,51414-25-6,molécula,2,1,sin-cifra,0,sin-pagina
fig:584,68084-04-8,molécula,2,1,con-cifra,0,sin-pagina
fig:585,52475-89-5,molécula,2,1,sin-cifra,0,sin-pagina
fig:586,6819-19-8,molécula,2,1,sin-cifra,0,sin-pagina
fig:588,53253-09-1,molécula,2,1,sin-cifra,0,sin-pagina
fig:589,142653-61-0,molécula,2,1,con-cifra,0,sin-pagina
fig:590,59191-78-5,molécula,2,1,con-cifra,0,sin-pagina
fig:591,67801-33-6,molécula,2,1,con-cifra,0,sin-pagina
fig:592,51755-66-9,molécula,2,1,con-cifra,0,sin-pagina
fig:593,51755-85-2,molécula,2,1,con-cifra,0,sin-pagina
fig:594,505-10-2,molécula,2,1,sin-cifra,0,sin-pagina
fig:595,3268-49-3,molécula,2,1,con-cifra,0,sin-pagina
fig:596,62518-65-4,molécula,2,1,sin-cifra,0,sin-pagina
fig:598,130066-44-3,molécula,2,0,sin-pagina,0,sin-pagina
fig:599,7775-00-0,molécula,2,1,con-cifra,0,sin-pagina
fig:600,56107-04-1,molécula,2,1,sin-cifra,0,sin-pagina
fig:601,76649-26-8,molécula,2,1,con-cifra,0,sin-pagina
fig:602,134769-33-8,molécula,2,1,con-cifra,0,sin-pagina
fig:603,124071-42-7,molécula,2,1,sin-cifra,0,sin-pagina
fig:605,67859-96-5,molécula,2,1,con-cifra,0,sin-pagina
fig:606,67583-77-1,molécula,2,1,sin-cifra,0,sin-pagina
fig:608,72429-08-4,molécula,2,1,con-cifra,0,sin-pagina
fig:609,41723-98-2,molécula,2,1,sin-cifra,0,sin-pagina
fig:613,13494-06-9,molécula,2,1,con-cifra,0,sin-pagina
fig:614,632-15-5,molécula,2,1,sin-cifra,0,sin-pagina
fig:615,4437-51-8,molécula,2,1,con-cifra,0,sin-pagina
fig:617,3452-97-9,molécula,2,1,con-cifra,0,sin-pagina
fig:618,116-02-9,molécula,2,1,con-cifra,0,sin-pagina
fig:619,5435-64-3,molécula,2,1,con-cifra,0,sin-pagina
fig:620,58430-94-7,molécula,2,1,con-cifra,1,con-cifra
fig:621,81787-06-6,molécula,2,1,sin-cifra,0,sin-pagina
fig:623,65416-17-3,molécula,2,1,sin-cifra,0,sin-pagina
fig:624,4179-19-5,molécula,2,1,sin-cifra,0,sin-pagina
fig:625,13494-07-0,molécula,2,1,sin-cifra,0,sin-pagina
fig:626,68039-48-5,molécula,2,1,sin-cifra,0,sin-pagina
fig:627,67634-25-7,molécula,2,1,con-cifra,0,sin-pagina
fig:628,67634-16-6,molécula,2,1,con-cifra,0,sin-pagina
fig:629,68213-86-5,molécula,2,1,sin-cifra,0,sin-pagina
fig:630,108-68-9,molécula,2,1,sin-cifra,0,sin-pagina
fig:631,68039-40-7,molécula,2,1,sin-cifra,0,sin-pagina
fig:632,68039-41-8,molécula,2,1,sin-cifra,0,sin-pagina
fig:633,60335-71-9,molécula,2,1,con-cifra,0,sin-pagina
fig:634,67801-65-4,molécula,2,1,sin-cifra,0,sin-pagina
fig:635,60763-42-0,molécula,2,1,con-cifra,0,sin-pagina
fig:637,6753-98-6,molécula,2,1,sin-cifra,0,sin-pagina
fig:640,61931-80-4,molécula,2,1,con-cifra,1,con-cifra
fig:641,106-21-8,molécula,2,2,con-cifra,1,con-cifra
fig:642,20780-49-8,molécula,2,1,con-cifra,0,sin-pagina
fig:644,624-15-7,molécula,2,1,sin-cifra,0,sin-pagina
fig:645,22418-66-2,molécula,2,1,con-cifra,0,sin-pagina
fig:646,55722-59-3,molécula,2,1,sin-cifra,0,sin-pagina
fig:647,18479-54-4,molécula,2,1,con-cifra,0,sin-pagina
fig:648,502-47-6,molécula,2,1,con-cifra,0,sin-pagina
fig:649,41890-92-0,molécula,2,1,con-cifra,1,con-cifra
fig:650,18479-49-7,molécula,2,1,con-cifra,0,sin-pagina
fig:651,18479-51-1,molécula,2,1,con-cifra,1,con-cifra
fig:652,67601-05-2,molécula,2,1,con-cifra,0,sin-pagina
fig:653,141-25-3,molécula,2,1,sin-cifra,0,sin-pagina
fig:654,22460-95-3,molécula,2,1,sin-cifra,0,sin-pagina
fig:655,40188-41-8,molécula,2,1,con-cifra,0,sin-pagina
fig:656,22810-10-2,molécula,2,1,con-cifra,0,sin-pagina
fig:657,831213-72-0,molécula,2,1,con-cifra,0,sin-pagina
fig:658,1315250-65-7,molécula,2,0,sin-pagina,0,sin-pagina
fig:659,1315250-67-9,molécula,2,0,sin-pagina,0,sin-pagina
fig:660,7158-25-0,molécula,2,1,sin-cifra,0,sin-pagina
fig:661,94248-21-2,molécula,2,1,con-cifra,0,sin-pagina
fig:663,68039-45-2,molécula,2,1,sin-cifra,0,sin-pagina
fig:664,68039-39-4,molécula,2,1,con-cifra,0,sin-pagina
fig:665,68039-44-1,molécula,2,1,con-cifra,0,sin-pagina
fig:666,68912-13-0,molécula,2,1,con-cifra,0,sin-pagina
fig:667,53018-24-9,molécula,2,1,con-cifra,0,sin-pagina
fig:668,27135-90-6,molécula,2,1,sin-cifra,0,sin-pagina
fig:669,58096-47-2,molécula,2,1,sin-cifra,0,sin-pagina
fig:670,10599-70-9,molécula,2,1,con-cifra,0,sin-pagina
fig:671,136954-25-1,molécula,2,1,con-cifra,0,sin-pagina
fig:672,350-03-8,molécula,2,1,con-cifra,0,sin-pagina
fig:673,60466-73-1,molécula,2,1,sin-cifra,0,sin-pagina
fig:674,54992-90-4,molécula,2,1,sin-cifra,0,sin-pagina
fig:675,54992-91-5,molécula,2,1,sin-cifra,0,sin-pagina
fig:676,551-08-6,molécula,2,1,con-cifra,0,sin-pagina
fig:677,66848-40-6,molécula,2,1,con-cifra,0,sin-pagina
fig:678,21690-43-7,molécula,2,1,con-cifra,0,sin-pagina
fig:679,815580-59-7,molécula,2,1,sin-cifra,0,sin-pagina
fig:681,166432-53-7,molécula,2,1,sin-cifra,0,sin-pagina
fig:682,10519-33-2,molécula,2,1,con-cifra,0,sin-pagina
fig:683,68083-57-8,molécula,2,1,con-cifra,0,sin-pagina
fig:684,13360-65-1,molécula,2,1,con-cifra,0,sin-pagina
fig:685,13925-07-0,molécula,2,1,con-cifra,0,sin-pagina
fig:686,21835-01-8,molécula,2,1,con-cifra,0,sin-pagina
fig:687,54491-17-7,molécula,2,1,sin-cifra,0,sin-pagina
fig:688,620-17-7,molécula,2,1,sin-cifra,0,sin-pagina
fig:689,536-78-7,molécula,2,1,con-cifra,0,sin-pagina
fig:690,106-35-4,molécula,2,1,con-cifra,0,sin-pagina
fig:691,589-38-8,molécula,2,1,con-cifra,0,sin-pagina
fig:692,86460-54-0,molécula,2,1,sin-cifra,0,sin-pagina
fig:693,851768-51-9,molécula,2,1,sin-cifra,0,sin-pagina
fig:694,544-12-7,molécula,2,1,con-cifra,0,sin-pagina
fig:695,4440-65-7,molécula,2,1,con-cifra,0,sin-pagina
fig:696,888744-18-1,molécula,2,1,sin-cifra,0,sin-pagina
fig:697,292605-05-1,molécula,2,1,con-cifra,0,sin-pagina
fig:698,10094-41-4,molécula,2,1,con-cifra,0,sin-pagina
fig:699,68133-76-6,molécula,2,1,con-cifra,0,sin-pagina
fig:700,42436-07-7,molécula,2,1,con-cifra,0,sin-pagina
fig:701,18436-37-8,molécula,2,1,con-cifra,0,sin-pagina
fig:702,67633-97-0,molécula,2,1,sin-cifra,0,sin-pagina
fig:703,34300-94-2,molécula,2,1,sin-cifra,0,sin-pagina
fig:704,75832-79-0,molécula,2,1,sin-cifra,0,sin-pagina
fig:705,51755-83-0,molécula,2,1,con-cifra,0,sin-pagina
fig:706,136954-20-6,molécula,2,1,con-cifra,0,sin-pagina
fig:707,3209-13-0,molécula,2,1,con-cifra,0,sin-pagina
fig:709,1128-08-1,molécula,2,1,con-cifra,2,ambigua
fig:710,68922-13-4,molécula,2,1,sin-cifra,0,sin-pagina
fig:712,556-82-1,molécula,2,1,con-cifra,0,sin-pagina
fig:713,107-86-8,molécula,2,1,con-cifra,0,sin-pagina
fig:715,5205-11-8,molécula,2,1,con-cifra,0,sin-pagina
fig:717,1193-18-6,molécula,2,1,con-cifra,0,sin-pagina
fig:718,13074-63-0,molécula,2,1,con-cifra,0,sin-pagina
fig:719,5205-07-2,molécula,2,1,con-cifra,0,sin-pagina
fig:720,67801-29-0,molécula,2,1,con-cifra,0,sin-pagina
fig:721,65113-95-3,molécula,2,1,con-cifra,0,sin-pagina
fig:724,93893-89-1,molécula,2,1,sin-cifra,0,sin-pagina
fig:725,54089-83-7,molécula,2,1,con-cifra,0,sin-pagina
fig:727,3720-16-9,molécula,2,1,con-cifra,0,sin-pagina
fig:728,3842-03-3,molécula,2,1,con-cifra,0,sin-pagina
fig:729,19329-89-6,molécula,2,1,sin-cifra,0,sin-pagina
fig:730,10482-55-0,molécula,2,1,con-cifra,0,sin-pagina
fig:731,27625-35-0,molécula,2,1,con-cifra,0,sin-pagina
fig:732,2050-01-3,molécula,2,1,con-cifra,0,sin-pagina
fig:733,2050-09-1,molécula,2,1,con-cifra,0,sin-pagina
fig:734,590-86-3,molécula,2,1,con-cifra,2,con-cifra
fig:735,541-47-9,molécula,2,1,sin-cifra,0,sin-pagina
fig:738,85351-07-1,molécula,2,1,con-cifra,0,sin-pagina
fig:739,105-43-1,molécula,2,1,sin-cifra,0,sin-pagina
fig:740,53082-58-9,molécula,2,1,sin-cifra,0,sin-pagina
fig:741,624-51-1,molécula,2,1,con-cifra,0,sin-pagina
fig:742,925-78-0,molécula,2,1,con-cifra,0,sin-pagina
fig:743,14309-57-0,molécula,2,1,con-cifra,0,sin-pagina
fig:744,589-98-0,molécula,2,1,con-cifra,0,sin-pagina
fig:745,106-68-3,molécula,2,1,con-cifra,1,con-cifra
fig:746,1669-44-9,molécula,2,1,con-cifra,0,sin-pagina
fig:747,4864-61-3,molécula,2,1,con-cifra,0,sin-pagina
fig:748,40785-62-4,molécula,2,1,con-cifra,0,sin-pagina
fig:749,68611-23-4,molécula,2,1,con-cifra,0,sin-pagina
fig:751,7306-12-9,molécula,2,1,con-cifra,0,sin-pagina
fig:753,104-53-0,molécula,2,1,con-cifra,0,sin-pagina
fig:754,501-52-0,molécula,2,1,con-cifra,0,sin-pagina
fig:755,122-72-5,molécula,2,1,con-cifra,0,sin-pagina
fig:756,122-68-9,molécula,2,1,con-cifra,0,sin-pagina
fig:757,103-58-2,molécula,2,1,con-cifra,0,sin-pagina
fig:758,39067-39-5,molécula,2,1,con-cifra,0,sin-pagina
fig:759,17369-59-4,molécula,2,1,sin-cifra,0,sin-pagina
fig:760,31846-06-7,molécula,2,1,sin-cifra,0,sin-pagina
fig:761,23267-57-4,molécula,2,1,con-cifra,0,sin-pagina
fig:762,66072-32-0,molécula,2,1,sin-cifra,0,sin-pagina
fig:764,67801-38-1,molécula,2,1,con-cifra,0,sin-pagina
fig:765,65405-84-7,molécula,2,1,con-cifra,0,sin-pagina
fig:768,55418-52-5,molécula,2,1,con-cifra,0,sin-pagina
fig:769,2057-49-0,molécula,2,1,sin-cifra,0,sin-pagina
fig:771,67634-03-1,molécula,2,1,sin-cifra,0,sin-pagina
fig:772,63449-95-6,molécula,2,1,sin-cifra,0,sin-pagina
fig:776,934534-30-2,molécula,2,1,sin-cifra,0,sin-pagina
fig:777,1338815-87-4,molécula,2,1,sin-cifra,0,sin-pagina
fig:778,129520-41-8,molécula,2,0,sin-pagina,0,sin-pagina
fig:779,1958027-35-4,molécula,2,0,sin-pagina,0,sin-pagina
fig:780,1882830-62-7,molécula,2,0,sin-pagina,0,sin-pagina
fig:781,1882830-61-6,molécula,2,0,sin-pagina,0,sin-pagina
fig:782,1801275-28-4,molécula,2,0,sin-pagina,0,sin-pagina
fig:783,1882830-66-1,molécula,2,0,sin-pagina,0,sin-pagina
fig:784,58096-46-1,molécula,2,1,sin-cifra,0,sin-pagina
fig:785,18096-62-3,molécula,2,1,con-cifra,0,sin-pagina
fig:786,51519-65-4,molécula,2,1,sin-cifra,0,sin-pagina
fig:787,494-90-6,molécula,2,1,con-cifra,0,sin-pagina
fig:788,76788-46-0,molécula,2,1,con-cifra,0,sin-pagina
fig:789,53498-32-1,molécula,2,1,con-cifra,0,sin-pagina
fig:790,28664-35-9,molécula,2,2,con-cifra,2,ambigua
fig:792,36635-35-5,molécula,2,0,sin-pagina,0,sin-pagina
fig:793,74499-58-4,molécula,2,1,sin-cifra,0,sin-pagina
fig:794,6784-08-3,molécula,2,1,sin-cifra,0,sin-pagina
fig:795,68398-18-5,molécula,2,1,con-cifra,0,sin-pagina
fig:797,79771-15-6,molécula,2,1,sin-cifra,0,sin-pagina
fig:798,26912-64-1,molécula,2,1,con-cifra,0,sin-pagina
fig:800,727414-17-7,molécula,2,1,sin-cifra,0,sin-pagina
fig:801,67845-50-5,molécula,2,1,con-cifra,0,sin-pagina
fig:802,71077-31-1,molécula,2,1,sin-cifra,0,sin-pagina
fig:803,40596-76-7,molécula,2,1,sin-cifra,0,sin-pagina
fig:804,4166-20-5,molécula,2,1,con-cifra,0,sin-pagina
fig:805,72207-94-4,molécula,2,1,sin-cifra,0,sin-pagina
fig:808,57371-42-3,molécula,2,1,sin-cifra,0,sin-pagina
fig:809,501-92-8,molécula,2,1,sin-cifra,0,sin-pagina
fig:810,562-74-3,molécula,2,1,con-cifra,0,sin-pagina
fig:812,35720-57-1,molécula,2,1,sin-cifra,0,sin-pagina
fig:813,14595-54-1,molécula,2,1,con-cifra,0,sin-pagina
fig:814,90411-73-7,molécula,2,1,sin-cifra,0,sin-pagina
fig:815,4748-78-1,molécula,2,1,sin-cifra,0,sin-pagina
fig:816,2785-89-9,molécula,2,1,con-cifra,0,sin-pagina
fig:817,1373821-23-8,molécula,2,0,sin-pagina,0,sin-pagina
fig:819,10250-45-0,molécula,2,1,con-cifra,0,sin-pagina
fig:820,123-19-3,molécula,2,1,con-cifra,0,sin-pagina
fig:821,6728-31-0,molécula,2,1,con-cifra,0,sin-pagina
fig:822,18492-65-4,molécula,2,1,con-cifra,0,sin-pagina
fig:823,928-91-6,molécula,2,1,con-cifra,0,sin-pagina
fig:824,58461-27-1,molécula,2,1,con-cifra,0,sin-pagina
fig:825,498-16-8,molécula,2,1,con-cifra,0,sin-pagina
fig:826,97384-47-9,molécula,2,1,sin-cifra,0,sin-pagina
fig:828,3658-77-3,molécula,2,2,con-cifra,1,con-cifra
fig:829,498-02-2,molécula,2,1,con-cifra,0,sin-pagina
fig:831,591-12-8,molécula,2,1,con-cifra,0,sin-pagina
fig:832,123-08-0,molécula,2,1,con-cifra,0,sin-pagina
fig:833,96-48-0,molécula,2,1,con-cifra,0,sin-pagina
fig:834,831-97-0,molécula,2,1,sin-cifra,0,sin-pagina
fig:835,14374-92-6,molécula,2,1,con-cifra,0,sin-pagina
fig:836,6379-73-3,molécula,2,1,con-cifra,0,sin-pagina
fig:837,3583-00-4,molécula,2,1,con-cifra,0,sin-pagina
fig:839,94087-83-9,molécula,2,1,con-cifra,0,sin-pagina
fig:841,2403-58-9,molécula,2,1,sin-cifra,0,sin-pagina
fig:842,100-09-4,molécula,2,1,sin-cifra,0,sin-pagina
fig:843,57094-40-3,molécula,2,1,con-cifra,0,sin-pagina
fig:844,68228-06-8,molécula,2,1,con-cifra,0,sin-pagina
fig:845,67634-23-5,molécula,2,1,con-cifra,0,sin-pagina
fig:846,108-10-1,molécula,2,1,con-cifra,0,sin-pagina
fig:847,26643-91-4,molécula,2,1,con-cifra,0,sin-pagina
fig:849,141-79-7,molécula,2,1,sin-cifra,0,sin-pagina
fig:850,7403-42-1,molécula,2,1,con-cifra,0,sin-pagina
fig:851,137-00-8,molécula,2,1,con-cifra,2,ambigua
fig:852,1759-28-0,molécula,2,1,con-cifra,0,sin-pagina
fig:853,122760-85-4,molécula,2,1,sin-cifra,0,sin-pagina
fig:854,122-00-9,molécula,2,1,con-cifra,1,con-cifra
fig:855,2216-45-7,molécula,2,1,sin-cifra,0,sin-pagina
fig:856,45019-28-1,molécula,2,1,sin-cifra,0,sin-pagina
fig:857,54947-74-9,molécula,2,1,con-cifra,0,sin-pagina
fig:858,646-07-1,molécula,2,1,sin-cifra,0,sin-pagina
fig:859,224031-71-4,molécula,2,1,con-cifra,0,sin-pagina
fig:861,20962-70-3,molécula,2,1,sin-cifra,0,sin-pagina
fig:862,2344-70-9,molécula,2,1,con-cifra,0,sin-pagina
fig:863,17488-65-2,molécula,2,1,sin-cifra,0,sin-pagina
fig:865,2040-10-0,molécula,2,1,con-cifra,0,sin-pagina
fig:868,546-79-2,molécula,2,1,con-cifra,0,sin-pagina
fig:870,72881-27-7,molécula,2,1,sin-cifra,0,sin-pagina
fig:873,67633-92-5,molécula,2,1,con-cifra,0,sin-pagina
fig:874,68259-31-4,molécula,2,1,sin-cifra,0,sin-pagina
fig:875,85700-02-3,molécula,2,0,sin-pagina,0,sin-pagina
fig:876,34413-35-9,molécula,2,1,con-cifra,0,sin-pagina
fig:877,358331-95-0,molécula,2,0,sin-pagina,0,sin-pagina
fig:878,36267-71-7,molécula,2,1,con-cifra,0,sin-pagina
fig:879,943723-15-7,molécula,2,0,sin-pagina,0,sin-pagina
fig:880,85633-08-5,molécula,2,0,sin-pagina,0,sin-pagina
fig:881,85700-01-2,molécula,2,0,sin-pagina,0,sin-pagina
fig:882,85633-07-4,molécula,2,0,sin-pagina,0,sin-pagina
fig:884,762-26-5,molécula,2,1,sin-cifra,0,sin-pagina
fig:885,91482-37-0,molécula,2,2,con-cifra,0,sin-pagina
fig:886,15323-35-0,molécula,2,1,sin-cifra,0,sin-pagina
fig:888,68188-98-7,molécula,2,1,sin-cifra,0,sin-pagina
fig:889,67770-79-0,molécula,2,1,con-cifra,0,sin-pagina
fig:891,259854-71-2,molécula,2,1,sin-cifra,0,sin-pagina
fig:892,259854-70-1,molécula,2,1,con-cifra,1,con-cifra
fig:893,17369-60-7,molécula,2,1,con-cifra,0,sin-pagina
fig:894,104-90-5,molécula,2,1,sin-cifra,0,sin-pagina
fig:895,698-10-2,molécula,2,1,con-cifra,0,sin-pagina
fig:896,73347-77-0,molécula,2,1,sin-cifra,0,sin-pagina
fig:897,23747-48-0,molécula,2,1,con-cifra,0,sin-pagina
fig:898,109-49-9,molécula,2,1,sin-cifra,0,sin-pagina
fig:899,27593-23-3,molécula,2,1,con-cifra,0,sin-pagina
fig:900,10413-18-0,molécula,2,1,sin-cifra,0,sin-pagina
fig:901,25524-95-2,molécula,2,1,con-cifra,0,sin-pagina
fig:902,13679-86-2,molécula,2,1,con-cifra,0,sin-pagina
fig:904,17162-29-7,molécula,2,1,sin-cifra,0,sin-pagina
fig:907,13679-70-4,molécula,2,1,con-cifra,0,sin-pagina
fig:908,38285-49-3,molécula,2,1,con-cifra,0,sin-pagina
fig:909,541-85-5,molécula,2,1,sin-cifra,0,sin-pagina
fig:912,80480-24-6,molécula,2,1,con-cifra,0,sin-pagina
fig:914,13708-12-8,molécula,2,2,con-cifra,0,sin-pagina
fig:915,2277-20-5,molécula,2,1,sin-cifra,0,sin-pagina
fig:916,80639-54-9,molécula,2,0,sin-pagina,0,sin-pagina
fig:917,68959-28-4,molécula,2,1,con-cifra,0,sin-pagina
fig:918,502-69-2,molécula,2,1,con-cifra,0,sin-pagina
fig:919,3796-70-1,molécula,2,2,con-cifra,0,sin-pagina
fig:920,689-67-8,molécula,2,1,con-cifra,0,sin-pagina
fig:921,62406-73-9,molécula,2,1,sin-cifra,0,sin-pagina
fig:925,70214-77-6,molécula,2,1,con-cifra,0,sin-pagina
fig:927,24237-00-1,molécula,2,1,con-cifra,0,sin-pagina
fig:928,26330-65-4,molécula,2,1,sin-cifra,0,sin-pagina
fig:931,135-79-5,molécula,2,1,con-cifra,0,sin-pagina
fig:933,79-70-9,molécula,2,1,con-cifra,0,sin-pagina
fig:934,1604-28-0,molécula,2,1,sin-cifra,0,sin-pagina
fig:937,5949-05-3,molécula,2,1,sin-cifra,0,sin-pagina
fig:939,21661-97-2,molécula,2,1,con-cifra,0,sin-pagina
fig:940,899810-84-5,molécula,2,0,sin-pagina,0,sin-pagina
fig:941,2550-59-6,molécula,2,1,sin-cifra,0,sin-pagina
fig:942,68311-05-7,molécula,2,1,con-cifra,0,sin-pagina
fig:943,53767-86-5,molécula,2,1,sin-cifra,0,sin-pagina
fig:945,55050-40-3,molécula,2,1,sin-cifra,0,sin-pagina
fig:946,53219-21-9,molécula,2,1,sin-cifra,0,sin-pagina
fig:947,207228-93-1,molécula,2,1,sin-cifra,0,sin-pagina
fig:948,67634-06-4,molécula,2,1,sin-cifra,0,sin-pagina
fig:949,57566-26-4,molécula,2,0,sin-pagina,0,sin-pagina
fig:951,84681-92-5,molécula,2,1,con-cifra,0,sin-pagina
fig:953,67845-30-1,molécula,2,1,con-cifra,2,con-cifra
fig:954,39770-04-2,molécula,2,1,sin-cifra,0,sin-pagina
fig:955,58296-81-4,molécula,2,1,con-cifra,0,sin-pagina
fig:956,542-46-1,molécula,2,1,con-cifra,0,sin-pagina
fig:958,35194-30-0,molécula,2,1,sin-cifra,0,sin-pagina
fig:959,39770-05-3,molécula,2,1,con-cifra,0,sin-pagina
fig:960,14436-32-9,molécula,2,1,con-cifra,0,sin-pagina
fig:961,50816-18-7,molécula,2,1,con-cifra,0,sin-pagina
fig:962,68480-06-8,molécula,2,1,con-cifra,0,sin-pagina
fig:963,143-14-6,molécula,2,1,con-cifra,0,sin-pagina
fig:964,131379-26-5,molécula,2,1,sin-cifra,0,sin-pagina
fig:965,362467-67-2,molécula,2,1,sin-cifra,0,sin-pagina
fig:969,75-07-0,molécula,2,1,sin-cifra,0,sin-pagina
fig:970,3390-12-3,molécula,2,1,con-cifra,0,sin-pagina
fig:971,5405-58-3,molécula,2,1,con-cifra,0,sin-pagina
fig:972,28069-74-1,molécula,2,1,con-cifra,0,sin-pagina
fig:973,54484-73-0,molécula,2,1,con-cifra,0,sin-pagina
fig:974,40910-49-4,molécula,2,1,con-cifra,0,sin-pagina
fig:976,72927-85-6,molécula,2,1,sin-cifra,0,sin-pagina
fig:977,122-71-4,molécula,2,1,sin-cifra,0,sin-pagina
fig:978,100-06-1,molécula,2,1,con-cifra,0,sin-pagina
fig:979,236391-76-7,molécula,2,1,con-cifra,1,con-cifra
fig:980,71549-77-4,molécula,2,0,sin-pagina,0,sin-pagina
fig:982,862107-86-6,molécula,2,1,sin-cifra,0,sin-pagina
fig:983,108419-33-6,molécula,2,0,sin-pagina,0,sin-pagina
fig:984,124358-45-8,molécula,2,1,sin-cifra,0,sin-pagina
fig:985,68478-36-4,molécula,2,1,sin-cifra,0,sin-pagina
fig:987,513-86-0,molécula,2,1,con-cifra,2,ambigua
fig:988,1392276-61-7,molécula,2,0,sin-pagina,0,sin-pagina
fig:990,54830-99-8,molécula,2,1,con-cifra,0,sin-pagina
fig:992,600-14-6,molécula,2,1,con-cifra,0,sin-pagina
fig:993,3608-11-5,molécula,2,1,con-cifra,0,sin-pagina
fig:995,85480-47-3,molécula,2,1,sin-cifra,0,sin-pagina
fig:1005,93821-11-5,molécula,2,0,sin-pagina,0,sin-pagina
fig:1006,68526-85-2,molécula,2,1,sin-cifra,0,sin-pagina
fig:1008,130169-57-2,molécula,2,0,sin-pagina,0,sin-pagina
fig:1011,67634-01-9,molécula,2,1,sin-cifra,0,sin-pagina
fig:1013,68901-15-5,molécula,2,1,con-cifra,0,sin-pagina
fig:1015,2051-78-7,molécula,2,1,con-cifra,0,sin-pagina
fig:1016,1866-31-5,molécula,2,3,con-cifra,0,sin-pagina
fig:1017,4728-82-9,molécula,2,1,con-cifra,0,sin-pagina
fig:1019,57856-81-2,molécula,2,1,sin-cifra,0,sin-pagina
fig:1020,2179-57-9,molécula,2,1,sin-cifra,0,sin-pagina
fig:1021,142-19-8,molécula,2,1,con-cifra,0,sin-pagina
fig:1023,4230-97-1,molécula,2,1,con-cifra,0,sin-pagina
fig:1024,7493-74-5,molécula,2,1,sin-cifra,0,sin-pagina
fig:1025,1797-74-6,molécula,2,1,con-cifra,0,sin-pagina
fig:1026,2408-20-0,molécula,2,1,con-cifra,0,sin-pagina
fig:1027,592-88-1,molécula,2,1,sin-cifra,0,sin-pagina
fig:1028,68132-80-9,molécula,2,1,con-cifra,0,sin-pagina
fig:1030,65114-03-6,molécula,2,1,sin-cifra,0,sin-pagina
fig:1032,100-86-7,molécula,2,2,con-cifra,1,con-cifra
fig:1034,10058-43-2,molécula,2,1,con-cifra,0,sin-pagina
fig:1035,67785-77-7,molécula,2,1,con-cifra,0,sin-pagina
fig:1036,43052-87-5,molécula,2,1,sin-cifra,2,ambigua
fig:1037,60763-41-9,molécula,2,1,con-cifra,0,sin-pagina
fig:1038,78605-96-6,molécula,2,0,sin-pagina,0,sin-pagina
fig:1040,91-87-2,molécula,2,1,con-cifra,0,sin-pagina
fig:1041,68527-78-6,molécula,2,1,sin-cifra,0,sin-pagina
fig:1042,101-85-9,molécula,2,1,sin-cifra,0,sin-pagina
fig:1044,7492-44-6,molécula,2,1,sin-cifra,0,sin-pagina
fig:1045,469-61-4,molécula,2,1,sin-cifra,0,sin-pagina
fig:1048,3691-12-1,molécula,2,1,con-cifra,0,sin-pagina
fig:1050,25312-34-9,molécula,2,1,con-cifra,0,sin-pagina
fig:1053,7779-78-4,molécula,2,1,con-cifra,0,sin-pagina
fig:1058,3460-44-4,molécula,2,1,con-cifra,0,sin-pagina
fig:1059,7775-39-5,molécula,2,1,con-cifra,0,sin-pagina
fig:1060,120-45-6,molécula,2,1,con-cifra,1,con-cifra
fig:1061,101-39-3,molécula,2,1,sin-cifra,0,sin-pagina
fig:1062,1504-55-8,molécula,2,1,con-cifra,0,sin-pagina
fig:1065,80-56-8,molécula,2,1,con-cifra,1,con-cifra
fig:1066,705-73-7,molécula,2,1,con-cifra,0,sin-pagina
fig:1068,80-26-2,molécula,2,2,con-cifra,1,con-cifra
fig:1075,71-41-0,molécula,2,1,con-cifra,0,sin-pagina
fig:1076,540-18-1,molécula,2,1,con-cifra,0,sin-pagina
fig:1077,3487-99-8,molécula,2,1,con-cifra,0,sin-pagina
fig:1078,638-49-3,molécula,2,1,con-cifra,0,sin-pagina
fig:1079,540-07-8,molécula,2,1,con-cifra,0,sin-pagina
fig:1080,2445-72-9,molécula,2,1,con-cifra,0,sin-pagina
fig:1081,638-25-5,molécula,2,1,con-cifra,0,sin-pagina
fig:1083,2173-56-0,molécula,2,1,con-cifra,1,con-cifra
fig:1084,67874-72-0,molécula,2,1,con-cifra,1,con-cifra
fig:1088,104-46-1,molécula,2,1,sin-cifra,0,sin-pagina
fig:1094,100-66-3,molécula,2,1,con-cifra,0,sin-pagina
fig:1095,1331-83-5,molécula,2,1,sin-cifra,0,sin-pagina
fig:1096,105-13-5,molécula,2,1,sin-cifra,1,con-cifra
fig:1097,1331-81-3,molécula,2,1,sin-cifra,0,sin-pagina
fig:1098,122-91-8,molécula,2,1,con-cifra,0,sin-pagina
fig:1099,102-17-0,molécula,2,1,con-cifra,0,sin-pagina
fig:1100,7549-33-9,molécula,2,1,con-cifra,0,sin-pagina
fig:1111,68916-62-1,molécula,2,1,con-cifra,0,sin-pagina
fig:1133,8021-39-4,molécula,2,1,con-cifra,0,sin-pagina
fig:1139,1125-88-8,molécula,2,1,con-cifra,0,sin-pagina
fig:1140,37837-44-8,molécula,2,1,con-cifra,0,sin-pagina
fig:1141,2568-25-4,molécula,2,1,con-cifra,0,sin-pagina
fig:1142,2186-92-7,molécula,2,1,con-cifra,0,sin-pagina
fig:1143,637-69-4,molécula,2,1,sin-cifra,0,sin-pagina
fig:1144,68844-97-3,molécula,2,1,sin-cifra,0,sin-pagina
fig:1146,2206-94-2,molécula,2,1,sin-cifra,1,con-cifra
fig:1147,134123-93-6,molécula,2,1,con-cifra,0,sin-pagina
fig:1149,65-85-0,molécula,2,1,con-cifra,0,sin-pagina
fig:1150,67785-76-6,molécula,2,1,con-cifra,0,sin-pagina
fig:1151,111753-60-7,molécula,2,1,con-cifra,0,sin-pagina
fig:1152,14735-72-9,molécula,2,1,con-cifra,0,sin-pagina
fig:1153,144761-91-1,molécula,2,1,sin-cifra,0,sin-pagina
fig:1154,68039-34-9,molécula,2,1,sin-cifra,0,sin-pagina
fig:1155,111753-62-9,molécula,2,1,con-cifra,0,sin-pagina
fig:1156,873888-84-7,molécula,2,1,sin-cifra,0,sin-pagina
fig:1157,51115-63-0,molécula,2,1,con-cifra,0,sin-pagina
fig:1158,22717-57-3,molécula,2,1,sin-cifra,0,sin-pagina
fig:1160,96682-10-9,molécula,2,1,sin-cifra,0,sin-pagina
fig:1161,119-53-9,molécula,2,1,con-cifra,0,sin-pagina
fig:1170,100-47-0,molécula,2,1,sin-cifra,0,sin-pagina
fig:1171,119-61-9,molécula,2,1,con-cifra,2,ambigua
fig:1173,2094-69-1,molécula,2,1,sin-cifra,0,sin-pagina
fig:1174,2051-96-9,molécula,2,1,con-cifra,0,sin-pagina
fig:1175,56423-40-6,molécula,2,1,con-cifra,0,sin-pagina
fig:1177,2550-26-7,molécula,2,1,con-cifra,0,sin-pagina
fig:1180,103-37-7,molécula,2,1,con-cifra,1,con-cifra
fig:1181,103-41-3,molécula,2,1,sin-cifra,2,ambigua
fig:1182,104-57-4,molécula,2,1,con-cifra,1,con-cifra
fig:1183,6938-45-0,molécula,2,1,con-cifra,0,sin-pagina
fig:1184,122-73-6,molécula,2,1,con-cifra,0,sin-pagina
fig:1185,103-28-6,molécula,2,1,con-cifra,0,sin-pagina
fig:1186,103-38-8,molécula,2,1,con-cifra,0,sin-pagina
fig:1187,140-25-0,molécula,2,1,con-cifra,0,sin-pagina
fig:1188,100-53-8,molécula,2,1,sin-cifra,0,sin-pagina
fig:1189,538-86-3,molécula,2,1,con-cifra,0,sin-pagina
fig:1190,10276-85-4,molécula,2,1,con-cifra,0,sin-pagina
fig:1191,102-16-9,molécula,2,1,con-cifra,0,sin-pagina
fig:1192,122-63-4,molécula,2,2,con-cifra,1,con-cifra
fig:1194,37526-88-8,molécula,2,1,con-cifra,0,sin-pagina
fig:1195,10361-39-4,molécula,2,1,con-cifra,0,sin-pagina
fig:1196,622-78-6,molécula,2,1,sin-cifra,0,sin-pagina
fig:1204,87-44-5,molécula,2,1,con-cifra,1,con-cifra
fig:1205,18794-84-8,molécula,2,1,con-cifra,0,sin-pagina
fig:1206,88-84-6,molécula,2,1,con-cifra,0,sin-pagina
fig:1207,22029-76-1,molécula,2,1,con-cifra,0,sin-pagina
fig:1209,22030-19-9,molécula,2,1,con-cifra,0,sin-pagina
fig:1211,1123-85-9,molécula,2,1,con-cifra,0,sin-pagina
fig:1212,63449-68-3,molécula,2,1,con-cifra,0,sin-pagina
fig:1213,93-18-5,molécula,2,2,con-cifra,2,ambigua
fig:1214,2173-57-1,molécula,2,1,con-cifra,0,sin-pagina
fig:1215,93-04-9,molécula,2,2,con-cifra,2,ambigua
fig:1216,514-51-2,molécula,2,1,sin-cifra,0,sin-pagina
fig:1217,555-10-2,molécula,2,1,con-cifra,0,sin-pagina
fig:1218,127-91-3,molécula,2,1,con-cifra,1,con-cifra
fig:1219,60066-88-8,molécula,2,1,con-cifra,0,sin-pagina
fig:1220,464-48-2,molécula,2,1,con-cifra,0,sin-pagina
fig:1222,55066-54-1,molécula,2,1,sin-cifra,0,sin-pagina
fig:1223,137255-07-3,molécula,2,1,sin-cifra,0,sin-pagina
fig:1224,67800-86-6,molécula,2,1,sin-cifra,0,sin-pagina
fig:1225,862111-34-0,molécula,2,1,sin-cifra,0,sin-pagina
fig:1226,4747-61-9,molécula,2,1,sin-cifra,0,sin-pagina
fig:1227,30897-75-7,molécula,2,1,con-cifra,0,sin-pagina
fig:1228,1196-01-6,molécula,2,1,con-cifra,0,sin-pagina
fig:1229,216970-21-7,molécula,2,1,sin-cifra,0,sin-pagina
fig:1230,92-52-4,molécula,2,1,sin-cifra,0,sin-pagina
fig:1232,26160-83-8,molécula,2,1,sin-cifra,0,sin-pagina
fig:1233,1618-26-4,molécula,2,1,sin-cifra,0,sin-pagina
fig:1234,495-62-5,molécula,2,1,con-cifra,0,sin-pagina
fig:1235,507-70-0,molécula,2,1,con-cifra,2,ambigua
fig:1236,76-49-3,molécula,2,1,con-cifra,0,sin-pagina
fig:1237,76-50-6,molécula,2,1,con-cifra,0,sin-pagina
fig:1248,155514-23-1,molécula,2,0,sin-pagina,0,sin-pagina
fig:1249,1266606-26-1,molécula,2,0,sin-pagina,0,sin-pagina
fig:1250,68039-26-9,molécula,2,1,con-cifra,0,sin-pagina
fig:1251,34322-08-2,molécula,2,1,sin-cifra,0,sin-pagina
fig:1252,113889-23-9,molécula,2,1,con-cifra,0,sin-pagina
fig:1253,91745-88-9,molécula,2,1,sin-cifra,0,sin-pagina
fig:1254,97926-23-3,molécula,2,1,sin-cifra,0,sin-pagina
fig:1255,109-42-2,molécula,2,1,con-cifra,0,sin-pagina
fig:1256,7785-66-2,molécula,2,1,con-cifra,0,sin-pagina
fig:1257,7785-64-0,molécula,2,1,con-cifra,0,sin-pagina
fig:1258,6297-41-2,molécula,2,1,con-cifra,1,con-cifra
fig:1259,123-86-4,molécula,2,1,con-cifra,0,sin-pagina
fig:1260,71-36-3,molécula,2,1,con-cifra,0,sin-pagina
fig:1261,7756-96-9,molécula,2,1,con-cifra,0,sin-pagina
fig:1262,136-60-7,molécula,2,1,con-cifra,0,sin-pagina
fig:1263,109-21-7,molécula,2,1,con-cifra,1,con-cifra
fig:1264,7492-70-8,molécula,2,1,con-cifra,0,sin-pagina
fig:1265,538-65-8,molécula,2,1,con-cifra,0,sin-pagina
fig:1266,592-84-7,molécula,2,1,con-cifra,0,sin-pagina
fig:1267,626-82-4,molécula,2,1,con-cifra,0,sin-pagina
fig:1268,97-87-0,molécula,2,1,con-cifra,0,sin-pagina
fig:1269,109-19-3,molécula,2,1,con-cifra,1,con-cifra
fig:1271,2052-15-5,molécula,2,1,con-cifra,0,sin-pagina
fig:1272,589-75-3,molécula,2,1,con-cifra,0,sin-pagina
fig:1273,122-43-0,molécula,2,1,con-cifra,0,sin-pagina
fig:1274,590-01-2,molécula,2,1,con-cifra,0,sin-pagina
fig:1275,2052-14-4,molécula,2,2,con-cifra,0,sin-pagina
fig:1277,123-72-8,molécula,2,1,sin-cifra,0,sin-pagina
fig:1278,107-92-6,molécula,2,1,con-cifra,0,sin-pagina
fig:1288,29350-73-0,molécula,2,1,con-cifra,0,sin-pagina
fig:1296,79-92-5,molécula,2,1,con-cifra,0,sin-pagina
fig:1301,97675-54-2,molécula,2,3,sin-cifra,0,sin-pagina
fig:1304,67643-70-3,molécula,2,1,sin-cifra,0,sin-pagina
fig:1319,499-75-2,molécula,2,1,con-cifra,0,sin-pagina
fig:1320,99-48-9,molécula,2,1,con-cifra,0,sin-pagina
fig:1321,97-42-7,molécula,2,1,con-cifra,0,sin-pagina
fig:1322,97-45-0,molécula,2,1,con-cifra,0,sin-pagina
fig:1323,57082-24-3,molécula,2,1,con-cifra,0,sin-pagina
fig:1324,75975-83-6,molécula,2,1,sin-cifra,0,sin-pagina
fig:1325,32214-91-8,molécula,2,1,con-cifra,1,con-cifra
fig:1326,1139-30-6,molécula,2,1,con-cifra,0,sin-pagina
fig:1342,871465-49-5,molécula,2,1,sin-cifra,0,sin-pagina
fig:1371,13567-39-0,molécula,2,1,con-cifra,0,sin-pagina
fig:1372,11028-42-5,molécula,2,1,sin-cifra,0,sin-pagina
fig:1373,28231-03-0,molécula,2,1,con-cifra,0,sin-pagina
fig:1374,30960-39-5,molécula,2,1,con-cifra,0,sin-pagina
fig:1375,1405-92-1,molécula,2,1,con-cifra,1,con-cifra
fig:1376,39900-38-4,molécula,2,1,con-cifra,0,sin-pagina
fig:1380,39900-38-4,molécula,2,1,con-cifra,0,sin-pagina
fig:1381,67874-81-1,molécula,2,1,con-cifra,0,sin-pagina
fig:1397,104-55-2,molécula,2,1,sin-cifra,2,ambigua
fig:1398,621-82-9,molécula,2,1,con-cifra,0,sin-pagina
fig:1399,4364-06-1,molécula,2,1,sin-cifra,0,sin-pagina
fig:1407,4360-47-8,molécula,2,1,sin-cifra,1,con-cifra
fig:1408,103-54-8,molécula,2,2,con-cifra,1,con-cifra
fig:1410,5320-75-2,molécula,2,1,con-cifra,0,sin-pagina
fig:1411,103-61-7,molécula,2,1,con-cifra,0,sin-pagina
fig:1412,122-69-0,molécula,2,1,con-cifra,0,sin-pagina
fig:1413,104-65-4,molécula,2,1,con-cifra,0,sin-pagina
fig:1414,103-59-3,molécula,2,1,con-cifra,0,sin-pagina
fig:1415,140-27-2,molécula,2,1,con-cifra,0,sin-pagina
fig:1417,103-56-0,molécula,2,1,con-cifra,0,sin-pagina
fig:1418,71660-03-2,molécula,2,1,sin-cifra,0,sin-pagina
fig:1419,23726-94-5,molécula,2,1,sin-cifra,0,sin-pagina
fig:1421,7214-18-8,molécula,2,1,sin-cifra,0,sin-pagina
fig:1423,933-48-2,molécula,2,1,con-cifra,0,sin-pagina
fig:1424,1576-78-9,molécula,2,1,con-cifra,0,sin-pagina
fig:1426,6789-80-6,molécula,2,1,con-cifra,0,sin-pagina
fig:1427,928-96-1,molécula,2,1,con-cifra,2,ambigua
fig:1428,65405-76-7,molécula,2,1,con-cifra,0,sin-pagina
fig:1429,25152-85-6,molécula,2,2,con-cifra,1,con-cifra
fig:1430,16491-36-4,molécula,2,1,con-cifra,2,ambigua
fig:1431,68133-75-5,molécula,2,1,con-cifra,0,sin-pagina
fig:1432,61444-38-0,molécula,2,1,con-cifra,0,sin-pagina
fig:1433,33467-73-1,molécula,2,1,con-cifra,0,sin-pagina
fig:1434,31501-11-8,molécula,2,1,con-cifra,1,con-cifra
fig:1435,41519-23-7,molécula,2,1,con-cifra,0,sin-pagina
fig:1436,35154-45-1,molécula,2,1,con-cifra,0,sin-pagina
fig:1437,61931-81-5,molécula,2,1,con-cifra,0,sin-pagina
fig:1439,33467-74-2,molécula,2,2,con-cifra,0,sin-pagina
fig:1440,65405-77-8,molécula,2,2,con-cifra,2,ambigua
fig:1441,67883-79-8,molécula,2,1,con-cifra,0,sin-pagina
fig:1442,35852-46-1,molécula,2,1,con-cifra,0,sin-pagina
fig:1443,10340-23-5,molécula,2,1,con-cifra,0,sin-pagina
fig:1444,13049-88-2,molécula,2,1,sin-cifra,0,sin-pagina
fig:1445,20125-84-2,molécula,2,1,con-cifra,0,sin-pagina
fig:1446,94134-03-9,molécula,2,1,con-cifra,0,sin-pagina
fig:1449,57074-37-0,molécula,2,1,con-cifra,0,sin-pagina
fig:1450,4634-89-3,molécula,2,1,sin-cifra,0,sin-pagina
fig:1451,10411-92-4,molécula,2,1,sin-cifra,0,sin-pagina
fig:1452,64275-73-6,molécula,2,1,con-cifra,0,sin-pagina
fig:1453,41547-22-2,molécula,2,1,con-cifra,0,sin-pagina
fig:1454,35854-86-5,molécula,2,1,con-cifra,0,sin-pagina
fig:1455,2277-19-2,molécula,2,1,con-cifra,0,sin-pagina
fig:1456,115-71-9,molécula,2,1,con-cifra,0,sin-pagina
fig:1457,77-42-9,molécula,2,1,con-cifra,0,sin-pagina
fig:1458,3338-55-4,molécula,2,1,con-cifra,0,sin-pagina
fig:1459,488-10-8,molécula,2,1,con-cifra,2,ambigua
fig:1460,5989-33-3,molécula,2,1,con-cifra,1,con-cifra
fig:1461,65418-69-1,molécula,2,0,sin-pagina,0,sin-pagina
fig:1469,5392-40-5,molécula,2,3,sin-cifra,2,ambigua
fig:1470,7492-66-2,molécula,2,1,con-cifra,1,con-cifra
fig:1471,7549-37-3,molécula,2,2,con-cifra,0,sin-pagina
fig:1472,10444-50-5,molécula,2,1,con-cifra,0,sin-pagina
fig:1473,67801-47-2,molécula,2,1,con-cifra,0,sin-pagina
fig:1481,106-23-0,molécula,2,1,sin-cifra,2,ambigua
fig:1482,67845-42-5,molécula,2,1,con-cifra,0,sin-pagina
fig:1484,150-84-5,molécula,2,2,con-cifra,1,con-cifra
fig:1485,141-16-2,molécula,2,1,con-cifra,0,sin-pagina
fig:1486,68039-38-3,molécula,2,1,con-cifra,0,sin-pagina
fig:1487,60788-25-2,molécula,2,1,con-cifra,0,sin-pagina
fig:1488,105-85-1,molécula,2,1,con-cifra,1,con-cifra
fig:1489,10580-25-3,molécula,2,1,con-cifra,0,sin-pagina
fig:1490,97-89-2,molécula,2,1,con-cifra,0,sin-pagina
fig:1491,68922-10-1,molécula,2,1,con-cifra,0,sin-pagina
fig:1492,51566-62-2,molécula,2,2,con-cifra,1,con-cifra
fig:1493,139-70-8,molécula,2,1,con-cifra,0,sin-pagina
fig:1495,24717-85-9,molécula,2,1,con-cifra,0,sin-pagina
fig:1496,7540-53-6,molécula,2,1,con-cifra,0,sin-pagina
fig:1535,1319-77-3,molécula,2,1,con-cifra,0,sin-pagina
fig:1541,1335-44-0,molécula,2,1,con-cifra,0,sin-pagina
fig:1542,122-03-2,molécula,2,1,sin-cifra,0,sin-pagina
fig:1543,13816-33-6,molécula,2,1,con-cifra,0,sin-pagina
fig:1545,91-50-9,molécula,2,1,con-cifra,0,sin-pagina
fig:1547,59052-82-3,molécula,2,1,con-cifra,0,sin-pagina
fig:1548,5120-20-7,molécula,2,0,sin-pagina,0,sin-pagina
fig:1549,3100-36-5,molécula,2,1,con-cifra,0,sin-pagina
fig:1550,5365-06-0,molécula,2,0,sin-pagina,0,sin-pagina
fig:1551,2550-52-9,molécula,2,1,con-cifra,0,sin-pagina
fig:1552,88642-03-9,molécula,2,1,sin-cifra,0,sin-pagina
fig:1553,33880-83-0,molécula,2,1,con-cifra,0,sin-pagina
fig:1554,99-82-1,molécula,2,1,sin-cifra,0,sin-pagina
fig:1555,181258-87-7,molécula,2,1,con-cifra,0,sin-pagina
fig:1556,181258-89-9,molécula,2,1,sin-cifra,0,sin-pagina
fig:1557,68845-33-0,molécula,2,1,sin-cifra,0,sin-pagina
fig:1558,5292-21-7,molécula,2,1,sin-cifra,0,sin-pagina
fig:1559,2511-00-4,molécula,2,1,con-cifra,0,sin-pagina
fig:1560,23059-38-3,molécula,2,1,sin-cifra,0,sin-pagina
fig:1561,23250-42-2,molécula,2,1,sin-cifra,0,sin-pagina
fig:1562,22471-55-2,molécula,2,1,con-cifra,0,sin-pagina
fig:1563,7605-52-9,molécula,2,0,sin-pagina,0,sin-pagina
fig:1564,4802-20-4,molécula,2,1,sin-cifra,0,sin-pagina
fig:1565,21722-83-8,molécula,2,1,con-cifra,0,sin-pagina
fig:1566,68480-15-9,molécula,2,1,sin-cifra,0,sin-pagina
fig:1567,20009-20-5,molécula,2,1,sin-cifra,0,sin-pagina
fig:1568,95851-08-4,molécula,2,1,sin-cifra,0,sin-pagina
fig:1569,60241-52-3,molécula,2,1,sin-cifra,0,sin-pagina
fig:1570,699-61-6,molécula,2,1,sin-cifra,0,sin-pagina
fig:1571,108-93-0,molécula,2,1,sin-cifra,0,sin-pagina
fig:1572,23950-98-3,molécula,2,1,sin-cifra,0,sin-pagina
fig:1573,38649-18-2,molécula,2,1,sin-cifra,0,sin-pagina
fig:1574,2230-87-7,molécula,2,1,sin-cifra,0,sin-pagina
fig:1575,830322-14-0,molécula,2,1,sin-cifra,0,sin-pagina
fig:1576,108-94-1,molécula,2,1,sin-cifra,0,sin-pagina
fig:1577,6413-26-9,molécula,2,1,con-cifra,0,sin-pagina
fig:1578,1670-47-9,molécula,2,1,con-cifra,0,sin-pagina
fig:1579,59471-80-6,molécula,2,1,con-cifra,0,sin-pagina
fig:1580,55739-89-4,molécula,2,1,sin-cifra,0,sin-pagina
fig:1581,5524-05-0,molécula,2,1,con-cifra,0,sin-pagina
fig:1582,19096-86-7,molécula,2,1,sin-cifra,0,sin-pagina
fig:1583,68084-52-6,molécula,2,0,sin-pagina,0,sin-pagina
fig:1584,622-45-7,molécula,2,1,con-cifra,0,sin-pagina
fig:1585,1551-44-6,molécula,2,1,con-cifra,0,sin-pagina
fig:1586,65405-69-8,molécula,2,1,sin-cifra,0,sin-pagina
fig:1588,42288-75-5,molécula,2,1,con-cifra,0,sin-pagina
fig:1589,25485-88-5,molécula,2,1,con-cifra,0,sin-pagina
fig:1592,1266606-13-6,molécula,2,0,sin-pagina,0,sin-pagina
fig:1593,72402-00-7,molécula,2,1,sin-cifra,0,sin-pagina
fig:1594,94346-09-5,molécula,2,1,con-cifra,0,sin-pagina
fig:1595,1245725-35-2,molécula,2,0,sin-pagina,0,sin-pagina
fig:1596,34686-67-4,molécula,2,1,con-cifra,0,sin-pagina
fig:1597,120-92-3,molécula,2,1,con-cifra,0,sin-pagina
fig:1598,188570-78-7,molécula,2,1,con-cifra,0,sin-pagina
fig:1599,477218-42-1,molécula,2,1,sin-cifra,0,sin-pagina
fig:1600,676532-44-8,molécula,2,0,sin-pagina,0,sin-pagina
fig:1602,94333-69-4,molécula,2,1,sin-cifra,0,sin-pagina
fig:1603,84238-19-7,molécula,2,1,con-cifra,1,con-cifra
fig:1609,69-79-4,molécula,2,1,sin-cifra,0,sin-pagina
fig:1610,491-07-6,molécula,2,1,con-cifra,0,sin-pagina
fig:1611,7705-14-8,molécula,2,0,sin-pagina,0,sin-pagina
fig:1612,1490-04-6,molécula,2,1,con-cifra,0,sin-pagina
fig:1613,63187-91-7,molécula,2,1,sin-cifra,0,sin-pagina
fig:1614,59-51-8,molécula,2,1,sin-cifra,0,sin-pagina
fig:1615,7785-70-8,molécula,2,1,con-cifra,0,sin-pagina
fig:1616,7785-53-7,molécula,2,1,con-cifra,0,sin-pagina
fig:1617,1195-92-2,molécula,2,1,sin-cifra,0,sin-pagina
fig:1618,7785-54-8,molécula,2,1,sin-cifra,0,sin-pagina
fig:1620,464-49-3,molécula,2,1,con-cifra,2,ambigua
fig:1621,2244-16-8,molécula,2,2,sin-cifra,0,sin-pagina
fig:1623,825-51-4,molécula,2,1,con-cifra,0,sin-pagina
fig:1624,10519-11-6,molécula,2,1,con-cifra,0,sin-pagina
fig:1625,10519-12-7,molécula,2,1,con-cifra,0,sin-pagina
fig:1626,68480-11-5,molécula,2,1,con-cifra,0,sin-pagina
fig:1628,7779-41-1,molécula,2,1,con-cifra,0,sin-pagina
fig:1629,67874-67-3,molécula,2,1,con-cifra,0,sin-pagina
fig:1630,1975-78-6,molécula,2,1,con-cifra,0,sin-pagina
fig:1631,334-48-5,molécula,2,1,con-cifra,0,sin-pagina
fig:1632,112-17-4,molécula,2,1,con-cifra,0,sin-pagina
fig:1633,7289-52-3,molécula,2,1,con-cifra,0,sin-pagina
fig:1634,5454-19-3,molécula,2,1,con-cifra,0,sin-pagina
fig:1639,57378-68-4,molécula,2,1,sin-cifra,0,sin-pagina
fig:1640,13466-78-9,molécula,2,1,con-cifra,0,sin-pagina
fig:1641,705-86-2,molécula,2,1,con-cifra,0,sin-pagina
fig:1642,713-95-1,molécula,2,1,con-cifra,0,sin-pagina
fig:1643,823-22-3,molécula,2,1,con-cifra,0,sin-pagina
fig:1644,698-76-0,molécula,2,1,con-cifra,0,sin-pagina
fig:1645,2721-22-4,molécula,2,1,con-cifra,0,sin-pagina
fig:1646,710-04-3,molécula,2,2,con-cifra,0,sin-pagina
fig:1647,4695-62-9,molécula,2,1,con-cifra,0,sin-pagina
fig:1648,431-03-8,molécula,2,1,sin-cifra,2,ambigua
fig:1649,103-50-4,molécula,2,1,sin-cifra,0,sin-pagina
fig:1651,96-22-0,molécula,2,1,sin-cifra,0,sin-pagina
fig:1652,105-53-3,molécula,2,1,con-cifra,1,con-cifra
fig:1655,19139-31-2,molécula,2,1,con-cifra,0,sin-pagina
fig:1656,32480-08-3,molécula,2,1,sin-cifra,0,sin-pagina
fig:1657,26252-11-9,molécula,2,1,sin-cifra,0,sin-pagina
fig:1658,13720-12-2,molécula,2,1,con-cifra,0,sin-pagina
fig:1660,31499-72-6,molécula,2,1,con-cifra,0,sin-pagina
fig:1661,498-81-7,molécula,2,1,con-cifra,0,sin-pagina
fig:1662,80-25-1,molécula,2,1,con-cifra,1,con-cifra
fig:1663,3293-47-8,molécula,2,1,con-cifra,0,sin-pagina
fig:1665,619-01-2,molécula,2,1,con-cifra,0,sin-pagina
fig:1666,38049-26-2,molécula,2,1,sin-cifra,0,sin-pagina
fig:1667,20777-49-5,molécula,2,1,con-cifra,1,con-cifra
fig:1668,119-84-6,molécula,2,1,sin-cifra,1,con-cifra
fig:1670,95-41-0,molécula,2,1,con-cifra,0,sin-pagina
fig:1671,2436-90-0,molécula,2,1,con-cifra,0,sin-pagina
fig:1673,53767-93-4,molécula,2,1,con-cifra,0,sin-pagina
fig:1674,20489-53-6,molécula,2,1,sin-cifra,0,sin-pagina
fig:1675,473-55-2,molécula,2,1,sin-cifra,0,sin-pagina
fig:1676,94-58-6,molécula,2,1,sin-cifra,0,sin-pagina
fig:1677,58985-18-5,molécula,2,1,con-cifra,0,sin-pagina
fig:1682,624-92-0,molécula,2,1,sin-cifra,0,sin-pagina
fig:1683,106-65-0,molécula,2,1,con-cifra,0,sin-pagina
fig:1684,75-18-3,molécula,2,1,sin-cifra,1,con-cifra
fig:1685,3658-80-8,molécula,2,1,sin-cifra,0,sin-pagina
fig:1686,68737-61-1,molécula,2,1,sin-cifra,0,sin-pagina
fig:1688,532-87-6,molécula,2,1,sin-cifra,0,sin-pagina
fig:1690,101-81-5,molécula,2,1,con-cifra,0,sin-pagina
fig:1691,629-19-6,molécula,2,1,sin-cifra,0,sin-pagina
fig:1692,21368-68-3,molécula,2,1,sin-cifra,0,sin-pagina
fig:1694,5989-27-5,molécula,2,1,con-cifra,1,con-cifra
fig:1695,126-90-9,molécula,2,1,con-cifra,0,sin-pagina
fig:1697,1074-95-9,molécula,2,0,sin-pagina,0,sin-pagina
fig:1698,29066-34-0,molécula,2,1,sin-cifra,0,sin-pagina
fig:1699,3623-51-6,molécula,2,1,sin-cifra,0,sin-pagina
fig:1700,15356-60-2,molécula,2,1,sin-cifra,0,sin-pagina
fig:1702,14620-52-1,molécula,2,1,con-cifra,0,sin-pagina
fig:1704,68527-06-0,molécula,2,1,con-cifra,0,sin-pagina
fig:1705,6283-92-7,molécula,2,1,sin-cifra,0,sin-pagina
fig:1706,6091-50-5,molécula,2,1,con-cifra,0,sin-pagina
fig:1715,639-99-6,molécula,2,1,con-cifra,0,sin-pagina
fig:1716,28462-85-3,molécula,2,1,con-cifra,0,sin-pagina
fig:1717,5579-78-2,molécula,2,3,sin-cifra,0,sin-pagina
fig:1718,140-67-0,molécula,2,1,sin-cifra,2,ambigua
fig:1719,111850-00-1,molécula,2,1,con-cifra,0,sin-pagina
fig:1720,854737-10-3,molécula,2,0,sin-pagina,0,sin-pagina
fig:1721,32669-00-4,molécula,2,1,sin-cifra,0,sin-pagina
fig:1722,70801-04-6,molécula,2,1,sin-cifra,0,sin-pagina
fig:1723,185429-83-8,molécula,2,1,sin-cifra,0,sin-pagina
fig:1724,80657-64-3,molécula,2,1,con-cifra,0,sin-pagina
fig:1725,80623-07-0,molécula,2,1,con-cifra,0,sin-pagina
fig:1726,26553-46-8,molécula,2,1,sin-cifra,0,sin-pagina
fig:1727,687-47-8,molécula,2,1,sin-cifra,0,sin-pagina
fig:1728,67028-40-4,molécula,2,1,con-cifra,0,sin-pagina
fig:1729,692-86-4,molécula,2,1,con-cifra,0,sin-pagina
fig:1730,97-41-6,molécula,2,1,con-cifra,0,sin-pagina
fig:1731,77851-07-1,molécula,2,1,con-cifra,0,sin-pagina
fig:1733,78417-28-4,molécula,2,1,con-cifra,0,sin-pagina
fig:1734,6290-17-1,molécula,2,2,con-cifra,1,con-cifra
fig:1736,68228-09-1,molécula,2,1,con-cifra,0,sin-pagina
fig:1737,94108-09-5,molécula,2,1,con-cifra,0,sin-pagina
fig:1738,94333-50-3,molécula,2,1,sin-cifra,0,sin-pagina
fig:1739,57934-97-1,molécula,2,1,con-cifra,1,con-cifra
fig:1741,29214-60-6,molécula,2,1,con-cifra,0,sin-pagina
fig:1742,19788-49-9,molécula,2,1,con-cifra,0,sin-pagina
fig:1743,7335-26-4,molécula,2,1,con-cifra,0,sin-pagina
fig:1744,64988-06-3,molécula,2,1,con-cifra,0,sin-pagina
fig:1746,55514-48-2,molécula,2,1,sin-cifra,0,sin-pagina
fig:1747,60523-21-9,molécula,2,1,con-cifra,0,sin-pagina
fig:1748,1617-23-8,molécula,2,1,con-cifra,0,sin-pagina
fig:1749,59151-19-8,molécula,2,1,con-cifra,0,sin-pagina
fig:1750,53399-81-8,molécula,2,1,con-cifra,0,sin-pagina
fig:1751,7452-79-1,molécula,2,1,con-cifra,2,ambigua
fig:1753,67801-64-3,molécula,2,1,con-cifra,0,sin-pagina
fig:1754,10031-90-0,molécula,2,1,con-cifra,0,sin-pagina
fig:1755,67707-75-9,molécula,2,1,con-cifra,0,sin-pagina
fig:1756,13058-12-3,molécula,2,1,sin-cifra,0,sin-pagina
fig:1757,2396-83-0,molécula,2,1,con-cifra,0,sin-pagina
fig:1758,5764-85-2,molécula,2,1,con-cifra,0,sin-pagina
fig:1759,5405-41-4,molécula,2,1,con-cifra,0,sin-pagina
fig:1761,13327-56-5,molécula,2,1,con-cifra,0,sin-pagina
fig:1762,121-39-1,molécula,2,1,con-cifra,0,sin-pagina
fig:1763,2021-28-5,molécula,2,1,con-cifra,0,sin-pagina
fig:1764,1968-40-7,molécula,2,1,con-cifra,0,sin-pagina
fig:1765,35044-58-7,molécula,2,1,sin-cifra,0,sin-pagina
fig:1767,141-97-9,molécula,2,2,con-cifra,1,con-cifra
fig:1768,87-25-2,molécula,2,1,con-cifra,1,con-cifra
fig:1769,93-89-0,molécula,2,1,con-cifra,2,ambigua
fig:1770,94-02-0,molécula,2,1,con-cifra,0,sin-pagina
fig:1771,105-54-4,molécula,2,2,con-cifra,1,con-cifra
fig:1772,103-36-6,molécula,2,2,con-cifra,0,sin-pagina
fig:1773,34495-71-1,molécula,2,1,con-cifra,0,sin-pagina
fig:1774,5452-75-5,molécula,2,1,con-cifra,0,sin-pagina
fig:1776,109-94-4,molécula,2,1,con-cifra,0,sin-pagina
fig:1777,32659-21-5,molécula,2,1,con-cifra,0,sin-pagina
fig:1778,106-30-9,molécula,2,1,con-cifra,1,con-cifra
fig:1779,123-66-0,molécula,2,1,con-cifra,0,sin-pagina
fig:1780,118-60-5,molécula,2,1,con-cifra,0,sin-pagina
fig:1781,97-62-1,molécula,2,1,con-cifra,0,sin-pagina
fig:1782,108-64-5,molécula,2,1,con-cifra,1,con-cifra
fig:1784,106-33-2,molécula,2,2,con-cifra,0,sin-pagina
fig:1785,539-88-8,molécula,2,1,con-cifra,1,con-cifra
fig:1786,544-35-4,molécula,2,1,con-cifra,0,sin-pagina
fig:1791,2351-90-8,molécula,2,1,con-cifra,0,sin-pagina
fig:1792,106-32-1,molécula,2,2,con-cifra,0,sin-pagina
fig:1793,111-62-6,molécula,2,1,con-cifra,0,sin-pagina
fig:1794,628-97-7,molécula,2,1,con-cifra,0,sin-pagina
fig:1795,94-30-4,molécula,2,1,con-cifra,0,sin-pagina
fig:1796,1817-90-9,molécula,2,1,sin-cifra,0,sin-pagina
fig:1797,2555-49-9,molécula,2,1,sin-cifra,0,sin-pagina
fig:1798,2114-29-6,molécula,2,1,sin-cifra,0,sin-pagina
fig:1799,101-97-3,molécula,2,1,con-cifra,2,con-cifra
fig:1800,105-37-3,molécula,2,1,con-cifra,0,sin-pagina
fig:1801,22719-81-9,molécula,2,1,sin-cifra,0,sin-pagina
fig:1802,617-35-6,molécula,2,1,con-cifra,0,sin-pagina
fig:1803,35044-57-6,molécula,2,1,sin-cifra,2,ambigua
fig:1804,118-61-6,molécula,2,1,con-cifra,2,ambigua
fig:1805,2396-84-1,molécula,2,1,con-cifra,0,sin-pagina
fig:1806,5837-78-5,molécula,2,1,con-cifra,0,sin-pagina
fig:1807,3025-30-7,molécula,2,1,con-cifra,0,sin-pagina
fig:1808,623-70-1,molécula,2,1,con-cifra,0,sin-pagina
fig:1809,10544-63-5,molécula,2,1,con-cifra,0,sin-pagina
fig:1810,7367-88-6,molécula,2,1,con-cifra,0,sin-pagina
fig:1811,27829-72-7,molécula,2,1,con-cifra,0,sin-pagina
fig:1812,76649-16-6,molécula,2,1,con-cifra,0,sin-pagina
fig:1813,539-82-2,molécula,2,1,con-cifra,0,sin-pagina
fig:1815,188417-26-7,molécula,2,1,con-cifra,0,sin-pagina
fig:1816,68527-76-4,molécula,2,1,con-cifra,0,sin-pagina
fig:1817,67952-68-5,molécula,2,1,con-cifra,0,sin-pagina
fig:1819,54982-83-1,molécula,2,1,con-cifra,1,con-cifra
fig:1835,93-28-7,molécula,2,1,con-cifra,0,sin-pagina
fig:1836,93-15-2,molécula,2,1,sin-cifra,1,con-cifra
fig:1837,10402-33-2,molécula,2,1,con-cifra,0,sin-pagina
fig:1839,7070-15-7,molécula,2,1,con-cifra,0,sin-pagina
fig:1840,19317-11-4,molécula,2,1,sin-cifra,0,sin-pagina
fig:1841,4602-84-0,molécula,2,2,sin-cifra,1,con-cifra
fig:1842,29548-30-9,molécula,2,1,con-cifra,0,sin-pagina
fig:1843,1195-79-5,molécula,2,1,sin-cifra,0,sin-pagina
fig:1844,1632-73-1,molécula,2,1,con-cifra,0,sin-pagina
fig:1868,64-18-6,molécula,2,1,sin-cifra,0,sin-pagina
fig:1869,68855-38-9,molécula,2,1,sin-cifra,0,sin-pagina
fig:1872,99343-90-5,molécula,2,1,sin-cifra,0,sin-pagina
fig:1874,623-17-6,molécula,2,1,con-cifra,0,sin-pagina
fig:1876,1438-91-1,molécula,2,1,sin-cifra,0,sin-pagina
fig:1877,13678-68-7,molécula,2,1,sin-cifra,0,sin-pagina
fig:1888,706-14-9,molécula,2,1,con-cifra,2,con-cifra
fig:1889,2305-05-7,molécula,2,1,con-cifra,1,con-cifra
fig:1890,105-21-5,molécula,2,1,con-cifra,0,sin-pagina
fig:1891,695-06-7,molécula,2,2,con-cifra,1,con-cifra
fig:1892,79-76-5,molécula,2,1,con-cifra,0,sin-pagina
fig:1893,7011-83-8,molécula,2,1,con-cifra,0,sin-pagina
fig:1895,104-50-7,molécula,2,2,con-cifra,2,ambigua
fig:1897,108-29-2,molécula,2,1,con-cifra,0,sin-pagina
fig:1904,141-27-5,molécula,2,1,sin-cifra,0,sin-pagina
fig:1905,459-80-3,molécula,2,1,con-cifra,0,sin-pagina
fig:1918,94-48-4,molécula,2,1,con-cifra,0,sin-pagina
fig:1919,106-29-6,molécula,2,1,con-cifra,1,con-cifra
fig:1920,56172-46-4,molécula,2,1,con-cifra,0,sin-pagina
fig:1921,70851-60-4,molécula,2,1,con-cifra,0,sin-pagina
fig:1922,40267-72-9,molécula,2,1,con-cifra,0,sin-pagina
fig:1923,105-86-2,molécula,2,1,con-cifra,1,con-cifra
fig:1924,10032-02-7,molécula,2,1,con-cifra,0,sin-pagina
fig:1925,2345-26-8,molécula,2,1,con-cifra,0,sin-pagina
fig:1926,109-20-6,molécula,2,1,con-cifra,0,sin-pagina
fig:1927,1113-21-9,molécula,2,1,con-cifra,0,sin-pagina
fig:1928,2565-82-4,molécula,2,1,con-cifra,0,sin-pagina
fig:1929,65405-73-4,molécula,2,1,con-cifra,0,sin-pagina
fig:1930,10402-47-8,molécula,2,1,con-cifra,0,sin-pagina
fig:1931,102-22-7,molécula,2,1,sin-cifra,1,con-cifra
fig:1932,105-90-8,molécula,2,1,con-cifra,0,sin-pagina
fig:1933,7785-33-3,molécula,2,1,con-cifra,0,sin-pagina
fig:1944,39668-74-1,molécula,2,1,sin-cifra,0,sin-pagina
fig:1961,4125-43-3,molécula,2,1,sin-cifra,0,sin-pagina
fig:1963,613-70-7,molécula,2,1,con-cifra,0,sin-pagina
fig:1964,134-28-1,molécula,2,2,con-cifra,1,con-cifra
fig:1973,85665-35-6,molécula,2,3,sin-cifra,0,sin-pagina
fig:1978,10032-05-0,molécula,2,1,con-cifra,0,sin-pagina
fig:1979,111-14-8,molécula,2,1,sin-cifra,0,sin-pagina
fig:1980,112-06-1,molécula,2,1,con-cifra,0,sin-pagina
fig:1981,111-70-6,molécula,2,1,con-cifra,1,con-cifra
fig:1982,5870-93-9,molécula,2,1,con-cifra,0,sin-pagina
fig:1983,10094-40-3,molécula,2,1,con-cifra,0,sin-pagina
fig:1984,1708-82-3,molécula,2,1,sin-cifra,0,sin-pagina
fig:1986,6051-03-2,molécula,2,1,sin-cifra,0,sin-pagina
fig:1988,1429808-42-3,molécula,2,0,sin-pagina,0,sin-pagina
fig:1989,142-62-1,molécula,2,1,sin-cifra,1,con-cifra
fig:1990,816-19-3,molécula,2,1,sin-cifra,0,sin-pagina
fig:1991,104986-28-9,molécula,2,2,con-cifra,1,con-cifra
fig:1992,6728-26-3,molécula,2,1,sin-cifra,1,con-cifra
fig:1993,5434-57-1,molécula,2,1,con-cifra,0,sin-pagina
fig:1994,10032-15-2,molécula,2,2,con-cifra,0,sin-pagina
fig:1996,111-27-3,molécula,2,1,con-cifra,1,con-cifra
fig:1998,2639-63-6,molécula,2,1,con-cifra,0,sin-pagina
fig:1999,629-33-4,molécula,2,1,con-cifra,0,sin-pagina
fig:2000,6378-65-0,molécula,2,1,con-cifra,0,sin-pagina
fig:2001,2349-07-7,molécula,2,1,con-cifra,0,sin-pagina
fig:2002,10032-13-0,molécula,2,1,con-cifra,0,sin-pagina
fig:2003,1117-55-1,molécula,2,1,con-cifra,0,sin-pagina
fig:2004,5421-17-0,molécula,2,1,con-cifra,0,sin-pagina
fig:2005,2445-76-3,molécula,2,1,con-cifra,0,sin-pagina
fig:2006,6259-76-3,molécula,2,1,sin-cifra,1,con-cifra
fig:2007,16930-96-4,molécula,2,1,con-cifra,0,sin-pagina
fig:2020,68956-56-9,molécula,2,2,con-cifra,0,sin-pagina
fig:2022,7779-94-4,molécula,2,1,con-cifra,0,sin-pagina
fig:2023,141-92-4,molécula,2,1,con-cifra,0,sin-pagina
fig:2024,68908-82-7,molécula,2,1,con-cifra,0,sin-pagina
fig:2025,68527-79-7,molécula,2,1,sin-cifra,2,ambigua
fig:2028,3301-94-8,molécula,2,3,con-cifra,0,sin-pagina
fig:2031,365411-50-3,molécula,2,1,sin-cifra,0,sin-pagina
fig:2033,8013-90-9,molécula,2,1,con-cifra,0,sin-pagina
fig:2046,1335-94-0,molécula,2,0,sin-pagina,0,sin-pagina
fig:2047,123-92-2,molécula,2,1,con-cifra,1,con-cifra
fig:2048,123-51-3,molécula,2,1,con-cifra,0,sin-pagina
fig:2049,94-46-2,molécula,2,1,con-cifra,0,sin-pagina
fig:2050,106-27-4,molécula,2,2,con-cifra,1,con-cifra
fig:2051,7779-65-9,molécula,2,1,con-cifra,0,sin-pagina
fig:2052,110-45-2,molécula,2,1,con-cifra,0,sin-pagina
fig:2053,2198-61-0,molécula,2,1,con-cifra,0,sin-pagina
fig:2054,659-70-1,molécula,2,1,con-cifra,0,sin-pagina
fig:2055,2035-99-6,molécula,2,1,con-cifra,0,sin-pagina
fig:2056,102-19-2,molécula,2,1,con-cifra,0,sin-pagina
fig:2057,105-68-0,molécula,2,1,con-cifra,0,sin-pagina
fig:2058,87-20-7,molécula,2,2,con-cifra,0,sin-pagina
fig:2059,124-76-5,molécula,2,1,con-cifra,0,sin-pagina
fig:2060,85586-67-0,molécula,2,1,con-cifra,0,sin-pagina
fig:2061,125-12-2,molécula,2,2,con-cifra,1,con-cifra
fig:2062,1200-67-5,molécula,2,1,con-cifra,0,sin-pagina
fig:2063,7779-73-9,molécula,2,1,con-cifra,0,sin-pagina
fig:2064,5331-32-8,molécula,2,1,con-cifra,0,sin-pagina
fig:2065,2756-56-1,molécula,2,1,con-cifra,0,sin-pagina
fig:2066,589-66-2,molécula,2,1,con-cifra,0,sin-pagina
fig:2067,105-01-1,molécula,2,1,con-cifra,0,sin-pagina
fig:2068,110-19-0,molécula,2,1,con-cifra,0,sin-pagina
fig:2069,78-83-1,molécula,2,1,con-cifra,0,sin-pagina
fig:2070,7779-81-9,molécula,2,1,con-cifra,0,sin-pagina
fig:2071,7779-77-3,molécula,2,1,con-cifra,0,sin-pagina
fig:2072,120-50-3,molécula,2,2,con-cifra,0,sin-pagina
fig:2073,539-90-2,molécula,2,1,con-cifra,0,sin-pagina
fig:2074,122-67-8,molécula,2,2,con-cifra,0,sin-pagina
fig:2075,105-79-3,molécula,2,1,con-cifra,0,sin-pagina
fig:2076,97-85-8,molécula,2,1,con-cifra,0,sin-pagina
fig:2077,65505-24-0,molécula,2,1,con-cifra,0,sin-pagina
fig:2078,102-13-6,molécula,2,1,con-cifra,0,sin-pagina
fig:2079,540-42-1,molécula,2,1,con-cifra,0,sin-pagina
fig:2080,87-19-4,molécula,2,2,con-cifra,0,sin-pagina
fig:2081,78-84-2,molécula,2,1,con-cifra,0,sin-pagina
fig:2082,79-31-2,molécula,2,1,con-cifra,2,con-cifra
fig:2083,66068-84-6,molécula,2,1,sin-cifra,1,con-cifra
fig:2084,13794-73-5,molécula,2,1,con-cifra,0,sin-pagina
fig:2085,1335-66-6,molécula,2,1,sin-cifra,1,con-cifra
fig:2086,69103-24-8,molécula,2,1,con-cifra,0,sin-pagina
fig:2087,97-54-1,molécula,2,1,sin-cifra,1,con-cifra
fig:2088,4194-00-7,molécula,2,1,sin-cifra,0,sin-pagina
fig:2089,93-29-8,molécula,2,2,con-cifra,2,ambigua
fig:2090,120-11-6,molécula,2,2,con-cifra,2,ambigua
fig:2091,93-16-3,molécula,2,2,con-cifra,1,con-cifra
fig:2092,120-24-1,molécula,2,1,con-cifra,0,sin-pagina
fig:2094,11050-62-7,molécula,2,1,sin-cifra,0,sin-pagina
fig:2095,14727-47-0,molécula,2,1,sin-cifra,1,con-cifra
fig:2096,1135-66-6,molécula,2,1,con-cifra,0,sin-pagina
fig:2098,33407-62-4,molécula,2,0,sin-pagina,0,sin-pagina
fig:2099,26619-69-2,molécula,2,1,sin-cifra,0,sin-pagina
fig:2100,79-89-0,molécula,2,1,sin-cifra,0,sin-pagina
fig:2101,40379-24-6,molécula,2,1,sin-cifra,0,sin-pagina
fig:2102,27458-94-2,molécula,2,1,sin-cifra,0,sin-pagina
fig:2103,65155-45-5,molécula,2,1,con-cifra,0,sin-pagina
fig:2104,41519-18-0,molécula,2,1,con-cifra,0,sin-pagina
fig:2105,505-32-8,molécula,2,1,con-cifra,0,sin-pagina
fig:2107,66576-71-4,molécula,2,1,con-cifra,0,sin-pagina
fig:2108,108-21-4,molécula,2,1,con-cifra,0,sin-pagina
fig:2109,939-48-0,molécula,2,1,con-cifra,0,sin-pagina
fig:2110,638-11-9,molécula,2,1,con-cifra,0,sin-pagina
fig:2111,7780-06-5,molécula,2,2,con-cifra,0,sin-pagina
fig:2112,2311-46-8,molécula,2,1,con-cifra,0,sin-pagina
fig:2113,32665-23-9,molécula,2,1,con-cifra,0,sin-pagina
fig:2115,1333-53-5,molécula,2,1,con-cifra,0,sin-pagina
fig:2116,89-79-2,molécula,2,1,con-cifra,0,sin-pagina
fig:2117,57576-09-7,molécula,2,1,con-cifra,0,sin-pagina
fig:2118,120-58-1,molécula,2,1,sin-cifra,0,sin-pagina
fig:2119,27458-92-0,molécula,2,1,sin-cifra,0,sin-pagina
fig:2120,69103-23-7,molécula,2,1,con-cifra,0,sin-pagina
fig:2121,503-74-2,molécula,2,1,sin-cifra,0,sin-pagina
fig:2138,91053-31-5,molécula,2,1,sin-cifra,0,sin-pagina
fig:2139,100209-33-4,molécula,2,1,sin-cifra,0,sin-pagina
fig:2142,18172-67-3,molécula,2,1,con-cifra,0,sin-pagina
fig:2153,73138-66-6,molécula,2,1,sin-cifra,0,sin-pagina
fig:2154,21280-29-5,molécula,2,1,con-cifra,0,sin-pagina
fig:2155,5655-61-8,molécula,2,2,con-cifra,0,sin-pagina
fig:2156,2102-59-2,molécula,2,1,sin-cifra,0,sin-pagina
fig:2157,1205-42-1,molécula,2,1,sin-cifra,0,sin-pagina
fig:2162,112-66-3,molécula,2,1,con-cifra,0,sin-pagina
fig:2163,112-53-8,molécula,2,1,con-cifra,0,sin-pagina
fig:2177,25905-14-0,molécula,2,1,con-cifra,0,sin-pagina
fig:2186,464-45-9,molécula,2,1,con-cifra,0,sin-pagina
fig:2187,5794-04-7,molécula,2,1,sin-cifra,0,sin-pagina
fig:2188,6485-40-1,molécula,2,1,sin-cifra,0,sin-pagina
fig:2189,7540-51-4,molécula,2,1,sin-cifra,0,sin-pagina
fig:2208,123-76-2,molécula,2,1,sin-cifra,0,sin-pagina
fig:2209,7787-20-4,molécula,2,2,con-cifra,0,sin-pagina
fig:2212,91-51-0,molécula,2,1,con-cifra,1,con-cifra
fig:2221,1365-19-1,molécula,2,2,con-cifra,0,sin-pagina
fig:2222,14049-11-7,molécula,2,1,sin-cifra,0,sin-pagina
fig:2224,7149-26-0,molécula,2,1,con-cifra,0,sin-pagina
fig:2225,126-64-7,molécula,2,1,con-cifra,0,sin-pagina
fig:2226,78-36-4,molécula,2,1,con-cifra,0,sin-pagina
fig:2227,78-37-5,molécula,2,1,con-cifra,0,sin-pagina
fig:2228,115-99-1,molécula,2,1,con-cifra,0,sin-pagina
fig:2229,7779-23-9,molécula,2,1,con-cifra,0,sin-pagina
fig:2231,1118-27-0,molécula,2,1,con-cifra,0,sin-pagina
fig:2232,7143-69-3,molécula,2,1,con-cifra,0,sin-pagina
fig:2233,144-39-8,molécula,2,1,con-cifra,1,con-cifra
fig:2235,8001-26-1,molécula,2,7,sin-cifra,0,sin-pagina
fig:2243,5989-54-8,molécula,2,1,con-cifra,0,sin-pagina
fig:2244,126-91-0,molécula,2,2,con-cifra,0,sin-pagina
fig:2245,6915-15-7,molécula,2,1,sin-cifra,0,sin-pagina
fig:2246,2216-51-5,molécula,2,1,con-cifra,2,ambigua
fig:2247,14073-97-3,molécula,2,1,con-cifra,0,sin-pagina
fig:2248,108766-16-1,molécula,2,1,sin-cifra,0,sin-pagina
fig:2249,2623-23-6,molécula,2,1,con-cifra,0,sin-pagina
fig:2250,475-20-7,molécula,2,1,sin-cifra,0,sin-pagina
fig:2253,4573-50-6,molécula,2,1,con-cifra,0,sin-pagina
fig:2259,118-71-8,molécula,2,1,con-cifra,3,ambigua
fig:2260,65416-14-0,molécula,2,1,con-cifra,0,sin-pagina
fig:2267,90063-86-8,molécula,2,14,sin-cifra,0,sin-pagina
fig:2280,151-10-0,molécula,2,1,con-cifra,0,sin-pagina
fig:2292,68683-20-5,molécula,2,1,sin-cifra,0,sin-pagina
fig:2294,15356-70-4,molécula,2,0,sin-pagina,0,sin-pagina
fig:2295,10458-14-7,molécula,2,1,sin-cifra,1,con-cifra
fig:2296,89-48-5,molécula,2,1,con-cifra,0,sin-pagina
fig:2297,16409-45-3,molécula,2,1,con-cifra,1,con-cifra
fig:2298,16409-46-4,molécula,2,1,con-cifra,0,sin-pagina
fig:2299,86803-90-9,molécula,2,1,sin-cifra,2,con-cifra
fig:2300,3613-30-7,molécula,2,1,con-cifra,0,sin-pagina
fig:2301,2986-54-1,molécula,2,1,con-cifra,0,sin-pagina
fig:2302,63450-30-6,molécula,2,1,con-cifra,0,sin-pagina
fig:2303,3149-28-8,molécula,2,1,con-cifra,0,sin-pagina
fig:2304,67634-12-2,molécula,2,1,con-cifra,0,sin-pagina
fig:2305,41270-80-8,molécula,2,1,sin-cifra,0,sin-pagina
fig:2306,67801-44-9,molécula,2,1,con-cifra,0,sin-pagina
fig:2308,28371-99-5,molécula,2,1,sin-cifra,0,sin-pagina
fig:2309,28043-10-9,molécula,2,1,con-cifra,0,sin-pagina
fig:2310,67800-80-0,molécula,2,1,sin-cifra,0,sin-pagina
fig:2311,67801-42-7,molécula,2,1,con-cifra,0,sin-pagina
fig:2312,39129-16-3,molécula,2,1,sin-cifra,0,sin-pagina
fig:2314,67924-13-4,molécula,2,1,con-cifra,0,sin-pagina
fig:2315,104037-85-6,molécula,2,1,con-cifra,0,sin-pagina
fig:2316,611-13-2,molécula,2,1,con-cifra,0,sin-pagina
fig:2317,2396-77-2,molécula,2,1,con-cifra,0,sin-pagina
fig:2318,868-57-5,molécula,2,1,con-cifra,0,sin-pagina
fig:2319,111-79-5,molécula,2,1,con-cifra,1,con-cifra
fig:2321,111-12-6,molécula,2,1,sin-cifra,0,sin-pagina
fig:2322,1072-83-9,molécula,2,1,con-cifra,0,sin-pagina
fig:2323,52557-97-8,molécula,2,1,con-cifra,0,sin-pagina
fig:2324,2270-60-2,molécula,2,1,con-cifra,0,sin-pagina
fig:2325,72175-33-8,molécula,2,1,sin-cifra,0,sin-pagina
fig:2326,2396-78-3,molécula,2,1,con-cifra,0,sin-pagina
fig:2327,21188-58-9,molécula,2,1,con-cifra,0,sin-pagina
fig:2328,13532-18-8,molécula,2,1,con-cifra,0,sin-pagina
fig:2329,13481-87-3,molécula,2,1,con-cifra,0,sin-pagina
fig:2330,39924-52-2,molécula,2,1,con-cifra,1,con-cifra
fig:2332,5760-50-9,molécula,2,1,con-cifra,0,sin-pagina
fig:2333,79-20-9,molécula,2,1,con-cifra,0,sin-pagina
fig:2334,105-45-3,molécula,2,1,con-cifra,0,sin-pagina
fig:2335,67905-40-2,molécula,2,1,con-cifra,0,sin-pagina
fig:2336,121-98-2,molécula,2,1,con-cifra,0,sin-pagina
fig:2339,93-58-3,molécula,2,2,con-cifra,2,con-cifra
fig:2341,37161-74-3,molécula,2,1,sin-cifra,0,sin-pagina
fig:2342,623-42-7,molécula,2,1,con-cifra,0,sin-pagina
fig:2344,13894-62-7,molécula,2,1,con-cifra,0,sin-pagina
fig:2345,41654-15-3,molécula,2,1,con-cifra,0,sin-pagina
fig:2346,30640-46-1,molécula,2,1,con-cifra,0,sin-pagina
fig:2347,14352-61-5,molécula,2,1,sin-cifra,0,sin-pagina
fig:2348,40203-73-4,molécula,2,1,con-cifra,0,sin-pagina
fig:2349,110-42-9,molécula,2,1,con-cifra,0,sin-pagina
fig:2350,811412-48-3,molécula,2,1,sin-cifra,0,sin-pagina
fig:2353,106-73-0,molécula,2,1,con-cifra,0,sin-pagina
fig:2354,112-39-0,molécula,2,1,con-cifra,0,sin-pagina
fig:2355,106-70-7,molécula,2,1,con-cifra,0,sin-pagina
fig:2356,37172-53-5,molécula,2,1,con-cifra,0,sin-pagina
fig:2358,68937-31-5,molécula,2,1,sin-cifra,0,sin-pagina
fig:2359,547-63-7,molécula,2,1,con-cifra,0,sin-pagina
fig:2360,556-24-1,molécula,2,1,con-cifra,0,sin-pagina
fig:2361,1211-29-6,molécula,2,1,con-cifra,0,sin-pagina
fig:2362,111-82-0,molécula,2,1,con-cifra,0,sin-pagina
fig:2363,67633-95-8,molécula,2,1,sin-cifra,0,sin-pagina
fig:2365,74-93-1,molécula,2,1,sin-cifra,0,sin-pagina
fig:2366,124-10-7,molécula,2,1,con-cifra,0,sin-pagina
fig:2367,2719-08-6,molécula,2,1,con-cifra,0,sin-pagina
fig:2368,93-60-7,molécula,2,1,con-cifra,0,sin-pagina
fig:2369,85-91-6,molécula,2,2,con-cifra,1,con-cifra
fig:2370,111-11-5,molécula,2,1,con-cifra,0,sin-pagina
fig:2371,606-45-1,molécula,2,1,con-cifra,0,sin-pagina
fig:2372,3558-60-9,molécula,2,1,con-cifra,0,sin-pagina
fig:2374,99-75-2,molécula,2,1,sin-cifra,0,sin-pagina
fig:2375,554-12-1,molécula,2,1,con-cifra,0,sin-pagina
fig:2376,3549-23-3,molécula,2,1,con-cifra,0,sin-pagina
fig:2377,119-36-8,molécula,2,1,con-cifra,2,ambigua
fig:2378,2432-51-1,molécula,2,1,con-cifra,0,sin-pagina
fig:2379,2396-85-2,molécula,2,1,con-cifra,0,sin-pagina
fig:2380,111-81-9,molécula,2,1,con-cifra,0,sin-pagina
fig:2381,624-24-8,molécula,2,1,con-cifra,0,sin-pagina
fig:2382,5533-03-9,molécula,2,1,sin-cifra,0,sin-pagina
fig:2383,81752-87-6,molécula,2,1,con-cifra,0,sin-pagina
fig:2384,68845-02-3,molécula,2,1,con-cifra,0,sin-pagina
fig:2385,127-42-4,molécula,2,3,sin-cifra,0,sin-pagina
fig:2386,127-43-5,molécula,2,1,sin-cifra,0,sin-pagina
fig:2387,61699-38-5,molécula,2,1,con-cifra,0,sin-pagina
fig:2388,80-71-7,molécula,2,1,con-cifra,2,ambigua
fig:2389,1335-09-7,molécula,2,1,sin-cifra,0,sin-pagina
fig:2390,409-02-9,molécula,2,1,sin-cifra,0,sin-pagina
fig:2398,13341-72-5,molécula,2,1,con-cifra,0,sin-pagina
fig:2399,8052-35-5,molécula,2,1,sin-cifra,0,sin-pagina
fig:2403,72403-67-9,molécula,2,1,con-cifra,0,sin-pagina
fig:2405,543-39-5,molécula,2,1,con-cifra,0,sin-pagina
fig:2406,1118-39-4,molécula,2,1,con-cifra,0,sin-pagina
fig:2407,124-25-4,molécula,2,1,con-cifra,0,sin-pagina
fig:2408,629-63-0,molécula,2,1,con-cifra,0,sin-pagina
fig:2409,8016-37-3,molécula,2,4,ambigua,1,con-cifra
fig:2417,515-00-4,molécula,2,1,con-cifra,0,sin-pagina
fig:2418,1079-01-2,molécula,2,1,con-cifra,0,sin-pagina
fig:2424,996-97-4,molécula,2,1,con-cifra,0,sin-pagina
fig:2425,68489-14-5,molécula,2,2,sin-cifra,0,sin-pagina
fig:2431,15706-73-7,molécula,2,1,con-cifra,0,sin-pagina
fig:2432,106-26-3,molécula,2,1,sin-cifra,0,sin-pagina
fig:2434,1786-08-9,molécula,2,1,con-cifra,0,sin-pagina
fig:2435,142-50-7,molécula,2,1,con-cifra,0,sin-pagina
fig:2437,2306-78-7,molécula,2,1,con-cifra,0,sin-pagina
fig:2438,56001-43-5,molécula,2,1,con-cifra,0,sin-pagina
fig:2439,141-12-8,molécula,2,1,con-cifra,1,con-cifra
fig:2440,999-40-6,molécula,2,1,con-cifra,0,sin-pagina
fig:2441,2142-94-1,molécula,2,1,con-cifra,0,sin-pagina
fig:2442,2345-24-6,molécula,2,1,con-cifra,0,sin-pagina
fig:2443,3915-83-1,molécula,2,1,con-cifra,0,sin-pagina
fig:2444,105-91-9,molécula,2,1,con-cifra,0,sin-pagina
fig:2445,39711-79-0,molécula,2,1,sin-cifra,0,sin-pagina
fig:2446,179911-08-1,molécula,2,1,con-cifra,0,sin-pagina
fig:2447,1438-94-4,molécula,2,1,con-cifra,0,sin-pagina
fig:2448,19089-92-0,molécula,2,1,con-cifra,0,sin-pagina
fig:2452,18836-52-7,molécula,2,1,con-cifra,0,sin-pagina
fig:2455,18824-63-0,molécula,2,1,con-cifra,0,sin-pagina
fig:2456,54815-13-3,molécula,2,1,con-cifra,0,sin-pagina
fig:2457,39864-15-8,molécula,2,1,sin-cifra,0,sin-pagina
fig:2458,112-05-0,molécula,2,1,con-cifra,0,sin-pagina
fig:2459,2444-46-4,molécula,2,1,sin-cifra,0,sin-pagina
fig:2461,68526-90-9,molécula,2,1,sin-cifra,0,sin-pagina
fig:2462,143-13-5,molécula,2,1,con-cifra,0,sin-pagina
fig:2463,143-08-8,molécula,2,2,con-cifra,1,con-cifra
fig:2465,128-50-7,molécula,2,1,con-cifra,0,sin-pagina
fig:2466,128-51-8,molécula,2,1,con-cifra,1,con-cifra
fig:2483,5986-38-9,molécula,2,1,con-cifra,0,sin-pagina
fig:2484,72214-23-4,molécula,2,1,con-cifra,0,sin-pagina
fig:2485,95-48-7,molécula,2,1,con-cifra,0,sin-pagina
fig:2486,33704-60-8,molécula,2,1,sin-cifra,0,sin-pagina
fig:2487,71832-76-3,molécula,2,1,con-cifra,0,sin-pagina
fig:2488,30772-79-3,molécula,2,1,con-cifra,0,sin-pagina
fig:2491,68738-96-5,molécula,2,2,con-cifra,0,sin-pagina
fig:2492,59056-64-3,molécula,2,1,con-cifra,0,sin-pagina
fig:2493,59056-62-1,molécula,2,1,con-cifra,0,sin-pagina
fig:2494,41724-19-0,molécula,2,1,con-cifra,0,sin-pagina
fig:2495,68738-94-3,molécula,2,1,con-cifra,0,sin-pagina
fig:2498,54889-48-4,molécula,2,1,con-cifra,0,sin-pagina
fig:2499,10022-28-3,molécula,2,1,con-cifra,0,sin-pagina
fig:2500,929253-05-4,molécula,2,1,sin-cifra,0,sin-pagina
fig:2501,69102-96-1,molécula,2,1,sin-cifra,0,sin-pagina
fig:2503,112-14-1,molécula,2,2,con-cifra,0,sin-pagina
fig:2504,110-39-4,molécula,2,1,con-cifra,0,sin-pagina
fig:2505,22874-79-9,molécula,2,1,sin-cifra,0,sin-pagina
fig:2506,112-32-3,molécula,2,1,con-cifra,0,sin-pagina
fig:2507,109-15-9,molécula,2,1,con-cifra,0,sin-pagina
fig:2508,7786-58-5,molécula,2,1,con-cifra,0,sin-pagina
fig:2525,7779-50-2,molécula,2,1,con-cifra,0,sin-pagina
fig:2527,135-02-4,molécula,2,1,con-cifra,0,sin-pagina
fig:2528,1504-74-1,molécula,2,1,sin-cifra,0,sin-pagina
fig:2529,86-26-0,molécula,2,1,sin-cifra,0,sin-pagina
fig:2535,644-35-9,molécula,2,1,sin-cifra,0,sin-pagina
fig:2561,91079-33-3,molécula,2,1,sin-cifra,0,sin-pagina
fig:2570,137-06-4,molécula,2,1,sin-cifra,0,sin-pagina
fig:2571,533-18-6,molécula,2,1,con-cifra,0,sin-pagina
fig:2575,111879-79-9,molécula,2,1,sin-cifra,0,sin-pagina
fig:2576,99219-32-6,molécula,2,0,sin-pagina,0,sin-pagina
fig:2577,111879-81-3,molécula,2,1,sin-cifra,0,sin-pagina
fig:2578,38223-29-9,molécula,2,1,con-cifra,0,sin-pagina
fig:2580,329925-33-9,molécula,2,1,sin-cifra,0,sin-pagina
fig:2581,6324-78-3,molécula,2,1,sin-cifra,0,sin-pagina
fig:2582,42866-91-1,molécula,2,1,con-cifra,0,sin-pagina
fig:2585,1197-01-9,molécula,2,1,con-cifra,0,sin-pagina
fig:2586,104-21-2,molécula,2,2,con-cifra,1,con-cifra
fig:2588,123-63-7,molécula,2,1,sin-cifra,0,sin-pagina
fig:2605,614-34-6,molécula,2,1,con-cifra,0,sin-pagina
fig:2606,607-88-5,molécula,2,1,con-cifra,0,sin-pagina
fig:2611,94333-77-4,molécula,2,1,sin-cifra,0,sin-pagina
fig:2614,55590-83-5,molécula,2,1,sin-cifra,0,sin-pagina
fig:2617,2049-96-9,molécula,2,1,con-cifra,0,sin-pagina
fig:2618,25415-62-7,molécula,2,1,con-cifra,0,sin-pagina
fig:2619,5137-52-0,molécula,2,1,con-cifra,0,sin-pagina
fig:2620,624-54-4,molécula,2,1,con-cifra,0,sin-pagina
fig:2654,1329-99-3,molécula,2,1,sin-cifra,0,sin-pagina
fig:2655,6315-04-4,molécula,2,1,sin-cifra,0,sin-pagina
fig:2658,94-47-3,molécula,2,1,con-cifra,0,sin-pagina
fig:2659,103-52-6,molécula,2,1,con-cifra,0,sin-pagina
fig:2660,103-53-7,molécula,2,1,con-cifra,0,sin-pagina
fig:2661,104-62-1,molécula,2,1,con-cifra,1,con-cifra
fig:2662,6290-37-5,molécula,2,1,con-cifra,0,sin-pagina
fig:2663,103-48-0,molécula,2,2,con-cifra,1,con-cifra
fig:2664,2257-09-2,molécula,2,1,sin-cifra,0,sin-pagina
fig:2665,140-26-1,molécula,2,1,con-cifra,0,sin-pagina
fig:2666,5457-70-5,molécula,2,1,con-cifra,0,sin-pagina
fig:2668,122-70-3,molécula,2,2,con-cifra,0,sin-pagina
fig:2669,87-22-9,molécula,2,1,con-cifra,2,ambigua
fig:2670,55719-85-2,molécula,2,1,con-cifra,0,sin-pagina
fig:2671,108-95-2,molécula,2,1,sin-cifra,0,sin-pagina
fig:2672,52514-67-7,molécula,2,1,con-cifra,0,sin-pagina
fig:2673,71119-07-8,molécula,2,0,sin-pagina,0,sin-pagina
fig:2674,52514-66-6,molécula,2,1,con-cifra,0,sin-pagina
fig:2675,70955-71-4,molécula,2,1,con-cifra,0,sin-pagina
fig:2676,2120-70-9,molécula,2,2,ambigua,0,sin-pagina
fig:2677,118-55-8,molécula,2,1,con-cifra,0,sin-pagina
fig:2678,122-78-1,molécula,2,2,sin-cifra,3,ambigua
fig:2680,6314-97-2,molécula,2,1,con-cifra,0,sin-pagina
fig:2682,101-49-5,molécula,2,1,con-cifra,0,sin-pagina
fig:2684,7028-48-0,molécula,2,1,sin-cifra,0,sin-pagina
fig:2685,103-82-2,molécula,2,1,con-cifra,0,sin-pagina
fig:2686,24817-51-4,molécula,2,2,con-cifra,0,sin-pagina
fig:2687,133-18-6,molécula,2,1,con-cifra,0,sin-pagina
fig:2689,1335-10-0,molécula,2,1,sin-cifra,0,sin-pagina
fig:2690,150-86-7,molécula,2,1,con-cifra,0,sin-pagina
fig:2691,10236-16-5,molécula,2,1,con-cifra,0,sin-pagina
fig:2711,68917-26-0,molécula,2,6,sin-cifra,0,sin-pagina
fig:2713,1078-95-1,molécula,2,1,sin-cifra,0,sin-pagina
fig:2718,110-89-4,molécula,2,1,sin-cifra,0,sin-pagina
fig:2719,94-62-2,molécula,2,1,con-cifra,0,sin-pagina
fig:2720,89-81-6,molécula,2,1,con-cifra,0,sin-pagina
fig:2722,326-61-4,molécula,2,1,con-cifra,1,con-cifra
fig:2724,4395-92-0,molécula,2,1,con-cifra,0,sin-pagina
fig:2725,59230-57-8,molécula,2,1,con-cifra,0,sin-pagina
fig:2728,10482-56-1,molécula,2,1,con-cifra,0,sin-pagina
fig:2729,138-87-4,molécula,2,1,con-cifra,0,sin-pagina
fig:2730,7764-50-3,molécula,2,1,con-cifra,0,sin-pagina
fig:2731,99-86-5,molécula,2,1,con-cifra,0,sin-pagina
fig:2733,2111-75-3,molécula,2,1,sin-cifra,0,sin-pagina
fig:2734,536-59-4,molécula,2,1,con-cifra,0,sin-pagina
fig:2735,15111-96-3,molécula,2,1,con-cifra,0,sin-pagina
fig:2737,499-70-7,molécula,2,1,con-cifra,0,sin-pagina
fig:2740,874-90-8,molécula,2,1,con-cifra,0,sin-pagina
fig:2741,1963-36-6,molécula,2,1,con-cifra,0,sin-pagina
fig:2743,104-93-8,molécula,2,2,con-cifra,2,ambigua
fig:2744,91-61-2,molécula,2,1,con-cifra,0,sin-pagina
fig:2746,76649-23-5,molécula,2,1,con-cifra,0,sin-pagina
fig:2750,107-03-9,molécula,2,1,sin-cifra,0,sin-pagina
fig:2751,25265-77-4,molécula,2,1,sin-cifra,0,sin-pagina
fig:2752,34451-19-9,molécula,2,1,con-cifra,0,sin-pagina
fig:2753,94-86-0,molécula,2,2,con-cifra,0,sin-pagina
fig:2754,123-38-6,molécula,2,1,sin-cifra,0,sin-pagina
fig:2755,79-09-4,molécula,2,1,sin-cifra,0,sin-pagina
fig:2757,37064-20-3,molécula,2,1,con-cifra,0,sin-pagina
fig:2758,109-60-4,molécula,2,1,con-cifra,0,sin-pagina
fig:2759,71-23-8,molécula,2,1,con-cifra,0,sin-pagina
fig:2760,105-66-8,molécula,2,1,con-cifra,0,sin-pagina
fig:2761,626-77-7,molécula,2,1,con-cifra,0,sin-pagina
fig:2762,557-00-6,molécula,2,1,con-cifra,0,sin-pagina
fig:2763,7493-57-4,molécula,2,1,con-cifra,0,sin-pagina
fig:2764,4606-15-9,molécula,2,1,con-cifra,0,sin-pagina
fig:2765,106-36-5,molécula,2,1,con-cifra,0,sin-pagina
fig:2766,68412-04-4,molécula,2,1,sin-cifra,0,sin-pagina
fig:2768,943-27-1,molécula,2,1,sin-cifra,0,sin-pagina
fig:2769,98-53-3,molécula,2,1,con-cifra,0,sin-pagina
fig:2770,18127-01-0,molécula,2,1,sin-cifra,2,ambigua
fig:2772,55066-56-3,molécula,2,1,con-cifra,0,sin-pagina
fig:2773,140-39-6,molécula,2,1,con-cifra,2,ambigua
fig:2774,589-18-4,molécula,2,1,sin-cifra,0,sin-pagina
fig:2775,103-93-5,molécula,2,1,con-cifra,0,sin-pagina
fig:2776,59558-23-5,molécula,2,2,con-cifra,0,sin-pagina
fig:2778,104-09-6,molécula,2,1,con-cifra,0,sin-pagina
fig:2780,2882-20-4,molécula,2,1,con-cifra,0,sin-pagina
fig:2781,67952-65-2,molécula,2,1,con-cifra,0,sin-pagina
fig:2782,90145-47-4,molécula,2,1,sin-cifra,0,sin-pagina
fig:2783,862079-91-2,molécula,2,1,sin-cifra,0,sin-pagina
fig:2784,125352-06-9,molécula,2,1,con-cifra,0,sin-pagina
fig:2785,8030-97-5,molécula,2,1,sin-cifra,0,sin-pagina
fig:2787,127-17-3,molécula,2,1,sin-cifra,0,sin-pagina
fig:2788,68917-78-2,molécula,2,1,sin-cifra,0,sin-pagina
fig:2789,108-46-3,molécula,2,1,sin-cifra,0,sin-pagina
fig:2790,6812-78-8,molécula,2,1,sin-cifra,1,con-cifra
fig:2791,141-11-7,molécula,2,1,con-cifra,0,sin-pagina
fig:2792,141-15-1,molécula,2,1,con-cifra,0,sin-pagina
fig:2793,141-09-3,molécula,2,1,con-cifra,0,sin-pagina
fig:2794,10486-14-3,molécula,2,1,con-cifra,0,sin-pagina
fig:2795,105-89-5,molécula,2,1,con-cifra,0,sin-pagina
fig:2829,8030-89-5,molécula,2,1,sin-cifra,0,sin-pagina
fig:2831,34322-09-3,molécula,2,1,con-cifra,0,sin-pagina
fig:2832,34365-79-2,molécula,2,1,con-cifra,0,sin-pagina
fig:2833,2432-91-9,molécula,2,1,con-cifra,0,sin-pagina
fig:2834,3387-41-5,molécula,2,1,con-cifra,0,sin-pagina
fig:2848,11031-45-1,molécula,2,1,con-cifra,0,sin-pagina
fig:2849,1323-00-8,molécula,2,1,con-cifra,0,sin-pagina
fig:2861,515-03-7,molécula,2,1,con-cifra,0,sin-pagina
fig:2862,564-20-5,molécula,2,1,con-cifra,0,sin-pagina
fig:2865,2679-87-0,molécula,2,1,sin-cifra,0,sin-pagina
fig:2866,68198-80-1,molécula,2,1,sin-cifra,0,sin-pagina
fig:2872,34322-06-0,molécula,2,1,con-cifra,0,sin-pagina
fig:2873,83-34-1,molécula,2,1,con-cifra,2,ambigua
fig:2886,154171-76-3,molécula,2,1,sin-cifra,0,sin-pagina
fig:2888,502847-01-0,molécula,2,1,sin-cifra,0,sin-pagina
fig:2889,188199-50-0,molécula,2,1,sin-cifra,0,sin-pagina
fig:2890,121251-67-0,molécula,2,1,con-cifra,0,sin-pagina
fig:2891,121251-68-1,molécula,2,1,con-cifra,0,sin-pagina
fig:2892,678981-31-2,molécula,2,0,sin-pagina,0,sin-pagina
fig:2916,10521-96-7,molécula,2,1,sin-cifra,0,sin-pagina
fig:2938,15356-74-8,molécula,2,1,con-cifra,0,sin-pagina
fig:2947,58985-02-7,molécula,2,1,sin-cifra,0,sin-pagina
fig:2948,8006-39-1,molécula,2,1,sin-cifra,0,sin-pagina
fig:2949,586-62-9,molécula,2,1,con-cifra,1,con-cifra
fig:2951,2153-28-8,molécula,2,1,con-cifra,0,sin-pagina
fig:2952,2153-26-6,molécula,2,1,con-cifra,0,sin-pagina
fig:2953,7774-65-4,molécula,2,1,con-cifra,0,sin-pagina
fig:2954,80-27-3,molécula,2,2,con-cifra,0,sin-pagina
fig:2955,67634-08-6,molécula,2,1,sin-cifra,0,sin-pagina
fig:2956,13481-09-9,molécula,2,1,sin-cifra,0,sin-pagina
fig:2957,13477-62-8,molécula,2,1,con-cifra,0,sin-pagina
fig:2958,30310-41-9,molécula,2,1,con-cifra,0,sin-pagina
fig:2960,94201-73-7,molécula,2,1,con-cifra,0,sin-pagina
fig:2964,97-99-4,molécula,2,1,sin-cifra,0,sin-pagina
fig:2965,5988-91-0,molécula,2,1,con-cifra,0,sin-pagina
fig:2966,78-69-3,molécula,2,2,con-cifra,0,sin-pagina
fig:2967,20780-48-7,molécula,2,2,ambigua,0,sin-pagina
fig:2968,41678-36-8,molécula,2,1,sin-cifra,1,con-cifra
fig:2969,18479-57-7,molécula,2,2,con-cifra,0,sin-pagina
fig:2970,1322-58-3,molécula,2,1,con-cifra,0,sin-pagina
fig:2971,61920-45-4,molécula,2,1,con-cifra,0,sin-pagina
fig:2972,36431-72-8,molécula,2,1,con-cifra,0,sin-pagina
fig:2973,39067-80-6,molécula,2,1,con-cifra,0,sin-pagina
fig:2988,1334-78-7,molécula,2,1,sin-cifra,0,sin-pagina
fig:2993,6876-12-6,molécula,2,1,sin-cifra,0,sin-pagina
fig:2994,3913-81-3,molécula,2,1,con-cifra,0,sin-pagina
fig:2995,13419-69-7,molécula,2,1,sin-cifra,0,sin-pagina
fig:2996,928-95-0,molécula,2,1,con-cifra,0,sin-pagina
fig:2997,2497-18-9,molécula,2,1,con-cifra,0,sin-pagina
fig:2998,53398-83-7,molécula,2,1,con-cifra,0,sin-pagina
fig:2999,53398-86-0,molécula,2,1,con-cifra,0,sin-pagina
fig:3000,68698-59-9,molécula,2,1,con-cifra,0,sin-pagina
fig:3001,56922-74-8,molécula,2,1,con-cifra,0,sin-pagina
fig:3002,53398-80-4,molécula,2,1,con-cifra,0,sin-pagina
fig:3003,68133-77-7,molécula,2,1,con-cifra,0,sin-pagina
fig:3004,59324-17-3,molécula,2,1,sin-cifra,0,sin-pagina
fig:3005,31502-14-4,molécula,2,1,con-cifra,0,sin-pagina
fig:3006,18829-56-6,molécula,2,1,con-cifra,0,sin-pagina
fig:3007,2548-87-0,molécula,2,1,con-cifra,0,sin-pagina
fig:3008,5448-22-6,molécula,2,1,sin-cifra,0,sin-pagina
fig:3009,20298-70-8,molécula,2,1,sin-cifra,0,sin-pagina
fig:3010,7069-41-2,molécula,2,1,con-cifra,0,sin-pagina
fig:3011,53448-07-0,molécula,2,1,con-cifra,0,sin-pagina
fig:3012,67801-45-0,molécula,2,1,sin-cifra,0,sin-pagina
fig:3013,69112-21-6,molécula,2,1,sin-cifra,0,sin-pagina
fig:3014,3681-82-1,molécula,2,1,con-cifra,0,sin-pagina
fig:3015,65405-70-1,molécula,2,1,con-cifra,0,sin-pagina
fig:3016,1900-69-2,molécula,2,1,sin-cifra,0,sin-pagina
fig:3018,140-10-3,molécula,2,1,con-cifra,0,sin-pagina
fig:3019,928-97-2,molécula,2,1,con-cifra,0,sin-pagina
fig:3020,5932-68-3,molécula,2,1,con-cifra,0,sin-pagina
fig:3021,1189-09-9,molécula,2,1,con-cifra,0,sin-pagina
fig:3022,40716-66-3,molécula,2,1,con-cifra,0,sin-pagina
fig:3023,89-80-5,molécula,2,1,con-cifra,1,con-cifra
fig:3024,65418-70-4,molécula,2,0,sin-pagina,0,sin-pagina
fig:3030,2500-83-6,molécula,2,1,sin-cifra,1,con-cifra
fig:3031,13380-94-4,molécula,2,1,sin-cifra,0,sin-pagina
fig:3032,26896-48-0,molécula,2,1,sin-cifra,0,sin-pagina
fig:3033,64001-15-6,molécula,2,1,con-cifra,0,sin-pagina
fig:3034,5413-60-5,molécula,2,2,con-cifra,0,sin-pagina
fig:3035,17511-60-3,molécula,2,1,con-cifra,1,con-cifra
fig:3036,7370-92-5,molécula,2,1,con-cifra,0,sin-pagina
fig:3037,10486-19-8,molécula,2,1,con-cifra,0,sin-pagina
fig:3038,22629-49-8,molécula,2,1,con-cifra,0,sin-pagina
fig:3040,133636-82-5,molécula,2,1,sin-cifra,0,sin-pagina
fig:3041,20662-84-4,molécula,2,1,con-cifra,0,sin-pagina
fig:3042,828-26-2,molécula,2,1,con-cifra,0,sin-pagina
fig:3053,2244-07-7,molécula,2,1,sin-cifra,0,sin-pagina
fig:3054,112-37-8,molécula,2,1,con-cifra,0,sin-pagina
fig:3055,30207-98-8,molécula,2,1,con-cifra,0,sin-pagina
fig:3056,112-43-6,molécula,2,1,con-cifra,0,sin-pagina
fig:3057,1337-83-3,molécula,2,1,con-cifra,0,sin-pagina
fig:3058,12262-03-2,molécula,2,1,con-cifra,0,sin-pagina
fig:3059,112-42-5,molécula,2,1,con-cifra,0,sin-pagina
fig:3060,4630-07-3,molécula,2,2,con-cifra,0,sin-pagina
fig:3061,110-62-3,molécula,2,1,con-cifra,0,sin-pagina
fig:3064,109-52-4,molécula,2,1,sin-cifra,0,sin-pagina
fig:3073,121-34-6,molécula,2,1,con-cifra,0,sin-pagina
fig:3076,68527-74-2,molécula,2,1,con-cifra,0,sin-pagina
fig:3077,82654-98-6,molécula,2,1,con-cifra,0,sin-pagina
fig:3078,13184-86-6,molécula,2,1,con-cifra,0,sin-pagina
fig:3079,120-14-9,molécula,2,1,con-cifra,0,sin-pagina
fig:3080,473-67-6,molécula,2,1,con-cifra,0,sin-pagina
fig:3088,84082-84-8,molécula,2,1,sin-cifra,0,sin-pagina
fig:3089,68129-81-7,molécula,2,1,con-cifra,0,sin-pagina
fig:3090,73246-97-6,molécula,2,1,sin-cifra,0,sin-pagina
fig:3092,117-98-6,molécula,2,1,sin-cifra,0,sin-pagina
fig:3116,1009814-14-5,molécula,2,1,sin-cifra,0,sin-pagina
fig:3118,122-48-5,molécula,2,1,con-cifra,0,sin-pagina
fig:3119,546-80-5,molécula,2,1,sin-cifra,0,sin-pagina
tienda:106185-75-5,106185-75-5,molécula,2,0,sin-pagina,0,sin-pagina
tienda:131812-51-6,131812-51-6,molécula,2,1,con-cifra,0,sin-pagina
tienda:1335-12-2,1335-12-2,molécula,2,1,sin-cifra,0,sin-pagina
tienda:1725-03-7,1725-03-7,molécula,2,1,sin-cifra,0,sin-pagina
tienda:35205-76-6,35205-76-6,molécula,2,1,sin-cifra,0,sin-pagina
tienda:470-40-6,470-40-6,molécula,2,1,sin-cifra,0,sin-pagina
tienda:63286-42-0,63286-42-0,molécula,2,0,sin-pagina,0,sin-pagina
tl:100-79-8,100-79-8,molécula,2,1,sin-cifra,0,sin-pagina
tl:1000399-21-2,1000399-21-2,molécula,2,0,sin-pagina,0,sin-pagina
tl:1001252-30-7,1001252-30-7,molécula,2,1,sin-cifra,0,sin-pagina
tl:1003-04-9,1003-04-9,molécula,2,1,sin-cifra,0,sin-pagina
tl:10035-04-8,10035-04-8,molécula,2,1,sin-cifra,0,sin-pagina
tl:10191-41-0,10191-41-0,molécula,2,1,sin-cifra,0,sin-pagina
tl:102-60-3,102-60-3,molécula,2,1,sin-cifra,0,sin-pagina
tl:102-71-6,102-71-6,molécula,2,1,sin-cifra,0,sin-pagina
tl:102-76-1,102-76-1,molécula,2,1,sin-cifra,0,sin-pagina
tl:103-23-1,103-23-1,molécula,2,1,sin-cifra,0,sin-pagina
tl:103-84-4,103-84-4,molécula,2,1,sin-cifra,0,sin-pagina
tl:10361-29-2,10361-29-2,molécula,2,1,sin-cifra,0,sin-pagina
tl:10377-60-3,10377-60-3,molécula,2,1,sin-cifra,0,sin-pagina
tl:103983-77-3,103983-77-3,molécula,2,0,sin-pagina,0,sin-pagina
tl:104376-75-2,104376-75-2,molécula,2,0,sin-pagina,0,sin-pagina
tl:1049017-63-1,1049017-63-1,molécula,2,1,sin-cifra,0,sin-pagina
tl:1049017-68-6,1049017-68-6,molécula,2,1,sin-cifra,0,sin-pagina
tl:105-59-9,105-59-9,molécula,2,1,sin-cifra,0,sin-pagina
tl:105025-99-8,105025-99-8,molécula,2,1,sin-cifra,0,sin-pagina
tl:107-41-5,107-41-5,molécula,2,1,sin-cifra,0,sin-pagina
tl:107-85-7,107-85-7,molécula,2,1,sin-cifra,0,sin-pagina
tl:107-88-0,107-88-0,molécula,2,1,sin-cifra,0,sin-pagina
tl:107-98-2,107-98-2,molécula,2,1,sin-cifra,0,sin-pagina
tl:1073-29-6,1073-29-6,molécula,2,1,sin-cifra,0,sin-pagina
tl:108-11-2,108-11-2,molécula,2,1,sin-cifra,0,sin-pagina
tl:108-67-8,108-67-8,molécula,2,1,sin-cifra,0,sin-pagina
tl:108982-45-2,108982-45-2,molécula,2,0,sin-pagina,0,sin-pagina
tl:1092785-58-4,1092785-58-4,molécula,2,0,sin-pagina,0,sin-pagina
tl:1092785-68-6,1092785-68-6,molécula,2,0,sin-pagina,0,sin-pagina
tl:1093653-57-6,1093653-57-6,molécula,2,0,sin-pagina,0,sin-pagina
tl:110-15-6,110-15-6,molécula,2,1,sin-cifra,0,sin-pagina
tl:110-40-7,110-40-7,molécula,2,1,con-cifra,0,sin-pagina
tl:110-86-1,110-86-1,molécula,2,1,sin-cifra,0,sin-pagina
tl:110-98-5,110-98-5,molécula,2,1,sin-cifra,0,sin-pagina
tl:11006-34-1,11006-34-1,molécula,2,2,sin-cifra,0,sin-pagina
tl:111-02-4,111-02-4,molécula,2,1,sin-cifra,0,sin-pagina
tl:111-03-5,111-03-5,molécula,2,1,con-cifra,0,sin-pagina
tl:111-46-6,111-46-6,molécula,2,1,sin-cifra,0,sin-pagina
tl:111-61-5,111-61-5,molécula,2,1,con-cifra,0,sin-pagina
tl:111-66-0,111-66-0,molécula,2,1,sin-cifra,0,sin-pagina
tl:111-76-2,111-76-2,molécula,2,1,sin-cifra,0,sin-pagina
tl:111-77-3,111-77-3,molécula,2,1,sin-cifra,0,sin-pagina
tl:111-84-2,111-84-2,molécula,2,1,sin-cifra,0,sin-pagina
tl:111-90-0,111-90-0,molécula,2,1,sin-cifra,0,sin-pagina
tl:111109-77-4,111109-77-4,molécula,2,1,sin-cifra,0,sin-pagina
tl:11111-34-5,11111-34-5,molécula,2,21,sin-cifra,0,sin-pagina
tl:11138-60-6,11138-60-6,molécula,2,1,sin-cifra,0,sin-pagina
tl:11138-66-2,11138-66-2,molécula,2,1,sin-cifra,0,sin-pagina
tl:1117-31-3,1117-31-3,molécula,2,1,sin-cifra,0,sin-pagina
tl:1117-86-8,1117-86-8,molécula,2,1,sin-cifra,0,sin-pagina
tl:1119-40-0,1119-40-0,molécula,2,1,sin-cifra,0,sin-pagina
tl:112-27-6,112-27-6,molécula,2,1,sin-cifra,0,sin-pagina
tl:112-34-5,112-34-5,molécula,2,1,sin-cifra,0,sin-pagina
tl:112-40-3,112-40-3,molécula,2,1,sin-cifra,0,sin-pagina
tl:112-61-8,112-61-8,molécula,2,1,con-cifra,0,sin-pagina
tl:112-62-9,112-62-9,molécula,2,1,sin-cifra,0,sin-pagina
tl:112-63-0,112-63-0,molécula,2,1,con-cifra,0,sin-pagina
tl:112-72-1,112-72-1,molécula,2,1,con-cifra,0,sin-pagina
tl:112-80-1,112-80-1,molécula,2,1,con-cifra,0,sin-pagina
tl:112-95-8,112-95-8,molécula,2,1,con-cifra,0,sin-pagina
tl:1120-21-4,1120-21-4,molécula,2,1,sin-cifra,0,sin-pagina
tl:1129-47-1,1129-47-1,molécula,2,1,con-cifra,0,sin-pagina
tl:112926-00-8,112926-00-8,molécula,2,1,sin-cifra,0,sin-pagina
tl:113894-85-2,113894-85-2,molécula,2,0,sin-pagina,0,sin-pagina
tl:116-53-0,116-53-0,molécula,2,1,con-cifra,0,sin-pagina
tl:116-75-6,116-75-6,molécula,2,0,sin-pagina,0,sin-pagina
tl:118-56-9,118-56-9,molécula,2,1,sin-cifra,0,sin-pagina
tl:1181244-95-0,1181244-95-0,molécula,2,0,sin-pagina,0,sin-pagina
tl:119-47-1,119-47-1,molécula,2,1,sin-cifra,0,sin-pagina
tl:1191-41-9,1191-41-9,molécula,2,1,con-cifra,0,sin-pagina
tl:1191-43-1,1191-43-1,molécula,2,1,sin-cifra,0,sin-pagina
tl:119345-04-9,119345-04-9,molécula,2,0,sin-pagina,0,sin-pagina
tl:120-93-4,120-93-4,molécula,2,1,sin-cifra,0,sin-pagina
tl:121-00-6,121-00-6,molécula,2,0,sin-pagina,0,sin-pagina
tl:121-79-9,121-79-9,molécula,2,1,sin-cifra,0,sin-pagina
tl:123-28-4,123-28-4,molécula,2,1,sin-cifra,0,sin-pagina
tl:123-79-5,123-79-5,molécula,2,1,sin-cifra,0,sin-pagina
tl:123-95-5,123-95-5,molécula,2,1,con-cifra,0,sin-pagina
tl:124-07-2,124-07-2,molécula,2,1,con-cifra,0,sin-pagina
tl:124-18-5,124-18-5,molécula,2,1,sin-cifra,0,sin-pagina
tl:124-20-9,124-20-9,molécula,2,1,sin-cifra,0,sin-pagina
tl:124046-50-0,124046-50-0,molécula,2,1,sin-cifra,0,sin-pagina
tl:124071-40-5,124071-40-5,molécula,2,1,sin-cifra,0,sin-pagina
tl:1247790-47-1,1247790-47-1,molécula,2,1,sin-cifra,0,sin-pagina
tl:125304-04-3,125304-04-3,molécula,2,1,sin-cifra,0,sin-pagina
tl:1253414-42-4,1253414-42-4,molécula,2,0,sin-pagina,0,sin-pagina
tl:1253785-23-7,1253785-23-7,molécula,2,0,sin-pagina,0,sin-pagina
tl:125643-61-0,125643-61-0,molécula,2,1,sin-cifra,0,sin-pagina
tl:127-09-3,127-09-3,molécula,2,1,sin-cifra,0,sin-pagina
tl:127-25-3,127-25-3,molécula,2,1,sin-cifra,0,sin-pagina
tl:127087-87-0,127087-87-0,molécula,2,0,sin-pagina,0,sin-pagina
tl:127519-17-9,127519-17-9,molécula,2,1,sin-cifra,0,sin-pagina
tl:128-37-0,128-37-0,molécula,2,1,sin-cifra,1,con-cifra
tl:128-39-2,128-39-2,molécula,2,1,sin-cifra,0,sin-pagina
tl:128-44-9,128-44-9,molécula,2,1,sin-cifra,0,sin-pagina
tl:128-80-3,128-80-3,molécula,2,1,sin-cifra,0,sin-pagina
tl:128489-02-1,128489-02-1,molécula,2,1,sin-cifra,0,sin-pagina
tl:128489-04-3,128489-04-3,molécula,2,1,sin-cifra,0,sin-pagina
tl:129757-67-1,129757-67-1,molécula,2,0,sin-pagina,0,sin-pagina
tl:13019-04-0,13019-04-0,molécula,2,1,sin-cifra,0,sin-pagina
tl:13019-16-4,13019-16-4,molécula,2,1,sin-cifra,0,sin-pagina
tl:13040-19-2,13040-19-2,molécula,2,1,sin-cifra,0,sin-pagina
tl:131-11-3,131-11-3,molécula,2,1,sin-cifra,0,sin-pagina
tl:131-55-5,131-55-5,molécula,2,1,sin-cifra,0,sin-pagina
tl:131-56-6,131-56-6,molécula,2,1,sin-cifra,0,sin-pagina
tl:131-57-7,131-57-7,molécula,2,1,sin-cifra,0,sin-pagina
tl:1310-73-2,1310-73-2,molécula,2,1,sin-cifra,0,sin-pagina
tl:131379-24-3,131379-24-3,molécula,2,1,sin-cifra,0,sin-pagina
tl:1314-13-2,1314-13-2,molécula,2,1,sin-cifra,0,sin-pagina
tl:1315251-11-6,1315251-11-6,molécula,2,1,sin-cifra,0,sin-pagina
tl:131812-48-1,131812-48-1,molécula,2,1,sin-cifra,0,sin-pagina
tl:1319-88-6,1319-88-6,molécula,2,1,con-cifra,0,sin-pagina
tl:132638-45-0,132638-45-0,molécula,2,1,sin-cifra,0,sin-pagina
tl:133-37-9,133-37-9,molécula,2,1,sin-cifra,0,sin-pagina
tl:1330-20-7,1330-20-7,molécula,2,1,sin-cifra,0,sin-pagina
tl:1338-43-8,1338-43-8,molécula,2,1,sin-cifra,0,sin-pagina
tl:1340502-69-3,1340502-69-3,molécula,2,0,sin-pagina,0,sin-pagina
tl:13431-57-7,13431-57-7,molécula,2,0,sin-pagina,0,sin-pagina
tl:1344-95-2,1344-95-2,molécula,2,1,sin-cifra,0,sin-pagina
tl:13463-67-7,13463-67-7,molécula,2,1,sin-cifra,0,sin-pagina
tl:13475-82-6,13475-82-6,molécula,2,1,sin-cifra,0,sin-pagina
tl:1352745-21-1,1352745-21-1,molécula,2,0,sin-pagina,0,sin-pagina
tl:13537-82-1,13537-82-1,molécula,2,0,sin-pagina,0,sin-pagina
tl:137-66-6,137-66-6,molécula,2,1,sin-cifra,0,sin-pagina
tl:1370699-98-1,1370699-98-1,molécula,2,1,sin-cifra,0,sin-pagina
tl:1370711-06-0,1370711-06-0,molécula,2,1,sin-cifra,0,sin-pagina
tl:1374760-95-8,1374760-95-8,molécula,2,1,sin-cifra,0,sin-pagina
tl:1392325-86-8,1392325-86-8,molécula,2,0,sin-pagina,0,sin-pagina
tl:1393645-32-3,1393645-32-3,molécula,2,0,sin-pagina,0,sin-pagina
tl:1401065-88-0,1401065-88-0,molécula,2,1,sin-cifra,0,sin-pagina
tl:1401913-94-7,1401913-94-7,molécula,2,0,sin-pagina,0,sin-pagina
tl:1401914-95-1,1401914-95-1,molécula,2,0,sin-pagina,0,sin-pagina
tl:1406-57-1,1406-57-1,molécula,2,1,sin-cifra,0,sin-pagina
tl:141-04-8,141-04-8,molécula,2,1,sin-cifra,0,sin-pagina
tl:141-28-6,141-28-6,molécula,2,1,sin-cifra,0,sin-pagina
tl:141-43-5,141-43-5,molécula,2,1,sin-cifra,0,sin-pagina
tl:142-09-6,142-09-6,molécula,2,1,sin-cifra,0,sin-pagina
tl:142-18-7,142-18-7,molécula,2,1,sin-cifra,0,sin-pagina
tl:142-90-5,142-90-5,molécula,2,1,sin-cifra,0,sin-pagina
tl:142-91-6,142-91-6,molécula,2,1,con-cifra,1,con-cifra
tl:143-07-7,143-07-7,molécula,2,1,con-cifra,2,ambigua
tl:143-28-2,143-28-2,molécula,2,1,con-cifra,0,sin-pagina
tl:14313-91-8,14313-91-8,molécula,2,0,sin-pagina,0,sin-pagina
tl:14315-63-0,14315-63-0,molécula,2,0,sin-pagina,0,sin-pagina
tl:1437281-01-0,1437281-01-0,molécula,2,0,sin-pagina,0,sin-pagina
tl:144-55-8,144-55-8,molécula,2,1,sin-cifra,0,sin-pagina
tl:144-62-7,144-62-7,molécula,2,1,sin-cifra,0,sin-pagina
tl:1447712-18-6,1447712-18-6,molécula,2,0,sin-pagina,0,sin-pagina
tl:1465004-85-6,1465004-85-6,molécula,2,0,sin-pagina,0,sin-pagina
tl:1489-57-2,1489-57-2,molécula,2,1,sin-cifra,0,sin-pagina
tl:1497420-94-6,1497420-94-6,molécula,2,0,sin-pagina,0,sin-pagina
tl:150-90-3,150-90-3,molécula,2,1,sin-cifra,0,sin-pagina
tl:15229-79-5,15229-79-5,molécula,2,1,sin-cifra,0,sin-pagina
tl:1534-08-3,1534-08-3,molécula,2,1,sin-cifra,0,sin-pagina
tl:154248-98-3,154248-98-3,molécula,2,0,sin-pagina,0,sin-pagina
tl:1561-11-1,1561-11-1,molécula,2,1,sin-cifra,0,sin-pagina
tl:156324-78-6,156324-78-6,molécula,2,1,sin-cifra,0,sin-pagina
tl:156679-39-9,156679-39-9,molécula,2,1,sin-cifra,0,sin-pagina
tl:1569-01-3,1569-01-3,molécula,2,1,sin-cifra,0,sin-pagina
tl:157357-30-7,157357-30-7,molécula,2,0,sin-pagina,0,sin-pagina
tl:15739-09-0,15739-09-0,molécula,2,0,sin-pagina,0,sin-pagina
tl:1584709-99-8,1584709-99-8,molécula,2,1,sin-cifra,0,sin-pagina
tl:1612888-42-2,1612888-42-2,molécula,2,1,sin-cifra,0,sin-pagina
tl:1627851-18-6,1627851-18-6,molécula,2,0,sin-pagina,0,sin-pagina
tl:1631145-48-6,1631145-48-6,molécula,2,0,sin-pagina,0,sin-pagina
tl:1631962-93-0,1631962-93-0,molécula,2,0,sin-pagina,0,sin-pagina
tl:1632042-40-0,1632042-40-0,molécula,2,0,sin-pagina,0,sin-pagina
tl:163440-97-9,163440-97-9,molécula,2,0,sin-pagina,0,sin-pagina
tl:1638-22-8,1638-22-8,molécula,2,0,sin-pagina,0,sin-pagina
tl:1643-20-5,1643-20-5,molécula,2,1,sin-cifra,0,sin-pagina
tl:1643921-90-7,1643921-90-7,molécula,2,0,sin-pagina,0,sin-pagina
tl:16485-10-2,16485-10-2,molécula,2,1,sin-cifra,0,sin-pagina
tl:16493-80-4,16493-80-4,molécula,2,1,con-cifra,0,sin-pagina
tl:16493-96-2,16493-96-2,molécula,2,1,sin-cifra,0,sin-pagina
tl:165261-13-2,165261-13-2,molécula,2,1,sin-cifra,0,sin-pagina
tl:165450-17-9,165450-17-9,molécula,2,1,sin-cifra,0,sin-pagina
tl:1655500-83-6,1655500-83-6,molécula,2,0,sin-pagina,0,sin-pagina
tl:16556-48-2,16556-48-2,molécula,2,1,sin-cifra,0,sin-pagina
tl:16630-55-0,16630-55-0,molécula,2,1,sin-cifra,0,sin-pagina
tl:16874-34-3,16874-34-3,molécula,2,0,sin-pagina,0,sin-pagina
tl:172376-82-8,172376-82-8,molécula,2,1,sin-cifra,0,sin-pagina
tl:172820-60-9,172820-60-9,molécula,2,1,sin-cifra,0,sin-pagina
tl:17339-74-1,17339-74-1,molécula,2,0,sin-pagina,0,sin-pagina
tl:17354-14-2,17354-14-2,molécula,2,0,sin-pagina,0,sin-pagina
tl:174155-47-6,174155-47-6,molécula,2,1,sin-cifra,0,sin-pagina
tl:17699-07-9,17699-07-9,molécula,2,0,sin-pagina,0,sin-pagina
tl:1803467-44-8,1803467-44-8,molécula,2,0,sin-pagina,0,sin-pagina
tl:1815-99-2,1815-99-2,molécula,2,0,sin-pagina,0,sin-pagina
tl:18294-87-6,18294-87-6,molécula,2,1,sin-cifra,0,sin-pagina
tl:18312-31-7,18312-31-7,molécula,2,1,sin-cifra,0,sin-pagina
tl:18374-76-0,18374-76-0,molécula,2,1,sin-cifra,0,sin-pagina
tl:1843-05-6,1843-05-6,molécula,2,1,sin-cifra,0,sin-pagina
tl:18472-51-0,18472-51-0,molécula,2,1,sin-cifra,0,sin-pagina
tl:1853175-99-1,1853175-99-1,molécula,2,0,sin-pagina,0,sin-pagina
tl:1888-90-0,1888-90-0,molécula,2,1,con-cifra,0,sin-pagina
tl:1913285-57-0,1913285-57-0,molécula,2,0,sin-pagina,0,sin-pagina
tl:1934-21-0,1934-21-0,molécula,2,1,sin-cifra,0,sin-pagina
tl:1945993-03-2,1945993-03-2,molécula,2,0,sin-pagina,0,sin-pagina
tl:19464-94-9,19464-94-9,molécula,2,1,sin-cifra,0,sin-pagina
tl:1948-33-0,1948-33-0,molécula,2,1,sin-cifra,0,sin-pagina
tl:194934-66-2,194934-66-2,molécula,2,1,sin-cifra,0,sin-pagina
tl:195251-91-3,195251-91-3,molécula,2,1,sin-cifra,0,sin-pagina
tl:19872-52-7,19872-52-7,molécula,2,1,con-cifra,0,sin-pagina
tl:2020341-69-7,2020341-69-7,molécula,2,0,sin-pagina,0,sin-pagina
tl:20279-51-0,20279-51-0,molécula,2,1,con-cifra,0,sin-pagina
tl:2035-93-0,2035-93-0,molécula,2,1,sin-cifra,0,sin-pagina
tl:20442-74-4,20442-74-4,molécula,2,0,sin-pagina,0,sin-pagina
tl:2051-85-6,2051-85-6,molécula,2,1,sin-cifra,0,sin-pagina
tl:20702-77-6,20702-77-6,molécula,2,1,sin-cifra,0,sin-pagina
tl:20770-40-5,20770-40-5,molécula,2,1,con-cifra,0,sin-pagina
tl:2082-79-3,2082-79-3,molécula,2,1,sin-cifra,0,sin-pagina
tl:215305-10-5,215305-10-5,molécula,2,1,sin-cifra,0,sin-pagina
tl:2173997-41-4,2173997-41-4,molécula,2,0,sin-pagina,0,sin-pagina
tl:220410-74-2,220410-74-2,molécula,2,1,sin-cifra,0,sin-pagina
tl:220621-22-7,220621-22-7,molécula,2,1,con-cifra,0,sin-pagina
tl:2209852-19-5,2209852-19-5,molécula,2,0,sin-pagina,0,sin-pagina
tl:2219-82-1,2219-82-1,molécula,2,1,con-cifra,0,sin-pagina
tl:2248118-60-5,2248118-60-5,molécula,2,0,sin-pagina,0,sin-pagina
tl:22644-09-3,22644-09-3,molécula,2,1,sin-cifra,0,sin-pagina
tl:22690-27-3,22690-27-3,molécula,2,1,sin-cifra,0,sin-pagina
tl:22884-95-3,22884-95-3,molécula,2,0,sin-pagina,0,sin-pagina
tl:2306-91-4,2306-91-4,molécula,2,1,con-cifra,0,sin-pagina
tl:2308574-23-2,2308574-23-2,molécula,2,0,sin-pagina,0,sin-pagina
tl:23411-34-9,23411-34-9,molécula,2,1,sin-cifra,0,sin-pagina
tl:2353-45-9,2353-45-9,molécula,2,1,sin-cifra,0,sin-pagina
tl:238402-46-5,238402-46-5,molécula,2,0,sin-pagina,0,sin-pagina
tl:2409-55-4,2409-55-4,molécula,2,1,con-cifra,0,sin-pagina
tl:2413115-68-9,2413115-68-9,molécula,2,0,sin-pagina,0,sin-pagina
tl:24237-02-3,24237-02-3,molécula,2,1,sin-cifra,0,sin-pagina
tl:2425-77-6,2425-77-6,molécula,2,1,sin-cifra,0,sin-pagina
tl:2432005-07-5,2432005-07-5,molécula,2,0,sin-pagina,0,sin-pagina
tl:2440-22-4,2440-22-4,molécula,2,1,sin-cifra,0,sin-pagina
tl:24634-61-5,24634-61-5,molécula,2,1,sin-cifra,0,sin-pagina
tl:24700-20-7,24700-20-7,molécula,2,1,sin-cifra,0,sin-pagina
tl:2489743-82-8,2489743-82-8,molécula,2,0,sin-pagina,0,sin-pagina
tl:24937-78-8,24937-78-8,molécula,2,1,sin-cifra,0,sin-pagina
tl:24938-91-8,24938-91-8,molécula,2,19,sin-cifra,0,sin-pagina
tl:24948-66-1,24948-66-1,molécula,2,1,sin-cifra,0,sin-pagina
tl:25013-16-5,25013-16-5,molécula,2,1,sin-cifra,0,sin-pagina
tl:25167-32-2,25167-32-2,molécula,2,1,sin-cifra,0,sin-pagina
tl:25231-21-4,25231-21-4,molécula,2,2,sin-cifra,0,sin-pagina
tl:2524-52-9,2524-52-9,molécula,2,1,sin-cifra,0,sin-pagina
tl:25322-68-3,25322-68-3,molécula,2,52,sin-cifra,0,sin-pagina
tl:25322-69-4,25322-69-4,molécula,2,16,sin-cifra,0,sin-pagina
tl:25339-17-7,25339-17-7,molécula,2,1,sin-cifra,0,sin-pagina
tl:25340-17-4,25340-17-4,molécula,2,1,sin-cifra,0,sin-pagina
tl:25395-31-7,25395-31-7,molécula,2,1,sin-cifra,0,sin-pagina
tl:25415-77-4,25415-77-4,molécula,2,1,sin-cifra,0,sin-pagina
tl:25496-72-4,25496-72-4,molécula,2,1,con-cifra,0,sin-pagina
tl:25498-49-1,25498-49-1,molécula,2,1,sin-cifra,1,con-cifra
tl:2568-90-3,2568-90-3,molécula,2,1,sin-cifra,0,sin-pagina
tl:25680-57-3,25680-57-3,molécula,2,1,sin-cifra,0,sin-pagina
tl:25680-58-4,25680-58-4,molécula,2,1,con-cifra,0,sin-pagina
tl:2576531-09-2,2576531-09-2,molécula,2,0,sin-pagina,0,sin-pagina
tl:25956-17-6,25956-17-6,molécula,2,1,sin-cifra,0,sin-pagina
tl:25987-30-8,25987-30-8,molécula,2,0,sin-pagina,0,sin-pagina
tl:2601-13-0,2601-13-0,molécula,2,1,sin-cifra,0,sin-pagina
tl:2605-79-0,2605-79-0,molécula,2,1,sin-cifra,0,sin-pagina
tl:260781-16-6,260781-16-6,molécula,2,0,sin-pagina,0,sin-pagina
tl:26183-52-8,26183-52-8,molécula,2,8,sin-cifra,0,sin-pagina
tl:26266-58-0,26266-58-0,molécula,2,1,sin-cifra,0,sin-pagina
tl:26330-64-3,26330-64-3,molécula,2,1,sin-cifra,0,sin-pagina
tl:2634-33-5,2634-33-5,molécula,2,1,sin-cifra,0,sin-pagina
tl:2639151-39-4,2639151-39-4,molécula,2,0,sin-pagina,0,sin-pagina
tl:26590-05-6,26590-05-6,molécula,2,1,sin-cifra,0,sin-pagina
tl:27178-16-1,27178-16-1,molécula,2,1,sin-cifra,0,sin-pagina
tl:27252-75-1,27252-75-1,molécula,2,1,sin-cifra,0,sin-pagina
tl:27458-93-1,27458-93-1,molécula,2,1,sin-cifra,0,sin-pagina
tl:2783-94-0,2783-94-0,molécula,2,1,sin-cifra,0,sin-pagina
tl:2809-21-4,2809-21-4,molécula,2,1,sin-cifra,0,sin-pagina
tl:28198-05-2,28198-05-2,molécula,2,0,sin-pagina,0,sin-pagina
tl:28519-02-0,28519-02-0,molécula,2,0,sin-pagina,0,sin-pagina
tl:28588-74-1,28588-74-1,molécula,2,1,con-cifra,0,sin-pagina
tl:286472-48-8,286472-48-8,molécula,2,0,sin-pagina,0,sin-pagina
tl:29350-67-2,29350-67-2,molécula,2,1,sin-cifra,0,sin-pagina
tl:29461-14-1,29461-14-1,molécula,2,1,sin-cifra,0,sin-pagina
tl:298-07-7,298-07-7,molécula,2,0,sin-pagina,0,sin-pagina
tl:29911-27-1,29911-27-1,molécula,2,1,sin-cifra,0,sin-pagina
tl:29911-28-2,29911-28-2,molécula,2,1,sin-cifra,0,sin-pagina
tl:29926-41-8,29926-41-8,molécula,2,1,sin-cifra,0,sin-pagina
tl:31195-95-6,31195-95-6,molécula,2,1,sin-cifra,0,sin-pagina
tl:31416-78-1,31416-78-1,molécula,2,1,con-cifra,0,sin-pagina
tl:3147-75-9,3147-75-9,molécula,2,1,sin-cifra,0,sin-pagina
tl:31570-04-4,31570-04-4,molécula,2,1,sin-cifra,0,sin-pagina
tl:31807-55-3,31807-55-3,molécula,2,1,con-cifra,0,sin-pagina
tl:3213-73-8,3213-73-8,molécula,2,1,sin-cifra,0,sin-pagina
tl:3228-02-2,3228-02-2,molécula,2,1,sin-cifra,0,sin-pagina
tl:3234-81-9,3234-81-9,molécula,2,0,sin-pagina,0,sin-pagina
tl:32741-11-0,32741-11-0,molécula,2,1,sin-cifra,0,sin-pagina
tl:3289-28-9,3289-28-9,molécula,2,1,sin-cifra,0,sin-pagina
tl:33079-56-0,33079-56-0,molécula,2,1,sin-cifra,0,sin-pagina
tl:34398-01-1,34398-01-1,molécula,2,1,sin-cifra,0,sin-pagina
tl:34590-94-8,34590-94-8,molécula,2,1,sin-cifra,0,sin-pagina
tl:35151-11-2,35151-11-2,molécula,2,1,sin-cifra,0,sin-pagina
tl:352-93-2,352-93-2,molécula,2,1,sin-cifra,0,sin-pagina
tl:3567-66-6,3567-66-6,molécula,2,1,sin-cifra,0,sin-pagina
tl:3567-69-9,3567-69-9,molécula,2,1,sin-cifra,0,sin-pagina
tl:36311-34-9,36311-34-9,molécula,2,1,sin-cifra,0,sin-pagina
tl:36508-31-3,36508-31-3,molécula,2,1,sin-cifra,0,sin-pagina
tl:36653-82-4,36653-82-4,molécula,2,1,con-cifra,0,sin-pagina
tl:36861-47-9,36861-47-9,molécula,2,1,sin-cifra,0,sin-pagina
tl:37229-23-5,37229-23-5,molécula,2,0,sin-pagina,0,sin-pagina
tl:3734-33-6,3734-33-6,molécula,2,1,sin-cifra,0,sin-pagina
tl:379693-55-7,379693-55-7,molécula,2,0,sin-pagina,0,sin-pagina
tl:3844-45-9,3844-45-9,molécula,2,1,sin-cifra,0,sin-pagina
tl:3896-11-5,3896-11-5,molécula,2,1,sin-cifra,0,sin-pagina
tl:39121-42-1,39121-42-1,molécula,2,0,sin-pagina,0,sin-pagina
tl:39121-44-3,39121-44-3,molécula,2,0,sin-pagina,0,sin-pagina
tl:3943-74-6,3943-74-6,molécula,2,1,con-cifra,0,sin-pagina
tl:40601-76-1,40601-76-1,molécula,2,1,sin-cifra,0,sin-pagina
tl:4112-89-4,4112-89-4,molécula,2,1,con-cifra,0,sin-pagina
tl:41972-59-2,41972-59-2,molécula,2,0,sin-pagina,0,sin-pagina
tl:4219-24-3,4219-24-3,molécula,2,1,sin-cifra,0,sin-pagina
tl:4314-14-1,4314-14-1,molécula,2,1,sin-cifra,0,sin-pagina
tl:4390-04-9,4390-04-9,molécula,2,1,sin-cifra,0,sin-pagina
tl:4403-90-1,4403-90-1,molécula,2,1,sin-cifra,0,sin-pagina
tl:4427-56-9,4427-56-9,molécula,2,1,sin-cifra,0,sin-pagina
tl:4430-18-6,4430-18-6,molécula,2,1,sin-cifra,0,sin-pagina
tl:4474-24-2,4474-24-2,molécula,2,1,sin-cifra,0,sin-pagina
tl:4536-23-6,4536-23-6,molécula,2,1,con-cifra,0,sin-pagina
tl:4548-53-2,4548-53-2,molécula,2,1,sin-cifra,0,sin-pagina
tl:463-40-1,463-40-1,molécula,2,1,sin-cifra,0,sin-pagina
tl:470-99-5,470-99-5,molécula,2,1,sin-cifra,0,sin-pagina
tl:4702-90-3,4702-90-3,molécula,2,0,sin-pagina,0,sin-pagina
tl:4744-08-5,4744-08-5,molécula,2,1,sin-cifra,0,sin-pagina
tl:489-84-9,489-84-9,molécula,2,1,sin-cifra,0,sin-pagina
tl:495-40-9,495-40-9,molécula,2,1,con-cifra,0,sin-pagina
tl:495-61-4,495-61-4,molécula,2,1,con-cifra,0,sin-pagina
tl:499-44-5,499-44-5,molécula,2,1,con-cifra,0,sin-pagina
tl:50-21-5,50-21-5,molécula,2,1,sin-cifra,0,sin-pagina
tl:50-70-4,50-70-4,molécula,2,1,sin-cifra,0,sin-pagina
tl:50-81-7,50-81-7,molécula,2,1,sin-cifra,0,sin-pagina
tl:50-99-7,50-99-7,molécula,2,1,sin-cifra,0,sin-pagina
tl:50542-90-0,50542-90-0,molécula,2,1,sin-cifra,0,sin-pagina
tl:506-87-6,506-87-6,molécula,2,1,sin-cifra,0,sin-pagina
tl:50652-80-7,50652-80-7,molécula,2,1,sin-cifra,0,sin-pagina
tl:50746-10-6,50746-10-6,molécula,2,1,sin-cifra,0,sin-pagina
tl:51115-67-4,51115-67-4,molécula,2,1,sin-cifra,0,sin-pagina
tl:5131-66-8,5131-66-8,molécula,2,1,sin-cifra,0,sin-pagina
tl:51513-58-7,51513-58-7,molécula,2,1,sin-cifra,0,sin-pagina
tl:526218-21-3,526218-21-3,molécula,2,1,sin-cifra,0,sin-pagina
tl:52829-07-9,52829-07-9,molécula,2,0,sin-pagina,0,sin-pagina
tl:52906-93-1,52906-93-1,molécula,2,1,sin-cifra,0,sin-pagina
tl:53179-04-7,53179-04-7,molécula,2,1,sin-cifra,0,sin-pagina
tl:532-32-1,532-32-1,molécula,2,1,sin-cifra,0,sin-pagina
tl:5333-42-6,5333-42-6,molécula,2,1,sin-cifra,0,sin-pagina
tl:5343-92-0,5343-92-0,molécula,2,1,sin-cifra,0,sin-pagina
tl:53956-04-0,53956-04-0,molécula,2,1,sin-cifra,0,sin-pagina
tl:54-28-4,54-28-4,molécula,2,1,sin-cifra,0,sin-pagina
tl:540-10-3,540-10-3,molécula,2,1,sin-cifra,0,sin-pagina
tl:540734-22-3,540734-22-3,molécula,2,0,sin-pagina,0,sin-pagina
tl:541-02-6,541-02-6,molécula,2,1,sin-cifra,0,sin-pagina
tl:542-55-2,542-55-2,molécula,2,1,con-cifra,0,sin-pagina
tl:54200-50-9,54200-50-9,molécula,2,1,con-cifra,0,sin-pagina
tl:5421-12-5,5421-12-5,molécula,2,1,con-cifra,0,sin-pagina
tl:5422-34-4,5422-34-4,molécula,2,1,sin-cifra,0,sin-pagina
tl:543724-31-8,543724-31-8,molécula,2,1,sin-cifra,0,sin-pagina
tl:544-63-8,544-63-8,molécula,2,1,con-cifra,1,con-cifra
tl:544-76-3,544-76-3,molécula,2,1,sin-cifra,0,sin-pagina
tl:5466-77-3,5466-77-3,molécula,2,1,sin-cifra,0,sin-pagina
tl:5468-05-3,5468-05-3,molécula,2,1,sin-cifra,0,sin-pagina
tl:547-60-4,547-60-4,molécula,2,1,sin-cifra,0,sin-pagina
tl:54889-63-3,54889-63-3,molécula,2,1,sin-cifra,0,sin-pagina
tl:5502-88-5,5502-88-5,molécula,2,1,sin-cifra,0,sin-pagina
tl:55066-53-0,55066-53-0,molécula,2,1,sin-cifra,0,sin-pagina
tl:5552-30-7,5552-30-7,molécula,2,1,sin-cifra,0,sin-pagina
tl:55722-64-0,55722-64-0,molécula,2,0,sin-pagina,0,sin-pagina
tl:55934-93-5,55934-93-5,molécula,2,1,sin-cifra,0,sin-pagina
tl:55965-84-9,55965-84-9,molécula,2,1,sin-cifra,0,sin-pagina
tl:56-81-5,56-81-5,molécula,2,1,sin-cifra,0,sin-pagina
tl:563-80-4,563-80-4,molécula,2,1,sin-cifra,0,sin-pagina
tl:56438-09-6,56438-09-6,molécula,2,1,sin-cifra,0,sin-pagina
tl:56922-80-6,56922-80-6,molécula,2,1,sin-cifra,0,sin-pagina
tl:57-10-3,57-10-3,molécula,2,1,con-cifra,0,sin-pagina
tl:57-11-4,57-11-4,molécula,2,1,sin-cifra,0,sin-pagina
tl:57-13-6,57-13-6,molécula,2,1,sin-cifra,0,sin-pagina
tl:57-55-6,57-55-6,molécula,2,2,sin-cifra,1,con-cifra
tl:57500-00-2,57500-00-2,molécula,2,1,con-cifra,0,sin-pagina
tl:577-11-7,577-11-7,molécula,2,1,sin-cifra,0,sin-pagina
tl:57743-63-2,57743-63-2,molécula,2,1,con-cifra,0,sin-pagina
tl:578020-40-3,578020-40-3,molécula,2,0,sin-pagina,0,sin-pagina
tl:579-93-1,579-93-1,molécula,2,1,sin-cifra,0,sin-pagina
tl:58425-36-8,58425-36-8,molécula,2,1,sin-cifra,0,sin-pagina
tl:585-34-2,585-34-2,molécula,2,1,sin-cifra,0,sin-pagina
tl:589-35-5,589-35-5,molécula,2,1,con-cifra,0,sin-pagina
tl:59-02-9,59-02-9,molécula,2,1,sin-cifra,0,sin-pagina
tl:59056-93-8,59056-93-8,molécula,2,0,sin-pagina,0,sin-pagina
tl:59259-38-0,59259-38-0,molécula,2,1,con-cifra,0,sin-pagina
tl:593-45-3,593-45-3,molécula,2,1,sin-cifra,0,sin-pagina
tl:60-33-3,60-33-3,molécula,2,2,sin-cifra,0,sin-pagina
tl:60308-75-0,60308-75-0,molécula,2,1,sin-cifra,0,sin-pagina
tl:60405-50-7,60405-50-7,molécula,2,1,sin-cifra,0,sin-pagina
tl:60828-78-6,60828-78-6,molécula,2,3,sin-cifra,0,sin-pagina
tl:61315-75-1,61315-75-1,molécula,2,1,sin-cifra,0,sin-pagina
tl:6143-29-9,6143-29-9,molécula,2,0,sin-pagina,0,sin-pagina
tl:615-13-4,615-13-4,molécula,2,1,sin-cifra,0,sin-pagina
tl:6153-56-6,6153-56-6,molécula,2,1,sin-cifra,0,sin-pagina
tl:61597-98-6,61597-98-6,molécula,2,0,sin-pagina,0,sin-pagina
tl:61692-84-0,61692-84-0,molécula,2,1,con-cifra,0,sin-pagina
tl:61788-85-0,61788-85-0,molécula,2,21,sin-cifra,0,sin-pagina
tl:61788-90-7,61788-90-7,molécula,2,1,sin-cifra,0,sin-pagina
tl:61791-12-6,61791-12-6,molécula,2,28,sin-cifra,0,sin-pagina
tl:61791-34-2,61791-34-2,molécula,2,0,sin-pagina,0,sin-pagina
tl:61827-42-7,61827-42-7,molécula,2,1,sin-cifra,0,sin-pagina
tl:61849-72-7,61849-72-7,molécula,2,2,sin-cifra,0,sin-pagina
tl:6197-30-4,6197-30-4,molécula,2,1,sin-cifra,0,sin-pagina
tl:621-23-8,621-23-8,molécula,2,1,sin-cifra,0,sin-pagina
tl:621-27-2,621-27-2,molécula,2,1,sin-cifra,0,sin-pagina
tl:623-37-0,623-37-0,molécula,2,1,con-cifra,0,sin-pagina
tl:6261-30-9,6261-30-9,molécula,2,0,sin-pagina,0,sin-pagina
tl:627-93-0,627-93-0,molécula,2,1,sin-cifra,0,sin-pagina
tl:628-73-9,628-73-9,molécula,2,1,con-cifra,0,sin-pagina
tl:628-99-9,628-99-9,molécula,2,1,con-cifra,0,sin-pagina
tl:629-50-5,629-50-5,molécula,2,1,sin-cifra,0,sin-pagina
tl:629-59-4,629-59-4,molécula,2,1,con-cifra,0,sin-pagina
tl:629-62-9,629-62-9,molécula,2,1,con-cifra,0,sin-pagina
tl:629-78-7,629-78-7,molécula,2,1,sin-cifra,0,sin-pagina
tl:629-92-5,629-92-5,molécula,2,1,sin-cifra,0,sin-pagina
tl:629-94-7,629-94-7,molécula,2,1,sin-cifra,0,sin-pagina
tl:629-97-0,629-97-0,molécula,2,1,con-cifra,0,sin-pagina
tl:6309-51-9,6309-51-9,molécula,2,1,con-cifra,0,sin-pagina
tl:63148-62-9,63148-62-9,molécula,2,1,sin-cifra,0,sin-pagina
tl:633-96-5,633-96-5,molécula,2,1,sin-cifra,0,sin-pagina
tl:634-36-6,634-36-6,molécula,2,1,sin-cifra,0,sin-pagina
tl:637-78-5,637-78-5,molécula,2,1,con-cifra,0,sin-pagina
tl:638-67-5,638-67-5,molécula,2,1,con-cifra,0,sin-pagina
tl:6381-92-6,6381-92-6,molécula,2,1,sin-cifra,0,sin-pagina
tl:6386-38-5,6386-38-5,molécula,2,1,sin-cifra,0,sin-pagina
tl:64-02-8,64-02-8,molécula,2,1,sin-cifra,0,sin-pagina
tl:64-19-7,64-19-7,molécula,2,1,sin-cifra,1,con-cifra
tl:6408-50-0,6408-50-0,molécula,2,0,sin-pagina,0,sin-pagina
tl:6408-72-6,6408-72-6,molécula,2,0,sin-pagina,0,sin-pagina
tl:64091-34-5,64091-34-5,molécula,2,0,sin-pagina,0,sin-pagina
tl:6414-32-0,6414-32-0,molécula,2,1,con-cifra,0,sin-pagina
tl:6422-86-2,6422-86-2,molécula,2,1,sin-cifra,0,sin-pagina
tl:643-53-8,643-53-8,molécula,2,1,sin-cifra,0,sin-pagina
tl:645-13-6,645-13-6,molécula,2,1,con-cifra,0,sin-pagina
tl:645-56-7,645-56-7,molécula,2,1,sin-cifra,0,sin-pagina
tl:64741-65-7,64741-65-7,molécula,2,1,sin-cifra,0,sin-pagina
tl:64742-14-9,64742-14-9,molécula,2,0,sin-pagina,0,sin-pagina
tl:64742-46-7,64742-46-7,molécula,2,1,sin-cifra,0,sin-pagina
tl:64742-47-8,64742-47-8,molécula,2,0,sin-pagina,0,sin-pagina
tl:64742-48-9,64742-48-9,molécula,2,1,sin-cifra,0,sin-pagina
tl:64742-52-5,64742-52-5,molécula,2,0,sin-pagina,0,sin-pagina
tl:64771-72-8,64771-72-8,molécula,2,0,sin-pagina,0,sin-pagina
tl:65173-43-5,65173-43-5,molécula,2,0,sin-pagina,0,sin-pagina
tl:6535-42-8,6535-42-8,molécula,2,1,sin-cifra,0,sin-pagina
tl:65381-09-1,65381-09-1,molécula,2,1,sin-cifra,0,sin-pagina
tl:65497-29-2,65497-29-2,molécula,2,1,sin-cifra,0,sin-pagina
tl:656-53-1,656-53-1,molécula,2,1,sin-cifra,0,sin-pagina
tl:65996-98-7,65996-98-7,molécula,2,1,sin-cifra,0,sin-pagina
tl:65997-05-9,65997-05-9,molécula,2,1,sin-cifra,0,sin-pagina
tl:65997-06-0,65997-06-0,molécula,2,1,sin-cifra,0,sin-pagina
tl:66009-41-4,66009-41-4,molécula,2,1,sin-cifra,0,sin-pagina
tl:66094-79-9,66094-79-9,molécula,2,0,sin-pagina,0,sin-pagina
tl:661-19-8,661-19-8,molécula,2,1,sin-cifra,0,sin-pagina
tl:6683-19-8,6683-19-8,molécula,2,1,sin-cifra,0,sin-pagina
tl:67-63-0,67-63-0,molécula,2,1,con-cifra,0,sin-pagina
tl:67-64-1,67-64-1,molécula,2,1,sin-cifra,0,sin-pagina
tl:67-68-5,67-68-5,molécula,2,1,sin-cifra,0,sin-pagina
tl:6706-82-7,6706-82-7,molécula,2,1,sin-cifra,0,sin-pagina
tl:67634-24-6,67634-24-6,molécula,2,1,sin-cifra,0,sin-pagina
tl:67701-33-1,67701-33-1,molécula,2,1,sin-cifra,0,sin-pagina
tl:67762-38-3,67762-38-3,molécula,2,1,sin-cifra,0,sin-pagina
tl:67784-80-9,67784-80-9,molécula,2,1,sin-cifra,0,sin-pagina
tl:67801-17-6,67801-17-6,molécula,2,1,sin-cifra,0,sin-pagina
tl:67801-23-4,67801-23-4,molécula,2,1,sin-cifra,0,sin-pagina
tl:67828-19-7,67828-19-7,molécula,2,1,sin-cifra,0,sin-pagina
tl:67845-28-7,67845-28-7,molécula,2,1,sin-cifra,0,sin-pagina
tl:67845-93-6,67845-93-6,molécula,2,1,sin-cifra,0,sin-pagina
tl:67860-01-9,67860-01-9,molécula,2,1,sin-cifra,0,sin-pagina
tl:68-04-2,68-04-2,molécula,2,1,sin-cifra,0,sin-pagina
tl:68002-94-8,68002-94-8,molécula,2,1,sin-cifra,0,sin-pagina
tl:68039-78-1,68039-78-1,molécula,2,1,sin-cifra,0,sin-pagina
tl:68131-39-5,68131-39-5,molécula,2,9,sin-cifra,0,sin-pagina
tl:68131-40-8,68131-40-8,molécula,2,10,sin-cifra,0,sin-pagina
tl:68133-72-2,68133-72-2,molécula,2,1,con-cifra,0,sin-pagina
tl:68141-14-0,68141-14-0,molécula,2,1,sin-cifra,0,sin-pagina
tl:68141-16-2,68141-16-2,molécula,2,0,sin-pagina,0,sin-pagina
tl:681433-04-5,681433-04-5,molécula,2,1,sin-cifra,0,sin-pagina
tl:68186-14-1,68186-14-1,molécula,2,1,con-cifra,0,sin-pagina
tl:68201-46-7,68201-46-7,molécula,2,5,sin-cifra,0,sin-pagina
tl:6829-22-7,6829-22-7,molécula,2,0,sin-pagina,0,sin-pagina
tl:68391-01-5,68391-01-5,molécula,2,1,sin-cifra,0,sin-pagina
tl:68412-54-4,68412-54-4,molécula,2,0,sin-pagina,0,sin-pagina
tl:68424-45-3,68424-45-3,molécula,2,1,sin-cifra,0,sin-pagina
tl:68424-85-1,68424-85-1,molécula,2,1,sin-cifra,0,sin-pagina
tl:68439-45-2,68439-45-2,molécula,2,0,sin-pagina,0,sin-pagina
tl:68439-46-3,68439-46-3,molécula,2,3,sin-cifra,0,sin-pagina
tl:68439-50-9,68439-50-9,molécula,2,5,sin-cifra,0,sin-pagina
tl:68476-78-8,68476-78-8,molécula,2,1,sin-cifra,0,sin-pagina
tl:68511-37-5,68511-37-5,molécula,2,0,sin-pagina,0,sin-pagina
tl:68515-73-1,68515-73-1,molécula,2,1,sin-cifra,0,sin-pagina
tl:68526-84-1,68526-84-1,molécula,2,1,sin-cifra,0,sin-pagina
tl:68526-86-3,68526-86-3,molécula,2,1,sin-cifra,0,sin-pagina
tl:68551-16-6,68551-16-6,molécula,2,1,sin-cifra,0,sin-pagina
tl:68551-17-7,68551-17-7,molécula,2,1,sin-cifra,0,sin-pagina
tl:68551-19-9,68551-19-9,molécula,2,1,sin-cifra,0,sin-pagina
tl:68551-20-2,68551-20-2,molécula,2,1,sin-cifra,0,sin-pagina
tl:68555-08-8,68555-08-8,molécula,2,0,sin-pagina,0,sin-pagina
tl:68611-44-9,68611-44-9,molécula,2,1,sin-cifra,0,sin-pagina
tl:68648-53-3,68648-53-3,molécula,2,1,sin-cifra,0,sin-pagina
tl:68844-95-1,68844-95-1,molécula,2,1,con-cifra,0,sin-pagina
tl:68845-01-2,68845-01-2,molécula,2,1,sin-cifra,0,sin-pagina
tl:68845-35-2,68845-35-2,molécula,2,1,sin-cifra,0,sin-pagina
tl:68855-56-1,68855-56-1,molécula,2,1,sin-cifra,0,sin-pagina
tl:689-65-6,689-65-6,molécula,2,0,sin-pagina,0,sin-pagina
tl:689-89-4,689-89-4,molécula,2,1,sin-cifra,0,sin-pagina
tl:68922-12-3,68922-12-3,molécula,2,1,sin-cifra,0,sin-pagina
tl:68955-55-5,68955-55-5,molécula,2,0,sin-pagina,0,sin-pagina
tl:68956-68-3,68956-68-3,molécula,2,1,sin-cifra,0,sin-pagina
tl:68987-81-5,68987-81-5,molécula,2,1,sin-cifra,0,sin-pagina
tl:68990-53-4,68990-53-4,molécula,2,1,sin-cifra,0,sin-pagina
tl:69-65-8,69-65-8,molécula,2,1,sin-cifra,0,sin-pagina
tl:69-72-7,69-72-7,molécula,2,1,sin-cifra,0,sin-pagina
tl:69011-36-5,69011-36-5,molécula,2,1,sin-cifra,0,sin-pagina
tl:6920-22-5,6920-22-5,molécula,2,1,sin-cifra,0,sin-pagina
tl:69227-22-1,69227-22-1,molécula,2,0,sin-pagina,0,sin-pagina
tl:6938-94-9,6938-94-9,molécula,2,1,sin-cifra,0,sin-pagina
tl:6939-35-1,6939-35-1,molécula,2,1,sin-cifra,0,sin-pagina
tl:697-82-5,697-82-5,molécula,2,1,sin-cifra,0,sin-pagina
tl:69929-16-4,69929-16-4,molécula,2,1,con-cifra,0,sin-pagina
tl:70356-09-1,70356-09-1,molécula,2,1,sin-cifra,0,sin-pagina
tl:70445-33-9,70445-33-9,molécula,2,1,sin-cifra,0,sin-pagina
tl:70592-80-2,70592-80-2,molécula,2,0,sin-pagina,0,sin-pagina
tl:710-40-7,710-40-7,molécula,2,1,sin-cifra,0,sin-pagina
tl:71648-43-6,71648-43-6,molécula,2,1,con-cifra,0,sin-pagina
tl:71701-33-2,71701-33-2,molécula,2,1,sin-cifra,0,sin-pagina
tl:7182-21-0,7182-21-0,molécula,2,1,sin-cifra,0,sin-pagina
tl:7235-40-7,7235-40-7,molécula,2,1,sin-cifra,0,sin-pagina
tl:72681-01-7,72681-01-7,molécula,2,0,sin-pagina,0,sin-pagina
tl:72869-74-0,72869-74-0,molécula,2,1,sin-cifra,0,sin-pagina
tl:72894-12-3,72894-12-3,molécula,2,1,con-cifra,0,sin-pagina
tl:72903-23-2,72903-23-2,molécula,2,0,sin-pagina,0,sin-pagina
tl:72927-84-5,72927-84-5,molécula,2,0,sin-pagina,0,sin-pagina
tl:72939-49-2,72939-49-2,molécula,2,0,sin-pagina,0,sin-pagina
tl:72987-59-8,72987-59-8,molécula,2,1,sin-cifra,1,con-cifra
tl:73263-36-2,73263-36-2,molécula,2,1,sin-cifra,0,sin-pagina
tl:73398-61-5,73398-61-5,molécula,2,1,sin-cifra,0,sin-pagina
tl:7370-44-7,7370-44-7,molécula,2,1,sin-cifra,0,sin-pagina
tl:744266-61-3,744266-61-3,molécula,2,0,sin-pagina,0,sin-pagina
tl:7446-09-5,7446-09-5,molécula,2,1,sin-cifra,0,sin-pagina
tl:74499-60-8,74499-60-8,molécula,2,1,sin-cifra,0,sin-pagina
tl:7493-72-3,7493-72-3,molécula,2,1,con-cifra,0,sin-pagina
tl:75-47-8,75-47-8,molécula,2,1,sin-cifra,0,sin-pagina
tl:75-50-3,75-50-3,molécula,2,1,sin-cifra,0,sin-pagina
tl:75-85-4,75-85-4,molécula,2,1,sin-cifra,0,sin-pagina
tl:75150-29-7,75150-29-7,molécula,2,0,sin-pagina,0,sin-pagina
tl:7558-80-7,7558-80-7,molécula,2,1,sin-cifra,0,sin-pagina
tl:7605-53-0,7605-53-0,molécula,2,0,sin-pagina,0,sin-pagina
tl:762300-77-6,762300-77-6,molécula,2,0,sin-pagina,0,sin-pagina
tl:763-32-6,763-32-6,molécula,2,1,sin-cifra,0,sin-pagina
tl:7631-86-9,7631-86-9,molécula,2,1,sin-cifra,0,sin-pagina
tl:764-39-6,764-39-6,molécula,2,1,con-cifra,0,sin-pagina
tl:7647-14-5,7647-14-5,molécula,2,1,sin-cifra,0,sin-pagina
tl:7664-93-9,7664-93-9,molécula,2,1,sin-cifra,0,sin-pagina
tl:7695-91-2,7695-91-2,molécula,2,1,sin-cifra,0,sin-pagina
tl:77-86-1,77-86-1,molécula,2,1,sin-cifra,0,sin-pagina
tl:77-89-4,77-89-4,molécula,2,1,sin-cifra,0,sin-pagina
tl:77-90-7,77-90-7,molécula,2,1,con-cifra,0,sin-pagina
tl:77-92-9,77-92-9,molécula,2,1,sin-cifra,1,con-cifra
tl:7732-18-5,7732-18-5,molécula,2,1,sin-cifra,0,sin-pagina
tl:77341-67-4,77341-67-4,molécula,2,1,sin-cifra,0,sin-pagina
tl:7757-82-6,7757-82-6,molécula,2,1,sin-cifra,0,sin-pagina
tl:7758-87-4,7758-87-4,molécula,2,2,sin-cifra,0,sin-pagina
tl:7786-30-3,7786-30-3,molécula,2,1,sin-cifra,0,sin-pagina
tl:78330-21-9,78330-21-9,molécula,2,1,sin-cifra,0,sin-pagina
tl:79-33-4,79-33-4,molécula,2,1,sin-cifra,0,sin-pagina
tl:79-42-5,79-42-5,molécula,2,1,sin-cifra,0,sin-pagina
tl:79-68-5,79-68-5,molécula,2,1,sin-cifra,0,sin-pagina
tl:8002-43-5,8002-43-5,molécula,2,2,sin-cifra,0,sin-pagina
tl:8002-74-2,8002-74-2,molécula,2,1,sin-cifra,0,sin-pagina
tl:8003-22-3,8003-22-3,molécula,2,2,sin-cifra,0,sin-pagina
tl:8004-92-0,8004-92-0,molécula,2,1,sin-cifra,0,sin-pagina
tl:8012-95-1,8012-95-1,molécula,2,1,sin-cifra,0,sin-pagina
tl:8013-17-0,8013-17-0,molécula,2,1,sin-cifra,0,sin-pagina
tl:8029-43-4,8029-43-4,molécula,2,1,sin-cifra,0,sin-pagina
tl:8042-47-5,8042-47-5,molécula,2,1,sin-cifra,0,sin-pagina
tl:8049-84-1,8049-84-1,molécula,2,0,sin-pagina,0,sin-pagina
tl:8050-31-5,8050-31-5,molécula,2,1,sin-cifra,0,sin-pagina
tl:81-07-2,81-07-2,molécula,2,1,sin-cifra,0,sin-pagina
tl:81-48-1,81-48-1,molécula,2,1,sin-cifra,0,sin-pagina
tl:816-73-9,816-73-9,molécula,2,1,sin-cifra,0,sin-pagina
tl:81782-89-0,81782-89-0,molécula,2,1,sin-cifra,0,sin-pagina
tl:83863-64-3,83863-64-3,molécula,2,1,sin-cifra,0,sin-pagina
tl:84133-50-6,84133-50-6,molécula,2,11,sin-cifra,0,sin-pagina
tl:84625-54-7,84625-54-7,molécula,2,1,sin-cifra,0,sin-pagina
tl:84682-20-2,84682-20-2,molécula,2,1,sin-cifra,0,sin-pagina
tl:847565-09-7,847565-09-7,molécula,2,1,sin-cifra,0,sin-pagina
tl:85-83-6,85-83-6,molécula,2,0,sin-pagina,0,sin-pagina
tl:85-86-9,85-86-9,molécula,2,1,sin-cifra,0,sin-pagina
tl:85029-57-8,85029-57-8,molécula,2,0,sin-pagina,0,sin-pagina
tl:85099-51-0,85099-51-0,molécula,2,1,sin-cifra,0,sin-pagina
tl:852379-28-3,852379-28-3,molécula,2,1,sin-cifra,0,sin-pagina
tl:854737-08-9,854737-08-9,molécula,2,1,sin-cifra,0,sin-pagina
tl:85536-25-0,85536-25-0,molécula,2,1,sin-cifra,0,sin-pagina
tl:855737-35-8,855737-35-8,molécula,2,0,sin-pagina,0,sin-pagina
tl:861589-90-4,861589-90-4,molécula,2,0,sin-pagina,0,sin-pagina
tl:86198-35-8,86198-35-8,molécula,2,1,sin-cifra,0,sin-pagina
tl:866-84-2,866-84-2,molécula,2,1,sin-cifra,0,sin-pagina
tl:87-69-4,87-69-4,molécula,2,1,sin-cifra,0,sin-pagina
tl:87-91-2,87-91-2,molécula,2,1,con-cifra,0,sin-pagina
tl:870515-09-6,870515-09-6,molécula,2,0,sin-pagina,0,sin-pagina
tl:87061-04-9,87061-04-9,molécula,2,1,con-cifra,0,sin-pagina
tl:88-04-0,88-04-0,molécula,2,1,sin-cifra,0,sin-pagina
tl:88-18-6,88-18-6,molécula,2,1,sin-cifra,0,sin-pagina
tl:88-60-8,88-60-8,molécula,2,1,con-cifra,0,sin-pagina
tl:885702-72-7,885702-72-7,molécula,2,1,sin-cifra,0,sin-pagina
tl:88917-22-0,88917-22-0,molécula,2,1,sin-cifra,0,sin-pagina
tl:89-72-5,89-72-5,molécula,2,1,sin-cifra,0,sin-pagina
tl:89319-68-6,89319-68-6,molécula,2,0,sin-pagina,0,sin-pagina
tl:90-00-6,90-00-6,molécula,2,1,sin-cifra,0,sin-pagina
tl:90-12-0,90-12-0,molécula,2,1,sin-cifra,0,sin-pagina
tl:9000-70-8,9000-70-8,molécula,2,1,sin-cifra,0,sin-pagina
tl:9002-88-4,9002-88-4,molécula,2,1,sin-cifra,0,sin-pagina
tl:9002-92-0,9002-92-0,molécula,2,19,sin-cifra,0,sin-pagina
tl:9002-93-1,9002-93-1,molécula,2,17,sin-cifra,0,sin-pagina
tl:9003-08-1,9003-08-1,molécula,2,2,sin-cifra,0,sin-pagina
tl:9003-11-6,9003-11-6,molécula,2,94,sin-cifra,0,sin-pagina
tl:9003-13-8,9003-13-8,molécula,2,19,sin-cifra,0,sin-pagina
tl:9003-29-6,9003-29-6,molécula,2,1,sin-cifra,0,sin-pagina
tl:9003-39-8,9003-39-8,molécula,2,1,sin-cifra,0,sin-pagina
tl:9003-73-0,9003-73-0,molécula,2,1,con-cifra,0,sin-pagina
tl:9004-32-4,9004-32-4,molécula,2,1,sin-cifra,0,sin-pagina
tl:9004-34-6,9004-34-6,molécula,2,2,sin-cifra,0,sin-pagina
tl:9004-53-9,9004-53-9,molécula,2,1,sin-cifra,0,sin-pagina
tl:9004-57-3,9004-57-3,molécula,2,1,sin-cifra,0,sin-pagina
tl:9004-62-0,9004-62-0,molécula,2,1,sin-cifra,0,sin-pagina
tl:9004-87-9,9004-87-9,molécula,2,0,sin-pagina,0,sin-pagina
tl:9004-98-2,9004-98-2,molécula,2,27,sin-cifra,0,sin-pagina
tl:9005-25-8,9005-25-8,molécula,2,4,sin-cifra,0,sin-pagina
tl:9005-64-5,9005-64-5,molécula,2,7,con-cifra,0,sin-pagina
tl:9005-65-6,9005-65-6,molécula,2,5,sin-cifra,0,sin-pagina
tl:9005-67-8,9005-67-8,molécula,2,6,sin-cifra,0,sin-pagina
tl:9016-45-9,9016-45-9,molécula,2,0,sin-pagina,0,sin-pagina
tl:9035-85-2,9035-85-2,molécula,2,5,sin-cifra,0,sin-pagina
tl:9036-19-5,9036-19-5,molécula,2,0,sin-pagina,0,sin-pagina
tl:9038-43-1,9038-43-1,molécula,2,4,sin-cifra,0,sin-pagina
tl:9038-95-3,9038-95-3,molécula,2,24,sin-cifra,0,sin-pagina
tl:9050-36-6,9050-36-6,molécula,2,1,sin-cifra,0,sin-pagina
tl:9051-57-4,9051-57-4,molécula,2,1,sin-cifra,0,sin-pagina
tl:90622-57-4,90622-57-4,molécula,2,1,sin-cifra,0,sin-pagina
tl:90622-58-5,90622-58-5,molécula,2,1,sin-cifra,0,sin-pagina
tl:9087-53-0,9087-53-0,molécula,2,18,sin-cifra,0,sin-pagina
tl:91-76-9,91-76-9,molécula,2,1,sin-cifra,0,sin-pagina
tl:91744-56-8,91744-56-8,molécula,2,0,sin-pagina,0,sin-pagina
tl:925-47-3,925-47-3,molécula,2,1,sin-cifra,0,sin-pagina
tl:926-50-1,926-50-1,molécula,2,0,sin-pagina,0,sin-pagina
tl:93685-81-5,93685-81-5,molécula,2,1,sin-cifra,0,sin-pagina
tl:93804-64-9,93804-64-9,molécula,2,1,con-cifra,0,sin-pagina
tl:93821-14-8,93821-14-8,molécula,2,0,sin-pagina,0,sin-pagina
tl:93894-30-5,93894-30-5,molécula,2,1,con-cifra,0,sin-pagina
tl:93963-23-6,93963-23-6,molécula,2,0,sin-pagina,0,sin-pagina
tl:94-26-8,94-26-8,molécula,2,1,sin-cifra,0,sin-pagina
tl:94278-39-4,94278-39-4,molécula,2,1,sin-cifra,0,sin-pagina
tl:94386-48-8,94386-48-8,molécula,2,1,sin-cifra,0,sin-pagina
tl:947-05-7,947-05-7,molécula,2,0,sin-pagina,0,sin-pagina
tl:947237-95-8,947237-95-8,molécula,2,0,sin-pagina,0,sin-pagina
tl:95-21-6,95-21-6,molécula,2,1,con-cifra,0,sin-pagina
tl:95-63-6,95-63-6,molécula,2,1,sin-cifra,0,sin-pagina
tl:95912-86-0,95912-86-0,molécula,2,1,sin-cifra,0,sin-pagina
tl:960253-23-0,960253-23-0,molécula,2,0,sin-pagina,0,sin-pagina
tl:97-63-2,97-63-2,molécula,2,1,sin-cifra,0,sin-pagina
tl:97-88-1,97-88-1,molécula,2,1,sin-cifra,0,sin-pagina
tl:97488-91-0,97488-91-0,molécula,2,0,sin-pagina,0,sin-pagina
tl:98-51-1,98-51-1,molécula,2,1,con-cifra,0,sin-pagina
tl:98-89-5,98-89-5,molécula,2,1,con-cifra,0,sin-pagina
tl:98969-19-8,98969-19-8,molécula,2,0,sin-pagina,0,sin-pagina
tl:99-71-8,99-71-8,molécula,2,1,sin-cifra,0,sin-pagina
tl:99-76-3,99-76-3,molécula,2,1,sin-cifra,0,sin-pagina
tl:99-89-8,99-89-8,molécula,2,1,sin-cifra,0,sin-pagina
tl:99-93-4,99-93-4,molécula,2,1,sin-cifra,0,sin-pagina
