id_contenedor,id_componente,min,tipico,max,tipo_valor,autoridad,id_documento,notas
M00003,S00001,,0.48,,tipico,anexo-ifra,D00001,Lavender oil (Lavandula angustifolia angustifolia)
M00003,S00003,,1.04,,tipico,anexo-ifra,D00001,Lavender oil (Lavandula angustifolia angustifolia)
M00003,S00004,,0.01,,tipico,anexo-ifra,D00001,Lavender oil (Lavandula angustifolia angustifolia)
M00010,S00006,,,0.5,maximo,literatura,D00012,"cifras de un documento de otro proveedor: placeholder de literatura, cuenta su máximo (D2); no prueba que este lote no lleve más"
M00010,S00011,,,0.05,maximo,literatura,D00012,"cifras de un documento de otro proveedor: placeholder de literatura, cuenta su máximo (D2); no prueba que este lote no lleve más"
M00010,S00012,,,0.2,maximo,literatura,D00012,"cifras de un documento de otro proveedor: placeholder de literatura, cuenta su máximo (D2); no prueba que este lote no lleve más"
M00010,S00082,,,0.5,maximo,literatura,D00012,"cifras de un documento de otro proveedor: placeholder de literatura, cuenta su máximo (D2); no prueba que este lote no lleve más"
M00023,S00012,,,0.007,maximo,literatura,D00013,"cifras de un documento de otro proveedor: placeholder de literatura, cuenta su máximo (D2); no prueba que este lote no lleve más"
M00041,S00035,,0.1561,,tipico,literatura,D00005,"cifras de un documento de otro proveedor: placeholder de literatura, cuenta su máximo (D2); no prueba que este lote no lleve más"
M00042,S00002,,13.0450,,tipico,literatura,D00006,"cifras de un documento de otro proveedor: placeholder de literatura, cuenta su máximo (D2); no prueba que este lote no lleve más"
M00042,S00061,,0.8698,,tipico,literatura,D00006,"cifras de un documento de otro proveedor: placeholder de literatura, cuenta su máximo (D2); no prueba que este lote no lleve más"
M00042,S00062,,22.9646,,tipico,literatura,D00006,"cifras de un documento de otro proveedor: placeholder de literatura, cuenta su máximo (D2); no prueba que este lote no lleve más"
M00043,S00024,,0.6,,tipico,anexo-ifra,D00001,"Cedarwood oil, Atlas (Cedrus atlantica (Endl.) Manetti ex Carriere)"
M00043,S00063,,1.5,,tipico,anexo-ifra,D00001,"Cedarwood oil, Atlas (Cedrus atlantica (Endl.) Manetti ex Carriere)"
M00044,S00001,,1.6,,tipico,anexo-ifra,D00001,Coriander seed oil (Coriandrum sativum L.)
M00045,S00001,,0.1,,tipico,anexo-ifra,D00001,"Lemon oil, expressed (Citrus limon (L.) Burm. f.)"
M00045,S00061,,3.5,,tipico,anexo-ifra,D00001,"Lemon oil, expressed (Citrus limon (L.) Burm. f.)"
M00045,S00064,,0.05,,tipico,anexo-ifra,D00001,"Lemon oil, expressed (Citrus limon (L.) Burm. f.)"
M00045,S00065,,0.1,,tipico,anexo-ifra,D00001,"Lemon oil, expressed (Citrus limon (L.) Burm. f.)"
M00046,S00001,,1.1,,tipico,anexo-ifra,D00001,Litsea cubeba oil (Litsea Cubeba(Lour.) Pers.)
M00046,S00024,,0.2,,tipico,anexo-ifra,D00001,Litsea cubeba oil (Litsea Cubeba(Lour.) Pers.)
M00046,S00061,,69,,tipico,anexo-ifra,D00001,Litsea cubeba oil (Litsea Cubeba(Lour.) Pers.)
M00046,S00065,,1.1,,tipico,anexo-ifra,D00001,Litsea cubeba oil (Litsea Cubeba(Lour.) Pers.)
M00046,S00066,,0.15,,tipico,anexo-ifra,D00001,Litsea cubeba oil (Litsea Cubeba(Lour.) Pers.)
M00046,S00068,,0.4,,tipico,anexo-ifra,D00001,Litsea cubeba oil (Litsea Cubeba(Lour.) Pers.)
M00046,S00069,,1,,tipico,anexo-ifra,D00001,Litsea cubeba oil (Litsea Cubeba(Lour.) Pers.)
M00046,S00070,,0.05,,tipico,anexo-ifra,D00001,Litsea cubeba oil (Litsea Cubeba(Lour.) Pers.)
M00046,S00001,,0.2920,,tipico,literatura,D00007,"cifras de un documento de otro proveedor: placeholder de literatura, cuenta su máximo (D2); no prueba que este lote no lleve más"
M00046,S00002,,1.2836,,tipico,literatura,D00007,"cifras de un documento de otro proveedor: placeholder de literatura, cuenta su máximo (D2); no prueba que este lote no lleve más"
M00046,S00015,,0.0381,,tipico,literatura,D00007,"cifras de un documento de otro proveedor: placeholder de literatura, cuenta su máximo (D2); no prueba que este lote no lleve más"
M00046,S00061,,66.6993,,tipico,literatura,D00007,"cifras de un documento de otro proveedor: placeholder de literatura, cuenta su máximo (D2); no prueba que este lote no lleve más"
M00046,S00062,,13.3938,,tipico,literatura,D00007,"cifras de un documento de otro proveedor: placeholder de literatura, cuenta su máximo (D2); no prueba que este lote no lleve más"
M00046,S00065,,0.5125,,tipico,literatura,D00007,"cifras de un documento de otro proveedor: placeholder de literatura, cuenta su máximo (D2); no prueba que este lote no lleve más"
M00046,S00066,,0.0524,,tipico,literatura,D00007,"cifras de un documento de otro proveedor: placeholder de literatura, cuenta su máximo (D2); no prueba que este lote no lleve más"
M00046,S00067,,0.3412,,tipico,literatura,D00007,"cifras de un documento de otro proveedor: placeholder de literatura, cuenta su máximo (D2); no prueba que este lote no lleve más"
M00046,S00068,,0.1708,,tipico,literatura,D00007,"cifras de un documento de otro proveedor: placeholder de literatura, cuenta su máximo (D2); no prueba que este lote no lleve más"
M00047,S00073,,0.4,,tipico,anexo-ifra,D00001,Mandarin oil (Citrus reticulata Blanco)
M00047,S00015,,0.0074,,tipico,literatura,D00008,"cifras de un documento de otro proveedor: placeholder de literatura, cuenta su máximo (D2); no prueba que este lote no lleve más"
M00047,S00062,,74.8701,,tipico,literatura,D00008,"cifras de un documento de otro proveedor: placeholder de literatura, cuenta su máximo (D2); no prueba que este lote no lleve más"
M00047,S00071,,0.1144,,tipico,literatura,D00008,"cifras de un documento de otro proveedor: placeholder de literatura, cuenta su máximo (D2); no prueba que este lote no lleve más"
M00047,S00072,,0.0036,,tipico,literatura,D00008,"cifras de un documento de otro proveedor: placeholder de literatura, cuenta su máximo (D2); no prueba que este lote no lleve más"
M00047,S00073,,0.1171,,tipico,literatura,D00008,"cifras de un documento de otro proveedor: placeholder de literatura, cuenta su máximo (D2); no prueba que este lote no lleve más"
M00048,S00061,,0.15,,tipico,anexo-ifra,D00001,"Orange, sweet, Valencia oil (Citrus sinensis (L.) Osbeck)"
M00050,S00012,,0.0293,,tipico,literatura,D00009,"cifras de un documento de otro proveedor: placeholder de literatura, cuenta su máximo (D2); no prueba que este lote no lleve más"
M00050,S00023,,0.1835,,tipico,literatura,D00009,"cifras de un documento de otro proveedor: placeholder de literatura, cuenta su máximo (D2); no prueba que este lote no lleve más"
M00050,S00074,,2.1895,,tipico,literatura,D00009,"cifras de un documento de otro proveedor: placeholder de literatura, cuenta su máximo (D2); no prueba que este lote no lleve más"
M00050,S00075,,0.1212,,tipico,literatura,D00009,"cifras de un documento de otro proveedor: placeholder de literatura, cuenta su máximo (D2); no prueba que este lote no lleve más"
M00050,S00076,,1.7952,,tipico,literatura,D00009,"cifras de un documento de otro proveedor: placeholder de literatura, cuenta su máximo (D2); no prueba que este lote no lleve más"
M00051,S00011,,0.04,,tipico,anexo-ifra,D00001,Styrax resinoid (Liquidambar styraciflua L.)
M00051,S00017,,0.04,,tipico,anexo-ifra,D00001,Styrax resinoid (Liquidambar styraciflua L.)
M00051,S00018,,1.4,,tipico,anexo-ifra,D00001,Styrax resinoid (Liquidambar styraciflua L.)
M00051,S00079,,0.93,,tipico,anexo-ifra,D00001,Styrax resinoid (Liquidambar styraciflua L.)
M00051,S00002,,,0.0080,maximo,literatura,D00010,"cifras de un documento de otro proveedor: placeholder de literatura, cuenta su máximo (D2); no prueba que este lote no lleve más"
M00051,S00011,,,0.0465,maximo,literatura,D00010,"cifras de un documento de otro proveedor: placeholder de literatura, cuenta su máximo (D2); no prueba que este lote no lleve más"
M00051,S00012,,,0.2200,maximo,literatura,D00010,"cifras de un documento de otro proveedor: placeholder de literatura, cuenta su máximo (D2); no prueba que este lote no lleve más"
M00051,S00013,,,6.0000,maximo,literatura,D00010,"cifras de un documento de otro proveedor: placeholder de literatura, cuenta su máximo (D2); no prueba que este lote no lleve más"
M00051,S00017,,,0.3500,maximo,literatura,D00010,"cifras de un documento de otro proveedor: placeholder de literatura, cuenta su máximo (D2); no prueba que este lote no lleve más"
M00051,S00018,,,7.0000,maximo,literatura,D00010,"cifras de un documento de otro proveedor: placeholder de literatura, cuenta su máximo (D2); no prueba que este lote no lleve más"
M00051,S00020,,,0.0070,maximo,literatura,D00010,"cifras de un documento de otro proveedor: placeholder de literatura, cuenta su máximo (D2); no prueba que este lote no lleve más"
M00051,S00023,,,0.0080,maximo,literatura,D00010,"cifras de un documento de otro proveedor: placeholder de literatura, cuenta su máximo (D2); no prueba que este lote no lleve más"
M00051,S00035,,,0.0040,maximo,literatura,D00010,"cifras de un documento de otro proveedor: placeholder de literatura, cuenta su máximo (D2); no prueba que este lote no lleve más"
M00051,S00074,,,0.0520,maximo,literatura,D00010,"cifras de un documento de otro proveedor: placeholder de literatura, cuenta su máximo (D2); no prueba que este lote no lleve más"
M00051,S00077,,,0.0020,maximo,literatura,D00010,"cifras de un documento de otro proveedor: placeholder de literatura, cuenta su máximo (D2); no prueba que este lote no lleve más"
M00051,S00078,,,0.0060,maximo,literatura,D00010,"cifras de un documento de otro proveedor: placeholder de literatura, cuenta su máximo (D2); no prueba que este lote no lleve más"
M00052,S00028,,25,,tipico,anexo-ifra,D00001,Sage Dalmatian oil (Salvia officinalis L.)
M00052,S00080,,8,,tipico,anexo-ifra,D00001,Sage Dalmatian oil (Salvia officinalis L.)
M00053,S00063,,0.2,,tipico,anexo-ifra,D00001,Vetiver oil (all origins) (Chrysopogon zizanioides (L.) Roberty)
M00053,S00081,,0.1,,tipico,anexo-ifra,D00001,Vetiver oil (all origins) (Chrysopogon zizanioides (L.) Roberty)
M00053,S00024,,2.4991,,tipico,literatura,D00011,"cifras de un documento de otro proveedor: placeholder de literatura, cuenta su máximo (D2); no prueba que este lote no lleve más"
M00058,S00001,,0.01,,tipico,anexo-ifra,D00001,Cistus absolute (Cistus ladaniferus L.)
M00058,S00011,,0.6,,tipico,anexo-ifra,D00001,Cistus absolute (Cistus ladaniferus L.)
M00058,S00018,,0.03,,tipico,anexo-ifra,D00001,Cistus absolute (Cistus ladaniferus L.)
M00058,S00020,,0.06,,tipico,anexo-ifra,D00001,Cistus absolute (Cistus ladaniferus L.)
M00059,S00015,,0.3,,tipico,anexo-ifra,D00001,Olibanum sacra oil (Boswellia sacra)
M00059,S00028,,0.1,,tipico,anexo-ifra,D00001,Olibanum sacra oil (Boswellia sacra)
M00059,S00080,,0.2,,tipico,anexo-ifra,D00001,Olibanum sacra oil (Boswellia sacra)
M00989,S00024,,0.3,,tipico,anexo-ifra,D00001,Abies alba needle oil (Abies alba Mill.)
M01003,S00020,,69,,tipico,anexo-ifra,D00001,Allspice oil (Pimenta dioica (L.) Merr.)
M01003,S00025,,8.5,,tipico,anexo-ifra,D00001,Allspice oil (Pimenta dioica (L.) Merr.)
M01004,S00011,,99,,tipico,anexo-ifra,D00001,"Almond oil, bitter (Prunus amygdalus amara (Bitter Almond) kernel oil)"
M01005,S00084,,5,,tipico,anexo-ifra,D00001,Ambrette seed absolute (Hibiscus abelmoschus L.)
M01005,S01004,,0.5,,tipico,anexo-ifra,D00001,Ambrette seed absolute (Hibiscus abelmoschus L.)
M01006,S00084,,,5,maximo,anexo-ifra,D00001,el máximo de las 3 entradas del anexo para 8015-62-1 (D14): Ambrette seed absolute
M01006,S01004,,,0.5,maximo,anexo-ifra,D00001,el máximo de las 3 entradas del anexo para 8015-62-1 (D14): Ambrette seed absolute
M01007,S00084,,3,,tipico,anexo-ifra,D00001,Ambrette seed oil (Hibiscus abelmoschus L.)
M01007,S01004,,0.2,,tipico,anexo-ifra,D00001,Ambrette seed oil (Hibiscus abelmoschus L.)
M01008,S00084,,0.2,,tipico,anexo-ifra,D00001,Ambrette tincture (Hibiscus abelmoschus L.)
M01012,S00102,,1.6,,tipico,anexo-ifra,D00001,Angelica root oil (Angelica archangelica L.)
M01013,S00014,,,0.2,maximo,anexo-ifra,D00001,el máximo de las 2 entradas del anexo para 8015-64-3 (D14): Angelica seed oil
M01013,S00024,,,0.5,maximo,anexo-ifra,D00001,el máximo de las 2 entradas del anexo para 8015-64-3 (D14): Angelica seed oil
M01013,S00102,,,1.6,maximo,anexo-ifra,D00001,el máximo de las 2 entradas del anexo para 8015-64-3 (D14): Angelica root oil
M01014,S00014,,,0.2,maximo,anexo-ifra,D00001,el máximo de las 2 entradas del anexo para 8015-64-3 (D14): Angelica seed oil
M01014,S00024,,,0.5,maximo,anexo-ifra,D00001,el máximo de las 2 entradas del anexo para 8015-64-3 (D14): Angelica seed oil
M01014,S00102,,,1.6,maximo,anexo-ifra,D00001,el máximo de las 2 entradas del anexo para 8015-64-3 (D14): Angelica root oil
M01015,S00014,,0.2,,tipico,anexo-ifra,D00001,Angelica seed oil (Angelica archangelica L.)
M01015,S00024,,0.5,,tipico,anexo-ifra,D00001,Angelica seed oil (Angelica archangelica L.)
M01015,S00102,,0.29,,tipico,anexo-ifra,D00001,Angelica seed oil (Angelica archangelica L.)
M01016,S00004,,0.5,,tipico,anexo-ifra,D00001,Anise seed oil (Pimpinella anisum L.)
M01016,S00083,,2.39,,tipico,anexo-ifra,D00001,Anise seed oil (Pimpinella anisum L.)
M01016,S01005,,0.43,,tipico,anexo-ifra,D00001,Anise seed oil (Pimpinella anisum L.)
M01023,S00001,,1,,tipico,anexo-ifra,D00001,Armoise vulgaris oil (Artemisia vulgaris L.)
M01023,S00020,,1,,tipico,anexo-ifra,D00001,Armoise vulgaris oil (Artemisia vulgaris L.)
M01023,S00028,,50,,tipico,anexo-ifra,D00001,Armoise vulgaris oil (Artemisia vulgaris L.)
M01023,S00080,,7.5,,tipico,anexo-ifra,D00001,Armoise vulgaris oil (Artemisia vulgaris L.)
M01024,S00028,,39,,tipico,anexo-ifra,D00001,Artemisia herba-alba oil (Artemesia herba alba Asso)
M01024,S00080,,10,,tipico,anexo-ifra,D00001,Artemisia herba-alba oil (Artemesia herba alba Asso)
M01026,S00001,,3.79,,tipico,anexo-ifra,D00001,Balm oil (Melissa officinalis L.)
M01026,S00065,,6.88,,tipico,anexo-ifra,D00001,Balm oil (Melissa officinalis L.)
M01026,S00066,,7.49,,tipico,anexo-ifra,D00001,Balm oil (Melissa officinalis L.)
M01026,S00068,,0.4,,tipico,anexo-ifra,D00001,Balm oil (Melissa officinalis L.)
M01026,S00069,,0.85,,tipico,anexo-ifra,D00001,Balm oil (Melissa officinalis L.)
M01026,S00071,,29.6,,tipico,anexo-ifra,D00001,Balm oil (Melissa officinallis L.)
M01026,S01006,,1.35,,tipico,anexo-ifra,D00001,Balm oil (Melissa officinallis L.)
M01026,S01007,,16.68,,tipico,anexo-ifra,D00001,Balm oil (Melissa officinallis L.)
M01027,S00012,,0.43,,tipico,anexo-ifra,D00001,"Balsam absolute, Peru (Myroxylon balsamum (L.) Harms var. pereirae (Royle) Harms)"
M01027,S00013,,9.95,,tipico,anexo-ifra,D00001,"Balsam absolute, Peru (Myroxylon balsamum (L.) Harms var. pereirae (Royle) Harms)"
M01027,S00074,,32.5,,tipico,anexo-ifra,D00001,"Balsam absolute, Peru (Myroxylon balsamum (L.) Harms var. pereirae (Royle) Harms)"
M01028,S00012,,,1.57,maximo,anexo-ifra,D00001,"el máximo de las 3 entradas del anexo para 8007-00-9 (D14): Balsam oil, Peru"
M01028,S00013,,,16.38,maximo,anexo-ifra,D00001,"el máximo de las 3 entradas del anexo para 8007-00-9 (D14): Balsam oil, Peru"
M01028,S00074,,,59.17,maximo,anexo-ifra,D00001,"el máximo de las 3 entradas del anexo para 8007-00-9 (D14): Balsam oil, Peru"
M01029,S00012,,,1.57,maximo,anexo-ifra,D00001,"el máximo de las 3 entradas del anexo para 8007-00-9 (D14): Balsam oil, Peru"
M01029,S00013,,,16.38,maximo,anexo-ifra,D00001,"el máximo de las 3 entradas del anexo para 8007-00-9 (D14): Balsam oil, Peru"
M01029,S00074,,,59.17,maximo,anexo-ifra,D00001,"el máximo de las 3 entradas del anexo para 8007-00-9 (D14): Balsam oil, Peru"
M01030,S00024,,0.22,,tipico,anexo-ifra,D00001,"Fir needle oil, Canadian (Abies balsamea (L.) Mill.)"
M01030,S00083,,0.04,,tipico,anexo-ifra,D00001,"Fir needle oil, Canadian (Abies balsamea (L.) Mill.)"
M01031,S00012,,1.57,,tipico,anexo-ifra,D00001,"Balsam oil, Peru (Myroxylon balsamum (L.) Harms var. pereirae (Royle) Harms)"
M01031,S00013,,16.38,,tipico,anexo-ifra,D00001,"Balsam oil, Peru (Myroxylon balsamum (L.) Harms var. pereirae (Royle) Harms)"
M01031,S00074,,59.17,,tipico,anexo-ifra,D00001,"Balsam oil, Peru (Myroxylon balsamum (L.) Harms var. pereirae (Royle) Harms)"
M01032,S00012,,0.17,,tipico,anexo-ifra,D00001,"Balsam resinoid, Peru (Myroxylon balsamum (L.) Harms var. pereirae (Royle) Harms)"
M01032,S00013,,9.02,,tipico,anexo-ifra,D00001,"Balsam resinoid, Peru (Myroxylon balsamum (L.) Harms var. pereirae (Royle) Harms)"
M01032,S00074,,14.16,,tipico,anexo-ifra,D00001,"Balsam resinoid, Peru (Myroxylon balsamum (L.) Harms var. pereirae (Royle) Harms)"
M01033,S00012,,,1.57,maximo,anexo-ifra,D00001,"el máximo de las 3 entradas del anexo para 8007-00-9 (D14): Balsam oil, Peru"
M01033,S00013,,,16.38,maximo,anexo-ifra,D00001,"el máximo de las 3 entradas del anexo para 8007-00-9 (D14): Balsam oil, Peru"
M01033,S00074,,,59.17,maximo,anexo-ifra,D00001,"el máximo de las 3 entradas del anexo para 8007-00-9 (D14): Balsam oil, Peru"
M01034,S00001,,,0.2,maximo,anexo-ifra,D00001,"el máximo de las 3 entradas del anexo para 8015-73-4 (D14): Basil oil, chemotype linalool"
M01034,S00014,,,0.2,maximo,anexo-ifra,D00001,"el máximo de las 3 entradas del anexo para 8015-73-4 (D14): Basil oil, chemotype linalool"
M01034,S00020,,,7.9,maximo,anexo-ifra,D00001,"el máximo de las 3 entradas del anexo para 8015-73-4 (D14): Basil oil, chemotype linalool"
M01034,S00025,,,0.39,maximo,anexo-ifra,D00001,"el máximo de las 3 entradas del anexo para 8015-73-4 (D14): Basil oil, chemotype estragole"
M01034,S00071,,,0.07,maximo,anexo-ifra,D00001,"el máximo de las 3 entradas del anexo para 8015-73-4 (D14): Basil oil, chemotype estragole"
M01034,S00083,,,81.87,maximo,anexo-ifra,D00001,"el máximo de las 3 entradas del anexo para 8015-73-4 (D14): Basil oil, chemotype estragole"
M01034,S01005,,,0.1,maximo,anexo-ifra,D00001,"el máximo de las 3 entradas del anexo para 8015-73-4 (D14): Basil oil, chemotype estragole"
M01034,S01006,,,0.1,maximo,anexo-ifra,D00001,"el máximo de las 3 entradas del anexo para 8015-73-4 (D14): Basil oil, chemotype linalool"
M01034,S01007,,,0.02,maximo,anexo-ifra,D00001,"el máximo de las 3 entradas del anexo para 8015-73-4 (D14): Basil oil, chemotype estragole"
M01034,S01008,,,0.49,maximo,anexo-ifra,D00001,"el máximo de las 3 entradas del anexo para 8015-73-4 (D14): Basil oil, chemotype estragole"
M01035,S00020,,0.34,,tipico,anexo-ifra,D00001,"Basil oil, chemotype estragole (Ocimum basilicum L.)"
M01035,S00025,,0.39,,tipico,anexo-ifra,D00001,"Basil oil, chemotype estragole (Ocimum basilicum L.)"
M01035,S00071,,0.07,,tipico,anexo-ifra,D00001,"Basil oil, chemotype estragole (Ocimum basilicum L.)"
M01035,S00083,,81.87,,tipico,anexo-ifra,D00001,"Basil oil, chemotype estragole (Ocimum basilicum L.)"
M01035,S01005,,0.1,,tipico,anexo-ifra,D00001,"Basil oil, chemotype estragole (Ocimum basilicum L.)"
M01035,S01007,,0.02,,tipico,anexo-ifra,D00001,"Basil oil, chemotype estragole (Ocimum basilicum L.)"
M01035,S01008,,0.49,,tipico,anexo-ifra,D00001,"Basil oil, chemotype estragole (Ocimum basilicum L.)"
M01036,S00001,,,0.2,maximo,anexo-ifra,D00001,"el máximo de las 3 entradas del anexo para 8015-73-4 (D14): Basil oil, chemotype linalool"
M01036,S00014,,,0.2,maximo,anexo-ifra,D00001,"el máximo de las 3 entradas del anexo para 8015-73-4 (D14): Basil oil, chemotype linalool"
M01036,S00020,,,7.9,maximo,anexo-ifra,D00001,"el máximo de las 3 entradas del anexo para 8015-73-4 (D14): Basil oil, chemotype linalool"
M01036,S00025,,,0.39,maximo,anexo-ifra,D00001,"el máximo de las 3 entradas del anexo para 8015-73-4 (D14): Basil oil, chemotype estragole"
M01036,S00071,,,0.07,maximo,anexo-ifra,D00001,"el máximo de las 3 entradas del anexo para 8015-73-4 (D14): Basil oil, chemotype estragole"
M01036,S00083,,,81.87,maximo,anexo-ifra,D00001,"el máximo de las 3 entradas del anexo para 8015-73-4 (D14): Basil oil, chemotype estragole"
M01036,S01005,,,0.1,maximo,anexo-ifra,D00001,"el máximo de las 3 entradas del anexo para 8015-73-4 (D14): Basil oil, chemotype estragole"
M01036,S01006,,,0.1,maximo,anexo-ifra,D00001,"el máximo de las 3 entradas del anexo para 8015-73-4 (D14): Basil oil, chemotype linalool"
M01036,S01007,,,0.02,maximo,anexo-ifra,D00001,"el máximo de las 3 entradas del anexo para 8015-73-4 (D14): Basil oil, chemotype estragole"
M01036,S01008,,,0.49,maximo,anexo-ifra,D00001,"el máximo de las 3 entradas del anexo para 8015-73-4 (D14): Basil oil, chemotype estragole"
M01037,S00001,,0.2,,tipico,anexo-ifra,D00001,"Basil oil, chemotype linalool (Ocimum basilicum L.)"
M01037,S00014,,0.2,,tipico,anexo-ifra,D00001,"Basil oil, chemotype linalool (Ocimum basilicum L.)"
M01037,S00020,,7.9,,tipico,anexo-ifra,D00001,"Basil oil, chemotype linalool (Ocimum basilicum L.)"
M01037,S00025,,0.2,,tipico,anexo-ifra,D00001,"Basil oil, chemotype linalool (Ocimum basilicum L.)"
M01037,S00083,,0.95,,tipico,anexo-ifra,D00001,"Basil oil, chemotype linalool (Ocimum basilicum L.)"
M01037,S01006,,0.1,,tipico,anexo-ifra,D00001,"Basil oil, chemotype linalool (Ocimum basilicum L.)"
M01038,S00020,,0.2,,tipico,anexo-ifra,D00001,"Basil oleoresin, chemotype estragole (Ocimum basilicum L.)"
M01038,S00025,,0.2,,tipico,anexo-ifra,D00001,"Basil oleoresin, chemotype estragole (Ocimum basilicum L.)"
M01038,S00083,,34,,tipico,anexo-ifra,D00001,"Basil oleoresin, chemotype estragole (Ocimum basilicum L.)"
M01039,S00003,,0.3,,tipico,anexo-ifra,D00001,"Bay leaf, West Indian, oil (Pimenta racemosa (Mill.) J.W. Moore)"
M01039,S00020,,51,,tipico,anexo-ifra,D00001,"Bay leaf, West Indian, oil (Pimenta racemosa (Mill.) J.W. Moore)"
M01039,S00025,,2,,tipico,anexo-ifra,D00001,"Bay leaf, West Indian, oil (Pimenta racemosa (Mill.) J.W. Moore)"
M01039,S00071,,0.25,,tipico,anexo-ifra,D00001,"Bay leaf, West Indian, oil (Pimenta racemosa (Mill.) J.W. Moore)"
M01039,S00083,,0.1,,tipico,anexo-ifra,D00001,"Bay leaf, West Indian, oil (Pimenta racemosa (Mill.) J.W. Moore)"
M01039,S01007,,0.2,,tipico,anexo-ifra,D00001,"Bay leaf, West Indian, oil (Pimenta racemosa (Mill.) J.W. Moore)"
M01040,S00003,,0.3,,tipico,anexo-ifra,D00001,"Bay leaf, West Indian, oil (Pimenta racemosa (Mill.) J.W. Moore)"
M01040,S00020,,51,,tipico,anexo-ifra,D00001,"Bay leaf, West Indian, oil (Pimenta racemosa (Mill.) J.W. Moore)"
M01040,S00025,,2,,tipico,anexo-ifra,D00001,"Bay leaf, West Indian, oil (Pimenta racemosa (Mill.) J.W. Moore)"
M01040,S00071,,0.25,,tipico,anexo-ifra,D00001,"Bay leaf, West Indian, oil (Pimenta racemosa (Mill.) J.W. Moore)"
M01040,S00083,,0.1,,tipico,anexo-ifra,D00001,"Bay leaf, West Indian, oil (Pimenta racemosa (Mill.) J.W. Moore)"
M01040,S01007,,0.2,,tipico,anexo-ifra,D00001,"Bay leaf, West Indian, oil (Pimenta racemosa (Mill.) J.W. Moore)"
M01041,S00003,,0.3,,tipico,anexo-ifra,D00001,"Bay leaf, West Indian, oil (Pimenta racemosa (Mill.) J.W. Moore)"
M01041,S00020,,51,,tipico,anexo-ifra,D00001,"Bay leaf, West Indian, oil (Pimenta racemosa (Mill.) J.W. Moore)"
M01041,S00025,,2,,tipico,anexo-ifra,D00001,"Bay leaf, West Indian, oil (Pimenta racemosa (Mill.) J.W. Moore)"
M01041,S00071,,0.25,,tipico,anexo-ifra,D00001,"Bay leaf, West Indian, oil (Pimenta racemosa (Mill.) J.W. Moore)"
M01041,S00083,,0.1,,tipico,anexo-ifra,D00001,"Bay leaf, West Indian, oil (Pimenta racemosa (Mill.) J.W. Moore)"
M01041,S01007,,0.2,,tipico,anexo-ifra,D00001,"Bay leaf, West Indian, oil (Pimenta racemosa (Mill.) J.W. Moore)"
M01042,S00003,,0.3,,tipico,anexo-ifra,D00001,"Bay leaf, West Indian, oil (Pimenta racemosa (Mill.) J.W. Moore)"
M01042,S00020,,51,,tipico,anexo-ifra,D00001,"Bay leaf, West Indian, oil (Pimenta racemosa (Mill.) J.W. Moore)"
M01042,S00025,,2,,tipico,anexo-ifra,D00001,"Bay leaf, West Indian, oil (Pimenta racemosa (Mill.) J.W. Moore)"
M01042,S00071,,0.25,,tipico,anexo-ifra,D00001,"Bay leaf, West Indian, oil (Pimenta racemosa (Mill.) J.W. Moore)"
M01042,S00083,,0.1,,tipico,anexo-ifra,D00001,"Bay leaf, West Indian, oil (Pimenta racemosa (Mill.) J.W. Moore)"
M01042,S01007,,0.2,,tipico,anexo-ifra,D00001,"Bay leaf, West Indian, oil (Pimenta racemosa (Mill.) J.W. Moore)"
M01050,S00011,,0.001,,tipico,anexo-ifra,D00001,"Benzoin infusion, Sumatra (Styrax paralleloneurum Perkins)"
M01050,S00013,,0.4,,tipico,anexo-ifra,D00001,"Benzoin infusion, Sumatra (Styrax paralleloneurum Perkins)"
M01050,S00018,,0.006,,tipico,anexo-ifra,D00001,"Benzoin infusion, Sumatra (Styrax paralleloneurum Perkins)"
M01050,S00020,,0.001,,tipico,anexo-ifra,D00001,"Benzoin infusion, Sumatra (Styrax paralleloneurum Perkins)"
M01050,S00074,,0.018,,tipico,anexo-ifra,D00001,"Benzoin infusion, Sumatra (Styrax paralleloneurum Perkins)"
M01051,S00011,,0.001,,tipico,anexo-ifra,D00001,"Benzoin infusion, Sumatra (Styrax paralleloneurum Perkins)"
M01051,S00013,,0.4,,tipico,anexo-ifra,D00001,"Benzoin infusion, Sumatra (Styrax paralleloneurum Perkins)"
M01051,S00018,,0.006,,tipico,anexo-ifra,D00001,"Benzoin infusion, Sumatra (Styrax paralleloneurum Perkins)"
M01051,S00020,,0.001,,tipico,anexo-ifra,D00001,"Benzoin infusion, Sumatra (Styrax paralleloneurum Perkins)"
M01051,S00074,,0.018,,tipico,anexo-ifra,D00001,"Benzoin infusion, Sumatra (Styrax paralleloneurum Perkins)"
M01052,S00011,,0.001,,tipico,anexo-ifra,D00001,"Benzoin infusion, Sumatra (Styrax paralleloneurum Perkins)"
M01052,S00013,,0.4,,tipico,anexo-ifra,D00001,"Benzoin infusion, Sumatra (Styrax paralleloneurum Perkins)"
M01052,S00018,,0.006,,tipico,anexo-ifra,D00001,"Benzoin infusion, Sumatra (Styrax paralleloneurum Perkins)"
M01052,S00020,,0.001,,tipico,anexo-ifra,D00001,"Benzoin infusion, Sumatra (Styrax paralleloneurum Perkins)"
M01052,S00074,,0.018,,tipico,anexo-ifra,D00001,"Benzoin infusion, Sumatra (Styrax paralleloneurum Perkins)"
M01053,S00011,,0.001,,tipico,anexo-ifra,D00001,"Benzoin infusion, Sumatra (Styrax paralleloneurum Perkins)"
M01053,S00013,,0.4,,tipico,anexo-ifra,D00001,"Benzoin infusion, Sumatra (Styrax paralleloneurum Perkins)"
M01053,S00018,,0.006,,tipico,anexo-ifra,D00001,"Benzoin infusion, Sumatra (Styrax paralleloneurum Perkins)"
M01053,S00020,,0.001,,tipico,anexo-ifra,D00001,"Benzoin infusion, Sumatra (Styrax paralleloneurum Perkins)"
M01053,S00074,,0.018,,tipico,anexo-ifra,D00001,"Benzoin infusion, Sumatra (Styrax paralleloneurum Perkins)"
M01055,S00001,,0.04,,tipico,anexo-ifra,D00001,Bergamot oil expressed (Citrus bergamia Risso & Poit.)
M01055,S00071,,0.28,,tipico,anexo-ifra,D00001,Bergamot oil expressed (Citrus bergamia Risso & Poit.)
M01055,S01007,,0.2,,tipico,anexo-ifra,D00001,Bergamot oil expressed (Citrus bergamia Risso & Poit.)
M01056,S00001,,0.04,,tipico,anexo-ifra,D00001,Bergamot oil expressed (Citrus bergamia Risso & Poit.)
M01056,S00071,,0.28,,tipico,anexo-ifra,D00001,Bergamot oil expressed (Citrus bergamia Risso & Poit.)
M01056,S01007,,0.2,,tipico,anexo-ifra,D00001,Bergamot oil expressed (Citrus bergamia Risso & Poit.)
M01057,S00571,,0.05,,tipico,anexo-ifra,D00001,"Birch tar oil, rectified (Betula pendula Roth)"
M01057,S01009,,1.8,,tipico,anexo-ifra,D00001,"Birch tar oil, rectified (Betula pendula Roth)"
M01060,S00025,,0.02,,tipico,anexo-ifra,D00001,"Bucchu absolute, betulina (Agathosma betulina (P.J.Bergius) Pillans)"
M01060,S00066,,0.19,,tipico,anexo-ifra,D00001,"Bucchu absolute, betulina (Agathosma betulina (P.J.Bergius) Pillans)"
M01060,S01006,,0.15,,tipico,anexo-ifra,D00001,"Bucchu absolute, betulina (Agathosma betulina (P.J.Bergius) Pillans)"
M01061,S00025,,0.02,,tipico,anexo-ifra,D00001,"Bucchu absolute, betulina (Agathosma betulina (P.J.Bergius) Pillans)"
M01061,S00066,,0.19,,tipico,anexo-ifra,D00001,"Bucchu absolute, betulina (Agathosma betulina (P.J.Bergius) Pillans)"
M01061,S01006,,0.15,,tipico,anexo-ifra,D00001,"Bucchu absolute, betulina (Agathosma betulina (P.J.Bergius) Pillans)"
M01063,S00025,,0.02,,tipico,anexo-ifra,D00001,"Bucchu absolute, betulina (Agathosma betulina (P.J.Bergius) Pillans)"
M01063,S00066,,0.19,,tipico,anexo-ifra,D00001,"Bucchu absolute, betulina (Agathosma betulina (P.J.Bergius) Pillans)"
M01063,S01006,,0.15,,tipico,anexo-ifra,D00001,"Bucchu absolute, betulina (Agathosma betulina (P.J.Bergius) Pillans)"
M01064,S00025,,0.02,,tipico,anexo-ifra,D00001,"Bucchu absolute, betulina (Agathosma betulina (P.J.Bergius) Pillans)"
M01064,S00066,,0.19,,tipico,anexo-ifra,D00001,"Bucchu absolute, betulina (Agathosma betulina (P.J.Bergius) Pillans)"
M01064,S01006,,0.15,,tipico,anexo-ifra,D00001,"Bucchu absolute, betulina (Agathosma betulina (P.J.Bergius) Pillans)"
M01067,S00014,,2,,tipico,anexo-ifra,D00001,Cabreuva oil (Myrocarpus frondosus Fr. Allem)
M01067,S00084,,0.1,,tipico,anexo-ifra,D00001,Cabreuva oil (Myrocarpus frondosus Fr. Allem)
M01072,S00001,,0.2,,tipico,anexo-ifra,D00001,Cajuput oil (Melaleuca leucadendron L.)
M01072,S00011,,0.1,,tipico,anexo-ifra,D00001,Cajuput oil (Melaleuca leucadendron L.)
M01073,S00020,,0.2,,tipico,anexo-ifra,D00001,Calamus oil (Acorus calamus L.)
M01073,S00025,,0.3,,tipico,anexo-ifra,D00001,Calamus oil (Acorus calamus L.)
M01073,S00084,,0.5,,tipico,anexo-ifra,D00001,Calamus oil (Acorus calamus L.)
M01073,S01010,,70,,tipico,anexo-ifra,D00001,Calamus oil (Acorus calamus L.)
M01073,S01011,,0.7,,tipico,anexo-ifra,D00001,Calamus oil (Acorus calamus L.)
M01079,S00070,,,80,maximo,anexo-ifra,D00001,"el máximo de las 2 entradas del anexo para 8008-51-3 (D14): Camphor oil, brown"
M01080,S00070,,,80,maximo,anexo-ifra,D00001,"el máximo de las 2 entradas del anexo para 8008-51-3 (D14): Camphor oil, brown"
M01081,S00001,,0.7,,tipico,anexo-ifra,D00001,Cananga oil (Cananga odorata (Lam.) Hook. f. & Thomson (forma macrophylla Steenis))
M01081,S00020,,0.4,,tipico,anexo-ifra,D00001,Cananga oil (Cananga odorata (Lam.) Hook. f. & Thomson (forma macrophylla Steenis))
M01081,S00025,,0.2,,tipico,anexo-ifra,D00001,Cananga oil (Cananga odorata (Lam.) Hook. f. & Thomson (forma macrophylla Steenis))
M01081,S00063,,0.4,,tipico,anexo-ifra,D00001,Cananga oil (Cananga odorata (Lam.) Hook. f. & Thomson (forma macrophylla Steenis))
M01081,S00074,,4.2,,tipico,anexo-ifra,D00001,Cananga oil (Cananga odorata (Lam.) Hook. f. & Thomson (forma macrophylla Steenis))
M01081,S00077,,0.4,,tipico,anexo-ifra,D00001,Cananga oil (Cananga odorata (Lam.) Hook. f. & Thomson (forma macrophylla Steenis))
M01081,S00084,,2,,tipico,anexo-ifra,D00001,Cananga oil (Cananga odorata (Lam.) Hook. f. & Thomson (forma macrophylla Steenis))
M01083,S01012,,59,,tipico,anexo-ifra,D00001,Caraway seed oil (Carum carvi L.)
M01083,S01013,,0.1,,tipico,anexo-ifra,D00001,Caraway seed oil (Carum carvi L.)
M01084,S01012,,59,,tipico,anexo-ifra,D00001,Caraway seed oil (Carum carvi L.)
M01084,S01013,,0.1,,tipico,anexo-ifra,D00001,Caraway seed oil (Carum carvi L.)
M01085,S00001,,1,,tipico,anexo-ifra,D00001,Cardamom seed oil (Elettaria cardamomum (L.) Maton)
M01085,S00061,,0.5,,tipico,anexo-ifra,D00001,Cardamom seed oil (Elettaria cardamomum (L.) Maton)
M01086,S00001,,1,,tipico,anexo-ifra,D00001,Cardamom seed oil (Elettaria cardamomum (L.) Maton)
M01086,S00061,,0.5,,tipico,anexo-ifra,D00001,Cardamom seed oil (Elettaria cardamomum (L.) Maton)
M01087,S00001,,1,,tipico,anexo-ifra,D00001,Cardamom seed oil (Elettaria cardamomum (L.) Maton)
M01087,S00061,,0.5,,tipico,anexo-ifra,D00001,Cardamom seed oil (Elettaria cardamomum (L.) Maton)
M01088,S00001,,1,,tipico,anexo-ifra,D00001,Cardamom seed oil (Elettaria cardamomum (L.) Maton)
M01088,S00061,,0.5,,tipico,anexo-ifra,D00001,Cardamom seed oil (Elettaria cardamomum (L.) Maton)
M01089,S00001,,1,,tipico,anexo-ifra,D00001,Cardamom seed oil (Elettaria cardamomum (L.) Maton)
M01089,S00061,,0.5,,tipico,anexo-ifra,D00001,Cardamom seed oil (Elettaria cardamomum (L.) Maton)
M01090,S00001,,1,,tipico,anexo-ifra,D00001,Cardamom seed oil (Elettaria cardamomum (L.) Maton)
M01090,S00061,,0.5,,tipico,anexo-ifra,D00001,Cardamom seed oil (Elettaria cardamomum (L.) Maton)
M01091,S00012,,0.2,,tipico,anexo-ifra,D00001,Carnation absolute (Dianthus caryophyllus L.)
M01091,S00020,,18,,tipico,anexo-ifra,D00001,Carnation absolute (Dianthus caryophyllus L.)
M01091,S00074,,13,,tipico,anexo-ifra,D00001,Carnation absolute (Dianthus caryophyllus L.)
M01091,S00077,,7,,tipico,anexo-ifra,D00001,Carnation absolute (Dianthus caryophyllus L.)
M01094,S00001,,1.43,,tipico,anexo-ifra,D00001,Carrot seed oil (Daucus carota L.)
M01094,S00014,,0.28,,tipico,anexo-ifra,D00001,Carrot seed oil (Daucus carota L.)
M01094,S00071,,0.03,,tipico,anexo-ifra,D00001,Carrot seed oil (Daucus carota L.)
M01094,S00084,,2.18,,tipico,anexo-ifra,D00001,Carrot seed oil (Daucus carota L.)
M01094,S01007,,0.01,,tipico,anexo-ifra,D00001,Carrot seed oil (Daucus carota L.)
M01094,S01008,,0.05,,tipico,anexo-ifra,D00001,Carrot seed oil (Daucus carota L.)
M01094,S01010,,0.05,,tipico,anexo-ifra,D00001,Carrot seed oil (Daucus carota L.)
M01094,S01011,,0.19,,tipico,anexo-ifra,D00001,Carrot seed oil (Daucus carota L.)
M01094,S01014,,0.06,,tipico,anexo-ifra,D00001,Carrot seed oil (Daucus carota L.)
M01095,S00001,,1.43,,tipico,anexo-ifra,D00001,Carrot seed oil (Daucus carota L.)
M01095,S00014,,0.28,,tipico,anexo-ifra,D00001,Carrot seed oil (Daucus carota L.)
M01095,S00071,,0.03,,tipico,anexo-ifra,D00001,Carrot seed oil (Daucus carota L.)
M01095,S00084,,2.18,,tipico,anexo-ifra,D00001,Carrot seed oil (Daucus carota L.)
M01095,S01007,,0.01,,tipico,anexo-ifra,D00001,Carrot seed oil (Daucus carota L.)
M01095,S01008,,0.05,,tipico,anexo-ifra,D00001,Carrot seed oil (Daucus carota L.)
M01095,S01010,,0.05,,tipico,anexo-ifra,D00001,Carrot seed oil (Daucus carota L.)
M01095,S01011,,0.19,,tipico,anexo-ifra,D00001,Carrot seed oil (Daucus carota L.)
M01095,S01014,,0.06,,tipico,anexo-ifra,D00001,Carrot seed oil (Daucus carota L.)
M01096,S00001,,1.43,,tipico,anexo-ifra,D00001,Carrot seed oil (Daucus carota L.)
M01096,S00014,,0.28,,tipico,anexo-ifra,D00001,Carrot seed oil (Daucus carota L.)
M01096,S00071,,0.03,,tipico,anexo-ifra,D00001,Carrot seed oil (Daucus carota L.)
M01096,S00084,,2.18,,tipico,anexo-ifra,D00001,Carrot seed oil (Daucus carota L.)
M01096,S01007,,0.01,,tipico,anexo-ifra,D00001,Carrot seed oil (Daucus carota L.)
M01096,S01008,,0.05,,tipico,anexo-ifra,D00001,Carrot seed oil (Daucus carota L.)
M01096,S01010,,0.05,,tipico,anexo-ifra,D00001,Carrot seed oil (Daucus carota L.)
M01096,S01011,,0.19,,tipico,anexo-ifra,D00001,Carrot seed oil (Daucus carota L.)
M01096,S01014,,0.06,,tipico,anexo-ifra,D00001,Carrot seed oil (Daucus carota L.)
M01097,S00001,,1.43,,tipico,anexo-ifra,D00001,Carrot seed oil (Daucus carota L.)
M01097,S00014,,0.28,,tipico,anexo-ifra,D00001,Carrot seed oil (Daucus carota L.)
M01097,S00071,,0.03,,tipico,anexo-ifra,D00001,Carrot seed oil (Daucus carota L.)
M01097,S00084,,2.18,,tipico,anexo-ifra,D00001,Carrot seed oil (Daucus carota L.)
M01097,S01007,,0.01,,tipico,anexo-ifra,D00001,Carrot seed oil (Daucus carota L.)
M01097,S01008,,0.05,,tipico,anexo-ifra,D00001,Carrot seed oil (Daucus carota L.)
M01097,S01010,,0.05,,tipico,anexo-ifra,D00001,Carrot seed oil (Daucus carota L.)
M01097,S01011,,0.19,,tipico,anexo-ifra,D00001,Carrot seed oil (Daucus carota L.)
M01097,S01014,,0.06,,tipico,anexo-ifra,D00001,Carrot seed oil (Daucus carota L.)
M01098,S00001,,1.43,,tipico,anexo-ifra,D00001,Carrot seed oil (Daucus carota L.)
M01098,S00014,,0.28,,tipico,anexo-ifra,D00001,Carrot seed oil (Daucus carota L.)
M01098,S00071,,0.03,,tipico,anexo-ifra,D00001,Carrot seed oil (Daucus carota L.)
M01098,S00084,,2.18,,tipico,anexo-ifra,D00001,Carrot seed oil (Daucus carota L.)
M01098,S01007,,0.01,,tipico,anexo-ifra,D00001,Carrot seed oil (Daucus carota L.)
M01098,S01008,,0.05,,tipico,anexo-ifra,D00001,Carrot seed oil (Daucus carota L.)
M01098,S01010,,0.05,,tipico,anexo-ifra,D00001,Carrot seed oil (Daucus carota L.)
M01098,S01011,,0.19,,tipico,anexo-ifra,D00001,Carrot seed oil (Daucus carota L.)
M01098,S01014,,0.06,,tipico,anexo-ifra,D00001,Carrot seed oil (Daucus carota L.)
M01099,S00020,,0.4,,tipico,anexo-ifra,D00001,Cascarilla bark oil (Croton eleuteria (L.) W.Wright)
M01100,S00020,,0.4,,tipico,anexo-ifra,D00001,Cascarilla bark oil (Croton eleuteria (L.) W.Wright)
M01101,S00011,,,1.3,maximo,anexo-ifra,D00001,el máximo de las 3 entradas del anexo para 8007-80-5 (D14): Cassia  bark oil
M01101,S00017,,,79.5,maximo,anexo-ifra,D00001,el máximo de las 3 entradas del anexo para 8007-80-5 (D14): Cassia oil
M01101,S00018,,,0.37,maximo,anexo-ifra,D00001,el máximo de las 3 entradas del anexo para 8007-80-5 (D14): Cassia bark oleoresin
M01101,S00020,,,0.1,maximo,anexo-ifra,D00001,el máximo de las 3 entradas del anexo para 8007-80-5 (D14): Cassia  bark oil
M01101,S00023,,,0.1,maximo,anexo-ifra,D00001,el máximo de las 3 entradas del anexo para 8007-80-5 (D14): Cassia  bark oil
M01101,S00035,,,3.27,maximo,anexo-ifra,D00001,el máximo de las 3 entradas del anexo para 8007-80-5 (D14): Cassia bark oleoresin
M01101,S00074,,,0.1,maximo,anexo-ifra,D00001,el máximo de las 3 entradas del anexo para 8007-80-5 (D14): Cassia oil
M01101,S01015,,,9,maximo,anexo-ifra,D00001,el máximo de las 3 entradas del anexo para 8007-80-5 (D14): Cassia oil
M01102,S00011,,,1.3,maximo,anexo-ifra,D00001,el máximo de las 3 entradas del anexo para 8007-80-5 (D14): Cassia  bark oil
M01102,S00017,,,79.5,maximo,anexo-ifra,D00001,el máximo de las 3 entradas del anexo para 8007-80-5 (D14): Cassia oil
M01102,S00018,,,0.37,maximo,anexo-ifra,D00001,el máximo de las 3 entradas del anexo para 8007-80-5 (D14): Cassia bark oleoresin
M01102,S00020,,,0.1,maximo,anexo-ifra,D00001,el máximo de las 3 entradas del anexo para 8007-80-5 (D14): Cassia  bark oil
M01102,S00023,,,0.1,maximo,anexo-ifra,D00001,el máximo de las 3 entradas del anexo para 8007-80-5 (D14): Cassia  bark oil
M01102,S00035,,,3.27,maximo,anexo-ifra,D00001,el máximo de las 3 entradas del anexo para 8007-80-5 (D14): Cassia bark oleoresin
M01102,S00074,,,0.1,maximo,anexo-ifra,D00001,el máximo de las 3 entradas del anexo para 8007-80-5 (D14): Cassia oil
M01102,S01015,,,9,maximo,anexo-ifra,D00001,el máximo de las 3 entradas del anexo para 8007-80-5 (D14): Cassia oil
M01103,S00011,,1.3,,tipico,anexo-ifra,D00001,Cassia  bark oil (Cinnamomum cassia [L.] J. Presl syn. C. aromaticum Nees)
M01103,S00017,,78.85,,tipico,anexo-ifra,D00001,Cassia  bark oil (Cinnamomum cassia [L.] J. Presl syn. C. aromaticum Nees)
M01103,S00018,,0.3,,tipico,anexo-ifra,D00001,Cassia  bark oil (Cinnamomum cassia [L.] J. Presl syn. C. aromaticum Nees)
M01103,S00020,,0.1,,tipico,anexo-ifra,D00001,Cassia  bark oil (Cinnamomum cassia [L.] J. Presl syn. C. aromaticum Nees)
M01103,S00023,,0.1,,tipico,anexo-ifra,D00001,Cassia  bark oil (Cinnamomum cassia [L.] J. Presl syn. C. aromaticum Nees)
M01103,S00035,,2.85,,tipico,anexo-ifra,D00001,Cassia  bark oil (Cinnamomum cassia [L.] J. Presl syn. C. aromaticum Nees)
M01103,S00074,,0.08,,tipico,anexo-ifra,D00001,Cassia  bark oil (Cinnamomum cassia [L.] J. Presl syn. C. aromaticum Nees)
M01103,S01015,,0.7,,tipico,anexo-ifra,D00001,Cassia  bark oil (Cinnamomum cassia [L.] J. Presl syn. C. aromaticum Nees)
M01104,S00011,,1,,tipico,anexo-ifra,D00001,Cassia oil (Cinnamomum cassia [L.] J. Presl syn. C. aromaticum Nees)
M01104,S00017,,79.5,,tipico,anexo-ifra,D00001,Cassia oil (Cinnamomum cassia [L.] J. Presl syn. C. aromaticum Nees)
M01104,S00018,,0.2,,tipico,anexo-ifra,D00001,Cassia oil (Cinnamomum cassia [L.] J. Presl syn. C. aromaticum Nees)
M01104,S00020,,0.1,,tipico,anexo-ifra,D00001,Cassia oil (Cinnamomum cassia [L.] J. Presl syn. C. aromaticum Nees)
M01104,S00023,,0.1,,tipico,anexo-ifra,D00001,Cassia oil (Cinnamomum cassia [L.] J. Presl syn. C. aromaticum Nees)
M01104,S00035,,2,,tipico,anexo-ifra,D00001,Cassia oil (Cinnamomum cassia [L.] J. Presl syn. C. aromaticum Nees)
M01104,S00074,,0.1,,tipico,anexo-ifra,D00001,Cassia oil (Cinnamomum cassia [L.] J. Presl syn. C. aromaticum Nees)
M01104,S01015,,9,,tipico,anexo-ifra,D00001,Cassia oil (Cinnamomum cassia [L.] J. Presl syn. C. aromaticum Nees)
M01105,S00011,,,1.3,maximo,anexo-ifra,D00001,el máximo de las 3 entradas del anexo para 8007-80-5 (D14): Cassia  bark oil
M01105,S00017,,,79.5,maximo,anexo-ifra,D00001,el máximo de las 3 entradas del anexo para 8007-80-5 (D14): Cassia oil
M01105,S00018,,,0.37,maximo,anexo-ifra,D00001,el máximo de las 3 entradas del anexo para 8007-80-5 (D14): Cassia bark oleoresin
M01105,S00020,,,0.1,maximo,anexo-ifra,D00001,el máximo de las 3 entradas del anexo para 8007-80-5 (D14): Cassia  bark oil
M01105,S00023,,,0.1,maximo,anexo-ifra,D00001,el máximo de las 3 entradas del anexo para 8007-80-5 (D14): Cassia  bark oil
M01105,S00035,,,3.27,maximo,anexo-ifra,D00001,el máximo de las 3 entradas del anexo para 8007-80-5 (D14): Cassia bark oleoresin
M01105,S00074,,,0.1,maximo,anexo-ifra,D00001,el máximo de las 3 entradas del anexo para 8007-80-5 (D14): Cassia oil
M01105,S01015,,,9,maximo,anexo-ifra,D00001,el máximo de las 3 entradas del anexo para 8007-80-5 (D14): Cassia oil
M01106,S00011,,,1.3,maximo,anexo-ifra,D00001,el máximo de las 3 entradas del anexo para 8007-80-5 (D14): Cassia  bark oil
M01106,S00017,,,79.5,maximo,anexo-ifra,D00001,el máximo de las 3 entradas del anexo para 8007-80-5 (D14): Cassia oil
M01106,S00018,,,0.37,maximo,anexo-ifra,D00001,el máximo de las 3 entradas del anexo para 8007-80-5 (D14): Cassia bark oleoresin
M01106,S00020,,,0.1,maximo,anexo-ifra,D00001,el máximo de las 3 entradas del anexo para 8007-80-5 (D14): Cassia  bark oil
M01106,S00023,,,0.1,maximo,anexo-ifra,D00001,el máximo de las 3 entradas del anexo para 8007-80-5 (D14): Cassia  bark oil
M01106,S00035,,,3.27,maximo,anexo-ifra,D00001,el máximo de las 3 entradas del anexo para 8007-80-5 (D14): Cassia bark oleoresin
M01106,S00074,,,0.1,maximo,anexo-ifra,D00001,el máximo de las 3 entradas del anexo para 8007-80-5 (D14): Cassia oil
M01106,S01015,,,9,maximo,anexo-ifra,D00001,el máximo de las 3 entradas del anexo para 8007-80-5 (D14): Cassia oil
M01107,S00001,,1,,tipico,anexo-ifra,D00001,Cassie absolute (Vachellia farnesiana (L.) Willd.)
M01107,S00010,,0.8,,tipico,anexo-ifra,D00001,Cassie absolute (Vachellia farnesiana (L.) Willd.)
M01107,S00011,,0.3,,tipico,anexo-ifra,D00001,Cassie absolute (Vachellia farnesiana (L.) Willd.)
M01107,S00012,,2.7,,tipico,anexo-ifra,D00001,Cassie absolute (Vachellia farnesiana (L.) Willd.)
M01107,S00020,,0.06,,tipico,anexo-ifra,D00001,Cassie absolute (Vachellia farnesiana (L.) Willd.)
M01107,S00061,,0.03,,tipico,anexo-ifra,D00001,Cassie absolute (Vachellia farnesiana (L.) Willd.)
M01107,S00074,,0.05,,tipico,anexo-ifra,D00001,Cassie absolute (Vachellia farnesiana (L.) Willd.)
M01107,S00077,,0.03,,tipico,anexo-ifra,D00001,Cassie absolute (Vachellia farnesiana (L.) Willd.)
M01107,S01005,,1,,tipico,anexo-ifra,D00001,Cassie absolute (Vachellia farnesiana (L.) Willd.)
M01108,S01014,,0.1,,tipico,anexo-ifra,D00001,Cassis bud absolute (Ribes nigrum L.)
M01109,S01014,,0.1,,tipico,anexo-ifra,D00001,Cassis bud absolute (Ribes nigrum L.)
M01110,S01014,,0.1,,tipico,anexo-ifra,D00001,Cassis bud absolute (Ribes nigrum L.)
M01111,S01014,,0.1,,tipico,anexo-ifra,D00001,Cassis bud absolute (Ribes nigrum L.)
M01112,S01014,,0.1,,tipico,anexo-ifra,D00001,Cassis bud absolute (Ribes nigrum L.)
M01113,S01014,,0.1,,tipico,anexo-ifra,D00001,Cassis bud absolute (Ribes nigrum L.)
M01117,S00028,,55,,tipico,anexo-ifra,D00001,Cedar leaf oil (Thuja occidentalis L.)
M01117,S00080,,10,,tipico,anexo-ifra,D00001,Cedar leaf oil (Thuja occidentalis L.)
M01118,S00080,,10,,tipico,anexo-ifra,D00001,"Cedar leaf oil, China (Platycladus orientalis (L.) Franco)"
M01120,S00028,,55,,tipico,anexo-ifra,D00001,Cedar leaf oil (Thuja occidentalis L.)
M01120,S00080,,10,,tipico,anexo-ifra,D00001,Cedar leaf oil (Thuja occidentalis L.)
M01121,S00014,,0.15,,tipico,anexo-ifra,D00001,"Cedarwood oil, Texas (Juniperus mexicana Schiede)"
M01121,S00024,,0.4,,tipico,anexo-ifra,D00001,"Cedarwood oil, Texas (Juniperus mexicana Schiede)"
M01121,S00063,,12,,tipico,anexo-ifra,D00001,"Cedarwood oil, Texas (Juniperus mexicana Schiede)"
M01121,S00081,,3,,tipico,anexo-ifra,D00001,"Cedarwood oil, Texas (Juniperus mexicana Schiede)"
M01122,S00024,,0.6,,tipico,anexo-ifra,D00001,"Cedarwood oil, Atlas (Cedrus atlantica (Endl.) Manetti ex Carriere)"
M01122,S00063,,1.5,,tipico,anexo-ifra,D00001,"Cedarwood oil, Atlas (Cedrus atlantica (Endl.) Manetti ex Carriere)"
M01123,S00014,,0.15,,tipico,anexo-ifra,D00001,"Cedarwood oil, Texas (Juniperus mexicana Schiede)"
M01123,S00024,,0.4,,tipico,anexo-ifra,D00001,"Cedarwood oil, Texas (Juniperus mexicana Schiede)"
M01123,S00063,,12,,tipico,anexo-ifra,D00001,"Cedarwood oil, Texas (Juniperus mexicana Schiede)"
M01123,S00081,,3,,tipico,anexo-ifra,D00001,"Cedarwood oil, Texas (Juniperus mexicana Schiede)"
M01126,S00024,,0.6,,tipico,anexo-ifra,D00001,"Cedarwood oil, Atlas (Cedrus atlantica (Endl.) Manetti ex Carriere)"
M01126,S00063,,1.5,,tipico,anexo-ifra,D00001,"Cedarwood oil, Atlas (Cedrus atlantica (Endl.) Manetti ex Carriere)"
M01127,S00014,,0.6,,tipico,anexo-ifra,D00001,"Cedarwood oil, Chinese (Cupressus funebris Endl.)"
M01127,S00063,,19.1,,tipico,anexo-ifra,D00001,"Cedarwood oil, Chinese (Cupressus funebris Endl.)"
M01127,S00081,,6,,tipico,anexo-ifra,D00001,"Cedarwood oil, Chinese (Cupressus funebris Endl.)"
M01128,S00014,,0.6,,tipico,anexo-ifra,D00001,"Cedarwood oil, Chinese (Cupressus funebris Endl.)"
M01128,S00063,,19.1,,tipico,anexo-ifra,D00001,"Cedarwood oil, Chinese (Cupressus funebris Endl.)"
M01128,S00081,,6,,tipico,anexo-ifra,D00001,"Cedarwood oil, Chinese (Cupressus funebris Endl.)"
M01130,S00024,,0.7,,tipico,anexo-ifra,D00001,"Cedarwood oil, Himalaya (Cedrus deodora (Roxb ex D.Don) G.Don)"
M01133,S00014,,0.15,,tipico,anexo-ifra,D00001,"Cedarwood oil, Texas (Juniperus mexicana Schiede)"
M01133,S00024,,0.4,,tipico,anexo-ifra,D00001,"Cedarwood oil, Texas (Juniperus mexicana Schiede)"
M01133,S00063,,12,,tipico,anexo-ifra,D00001,"Cedarwood oil, Texas (Juniperus mexicana Schiede)"
M01133,S00081,,3,,tipico,anexo-ifra,D00001,"Cedarwood oil, Texas (Juniperus mexicana Schiede)"
M01134,S00014,,0.15,,tipico,anexo-ifra,D00001,"Cedarwood oil, Texas (Juniperus mexicana Schiede)"
M01134,S00024,,0.4,,tipico,anexo-ifra,D00001,"Cedarwood oil, Texas (Juniperus mexicana Schiede)"
M01134,S00063,,12,,tipico,anexo-ifra,D00001,"Cedarwood oil, Texas (Juniperus mexicana Schiede)"
M01134,S00081,,3,,tipico,anexo-ifra,D00001,"Cedarwood oil, Texas (Juniperus mexicana Schiede)"
M01135,S00014,,0.6,,tipico,anexo-ifra,D00001,"Cedarwood oil, Virginian (Juniperus virginiana L.)"
M01135,S00063,,24.3,,tipico,anexo-ifra,D00001,"Cedarwood oil, Virginian (Juniperus virginiana L.)"
M01135,S00081,,5.9,,tipico,anexo-ifra,D00001,"Cedarwood oil, Virginian (Juniperus virginiana L.)"
M01136,S00014,,0.6,,tipico,anexo-ifra,D00001,"Cedarwood oil, Virginian (Juniperus virginiana L.)"
M01136,S00063,,24.3,,tipico,anexo-ifra,D00001,"Cedarwood oil, Virginian (Juniperus virginiana L.)"
M01136,S00081,,5.9,,tipico,anexo-ifra,D00001,"Cedarwood oil, Virginian (Juniperus virginiana L.)"
M01137,S00014,,0.6,,tipico,anexo-ifra,D00001,"Cedarwood oil, Chinese (Cupressus funebris Endl.)"
M01137,S00063,,19.1,,tipico,anexo-ifra,D00001,"Cedarwood oil, Chinese (Cupressus funebris Endl.)"
M01137,S00081,,6,,tipico,anexo-ifra,D00001,"Cedarwood oil, Chinese (Cupressus funebris Endl.)"
M01138,S00014,,0.6,,tipico,anexo-ifra,D00001,"Cedarwood oil, Virginian (Juniperus virginiana L.)"
M01138,S00063,,24.3,,tipico,anexo-ifra,D00001,"Cedarwood oil, Virginian (Juniperus virginiana L.)"
M01138,S00081,,5.9,,tipico,anexo-ifra,D00001,"Cedarwood oil, Virginian (Juniperus virginiana L.)"
M01139,S01012,,,0.2,maximo,anexo-ifra,D00001,el máximo de las 2 entradas del anexo para 8015-90-5 (D14): Celery seed oil
M01140,S01012,,,0.2,maximo,anexo-ifra,D00001,el máximo de las 2 entradas del anexo para 8015-90-5 (D14): Celery seed oil
M01141,S01012,,,0.2,maximo,anexo-ifra,D00001,el máximo de las 2 entradas del anexo para 8015-90-5 (D14): Celery seed oil
M01142,S01012,,0.2,,tipico,anexo-ifra,D00001,Celery seed oil (Apium graveolens L.)
M01143,S01012,,0.1,,tipico,anexo-ifra,D00001,Celery seed oleoresin (Apium graveolens L.)
M01144,S00014,,4,,tipico,anexo-ifra,D00001,"Chamomile flower oil, blue (Matricaria chamomilla L.)"
M01145,S00014,,4,,tipico,anexo-ifra,D00001,"Chamomile flower oil, blue (Matricaria chamomilla L.)"
M01149,S00012,,0.64,,tipico,anexo-ifra,D00001,Champaca absolute (Michelia champaca L.)
M01149,S00018,,0.02,,tipico,anexo-ifra,D00001,Champaca absolute (Michelia champaca L.)
M01149,S00020,,0.55,,tipico,anexo-ifra,D00001,Champaca absolute (Michelia champaca L.)
M01149,S00023,,0.03,,tipico,anexo-ifra,D00001,Champaca absolute (Michelia champaca L.)
M01149,S00025,,0.01,,tipico,anexo-ifra,D00001,Champaca absolute (Michelia champaca L.)
M01149,S00074,,0.53,,tipico,anexo-ifra,D00001,Champaca absolute (Michelia champaca L.)
M01149,S01016,,1,,tipico,anexo-ifra,D00001,Champaca absolute (Michelia champaca L.)
M01149,S01017,,0.01,,tipico,anexo-ifra,D00001,Champaca absolute (Michelia champaca L.)
M01150,S00012,,0.64,,tipico,anexo-ifra,D00001,Champaca absolute (Michelia champaca L.)
M01150,S00018,,0.02,,tipico,anexo-ifra,D00001,Champaca absolute (Michelia champaca L.)
M01150,S00020,,0.55,,tipico,anexo-ifra,D00001,Champaca absolute (Michelia champaca L.)
M01150,S00023,,0.03,,tipico,anexo-ifra,D00001,Champaca absolute (Michelia champaca L.)
M01150,S00025,,0.01,,tipico,anexo-ifra,D00001,Champaca absolute (Michelia champaca L.)
M01150,S00074,,0.53,,tipico,anexo-ifra,D00001,Champaca absolute (Michelia champaca L.)
M01150,S01016,,1,,tipico,anexo-ifra,D00001,Champaca absolute (Michelia champaca L.)
M01150,S01017,,0.01,,tipico,anexo-ifra,D00001,Champaca absolute (Michelia champaca L.)
M01151,S00012,,0.64,,tipico,anexo-ifra,D00001,Champaca absolute (Michelia champaca L.)
M01151,S00018,,0.02,,tipico,anexo-ifra,D00001,Champaca absolute (Michelia champaca L.)
M01151,S00020,,0.55,,tipico,anexo-ifra,D00001,Champaca absolute (Michelia champaca L.)
M01151,S00023,,0.03,,tipico,anexo-ifra,D00001,Champaca absolute (Michelia champaca L.)
M01151,S00025,,0.01,,tipico,anexo-ifra,D00001,Champaca absolute (Michelia champaca L.)
M01151,S00074,,0.53,,tipico,anexo-ifra,D00001,Champaca absolute (Michelia champaca L.)
M01151,S01016,,1,,tipico,anexo-ifra,D00001,Champaca absolute (Michelia champaca L.)
M01151,S01017,,0.01,,tipico,anexo-ifra,D00001,Champaca absolute (Michelia champaca L.)
M01153,S00011,,0.1,,tipico,anexo-ifra,D00001,Cinnamon bark CO2 extract (Cinnamomum verum J. Presl syn. C. zeylanicum Blume)
M01153,S00017,,77.5,,tipico,anexo-ifra,D00001,Cinnamon bark CO2 extract (Cinnamomum verum J. Presl syn. C. zeylanicum Blume)
M01153,S00018,,1.1,,tipico,anexo-ifra,D00001,Cinnamon bark CO2 extract (Cinnamomum verum J. Presl syn. C. zeylanicum Blume)
M01153,S00020,,2.5,,tipico,anexo-ifra,D00001,Cinnamon bark CO2 extract (Cinnamomum verum J. Presl syn. C. zeylanicum Blume)
M01153,S00023,,0.05,,tipico,anexo-ifra,D00001,Cinnamon bark CO2 extract (Cinnamomum verum J. Presl syn. C. zeylanicum Blume)
M01153,S00035,,0.1,,tipico,anexo-ifra,D00001,Cinnamon bark CO2 extract (Cinnamomum verum J. Presl syn. C. zeylanicum Blume)
M01153,S00074,,1.8,,tipico,anexo-ifra,D00001,Cinnamon bark CO2 extract (Cinnamomum verum J. Presl syn. C. zeylanicum Blume)
M01154,S00011,,,0.2,maximo,anexo-ifra,D00001,el máximo de las 3 entradas del anexo para 8015-91-6 (D14): Cinnamon bark oil
M01154,S00012,,,0.1,maximo,anexo-ifra,D00001,el máximo de las 3 entradas del anexo para 8015-91-6 (D14): Cinnamon leaf oil
M01154,S00017,,,77.5,maximo,anexo-ifra,D00001,el máximo de las 3 entradas del anexo para 8015-91-6 (D14): Cinnamon bark CO2 extract
M01154,S00018,,,1.1,maximo,anexo-ifra,D00001,el máximo de las 3 entradas del anexo para 8015-91-6 (D14): Cinnamon bark CO2 extract
M01154,S00020,,,74,maximo,anexo-ifra,D00001,el máximo de las 3 entradas del anexo para 8015-91-6 (D14): Cinnamon leaf oil
M01154,S00023,,,0.13,maximo,anexo-ifra,D00001,el máximo de las 3 entradas del anexo para 8015-91-6 (D14): Cinnamon leaf oil
M01154,S00025,,,0.01,maximo,anexo-ifra,D00001,el máximo de las 3 entradas del anexo para 8015-91-6 (D14): Cinnamon leaf oil
M01154,S00035,,,0.6,maximo,anexo-ifra,D00001,el máximo de las 3 entradas del anexo para 8015-91-6 (D14): Cinnamon bark oil
M01154,S00070,,,1.2,maximo,anexo-ifra,D00001,el máximo de las 3 entradas del anexo para 8015-91-6 (D14): Cinnamon leaf oil
M01154,S00074,,,3.5,maximo,anexo-ifra,D00001,el máximo de las 3 entradas del anexo para 8015-91-6 (D14): Cinnamon leaf oil
M01154,S00084,,,0.12,maximo,anexo-ifra,D00001,el máximo de las 3 entradas del anexo para 8015-91-6 (D14): Cinnamon leaf oil
M01154,S01015,,,0.5,maximo,anexo-ifra,D00001,el máximo de las 3 entradas del anexo para 8015-91-6 (D14): Cinnamon bark oil
M01155,S00011,,0.2,,tipico,anexo-ifra,D00001,Cinnamon bark oil (Cinnamomum zeylanicum Blume)
M01155,S00017,,75,,tipico,anexo-ifra,D00001,Cinnamon bark oil (Cinnamomum zeylanicum Blume)
M01155,S00018,,0.3,,tipico,anexo-ifra,D00001,Cinnamon bark oil (Cinnamomum zeylanicum Blume)
M01155,S00020,,2,,tipico,anexo-ifra,D00001,Cinnamon bark oil (Cinnamomum zeylanicum Blume)
M01155,S00023,,0.02,,tipico,anexo-ifra,D00001,Cinnamon bark oil (Cinnamomum zeylanicum Blume)
M01155,S00035,,0.6,,tipico,anexo-ifra,D00001,Cinnamon bark oil (Cinnamomum zeylanicum Blume)
M01155,S00070,,0.2,,tipico,anexo-ifra,D00001,Cinnamon bark oil (Cinnamomum zeylanicum Blume)
M01155,S00074,,0.6,,tipico,anexo-ifra,D00001,Cinnamon bark oil (Cinnamomum zeylanicum Blume)
M01155,S01015,,0.5,,tipico,anexo-ifra,D00001,Cinnamon bark oil (Cinnamomum zeylanicum Blume)
M01156,S00011,,0.5,,tipico,anexo-ifra,D00001,"Cinnamon bark oil, Laos (Cinnamomum loureiroi Nees)"
M01156,S00017,,95,,tipico,anexo-ifra,D00001,"Cinnamon bark oil, Laos (Cinnamomum loureiroi Nees)"
M01156,S00018,,0.5,,tipico,anexo-ifra,D00001,"Cinnamon bark oil, Laos (Cinnamomum loureiroi Nees)"
M01156,S00035,,3,,tipico,anexo-ifra,D00001,"Cinnamon bark oil, Laos (Cinnamomum loureiroi Nees)"
M01156,S00074,,0.01,,tipico,anexo-ifra,D00001,"Cinnamon bark oil, Laos (Cinnamomum loureiroi Nees)"
M01156,S00084,,0.01,,tipico,anexo-ifra,D00001,"Cinnamon bark oil, Laos (Cinnamomum loureiroi Nees)"
M01157,S00011,,0.16,,tipico,anexo-ifra,D00001,Cinnamon leaf oil (Cinnamomum zeylanicum Blume)
M01157,S00012,,0.1,,tipico,anexo-ifra,D00001,Cinnamon leaf oil (Cinnamomum zeylanicum Blume)
M01157,S00017,,1.5,,tipico,anexo-ifra,D00001,Cinnamon leaf oil (Cinnamomum zeylanicum Blume)
M01157,S00020,,74,,tipico,anexo-ifra,D00001,Cinnamon leaf oil (Cinnamomum zeylanicum Blume)
M01157,S00023,,0.13,,tipico,anexo-ifra,D00001,Cinnamon leaf oil (Cinnamomum zeylanicum Blume)
M01157,S00025,,0.01,,tipico,anexo-ifra,D00001,Cinnamon leaf oil (Cinnamomum zeylanicum Blume)
M01157,S00035,,0.3,,tipico,anexo-ifra,D00001,Cinnamon leaf oil (Cinnamomum zeylanicum Blume)
M01157,S00070,,1.2,,tipico,anexo-ifra,D00001,Cinnamon leaf oil (Cinnamomum zeylanicum Blume)
M01157,S00074,,3.5,,tipico,anexo-ifra,D00001,Cinnamon leaf oil (Cinnamomum zeylanicum Blume)
M01157,S00084,,0.12,,tipico,anexo-ifra,D00001,Cinnamon leaf oil (Cinnamomum zeylanicum Blume)
M01158,S00011,,,0.2,maximo,anexo-ifra,D00001,el máximo de las 3 entradas del anexo para 8015-91-6 (D14): Cinnamon bark oil
M01158,S00012,,,0.1,maximo,anexo-ifra,D00001,el máximo de las 3 entradas del anexo para 8015-91-6 (D14): Cinnamon leaf oil
M01158,S00017,,,77.5,maximo,anexo-ifra,D00001,el máximo de las 3 entradas del anexo para 8015-91-6 (D14): Cinnamon bark CO2 extract
M01158,S00018,,,1.1,maximo,anexo-ifra,D00001,el máximo de las 3 entradas del anexo para 8015-91-6 (D14): Cinnamon bark CO2 extract
M01158,S00020,,,74,maximo,anexo-ifra,D00001,el máximo de las 3 entradas del anexo para 8015-91-6 (D14): Cinnamon leaf oil
M01158,S00023,,,0.13,maximo,anexo-ifra,D00001,el máximo de las 3 entradas del anexo para 8015-91-6 (D14): Cinnamon leaf oil
M01158,S00025,,,0.01,maximo,anexo-ifra,D00001,el máximo de las 3 entradas del anexo para 8015-91-6 (D14): Cinnamon leaf oil
M01158,S00035,,,0.6,maximo,anexo-ifra,D00001,el máximo de las 3 entradas del anexo para 8015-91-6 (D14): Cinnamon bark oil
M01158,S00070,,,1.2,maximo,anexo-ifra,D00001,el máximo de las 3 entradas del anexo para 8015-91-6 (D14): Cinnamon leaf oil
M01158,S00074,,,3.5,maximo,anexo-ifra,D00001,el máximo de las 3 entradas del anexo para 8015-91-6 (D14): Cinnamon leaf oil
M01158,S00084,,,0.12,maximo,anexo-ifra,D00001,el máximo de las 3 entradas del anexo para 8015-91-6 (D14): Cinnamon leaf oil
M01158,S01015,,,0.5,maximo,anexo-ifra,D00001,el máximo de las 3 entradas del anexo para 8015-91-6 (D14): Cinnamon bark oil
M01159,S00011,,,0.2,maximo,anexo-ifra,D00001,el máximo de las 3 entradas del anexo para 8015-91-6 (D14): Cinnamon bark oil
M01159,S00012,,,0.1,maximo,anexo-ifra,D00001,el máximo de las 3 entradas del anexo para 8015-91-6 (D14): Cinnamon leaf oil
M01159,S00017,,,77.5,maximo,anexo-ifra,D00001,el máximo de las 3 entradas del anexo para 8015-91-6 (D14): Cinnamon bark CO2 extract
M01159,S00018,,,1.1,maximo,anexo-ifra,D00001,el máximo de las 3 entradas del anexo para 8015-91-6 (D14): Cinnamon bark CO2 extract
M01159,S00020,,,74,maximo,anexo-ifra,D00001,el máximo de las 3 entradas del anexo para 8015-91-6 (D14): Cinnamon leaf oil
M01159,S00023,,,0.13,maximo,anexo-ifra,D00001,el máximo de las 3 entradas del anexo para 8015-91-6 (D14): Cinnamon leaf oil
M01159,S00025,,,0.01,maximo,anexo-ifra,D00001,el máximo de las 3 entradas del anexo para 8015-91-6 (D14): Cinnamon leaf oil
M01159,S00035,,,0.6,maximo,anexo-ifra,D00001,el máximo de las 3 entradas del anexo para 8015-91-6 (D14): Cinnamon bark oil
M01159,S00070,,,1.2,maximo,anexo-ifra,D00001,el máximo de las 3 entradas del anexo para 8015-91-6 (D14): Cinnamon leaf oil
M01159,S00074,,,3.5,maximo,anexo-ifra,D00001,el máximo de las 3 entradas del anexo para 8015-91-6 (D14): Cinnamon leaf oil
M01159,S00084,,,0.12,maximo,anexo-ifra,D00001,el máximo de las 3 entradas del anexo para 8015-91-6 (D14): Cinnamon leaf oil
M01159,S01015,,,0.5,maximo,anexo-ifra,D00001,el máximo de las 3 entradas del anexo para 8015-91-6 (D14): Cinnamon bark oil
M01160,S00001,,0.01,,tipico,anexo-ifra,D00001,Cistus absolute (Cistus ladaniferus L.)
M01160,S00011,,0.6,,tipico,anexo-ifra,D00001,Cistus absolute (Cistus ladaniferus L.)
M01160,S00018,,0.03,,tipico,anexo-ifra,D00001,Cistus absolute (Cistus ladaniferus L.)
M01160,S00020,,0.06,,tipico,anexo-ifra,D00001,Cistus absolute (Cistus ladaniferus L.)
M01161,S00001,,,0.12,maximo,anexo-ifra,D00001,el máximo de las 5 entradas del anexo para 8016-26-0 (D14): Labdanum oil
M01161,S00011,,,0.9,maximo,anexo-ifra,D00001,el máximo de las 5 entradas del anexo para 8016-26-0 (D14): Cistus oil
M01161,S00015,,,0.25,maximo,anexo-ifra,D00001,el máximo de las 5 entradas del anexo para 8016-26-0 (D14): Labdanum oil
M01161,S00018,,,0.03,maximo,anexo-ifra,D00001,el máximo de las 5 entradas del anexo para 8016-26-0 (D14): Cistus absolute
M01161,S00020,,,0.5,maximo,anexo-ifra,D00001,el máximo de las 5 entradas del anexo para 8016-26-0 (D14): Labdanum oil
M01161,S00025,,,0.05,maximo,anexo-ifra,D00001,el máximo de las 5 entradas del anexo para 8016-26-0 (D14): Labdanum oil
M01161,S01008,,,0.6,maximo,anexo-ifra,D00001,el máximo de las 5 entradas del anexo para 8016-26-0 (D14): Cistus oil
M01161,S01018,,,0.18,maximo,anexo-ifra,D00001,el máximo de las 5 entradas del anexo para 8016-26-0 (D14): Cistus oil
M01161,S01019,,,0.2,maximo,anexo-ifra,D00001,el máximo de las 5 entradas del anexo para 8016-26-0 (D14): Cistus oil
M01162,S00011,,0.6,,tipico,anexo-ifra,D00001,Cistus concrete (Cistus ladaniferus L.)
M01163,S00001,,,0.12,maximo,anexo-ifra,D00001,el máximo de las 5 entradas del anexo para 8016-26-0 (D14): Labdanum oil
M01163,S00011,,,0.9,maximo,anexo-ifra,D00001,el máximo de las 5 entradas del anexo para 8016-26-0 (D14): Cistus oil
M01163,S00015,,,0.25,maximo,anexo-ifra,D00001,el máximo de las 5 entradas del anexo para 8016-26-0 (D14): Labdanum oil
M01163,S00018,,,0.03,maximo,anexo-ifra,D00001,el máximo de las 5 entradas del anexo para 8016-26-0 (D14): Cistus absolute
M01163,S00020,,,0.5,maximo,anexo-ifra,D00001,el máximo de las 5 entradas del anexo para 8016-26-0 (D14): Labdanum oil
M01163,S00025,,,0.05,maximo,anexo-ifra,D00001,el máximo de las 5 entradas del anexo para 8016-26-0 (D14): Labdanum oil
M01163,S01008,,,0.6,maximo,anexo-ifra,D00001,el máximo de las 5 entradas del anexo para 8016-26-0 (D14): Cistus oil
M01163,S01018,,,0.18,maximo,anexo-ifra,D00001,el máximo de las 5 entradas del anexo para 8016-26-0 (D14): Cistus oil
M01163,S01019,,,0.2,maximo,anexo-ifra,D00001,el máximo de las 5 entradas del anexo para 8016-26-0 (D14): Cistus oil
M01164,S00011,,0.9,,tipico,anexo-ifra,D00001,Cistus oil (Cistus ladaniferus L.)
M01164,S00020,,0.4,,tipico,anexo-ifra,D00001,Cistus oil (Cistus ladaniferus L.)
M01164,S01008,,0.6,,tipico,anexo-ifra,D00001,Cistus oil (Cistus ladaniferus L.)
M01164,S01018,,0.18,,tipico,anexo-ifra,D00001,Cistus oil (Cistus ladaniferus L.)
M01164,S01019,,0.2,,tipico,anexo-ifra,D00001,Cistus oil (Cistus ladaniferus L.)
M01165,S00001,,,0.12,maximo,anexo-ifra,D00001,el máximo de las 5 entradas del anexo para 8016-26-0 (D14): Labdanum oil
M01165,S00011,,,0.9,maximo,anexo-ifra,D00001,el máximo de las 5 entradas del anexo para 8016-26-0 (D14): Cistus oil
M01165,S00015,,,0.25,maximo,anexo-ifra,D00001,el máximo de las 5 entradas del anexo para 8016-26-0 (D14): Labdanum oil
M01165,S00018,,,0.03,maximo,anexo-ifra,D00001,el máximo de las 5 entradas del anexo para 8016-26-0 (D14): Cistus absolute
M01165,S00020,,,0.5,maximo,anexo-ifra,D00001,el máximo de las 5 entradas del anexo para 8016-26-0 (D14): Labdanum oil
M01165,S00025,,,0.05,maximo,anexo-ifra,D00001,el máximo de las 5 entradas del anexo para 8016-26-0 (D14): Labdanum oil
M01165,S01008,,,0.6,maximo,anexo-ifra,D00001,el máximo de las 5 entradas del anexo para 8016-26-0 (D14): Cistus oil
M01165,S01018,,,0.18,maximo,anexo-ifra,D00001,el máximo de las 5 entradas del anexo para 8016-26-0 (D14): Cistus oil
M01165,S01019,,,0.2,maximo,anexo-ifra,D00001,el máximo de las 5 entradas del anexo para 8016-26-0 (D14): Cistus oil
M01166,S00001,,0.71,,tipico,anexo-ifra,D00001,Citron oil (Citrus medica L.)
M01166,S00020,,0.01,,tipico,anexo-ifra,D00001,Citron oil (Citrus medica L.)
M01166,S00065,,0.15,,tipico,anexo-ifra,D00001,Citron oil (Citrus medica L.)
M01166,S00066,,0.12,,tipico,anexo-ifra,D00001,Citron oil (Citrus medica L.)
M01166,S00071,,2.63,,tipico,anexo-ifra,D00001,Citron oil (Citrus medica L.)
M01166,S00084,,0.01,,tipico,anexo-ifra,D00001,Citron oil (Citrus medica L.)
M01166,S01007,,1.57,,tipico,anexo-ifra,D00001,Citron oil (Citrus medica L.)
M01167,S00001,,0.71,,tipico,anexo-ifra,D00001,Citron oil (Citrus medica L.)
M01167,S00020,,0.01,,tipico,anexo-ifra,D00001,Citron oil (Citrus medica L.)
M01167,S00065,,0.15,,tipico,anexo-ifra,D00001,Citron oil (Citrus medica L.)
M01167,S00066,,0.12,,tipico,anexo-ifra,D00001,Citron oil (Citrus medica L.)
M01167,S00071,,2.63,,tipico,anexo-ifra,D00001,Citron oil (Citrus medica L.)
M01167,S00084,,0.01,,tipico,anexo-ifra,D00001,Citron oil (Citrus medica L.)
M01167,S01007,,1.57,,tipico,anexo-ifra,D00001,Citron oil (Citrus medica L.)
M01168,S00001,,,22,maximo,anexo-ifra,D00001,"el máximo de las 2 entradas del anexo para 8000-29-1 (D14): Citronella oil, Java type"
M01168,S00020,,,0.9,maximo,anexo-ifra,D00001,"el máximo de las 2 entradas del anexo para 8000-29-1 (D14): Citronella oil, Java type"
M01168,S00025,,,0.1,maximo,anexo-ifra,D00001,"el máximo de las 2 entradas del anexo para 8000-29-1 (D14): Citronella oil, Java type"
M01168,S00061,,,0.8,maximo,anexo-ifra,D00001,"el máximo de las 2 entradas del anexo para 8000-29-1 (D14): Citronella oil, Ceylon type"
M01168,S00065,,,36,maximo,anexo-ifra,D00001,"el máximo de las 2 entradas del anexo para 8000-29-1 (D14): Citronella oil, Java type"
M01168,S00066,,,11,maximo,anexo-ifra,D00001,"el máximo de las 2 entradas del anexo para 8000-29-1 (D14): Citronella oil, Java type"
M01168,S01004,,,0.01,maximo,anexo-ifra,D00001,"el máximo de las 2 entradas del anexo para 8000-29-1 (D14): Citronella oil, Ceylon type"
M01168,S01006,,,3,maximo,anexo-ifra,D00001,"el máximo de las 2 entradas del anexo para 8000-29-1 (D14): Citronella oil, Java type"
M01169,S00001,,17.7,,tipico,anexo-ifra,D00001,"Citronella oil, Ceylon type (Cymbopogon nardus (L.) Rendle)"
M01169,S00020,,0.2,,tipico,anexo-ifra,D00001,"Citronella oil, Ceylon type (Cymbopogon nardus (L.) Rendle)"
M01169,S00061,,0.8,,tipico,anexo-ifra,D00001,"Citronella oil, Ceylon type (Cymbopogon nardus (L.) Rendle)"
M01169,S00065,,4.5,,tipico,anexo-ifra,D00001,"Citronella oil, Ceylon type (Cymbopogon nardus (L.) Rendle)"
M01169,S00066,,6,,tipico,anexo-ifra,D00001,"Citronella oil, Ceylon type (Cymbopogon nardus (L.) Rendle)"
M01169,S01004,,0.01,,tipico,anexo-ifra,D00001,"Citronella oil, Ceylon type (Cymbopogon nardus (L.) Rendle)"
M01169,S01006,,0.9,,tipico,anexo-ifra,D00001,"Citronella oil, Ceylon type (Cymbopogon nardus (L.) Rendle)"
M01170,S00001,,22,,tipico,anexo-ifra,D00001,"Citronella oil, Java type (Cymbopogon winterianus Jowitt)"
M01170,S00020,,0.9,,tipico,anexo-ifra,D00001,"Citronella oil, Java type (Cymbopogon winterianus Jowitt)"
M01170,S00025,,0.1,,tipico,anexo-ifra,D00001,"Citronella oil, Java type (Cymbopogon winterianus Jowitt)"
M01170,S00061,,0.8,,tipico,anexo-ifra,D00001,"Citronella oil, Java type (Cymbopogon winterianus Jowitt)"
M01170,S00065,,36,,tipico,anexo-ifra,D00001,"Citronella oil, Java type (Cymbopogon winterianus Jowitt)"
M01170,S00066,,11,,tipico,anexo-ifra,D00001,"Citronella oil, Java type (Cymbopogon winterianus Jowitt)"
M01170,S01004,,0.01,,tipico,anexo-ifra,D00001,"Citronella oil, Java type (Cymbopogon winterianus Jowitt)"
M01170,S01006,,3,,tipico,anexo-ifra,D00001,"Citronella oil, Java type (Cymbopogon winterianus Jowitt)"
M01172,S00001,,0.7,,tipico,anexo-ifra,D00001,Citrus hystrix extract (Citrus hystrix DC)
M01172,S00065,,11.7,,tipico,anexo-ifra,D00001,Citrus hystrix extract (Citrus hystrix DC)
M01172,S00066,,3,,tipico,anexo-ifra,D00001,Citrus hystrix extract (Citrus hystrix DC)
M01172,S01006,,0.4,,tipico,anexo-ifra,D00001,Citrus hystrix extract (Citrus hystrix DC)
M01173,S00061,,0.01,,tipico,anexo-ifra,D00001,Citrus junos oil (Citrus junos Siebold ex. Tanaka ichangensis × reticulata var. austera (reticulata var. austera) (Rutaceae))
M01178,S00001,,0.19,,tipico,anexo-ifra,D00001,Clary sage absolute (Salvia sclarea L.)
M01178,S00004,,0.04,,tipico,anexo-ifra,D00001,Clary sage absolute (Salvia sclarea L.)
M01179,S00001,,,1.2,maximo,anexo-ifra,D00001,el máximo de las 3 entradas del anexo para 8016-63-5 (D14): Clary sage oil
M01179,S00004,,,0.04,maximo,anexo-ifra,D00001,el máximo de las 3 entradas del anexo para 8016-63-5 (D14): Clary sage absolute
M01180,S00001,,1.2,,tipico,anexo-ifra,D00001,Clary sage oil (Salvia sclarea L.)
M01181,S00004,,0.01,,tipico,anexo-ifra,D00001,Clove leaf oil terpenes (Syzygium aromaticum (L.) Merr. & L.M.Perry)
M01181,S00020,,0.77,,tipico,anexo-ifra,D00001,Clove leaf oil terpenes (Syzygium aromaticum (L.) Merr. & L.M.Perry)
M01182,S00001,,,0.05,maximo,anexo-ifra,D00001,el máximo de las 4 entradas del anexo para 8000-34-8 (D14): Clove bud oil terpenes
M01182,S00012,,,0.01,maximo,anexo-ifra,D00001,el máximo de las 4 entradas del anexo para 8000-34-8 (D14): Clove bud oil terpenes
M01182,S00020,,,88,maximo,anexo-ifra,D00001,el máximo de las 4 entradas del anexo para 8000-34-8 (D14): Clove stem oil
M01182,S00023,,,0.1,maximo,anexo-ifra,D00001,el máximo de las 4 entradas del anexo para 8000-34-8 (D14): Clove leaf oil
M01182,S00025,,,0.1,maximo,anexo-ifra,D00001,el máximo de las 4 entradas del anexo para 8000-34-8 (D14): Clove bud oil
M01183,S00001,,,0.05,maximo,anexo-ifra,D00001,el máximo de las 4 entradas del anexo para 8000-34-8 (D14): Clove bud oil terpenes
M01183,S00012,,,0.01,maximo,anexo-ifra,D00001,el máximo de las 4 entradas del anexo para 8000-34-8 (D14): Clove bud oil terpenes
M01183,S00020,,,88,maximo,anexo-ifra,D00001,el máximo de las 4 entradas del anexo para 8000-34-8 (D14): Clove stem oil
M01183,S00023,,,0.1,maximo,anexo-ifra,D00001,el máximo de las 4 entradas del anexo para 8000-34-8 (D14): Clove leaf oil
M01183,S00025,,,0.1,maximo,anexo-ifra,D00001,el máximo de las 4 entradas del anexo para 8000-34-8 (D14): Clove bud oil
M01184,S00020,,82,,tipico,anexo-ifra,D00001,Clove bud oil (Syzygium aromaticum L.)
M01184,S00025,,0.1,,tipico,anexo-ifra,D00001,Clove bud oil (Syzygium aromaticum L.)
M01185,S00020,,85.3,,tipico,anexo-ifra,D00001,Clove leaf oil (Syzygium aromaticum L.)
M01185,S00023,,0.1,,tipico,anexo-ifra,D00001,Clove leaf oil (Syzygium aromaticum L.)
M01185,S00025,,0.1,,tipico,anexo-ifra,D00001,Clove leaf oil (Syzygium aromaticum L.)
M01186,S00004,,0.01,,tipico,anexo-ifra,D00001,Clove leaf oil terpenes (Syzygium aromaticum (L.) Merr. & L.M.Perry)
M01186,S00020,,0.77,,tipico,anexo-ifra,D00001,Clove leaf oil terpenes (Syzygium aromaticum (L.) Merr. & L.M.Perry)
M01187,S00001,,,0.05,maximo,anexo-ifra,D00001,el máximo de las 4 entradas del anexo para 8000-34-8 (D14): Clove bud oil terpenes
M01187,S00012,,,0.01,maximo,anexo-ifra,D00001,el máximo de las 4 entradas del anexo para 8000-34-8 (D14): Clove bud oil terpenes
M01187,S00020,,,88,maximo,anexo-ifra,D00001,el máximo de las 4 entradas del anexo para 8000-34-8 (D14): Clove stem oil
M01187,S00023,,,0.1,maximo,anexo-ifra,D00001,el máximo de las 4 entradas del anexo para 8000-34-8 (D14): Clove leaf oil
M01187,S00025,,,0.1,maximo,anexo-ifra,D00001,el máximo de las 4 entradas del anexo para 8000-34-8 (D14): Clove bud oil
M01188,S00020,,88,,tipico,anexo-ifra,D00001,Clove stem oil (Syzygium aromaticum L.)
M01188,S00025,,0.06,,tipico,anexo-ifra,D00001,Clove stem oil (Syzygium aromaticum L.)
M01203,S00001,,,1.6,maximo,anexo-ifra,D00001,el máximo de las 2 entradas del anexo para 8008-52-4 (D14): Coriander seed oil
M01203,S00004,,,0.02,maximo,anexo-ifra,D00001,el máximo de las 2 entradas del anexo para 8008-52-4 (D14): Coriander herb oil
M01204,S00001,,,1.6,maximo,anexo-ifra,D00001,el máximo de las 2 entradas del anexo para 8008-52-4 (D14): Coriander seed oil
M01204,S00004,,,0.02,maximo,anexo-ifra,D00001,el máximo de las 2 entradas del anexo para 8008-52-4 (D14): Coriander herb oil
M01205,S00001,,,1.6,maximo,anexo-ifra,D00001,el máximo de las 2 entradas del anexo para 8008-52-4 (D14): Coriander seed oil
M01205,S00004,,,0.02,maximo,anexo-ifra,D00001,el máximo de las 2 entradas del anexo para 8008-52-4 (D14): Coriander herb oil
M01206,S00070,,0.04,,tipico,anexo-ifra,D00001,Cubeb oil (Piper cubeba L. f.)
M01206,S01010,,2.98,,tipico,anexo-ifra,D00001,Cubeb oil (Piper cubeba L. f.)
M01206,S01011,,1.55,,tipico,anexo-ifra,D00001,Cubeb oil (Piper cubeba L. f.)
M01206,S01020,,0.09,,tipico,anexo-ifra,D00001,Cubeb oil (Piper cubeba L. f.)
M01207,S00070,,0.04,,tipico,anexo-ifra,D00001,Cubeb oil (Piper cubeba L. f.)
M01207,S01010,,2.98,,tipico,anexo-ifra,D00001,Cubeb oil (Piper cubeba L. f.)
M01207,S01011,,1.55,,tipico,anexo-ifra,D00001,Cubeb oil (Piper cubeba L. f.)
M01207,S01020,,0.09,,tipico,anexo-ifra,D00001,Cubeb oil (Piper cubeba L. f.)
M01210,S01014,,0.2,,tipico,anexo-ifra,D00001,Cumin seed oil (Cuminum cyminum L.)
M01210,S01020,,21,,tipico,anexo-ifra,D00001,Cumin seed oil (Cuminum cyminum L.)
M01212,S00063,,0.36,,tipico,anexo-ifra,D00001,Cypress oil (Cupresssus sempervirens L.)
M01212,S00081,,0.38,,tipico,anexo-ifra,D00001,Cypress oil (Cupresssus sempervirens L.)
M01213,S00063,,0.36,,tipico,anexo-ifra,D00001,Cypress oil (Cupresssus sempervirens L.)
M01213,S00081,,0.38,,tipico,anexo-ifra,D00001,Cypress oil (Cupresssus sempervirens L.)
M01217,S00011,,0.2,,tipico,anexo-ifra,D00001,Davana oil (Artemisia pallens Wall.)
M01218,S00035,,25,,tipico,anexo-ifra,D00001,Deertongue leaf absolute (Liatris odoratissima (Walt.) Willd.)
M01218,S01021,,2,,tipico,anexo-ifra,D00001,Deertongue leaf absolute (Liatris odoratissima (Walt.) Willd.)
M01219,S00035,,25,,tipico,anexo-ifra,D00001,Deertongue leaf absolute (Liatris odoratissima (Walt.) Willd.)
M01219,S01021,,2,,tipico,anexo-ifra,D00001,Deertongue leaf absolute (Liatris odoratissima (Walt.) Willd.)
M01220,S00035,,25,,tipico,anexo-ifra,D00001,Deertongue leaf absolute (Liatris odoratissima (Walt.) Willd.)
M01220,S01021,,2,,tipico,anexo-ifra,D00001,Deertongue leaf absolute (Liatris odoratissima (Walt.) Willd.)
M01221,S00035,,25,,tipico,anexo-ifra,D00001,Deertongue leaf absolute (Liatris odoratissima (Walt.) Willd.)
M01221,S01021,,2,,tipico,anexo-ifra,D00001,Deertongue leaf absolute (Liatris odoratissima (Walt.) Willd.)
M01222,S01012,,51,,tipico,anexo-ifra,D00001,Dill seed oil (Anethum graveolens L.)
M01223,S01012,,,51,maximo,anexo-ifra,D00001,el máximo de las 2 entradas del anexo para 8006-75-5 (D14): Dill seed oil
M01224,S01012,,,51,maximo,anexo-ifra,D00001,el máximo de las 2 entradas del anexo para 8006-75-5 (D14): Dill seed oil
M01225,S01012,,31.5,,tipico,anexo-ifra,D00001,Dill weed oil (Anethum graveolens L.)
M01226,S00025,,,0.4,maximo,anexo-ifra,D00001,el máximo de las 2 entradas del anexo para 8023-89-0 (D14): Elemi oil
M01227,S00025,,,0.4,maximo,anexo-ifra,D00001,el máximo de las 2 entradas del anexo para 8023-89-0 (D14): Elemi oil
M01228,S00025,,,0.4,maximo,anexo-ifra,D00001,el máximo de las 2 entradas del anexo para 8023-89-0 (D14): Elemi oil
M01229,S00025,,0.4,,tipico,anexo-ifra,D00001,Elemi oil (Canarium luzonicum (Blume) A. Gray)
M01230,S00025,,,0.4,maximo,anexo-ifra,D00001,el máximo de las 2 entradas del anexo para 8023-89-0 (D14): Elemi oil
M01231,S00025,,,0.4,maximo,anexo-ifra,D00001,el máximo de las 2 entradas del anexo para 8023-89-0 (D14): Elemi oil
M01232,S00025,,0.09,,tipico,anexo-ifra,D00001,Elemi resinoid (Canarium luzonicum (Blume) A. Gray)
M01233,S00001,,0.13,,tipico,anexo-ifra,D00001,Eucalyptus dives oil (Eucalyptus dives Shauer)
M01234,S00001,,0.11,,tipico,anexo-ifra,D00001,Eucalyptus citriodora oil (Corymbia citriodora (Hook.) K.D. Hill & L.A. Johnson)
M01234,S00020,,0.12,,tipico,anexo-ifra,D00001,Eucalyptus citriodora oil (Corymbia citriodora (Hook.) K.D. Hill & L.A. Johnson)
M01234,S00024,,0.21,,tipico,anexo-ifra,D00001,Eucalyptus citriodora oil (Corymbia citriodora (Hook.) K.D. Hill & L.A. Johnson)
M01234,S00065,,71.77,,tipico,anexo-ifra,D00001,Eucalyptus citriodora oil (Corymbia citriodora (Hook.) K.D. Hill & L.A. Johnson)
M01234,S00066,,7.37,,tipico,anexo-ifra,D00001,Eucalyptus citriodora oil (Corymbia citriodora (Hook.) K.D. Hill & L.A. Johnson)
M01234,S00071,,0.05,,tipico,anexo-ifra,D00001,Eucalyptus citriodora oil (Corymbia citriodora (Hook.) K.D. Hill & L.A. Johnson)
M01234,S01006,,1.81,,tipico,anexo-ifra,D00001,Eucalyptus citriodora oil (Corymbia citriodora (Hook.) K.D. Hill & L.A. Johnson)
M01234,S01007,,0.03,,tipico,anexo-ifra,D00001,Eucalyptus citriodora oil (Corymbia citriodora (Hook.) K.D. Hill & L.A. Johnson)
M01236,S00001,,0.11,,tipico,anexo-ifra,D00001,Eucalyptus citriodora oil (Corymbia citriodora (Hook.) K.D. Hill & L.A. Johnson)
M01236,S00020,,0.12,,tipico,anexo-ifra,D00001,Eucalyptus citriodora oil (Corymbia citriodora (Hook.) K.D. Hill & L.A. Johnson)
M01236,S00024,,0.21,,tipico,anexo-ifra,D00001,Eucalyptus citriodora oil (Corymbia citriodora (Hook.) K.D. Hill & L.A. Johnson)
M01236,S00065,,71.77,,tipico,anexo-ifra,D00001,Eucalyptus citriodora oil (Corymbia citriodora (Hook.) K.D. Hill & L.A. Johnson)
M01236,S00066,,7.37,,tipico,anexo-ifra,D00001,Eucalyptus citriodora oil (Corymbia citriodora (Hook.) K.D. Hill & L.A. Johnson)
M01236,S00071,,0.05,,tipico,anexo-ifra,D00001,Eucalyptus citriodora oil (Corymbia citriodora (Hook.) K.D. Hill & L.A. Johnson)
M01236,S01006,,1.81,,tipico,anexo-ifra,D00001,Eucalyptus citriodora oil (Corymbia citriodora (Hook.) K.D. Hill & L.A. Johnson)
M01236,S01007,,0.03,,tipico,anexo-ifra,D00001,Eucalyptus citriodora oil (Corymbia citriodora (Hook.) K.D. Hill & L.A. Johnson)
M01237,S00001,,0.13,,tipico,anexo-ifra,D00001,Eucalyptus dives oil (Eucalyptus dives Shauer)
M01238,S00001,,0.13,,tipico,anexo-ifra,D00001,Eucalyptus dives oil (Eucalyptus dives Shauer)
M01239,S00001,,0.13,,tipico,anexo-ifra,D00001,Eucalyptus dives oil (Eucalyptus dives Shauer)
M01243,S00001,,0.13,,tipico,anexo-ifra,D00001,Eucalyptus dives oil (Eucalyptus dives Shauer)
M01244,S00001,,0.16,,tipico,anexo-ifra,D00001,Eucalyptus radiata oil (Eucalyptus radiata Sieber ex DC oil)
M01244,S00061,,1.5,,tipico,anexo-ifra,D00001,Eucalyptus radiata oil (Eucalyptus radiata Sieber ex DC oil)
M01246,S00083,,,2.32,maximo,anexo-ifra,D00001,"el máximo de las 2 entradas del anexo para 8006-84-6 (D14): Fennel oil, sweet"
M01246,S01005,,,0.47,maximo,anexo-ifra,D00001,"el máximo de las 2 entradas del anexo para 8006-84-6 (D14): Fennel oil, sweet"
M01247,S00083,,,2.32,maximo,anexo-ifra,D00001,"el máximo de las 2 entradas del anexo para 8006-84-6 (D14): Fennel oil, sweet"
M01247,S01005,,,0.47,maximo,anexo-ifra,D00001,"el máximo de las 2 entradas del anexo para 8006-84-6 (D14): Fennel oil, sweet"
M01248,S00083,,2.32,,tipico,anexo-ifra,D00001,"Fennel oil, sweet (Foeniculum vulgare subsp. vulgare var. Dulce (Mill) Batt.)"
M01248,S01005,,0.47,,tipico,anexo-ifra,D00001,"Fennel oil, sweet (Foeniculum vulgare subsp. vulgare var. Dulce (Mill) Batt.)"
M01249,S00083,,,2.32,maximo,anexo-ifra,D00001,"el máximo de las 2 entradas del anexo para 8006-84-6 (D14): Fennel oil, sweet"
M01249,S01005,,,0.47,maximo,anexo-ifra,D00001,"el máximo de las 2 entradas del anexo para 8006-84-6 (D14): Fennel oil, sweet"
M01255,S00024,,0.22,,tipico,anexo-ifra,D00001,"Fir needle oil, Canadian (Abies balsamea (L.) Mill.)"
M01255,S00083,,0.04,,tipico,anexo-ifra,D00001,"Fir needle oil, Canadian (Abies balsamea (L.) Mill.)"
M01256,S00024,,0.22,,tipico,anexo-ifra,D00001,"Fir needle oil, Canadian (Abies balsamea (L.) Mill.)"
M01256,S00083,,0.04,,tipico,anexo-ifra,D00001,"Fir needle oil, Canadian (Abies balsamea (L.) Mill.)"
M01257,S00024,,0.22,,tipico,anexo-ifra,D00001,"Fir needle oil, Canadian (Abies balsamea (L.) Mill.)"
M01257,S00083,,0.04,,tipico,anexo-ifra,D00001,"Fir needle oil, Canadian (Abies balsamea (L.) Mill.)"
M01259,S00024,,0.22,,tipico,anexo-ifra,D00001,"Fir needle oil, Canadian (Abies balsamea (L.) Mill.)"
M01259,S00083,,0.04,,tipico,anexo-ifra,D00001,"Fir needle oil, Canadian (Abies balsamea (L.) Mill.)"
M01261,S00001,,0.03,,tipico,anexo-ifra,D00001,"Fir needle oil, Siberian (Abies siberica Ledeb (Pinaceae))"
M01261,S00014,,0.2,,tipico,anexo-ifra,D00001,"Fir needle oil, Siberian (Abies siberica Ledeb (Pinaceae))"
M01262,S00001,,,0.03,maximo,anexo-ifra,D00001,"el máximo de las 2 entradas del anexo para 8021-29-2 (D14): Fir needle oil, Siberian"
M01262,S00014,,,0.2,maximo,anexo-ifra,D00001,"el máximo de las 2 entradas del anexo para 8021-29-2 (D14): Fir needle oil, Siberian"
M01262,S00024,,,0.09,maximo,anexo-ifra,D00001,el máximo de las 2 entradas del anexo para 8021-29-2 (D14): Pine needle oil
M01263,S00024,,0.22,,tipico,anexo-ifra,D00001,"Fir needle oil, Canadian (Abies balsamea (L.) Mill.)"
M01263,S00083,,0.04,,tipico,anexo-ifra,D00001,"Fir needle oil, Canadian (Abies balsamea (L.) Mill.)"
M01266,S00035,,2,,tipico,anexo-ifra,D00001,Flouve absolute (Anthoxanthum odorantum L.)
M01267,S00035,,2,,tipico,anexo-ifra,D00001,Flouve absolute (Anthoxanthum odorantum L.)
M01273,S00102,,0.1,,tipico,anexo-ifra,D00001,Galbanum oil (Ferula spp.)
M01274,S00102,,0.1,,tipico,anexo-ifra,D00001,Galbanum oil (Ferula spp.)
M01275,S00102,,0.1,,tipico,anexo-ifra,D00001,Galbanum oil (Ferula spp.)
M01276,S00102,,0.1,,tipico,anexo-ifra,D00001,Galbanum oil (Ferula spp.)
M01277,S00102,,0.1,,tipico,anexo-ifra,D00001,Galbanum oil (Ferula spp.)
M01278,S00102,,0.1,,tipico,anexo-ifra,D00001,Galbanum oil (Ferula spp.)
M01279,S00102,,0.1,,tipico,anexo-ifra,D00001,Galbanum oil (Ferula spp.)
M01372,S00031,,60.3,,tipico,anexo-ifra,D00034,"α-Amylcinnamaldehyde-methyl anthranilate (or Jasmea, Seringone): el aldehído que lleva, según IFRA"
M01416,S00011,,44.4,,tipico,anexo-ifra,D00034,"Benzaldehyde methyl anthranilate ; Methyl 2-[(phenylmethylene)amino]benzoate; Methyl 2-(benzylideneamino)benzoate (or Amandolene): el aldehído que lleva, según IFRA"
M01427,S00111,,59.1,,tipico,anexo-ifra,D00034,"Helional-methyl anthranilate (or Helioforte): el aldehído que lleva, según IFRA"
M01428,S01005,,50.6,,tipico,anexo-ifra,D00034,"Methyl 2-[(4-methoxybenzylidene)amino]benzoate (or Anisimea): el aldehído que lleva, según IFRA"
M01431,S00924,,57.3,,tipico,anexo-ifra,D00034,"Canthoxal-methyl anthranilate (or Canthalide, Anthranolene): el aldehído que lleva, según IFRA"
M01613,S00061,,53.3,,tipico,anexo-ifra,D00034,"Citral-methyl anthranilate: el aldehído que lleva, según IFRA"
M01615,S00065,,53.7,,tipico,anexo-ifra,D00034,"Citronellal methylanthranilate; Methyl 2-[(3,7-dimethyl-6-octenylidene)amino]benzoate (or Citronama): el aldehído que lleva, según IFRA"
M01634,S00575,,58.8,,tipico,anexo-ifra,D00034,"Methyl 2-{[3-(4-isopropylphenyl)-2-methylpropylidene]amino}benzoate; Cyclamen aldehyde-methyl anthranilate: el aldehído que lleva, según IFRA"
M01803,S01020,,50.2,,tipico,anexo-ifra,D00034,"Ethyl 2-[[[4-(1,1-dimethylethyl)phenyl]methylene]amino]benzoate: el aldehído que lleva, según IFRA"
M01969,S00094,,63.5,,tipico,anexo-ifra,D00034,"Hydroxycitronellal-Indole (or Indolene 50%): el aldehído que lleva, según IFRA"
M01970,S00094,,56.4,,tipico,anexo-ifra,D00034,"Hydroxycitronellal methyl anthranilate (or Aurantiol, Aurantium, Aurantoin): el aldehído que lleva, según IFRA"
M02071,S01782,,60.6,,tipico,anexo-ifra,D00034,"Lysmeral-methyl anthranilate (or Verdantiol): el aldehído que lleva, según IFRA"
M02113,S00666,,61.3,,tipico,anexo-ifra,D00034,"Lyral-methyl anthranilate (or Lyrantion): el aldehído que lleva, según IFRA"
M02121,S00011,,44.4,,tipico,anexo-ifra,D00034,"Benzaldehyde methyl anthranilate ; Methyl 2-[(phenylmethylene)amino]benzoate; Methyl 2-(benzylideneamino)benzoate (or Amandolene): el aldehído que lleva, según IFRA"
M02122,S00419,,50.9,,tipico,anexo-ifra,D00034,"Triplal-methyl anthranilate (or Vertosine, Ligantraal, Agrumea): el aldehído que lleva, según IFRA"
M02123,S00006,,61.8,,tipico,anexo-ifra,D00034,"α-Hexylcinnamic aldehyde methyl anthranilate (or Jasmea H): el aldehído que lleva, según IFRA"
M03375,S00017,,49.8,,tipico,anexo-ifra,D00034,"Cinnamic aldehyde methyl anthranilate: el aldehído que lleva, según IFRA"
M03378,S00001,,,0.05,maximo,anexo-ifra,D00001,el máximo de las 2 entradas del anexo para 85665-35-6 (D14): Helichrysum oil
M03378,S00063,,,0.08,maximo,anexo-ifra,D00001,el máximo de las 2 entradas del anexo para 85665-35-6 (D14): Helichrysum absolute
M03399,S00001,,0.13,,tipico,anexo-ifra,D00001,Genet absolute (Spartium junceum L.)
M03399,S00020,,0.02,,tipico,anexo-ifra,D00001,Genet absolute (Spartium junceum L.)
M03399,S00073,,0.34,,tipico,anexo-ifra,D00001,Genet absolute (Spartium junceum L.)
M03399,S01016,,0.1,,tipico,anexo-ifra,D00001,Genet absolute (Spartium junceum L.)
M03402,S00001,,9,,tipico,anexo-ifra,D00001,Geranium absolute (Pelargonium graveolens l'Hertier ex Aiton)
M03402,S01006,,0.41,,tipico,anexo-ifra,D00001,Geranium absolute (Pelargonium graveolens l'Hertier ex Aiton)
M03402,S01777,,10.6,,tipico,anexo-ifra,D00001,Geranium absolute (Pelargonium graveolens l'Hertier ex Aiton)
M03403,S00001,,9,,tipico,anexo-ifra,D00001,Geranium absolute (Pelargonium graveolens l'Hertier ex Aiton)
M03403,S01006,,0.41,,tipico,anexo-ifra,D00001,Geranium absolute (Pelargonium graveolens l'Hertier ex Aiton)
M03403,S01777,,10.6,,tipico,anexo-ifra,D00001,Geranium absolute (Pelargonium graveolens l'Hertier ex Aiton)
M03404,S00001,,,17.7,maximo,anexo-ifra,D00001,el máximo de las 3 entradas del anexo para 8000-46-2 (D14): Geranium oil
M03404,S00061,,,0.5,maximo,anexo-ifra,D00001,el máximo de las 3 entradas del anexo para 8000-46-2 (D14): Geranium oil
M03404,S00065,,,0.15,maximo,anexo-ifra,D00001,el máximo de las 3 entradas del anexo para 8000-46-2 (D14): Geranium oil
M03404,S01006,,,0.8,maximo,anexo-ifra,D00001,el máximo de las 3 entradas del anexo para 8000-46-2 (D14): Geranium oil African
M03404,S01314,,,0.1,maximo,anexo-ifra,D00001,el máximo de las 3 entradas del anexo para 8000-46-2 (D14): Geranium oil
M03404,S01777,,,33,maximo,anexo-ifra,D00001,el máximo de las 3 entradas del anexo para 8000-46-2 (D14): Geranium oil African
M03405,S00001,,17.7,,tipico,anexo-ifra,D00001,Geranium oil (Pelargonium graveolens l'Hertier ex Aiton)
M03405,S00061,,0.5,,tipico,anexo-ifra,D00001,Geranium oil (Pelargonium graveolens l'Hertier ex Aiton)
M03405,S00065,,0.15,,tipico,anexo-ifra,D00001,Geranium oil (Pelargonium graveolens l'Hertier ex Aiton)
M03405,S01006,,0.5,,tipico,anexo-ifra,D00001,Geranium oil (Pelargonium graveolens l'Hertier ex Aiton)
M03405,S01314,,0.1,,tipico,anexo-ifra,D00001,Geranium oil (Pelargonium graveolens l'Hertier ex Aiton)
M03405,S01777,,21.1,,tipico,anexo-ifra,D00001,Geranium oil (Pelargonium graveolens l'Hertier ex Aiton)
M03407,S00001,,17,,tipico,anexo-ifra,D00001,Geranium oil African (Pelargonium odoratissimum L'Heritier)
M03407,S00061,,0.5,,tipico,anexo-ifra,D00001,Geranium oil African (Pelargonium odoratissimum L'Heritier)
M03407,S01006,,0.8,,tipico,anexo-ifra,D00001,Geranium oil African (Pelargonium odoratissimum L'Heritier)
M03407,S01777,,33,,tipico,anexo-ifra,D00001,Geranium oil African (Pelargonium odoratissimum L'Heritier)
M03408,S00001,,9,,tipico,anexo-ifra,D00001,Geranium absolute (Pelargonium graveolens l'Hertier ex Aiton)
M03408,S01006,,0.41,,tipico,anexo-ifra,D00001,Geranium absolute (Pelargonium graveolens l'Hertier ex Aiton)
M03408,S01777,,10.6,,tipico,anexo-ifra,D00001,Geranium absolute (Pelargonium graveolens l'Hertier ex Aiton)
M03409,S00001,,,17.7,maximo,anexo-ifra,D00001,el máximo de las 3 entradas del anexo para 68916-44-9 8000-46-2 (D14): Geranium oil
M03409,S00061,,,0.5,maximo,anexo-ifra,D00001,el máximo de las 3 entradas del anexo para 68916-44-9 8000-46-2 (D14): Geranium oil
M03409,S00065,,,0.15,maximo,anexo-ifra,D00001,el máximo de las 3 entradas del anexo para 68916-44-9 8000-46-2 (D14): Geranium oil
M03409,S01006,,,0.8,maximo,anexo-ifra,D00001,el máximo de las 3 entradas del anexo para 68916-44-9 8000-46-2 (D14): Geranium oil African
M03409,S01314,,,0.1,maximo,anexo-ifra,D00001,el máximo de las 3 entradas del anexo para 68916-44-9 8000-46-2 (D14): Geranium oil
M03409,S01777,,,33,maximo,anexo-ifra,D00001,el máximo de las 3 entradas del anexo para 68916-44-9 8000-46-2 (D14): Geranium oil African
M03411,S00001,,,0.5,maximo,anexo-ifra,D00001,el máximo de las 3 entradas del anexo para 8007-08-7 (D14): Ginger oil
M03411,S00061,,,2.8,maximo,anexo-ifra,D00001,el máximo de las 3 entradas del anexo para 8007-08-7 (D14): Ginger oil
M03411,S00065,,,0.4,maximo,anexo-ifra,D00001,el máximo de las 3 entradas del anexo para 8007-08-7 (D14): Ginger oil
M03411,S00071,,,0.9,maximo,anexo-ifra,D00001,el máximo de las 3 entradas del anexo para 8007-08-7 (D14): Ginger CO2 extract
M03411,S01004,,,0.2,maximo,anexo-ifra,D00001,el máximo de las 3 entradas del anexo para 8007-08-7 (D14): Ginger oil
M03411,S01006,,,0.17,maximo,anexo-ifra,D00001,el máximo de las 3 entradas del anexo para 8007-08-7 (D14): Ginger CO2 extract
M03411,S01007,,,0.57,maximo,anexo-ifra,D00001,el máximo de las 3 entradas del anexo para 8007-08-7 (D14): Ginger CO2 extract
M03412,S00001,,,0.5,maximo,anexo-ifra,D00001,el máximo de las 3 entradas del anexo para 8007-08-7 (D14): Ginger oil
M03412,S00061,,,2.8,maximo,anexo-ifra,D00001,el máximo de las 3 entradas del anexo para 8007-08-7 (D14): Ginger oil
M03412,S00065,,,0.4,maximo,anexo-ifra,D00001,el máximo de las 3 entradas del anexo para 8007-08-7 (D14): Ginger oil
M03412,S00071,,,0.9,maximo,anexo-ifra,D00001,el máximo de las 3 entradas del anexo para 8007-08-7 (D14): Ginger CO2 extract
M03412,S01004,,,0.2,maximo,anexo-ifra,D00001,el máximo de las 3 entradas del anexo para 8007-08-7 (D14): Ginger oil
M03412,S01006,,,0.17,maximo,anexo-ifra,D00001,el máximo de las 3 entradas del anexo para 8007-08-7 (D14): Ginger CO2 extract
M03412,S01007,,,0.57,maximo,anexo-ifra,D00001,el máximo de las 3 entradas del anexo para 8007-08-7 (D14): Ginger CO2 extract
M03413,S00001,,0.27,,tipico,anexo-ifra,D00001,Ginger CO2 extract (Zingiber officinalle Roscoe)
M03413,S00071,,0.9,,tipico,anexo-ifra,D00001,Ginger CO2 extract (Zingiber officinalle Roscoe)
M03413,S01006,,0.17,,tipico,anexo-ifra,D00001,Ginger CO2 extract (Zingiber officinalle Roscoe)
M03413,S01007,,0.57,,tipico,anexo-ifra,D00001,Ginger CO2 extract (Zingiber officinalle Roscoe)
M03414,S00001,,,0.5,maximo,anexo-ifra,D00001,el máximo de las 3 entradas del anexo para 8007-08-7 (D14): Ginger oil
M03414,S00061,,,2.8,maximo,anexo-ifra,D00001,el máximo de las 3 entradas del anexo para 8007-08-7 (D14): Ginger oil
M03414,S00065,,,0.4,maximo,anexo-ifra,D00001,el máximo de las 3 entradas del anexo para 8007-08-7 (D14): Ginger oil
M03414,S00071,,,0.9,maximo,anexo-ifra,D00001,el máximo de las 3 entradas del anexo para 8007-08-7 (D14): Ginger CO2 extract
M03414,S01004,,,0.2,maximo,anexo-ifra,D00001,el máximo de las 3 entradas del anexo para 8007-08-7 (D14): Ginger oil
M03414,S01006,,,0.17,maximo,anexo-ifra,D00001,el máximo de las 3 entradas del anexo para 8007-08-7 (D14): Ginger CO2 extract
M03414,S01007,,,0.57,maximo,anexo-ifra,D00001,el máximo de las 3 entradas del anexo para 8007-08-7 (D14): Ginger CO2 extract
M03415,S00001,,0.5,,tipico,anexo-ifra,D00001,Ginger oil (Zingiber officinale Rosc.)
M03415,S00061,,2.8,,tipico,anexo-ifra,D00001,Ginger oil (Zingiber officinale Rosc.)
M03415,S00065,,0.4,,tipico,anexo-ifra,D00001,Ginger oil (Zingiber officinale Rosc.)
M03415,S01004,,0.2,,tipico,anexo-ifra,D00001,Ginger oil (Zingiber officinale Rosc.)
M03416,S00001,,,0.5,maximo,anexo-ifra,D00001,el máximo de las 3 entradas del anexo para 8007-08-7 (D14): Ginger oil
M03416,S00061,,,2.8,maximo,anexo-ifra,D00001,el máximo de las 3 entradas del anexo para 8007-08-7 (D14): Ginger oil
M03416,S00065,,,0.4,maximo,anexo-ifra,D00001,el máximo de las 3 entradas del anexo para 8007-08-7 (D14): Ginger oil
M03416,S00071,,,0.9,maximo,anexo-ifra,D00001,el máximo de las 3 entradas del anexo para 8007-08-7 (D14): Ginger CO2 extract
M03416,S01004,,,0.2,maximo,anexo-ifra,D00001,el máximo de las 3 entradas del anexo para 8007-08-7 (D14): Ginger oil
M03416,S01006,,,0.17,maximo,anexo-ifra,D00001,el máximo de las 3 entradas del anexo para 8007-08-7 (D14): Ginger CO2 extract
M03416,S01007,,,0.57,maximo,anexo-ifra,D00001,el máximo de las 3 entradas del anexo para 8007-08-7 (D14): Ginger CO2 extract
M03417,S00001,,0.1,,tipico,anexo-ifra,D00001,Ginger oleoresin (Zingiber officinale Rosc.)
M03417,S00061,,0.8,,tipico,anexo-ifra,D00001,Ginger oleoresin (Zingiber officinale Rosc.)
M03418,S00001,,,0.5,maximo,anexo-ifra,D00001,el máximo de las 3 entradas del anexo para 8007-08-7 (D14): Ginger oil
M03418,S00061,,,2.8,maximo,anexo-ifra,D00001,el máximo de las 3 entradas del anexo para 8007-08-7 (D14): Ginger oil
M03418,S00065,,,0.4,maximo,anexo-ifra,D00001,el máximo de las 3 entradas del anexo para 8007-08-7 (D14): Ginger oil
M03418,S00071,,,0.9,maximo,anexo-ifra,D00001,el máximo de las 3 entradas del anexo para 8007-08-7 (D14): Ginger CO2 extract
M03418,S01004,,,0.2,maximo,anexo-ifra,D00001,el máximo de las 3 entradas del anexo para 8007-08-7 (D14): Ginger oil
M03418,S01006,,,0.17,maximo,anexo-ifra,D00001,el máximo de las 3 entradas del anexo para 8007-08-7 (D14): Ginger CO2 extract
M03418,S01007,,,0.57,maximo,anexo-ifra,D00001,el máximo de las 3 entradas del anexo para 8007-08-7 (D14): Ginger CO2 extract
M03419,S00001,,0.04,,tipico,anexo-ifra,D00001,Gingergrass oil (Cymbopogon martinii (Roxb.) W.Watson var.sofia)
M03419,S00015,,4,,tipico,anexo-ifra,D00001,Gingergrass oil (Cymbopogon martinii (Roxb.) W.Watson var.sofia)
M03419,S01013,,0.2,,tipico,anexo-ifra,D00001,Gingergrass oil (Cymbopogon martinii (Roxb.) W.Watson var.sofia)
M03422,S00004,,,0.03,maximo,anexo-ifra,D00001,el máximo de las 2 entradas del anexo para 8016-20-4 (D14): Grapefruit oil
M03422,S00061,,,0.1,maximo,anexo-ifra,D00001,el máximo de las 2 entradas del anexo para 8016-20-4 (D14): Grapefruit oil
M03422,S00065,,,0.1,maximo,anexo-ifra,D00001,el máximo de las 2 entradas del anexo para 8016-20-4 (D14): Grapefruit oil
M03422,S00071,,,0.06,maximo,anexo-ifra,D00001,el máximo de las 2 entradas del anexo para 8016-20-4 (D14): Grapefruit essence oil
M03422,S01007,,,0.04,maximo,anexo-ifra,D00001,el máximo de las 2 entradas del anexo para 8016-20-4 (D14): Grapefruit essence oil
M03423,S00065,,0.07,,tipico,anexo-ifra,D00001,Grapefruit essence oil (Citrus x paradisi Macfad.)
M03423,S00071,,0.06,,tipico,anexo-ifra,D00001,Grapefruit essence oil (Citrus x paradisi Macfad.)
M03423,S01007,,0.04,,tipico,anexo-ifra,D00001,Grapefruit essence oil (Citrus x paradisi Macfad.)
M03424,S00004,,,0.03,maximo,anexo-ifra,D00001,el máximo de las 2 entradas del anexo para 8016-20-4 (D14): Grapefruit oil
M03424,S00061,,,0.1,maximo,anexo-ifra,D00001,el máximo de las 2 entradas del anexo para 8016-20-4 (D14): Grapefruit oil
M03424,S00065,,,0.1,maximo,anexo-ifra,D00001,el máximo de las 2 entradas del anexo para 8016-20-4 (D14): Grapefruit oil
M03424,S00071,,,0.06,maximo,anexo-ifra,D00001,el máximo de las 2 entradas del anexo para 8016-20-4 (D14): Grapefruit essence oil
M03424,S01007,,,0.04,maximo,anexo-ifra,D00001,el máximo de las 2 entradas del anexo para 8016-20-4 (D14): Grapefruit essence oil
M03425,S00004,,,0.03,maximo,anexo-ifra,D00001,el máximo de las 2 entradas del anexo para 8016-20-4 (D14): Grapefruit oil
M03425,S00061,,,0.1,maximo,anexo-ifra,D00001,el máximo de las 2 entradas del anexo para 8016-20-4 (D14): Grapefruit oil
M03425,S00065,,,0.1,maximo,anexo-ifra,D00001,el máximo de las 2 entradas del anexo para 8016-20-4 (D14): Grapefruit oil
M03425,S00071,,,0.06,maximo,anexo-ifra,D00001,el máximo de las 2 entradas del anexo para 8016-20-4 (D14): Grapefruit essence oil
M03425,S01007,,,0.04,maximo,anexo-ifra,D00001,el máximo de las 2 entradas del anexo para 8016-20-4 (D14): Grapefruit essence oil
M03426,S00004,,0.03,,tipico,anexo-ifra,D00001,Grapefruit oil (Citrus paradisi Macf.)
M03426,S00061,,0.1,,tipico,anexo-ifra,D00001,Grapefruit oil (Citrus paradisi Macf.)
M03426,S00065,,0.1,,tipico,anexo-ifra,D00001,Grapefruit oil (Citrus paradisi Macf.)
M03426,S00065,,0.1,,tipico,anexo-ifra,D00001,Grapefruit oil (Citrus x paradisi Macfad.)
M03426,S00071,,0.06,,tipico,anexo-ifra,D00001,Grapefruit oil (Citrus x paradisi Macfad.)
M03426,S01007,,0.04,,tipico,anexo-ifra,D00001,Grapefruit oil (Citrus x paradisi Macfad.)
M03427,S00015,,0.09,,tipico,anexo-ifra,D00001,Grapefruit oil terpenes (Citrus x paradisi Macfad.)
M03427,S00061,,0.01,,tipico,anexo-ifra,D00001,Grapefruit oil terpenes (Citrus x paradisi Macfad.)
M03427,S00065,,0.01,,tipico,anexo-ifra,D00001,Grapefruit oil terpenes (Citrus x paradisi Macfad.)
M03428,S00004,,,0.03,maximo,anexo-ifra,D00001,el máximo de las 2 entradas del anexo para 8016-20-4 (D14): Grapefruit oil
M03428,S00061,,,0.1,maximo,anexo-ifra,D00001,el máximo de las 2 entradas del anexo para 8016-20-4 (D14): Grapefruit oil
M03428,S00065,,,0.1,maximo,anexo-ifra,D00001,el máximo de las 2 entradas del anexo para 8016-20-4 (D14): Grapefruit oil
M03428,S00071,,,0.06,maximo,anexo-ifra,D00001,el máximo de las 2 entradas del anexo para 8016-20-4 (D14): Grapefruit essence oil
M03428,S01007,,,0.04,maximo,anexo-ifra,D00001,el máximo de las 2 entradas del anexo para 8016-20-4 (D14): Grapefruit essence oil
M03429,S00001,,0.1,,tipico,anexo-ifra,D00001,"Grapefruit oil, terpeneless (Citrus x paradisi Macfad.)"
M03429,S00061,,10,,tipico,anexo-ifra,D00001,"Grapefruit oil, terpeneless (Citrus x paradisi Macfad.)"
M03429,S00065,,3.2,,tipico,anexo-ifra,D00001,"Grapefruit oil, terpeneless (Citrus x paradisi Macfad.)"
M03429,S01006,,0.31,,tipico,anexo-ifra,D00001,"Grapefruit oil, terpeneless (Citrus x paradisi Macfad.)"
M03429,S01013,,1,,tipico,anexo-ifra,D00001,"Grapefruit oil, terpeneless (Citrus x paradisi Macfad.)"
M03430,S00004,,,0.03,maximo,anexo-ifra,D00001,el máximo de las 2 entradas del anexo para 8016-20-4 (D14): Grapefruit oil
M03430,S00061,,,0.1,maximo,anexo-ifra,D00001,el máximo de las 2 entradas del anexo para 8016-20-4 (D14): Grapefruit oil
M03430,S00065,,,0.1,maximo,anexo-ifra,D00001,el máximo de las 2 entradas del anexo para 8016-20-4 (D14): Grapefruit oil
M03430,S00071,,,0.06,maximo,anexo-ifra,D00001,el máximo de las 2 entradas del anexo para 8016-20-4 (D14): Grapefruit essence oil
M03430,S01007,,,0.04,maximo,anexo-ifra,D00001,el máximo de las 2 entradas del anexo para 8016-20-4 (D14): Grapefruit essence oil
M03431,S00001,,0.1,,tipico,anexo-ifra,D00001,"Grapefruit oil, terpeneless (Citrus x paradisi Macfad.)"
M03431,S00061,,10,,tipico,anexo-ifra,D00001,"Grapefruit oil, terpeneless (Citrus x paradisi Macfad.)"
M03431,S00065,,3.2,,tipico,anexo-ifra,D00001,"Grapefruit oil, terpeneless (Citrus x paradisi Macfad.)"
M03431,S01006,,0.31,,tipico,anexo-ifra,D00001,"Grapefruit oil, terpeneless (Citrus x paradisi Macfad.)"
M03431,S01013,,1,,tipico,anexo-ifra,D00001,"Grapefruit oil, terpeneless (Citrus x paradisi Macfad.)"
M03432,S01729,,0.12,,tipico,anexo-ifra,D00001,Guaiac wood oil (Bulnesia sarmienti Lorentz ex Griseb.)
M03434,S01729,,0.12,,tipico,anexo-ifra,D00001,Guaiac wood oil (Bulnesia sarmienti Lorentz ex Griseb.)
M03440,S00035,,8,,tipico,anexo-ifra,D00001,Hay absolute (Lolium perenne. L)
M03441,S00035,,8,,tipico,anexo-ifra,D00001,Hay absolute (Lolium perenne. L)
M03442,S00001,,0.03,,tipico,anexo-ifra,D00001,Helichrysum absolute (Helichrysum angustifolium DC.)
M03442,S00063,,0.08,,tipico,anexo-ifra,D00001,Helichrysum absolute (Helichrysum angustifolium DC.)
M03443,S00001,,,0.05,maximo,anexo-ifra,D00001,el máximo de las 2 entradas del anexo para 8023-95-8 (D14): Helichrysum oil
M03443,S00063,,,0.08,maximo,anexo-ifra,D00001,el máximo de las 2 entradas del anexo para 8023-95-8 (D14): Helichrysum absolute
M03444,S00001,,0.05,,tipico,anexo-ifra,D00001,Helichrysum oil (Helichrysum angustifolium DC.)
M03445,S00001,,,0.05,maximo,anexo-ifra,D00001,el máximo de las 2 entradas del anexo para 8023-95-8 (D14): Helichrysum oil
M03445,S00063,,,0.08,maximo,anexo-ifra,D00001,el máximo de las 2 entradas del anexo para 8023-95-8 (D14): Helichrysum absolute
M03446,S00066,,0.38,,tipico,anexo-ifra,D00001,Hibawood oil (Thujopsis dolabrata (Thunb. Ex L.f.) Sieb.& Zucc.)
M03447,S00024,,0.7,,tipico,anexo-ifra,D00001,Hinoki wood oil (Chamaecyparis obtusa (Siebold & Zucc.) Endl.)
M03448,S00024,,32,,tipico,anexo-ifra,D00001,Hinoki leaf oil (Chamaecyparis obtusa (Siebold & Zucc.) Endl.)
M03449,S00001,,0.03,,tipico,anexo-ifra,D00001,Ho bark oil (Cinnamomum camphora (L.) J.Presl)
M03450,S00001,,0.4,,tipico,anexo-ifra,D00001,Ho Leaf oil (Cinnamomum camphora (L.) J.Presl)
M03451,S00001,,,0.4,maximo,anexo-ifra,D00001,el máximo de las 2 entradas del anexo para 8022-91-1 (D14): Ho Leaf oil
M03452,S00001,,,0.4,maximo,anexo-ifra,D00001,el máximo de las 2 entradas del anexo para 8022-91-1 (D14): Ho Leaf oil
M03455,S00001,,0.2,,tipico,anexo-ifra,D00001,Hop oil (Humulus lupus L.)
M03456,S00001,,0.2,,tipico,anexo-ifra,D00001,Hop oil (Humulus lupus L.)
M03457,S00001,,0.2,,tipico,anexo-ifra,D00001,Hop oil (Humulus lupus L.)
M03458,S00025,,0.2,,tipico,anexo-ifra,D00001,Hyssop oil (Hyssopus officinalis L.)
M03458,S00028,,0.2,,tipico,anexo-ifra,D00001,Hyssop oil (Hyssopus officinalis L.)
M03458,S00080,,0.2,,tipico,anexo-ifra,D00001,Hyssop oil (Hyssopus officinalis L.)
M03458,S00083,,0.17,,tipico,anexo-ifra,D00001,Hyssop oil (Hyssopus officinalis L.)
M03458,S01662,,0.2,,tipico,anexo-ifra,D00001,Hyssop oil (Hyssopus officinalis L.)
M03472,S00012,,1.08,,tipico,anexo-ifra,D00001,Jasmine absolute (Jasmium grandifloum L.)
M03472,S00020,,1.53,,tipico,anexo-ifra,D00001,Jasmine absolute (Jasmium grandifloum L.)
M03472,S00074,,10.07,,tipico,anexo-ifra,D00001,Jasmine absolute (Jasmium grandifloum L.)
M03472,S00077,,0.17,,tipico,anexo-ifra,D00001,Jasmine absolute (Jasmium grandifloum L.)
M03472,S01016,,0.02,,tipico,anexo-ifra,D00001,Jasmine absolute (Jasmium grandifloum L.)
M03473,S00020,,1,,tipico,anexo-ifra,D00001,Jasmine CO2 extract (Jasmium grandifloum L.)
M03473,S00074,,5,,tipico,anexo-ifra,D00001,Jasmine CO2 extract (Jasmium grandifloum L.)
M03473,S01009,,0.016,,tipico,anexo-ifra,D00001,Jasmine CO2 extract (Jasmium grandifloum L.)
M03474,S00012,,1.08,,tipico,anexo-ifra,D00001,Jasmine concrete (Jasminum grandiflorum L.)
M03474,S00020,,1.53,,tipico,anexo-ifra,D00001,Jasmine concrete (Jasminum grandiflorum L.)
M03474,S00074,,10.07,,tipico,anexo-ifra,D00001,Jasmine concrete (Jasminum grandiflorum L.)
M03474,S00077,,0.17,,tipico,anexo-ifra,D00001,Jasmine concrete (Jasminum grandiflorum L.)
M03475,S00001,,,0.02,maximo,anexo-ifra,D00001,el máximo de las 4 entradas del anexo para 8022-96-6 (D14): Jasmine grandiflorum absolute
M03475,S00011,,,0.02,maximo,anexo-ifra,D00001,el máximo de las 4 entradas del anexo para 8022-96-6 (D14): Jasmine grandiflorum absolute
M03475,S00012,,,1.08,maximo,anexo-ifra,D00001,el máximo de las 4 entradas del anexo para 8022-96-6 (D14): Jasmine absolute
M03475,S00020,,,1.53,maximo,anexo-ifra,D00001,el máximo de las 4 entradas del anexo para 8022-96-6 (D14): Jasmine absolute
M03475,S00023,,,0.12,maximo,anexo-ifra,D00001,el máximo de las 4 entradas del anexo para 8022-96-6 (D14): Jasmine grandiflorum absolute
M03475,S00074,,,10.07,maximo,anexo-ifra,D00001,el máximo de las 4 entradas del anexo para 8022-96-6 (D14): Jasmine absolute
M03475,S00077,,,0.17,maximo,anexo-ifra,D00001,el máximo de las 4 entradas del anexo para 8022-96-6 (D14): Jasmine absolute
M03475,S01009,,,0.7,maximo,anexo-ifra,D00001,el máximo de las 4 entradas del anexo para 8022-96-6 (D14): Jasmine grandiflorum absolute
M03475,S01016,,,0.02,maximo,anexo-ifra,D00001,el máximo de las 4 entradas del anexo para 8022-96-6 (D14): Jasmine absolute
M03476,S00001,,,0.02,maximo,anexo-ifra,D00001,el máximo de las 4 entradas del anexo para 8022-96-6 (D14): Jasmine grandiflorum absolute
M03476,S00011,,,0.02,maximo,anexo-ifra,D00001,el máximo de las 4 entradas del anexo para 8022-96-6 (D14): Jasmine grandiflorum absolute
M03476,S00012,,,1.08,maximo,anexo-ifra,D00001,el máximo de las 4 entradas del anexo para 8022-96-6 (D14): Jasmine absolute
M03476,S00020,,,1.53,maximo,anexo-ifra,D00001,el máximo de las 4 entradas del anexo para 8022-96-6 (D14): Jasmine absolute
M03476,S00023,,,0.12,maximo,anexo-ifra,D00001,el máximo de las 4 entradas del anexo para 8022-96-6 (D14): Jasmine grandiflorum absolute
M03476,S00074,,,10.07,maximo,anexo-ifra,D00001,el máximo de las 4 entradas del anexo para 8022-96-6 (D14): Jasmine absolute
M03476,S00077,,,0.17,maximo,anexo-ifra,D00001,el máximo de las 4 entradas del anexo para 8022-96-6 (D14): Jasmine absolute
M03476,S01009,,,0.7,maximo,anexo-ifra,D00001,el máximo de las 4 entradas del anexo para 8022-96-6 (D14): Jasmine grandiflorum absolute
M03476,S01016,,,0.02,maximo,anexo-ifra,D00001,el máximo de las 4 entradas del anexo para 8022-96-6 (D14): Jasmine absolute
M03481,S00001,,,0.02,maximo,anexo-ifra,D00001,el máximo de las 4 entradas del anexo para 8022-96-6 (D14): Jasmine grandiflorum absolute
M03481,S00011,,,0.02,maximo,anexo-ifra,D00001,el máximo de las 4 entradas del anexo para 8022-96-6 (D14): Jasmine grandiflorum absolute
M03481,S00012,,,1.08,maximo,anexo-ifra,D00001,el máximo de las 4 entradas del anexo para 8022-96-6 (D14): Jasmine absolute
M03481,S00020,,,1.53,maximo,anexo-ifra,D00001,el máximo de las 4 entradas del anexo para 8022-96-6 (D14): Jasmine absolute
M03481,S00023,,,0.12,maximo,anexo-ifra,D00001,el máximo de las 4 entradas del anexo para 8022-96-6 (D14): Jasmine grandiflorum absolute
M03481,S00074,,,10.07,maximo,anexo-ifra,D00001,el máximo de las 4 entradas del anexo para 8022-96-6 (D14): Jasmine absolute
M03481,S00077,,,0.17,maximo,anexo-ifra,D00001,el máximo de las 4 entradas del anexo para 8022-96-6 (D14): Jasmine absolute
M03481,S01009,,,0.7,maximo,anexo-ifra,D00001,el máximo de las 4 entradas del anexo para 8022-96-6 (D14): Jasmine grandiflorum absolute
M03481,S01016,,,0.02,maximo,anexo-ifra,D00001,el máximo de las 4 entradas del anexo para 8022-96-6 (D14): Jasmine absolute
M03482,S00001,,0.1,,tipico,anexo-ifra,D00001,Juniper berry oil (Juniperus communis L.)
M03482,S00024,,0.1,,tipico,anexo-ifra,D00001,Juniper berry oil (Juniperus communis L.)
M03482,S00063,,0.4,,tipico,anexo-ifra,D00001,Juniper berry oil (Juniperus communis L.)
M03482,S00080,,0.05,,tipico,anexo-ifra,D00001,Juniper berry oil (Juniperus communis L.)
M03482,S01006,,0.19,,tipico,anexo-ifra,D00001,Juniper berry oil (Juniperus communis L.)
M03483,S00001,,0.1,,tipico,anexo-ifra,D00001,Juniper berry oil (Juniperus communis L.)
M03483,S00024,,0.1,,tipico,anexo-ifra,D00001,Juniper berry oil (Juniperus communis L.)
M03483,S00063,,0.4,,tipico,anexo-ifra,D00001,Juniper berry oil (Juniperus communis L.)
M03483,S00080,,0.05,,tipico,anexo-ifra,D00001,Juniper berry oil (Juniperus communis L.)
M03483,S01006,,0.19,,tipico,anexo-ifra,D00001,Juniper berry oil (Juniperus communis L.)
M03484,S00001,,0.1,,tipico,anexo-ifra,D00001,Juniper berry oil (Juniperus communis L.)
M03484,S00024,,0.1,,tipico,anexo-ifra,D00001,Juniper berry oil (Juniperus communis L.)
M03484,S00063,,0.4,,tipico,anexo-ifra,D00001,Juniper berry oil (Juniperus communis L.)
M03484,S00080,,0.05,,tipico,anexo-ifra,D00001,Juniper berry oil (Juniperus communis L.)
M03484,S01006,,0.19,,tipico,anexo-ifra,D00001,Juniper berry oil (Juniperus communis L.)
M03485,S00001,,0.1,,tipico,anexo-ifra,D00001,Juniper berry oil (Juniperus communis L.)
M03485,S00024,,0.1,,tipico,anexo-ifra,D00001,Juniper berry oil (Juniperus communis L.)
M03485,S00063,,0.4,,tipico,anexo-ifra,D00001,Juniper berry oil (Juniperus communis L.)
M03485,S00080,,0.05,,tipico,anexo-ifra,D00001,Juniper berry oil (Juniperus communis L.)
M03485,S01006,,0.19,,tipico,anexo-ifra,D00001,Juniper berry oil (Juniperus communis L.)
M03486,S00001,,0.1,,tipico,anexo-ifra,D00001,Juniper berry oil (Juniperus communis L.)
M03486,S00024,,0.1,,tipico,anexo-ifra,D00001,Juniper berry oil (Juniperus communis L.)
M03486,S00063,,0.4,,tipico,anexo-ifra,D00001,Juniper berry oil (Juniperus communis L.)
M03486,S00080,,0.05,,tipico,anexo-ifra,D00001,Juniper berry oil (Juniperus communis L.)
M03486,S01006,,0.19,,tipico,anexo-ifra,D00001,Juniper berry oil (Juniperus communis L.)
M03488,S00001,,,0.12,maximo,anexo-ifra,D00001,el máximo de las 5 entradas del anexo para 8016-26-0 (D14): Labdanum oil
M03488,S00011,,,0.9,maximo,anexo-ifra,D00001,el máximo de las 5 entradas del anexo para 8016-26-0 (D14): Cistus oil
M03488,S00015,,,0.25,maximo,anexo-ifra,D00001,el máximo de las 5 entradas del anexo para 8016-26-0 (D14): Labdanum oil
M03488,S00018,,,0.03,maximo,anexo-ifra,D00001,el máximo de las 5 entradas del anexo para 8016-26-0 (D14): Cistus absolute
M03488,S00020,,,0.5,maximo,anexo-ifra,D00001,el máximo de las 5 entradas del anexo para 8016-26-0 (D14): Labdanum oil
M03488,S00025,,,0.05,maximo,anexo-ifra,D00001,el máximo de las 5 entradas del anexo para 8016-26-0 (D14): Labdanum oil
M03488,S01008,,,0.6,maximo,anexo-ifra,D00001,el máximo de las 5 entradas del anexo para 8016-26-0 (D14): Cistus oil
M03488,S01018,,,0.18,maximo,anexo-ifra,D00001,el máximo de las 5 entradas del anexo para 8016-26-0 (D14): Cistus oil
M03488,S01019,,,0.2,maximo,anexo-ifra,D00001,el máximo de las 5 entradas del anexo para 8016-26-0 (D14): Cistus oil
M03489,S00001,,,0.12,maximo,anexo-ifra,D00001,el máximo de las 5 entradas del anexo para 8016-26-0 (D14): Labdanum oil
M03489,S00011,,,0.9,maximo,anexo-ifra,D00001,el máximo de las 5 entradas del anexo para 8016-26-0 (D14): Cistus oil
M03489,S00015,,,0.25,maximo,anexo-ifra,D00001,el máximo de las 5 entradas del anexo para 8016-26-0 (D14): Labdanum oil
M03489,S00018,,,0.03,maximo,anexo-ifra,D00001,el máximo de las 5 entradas del anexo para 8016-26-0 (D14): Cistus absolute
M03489,S00020,,,0.5,maximo,anexo-ifra,D00001,el máximo de las 5 entradas del anexo para 8016-26-0 (D14): Labdanum oil
M03489,S00025,,,0.05,maximo,anexo-ifra,D00001,el máximo de las 5 entradas del anexo para 8016-26-0 (D14): Labdanum oil
M03489,S01008,,,0.6,maximo,anexo-ifra,D00001,el máximo de las 5 entradas del anexo para 8016-26-0 (D14): Cistus oil
M03489,S01018,,,0.18,maximo,anexo-ifra,D00001,el máximo de las 5 entradas del anexo para 8016-26-0 (D14): Cistus oil
M03489,S01019,,,0.2,maximo,anexo-ifra,D00001,el máximo de las 5 entradas del anexo para 8016-26-0 (D14): Cistus oil
M03490,S00001,,,0.12,maximo,anexo-ifra,D00001,el máximo de las 5 entradas del anexo para 8016-26-0 (D14): Labdanum oil
M03490,S00011,,,0.9,maximo,anexo-ifra,D00001,el máximo de las 5 entradas del anexo para 8016-26-0 (D14): Cistus oil
M03490,S00015,,,0.25,maximo,anexo-ifra,D00001,el máximo de las 5 entradas del anexo para 8016-26-0 (D14): Labdanum oil
M03490,S00018,,,0.03,maximo,anexo-ifra,D00001,el máximo de las 5 entradas del anexo para 8016-26-0 (D14): Cistus absolute
M03490,S00020,,,0.5,maximo,anexo-ifra,D00001,el máximo de las 5 entradas del anexo para 8016-26-0 (D14): Labdanum oil
M03490,S00025,,,0.05,maximo,anexo-ifra,D00001,el máximo de las 5 entradas del anexo para 8016-26-0 (D14): Labdanum oil
M03490,S01008,,,0.6,maximo,anexo-ifra,D00001,el máximo de las 5 entradas del anexo para 8016-26-0 (D14): Cistus oil
M03490,S01018,,,0.18,maximo,anexo-ifra,D00001,el máximo de las 5 entradas del anexo para 8016-26-0 (D14): Cistus oil
M03490,S01019,,,0.2,maximo,anexo-ifra,D00001,el máximo de las 5 entradas del anexo para 8016-26-0 (D14): Cistus oil
M03491,S00001,,,0.12,maximo,anexo-ifra,D00001,el máximo de las 5 entradas del anexo para 8016-26-0 (D14): Labdanum oil
M03491,S00011,,,0.9,maximo,anexo-ifra,D00001,el máximo de las 5 entradas del anexo para 8016-26-0 (D14): Cistus oil
M03491,S00015,,,0.25,maximo,anexo-ifra,D00001,el máximo de las 5 entradas del anexo para 8016-26-0 (D14): Labdanum oil
M03491,S00018,,,0.03,maximo,anexo-ifra,D00001,el máximo de las 5 entradas del anexo para 8016-26-0 (D14): Cistus absolute
M03491,S00020,,,0.5,maximo,anexo-ifra,D00001,el máximo de las 5 entradas del anexo para 8016-26-0 (D14): Labdanum oil
M03491,S00025,,,0.05,maximo,anexo-ifra,D00001,el máximo de las 5 entradas del anexo para 8016-26-0 (D14): Labdanum oil
M03491,S01008,,,0.6,maximo,anexo-ifra,D00001,el máximo de las 5 entradas del anexo para 8016-26-0 (D14): Cistus oil
M03491,S01018,,,0.18,maximo,anexo-ifra,D00001,el máximo de las 5 entradas del anexo para 8016-26-0 (D14): Cistus oil
M03491,S01019,,,0.2,maximo,anexo-ifra,D00001,el máximo de las 5 entradas del anexo para 8016-26-0 (D14): Cistus oil
M03492,S00011,,0.8,,tipico,anexo-ifra,D00001,Labdanum extract ambreine (Cistus ladaniferus L.)
M03493,S00001,,,0.12,maximo,anexo-ifra,D00001,el máximo de las 5 entradas del anexo para 8016-26-0 (D14): Labdanum oil
M03493,S00011,,,0.9,maximo,anexo-ifra,D00001,el máximo de las 5 entradas del anexo para 8016-26-0 (D14): Cistus oil
M03493,S00015,,,0.25,maximo,anexo-ifra,D00001,el máximo de las 5 entradas del anexo para 8016-26-0 (D14): Labdanum oil
M03493,S00018,,,0.03,maximo,anexo-ifra,D00001,el máximo de las 5 entradas del anexo para 8016-26-0 (D14): Cistus absolute
M03493,S00020,,,0.5,maximo,anexo-ifra,D00001,el máximo de las 5 entradas del anexo para 8016-26-0 (D14): Labdanum oil
M03493,S00025,,,0.05,maximo,anexo-ifra,D00001,el máximo de las 5 entradas del anexo para 8016-26-0 (D14): Labdanum oil
M03493,S01008,,,0.6,maximo,anexo-ifra,D00001,el máximo de las 5 entradas del anexo para 8016-26-0 (D14): Cistus oil
M03493,S01018,,,0.18,maximo,anexo-ifra,D00001,el máximo de las 5 entradas del anexo para 8016-26-0 (D14): Cistus oil
M03493,S01019,,,0.2,maximo,anexo-ifra,D00001,el máximo de las 5 entradas del anexo para 8016-26-0 (D14): Cistus oil
M03494,S00011,,0.2,,tipico,anexo-ifra,D00001,Labdanum oleoresin (Cistus ladaniferus L.)
M03495,S00001,,,0.12,maximo,anexo-ifra,D00001,el máximo de las 5 entradas del anexo para 8016-26-0 (D14): Labdanum oil
M03495,S00011,,,0.9,maximo,anexo-ifra,D00001,el máximo de las 5 entradas del anexo para 8016-26-0 (D14): Cistus oil
M03495,S00015,,,0.25,maximo,anexo-ifra,D00001,el máximo de las 5 entradas del anexo para 8016-26-0 (D14): Labdanum oil
M03495,S00018,,,0.03,maximo,anexo-ifra,D00001,el máximo de las 5 entradas del anexo para 8016-26-0 (D14): Cistus absolute
M03495,S00020,,,0.5,maximo,anexo-ifra,D00001,el máximo de las 5 entradas del anexo para 8016-26-0 (D14): Labdanum oil
M03495,S00025,,,0.05,maximo,anexo-ifra,D00001,el máximo de las 5 entradas del anexo para 8016-26-0 (D14): Labdanum oil
M03495,S01008,,,0.6,maximo,anexo-ifra,D00001,el máximo de las 5 entradas del anexo para 8016-26-0 (D14): Cistus oil
M03495,S01018,,,0.18,maximo,anexo-ifra,D00001,el máximo de las 5 entradas del anexo para 8016-26-0 (D14): Cistus oil
M03495,S01019,,,0.2,maximo,anexo-ifra,D00001,el máximo de las 5 entradas del anexo para 8016-26-0 (D14): Cistus oil
M03497,S00001,,0.05,,tipico,anexo-ifra,D00001,Laurel leaf oil (Laurus nobilis L)
M03497,S00004,,0.03,,tipico,anexo-ifra,D00001,Laurel leaf oil (Laurus nobilis L)
M03497,S00020,,1.33,,tipico,anexo-ifra,D00001,Laurel leaf oil (Laurus nobilis L)
M03497,S00025,,3.22,,tipico,anexo-ifra,D00001,Laurel leaf oil (Laurus nobilis L)
M03497,S00083,,0.16,,tipico,anexo-ifra,D00001,Laurel leaf oil (Laurus nobilis L)
M03498,S00001,,0.05,,tipico,anexo-ifra,D00001,Laurel leaf oil (Laurus nobilis L)
M03498,S00004,,0.03,,tipico,anexo-ifra,D00001,Laurel leaf oil (Laurus nobilis L)
M03498,S00020,,1.33,,tipico,anexo-ifra,D00001,Laurel leaf oil (Laurus nobilis L)
M03498,S00025,,3.22,,tipico,anexo-ifra,D00001,Laurel leaf oil (Laurus nobilis L)
M03498,S00083,,0.16,,tipico,anexo-ifra,D00001,Laurel leaf oil (Laurus nobilis L)
M03499,S00001,,,0.3,maximo,anexo-ifra,D00001,el máximo de las 5 entradas del anexo para 8022-15-9 (D14): Lavandin abrialis oil
M03499,S00003,,,1.09,maximo,anexo-ifra,D00001,el máximo de las 5 entradas del anexo para 8022-15-9 (D14): Lavandin absolute
M03499,S00004,,,0.02,maximo,anexo-ifra,D00001,el máximo de las 5 entradas del anexo para 8022-15-9 (D14): Lavandin abrialis oil
M03499,S00014,,,1.91,maximo,anexo-ifra,D00001,el máximo de las 5 entradas del anexo para 8022-15-9 (D14): Lavandin concrete
M03499,S00035,,,1.77,maximo,anexo-ifra,D00001,el máximo de las 5 entradas del anexo para 8022-15-9 (D14): Lavandin absolute
M03499,S00064,,,0.62,maximo,anexo-ifra,D00001,el máximo de las 5 entradas del anexo para 8022-15-9 (D14): Lavandin absolute
M03500,S00001,,,0.3,maximo,anexo-ifra,D00001,el máximo de las 5 entradas del anexo para 8022-15-9 (D14): Lavandin abrialis oil
M03500,S00003,,,1.09,maximo,anexo-ifra,D00001,el máximo de las 5 entradas del anexo para 8022-15-9 (D14): Lavandin absolute
M03500,S00004,,,0.02,maximo,anexo-ifra,D00001,el máximo de las 5 entradas del anexo para 8022-15-9 (D14): Lavandin abrialis oil
M03500,S00014,,,1.91,maximo,anexo-ifra,D00001,el máximo de las 5 entradas del anexo para 8022-15-9 (D14): Lavandin concrete
M03500,S00035,,,1.77,maximo,anexo-ifra,D00001,el máximo de las 5 entradas del anexo para 8022-15-9 (D14): Lavandin absolute
M03500,S00064,,,0.62,maximo,anexo-ifra,D00001,el máximo de las 5 entradas del anexo para 8022-15-9 (D14): Lavandin absolute
M03501,S00001,,0.3,,tipico,anexo-ifra,D00001,Lavandin abrialis oil (Lavandula x intermedia abrialis)
M03501,S00003,,0.2,,tipico,anexo-ifra,D00001,Lavandin abrialis oil (Lavandula x intermedia abrialis)
M03501,S00004,,0.02,,tipico,anexo-ifra,D00001,Lavandin abrialis oil (Lavandula x intermedia abrialis)
M03501,S00035,,0.2,,tipico,anexo-ifra,D00001,Lavandin abrialis oil (Lavandula x intermedia abrialis)
M03501,S00064,,0.01,,tipico,anexo-ifra,D00001,Lavandin abrialis oil (Lavandula x intermedia abrialis)
M03502,S00001,,0.08,,tipico,anexo-ifra,D00001,Lavandin absolute (Lavandula officinalis x Lavandula latifolia)
M03502,S00003,,1.09,,tipico,anexo-ifra,D00001,Lavandin absolute (Lavandula officinalis x Lavandula latifolia)
M03502,S00014,,0.64,,tipico,anexo-ifra,D00001,Lavandin absolute (Lavandula officinalis x Lavandula latifolia)
M03502,S00035,,1.77,,tipico,anexo-ifra,D00001,Lavandin absolute (Lavandula officinalis x Lavandula latifolia)
M03502,S00064,,0.62,,tipico,anexo-ifra,D00001,Lavandin absolute (Lavandula officinalis x Lavandula latifolia)
M03503,S00014,,1.91,,tipico,anexo-ifra,D00001,Lavandin concrete (Lavandula officinalis x Lavandula latifolia)
M03503,S00014,,1.91,,tipico,anexo-ifra,D00001,Lavandin concrete (Lavandula officinalis x Lavandula latifolia)
M03503,S00035,,1.21,,tipico,anexo-ifra,D00001,Lavandin concrete (Lavandula officinalis x Lavandula latifolia)
M03503,S00064,,0.37,,tipico,anexo-ifra,D00001,Lavandin concrete (Lavandula officinalis x Lavandula latifolia)
M03504,S00001,,,0.3,maximo,anexo-ifra,D00001,el máximo de las 5 entradas del anexo para 8022-15-9 (D14): Lavandin abrialis oil
M03504,S00003,,,1.09,maximo,anexo-ifra,D00001,el máximo de las 5 entradas del anexo para 8022-15-9 (D14): Lavandin absolute
M03504,S00004,,,0.02,maximo,anexo-ifra,D00001,el máximo de las 5 entradas del anexo para 8022-15-9 (D14): Lavandin abrialis oil
M03504,S00014,,,1.91,maximo,anexo-ifra,D00001,el máximo de las 5 entradas del anexo para 8022-15-9 (D14): Lavandin concrete
M03504,S00035,,,1.77,maximo,anexo-ifra,D00001,el máximo de las 5 entradas del anexo para 8022-15-9 (D14): Lavandin absolute
M03504,S00064,,,0.62,maximo,anexo-ifra,D00001,el máximo de las 5 entradas del anexo para 8022-15-9 (D14): Lavandin absolute
M03505,S00001,,,0.3,maximo,anexo-ifra,D00001,el máximo de las 5 entradas del anexo para 8022-15-9 (D14): Lavandin abrialis oil
M03505,S00003,,,1.09,maximo,anexo-ifra,D00001,el máximo de las 5 entradas del anexo para 8022-15-9 (D14): Lavandin absolute
M03505,S00004,,,0.02,maximo,anexo-ifra,D00001,el máximo de las 5 entradas del anexo para 8022-15-9 (D14): Lavandin abrialis oil
M03505,S00014,,,1.91,maximo,anexo-ifra,D00001,el máximo de las 5 entradas del anexo para 8022-15-9 (D14): Lavandin concrete
M03505,S00035,,,1.77,maximo,anexo-ifra,D00001,el máximo de las 5 entradas del anexo para 8022-15-9 (D14): Lavandin absolute
M03505,S00064,,,0.62,maximo,anexo-ifra,D00001,el máximo de las 5 entradas del anexo para 8022-15-9 (D14): Lavandin absolute
M03506,S00001,,,0.3,maximo,anexo-ifra,D00001,el máximo de las 5 entradas del anexo para 8022-15-9 (D14): Lavandin abrialis oil
M03506,S00003,,,1.09,maximo,anexo-ifra,D00001,el máximo de las 5 entradas del anexo para 8022-15-9 (D14): Lavandin absolute
M03506,S00004,,,0.02,maximo,anexo-ifra,D00001,el máximo de las 5 entradas del anexo para 8022-15-9 (D14): Lavandin abrialis oil
M03506,S00014,,,1.91,maximo,anexo-ifra,D00001,el máximo de las 5 entradas del anexo para 8022-15-9 (D14): Lavandin concrete
M03506,S00035,,,1.77,maximo,anexo-ifra,D00001,el máximo de las 5 entradas del anexo para 8022-15-9 (D14): Lavandin absolute
M03506,S00064,,,0.62,maximo,anexo-ifra,D00001,el máximo de las 5 entradas del anexo para 8022-15-9 (D14): Lavandin absolute
M03507,S00001,,,0.3,maximo,anexo-ifra,D00001,el máximo de las 5 entradas del anexo para 8022-15-9 (D14): Lavandin abrialis oil
M03507,S00003,,,1.09,maximo,anexo-ifra,D00001,el máximo de las 5 entradas del anexo para 8022-15-9 (D14): Lavandin absolute
M03507,S00004,,,0.02,maximo,anexo-ifra,D00001,el máximo de las 5 entradas del anexo para 8022-15-9 (D14): Lavandin abrialis oil
M03507,S00014,,,1.91,maximo,anexo-ifra,D00001,el máximo de las 5 entradas del anexo para 8022-15-9 (D14): Lavandin concrete
M03507,S00035,,,1.77,maximo,anexo-ifra,D00001,el máximo de las 5 entradas del anexo para 8022-15-9 (D14): Lavandin absolute
M03507,S00064,,,0.62,maximo,anexo-ifra,D00001,el máximo de las 5 entradas del anexo para 8022-15-9 (D14): Lavandin absolute
M03508,S00003,,0.3,,tipico,anexo-ifra,D00001,Lavandin grosso oil (Lavandula officinalis x Lavandula latifolia)
M03508,S00014,,0.35,,tipico,anexo-ifra,D00001,Lavandin grosso oil (Lavandula officinalis x Lavandula latifolia)
M03509,S00001,,0.2,,tipico,anexo-ifra,D00001,Lavandin oil (Lavandula officinalis x Lavandula latifolia)
M03509,S00003,,0.3,,tipico,anexo-ifra,D00001,Lavandin oil (Lavandula officinalis x Lavandula latifolia)
M03509,S00014,,0.03,,tipico,anexo-ifra,D00001,Lavandin oil (Lavandula officinalis x Lavandula latifolia)
M03509,S00064,,0.01,,tipico,anexo-ifra,D00001,Lavandin oil (Lavandula officinalis x Lavandula latifolia)
M03510,S00001,,,0.3,maximo,anexo-ifra,D00001,el máximo de las 5 entradas del anexo para 8022-15-9 (D14): Lavandin abrialis oil
M03510,S00003,,,1.09,maximo,anexo-ifra,D00001,el máximo de las 5 entradas del anexo para 8022-15-9 (D14): Lavandin absolute
M03510,S00004,,,0.02,maximo,anexo-ifra,D00001,el máximo de las 5 entradas del anexo para 8022-15-9 (D14): Lavandin abrialis oil
M03510,S00014,,,1.91,maximo,anexo-ifra,D00001,el máximo de las 5 entradas del anexo para 8022-15-9 (D14): Lavandin concrete
M03510,S00035,,,1.77,maximo,anexo-ifra,D00001,el máximo de las 5 entradas del anexo para 8022-15-9 (D14): Lavandin absolute
M03510,S00064,,,0.62,maximo,anexo-ifra,D00001,el máximo de las 5 entradas del anexo para 8022-15-9 (D14): Lavandin absolute
M03512,S00001,,0,,tipico,anexo-ifra,D00001,Lavender oil dentata (Lavandula dentata)
M03512,S00003,,0,,tipico,anexo-ifra,D00001,Lavender oil dentata (Lavandula dentata)
M03512,S00035,,0.35,,tipico,anexo-ifra,D00001,Lavender oil dentata (Lavandula dentata)
M03512,S01008,,0.3,,tipico,anexo-ifra,D00001,Lavender oil dentata (Lavandula dentata)
M03512,S01014,,0.2,,tipico,anexo-ifra,D00001,Lavender oil dentata (Lavandula dentata)
M03512,S01020,,0.2,,tipico,anexo-ifra,D00001,Lavender oil dentata (Lavandula dentata)
M03513,S00001,,,0.48,maximo,anexo-ifra,D00001,el máximo de las 3 entradas del anexo para 8000-28-0 (D14): Lavender oil
M03513,S00003,,,1.04,maximo,anexo-ifra,D00001,el máximo de las 3 entradas del anexo para 8000-28-0 (D14): Lavender oil
M03513,S00004,,,0.01,maximo,anexo-ifra,D00001,el máximo de las 3 entradas del anexo para 8000-28-0 (D14): Lavender oil
M03513,S00035,,,5.98,maximo,anexo-ifra,D00001,el máximo de las 3 entradas del anexo para 8000-28-0 (D14): Lavender absolute
M03513,S00064,,,8,maximo,anexo-ifra,D00001,el máximo de las 3 entradas del anexo para 8000-28-0 (D14): Lavender concrete
M03513,S01020,,,0.06,maximo,anexo-ifra,D00001,el máximo de las 3 entradas del anexo para 8000-28-0 (D14): Lavender absolute
M03514,S00003,,0.31,,tipico,anexo-ifra,D00001,Lavender absolute (Lavandula angustifolia angustifolia)
M03514,S00035,,5.98,,tipico,anexo-ifra,D00001,Lavender absolute (Lavandula angustifolia angustifolia)
M03514,S00064,,3.8,,tipico,anexo-ifra,D00001,Lavender absolute (Lavandula angustifolia angustifolia)
M03514,S01020,,0.06,,tipico,anexo-ifra,D00001,Lavender absolute (Lavandula angustifolia angustifolia)
M03515,S00001,,0.1,,tipico,anexo-ifra,D00001,Lavender concrete (Lavandula angustifolia angustifolia)
M03515,S00003,,0.5,,tipico,anexo-ifra,D00001,Lavender concrete (Lavandula angustifolia angustifolia)
M03515,S00064,,8,,tipico,anexo-ifra,D00001,Lavender concrete (Lavandula angustifolia angustifolia)
M03516,S00001,,,0.48,maximo,anexo-ifra,D00001,el máximo de las 3 entradas del anexo para 8000-28-0 (D14): Lavender oil
M03516,S00003,,,1.04,maximo,anexo-ifra,D00001,el máximo de las 3 entradas del anexo para 8000-28-0 (D14): Lavender oil
M03516,S00004,,,0.01,maximo,anexo-ifra,D00001,el máximo de las 3 entradas del anexo para 8000-28-0 (D14): Lavender oil
M03516,S00035,,,5.98,maximo,anexo-ifra,D00001,el máximo de las 3 entradas del anexo para 8000-28-0 (D14): Lavender absolute
M03516,S00064,,,8,maximo,anexo-ifra,D00001,el máximo de las 3 entradas del anexo para 8000-28-0 (D14): Lavender concrete
M03516,S01020,,,0.06,maximo,anexo-ifra,D00001,el máximo de las 3 entradas del anexo para 8000-28-0 (D14): Lavender absolute
M03517,S00001,,,0.48,maximo,anexo-ifra,D00001,el máximo de las 3 entradas del anexo para 8000-28-0 (D14): Lavender oil
M03517,S00003,,,1.04,maximo,anexo-ifra,D00001,el máximo de las 3 entradas del anexo para 8000-28-0 (D14): Lavender oil
M03517,S00004,,,0.01,maximo,anexo-ifra,D00001,el máximo de las 3 entradas del anexo para 8000-28-0 (D14): Lavender oil
M03517,S00035,,,5.98,maximo,anexo-ifra,D00001,el máximo de las 3 entradas del anexo para 8000-28-0 (D14): Lavender absolute
M03517,S00064,,,8,maximo,anexo-ifra,D00001,el máximo de las 3 entradas del anexo para 8000-28-0 (D14): Lavender concrete
M03517,S01020,,,0.06,maximo,anexo-ifra,D00001,el máximo de las 3 entradas del anexo para 8000-28-0 (D14): Lavender absolute
M03518,S00001,,,0.48,maximo,anexo-ifra,D00001,el máximo de las 3 entradas del anexo para 8000-28-0 (D14): Lavender oil
M03518,S00003,,,1.04,maximo,anexo-ifra,D00001,el máximo de las 3 entradas del anexo para 8000-28-0 (D14): Lavender oil
M03518,S00004,,,0.01,maximo,anexo-ifra,D00001,el máximo de las 3 entradas del anexo para 8000-28-0 (D14): Lavender oil
M03518,S00035,,,5.98,maximo,anexo-ifra,D00001,el máximo de las 3 entradas del anexo para 8000-28-0 (D14): Lavender absolute
M03518,S00064,,,8,maximo,anexo-ifra,D00001,el máximo de las 3 entradas del anexo para 8000-28-0 (D14): Lavender concrete
M03518,S01020,,,0.06,maximo,anexo-ifra,D00001,el máximo de las 3 entradas del anexo para 8000-28-0 (D14): Lavender absolute
M03519,S00001,,,0.1,maximo,anexo-ifra,D00001,"el máximo de las 3 entradas del anexo para 8008-56-8 (D14): Lemon oil, expressed"
M03519,S00061,,,3.5,maximo,anexo-ifra,D00001,"el máximo de las 3 entradas del anexo para 8008-56-8 (D14): Lemon oil, expressed"
M03519,S00064,,,0.05,maximo,anexo-ifra,D00001,"el máximo de las 3 entradas del anexo para 8008-56-8 (D14): Lemon oil, expressed"
M03519,S00065,,,0.1,maximo,anexo-ifra,D00001,"el máximo de las 3 entradas del anexo para 8008-56-8 (D14): Lemon oil, expressed"
M03519,S00071,,,1.36,maximo,anexo-ifra,D00001,el máximo de las 3 entradas del anexo para 8008-56-8 (D14): Lemon oil steam distilled
M03519,S01007,,,0.81,maximo,anexo-ifra,D00001,el máximo de las 3 entradas del anexo para 8008-56-8 (D14): Lemon oil steam distilled
M03520,S00001,,0.09,,tipico,anexo-ifra,D00001,Lemon essence oil (Citrus limon (L.) Osbeck)
M03520,S00061,,2.03,,tipico,anexo-ifra,D00001,Lemon essence oil (Citrus limon (L.) Osbeck)
M03520,S00065,,0.06,,tipico,anexo-ifra,D00001,Lemon essence oil (Citrus limon (L.) Osbeck)
M03521,S00001,,,0.1,maximo,anexo-ifra,D00001,"el máximo de las 3 entradas del anexo para 8008-56-8 (D14): Lemon oil, expressed"
M03521,S00061,,,3.5,maximo,anexo-ifra,D00001,"el máximo de las 3 entradas del anexo para 8008-56-8 (D14): Lemon oil, expressed"
M03521,S00064,,,0.05,maximo,anexo-ifra,D00001,"el máximo de las 3 entradas del anexo para 8008-56-8 (D14): Lemon oil, expressed"
M03521,S00065,,,0.1,maximo,anexo-ifra,D00001,"el máximo de las 3 entradas del anexo para 8008-56-8 (D14): Lemon oil, expressed"
M03521,S00071,,,1.36,maximo,anexo-ifra,D00001,el máximo de las 3 entradas del anexo para 8008-56-8 (D14): Lemon oil steam distilled
M03521,S01007,,,0.81,maximo,anexo-ifra,D00001,el máximo de las 3 entradas del anexo para 8008-56-8 (D14): Lemon oil steam distilled
M03522,S00001,,,0.1,maximo,anexo-ifra,D00001,"el máximo de las 3 entradas del anexo para 8008-56-8 (D14): Lemon oil, expressed"
M03522,S00061,,,3.5,maximo,anexo-ifra,D00001,"el máximo de las 3 entradas del anexo para 8008-56-8 (D14): Lemon oil, expressed"
M03522,S00064,,,0.05,maximo,anexo-ifra,D00001,"el máximo de las 3 entradas del anexo para 8008-56-8 (D14): Lemon oil, expressed"
M03522,S00065,,,0.1,maximo,anexo-ifra,D00001,"el máximo de las 3 entradas del anexo para 8008-56-8 (D14): Lemon oil, expressed"
M03522,S00071,,,1.36,maximo,anexo-ifra,D00001,el máximo de las 3 entradas del anexo para 8008-56-8 (D14): Lemon oil steam distilled
M03522,S01007,,,0.81,maximo,anexo-ifra,D00001,el máximo de las 3 entradas del anexo para 8008-56-8 (D14): Lemon oil steam distilled
M03524,S00001,,,0.1,maximo,anexo-ifra,D00001,"el máximo de las 3 entradas del anexo para 8008-56-8 (D14): Lemon oil, expressed"
M03524,S00061,,,3.5,maximo,anexo-ifra,D00001,"el máximo de las 3 entradas del anexo para 8008-56-8 (D14): Lemon oil, expressed"
M03524,S00064,,,0.05,maximo,anexo-ifra,D00001,"el máximo de las 3 entradas del anexo para 8008-56-8 (D14): Lemon oil, expressed"
M03524,S00065,,,0.1,maximo,anexo-ifra,D00001,"el máximo de las 3 entradas del anexo para 8008-56-8 (D14): Lemon oil, expressed"
M03524,S00071,,,1.36,maximo,anexo-ifra,D00001,el máximo de las 3 entradas del anexo para 8008-56-8 (D14): Lemon oil steam distilled
M03524,S01007,,,0.81,maximo,anexo-ifra,D00001,el máximo de las 3 entradas del anexo para 8008-56-8 (D14): Lemon oil steam distilled
M03525,S00001,,0.1,,tipico,anexo-ifra,D00001,"Lemon oil, expressed (Citrus limon (L.) Burm. f.)"
M03525,S00061,,3.5,,tipico,anexo-ifra,D00001,"Lemon oil, expressed (Citrus limon (L.) Burm. f.)"
M03525,S00064,,0.05,,tipico,anexo-ifra,D00001,"Lemon oil, expressed (Citrus limon (L.) Burm. f.)"
M03525,S00065,,0.1,,tipico,anexo-ifra,D00001,"Lemon oil, expressed (Citrus limon (L.) Burm. f.)"
M03527,S00001,,2,,tipico,anexo-ifra,D00001,"Lemon oil, terpeneless (Citrus limon (L.) Osbeck)"
M03527,S00061,,40,,tipico,anexo-ifra,D00001,"Lemon oil, terpeneless (Citrus limon (L.) Osbeck)"
M03527,S00065,,3,,tipico,anexo-ifra,D00001,"Lemon oil, terpeneless (Citrus limon (L.) Osbeck)"
M03527,S01006,,1.72,,tipico,anexo-ifra,D00001,"Lemon oil, terpeneless (Citrus limon (L.) Osbeck)"
M03528,S00001,,,0.1,maximo,anexo-ifra,D00001,"el máximo de las 3 entradas del anexo para 8008-56-8 (D14): Lemon oil, expressed"
M03528,S00061,,,3.5,maximo,anexo-ifra,D00001,"el máximo de las 3 entradas del anexo para 8008-56-8 (D14): Lemon oil, expressed"
M03528,S00064,,,0.05,maximo,anexo-ifra,D00001,"el máximo de las 3 entradas del anexo para 8008-56-8 (D14): Lemon oil, expressed"
M03528,S00065,,,0.1,maximo,anexo-ifra,D00001,"el máximo de las 3 entradas del anexo para 8008-56-8 (D14): Lemon oil, expressed"
M03528,S00071,,,1.36,maximo,anexo-ifra,D00001,el máximo de las 3 entradas del anexo para 8008-56-8 (D14): Lemon oil steam distilled
M03528,S01007,,,0.81,maximo,anexo-ifra,D00001,el máximo de las 3 entradas del anexo para 8008-56-8 (D14): Lemon oil steam distilled
M03532,S00001,,5.25,,tipico,anexo-ifra,D00001,"Lemongrass oil, East Indian (Cymbopogon flexuosus (Nees ex Steudel) Will. Watson)"
M03532,S00020,,0.08,,tipico,anexo-ifra,D00001,"Lemongrass oil, East Indian (Cymbopogon flexuosus (Nees ex Steudel) Will. Watson)"
M03532,S00023,,0.47,,tipico,anexo-ifra,D00001,"Lemongrass oil, East Indian (Cymbopogon flexuosus (Nees ex Steudel) Will. Watson)"
M03532,S00025,,0.05,,tipico,anexo-ifra,D00001,"Lemongrass oil, East Indian (Cymbopogon flexuosus (Nees ex Steudel) Will. Watson)"
M03532,S00065,,0.51,,tipico,anexo-ifra,D00001,"Lemongrass oil, East Indian (Cymbopogon flexuosus (Nees ex Steudel) Will. Watson)"
M03532,S00066,,0.25,,tipico,anexo-ifra,D00001,"Lemongrass oil, East Indian (Cymbopogon flexuosus (Nees ex Steudel) Will. Watson)"
M03532,S00068,,0.78,,tipico,anexo-ifra,D00001,"Lemongrass oil, East Indian (Cymbopogon flexuosus (Nees ex Steudel) Will. Watson)"
M03532,S00069,,1.3,,tipico,anexo-ifra,D00001,"Lemongrass oil, East Indian (Cymbopogon flexuosus (Nees ex Steudel) Will. Watson)"
M03532,S00071,,41.42,,tipico,anexo-ifra,D00001,"Lemongrass oil, East Indian (Cymbopogon flexuosus (Nees ex Steudel) Will. Watson)"
M03532,S01006,,0.23,,tipico,anexo-ifra,D00001,"Lemongrass oil, East Indian (Cymbopogon flexuosus (Nees ex Steudel) Will. Watson)"
M03532,S01007,,30.54,,tipico,anexo-ifra,D00001,"Lemongrass oil, East Indian (Cymbopogon flexuosus (Nees ex Steudel) Will. Watson)"
M03533,S00001,,,5.25,maximo,anexo-ifra,D00001,"el máximo de las 2 entradas del anexo para 8007-02-1 (D14): Lemongrass oil, East Indian"
M03533,S00020,,,0.2,maximo,anexo-ifra,D00001,"el máximo de las 2 entradas del anexo para 8007-02-1 (D14): Lemongrass oil, West Indian"
M03533,S00023,,,0.5,maximo,anexo-ifra,D00001,"el máximo de las 2 entradas del anexo para 8007-02-1 (D14): Lemongrass oil, West Indian"
M03533,S00025,,,0.05,maximo,anexo-ifra,D00001,"el máximo de las 2 entradas del anexo para 8007-02-1 (D14): Lemongrass oil, East Indian"
M03533,S00061,,,73,maximo,anexo-ifra,D00001,"el máximo de las 2 entradas del anexo para 8007-02-1 (D14): Lemongrass oil, West Indian"
M03533,S00065,,,0.51,maximo,anexo-ifra,D00001,"el máximo de las 2 entradas del anexo para 8007-02-1 (D14): Lemongrass oil, East Indian"
M03533,S00066,,,0.25,maximo,anexo-ifra,D00001,"el máximo de las 2 entradas del anexo para 8007-02-1 (D14): Lemongrass oil, East Indian"
M03533,S00068,,,1,maximo,anexo-ifra,D00001,"el máximo de las 2 entradas del anexo para 8007-02-1 (D14): Lemongrass oil, West Indian"
M03533,S00069,,,1.3,maximo,anexo-ifra,D00001,"el máximo de las 2 entradas del anexo para 8007-02-1 (D14): Lemongrass oil, East Indian"
M03533,S00071,,,41.42,maximo,anexo-ifra,D00001,"el máximo de las 2 entradas del anexo para 8007-02-1 (D14): Lemongrass oil, East Indian"
M03533,S01006,,,0.23,maximo,anexo-ifra,D00001,"el máximo de las 2 entradas del anexo para 8007-02-1 (D14): Lemongrass oil, East Indian"
M03533,S01007,,,30.54,maximo,anexo-ifra,D00001,"el máximo de las 2 entradas del anexo para 8007-02-1 (D14): Lemongrass oil, East Indian"
M03534,S00001,,2.3,,tipico,anexo-ifra,D00001,"Lemongrass oil, West Indian (Cymbopogon citratus (DC) Stapf.)"
M03534,S00020,,0.2,,tipico,anexo-ifra,D00001,"Lemongrass oil, West Indian (Cymbopogon citratus (DC) Stapf.)"
M03534,S00023,,0.5,,tipico,anexo-ifra,D00001,"Lemongrass oil, West Indian (Cymbopogon citratus (DC) Stapf.)"
M03534,S00061,,73,,tipico,anexo-ifra,D00001,"Lemongrass oil, West Indian (Cymbopogon citratus (DC) Stapf.)"
M03534,S00065,,0.3,,tipico,anexo-ifra,D00001,"Lemongrass oil, West Indian (Cymbopogon citratus (DC) Stapf.)"
M03534,S00068,,1,,tipico,anexo-ifra,D00001,"Lemongrass oil, West Indian (Cymbopogon citratus (DC) Stapf.)"
M03534,S00069,,1.2,,tipico,anexo-ifra,D00001,"Lemongrass oil, West Indian (Cymbopogon citratus (DC) Stapf.)"
M03537,S00001,,,0.15,maximo,anexo-ifra,D00001,"el máximo de las 3 entradas del anexo para 8008-26-2 (D14): Lime oil, expressed"
M03537,S00064,,,0.28,maximo,anexo-ifra,D00001,"el máximo de las 3 entradas del anexo para 8008-26-2 (D14): Persian lime oil, expressed"
M03537,S00065,,,1.39,maximo,anexo-ifra,D00001,"el máximo de las 3 entradas del anexo para 8008-26-2 (D14): Persian lime oil, expressed"
M03537,S00066,,,0.01,maximo,anexo-ifra,D00001,el máximo de las 3 entradas del anexo para 8008-26-2 (D14): Lime oil distilled
M03537,S00071,,,2.6,maximo,anexo-ifra,D00001,"el máximo de las 3 entradas del anexo para 8008-26-2 (D14): Lime oil, expressed"
M03537,S01007,,,1.7,maximo,anexo-ifra,D00001,"el máximo de las 3 entradas del anexo para 8008-26-2 (D14): Lime oil, expressed"
M03537,S01017,,,0.02,maximo,anexo-ifra,D00001,el máximo de las 3 entradas del anexo para 8008-26-2 (D14): Lime oil distilled
M03537,S02258,,,0.2,maximo,anexo-ifra,D00001,"el máximo de las 3 entradas del anexo para 8008-26-2 (D14): Lime oil, expressed"
M03540,S00001,,0.15,,tipico,anexo-ifra,D00001,"Lime oil, expressed (Citrus aurantifolia (Christm.) Swingle)"
M03540,S00064,,0.21,,tipico,anexo-ifra,D00001,"Lime oil, expressed (Citrus aurantifolia (Christman) Swingle)"
M03540,S00065,,0.5,,tipico,anexo-ifra,D00001,"Lime oil, expressed (Citrus aurantifolia (Christman) Swingle)"
M03540,S00071,,2.6,,tipico,anexo-ifra,D00001,"Lime oil, expressed (Citrus aurantifolia (Christm.) Swingle)"
M03540,S01007,,1.7,,tipico,anexo-ifra,D00001,"Lime oil, expressed (Citrus aurantifolia (Christm.) Swingle)"
M03540,S02258,,0.2,,tipico,anexo-ifra,D00001,"Lime oil, expressed (Citrus aurantifolia (Christm.) Swingle)"
M03541,S00001,,,0.15,maximo,anexo-ifra,D00001,"el máximo de las 3 entradas del anexo para 8008-26-2 (D14): Lime oil, expressed"
M03541,S00064,,,0.28,maximo,anexo-ifra,D00001,"el máximo de las 3 entradas del anexo para 8008-26-2 (D14): Persian lime oil, expressed"
M03541,S00065,,,1.39,maximo,anexo-ifra,D00001,"el máximo de las 3 entradas del anexo para 8008-26-2 (D14): Persian lime oil, expressed"
M03541,S00066,,,0.01,maximo,anexo-ifra,D00001,el máximo de las 3 entradas del anexo para 8008-26-2 (D14): Lime oil distilled
M03541,S00071,,,2.6,maximo,anexo-ifra,D00001,"el máximo de las 3 entradas del anexo para 8008-26-2 (D14): Lime oil, expressed"
M03541,S01007,,,1.7,maximo,anexo-ifra,D00001,"el máximo de las 3 entradas del anexo para 8008-26-2 (D14): Lime oil, expressed"
M03541,S01017,,,0.02,maximo,anexo-ifra,D00001,el máximo de las 3 entradas del anexo para 8008-26-2 (D14): Lime oil distilled
M03541,S02258,,,0.2,maximo,anexo-ifra,D00001,"el máximo de las 3 entradas del anexo para 8008-26-2 (D14): Lime oil, expressed"
M03547,S00001,,1.1,,tipico,anexo-ifra,D00001,Litsea cubeba oil (Litsea Cubeba(Lour.) Pers.)
M03547,S00024,,0.2,,tipico,anexo-ifra,D00001,Litsea cubeba oil (Litsea Cubeba(Lour.) Pers.)
M03547,S00061,,69,,tipico,anexo-ifra,D00001,Litsea cubeba oil (Litsea Cubeba(Lour.) Pers.)
M03547,S00065,,1.1,,tipico,anexo-ifra,D00001,Litsea cubeba oil (Litsea Cubeba(Lour.) Pers.)
M03547,S00066,,0.15,,tipico,anexo-ifra,D00001,Litsea cubeba oil (Litsea Cubeba(Lour.) Pers.)
M03547,S00068,,0.4,,tipico,anexo-ifra,D00001,Litsea cubeba oil (Litsea Cubeba(Lour.) Pers.)
M03547,S00069,,1,,tipico,anexo-ifra,D00001,Litsea cubeba oil (Litsea Cubeba(Lour.) Pers.)
M03547,S00070,,0.05,,tipico,anexo-ifra,D00001,Litsea cubeba oil (Litsea Cubeba(Lour.) Pers.)
M03548,S00001,,1.1,,tipico,anexo-ifra,D00001,Litsea cubeba oil (Litsea Cubeba(Lour.) Pers.)
M03548,S00024,,0.2,,tipico,anexo-ifra,D00001,Litsea cubeba oil (Litsea Cubeba(Lour.) Pers.)
M03548,S00061,,69,,tipico,anexo-ifra,D00001,Litsea cubeba oil (Litsea Cubeba(Lour.) Pers.)
M03548,S00065,,1.1,,tipico,anexo-ifra,D00001,Litsea cubeba oil (Litsea Cubeba(Lour.) Pers.)
M03548,S00066,,0.15,,tipico,anexo-ifra,D00001,Litsea cubeba oil (Litsea Cubeba(Lour.) Pers.)
M03548,S00068,,0.4,,tipico,anexo-ifra,D00001,Litsea cubeba oil (Litsea Cubeba(Lour.) Pers.)
M03548,S00069,,1,,tipico,anexo-ifra,D00001,Litsea cubeba oil (Litsea Cubeba(Lour.) Pers.)
M03548,S00070,,0.05,,tipico,anexo-ifra,D00001,Litsea cubeba oil (Litsea Cubeba(Lour.) Pers.)
M03549,S00001,,0.92,,tipico,anexo-ifra,D00001,Lovage root oil (Levisticum officinale Koch)
M03549,S00023,,0.06,,tipico,anexo-ifra,D00001,Lovage root oil (Levisticum officinale Koch)
M03549,S00025,,0.13,,tipico,anexo-ifra,D00001,Lovage root oil (Levisticum officinale Koch)
M03549,S01008,,0.02,,tipico,anexo-ifra,D00001,Lovage root oil (Levisticum officinale Koch)
M03550,S00001,,0.92,,tipico,anexo-ifra,D00001,Lovage root oil (Levisticum officinale Koch)
M03550,S00023,,0.06,,tipico,anexo-ifra,D00001,Lovage root oil (Levisticum officinale Koch)
M03550,S00025,,0.13,,tipico,anexo-ifra,D00001,Lovage root oil (Levisticum officinale Koch)
M03550,S01008,,0.02,,tipico,anexo-ifra,D00001,Lovage root oil (Levisticum officinale Koch)
M03551,S00020,,,0.7,maximo,anexo-ifra,D00001,el máximo de las 2 entradas del anexo para 8007-12-3 (D14): Mace oil
M03551,S00025,,,1.2,maximo,anexo-ifra,D00001,el máximo de las 2 entradas del anexo para 8007-12-3 (D14): Mace oil
M03551,S00070,,,1.7,maximo,anexo-ifra,D00001,el máximo de las 2 entradas del anexo para 8007-12-3 (D14): Mace oil
M03552,S00020,,0.7,,tipico,anexo-ifra,D00001,Mace oil (Myristica fragrans Houtt.)
M03552,S00025,,1.2,,tipico,anexo-ifra,D00001,Mace oil (Myristica fragrans Houtt.)
M03552,S00070,,1.7,,tipico,anexo-ifra,D00001,Mace oil (Myristica fragrans Houtt.)
M03553,S00020,,0.4,,tipico,anexo-ifra,D00001,Mace oleoresin (Myristica fragrans Houtt.)
M03553,S00025,,0.6,,tipico,anexo-ifra,D00001,Mace oleoresin (Myristica fragrans Houtt.)
M03553,S00070,,1.6,,tipico,anexo-ifra,D00001,Mace oleoresin (Myristica fragrans Houtt.)
M03556,S00073,,0.4,,tipico,anexo-ifra,D00001,Mandarin oil (Citrus reticulata Blanco)
M03557,S00061,,,0.1,maximo,anexo-ifra,D00001,el máximo de las 2 entradas del anexo para 8008-31-9 (D14): Tangerine oil
M03557,S00065,,,0.1,maximo,anexo-ifra,D00001,el máximo de las 2 entradas del anexo para 8008-31-9 (D14): Tangerine oil
M03557,S00073,,,0.4,maximo,anexo-ifra,D00001,el máximo de las 2 entradas del anexo para 8008-31-9 (D14): Mandarin oil
M03559,S00061,,,0.1,maximo,anexo-ifra,D00001,el máximo de las 2 entradas del anexo para 8008-31-9 (D14): Tangerine oil
M03559,S00065,,,0.1,maximo,anexo-ifra,D00001,el máximo de las 2 entradas del anexo para 8008-31-9 (D14): Tangerine oil
M03559,S00073,,,0.4,maximo,anexo-ifra,D00001,el máximo de las 2 entradas del anexo para 8008-31-9 (D14): Mandarin oil
M03561,S00001,,0.13,,tipico,anexo-ifra,D00001,"Marjoram oil, Spanish (Thymus mastichina L.)"
M03561,S00066,,0.09,,tipico,anexo-ifra,D00001,"Marjoram oil, Spanish (Thymus mastichina L.)"
M03561,S00071,,0.1,,tipico,anexo-ifra,D00001,"Marjoram oil, Spanish (Thymus mastichina L.)"
M03561,S01007,,0.07,,tipico,anexo-ifra,D00001,"Marjoram oil, Spanish (Thymus mastichina L.)"
M03562,S00001,,0.3,,tipico,anexo-ifra,D00001,"Marjoram oil, sweet (Origanum majorana L.)"
M03562,S00015,,0.4,,tipico,anexo-ifra,D00001,"Marjoram oil, sweet (Origanum majorana L.)"
M03564,S00025,,0.01,,tipico,anexo-ifra,D00001,Mastic absolute (Pistacia lentiscus L.)
M03565,S00001,,,0.05,maximo,anexo-ifra,D00001,el máximo de las 2 entradas del anexo para 68991-39-9 (D14): Mastic oil
M03565,S00014,,,0.08,maximo,anexo-ifra,D00001,el máximo de las 2 entradas del anexo para 68991-39-9 (D14): Mastic oil
M03565,S00025,,,0.02,maximo,anexo-ifra,D00001,el máximo de las 2 entradas del anexo para 68991-39-9 (D14): Mastic oil
M03566,S00001,,0.05,,tipico,anexo-ifra,D00001,Mastic oil (Pistacia lentiscus L.)
M03566,S00014,,0.08,,tipico,anexo-ifra,D00001,Mastic oil (Pistacia lentiscus L.)
M03566,S00025,,0.02,,tipico,anexo-ifra,D00001,Mastic oil (Pistacia lentiscus L.)
M03567,S00001,,,0.05,maximo,anexo-ifra,D00001,el máximo de las 2 entradas del anexo para 68991-39-9 (D14): Mastic oil
M03567,S00014,,,0.08,maximo,anexo-ifra,D00001,el máximo de las 2 entradas del anexo para 68991-39-9 (D14): Mastic oil
M03567,S00025,,,0.02,maximo,anexo-ifra,D00001,el máximo de las 2 entradas del anexo para 68991-39-9 (D14): Mastic oil
M03574,S01008,,0.25,,tipico,anexo-ifra,D00001,Mentha arvensis oil (Mentha arvenis L.)
M03574,S01314,,0.98,,tipico,anexo-ifra,D00001,Mentha arvensis oil (Mentha arvenis L.)
M03575,S01008,,0.25,,tipico,anexo-ifra,D00001,Mentha arvensis oil (Mentha arvenis L.)
M03575,S01314,,0.98,,tipico,anexo-ifra,D00001,Mentha arvensis oil (Mentha arvenis L.)
M03576,S01008,,0.25,,tipico,anexo-ifra,D00001,Mentha arvensis oil (Mentha arvenis L.)
M03576,S01314,,0.98,,tipico,anexo-ifra,D00001,Mentha arvensis oil (Mentha arvenis L.)
M03578,S01008,,0.25,,tipico,anexo-ifra,D00001,Mentha arvensis oil (Mentha arvenis L.)
M03578,S01314,,0.98,,tipico,anexo-ifra,D00001,Mentha arvensis oil (Mentha arvenis L.)
M03580,S01008,,0.25,,tipico,anexo-ifra,D00001,Mentha arvensis oil (Mentha arvenis L.)
M03580,S01314,,0.98,,tipico,anexo-ifra,D00001,Mentha arvensis oil (Mentha arvenis L.)
M03581,S00001,,1.17,,tipico,anexo-ifra,D00001,Mentha citrata oil (Mentha citrata Ehrhart)
M03581,S00003,,0.25,,tipico,anexo-ifra,D00001,Mentha citrata oil (Mentha citrata Ehrhart)
M03581,S00020,,0.01,,tipico,anexo-ifra,D00001,Mentha citrata oil (Mentha citrata Ehrhart)
M03581,S00061,,0.03,,tipico,anexo-ifra,D00001,Mentha citrata oil (Mentha citrata Ehrhart)
M03581,S00083,,0.3,,tipico,anexo-ifra,D00001,Mentha citrata oil (Mentha citrata Ehrhart)
M03582,S00001,,,0.32,maximo,anexo-ifra,D00001,el máximo de las 3 entradas del anexo para 92457-18-6 (D14): Michelia alba flower oil
M03582,S00012,,,0.64,maximo,anexo-ifra,D00001,el máximo de las 3 entradas del anexo para 92457-18-6 (D14): Champaca absolute
M03582,S00018,,,0.02,maximo,anexo-ifra,D00001,el máximo de las 3 entradas del anexo para 92457-18-6 (D14): Champaca absolute
M03582,S00020,,,0.55,maximo,anexo-ifra,D00001,el máximo de las 3 entradas del anexo para 92457-18-6 (D14): Champaca absolute
M03582,S00023,,,0.03,maximo,anexo-ifra,D00001,el máximo de las 3 entradas del anexo para 92457-18-6 (D14): Champaca absolute
M03582,S00025,,,2.06,maximo,anexo-ifra,D00001,el máximo de las 3 entradas del anexo para 92457-18-6 (D14): Michelia alba flower oil
M03582,S00074,,,0.53,maximo,anexo-ifra,D00001,el máximo de las 3 entradas del anexo para 92457-18-6 (D14): Champaca absolute
M03582,S01016,,,1,maximo,anexo-ifra,D00001,el máximo de las 3 entradas del anexo para 92457-18-6 (D14): Champaca absolute
M03582,S01017,,,0.01,maximo,anexo-ifra,D00001,el máximo de las 3 entradas del anexo para 92457-18-6 (D14): Champaca absolute
M03583,S00012,,0.64,,tipico,anexo-ifra,D00001,Champaca absolute (Michelia champaca L.)
M03583,S00018,,0.02,,tipico,anexo-ifra,D00001,Champaca absolute (Michelia champaca L.)
M03583,S00020,,0.55,,tipico,anexo-ifra,D00001,Champaca absolute (Michelia champaca L.)
M03583,S00023,,0.03,,tipico,anexo-ifra,D00001,Champaca absolute (Michelia champaca L.)
M03583,S00025,,0.01,,tipico,anexo-ifra,D00001,Champaca absolute (Michelia champaca L.)
M03583,S00074,,0.53,,tipico,anexo-ifra,D00001,Champaca absolute (Michelia champaca L.)
M03583,S01016,,1,,tipico,anexo-ifra,D00001,Champaca absolute (Michelia champaca L.)
M03583,S01017,,0.01,,tipico,anexo-ifra,D00001,Champaca absolute (Michelia champaca L.)
M03584,S00012,,0.64,,tipico,anexo-ifra,D00001,Champaca absolute (Michelia champaca L.)
M03584,S00018,,0.02,,tipico,anexo-ifra,D00001,Champaca absolute (Michelia champaca L.)
M03584,S00020,,0.55,,tipico,anexo-ifra,D00001,Champaca absolute (Michelia champaca L.)
M03584,S00023,,0.03,,tipico,anexo-ifra,D00001,Champaca absolute (Michelia champaca L.)
M03584,S00025,,0.01,,tipico,anexo-ifra,D00001,Champaca absolute (Michelia champaca L.)
M03584,S00074,,0.53,,tipico,anexo-ifra,D00001,Champaca absolute (Michelia champaca L.)
M03584,S01016,,1,,tipico,anexo-ifra,D00001,Champaca absolute (Michelia champaca L.)
M03584,S01017,,0.01,,tipico,anexo-ifra,D00001,Champaca absolute (Michelia champaca L.)
M03585,S00012,,0.64,,tipico,anexo-ifra,D00001,Champaca absolute (Michelia champaca L.)
M03585,S00018,,0.02,,tipico,anexo-ifra,D00001,Champaca absolute (Michelia champaca L.)
M03585,S00020,,0.55,,tipico,anexo-ifra,D00001,Champaca absolute (Michelia champaca L.)
M03585,S00023,,0.03,,tipico,anexo-ifra,D00001,Champaca absolute (Michelia champaca L.)
M03585,S00025,,0.01,,tipico,anexo-ifra,D00001,Champaca absolute (Michelia champaca L.)
M03585,S00074,,0.53,,tipico,anexo-ifra,D00001,Champaca absolute (Michelia champaca L.)
M03585,S01016,,1,,tipico,anexo-ifra,D00001,Champaca absolute (Michelia champaca L.)
M03585,S01017,,0.01,,tipico,anexo-ifra,D00001,Champaca absolute (Michelia champaca L.)
M03586,S00012,,0.64,,tipico,anexo-ifra,D00001,Champaca absolute (Michelia champaca L.)
M03586,S00018,,0.02,,tipico,anexo-ifra,D00001,Champaca absolute (Michelia champaca L.)
M03586,S00020,,0.55,,tipico,anexo-ifra,D00001,Champaca absolute (Michelia champaca L.)
M03586,S00023,,0.03,,tipico,anexo-ifra,D00001,Champaca absolute (Michelia champaca L.)
M03586,S00025,,0.01,,tipico,anexo-ifra,D00001,Champaca absolute (Michelia champaca L.)
M03586,S00074,,0.53,,tipico,anexo-ifra,D00001,Champaca absolute (Michelia champaca L.)
M03586,S01016,,1,,tipico,anexo-ifra,D00001,Champaca absolute (Michelia champaca L.)
M03586,S01017,,0.01,,tipico,anexo-ifra,D00001,Champaca absolute (Michelia champaca L.)
M03587,S00010,,0.12,,tipico,anexo-ifra,D00001,Mimosa absolute (Acacia decurrens (Wendl.f.) Willd.)
M03587,S00011,,0.08,,tipico,anexo-ifra,D00001,Mimosa absolute (Acacia decurrens (Wendl.f.) Willd.)
M03587,S00012,,0.19,,tipico,anexo-ifra,D00001,Mimosa absolute (Acacia decurrens (Wendl.f.) Willd.)
M03587,S00020,,0.02,,tipico,anexo-ifra,D00001,Mimosa absolute (Acacia decurrens (Wendl.f.) Willd.)
M03587,S00074,,0.12,,tipico,anexo-ifra,D00001,Mimosa absolute (Acacia decurrens (Wendl.f.) Willd.)
M03587,S00077,,0.02,,tipico,anexo-ifra,D00001,Mimosa absolute (Acacia decurrens (Wendl.f.) Willd.)
M03587,S01005,,0.1,,tipico,anexo-ifra,D00001,Mimosa absolute (Acacia decurrens (Wendl.f.) Willd.)
M03588,S00010,,0.12,,tipico,anexo-ifra,D00001,Mimosa absolute (Acacia decurrens (Wendl.f.) Willd.)
M03588,S00011,,0.08,,tipico,anexo-ifra,D00001,Mimosa absolute (Acacia decurrens (Wendl.f.) Willd.)
M03588,S00012,,0.19,,tipico,anexo-ifra,D00001,Mimosa absolute (Acacia decurrens (Wendl.f.) Willd.)
M03588,S00020,,0.02,,tipico,anexo-ifra,D00001,Mimosa absolute (Acacia decurrens (Wendl.f.) Willd.)
M03588,S00074,,0.12,,tipico,anexo-ifra,D00001,Mimosa absolute (Acacia decurrens (Wendl.f.) Willd.)
M03588,S00077,,0.02,,tipico,anexo-ifra,D00001,Mimosa absolute (Acacia decurrens (Wendl.f.) Willd.)
M03588,S01005,,0.1,,tipico,anexo-ifra,D00001,Mimosa absolute (Acacia decurrens (Wendl.f.) Willd.)
M03598,S00001,,0.4,,tipico,anexo-ifra,D00001,Myrtle oil (Myrtus communis L.)
M03598,S00025,,1,,tipico,anexo-ifra,D00001,Myrtle oil (Myrtus communis L.)
M03598,S00083,,0.1,,tipico,anexo-ifra,D00001,Myrtle oil (Myrtus communis L.)
M03598,S01008,,0.2,,tipico,anexo-ifra,D00001,Myrtle oil (Myrtus communis L.)
M03599,S00001,,0.4,,tipico,anexo-ifra,D00001,Myrtle oil (Myrtus communis L.)
M03599,S00025,,1,,tipico,anexo-ifra,D00001,Myrtle oil (Myrtus communis L.)
M03599,S00083,,0.1,,tipico,anexo-ifra,D00001,Myrtle oil (Myrtus communis L.)
M03599,S01008,,0.2,,tipico,anexo-ifra,D00001,Myrtle oil (Myrtus communis L.)
M03600,S00001,,0.4,,tipico,anexo-ifra,D00001,Myrtle oil (Myrtus communis L.)
M03600,S00025,,1,,tipico,anexo-ifra,D00001,Myrtle oil (Myrtus communis L.)
M03600,S00083,,0.1,,tipico,anexo-ifra,D00001,Myrtle oil (Myrtus communis L.)
M03600,S01008,,0.2,,tipico,anexo-ifra,D00001,Myrtle oil (Myrtus communis L.)
M03601,S00001,,0.4,,tipico,anexo-ifra,D00001,Myrtle oil (Myrtus communis L.)
M03601,S00025,,1,,tipico,anexo-ifra,D00001,Myrtle oil (Myrtus communis L.)
M03601,S00083,,0.1,,tipico,anexo-ifra,D00001,Myrtle oil (Myrtus communis L.)
M03601,S01008,,0.2,,tipico,anexo-ifra,D00001,Myrtle oil (Myrtus communis L.)
M03604,S00012,,2.8,,tipico,anexo-ifra,D00001,Narcissus poeticus absolute (Narcissus poeticus L.)
M03604,S00035,,1.2,,tipico,anexo-ifra,D00001,Narcissus poeticus absolute (Narcissus poeticus L.)
M03604,S00074,,8.9,,tipico,anexo-ifra,D00001,Narcissus poeticus absolute (Narcissus poeticus L.)
M03605,S00011,,0.2,,tipico,anexo-ifra,D00001,Niaouli oil (Melaleuca viridiflora Sol. ex Gaertn.)
M03605,S00066,,0.1,,tipico,anexo-ifra,D00001,Niaouli oil (Melaleuca viridiflora Sol. ex Gaertn.)
M03608,S00020,,,0.2,maximo,anexo-ifra,D00001,el máximo de las 2 entradas del anexo para 8008-45-5 (D14): Nutmeg oil
M03608,S00023,,,0.5,maximo,anexo-ifra,D00001,el máximo de las 2 entradas del anexo para 8008-45-5 (D14): Nutmeg oil
M03608,S00025,,,1.2,maximo,anexo-ifra,D00001,el máximo de las 2 entradas del anexo para 8008-45-5 (D14): Nutmeg oil
M03608,S00070,,,1.5,maximo,anexo-ifra,D00001,el máximo de las 2 entradas del anexo para 8008-45-5 (D14): Nutmeg oil
M03608,S01006,,,0.13,maximo,anexo-ifra,D00001,el máximo de las 2 entradas del anexo para 8008-45-5 (D14): Nutmeg oil
M03608,S01009,,,0.1,maximo,anexo-ifra,D00001,el máximo de las 2 entradas del anexo para 8008-45-5 (D14): Nutmeg oil
M03609,S00020,,,0.2,maximo,anexo-ifra,D00001,el máximo de las 2 entradas del anexo para 8008-45-5 (D14): Nutmeg oil
M03609,S00023,,,0.5,maximo,anexo-ifra,D00001,el máximo de las 2 entradas del anexo para 8008-45-5 (D14): Nutmeg oil
M03609,S00025,,,1.2,maximo,anexo-ifra,D00001,el máximo de las 2 entradas del anexo para 8008-45-5 (D14): Nutmeg oil
M03609,S00070,,,1.5,maximo,anexo-ifra,D00001,el máximo de las 2 entradas del anexo para 8008-45-5 (D14): Nutmeg oil
M03609,S01006,,,0.13,maximo,anexo-ifra,D00001,el máximo de las 2 entradas del anexo para 8008-45-5 (D14): Nutmeg oil
M03609,S01009,,,0.1,maximo,anexo-ifra,D00001,el máximo de las 2 entradas del anexo para 8008-45-5 (D14): Nutmeg oil
M03610,S00020,,,0.2,maximo,anexo-ifra,D00001,el máximo de las 2 entradas del anexo para 8008-45-5 (D14): Nutmeg oil
M03610,S00023,,,0.5,maximo,anexo-ifra,D00001,el máximo de las 2 entradas del anexo para 8008-45-5 (D14): Nutmeg oil
M03610,S00025,,,1.2,maximo,anexo-ifra,D00001,el máximo de las 2 entradas del anexo para 8008-45-5 (D14): Nutmeg oil
M03610,S00070,,,1.5,maximo,anexo-ifra,D00001,el máximo de las 2 entradas del anexo para 8008-45-5 (D14): Nutmeg oil
M03610,S01006,,,0.13,maximo,anexo-ifra,D00001,el máximo de las 2 entradas del anexo para 8008-45-5 (D14): Nutmeg oil
M03610,S01009,,,0.1,maximo,anexo-ifra,D00001,el máximo de las 2 entradas del anexo para 8008-45-5 (D14): Nutmeg oil
M03611,S00020,,,0.2,maximo,anexo-ifra,D00001,el máximo de las 2 entradas del anexo para 8008-45-5 (D14): Nutmeg oil
M03611,S00023,,,0.5,maximo,anexo-ifra,D00001,el máximo de las 2 entradas del anexo para 8008-45-5 (D14): Nutmeg oil
M03611,S00025,,,1.2,maximo,anexo-ifra,D00001,el máximo de las 2 entradas del anexo para 8008-45-5 (D14): Nutmeg oil
M03611,S00070,,,1.5,maximo,anexo-ifra,D00001,el máximo de las 2 entradas del anexo para 8008-45-5 (D14): Nutmeg oil
M03611,S01006,,,0.13,maximo,anexo-ifra,D00001,el máximo de las 2 entradas del anexo para 8008-45-5 (D14): Nutmeg oil
M03611,S01009,,,0.1,maximo,anexo-ifra,D00001,el máximo de las 2 entradas del anexo para 8008-45-5 (D14): Nutmeg oil
M03612,S00020,,,0.2,maximo,anexo-ifra,D00001,el máximo de las 2 entradas del anexo para 8008-45-5 (D14): Nutmeg oil
M03612,S00023,,,0.5,maximo,anexo-ifra,D00001,el máximo de las 2 entradas del anexo para 8008-45-5 (D14): Nutmeg oil
M03612,S00025,,,1.2,maximo,anexo-ifra,D00001,el máximo de las 2 entradas del anexo para 8008-45-5 (D14): Nutmeg oil
M03612,S00070,,,1.5,maximo,anexo-ifra,D00001,el máximo de las 2 entradas del anexo para 8008-45-5 (D14): Nutmeg oil
M03612,S01006,,,0.13,maximo,anexo-ifra,D00001,el máximo de las 2 entradas del anexo para 8008-45-5 (D14): Nutmeg oil
M03612,S01009,,,0.1,maximo,anexo-ifra,D00001,el máximo de las 2 entradas del anexo para 8008-45-5 (D14): Nutmeg oil
M03613,S00020,,0.2,,tipico,anexo-ifra,D00001,Nutmeg oil (Myristica fragrans Houtt.)
M03613,S00023,,0.5,,tipico,anexo-ifra,D00001,Nutmeg oil (Myristica fragrans Houtt.)
M03613,S00025,,1.2,,tipico,anexo-ifra,D00001,Nutmeg oil (Myristica fragrans Houtt.)
M03613,S00070,,1.5,,tipico,anexo-ifra,D00001,Nutmeg oil (Myristica fragrans Houtt.)
M03613,S01006,,0.13,,tipico,anexo-ifra,D00001,Nutmeg oil (Myristica fragrans Houtt.)
M03613,S01009,,0.1,,tipico,anexo-ifra,D00001,Nutmeg oil (Myristica fragrans Houtt.)
M03614,S00020,,,0.2,maximo,anexo-ifra,D00001,el máximo de las 2 entradas del anexo para 8008-45-5 (D14): Nutmeg oil
M03614,S00023,,,0.5,maximo,anexo-ifra,D00001,el máximo de las 2 entradas del anexo para 8008-45-5 (D14): Nutmeg oil
M03614,S00025,,,1.2,maximo,anexo-ifra,D00001,el máximo de las 2 entradas del anexo para 8008-45-5 (D14): Nutmeg oil
M03614,S00070,,,1.5,maximo,anexo-ifra,D00001,el máximo de las 2 entradas del anexo para 8008-45-5 (D14): Nutmeg oil
M03614,S01006,,,0.13,maximo,anexo-ifra,D00001,el máximo de las 2 entradas del anexo para 8008-45-5 (D14): Nutmeg oil
M03614,S01009,,,0.1,maximo,anexo-ifra,D00001,el máximo de las 2 entradas del anexo para 8008-45-5 (D14): Nutmeg oil
M03615,S00020,,,0.2,maximo,anexo-ifra,D00001,el máximo de las 2 entradas del anexo para 8008-45-5 (D14): Nutmeg oil
M03615,S00023,,,0.5,maximo,anexo-ifra,D00001,el máximo de las 2 entradas del anexo para 8008-45-5 (D14): Nutmeg oil
M03615,S00025,,,1.2,maximo,anexo-ifra,D00001,el máximo de las 2 entradas del anexo para 8008-45-5 (D14): Nutmeg oil
M03615,S00070,,,1.5,maximo,anexo-ifra,D00001,el máximo de las 2 entradas del anexo para 8008-45-5 (D14): Nutmeg oil
M03615,S01006,,,0.13,maximo,anexo-ifra,D00001,el máximo de las 2 entradas del anexo para 8008-45-5 (D14): Nutmeg oil
M03615,S01009,,,0.1,maximo,anexo-ifra,D00001,el máximo de las 2 entradas del anexo para 8008-45-5 (D14): Nutmeg oil
M03616,S00020,,,0.2,maximo,anexo-ifra,D00001,el máximo de las 2 entradas del anexo para 8008-45-5 (D14): Nutmeg oil
M03616,S00023,,,0.5,maximo,anexo-ifra,D00001,el máximo de las 2 entradas del anexo para 8008-45-5 (D14): Nutmeg oil
M03616,S00025,,,1.2,maximo,anexo-ifra,D00001,el máximo de las 2 entradas del anexo para 8008-45-5 (D14): Nutmeg oil
M03616,S00070,,,1.5,maximo,anexo-ifra,D00001,el máximo de las 2 entradas del anexo para 8008-45-5 (D14): Nutmeg oil
M03616,S01006,,,0.13,maximo,anexo-ifra,D00001,el máximo de las 2 entradas del anexo para 8008-45-5 (D14): Nutmeg oil
M03616,S01009,,,0.1,maximo,anexo-ifra,D00001,el máximo de las 2 entradas del anexo para 8008-45-5 (D14): Nutmeg oil
M03617,S00020,,0.1,,tipico,anexo-ifra,D00001,Nutmeg oleoresin (Myristica fragrans Houtt.)
M03617,S00025,,0.6,,tipico,anexo-ifra,D00001,Nutmeg oleoresin (Myristica fragrans Houtt.)
M03617,S00070,,1,,tipico,anexo-ifra,D00001,Nutmeg oleoresin (Myristica fragrans Houtt.)
M03625,S00080,,0.2,,tipico,anexo-ifra,D00001,Olibanum absolute (Boswellia spp.)
M03626,S00028,,,0.1,maximo,anexo-ifra,D00001,el máximo de las 3 entradas del anexo para 8016-36-2 (D14): Olibanum oil
M03626,S00080,,,0.4,maximo,anexo-ifra,D00001,el máximo de las 3 entradas del anexo para 8016-36-2 (D14): Olibanum carterii oil
M03627,S00028,,,0.1,maximo,anexo-ifra,D00001,el máximo de las 3 entradas del anexo para 8016-36-2 (D14): Olibanum oil
M03627,S00080,,,0.4,maximo,anexo-ifra,D00001,el máximo de las 3 entradas del anexo para 8016-36-2 (D14): Olibanum carterii oil
M03628,S00028,,,0.1,maximo,anexo-ifra,D00001,el máximo de las 3 entradas del anexo para 8016-36-2 (D14): Olibanum oil
M03628,S00080,,,0.4,maximo,anexo-ifra,D00001,el máximo de las 3 entradas del anexo para 8016-36-2 (D14): Olibanum carterii oil
M03629,S00080,,0.4,,tipico,anexo-ifra,D00001,Olibanum carterii oil (Boswellia carterii)
M03630,S00028,,,0.1,maximo,anexo-ifra,D00001,el máximo de las 3 entradas del anexo para 8016-36-2 (D14): Olibanum oil
M03630,S00080,,,0.4,maximo,anexo-ifra,D00001,el máximo de las 3 entradas del anexo para 8016-36-2 (D14): Olibanum carterii oil
M03631,S00028,,,0.1,maximo,anexo-ifra,D00001,el máximo de las 3 entradas del anexo para 8016-36-2 (D14): Olibanum oil
M03631,S00080,,,0.4,maximo,anexo-ifra,D00001,el máximo de las 3 entradas del anexo para 8016-36-2 (D14): Olibanum carterii oil
M03632,S00028,,,0.1,maximo,anexo-ifra,D00001,el máximo de las 3 entradas del anexo para 8016-36-2 (D14): Olibanum oil
M03632,S00080,,,0.4,maximo,anexo-ifra,D00001,el máximo de las 3 entradas del anexo para 8016-36-2 (D14): Olibanum carterii oil
M03633,S00028,,,0.1,maximo,anexo-ifra,D00001,el máximo de las 3 entradas del anexo para 8016-36-2 (D14): Olibanum oil
M03633,S00080,,,0.4,maximo,anexo-ifra,D00001,el máximo de las 3 entradas del anexo para 8016-36-2 (D14): Olibanum carterii oil
M03634,S00028,,,0.1,maximo,anexo-ifra,D00001,el máximo de las 3 entradas del anexo para 8016-36-2 (D14): Olibanum oil
M03634,S00080,,,0.4,maximo,anexo-ifra,D00001,el máximo de las 3 entradas del anexo para 8016-36-2 (D14): Olibanum carterii oil
M03635,S00028,,,0.1,maximo,anexo-ifra,D00001,el máximo de las 3 entradas del anexo para 8016-36-2 (D14): Olibanum oil
M03635,S00080,,,0.4,maximo,anexo-ifra,D00001,el máximo de las 3 entradas del anexo para 8016-36-2 (D14): Olibanum carterii oil
M03636,S00028,,,0.1,maximo,anexo-ifra,D00001,el máximo de las 3 entradas del anexo para 8016-36-2 (D14): Olibanum oil
M03636,S00080,,,0.4,maximo,anexo-ifra,D00001,el máximo de las 3 entradas del anexo para 8016-36-2 (D14): Olibanum carterii oil
M03642,S00001,,,8.84,maximo,anexo-ifra,D00001,el máximo de las 3 entradas del anexo para 8030-28-2 (D14): Orange flower water absolute
M03642,S00061,,,0.2,maximo,anexo-ifra,D00001,el máximo de las 3 entradas del anexo para 8030-28-2 (D14): Petitgrain bigarade absolute
M03642,S00066,,,0.02,maximo,anexo-ifra,D00001,el máximo de las 3 entradas del anexo para 8030-28-2 (D14): Orange flower water absolute
M03642,S00071,,,0.02,maximo,anexo-ifra,D00001,el máximo de las 3 entradas del anexo para 8030-28-2 (D14): Orange flower water absolute
M03642,S00084,,,6.5,maximo,anexo-ifra,D00001,"el máximo de las 3 entradas del anexo para 8030-28-2 (D14): Orange flower, bitter, CO2 extract"
M03642,S01007,,,0.01,maximo,anexo-ifra,D00001,el máximo de las 3 entradas del anexo para 8030-28-2 (D14): Orange flower water absolute
M03642,S01016,,,0.83,maximo,anexo-ifra,D00001,el máximo de las 3 entradas del anexo para 8030-28-2 (D14): Orange flower water absolute
M03643,S00061,,0.15,,tipico,anexo-ifra,D00001,Orange essence oil (Citrus sinensis (L.) Osbeck)
M03644,S00001,,,2.66,maximo,anexo-ifra,D00001,"el máximo de las 3 entradas del anexo para 8016-38-4 (D14): Orange flower oil, bitter (neroli and neroli bigarade)"
M03644,S00066,,,0.04,maximo,anexo-ifra,D00001,"el máximo de las 3 entradas del anexo para 8016-38-4 (D14): Orange flower oil, bitter (neroli and neroli bigarade)"
M03644,S00071,,,0.1,maximo,anexo-ifra,D00001,"el máximo de las 3 entradas del anexo para 8016-38-4 (D14): Orange flower oil, bitter (neroli and neroli bigarade)"
M03644,S00072,,,0.03,maximo,anexo-ifra,D00001,"el máximo de las 3 entradas del anexo para 8016-38-4 (D14): Orange flower oil, bitter (Neroli and Neroli bigarade)"
M03644,S00084,,,3.72,maximo,anexo-ifra,D00001,el máximo de las 3 entradas del anexo para 8016-38-4 (D14): Orange blossoms absolute
M03644,S01007,,,0.04,maximo,anexo-ifra,D00001,"el máximo de las 3 entradas del anexo para 8016-38-4 (D14): Orange flower oil, bitter (neroli and neroli bigarade)"
M03644,S01016,,,0.52,maximo,anexo-ifra,D00001,el máximo de las 3 entradas del anexo para 8016-38-4 (D14): Orange blossoms absolute
M03644,S01017,,,2.18,maximo,anexo-ifra,D00001,"el máximo de las 3 entradas del anexo para 8016-38-4 (D14): Orange flower oil, bitter (neroli and neroli bigarade)"
M03645,S00001,,,2.66,maximo,anexo-ifra,D00001,"el máximo de las 3 entradas del anexo para 8016-38-4 (D14): Orange flower oil, bitter (neroli and neroli bigarade)"
M03645,S00066,,,0.04,maximo,anexo-ifra,D00001,"el máximo de las 3 entradas del anexo para 8016-38-4 (D14): Orange flower oil, bitter (neroli and neroli bigarade)"
M03645,S00071,,,0.1,maximo,anexo-ifra,D00001,"el máximo de las 3 entradas del anexo para 8016-38-4 (D14): Orange flower oil, bitter (neroli and neroli bigarade)"
M03645,S00072,,,0.03,maximo,anexo-ifra,D00001,"el máximo de las 3 entradas del anexo para 8016-38-4 (D14): Orange flower oil, bitter (Neroli and Neroli bigarade)"
M03645,S00084,,,3.72,maximo,anexo-ifra,D00001,el máximo de las 3 entradas del anexo para 8016-38-4 (D14): Orange blossoms absolute
M03645,S01007,,,0.04,maximo,anexo-ifra,D00001,"el máximo de las 3 entradas del anexo para 8016-38-4 (D14): Orange flower oil, bitter (neroli and neroli bigarade)"
M03645,S01016,,,0.52,maximo,anexo-ifra,D00001,el máximo de las 3 entradas del anexo para 8016-38-4 (D14): Orange blossoms absolute
M03645,S01017,,,2.18,maximo,anexo-ifra,D00001,"el máximo de las 3 entradas del anexo para 8016-38-4 (D14): Orange flower oil, bitter (neroli and neroli bigarade)"
M03646,S00001,,8.84,,tipico,anexo-ifra,D00001,Orange flower water absolute (Citrus aurantium L. spp. Amara Link)
M03646,S00066,,0.02,,tipico,anexo-ifra,D00001,Orange flower water absolute (Citrus aurantium L. spp. Amara Link)
M03646,S00071,,0.02,,tipico,anexo-ifra,D00001,Orange flower water absolute (Citrus aurantium L. spp. Amara Link)
M03646,S00084,,1.08,,tipico,anexo-ifra,D00001,Orange flower water absolute (Citrus aurantium L. spp. Amara Link)
M03646,S01007,,0.01,,tipico,anexo-ifra,D00001,Orange flower water absolute (Citrus aurantium L. spp. Amara Link)
M03646,S01016,,0.83,,tipico,anexo-ifra,D00001,Orange flower water absolute (Citrus aurantium L. spp. Amara Link)
M03647,S00001,,,2.66,maximo,anexo-ifra,D00001,"el máximo de las 3 entradas del anexo para 8016-38-4 (D14): Orange flower oil, bitter (neroli and neroli bigarade)"
M03647,S00066,,,0.04,maximo,anexo-ifra,D00001,"el máximo de las 3 entradas del anexo para 8016-38-4 (D14): Orange flower oil, bitter (neroli and neroli bigarade)"
M03647,S00071,,,0.1,maximo,anexo-ifra,D00001,"el máximo de las 3 entradas del anexo para 8016-38-4 (D14): Orange flower oil, bitter (neroli and neroli bigarade)"
M03647,S00072,,,0.03,maximo,anexo-ifra,D00001,"el máximo de las 3 entradas del anexo para 8016-38-4 (D14): Orange flower oil, bitter (Neroli and Neroli bigarade)"
M03647,S00084,,,3.72,maximo,anexo-ifra,D00001,el máximo de las 3 entradas del anexo para 8016-38-4 (D14): Orange blossoms absolute
M03647,S01007,,,0.04,maximo,anexo-ifra,D00001,"el máximo de las 3 entradas del anexo para 8016-38-4 (D14): Orange flower oil, bitter (neroli and neroli bigarade)"
M03647,S01016,,,0.52,maximo,anexo-ifra,D00001,el máximo de las 3 entradas del anexo para 8016-38-4 (D14): Orange blossoms absolute
M03647,S01017,,,2.18,maximo,anexo-ifra,D00001,"el máximo de las 3 entradas del anexo para 8016-38-4 (D14): Orange flower oil, bitter (neroli and neroli bigarade)"
M03648,S00001,,,2.66,maximo,anexo-ifra,D00001,"el máximo de las 3 entradas del anexo para 8016-38-4 (D14): Orange flower oil, bitter (neroli and neroli bigarade)"
M03648,S00066,,,0.04,maximo,anexo-ifra,D00001,"el máximo de las 3 entradas del anexo para 8016-38-4 (D14): Orange flower oil, bitter (neroli and neroli bigarade)"
M03648,S00071,,,0.1,maximo,anexo-ifra,D00001,"el máximo de las 3 entradas del anexo para 8016-38-4 (D14): Orange flower oil, bitter (neroli and neroli bigarade)"
M03648,S00072,,,0.03,maximo,anexo-ifra,D00001,"el máximo de las 3 entradas del anexo para 8016-38-4 (D14): Orange flower oil, bitter (Neroli and Neroli bigarade)"
M03648,S00084,,,3.72,maximo,anexo-ifra,D00001,el máximo de las 3 entradas del anexo para 8016-38-4 (D14): Orange blossoms absolute
M03648,S01007,,,0.04,maximo,anexo-ifra,D00001,"el máximo de las 3 entradas del anexo para 8016-38-4 (D14): Orange flower oil, bitter (neroli and neroli bigarade)"
M03648,S01016,,,0.52,maximo,anexo-ifra,D00001,el máximo de las 3 entradas del anexo para 8016-38-4 (D14): Orange blossoms absolute
M03648,S01017,,,2.18,maximo,anexo-ifra,D00001,"el máximo de las 3 entradas del anexo para 8016-38-4 (D14): Orange flower oil, bitter (neroli and neroli bigarade)"
M03649,S00001,,,2.66,maximo,anexo-ifra,D00001,"el máximo de las 3 entradas del anexo para 8016-38-4 (D14): Orange flower oil, bitter (neroli and neroli bigarade)"
M03649,S00066,,,0.04,maximo,anexo-ifra,D00001,"el máximo de las 3 entradas del anexo para 8016-38-4 (D14): Orange flower oil, bitter (neroli and neroli bigarade)"
M03649,S00071,,,0.1,maximo,anexo-ifra,D00001,"el máximo de las 3 entradas del anexo para 8016-38-4 (D14): Orange flower oil, bitter (neroli and neroli bigarade)"
M03649,S00072,,,0.03,maximo,anexo-ifra,D00001,"el máximo de las 3 entradas del anexo para 8016-38-4 (D14): Orange flower oil, bitter (Neroli and Neroli bigarade)"
M03649,S00084,,,3.72,maximo,anexo-ifra,D00001,el máximo de las 3 entradas del anexo para 8016-38-4 (D14): Orange blossoms absolute
M03649,S01007,,,0.04,maximo,anexo-ifra,D00001,"el máximo de las 3 entradas del anexo para 8016-38-4 (D14): Orange flower oil, bitter (neroli and neroli bigarade)"
M03649,S01016,,,0.52,maximo,anexo-ifra,D00001,el máximo de las 3 entradas del anexo para 8016-38-4 (D14): Orange blossoms absolute
M03649,S01017,,,2.18,maximo,anexo-ifra,D00001,"el máximo de las 3 entradas del anexo para 8016-38-4 (D14): Orange flower oil, bitter (neroli and neroli bigarade)"
M03650,S00001,,,2.66,maximo,anexo-ifra,D00001,"el máximo de las 3 entradas del anexo para 8016-38-4 (D14): Orange flower oil, bitter (neroli and neroli bigarade)"
M03650,S00066,,,0.04,maximo,anexo-ifra,D00001,"el máximo de las 3 entradas del anexo para 8016-38-4 (D14): Orange flower oil, bitter (neroli and neroli bigarade)"
M03650,S00071,,,0.1,maximo,anexo-ifra,D00001,"el máximo de las 3 entradas del anexo para 8016-38-4 (D14): Orange flower oil, bitter (neroli and neroli bigarade)"
M03650,S00072,,,0.03,maximo,anexo-ifra,D00001,"el máximo de las 3 entradas del anexo para 8016-38-4 (D14): Orange flower oil, bitter (Neroli and Neroli bigarade)"
M03650,S00084,,,3.72,maximo,anexo-ifra,D00001,el máximo de las 3 entradas del anexo para 8016-38-4 (D14): Orange blossoms absolute
M03650,S01007,,,0.04,maximo,anexo-ifra,D00001,"el máximo de las 3 entradas del anexo para 8016-38-4 (D14): Orange flower oil, bitter (neroli and neroli bigarade)"
M03650,S01016,,,0.52,maximo,anexo-ifra,D00001,el máximo de las 3 entradas del anexo para 8016-38-4 (D14): Orange blossoms absolute
M03650,S01017,,,2.18,maximo,anexo-ifra,D00001,"el máximo de las 3 entradas del anexo para 8016-38-4 (D14): Orange flower oil, bitter (neroli and neroli bigarade)"
M03651,S00001,,,8.84,maximo,anexo-ifra,D00001,el máximo de las 3 entradas del anexo para 8030-28-2 (D14): Orange flower water absolute
M03651,S00061,,,0.2,maximo,anexo-ifra,D00001,el máximo de las 3 entradas del anexo para 8030-28-2 (D14): Petitgrain bigarade absolute
M03651,S00066,,,0.02,maximo,anexo-ifra,D00001,el máximo de las 3 entradas del anexo para 8030-28-2 (D14): Orange flower water absolute
M03651,S00071,,,0.02,maximo,anexo-ifra,D00001,el máximo de las 3 entradas del anexo para 8030-28-2 (D14): Orange flower water absolute
M03651,S00084,,,6.5,maximo,anexo-ifra,D00001,"el máximo de las 3 entradas del anexo para 8030-28-2 (D14): Orange flower, bitter, CO2 extract"
M03651,S01007,,,0.01,maximo,anexo-ifra,D00001,el máximo de las 3 entradas del anexo para 8030-28-2 (D14): Orange flower water absolute
M03651,S01016,,,0.83,maximo,anexo-ifra,D00001,el máximo de las 3 entradas del anexo para 8030-28-2 (D14): Orange flower water absolute
M03652,S00001,,,8.84,maximo,anexo-ifra,D00001,el máximo de las 3 entradas del anexo para 8030-28-2 (D14): Orange flower water absolute
M03652,S00061,,,0.2,maximo,anexo-ifra,D00001,el máximo de las 3 entradas del anexo para 8030-28-2 (D14): Petitgrain bigarade absolute
M03652,S00066,,,0.02,maximo,anexo-ifra,D00001,el máximo de las 3 entradas del anexo para 8030-28-2 (D14): Orange flower water absolute
M03652,S00071,,,0.02,maximo,anexo-ifra,D00001,el máximo de las 3 entradas del anexo para 8030-28-2 (D14): Orange flower water absolute
M03652,S00084,,,6.5,maximo,anexo-ifra,D00001,"el máximo de las 3 entradas del anexo para 8030-28-2 (D14): Orange flower, bitter, CO2 extract"
M03652,S01007,,,0.01,maximo,anexo-ifra,D00001,el máximo de las 3 entradas del anexo para 8030-28-2 (D14): Orange flower water absolute
M03652,S01016,,,0.83,maximo,anexo-ifra,D00001,el máximo de las 3 entradas del anexo para 8030-28-2 (D14): Orange flower water absolute
M03653,S00001,,0.02,,tipico,anexo-ifra,D00001,"Orange oil, bitter (Citrus aurantium L. spp. Amara Link)"
M03653,S00015,,0.05,,tipico,anexo-ifra,D00001,"Orange oil, bitter (Citrus aurantium L. spp. Amara Link)"
M03653,S00071,,0.05,,tipico,anexo-ifra,D00001,"Orange oil, bitter (Citrus aurantium L. spp. Amara Link)"
M03653,S01007,,0.03,,tipico,anexo-ifra,D00001,"Orange oil, bitter (Citrus aurantium L. spp. Amara Link)"
M03653,S01013,,0.02,,tipico,anexo-ifra,D00001,"Orange oil, bitter (Citrus aurantium L. spp. Amara Link)"
M03654,S00001,,0.02,,tipico,anexo-ifra,D00001,"Orange oil, bitter (Citrus aurantium L. spp. Amara Link)"
M03654,S00015,,0.05,,tipico,anexo-ifra,D00001,"Orange oil, bitter (Citrus aurantium L. spp. Amara Link)"
M03654,S00071,,0.05,,tipico,anexo-ifra,D00001,"Orange oil, bitter (Citrus aurantium L. spp. Amara Link)"
M03654,S01007,,0.03,,tipico,anexo-ifra,D00001,"Orange oil, bitter (Citrus aurantium L. spp. Amara Link)"
M03654,S01013,,0.02,,tipico,anexo-ifra,D00001,"Orange oil, bitter (Citrus aurantium L. spp. Amara Link)"
M03655,S00001,,,2.66,maximo,anexo-ifra,D00001,"el máximo de las 3 entradas del anexo para 8016-38-4 (D14): Orange flower oil, bitter (neroli and neroli bigarade)"
M03655,S00066,,,0.04,maximo,anexo-ifra,D00001,"el máximo de las 3 entradas del anexo para 8016-38-4 (D14): Orange flower oil, bitter (neroli and neroli bigarade)"
M03655,S00071,,,0.1,maximo,anexo-ifra,D00001,"el máximo de las 3 entradas del anexo para 8016-38-4 (D14): Orange flower oil, bitter (neroli and neroli bigarade)"
M03655,S00072,,,0.03,maximo,anexo-ifra,D00001,"el máximo de las 3 entradas del anexo para 8016-38-4 (D14): Orange flower oil, bitter (Neroli and Neroli bigarade)"
M03655,S00084,,,3.72,maximo,anexo-ifra,D00001,el máximo de las 3 entradas del anexo para 8016-38-4 (D14): Orange blossoms absolute
M03655,S01007,,,0.04,maximo,anexo-ifra,D00001,"el máximo de las 3 entradas del anexo para 8016-38-4 (D14): Orange flower oil, bitter (neroli and neroli bigarade)"
M03655,S01016,,,0.52,maximo,anexo-ifra,D00001,el máximo de las 3 entradas del anexo para 8016-38-4 (D14): Orange blossoms absolute
M03655,S01017,,,2.18,maximo,anexo-ifra,D00001,"el máximo de las 3 entradas del anexo para 8016-38-4 (D14): Orange flower oil, bitter (neroli and neroli bigarade)"
M03658,S00061,,0.15,,tipico,anexo-ifra,D00001,"Orange, sweet, Valencia oil (Citrus sinensis (L.) Osbeck)"
M03659,S00015,,0.08,,tipico,anexo-ifra,D00001,"Orange oil, sweet, terpenes (Citrus sinensis (L.) Osbeck)"
M03659,S00061,,0.01,,tipico,anexo-ifra,D00001,"Orange oil, sweet, terpenes (Citrus sinensis (L.) Osbeck)"
M03659,S01013,,0.01,,tipico,anexo-ifra,D00001,"Orange oil, sweet, terpenes (Citrus sinensis (L.) Osbeck)"
M03661,S00015,,,0.08,maximo,anexo-ifra,D00001,"el máximo de las 2 entradas del anexo para 8028-48-6 (D14): Orange oil, sweet, terpenes"
M03661,S00061,,,0.15,maximo,anexo-ifra,D00001,el máximo de las 2 entradas del anexo para 8028-48-6 (D14): Orange essence oil
M03661,S01013,,,0.01,maximo,anexo-ifra,D00001,"el máximo de las 2 entradas del anexo para 8028-48-6 (D14): Orange oil, sweet, terpenes"
M03662,S00061,,0.15,,tipico,anexo-ifra,D00001,"Orange, sweet, Valencia oil (Citrus sinensis (L.) Osbeck)"
M03663,S00061,,0.15,,tipico,anexo-ifra,D00001,"Orange, sweet, Valencia oil (Citrus sinensis (L.) Osbeck)"
M03664,S00061,,0.15,,tipico,anexo-ifra,D00001,"Orange, sweet, Valencia oil (Citrus sinensis (L.) Osbeck)"
M03665,S00061,,0.15,,tipico,anexo-ifra,D00001,"Orange, sweet, Valencia oil (Citrus sinensis (L.) Osbeck)"
M03666,S00061,,0.15,,tipico,anexo-ifra,D00001,"Orange, sweet, Valencia oil (Citrus sinensis (L.) Osbeck)"
M03667,S00015,,0.1,,tipico,anexo-ifra,D00001,Origanum oil (Thymus capitata (L.) Cav.)
M03667,S00020,,0.08,,tipico,anexo-ifra,D00001,Origanum oil (Thymus capitata (L.) Cav.)
M03668,S00015,,0.1,,tipico,anexo-ifra,D00001,Origanum oil (Thymus capitata (L.) Cav.)
M03668,S00020,,0.08,,tipico,anexo-ifra,D00001,Origanum oil (Thymus capitata (L.) Cav.)
M03669,S00001,,1.2,,tipico,anexo-ifra,D00001,Osmanthus absolute (Osmanthus fragrans Lour.)
M03669,S00020,,0.07,,tipico,anexo-ifra,D00001,Osmanthus absolute (Osmanthus fragrans Lour.)
M03669,S00035,,0.02,,tipico,anexo-ifra,D00001,Osmanthus absolute (Osmanthus fragrans Lour.)
M03670,S00001,,1.2,,tipico,anexo-ifra,D00001,Osmanthus concrete (Osmanthus fragrans Lour.)
M03670,S00020,,0.06,,tipico,anexo-ifra,D00001,Osmanthus concrete (Osmanthus fragrans Lour.)
M03670,S00035,,0.02,,tipico,anexo-ifra,D00001,Osmanthus concrete (Osmanthus fragrans Lour.)
M03671,S00001,,,1.2,maximo,anexo-ifra,D00001,el máximo de las 2 entradas del anexo para 68917-05-5 (D14): Osmanthus absolute
M03671,S00020,,,0.07,maximo,anexo-ifra,D00001,el máximo de las 2 entradas del anexo para 68917-05-5 (D14): Osmanthus absolute
M03671,S00035,,,0.02,maximo,anexo-ifra,D00001,el máximo de las 2 entradas del anexo para 68917-05-5 (D14): Osmanthus absolute
M03672,S00001,,82.4,,tipico,anexo-ifra,D00001,Palmarosa oil (Cymbopogon martinii (Roxb.) Wats)
M03672,S00061,,0.6,,tipico,anexo-ifra,D00001,Palmarosa oil (Cymbopogon martinii (Roxb.) Wats)
M03672,S00084,,1,,tipico,anexo-ifra,D00001,Palmarosa oil (Cymbopogon martinii (Roxb.) Wats)
M03674,S01008,,0.2,,tipico,anexo-ifra,D00001,Parsley herb oil (Petroselinum crispum (Mill.) Nyman ex A.W.Hill)
M03676,S01008,,0.2,,tipico,anexo-ifra,D00001,Parsley herb oil (Petroselinum crispum (Mill.) Nyman ex A.W.Hill)
M03697,S00015,,0.1,,tipico,anexo-ifra,D00001,Peppermint oil (Mentha x piperita L.)
M03697,S01314,,0.1,,tipico,anexo-ifra,D00001,Peppermint oil (Mentha x piperita L.)
M03698,S00015,,0.1,,tipico,anexo-ifra,D00001,Peppermint oil (Mentha x piperita L.)
M03698,S01314,,0.1,,tipico,anexo-ifra,D00001,Peppermint oil (Mentha x piperita L.)
M03699,S00015,,0.1,,tipico,anexo-ifra,D00001,Peppermint oil (Mentha x piperita L.)
M03699,S01314,,0.1,,tipico,anexo-ifra,D00001,Peppermint oil (Mentha x piperita L.)
M03700,S00015,,0.1,,tipico,anexo-ifra,D00001,Peppermint oil (Mentha x piperita L.)
M03700,S01314,,0.1,,tipico,anexo-ifra,D00001,Peppermint oil (Mentha x piperita L.)
M03701,S00015,,0.1,,tipico,anexo-ifra,D00001,Peppermint oil (Mentha x piperita L.)
M03701,S01314,,0.1,,tipico,anexo-ifra,D00001,Peppermint oil (Mentha x piperita L.)
M03704,S00011,,0.33,,tipico,anexo-ifra,D00001,Perilla oil (Perilla frutescens (L.) Britton)
M03704,S00061,,0.17,,tipico,anexo-ifra,D00001,Perilla oil (Perilla frutescens (L.) Britton)
M03704,S01013,,53.78,,tipico,anexo-ifra,D00001,Perilla oil (Perilla frutescens (L.) Britton)
M03704,S01020,,0.24,,tipico,anexo-ifra,D00001,Perilla oil (Perilla frutescens (L.) Britton)
M03705,S00001,,0.12,,tipico,anexo-ifra,D00001,"Persian lime oil, expressed (Citrus latifolia Tanaka)"
M03705,S00064,,0.28,,tipico,anexo-ifra,D00001,"Persian lime oil, expressed (Citrus latifolia Tanaka)"
M03705,S00065,,1.39,,tipico,anexo-ifra,D00001,"Persian lime oil, expressed (Citrus latifolia Tanaka)"
M03705,S00071,,2.45,,tipico,anexo-ifra,D00001,"Persian lime oil, expressed (Citrus latifolia Tanaka)"
M03705,S01007,,1.61,,tipico,anexo-ifra,D00001,"Persian lime oil, expressed (Citrus latifolia Tanaka)"
M03707,S00012,,,1.57,maximo,anexo-ifra,D00001,"el máximo de las 3 entradas del anexo para 8007-00-9 (D14): Balsam oil, Peru"
M03707,S00013,,,16.38,maximo,anexo-ifra,D00001,"el máximo de las 3 entradas del anexo para 8007-00-9 (D14): Balsam oil, Peru"
M03707,S00074,,,59.17,maximo,anexo-ifra,D00001,"el máximo de las 3 entradas del anexo para 8007-00-9 (D14): Balsam oil, Peru"
M03708,S00001,,0.04,,tipico,anexo-ifra,D00001,Bergamot oil expressed (Citrus bergamia Risso & Poit.)
M03708,S00071,,0.28,,tipico,anexo-ifra,D00001,Bergamot oil expressed (Citrus bergamia Risso & Poit.)
M03708,S01007,,0.2,,tipico,anexo-ifra,D00001,Bergamot oil expressed (Citrus bergamia Risso & Poit.)
M03709,S00001,,2.4,,tipico,anexo-ifra,D00001,Petitgrain bigarade oil (Citrus aurantium L. spp. Amara Link)
M03709,S00004,,0.09,,tipico,anexo-ifra,D00001,Petitgrain bigarade oil (Citrus aurantium L.)
M03709,S00061,,0.65,,tipico,anexo-ifra,D00001,Petitgrain bigarade oil (Citrus aurantium L. spp. Amara Link)
M03709,S00065,,0.05,,tipico,anexo-ifra,D00001,Petitgrain bigarade oil (Citrus aurantium L. spp. Amara Link)
M03710,S00001,,2,,tipico,anexo-ifra,D00001,Petitgrain lemon oil (Citrus limon (L.) Burm. f.)
M03710,S00061,,23,,tipico,anexo-ifra,D00001,Petitgrain lemon oil (Citrus limon (L.) Burm. f.)
M03710,S00065,,1,,tipico,anexo-ifra,D00001,Petitgrain lemon oil (Citrus limon (L.) Burm. f.)
M03710,S00068,,0.2,,tipico,anexo-ifra,D00001,Petitgrain lemon oil (Citrus limon (L.) Burm. f.)
M03710,S00069,,0.5,,tipico,anexo-ifra,D00001,Petitgrain lemon oil (Citrus limon (L.) Burm. f.)
M03710,S01006,,0.2,,tipico,anexo-ifra,D00001,Petitgrain lemon oil (Citrus limon (L.) Burm. f.)
M03711,S00061,,0.14,,tipico,anexo-ifra,D00001,Petitgrain mandarin oil (Citrus reticulata Blanco)
M03711,S00065,,0.05,,tipico,anexo-ifra,D00001,Petitgrain mandarin oil (Citrus reticulata Blanco)
M03711,S00073,,50.13,,tipico,anexo-ifra,D00001,Petitgrain mandarin oil (Citrus reticulata Blanco)
M03714,S00001,,2.77,,tipico,anexo-ifra,D00001,"Petitgrain oil, Paraguay (Citrus aurantium L. spp. Amara Link)"
M03714,S00071,,0.18,,tipico,anexo-ifra,D00001,"Petitgrain oil, Paraguay (Citrus aurantium L. spp. Amara Link)"
M03714,S00073,,0.06,,tipico,anexo-ifra,D00001,"Petitgrain oil, Paraguay (Citrus aurantium L. spp. Amara Link)"
M03714,S01007,,0.08,,tipico,anexo-ifra,D00001,"Petitgrain oil, Paraguay (Citrus aurantium L. spp. Amara Link)"
M03714,S01017,,0.03,,tipico,anexo-ifra,D00001,"Petitgrain oil, Paraguay (Citrus aurantium L. spp. Amara Link)"
M03715,S00001,,,2.77,maximo,anexo-ifra,D00001,"el máximo de las 3 entradas del anexo para 8014-17-3 (D14): Petitgrain oil, Paraguay"
M03715,S00004,,,0.09,maximo,anexo-ifra,D00001,el máximo de las 3 entradas del anexo para 8014-17-3 (D14): Petitgrain bigarade oil
M03715,S00061,,,0.65,maximo,anexo-ifra,D00001,el máximo de las 3 entradas del anexo para 8014-17-3 (D14): Petitgrain bigarade oil
M03715,S00065,,,0.05,maximo,anexo-ifra,D00001,el máximo de las 3 entradas del anexo para 8014-17-3 (D14): Petitgrain bigarade oil
M03715,S00071,,,0.18,maximo,anexo-ifra,D00001,"el máximo de las 3 entradas del anexo para 8014-17-3 (D14): Petitgrain oil, Paraguay"
M03715,S00073,,,50.13,maximo,anexo-ifra,D00001,el máximo de las 3 entradas del anexo para 8014-17-3 (D14): Petitgrain mandarin oil
M03715,S01007,,,0.08,maximo,anexo-ifra,D00001,"el máximo de las 3 entradas del anexo para 8014-17-3 (D14): Petitgrain oil, Paraguay"
M03715,S01017,,,0.03,maximo,anexo-ifra,D00001,"el máximo de las 3 entradas del anexo para 8014-17-3 (D14): Petitgrain oil, Paraguay"
M03717,S00001,,,2.77,maximo,anexo-ifra,D00001,"el máximo de las 3 entradas del anexo para 8014-17-3 (D14): Petitgrain oil, Paraguay"
M03717,S00004,,,0.09,maximo,anexo-ifra,D00001,el máximo de las 3 entradas del anexo para 8014-17-3 (D14): Petitgrain bigarade oil
M03717,S00061,,,0.65,maximo,anexo-ifra,D00001,el máximo de las 3 entradas del anexo para 8014-17-3 (D14): Petitgrain bigarade oil
M03717,S00065,,,0.05,maximo,anexo-ifra,D00001,el máximo de las 3 entradas del anexo para 8014-17-3 (D14): Petitgrain bigarade oil
M03717,S00071,,,0.18,maximo,anexo-ifra,D00001,"el máximo de las 3 entradas del anexo para 8014-17-3 (D14): Petitgrain oil, Paraguay"
M03717,S00073,,,50.13,maximo,anexo-ifra,D00001,el máximo de las 3 entradas del anexo para 8014-17-3 (D14): Petitgrain mandarin oil
M03717,S01007,,,0.08,maximo,anexo-ifra,D00001,"el máximo de las 3 entradas del anexo para 8014-17-3 (D14): Petitgrain oil, Paraguay"
M03717,S01017,,,0.03,maximo,anexo-ifra,D00001,"el máximo de las 3 entradas del anexo para 8014-17-3 (D14): Petitgrain oil, Paraguay"
M03718,S00001,,,2.77,maximo,anexo-ifra,D00001,"el máximo de las 3 entradas del anexo para 8014-17-3 (D14): Petitgrain oil, Paraguay"
M03718,S00004,,,0.09,maximo,anexo-ifra,D00001,el máximo de las 3 entradas del anexo para 8014-17-3 (D14): Petitgrain bigarade oil
M03718,S00061,,,0.65,maximo,anexo-ifra,D00001,el máximo de las 3 entradas del anexo para 8014-17-3 (D14): Petitgrain bigarade oil
M03718,S00065,,,0.05,maximo,anexo-ifra,D00001,el máximo de las 3 entradas del anexo para 8014-17-3 (D14): Petitgrain bigarade oil
M03718,S00071,,,0.18,maximo,anexo-ifra,D00001,"el máximo de las 3 entradas del anexo para 8014-17-3 (D14): Petitgrain oil, Paraguay"
M03718,S00073,,,50.13,maximo,anexo-ifra,D00001,el máximo de las 3 entradas del anexo para 8014-17-3 (D14): Petitgrain mandarin oil
M03718,S01007,,,0.08,maximo,anexo-ifra,D00001,"el máximo de las 3 entradas del anexo para 8014-17-3 (D14): Petitgrain oil, Paraguay"
M03718,S01017,,,0.03,maximo,anexo-ifra,D00001,"el máximo de las 3 entradas del anexo para 8014-17-3 (D14): Petitgrain oil, Paraguay"
M03719,S00020,,83,,tipico,anexo-ifra,D00001,Pimenta leaf oil (Pimenta officinalis Lindl.)
M03719,S00025,,6,,tipico,anexo-ifra,D00001,Pimenta leaf oil (Pimenta officinalis Lindl.)
M03720,S00020,,,83,maximo,anexo-ifra,D00001,el máximo de las 3 entradas del anexo para 8006-77-7 (D14): Pimenta leaf oil
M03720,S00025,,,8.5,maximo,anexo-ifra,D00001,el máximo de las 3 entradas del anexo para 8006-77-7 (D14): Allspice oil
M03721,S00024,,0.09,,tipico,anexo-ifra,D00001,Pine needle oil (Abies spp.)
M03722,S00024,,0.15,,tipico,anexo-ifra,D00001,"Pine needle, dwarf, oil (Pinus pumila (Pall.) Regel)"
M03722,S00063,,0.25,,tipico,anexo-ifra,D00001,"Pine needle, dwarf, oil (Pinus pumila (Pall.) Regel)"
M03725,S00004,,,0.02,maximo,anexo-ifra,D00001,"el máximo de las 2 entradas del anexo para 8023-99-2 (D14): Pine Scotch, oil"
M03725,S00020,,,0.02,maximo,anexo-ifra,D00001,"el máximo de las 2 entradas del anexo para 8023-99-2 (D14): Pine Scotch, resinoid"
M03725,S00023,,,0.01,maximo,anexo-ifra,D00001,"el máximo de las 2 entradas del anexo para 8023-99-2 (D14): Pine Scotch, resinoid"
M03725,S00024,,,0.09,maximo,anexo-ifra,D00001,"el máximo de las 2 entradas del anexo para 8023-99-2 (D14): Pine Scotch, oil"
M03725,S01008,,,0.001,maximo,anexo-ifra,D00001,"el máximo de las 2 entradas del anexo para 8023-99-2 (D14): Pine Scotch, resinoid"
M03726,S00004,,0.02,,tipico,anexo-ifra,D00001,"Pine Scotch, oil (Pinus sylvestris L.)"
M03726,S00024,,0.09,,tipico,anexo-ifra,D00001,"Pine Scotch, oil (Pinus sylvestris L.)"
M03727,S00020,,0.02,,tipico,anexo-ifra,D00001,"Pine Scotch, resinoid (Pinus sylvestris L.)"
M03727,S00023,,0.01,,tipico,anexo-ifra,D00001,"Pine Scotch, resinoid (Pinus sylvestris L.)"
M03727,S01008,,0.001,,tipico,anexo-ifra,D00001,"Pine Scotch, resinoid (Pinus sylvestris L.)"
M03728,S00004,,,0.02,maximo,anexo-ifra,D00001,"el máximo de las 2 entradas del anexo para 8023-99-2 (D14): Pine Scotch, oil"
M03728,S00020,,,0.02,maximo,anexo-ifra,D00001,"el máximo de las 2 entradas del anexo para 8023-99-2 (D14): Pine Scotch, resinoid"
M03728,S00023,,,0.01,maximo,anexo-ifra,D00001,"el máximo de las 2 entradas del anexo para 8023-99-2 (D14): Pine Scotch, resinoid"
M03728,S00024,,,0.09,maximo,anexo-ifra,D00001,"el máximo de las 2 entradas del anexo para 8023-99-2 (D14): Pine Scotch, oil"
M03728,S01008,,,0.001,maximo,anexo-ifra,D00001,"el máximo de las 2 entradas del anexo para 8023-99-2 (D14): Pine Scotch, resinoid"
M03729,S00004,,,0.02,maximo,anexo-ifra,D00001,"el máximo de las 2 entradas del anexo para 8023-99-2 (D14): Pine Scotch, oil"
M03729,S00020,,,0.02,maximo,anexo-ifra,D00001,"el máximo de las 2 entradas del anexo para 8023-99-2 (D14): Pine Scotch, resinoid"
M03729,S00023,,,0.01,maximo,anexo-ifra,D00001,"el máximo de las 2 entradas del anexo para 8023-99-2 (D14): Pine Scotch, resinoid"
M03729,S00024,,,0.09,maximo,anexo-ifra,D00001,"el máximo de las 2 entradas del anexo para 8023-99-2 (D14): Pine Scotch, oil"
M03729,S01008,,,0.001,maximo,anexo-ifra,D00001,"el máximo de las 2 entradas del anexo para 8023-99-2 (D14): Pine Scotch, resinoid"
M03730,S00004,,,0.02,maximo,anexo-ifra,D00001,"el máximo de las 2 entradas del anexo para 8023-99-2 (D14): Pine Scotch, oil"
M03730,S00020,,,0.02,maximo,anexo-ifra,D00001,"el máximo de las 2 entradas del anexo para 8023-99-2 (D14): Pine Scotch, resinoid"
M03730,S00023,,,0.01,maximo,anexo-ifra,D00001,"el máximo de las 2 entradas del anexo para 8023-99-2 (D14): Pine Scotch, resinoid"
M03730,S00024,,,0.09,maximo,anexo-ifra,D00001,"el máximo de las 2 entradas del anexo para 8023-99-2 (D14): Pine Scotch, oil"
M03730,S01008,,,0.001,maximo,anexo-ifra,D00001,"el máximo de las 2 entradas del anexo para 8023-99-2 (D14): Pine Scotch, resinoid"
M03734,S00024,,,3.71,maximo,anexo-ifra,D00001,"el máximo de las 2 entradas del anexo para 8000-26-8 (D14): Pine, Pinus pinaster, oil"
M03734,S00063,,,0.25,maximo,anexo-ifra,D00001,"el máximo de las 2 entradas del anexo para 8000-26-8 (D14): Pine needle, dwarf, oil"
M03735,S00024,,,3.71,maximo,anexo-ifra,D00001,"el máximo de las 2 entradas del anexo para 8000-26-8 (D14): Pine, Pinus pinaster, oil"
M03735,S00063,,,0.25,maximo,anexo-ifra,D00001,"el máximo de las 2 entradas del anexo para 8000-26-8 (D14): Pine needle, dwarf, oil"
M03736,S00024,,,3.71,maximo,anexo-ifra,D00001,"el máximo de las 2 entradas del anexo para 8000-26-8 (D14): Pine, Pinus pinaster, oil"
M03736,S00063,,,0.25,maximo,anexo-ifra,D00001,"el máximo de las 2 entradas del anexo para 8000-26-8 (D14): Pine needle, dwarf, oil"
M03737,S00024,,0.1,,tipico,anexo-ifra,D00001,"Pine, Pinus pumila, extract (Pinus Pumila (Pall) Regel)"
M03737,S00066,,0.1,,tipico,anexo-ifra,D00001,"Pine, Pinus pumila, extract (Pinus Pumila (Pall) Regel)"
M03739,S00024,,,3.71,maximo,anexo-ifra,D00001,"el máximo de las 2 entradas del anexo para 8000-26-8 (D14): Pine, Pinus pinaster, oil"
M03739,S00063,,,0.25,maximo,anexo-ifra,D00001,"el máximo de las 2 entradas del anexo para 8000-26-8 (D14): Pine needle, dwarf, oil"
M03748,S00001,,,17.7,maximo,anexo-ifra,D00001,el máximo de las 2 entradas del anexo para 8007-01-0 (D14): Rose oil
M03748,S00004,,,0.02,maximo,anexo-ifra,D00001,el máximo de las 2 entradas del anexo para 8007-01-0 (D14): Rose oil
M03748,S00011,,,0.04,maximo,anexo-ifra,D00001,el máximo de las 2 entradas del anexo para 8007-01-0 (D14): Rose oil
M03748,S00012,,,0.02,maximo,anexo-ifra,D00001,el máximo de las 2 entradas del anexo para 8007-01-0 (D14): Rose oil
M03748,S00020,,,1.14,maximo,anexo-ifra,D00001,el máximo de las 2 entradas del anexo para 8007-01-0 (D14): Rose oil
M03748,S00025,,,2,maximo,anexo-ifra,D00001,el máximo de las 2 entradas del anexo para 8007-01-0 (D14): Rose oil
M03748,S00065,,,0.51,maximo,anexo-ifra,D00001,el máximo de las 2 entradas del anexo para 8007-01-0 (D14): Rose oil
M03748,S00066,,,32.5,maximo,anexo-ifra,D00001,el máximo de las 2 entradas del anexo para 8007-01-0 (D14): Rose oil
M03748,S00071,,,1.06,maximo,anexo-ifra,D00001,el máximo de las 2 entradas del anexo para 8007-01-0 (D14): Rose oil
M03748,S00074,,,0.07,maximo,anexo-ifra,D00001,el máximo de las 2 entradas del anexo para 8007-01-0 (D14): Rose oil
M03748,S01006,,,0.55,maximo,anexo-ifra,D00001,el máximo de las 2 entradas del anexo para 8007-01-0 (D14): Rose oil
M03748,S01007,,,0.79,maximo,anexo-ifra,D00001,el máximo de las 2 entradas del anexo para 8007-01-0 (D14): Rose oil
M03748,S01017,,,1.37,maximo,anexo-ifra,D00001,el máximo de las 2 entradas del anexo para 8007-01-0 (D14): Rose oil
M03749,S00001,,1.64,,tipico,anexo-ifra,D00001,Rose absolute (Rosa x damascena Mill.)
M03749,S00011,,0.02,,tipico,anexo-ifra,D00001,Rose absolute (Rosa x damascena Mill.)
M03749,S00012,,0.54,,tipico,anexo-ifra,D00001,Rose absolute (Rosa x damascena Mill.)
M03749,S00020,,0.65,,tipico,anexo-ifra,D00001,Rose absolute (Rosa x damascena Mill.)
M03749,S00025,,0.43,,tipico,anexo-ifra,D00001,Rose absolute (Rosa x damascena Mill.)
M03749,S00066,,4.02,,tipico,anexo-ifra,D00001,Rose absolute (Rosa x damascena Mill.)
M03749,S00071,,0.07,,tipico,anexo-ifra,D00001,Rose absolute (Rosa x damascena Mill.)
M03749,S00074,,0.02,,tipico,anexo-ifra,D00001,Rose absolute (Rosa x damascena Mill.)
M03749,S00084,,0.32,,tipico,anexo-ifra,D00001,Rose absolute (Rosa x damascena Mill.)
M03749,S01006,,0.13,,tipico,anexo-ifra,D00001,Rose absolute (Rosa x damascena Mill.)
M03749,S01007,,0.08,,tipico,anexo-ifra,D00001,Rose absolute (Rosa x damascena Mill.)
M03750,S00001,,,17.7,maximo,anexo-ifra,D00001,el máximo de las 2 entradas del anexo para 8007-01-0 (D14): Rose oil
M03750,S00004,,,0.02,maximo,anexo-ifra,D00001,el máximo de las 2 entradas del anexo para 8007-01-0 (D14): Rose oil
M03750,S00011,,,0.04,maximo,anexo-ifra,D00001,el máximo de las 2 entradas del anexo para 8007-01-0 (D14): Rose oil
M03750,S00012,,,0.02,maximo,anexo-ifra,D00001,el máximo de las 2 entradas del anexo para 8007-01-0 (D14): Rose oil
M03750,S00020,,,1.14,maximo,anexo-ifra,D00001,el máximo de las 2 entradas del anexo para 8007-01-0 (D14): Rose oil
M03750,S00025,,,2,maximo,anexo-ifra,D00001,el máximo de las 2 entradas del anexo para 8007-01-0 (D14): Rose oil
M03750,S00065,,,0.51,maximo,anexo-ifra,D00001,el máximo de las 2 entradas del anexo para 8007-01-0 (D14): Rose oil
M03750,S00066,,,32.5,maximo,anexo-ifra,D00001,el máximo de las 2 entradas del anexo para 8007-01-0 (D14): Rose oil
M03750,S00071,,,1.06,maximo,anexo-ifra,D00001,el máximo de las 2 entradas del anexo para 8007-01-0 (D14): Rose oil
M03750,S00074,,,0.07,maximo,anexo-ifra,D00001,el máximo de las 2 entradas del anexo para 8007-01-0 (D14): Rose oil
M03750,S01006,,,0.55,maximo,anexo-ifra,D00001,el máximo de las 2 entradas del anexo para 8007-01-0 (D14): Rose oil
M03750,S01007,,,0.79,maximo,anexo-ifra,D00001,el máximo de las 2 entradas del anexo para 8007-01-0 (D14): Rose oil
M03750,S01017,,,1.37,maximo,anexo-ifra,D00001,el máximo de las 2 entradas del anexo para 8007-01-0 (D14): Rose oil
M03751,S00001,,,17.7,maximo,anexo-ifra,D00001,el máximo de las 2 entradas del anexo para 8007-01-0 (D14): Rose oil
M03751,S00004,,,0.02,maximo,anexo-ifra,D00001,el máximo de las 2 entradas del anexo para 8007-01-0 (D14): Rose oil
M03751,S00011,,,0.04,maximo,anexo-ifra,D00001,el máximo de las 2 entradas del anexo para 8007-01-0 (D14): Rose oil
M03751,S00012,,,0.02,maximo,anexo-ifra,D00001,el máximo de las 2 entradas del anexo para 8007-01-0 (D14): Rose oil
M03751,S00020,,,1.14,maximo,anexo-ifra,D00001,el máximo de las 2 entradas del anexo para 8007-01-0 (D14): Rose oil
M03751,S00025,,,2,maximo,anexo-ifra,D00001,el máximo de las 2 entradas del anexo para 8007-01-0 (D14): Rose oil
M03751,S00065,,,0.51,maximo,anexo-ifra,D00001,el máximo de las 2 entradas del anexo para 8007-01-0 (D14): Rose oil
M03751,S00066,,,32.5,maximo,anexo-ifra,D00001,el máximo de las 2 entradas del anexo para 8007-01-0 (D14): Rose oil
M03751,S00071,,,1.06,maximo,anexo-ifra,D00001,el máximo de las 2 entradas del anexo para 8007-01-0 (D14): Rose oil
M03751,S00074,,,0.07,maximo,anexo-ifra,D00001,el máximo de las 2 entradas del anexo para 8007-01-0 (D14): Rose oil
M03751,S01006,,,0.55,maximo,anexo-ifra,D00001,el máximo de las 2 entradas del anexo para 8007-01-0 (D14): Rose oil
M03751,S01007,,,0.79,maximo,anexo-ifra,D00001,el máximo de las 2 entradas del anexo para 8007-01-0 (D14): Rose oil
M03751,S01017,,,1.37,maximo,anexo-ifra,D00001,el máximo de las 2 entradas del anexo para 8007-01-0 (D14): Rose oil
M03752,S00001,,,17.7,maximo,anexo-ifra,D00001,el máximo de las 2 entradas del anexo para 8007-01-0 (D14): Rose oil
M03752,S00004,,,0.02,maximo,anexo-ifra,D00001,el máximo de las 2 entradas del anexo para 8007-01-0 (D14): Rose oil
M03752,S00011,,,0.04,maximo,anexo-ifra,D00001,el máximo de las 2 entradas del anexo para 8007-01-0 (D14): Rose oil
M03752,S00012,,,0.02,maximo,anexo-ifra,D00001,el máximo de las 2 entradas del anexo para 8007-01-0 (D14): Rose oil
M03752,S00020,,,1.14,maximo,anexo-ifra,D00001,el máximo de las 2 entradas del anexo para 8007-01-0 (D14): Rose oil
M03752,S00025,,,2,maximo,anexo-ifra,D00001,el máximo de las 2 entradas del anexo para 8007-01-0 (D14): Rose oil
M03752,S00065,,,0.51,maximo,anexo-ifra,D00001,el máximo de las 2 entradas del anexo para 8007-01-0 (D14): Rose oil
M03752,S00066,,,32.5,maximo,anexo-ifra,D00001,el máximo de las 2 entradas del anexo para 8007-01-0 (D14): Rose oil
M03752,S00071,,,1.06,maximo,anexo-ifra,D00001,el máximo de las 2 entradas del anexo para 8007-01-0 (D14): Rose oil
M03752,S00074,,,0.07,maximo,anexo-ifra,D00001,el máximo de las 2 entradas del anexo para 8007-01-0 (D14): Rose oil
M03752,S01006,,,0.55,maximo,anexo-ifra,D00001,el máximo de las 2 entradas del anexo para 8007-01-0 (D14): Rose oil
M03752,S01007,,,0.79,maximo,anexo-ifra,D00001,el máximo de las 2 entradas del anexo para 8007-01-0 (D14): Rose oil
M03752,S01017,,,1.37,maximo,anexo-ifra,D00001,el máximo de las 2 entradas del anexo para 8007-01-0 (D14): Rose oil
M03753,S00001,,,17.7,maximo,anexo-ifra,D00001,el máximo de las 2 entradas del anexo para 8007-01-0 (D14): Rose oil
M03753,S00004,,,0.02,maximo,anexo-ifra,D00001,el máximo de las 2 entradas del anexo para 8007-01-0 (D14): Rose oil
M03753,S00011,,,0.04,maximo,anexo-ifra,D00001,el máximo de las 2 entradas del anexo para 8007-01-0 (D14): Rose oil
M03753,S00012,,,0.02,maximo,anexo-ifra,D00001,el máximo de las 2 entradas del anexo para 8007-01-0 (D14): Rose oil
M03753,S00020,,,1.14,maximo,anexo-ifra,D00001,el máximo de las 2 entradas del anexo para 8007-01-0 (D14): Rose oil
M03753,S00025,,,2,maximo,anexo-ifra,D00001,el máximo de las 2 entradas del anexo para 8007-01-0 (D14): Rose oil
M03753,S00065,,,0.51,maximo,anexo-ifra,D00001,el máximo de las 2 entradas del anexo para 8007-01-0 (D14): Rose oil
M03753,S00066,,,32.5,maximo,anexo-ifra,D00001,el máximo de las 2 entradas del anexo para 8007-01-0 (D14): Rose oil
M03753,S00071,,,1.06,maximo,anexo-ifra,D00001,el máximo de las 2 entradas del anexo para 8007-01-0 (D14): Rose oil
M03753,S00074,,,0.07,maximo,anexo-ifra,D00001,el máximo de las 2 entradas del anexo para 8007-01-0 (D14): Rose oil
M03753,S01006,,,0.55,maximo,anexo-ifra,D00001,el máximo de las 2 entradas del anexo para 8007-01-0 (D14): Rose oil
M03753,S01007,,,0.79,maximo,anexo-ifra,D00001,el máximo de las 2 entradas del anexo para 8007-01-0 (D14): Rose oil
M03753,S01017,,,1.37,maximo,anexo-ifra,D00001,el máximo de las 2 entradas del anexo para 8007-01-0 (D14): Rose oil
M03754,S00001,,,17.7,maximo,anexo-ifra,D00001,el máximo de las 2 entradas del anexo para 8007-01-0 (D14): Rose oil
M03754,S00004,,,0.02,maximo,anexo-ifra,D00001,el máximo de las 2 entradas del anexo para 8007-01-0 (D14): Rose oil
M03754,S00011,,,0.04,maximo,anexo-ifra,D00001,el máximo de las 2 entradas del anexo para 8007-01-0 (D14): Rose oil
M03754,S00012,,,0.02,maximo,anexo-ifra,D00001,el máximo de las 2 entradas del anexo para 8007-01-0 (D14): Rose oil
M03754,S00020,,,1.14,maximo,anexo-ifra,D00001,el máximo de las 2 entradas del anexo para 8007-01-0 (D14): Rose oil
M03754,S00025,,,2,maximo,anexo-ifra,D00001,el máximo de las 2 entradas del anexo para 8007-01-0 (D14): Rose oil
M03754,S00065,,,0.51,maximo,anexo-ifra,D00001,el máximo de las 2 entradas del anexo para 8007-01-0 (D14): Rose oil
M03754,S00066,,,32.5,maximo,anexo-ifra,D00001,el máximo de las 2 entradas del anexo para 8007-01-0 (D14): Rose oil
M03754,S00071,,,1.06,maximo,anexo-ifra,D00001,el máximo de las 2 entradas del anexo para 8007-01-0 (D14): Rose oil
M03754,S00074,,,0.07,maximo,anexo-ifra,D00001,el máximo de las 2 entradas del anexo para 8007-01-0 (D14): Rose oil
M03754,S01006,,,0.55,maximo,anexo-ifra,D00001,el máximo de las 2 entradas del anexo para 8007-01-0 (D14): Rose oil
M03754,S01007,,,0.79,maximo,anexo-ifra,D00001,el máximo de las 2 entradas del anexo para 8007-01-0 (D14): Rose oil
M03754,S01017,,,1.37,maximo,anexo-ifra,D00001,el máximo de las 2 entradas del anexo para 8007-01-0 (D14): Rose oil
M03755,S00001,,,17.7,maximo,anexo-ifra,D00001,el máximo de las 2 entradas del anexo para 8007-01-0 (D14): Rose oil
M03755,S00004,,,0.02,maximo,anexo-ifra,D00001,el máximo de las 2 entradas del anexo para 8007-01-0 (D14): Rose oil
M03755,S00011,,,0.04,maximo,anexo-ifra,D00001,el máximo de las 2 entradas del anexo para 8007-01-0 (D14): Rose oil
M03755,S00012,,,0.02,maximo,anexo-ifra,D00001,el máximo de las 2 entradas del anexo para 8007-01-0 (D14): Rose oil
M03755,S00020,,,1.14,maximo,anexo-ifra,D00001,el máximo de las 2 entradas del anexo para 8007-01-0 (D14): Rose oil
M03755,S00025,,,2,maximo,anexo-ifra,D00001,el máximo de las 2 entradas del anexo para 8007-01-0 (D14): Rose oil
M03755,S00065,,,0.51,maximo,anexo-ifra,D00001,el máximo de las 2 entradas del anexo para 8007-01-0 (D14): Rose oil
M03755,S00066,,,32.5,maximo,anexo-ifra,D00001,el máximo de las 2 entradas del anexo para 8007-01-0 (D14): Rose oil
M03755,S00071,,,1.06,maximo,anexo-ifra,D00001,el máximo de las 2 entradas del anexo para 8007-01-0 (D14): Rose oil
M03755,S00074,,,0.07,maximo,anexo-ifra,D00001,el máximo de las 2 entradas del anexo para 8007-01-0 (D14): Rose oil
M03755,S01006,,,0.55,maximo,anexo-ifra,D00001,el máximo de las 2 entradas del anexo para 8007-01-0 (D14): Rose oil
M03755,S01007,,,0.79,maximo,anexo-ifra,D00001,el máximo de las 2 entradas del anexo para 8007-01-0 (D14): Rose oil
M03755,S01017,,,1.37,maximo,anexo-ifra,D00001,el máximo de las 2 entradas del anexo para 8007-01-0 (D14): Rose oil
M03756,S00001,,17.7,,tipico,anexo-ifra,D00001,Rose oil (Rosa x damascena Mill.)
M03756,S00004,,0.02,,tipico,anexo-ifra,D00001,Rose oil (Rosa x damascena Mill.)
M03756,S00011,,0.04,,tipico,anexo-ifra,D00001,Rose oil (Rosa x damascena Mill.)
M03756,S00012,,0.02,,tipico,anexo-ifra,D00001,Rose oil (Rosa x damascena Mill.)
M03756,S00020,,1.14,,tipico,anexo-ifra,D00001,Rose oil (Rosa x damascena Mill.)
M03756,S00025,,2,,tipico,anexo-ifra,D00001,Rose oil (Rosa x damascena Mill.)
M03756,S00065,,0.51,,tipico,anexo-ifra,D00001,Rose oil (Rosa x damascena Mill.)
M03756,S00066,,32.5,,tipico,anexo-ifra,D00001,Rose oil (Rosa x damascena Mill.)
M03756,S00071,,1.06,,tipico,anexo-ifra,D00001,Rose oil (Rosa x damascena Mill.)
M03756,S00074,,0.07,,tipico,anexo-ifra,D00001,Rose oil (Rosa x damascena Mill.)
M03756,S01006,,0.55,,tipico,anexo-ifra,D00001,Rose oil (Rosa x damascena Mill.)
M03756,S01007,,0.79,,tipico,anexo-ifra,D00001,Rose oil (Rosa x damascena Mill.)
M03756,S01017,,1.37,,tipico,anexo-ifra,D00001,Rose oil (Rosa x damascena Mill.)
M03757,S00001,,,17.7,maximo,anexo-ifra,D00001,el máximo de las 2 entradas del anexo para 8007-01-0 (D14): Rose oil
M03757,S00004,,,0.02,maximo,anexo-ifra,D00001,el máximo de las 2 entradas del anexo para 8007-01-0 (D14): Rose oil
M03757,S00011,,,0.04,maximo,anexo-ifra,D00001,el máximo de las 2 entradas del anexo para 8007-01-0 (D14): Rose oil
M03757,S00012,,,0.02,maximo,anexo-ifra,D00001,el máximo de las 2 entradas del anexo para 8007-01-0 (D14): Rose oil
M03757,S00020,,,1.14,maximo,anexo-ifra,D00001,el máximo de las 2 entradas del anexo para 8007-01-0 (D14): Rose oil
M03757,S00025,,,2,maximo,anexo-ifra,D00001,el máximo de las 2 entradas del anexo para 8007-01-0 (D14): Rose oil
M03757,S00065,,,0.51,maximo,anexo-ifra,D00001,el máximo de las 2 entradas del anexo para 8007-01-0 (D14): Rose oil
M03757,S00066,,,32.5,maximo,anexo-ifra,D00001,el máximo de las 2 entradas del anexo para 8007-01-0 (D14): Rose oil
M03757,S00071,,,1.06,maximo,anexo-ifra,D00001,el máximo de las 2 entradas del anexo para 8007-01-0 (D14): Rose oil
M03757,S00074,,,0.07,maximo,anexo-ifra,D00001,el máximo de las 2 entradas del anexo para 8007-01-0 (D14): Rose oil
M03757,S01006,,,0.55,maximo,anexo-ifra,D00001,el máximo de las 2 entradas del anexo para 8007-01-0 (D14): Rose oil
M03757,S01007,,,0.79,maximo,anexo-ifra,D00001,el máximo de las 2 entradas del anexo para 8007-01-0 (D14): Rose oil
M03757,S01017,,,1.37,maximo,anexo-ifra,D00001,el máximo de las 2 entradas del anexo para 8007-01-0 (D14): Rose oil
M03758,S00001,,,17.7,maximo,anexo-ifra,D00001,el máximo de las 2 entradas del anexo para 8007-01-0 (D14): Rose oil
M03758,S00004,,,0.02,maximo,anexo-ifra,D00001,el máximo de las 2 entradas del anexo para 8007-01-0 (D14): Rose oil
M03758,S00011,,,0.04,maximo,anexo-ifra,D00001,el máximo de las 2 entradas del anexo para 8007-01-0 (D14): Rose oil
M03758,S00012,,,0.02,maximo,anexo-ifra,D00001,el máximo de las 2 entradas del anexo para 8007-01-0 (D14): Rose oil
M03758,S00020,,,1.14,maximo,anexo-ifra,D00001,el máximo de las 2 entradas del anexo para 8007-01-0 (D14): Rose oil
M03758,S00025,,,2,maximo,anexo-ifra,D00001,el máximo de las 2 entradas del anexo para 8007-01-0 (D14): Rose oil
M03758,S00065,,,0.51,maximo,anexo-ifra,D00001,el máximo de las 2 entradas del anexo para 8007-01-0 (D14): Rose oil
M03758,S00066,,,32.5,maximo,anexo-ifra,D00001,el máximo de las 2 entradas del anexo para 8007-01-0 (D14): Rose oil
M03758,S00071,,,1.06,maximo,anexo-ifra,D00001,el máximo de las 2 entradas del anexo para 8007-01-0 (D14): Rose oil
M03758,S00074,,,0.07,maximo,anexo-ifra,D00001,el máximo de las 2 entradas del anexo para 8007-01-0 (D14): Rose oil
M03758,S01006,,,0.55,maximo,anexo-ifra,D00001,el máximo de las 2 entradas del anexo para 8007-01-0 (D14): Rose oil
M03758,S01007,,,0.79,maximo,anexo-ifra,D00001,el máximo de las 2 entradas del anexo para 8007-01-0 (D14): Rose oil
M03758,S01017,,,1.37,maximo,anexo-ifra,D00001,el máximo de las 2 entradas del anexo para 8007-01-0 (D14): Rose oil
M03759,S00001,,,17.7,maximo,anexo-ifra,D00001,el máximo de las 2 entradas del anexo para 8007-01-0 (D14): Rose oil
M03759,S00004,,,0.02,maximo,anexo-ifra,D00001,el máximo de las 2 entradas del anexo para 8007-01-0 (D14): Rose oil
M03759,S00011,,,0.04,maximo,anexo-ifra,D00001,el máximo de las 2 entradas del anexo para 8007-01-0 (D14): Rose oil
M03759,S00012,,,0.02,maximo,anexo-ifra,D00001,el máximo de las 2 entradas del anexo para 8007-01-0 (D14): Rose oil
M03759,S00020,,,1.14,maximo,anexo-ifra,D00001,el máximo de las 2 entradas del anexo para 8007-01-0 (D14): Rose oil
M03759,S00025,,,2,maximo,anexo-ifra,D00001,el máximo de las 2 entradas del anexo para 8007-01-0 (D14): Rose oil
M03759,S00065,,,0.51,maximo,anexo-ifra,D00001,el máximo de las 2 entradas del anexo para 8007-01-0 (D14): Rose oil
M03759,S00066,,,32.5,maximo,anexo-ifra,D00001,el máximo de las 2 entradas del anexo para 8007-01-0 (D14): Rose oil
M03759,S00071,,,1.06,maximo,anexo-ifra,D00001,el máximo de las 2 entradas del anexo para 8007-01-0 (D14): Rose oil
M03759,S00074,,,0.07,maximo,anexo-ifra,D00001,el máximo de las 2 entradas del anexo para 8007-01-0 (D14): Rose oil
M03759,S01006,,,0.55,maximo,anexo-ifra,D00001,el máximo de las 2 entradas del anexo para 8007-01-0 (D14): Rose oil
M03759,S01007,,,0.79,maximo,anexo-ifra,D00001,el máximo de las 2 entradas del anexo para 8007-01-0 (D14): Rose oil
M03759,S01017,,,1.37,maximo,anexo-ifra,D00001,el máximo de las 2 entradas del anexo para 8007-01-0 (D14): Rose oil
M03760,S00001,,,17.7,maximo,anexo-ifra,D00001,el máximo de las 2 entradas del anexo para 8007-01-0 (D14): Rose oil
M03760,S00004,,,0.02,maximo,anexo-ifra,D00001,el máximo de las 2 entradas del anexo para 8007-01-0 (D14): Rose oil
M03760,S00011,,,0.04,maximo,anexo-ifra,D00001,el máximo de las 2 entradas del anexo para 8007-01-0 (D14): Rose oil
M03760,S00012,,,0.02,maximo,anexo-ifra,D00001,el máximo de las 2 entradas del anexo para 8007-01-0 (D14): Rose oil
M03760,S00020,,,1.14,maximo,anexo-ifra,D00001,el máximo de las 2 entradas del anexo para 8007-01-0 (D14): Rose oil
M03760,S00025,,,2,maximo,anexo-ifra,D00001,el máximo de las 2 entradas del anexo para 8007-01-0 (D14): Rose oil
M03760,S00065,,,0.51,maximo,anexo-ifra,D00001,el máximo de las 2 entradas del anexo para 8007-01-0 (D14): Rose oil
M03760,S00066,,,32.5,maximo,anexo-ifra,D00001,el máximo de las 2 entradas del anexo para 8007-01-0 (D14): Rose oil
M03760,S00071,,,1.06,maximo,anexo-ifra,D00001,el máximo de las 2 entradas del anexo para 8007-01-0 (D14): Rose oil
M03760,S00074,,,0.07,maximo,anexo-ifra,D00001,el máximo de las 2 entradas del anexo para 8007-01-0 (D14): Rose oil
M03760,S01006,,,0.55,maximo,anexo-ifra,D00001,el máximo de las 2 entradas del anexo para 8007-01-0 (D14): Rose oil
M03760,S01007,,,0.79,maximo,anexo-ifra,D00001,el máximo de las 2 entradas del anexo para 8007-01-0 (D14): Rose oil
M03760,S01017,,,1.37,maximo,anexo-ifra,D00001,el máximo de las 2 entradas del anexo para 8007-01-0 (D14): Rose oil
M03766,S00001,,0.8,,tipico,anexo-ifra,D00001,Rosewood oil (Aniba rosaeodora (Ducke) var amazonica)
M03766,S00074,,1.2,,tipico,anexo-ifra,D00001,Rosewood oil (Aniba rosaeodora (Ducke) var amazonica)
M03780,S00014,,0.22,,tipico,anexo-ifra,D00001,Sandalwood oil (Santalum album L.)
M03782,S00014,,3.02,,tipico,anexo-ifra,D00001,"Sandalwood oil, Australian (Santalum spicata (R.Br.) A.DC.)"
M03782,S01017,,8.38,,tipico,anexo-ifra,D00001,"Sandalwood oil, Australian (Santalum spicata (R.Br.) A.DC.)"
M03783,S00014,,3.02,,tipico,anexo-ifra,D00001,"Sandalwood oil, Australian (Santalum spicata (R.Br.) A.DC.)"
M03783,S01017,,8.38,,tipico,anexo-ifra,D00001,"Sandalwood oil, Australian (Santalum spicata (R.Br.) A.DC.)"
M03787,S00020,,0.36,,tipico,anexo-ifra,D00001,Sassafras bark oil (Sassafras albidum (Nutt.) Nees)
M03787,S00025,,0.3,,tipico,anexo-ifra,D00001,Sassafras bark oil (Sassafras albidum (Nutt.) Nees)
M03787,S00070,,92,,tipico,anexo-ifra,D00001,Sassafras bark oil (Sassafras albidum (Nutt.) Nees)
M03788,S00028,,1.5,,tipico,anexo-ifra,D00001,Savory summer oil (Satureja hortensis L.)
M03788,S00080,,0.5,,tipico,anexo-ifra,D00001,Savory summer oil (Satureja hortensis L.)
M03789,S00001,,0.33,,tipico,anexo-ifra,D00001,Savory winter oil (Satureja montana L.)
M03789,S00020,,3.32,,tipico,anexo-ifra,D00001,Savory winter oil (Satureja montana L.)
M03789,S00025,,0.13,,tipico,anexo-ifra,D00001,Savory winter oil (Satureja montana L.)
M03789,S01012,,0.85,,tipico,anexo-ifra,D00001,Savory winter oil (Satureja montana L.)
M03790,S00001,,0.1,,tipico,anexo-ifra,D00001,Schinus molle oil (Schinus areira L.)
M03790,S00066,,0.02,,tipico,anexo-ifra,D00001,Schinus molle oil (Schinus areira L.)
M03790,S00084,,0.03,,tipico,anexo-ifra,D00001,Schinus molle oil (Schinus areira L.)
M03790,S01006,,0.14,,tipico,anexo-ifra,D00001,Schinus molle oil (Schinus areira L.)
M03791,S00001,,0.1,,tipico,anexo-ifra,D00001,Schinus molle oil (Schinus areira L.)
M03791,S00066,,0.02,,tipico,anexo-ifra,D00001,Schinus molle oil (Schinus areira L.)
M03791,S00084,,0.03,,tipico,anexo-ifra,D00001,Schinus molle oil (Schinus areira L.)
M03791,S01006,,0.14,,tipico,anexo-ifra,D00001,Schinus molle oil (Schinus areira L.)
M03792,S00001,,0.1,,tipico,anexo-ifra,D00001,Schinus molle oil (Schinus areira L.)
M03792,S00066,,0.02,,tipico,anexo-ifra,D00001,Schinus molle oil (Schinus areira L.)
M03792,S00084,,0.03,,tipico,anexo-ifra,D00001,Schinus molle oil (Schinus areira L.)
M03792,S01006,,0.14,,tipico,anexo-ifra,D00001,Schinus molle oil (Schinus areira L.)
M03793,S00001,,0.1,,tipico,anexo-ifra,D00001,Schinus molle oil (Schinus areira L.)
M03793,S00066,,0.02,,tipico,anexo-ifra,D00001,Schinus molle oil (Schinus areira L.)
M03793,S00084,,0.03,,tipico,anexo-ifra,D00001,Schinus molle oil (Schinus areira L.)
M03793,S01006,,0.14,,tipico,anexo-ifra,D00001,Schinus molle oil (Schinus areira L.)
M03794,S00014,,0.3,,tipico,anexo-ifra,D00001,Schinus terebenthifolius CO2 extract (Schinus terebenthifolius Raddi)
M03794,S01006,,0.25,,tipico,anexo-ifra,D00001,Schinus terebenthifolius CO2 extract (Schinus terebenthifolius Raddi)
M03795,S00014,,0.3,,tipico,anexo-ifra,D00001,Schinus terebenthifolius CO2 extract (Schinus terebenthifolius Raddi)
M03795,S01006,,0.25,,tipico,anexo-ifra,D00001,Schinus terebenthifolius CO2 extract (Schinus terebenthifolius Raddi)
M03803,S00003,,0.06,,tipico,anexo-ifra,D00001,"Spearmint oil, Scotch (Mentha x gentilis L. syn. Mentha x gracilis Sole)"
M03803,S01008,,64.12,,tipico,anexo-ifra,D00001,"Spearmint oil, Scotch (Mentha x gentilis L. syn. Mentha x gracilis Sole)"
M03803,S01018,,0.15,,tipico,anexo-ifra,D00001,"Spearmint oil, Scotch (Mentha x gentilis L. syn. Mentha x gracilis Sole)"
M03804,S00003,,0.06,,tipico,anexo-ifra,D00001,"Spearmint oil, Scotch (Mentha x gentilis L. syn. Mentha x gracilis Sole)"
M03804,S01008,,64.12,,tipico,anexo-ifra,D00001,"Spearmint oil, Scotch (Mentha x gentilis L. syn. Mentha x gracilis Sole)"
M03804,S01018,,0.15,,tipico,anexo-ifra,D00001,"Spearmint oil, Scotch (Mentha x gentilis L. syn. Mentha x gracilis Sole)"
M03805,S00003,,0.06,,tipico,anexo-ifra,D00001,"Spearmint oil, Scotch (Mentha x gentilis L. syn. Mentha x gracilis Sole)"
M03805,S01008,,64.12,,tipico,anexo-ifra,D00001,"Spearmint oil, Scotch (Mentha x gentilis L. syn. Mentha x gracilis Sole)"
M03805,S01018,,0.15,,tipico,anexo-ifra,D00001,"Spearmint oil, Scotch (Mentha x gentilis L. syn. Mentha x gracilis Sole)"
M03806,S00003,,0.06,,tipico,anexo-ifra,D00001,Spearmint oil (Mentha spicata L.)
M03806,S01008,,66.07,,tipico,anexo-ifra,D00001,Spearmint oil (Mentha spicata L.)
M03806,S01662,,0.02,,tipico,anexo-ifra,D00001,Spearmint oil (Mentha spicata L.)
M03807,S00003,,0.06,,tipico,anexo-ifra,D00001,Spearmint oil (Mentha spicata L.)
M03807,S01008,,66.07,,tipico,anexo-ifra,D00001,Spearmint oil (Mentha spicata L.)
M03807,S01662,,0.02,,tipico,anexo-ifra,D00001,Spearmint oil (Mentha spicata L.)
M03808,S00003,,0.06,,tipico,anexo-ifra,D00001,Spearmint oil (Mentha spicata L.)
M03808,S01008,,66.07,,tipico,anexo-ifra,D00001,Spearmint oil (Mentha spicata L.)
M03808,S01662,,0.02,,tipico,anexo-ifra,D00001,Spearmint oil (Mentha spicata L.)
M03809,S00003,,0.06,,tipico,anexo-ifra,D00001,Spearmint oil (Mentha spicata L.)
M03809,S01008,,66.07,,tipico,anexo-ifra,D00001,Spearmint oil (Mentha spicata L.)
M03809,S01662,,0.02,,tipico,anexo-ifra,D00001,Spearmint oil (Mentha spicata L.)
M03810,S00003,,0.06,,tipico,anexo-ifra,D00001,Spearmint oil (Mentha spicata L.)
M03810,S01008,,66.07,,tipico,anexo-ifra,D00001,Spearmint oil (Mentha spicata L.)
M03810,S01662,,0.02,,tipico,anexo-ifra,D00001,Spearmint oil (Mentha spicata L.)
M03812,S00001,,0.2,,tipico,anexo-ifra,D00001,Spike lavender oil (Lavandula latifolia Medik.)
M03812,S00004,,0.01,,tipico,anexo-ifra,D00001,Spike lavender oil (Lavandula latifolia Medik.)
M03814,S00024,,0.25,,tipico,anexo-ifra,D00001,"Spruce oil, Black (Picea mariana (Mill.) Britton)"
M03814,S00028,,0.17,,tipico,anexo-ifra,D00001,"Spruce oil, Black (Picea mariana (Mill.) Britton)"
M03814,S00066,,0.2,,tipico,anexo-ifra,D00001,"Spruce oil, Black (Picea mariana (Mill.) Britton)"
M03815,S00004,,0.01,,tipico,anexo-ifra,D00001,"Star anise oil (Illicium verum Hook, f.)"
M03815,S00083,,3.3,,tipico,anexo-ifra,D00001,"Star anise oil (Illicium verum Hook, f.)"
M03815,S01005,,0.2,,tipico,anexo-ifra,D00001,"Star anise oil (Illicium verum Hook, f.)"
M03816,S00004,,0.01,,tipico,anexo-ifra,D00001,"Star anise oil (Illicium verum Hook, f.)"
M03816,S00083,,3.3,,tipico,anexo-ifra,D00001,"Star anise oil (Illicium verum Hook, f.)"
M03816,S01005,,0.2,,tipico,anexo-ifra,D00001,"Star anise oil (Illicium verum Hook, f.)"
M03817,S00004,,0.01,,tipico,anexo-ifra,D00001,"Star anise oil (Illicium verum Hook, f.)"
M03817,S00083,,3.3,,tipico,anexo-ifra,D00001,"Star anise oil (Illicium verum Hook, f.)"
M03817,S01005,,0.2,,tipico,anexo-ifra,D00001,"Star anise oil (Illicium verum Hook, f.)"
M03819,S00004,,0.01,,tipico,anexo-ifra,D00001,"Star anise oil (Illicium verum Hook, f.)"
M03819,S00083,,3.3,,tipico,anexo-ifra,D00001,"Star anise oil (Illicium verum Hook, f.)"
M03819,S01005,,0.2,,tipico,anexo-ifra,D00001,"Star anise oil (Illicium verum Hook, f.)"
M03822,S00011,,0.1,,tipico,anexo-ifra,D00001,"Styrax oil, pyrogenated (Liquidambar orientalis Mill.)"
M03822,S00018,,0.3,,tipico,anexo-ifra,D00001,"Styrax oil, pyrogenated (Liquidambar orientalis Mill.)"
M03822,S00026,,0.3,,tipico,anexo-ifra,D00001,"Styrax oil, pyrogenated (Liquidambar orientalis Mill.)"
M03823,S00011,,,0.1,maximo,anexo-ifra,D00001,"el máximo de las 6 entradas del anexo para 8046-19-3 (D14): Styrax oil, Honduras"
M03823,S00012,,,2.5,maximo,anexo-ifra,D00001,el máximo de las 6 entradas del anexo para 8046-19-3 (D14): Styrax absolute
M03823,S00013,,,2.1,maximo,anexo-ifra,D00001,"el máximo de las 6 entradas del anexo para 8046-19-3 (D14): Styrax oil, Honduras"
M03823,S00017,,,0.1,maximo,anexo-ifra,D00001,"el máximo de las 6 entradas del anexo para 8046-19-3 (D14): Styrax oil, Honduras"
M03823,S00018,,,1.85,maximo,anexo-ifra,D00001,el máximo de las 6 entradas del anexo para 8046-19-3 (D14): Styrax oil
M03823,S00026,,,0.35,maximo,anexo-ifra,D00001,el máximo de las 6 entradas del anexo para 8046-19-3 (D14): Styrax essence pyrogenated
M03823,S00074,,,0.02,maximo,anexo-ifra,D00001,el máximo de las 6 entradas del anexo para 8046-19-3 (D14): Styrax oil
M03823,S00079,,,1.75,maximo,anexo-ifra,D00001,el máximo de las 6 entradas del anexo para 8046-19-3 (D14): Styrax oil
M03823,S01009,,,0.39,maximo,anexo-ifra,D00001,el máximo de las 6 entradas del anexo para 8046-19-3 (D14): Styrax extract
M03823,S02198,,,0.03,maximo,anexo-ifra,D00001,el máximo de las 6 entradas del anexo para 8046-19-3 (D14): Styrax absolute
M03824,S00011,,,0.1,maximo,anexo-ifra,D00001,"el máximo de las 6 entradas del anexo para 8046-19-3 (D14): Styrax oil, Honduras"
M03824,S00012,,,2.5,maximo,anexo-ifra,D00001,el máximo de las 6 entradas del anexo para 8046-19-3 (D14): Styrax absolute
M03824,S00013,,,2.1,maximo,anexo-ifra,D00001,"el máximo de las 6 entradas del anexo para 8046-19-3 (D14): Styrax oil, Honduras"
M03824,S00017,,,0.1,maximo,anexo-ifra,D00001,"el máximo de las 6 entradas del anexo para 8046-19-3 (D14): Styrax oil, Honduras"
M03824,S00018,,,1.85,maximo,anexo-ifra,D00001,el máximo de las 6 entradas del anexo para 8046-19-3 (D14): Styrax oil
M03824,S00026,,,0.35,maximo,anexo-ifra,D00001,el máximo de las 6 entradas del anexo para 8046-19-3 (D14): Styrax essence pyrogenated
M03824,S00074,,,0.02,maximo,anexo-ifra,D00001,el máximo de las 6 entradas del anexo para 8046-19-3 (D14): Styrax oil
M03824,S00079,,,1.75,maximo,anexo-ifra,D00001,el máximo de las 6 entradas del anexo para 8046-19-3 (D14): Styrax oil
M03824,S01009,,,0.39,maximo,anexo-ifra,D00001,el máximo de las 6 entradas del anexo para 8046-19-3 (D14): Styrax extract
M03824,S02198,,,0.03,maximo,anexo-ifra,D00001,el máximo de las 6 entradas del anexo para 8046-19-3 (D14): Styrax absolute
M03825,S00011,,0.1,,tipico,anexo-ifra,D00001,"Styrax oil, pyrogenated (Liquidambar orientalis Mill.)"
M03825,S00018,,0.3,,tipico,anexo-ifra,D00001,"Styrax oil, pyrogenated (Liquidambar orientalis Mill.)"
M03825,S00026,,0.3,,tipico,anexo-ifra,D00001,"Styrax oil, pyrogenated (Liquidambar orientalis Mill.)"
M03826,S00012,,0.15,,tipico,anexo-ifra,D00001,Styrax essence pyrogenated (Liquidambar Styraciflua)
M03826,S00013,,0.15,,tipico,anexo-ifra,D00001,Styrax essence pyrogenated (Liquidambar Styraciflua)
M03826,S00018,,0.25,,tipico,anexo-ifra,D00001,Styrax essence pyrogenated (Liquidambar Styraciflua)
M03826,S00026,,0.35,,tipico,anexo-ifra,D00001,Styrax essence pyrogenated (Liquidambar Styraciflua)
M03827,S00011,,0.05,,tipico,anexo-ifra,D00001,Styrax extract (Liquidambar spp.)
M03827,S00017,,0.05,,tipico,anexo-ifra,D00001,Styrax extract (Liquidambar spp.)
M03827,S00018,,0.8,,tipico,anexo-ifra,D00001,Styrax extract (Liquidambar spp.)
M03827,S00079,,1,,tipico,anexo-ifra,D00001,Styrax extract (Liquidambar spp.)
M03827,S01009,,0.39,,tipico,anexo-ifra,D00001,Styrax extract (Liquidambar spp.)
M03828,S00011,,0.03,,tipico,anexo-ifra,D00001,Styrax oil (Liquidambar styraciflua L.)
M03828,S00012,,0.07,,tipico,anexo-ifra,D00001,Styrax oil (Liquidambar styraciflua L.)
M03828,S00017,,0.03,,tipico,anexo-ifra,D00001,Styrax oil (Liquidambar styraciflua L.)
M03828,S00018,,1.85,,tipico,anexo-ifra,D00001,Styrax oil (Liquidambar styraciflua L.)
M03828,S00074,,0.02,,tipico,anexo-ifra,D00001,Styrax oil (Liquidambar styraciflua L.)
M03828,S00079,,1.75,,tipico,anexo-ifra,D00001,Styrax oil (Liquidambar styraciflua L.)
M03829,S00011,,0.1,,tipico,anexo-ifra,D00001,"Styrax oil, Honduras (Liquidambar styraciflua L.)"
M03829,S00013,,2.1,,tipico,anexo-ifra,D00001,"Styrax oil, Honduras (Liquidambar styraciflua L.)"
M03829,S00017,,0.1,,tipico,anexo-ifra,D00001,"Styrax oil, Honduras (Liquidambar styraciflua L.)"
M03829,S00018,,1.5,,tipico,anexo-ifra,D00001,"Styrax oil, Honduras (Liquidambar styraciflua L.)"
M03830,S00011,,0.1,,tipico,anexo-ifra,D00001,"Styrax oil, pyrogenated (Liquidambar orientalis Mill.)"
M03830,S00018,,0.3,,tipico,anexo-ifra,D00001,"Styrax oil, pyrogenated (Liquidambar orientalis Mill.)"
M03830,S00026,,0.3,,tipico,anexo-ifra,D00001,"Styrax oil, pyrogenated (Liquidambar orientalis Mill.)"
M03831,S00011,,0.1,,tipico,anexo-ifra,D00001,"Styrax oil, pyrogenated (Liquidambar orientalis Mill.)"
M03831,S00018,,0.3,,tipico,anexo-ifra,D00001,"Styrax oil, pyrogenated (Liquidambar orientalis Mill.)"
M03831,S00026,,0.3,,tipico,anexo-ifra,D00001,"Styrax oil, pyrogenated (Liquidambar orientalis Mill.)"
M03832,S00011,,0.1,,tipico,anexo-ifra,D00001,"Styrax oil, pyrogenated (Liquidambar orientalis Mill.)"
M03832,S00018,,0.3,,tipico,anexo-ifra,D00001,"Styrax oil, pyrogenated (Liquidambar orientalis Mill.)"
M03832,S00026,,0.3,,tipico,anexo-ifra,D00001,"Styrax oil, pyrogenated (Liquidambar orientalis Mill.)"
M03833,S00080,,0.5,,tipico,anexo-ifra,D00001,Tagetes erecta oil (Tagetes erecta L.)
M03834,S00080,,0.5,,tipico,anexo-ifra,D00001,Tagetes erecta oil (Tagetes erecta L.)
M03835,S00080,,0.5,,tipico,anexo-ifra,D00001,Tagetes erecta oil (Tagetes erecta L.)
M03836,S00080,,0.5,,tipico,anexo-ifra,D00001,Tagetes erecta oil (Tagetes erecta L.)
M03837,S00080,,0.5,,tipico,anexo-ifra,D00001,Tagetes erecta oil (Tagetes erecta L.)
M03838,S00080,,0.5,,tipico,anexo-ifra,D00001,Tagetes erecta oil (Tagetes erecta L.)
M03842,S00061,,0.1,,tipico,anexo-ifra,D00001,"Tangelo oil, expressed (Citrus x tangelo Ingram and Moore)"
M03842,S00065,,0.1,,tipico,anexo-ifra,D00001,"Tangelo oil, expressed (Citrus x tangelo Ingram and Moore)"
M03843,S00061,,0.1,,tipico,anexo-ifra,D00001,Tangerine oil (Citrus reticulata blanco)
M03843,S00065,,0.1,,tipico,anexo-ifra,D00001,Tangerine oil (Citrus reticulata blanco)
M03844,S00071,,0.02,,tipico,anexo-ifra,D00001,Tangerine oil terpenes (Citrus reticulata Blanco)
M03844,S01007,,0.01,,tipico,anexo-ifra,D00001,Tangerine oil terpenes (Citrus reticulata Blanco)
M03844,S01013,,0.01,,tipico,anexo-ifra,D00001,Tangerine oil terpenes (Citrus reticulata Blanco)
M03845,S00061,,0.1,,tipico,anexo-ifra,D00001,Tangerine oil (Citrus reticulata blanco)
M03845,S00065,,0.1,,tipico,anexo-ifra,D00001,Tangerine oil (Citrus reticulata blanco)
M03846,S00028,,0.5,,tipico,anexo-ifra,D00001,Tansy oil (Tanacetum vulgare L.)
M03846,S00080,,71,,tipico,anexo-ifra,D00001,Tansy oil (Tanacetum vulgare L.)
M03848,S00004,,0.01,,tipico,anexo-ifra,D00001,Tarragon oil (Artemisia dracunculus L.)
M03848,S00020,,0.6,,tipico,anexo-ifra,D00001,Tarragon oil (Artemisia dracunculus L.)
M03848,S00025,,0.3,,tipico,anexo-ifra,D00001,Tarragon oil (Artemisia dracunculus L.)
M03848,S00064,,0.07,,tipico,anexo-ifra,D00001,Tarragon oil (Artemisia dracunculus L.)
M03848,S00083,,80,,tipico,anexo-ifra,D00001,Tarragon oil (Artemisia dracunculus L.)
M03849,S00004,,0.01,,tipico,anexo-ifra,D00001,Tarragon oil (Artemisia dracunculus L.)
M03849,S00020,,0.6,,tipico,anexo-ifra,D00001,Tarragon oil (Artemisia dracunculus L.)
M03849,S00025,,0.3,,tipico,anexo-ifra,D00001,Tarragon oil (Artemisia dracunculus L.)
M03849,S00064,,0.07,,tipico,anexo-ifra,D00001,Tarragon oil (Artemisia dracunculus L.)
M03849,S00083,,80,,tipico,anexo-ifra,D00001,Tarragon oil (Artemisia dracunculus L.)
M03859,S00001,,0.06,,tipico,anexo-ifra,D00001,"Thyme oil, red (Thymus vulgaris L.)"
M03859,S00020,,0.12,,tipico,anexo-ifra,D00001,"Thyme oil, red (Thymus vulgaris L.)"
M03859,S00025,,0.01,,tipico,anexo-ifra,D00001,"Thyme oil, red (Thymus vulgaris L.)"
M03859,S00066,,0.02,,tipico,anexo-ifra,D00001,"Thyme oil, red (Thymus vulgaris L.)"
M03859,S00071,,0.1,,tipico,anexo-ifra,D00001,"Thyme oil, red (Thymus vulgaris L.)"
M03859,S01007,,0.06,,tipico,anexo-ifra,D00001,"Thyme oil, red (Thymus vulgaris L.)"
M03860,S00001,,0.1,,tipico,anexo-ifra,D00001,"Thyme oil, white (Thymus vulgaris L.)"
M03860,S00020,,0.1,,tipico,anexo-ifra,D00001,"Thyme oil, white (Thymus vulgaris L.)"
M03860,S00025,,0.03,,tipico,anexo-ifra,D00001,"Thyme oil, white (Thymus vulgaris L.)"
M03870,S00035,,56.77,,tipico,anexo-ifra,D00001,Tonka Bean absolute (Dipteryx odorata)
M03870,S01021,,1.85,,tipico,anexo-ifra,D00001,Tonka Bean absolute (Dipteryx odorata)
M03871,S00035,,56.77,,tipico,anexo-ifra,D00001,Tonka Bean absolute (Dipteryx odorata)
M03871,S01021,,1.85,,tipico,anexo-ifra,D00001,Tonka Bean absolute (Dipteryx odorata)
M03875,S00001,,0.1,,tipico,anexo-ifra,D00001,Tuberose absolute (Poliantes tuberosa L.)
M03875,S00012,,0.5,,tipico,anexo-ifra,D00001,Tuberose absolute (Poliantes tuberosa L.)
M03875,S00020,,0.5,,tipico,anexo-ifra,D00001,Tuberose absolute (Poliantes tuberosa L.)
M03875,S00023,,1.5,,tipico,anexo-ifra,D00001,Tuberose absolute (Poliantes tuberosa L.)
M03875,S00025,,1.8,,tipico,anexo-ifra,D00001,Tuberose absolute (Poliantes tuberosa L.)
M03875,S00074,,5.5,,tipico,anexo-ifra,D00001,Tuberose absolute (Poliantes tuberosa L.)
M03875,S00077,,3.6,,tipico,anexo-ifra,D00001,Tuberose absolute (Poliantes tuberosa L.)
M03875,S00084,,0.3,,tipico,anexo-ifra,D00001,Tuberose absolute (Poliantes tuberosa L.)
M03875,S01016,,0.8,,tipico,anexo-ifra,D00001,Tuberose absolute (Poliantes tuberosa L.)
M03876,S00001,,0.1,,tipico,anexo-ifra,D00001,Tuberose concrete (Poliantes tuberosa L.)
M03876,S00012,,0.5,,tipico,anexo-ifra,D00001,Tuberose concrete (Poliantes tuberosa L.)
M03876,S00020,,0.48,,tipico,anexo-ifra,D00001,Tuberose concrete (Poliantes tuberosa L.)
M03876,S00023,,1.5,,tipico,anexo-ifra,D00001,Tuberose concrete (Poliantes tuberosa L.)
M03876,S00025,,1.07,,tipico,anexo-ifra,D00001,Tuberose concrete (Poliantes tuberosa L.)
M03876,S00074,,0.72,,tipico,anexo-ifra,D00001,Tuberose concrete (Poliantes tuberosa L.)
M03876,S00077,,2.1,,tipico,anexo-ifra,D00001,Tuberose concrete (Poliantes tuberosa L.)
M03876,S00084,,0.3,,tipico,anexo-ifra,D00001,Tuberose concrete (Poliantes tuberosa L.)
M03877,S01016,,0.17,,tipico,anexo-ifra,D00001,Tuberose oil (Poliantes tuberosa L.)
M03878,S00001,,,0.1,maximo,anexo-ifra,D00001,el máximo de las 3 entradas del anexo para 8024-05-3 (D14): Tuberose absolute
M03878,S00012,,,0.5,maximo,anexo-ifra,D00001,el máximo de las 3 entradas del anexo para 8024-05-3 (D14): Tuberose absolute
M03878,S00020,,,0.5,maximo,anexo-ifra,D00001,el máximo de las 3 entradas del anexo para 8024-05-3 (D14): Tuberose absolute
M03878,S00023,,,1.5,maximo,anexo-ifra,D00001,el máximo de las 3 entradas del anexo para 8024-05-3 (D14): Tuberose absolute
M03878,S00025,,,1.8,maximo,anexo-ifra,D00001,el máximo de las 3 entradas del anexo para 8024-05-3 (D14): Tuberose absolute
M03878,S00074,,,5.5,maximo,anexo-ifra,D00001,el máximo de las 3 entradas del anexo para 8024-05-3 (D14): Tuberose absolute
M03878,S00077,,,3.6,maximo,anexo-ifra,D00001,el máximo de las 3 entradas del anexo para 8024-05-3 (D14): Tuberose absolute
M03878,S00084,,,0.3,maximo,anexo-ifra,D00001,el máximo de las 3 entradas del anexo para 8024-05-3 (D14): Tuberose absolute
M03878,S01016,,,0.8,maximo,anexo-ifra,D00001,el máximo de las 3 entradas del anexo para 8024-05-3 (D14): Tuberose absolute
M03879,S00014,,0.1,,tipico,anexo-ifra,D00001,Turmeric oil (Curcuma longa L.)
M03879,S00020,,1,,tipico,anexo-ifra,D00001,Turmeric oil (Curcuma longa L.)
M03880,S00014,,0.1,,tipico,anexo-ifra,D00001,Turmeric oil (Curcuma longa L.)
M03880,S00020,,1,,tipico,anexo-ifra,D00001,Turmeric oil (Curcuma longa L.)
M03881,S00024,,4.39,,tipico,anexo-ifra,D00001,Turpentine gum (Pinus spp.)
M03882,S00024,,0.12,,tipico,anexo-ifra,D00001,Turpentine oil (Pinus spp.)
M03883,S00024,,0.12,,tipico,anexo-ifra,D00001,Turpentine oil (Pinus spp.)
M03884,S01018,,0.05,,tipico,anexo-ifra,D00001,Valerian root oil (Valeriana officinalis L.)
M03885,S01018,,0.05,,tipico,anexo-ifra,D00001,Valerian root oil (Valeriana officinalis L.)
M03886,S00010,,0.03,,tipico,anexo-ifra,D00001,Vanilla absolute (Vanilla planifolia)
M03886,S01005,,0.03,,tipico,anexo-ifra,D00001,Vanilla absolute (Vanilla planifolia)
M03887,S00010,,0.02,,tipico,anexo-ifra,D00001,Vanilla CO2 extract (Vanilla planifolia)
M03887,S01005,,0,,tipico,anexo-ifra,D00001,Vanilla CO2 extract (Vanilla planifolia)
M03888,S00010,,,0.7,maximo,anexo-ifra,D00001,el máximo de las 3 entradas del anexo para 8024-06-4 (D14): Vanilla oleoresin
M03888,S01005,,,0.03,maximo,anexo-ifra,D00001,el máximo de las 3 entradas del anexo para 8024-06-4 (D14): Vanilla absolute
M03889,S00010,,0.7,,tipico,anexo-ifra,D00001,Vanilla oleoresin (Vanilla planifolia)
M03889,S01005,,0.03,,tipico,anexo-ifra,D00001,Vanilla oleoresin (Vanilla planifolia)
M03890,S00010,,0.07,,tipico,anexo-ifra,D00001,Vanilla tahitensis absolute (Vanilla tahitensis J.W. Moore)
M03890,S01005,,0,,tipico,anexo-ifra,D00001,Vanilla tahitensis absolute (Vanilla tahitensis J.W. Moore)
M03891,S00010,,0,,tipico,anexo-ifra,D00001,Vanilla tahitensis CO2 extract (Vanilla tahitensis J.W. Moore)
M03891,S01005,,0,,tipico,anexo-ifra,D00001,Vanilla tahitensis CO2 extract (Vanilla tahitensis J.W. Moore)
M03892,S00010,,,0.07,maximo,anexo-ifra,D00001,el máximo de las 2 entradas del anexo para 953789-39-4 (D14): Vanilla tahitensis absolute
M03892,S01005,,,0,maximo,anexo-ifra,D00001,el máximo de las 2 entradas del anexo para 953789-39-4 (D14): Vanilla tahitensis absolute
M03893,S00010,,0.01,,tipico,anexo-ifra,D00001,Vanilla tincture (Vanilla planifolia)
M03894,S00063,,0.2,,tipico,anexo-ifra,D00001,Vetiver oil (all origins) (Chrysopogon zizanioides (L.) Roberty)
M03894,S00081,,0.1,,tipico,anexo-ifra,D00001,Vetiver oil (all origins) (Chrysopogon zizanioides (L.) Roberty)
M03895,S00063,,0.2,,tipico,anexo-ifra,D00001,Vetiver oil (all origins) (Chrysopogon zizanioides (L.) Roberty)
M03895,S00081,,0.1,,tipico,anexo-ifra,D00001,Vetiver oil (all origins) (Chrysopogon zizanioides (L.) Roberty)
M03898,S00063,,0.2,,tipico,anexo-ifra,D00001,Vetiver oil (all origins) (Chrysopogon zizanioides (L.) Roberty)
M03898,S00081,,0.1,,tipico,anexo-ifra,D00001,Vetiver oil (all origins) (Chrysopogon zizanioides (L.) Roberty)
M03899,S00004,,0.02,,tipico,anexo-ifra,D00001,Violet leaf absolute (Viola odorata L.)
M03899,S00012,,0.1,,tipico,anexo-ifra,D00001,Violet leaf absolute (Viola odorata L.)
M03900,S00004,,0.02,,tipico,anexo-ifra,D00001,Violet leaf absolute (Viola odorata L.)
M03900,S00012,,0.1,,tipico,anexo-ifra,D00001,Violet leaf absolute (Viola odorata L.)
M03907,S00001,,0.1,,tipico,anexo-ifra,D00001,Wormwood oil (Artemisia absinthium L.)
M03907,S00004,,0.06,,tipico,anexo-ifra,D00001,Wormwood oil (Artemisia absinthium L.)
M03907,S00028,,3,,tipico,anexo-ifra,D00001,Wormwood oil (Artemisia absinthium L.)
M03907,S00080,,42,,tipico,anexo-ifra,D00001,Wormwood oil (Artemisia absinthium L.)
M03911,S00004,,0.02,,tipico,anexo-ifra,D00001,Yarrow oil (Achillea millefolium L.)
M03911,S00014,,0.3,,tipico,anexo-ifra,D00001,Yarrow oil (Achillea millefolium L.)
M03911,S00028,,2,,tipico,anexo-ifra,D00001,Yarrow oil (Achillea millefolium L.)
M03911,S00080,,0.6,,tipico,anexo-ifra,D00001,Yarrow oil (Achillea millefolium L.)
M03911,S00084,,0.1,,tipico,anexo-ifra,D00001,Yarrow oil (Achillea millefolium L.)
M03911,S01008,,0.2,,tipico,anexo-ifra,D00001,Yarrow oil (Achillea millefolium L.)
M03912,S00001,,,1.43,maximo,anexo-ifra,D00001,el máximo de las 5 entradas del anexo para 8006-81-3 (D14): Ylang ylang oil II
M03912,S00012,,,0.25,maximo,anexo-ifra,D00001,"el máximo de las 5 entradas del anexo para 8006-81-3 (D14): Ylang, Ylang oil complete"
M03912,S00013,,,0.03,maximo,anexo-ifra,D00001,el máximo de las 5 entradas del anexo para 8006-81-3 (D14): Ylang ylang oil I
M03912,S00018,,,0.02,maximo,anexo-ifra,D00001,el máximo de las 5 entradas del anexo para 8006-81-3 (D14): Ylang ylang oil II
M03912,S00020,,,0.69,maximo,anexo-ifra,D00001,el máximo de las 5 entradas del anexo para 8006-81-3 (D14): Ylang ylang oil II
M03912,S00023,,,0.99,maximo,anexo-ifra,D00001,"el máximo de las 5 entradas del anexo para 8006-81-3 (D14): Ylang, Ylang oil extra"
M03912,S00025,,,0.04,maximo,anexo-ifra,D00001,el máximo de las 5 entradas del anexo para 8006-81-3 (D14): Ylang ylang oil I
M03912,S00061,,,0.12,maximo,anexo-ifra,D00001,el máximo de las 5 entradas del anexo para 8006-81-3 (D14): Ylang ylang oil I
M03912,S00074,,,7.81,maximo,anexo-ifra,D00001,el máximo de las 5 entradas del anexo para 8006-81-3 (D14): Ylang ylang oil II
M03912,S00077,,,3.35,maximo,anexo-ifra,D00001,"el máximo de las 5 entradas del anexo para 8006-81-3 (D14): Ylang, Ylang oil extra"
M03912,S00083,,,0.2,maximo,anexo-ifra,D00001,el máximo de las 5 entradas del anexo para 8006-81-3 (D14): Ylang ylang oil I
M03912,S00084,,,1.5,maximo,anexo-ifra,D00001,"el máximo de las 5 entradas del anexo para 8006-81-3 (D14): Ylang, Ylang oil complete"
M03912,S01009,,,0.03,maximo,anexo-ifra,D00001,el máximo de las 5 entradas del anexo para 8006-81-3 (D14): Ylang ylang oil I
M03912,S01016,,,0.05,maximo,anexo-ifra,D00001,el máximo de las 5 entradas del anexo para 8006-81-3 (D14): Ylang ylang oil I
M03912,S01017,,,2.35,maximo,anexo-ifra,D00001,el máximo de las 5 entradas del anexo para 8006-81-3 (D14): Ylang ylang oil II
M03912,S01729,,,0.12,maximo,anexo-ifra,D00001,"el máximo de las 5 entradas del anexo para 8006-81-3 (D14): Ylang, Ylang oil complete"
M03913,S00001,,,1.43,maximo,anexo-ifra,D00001,el máximo de las 5 entradas del anexo para 8006-81-3 (D14): Ylang ylang oil II
M03913,S00012,,,0.25,maximo,anexo-ifra,D00001,"el máximo de las 5 entradas del anexo para 8006-81-3 (D14): Ylang, Ylang oil complete"
M03913,S00013,,,0.03,maximo,anexo-ifra,D00001,el máximo de las 5 entradas del anexo para 8006-81-3 (D14): Ylang ylang oil I
M03913,S00018,,,0.02,maximo,anexo-ifra,D00001,el máximo de las 5 entradas del anexo para 8006-81-3 (D14): Ylang ylang oil II
M03913,S00020,,,0.69,maximo,anexo-ifra,D00001,el máximo de las 5 entradas del anexo para 8006-81-3 (D14): Ylang ylang oil II
M03913,S00023,,,0.99,maximo,anexo-ifra,D00001,"el máximo de las 5 entradas del anexo para 8006-81-3 (D14): Ylang, Ylang oil extra"
M03913,S00025,,,0.04,maximo,anexo-ifra,D00001,el máximo de las 5 entradas del anexo para 8006-81-3 (D14): Ylang ylang oil I
M03913,S00061,,,0.12,maximo,anexo-ifra,D00001,el máximo de las 5 entradas del anexo para 8006-81-3 (D14): Ylang ylang oil I
M03913,S00074,,,7.81,maximo,anexo-ifra,D00001,el máximo de las 5 entradas del anexo para 8006-81-3 (D14): Ylang ylang oil II
M03913,S00077,,,3.35,maximo,anexo-ifra,D00001,"el máximo de las 5 entradas del anexo para 8006-81-3 (D14): Ylang, Ylang oil extra"
M03913,S00083,,,0.2,maximo,anexo-ifra,D00001,el máximo de las 5 entradas del anexo para 8006-81-3 (D14): Ylang ylang oil I
M03913,S00084,,,1.5,maximo,anexo-ifra,D00001,"el máximo de las 5 entradas del anexo para 8006-81-3 (D14): Ylang, Ylang oil complete"
M03913,S01009,,,0.03,maximo,anexo-ifra,D00001,el máximo de las 5 entradas del anexo para 8006-81-3 (D14): Ylang ylang oil I
M03913,S01016,,,0.05,maximo,anexo-ifra,D00001,el máximo de las 5 entradas del anexo para 8006-81-3 (D14): Ylang ylang oil I
M03913,S01017,,,2.35,maximo,anexo-ifra,D00001,el máximo de las 5 entradas del anexo para 8006-81-3 (D14): Ylang ylang oil II
M03913,S01729,,,0.12,maximo,anexo-ifra,D00001,"el máximo de las 5 entradas del anexo para 8006-81-3 (D14): Ylang, Ylang oil complete"
M03914,S00001,,,1.43,maximo,anexo-ifra,D00001,el máximo de las 5 entradas del anexo para 8006-81-3 (D14): Ylang ylang oil II
M03914,S00012,,,0.25,maximo,anexo-ifra,D00001,"el máximo de las 5 entradas del anexo para 8006-81-3 (D14): Ylang, Ylang oil complete"
M03914,S00013,,,0.03,maximo,anexo-ifra,D00001,el máximo de las 5 entradas del anexo para 8006-81-3 (D14): Ylang ylang oil I
M03914,S00018,,,0.02,maximo,anexo-ifra,D00001,el máximo de las 5 entradas del anexo para 8006-81-3 (D14): Ylang ylang oil II
M03914,S00020,,,0.69,maximo,anexo-ifra,D00001,el máximo de las 5 entradas del anexo para 8006-81-3 (D14): Ylang ylang oil II
M03914,S00023,,,0.99,maximo,anexo-ifra,D00001,"el máximo de las 5 entradas del anexo para 8006-81-3 (D14): Ylang, Ylang oil extra"
M03914,S00025,,,0.04,maximo,anexo-ifra,D00001,el máximo de las 5 entradas del anexo para 8006-81-3 (D14): Ylang ylang oil I
M03914,S00061,,,0.12,maximo,anexo-ifra,D00001,el máximo de las 5 entradas del anexo para 8006-81-3 (D14): Ylang ylang oil I
M03914,S00074,,,7.81,maximo,anexo-ifra,D00001,el máximo de las 5 entradas del anexo para 8006-81-3 (D14): Ylang ylang oil II
M03914,S00077,,,3.35,maximo,anexo-ifra,D00001,"el máximo de las 5 entradas del anexo para 8006-81-3 (D14): Ylang, Ylang oil extra"
M03914,S00083,,,0.2,maximo,anexo-ifra,D00001,el máximo de las 5 entradas del anexo para 8006-81-3 (D14): Ylang ylang oil I
M03914,S00084,,,1.5,maximo,anexo-ifra,D00001,"el máximo de las 5 entradas del anexo para 8006-81-3 (D14): Ylang, Ylang oil complete"
M03914,S01009,,,0.03,maximo,anexo-ifra,D00001,el máximo de las 5 entradas del anexo para 8006-81-3 (D14): Ylang ylang oil I
M03914,S01016,,,0.05,maximo,anexo-ifra,D00001,el máximo de las 5 entradas del anexo para 8006-81-3 (D14): Ylang ylang oil I
M03914,S01017,,,2.35,maximo,anexo-ifra,D00001,el máximo de las 5 entradas del anexo para 8006-81-3 (D14): Ylang ylang oil II
M03914,S01729,,,0.12,maximo,anexo-ifra,D00001,"el máximo de las 5 entradas del anexo para 8006-81-3 (D14): Ylang, Ylang oil complete"
M03915,S00001,,0.64,,tipico,anexo-ifra,D00001,"Ylang, Ylang oil extra (Cananga odorata (Lam.) Hook. f. &Thomson oil (forma genuine Steenis))"
M03915,S00012,,0.24,,tipico,anexo-ifra,D00001,"Ylang, Ylang oil extra (Cananga odorata (Lam.) Hook. f. &Thomson oil (forma genuine Steenis))"
M03915,S00020,,0.34,,tipico,anexo-ifra,D00001,"Ylang, Ylang oil extra (Cananga odorata (Lam.) Hook. f. &Thomson oil (forma genuine Steenis))"
M03915,S00023,,0.99,,tipico,anexo-ifra,D00001,"Ylang, Ylang oil extra (Cananga odorata (Lam.) Hook. f. &Thomson oil (forma genuine Steenis))"
M03915,S00061,,0.01,,tipico,anexo-ifra,D00001,"Ylang, Ylang oil extra (Cananga odorata (Lam.) Hook. f. &Thomson oil (forma genuine Steenis))"
M03915,S00074,,5.73,,tipico,anexo-ifra,D00001,"Ylang, Ylang oil extra (Cananga odorata (Lam.) Hook. f. &Thomson oil (forma genuine Steenis))"
M03915,S00077,,3.35,,tipico,anexo-ifra,D00001,"Ylang, Ylang oil extra (Cananga odorata (Lam.) Hook. f. &Thomson oil (forma genuine Steenis))"
M03915,S00083,,0.02,,tipico,anexo-ifra,D00001,"Ylang, Ylang oil extra (Cananga odorata (Lam.) Hook. f. &Thomson oil (forma genuine Steenis))"
M03915,S00084,,1.36,,tipico,anexo-ifra,D00001,"Ylang, Ylang oil extra (Cananga odorata (Lam.) Hook. f. &Thomson oil (forma genuine Steenis))"
M03915,S01016,,0.02,,tipico,anexo-ifra,D00001,"Ylang, Ylang oil extra (Cananga odorata (Lam.) Hook. f. &Thomson oil (forma genuine Steenis))"
M03915,S01729,,0.12,,tipico,anexo-ifra,D00001,"Ylang, Ylang oil extra (Cananga odorata (Lam.) Hook. f. &Thomson oil (forma genuine Steenis))"
M03916,S00001,,1.38,,tipico,anexo-ifra,D00001,Ylang ylang oil I (Cananga odorata (Lam.) Hook. f. &Thomson oil (forma genuine Steenis))
M03916,S00012,,0.09,,tipico,anexo-ifra,D00001,Ylang ylang oil I (Cananga odorata (Lam.) Hook. f. &Thomson oil (forma genuine Steenis))
M03916,S00013,,0.03,,tipico,anexo-ifra,D00001,Ylang ylang oil I (Cananga odorata (Lam.) Hook. f. &Thomson oil (forma genuine Steenis))
M03916,S00018,,0.01,,tipico,anexo-ifra,D00001,Ylang ylang oil I (Cananga odorata (Lam.) Hook. f. &Thomson oil (forma genuine Steenis))
M03916,S00020,,0.58,,tipico,anexo-ifra,D00001,Ylang ylang oil I (Cananga odorata (Lam.) Hook. f. &Thomson oil (forma genuine Steenis))
M03916,S00023,,0.51,,tipico,anexo-ifra,D00001,Ylang ylang oil I (Cananga odorata (Lam.) Hook. f. &Thomson oil (forma genuine Steenis))
M03916,S00025,,0.04,,tipico,anexo-ifra,D00001,Ylang ylang oil I (Cananga odorata (Lam.) Hook. f. &Thomson oil (forma genuine Steenis))
M03916,S00061,,0.12,,tipico,anexo-ifra,D00001,Ylang ylang oil I (Cananga odorata (Lam.) Hook. f. &Thomson oil (forma genuine Steenis))
M03916,S00074,,5.86,,tipico,anexo-ifra,D00001,Ylang ylang oil I (Cananga odorata (Lam.) Hook. f. &Thomson oil (forma genuine Steenis))
M03916,S00077,,2.58,,tipico,anexo-ifra,D00001,Ylang ylang oil I (Cananga odorata (Lam.) Hook. f. &Thomson oil (forma genuine Steenis))
M03916,S00083,,0.2,,tipico,anexo-ifra,D00001,Ylang ylang oil I (Cananga odorata (Lam.) Hook. f. &Thomson oil (forma genuine Steenis))
M03916,S01009,,0.03,,tipico,anexo-ifra,D00001,Ylang ylang oil I (Cananga odorata (Lam.) Hook. f. &Thomson oil (forma genuine Steenis))
M03916,S01016,,0.05,,tipico,anexo-ifra,D00001,Ylang ylang oil I (Cananga odorata (Lam.) Hook. f. &Thomson oil (forma genuine Steenis))
M03916,S01017,,1.82,,tipico,anexo-ifra,D00001,Ylang ylang oil I (Cananga odorata (Lam.) Hook. f. &Thomson oil (forma genuine Steenis))
M03916,S01729,,0.07,,tipico,anexo-ifra,D00001,Ylang ylang oil I (Cananga odorata (Lam.) Hook. f. &Thomson oil (forma genuine Steenis))
M03917,S00001,,1.43,,tipico,anexo-ifra,D00001,Ylang ylang oil II (Cananga odorata (Lam.) Hook. f. &Thomson oil (forma genuine Steenis))
M03917,S00012,,0.09,,tipico,anexo-ifra,D00001,Ylang ylang oil II (Cananga odorata (Lam.) Hook. f. &Thomson oil (forma genuine Steenis))
M03917,S00018,,0.02,,tipico,anexo-ifra,D00001,Ylang ylang oil II (Cananga odorata (Lam.) Hook.f.&Thomson forma genuina)
M03917,S00020,,0.69,,tipico,anexo-ifra,D00001,Ylang ylang oil II (Cananga odorata (Lam.) Hook. f. &Thomson oil (forma genuine Steenis))
M03917,S00023,,0.24,,tipico,anexo-ifra,D00001,Ylang ylang oil II (Cananga odorata (Lam.) Hook. f. &Thomson oil (forma genuine Steenis))
M03917,S00025,,0.03,,tipico,anexo-ifra,D00001,Ylang ylang oil II (Cananga odorata (Lam.) Hook.f.&Thomson forma genuina)
M03917,S00061,,0.09,,tipico,anexo-ifra,D00001,Ylang ylang oil II (Cananga odorata (Lam.) Hook.f.&Thomson forma genuina)
M03917,S00074,,7.81,,tipico,anexo-ifra,D00001,Ylang ylang oil II (Cananga odorata (Lam.) Hook. f. &Thomson oil (forma genuine Steenis))
M03917,S00077,,2.36,,tipico,anexo-ifra,D00001,Ylang ylang oil II (Cananga odorata (Lam.) Hook. f. &Thomson oil (forma genuine Steenis))
M03917,S00083,,0.13,,tipico,anexo-ifra,D00001,Ylang ylang oil II (Cananga odorata (Lam.) Hook.f.&Thomson forma genuina)
M03917,S01009,,0.03,,tipico,anexo-ifra,D00001,Ylang ylang oil II (Cananga odorata (Lam.) Hook.f.&Thomson forma genuina)
M03917,S01016,,0.02,,tipico,anexo-ifra,D00001,Ylang ylang oil II (Cananga odorata (Lam.) Hook. f. &Thomson oil (forma genuine Steenis))
M03917,S01017,,2.35,,tipico,anexo-ifra,D00001,Ylang ylang oil II (Cananga odorata (Lam.) Hook.f.&Thomson forma genuina)
M03917,S01729,,0.05,,tipico,anexo-ifra,D00001,Ylang ylang oil II (Cananga odorata (Lam.) Hook.f.&Thomson forma genuina)
M03918,S00001,,0.32,,tipico,anexo-ifra,D00001,Ylang ylang oil III (Cananga odorata (Lam.) Hook. f. &Thomson oil (forma genuine Steenis))
M03918,S00012,,0.04,,tipico,anexo-ifra,D00001,Ylang ylang oil III (Cananga odorata (Lam.) Hook. f. &Thomson oil (forma genuine Steenis))
M03918,S00013,,0.02,,tipico,anexo-ifra,D00001,Ylang ylang oil III (Cananga odorata (Lam.) Hook. f. &Thomson oil (forma genuine Steenis))
M03918,S00018,,0.02,,tipico,anexo-ifra,D00001,Ylang ylang oil III (Cananga odorata (Lam.) Hook. f. &Thomson oil (forma genuine Steenis))
M03918,S00020,,0.45,,tipico,anexo-ifra,D00001,Ylang ylang oil III (Cananga odorata (Lam.) Hook. f. &Thomson oil (forma genuine Steenis))
M03918,S00023,,0.54,,tipico,anexo-ifra,D00001,Ylang ylang oil III (Cananga odorata (Lam.) Hook. f. &Thomson oil (forma genuine Steenis))
M03918,S00025,,0.04,,tipico,anexo-ifra,D00001,Ylang ylang oil III (Cananga odorata (Lam.) Hook. f. &Thomson oil (forma genuine Steenis))
M03918,S00061,,0.02,,tipico,anexo-ifra,D00001,Ylang ylang oil III (Cananga odorata (Lam.) Hook. f. &Thomson oil (forma genuine Steenis))
M03918,S00074,,6.23,,tipico,anexo-ifra,D00001,Ylang ylang oil III (Cananga odorata (Lam.) Hook. f. &Thomson oil (forma genuine Steenis))
M03918,S00077,,2.48,,tipico,anexo-ifra,D00001,Ylang ylang oil III (Cananga odorata (Lam.) Hook. f. &Thomson oil (forma genuine Steenis))
M03918,S00083,,0.03,,tipico,anexo-ifra,D00001,Ylang ylang oil III (Cananga odorata (Lam.) Hook. f. &Thomson oil (forma genuine Steenis))
M03918,S01016,,0.02,,tipico,anexo-ifra,D00001,Ylang ylang oil III (Cananga odorata (Lam.) Hook. f. &Thomson oil (forma genuine Steenis))
M03918,S01017,,1.76,,tipico,anexo-ifra,D00001,Ylang ylang oil III (Cananga odorata (Lam.) Hook. f. &Thomson oil (forma genuine Steenis))
M03918,S01729,,0.03,,tipico,anexo-ifra,D00001,Ylang ylang oil III (Cananga odorata (Lam.) Hook. f. &Thomson oil (forma genuine Steenis))
M03919,S00001,,,1.43,maximo,anexo-ifra,D00001,el máximo de las 5 entradas del anexo para 8006-81-3 (D14): Ylang ylang oil II
M03919,S00012,,,0.25,maximo,anexo-ifra,D00001,"el máximo de las 5 entradas del anexo para 8006-81-3 (D14): Ylang, Ylang oil complete"
M03919,S00013,,,0.03,maximo,anexo-ifra,D00001,el máximo de las 5 entradas del anexo para 8006-81-3 (D14): Ylang ylang oil I
M03919,S00018,,,0.02,maximo,anexo-ifra,D00001,el máximo de las 5 entradas del anexo para 8006-81-3 (D14): Ylang ylang oil II
M03919,S00020,,,0.69,maximo,anexo-ifra,D00001,el máximo de las 5 entradas del anexo para 8006-81-3 (D14): Ylang ylang oil II
M03919,S00023,,,0.99,maximo,anexo-ifra,D00001,"el máximo de las 5 entradas del anexo para 8006-81-3 (D14): Ylang, Ylang oil extra"
M03919,S00025,,,0.04,maximo,anexo-ifra,D00001,el máximo de las 5 entradas del anexo para 8006-81-3 (D14): Ylang ylang oil I
M03919,S00061,,,0.12,maximo,anexo-ifra,D00001,el máximo de las 5 entradas del anexo para 8006-81-3 (D14): Ylang ylang oil I
M03919,S00074,,,7.81,maximo,anexo-ifra,D00001,el máximo de las 5 entradas del anexo para 8006-81-3 (D14): Ylang ylang oil II
M03919,S00077,,,3.35,maximo,anexo-ifra,D00001,"el máximo de las 5 entradas del anexo para 8006-81-3 (D14): Ylang, Ylang oil extra"
M03919,S00083,,,0.2,maximo,anexo-ifra,D00001,el máximo de las 5 entradas del anexo para 8006-81-3 (D14): Ylang ylang oil I
M03919,S00084,,,1.5,maximo,anexo-ifra,D00001,"el máximo de las 5 entradas del anexo para 8006-81-3 (D14): Ylang, Ylang oil complete"
M03919,S01009,,,0.03,maximo,anexo-ifra,D00001,el máximo de las 5 entradas del anexo para 8006-81-3 (D14): Ylang ylang oil I
M03919,S01016,,,0.05,maximo,anexo-ifra,D00001,el máximo de las 5 entradas del anexo para 8006-81-3 (D14): Ylang ylang oil I
M03919,S01017,,,2.35,maximo,anexo-ifra,D00001,el máximo de las 5 entradas del anexo para 8006-81-3 (D14): Ylang ylang oil II
M03919,S01729,,,0.12,maximo,anexo-ifra,D00001,"el máximo de las 5 entradas del anexo para 8006-81-3 (D14): Ylang, Ylang oil complete"
M03921,S00001,,,1.43,maximo,anexo-ifra,D00001,el máximo de las 5 entradas del anexo para 8006-81-3 (D14): Ylang ylang oil II
M03921,S00012,,,0.25,maximo,anexo-ifra,D00001,"el máximo de las 5 entradas del anexo para 8006-81-3 (D14): Ylang, Ylang oil complete"
M03921,S00013,,,0.03,maximo,anexo-ifra,D00001,el máximo de las 5 entradas del anexo para 8006-81-3 (D14): Ylang ylang oil I
M03921,S00018,,,0.02,maximo,anexo-ifra,D00001,el máximo de las 5 entradas del anexo para 8006-81-3 (D14): Ylang ylang oil II
M03921,S00020,,,0.69,maximo,anexo-ifra,D00001,el máximo de las 5 entradas del anexo para 8006-81-3 (D14): Ylang ylang oil II
M03921,S00023,,,0.99,maximo,anexo-ifra,D00001,"el máximo de las 5 entradas del anexo para 8006-81-3 (D14): Ylang, Ylang oil extra"
M03921,S00025,,,0.04,maximo,anexo-ifra,D00001,el máximo de las 5 entradas del anexo para 8006-81-3 (D14): Ylang ylang oil I
M03921,S00061,,,0.12,maximo,anexo-ifra,D00001,el máximo de las 5 entradas del anexo para 8006-81-3 (D14): Ylang ylang oil I
M03921,S00074,,,7.81,maximo,anexo-ifra,D00001,el máximo de las 5 entradas del anexo para 8006-81-3 (D14): Ylang ylang oil II
M03921,S00077,,,3.35,maximo,anexo-ifra,D00001,"el máximo de las 5 entradas del anexo para 8006-81-3 (D14): Ylang, Ylang oil extra"
M03921,S00083,,,0.2,maximo,anexo-ifra,D00001,el máximo de las 5 entradas del anexo para 8006-81-3 (D14): Ylang ylang oil I
M03921,S00084,,,1.5,maximo,anexo-ifra,D00001,"el máximo de las 5 entradas del anexo para 8006-81-3 (D14): Ylang, Ylang oil complete"
M03921,S01009,,,0.03,maximo,anexo-ifra,D00001,el máximo de las 5 entradas del anexo para 8006-81-3 (D14): Ylang ylang oil I
M03921,S01016,,,0.05,maximo,anexo-ifra,D00001,el máximo de las 5 entradas del anexo para 8006-81-3 (D14): Ylang ylang oil I
M03921,S01017,,,2.35,maximo,anexo-ifra,D00001,el máximo de las 5 entradas del anexo para 8006-81-3 (D14): Ylang ylang oil II
M03921,S01729,,,0.12,maximo,anexo-ifra,D00001,"el máximo de las 5 entradas del anexo para 8006-81-3 (D14): Ylang, Ylang oil complete"
M03925,S00001,,,8.84,maximo,anexo-ifra,D00001,el máximo de las 9 entradas del anexo para 72968-50-4 (D14): Orange flower water absolute
M03925,S00004,,,0.09,maximo,anexo-ifra,D00001,el máximo de las 9 entradas del anexo para 72968-50-4 (D14): Petitgrain bigarade oil
M03925,S00015,,,0.05,maximo,anexo-ifra,D00001,"el máximo de las 9 entradas del anexo para 72968-50-4 (D14): Orange oil, bitter"
M03925,S00061,,,0.65,maximo,anexo-ifra,D00001,el máximo de las 9 entradas del anexo para 72968-50-4 (D14): Petitgrain bigarade oil
M03925,S00065,,,0.05,maximo,anexo-ifra,D00001,el máximo de las 9 entradas del anexo para 72968-50-4 (D14): Petitgrain bigarade oil
M03925,S00066,,,0.04,maximo,anexo-ifra,D00001,"el máximo de las 9 entradas del anexo para 72968-50-4 (D14): Orange flower oil, bitter (neroli and neroli bigarade)"
M03925,S00071,,,0.18,maximo,anexo-ifra,D00001,"el máximo de las 9 entradas del anexo para 72968-50-4 (D14): Petitgrain oil, Paraguay"
M03925,S00072,,,0.03,maximo,anexo-ifra,D00001,"el máximo de las 9 entradas del anexo para 72968-50-4 (D14): Orange flower oil, bitter (Neroli and Neroli bigarade)"
M03925,S00073,,,0.06,maximo,anexo-ifra,D00001,"el máximo de las 9 entradas del anexo para 72968-50-4 (D14): Petitgrain oil, Paraguay"
M03925,S00084,,,3.72,maximo,anexo-ifra,D00001,el máximo de las 9 entradas del anexo para 72968-50-4 (D14): Orange blossoms absolute
M03925,S01007,,,0.08,maximo,anexo-ifra,D00001,"el máximo de las 9 entradas del anexo para 72968-50-4 (D14): Petitgrain oil, Paraguay"
M03925,S01013,,,0.02,maximo,anexo-ifra,D00001,"el máximo de las 9 entradas del anexo para 72968-50-4 (D14): Orange oil, bitter"
M03925,S01016,,,0.83,maximo,anexo-ifra,D00001,el máximo de las 9 entradas del anexo para 72968-50-4 (D14): Orange flower water absolute
M03925,S01017,,,2.18,maximo,anexo-ifra,D00001,"el máximo de las 9 entradas del anexo para 72968-50-4 (D14): Orange flower oil, bitter (neroli and neroli bigarade)"
M03927,S00001,,3.79,,tipico,anexo-ifra,D00001,Balm oil (Melissa officinalis L.)
M03927,S00065,,6.88,,tipico,anexo-ifra,D00001,Balm oil (Melissa officinalis L.)
M03927,S00066,,7.49,,tipico,anexo-ifra,D00001,Balm oil (Melissa officinalis L.)
M03927,S00068,,0.4,,tipico,anexo-ifra,D00001,Balm oil (Melissa officinalis L.)
M03927,S00069,,0.85,,tipico,anexo-ifra,D00001,Balm oil (Melissa officinalis L.)
M03927,S00071,,29.6,,tipico,anexo-ifra,D00001,Balm oil (Melissa officinallis L.)
M03927,S01006,,1.35,,tipico,anexo-ifra,D00001,Balm oil (Melissa officinallis L.)
M03927,S01007,,16.68,,tipico,anexo-ifra,D00001,Balm oil (Melissa officinallis L.)
M03930,S00001,,4.1,,tipico,anexo-ifra,D00001,Verbena absolute (Lippia citriodora (L.) Kunth)
M03930,S00020,,0.55,,tipico,anexo-ifra,D00001,Verbena absolute (Lippia citriodora (L.) Kunth)
M03930,S00025,,0.1,,tipico,anexo-ifra,D00001,Verbena absolute (Lippia citriodora (L.) Kunth)
M03930,S00061,,25.6,,tipico,anexo-ifra,D00001,Verbena absolute (Lippia citriodora (L.) Kunth)
M03930,S00063,,0.5,,tipico,anexo-ifra,D00001,Verbena absolute (Lippia citriodora (L.) Kunth)
M03930,S00066,,0.45,,tipico,anexo-ifra,D00001,Verbena absolute (Lippia citriodora (L.) Kunth)
M03930,S00081,,0.1,,tipico,anexo-ifra,D00001,Verbena absolute (Lippia citriodora (L.) Kunth)
M03930,S01010,,0.01,,tipico,anexo-ifra,D00001,Verbena absolute (Lippia citriodora (L.) Kunth)
M03930,S01011,,0.1,,tipico,anexo-ifra,D00001,Verbena absolute (Lippia citriodora (L.) Kunth)
M03931,S00001,,,0.1,maximo,anexo-ifra,D00001,el máximo de las 5 entradas del anexo para 8024-43-9 84776-64-7 90045-94-6 (D14): Jasmine officinale absolute
M03931,S00011,,,0.02,maximo,anexo-ifra,D00001,el máximo de las 5 entradas del anexo para 8024-43-9 84776-64-7 90045-94-6 (D14): Jasmine grandiflorum absolute
M03931,S00012,,,3,maximo,anexo-ifra,D00001,el máximo de las 5 entradas del anexo para 8024-43-9 84776-64-7 90045-94-6 (D14): Jasmine officinale absolute
M03931,S00020,,,2,maximo,anexo-ifra,D00001,el máximo de las 5 entradas del anexo para 8024-43-9 84776-64-7 90045-94-6 (D14): Jasmine officinale absolute
M03931,S00023,,,0.12,maximo,anexo-ifra,D00001,el máximo de las 5 entradas del anexo para 8024-43-9 84776-64-7 90045-94-6 (D14): Jasmine grandiflorum absolute
M03931,S00074,,,10.07,maximo,anexo-ifra,D00001,el máximo de las 5 entradas del anexo para 8024-43-9 84776-64-7 90045-94-6 (D14): Jasmine absolute
M03931,S00077,,,0.2,maximo,anexo-ifra,D00001,el máximo de las 5 entradas del anexo para 8024-43-9 84776-64-7 90045-94-6 (D14): Jasmine officinale absolute
M03931,S01009,,,0.7,maximo,anexo-ifra,D00001,el máximo de las 5 entradas del anexo para 8024-43-9 84776-64-7 90045-94-6 (D14): Jasmine grandiflorum absolute
M03931,S01016,,,0.02,maximo,anexo-ifra,D00001,el máximo de las 5 entradas del anexo para 8024-43-9 84776-64-7 90045-94-6 (D14): Jasmine absolute
M03932,S00001,,,1.43,maximo,anexo-ifra,D00001,el máximo de las 6 entradas del anexo para 83863-30-3 (D14): Ylang ylang oil II
M03932,S00012,,,0.5,maximo,anexo-ifra,D00001,el máximo de las 6 entradas del anexo para 83863-30-3 (D14): Ylang-ylang absolute
M03932,S00013,,,0.03,maximo,anexo-ifra,D00001,el máximo de las 6 entradas del anexo para 83863-30-3 (D14): Ylang ylang oil I
M03932,S00018,,,0.02,maximo,anexo-ifra,D00001,el máximo de las 6 entradas del anexo para 83863-30-3 (D14): Ylang ylang oil II
M03932,S00020,,,0.69,maximo,anexo-ifra,D00001,el máximo de las 6 entradas del anexo para 83863-30-3 (D14): Ylang ylang oil II
M03932,S00023,,,0.99,maximo,anexo-ifra,D00001,"el máximo de las 6 entradas del anexo para 83863-30-3 (D14): Ylang, Ylang oil extra"
M03932,S00025,,,0.04,maximo,anexo-ifra,D00001,el máximo de las 6 entradas del anexo para 83863-30-3 (D14): Ylang ylang oil I
M03932,S00061,,,0.12,maximo,anexo-ifra,D00001,el máximo de las 6 entradas del anexo para 83863-30-3 (D14): Ylang ylang oil I
M03932,S00074,,,7.81,maximo,anexo-ifra,D00001,el máximo de las 6 entradas del anexo para 83863-30-3 (D14): Ylang ylang oil II
M03932,S00077,,,3.5,maximo,anexo-ifra,D00001,el máximo de las 6 entradas del anexo para 83863-30-3 (D14): Ylang-ylang absolute
M03932,S00083,,,0.2,maximo,anexo-ifra,D00001,el máximo de las 6 entradas del anexo para 83863-30-3 (D14): Ylang ylang oil I
M03932,S00084,,,1.5,maximo,anexo-ifra,D00001,"el máximo de las 6 entradas del anexo para 83863-30-3 (D14): Ylang, Ylang oil complete"
M03932,S01009,,,0.31,maximo,anexo-ifra,D00001,el máximo de las 6 entradas del anexo para 83863-30-3 (D14): Ylang-ylang absolute
M03932,S01016,,,0.05,maximo,anexo-ifra,D00001,el máximo de las 6 entradas del anexo para 83863-30-3 (D14): Ylang ylang oil I
M03932,S01017,,,2.35,maximo,anexo-ifra,D00001,el máximo de las 6 entradas del anexo para 83863-30-3 (D14): Ylang ylang oil II
M03932,S01729,,,0.12,maximo,anexo-ifra,D00001,"el máximo de las 6 entradas del anexo para 83863-30-3 (D14): Ylang, Ylang oil complete"
M03933,S00571,,0.05,,tipico,anexo-ifra,D00001,"Birch tar oil, rectified (Betula pendula Roth)"
M03933,S01009,,1.8,,tipico,anexo-ifra,D00001,"Birch tar oil, rectified (Betula pendula Roth)"
M03935,S00015,,,8,maximo,anexo-ifra,D00001,el máximo de las 2 entradas del anexo para 84775-51-9 (D14): Nigella sativa oil
M03935,S00024,,,1.8,maximo,anexo-ifra,D00001,el máximo de las 2 entradas del anexo para 84775-51-9 (D14): Nigella sativa oil
M03935,S01014,,,0.2,maximo,anexo-ifra,D00001,el máximo de las 2 entradas del anexo para 84775-51-9 (D14): Cumin seed oil
M03935,S01020,,,21,maximo,anexo-ifra,D00001,el máximo de las 2 entradas del anexo para 84775-51-9 (D14): Cumin seed oil
M03936,S00001,,,2,maximo,anexo-ifra,D00001,"el máximo de las 5 entradas del anexo para 84929-31-7 (D14): Lemon oil, terpeneless"
M03936,S00061,,,40,maximo,anexo-ifra,D00001,"el máximo de las 5 entradas del anexo para 84929-31-7 (D14): Lemon oil, terpeneless"
M03936,S00064,,,0.05,maximo,anexo-ifra,D00001,"el máximo de las 5 entradas del anexo para 84929-31-7 (D14): Lemon oil, expressed"
M03936,S00065,,,3,maximo,anexo-ifra,D00001,"el máximo de las 5 entradas del anexo para 84929-31-7 (D14): Lemon oil, terpeneless"
M03936,S00068,,,0.2,maximo,anexo-ifra,D00001,el máximo de las 5 entradas del anexo para 84929-31-7 (D14): Petitgrain lemon oil
M03936,S00069,,,0.5,maximo,anexo-ifra,D00001,el máximo de las 5 entradas del anexo para 84929-31-7 (D14): Petitgrain lemon oil
M03936,S00071,,,1.36,maximo,anexo-ifra,D00001,el máximo de las 5 entradas del anexo para 84929-31-7 (D14): Lemon oil steam distilled
M03936,S01006,,,1.72,maximo,anexo-ifra,D00001,"el máximo de las 5 entradas del anexo para 84929-31-7 (D14): Lemon oil, terpeneless"
M03936,S01007,,,0.81,maximo,anexo-ifra,D00001,el máximo de las 5 entradas del anexo para 84929-31-7 (D14): Lemon oil steam distilled
M03940,S00001,,,0.1,maximo,anexo-ifra,D00001,"el máximo de las 4 entradas del anexo para 90045-43-5 (D14): Grapefruit oil, terpeneless"
M03940,S00004,,,0.03,maximo,anexo-ifra,D00001,el máximo de las 4 entradas del anexo para 90045-43-5 (D14): Grapefruit oil
M03940,S00015,,,0.09,maximo,anexo-ifra,D00001,el máximo de las 4 entradas del anexo para 90045-43-5 (D14): Grapefruit oil terpenes
M03940,S00061,,,10,maximo,anexo-ifra,D00001,"el máximo de las 4 entradas del anexo para 90045-43-5 (D14): Grapefruit oil, terpeneless"
M03940,S00065,,,3.2,maximo,anexo-ifra,D00001,"el máximo de las 4 entradas del anexo para 90045-43-5 (D14): Grapefruit oil, terpeneless"
M03940,S00071,,,0.06,maximo,anexo-ifra,D00001,el máximo de las 4 entradas del anexo para 90045-43-5 (D14): Grapefruit essence oil
M03940,S01006,,,0.31,maximo,anexo-ifra,D00001,"el máximo de las 4 entradas del anexo para 90045-43-5 (D14): Grapefruit oil, terpeneless"
M03940,S01007,,,0.04,maximo,anexo-ifra,D00001,el máximo de las 4 entradas del anexo para 90045-43-5 (D14): Grapefruit essence oil
M03940,S01013,,,1,maximo,anexo-ifra,D00001,"el máximo de las 4 entradas del anexo para 90045-43-5 (D14): Grapefruit oil, terpeneless"
M03942,S00080,,,0.5,maximo,anexo-ifra,D00001,el máximo de las 2 entradas del anexo para 90131-43-4 91770-75-1 (D14): Tagetes erecta oil
M03942,S01006,,,0.43,maximo,anexo-ifra,D00001,el máximo de las 2 entradas del anexo para 90131-43-4 91770-75-1 (D14): Tagetes minuta oil
M03943,S00004,,,0.1,maximo,anexo-ifra,D00001,el máximo de las 2 entradas del anexo para 91770-14-8 (D14): Jasmine sambac absolute
M03943,S00012,,,4.2,maximo,anexo-ifra,D00001,el máximo de las 2 entradas del anexo para 91770-14-8 (D14): Jasmine sambac absolute
M03943,S00018,,,0.15,maximo,anexo-ifra,D00001,el máximo de las 2 entradas del anexo para 91770-14-8 (D14): Jasmine sambac absolute
M03943,S00072,,,0.05,maximo,anexo-ifra,D00001,el máximo de las 2 entradas del anexo para 91770-14-8 (D14): Jasmine sambac absolute
M03943,S00074,,,0.75,maximo,anexo-ifra,D00001,el máximo de las 2 entradas del anexo para 91770-14-8 (D14): Jasmine sambac absolute
M03943,S00077,,,0.2,maximo,anexo-ifra,D00001,el máximo de las 2 entradas del anexo para 91770-14-8 (D14): Jasmine sambac absolute
M03943,S01016,,,1.2,maximo,anexo-ifra,D00001,el máximo de las 2 entradas del anexo para 91770-14-8 (D14): Jasmine sambac absolute
M03943,S01017,,,0.6,maximo,anexo-ifra,D00001,el máximo de las 2 entradas del anexo para 91770-14-8 (D14): Jasmine sambac absolute
M03944,S00011,,,0.1,maximo,anexo-ifra,D00001,"el máximo de las 5 entradas del anexo para 94891-27-7 94891-28-8 (D14): Styrax oil, Honduras"
M03944,S00012,,,2.5,maximo,anexo-ifra,D00001,el máximo de las 5 entradas del anexo para 94891-27-7 94891-28-8 (D14): Styrax absolute
M03944,S00013,,,2.1,maximo,anexo-ifra,D00001,"el máximo de las 5 entradas del anexo para 94891-27-7 94891-28-8 (D14): Styrax oil, Honduras"
M03944,S00017,,,0.1,maximo,anexo-ifra,D00001,"el máximo de las 5 entradas del anexo para 94891-27-7 94891-28-8 (D14): Styrax oil, Honduras"
M03944,S00018,,,1.85,maximo,anexo-ifra,D00001,el máximo de las 5 entradas del anexo para 94891-27-7 94891-28-8 (D14): Styrax oil
M03944,S00026,,,0.3,maximo,anexo-ifra,D00001,"el máximo de las 5 entradas del anexo para 94891-27-7 94891-28-8 (D14): Styrax oil, pyrogenated"
M03944,S00074,,,0.02,maximo,anexo-ifra,D00001,el máximo de las 5 entradas del anexo para 94891-27-7 94891-28-8 (D14): Styrax oil
M03944,S00079,,,1.75,maximo,anexo-ifra,D00001,el máximo de las 5 entradas del anexo para 94891-27-7 94891-28-8 (D14): Styrax oil
M03944,S01009,,,0.39,maximo,anexo-ifra,D00001,el máximo de las 5 entradas del anexo para 94891-27-7 94891-28-8 (D14): Styrax extract
M03944,S02198,,,0.03,maximo,anexo-ifra,D00001,el máximo de las 5 entradas del anexo para 94891-27-7 94891-28-8 (D14): Styrax absolute
M03945,S00024,,0.3,,tipico,anexo-ifra,D00001,Abies alba cone oil (Abies alba Mill.)
M03945,S01006,,0.05,,tipico,anexo-ifra,D00001,Abies alba cone oil (Abies alba Mill.)
M03946,S00020,,41.4,,tipico,anexo-ifra,D00001,Allspice oleoresin (Pimenta officinalis Lindl.)
M03946,S00025,,5.1,,tipico,anexo-ifra,D00001,Allspice oleoresin (Pimenta officinalis Lindl.)
M03947,S00014,,0.15,,tipico,anexo-ifra,D00001,Arnica absolute (Arnica montana L.)
M03947,S00084,,1.2,,tipico,anexo-ifra,D00001,Arnica absolute (Arnica montana L.)
M03948,S00014,,0.6,,tipico,anexo-ifra,D00001,"Arnica oils, montana (Arnica montana L.)"
M03948,S00084,,5,,tipico,anexo-ifra,D00001,"Arnica oils, montana (Arnica montana L.)"
M03949,S00028,,50,,tipico,anexo-ifra,D00001,Artemesia afra oil (Artemesia afra L. Jacq. Ex Willd.)
M03949,S00080,,10,,tipico,anexo-ifra,D00001,Artemesia afra oil (Artemesia afra L. Jacq. Ex Willd.)
M03950,S00014,,1.4,,tipico,anexo-ifra,D00001,Baccharis dracunculifolia oil (Baccharis dracunculifolia)
M03950,S00084,,0.2,,tipico,anexo-ifra,D00001,Baccharis dracunculifolia oil (Baccharis dracunculifolia)
M03951,S00001,,3.79,,tipico,anexo-ifra,D00001,Balm oil (Melissa officinalis L.)
M03951,S00065,,6.88,,tipico,anexo-ifra,D00001,Balm oil (Melissa officinalis L.)
M03951,S00066,,7.49,,tipico,anexo-ifra,D00001,Balm oil (Melissa officinalis L.)
M03951,S00068,,0.4,,tipico,anexo-ifra,D00001,Balm oil (Melissa officinalis L.)
M03951,S00069,,0.85,,tipico,anexo-ifra,D00001,Balm oil (Melissa officinalis L.)
M03951,S00071,,29.6,,tipico,anexo-ifra,D00001,Balm oil (Melissa officinallis L.)
M03951,S01006,,1.35,,tipico,anexo-ifra,D00001,Balm oil (Melissa officinallis L.)
M03951,S01007,,16.68,,tipico,anexo-ifra,D00001,Balm oil (Melissa officinallis L.)
M03952,S00003,,0.3,,tipico,anexo-ifra,D00001,"Bay leaf, West Indian, oil (Pimenta racemosa (Mill.) J.W. Moore)"
M03952,S00020,,51,,tipico,anexo-ifra,D00001,"Bay leaf, West Indian, oil (Pimenta racemosa (Mill.) J.W. Moore)"
M03952,S00025,,2,,tipico,anexo-ifra,D00001,"Bay leaf, West Indian, oil (Pimenta racemosa (Mill.) J.W. Moore)"
M03952,S00071,,0.25,,tipico,anexo-ifra,D00001,"Bay leaf, West Indian, oil (Pimenta racemosa (Mill.) J.W. Moore)"
M03952,S00083,,0.1,,tipico,anexo-ifra,D00001,"Bay leaf, West Indian, oil (Pimenta racemosa (Mill.) J.W. Moore)"
M03952,S01007,,0.2,,tipico,anexo-ifra,D00001,"Bay leaf, West Indian, oil (Pimenta racemosa (Mill.) J.W. Moore)"
M03954,S00070,,80,,tipico,anexo-ifra,D00001,"Camphor oil, brown (Cinnamomum camphora (L.) J.Presl)"
M03955,S00070,,50,,tipico,anexo-ifra,D00001,"Camphor oil, yellow (Cinnamomum camphora (L.) J.Presl)"
M03956,S00011,,0.95,,tipico,anexo-ifra,D00001,Cassia bark oleoresin (Cinnamomum cassia [L.] J. Presl syn. C. aromaticum Nees)
M03956,S00017,,46.23,,tipico,anexo-ifra,D00001,Cassia bark oleoresin (Cinnamomum cassia [L.] J. Presl syn. C. aromaticum Nees)
M03956,S00018,,0.37,,tipico,anexo-ifra,D00001,Cassia bark oleoresin (Cinnamomum cassia [L.] J. Presl syn. C. aromaticum Nees)
M03956,S00020,,0.02,,tipico,anexo-ifra,D00001,Cassia bark oleoresin (Cinnamomum cassia [L.] J. Presl syn. C. aromaticum Nees)
M03956,S00035,,3.27,,tipico,anexo-ifra,D00001,Cassia bark oleoresin (Cinnamomum cassia [L.] J. Presl syn. C. aromaticum Nees)
M03956,S00074,,0.06,,tipico,anexo-ifra,D00001,Cassia bark oleoresin (Cinnamomum cassia [L.] J. Presl syn. C. aromaticum Nees)
M03956,S01015,,0.94,,tipico,anexo-ifra,D00001,Cassia bark oleoresin (Cinnamomum cassia [L.] J. Presl syn. C. aromaticum Nees)
M03957,S00001,,0.2,,tipico,anexo-ifra,D00001,Clary sage concrete (Salvia sclarea L.)
M03958,S00061,,0.15,,tipico,anexo-ifra,D00001,Clementine oil (Citrus clementina Hort. Ex Tan)
M03958,S00065,,0.1,,tipico,anexo-ifra,D00001,Clementine oil (Citrus clementina Hort. Ex Tan)
M03958,S00073,,0.03,,tipico,anexo-ifra,D00001,Clementine oil (Citrus clementina Hort. Ex Tan)
M03959,S00061,,0.7,,tipico,anexo-ifra,D00001,Cyperus articulatus oil (Cyperus articulatus L.)
M03961,S00083,,2.1,,tipico,anexo-ifra,D00001,"Fennel oil, bitter,anethole type (Foeniculum vulgare Mill.)"
M03961,S01005,,0.3,,tipico,anexo-ifra,D00001,"Fennel oil, bitter,anethole type (Foeniculum vulgare Mill.)"
M03962,S00083,,4.7,,tipico,anexo-ifra,D00001,"Fennel oil, bitter, phellandrene type (Foeniculum vulgare Mill.)"
M03962,S01005,,0.2,,tipico,anexo-ifra,D00001,"Fennel oil, bitter, phellandrene type (Foeniculum vulgare Mill.)"
M03963,S02328,,45,,tipico,anexo-ifra,D00001,Horseradish oil (Amoracia rusticana G. Gaertn. et al.)
M03964,S00001,,0.03,,tipico,anexo-ifra,D00001,Hyacinth absolute (Hyacinthus orientalis L.)
M03964,S00011,,0.1,,tipico,anexo-ifra,D00001,Hyacinth absolute (Hyacinthus orientalis L.)
M03964,S00012,,40,,tipico,anexo-ifra,D00001,Hyacinth absolute (Hyacinthus orientalis L.)
M03964,S00017,,0.3,,tipico,anexo-ifra,D00001,Hyacinth absolute (Hyacinthus orientalis L.)
M03964,S00018,,11.2,,tipico,anexo-ifra,D00001,Hyacinth absolute (Hyacinthus orientalis L.)
M03964,S00020,,0.2,,tipico,anexo-ifra,D00001,Hyacinth absolute (Hyacinthus orientalis L.)
M03964,S00025,,1.5,,tipico,anexo-ifra,D00001,Hyacinth absolute (Hyacinthus orientalis L.)
M03964,S00074,,6,,tipico,anexo-ifra,D00001,Hyacinth absolute (Hyacinthus orientalis L.)
M03964,S00077,,0.2,,tipico,anexo-ifra,D00001,Hyacinth absolute (Hyacinthus orientalis L.)
M03965,S00001,,0.02,,tipico,anexo-ifra,D00001,Jasmine grandiflorum absolute (Jasminum grandiflorum L.)
M03965,S00011,,0.02,,tipico,anexo-ifra,D00001,Jasmine grandiflorum absolute (Jasminum grandiflorum L.)
M03965,S00023,,0.12,,tipico,anexo-ifra,D00001,Jasmine grandiflorum absolute (Jasminum grandiflorum L.)
M03965,S01009,,0.7,,tipico,anexo-ifra,D00001,Jasmine grandiflorum absolute (Jasminum grandiflorum L.)
M03965,S01016,,0.02,,tipico,anexo-ifra,D00001,Jasmine grandiflorum absolute (Jasminum grandiflorum L.)
M03966,S00001,,0.1,,tipico,anexo-ifra,D00001,Jasmine officinale absolute (Jasminum officinale L.)
M03966,S00012,,3,,tipico,anexo-ifra,D00001,Jasmine officinale absolute (Jasminum officinale L.)
M03966,S00020,,2,,tipico,anexo-ifra,D00001,Jasmine officinale absolute (Jasminum officinale L.)
M03966,S00023,,0.1,,tipico,anexo-ifra,D00001,Jasmine officinale absolute (Jasminum officinale L.)
M03966,S00074,,10,,tipico,anexo-ifra,D00001,Jasmine officinale absolute (Jasminum officinale L.)
M03966,S00077,,0.2,,tipico,anexo-ifra,D00001,Jasmine officinale absolute (Jasminum officinale L.)
M03966,S01009,,0.01,,tipico,anexo-ifra,D00001,Jasmine officinale absolute (Jasminum officinale L.)
M03967,S01016,,5,,tipico,anexo-ifra,D00001,Karo karunde absolute (Leptactina senegambica Hook f.)
M03968,S00001,,0.2,,tipico,anexo-ifra,D00001,"Kumquat oil, Fortunella margarita (Fortunella (Lour.) Swingle)"
M03968,S00061,,10,,tipico,anexo-ifra,D00001,"Kumquat oil, Fortunella margarita (Fortunella (Lour.) Swingle)"
M03968,S00065,,3,,tipico,anexo-ifra,D00001,"Kumquat oil, Fortunella margarita (Fortunella (Lour.) Swingle)"
M03969,S00001,,0.5,,tipico,anexo-ifra,D00001,Lavandin super oil (Lavendula super)
M03969,S00003,,0.3,,tipico,anexo-ifra,D00001,Lavandin super oil (Lavendula super)
M03969,S00014,,0.3,,tipico,anexo-ifra,D00001,Lavandin super oil (Lavendula super)
M03969,S00035,,0.1,,tipico,anexo-ifra,D00001,Lavandin super oil (Lavendula super)
M03970,S00001,,0,,tipico,anexo-ifra,D00001,Lavender oil dentata (Lavandula dentata)
M03970,S00003,,0,,tipico,anexo-ifra,D00001,Lavender oil dentata (Lavandula dentata)
M03970,S00035,,0.35,,tipico,anexo-ifra,D00001,Lavender oil dentata (Lavandula dentata)
M03970,S01008,,0.3,,tipico,anexo-ifra,D00001,Lavender oil dentata (Lavandula dentata)
M03970,S01014,,0.2,,tipico,anexo-ifra,D00001,Lavender oil dentata (Lavandula dentata)
M03970,S01020,,0.2,,tipico,anexo-ifra,D00001,Lavender oil dentata (Lavandula dentata)
M03971,S00001,,0.07,,tipico,anexo-ifra,D00001,Lemon oil steam distilled (Citrus limon (L.) Osbeck)
M03971,S00065,,0.07,,tipico,anexo-ifra,D00001,Lemon oil steam distilled (Citrus limon (L.) Osbeck)
M03971,S00071,,1.36,,tipico,anexo-ifra,D00001,Lemon oil steam distilled (Citrus limon (L.) Osbeck)
M03971,S01007,,0.81,,tipico,anexo-ifra,D00001,Lemon oil steam distilled (Citrus limon (L.) Osbeck)
M03972,S00001,,0.02,,tipico,anexo-ifra,D00001,Lime oil distilled (Citrus aurantifolia (Christm.) Swingle)
M03972,S00066,,0.01,,tipico,anexo-ifra,D00001,Lime oil distilled (Citrus aurantifolia (Christm.) Swingle)
M03972,S00071,,0.32,,tipico,anexo-ifra,D00001,Lime oil distilled (Citrus aurantifolia (Christm.) Swingle)
M03972,S01007,,0.26,,tipico,anexo-ifra,D00001,Lime oil distilled (Citrus aurantifolia (Christm.) Swingle)
M03972,S01017,,0.02,,tipico,anexo-ifra,D00001,Lime oil distilled (Citrus aurantifolia (Christm.) Swingle)
M03973,S00001,,1,,tipico,anexo-ifra,D00001,Linaloe wood oil (Bursera penicillata (DC.) Engl.)
M03974,S01016,,0.09,,tipico,anexo-ifra,D00001,Magnolia flower oil (Magnolia grandiflora L.)
M03975,S00001,,0.1,,tipico,anexo-ifra,D00001,Marjoram oleoresin (Origanum majorana L.)
M03976,S00015,,1,,tipico,anexo-ifra,D00001,Mentha longifolia oil (Mentha longifolia (L.) Huds.)
M03976,S00028,,7.1,,tipico,anexo-ifra,D00001,Mentha longifolia oil (Mentha longifolia (L.) Huds.)
M03976,S00080,,1,,tipico,anexo-ifra,D00001,Mentha longifolia oil (Mentha longifolia (L.) Huds.)
M03977,S00061,,5,,tipico,anexo-ifra,D00001,Meyer lemon oil. cold pressed (Citrus x meyerii)
M03977,S00065,,0.2,,tipico,anexo-ifra,D00001,Meyer lemon oil. cold pressed (Citrus x meyerii)
M03978,S00061,,0.1,,tipico,anexo-ifra,D00001,"Murcote oil, expressed (Citrus reticulata spp. murcote, Swingle)"
M03978,S00065,,0.1,,tipico,anexo-ifra,D00001,"Murcote oil, expressed (Citrus reticulata spp. murcote, Swingle)"
M03979,S00015,,8,,tipico,anexo-ifra,D00001,Nigella sativa oil (Nigella sativa L.)
M03979,S00024,,1.8,,tipico,anexo-ifra,D00001,Nigella sativa oil (Nigella sativa L.)
M03980,S00020,,0.36,,tipico,anexo-ifra,D00001,Ocatea cymbarum oil (Ocotea cymbarum Kunth)
M03980,S00025,,0.3,,tipico,anexo-ifra,D00001,Ocatea cymbarum oil (Ocotea cymbarum Kunth)
M03980,S00070,,92,,tipico,anexo-ifra,D00001,Ocatea cymbarum oil (Ocotea cymbarum Kunth)
M03981,S00001,,0.85,,tipico,anexo-ifra,D00001,Petitgrain bigarade absolute (Citrus aurantium L.)
M03981,S00061,,0.2,,tipico,anexo-ifra,D00001,Petitgrain bigarade absolute (Citrus aurantium L.)
M03981,S00084,,0.11,,tipico,anexo-ifra,D00001,Petitgrain bigarade absolute (Citrus aurantium L.)
M03982,S00024,,3.71,,tipico,anexo-ifra,D00001,"Pine, Pinus pinaster, oil (Pinus pinaster Aiton)"
M03983,S00014,,0.2,,tipico,anexo-ifra,D00001,Populus nigra absolute (Populus nigra L.)
M03984,S00070,,0.03,,tipico,anexo-ifra,D00001,Ravensara aromatica oil (Ravansara aromatica Sonn. (v. anisata))
M03984,S00083,,8,,tipico,anexo-ifra,D00001,Ravensara aromatica oil (Ravansara aromatica Sonn. (v. anisata))
M03985,S00001,,0.5,,tipico,anexo-ifra,D00001,Rose water stronger (Rosa x centifolia L.)
M03985,S00025,,0.04,,tipico,anexo-ifra,D00001,Rose water stronger (Rosa x centifolia L.)
M03985,S00066,,1.2,,tipico,anexo-ifra,D00001,Rose water stronger (Rosa x centifolia L.)
M03985,S01006,,0.02,,tipico,anexo-ifra,D00001,Rose water stronger (Rosa x centifolia L.)
M03986,S00028,,7.3,,tipico,anexo-ifra,D00001,Sage Dalmatian oleoresin (Salvia officinalis L.)
M03986,S00080,,2.7,,tipico,anexo-ifra,D00001,Sage Dalmatian oleoresin (Salvia officinalis L.)
M03987,S00028,,7.5,,tipico,anexo-ifra,D00001,Sage oleoresin (Salvia officinalis L.)
M03987,S00080,,2.5,,tipico,anexo-ifra,D00001,Sage oleoresin (Salvia officinalis L.)
M03988,S00014,,0.47,,tipico,anexo-ifra,D00001,"Sandalwood oil, New Caledonian (Santalum austrocaledonicum Vieill)"
M03988,S01017,,0.85,,tipico,anexo-ifra,D00001,"Sandalwood oil, New Caledonian (Santalum austrocaledonicum Vieill)"
M03989,S00020,,0.36,,tipico,anexo-ifra,D00001,Sassafras bark oil (Sassafras albidum (Nutt.) Nees)
M03989,S00025,,0.3,,tipico,anexo-ifra,D00001,Sassafras bark oil (Sassafras albidum (Nutt.) Nees)
M03989,S00070,,92,,tipico,anexo-ifra,D00001,Sassafras bark oil (Sassafras albidum (Nutt.) Nees)
M03990,S00001,,1,,tipico,anexo-ifra,D00001,Snakeroot oil (Asarum canadense L.)
M03990,S00020,,1,,tipico,anexo-ifra,D00001,Snakeroot oil (Asarum canadense L.)
M03990,S00025,,40,,tipico,anexo-ifra,D00001,Snakeroot oil (Asarum canadense L.)
M03991,S00003,,0.06,,tipico,anexo-ifra,D00001,Spearmint oil (Mentha spicata L.)
M03991,S01008,,66.07,,tipico,anexo-ifra,D00001,Spearmint oil (Mentha spicata L.)
M03991,S01662,,0.02,,tipico,anexo-ifra,D00001,Spearmint oil (Mentha spicata L.)
M03993,S00024,,0.22,,tipico,anexo-ifra,D00001,"Spruce oil, White (Picea abies (L.) H.Karst.)"
M03993,S00066,,0.28,,tipico,anexo-ifra,D00001,"Spruce oil, White (Picea abies (L.) H.Karst.)"
M03994,S00061,,0.1,,tipico,anexo-ifra,D00001,"Tangor oil, expressed (Citrus reticulata x Citrus sinensis)"
M03994,S00065,,0.1,,tipico,anexo-ifra,D00001,"Tangor oil, expressed (Citrus reticulata x Citrus sinensis)"
M03995,S00014,,0.1,,tipico,anexo-ifra,D00001,Turmeric oil (Curcuma longa L.)
M03995,S00020,,1,,tipico,anexo-ifra,D00001,Turmeric oil (Curcuma longa L.)
M03996,S00001,,4.1,,tipico,anexo-ifra,D00001,Verbena absolute (Lippia citriodora (L.) Kunth)
M03996,S00020,,0.55,,tipico,anexo-ifra,D00001,Verbena absolute (Lippia citriodora (L.) Kunth)
M03996,S00025,,0.1,,tipico,anexo-ifra,D00001,Verbena absolute (Lippia citriodora (L.) Kunth)
M03996,S00061,,25.6,,tipico,anexo-ifra,D00001,Verbena absolute (Lippia citriodora (L.) Kunth)
M03996,S00063,,0.5,,tipico,anexo-ifra,D00001,Verbena absolute (Lippia citriodora (L.) Kunth)
M03996,S00066,,0.45,,tipico,anexo-ifra,D00001,Verbena absolute (Lippia citriodora (L.) Kunth)
M03996,S00081,,0.1,,tipico,anexo-ifra,D00001,Verbena absolute (Lippia citriodora (L.) Kunth)
M03996,S01010,,0.01,,tipico,anexo-ifra,D00001,Verbena absolute (Lippia citriodora (L.) Kunth)
M03996,S01011,,0.1,,tipico,anexo-ifra,D00001,Verbena absolute (Lippia citriodora (L.) Kunth)
M03997,S00063,,0.2,,tipico,anexo-ifra,D00001,Vetiver oil (all origins) (Chrysopogon zizanioides (L.) Roberty)
M03997,S00081,,0.1,,tipico,anexo-ifra,D00001,Vetiver oil (all origins) (Chrysopogon zizanioides (L.) Roberty)
M03998,S00001,,0.67,,tipico,anexo-ifra,D00001,"Ylang, Ylang oil complete (Cananga odorata (Lam.) Hook. f. &Thomson oil (forma genuine Steenis))"
M03998,S00012,,0.25,,tipico,anexo-ifra,D00001,"Ylang, Ylang oil complete (Cananga odorata (Lam.) Hook. f. &Thomson oil (forma genuine Steenis))"
M03998,S00020,,0.31,,tipico,anexo-ifra,D00001,"Ylang, Ylang oil complete (Cananga odorata (Lam.) Hook. f. &Thomson oil (forma genuine Steenis))"
M03998,S00023,,0.52,,tipico,anexo-ifra,D00001,"Ylang, Ylang oil complete (Cananga odorata (Lam.) Hook. f. &Thomson oil (forma genuine Steenis))"
M03998,S00074,,6.32,,tipico,anexo-ifra,D00001,"Ylang, Ylang oil complete (Cananga odorata (Lam.) Hook. f. &Thomson oil (forma genuine Steenis))"
M03998,S00077,,3.11,,tipico,anexo-ifra,D00001,"Ylang, Ylang oil complete (Cananga odorata (Lam.) Hook. f. &Thomson oil (forma genuine Steenis))"
M03998,S00084,,1.5,,tipico,anexo-ifra,D00001,"Ylang, Ylang oil complete (Cananga odorata (Lam.) Hook. f. &Thomson oil (forma genuine Steenis))"
M03998,S01729,,0.12,,tipico,anexo-ifra,D00001,"Ylang, Ylang oil complete (Cananga odorata (Lam.) Hook. f. &Thomson oil (forma genuine Steenis))"
M03999,S00014,,2,,tipico,anexo-ifra,D00001,Zdravetz oil (Geranium macrorrhizum L.)
M04000,S00024,,,0.3,maximo,anexo-ifra,D00001,el máximo de las 2 entradas del anexo para 8021-27-0 (D14): Abies alba cone oil
M04000,S01006,,,0.05,maximo,anexo-ifra,D00001,el máximo de las 2 entradas del anexo para 8021-27-0 (D14): Abies alba cone oil
M04002,S00020,,,83,maximo,anexo-ifra,D00001,el máximo de las 3 entradas del anexo para 8006-77-7 (D14): Pimenta leaf oil
M04002,S00025,,,8.5,maximo,anexo-ifra,D00001,el máximo de las 3 entradas del anexo para 8006-77-7 (D14): Allspice oil
M04003,S00020,,,83,maximo,anexo-ifra,D00001,el máximo de las 3 entradas del anexo para 8006-77-7 (D14): Pimenta leaf oil
M04003,S00025,,,8.5,maximo,anexo-ifra,D00001,el máximo de las 3 entradas del anexo para 8006-77-7 (D14): Allspice oil
M04007,S00084,,,5,maximo,anexo-ifra,D00001,el máximo de las 3 entradas del anexo para 8015-62-1 (D14): Ambrette seed absolute
M04007,S01004,,,0.5,maximo,anexo-ifra,D00001,el máximo de las 3 entradas del anexo para 8015-62-1 (D14): Ambrette seed absolute
M04013,S00014,,,0.6,maximo,anexo-ifra,D00001,"el máximo de las 2 entradas del anexo para 8057-65-6 (D14): Arnica oils, montana"
M04013,S00084,,,5,maximo,anexo-ifra,D00001,"el máximo de las 2 entradas del anexo para 8057-65-6 (D14): Arnica oils, montana"
M04015,S00001,,3.79,,tipico,anexo-ifra,D00001,Balm oil (Melissa officinalis L.)
M04015,S00065,,6.88,,tipico,anexo-ifra,D00001,Balm oil (Melissa officinalis L.)
M04015,S00066,,7.49,,tipico,anexo-ifra,D00001,Balm oil (Melissa officinalis L.)
M04015,S00068,,0.4,,tipico,anexo-ifra,D00001,Balm oil (Melissa officinalis L.)
M04015,S00069,,0.85,,tipico,anexo-ifra,D00001,Balm oil (Melissa officinalis L.)
M04015,S00071,,29.6,,tipico,anexo-ifra,D00001,Balm oil (Melissa officinallis L.)
M04015,S01006,,1.35,,tipico,anexo-ifra,D00001,Balm oil (Melissa officinallis L.)
M04015,S01007,,16.68,,tipico,anexo-ifra,D00001,Balm oil (Melissa officinallis L.)
M04016,S00001,,3.79,,tipico,anexo-ifra,D00001,Balm oil (Melissa officinalis L.)
M04016,S00065,,6.88,,tipico,anexo-ifra,D00001,Balm oil (Melissa officinalis L.)
M04016,S00066,,7.49,,tipico,anexo-ifra,D00001,Balm oil (Melissa officinalis L.)
M04016,S00068,,0.4,,tipico,anexo-ifra,D00001,Balm oil (Melissa officinalis L.)
M04016,S00069,,0.85,,tipico,anexo-ifra,D00001,Balm oil (Melissa officinalis L.)
M04016,S00071,,29.6,,tipico,anexo-ifra,D00001,Balm oil (Melissa officinallis L.)
M04016,S01006,,1.35,,tipico,anexo-ifra,D00001,Balm oil (Melissa officinallis L.)
M04016,S01007,,16.68,,tipico,anexo-ifra,D00001,Balm oil (Melissa officinallis L.)
M04017,S00012,,,1.57,maximo,anexo-ifra,D00001,"el máximo de las 3 entradas del anexo para 8007-00-9 (D14): Balsam oil, Peru"
M04017,S00013,,,16.38,maximo,anexo-ifra,D00001,"el máximo de las 3 entradas del anexo para 8007-00-9 (D14): Balsam oil, Peru"
M04017,S00074,,,59.17,maximo,anexo-ifra,D00001,"el máximo de las 3 entradas del anexo para 8007-00-9 (D14): Balsam oil, Peru"
M04021,S00001,,,0.2,maximo,anexo-ifra,D00001,"el máximo de las 3 entradas del anexo para 8015-73-4 (D14): Basil oil, chemotype linalool"
M04021,S00014,,,0.2,maximo,anexo-ifra,D00001,"el máximo de las 3 entradas del anexo para 8015-73-4 (D14): Basil oil, chemotype linalool"
M04021,S00020,,,7.9,maximo,anexo-ifra,D00001,"el máximo de las 3 entradas del anexo para 8015-73-4 (D14): Basil oil, chemotype linalool"
M04021,S00025,,,0.39,maximo,anexo-ifra,D00001,"el máximo de las 3 entradas del anexo para 8015-73-4 (D14): Basil oil, chemotype estragole"
M04021,S00071,,,0.07,maximo,anexo-ifra,D00001,"el máximo de las 3 entradas del anexo para 8015-73-4 (D14): Basil oil, chemotype estragole"
M04021,S00083,,,81.87,maximo,anexo-ifra,D00001,"el máximo de las 3 entradas del anexo para 8015-73-4 (D14): Basil oil, chemotype estragole"
M04021,S01005,,,0.1,maximo,anexo-ifra,D00001,"el máximo de las 3 entradas del anexo para 8015-73-4 (D14): Basil oil, chemotype estragole"
M04021,S01006,,,0.1,maximo,anexo-ifra,D00001,"el máximo de las 3 entradas del anexo para 8015-73-4 (D14): Basil oil, chemotype linalool"
M04021,S01007,,,0.02,maximo,anexo-ifra,D00001,"el máximo de las 3 entradas del anexo para 8015-73-4 (D14): Basil oil, chemotype estragole"
M04021,S01008,,,0.49,maximo,anexo-ifra,D00001,"el máximo de las 3 entradas del anexo para 8015-73-4 (D14): Basil oil, chemotype estragole"
M04023,S00003,,0.3,,tipico,anexo-ifra,D00001,"Bay leaf, West Indian, oil (Pimenta racemosa (Mill.) J.W. Moore)"
M04023,S00020,,51,,tipico,anexo-ifra,D00001,"Bay leaf, West Indian, oil (Pimenta racemosa (Mill.) J.W. Moore)"
M04023,S00025,,2,,tipico,anexo-ifra,D00001,"Bay leaf, West Indian, oil (Pimenta racemosa (Mill.) J.W. Moore)"
M04023,S00071,,0.25,,tipico,anexo-ifra,D00001,"Bay leaf, West Indian, oil (Pimenta racemosa (Mill.) J.W. Moore)"
M04023,S00083,,0.1,,tipico,anexo-ifra,D00001,"Bay leaf, West Indian, oil (Pimenta racemosa (Mill.) J.W. Moore)"
M04023,S01007,,0.2,,tipico,anexo-ifra,D00001,"Bay leaf, West Indian, oil (Pimenta racemosa (Mill.) J.W. Moore)"
M04027,S00001,,0.02,,tipico,anexo-ifra,D00001,"Orange oil, bitter (Citrus aurantium L. spp. Amara Link)"
M04027,S00015,,0.05,,tipico,anexo-ifra,D00001,"Orange oil, bitter (Citrus aurantium L. spp. Amara Link)"
M04027,S00071,,0.05,,tipico,anexo-ifra,D00001,"Orange oil, bitter (Citrus aurantium L. spp. Amara Link)"
M04027,S01007,,0.03,,tipico,anexo-ifra,D00001,"Orange oil, bitter (Citrus aurantium L. spp. Amara Link)"
M04027,S01013,,0.02,,tipico,anexo-ifra,D00001,"Orange oil, bitter (Citrus aurantium L. spp. Amara Link)"
M04029,S00025,,0.02,,tipico,anexo-ifra,D00001,"Bucchu absolute, betulina (Agathosma betulina (P.J.Bergius) Pillans)"
M04029,S00066,,0.19,,tipico,anexo-ifra,D00001,"Bucchu absolute, betulina (Agathosma betulina (P.J.Bergius) Pillans)"
M04029,S01006,,0.15,,tipico,anexo-ifra,D00001,"Bucchu absolute, betulina (Agathosma betulina (P.J.Bergius) Pillans)"
M04034,S00070,,,80,maximo,anexo-ifra,D00001,"el máximo de las 2 entradas del anexo para 8008-51-3 (D14): Camphor oil, brown"
M04037,S00001,,1,,tipico,anexo-ifra,D00001,Cardamom seed oil (Elettaria cardamomum (L.) Maton)
M04037,S00061,,0.5,,tipico,anexo-ifra,D00001,Cardamom seed oil (Elettaria cardamomum (L.) Maton)
M04039,S00001,,1.43,,tipico,anexo-ifra,D00001,Carrot seed oil (Daucus carota L.)
M04039,S00014,,0.28,,tipico,anexo-ifra,D00001,Carrot seed oil (Daucus carota L.)
M04039,S00071,,0.03,,tipico,anexo-ifra,D00001,Carrot seed oil (Daucus carota L.)
M04039,S00084,,2.18,,tipico,anexo-ifra,D00001,Carrot seed oil (Daucus carota L.)
M04039,S01007,,0.01,,tipico,anexo-ifra,D00001,Carrot seed oil (Daucus carota L.)
M04039,S01008,,0.05,,tipico,anexo-ifra,D00001,Carrot seed oil (Daucus carota L.)
M04039,S01010,,0.05,,tipico,anexo-ifra,D00001,Carrot seed oil (Daucus carota L.)
M04039,S01011,,0.19,,tipico,anexo-ifra,D00001,Carrot seed oil (Daucus carota L.)
M04039,S01014,,0.06,,tipico,anexo-ifra,D00001,Carrot seed oil (Daucus carota L.)
M04040,S00001,,1.43,,tipico,anexo-ifra,D00001,Carrot seed oil (Daucus carota L.)
M04040,S00014,,0.28,,tipico,anexo-ifra,D00001,Carrot seed oil (Daucus carota L.)
M04040,S00071,,0.03,,tipico,anexo-ifra,D00001,Carrot seed oil (Daucus carota L.)
M04040,S00084,,2.18,,tipico,anexo-ifra,D00001,Carrot seed oil (Daucus carota L.)
M04040,S01007,,0.01,,tipico,anexo-ifra,D00001,Carrot seed oil (Daucus carota L.)
M04040,S01008,,0.05,,tipico,anexo-ifra,D00001,Carrot seed oil (Daucus carota L.)
M04040,S01010,,0.05,,tipico,anexo-ifra,D00001,Carrot seed oil (Daucus carota L.)
M04040,S01011,,0.19,,tipico,anexo-ifra,D00001,Carrot seed oil (Daucus carota L.)
M04040,S01014,,0.06,,tipico,anexo-ifra,D00001,Carrot seed oil (Daucus carota L.)
M04041,S01014,,0.1,,tipico,anexo-ifra,D00001,Cassis bud absolute (Ribes nigrum L.)
M04044,S00014,,0.6,,tipico,anexo-ifra,D00001,"Cedarwood oil, Chinese (Cupressus funebris Endl.)"
M04044,S00063,,19.1,,tipico,anexo-ifra,D00001,"Cedarwood oil, Chinese (Cupressus funebris Endl.)"
M04044,S00081,,6,,tipico,anexo-ifra,D00001,"Cedarwood oil, Chinese (Cupressus funebris Endl.)"
M04047,S00014,,4,,tipico,anexo-ifra,D00001,"Chamomile flower oil, blue (Matricaria chamomilla L.)"
M04048,S00014,,4,,tipico,anexo-ifra,D00001,"Chamomile flower oil, blue (Matricaria chamomilla L.)"
M04050,S00012,,0.64,,tipico,anexo-ifra,D00001,Champaca absolute (Michelia champaca L.)
M04050,S00018,,0.02,,tipico,anexo-ifra,D00001,Champaca absolute (Michelia champaca L.)
M04050,S00020,,0.55,,tipico,anexo-ifra,D00001,Champaca absolute (Michelia champaca L.)
M04050,S00023,,0.03,,tipico,anexo-ifra,D00001,Champaca absolute (Michelia champaca L.)
M04050,S00025,,0.01,,tipico,anexo-ifra,D00001,Champaca absolute (Michelia champaca L.)
M04050,S00074,,0.53,,tipico,anexo-ifra,D00001,Champaca absolute (Michelia champaca L.)
M04050,S01016,,1,,tipico,anexo-ifra,D00001,Champaca absolute (Michelia champaca L.)
M04050,S01017,,0.01,,tipico,anexo-ifra,D00001,Champaca absolute (Michelia champaca L.)
M04051,S00001,,,0.32,maximo,anexo-ifra,D00001,el máximo de las 3 entradas del anexo para 92457-18-6 (D14): Michelia alba flower oil
M04051,S00012,,,0.64,maximo,anexo-ifra,D00001,el máximo de las 3 entradas del anexo para 92457-18-6 (D14): Champaca absolute
M04051,S00018,,,0.02,maximo,anexo-ifra,D00001,el máximo de las 3 entradas del anexo para 92457-18-6 (D14): Champaca absolute
M04051,S00020,,,0.55,maximo,anexo-ifra,D00001,el máximo de las 3 entradas del anexo para 92457-18-6 (D14): Champaca absolute
M04051,S00023,,,0.03,maximo,anexo-ifra,D00001,el máximo de las 3 entradas del anexo para 92457-18-6 (D14): Champaca absolute
M04051,S00025,,,2.06,maximo,anexo-ifra,D00001,el máximo de las 3 entradas del anexo para 92457-18-6 (D14): Michelia alba flower oil
M04051,S00074,,,0.53,maximo,anexo-ifra,D00001,el máximo de las 3 entradas del anexo para 92457-18-6 (D14): Champaca absolute
M04051,S01016,,,1,maximo,anexo-ifra,D00001,el máximo de las 3 entradas del anexo para 92457-18-6 (D14): Champaca absolute
M04051,S01017,,,0.01,maximo,anexo-ifra,D00001,el máximo de las 3 entradas del anexo para 92457-18-6 (D14): Champaca absolute
M04053,S00011,,,0.2,maximo,anexo-ifra,D00001,el máximo de las 3 entradas del anexo para 8015-91-6 (D14): Cinnamon bark oil
M04053,S00012,,,0.1,maximo,anexo-ifra,D00001,el máximo de las 3 entradas del anexo para 8015-91-6 (D14): Cinnamon leaf oil
M04053,S00017,,,77.5,maximo,anexo-ifra,D00001,el máximo de las 3 entradas del anexo para 8015-91-6 (D14): Cinnamon bark CO2 extract
M04053,S00018,,,1.1,maximo,anexo-ifra,D00001,el máximo de las 3 entradas del anexo para 8015-91-6 (D14): Cinnamon bark CO2 extract
M04053,S00020,,,74,maximo,anexo-ifra,D00001,el máximo de las 3 entradas del anexo para 8015-91-6 (D14): Cinnamon leaf oil
M04053,S00023,,,0.13,maximo,anexo-ifra,D00001,el máximo de las 3 entradas del anexo para 8015-91-6 (D14): Cinnamon leaf oil
M04053,S00025,,,0.01,maximo,anexo-ifra,D00001,el máximo de las 3 entradas del anexo para 8015-91-6 (D14): Cinnamon leaf oil
M04053,S00035,,,0.6,maximo,anexo-ifra,D00001,el máximo de las 3 entradas del anexo para 8015-91-6 (D14): Cinnamon bark oil
M04053,S00070,,,1.2,maximo,anexo-ifra,D00001,el máximo de las 3 entradas del anexo para 8015-91-6 (D14): Cinnamon leaf oil
M04053,S00074,,,3.5,maximo,anexo-ifra,D00001,el máximo de las 3 entradas del anexo para 8015-91-6 (D14): Cinnamon leaf oil
M04053,S00084,,,0.12,maximo,anexo-ifra,D00001,el máximo de las 3 entradas del anexo para 8015-91-6 (D14): Cinnamon leaf oil
M04053,S01015,,,0.5,maximo,anexo-ifra,D00001,el máximo de las 3 entradas del anexo para 8015-91-6 (D14): Cinnamon bark oil
M04054,S00001,,,0.12,maximo,anexo-ifra,D00001,el máximo de las 5 entradas del anexo para 8016-26-0 (D14): Labdanum oil
M04054,S00011,,,0.9,maximo,anexo-ifra,D00001,el máximo de las 5 entradas del anexo para 8016-26-0 (D14): Cistus oil
M04054,S00015,,,0.25,maximo,anexo-ifra,D00001,el máximo de las 5 entradas del anexo para 8016-26-0 (D14): Labdanum oil
M04054,S00018,,,0.03,maximo,anexo-ifra,D00001,el máximo de las 5 entradas del anexo para 8016-26-0 (D14): Cistus absolute
M04054,S00020,,,0.5,maximo,anexo-ifra,D00001,el máximo de las 5 entradas del anexo para 8016-26-0 (D14): Labdanum oil
M04054,S00025,,,0.05,maximo,anexo-ifra,D00001,el máximo de las 5 entradas del anexo para 8016-26-0 (D14): Labdanum oil
M04054,S01008,,,0.6,maximo,anexo-ifra,D00001,el máximo de las 5 entradas del anexo para 8016-26-0 (D14): Cistus oil
M04054,S01018,,,0.18,maximo,anexo-ifra,D00001,el máximo de las 5 entradas del anexo para 8016-26-0 (D14): Cistus oil
M04054,S01019,,,0.2,maximo,anexo-ifra,D00001,el máximo de las 5 entradas del anexo para 8016-26-0 (D14): Cistus oil
M04055,S00001,,0.71,,tipico,anexo-ifra,D00001,Citron oil (Citrus medica L.)
M04055,S00020,,0.01,,tipico,anexo-ifra,D00001,Citron oil (Citrus medica L.)
M04055,S00065,,0.15,,tipico,anexo-ifra,D00001,Citron oil (Citrus medica L.)
M04055,S00066,,0.12,,tipico,anexo-ifra,D00001,Citron oil (Citrus medica L.)
M04055,S00071,,2.63,,tipico,anexo-ifra,D00001,Citron oil (Citrus medica L.)
M04055,S00084,,0.01,,tipico,anexo-ifra,D00001,Citron oil (Citrus medica L.)
M04055,S01007,,1.57,,tipico,anexo-ifra,D00001,Citron oil (Citrus medica L.)
M04057,S00061,,0.01,,tipico,anexo-ifra,D00001,Citrus junos oil (Citrus junos Siebold ex. Tanaka ichangensis × reticulata var. austera (reticulata var. austera) (Rutaceae))
M04058,S00001,,,0.05,maximo,anexo-ifra,D00001,el máximo de las 4 entradas del anexo para 8000-34-8 (D14): Clove bud oil terpenes
M04058,S00012,,,0.01,maximo,anexo-ifra,D00001,el máximo de las 4 entradas del anexo para 8000-34-8 (D14): Clove bud oil terpenes
M04058,S00020,,,88,maximo,anexo-ifra,D00001,el máximo de las 4 entradas del anexo para 8000-34-8 (D14): Clove stem oil
M04058,S00023,,,0.1,maximo,anexo-ifra,D00001,el máximo de las 4 entradas del anexo para 8000-34-8 (D14): Clove leaf oil
M04058,S00025,,,0.1,maximo,anexo-ifra,D00001,el máximo de las 4 entradas del anexo para 8000-34-8 (D14): Clove bud oil
M04059,S00001,,,1.6,maximo,anexo-ifra,D00001,el máximo de las 2 entradas del anexo para 8008-52-4 (D14): Coriander seed oil
M04059,S00004,,,0.02,maximo,anexo-ifra,D00001,el máximo de las 2 entradas del anexo para 8008-52-4 (D14): Coriander herb oil
M04060,S00001,,,1.6,maximo,anexo-ifra,D00001,el máximo de las 2 entradas del anexo para 8008-52-4 (D14): Coriander seed oil
M04060,S00004,,,0.02,maximo,anexo-ifra,D00001,el máximo de las 2 entradas del anexo para 8008-52-4 (D14): Coriander herb oil
M04061,S00001,,,1.6,maximo,anexo-ifra,D00001,el máximo de las 2 entradas del anexo para 8008-52-4 (D14): Coriander seed oil
M04061,S00004,,,0.02,maximo,anexo-ifra,D00001,el máximo de las 2 entradas del anexo para 8008-52-4 (D14): Coriander herb oil
M04064,S00070,,0.04,,tipico,anexo-ifra,D00001,Cubeb oil (Piper cubeba L. f.)
M04064,S01010,,2.98,,tipico,anexo-ifra,D00001,Cubeb oil (Piper cubeba L. f.)
M04064,S01011,,1.55,,tipico,anexo-ifra,D00001,Cubeb oil (Piper cubeba L. f.)
M04064,S01020,,0.09,,tipico,anexo-ifra,D00001,Cubeb oil (Piper cubeba L. f.)
M04065,S00063,,0.36,,tipico,anexo-ifra,D00001,Cypress oil (Cupresssus sempervirens L.)
M04065,S00081,,0.38,,tipico,anexo-ifra,D00001,Cypress oil (Cupresssus sempervirens L.)
M04067,S00035,,25,,tipico,anexo-ifra,D00001,Deertongue leaf absolute (Liatris odoratissima (Walt.) Willd.)
M04067,S01021,,2,,tipico,anexo-ifra,D00001,Deertongue leaf absolute (Liatris odoratissima (Walt.) Willd.)
M04071,S00083,,,2.32,maximo,anexo-ifra,D00001,"el máximo de las 2 entradas del anexo para 8006-84-6 (D14): Fennel oil, sweet"
M04071,S01005,,,0.47,maximo,anexo-ifra,D00001,"el máximo de las 2 entradas del anexo para 8006-84-6 (D14): Fennel oil, sweet"
M04072,S00083,,,2.32,maximo,anexo-ifra,D00001,"el máximo de las 2 entradas del anexo para 8006-84-6 (D14): Fennel oil, sweet"
M04072,S01005,,,0.47,maximo,anexo-ifra,D00001,"el máximo de las 2 entradas del anexo para 8006-84-6 (D14): Fennel oil, sweet"
M04078,S00001,,,17.7,maximo,anexo-ifra,D00001,el máximo de las 3 entradas del anexo para 8000-46-2 (D14): Geranium oil
M04078,S00061,,,0.5,maximo,anexo-ifra,D00001,el máximo de las 3 entradas del anexo para 8000-46-2 (D14): Geranium oil
M04078,S00065,,,0.15,maximo,anexo-ifra,D00001,el máximo de las 3 entradas del anexo para 8000-46-2 (D14): Geranium oil
M04078,S01006,,,0.8,maximo,anexo-ifra,D00001,el máximo de las 3 entradas del anexo para 8000-46-2 (D14): Geranium oil African
M04078,S01314,,,0.1,maximo,anexo-ifra,D00001,el máximo de las 3 entradas del anexo para 8000-46-2 (D14): Geranium oil
M04078,S01777,,,33,maximo,anexo-ifra,D00001,el máximo de las 3 entradas del anexo para 8000-46-2 (D14): Geranium oil African
M04079,S00001,,,17.7,maximo,anexo-ifra,D00001,el máximo de las 3 entradas del anexo para 8000-46-2 (D14): Geranium oil
M04079,S00061,,,0.5,maximo,anexo-ifra,D00001,el máximo de las 3 entradas del anexo para 8000-46-2 (D14): Geranium oil
M04079,S00065,,,0.15,maximo,anexo-ifra,D00001,el máximo de las 3 entradas del anexo para 8000-46-2 (D14): Geranium oil
M04079,S01006,,,0.8,maximo,anexo-ifra,D00001,el máximo de las 3 entradas del anexo para 8000-46-2 (D14): Geranium oil African
M04079,S01314,,,0.1,maximo,anexo-ifra,D00001,el máximo de las 3 entradas del anexo para 8000-46-2 (D14): Geranium oil
M04079,S01777,,,33,maximo,anexo-ifra,D00001,el máximo de las 3 entradas del anexo para 8000-46-2 (D14): Geranium oil African
M04080,S00001,,,0.5,maximo,anexo-ifra,D00001,el máximo de las 3 entradas del anexo para 8007-08-7 (D14): Ginger oil
M04080,S00061,,,2.8,maximo,anexo-ifra,D00001,el máximo de las 3 entradas del anexo para 8007-08-7 (D14): Ginger oil
M04080,S00065,,,0.4,maximo,anexo-ifra,D00001,el máximo de las 3 entradas del anexo para 8007-08-7 (D14): Ginger oil
M04080,S00071,,,0.9,maximo,anexo-ifra,D00001,el máximo de las 3 entradas del anexo para 8007-08-7 (D14): Ginger CO2 extract
M04080,S01004,,,0.2,maximo,anexo-ifra,D00001,el máximo de las 3 entradas del anexo para 8007-08-7 (D14): Ginger oil
M04080,S01006,,,0.17,maximo,anexo-ifra,D00001,el máximo de las 3 entradas del anexo para 8007-08-7 (D14): Ginger CO2 extract
M04080,S01007,,,0.57,maximo,anexo-ifra,D00001,el máximo de las 3 entradas del anexo para 8007-08-7 (D14): Ginger CO2 extract
M04082,S00004,,,0.03,maximo,anexo-ifra,D00001,el máximo de las 2 entradas del anexo para 8016-20-4 (D14): Grapefruit oil
M04082,S00061,,,0.1,maximo,anexo-ifra,D00001,el máximo de las 2 entradas del anexo para 8016-20-4 (D14): Grapefruit oil
M04082,S00065,,,0.1,maximo,anexo-ifra,D00001,el máximo de las 2 entradas del anexo para 8016-20-4 (D14): Grapefruit oil
M04082,S00071,,,0.06,maximo,anexo-ifra,D00001,el máximo de las 2 entradas del anexo para 8016-20-4 (D14): Grapefruit essence oil
M04082,S01007,,,0.04,maximo,anexo-ifra,D00001,el máximo de las 2 entradas del anexo para 8016-20-4 (D14): Grapefruit essence oil
M04083,S01729,,0.12,,tipico,anexo-ifra,D00001,Guaiac wood oil (Bulnesia sarmienti Lorentz ex Griseb.)
M04091,S00035,,8,,tipico,anexo-ifra,D00001,Hay absolute (Lolium perenne. L)
M04097,S00024,,,32,maximo,anexo-ifra,D00001,el máximo de las 2 entradas del anexo para 91745-97-0 (D14): Hinoki leaf oil
M04098,S00001,,,0.4,maximo,anexo-ifra,D00001,el máximo de las 2 entradas del anexo para 8022-91-1 (D14): Ho Leaf oil
M04099,S00001,,0.2,,tipico,anexo-ifra,D00001,Hop oil (Humulus lupus L.)
M04108,S00001,,0.1,,tipico,anexo-ifra,D00001,Juniper berry oil (Juniperus communis L.)
M04108,S00024,,0.1,,tipico,anexo-ifra,D00001,Juniper berry oil (Juniperus communis L.)
M04108,S00063,,0.4,,tipico,anexo-ifra,D00001,Juniper berry oil (Juniperus communis L.)
M04108,S00080,,0.05,,tipico,anexo-ifra,D00001,Juniper berry oil (Juniperus communis L.)
M04108,S01006,,0.19,,tipico,anexo-ifra,D00001,Juniper berry oil (Juniperus communis L.)
M04109,S00001,,0.1,,tipico,anexo-ifra,D00001,Juniper berry oil (Juniperus communis L.)
M04109,S00024,,0.1,,tipico,anexo-ifra,D00001,Juniper berry oil (Juniperus communis L.)
M04109,S00063,,0.4,,tipico,anexo-ifra,D00001,Juniper berry oil (Juniperus communis L.)
M04109,S00080,,0.05,,tipico,anexo-ifra,D00001,Juniper berry oil (Juniperus communis L.)
M04109,S01006,,0.19,,tipico,anexo-ifra,D00001,Juniper berry oil (Juniperus communis L.)
M04110,S00001,,0.1,,tipico,anexo-ifra,D00001,Juniper berry oil (Juniperus communis L.)
M04110,S00024,,0.1,,tipico,anexo-ifra,D00001,Juniper berry oil (Juniperus communis L.)
M04110,S00063,,0.4,,tipico,anexo-ifra,D00001,Juniper berry oil (Juniperus communis L.)
M04110,S00080,,0.05,,tipico,anexo-ifra,D00001,Juniper berry oil (Juniperus communis L.)
M04110,S01006,,0.19,,tipico,anexo-ifra,D00001,Juniper berry oil (Juniperus communis L.)
M04113,S00001,,,0.12,maximo,anexo-ifra,D00001,el máximo de las 5 entradas del anexo para 8016-26-0 (D14): Labdanum oil
M04113,S00011,,,0.9,maximo,anexo-ifra,D00001,el máximo de las 5 entradas del anexo para 8016-26-0 (D14): Cistus oil
M04113,S00015,,,0.25,maximo,anexo-ifra,D00001,el máximo de las 5 entradas del anexo para 8016-26-0 (D14): Labdanum oil
M04113,S00018,,,0.03,maximo,anexo-ifra,D00001,el máximo de las 5 entradas del anexo para 8016-26-0 (D14): Cistus absolute
M04113,S00020,,,0.5,maximo,anexo-ifra,D00001,el máximo de las 5 entradas del anexo para 8016-26-0 (D14): Labdanum oil
M04113,S00025,,,0.05,maximo,anexo-ifra,D00001,el máximo de las 5 entradas del anexo para 8016-26-0 (D14): Labdanum oil
M04113,S01008,,,0.6,maximo,anexo-ifra,D00001,el máximo de las 5 entradas del anexo para 8016-26-0 (D14): Cistus oil
M04113,S01018,,,0.18,maximo,anexo-ifra,D00001,el máximo de las 5 entradas del anexo para 8016-26-0 (D14): Cistus oil
M04113,S01019,,,0.2,maximo,anexo-ifra,D00001,el máximo de las 5 entradas del anexo para 8016-26-0 (D14): Cistus oil
M04114,S00001,,,0.12,maximo,anexo-ifra,D00001,el máximo de las 5 entradas del anexo para 8016-26-0 (D14): Labdanum oil
M04114,S00011,,,0.9,maximo,anexo-ifra,D00001,el máximo de las 5 entradas del anexo para 8016-26-0 (D14): Cistus oil
M04114,S00015,,,0.25,maximo,anexo-ifra,D00001,el máximo de las 5 entradas del anexo para 8016-26-0 (D14): Labdanum oil
M04114,S00018,,,0.03,maximo,anexo-ifra,D00001,el máximo de las 5 entradas del anexo para 8016-26-0 (D14): Cistus absolute
M04114,S00020,,,0.5,maximo,anexo-ifra,D00001,el máximo de las 5 entradas del anexo para 8016-26-0 (D14): Labdanum oil
M04114,S00025,,,0.05,maximo,anexo-ifra,D00001,el máximo de las 5 entradas del anexo para 8016-26-0 (D14): Labdanum oil
M04114,S01008,,,0.6,maximo,anexo-ifra,D00001,el máximo de las 5 entradas del anexo para 8016-26-0 (D14): Cistus oil
M04114,S01018,,,0.18,maximo,anexo-ifra,D00001,el máximo de las 5 entradas del anexo para 8016-26-0 (D14): Cistus oil
M04114,S01019,,,0.2,maximo,anexo-ifra,D00001,el máximo de las 5 entradas del anexo para 8016-26-0 (D14): Cistus oil
M04116,S00001,,,0.3,maximo,anexo-ifra,D00001,el máximo de las 5 entradas del anexo para 8022-15-9 (D14): Lavandin abrialis oil
M04116,S00003,,,1.09,maximo,anexo-ifra,D00001,el máximo de las 5 entradas del anexo para 8022-15-9 (D14): Lavandin absolute
M04116,S00004,,,0.02,maximo,anexo-ifra,D00001,el máximo de las 5 entradas del anexo para 8022-15-9 (D14): Lavandin abrialis oil
M04116,S00014,,,1.91,maximo,anexo-ifra,D00001,el máximo de las 5 entradas del anexo para 8022-15-9 (D14): Lavandin concrete
M04116,S00035,,,1.77,maximo,anexo-ifra,D00001,el máximo de las 5 entradas del anexo para 8022-15-9 (D14): Lavandin absolute
M04116,S00064,,,0.62,maximo,anexo-ifra,D00001,el máximo de las 5 entradas del anexo para 8022-15-9 (D14): Lavandin absolute
M04117,S00001,,,0.3,maximo,anexo-ifra,D00001,el máximo de las 5 entradas del anexo para 8022-15-9 (D14): Lavandin abrialis oil
M04117,S00003,,,1.09,maximo,anexo-ifra,D00001,el máximo de las 5 entradas del anexo para 8022-15-9 (D14): Lavandin absolute
M04117,S00004,,,0.02,maximo,anexo-ifra,D00001,el máximo de las 5 entradas del anexo para 8022-15-9 (D14): Lavandin abrialis oil
M04117,S00014,,,1.91,maximo,anexo-ifra,D00001,el máximo de las 5 entradas del anexo para 8022-15-9 (D14): Lavandin concrete
M04117,S00035,,,1.77,maximo,anexo-ifra,D00001,el máximo de las 5 entradas del anexo para 8022-15-9 (D14): Lavandin absolute
M04117,S00064,,,0.62,maximo,anexo-ifra,D00001,el máximo de las 5 entradas del anexo para 8022-15-9 (D14): Lavandin absolute
M04118,S00001,,,0.3,maximo,anexo-ifra,D00001,el máximo de las 5 entradas del anexo para 8022-15-9 (D14): Lavandin abrialis oil
M04118,S00003,,,1.09,maximo,anexo-ifra,D00001,el máximo de las 5 entradas del anexo para 8022-15-9 (D14): Lavandin absolute
M04118,S00004,,,0.02,maximo,anexo-ifra,D00001,el máximo de las 5 entradas del anexo para 8022-15-9 (D14): Lavandin abrialis oil
M04118,S00014,,,1.91,maximo,anexo-ifra,D00001,el máximo de las 5 entradas del anexo para 8022-15-9 (D14): Lavandin concrete
M04118,S00035,,,1.77,maximo,anexo-ifra,D00001,el máximo de las 5 entradas del anexo para 8022-15-9 (D14): Lavandin absolute
M04118,S00064,,,0.62,maximo,anexo-ifra,D00001,el máximo de las 5 entradas del anexo para 8022-15-9 (D14): Lavandin absolute
M04119,S00001,,,0.3,maximo,anexo-ifra,D00001,el máximo de las 5 entradas del anexo para 8022-15-9 (D14): Lavandin abrialis oil
M04119,S00003,,,1.09,maximo,anexo-ifra,D00001,el máximo de las 5 entradas del anexo para 8022-15-9 (D14): Lavandin absolute
M04119,S00004,,,0.02,maximo,anexo-ifra,D00001,el máximo de las 5 entradas del anexo para 8022-15-9 (D14): Lavandin abrialis oil
M04119,S00014,,,1.91,maximo,anexo-ifra,D00001,el máximo de las 5 entradas del anexo para 8022-15-9 (D14): Lavandin concrete
M04119,S00035,,,1.77,maximo,anexo-ifra,D00001,el máximo de las 5 entradas del anexo para 8022-15-9 (D14): Lavandin absolute
M04119,S00064,,,0.62,maximo,anexo-ifra,D00001,el máximo de las 5 entradas del anexo para 8022-15-9 (D14): Lavandin absolute
M04120,S00001,,,0.48,maximo,anexo-ifra,D00001,el máximo de las 3 entradas del anexo para 8000-28-0 (D14): Lavender oil
M04120,S00003,,,1.04,maximo,anexo-ifra,D00001,el máximo de las 3 entradas del anexo para 8000-28-0 (D14): Lavender oil
M04120,S00004,,,0.01,maximo,anexo-ifra,D00001,el máximo de las 3 entradas del anexo para 8000-28-0 (D14): Lavender oil
M04120,S00035,,,5.98,maximo,anexo-ifra,D00001,el máximo de las 3 entradas del anexo para 8000-28-0 (D14): Lavender absolute
M04120,S00064,,,8,maximo,anexo-ifra,D00001,el máximo de las 3 entradas del anexo para 8000-28-0 (D14): Lavender concrete
M04120,S01020,,,0.06,maximo,anexo-ifra,D00001,el máximo de las 3 entradas del anexo para 8000-28-0 (D14): Lavender absolute
M04121,S00001,,0,,tipico,anexo-ifra,D00001,Lavender oil dentata (Lavandula dentata)
M04121,S00003,,0,,tipico,anexo-ifra,D00001,Lavender oil dentata (Lavandula dentata)
M04121,S00035,,0.35,,tipico,anexo-ifra,D00001,Lavender oil dentata (Lavandula dentata)
M04121,S01008,,0.3,,tipico,anexo-ifra,D00001,Lavender oil dentata (Lavandula dentata)
M04121,S01014,,0.2,,tipico,anexo-ifra,D00001,Lavender oil dentata (Lavandula dentata)
M04121,S01020,,0.2,,tipico,anexo-ifra,D00001,Lavender oil dentata (Lavandula dentata)
M04122,S00001,,,0.48,maximo,anexo-ifra,D00001,el máximo de las 3 entradas del anexo para 8000-28-0 (D14): Lavender oil
M04122,S00003,,,1.04,maximo,anexo-ifra,D00001,el máximo de las 3 entradas del anexo para 8000-28-0 (D14): Lavender oil
M04122,S00004,,,0.01,maximo,anexo-ifra,D00001,el máximo de las 3 entradas del anexo para 8000-28-0 (D14): Lavender oil
M04122,S00035,,,5.98,maximo,anexo-ifra,D00001,el máximo de las 3 entradas del anexo para 8000-28-0 (D14): Lavender absolute
M04122,S00064,,,8,maximo,anexo-ifra,D00001,el máximo de las 3 entradas del anexo para 8000-28-0 (D14): Lavender concrete
M04122,S01020,,,0.06,maximo,anexo-ifra,D00001,el máximo de las 3 entradas del anexo para 8000-28-0 (D14): Lavender absolute
M04123,S00001,,,0.1,maximo,anexo-ifra,D00001,"el máximo de las 3 entradas del anexo para 8008-56-8 (D14): Lemon oil, expressed"
M04123,S00061,,,3.5,maximo,anexo-ifra,D00001,"el máximo de las 3 entradas del anexo para 8008-56-8 (D14): Lemon oil, expressed"
M04123,S00064,,,0.05,maximo,anexo-ifra,D00001,"el máximo de las 3 entradas del anexo para 8008-56-8 (D14): Lemon oil, expressed"
M04123,S00065,,,0.1,maximo,anexo-ifra,D00001,"el máximo de las 3 entradas del anexo para 8008-56-8 (D14): Lemon oil, expressed"
M04123,S00071,,,1.36,maximo,anexo-ifra,D00001,el máximo de las 3 entradas del anexo para 8008-56-8 (D14): Lemon oil steam distilled
M04123,S01007,,,0.81,maximo,anexo-ifra,D00001,el máximo de las 3 entradas del anexo para 8008-56-8 (D14): Lemon oil steam distilled
M04124,S00001,,,5.25,maximo,anexo-ifra,D00001,"el máximo de las 2 entradas del anexo para 8007-02-1 (D14): Lemongrass oil, East Indian"
M04124,S00020,,,0.2,maximo,anexo-ifra,D00001,"el máximo de las 2 entradas del anexo para 8007-02-1 (D14): Lemongrass oil, West Indian"
M04124,S00023,,,0.5,maximo,anexo-ifra,D00001,"el máximo de las 2 entradas del anexo para 8007-02-1 (D14): Lemongrass oil, West Indian"
M04124,S00025,,,0.05,maximo,anexo-ifra,D00001,"el máximo de las 2 entradas del anexo para 8007-02-1 (D14): Lemongrass oil, East Indian"
M04124,S00061,,,73,maximo,anexo-ifra,D00001,"el máximo de las 2 entradas del anexo para 8007-02-1 (D14): Lemongrass oil, West Indian"
M04124,S00065,,,0.51,maximo,anexo-ifra,D00001,"el máximo de las 2 entradas del anexo para 8007-02-1 (D14): Lemongrass oil, East Indian"
M04124,S00066,,,0.25,maximo,anexo-ifra,D00001,"el máximo de las 2 entradas del anexo para 8007-02-1 (D14): Lemongrass oil, East Indian"
M04124,S00068,,,1,maximo,anexo-ifra,D00001,"el máximo de las 2 entradas del anexo para 8007-02-1 (D14): Lemongrass oil, West Indian"
M04124,S00069,,,1.3,maximo,anexo-ifra,D00001,"el máximo de las 2 entradas del anexo para 8007-02-1 (D14): Lemongrass oil, East Indian"
M04124,S00071,,,41.42,maximo,anexo-ifra,D00001,"el máximo de las 2 entradas del anexo para 8007-02-1 (D14): Lemongrass oil, East Indian"
M04124,S01006,,,0.23,maximo,anexo-ifra,D00001,"el máximo de las 2 entradas del anexo para 8007-02-1 (D14): Lemongrass oil, East Indian"
M04124,S01007,,,30.54,maximo,anexo-ifra,D00001,"el máximo de las 2 entradas del anexo para 8007-02-1 (D14): Lemongrass oil, East Indian"
M04125,S00001,,,5.25,maximo,anexo-ifra,D00001,"el máximo de las 2 entradas del anexo para 8007-02-1 (D14): Lemongrass oil, East Indian"
M04125,S00020,,,0.2,maximo,anexo-ifra,D00001,"el máximo de las 2 entradas del anexo para 8007-02-1 (D14): Lemongrass oil, West Indian"
M04125,S00023,,,0.5,maximo,anexo-ifra,D00001,"el máximo de las 2 entradas del anexo para 8007-02-1 (D14): Lemongrass oil, West Indian"
M04125,S00025,,,0.05,maximo,anexo-ifra,D00001,"el máximo de las 2 entradas del anexo para 8007-02-1 (D14): Lemongrass oil, East Indian"
M04125,S00061,,,73,maximo,anexo-ifra,D00001,"el máximo de las 2 entradas del anexo para 8007-02-1 (D14): Lemongrass oil, West Indian"
M04125,S00065,,,0.51,maximo,anexo-ifra,D00001,"el máximo de las 2 entradas del anexo para 8007-02-1 (D14): Lemongrass oil, East Indian"
M04125,S00066,,,0.25,maximo,anexo-ifra,D00001,"el máximo de las 2 entradas del anexo para 8007-02-1 (D14): Lemongrass oil, East Indian"
M04125,S00068,,,1,maximo,anexo-ifra,D00001,"el máximo de las 2 entradas del anexo para 8007-02-1 (D14): Lemongrass oil, West Indian"
M04125,S00069,,,1.3,maximo,anexo-ifra,D00001,"el máximo de las 2 entradas del anexo para 8007-02-1 (D14): Lemongrass oil, East Indian"
M04125,S00071,,,41.42,maximo,anexo-ifra,D00001,"el máximo de las 2 entradas del anexo para 8007-02-1 (D14): Lemongrass oil, East Indian"
M04125,S01006,,,0.23,maximo,anexo-ifra,D00001,"el máximo de las 2 entradas del anexo para 8007-02-1 (D14): Lemongrass oil, East Indian"
M04125,S01007,,,30.54,maximo,anexo-ifra,D00001,"el máximo de las 2 entradas del anexo para 8007-02-1 (D14): Lemongrass oil, East Indian"
M04126,S00001,,,5.25,maximo,anexo-ifra,D00001,"el máximo de las 2 entradas del anexo para 8007-02-1 (D14): Lemongrass oil, East Indian"
M04126,S00020,,,0.2,maximo,anexo-ifra,D00001,"el máximo de las 2 entradas del anexo para 8007-02-1 (D14): Lemongrass oil, West Indian"
M04126,S00023,,,0.5,maximo,anexo-ifra,D00001,"el máximo de las 2 entradas del anexo para 8007-02-1 (D14): Lemongrass oil, West Indian"
M04126,S00025,,,0.05,maximo,anexo-ifra,D00001,"el máximo de las 2 entradas del anexo para 8007-02-1 (D14): Lemongrass oil, East Indian"
M04126,S00061,,,73,maximo,anexo-ifra,D00001,"el máximo de las 2 entradas del anexo para 8007-02-1 (D14): Lemongrass oil, West Indian"
M04126,S00065,,,0.51,maximo,anexo-ifra,D00001,"el máximo de las 2 entradas del anexo para 8007-02-1 (D14): Lemongrass oil, East Indian"
M04126,S00066,,,0.25,maximo,anexo-ifra,D00001,"el máximo de las 2 entradas del anexo para 8007-02-1 (D14): Lemongrass oil, East Indian"
M04126,S00068,,,1,maximo,anexo-ifra,D00001,"el máximo de las 2 entradas del anexo para 8007-02-1 (D14): Lemongrass oil, West Indian"
M04126,S00069,,,1.3,maximo,anexo-ifra,D00001,"el máximo de las 2 entradas del anexo para 8007-02-1 (D14): Lemongrass oil, East Indian"
M04126,S00071,,,41.42,maximo,anexo-ifra,D00001,"el máximo de las 2 entradas del anexo para 8007-02-1 (D14): Lemongrass oil, East Indian"
M04126,S01006,,,0.23,maximo,anexo-ifra,D00001,"el máximo de las 2 entradas del anexo para 8007-02-1 (D14): Lemongrass oil, East Indian"
M04126,S01007,,,30.54,maximo,anexo-ifra,D00001,"el máximo de las 2 entradas del anexo para 8007-02-1 (D14): Lemongrass oil, East Indian"
M04127,S00001,,,0.15,maximo,anexo-ifra,D00001,"el máximo de las 3 entradas del anexo para 8008-26-2 (D14): Lime oil, expressed"
M04127,S00064,,,0.28,maximo,anexo-ifra,D00001,"el máximo de las 3 entradas del anexo para 8008-26-2 (D14): Persian lime oil, expressed"
M04127,S00065,,,1.39,maximo,anexo-ifra,D00001,"el máximo de las 3 entradas del anexo para 8008-26-2 (D14): Persian lime oil, expressed"
M04127,S00066,,,0.01,maximo,anexo-ifra,D00001,el máximo de las 3 entradas del anexo para 8008-26-2 (D14): Lime oil distilled
M04127,S00071,,,2.6,maximo,anexo-ifra,D00001,"el máximo de las 3 entradas del anexo para 8008-26-2 (D14): Lime oil, expressed"
M04127,S01007,,,1.7,maximo,anexo-ifra,D00001,"el máximo de las 3 entradas del anexo para 8008-26-2 (D14): Lime oil, expressed"
M04127,S01017,,,0.02,maximo,anexo-ifra,D00001,el máximo de las 3 entradas del anexo para 8008-26-2 (D14): Lime oil distilled
M04127,S02258,,,0.2,maximo,anexo-ifra,D00001,"el máximo de las 3 entradas del anexo para 8008-26-2 (D14): Lime oil, expressed"
M04130,S00020,,,0.7,maximo,anexo-ifra,D00001,el máximo de las 2 entradas del anexo para 8007-12-3 (D14): Mace oil
M04130,S00025,,,1.2,maximo,anexo-ifra,D00001,el máximo de las 2 entradas del anexo para 8007-12-3 (D14): Mace oil
M04130,S00070,,,1.7,maximo,anexo-ifra,D00001,el máximo de las 2 entradas del anexo para 8007-12-3 (D14): Mace oil
M04132,S00061,,,0.1,maximo,anexo-ifra,D00001,el máximo de las 2 entradas del anexo para 8008-31-9 (D14): Tangerine oil
M04132,S00065,,,0.1,maximo,anexo-ifra,D00001,el máximo de las 2 entradas del anexo para 8008-31-9 (D14): Tangerine oil
M04132,S00073,,,0.4,maximo,anexo-ifra,D00001,el máximo de las 2 entradas del anexo para 8008-31-9 (D14): Mandarin oil
M04133,S00061,,,0.1,maximo,anexo-ifra,D00001,el máximo de las 2 entradas del anexo para 8008-31-9 (D14): Tangerine oil
M04133,S00065,,,0.1,maximo,anexo-ifra,D00001,el máximo de las 2 entradas del anexo para 8008-31-9 (D14): Tangerine oil
M04133,S00073,,,0.4,maximo,anexo-ifra,D00001,el máximo de las 2 entradas del anexo para 8008-31-9 (D14): Mandarin oil
M04136,S01008,,0.25,,tipico,anexo-ifra,D00001,Mentha arvensis oil (Mentha arvenis L.)
M04136,S01314,,0.98,,tipico,anexo-ifra,D00001,Mentha arvensis oil (Mentha arvenis L.)
M04137,S00012,,0.64,,tipico,anexo-ifra,D00001,Champaca absolute (Michelia champaca L.)
M04137,S00018,,0.02,,tipico,anexo-ifra,D00001,Champaca absolute (Michelia champaca L.)
M04137,S00020,,0.55,,tipico,anexo-ifra,D00001,Champaca absolute (Michelia champaca L.)
M04137,S00023,,0.03,,tipico,anexo-ifra,D00001,Champaca absolute (Michelia champaca L.)
M04137,S00025,,0.01,,tipico,anexo-ifra,D00001,Champaca absolute (Michelia champaca L.)
M04137,S00074,,0.53,,tipico,anexo-ifra,D00001,Champaca absolute (Michelia champaca L.)
M04137,S01016,,1,,tipico,anexo-ifra,D00001,Champaca absolute (Michelia champaca L.)
M04137,S01017,,0.01,,tipico,anexo-ifra,D00001,Champaca absolute (Michelia champaca L.)
M04144,S00020,,,0.2,maximo,anexo-ifra,D00001,el máximo de las 2 entradas del anexo para 8008-45-5 (D14): Nutmeg oil
M04144,S00023,,,0.5,maximo,anexo-ifra,D00001,el máximo de las 2 entradas del anexo para 8008-45-5 (D14): Nutmeg oil
M04144,S00025,,,1.2,maximo,anexo-ifra,D00001,el máximo de las 2 entradas del anexo para 8008-45-5 (D14): Nutmeg oil
M04144,S00070,,,1.5,maximo,anexo-ifra,D00001,el máximo de las 2 entradas del anexo para 8008-45-5 (D14): Nutmeg oil
M04144,S01006,,,0.13,maximo,anexo-ifra,D00001,el máximo de las 2 entradas del anexo para 8008-45-5 (D14): Nutmeg oil
M04144,S01009,,,0.1,maximo,anexo-ifra,D00001,el máximo de las 2 entradas del anexo para 8008-45-5 (D14): Nutmeg oil
M04145,S00020,,,0.2,maximo,anexo-ifra,D00001,el máximo de las 2 entradas del anexo para 8008-45-5 (D14): Nutmeg oil
M04145,S00023,,,0.5,maximo,anexo-ifra,D00001,el máximo de las 2 entradas del anexo para 8008-45-5 (D14): Nutmeg oil
M04145,S00025,,,1.2,maximo,anexo-ifra,D00001,el máximo de las 2 entradas del anexo para 8008-45-5 (D14): Nutmeg oil
M04145,S00070,,,1.5,maximo,anexo-ifra,D00001,el máximo de las 2 entradas del anexo para 8008-45-5 (D14): Nutmeg oil
M04145,S01006,,,0.13,maximo,anexo-ifra,D00001,el máximo de las 2 entradas del anexo para 8008-45-5 (D14): Nutmeg oil
M04145,S01009,,,0.1,maximo,anexo-ifra,D00001,el máximo de las 2 entradas del anexo para 8008-45-5 (D14): Nutmeg oil
M04146,S00020,,,0.2,maximo,anexo-ifra,D00001,el máximo de las 2 entradas del anexo para 8008-45-5 (D14): Nutmeg oil
M04146,S00023,,,0.5,maximo,anexo-ifra,D00001,el máximo de las 2 entradas del anexo para 8008-45-5 (D14): Nutmeg oil
M04146,S00025,,,1.2,maximo,anexo-ifra,D00001,el máximo de las 2 entradas del anexo para 8008-45-5 (D14): Nutmeg oil
M04146,S00070,,,1.5,maximo,anexo-ifra,D00001,el máximo de las 2 entradas del anexo para 8008-45-5 (D14): Nutmeg oil
M04146,S01006,,,0.13,maximo,anexo-ifra,D00001,el máximo de las 2 entradas del anexo para 8008-45-5 (D14): Nutmeg oil
M04146,S01009,,,0.1,maximo,anexo-ifra,D00001,el máximo de las 2 entradas del anexo para 8008-45-5 (D14): Nutmeg oil
M04153,S00001,,0.02,,tipico,anexo-ifra,D00001,"Orange oil, bitter (Citrus aurantium L. spp. Amara Link)"
M04153,S00015,,0.05,,tipico,anexo-ifra,D00001,"Orange oil, bitter (Citrus aurantium L. spp. Amara Link)"
M04153,S00071,,0.05,,tipico,anexo-ifra,D00001,"Orange oil, bitter (Citrus aurantium L. spp. Amara Link)"
M04153,S01007,,0.03,,tipico,anexo-ifra,D00001,"Orange oil, bitter (Citrus aurantium L. spp. Amara Link)"
M04153,S01013,,0.02,,tipico,anexo-ifra,D00001,"Orange oil, bitter (Citrus aurantium L. spp. Amara Link)"
M04155,S00001,,0.02,,tipico,anexo-ifra,D00001,"Orange oil, bitter (Citrus aurantium L. spp. Amara Link)"
M04155,S00015,,0.05,,tipico,anexo-ifra,D00001,"Orange oil, bitter (Citrus aurantium L. spp. Amara Link)"
M04155,S00071,,0.05,,tipico,anexo-ifra,D00001,"Orange oil, bitter (Citrus aurantium L. spp. Amara Link)"
M04155,S01007,,0.03,,tipico,anexo-ifra,D00001,"Orange oil, bitter (Citrus aurantium L. spp. Amara Link)"
M04155,S01013,,0.02,,tipico,anexo-ifra,D00001,"Orange oil, bitter (Citrus aurantium L. spp. Amara Link)"
M04156,S00061,,0.15,,tipico,anexo-ifra,D00001,"Orange, sweet, Valencia oil (Citrus sinensis (L.) Osbeck)"
M04157,S00015,,,0.08,maximo,anexo-ifra,D00001,"el máximo de las 2 entradas del anexo para 8028-48-6 (D14): Orange oil, sweet, terpenes"
M04157,S00061,,,0.15,maximo,anexo-ifra,D00001,el máximo de las 2 entradas del anexo para 8028-48-6 (D14): Orange essence oil
M04157,S01013,,,0.01,maximo,anexo-ifra,D00001,"el máximo de las 2 entradas del anexo para 8028-48-6 (D14): Orange oil, sweet, terpenes"
M04158,S00061,,0.15,,tipico,anexo-ifra,D00001,"Orange, sweet, Valencia oil (Citrus sinensis (L.) Osbeck)"
M04159,S00015,,,0.08,maximo,anexo-ifra,D00001,"el máximo de las 2 entradas del anexo para 8028-48-6 (D14): Orange oil, sweet, terpenes"
M04159,S00061,,,0.15,maximo,anexo-ifra,D00001,el máximo de las 2 entradas del anexo para 8028-48-6 (D14): Orange essence oil
M04159,S01013,,,0.01,maximo,anexo-ifra,D00001,"el máximo de las 2 entradas del anexo para 8028-48-6 (D14): Orange oil, sweet, terpenes"
M04160,S00015,,0.1,,tipico,anexo-ifra,D00001,Origanum oil (Thymus capitata (L.) Cav.)
M04160,S00020,,0.08,,tipico,anexo-ifra,D00001,Origanum oil (Thymus capitata (L.) Cav.)
M04161,S00015,,0.1,,tipico,anexo-ifra,D00001,Origanum oil (Thymus capitata (L.) Cav.)
M04161,S00020,,0.08,,tipico,anexo-ifra,D00001,Origanum oil (Thymus capitata (L.) Cav.)
M04162,S00015,,0.1,,tipico,anexo-ifra,D00001,Origanum oil (Thymus capitata (L.) Cav.)
M04162,S00020,,0.08,,tipico,anexo-ifra,D00001,Origanum oil (Thymus capitata (L.) Cav.)
M04166,S01008,,0.2,,tipico,anexo-ifra,D00001,Parsley herb oil (Petroselinum crispum (Mill.) Nyman ex A.W.Hill)
M04176,S00001,,0.04,,tipico,anexo-ifra,D00001,Bergamot oil expressed (Citrus bergamia Risso & Poit.)
M04176,S00071,,0.28,,tipico,anexo-ifra,D00001,Bergamot oil expressed (Citrus bergamia Risso & Poit.)
M04176,S01007,,0.2,,tipico,anexo-ifra,D00001,Bergamot oil expressed (Citrus bergamia Risso & Poit.)
M04177,S00001,,,2.77,maximo,anexo-ifra,D00001,"el máximo de las 3 entradas del anexo para 8014-17-3 (D14): Petitgrain oil, Paraguay"
M04177,S00004,,,0.09,maximo,anexo-ifra,D00001,el máximo de las 3 entradas del anexo para 8014-17-3 (D14): Petitgrain bigarade oil
M04177,S00061,,,0.65,maximo,anexo-ifra,D00001,el máximo de las 3 entradas del anexo para 8014-17-3 (D14): Petitgrain bigarade oil
M04177,S00065,,,0.05,maximo,anexo-ifra,D00001,el máximo de las 3 entradas del anexo para 8014-17-3 (D14): Petitgrain bigarade oil
M04177,S00071,,,0.18,maximo,anexo-ifra,D00001,"el máximo de las 3 entradas del anexo para 8014-17-3 (D14): Petitgrain oil, Paraguay"
M04177,S00073,,,50.13,maximo,anexo-ifra,D00001,el máximo de las 3 entradas del anexo para 8014-17-3 (D14): Petitgrain mandarin oil
M04177,S01007,,,0.08,maximo,anexo-ifra,D00001,"el máximo de las 3 entradas del anexo para 8014-17-3 (D14): Petitgrain oil, Paraguay"
M04177,S01017,,,0.03,maximo,anexo-ifra,D00001,"el máximo de las 3 entradas del anexo para 8014-17-3 (D14): Petitgrain oil, Paraguay"
M04179,S00024,,0.1,,tipico,anexo-ifra,D00001,"Pine, Pinus pumila, extract (Pinus Pumila (Pall) Regel)"
M04179,S00066,,0.1,,tipico,anexo-ifra,D00001,"Pine, Pinus pumila, extract (Pinus Pumila (Pall) Regel)"
M04184,S00070,,,80,maximo,anexo-ifra,D00001,"el máximo de las 2 entradas del anexo para 8008-51-3 (D14): Camphor oil, brown"
M04188,S00001,,,17.7,maximo,anexo-ifra,D00001,el máximo de las 3 entradas del anexo para 90106-38-0 (D14): Rose oil
M04188,S00004,,,0.02,maximo,anexo-ifra,D00001,el máximo de las 3 entradas del anexo para 90106-38-0 (D14): Rose oil
M04188,S00011,,,0.5,maximo,anexo-ifra,D00001,el máximo de las 3 entradas del anexo para 90106-38-0 (D14): Rose concrete
M04188,S00012,,,0.54,maximo,anexo-ifra,D00001,el máximo de las 3 entradas del anexo para 90106-38-0 (D14): Rose absolute
M04188,S00020,,,1.14,maximo,anexo-ifra,D00001,el máximo de las 3 entradas del anexo para 90106-38-0 (D14): Rose oil
M04188,S00025,,,2,maximo,anexo-ifra,D00001,el máximo de las 3 entradas del anexo para 90106-38-0 (D14): Rose oil
M04188,S00061,,,0.16,maximo,anexo-ifra,D00001,el máximo de las 3 entradas del anexo para 90106-38-0 (D14): Rose concrete
M04188,S00065,,,0.51,maximo,anexo-ifra,D00001,el máximo de las 3 entradas del anexo para 90106-38-0 (D14): Rose oil
M04188,S00066,,,32.5,maximo,anexo-ifra,D00001,el máximo de las 3 entradas del anexo para 90106-38-0 (D14): Rose oil
M04188,S00071,,,1.06,maximo,anexo-ifra,D00001,el máximo de las 3 entradas del anexo para 90106-38-0 (D14): Rose oil
M04188,S00074,,,0.07,maximo,anexo-ifra,D00001,el máximo de las 3 entradas del anexo para 90106-38-0 (D14): Rose oil
M04188,S00084,,,0.32,maximo,anexo-ifra,D00001,el máximo de las 3 entradas del anexo para 90106-38-0 (D14): Rose absolute
M04188,S01006,,,0.55,maximo,anexo-ifra,D00001,el máximo de las 3 entradas del anexo para 90106-38-0 (D14): Rose oil
M04188,S01007,,,0.79,maximo,anexo-ifra,D00001,el máximo de las 3 entradas del anexo para 90106-38-0 (D14): Rose oil
M04188,S01017,,,1.37,maximo,anexo-ifra,D00001,el máximo de las 3 entradas del anexo para 90106-38-0 (D14): Rose oil
M04189,S00001,,,17.7,maximo,anexo-ifra,D00001,el máximo de las 2 entradas del anexo para 8007-01-0 (D14): Rose oil
M04189,S00004,,,0.02,maximo,anexo-ifra,D00001,el máximo de las 2 entradas del anexo para 8007-01-0 (D14): Rose oil
M04189,S00011,,,0.04,maximo,anexo-ifra,D00001,el máximo de las 2 entradas del anexo para 8007-01-0 (D14): Rose oil
M04189,S00012,,,0.02,maximo,anexo-ifra,D00001,el máximo de las 2 entradas del anexo para 8007-01-0 (D14): Rose oil
M04189,S00020,,,1.14,maximo,anexo-ifra,D00001,el máximo de las 2 entradas del anexo para 8007-01-0 (D14): Rose oil
M04189,S00025,,,2,maximo,anexo-ifra,D00001,el máximo de las 2 entradas del anexo para 8007-01-0 (D14): Rose oil
M04189,S00065,,,0.51,maximo,anexo-ifra,D00001,el máximo de las 2 entradas del anexo para 8007-01-0 (D14): Rose oil
M04189,S00066,,,32.5,maximo,anexo-ifra,D00001,el máximo de las 2 entradas del anexo para 8007-01-0 (D14): Rose oil
M04189,S00071,,,1.06,maximo,anexo-ifra,D00001,el máximo de las 2 entradas del anexo para 8007-01-0 (D14): Rose oil
M04189,S00074,,,0.07,maximo,anexo-ifra,D00001,el máximo de las 2 entradas del anexo para 8007-01-0 (D14): Rose oil
M04189,S01006,,,0.55,maximo,anexo-ifra,D00001,el máximo de las 2 entradas del anexo para 8007-01-0 (D14): Rose oil
M04189,S01007,,,0.79,maximo,anexo-ifra,D00001,el máximo de las 2 entradas del anexo para 8007-01-0 (D14): Rose oil
M04189,S01017,,,1.37,maximo,anexo-ifra,D00001,el máximo de las 2 entradas del anexo para 8007-01-0 (D14): Rose oil
M04190,S00001,,,17.7,maximo,anexo-ifra,D00001,el máximo de las 2 entradas del anexo para 8007-01-0 (D14): Rose oil
M04190,S00004,,,0.02,maximo,anexo-ifra,D00001,el máximo de las 2 entradas del anexo para 8007-01-0 (D14): Rose oil
M04190,S00011,,,0.04,maximo,anexo-ifra,D00001,el máximo de las 2 entradas del anexo para 8007-01-0 (D14): Rose oil
M04190,S00012,,,0.02,maximo,anexo-ifra,D00001,el máximo de las 2 entradas del anexo para 8007-01-0 (D14): Rose oil
M04190,S00020,,,1.14,maximo,anexo-ifra,D00001,el máximo de las 2 entradas del anexo para 8007-01-0 (D14): Rose oil
M04190,S00025,,,2,maximo,anexo-ifra,D00001,el máximo de las 2 entradas del anexo para 8007-01-0 (D14): Rose oil
M04190,S00065,,,0.51,maximo,anexo-ifra,D00001,el máximo de las 2 entradas del anexo para 8007-01-0 (D14): Rose oil
M04190,S00066,,,32.5,maximo,anexo-ifra,D00001,el máximo de las 2 entradas del anexo para 8007-01-0 (D14): Rose oil
M04190,S00071,,,1.06,maximo,anexo-ifra,D00001,el máximo de las 2 entradas del anexo para 8007-01-0 (D14): Rose oil
M04190,S00074,,,0.07,maximo,anexo-ifra,D00001,el máximo de las 2 entradas del anexo para 8007-01-0 (D14): Rose oil
M04190,S01006,,,0.55,maximo,anexo-ifra,D00001,el máximo de las 2 entradas del anexo para 8007-01-0 (D14): Rose oil
M04190,S01007,,,0.79,maximo,anexo-ifra,D00001,el máximo de las 2 entradas del anexo para 8007-01-0 (D14): Rose oil
M04190,S01017,,,1.37,maximo,anexo-ifra,D00001,el máximo de las 2 entradas del anexo para 8007-01-0 (D14): Rose oil
M04191,S00001,,,17.7,maximo,anexo-ifra,D00001,el máximo de las 2 entradas del anexo para 8007-01-0 (D14): Rose oil
M04191,S00004,,,0.02,maximo,anexo-ifra,D00001,el máximo de las 2 entradas del anexo para 8007-01-0 (D14): Rose oil
M04191,S00011,,,0.04,maximo,anexo-ifra,D00001,el máximo de las 2 entradas del anexo para 8007-01-0 (D14): Rose oil
M04191,S00012,,,0.02,maximo,anexo-ifra,D00001,el máximo de las 2 entradas del anexo para 8007-01-0 (D14): Rose oil
M04191,S00020,,,1.14,maximo,anexo-ifra,D00001,el máximo de las 2 entradas del anexo para 8007-01-0 (D14): Rose oil
M04191,S00025,,,2,maximo,anexo-ifra,D00001,el máximo de las 2 entradas del anexo para 8007-01-0 (D14): Rose oil
M04191,S00065,,,0.51,maximo,anexo-ifra,D00001,el máximo de las 2 entradas del anexo para 8007-01-0 (D14): Rose oil
M04191,S00066,,,32.5,maximo,anexo-ifra,D00001,el máximo de las 2 entradas del anexo para 8007-01-0 (D14): Rose oil
M04191,S00071,,,1.06,maximo,anexo-ifra,D00001,el máximo de las 2 entradas del anexo para 8007-01-0 (D14): Rose oil
M04191,S00074,,,0.07,maximo,anexo-ifra,D00001,el máximo de las 2 entradas del anexo para 8007-01-0 (D14): Rose oil
M04191,S01006,,,0.55,maximo,anexo-ifra,D00001,el máximo de las 2 entradas del anexo para 8007-01-0 (D14): Rose oil
M04191,S01007,,,0.79,maximo,anexo-ifra,D00001,el máximo de las 2 entradas del anexo para 8007-01-0 (D14): Rose oil
M04191,S01017,,,1.37,maximo,anexo-ifra,D00001,el máximo de las 2 entradas del anexo para 8007-01-0 (D14): Rose oil
M04192,S00001,,,17.7,maximo,anexo-ifra,D00001,el máximo de las 2 entradas del anexo para 8007-01-0 (D14): Rose oil
M04192,S00004,,,0.02,maximo,anexo-ifra,D00001,el máximo de las 2 entradas del anexo para 8007-01-0 (D14): Rose oil
M04192,S00011,,,0.04,maximo,anexo-ifra,D00001,el máximo de las 2 entradas del anexo para 8007-01-0 (D14): Rose oil
M04192,S00012,,,0.02,maximo,anexo-ifra,D00001,el máximo de las 2 entradas del anexo para 8007-01-0 (D14): Rose oil
M04192,S00020,,,1.14,maximo,anexo-ifra,D00001,el máximo de las 2 entradas del anexo para 8007-01-0 (D14): Rose oil
M04192,S00025,,,2,maximo,anexo-ifra,D00001,el máximo de las 2 entradas del anexo para 8007-01-0 (D14): Rose oil
M04192,S00065,,,0.51,maximo,anexo-ifra,D00001,el máximo de las 2 entradas del anexo para 8007-01-0 (D14): Rose oil
M04192,S00066,,,32.5,maximo,anexo-ifra,D00001,el máximo de las 2 entradas del anexo para 8007-01-0 (D14): Rose oil
M04192,S00071,,,1.06,maximo,anexo-ifra,D00001,el máximo de las 2 entradas del anexo para 8007-01-0 (D14): Rose oil
M04192,S00074,,,0.07,maximo,anexo-ifra,D00001,el máximo de las 2 entradas del anexo para 8007-01-0 (D14): Rose oil
M04192,S01006,,,0.55,maximo,anexo-ifra,D00001,el máximo de las 2 entradas del anexo para 8007-01-0 (D14): Rose oil
M04192,S01007,,,0.79,maximo,anexo-ifra,D00001,el máximo de las 2 entradas del anexo para 8007-01-0 (D14): Rose oil
M04192,S01017,,,1.37,maximo,anexo-ifra,D00001,el máximo de las 2 entradas del anexo para 8007-01-0 (D14): Rose oil
M04193,S00001,,,17.7,maximo,anexo-ifra,D00001,el máximo de las 2 entradas del anexo para 8007-01-0 (D14): Rose oil
M04193,S00004,,,0.02,maximo,anexo-ifra,D00001,el máximo de las 2 entradas del anexo para 8007-01-0 (D14): Rose oil
M04193,S00011,,,0.04,maximo,anexo-ifra,D00001,el máximo de las 2 entradas del anexo para 8007-01-0 (D14): Rose oil
M04193,S00012,,,0.02,maximo,anexo-ifra,D00001,el máximo de las 2 entradas del anexo para 8007-01-0 (D14): Rose oil
M04193,S00020,,,1.14,maximo,anexo-ifra,D00001,el máximo de las 2 entradas del anexo para 8007-01-0 (D14): Rose oil
M04193,S00025,,,2,maximo,anexo-ifra,D00001,el máximo de las 2 entradas del anexo para 8007-01-0 (D14): Rose oil
M04193,S00065,,,0.51,maximo,anexo-ifra,D00001,el máximo de las 2 entradas del anexo para 8007-01-0 (D14): Rose oil
M04193,S00066,,,32.5,maximo,anexo-ifra,D00001,el máximo de las 2 entradas del anexo para 8007-01-0 (D14): Rose oil
M04193,S00071,,,1.06,maximo,anexo-ifra,D00001,el máximo de las 2 entradas del anexo para 8007-01-0 (D14): Rose oil
M04193,S00074,,,0.07,maximo,anexo-ifra,D00001,el máximo de las 2 entradas del anexo para 8007-01-0 (D14): Rose oil
M04193,S01006,,,0.55,maximo,anexo-ifra,D00001,el máximo de las 2 entradas del anexo para 8007-01-0 (D14): Rose oil
M04193,S01007,,,0.79,maximo,anexo-ifra,D00001,el máximo de las 2 entradas del anexo para 8007-01-0 (D14): Rose oil
M04193,S01017,,,1.37,maximo,anexo-ifra,D00001,el máximo de las 2 entradas del anexo para 8007-01-0 (D14): Rose oil
M04194,S00001,,,17.7,maximo,anexo-ifra,D00001,el máximo de las 3 entradas del anexo para 90106-38-0 (D14): Rose oil
M04194,S00004,,,0.02,maximo,anexo-ifra,D00001,el máximo de las 3 entradas del anexo para 90106-38-0 (D14): Rose oil
M04194,S00011,,,0.5,maximo,anexo-ifra,D00001,el máximo de las 3 entradas del anexo para 90106-38-0 (D14): Rose concrete
M04194,S00012,,,0.54,maximo,anexo-ifra,D00001,el máximo de las 3 entradas del anexo para 90106-38-0 (D14): Rose absolute
M04194,S00020,,,1.14,maximo,anexo-ifra,D00001,el máximo de las 3 entradas del anexo para 90106-38-0 (D14): Rose oil
M04194,S00025,,,2,maximo,anexo-ifra,D00001,el máximo de las 3 entradas del anexo para 90106-38-0 (D14): Rose oil
M04194,S00061,,,0.16,maximo,anexo-ifra,D00001,el máximo de las 3 entradas del anexo para 90106-38-0 (D14): Rose concrete
M04194,S00065,,,0.51,maximo,anexo-ifra,D00001,el máximo de las 3 entradas del anexo para 90106-38-0 (D14): Rose oil
M04194,S00066,,,32.5,maximo,anexo-ifra,D00001,el máximo de las 3 entradas del anexo para 90106-38-0 (D14): Rose oil
M04194,S00071,,,1.06,maximo,anexo-ifra,D00001,el máximo de las 3 entradas del anexo para 90106-38-0 (D14): Rose oil
M04194,S00074,,,0.07,maximo,anexo-ifra,D00001,el máximo de las 3 entradas del anexo para 90106-38-0 (D14): Rose oil
M04194,S00084,,,0.32,maximo,anexo-ifra,D00001,el máximo de las 3 entradas del anexo para 90106-38-0 (D14): Rose absolute
M04194,S01006,,,0.55,maximo,anexo-ifra,D00001,el máximo de las 3 entradas del anexo para 90106-38-0 (D14): Rose oil
M04194,S01007,,,0.79,maximo,anexo-ifra,D00001,el máximo de las 3 entradas del anexo para 90106-38-0 (D14): Rose oil
M04194,S01017,,,1.37,maximo,anexo-ifra,D00001,el máximo de las 3 entradas del anexo para 90106-38-0 (D14): Rose oil
M04199,S00001,,,0.3,maximo,anexo-ifra,D00001,"el máximo de las 3 entradas del anexo para 8022-56-8 (D14): Sage oil, Spanish"
M04199,S00028,,,25,maximo,anexo-ifra,D00001,el máximo de las 3 entradas del anexo para 8022-56-8 (D14): Sage Dalmatian oil
M04199,S00080,,,8,maximo,anexo-ifra,D00001,el máximo de las 3 entradas del anexo para 8022-56-8 (D14): Sage Dalmatian oil
M04200,S00001,,,0.3,maximo,anexo-ifra,D00001,"el máximo de las 3 entradas del anexo para 8022-56-8 (D14): Sage oil, Spanish"
M04200,S00028,,,25,maximo,anexo-ifra,D00001,el máximo de las 3 entradas del anexo para 8022-56-8 (D14): Sage Dalmatian oil
M04200,S00080,,,8,maximo,anexo-ifra,D00001,el máximo de las 3 entradas del anexo para 8022-56-8 (D14): Sage Dalmatian oil
M04201,S00014,,0.22,,tipico,anexo-ifra,D00001,Sandalwood oil (Santalum album L.)
M04204,S00001,,0.1,,tipico,anexo-ifra,D00001,Schinus molle oil (Schinus areira L.)
M04204,S00066,,0.02,,tipico,anexo-ifra,D00001,Schinus molle oil (Schinus areira L.)
M04204,S00084,,0.03,,tipico,anexo-ifra,D00001,Schinus molle oil (Schinus areira L.)
M04204,S01006,,0.14,,tipico,anexo-ifra,D00001,Schinus molle oil (Schinus areira L.)
M04205,S00001,,0.1,,tipico,anexo-ifra,D00001,Schinus molle oil (Schinus areira L.)
M04205,S00066,,0.02,,tipico,anexo-ifra,D00001,Schinus molle oil (Schinus areira L.)
M04205,S00084,,0.03,,tipico,anexo-ifra,D00001,Schinus molle oil (Schinus areira L.)
M04205,S01006,,0.14,,tipico,anexo-ifra,D00001,Schinus molle oil (Schinus areira L.)
M04213,S00003,,0.06,,tipico,anexo-ifra,D00001,Spearmint oil (Mentha spicata L.)
M04213,S01008,,66.07,,tipico,anexo-ifra,D00001,Spearmint oil (Mentha spicata L.)
M04213,S01662,,0.02,,tipico,anexo-ifra,D00001,Spearmint oil (Mentha spicata L.)
M04214,S00003,,0.06,,tipico,anexo-ifra,D00001,Spearmint oil (Mentha spicata L.)
M04214,S01008,,66.07,,tipico,anexo-ifra,D00001,Spearmint oil (Mentha spicata L.)
M04214,S01662,,0.02,,tipico,anexo-ifra,D00001,Spearmint oil (Mentha spicata L.)
M04219,S00011,,,0.1,maximo,anexo-ifra,D00001,"el máximo de las 6 entradas del anexo para 8046-19-3 (D14): Styrax oil, Honduras"
M04219,S00012,,,2.5,maximo,anexo-ifra,D00001,el máximo de las 6 entradas del anexo para 8046-19-3 (D14): Styrax absolute
M04219,S00013,,,2.1,maximo,anexo-ifra,D00001,"el máximo de las 6 entradas del anexo para 8046-19-3 (D14): Styrax oil, Honduras"
M04219,S00017,,,0.1,maximo,anexo-ifra,D00001,"el máximo de las 6 entradas del anexo para 8046-19-3 (D14): Styrax oil, Honduras"
M04219,S00018,,,1.85,maximo,anexo-ifra,D00001,el máximo de las 6 entradas del anexo para 8046-19-3 (D14): Styrax oil
M04219,S00026,,,0.35,maximo,anexo-ifra,D00001,el máximo de las 6 entradas del anexo para 8046-19-3 (D14): Styrax essence pyrogenated
M04219,S00074,,,0.02,maximo,anexo-ifra,D00001,el máximo de las 6 entradas del anexo para 8046-19-3 (D14): Styrax oil
M04219,S00079,,,1.75,maximo,anexo-ifra,D00001,el máximo de las 6 entradas del anexo para 8046-19-3 (D14): Styrax oil
M04219,S01009,,,0.39,maximo,anexo-ifra,D00001,el máximo de las 6 entradas del anexo para 8046-19-3 (D14): Styrax extract
M04219,S02198,,,0.03,maximo,anexo-ifra,D00001,el máximo de las 6 entradas del anexo para 8046-19-3 (D14): Styrax absolute
M04220,S00011,,0.1,,tipico,anexo-ifra,D00001,"Styrax oil, pyrogenated (Liquidambar orientalis Mill.)"
M04220,S00018,,0.3,,tipico,anexo-ifra,D00001,"Styrax oil, pyrogenated (Liquidambar orientalis Mill.)"
M04220,S00026,,0.3,,tipico,anexo-ifra,D00001,"Styrax oil, pyrogenated (Liquidambar orientalis Mill.)"
M04221,S00011,,,0.1,maximo,anexo-ifra,D00001,"el máximo de las 6 entradas del anexo para 8046-19-3 (D14): Styrax oil, Honduras"
M04221,S00012,,,2.5,maximo,anexo-ifra,D00001,el máximo de las 6 entradas del anexo para 8046-19-3 (D14): Styrax absolute
M04221,S00013,,,2.1,maximo,anexo-ifra,D00001,"el máximo de las 6 entradas del anexo para 8046-19-3 (D14): Styrax oil, Honduras"
M04221,S00017,,,0.1,maximo,anexo-ifra,D00001,"el máximo de las 6 entradas del anexo para 8046-19-3 (D14): Styrax oil, Honduras"
M04221,S00018,,,1.85,maximo,anexo-ifra,D00001,el máximo de las 6 entradas del anexo para 8046-19-3 (D14): Styrax oil
M04221,S00026,,,0.35,maximo,anexo-ifra,D00001,el máximo de las 6 entradas del anexo para 8046-19-3 (D14): Styrax essence pyrogenated
M04221,S00074,,,0.02,maximo,anexo-ifra,D00001,el máximo de las 6 entradas del anexo para 8046-19-3 (D14): Styrax oil
M04221,S00079,,,1.75,maximo,anexo-ifra,D00001,el máximo de las 6 entradas del anexo para 8046-19-3 (D14): Styrax oil
M04221,S01009,,,0.39,maximo,anexo-ifra,D00001,el máximo de las 6 entradas del anexo para 8046-19-3 (D14): Styrax extract
M04221,S02198,,,0.03,maximo,anexo-ifra,D00001,el máximo de las 6 entradas del anexo para 8046-19-3 (D14): Styrax absolute
M04222,S00011,,,0.1,maximo,anexo-ifra,D00001,"el máximo de las 6 entradas del anexo para 8046-19-3 (D14): Styrax oil, Honduras"
M04222,S00012,,,2.5,maximo,anexo-ifra,D00001,el máximo de las 6 entradas del anexo para 8046-19-3 (D14): Styrax absolute
M04222,S00013,,,2.1,maximo,anexo-ifra,D00001,"el máximo de las 6 entradas del anexo para 8046-19-3 (D14): Styrax oil, Honduras"
M04222,S00017,,,0.1,maximo,anexo-ifra,D00001,"el máximo de las 6 entradas del anexo para 8046-19-3 (D14): Styrax oil, Honduras"
M04222,S00018,,,1.85,maximo,anexo-ifra,D00001,el máximo de las 6 entradas del anexo para 8046-19-3 (D14): Styrax oil
M04222,S00026,,,0.35,maximo,anexo-ifra,D00001,el máximo de las 6 entradas del anexo para 8046-19-3 (D14): Styrax essence pyrogenated
M04222,S00074,,,0.02,maximo,anexo-ifra,D00001,el máximo de las 6 entradas del anexo para 8046-19-3 (D14): Styrax oil
M04222,S00079,,,1.75,maximo,anexo-ifra,D00001,el máximo de las 6 entradas del anexo para 8046-19-3 (D14): Styrax oil
M04222,S01009,,,0.39,maximo,anexo-ifra,D00001,el máximo de las 6 entradas del anexo para 8046-19-3 (D14): Styrax extract
M04222,S02198,,,0.03,maximo,anexo-ifra,D00001,el máximo de las 6 entradas del anexo para 8046-19-3 (D14): Styrax absolute
M04223,S00011,,0.1,,tipico,anexo-ifra,D00001,"Styrax oil, pyrogenated (Liquidambar orientalis Mill.)"
M04223,S00018,,0.3,,tipico,anexo-ifra,D00001,"Styrax oil, pyrogenated (Liquidambar orientalis Mill.)"
M04223,S00026,,0.3,,tipico,anexo-ifra,D00001,"Styrax oil, pyrogenated (Liquidambar orientalis Mill.)"
M04229,S00080,,0.5,,tipico,anexo-ifra,D00001,Tagetes erecta oil (Tagetes erecta L.)
M04230,S00004,,0.01,,tipico,anexo-ifra,D00001,Tarragon oil (Artemisia dracunculus L.)
M04230,S00020,,0.6,,tipico,anexo-ifra,D00001,Tarragon oil (Artemisia dracunculus L.)
M04230,S00025,,0.3,,tipico,anexo-ifra,D00001,Tarragon oil (Artemisia dracunculus L.)
M04230,S00064,,0.07,,tipico,anexo-ifra,D00001,Tarragon oil (Artemisia dracunculus L.)
M04230,S00083,,80,,tipico,anexo-ifra,D00001,Tarragon oil (Artemisia dracunculus L.)
M04239,S00035,,56.77,,tipico,anexo-ifra,D00001,Tonka Bean absolute (Dipteryx odorata)
M04239,S01021,,1.85,,tipico,anexo-ifra,D00001,Tonka Bean absolute (Dipteryx odorata)
M04240,S00014,,0.1,,tipico,anexo-ifra,D00001,Turmeric oil (Curcuma longa L.)
M04240,S00020,,1,,tipico,anexo-ifra,D00001,Turmeric oil (Curcuma longa L.)
M04241,S00024,,0.12,,tipico,anexo-ifra,D00001,Turpentine oil (Pinus spp.)
M04242,S00010,,,0.7,maximo,anexo-ifra,D00001,el máximo de las 3 entradas del anexo para 8024-06-4 (D14): Vanilla oleoresin
M04242,S01005,,,0.03,maximo,anexo-ifra,D00001,el máximo de las 3 entradas del anexo para 8024-06-4 (D14): Vanilla absolute
M04243,S00010,,,0.07,maximo,anexo-ifra,D00001,el máximo de las 2 entradas del anexo para 953789-39-4 (D14): Vanilla tahitensis absolute
M04243,S01005,,,0,maximo,anexo-ifra,D00001,el máximo de las 2 entradas del anexo para 953789-39-4 (D14): Vanilla tahitensis absolute
M04244,S00063,,0.2,,tipico,anexo-ifra,D00001,Vetiver oil (all origins) (Chrysopogon zizanioides (L.) Roberty)
M04244,S00081,,0.1,,tipico,anexo-ifra,D00001,Vetiver oil (all origins) (Chrysopogon zizanioides (L.) Roberty)
M04245,S00063,,0.2,,tipico,anexo-ifra,D00001,Vetiver oil (all origins) (Chrysopogon zizanioides (L.) Roberty)
M04245,S00081,,0.1,,tipico,anexo-ifra,D00001,Vetiver oil (all origins) (Chrysopogon zizanioides (L.) Roberty)
M04251,S00001,,,1.43,maximo,anexo-ifra,D00001,el máximo de las 5 entradas del anexo para 8006-81-3 (D14): Ylang ylang oil II
M04251,S00012,,,0.25,maximo,anexo-ifra,D00001,"el máximo de las 5 entradas del anexo para 8006-81-3 (D14): Ylang, Ylang oil complete"
M04251,S00013,,,0.03,maximo,anexo-ifra,D00001,el máximo de las 5 entradas del anexo para 8006-81-3 (D14): Ylang ylang oil I
M04251,S00018,,,0.02,maximo,anexo-ifra,D00001,el máximo de las 5 entradas del anexo para 8006-81-3 (D14): Ylang ylang oil II
M04251,S00020,,,0.69,maximo,anexo-ifra,D00001,el máximo de las 5 entradas del anexo para 8006-81-3 (D14): Ylang ylang oil II
M04251,S00023,,,0.99,maximo,anexo-ifra,D00001,"el máximo de las 5 entradas del anexo para 8006-81-3 (D14): Ylang, Ylang oil extra"
M04251,S00025,,,0.04,maximo,anexo-ifra,D00001,el máximo de las 5 entradas del anexo para 8006-81-3 (D14): Ylang ylang oil I
M04251,S00061,,,0.12,maximo,anexo-ifra,D00001,el máximo de las 5 entradas del anexo para 8006-81-3 (D14): Ylang ylang oil I
M04251,S00074,,,7.81,maximo,anexo-ifra,D00001,el máximo de las 5 entradas del anexo para 8006-81-3 (D14): Ylang ylang oil II
M04251,S00077,,,3.35,maximo,anexo-ifra,D00001,"el máximo de las 5 entradas del anexo para 8006-81-3 (D14): Ylang, Ylang oil extra"
M04251,S00083,,,0.2,maximo,anexo-ifra,D00001,el máximo de las 5 entradas del anexo para 8006-81-3 (D14): Ylang ylang oil I
M04251,S00084,,,1.5,maximo,anexo-ifra,D00001,"el máximo de las 5 entradas del anexo para 8006-81-3 (D14): Ylang, Ylang oil complete"
M04251,S01009,,,0.03,maximo,anexo-ifra,D00001,el máximo de las 5 entradas del anexo para 8006-81-3 (D14): Ylang ylang oil I
M04251,S01016,,,0.05,maximo,anexo-ifra,D00001,el máximo de las 5 entradas del anexo para 8006-81-3 (D14): Ylang ylang oil I
M04251,S01017,,,2.35,maximo,anexo-ifra,D00001,el máximo de las 5 entradas del anexo para 8006-81-3 (D14): Ylang ylang oil II
M04251,S01729,,,0.12,maximo,anexo-ifra,D00001,"el máximo de las 5 entradas del anexo para 8006-81-3 (D14): Ylang, Ylang oil complete"
P00005,S00006,,0.0046,,tipico,producto,D00002,
P00006,S00007,,,0.1,maximo,producto,D00004,cota «<» del certificado
P00006,S00008,,,0.1,maximo,producto,D00004,cota «<» del certificado
P00007,S00009,,0.0005,,tipico,producto,D00003,
P00007,S00010,,0.0013,,tipico,producto,D00003,
P00007,S00011,,0.0003,,tipico,producto,D00003,
P00007,S00012,,0.0008,,tipico,producto,D00003,
P00007,S00013,,0.014,,tipico,producto,D00003,
P00007,S00014,,0.0036,,tipico,producto,D00003,
P00007,S00015,,0.0007,,tipico,producto,D00003,
P00007,S00016,,0.1635,,tipico,producto,D00003,
P00007,S00017,,0.0003,,tipico,producto,D00003,
P00007,S00018,,0.0351,,tipico,producto,D00003,
P00007,S00019,,0.035,,tipico,producto,D00003,
P00007,S00020,,0.0017,,tipico,producto,D00003,
P00007,S00021,,0.0004,,tipico,producto,D00003,
P00007,S00022,,0.1,,tipico,producto,D00003,
P00007,S00023,,0.0004,,tipico,producto,D00003,
P00007,S00024,,0.0042,,tipico,producto,D00003,
P00007,S00025,,0.0004,,tipico,producto,D00003,
P00007,S00026,,0.0015,,tipico,producto,D00003,
P00007,S00027,,0.02,,tipico,producto,D00003,
P00007,S00028,,0.0025,,tipico,producto,D00003,
P00061,S00001,,0.0002,,tipico,producto,D00014,
P00061,S00011,,0.0002,,tipico,producto,D00014,
P00061,S00012,,0.0021,,tipico,producto,D00014,
P00061,S00013,,0.4998,,tipico,producto,D00014,
P00061,S00015,,0.0017,,tipico,producto,D00014,
P00061,S00019,,0.02,,tipico,producto,D00014,
P00061,S00020,,0.0117,,tipico,producto,D00014,
P00061,S00021,,0.0005,,tipico,producto,D00014,
P00061,S00023,,0.0014,,tipico,producto,D00014,
P00061,S00025,,0.0134,,tipico,producto,D00014,
P00061,S00054,,9.9,,tipico,producto,D00014,
P00061,S00066,,0.0002,,tipico,producto,D00014,
P00061,S00083,,0.0001,,tipico,producto,D00014,
P00061,S00084,,0.0025,,tipico,producto,D00014,
P00061,S00085,,13.5,,tipico,producto,D00014,
P00062,S00011,,0.0001,,tipico,producto,D00033,cifras del producto tal como se compra; se pesa al 100 % del producto
P00062,S00020,,0.0045,,tipico,producto,D00033,cifras del producto tal como se compra; se pesa al 100 % del producto
P00067,S00001,,0.021,,tipico,producto,D00019,
P00067,S00061,,0.0006,,tipico,producto,D00019,
P00067,S00066,,3,,tipico,producto,D00019,
P00067,S00083,,0.0005,,tipico,producto,D00019,
P00067,S00090,,0.1249,,tipico,producto,D00019,
P00067,S00091,,1.25,,tipico,producto,D00019,
P00077,S00102,,5,,tipico,producto,D00029,
P00079,S00011,,0.0342,,tipico,producto,D00031,
P00079,S00012,,0.0634,,tipico,producto,D00031,
P00079,S00013,,3.5028,,tipico,producto,D00031,
P00079,S00017,,0.0869,,tipico,producto,D00031,
P00079,S00018,,0.0452,,tipico,producto,D00031,
P00079,S00020,,0.0091,,tipico,producto,D00031,
P00079,S00023,,0.01,,tipico,producto,D00031,
P00079,S00025,,0.0004,,tipico,producto,D00031,
P00079,S00026,,0.009,,tipico,producto,D00031,
P00079,S00035,,0.0035,,tipico,producto,D00031,
P00079,S00074,,3.5964,,tipico,producto,D00031,
P00079,S00077,,0.0013,,tipico,producto,D00031,
P00079,S00084,,0.0041,,tipico,producto,D00031,
P00079,S00104,,10,,tipico,producto,D00031,
P00080,S00024,,0.1,,tipico,producto,D00032,
