id,tipo,nombre,id_sustancia,especie,parte,proceso,quimiotipo,cas,inci,origen,excepciones,motivo_excepcion,notas
M00001,sustancia,Geraniol,S00001,,,,,106-24-1,,aislado-natural,,,Origen: Maese Lab lo vende como «Geraniol 98 % Nat» (página geraniol-98-nat).
M00002,sustancia,Linalool,S00002,,,,,78-70-6,,desconocido,,,Origen: Olfatorium no dice si es natural o de síntesis.
M00003,natural,Lavender oil,,Lavandula angustifolia,sumidad florida,destilación,,8000-28-0,,,,,"El usuario decidió la forma el 2026-10-03: aceite esencial, como dice el cuaderno (materias-primas/lavanda.md)."
M00004,natural,Castoreum absolute,,Castor spp.,castóreo,absoluto,,8023-83-4,,,,,Maese Lab no declara la especie (Castor canadensis o Castor fiber). Sin datos de constituyentes: ni el anexo de IFRA ni el proveedor los dan.
M00005,sustancia,2-Methyldecanal,S00005,,,,,19009-56-4,,sintetico,,,Origen: Lo dice el usuario (2026-10-03); el certificado de Symrise no lo dice.
M00006,natural,Oakmoss absolute,,Evernia prunastri,talo,absoluto,,90028-68-5,,,,,"IFRA lo limita como tal (STD 067, por familia): es miembro del grupo como material."
M00007,base,Castoreum Synthetic,,,,,,,,,,,Base sin CAS: lo que se sabe de ella es lo que declara su certificado.
M00008,sustancia,"Naphtho[2,1-b]furan, dodecahydro-3a,6,6,9a-tetramethyl-",S00029,,,,,3738-00-9,,sintetico,,,"Origen: ambroxano: el cuaderno lo da como «primer ambarado de síntesis declarado como tal»; industrialmente sale por semisíntesis del esclareol [cuaderno: materias-primas/ambermor.md] (lote 3a, confirmado por el usuario)."
M00009,sustancia,Benzyl acetate,S00030,,,,,140-11-4,,sintetico,,,"Origen: el acetato de bencilo del mercado es de síntesis; existe en el jazmín, pero no se vende como aislado salvo que la tienda lo diga (no lo dice) [conocimiento general, sin verificar] (lote 3a, confirmado por el usuario)."
M00010,sustancia,alpha-Amylcinnamaldehyde,S00031,,,,,122-40-7,,sintetico,,,"Origen: se obtiene por condensación de benzaldehído y heptanal; no se aísla de plantas [conocimiento general, sin verificar] (lote 3a, confirmado por el usuario)."
M00011,sustancia,gamma-Undecalactone,S00032,,,,,104-67-6,,sintetico,,,"Origen: «molécula de síntesis: la γ-undecalactona» [cuaderno: materias-primas/aldehido-c14-gamma-undecalactona.md] (lote 3a, confirmado por el usuario)."
M00012,sustancia,gamma-Nonalactone,S00033,,,,,104-61-0,,sintetico,,,"Origen: «molécula de síntesis: la γ-nonalactona» [cuaderno: materias-primas/aldehido-c18-gamma-nonalactona.md] (lote 3a, confirmado por el usuario)."
M00013,sustancia,"6,7-Dihydro-1,1,2,3,3-pentamethyl-4(5H)-indanone",S00034,,,,,33704-61-9,,sintetico,,,"Origen: molécula de síntesis de IFF, sin fuente natural [conocimiento general, sin verificar] (lote 3a, confirmado por el usuario)."
M00014,sustancia,Coumarin,S00035,,,,,91-64-5,,aislado-natural,,,"Origen: «cumarina cristalizada de origen vegetal (haba tonka), 100 % pura»; el producto se llama «cumarina natural» [cuaderno: materias-primas/cumarina-natural.md] (lote 3a, confirmado por el usuario)."
M00015,sustancia,"2-Ethyl-4-(2,2,3-trimethyl-3-cyclopenten-1-yl)-2-buten-1-ol",S00036,,,,,28219-61-6,,sintetico,,,"Origen: «sándalo sintético de Givaudan, forma levógira del Bacdanol» [cuaderno: materias-primas/dartanol.md] (lote 3a, confirmado por el usuario)."
M00016,sustancia,Diphenyl ether,S00037,,,,,101-84-8,,sintetico,,,"Origen: se obtiene como subproducto de la fabricación de fenol; no se aísla de plantas [conocimiento general, sin verificar] (lote 3a, confirmado por el usuario)."
M00017,sustancia,"3-Methyl-5-(2,2,3-trimethyl-3-cyclopenten-1-yl)pent-4-en-2-ol",S00038,,,,,67801-20-1,,sintetico,,,"Origen: «sándalo sintético de Givaudan» [cuaderno: materias-primas/ebanol.md] (lote 3a, confirmado por el usuario)."
M00018,sustancia,p-Ethylphenol,S00039,,,,,123-07-9,,sintetico,,,"Origen: «molécula de síntesis: un fenol animálico» [cuaderno: materias-primas/etil-4-fenol.md] (lote 3a, confirmado por el usuario)."
M00019,sustancia,Eugenol,S00020,,,,,97-53-0,,aislado-natural,,,"Origen: el eugenol comercial se aísla casi todo del aceite de hoja de clavo; el anexo de IFRA da a esos aceites 0,1 % de metileugenol (STD 100) [conocimiento general, sin verificar; IFRA 51, anexo de naturales (clove leaf oil, clove bud oil)] (lote 3a, confirmado por el usuario)."
M00020,sustancia,2-Isobutyl-4-methyltetrahydro-2H-pyran-4-ol (Pyranol),S00040,,,,,63500-71-0,,sintetico,,,"Origen: «molécula de síntesis (Firmenich)» [cuaderno: materias-primas/florosa.md] (lote 3a, confirmado por el usuario)."
M00021,sustancia,6-sec-Butylquinoline,S00041,,,,,65442-31-1,,sintetico,,,"Origen: molécula de síntesis (quinoleína alquilada); no se aísla de plantas [conocimiento general, sin verificar] (lote 3a, confirmado por el usuario)."
M00022,sustancia,alpha-iso-Methylionone,S00042,,,,,127-51-5,,sintetico,,,"Origen: la metil ionona se obtiene por condensación de citral con metiletilcetona; no se aísla [conocimiento general, sin verificar] (lote 3a, confirmado por el usuario)."
M00023,sustancia,"2,3,3-Trimethylindanone",S00043,,,,,54440-17-4,,sintetico,,,"Origen: molécula de síntesis de Firmenich (indanona) [conocimiento general, sin verificar] (lote 3a, confirmado por el usuario)."
M00024,sustancia,Vanillin,S00044,,,,,121-33-5,,sintetico,,,"Origen: la vainillina del mercado es casi toda de síntesis (guayacol); Maese Lab no dice si la suya es natural. Es la propuesta más dudosa del lote [conocimiento general, sin verificar] (lote 3a, confirmado por el usuario)."
M00025,sustancia,Acetylpyrazine,S00045,,,,,22047-25-2,,sintetico,,,"Origen: pirazina de aroma, de síntesis; existe en la naturaleza, pero no se vende aislada de ella [conocimiento general, sin verificar] (lote 3a, confirmado por el usuario)."
M00026,sustancia,Phenethyl alcohol,S00046,,,,,60-12-8,,desconocido,,,"Origen: «aislado natural o sintético sin confirmar»: el cuaderno documenta las dos rutas y pide mirar la etiqueta [cuaderno: materias-primas/alcohol-feniletilico.md] (lote 3b, confirmado por el usuario)."
M00027,sustancia,Allyl (3-methylbutoxy)acetate,S00047,,,,,67634-00-8,,sintetico,,,"Origen: «molécula de síntesis (IFF)» [cuaderno: materias-primas/allyl-amyl-glycolate.md] (lote 3b, confirmado por el usuario)."
M00028,sustancia,Dihydromyrcenol,S00048,,,,,18479-58-8,,sintetico,,,"Origen: «molécula de síntesis» [cuaderno: materias-primas/dihydromyrcenol.md] (lote 3b, confirmado por el usuario)."
M00029,sustancia,Ethyl maltol,S00049,,,,,4940-11-8,,sintetico,,,"Origen: «molécula de síntesis» [cuaderno: materias-primas/ethyl-maltol.md] (lote 3b, confirmado por el usuario)."
M00030,sustancia,Ethylene brassylate,S00050,,,,,105-95-3,,sintetico,,,"Origen: «almizcle macrocíclico de síntesis» [cuaderno: materias-primas/ethylene-brassylate.md] (lote 3b, confirmado por el usuario)."
M00031,sustancia,"1,3,4,6,7,8-Hexahydro-4,6,6,7,8,8-hexamethylcyclopenta-gamma-2-benzopyran",S00051,,,,,1222-05-5,,sintetico,,,"Origen: «almizcle policíclico de síntesis» [cuaderno: materias-primas/galaxolide.md] (lote 3b, confirmado por el usuario)."
M00032,sustancia,Methyl dihydrojasmonate,S00052,,,,,24851-98-7,,sintetico,,,"Origen: «molécula de síntesis de Firmenich» [cuaderno: materias-primas/hedione.md] (lote 3b, confirmado por el usuario)."
M00033,sustancia,alpha-Ionone,S00053,,,,,127-41-3,,sintetico,,,"Origen: «molécula de síntesis de IFF» [cuaderno: materias-primas/ionona-alpha.md] (lote 3b, confirmado por el usuario)."
M00034,sustancia,"1-(1,2,3,4,5,6,7,8-Octahydro-2,3,8,8-tetramethyl-2-naphthalenyl)ethanone",S00054,,,,,54464-57-2,,sintetico,,,"Origen: «molécula de síntesis de IFF» [cuaderno: materias-primas/iso-e-super.md] (lote 3b, confirmado por el usuario)."
M00035,sustancia,cis-4-(Isopropyl)cyclohexanemethanol,S00055,,,,,13828-37-0,,sintetico,,,"Origen: «molécula de síntesis de Firmenich» [cuaderno: materias-primas/mayol.md] (lote 3b, confirmado por el usuario)."
M00036,sustancia,"6,6-Dimethoxy-2,5,5-trimethylhex-2-ene",S00056,,,,,67674-46-8,,sintetico,,,"Origen: «molécula de síntesis de Givaudan» [cuaderno: materias-primas/methyl-pamplemousse.md] (lote 3b, confirmado por el usuario)."
M00037,sustancia,"3,3-Dimethyl-5-(2,2,3-trimethyl-3-cyclopenten-1-yl)-4-penten-2-ol",S00057,,,,,107898-54-4,,sintetico,,,"Origen: «sándalo sintético de Firmenich» [cuaderno: materias-primas/polysantol.md] (lote 3b, confirmado por el usuario)."
M00038,base,"2-Methyl-4-(2,2,3-trimethyl-3-cyclopenten-1-yl)-2-buten-1-ol",,,,,,28219-60-5,,,,,
M00039,sustancia,5-Methyl-3-heptanone oxime,S00059,,,,,22457-23-4,,sintetico,,,"Origen: «molécula de síntesis (Givaudan)» [cuaderno: materias-primas/stemone.md] (lote 3b, confirmado por el usuario)."
M00040,sustancia,4-tert-Butylcyclohexyl acetate,S00060,,,,,32210-23-4,,sintetico,,,"Origen: «molécula de síntesis» [cuaderno: materias-primas/vertenex-ptbcha.md] (lote 3b, confirmado por el usuario)."
M00041,natural,Tobacco absolute,,Nicotiana tabacum,hoja,absoluto (extracción con disolvente),,8037-19-2,,,,,Forma confirmada por el usuario (lote 3c); el título de la tienda dice «Absoluto de tabaco»; la especie es la del tabaco comercial. Sin anexo IFRA para este CAS.
M00042,natural,"Bergamot oil, furocoumarin free",,Citrus bergamia,cáscara del fruto,"expresión en frío, sin furocumarinas (FCF)",,68648-33-9,,,,,Forma confirmada por el usuario (lote 3c); el título dice «sin bergaptenos» (la FCF); la tienda no da descripción. El cuaderno dice que la FCF no aparece en el índice de IFRA y que la bergamota expresada sí.
M00043,natural,"Cedarwood oil, Atlas",,Cedrus atlantica,"madera, tocones o aserrín",destilación al vapor,,8023-85-6,,,,,"Forma confirmada por el usuario (lote 3c); aceite esencial de Cedrus atlantica por destilación al vapor, según el cuaderno; la descripción de la tienda solo habla del olor."
M00044,natural,Coriander seed oil,,Coriandrum sativum,semilla,destilación al vapor,,84775-50-8,,,,,"Forma confirmada por el usuario (lote 3c); el título dice «Cilantro (semillas)»; el cuaderno: aceite esencial, destilación al vapor de las semillas."
M00045,natural,"Lemon oil, expressed",,Citrus limon,cáscara del fruto,expresión en frío,,8008-56-8,,,,,Forma confirmada por el usuario (lote 3c); el cuaderno: aceite esencial expresado en frío de la cáscara «según la monografía»; la tienda solo describe el olor.
M00046,natural,Litsea cubeba oil,,Litsea cubeba,fruto,destilación al vapor,,68855-99-2,,,,,"Forma confirmada por el usuario (lote 3c); el cuaderno: destilación al vapor de los frutos, el único cítrico del kit que no se obtiene por expresión «según la monografía»."
M00047,natural,Mandarin oil,,Citrus reticulata,cáscara del fruto,expresión en frío,,8008-31-9,,,,,"Forma confirmada por el usuario (lote 3c); el cuaderno da la especie, pero no el proceso; los cítricos del kit son expresados. El anexo tiene «Mandarin oil» y «Tangerine oil» para este CAS: propongo el primero por el nombre de la tienda."
M00048,natural,"Orange, sweet, Valencia oil",,Citrus sinensis,cáscara del fruto,expresión en frío,,8008-57-9,,,,,"Forma confirmada por el usuario (lote 3c); el cuaderno: expresado en frío de la cáscara, y da la especie como Citrus aurantium var. dulcis (sinónimo). El anexo solo tiene la variedad Valencia; la tienda no dice la variedad."
M00049,natural,Patchouli oil,,Pogostemon cablin,hoja,"destilación al vapor (hojas secas, con curado previo)",,,,,,,"Forma confirmada por el usuario (lote 3c); la tienda: «obtenido por destilación de arrastre de vapor, de las hojas», de Indonesia; el cuaderno da la especie. El CAS no lo declara el proveedor: 8014-09-3 es el habitual, por confirmar, y solo se usa para buscar su fila de la v1. Sin anexo IFRA."
M00050,natural,Benzoin resinoid,,Styrax tonkinensis (Siam),resina,resinoide (extracción con disolvente),,9000-72-0,,,,,Forma confirmada por el usuario (lote 3c); la tienda lo da como «Benjui 50% DPG» y el cuaderno como resinoide; ni una ni otro dicen la especie ni el origen. Sin anexo IFRA para este CAS. Es la propuesta más floja del lote.
M00051,natural,Styrax resinoid,,Liquidambar sp.,resina (bálsamo),resinoide (extracción con disolvente),,8046-19-3,,,,,Forma confirmada por el usuario (lote 3c); el cuaderno lo da como resinoide de estírax o estoraque; el anexo de IFRA lo trae como «Styrax resinoid» de Liquidambar. La tienda y el cuaderno no dicen la especie.
M00052,natural,Sage Dalmatian oil,,Salvia officinalis,hoja,destilación al vapor,,8022-56-8,,,,,"Forma confirmada por el usuario (lote 3c); el cuaderno: aceite esencial de salvia dálmata, Salvia officinalis, y no la esclarea; la parte y el proceso son los habituales."
M00053,natural,Vetiver oil,,Chrysopogon zizanioides,raíz,destilación al vapor,,8016-96-4,,,,,"Forma confirmada por el usuario (lote 3c); el cuaderno: Vetiveria zizanioides (sinónimo), destilación al vapor de las raíces; el título de la tienda dice Haití, que es el origen y no un quimiotipo."
M00054,natural,Cade oil,,Juniperus oxycedrus,madera,"destilación seca (pirólisis), rectificado",,8013-10-3,,,,,"Forma confirmada por el usuario (lote 3d); Maese Lab lo vende como aceite esencial de cade para fragancia fina y con rango de uso: de ahí se infiere el rectificado (autoridad consenso, sin documento del proveedor; condiciones-propuestas.csv). El cuaderno: alquitrán de madera de Juniperus oxycedrus, de España según el proveedor."
M00055,natural,Ambergris tincture,,Physeter macrocephalus,concreción intestinal (ámbar gris),"tintura en etanol y agua, purificada",,84836-94-2,,,,,"Forma confirmada por el usuario (lote 3d); el cuaderno: tintura comercial de ámbar gris purificado, al 10 % en etanol y agua, de Maese Lab, origen declarado Bahamas; sin ficha ni perfil documentado. La especie y la parte son las del ámbar gris. Sin anexo de IFRA para ese CAS."
M00056,base,Esencia de trufa,,,,,,,,,,,
M00057,natural,Tonka bean tincture,,Dipteryx odorata,semilla (haba),tintura en alcohol de 96º,,90028-06-1,,,,,"Forma confirmada por el usuario (lote 3d); el cuaderno: tintura comercial de semilla de haba tonka en alcohol de 96º; el proveedor no declara la carga ni la cumarina. El anexo de IFRA solo tiene el absoluto de haba tonka para ese CAS: no propongo anexo, y la cumarina queda sin datos."
M00058,natural,Cistus absolute,,Cistus ladanifer,hoja y ramita,absoluto (extracción con disolvente),,89997-74-0,,,,,"Forma confirmada por el usuario (lote 3d); el cuaderno y la tienda lo llaman absoluto de cistus («Absoluto de Cistus Jara»), sólido y 100 %, y el CAS registrado, 89997-74-0, es el del extracto de Cistus ladaniferus; por eso, de hojas y ramitas y no de la goma (el absoluto de láudano de la goma llevaría otro CAS). La etiqueta no la veo."
M00059,natural,Olibanum sacra oil,,Boswellia sacra,resina,destilación al vapor,"α-pineno, α-tujeno, β-felandreno y sabineno",89957-98-2,,,,,"Forma confirmada por el usuario (lote 3d); la etiqueta del usuario (2026-10-03): «Aceite Esencial de Incienso Sacra, obtenido por arrastre de vapor de resina de Boswellia sacra de Yemen», con quimiotipo de α-pineno, α-tujeno, β-felandreno y sabineno. Es un aceite, no un extracto: el CAS 89957-98-2 es el del aceite de Boswellia sacra de la v1 y del anexo. El origen (Yemen) no es parte del quimiotipo."
M00060,natural,Theobroma cacao extract,,Theobroma cacao,semilla (haba),absoluto (extracción con disolvente),,84649-99-0,,,,,"Forma confirmada por el usuario (lote 3d); el usuario, según su etiqueta (2026-10-03): absoluto. Sin fila en la v1 ni en el anexo de IFRA."
M00061,base,Black Agar 296985,,,,,,,,,,,
M00062,natural,Black pepper absolute,,Piper nigrum,fruto,absoluto,,8006-82-4,,,,,"Forma confirmada por el usuario (lote 4a); el nombre del producto es «Black Pepper Absolute» (Firmenich) y su certificado, «PEPPER BLACK ABS PG 974644»: un absoluto de pimienta negra en PG. Sin anexo de IFRA para este CAS. El certificado es del producto diluido en PG, sin decir cuánto."
M00063,sustancia,"4-(4,8-Dimethylnona-3,7-dienyl)pyridine",S00086,,,,,38462-23-6,,desconocido,,,"Origen: desconocido: ni la SDS ni el certificado lo dicen (lote 4a, confirmado por el usuario)."
M00064,sustancia,alpha-Methylbenzyl acetate,S00087,,,,,93-92-5,,desconocido,,,"Origen: desconocido: ni la SDS ni el certificado lo dicen (lote 4a, confirmado por el usuario)."
M00065,sustancia,Geranyl acetate,S00088,,,,,105-87-3,,desconocido,,,"Origen: desconocido: ni la SDS ni el certificado lo dicen (lote 4a, confirmado por el usuario)."
M00066,sustancia,Cedrol methyl ether,S00089,,,,,19870-74-7,,desconocido,,,"Origen: desconocido: ni la SDS ni el certificado lo dicen (lote 4a, confirmado por el usuario)."
M00067,base,Cassis Base 345 B,,,,,,,,,,,
M00068,sustancia,"1,2,3,4,4a,5,6,7-Octahydro-2,5,5-trimethyl-2-naphthalenol",S00092,,,,,41199-19-3,,desconocido,,,"Origen: desconocido: ni la SDS ni el certificado lo dicen (lote 4a, confirmado por el usuario)."
M00069,sustancia,Methyl cinnamate,S00093,,,,,103-26-4,,desconocido,,,"Origen: desconocido: ni la SDS ni el certificado lo dicen (lote 4a, confirmado por el usuario)."
M00070,sustancia,Hydroxycitronellal,S00094,,,,,107-75-5,,desconocido,,,"Origen: desconocido: ni la SDS ni el certificado lo dicen (lote 4a, confirmado por el usuario)."
M00071,sustancia,(E)-beta-Ionone,S00095,,,,,79-77-6,,desconocido,,,"Origen: desconocido: ni la SDS ni el certificado lo dicen (lote 4a, confirmado por el usuario)."
M00072,sustancia,Ambrettolide,S00096,,,,,63286-42-0,,desconocido,,,"Origen: desconocido: ni la SDS ni el certificado lo dicen (lote 4a, confirmado por el usuario)."
M00073,sustancia,Eucalyptol,S00097,,,,,470-82-6,,aislado-natural,,,"Origen: aislado natural; evidencia: «EUCALYPTOL NAT.», nombre que da Symrise a su producto en su certificado (p. 1) (lote 4a, confirmado por el usuario)."
M00074,sustancia,cis-3-Hexenol,S00098,,,,,928-96-1,,desconocido,,,"Origen: desconocido: ni la SDS ni el certificado lo dicen (lote 4a, confirmado por el usuario)."
M00075,sustancia,"Octahydro-4,8a-dimethyl-4a(2H)-naphthol",S00099,,,,,23333-91-7,,desconocido,,,"Origen: desconocido: ni la SDS ni el certificado lo dicen (lote 4a, confirmado por el usuario)."
M00076,sustancia,Linalyl acetate,S00100,,,,,115-95-7,,desconocido,,,"Origen: desconocido: ni la SDS ni el certificado lo dicen (lote 4a, confirmado por el usuario)."
M00077,sustancia,"Oxacyclohexadec-12-en-2-one, (12E)-",S00101,,,,,111879-80-2,,desconocido,,,"Origen: desconocido: ni la SDS ni el certificado lo dicen (lote 4a, confirmado por el usuario)."
M00078,sustancia,"3,3,5,5-Tetramethyl-4-ethoxyvinylcyclohexanone",S00103,,,,,36306-87-3,,desconocido,,,"Origen: desconocido: ni la SDS ni el certificado lo dicen (lote 4a, confirmado por el usuario)."
M00079,base,Tolu Balsam Resinoide,,,,,,,,,,,
M00080,sustancia,Terpinyl acetate (Isomer mixture),S00105,,,,,8007-35-0,,desconocido,,,"Origen: desconocido: ni la SDS ni el certificado lo dicen (lote 4a, confirmado por el usuario)."
M00081,base,Auranone,,,,,,,,,,,
M00082,sustancia,"3,4-Xylenol",S00106,,,,,95-65-8,,desconocido,,,"Origen: desconocido: la hoja que enlaza la tienda es de Merck y no es del producto; no lo dice (lote 4b, confirmado por el usuario)."
M00083,sustancia,Oxacyclotridecan-2-one,S00107,,,,,947-05-7,,desconocido,,,"Origen: desconocido: su SDS (Ventós, Synarome) no lo dice (lote 4b, confirmado por el usuario)."
M00084,sustancia,Piperonal,S00108,,,,,120-57-0,,desconocido,,,"Origen: desconocido: la SDS que enlaza la tienda es de otro producto (lote 4b, confirmado por el usuario)."
M00085,sustancia,"Tricyclo[3.3.1.1.(3.7)]decan-2-ol, 4-methyl-8-methylene-",S00109,,,,,122760-84-3,,desconocido,,,"Origen: desconocido: sin documentos (lote 4b, confirmado por el usuario)."
M00086,sustancia,"7-Methyl-2H-benzo-1,5-dioxepin-3(4H)-one",S00110,,,,,28940-11-6,,desconocido,,,"Origen: desconocido: su SDS (W03003) no lo dice (lote 4b, confirmado por el usuario)."
M00087,sustancia,"alpha-Methyl-1,3-benzodioxole-5-propionaldehyde",S00111,,,,,1205-17-0,,desconocido,,,"Origen: desconocido: su SDS (IFF) no lo dice (lote 4b, confirmado por el usuario)."
M00088,sustancia,Salicylaldehyde,S00112,,,,,90-02-8,,desconocido,,,"Origen: desconocido: la hoja que enlaza la tienda es de Merck y no es del producto; no lo dice (lote 4b, confirmado por el usuario)."
M00089,sustancia,(-)-(R)-.alpha.-Phellandrene,S00113,,,,,4221-98-1,,desconocido,,,"Fase 6, lote 6a: la identidad es la del FIG y los estándares son los del índice de IFRA 51; ningún documento ni lista de producto de la v1 (D6, D9). Origen: el FIG no dice si es natural o de síntesis, y no hay documento (D6, D7)"
M00090,sustancia,(-)-.alpha.-Fenchol,S00114,,,,,512-13-0,,desconocido,,,"Fase 6, lote 6a: la identidad es la del FIG y los estándares son los del índice de IFRA 51; ningún documento ni lista de producto de la v1 (D6, D9). Origen: el FIG no dice si es natural o de síntesis, y no hay documento (D6, D7)"
M00091,sustancia,(-)-.alpha.-Gurjunene,S00115,,,,,489-40-7,,desconocido,,,"Fase 6, lote 6a: la identidad es la del FIG y los estándares son los del índice de IFRA 51; ningún documento ni lista de producto de la v1 (D6, D9). Origen: el FIG no dice si es natural o de síntesis, y no hay documento (D6, D7)"
M00092,sustancia,(-)-Germacrene D,S00116,,,,,23986-74-5,,desconocido,,,"Fase 6, lote 6a: la identidad es la del FIG y los estándares son los del índice de IFRA 51; ningún documento ni lista de producto de la v1 (D6, D9). Origen: el FIG no dice si es natural o de síntesis, y no hay documento (D6, D7)"
M00093,sustancia,(-)-Guaiol,S00117,,,,,489-86-1,,desconocido,,,"Fase 6, lote 6a: la identidad es la del FIG y los estándares son los del índice de IFRA 51; ningún documento ni lista de producto de la v1 (D6, D9). Origen: el FIG no dice si es natural o de síntesis, y no hay documento (D6, D7)"
M00094,sustancia,"(.+-.)-Tetrahydro-2,6,6-trimethyl-2-vinyl-2H-pyrane",S00118,,,,,13837-56-4,,desconocido,,,"Fase 6, lote 6a: la identidad es la del FIG y los estándares son los del índice de IFRA 51; ningún documento ni lista de producto de la v1 (D6, D9). Origen: el FIG no dice si es natural o de síntesis, y no hay documento (D6, D7)"
M00095,sustancia,(+)-(R)-Citronellol,S00119,,,,,1117-61-9,,desconocido,,,"Fase 6, lote 6a: la identidad es la del FIG y los estándares son los del índice de IFRA 51; ningún documento ni lista de producto de la v1 (D6, D9). Origen: el FIG no dice si es natural o de síntesis, y no hay documento (D6, D7)"
M00096,sustancia,(+)-cis-Rose oxide,S00120,,,,,4610-11-1,,desconocido,,,"Fase 6, lote 6a: la identidad es la del FIG y los estándares son los del índice de IFRA 51; ningún documento ni lista de producto de la v1 (D6, D9). Origen: el FIG no dice si es natural o de síntesis, y no hay documento (D6, D7)"
M00097,sustancia,(+-)-Ethyl 3-mercapto-2-methylbutanoate,S00121,,,,,888021-82-7,,desconocido,,,"Fase 6, lote 6a: la identidad es la del FIG y los estándares son los del índice de IFRA 51; ningún documento ni lista de producto de la v1 (D6, D9). Origen: el FIG no dice si es natural o de síntesis, y no hay documento (D6, D7)"
M00098,sustancia,(+)-Menthofuran,S00122,,,,,17957-94-7,,desconocido,,,"Fase 6, lote 6a: la identidad es la del FIG y los estándares son los del índice de IFRA 51; ningún documento ni lista de producto de la v1 (D6, D9). Origen: el FIG no dice si es natural o de síntesis, y no hay documento (D6, D7)"
M00099,sustancia,(+)-Neomenthol,S00123,,,,,2216-52-6,,desconocido,,,"Fase 6, lote 6a: la identidad es la del FIG y los estándares son los del índice de IFRA 51; ningún documento ni lista de producto de la v1 (D6, D9). Origen: el FIG no dice si es natural o de síntesis, y no hay documento (D6, D7)"
M00100,sustancia,(+/-) 3-Methyl-gamma-decalactone,S00124,,,,,67663-01-8,,desconocido,,,"Fase 6, lote 6a: la identidad es la del FIG y los estándares son los del índice de IFRA 51; ningún documento ni lista de producto de la v1 (D6, D9). Origen: el FIG no dice si es natural o de síntesis, y no hay documento (D6, D7)"
M00101,sustancia,(+/-) Ethyl 3-mercaptobutyrate,S00125,,,,,156472-94-5,,desconocido,,,"Fase 6, lote 6a: la identidad es la del FIG y los estándares son los del índice de IFRA 51; ningún documento ni lista de producto de la v1 (D6, D9). Origen: el FIG no dice si es natural o de síntesis, y no hay documento (D6, D7)"
M00102,sustancia,(+/-)2-Mercapto-2-methylpentan-1-ol,S00126,,,,,258823-39-1,,desconocido,,,"Fase 6, lote 6a: la identidad es la del FIG y los estándares son los del índice de IFRA 51; ningún documento ni lista de producto de la v1 (D6, D9). Origen: el FIG no dice si es natural o de síntesis, y no hay documento (D6, D7)"
M00103,sustancia,(+/-)-4-Ethyloctanal,S00127,,,,,58475-04-0,,desconocido,,,"Fase 6, lote 6a: la identidad es la del FIG y los estándares son los del índice de IFRA 51; ningún documento ni lista de producto de la v1 (D6, D9). Origen: el FIG no dice si es natural o de síntesis, y no hay documento (D6, D7)"
M00104,sustancia,(+/-)-Butan-2-ol,S00128,,,,,15892-23-6,,desconocido,,,"Fase 6, lote 6a: la identidad es la del FIG y los estándares son los del índice de IFRA 51; ningún documento ni lista de producto de la v1 (D6, D9). Origen: el FIG no dice si es natural o de síntesis, y no hay documento (D6, D7)"
M00105,sustancia,(+/-)-Pulegone,S00129,,,,,15932-80-6,,desconocido,,,"Fase 6, lote 6a: la identidad es la del FIG y los estándares son los del índice de IFRA 51; ningún documento ni lista de producto de la v1 (D6, D9). Origen: el FIG no dice si es natural o de síntesis, y no hay documento (D6, D7)"
M00106,sustancia,"(±)-Bicyclo[2.2.1]hept-5-ene-2-carboxylic acid, ethyl ester",S00130,,,,,10138-32-6,,desconocido,,,"Fase 6, lote 6a: la identidad es la del FIG y los estándares son los del índice de IFRA 51; ningún documento ni lista de producto de la v1 (D6, D9). Origen: el FIG no dice si es natural o de síntesis, y no hay documento (D6, D7)"
M00107,sustancia,"(1,7,7-Trimethylbicyclo[2.2.1]hept-2-yl)cyclohexan-1-ol",S00131,,,,,68877-29-2,,desconocido,,,"Fase 6, lote 6a: la identidad es la del FIG y los estándares son los del índice de IFRA 51; ningún documento ni lista de producto de la v1 (D6, D9). Origen: el FIG no dice si es natural o de síntesis, y no hay documento (D6, D7)"
M00108,sustancia,"(1a,2a,5a)-2,5-dimethylcyclohex-3-ene-1-carbaldehyde",S00132,,,,,35145-02-9,,desconocido,,,"Fase 6, lote 6a: la identidad es la del FIG y los estándares son los del índice de IFRA 51; ningún documento ni lista de producto de la v1 (D6, D9). Origen: el FIG no dice si es natural o de síntesis, y no hay documento (D6, D7)"
M00109,sustancia,"(1a.alpha.,4.alpha.,7a.alpha.)-1a,3,3,4,6,6-Hexamethyl-1a,2,3,4,5,6,7,7a-",S00133,,,,,94400-98-3,,desconocido,,,"Fase 6, lote 6a: la identidad es la del FIG y los estándares son los del índice de IFRA 51; ningún documento ni lista de producto de la v1 (D6, D9). Origen: el FIG no dice si es natural o de síntesis, y no hay documento (D6, D7)"
M00110,sustancia,(1-Ethoxyethoxy)-cyclododecane,S00134,,,,,389083-83-4,,desconocido,,,"Fase 6, lote 6a: la identidad es la del FIG y los estándares son los del índice de IFRA 51; ningún documento ni lista de producto de la v1 (D6, D9). Origen: el FIG no dice si es natural o de síntesis, y no hay documento (D6, D7)"
M00111,sustancia,(1R)-Nopol,S00135,,,,,35836-73-8,,desconocido,,,"Fase 6, lote 6a: la identidad es la del FIG y los estándares son los del índice de IFRA 51; ningún documento ni lista de producto de la v1 (D6, D9). Origen: el FIG no dice si es natural o de síntesis, y no hay documento (D6, D7)"
M00112,sustancia,(1R)-Nopyl acetate,S00136,,,,,35836-72-7,,desconocido,,,"Fase 6, lote 6a: la identidad es la del FIG y los estándares son los del índice de IFRA 51; ningún documento ni lista de producto de la v1 (D6, D9). Origen: el FIG no dice si es natural o de síntesis, y no hay documento (D6, D7)"
M00113,sustancia,"(1R,2S,5R)-N-(4-Methoxyphenyl)-5-methyl-2-(1-methylethyl)cyclohexanecarboxamide",S00137,,,,,68489-09-8,,desconocido,,,"Fase 6, lote 6a: la identidad es la del FIG y los estándares son los del índice de IFRA 51; ningún documento ni lista de producto de la v1 (D6, D9). Origen: el FIG no dice si es natural o de síntesis, y no hay documento (D6, D7)"
M00114,sustancia,"(2.alpha.,4a.alpha.,8.beta.)-Hexahydro-1,1,5,5-tetramethyl-2H-2,4a-",S00138,,,,,29461-13-0,,desconocido,,,"Fase 6, lote 6a: la identidad es la del FIG y los estándares son los del índice de IFRA 51; ningún documento ni lista de producto de la v1 (D6, D9). Origen: el FIG no dice si es natural o de síntesis, y no hay documento (D6, D7)"
M00115,sustancia,(2-Butoxyethyl)benzene,S00139,,,,,5331-14-6,,desconocido,,,"Fase 6, lote 6a: la identidad es la del FIG y los estándares son los del índice de IFRA 51; ningún documento ni lista de producto de la v1 (D6, D9). Origen: el FIG no dice si es natural o de síntesis, y no hay documento (D6, D7)"
M00116,sustancia,"(2E)-1-(2,6,6-Trimethyl-1,3-cyclohexadien-1-yl)-2-buten-1-one",S00140,,,,,23726-93-4,,desconocido,,,"Fase 6, lote 6a: la identidad es la del FIG y los estándares son los del índice de IFRA 51; ningún documento ni lista de producto de la v1 (D6, D9). Origen: el FIG no dice si es natural o de síntesis, y no hay documento (D6, D7)"
M00117,sustancia,"(2E)-1-(2,6,6-Trimethyl-1-cyclohexen-1-yl)-2-buten-1-one",S00141,,,,,23726-91-2,,desconocido,,,"Fase 6, lote 6a: la identidad es la del FIG y los estándares son los del índice de IFRA 51; ningún documento ni lista de producto de la v1 (D6, D9). Origen: el FIG no dice si es natural o de síntesis, y no hay documento (D6, D7)"
M00118,sustancia,"(2E,6E)-Nona-2,6-dienyl acetate",S00142,,,,,67674-47-9,,desconocido,,,"Fase 6, lote 6a: la identidad es la del FIG y los estándares son los del índice de IFRA 51; ningún documento ni lista de producto de la v1 (D6, D9). Origen: el FIG no dice si es natural o de síntesis, y no hay documento (D6, D7)"
M00119,sustancia,"(2E,6Z)-Nona-2,6-dien-1-ol",S00143,,,,,28069-72-9,,desconocido,,,"Fase 6, lote 6a: la identidad es la del FIG y los estándares son los del índice de IFRA 51; ningún documento ni lista de producto de la v1 (D6, D9). Origen: el FIG no dice si es natural o de síntesis, y no hay documento (D6, D7)"
M00120,sustancia,"(2-endo,3-exo)-Ethyl 3-(1-methylethyl)bicyclo[2.2.1]hept-5-ene-2-carboxylate",S00144,,,,,116044-44-1,,desconocido,,,"Fase 6, lote 6a: la identidad es la del FIG y los estándares son los del índice de IFRA 51; ningún documento ni lista de producto de la v1 (D6, D9). Origen: el FIG no dice si es natural o de síntesis, y no hay documento (D6, D7)"
M00121,sustancia,"(2Z)-1-(2,6,6-trimethyl-1,3-cyclohexadien-1-yl)-2-Buten-1-one,",S00145,,,,,59739-63-8,,desconocido,,,"Fase 6, lote 6a: la identidad es la del FIG y los estándares son los del índice de IFRA 51; ningún documento ni lista de producto de la v1 (D6, D9). Origen: el FIG no dice si es natural o de síntesis, y no hay documento (D6, D7)"
M00122,sustancia,"(3a.alpha.,4.alpha.,6.alpha.,7.alpha.,7a.alpha.)-3a,4,5,6,7,7a-Hexahydro-3-methyl-5-",S00146,,,,,81836-13-7,,desconocido,,,"Fase 6, lote 6a: la identidad es la del FIG y los estándares son los del índice de IFRA 51; ningún documento ni lista de producto de la v1 (D6, D9). Origen: el FIG no dice si es natural o de síntesis, y no hay documento (D6, D7)"
M00123,sustancia,(3-Methoxy-2-methylpropyl)benzene,S00147,,,,,120811-92-9,,desconocido,,,"Fase 6, lote 6a: la identidad es la del FIG y los estándares son los del índice de IFRA 51; ningún documento ni lista de producto de la v1 (D6, D9). Origen: el FIG no dice si es natural o de síntesis, y no hay documento (D6, D7)"
M00124,sustancia,"(3-Z)-3,12-Tridecadienenitrile",S00148,,,,,124071-43-8,,desconocido,,,"Fase 6, lote 6a: la identidad es la del FIG y los estándares son los del índice de IFRA 51; ningún documento ni lista de producto de la v1 (D6, D9). Origen: el FIG no dice si es natural o de síntesis, y no hay documento (D6, D7)"
M00125,sustancia,(4-Ethylbicyclo[2.2.1]hept-2-yl)-cyclohexanol,S00149,,,,,92046-48-5,,desconocido,,,"Fase 6, lote 6a: la identidad es la del FIG y los estándares son los del índice de IFRA 51; ningún documento ni lista de producto de la v1 (D6, D9). Origen: el FIG no dice si es natural o de síntesis, y no hay documento (D6, D7)"
M00126,sustancia,(4-Methoxyphenyl)methyl isobutyrate,S00150,,,,,71172-26-4,,desconocido,,,"Fase 6, lote 6a: la identidad es la del FIG y los estándares son los del índice de IFRA 51; ningún documento ni lista de producto de la v1 (D6, D9). Origen: el FIG no dice si es natural o de síntesis, y no hay documento (D6, D7)"
M00127,sustancia,(4-Methylphenoxy)acetaldehyde,S00151,,,,,67845-46-9,,desconocido,,,"Fase 6, lote 6a: la identidad es la del FIG y los estándares son los del índice de IFRA 51; ningún documento ni lista de producto de la v1 (D6, D9). Origen: el FIG no dice si es natural o de síntesis, y no hay documento (D6, D7)"
M00128,sustancia,(4-tert-Butylphenyl)acetonitrile,S00152,,,,,3288-99-1,,desconocido,,,"Fase 6, lote 6a: la identidad es la del FIG y los estándares son los del índice de IFRA 51; ningún documento ni lista de producto de la v1 (D6, D9). Origen: el FIG no dice si es natural o de síntesis, y no hay documento (D6, D7)"
M00129,sustancia,(E)-1-(1-Methoxypropoxy)hex-3-ene,S00153,,,,,97358-54-8,,desconocido,,,"Fase 6, lote 6a: la identidad es la del FIG y los estándares son los del índice de IFRA 51; ningún documento ni lista de producto de la v1 (D6, D9). Origen: el FIG no dice si es natural o de síntesis, y no hay documento (D6, D7)"
M00130,sustancia,"(E)-1-(2,4,4-Trimethyl-2-cyclohexen-1-yl)-2-buten-1-one",S00154,,,,,39872-57-6,,desconocido,,,"Fase 6, lote 6a: la identidad es la del FIG y los estándares son los del índice de IFRA 51; ningún documento ni lista de producto de la v1 (D6, D9). Origen: el FIG no dice si es natural o de síntesis, y no hay documento (D6, D7)"
M00131,sustancia,"(E)-1-(2,6,6-Trimethyl-2-cyclohexen-1-yl)-2-buten-1-one",S00155,,,,,24720-09-0,,desconocido,,,"Fase 6, lote 6a: la identidad es la del FIG y los estándares son los del índice de IFRA 51; ningún documento ni lista de producto de la v1 (D6, D9). Origen: el FIG no dice si es natural o de síntesis, y no hay documento (D6, D7)"
M00132,sustancia,"(E)-1-Ethoxy-3,7-dimethylocta-2,6-diene",S00156,,,,,22882-91-3,,desconocido,,,"Fase 6, lote 6a: la identidad es la del FIG y los estándares son los del índice de IFRA 51; ningún documento ni lista de producto de la v1 (D6, D9). Origen: el FIG no dice si es natural o de síntesis, y no hay documento (D6, D7)"
M00133,sustancia,(E)-2-(2-Octenyl)cyclopentanone,S00157,,,,,65737-52-2,,desconocido,,,"Fase 6, lote 6a: la identidad es la del FIG y los estándares son los del índice de IFRA 51; ningún documento ni lista de producto de la v1 (D6, D9). Origen: el FIG no dice si es natural o de síntesis, y no hay documento (D6, D7)"
M00134,sustancia,"(E)-2,6,10-Trimethylundeca-5,9-dienol",S00158,,,,,58001-88-0,,desconocido,,,"Fase 6, lote 6a: la identidad es la del FIG y los estándares son los del índice de IFRA 51; ningún documento ni lista de producto de la v1 (D6, D9). Origen: el FIG no dice si es natural o de síntesis, y no hay documento (D6, D7)"
M00135,sustancia,(E)-2-Octen-1-ol,S00159,,,,,18409-17-1,,desconocido,,,"Fase 6, lote 6a: la identidad es la del FIG y los estándares son los del índice de IFRA 51; ningún documento ni lista de producto de la v1 (D6, D9). Origen: el FIG no dice si es natural o de síntesis, y no hay documento (D6, D7)"
M00136,sustancia,(E)-2-Phenylpropenyl acetate,S00160,,,,,37973-51-6,,desconocido,,,"Fase 6, lote 6a: la identidad es la del FIG y los estándares son los del índice de IFRA 51; ningún documento ni lista de producto de la v1 (D6, D9). Origen: el FIG no dice si es natural o de síntesis, y no hay documento (D6, D7)"
M00137,sustancia,"(E)-3,4,5,6,6-Pentamethylhept-3-en-2-one",S00161,,,,,81786-74-5,,desconocido,,,"Fase 6, lote 6a: la identidad es la del FIG y los estándares son los del índice de IFRA 51; ningún documento ni lista de producto de la v1 (D6, D9). Origen: el FIG no dice si es natural o de síntesis, y no hay documento (D6, D7)"
M00138,sustancia,"(E)-3-Benzo[1,3]dioxol-5-yl-N,N-diphenyl-2-propenamide",S00162,,,,,1309389-73-8,,desconocido,,,"Fase 6, lote 6a: la identidad es la del FIG y los estándares son los del índice de IFRA 51; ningún documento ni lista de producto de la v1 (D6, D9). Origen: el FIG no dice si es natural o de síntesis, y no hay documento (D6, D7)"
M00139,sustancia,(E)-3-Methyl-5-phenylpent-2-enenitrile,S00163,,,,,53243-60-0,,desconocido,,,"Fase 6, lote 6a: la identidad es la del FIG y los estándares son los del índice de IFRA 51; ningún documento ni lista de producto de la v1 (D6, D9). Origen: el FIG no dice si es natural o de síntesis, y no hay documento (D6, D7)"
M00140,sustancia,"(E)-6,10-Dimethylundeca-5,9-dien-2-yl acetate",S00164,,,,,3239-35-8,,desconocido,,,"Fase 6, lote 6a: la identidad es la del FIG y los estándares son los del índice de IFRA 51; ningún documento ni lista de producto de la v1 (D6, D9). Origen: el FIG no dice si es natural o de síntesis, y no hay documento (D6, D7)"
M00141,sustancia,(E)-7-Methyl-3-octen-2-one,S00165,,,,,33046-81-0,,desconocido,,,"Fase 6, lote 6a: la identidad es la del FIG y los estándares son los del índice de IFRA 51; ningún documento ni lista de producto de la v1 (D6, D9). Origen: el FIG no dice si es natural o de síntesis, y no hay documento (D6, D7)"
M00142,sustancia,"(E,Z)-2,6-Nonadien-1-ol acetate",S00166,,,,,68555-65-7,,desconocido,,,"Fase 6, lote 6a: la identidad es la del FIG y los estándares son los del índice de IFRA 51; ningún documento ni lista de producto de la v1 (D6, D9). Origen: el FIG no dice si es natural o de síntesis, y no hay documento (D6, D7)"
M00143,sustancia,(R)-Butan-2-ol,S00167,,,,,14898-79-4,,desconocido,,,"Fase 6, lote 6a: la identidad es la del FIG y los estándares son los del índice de IFRA 51; ningún documento ni lista de producto de la v1 (D6, D9). Origen: el FIG no dice si es natural o de síntesis, y no hay documento (D6, D7)"
M00144,sustancia,(S)-Butan-2-ol,S00168,,,,,4221-99-2,,desconocido,,,"Fase 6, lote 6a: la identidad es la del FIG y los estándares son los del índice de IFRA 51; ningún documento ni lista de producto de la v1 (D6, D9). Origen: el FIG no dice si es natural o de síntesis, y no hay documento (D6, D7)"
M00145,sustancia,(S1)-Methoxy-3-heptanethiol,S00169,,,,,400052-49-5,,desconocido,,,"Fase 6, lote 6a: la identidad es la del FIG y los estándares son los del índice de IFRA 51; ningún documento ni lista de producto de la v1 (D6, D9). Origen: el FIG no dice si es natural o de síntesis, y no hay documento (D6, D7)"
M00146,sustancia,(Z)-1-(1-Methoxypropoxy)hex-3-ene,S00170,,,,,97358-55-9,,desconocido,,,"Fase 6, lote 6a: la identidad es la del FIG y los estándares son los del índice de IFRA 51; ningún documento ni lista de producto de la v1 (D6, D9). Origen: el FIG no dice si es natural o de síntesis, y no hay documento (D6, D7)"
M00147,sustancia,"(Z)1-Ethoxy-3,7-dimethylocta-2,6-diene",S00171,,,,,22882-89-9,,desconocido,,,"Fase 6, lote 6a: la identidad es la del FIG y los estándares son los del índice de IFRA 51; ningún documento ni lista de producto de la v1 (D6, D9). Origen: el FIG no dice si es natural o de síntesis, y no hay documento (D6, D7)"
M00148,sustancia,(Z)-2-Penten-1-ol,S00172,,,,,1576-95-0,,desconocido,,,"Fase 6, lote 6a: la identidad es la del FIG y los estándares son los del índice de IFRA 51; ningún documento ni lista de producto de la v1 (D6, D9). Origen: el FIG no dice si es natural o de síntesis, y no hay documento (D6, D7)"
M00149,sustancia,(Z)-2-Phenylpropenyl acetate,S00173,,,,,37973-52-7,,desconocido,,,"Fase 6, lote 6a: la identidad es la del FIG y los estándares son los del índice de IFRA 51; ningún documento ni lista de producto de la v1 (D6, D9). Origen: el FIG no dice si es natural o de síntesis, y no hay documento (D6, D7)"
M00150,sustancia,"(Z)-3,4,5,6,6-Pentamethylhept-3-en-2-one",S00174,,,,,81786-73-4,,desconocido,,,"Fase 6, lote 6a: la identidad es la del FIG y los estándares son los del índice de IFRA 51; ningún documento ni lista de producto de la v1 (D6, D9). Origen: el FIG no dice si es natural o de síntesis, y no hay documento (D6, D7)"
M00151,sustancia,(Z)-3-Hexenyl angelate,S00175,,,,,84060-80-0,,desconocido,,,"Fase 6, lote 6a: la identidad es la del FIG y los estándares son los del índice de IFRA 51; ningún documento ni lista de producto de la v1 (D6, D9). Origen: el FIG no dice si es natural o de síntesis, y no hay documento (D6, D7)"
M00152,sustancia,(Z)-3-Methyl-5-phenylpent-2-enenitrile,S00176,,,,,53243-59-7,,desconocido,,,"Fase 6, lote 6a: la identidad es la del FIG y los estándares son los del índice de IFRA 51; ningún documento ni lista de producto de la v1 (D6, D9). Origen: el FIG no dice si es natural o de síntesis, y no hay documento (D6, D7)"
M00153,sustancia,(Z)-4-Dodecenal,S00177,,,,,21944-98-9,,desconocido,,,"Fase 6, lote 6a: la identidad es la del FIG y los estándares son los del índice de IFRA 51; ningún documento ni lista de producto de la v1 (D6, D9). Origen: el FIG no dice si es natural o de síntesis, y no hay documento (D6, D7)"
M00154,sustancia,(Z)-4-Hepten-1-ol,S00178,,,,,6191-71-5,,desconocido,,,"Fase 6, lote 6a: la identidad es la del FIG y los estándares son los del índice de IFRA 51; ningún documento ni lista de producto de la v1 (D6, D9). Origen: el FIG no dice si es natural o de síntesis, y no hay documento (D6, D7)"
M00155,sustancia,(Z)-5-(3-Hexenyl)dihydrofuran-2(3H)-one,S00179,,,,,63095-33-0,,desconocido,,,"Fase 6, lote 6a: la identidad es la del FIG y los estándares son los del índice de IFRA 51; ningún documento ni lista de producto de la v1 (D6, D9). Origen: el FIG no dice si es natural o de síntesis, y no hay documento (D6, D7)"
M00156,sustancia,"(Z)-6,10-Dimethylundeca-5,9-dien-2-yl acetate",S00180,,,,,3239-37-0,,desconocido,,,"Fase 6, lote 6a: la identidad es la del FIG y los estándares son los del índice de IFRA 51; ningún documento ni lista de producto de la v1 (D6, D9). Origen: el FIG no dice si es natural o de síntesis, y no hay documento (D6, D7)"
M00157,sustancia,"(Z)-beta-1-(2,6,6-Trimethyl-1-cyclohexen-1-yl)-2-buten-1-one",S00181,,,,,23726-92-3,,desconocido,,,"Fase 6, lote 6a: la identidad es la del FIG y los estándares son los del índice de IFRA 51; ningún documento ni lista de producto de la v1 (D6, D9). Origen: el FIG no dice si es natural o de síntesis, y no hay documento (D6, D7)"
M00158,sustancia,(Z)-Hex-3-enyl 2-methylbutyrate,S00182,,,,,53398-85-9,,desconocido,,,"Fase 6, lote 6a: la identidad es la del FIG y los estándares son los del índice de IFRA 51; ningún documento ni lista de producto de la v1 (D6, D9). Origen: el FIG no dice si es natural o de síntesis, y no hay documento (D6, D7)"
M00159,sustancia,(Z)-Non-6-enyl acetate,S00183,,,,,76238-22-7,,desconocido,,,"Fase 6, lote 6a: la identidad es la del FIG y los estándares son los del índice de IFRA 51; ningún documento ni lista de producto de la v1 (D6, D9). Origen: el FIG no dice si es natural o de síntesis, y no hay documento (D6, D7)"
M00160,sustancia,"(Z,Z)-1,1'-[Ethylidenebis(oxy)]di(hex-3-ene)",S00184,,,,,63449-64-9,,desconocido,,,"Fase 6, lote 6a: la identidad es la del FIG y los estándares son los del índice de IFRA 51; ningún documento ni lista de producto de la v1 (D6, D9). Origen: el FIG no dice si es natural o de síntesis, y no hay documento (D6, D7)"
M00161,sustancia,".alpha.,.alpha.,4-Trimethylphenethyl alcohol",S00185,,,,,20834-59-7,,desconocido,,,"Fase 6, lote 6a: la identidad es la del FIG y los estándares son los del índice de IFRA 51; ningún documento ni lista de producto de la v1 (D6, D9). Origen: el FIG no dice si es natural o de síntesis, y no hay documento (D6, D7)"
M00162,sustancia,".alpha.,.alpha.,6,6-Tetramethylbicyclo[3.1.1]hept-2-ene-2-propionaldehyde",S00186,,,,,33885-52-8,,desconocido,,,"Fase 6, lote 6a: la identidad es la del FIG y los estándares son los del índice de IFRA 51; ningún documento ni lista de producto de la v1 (D6, D9). Origen: el FIG no dice si es natural o de síntesis, y no hay documento (D6, D7)"
M00163,sustancia,".alpha.,3,3-Trimethylbicyclo[2.2.1]heptane-2-methanol",S00187,,,,,66062-78-0,,desconocido,,,"Fase 6, lote 6a: la identidad es la del FIG y los estándares son los del índice de IFRA 51; ningún documento ni lista de producto de la v1 (D6, D9). Origen: el FIG no dice si es natural o de síntesis, y no hay documento (D6, D7)"
M00164,sustancia,.alpha.-Bisabolol,S00014,,,,,515-69-5,,desconocido,,,"Fase 6, lote 6a: la identidad es la del FIG y los estándares son los del índice de IFRA 51; ningún documento ni lista de producto de la v1 (D6, D9). Origen: el FIG no dice si es natural o de síntesis, y no hay documento (D6, D7)"
M00165,sustancia,.alpha.-Methyl-4-(1-methylethyl)-cyclohexanemethanol,S00188,,,,,63767-86-2,,desconocido,,,"Fase 6, lote 6a: la identidad es la del FIG y los estándares son los del índice de IFRA 51; ningún documento ni lista de producto de la v1 (D6, D9). Origen: el FIG no dice si es natural o de síntesis, y no hay documento (D6, D7)"
M00166,sustancia,.alpha.-Methylcyclohexylmethyl acetate,S00189,,,,,13487-27-9,,desconocido,,,"Fase 6, lote 6a: la identidad es la del FIG y los estándares son los del índice de IFRA 51; ningún documento ni lista de producto de la v1 (D6, D9). Origen: el FIG no dice si es natural o de síntesis, y no hay documento (D6, D7)"
M00167,sustancia,".beta.,.beta.,3-Trimethyl benzenepropanol",S00190,,,,,103694-68-4,,desconocido,,,"Fase 6, lote 6a: la identidad es la del FIG y los estándares son los del índice de IFRA 51; ningún documento ni lista de producto de la v1 (D6, D9). Origen: el FIG no dice si es natural o de síntesis, y no hay documento (D6, D7)"
M00168,sustancia,".beta.,4-Dimethylcyclohex-3-ene-1-propan-1-al",S00191,,,,,6784-13-0,,desconocido,,,"Fase 6, lote 6a: la identidad es la del FIG y los estándares son los del índice de IFRA 51; ningún documento ni lista de producto de la v1 (D6, D9). Origen: el FIG no dice si es natural o de síntesis, y no hay documento (D6, D7)"
M00169,sustancia,.beta.-Caryophyllene alcohol,S00192,,,,,472-97-9,,desconocido,,,"Fase 6, lote 6a: la identidad es la del FIG y los estándares son los del índice de IFRA 51; ningún documento ni lista de producto de la v1 (D6, D9). Origen: el FIG no dice si es natural o de síntesis, y no hay documento (D6, D7)"
M00170,sustancia,".Eta.-1H-Indol-1-yl-.alpha.,.alpha.,.epsilon.-trimethyl-1H-indole-1-heptanol",S00193,,,,,67801-36-9,,desconocido,,,"Fase 6, lote 6a: la identidad es la del FIG y los estándares son los del índice de IFRA 51; ningún documento ni lista de producto de la v1 (D6, D9). Origen: el FIG no dice si es natural o de síntesis, y no hay documento (D6, D7)"
M00171,sustancia,"[1,1'-Bicyclopentyl]-2-yl 2-butenoate",S00194,,,,,68039-73-6,,desconocido,,,"Fase 6, lote 6a: la identidad es la del FIG y los estándares son los del índice de IFRA 51; ningún documento ni lista de producto de la v1 (D6, D9). Origen: el FIG no dice si es natural o de síntesis, y no hay documento (D6, D7)"
M00172,sustancia,"[1.alpha.(E),2.beta.]-1-(2,6,6-Trimethyl-3-cyclohexen-1-yl)-2-buten-1-one",S00195,,,,,71048-82-3,,desconocido,,,"Fase 6, lote 6a: la identidad es la del FIG y los estándares son los del índice de IFRA 51; ningún documento ni lista de producto de la v1 (D6, D9). Origen: el FIG no dice si es natural o de síntesis, y no hay documento (D6, D7)"
M00173,sustancia,[2-(Cyclohexyloxy)ethyl]benzene,S00196,,,,,80858-47-5,,desconocido,,,"Fase 6, lote 6a: la identidad es la del FIG y los estándares son los del índice de IFRA 51; ningún documento ni lista de producto de la v1 (D6, D9). Origen: el FIG no dice si es natural o de síntesis, y no hay documento (D6, D7)"
M00174,sustancia,"[2,2-Bis(3-methylbutoxy)ethyl]benzene",S00197,,,,,68555-28-2,,desconocido,,,"Fase 6, lote 6a: la identidad es la del FIG y los estándares son los del índice de IFRA 51; ningún documento ni lista de producto de la v1 (D6, D9). Origen: el FIG no dice si es natural o de síntesis, y no hay documento (D6, D7)"
M00175,sustancia,"[2,2-Bis[(3,7-dimethyl-2,6-octadienyl)oxy]ethyl]benzene",S00198,,,,,67634-02-0,,desconocido,,,"Fase 6, lote 6a: la identidad es la del FIG y los estándares son los del índice de IFRA 51; ningún documento ni lista de producto de la v1 (D6, D9). Origen: el FIG no dice si es natural o de síntesis, y no hay documento (D6, D7)"
M00176,sustancia,"[2,2-Bis[(3,7-dimethyloct-6-enyl)oxy]ethyl]benzene",S00199,,,,,67634-04-2,,desconocido,,,"Fase 6, lote 6a: la identidad es la del FIG y los estándares son los del índice de IFRA 51; ningún documento ni lista de producto de la v1 (D6, D9). Origen: el FIG no dice si es natural o de síntesis, y no hay documento (D6, D7)"
M00177,sustancia,[2-Isopropoxyethyl]benzene,S00200,,,,,68039-47-4,,desconocido,,,"Fase 6, lote 6a: la identidad es la del FIG y los estándares son los del índice de IFRA 51; ningún documento ni lista de producto de la v1 (D6, D9). Origen: el FIG no dice si es natural o de síntesis, y no hay documento (D6, D7)"
M00178,sustancia,"1-​Nonen-​3-​ol, 8-​methoxy-​4,​8-​dimethyl-",S00201,,,,,1958027-44-5,,desconocido,,,"Fase 6, lote 6a: la identidad es la del FIG y los estándares son los del índice de IFRA 51; ningún documento ni lista de producto de la v1 (D6, D9). Origen: el FIG no dice si es natural o de síntesis, y no hay documento (D6, D7)"
M00179,sustancia,"1-(1,2,3,4,6,7,8,8a-Octahydro-2,3,8,8-tetramethyl-2-naphthyl)ethan-1-one",S00202,,,,,68155-67-9,,desconocido,,,"Fase 6, lote 6a: la identidad es la del FIG y los estándares son los del índice de IFRA 51; ningún documento ni lista de producto de la v1 (D6, D9). Origen: el FIG no dice si es natural o de síntesis, y no hay documento (D6, D7)"
M00180,sustancia,1-(1-Naphthyl)ethanone,S00203,,,,,941-98-0,,desconocido,,,"Fase 6, lote 6a: la identidad es la del FIG y los estándares son los del índice de IFRA 51; ningún documento ni lista de producto de la v1 (D6, D9). Origen: el FIG no dice si es natural o de síntesis, y no hay documento (D6, D7)"
M00181,sustancia,"1-(2,2,6-Trimethylcyclohexyl)-3-hexanol",S00085,,,,,70788-30-6,,desconocido,,,"Fase 6, lote 6a: la identidad es la del FIG y los estándares son los del índice de IFRA 51; ningún documento ni lista de producto de la v1 (D6, D9). Origen: el FIG no dice si es natural o de síntesis, y no hay documento (D6, D7)"
M00182,sustancia,"1-(2,2-Dimethyl-6-methylenecyclohexyl)but-2-en-1-one",S00204,,,,,35087-49-1,,desconocido,,,"Fase 6, lote 6a: la identidad es la del FIG y los estándares son los del índice de IFRA 51; ningún documento ni lista de producto de la v1 (D6, D9). Origen: el FIG no dice si es natural o de síntesis, y no hay documento (D6, D7)"
M00183,sustancia,"1-(2,3,4,7,8,8a-Hexahydro-3,6,8,8-tetramethyl-1H-3a,7-methanoazulen-5-yl)ethan-1-",S00205,,,,,68039-35-0,,desconocido,,,"Fase 6, lote 6a: la identidad es la del FIG y los estándares son los del índice de IFRA 51; ningún documento ni lista de producto de la v1 (D6, D9). Origen: el FIG no dice si es natural o de síntesis, y no hay documento (D6, D7)"
M00184,sustancia,"1-(2,4,4-Trimethyl-1-cyclohexen-1-yl)-2-buten-1-one",S00206,,,,,70266-48-7,,desconocido,,,"Fase 6, lote 6a: la identidad es la del FIG y los estándares son los del índice de IFRA 51; ningún documento ni lista de producto de la v1 (D6, D9). Origen: el FIG no dice si es natural o de síntesis, y no hay documento (D6, D7)"
M00185,sustancia,"1-(2,4,4-Trimethyl-2-cyclohexen-1-yl)-2-buten-1-one",S00207,,,,,33673-71-1,,desconocido,,,"Fase 6, lote 6a: la identidad es la del FIG y los estándares son los del índice de IFRA 51; ningún documento ni lista de producto de la v1 (D6, D9). Origen: el FIG no dice si es natural o de síntesis, y no hay documento (D6, D7)"
M00186,sustancia,"1-(2,4-Dimethyl-3-cyclohexenyl)-2,2-dimethylpropan-1-one",S00208,,,,,69929-17-5,,desconocido,,,"Fase 6, lote 6a: la identidad es la del FIG y los estándares son los del índice de IFRA 51; ningún documento ni lista de producto de la v1 (D6, D9). Origen: el FIG no dice si es natural o de síntesis, y no hay documento (D6, D7)"
M00187,sustancia,"1-(2,6,6-Trimethyl-2-cyclohexen-1-yl)pent-1-en-3-one",S00209,,,,,7779-30-8,,desconocido,,,"Fase 6, lote 6a: la identidad es la del FIG y los estándares son los del índice de IFRA 51; ningún documento ni lista de producto de la v1 (D6, D9). Origen: el FIG no dice si es natural o de síntesis, y no hay documento (D6, D7)"
M00188,sustancia,"1-(2,6,6-Trimethylcyclohexa-1,3-dienyl)-2-buten-1-one",S00210,,,,,23696-85-7,,desconocido,,,"Fase 6, lote 6a: la identidad es la del FIG y los estándares son los del índice de IFRA 51; ningún documento ni lista de producto de la v1 (D6, D9). Origen: el FIG no dice si es natural o de síntesis, y no hay documento (D6, D7)"
M00189,sustancia,1-(2-Benzofuranyl)ethanone,S00211,,,,,1646-26-0,,desconocido,,,"Fase 6, lote 6a: la identidad es la del FIG y los estándares son los del índice de IFRA 51; ningún documento ni lista de producto de la v1 (D6, D9). Origen: el FIG no dice si es natural o de síntesis, y no hay documento (D6, D7)"
M00190,sustancia,"1-(3,3-Dimethylbicyclo[2.2.1]hept-2-yl)ethane-1-one",S00212,,,,,42370-07-0,,desconocido,,,"Fase 6, lote 6a: la identidad es la del FIG y los estándares son los del índice de IFRA 51; ningún documento ni lista de producto de la v1 (D6, D9). Origen: el FIG no dice si es natural o de síntesis, y no hay documento (D6, D7)"
M00191,sustancia,"1-(3,3-Dimethylcyclohexyl)ethan-1-one",S00213,,,,,25304-14-7,,desconocido,,,"Fase 6, lote 6a: la identidad es la del FIG y los estándares son los del índice de IFRA 51; ningún documento ni lista de producto de la v1 (D6, D9). Origen: el FIG no dice si es natural o de síntesis, y no hay documento (D6, D7)"
M00192,sustancia,"1-(3,3-Dimethylcyclohexyl)ethanol",S00214,,,,,25225-09-6,,desconocido,,,"Fase 6, lote 6a: la identidad es la del FIG y los estándares son los del índice de IFRA 51; ningún documento ni lista de producto de la v1 (D6, D9). Origen: el FIG no dice si es natural o de síntesis, y no hay documento (D6, D7)"
M00193,sustancia,"1-(3,3-Dimethylcyclohexyl)pent-4-en-1-one",S00215,,,,,56973-87-6,,desconocido,,,"Fase 6, lote 6a: la identidad es la del FIG y los estándares son los del índice de IFRA 51; ningún documento ni lista de producto de la v1 (D6, D9). Origen: el FIG no dice si es natural o de síntesis, y no hay documento (D6, D7)"
M00194,sustancia,"1-(3,5,6-Trimethyl-3-cyclohexen-1-yl)ethan-1-one",S00216,,,,,68480-14-8,,desconocido,,,"Fase 6, lote 6a: la identidad es la del FIG y los estándares son los del índice de IFRA 51; ningún documento ni lista de producto de la v1 (D6, D9). Origen: el FIG no dice si es natural o de síntesis, y no hay documento (D6, D7)"
M00195,sustancia,1-(3-Methyl-2-benzofuranyl)ethanone,S00217,,,,,23911-56-0,,desconocido,,,"Fase 6, lote 6a: la identidad es la del FIG y los estándares son los del índice de IFRA 51; ningún documento ni lista de producto de la v1 (D6, D9). Origen: el FIG no dice si es natural o de síntesis, y no hay documento (D6, D7)"
M00196,sustancia,"1-(5,5-Dimethyl-1-cyclohexen-1-yl)pent-4-en-1-one",S00090,,,,,56973-85-4,,desconocido,,,"Fase 6, lote 6a: la identidad es la del FIG y los estándares son los del índice de IFRA 51; ningún documento ni lista de producto de la v1 (D6, D9). Origen: el FIG no dice si es natural o de síntesis, y no hay documento (D6, D7)"
M00197,sustancia,"1-(5,6,7,8-tetrahydro-2-naphthalenyl)ethanone",S00218,,,,,774-55-0,,desconocido,,,"Fase 6, lote 6a: la identidad es la del FIG y los estándares son los del índice de IFRA 51; ningún documento ni lista de producto de la v1 (D6, D9). Origen: el FIG no dice si es natural o de síntesis, y no hay documento (D6, D7)"
M00198,sustancia,"1-(5,6,7,8-Tetrahydro-3,5,5,6,8,8-hexamethyl-2-naphthyl)ethan-1-one (Fixolid)",S00219,,,,,1506-02-1,,desconocido,,,"Fase 6, lote 6a: la identidad es la del FIG y los estándares son los del índice de IFRA 51; ningún documento ni lista de producto de la v1 (D6, D9). Origen: el FIG no dice si es natural o de síntesis, y no hay documento (D6, D7)"
M00199,sustancia,1-(Methylthio)-1-propene,S00220,,,,,10152-77-9,,desconocido,,,"Fase 6, lote 6a: la identidad es la del FIG y los estándares son los del índice de IFRA 51; ningún documento ni lista de producto de la v1 (D6, D9). Origen: el FIG no dice si es natural o de síntesis, y no hay documento (D6, D7)"
M00200,sustancia,1-(Naphthyl)ethan-1-one,S00221,,,,,1333-52-4,,desconocido,,,"Fase 6, lote 6a: la identidad es la del FIG y los estándares son los del índice de IFRA 51; ningún documento ni lista de producto de la v1 (D6, D9). Origen: el FIG no dice si es natural o de síntesis, y no hay documento (D6, D7)"
M00201,sustancia,1-(para-Menthen-6-yl)-1-propanone,S00222,,,,,31375-17-4,,desconocido,,,"Fase 6, lote 6a: la identidad es la del FIG y los estándares son los del índice de IFRA 51; ningún documento ni lista de producto de la v1 (D6, D9). Origen: el FIG no dice si es natural o de síntesis, y no hay documento (D6, D7)"
M00202,sustancia,1-(p-Methoxyphenyl)-2-propanone,S00223,,,,,122-84-9,,desconocido,,,"Fase 6, lote 6a: la identidad es la del FIG y los estándares son los del índice de IFRA 51; ningún documento ni lista de producto de la v1 (D6, D9). Origen: el FIG no dice si es natural o de síntesis, y no hay documento (D6, D7)"
M00203,sustancia,"1,​3-​Cyclohexadiene-​1-​carboxylic acid, 4,​6,​6-​trimethyl-​, ethyl ester",S00224,,,,,100520-15-8,,desconocido,,,"Fase 6, lote 6a: la identidad es la del FIG y los estándares son los del índice de IFRA 51; ningún documento ni lista de producto de la v1 (D6, D9). Origen: el FIG no dice si es natural o de síntesis, y no hay documento (D6, D7)"
M00204,sustancia,"1,​5-​Cyclododecadiene, 9-​methoxy-​1,​6,​10-​trimethyl-",S00225,,,,,900779-74-0,,desconocido,,,"Fase 6, lote 6a: la identidad es la del FIG y los estándares son los del índice de IFRA 51; ningún documento ni lista de producto de la v1 (D6, D9). Origen: el FIG no dice si es natural o de síntesis, y no hay documento (D6, D7)"
M00205,sustancia,"1,​5-​Cyclododecadiene, 9-​methoxy-​1,​6,​10-​trimethyl-",S00226,,,,,947237-75-4,,desconocido,,,"Fase 6, lote 6a: la identidad es la del FIG y los estándares son los del índice de IFRA 51; ningún documento ni lista de producto de la v1 (D6, D9). Origen: el FIG no dice si es natural o de síntesis, y no hay documento (D6, D7)"
M00206,sustancia,"1,​5,​7-​Octatrien-​3-​ol, 3,​7-​dimethyl-​, (5E)​-",S00227,,,,,53834-70-1,,desconocido,,,"Fase 6, lote 6a: la identidad es la del FIG y los estándares son los del índice de IFRA 51; ningún documento ni lista de producto de la v1 (D6, D9). Origen: el FIG no dice si es natural o de síntesis, y no hay documento (D6, D7)"
M00207,sustancia,"1,​6-​Octadiene-​3-​thiol, 3,​7-​dimethyl-",S00228,,,,,39707-47-6,,desconocido,,,"Fase 6, lote 6a: la identidad es la del FIG y los estándares son los del índice de IFRA 51; ningún documento ni lista de producto de la v1 (D6, D9). Origen: el FIG no dice si es natural o de síntesis, y no hay documento (D6, D7)"
M00208,sustancia,"1,1'-(2-Phenylethylidene)bis(1H-indole)",S00229,,,,,67801-37-0,,desconocido,,,"Fase 6, lote 6a: la identidad es la del FIG y los estándares son los del índice de IFRA 51; ningún documento ni lista de producto de la v1 (D6, D9). Origen: el FIG no dice si es natural o de síntesis, y no hay documento (D6, D7)"
M00209,sustancia,"1,1,3-Trimethyl-3-phenylindane",S00230,,,,,3910-35-8,,desconocido,,,"Fase 6, lote 6a: la identidad es la del FIG y los estándares son los del índice de IFRA 51; ningún documento ni lista de producto de la v1 (D6, D9). Origen: el FIG no dice si es natural o de síntesis, y no hay documento (D6, D7)"
M00210,sustancia,"1,1-Diethoxydecane",S00231,,,,,34764-02-8,,desconocido,,,"Fase 6, lote 6a: la identidad es la del FIG y los estándares son los del índice de IFRA 51; ningún documento ni lista de producto de la v1 (D6, D9). Origen: el FIG no dice si es natural o de síntesis, y no hay documento (D6, D7)"
M00211,sustancia,"1,1-Diethoxyheptane",S00232,,,,,688-82-4,,desconocido,,,"Fase 6, lote 6a: la identidad es la del FIG y los estándares son los del índice de IFRA 51; ningún documento ni lista de producto de la v1 (D6, D9). Origen: el FIG no dice si es natural o de síntesis, y no hay documento (D6, D7)"
M00212,sustancia,"1,1-Diethoxyhexane",S00233,,,,,3658-93-3,,desconocido,,,"Fase 6, lote 6a: la identidad es la del FIG y los estándares son los del índice de IFRA 51; ningún documento ni lista de producto de la v1 (D6, D9). Origen: el FIG no dice si es natural o de síntesis, y no hay documento (D6, D7)"
M00213,sustancia,"1,1-Dihexyloxyhexane",S00234,,,,,33673-65-3,,desconocido,,,"Fase 6, lote 6a: la identidad es la del FIG y los estándares son los del índice de IFRA 51; ningún documento ni lista de producto de la v1 (D6, D9). Origen: el FIG no dice si es natural o de síntesis, y no hay documento (D6, D7)"
M00214,sustancia,"1,1-Dimethoxycyclododecane",S00235,,,,,950-33-4,,desconocido,,,"Fase 6, lote 6a: la identidad es la del FIG y los estándares son los del índice de IFRA 51; ningún documento ni lista de producto de la v1 (D6, D9). Origen: el FIG no dice si es natural o de síntesis, y no hay documento (D6, D7)"
M00215,sustancia,"1,1-Dimethoxyethane",S00236,,,,,534-15-6,,desconocido,,,"Fase 6, lote 6a: la identidad es la del FIG y los estándares son los del índice de IFRA 51; ningún documento ni lista de producto de la v1 (D6, D9). Origen: el FIG no dice si es natural o de síntesis, y no hay documento (D6, D7)"
M00216,sustancia,"1,1-Dimethyl-2-phenylethyl acetate",S00237,,,,,151-05-3,,desconocido,,,"Fase 6, lote 6a: la identidad es la del FIG y los estándares son los del índice de IFRA 51; ningún documento ni lista de producto de la v1 (D6, D9). Origen: el FIG no dice si es natural o de síntesis, y no hay documento (D6, D7)"
M00217,sustancia,"1,1-Dimethyl-2-phenylethyl isobutyrate",S00238,,,,,59354-71-1,,desconocido,,,"Fase 6, lote 6a: la identidad es la del FIG y los estándares son los del índice de IFRA 51; ningún documento ni lista de producto de la v1 (D6, D9). Origen: el FIG no dice si es natural o de síntesis, y no hay documento (D6, D7)"
M00218,sustancia,"1,2,3,4,4a,7,8,8a-Octahydro-2,4a,5,8a-tetramethyl-1-naphthyl formate",S00239,,,,,65405-72-3,,desconocido,,,"Fase 6, lote 6a: la identidad es la del FIG y los estándares son los del índice de IFRA 51; ningún documento ni lista de producto de la v1 (D6, D9). Origen: el FIG no dice si es natural o de síntesis, y no hay documento (D6, D7)"
M00219,sustancia,"1,2,3,4,5,6,7,8-Octahydro-5,5-dimethylnaphthalene-2-carbaldehyde",S00240,,,,,68991-96-8,,desconocido,,,"Fase 6, lote 6a: la identidad es la del FIG y los estándares son los del índice de IFRA 51; ningún documento ni lista de producto de la v1 (D6, D9). Origen: el FIG no dice si es natural o de síntesis, y no hay documento (D6, D7)"
M00220,sustancia,"1,2,3,4,5,6,7,8-Octahydro-8,8-dimethyl-2-naphthaldehyde",S00241,,,,,68991-97-9,,desconocido,,,"Fase 6, lote 6a: la identidad es la del FIG y los estándares son los del índice de IFRA 51; ningún documento ni lista de producto de la v1 (D6, D9). Origen: el FIG no dice si es natural o de síntesis, y no hay documento (D6, D7)"
M00221,sustancia,"1,2-Di((1'-ethoxy)ethoxy)propane",S00242,,,,,67715-79-1,,desconocido,,,"Fase 6, lote 6a: la identidad es la del FIG y los estándares son los del índice de IFRA 51; ningún documento ni lista de producto de la v1 (D6, D9). Origen: el FIG no dice si es natural o de síntesis, y no hay documento (D6, D7)"
M00222,sustancia,"1,2-Dimethoxybenzene",S00243,,,,,91-16-7,,desconocido,,,"Fase 6, lote 6a: la identidad es la del FIG y los estándares son los del índice de IFRA 51; ningún documento ni lista de producto de la v1 (D6, D9). Origen: el FIG no dice si es natural o de síntesis, y no hay documento (D6, D7)"
M00223,sustancia,"1,3,3-Trimethyl-2-norbornanyl acetate",S00244,,,,,13851-11-1,,desconocido,,,"Fase 6, lote 6a: la identidad es la del FIG y los estándares son los del índice de IFRA 51; ningún documento ni lista de producto de la v1 (D6, D9). Origen: el FIG no dice si es natural o de síntesis, y no hay documento (D6, D7)"
M00224,sustancia,"1,3,5-Undecatriene",S00245,,,,,16356-11-9,,desconocido,,,"Fase 6, lote 6a: la identidad es la del FIG y los estándares son los del índice de IFRA 51; ningún documento ni lista de producto de la v1 (D6, D9). Origen: el FIG no dice si es natural o de síntesis, y no hay documento (D6, D7)"
M00225,sustancia,"1,3-Benzodioxole, 5-(diethoxymethyl)-",S00246,,,,,40527-42-2,,desconocido,,,"Fase 6, lote 6a: la identidad es la del FIG y los estándares son los del índice de IFRA 51; ningún documento ni lista de producto de la v1 (D6, D9). Origen: el FIG no dice si es natural o de síntesis, y no hay documento (D6, D7)"
M00226,sustancia,"1,3-Benzodioxole-5-methanol",S00247,,,,,495-76-1,,desconocido,,,"Fase 6, lote 6a: la identidad es la del FIG y los estándares son los del índice de IFRA 51; ningún documento ni lista de producto de la v1 (D6, D9). Origen: el FIG no dice si es natural o de síntesis, y no hay documento (D6, D7)"
M00227,sustancia,"1,3-Benzodioxole-5-propanol, alpha-methyl-, 5-acetate",S00248,,,,,68844-96-2,,desconocido,,,"Fase 6, lote 6a: la identidad es la del FIG y los estándares son los del índice de IFRA 51; ningún documento ni lista de producto de la v1 (D6, D9). Origen: el FIG no dice si es natural o de síntesis, y no hay documento (D6, D7)"
M00228,sustancia,"1,3-Diacetoxynonane",S00249,,,,,63270-14-4,,desconocido,,,"Fase 6, lote 6a: la identidad es la del FIG y los estándares son los del índice de IFRA 51; ningún documento ni lista de producto de la v1 (D6, D9). Origen: el FIG no dice si es natural o de síntesis, y no hay documento (D6, D7)"
M00229,sustancia,"1,3-Dimethyl-3-butenyl salicylate",S00250,,,,,80118-10-1,,desconocido,,,"Fase 6, lote 6a: la identidad es la del FIG y los estándares son los del índice de IFRA 51; ningún documento ni lista de producto de la v1 (D6, D9). Origen: el FIG no dice si es natural o de síntesis, y no hay documento (D6, D7)"
M00230,sustancia,"1,3-Dimethyl-3-phenylbutyl acetate",S00251,,,,,68083-58-9,,desconocido,,,"Fase 6, lote 6a: la identidad es la del FIG y los estándares son los del índice de IFRA 51; ningún documento ni lista de producto de la v1 (D6, D9). Origen: el FIG no dice si es natural o de síntesis, y no hay documento (D6, D7)"
M00231,sustancia,"1,3-Dimethylbut-3-enyl isobutyrate",S00252,,,,,80118-06-5,,desconocido,,,"Fase 6, lote 6a: la identidad es la del FIG y los estándares son los del índice de IFRA 51; ningún documento ni lista de producto de la v1 (D6, D9). Origen: el FIG no dice si es natural o de síntesis, y no hay documento (D6, D7)"
M00232,sustancia,"1,3-Dimethylbutyl 2-butenoate",S00253,,,,,35206-51-0,,desconocido,,,"Fase 6, lote 6a: la identidad es la del FIG y los estándares son los del índice de IFRA 51; ningún documento ni lista de producto de la v1 (D6, D9). Origen: el FIG no dice si es natural o de síntesis, y no hay documento (D6, D7)"
M00233,sustancia,"1,3-Dioxane, 2-(2,4-dimethyl-3-cyclohexene-1-yl)-5-methyl-5-(1-methylpropyl)-",S00254,,,,,117933-89-8,,desconocido,,,"Fase 6, lote 6a: la identidad es la del FIG y los estándares son los del índice de IFRA 51; ningún documento ni lista de producto de la v1 (D6, D9). Origen: el FIG no dice si es natural o de síntesis, y no hay documento (D6, D7)"
M00234,sustancia,"1,3-Dioxane, 5-methyl-2-(2-methylpropyl)-cis-",S00255,,,,,166301-22-0,,desconocido,,,"Fase 6, lote 6a: la identidad es la del FIG y los estándares son los del índice de IFRA 51; ningún documento ni lista de producto de la v1 (D6, D9). Origen: el FIG no dice si es natural o de síntesis, y no hay documento (D6, D7)"
M00235,sustancia,"1,3-Dioxolane, 2,4-dimethyl-2-(5,6,7,8-tetrahydro-5,5,8,8-tetramethyl-2-naphthalenyl)-,",S00256,,,,,131812-52-7,,desconocido,,,"Fase 6, lote 6a: la identidad es la del FIG y los estándares son los del índice de IFRA 51; ningún documento ni lista de producto de la v1 (D6, D9). Origen: el FIG no dice si es natural o de síntesis, y no hay documento (D6, D7)"
M00236,sustancia,"1,3-Dioxolane-4-methanol, 2-hexyl-",S00257,,,,,1708-35-6,,desconocido,,,"Fase 6, lote 6a: la identidad es la del FIG y los estándares son los del índice de IFRA 51; ningún documento ni lista de producto de la v1 (D6, D9). Origen: el FIG no dice si es natural o de síntesis, y no hay documento (D6, D7)"
M00237,sustancia,"1,3-Nonanediol acetate (mixed esters)",S00258,,,,,1322-17-4,,desconocido,,,"Fase 6, lote 6a: la identidad es la del FIG y los estándares son los del índice de IFRA 51; ningún documento ni lista de producto de la v1 (D6, D9). Origen: el FIG no dice si es natural o de síntesis, y no hay documento (D6, D7)"
M00238,sustancia,"1,3-Oxathiane,2-ethyl-4,4-dimethyl-",S00259,,,,,444880-09-5,,desconocido,,,"Fase 6, lote 6a: la identidad es la del FIG y los estándares son los del índice de IFRA 51; ningún documento ni lista de producto de la v1 (D6, D9). Origen: el FIG no dice si es natural o de síntesis, y no hay documento (D6, D7)"
M00239,sustancia,"1,3-Undecadien-5-yne",S00260,,,,,166432-52-6,,desconocido,,,"Fase 6, lote 6a: la identidad es la del FIG y los estándares son los del índice de IFRA 51; ningún documento ni lista de producto de la v1 (D6, D9). Origen: el FIG no dice si es natural o de síntesis, y no hay documento (D6, D7)"
M00240,sustancia,"1,4-Cineole",S00261,,,,,470-67-7,,desconocido,,,"Fase 6, lote 6a: la identidad es la del FIG y los estándares son los del índice de IFRA 51; ningún documento ni lista de producto de la v1 (D6, D9). Origen: el FIG no dice si es natural o de síntesis, y no hay documento (D6, D7)"
M00241,sustancia,"1,4-Dimethoxy-2-tert-butylbenzene",S00262,,,,,21112-37-8,,desconocido,,,"Fase 6, lote 6a: la identidad es la del FIG y los estándares son los del índice de IFRA 51; ningún documento ni lista de producto de la v1 (D6, D9). Origen: el FIG no dice si es natural o de síntesis, y no hay documento (D6, D7)"
M00242,sustancia,"1,4-Dodec-6-enolactone",S00263,,,,,18679-18-0,,desconocido,,,"Fase 6, lote 6a: la identidad es la del FIG y los estándares son los del índice de IFRA 51; ningún documento ni lista de producto de la v1 (D6, D9). Origen: el FIG no dice si es natural o de síntesis, y no hay documento (D6, D7)"
M00243,sustancia,"1,5,9-Trimethylcyclododeca-1,5,9-triene epoxide",S00264,,,,,13786-79-3,,desconocido,,,"Fase 6, lote 6a: la identidad es la del FIG y los estándares son los del índice de IFRA 51; ningún documento ni lista de producto de la v1 (D6, D9). Origen: el FIG no dice si es natural o de síntesis, y no hay documento (D6, D7)"
M00244,sustancia,"1,5-Dimethylbicyclo[3.2.1]octan-8-one-oxime",S00265,,,,,75147-23-8,,desconocido,,,"Fase 6, lote 6a: la identidad es la del FIG y los estándares son los del índice de IFRA 51; ningún documento ni lista de producto de la v1 (D6, D9). Origen: el FIG no dice si es natural o de síntesis, y no hay documento (D6, D7)"
M00245,sustancia,"1,5-Dimethylhexyl acetate",S00266,,,,,67952-57-2,,desconocido,,,"Fase 6, lote 6a: la identidad es la del FIG y los estándares son los del índice de IFRA 51; ningún documento ni lista de producto de la v1 (D6, D9). Origen: el FIG no dice si es natural o de síntesis, y no hay documento (D6, D7)"
M00246,sustancia,"1,6,10,14-Hexadecatetraen-3-ol, 3,7,11,15- tetramethyl-",S00267,,,,,68931-30-6,,desconocido,,,"Fase 6, lote 6a: la identidad es la del FIG y los estándares son los del índice de IFRA 51; ningún documento ni lista de producto de la v1 (D6, D9). Origen: el FIG no dice si es natural o de síntesis, y no hay documento (D6, D7)"
M00247,sustancia,"1,6,7,8-Tetrahydro-1,4,6,6,8,8-hexamethyl-as-indacene-3(2H)-one",S00268,,,,,68298-33-9,,desconocido,,,"Fase 6, lote 6a: la identidad es la del FIG y los estándares son los del índice de IFRA 51; ningún documento ni lista de producto de la v1 (D6, D9). Origen: el FIG no dice si es natural o de síntesis, y no hay documento (D6, D7)"
M00248,sustancia,"1,6-Heptadien-3-one, 2-cyclohexyl-",S00269,,,,,313973-37-4,,desconocido,,,"Fase 6, lote 6a: la identidad es la del FIG y los estándares son los del índice de IFRA 51; ningún documento ni lista de producto de la v1 (D6, D9). Origen: el FIG no dice si es natural o de síntesis, y no hay documento (D6, D7)"
M00249,sustancia,"1,6-Octadien-3-ol, 3,7-dimethyl-, acid-isomerized",S00270,,,,,73018-51-6,,desconocido,,,"Fase 6, lote 6a: la identidad es la del FIG y los estándares son los del índice de IFRA 51; ningún documento ni lista de producto de la v1 (D6, D9). Origen: el FIG no dice si es natural o de síntesis, y no hay documento (D6, D7)"
M00250,sustancia,"1,6-Octadiene, 7-methyl-3-methylene-, acid-hydrated, geraniol fractions, distn. residues",S00271,,,,,70131-51-0,,desconocido,,,"Fase 6, lote 6a: la identidad es la del FIG y los estándares son los del índice de IFRA 51; ningún documento ni lista de producto de la v1 (D6, D9). Origen: el FIG no dice si es natural o de síntesis, y no hay documento (D6, D7)"
M00251,sustancia,"1,7,7-Trimethylbicyclo[2.2.1]heptan-2-one",S00272,,,,,76-22-2,,desconocido,,,"Fase 6, lote 6a: la identidad es la del FIG y los estándares son los del índice de IFRA 51; ningún documento ni lista de producto de la v1 (D6, D9). Origen: el FIG no dice si es natural o de síntesis, y no hay documento (D6, D7)"
M00252,sustancia,"1,7,7-Trimethylbicyclo[4.4.0]dec-3-yl acetate",S00273,,,,,24238-95-7,,desconocido,,,"Fase 6, lote 6a: la identidad es la del FIG y los estándares son los del índice de IFRA 51; ningún documento ni lista de producto de la v1 (D6, D9). Origen: el FIG no dice si es natural o de síntesis, y no hay documento (D6, D7)"
M00253,sustancia,"1.alpha.,5.alpha.-Dihydroguaiol",S00274,,,,,3526-75-8,,desconocido,,,"Fase 6, lote 6a: la identidad es la del FIG y los estándares son los del índice de IFRA 51; ningún documento ni lista de producto de la v1 (D6, D9). Origen: el FIG no dice si es natural o de síntesis, y no hay documento (D6, D7)"
M00254,sustancia,1-[5(Or 6)-Methyl-7(or 8)-(1-methylethyl)bicyclo[2.2.2]oct-5-en-2-yl]ethan-1-one,S00275,,,,,68259-33-6,,desconocido,,,"Fase 6, lote 6a: la identidad es la del FIG y los estándares son los del índice de IFRA 51; ningún documento ni lista de producto de la v1 (D6, D9). Origen: el FIG no dice si es natural o de síntesis, y no hay documento (D6, D7)"
M00255,sustancia,10-Oxahexadecanolide,S00276,,,,,1725-01-5,,desconocido,,,"Fase 6, lote 6a: la identidad es la del FIG y los estándares son los del índice de IFRA 51; ningún documento ni lista de producto de la v1 (D6, D9). Origen: el FIG no dice si es natural o de síntesis, y no hay documento (D6, D7)"
M00256,sustancia,10-Undecen-1-yl acetate,S00277,,,,,112-19-6,,desconocido,,,"Fase 6, lote 6a: la identidad es la del FIG y los estándares son los del índice de IFRA 51; ningún documento ni lista de producto de la v1 (D6, D9). Origen: el FIG no dice si es natural o de síntesis, y no hay documento (D6, D7)"
M00257,sustancia,10-Undecenal,S00278,,,,,112-45-8,,desconocido,,,"Fase 6, lote 6a: la identidad es la del FIG y los estándares son los del índice de IFRA 51; ningún documento ni lista de producto de la v1 (D6, D9). Origen: el FIG no dice si es natural o de síntesis, y no hay documento (D6, D7)"
M00258,sustancia,10-Undecenoic acid,S00279,,,,,112-38-9,,desconocido,,,"Fase 6, lote 6a: la identidad es la del FIG y los estándares son los del índice de IFRA 51; ningún documento ni lista de producto de la v1 (D6, D9). Origen: el FIG no dice si es natural o de síntesis, y no hay documento (D6, D7)"
M00259,sustancia,"10-Undecenoic acid, heptyl ester",S00280,,,,,68141-27-5,,desconocido,,,"Fase 6, lote 6a: la identidad es la del FIG y los estándares son los del índice de IFRA 51; ningún documento ni lista de producto de la v1 (D6, D9). Origen: el FIG no dice si es natural o de síntesis, y no hay documento (D6, D7)"
M00260,sustancia,11-Oxahexadecanolide,S00281,,,,,3391-83-1,,desconocido,,,"Fase 6, lote 6a: la identidad es la del FIG y los estándares son los del índice de IFRA 51; ningún documento ni lista de producto de la v1 (D6, D9). Origen: el FIG no dice si es natural o de síntesis, y no hay documento (D6, D7)"
M00261,sustancia,"11-Tridecen-6-one, 8,12-dimethyl-",S00282,,,,,68141-18-4,,desconocido,,,"Fase 6, lote 6a: la identidad es la del FIG y los estándares son los del índice de IFRA 51; ningún documento ni lista de producto de la v1 (D6, D9). Origen: el FIG no dice si es natural o de síntesis, y no hay documento (D6, D7)"
M00262,sustancia,12-Oxahexadecanolide,S00283,,,,,6707-60-4,,desconocido,,,"Fase 6, lote 6a: la identidad es la del FIG y los estándares son los del índice de IFRA 51; ningún documento ni lista de producto de la v1 (D6, D9). Origen: el FIG no dice si es natural o de síntesis, y no hay documento (D6, D7)"
M00263,sustancia,13-Methyloxacyclopentadecan-2-one,S00284,,,,,868846-58-6,,desconocido,,,"Fase 6, lote 6a: la identidad es la del FIG y los estándares son los del índice de IFRA 51; ningún documento ni lista de producto de la v1 (D6, D9). Origen: el FIG no dice si es natural o de síntesis, y no hay documento (D6, D7)"
M00264,sustancia,1-Bicyclo[2.2.1]hept-5-en-2-ylethan-1-one-oxime,S00285,,,,,65416-21-9,,desconocido,,,"Fase 6, lote 6a: la identidad es la del FIG y los estándares son los del índice de IFRA 51; ningún documento ni lista de producto de la v1 (D6, D9). Origen: el FIG no dice si es natural o de síntesis, y no hay documento (D6, D7)"
M00265,sustancia,"1-Cyclohexene-1-propanal, 4,4-dimethyl-",S00286,,,,,850997-10-3,,desconocido,,,"Fase 6, lote 6a: la identidad es la del FIG y los estándares son los del índice de IFRA 51; ningún documento ni lista de producto de la v1 (D6, D9). Origen: el FIG no dice si es natural o de síntesis, y no hay documento (D6, D7)"
M00266,sustancia,1-Cyclohexylethanol,S00287,,,,,1193-81-3,,desconocido,,,"Fase 6, lote 6a: la identidad es la del FIG y los estándares son los del índice de IFRA 51; ningún documento ni lista de producto de la v1 (D6, D9). Origen: el FIG no dice si es natural o de síntesis, y no hay documento (D6, D7)"
M00267,sustancia,1-Cyclohexylethyl 2-butenoate,S00288,,,,,68039-69-0,,desconocido,,,"Fase 6, lote 6a: la identidad es la del FIG y los estándares son los del índice de IFRA 51; ningún documento ni lista de producto de la v1 (D6, D9). Origen: el FIG no dice si es natural o de síntesis, y no hay documento (D6, D7)"
M00268,sustancia,1-Cyclohexylethyl butyrate,S00289,,,,,63449-88-7,,desconocido,,,"Fase 6, lote 6a: la identidad es la del FIG y los estándares son los del índice de IFRA 51; ningún documento ni lista de producto de la v1 (D6, D9). Origen: el FIG no dice si es natural o de síntesis, y no hay documento (D6, D7)"
M00269,sustancia,1-Cyclopropylmethyl-4-methoxybenzene,S00290,,,,,16510-27-3,,desconocido,,,"Fase 6, lote 6a: la identidad es la del FIG y los estándares son los del índice de IFRA 51; ningún documento ni lista de producto de la v1 (D6, D9). Origen: el FIG no dice si es natural o de síntesis, y no hay documento (D6, D7)"
M00270,sustancia,1-Decanol,S00291,,,,,112-30-1,,desconocido,,,"Fase 6, lote 6a: la identidad es la del FIG y los estándares son los del índice de IFRA 51; ningún documento ni lista de producto de la v1 (D6, D9). Origen: el FIG no dice si es natural o de síntesis, y no hay documento (D6, D7)"
M00271,sustancia,1-Decen-3-ol,S00292,,,,,51100-54-0,,desconocido,,,"Fase 6, lote 6a: la identidad es la del FIG y los estándares son los del índice de IFRA 51; ningún documento ni lista de producto de la v1 (D6, D9). Origen: el FIG no dice si es natural o de síntesis, y no hay documento (D6, D7)"
M00272,sustancia,1-Ethoxy 1-decene,S00293,,,,,61668-40-4,,desconocido,,,"Fase 6, lote 6a: la identidad es la del FIG y los estándares son los del índice de IFRA 51; ningún documento ni lista de producto de la v1 (D6, D9). Origen: el FIG no dice si es natural o de síntesis, y no hay documento (D6, D7)"
M00273,sustancia,"1-Ethoxy-4-(1-ethoxyvinyl)-3,3,5,5-tetramethylcyclohexene",S00294,,,,,36306-86-2,,desconocido,,,"Fase 6, lote 6a: la identidad es la del FIG y los estándares son los del índice de IFRA 51; ningún documento ni lista de producto de la v1 (D6, D9). Origen: el FIG no dice si es natural o de síntesis, y no hay documento (D6, D7)"
M00274,sustancia,"1-Ethyl-3-methoxytricyclo[2.2.1.02,6]heptane",S00295,,,,,31996-78-8,,desconocido,,,"Fase 6, lote 6a: la identidad es la del FIG y los estándares son los del índice de IFRA 51; ningún documento ni lista de producto de la v1 (D6, D9). Origen: el FIG no dice si es natural o de síntesis, y no hay documento (D6, D7)"
M00275,sustancia,1-Ethynylcyclohexyl acetate,S00296,,,,,5240-32-4,,desconocido,,,"Fase 6, lote 6a: la identidad es la del FIG y los estándares son los del índice de IFRA 51; ningún documento ni lista de producto de la v1 (D6, D9). Origen: el FIG no dice si es natural o de síntesis, y no hay documento (D6, D7)"
M00276,sustancia,1-Formyl-1-methyl-4-(4-methyl-pentyl)-3-cyclohexene,S00297,,,,,66327-54-6,,desconocido,,,"Fase 6, lote 6a: la identidad es la del FIG y los estándares son los del índice de IFRA 51; ningún documento ni lista de producto de la v1 (D6, D9). Origen: el FIG no dice si es natural o de síntesis, y no hay documento (D6, D7)"
M00277,sustancia,1-Heptanethiol,S00298,,,,,1639-09-4,,desconocido,,,"Fase 6, lote 6a: la identidad es la del FIG y los estándares son los del índice de IFRA 51; ningún documento ni lista de producto de la v1 (D6, D9). Origen: el FIG no dice si es natural o de síntesis, y no hay documento (D6, D7)"
M00278,sustancia,1-Hexen-3-ol,S00299,,,,,4798-44-1,,desconocido,,,"Fase 6, lote 6a: la identidad es la del FIG y los estándares son los del índice de IFRA 51; ningún documento ni lista de producto de la v1 (D6, D9). Origen: el FIG no dice si es natural o de síntesis, y no hay documento (D6, D7)"
M00279,sustancia,"1H-Indende-2-methanol, 2,3-dihydro-2,5-dimethyl-",S00300,,,,,285977-85-7,,desconocido,,,"Fase 6, lote 6a: la identidad es la del FIG y los estándares son los del índice de IFRA 51; ningún documento ni lista de producto de la v1 (D6, D9). Origen: el FIG no dice si es natural o de síntesis, y no hay documento (D6, D7)"
M00280,sustancia,1H-Indene,S00301,,,,,95-13-6,,desconocido,,,"Fase 6, lote 6a: la identidad es la del FIG y los estándares son los del índice de IFRA 51; ningún documento ni lista de producto de la v1 (D6, D9). Origen: el FIG no dice si es natural o de síntesis, y no hay documento (D6, D7)"
M00281,sustancia,"1H-Indene, 1-ethyl-2,3-dihydro-1,3,3-trimethyl-",S00302,,,,,60899-29-8,,desconocido,,,"Fase 6, lote 6a: la identidad es la del FIG y los estándares son los del índice de IFRA 51; ningún documento ni lista de producto de la v1 (D6, D9). Origen: el FIG no dice si es natural o de síntesis, y no hay documento (D6, D7)"
M00282,sustancia,"1H-Indene, 2,3,3a,4,5,7a-hexahydro-1,1,2,3,3-pentamethyl-6-(2-propenyl)-",S00303,,,,,351343-77-6,,desconocido,,,"Fase 6, lote 6a: la identidad es la del FIG y los estándares son los del índice de IFRA 51; ningún documento ni lista de producto de la v1 (D6, D9). Origen: el FIG no dice si es natural o de síntesis, y no hay documento (D6, D7)"
M00283,sustancia,"1H-Indene, 2,3-dihydro-1,1,2,3,3-pentamethyl-",S00304,,,,,1203-17-4,,desconocido,,,"Fase 6, lote 6a: la identidad es la del FIG y los estándares son los del índice de IFRA 51; ningún documento ni lista de producto de la v1 (D6, D9). Origen: el FIG no dice si es natural o de síntesis, y no hay documento (D6, D7)"
M00284,sustancia,"1H-Indole,3-heptanol,eta-1H-indol-3-yl-a,a,e-trimethyl ,8-bis-(2,3-dihydroindol)-2,6-",S00305,,,,,67860-00-8,,desconocido,,,"Fase 6, lote 6a: la identidad es la del FIG y los estándares son los del índice de IFRA 51; ningún documento ni lista de producto de la v1 (D6, D9). Origen: el FIG no dice si es natural o de síntesis, y no hay documento (D6, D7)"
M00285,sustancia,1-Menthyl methylether,S00306,,,,,1565-76-0,,desconocido,,,"Fase 6, lote 6a: la identidad es la del FIG y los estándares son los del índice de IFRA 51; ningún documento ni lista de producto de la v1 (D6, D9). Origen: el FIG no dice si es natural o de síntesis, y no hay documento (D6, D7)"
M00286,sustancia,1-Methoxyhexane,S00307,,,,,4747-07-3,,desconocido,,,"Fase 6, lote 6a: la identidad es la del FIG y los estándares son los del índice de IFRA 51; ningún documento ni lista de producto de la v1 (D6, D9). Origen: el FIG no dice si es natural o de síntesis, y no hay documento (D6, D7)"
M00287,sustancia,1-Methoxyhexane-3-thiol,S00308,,,,,94291-50-6,,desconocido,,,"Fase 6, lote 6a: la identidad es la del FIG y los estándares son los del índice de IFRA 51; ningún documento ni lista de producto de la v1 (D6, D9). Origen: el FIG no dice si es natural o de síntesis, y no hay documento (D6, D7)"
M00288,sustancia,1-Methyl-2-(1-methylpropyl)cyclohexyl acetate,S00309,,,,,72183-75-6,,desconocido,,,"Fase 6, lote 6a: la identidad es la del FIG y los estándares son los del índice de IFRA 51; ningún documento ni lista de producto de la v1 (D6, D9). Origen: el FIG no dice si es natural o de síntesis, y no hay documento (D6, D7)"
M00289,sustancia,"1-Methyl-2,3-cyclohexadione",S00310,,,,,3008-43-3,,desconocido,,,"Fase 6, lote 6a: la identidad es la del FIG y los estándares son los del índice de IFRA 51; ningún documento ni lista de producto de la v1 (D6, D9). Origen: el FIG no dice si es natural o de síntesis, y no hay documento (D6, D7)"
M00290,sustancia,1-methyl-3-(2-methylpropyl)cyclohexan-1-ol,S00311,,,,,215231-33-7,,desconocido,,,"Fase 6, lote 6a: la identidad es la del FIG y los estándares son los del índice de IFRA 51; ningún documento ni lista de producto de la v1 (D6, D9). Origen: el FIG no dice si es natural o de síntesis, y no hay documento (D6, D7)"
M00291,sustancia,1-Methyl-3-(4-methyl-3-pentenyl)cyclohex-3-ene-1-carbaldehyde,S00312,,,,,52474-60-9,,desconocido,,,"Fase 6, lote 6a: la identidad es la del FIG y los estándares son los del índice de IFRA 51; ningún documento ni lista de producto de la v1 (D6, D9). Origen: el FIG no dice si es natural o de síntesis, y no hay documento (D6, D7)"
M00292,sustancia,1-Methyl-3-methoxy-4-isopropylbenzene,S00313,,,,,1076-56-8,,desconocido,,,"Fase 6, lote 6a: la identidad es la del FIG y los estándares son los del índice de IFRA 51; ningún documento ni lista de producto de la v1 (D6, D9). Origen: el FIG no dice si es natural o de síntesis, y no hay documento (D6, D7)"
M00293,sustancia,1-Methyl-4-(1-methylvinyl)cyclohexyl acetate,S00314,,,,,10198-23-9,,desconocido,,,"Fase 6, lote 6a: la identidad es la del FIG y los estándares son los del índice de IFRA 51; ningún documento ni lista de producto de la v1 (D6, D9). Origen: el FIG no dice si es natural o de síntesis, y no hay documento (D6, D7)"
M00294,sustancia,"1-Methyl-4-(2,2,3-trimethyl-3-cyclopenten-1-yl)-2-oxabicyclo[2.2.2]octane",S00315,,,,,139539-67-6,,desconocido,,,"Fase 6, lote 6a: la identidad es la del FIG y los estándares son los del índice de IFRA 51; ningún documento ni lista de producto de la v1 (D6, D9). Origen: el FIG no dice si es natural o de síntesis, y no hay documento (D6, D7)"
M00295,sustancia,1-Methyl-4-(4-methyl-3-pentenyl)cyclohex-3-ene-1-carbaldehyde,S00316,,,,,52475-86-2,,desconocido,,,"Fase 6, lote 6a: la identidad es la del FIG y los estándares son los del índice de IFRA 51; ningún documento ni lista de producto de la v1 (D6, D9). Origen: el FIG no dice si es natural o de síntesis, y no hay documento (D6, D7)"
M00296,sustancia,1-Methyl-4-(isopropyl)cyclohexan-1-ol,S00317,,,,,21129-27-1,,desconocido,,,"Fase 6, lote 6a: la identidad es la del FIG y los estándares son los del índice de IFRA 51; ningún documento ni lista de producto de la v1 (D6, D9). Origen: el FIG no dice si es natural o de síntesis, y no hay documento (D6, D7)"
M00297,sustancia,1-Methylcyclododecyl methyl ether,S00318,,,,,37514-30-0,,desconocido,,,"Fase 6, lote 6a: la identidad es la del FIG y los estándares son los del índice de IFRA 51; ningún documento ni lista de producto de la v1 (D6, D9). Origen: el FIG no dice si es natural o de síntesis, y no hay documento (D6, D7)"
M00298,sustancia,"1-Naphthalenol, 1,2,3,4,4a,5,8,8a-octahydro-2,2,6,8-tetramethyl-",S00319,,,,,103614-86-4,,desconocido,,,"Fase 6, lote 6a: la identidad es la del FIG y los estándares son los del índice de IFRA 51; ningún documento ni lista de producto de la v1 (D6, D9). Origen: el FIG no dice si es natural o de síntesis, y no hay documento (D6, D7)"
M00299,sustancia,"1-Nonanol, 2,4,6,8-tetramethyl-,acetate",S00320,,,,,68922-14-5,,desconocido,,,"Fase 6, lote 6a: la identidad es la del FIG y los estándares son los del índice de IFRA 51; ningún documento ni lista de producto de la v1 (D6, D9). Origen: el FIG no dice si es natural o de síntesis, y no hay documento (D6, D7)"
M00300,sustancia,1-Nonen-3-ol,S00321,,,,,21964-44-3,,desconocido,,,"Fase 6, lote 6a: la identidad es la del FIG y los estándares son los del índice de IFRA 51; ningún documento ni lista de producto de la v1 (D6, D9). Origen: el FIG no dice si es natural o de síntesis, y no hay documento (D6, D7)"
M00301,sustancia,1-Octanol,S00322,,,,,111-87-5,,desconocido,,,"Fase 6, lote 6a: la identidad es la del FIG y los estándares son los del índice de IFRA 51; ningún documento ni lista de producto de la v1 (D6, D9). Origen: el FIG no dice si es natural o de síntesis, y no hay documento (D6, D7)"
M00302,sustancia,1-Octen-3-ol,S00323,,,,,3391-86-4,,desconocido,,,"Fase 6, lote 6a: la identidad es la del FIG y los estándares son los del índice de IFRA 51; ningún documento ni lista de producto de la v1 (D6, D9). Origen: el FIG no dice si es natural o de síntesis, y no hay documento (D6, D7)"
M00303,sustancia,1-Octen-3-one,S00324,,,,,4312-99-6,,desconocido,,,"Fase 6, lote 6a: la identidad es la del FIG y los estándares son los del índice de IFRA 51; ningún documento ni lista de producto de la v1 (D6, D9). Origen: el FIG no dice si es natural o de síntesis, y no hay documento (D6, D7)"
M00304,sustancia,1-Octen-3-yl acetate,S00003,,,,,2442-10-6,,desconocido,,,"Fase 6, lote 6a: la identidad es la del FIG y los estándares son los del índice de IFRA 51; ningún documento ni lista de producto de la v1 (D6, D9). Origen: el FIG no dice si es natural o de síntesis, y no hay documento (D6, D7)"
M00305,sustancia,"1-Oxaspiro[4.5]deca-3,6-diene, 2,6,9,10-tetramethyl-",S00325,,,,,71078-31-4,,desconocido,,,"Fase 6, lote 6a: la identidad es la del FIG y los estándares son los del índice de IFRA 51; ningún documento ni lista de producto de la v1 (D6, D9). Origen: el FIG no dice si es natural o de síntesis, y no hay documento (D6, D7)"
M00306,sustancia,"1-Oxaspiro[4.5]deca-3,6-diene, 2,7-dimethyl-10-(1-methylethyl)-",S00326,,,,,89079-92-5,,desconocido,,,"Fase 6, lote 6a: la identidad es la del FIG y los estándares son los del índice de IFRA 51; ningún documento ni lista de producto de la v1 (D6, D9). Origen: el FIG no dice si es natural o de síntesis, y no hay documento (D6, D7)"
M00307,sustancia,"1-Oxaspiro[4.5]deca-3,6-diene, 6-ethyl-2,10,10-trimethyl-",S00327,,,,,79893-63-3,,desconocido,,,"Fase 6, lote 6a: la identidad es la del FIG y los estándares son los del índice de IFRA 51; ningún documento ni lista de producto de la v1 (D6, D9). Origen: el FIG no dice si es natural o de síntesis, y no hay documento (D6, D7)"
M00308,sustancia,"1-Oxaspiro[4.5]decan-2-one, 8-(1-methylethyl)-, trans-",S00328,,,,,4625-90-5,,desconocido,,,"Fase 6, lote 6a: la identidad es la del FIG y los estándares son los del índice de IFRA 51; ningún documento ni lista de producto de la v1 (D6, D9). Origen: el FIG no dice si es natural o de síntesis, y no hay documento (D6, D7)"
M00309,sustancia,"1-Oxaspiro[4.5]decan-2-one, 8-ethyl-, trans-",S00329,,,,,91069-40-8,,desconocido,,,"Fase 6, lote 6a: la identidad es la del FIG y los estándares son los del índice de IFRA 51; ningún documento ni lista de producto de la v1 (D6, D9). Origen: el FIG no dice si es natural o de síntesis, y no hay documento (D6, D7)"
M00310,sustancia,"1-Oxaspiro[4.5]decan-2-one, 8-methyl-",S00330,,,,,94201-19-1,,desconocido,,,"Fase 6, lote 6a: la identidad es la del FIG y los estándares son los del índice de IFRA 51; ningún documento ni lista de producto de la v1 (D6, D9). Origen: el FIG no dice si es natural o de síntesis, y no hay documento (D6, D7)"
M00311,sustancia,"1-Oxaspiro[4.5]decan-2-one, 8-methyl-, cis-",S00331,,,,,91069-37-3,,desconocido,,,"Fase 6, lote 6a: la identidad es la del FIG y los estándares son los del índice de IFRA 51; ningún documento ni lista de producto de la v1 (D6, D9). Origen: el FIG no dice si es natural o de síntesis, y no hay documento (D6, D7)"
M00312,sustancia,"1-Oxaspiro[4.5]decan-6-ol, 2,6,10,10-tetramethyl-, (2R,5S,6S)-rel-",S00332,,,,,57967-68-7,,desconocido,,,"Fase 6, lote 6a: la identidad es la del FIG y los estándares son los del índice de IFRA 51; ningún documento ni lista de producto de la v1 (D6, D9). Origen: el FIG no dice si es natural o de síntesis, y no hay documento (D6, D7)"
M00313,sustancia,1-Penten-3-ol,S00333,,,,,616-25-1,,desconocido,,,"Fase 6, lote 6a: la identidad es la del FIG y los estándares son los del índice de IFRA 51; ningún documento ni lista de producto de la v1 (D6, D9). Origen: el FIG no dice si es natural o de síntesis, y no hay documento (D6, D7)"
M00314,sustancia,"1-Penten-3-ol, 2-methyl-1-(methylbicyclo[2.2.1]hept-5-en-2-yl)-",S00334,,,,,67739-11-1,,desconocido,,,"Fase 6, lote 6a: la identidad es la del FIG y los estándares son los del índice de IFRA 51; ningún documento ni lista de producto de la v1 (D6, D9). Origen: el FIG no dice si es natural o de síntesis, y no hay documento (D6, D7)"
M00315,sustancia,1-Penten-3-one,S00335,,,,,1629-58-9,,desconocido,,,"Fase 6, lote 6a: la identidad es la del FIG y los estándares son los del índice de IFRA 51; ningún documento ni lista de producto de la v1 (D6, D9). Origen: el FIG no dice si es natural o de síntesis, y no hay documento (D6, D7)"
M00316,sustancia,"1-Penten-3-one, 2-methyl-1-(2,2,6-trimethylcyclohexenyl)-",S00336,,,,,68555-94-2,,desconocido,,,"Fase 6, lote 6a: la identidad es la del FIG y los estándares son los del índice de IFRA 51; ningún documento ni lista de producto de la v1 (D6, D9). Origen: el FIG no dice si es natural o de síntesis, y no hay documento (D6, D7)"
M00317,sustancia,"1-Phenyl-1,2-propanedione",S00337,,,,,579-07-7,,desconocido,,,"Fase 6, lote 6a: la identidad es la del FIG y los estándares son los del índice de IFRA 51; ningún documento ni lista de producto de la v1 (D6, D9). Origen: el FIG no dice si es natural o de síntesis, y no hay documento (D6, D7)"
M00318,sustancia,1-Phenyl-3-methyl-3-pentanol,S00338,,,,,10415-87-9,,desconocido,,,"Fase 6, lote 6a: la identidad es la del FIG y los estándares son los del índice de IFRA 51; ningún documento ni lista de producto de la v1 (D6, D9). Origen: el FIG no dice si es natural o de síntesis, y no hay documento (D6, D7)"
M00319,sustancia,1-Phenyl-3-methyl-3-pentyl acetate,S00339,,,,,72007-81-9,,desconocido,,,"Fase 6, lote 6a: la identidad es la del FIG y los estándares son los del índice de IFRA 51; ningún documento ni lista de producto de la v1 (D6, D9). Origen: el FIG no dice si es natural o de síntesis, y no hay documento (D6, D7)"
M00320,sustancia,1-Phenyl-4-penten-1-one,S00340,,,,,3240-29-7,,desconocido,,,"Fase 6, lote 6a: la identidad es la del FIG y los estándares son los del índice de IFRA 51; ningún documento ni lista de producto de la v1 (D6, D9). Origen: el FIG no dice si es natural o de síntesis, y no hay documento (D6, D7)"
M00321,sustancia,1-p-Menthene-8-thiol,S00341,,,,,71159-90-5,,desconocido,,,"Fase 6, lote 6a: la identidad es la del FIG y los estándares son los del índice de IFRA 51; ningún documento ni lista de producto de la v1 (D6, D9). Origen: el FIG no dice si es natural o de síntesis, y no hay documento (D6, D7)"
M00322,sustancia,"1-Propanol, 2-methyl-3-[(1,7,7-trimethylbicyclo-[2.2.1]hept-2-yl)oxy]-",S00342,,,,,128119-70-0,,desconocido,,,"Fase 6, lote 6a: la identidad es la del FIG y los estándares son los del índice de IFRA 51; ningún documento ni lista de producto de la v1 (D6, D9). Origen: el FIG no dice si es natural o de síntesis, y no hay documento (D6, D7)"
M00323,sustancia,1-Tridecanol,S00343,,,,,112-70-9,,desconocido,,,"Fase 6, lote 6a: la identidad es la del FIG y los estándares son los del índice de IFRA 51; ningún documento ni lista de producto de la v1 (D6, D9). Origen: el FIG no dice si es natural o de síntesis, y no hay documento (D6, D7)"
M00324,sustancia,"2 Propenoic acid, 2-[1-[(1R)-3,3-dimethylcyclohexyl]ethoxy]-2-methylpropyl ester",S00344,,,,,811436-82-5,,desconocido,,,"Fase 6, lote 6a: la identidad es la del FIG y los estándares son los del índice de IFRA 51; ningún documento ni lista de producto de la v1 (D6, D9). Origen: el FIG no dice si es natural o de síntesis, y no hay documento (D6, D7)"
M00325,sustancia,"2-​Butenoic acid, (2E)​-",S00345,,,,,107-93-7,,desconocido,,,"Fase 6, lote 6a: la identidad es la del FIG y los estándares son los del índice de IFRA 51; ningún documento ni lista de producto de la v1 (D6, D9). Origen: el FIG no dice si es natural o de síntesis, y no hay documento (D6, D7)"
M00326,sustancia,"2-​Cyclopentene-​1-​acetic acid, ethyl ester",S00346,,,,,15848-49-4,,desconocido,,,"Fase 6, lote 6a: la identidad es la del FIG y los estándares son los del índice de IFRA 51; ningún documento ni lista de producto de la v1 (D6, D9). Origen: el FIG no dice si es natural o de síntesis, y no hay documento (D6, D7)"
M00327,sustancia,"2-​Octen-​1-​ol, 1-​acetate",S00347,,,,,2371-13-3,,desconocido,,,"Fase 6, lote 6a: la identidad es la del FIG y los estándares son los del índice de IFRA 51; ningún documento ni lista de producto de la v1 (D6, D9). Origen: el FIG no dice si es natural o de síntesis, y no hay documento (D6, D7)"
M00328,sustancia,"2-​Pentenoic acid, 2-​methyl-​, (3Z)​-​3-​hexen-​1-​yl ester",S00348,,,,,76649-17-7,,desconocido,,,"Fase 6, lote 6a: la identidad es la del FIG y los estándares son los del índice de IFRA 51; ningún documento ni lista de producto de la v1 (D6, D9). Origen: el FIG no dice si es natural o de síntesis, y no hay documento (D6, D7)"
M00329,sustancia,"2-​Thiophenecarboxylic acid, ethyl ester",S00349,,,,,2810-04-0,,desconocido,,,"Fase 6, lote 6a: la identidad es la del FIG y los estándares son los del índice de IFRA 51; ningún documento ni lista de producto de la v1 (D6, D9). Origen: el FIG no dice si es natural o de síntesis, y no hay documento (D6, D7)"
M00330,sustancia,2-​Tridecen-​1-​ol,S00350,,,,,68480-25-1,,desconocido,,,"Fase 6, lote 6a: la identidad es la del FIG y los estándares son los del índice de IFRA 51; ningún documento ni lista de producto de la v1 (D6, D9). Origen: el FIG no dice si es natural o de síntesis, y no hay documento (D6, D7)"
M00331,sustancia,"2-(1-(3',3'-Dimethyl-1'-cyclohexyl)ethoxy)-2-methyl propyl propanoate",S00351,,,,,141773-73-1,,desconocido,,,"Fase 6, lote 6a: la identidad es la del FIG y los estándares son los del índice de IFRA 51; ningún documento ni lista de producto de la v1 (D6, D9). Origen: el FIG no dice si es natural o de síntesis, y no hay documento (D6, D7)"
M00332,sustancia,"2-(1,1,2,3,3-Pentamethylindan-5-yl)-1-propanol",S00352,,,,,1217-08-9,,desconocido,,,"Fase 6, lote 6a: la identidad es la del FIG y los estándares son los del índice de IFRA 51; ningún documento ni lista de producto de la v1 (D6, D9). Origen: el FIG no dice si es natural o de síntesis, y no hay documento (D6, D7)"
M00333,sustancia,"2-(1,1-Dimethylethyl)-4-methylcyclohexan-1-ol",S00353,,,,,67634-11-1,,desconocido,,,"Fase 6, lote 6a: la identidad es la del FIG y los estándares son los del índice de IFRA 51; ningún documento ni lista de producto de la v1 (D6, D9). Origen: el FIG no dice si es natural o de síntesis, y no hay documento (D6, D7)"
M00334,sustancia,2(10)-Pinen-3-ol,S00354,,,,,5947-36-4,,desconocido,,,"Fase 6, lote 6a: la identidad es la del FIG y los estándares son los del índice de IFRA 51; ningún documento ni lista de producto de la v1 (D6, D9). Origen: el FIG no dice si es natural o de síntesis, y no hay documento (D6, D7)"
M00335,sustancia,2-(1-Ethylpropyl)pyridine,S00355,,,,,7399-50-0,,desconocido,,,"Fase 6, lote 6a: la identidad es la del FIG y los estándares son los del índice de IFRA 51; ningún documento ni lista de producto de la v1 (D6, D9). Origen: el FIG no dice si es natural o de síntesis, y no hay documento (D6, D7)"
M00336,sustancia,2-(1-Methylpropyl)-1-vinylcyclohexyl acetate,S00356,,,,,37172-02-4,,desconocido,,,"Fase 6, lote 6a: la identidad es la del FIG y los estándares son los del índice de IFRA 51; ningún documento ni lista de producto de la v1 (D6, D9). Origen: el FIG no dice si es natural o de síntesis, y no hay documento (D6, D7)"
M00337,sustancia,"2-(2,2,7,7-Tetramethyltricyclo[6.2.1.01,6]undec-5-en-5-yl)propan-1-ol",S00357,,,,,929625-08-1,,desconocido,,,"Fase 6, lote 6a: la identidad es la del FIG y los estándares son los del índice de IFRA 51; ningún documento ni lista de producto de la v1 (D6, D9). Origen: el FIG no dice si es natural o de síntesis, y no hay documento (D6, D7)"
M00338,sustancia,"2-(3,3-Dimethylbicyclo[2.2.1]hept-2-ylidene)ethanol",S00358,,,,,2226-05-3,,desconocido,,,"Fase 6, lote 6a: la identidad es la del FIG y los estándares son los del índice de IFRA 51; ningún documento ni lista de producto de la v1 (D6, D9). Origen: el FIG no dice si es natural o de síntesis, y no hay documento (D6, D7)"
M00339,sustancia,"2-(3,7-Dimethyl-2,6-octadienyl)cyclopentanone",S00359,,,,,68133-79-9,,desconocido,,,"Fase 6, lote 6a: la identidad es la del FIG y los estándares son los del índice de IFRA 51; ningún documento ni lista de producto de la v1 (D6, D9). Origen: el FIG no dice si es natural o de síntesis, y no hay documento (D6, D7)"
M00340,sustancia,"2(3H)-Benzofuranone, hexahydro-3,6-dimethyl-",S00360,,,,,92015-65-1,,desconocido,,,"Fase 6, lote 6a: la identidad es la del FIG y los estándares son los del índice de IFRA 51; ningún documento ni lista de producto de la v1 (D6, D9). Origen: el FIG no dice si es natural o de síntesis, y no hay documento (D6, D7)"
M00341,sustancia,"2-(3-Heptyl)-1,3-dioxolane",S00361,,,,,4359-47-1,,desconocido,,,"Fase 6, lote 6a: la identidad es la del FIG y los estándares son los del índice de IFRA 51; ningún documento ni lista de producto de la v1 (D6, D9). Origen: el FIG no dice si es natural o de síntesis, y no hay documento (D6, D7)"
M00342,sustancia,2-(3-Phenylpropyl)pyridine,S00362,,,,,2110-18-1,,desconocido,,,"Fase 6, lote 6a: la identidad es la del FIG y los estándares son los del índice de IFRA 51; ningún documento ni lista de producto de la v1 (D6, D9). Origen: el FIG no dice si es natural o de síntesis, y no hay documento (D6, D7)"
M00343,sustancia,2-(3-Phenylpropyl)tetrahydrofuran,S00363,,,,,3208-40-0,,desconocido,,,"Fase 6, lote 6a: la identidad es la del FIG y los estándares son los del índice de IFRA 51; ningún documento ni lista de producto de la v1 (D6, D9). Origen: el FIG no dice si es natural o de síntesis, y no hay documento (D6, D7)"
M00344,sustancia,"2(4H)-Benzofuranone, 5,6-dihydro-3,6-dimethyl-",S00364,,,,,80417-97-6,,desconocido,,,"Fase 6, lote 6a: la identidad es la del FIG y los estándares son los del índice de IFRA 51; ningún documento ni lista de producto de la v1 (D6, D9). Origen: el FIG no dice si es natural o de síntesis, y no hay documento (D6, D7)"
M00345,sustancia,2-(4-Isopropylphenyl)propionaldehyde,S00365,,,,,34291-99-1,,desconocido,,,"Fase 6, lote 6a: la identidad es la del FIG y los estándares son los del índice de IFRA 51; ningún documento ni lista de producto de la v1 (D6, D9). Origen: el FIG no dice si es natural o de síntesis, y no hay documento (D6, D7)"
M00346,sustancia,2-(4-Methyl-1-phenyl)-2-propanethiol,S00366,,,,,80819-94-9,,desconocido,,,"Fase 6, lote 6a: la identidad es la del FIG y los estándares son los del índice de IFRA 51; ningún documento ni lista de producto de la v1 (D6, D9). Origen: el FIG no dice si es natural o de síntesis, y no hay documento (D6, D7)"
M00347,sustancia,2-(4-Methyl-2-hydroxyphenyl)propionic acid-gamma-lactone,S00367,,,,,65817-24-5,,desconocido,,,"Fase 6, lote 6a: la identidad es la del FIG y los estándares son los del índice de IFRA 51; ningún documento ni lista de producto de la v1 (D6, D9). Origen: el FIG no dice si es natural o de síntesis, y no hay documento (D6, D7)"
M00348,sustancia,2-(4-Methyl-5-thiazolyl)ethyl butanoate,S00368,,,,,94159-31-6,,desconocido,,,"Fase 6, lote 6a: la identidad es la del FIG y los estándares son los del índice de IFRA 51; ningún documento ni lista de producto de la v1 (D6, D9). Origen: el FIG no dice si es natural o de síntesis, y no hay documento (D6, D7)"
M00349,sustancia,2-(4-Methylphenoxy)ethanol,S00369,,,,,15149-10-7,,desconocido,,,"Fase 6, lote 6a: la identidad es la del FIG y los estándares son los del índice de IFRA 51; ningún documento ni lista de producto de la v1 (D6, D9). Origen: el FIG no dice si es natural o de síntesis, y no hay documento (D6, D7)"
M00350,sustancia,2-(Methylpropyl)quinoline,S00370,,,,,1333-58-0,,desconocido,,,"Fase 6, lote 6a: la identidad es la del FIG y los estándares son los del índice de IFRA 51; ningún documento ni lista de producto de la v1 (D6, D9). Origen: el FIG no dice si es natural o de síntesis, y no hay documento (D6, D7)"
M00351,sustancia,2-(p-Menth-1-ene-10-yl)cyclopentanone,S00371,,,,,95962-14-4,,desconocido,,,"Fase 6, lote 6a: la identidad es la del FIG y los estándares son los del índice de IFRA 51; ningún documento ni lista de producto de la v1 (D6, D9). Origen: el FIG no dice si es natural o de síntesis, y no hay documento (D6, D7)"
M00352,sustancia,2-(p-Tolyl)propionaldehyde,S00372,,,,,99-72-9,,desconocido,,,"Fase 6, lote 6a: la identidad es la del FIG y los estándares son los del índice de IFRA 51; ningún documento ni lista de producto de la v1 (D6, D9). Origen: el FIG no dice si es natural o de síntesis, y no hay documento (D6, D7)"
M00353,sustancia,2-(Tetrahydro-5-methyl-5-vinyl-2-furyl)propan-2-ol,S00373,,,,,60047-17-8,,desconocido,,,"Fase 6, lote 6a: la identidad es la del FIG y los estándares son los del índice de IFRA 51; ningún documento ni lista de producto de la v1 (D6, D9). Origen: el FIG no dice si es natural o de síntesis, y no hay documento (D6, D7)"
M00354,sustancia,2-(trans-2-Pentenyl)cyclopentanone,S00374,,,,,51608-18-5,,desconocido,,,"Fase 6, lote 6a: la identidad es la del FIG y los estándares son los del índice de IFRA 51; ningún documento ni lista de producto de la v1 (D6, D9). Origen: el FIG no dice si es natural o de síntesis, y no hay documento (D6, D7)"
M00355,sustancia,"2,​5,​7-​Octatrien-​1-​ol, 2,​6-​dimethyl-​, 1-​acetate",S00375,,,,,197098-61-6,,desconocido,,,"Fase 6, lote 6a: la identidad es la del FIG y los estándares son los del índice de IFRA 51; ningún documento ni lista de producto de la v1 (D6, D9). Origen: el FIG no dice si es natural o de síntesis, y no hay documento (D6, D7)"
M00356,sustancia,"2,​6-​Octadienal, (2E,​6Z)​-",S00376,,,,,76917-23-2,,desconocido,,,"Fase 6, lote 6a: la identidad es la del FIG y los estándares son los del índice de IFRA 51; ningún documento ni lista de producto de la v1 (D6, D9). Origen: el FIG no dice si es natural o de síntesis, y no hay documento (D6, D7)"
M00357,sustancia,"2,​6-​Octadienal, 3,​6,​7-​trimethyl-",S00377,,,,,1891-67-4,,desconocido,,,"Fase 6, lote 6a: la identidad es la del FIG y los estándares son los del índice de IFRA 51; ningún documento ni lista de producto de la v1 (D6, D9). Origen: el FIG no dice si es natural o de síntesis, y no hay documento (D6, D7)"
M00358,sustancia,"2,​7-​Decadienal, (2E,​7Z)​-",S00378,,,,,52711-52-1,,desconocido,,,"Fase 6, lote 6a: la identidad es la del FIG y los estándares son los del índice de IFRA 51; ningún documento ni lista de producto de la v1 (D6, D9). Origen: el FIG no dice si es natural o de síntesis, y no hay documento (D6, D7)"
M00359,sustancia,"2,​7-​Decadienenitrile",S00379,,,,,1801275-25-1,,desconocido,,,"Fase 6, lote 6a: la identidad es la del FIG y los estándares son los del índice de IFRA 51; ningún documento ni lista de producto de la v1 (D6, D9). Origen: el FIG no dice si es natural o de síntesis, y no hay documento (D6, D7)"
M00360,sustancia,"2,​7-​Decadienenitrile, (2E,​7Z)​-",S00380,,,,,1801275-26-2,,desconocido,,,"Fase 6, lote 6a: la identidad es la del FIG y los estándares son los del índice de IFRA 51; ningún documento ni lista de producto de la v1 (D6, D9). Origen: el FIG no dice si es natural o de síntesis, y no hay documento (D6, D7)"
M00361,sustancia,"2,​7-​Nonadienal, (2E,​7Z)​-",S00381,,,,,21662-22-6,,desconocido,,,"Fase 6, lote 6a: la identidad es la del FIG y los estándares son los del índice de IFRA 51; ningún documento ni lista de producto de la v1 (D6, D9). Origen: el FIG no dice si es natural o de síntesis, y no hay documento (D6, D7)"
M00362,sustancia,"2,10-Epoxypinane",S00382,,,,,6931-54-0,,desconocido,,,"Fase 6, lote 6a: la identidad es la del FIG y los estándares son los del índice de IFRA 51; ningún documento ni lista de producto de la v1 (D6, D9). Origen: el FIG no dice si es natural o de síntesis, y no hay documento (D6, D7)"
M00363,sustancia,"2,12-Tridecadienal",S00383,,,,,72894-15-6,,desconocido,,,"Fase 6, lote 6a: la identidad es la del FIG y los estándares son los del índice de IFRA 51; ningún documento ni lista de producto de la v1 (D6, D9). Origen: el FIG no dice si es natural o de síntesis, y no hay documento (D6, D7)"
M00364,sustancia,"2,2'-(Dithiodimethylene)-difuran",S00384,,,,,4437-20-1,,desconocido,,,"Fase 6, lote 6a: la identidad es la del FIG y los estándares son los del índice de IFRA 51; ningún documento ni lista de producto de la v1 (D6, D9). Origen: el FIG no dice si es natural o de síntesis, y no hay documento (D6, D7)"
M00365,sustancia,"2,2,3-Trimethyl-3-Cyclopentene-1-acetaldehyde",S00385,,,,,4501-58-0,,desconocido,,,"Fase 6, lote 6a: la identidad es la del FIG y los estándares son los del índice de IFRA 51; ningún documento ni lista de producto de la v1 (D6, D9). Origen: el FIG no dice si es natural o de síntesis, y no hay documento (D6, D7)"
M00366,sustancia,"2,2,3-Trimethylcyclopent-3-enylacetonitrile",S00386,,,,,15373-31-6,,desconocido,,,"Fase 6, lote 6a: la identidad es la del FIG y los estándares son los del índice de IFRA 51; ningún documento ni lista de producto de la v1 (D6, D9). Origen: el FIG no dice si es natural o de síntesis, y no hay documento (D6, D7)"
M00367,sustancia,"2,2,4-Trimethyl-4-phenyl-butane-nitrile",S00387,,,,,75490-39-0,,desconocido,,,"Fase 6, lote 6a: la identidad es la del FIG y los estándares son los del índice de IFRA 51; ningún documento ni lista de producto de la v1 (D6, D9). Origen: el FIG no dice si es natural o de síntesis, y no hay documento (D6, D7)"
M00368,sustancia,"2,2,5-Trimethyl-5-pentylcyclopentanone",S00388,,,,,65443-14-3,,desconocido,,,"Fase 6, lote 6a: la identidad es la del FIG y los estándares son los del índice de IFRA 51; ningún documento ni lista de producto de la v1 (D6, D9). Origen: el FIG no dice si es natural o de síntesis, y no hay documento (D6, D7)"
M00369,sustancia,"2,2,6-Trimethyl-6-vinyltetrahydropyran",S00389,,,,,7392-19-0,,desconocido,,,"Fase 6, lote 6a: la identidad es la del FIG y los estándares son los del índice de IFRA 51; ningún documento ni lista de producto de la v1 (D6, D9). Origen: el FIG no dice si es natural o de síntesis, y no hay documento (D6, D7)"
M00370,sustancia,"2,2,6-Trimethylcyclohexanone",S00390,,,,,2408-37-9,,desconocido,,,"Fase 6, lote 6a: la identidad es la del FIG y los estándares son los del índice de IFRA 51; ningún documento ni lista de producto de la v1 (D6, D9). Origen: el FIG no dice si es natural o de síntesis, y no hay documento (D6, D7)"
M00371,sustancia,"2,2-Dimethyl-3-(3-methyl-2,4-pentadienyl)oxirane",S00391,,,,,69103-20-4,,desconocido,,,"Fase 6, lote 6a: la identidad es la del FIG y los estándares son los del índice de IFRA 51; ningún documento ni lista de producto de la v1 (D6, D9). Origen: el FIG no dice si es natural o de síntesis, y no hay documento (D6, D7)"
M00372,sustancia,"2,2-Dimethyl-3-methyl-3-butenyl propanoate",S00392,,,,,104468-21-5,,desconocido,,,"Fase 6, lote 6a: la identidad es la del FIG y los estándares son los del índice de IFRA 51; ningún documento ni lista de producto de la v1 (D6, D9). Origen: el FIG no dice si es natural o de síntesis, y no hay documento (D6, D7)"
M00373,sustancia,"2,2-Dimethyl-3-phenylpropanol",S00393,,,,,13351-61-6,,desconocido,,,"Fase 6, lote 6a: la identidad es la del FIG y los estándares son los del índice de IFRA 51; ningún documento ni lista de producto de la v1 (D6, D9). Origen: el FIG no dice si es natural o de síntesis, y no hay documento (D6, D7)"
M00374,sustancia,"2,2-Dimethyl-5-(1-methylpropen-1-yl)tetrahydrofuran",S00394,,,,,7416-35-5,,desconocido,,,"Fase 6, lote 6a: la identidad es la del FIG y los estándares son los del índice de IFRA 51; ningún documento ni lista de producto de la v1 (D6, D9). Origen: el FIG no dice si es natural o de síntesis, y no hay documento (D6, D7)"
M00375,sustancia,"2,3,4,4a,5,6-hexahydro-2,2-dimethyl-1,3-methanonaphthalen-7(1H)-one",S00395,,,,,68433-81-8,,desconocido,,,"Fase 6, lote 6a: la identidad es la del FIG y los estándares son los del índice de IFRA 51; ningún documento ni lista de producto de la v1 (D6, D9). Origen: el FIG no dice si es natural o de síntesis, y no hay documento (D6, D7)"
M00376,sustancia,"2,3,4-Trimethyl-3-pentanol",S00396,,,,,3054-92-0,,desconocido,,,"Fase 6, lote 6a: la identidad es la del FIG y los estándares son los del índice de IFRA 51; ningún documento ni lista de producto de la v1 (D6, D9). Origen: el FIG no dice si es natural o de síntesis, y no hay documento (D6, D7)"
M00377,sustancia,"2,3,5,6-Tetramethylpyrazine",S00397,,,,,1124-11-4,,desconocido,,,"Fase 6, lote 6a: la identidad es la del FIG y los estándares son los del índice de IFRA 51; ningún documento ni lista de producto de la v1 (D6, D9). Origen: el FIG no dice si es natural o de síntesis, y no hay documento (D6, D7)"
M00378,sustancia,"2,3,5-Trimethylpyrazine",S00398,,,,,14667-55-1,,desconocido,,,"Fase 6, lote 6a: la identidad es la del FIG y los estándares son los del índice de IFRA 51; ningún documento ni lista de producto de la v1 (D6, D9). Origen: el FIG no dice si es natural o de síntesis, y no hay documento (D6, D7)"
M00379,sustancia,"2,3,6-Trimethylphenol",S00399,,,,,2416-94-6,,desconocido,,,"Fase 6, lote 6a: la identidad es la del FIG y los estándares son los del índice de IFRA 51; ningún documento ni lista de producto de la v1 (D6, D9). Origen: el FIG no dice si es natural o de síntesis, y no hay documento (D6, D7)"
M00380,sustancia,"2,3-Butanediol",S00400,,,,,513-85-9,,desconocido,,,"Fase 6, lote 6a: la identidad es la del FIG y los estándares son los del índice de IFRA 51; ningún documento ni lista de producto de la v1 (D6, D9). Origen: el FIG no dice si es natural o de síntesis, y no hay documento (D6, D7)"
M00381,sustancia,"2,3-Diethyl-5-methylpyrazine",S00401,,,,,18138-04-0,,desconocido,,,"Fase 6, lote 6a: la identidad es la del FIG y los estándares son los del índice de IFRA 51; ningún documento ni lista de producto de la v1 (D6, D9). Origen: el FIG no dice si es natural o de síntesis, y no hay documento (D6, D7)"
M00382,sustancia,"2,3-Diethylpyrazine",S00402,,,,,15707-24-1,,desconocido,,,"Fase 6, lote 6a: la identidad es la del FIG y los estándares son los del índice de IFRA 51; ningún documento ni lista de producto de la v1 (D6, D9). Origen: el FIG no dice si es natural o de síntesis, y no hay documento (D6, D7)"
M00383,sustancia,"2,3-Dihydro-1,1-dimethyl-1H-indene-ar-propanal",S00403,,,,,300371-33-9,,desconocido,,,"Fase 6, lote 6a: la identidad es la del FIG y los estándares son los del índice de IFRA 51; ningún documento ni lista de producto de la v1 (D6, D9). Origen: el FIG no dice si es natural o de síntesis, y no hay documento (D6, D7)"
M00384,sustancia,"2,3-Dimethyl-4-(2,6,6-trimethyl-1-cyclohexen-1-yl)-2-butenal",S00404,,,,,71850-78-7,,desconocido,,,"Fase 6, lote 6a: la identidad es la del FIG y los estándares son los del índice de IFRA 51; ningún documento ni lista de producto de la v1 (D6, D9). Origen: el FIG no dice si es natural o de síntesis, y no hay documento (D6, D7)"
M00385,sustancia,"2,3-Dimethylbenzofuran",S00405,,,,,3782-00-1,,desconocido,,,"Fase 6, lote 6a: la identidad es la del FIG y los estándares son los del índice de IFRA 51; ningún documento ni lista de producto de la v1 (D6, D9). Origen: el FIG no dice si es natural o de síntesis, y no hay documento (D6, D7)"
M00386,sustancia,"2,3-Dimethylphenol",S00406,,,,,526-75-0,,desconocido,,,"Fase 6, lote 6a: la identidad es la del FIG y los estándares son los del índice de IFRA 51; ningún documento ni lista de producto de la v1 (D6, D9). Origen: el FIG no dice si es natural o de síntesis, y no hay documento (D6, D7)"
M00387,sustancia,"2,3-Dimethylpyrazine",S00407,,,,,5910-89-4,,desconocido,,,"Fase 6, lote 6a: la identidad es la del FIG y los estándares son los del índice de IFRA 51; ningún documento ni lista de producto de la v1 (D6, D9). Origen: el FIG no dice si es natural o de síntesis, y no hay documento (D6, D7)"
M00388,sustancia,"2,3-Heptanedione",S00408,,,,,96-04-8,,desconocido,,,"Fase 6, lote 6a: la identidad es la del FIG y los estándares son los del índice de IFRA 51; ningún documento ni lista de producto de la v1 (D6, D9). Origen: el FIG no dice si es natural o de síntesis, y no hay documento (D6, D7)"
