CAS,Nombre,Codigo,Tipo,Isomero,Descriptor_1,Descriptor_2,Descriptor_3
4221-98-1,(-)-(R)-.alpha.-Phellandrene,αPh,,alpha,Aromatic,Medicinal,Citrus
512-13-0,(-)-.alpha.-Fenchol,αFe,,alpha,Earthy,Woody,Camphoraceous
489-40-7,(-)-.alpha.-Gurjunene,αGu,,alpha,Woody,Balsamic,Nutty
23986-74-5,(-)-Germacrene D,Ge,,,Woody,Spicy,Dry
489-86-1,(-)-Guaiol,Gu,,,Woody,Smoky,Rose
13837-56-4,"(.+-.)-Tetrahydro-2,6,6-trimethyl-2-vinyl-2H-pyrane",TT,,,Citrus,Fresh,Camphoraceous
1117-61-9,(+)-(R)-Citronellol,Ci,,,Floral,Rose,Geranium
4610-11-1,(+)-cis-Rose oxide,RO,,,Green,Floral,Rose
888021-82-7,(+-)-Ethyl 3-mercapto-2-methylbutanoate,EM,,,Fruity,Food Like,Pungent
17957-94-7,(+)-Menthofuran,Me,,,Minty,Leafy,Herbal
2216-52-6,(+)-Neomenthol,Ne,,,Minty,Fresh,Aromatic
67663-01-8,(+/-) 3-Methyl-gamma-decalactone,γMD,,gamma,Fruity,Peach,Milky
156472-94-5,(+/-) Ethyl 3-mercaptobutyrate,ETM,,,Sulfurous,Roasted,Sweet
258823-39-1,(+/-)2-Mercapto-2-methylpentan-1-ol,MM,,,Sulfurous,Garlic,Onion
58475-04-0,(+/-)-4-Ethyloctanal,Et,,,Floral,Milky,Fruity
15892-23-6,(+/-)-Butan-2-ol,BO,,,Fruity,Sweet,Fermented
15932-80-6,(+/-)-Pulegone,Pu,,,Minty,Spearmint,Sweet
10138-32-6,"(±)-Bicyclo[2.2.1]hept-5-ene-2-carboxylic acid, ethyl ester",BH,,,Fruity,Tropical-Fruit,Floral
68877-29-2,"(1,7,7-Trimethylbicyclo[2.2.1]hept-2-yl)cyclohexan-1-ol",TH,,,Woody,Warm,Sandalwood
35145-02-9,"(1a,2a,5a)-2,5-dimethylcyclohex-3-ene-1-carbaldehyde",DE,,,Green,Grassy,Citrus
94400-98-3,"(1a.alpha.,4.alpha.,7a.alpha.)-1a,3,3,4,6,6-Hexamethyl-1a,2,3,4,5,6,7,7a-",αAH,,alpha,Musk like,Warm,"Floral octahydronapth[3,3-b]oxirene"
389083-83-4,(1-Ethoxyethoxy)-cyclododecane,EC,,,Woody,Amber,Dry
35836-73-8,(1R)-Nopol,No,,,Herbal,Pine,Camphoraceous
35836-72-7,(1R)-Nopyl acetate,NA,,,Woody,Floral,Fruity
68489-09-8,"(1R,2S,5R)-N-(4-Methoxyphenyl)-5-methyl-2-(1-methylethyl)cyclohexanecarboxamide",MC,,,Minty,Fresh,Green
29461-13-0,"(2.alpha.,4a.alpha.,8.beta.)-Hexahydro-1,1,5,5-tetramethyl-2H-2,4a-",αAB,,alpha,Woody,Patchouli,Earthy methanonaphthalene-8(5H)-one
5331-14-6,(2-Butoxyethyl)benzene,BB,,,Green,Apple,Herbal
23726-93-4,"(2E)-1-(2,6,6-Trimethyl-1,3-cyclohexadien-1-yl)-2-buten-1-one",TC,,,Floral,Rose,Plum
23726-91-2,"(2E)-1-(2,6,6-Trimethyl-1-cyclohexen-1-yl)-2-buten-1-one",TY,,,Floral,Rose,Plum
67674-47-9,"(2E,6E)-Nona-2,6-dienyl acetate",ND,,,Green,Floral,Violet
28069-72-9,"(2E,6Z)-Nona-2,6-dien-1-ol",NO,,,Green,Cucumber,Oily
116044-44-1,"(2-endo,3-exo)-Ethyl 3-(1-methylethyl)bicyclo[2.2.1]hept-5-ene-2-carboxylate",EB,,,Herbal,Fruity,Green
59739-63-8,"(2Z)-1-(2,6,6-trimethyl-1,3-cyclohexadien-1-yl)-2-Buten-1-one,",TB,,,Floral,Rose,Plum
81836-13-7,"(3a.alpha.,4.alpha.,6.alpha.,7.alpha.,7a.alpha.)-3a,4,5,6,7,7a-Hexahydro-3-methyl-5-",αAA,,alpha,Green,Fresh,"Floral methylene-4,7-methano-1H-inden-6-yl acetate"
120811-92-9,(3-Methoxy-2-methylpropyl)benzene,MB,,,Floral,Green,Rose
124071-43-8,"(3-Z)-3,12-Tridecadienenitrile",Tr,,,Citrus,Sweet,Tangerine
92046-48-5,(4-Ethylbicyclo[2.2.1]hept-2-yl)-cyclohexanol,EH,,,Floral,Magnolia,Muguet
71172-26-4,(4-Methoxyphenyl)methyl isobutyrate,MI,,,Fruity,Berry,Honey
67845-46-9,(4-Methylphenoxy)acetaldehyde,MA,,,Marine,Aldehydic,Seaweed
3288-99-1,(4-tert-Butylphenyl)acetonitrile,BA,,,Marine,Floral,Ozonic
97358-54-8,(E)-1-(1-Methoxypropoxy)hex-3-ene,MH,,,Green,Fresh,Fruity
39872-57-6,"(E)-1-(2,4,4-Trimethyl-2-cyclohexen-1-yl)-2-buten-1-one",TO,,,Floral,Plum,Rose
24720-09-0,"(E)-1-(2,6,6-Trimethyl-2-cyclohexen-1-yl)-2-buten-1-one",TCY,,,Floral,Rose,Apple
22882-91-3,"(E)-1-Ethoxy-3,7-dimethylocta-2,6-diene",ED,,,Fruity,Green,Fresh
65737-52-2,(E)-2-(2-Octenyl)cyclopentanone,OC,,,Fruity,Peach,Jasmin
58001-88-0,"(E)-2,6,10-Trimethylundeca-5,9-dienol",TD,,,Aldehydic,Waxy,Floral
18409-17-1,(E)-2-Octen-1-ol,OO,,,Green,Vegetable,Food like
37973-51-6,(E)-2-Phenylpropenyl acetate,PA,,,Fruity,Green,Rhubarb
81786-74-5,"(E)-3,4,5,6,6-Pentamethylhept-3-en-2-one",PE,,,Woody,Violet,Cedarwood
1309389-73-8,"(E)-3-Benzo[1,3]dioxol-5-yl-N,N-diphenyl-2-propenamide",BD,,,Food Like,Savoury,Roasted
53243-60-0,(E)-3-Methyl-5-phenylpent-2-enenitrile,MP,,,Citrus,Lemon,Fresh
3239-35-8,"(E)-6,10-Dimethylundeca-5,9-dien-2-yl acetate",DD,,,Citrus,Tangerine,Fresh
33046-81-0,(E)-7-Methyl-3-octen-2-one,MO,,,Fruity,Floral,Sweet
79-77-6,(E)-beta-Ionone,βIo,,beta,Floral,Violet,Woody
68555-65-7,"(E,Z)-2,6-Nonadien-1-ol acetate",NOA,,,Green,Floral,Violet
14898-79-4,(R)-Butan-2-ol,BUO,,,Fruity,Sweet,Fermented
4221-99-2,(S)-Butan-2-ol,BOL,,,Fruity,Sweet,Fermented
400052-49-5,(S1)-Methoxy-3-heptanethiol,MEH,,,Fruity,Blackcurrant,Floral
97358-55-9,(Z)-1-(1-Methoxypropoxy)hex-3-ene,ME,,,Green,Fresh,Fruity
22882-89-9,"(Z)1-Ethoxy-3,7-dimethylocta-2,6-diene",EDD,,,Floral,Fruity,Green
1576-95-0,(Z)-2-Penten-1-ol,PO,,,Fruity,Cherry,Fresh
37973-52-7,(Z)-2-Phenylpropenyl acetate,PHA,,,Green,Fruity,Rhubarb
81786-73-4,"(Z)-3,4,5,6,6-Pentamethylhept-3-en-2-one",PEO,,,Woody,Violet,Cedarwood
84060-80-0,(Z)-3-Hexenyl angelate,HA,,,Green,Floral,Herbal
53243-59-7,(Z)-3-Methyl-5-phenylpent-2-enenitrile,MPE,,,Citrus,Spicy,Floral
21944-98-9,(Z)-4-Dodecenal,Do,,,Citrus,Aldehydic,Clean
6191-71-5,(Z)-4-Hepten-1-ol,HO,,,Green,Grassy,Strawberry
63095-33-0,(Z)-5-(3-Hexenyl)dihydrofuran-2(3H)-one,HD,,,Fruity,Coconut,Buttery
3239-37-0,"(Z)-6,10-Dimethylundeca-5,9-dien-2-yl acetate",DY,,,Citrus,Tangerine,Fresh
23726-92-3,"(Z)-beta-1-(2,6,6-Trimethyl-1-cyclohexen-1-yl)-2-buten-1-one",βTC,,beta,Fruity,Floral,Blackcurrant
53398-85-9,(Z)-Hex-3-enyl 2-methylbutyrate,HE,,,Green,Fruity,Apple
76238-22-7,(Z)-Non-6-enyl acetate,NE,,,Fruity,Melon,Honeydew
63449-64-9,"(Z,Z)-1,1'-[Ethylidenebis(oxy)]di(hex-3-ene)",EO,,,Green,Leafy,Herbal
20834-59-7,".alpha.,.alpha.,4-Trimethylphenethyl alcohol",αAT,,alpha,Floral,Green,Muguet
33885-52-8,".alpha.,.alpha.,6,6-Tetramethylbicyclo[3.1.1]hept-2-ene-2-propionaldehyde",αAE,,alpha,Herbal,Pine,Ozonic
66062-78-0,".alpha.,3,3-Trimethylbicyclo[2.2.1]heptane-2-methanol",αTH,,alpha,Woody,Patchouli,Vetiver
515-69-5,.alpha.-Bisabolol,αBi,,alpha,Floral,Woody,Balsamic
63767-86-2,.alpha.-Methyl-4-(1-methylethyl)-cyclohexanemethanol,αMM,,alpha,Floral,Muguet,Rose
13487-27-9,.alpha.-Methylcyclohexylmethyl acetate,αMA,,alpha,Fruity,Sweet,Pear
103694-68-4,".beta.,.beta.,3-Trimethyl benzenepropanol",βBT,,beta,Floral,Fresh,Ozonic
6784-13-0,".beta.,4-Dimethylcyclohex-3-ene-1-propan-1-al",βDE,,beta,Citrus,Fresh,Lemon
472-97-9,.beta.-Caryophyllene alcohol,βCA,,beta,Woody,Spicy,Earthy
67801-36-9,".Eta.-1H-Indol-1-yl-.alpha.,.alpha.,.epsilon.-trimethyl-1H-indole-1-heptanol",ηIY,,eta,Animal like,Jasmin,Floral
68039-73-6,"[1,1'-Bicyclopentyl]-2-yl 2-butenoate",BY,,,Fruity,Plum,Peach
71048-82-3,"[1.alpha.(E),2.beta.]-1-(2,6,6-Trimethyl-3-cyclohexen-1-yl)-2-buten-1-one",αBT,,alpha,Floral,Rose,Apple
80858-47-5,[2-(Cyclohexyloxy)ethyl]benzene,CE,,,Floral,Green,Hyacinth
68555-28-2,"[2,2-Bis(3-methylbutoxy)ethyl]benzene",MEB,,,Floral,Herbal,Green
67634-02-0,"[2,2-Bis[(3,7-dimethyl-2,6-octadienyl)oxy]ethyl]benzene",DO,,,Floral,Rose,Green
67634-04-2,"[2,2-Bis[(3,7-dimethyloct-6-enyl)oxy]ethyl]benzene",DB,,,Floral,Rose,Balsamic
68039-47-4,[2-Isopropoxyethyl]benzene,IB,,,Green,Floral,Hyacinth
1958027-44-5,"1-​Nonen-​3-​ol, 8-​methoxy-​4,​8-​dimethyl-",NM,,,Woody,Floral,Sandalwood
54464-57-2,"1-(1,2,3,4,5,6,7,8-Octahydro-2,3,8,8-tetramethyl-2-naphthalenyl)ethanone",OT,,,Woody,Floral,Amber
68155-67-9,"1-(1,2,3,4,6,7,8,8a-Octahydro-2,3,8,8-tetramethyl-2-naphthyl)ethan-1-one",ON,,,Woody,Floral,Amber
68155-66-8,"1-(1,2,3,5,6,7,8,8a-Octahydro-2,3,8,8-tetramethyl-2-naphthyl)ethan-1-one",OE,,,Woody,Floral,Amber
941-98-0,1-(1-Naphthyl)ethanone,NAE,,,Floral,Neroli,Sweet
70788-30-6,"1-(2,2,6-Trimethylcyclohexyl)-3-hexanol",TRH,,,Woody,Amber,Dry
35087-49-1,"1-(2,2-Dimethyl-6-methylenecyclohexyl)but-2-en-1-one",DM,,,Fruity,Floral,Tobacco
68039-35-0,"1-(2,3,4,7,8,8a-Hexahydro-3,6,8,8-tetramethyl-1H-3a,7-methanoazulen-5-yl)ethan-1-",HT,,,Woody,Cedarwood,Amber one
70266-48-7,"1-(2,4,4-Trimethyl-1-cyclohexen-1-yl)-2-buten-1-one",TRC,,,Fruity,Plum,Rose
33673-71-1,"1-(2,4,4-Trimethyl-2-cyclohexen-1-yl)-2-buten-1-one",TCYB,,,Fruity,Plum,Rose
69929-17-5,"1-(2,4-Dimethyl-3-cyclohexenyl)-2,2-dimethylpropan-1-one",DC,,,Green,Herbal,Grapefruit
7779-30-8,"1-(2,6,6-Trimethyl-2-cyclohexen-1-yl)pent-1-en-3-one",TP,,,Floral,Violet,oily
23696-85-7,"1-(2,6,6-Trimethylcyclohexa-1,3-dienyl)-2-buten-1-one",TDB,,,Floral,Rose,Plum
1646-26-0,1-(2-Benzofuranyl)ethanone,BE,,,Powdery,Floral,Hay
139504-68-0,1-(2-tert.-Butyl cyclohexyloxy)-2-butanol,BC,,,Woody,Amber,Sweet
42370-07-0,"1-(3,3-Dimethylbicyclo[2.2.1]hept-2-yl)ethane-1-one",DH,,,Herbal,Minty,Camphoraceous
25304-14-7,"1-(3,3-Dimethylcyclohexyl)ethan-1-one",DEO,,,Herbal,Woody,Camphoraceous
25225-09-6,"1-(3,3-Dimethylcyclohexyl)ethanol",DIE,,,Floral,Minty,Fresh
56973-87-6,"1-(3,3-Dimethylcyclohexyl)pent-4-en-1-one",DP,,,Herbal,Green,Pineapple
68480-14-8,"1-(3,5,6-Trimethyl-3-cyclohexen-1-yl)ethan-1-one",TE,,,Green,Floral,Earthy
23911-56-0,1-(3-Methyl-2-benzofuranyl)ethanone,MBE,,,Floral,Neroli,Powdery
56973-85-4,"1-(5,5-Dimethyl-1-cyclohexen-1-yl)pent-4-en-1-one",DCY,,,Green,Fruity,Galbanum
774-55-0,"1-(5,6,7,8-tetrahydro-2-naphthalenyl)ethanone",TN,,,Floral,Neroli,Musk Like
1506-02-1,"1-(5,6,7,8-Tetrahydro-3,5,5,6,8,8-hexamethyl-2-naphthyl)ethan-1-one (Fixolid)",THN,,,Musk like,Woody,Powdery
10152-77-9,1-(Methylthio)-1-propene,MEP,,,Sulfurous,Garlic,Acidic
1333-52-4,1-(Naphthyl)ethan-1-one,NEO,,,Floral,Ylang,Green
31375-17-4,1-(para-Menthen-6-yl)-1-propanone,PM,,,Green,Leafy,Herbal
122-84-9,1-(p-Methoxyphenyl)-2-propanone,MPR,,,Balsamic,Anisic,Green
100520-15-8,"1,​3-​Cyclohexadiene-​1-​carboxylic acid, 4,​6,​6-​trimethyl-​, ethyl ester",CC,,,Herbal,Spicy,Saffron
900779-74-0,"1,​5-​Cyclododecadiene, 9-​methoxy-​1,​6,​10-​trimethyl-",CM,,,Woody,Amber,Leathery
947237-75-4,"1,​5-​Cyclododecadiene, 9-​methoxy-​1,​6,​10-​trimethyl-",CT,,,Woody,Amber,Leathery
53834-70-1,"1,​5,​7-​Octatrien-​3-​ol, 3,​7-​dimethyl-​, (5E)​-",OD,,,Floral,Fruity,Ylang
39707-47-6,"1,​6-​Octadiene-​3-​thiol, 3,​7-​dimethyl-",OTD,,,Floral,Citrus,Sulfurous
67801-37-0,"1,1'-(2-Phenylethylidene)bis(1H-indole)",PI,,,Animal like,Indolic,Phenolic
3910-35-8,"1,1,3-Trimethyl-3-phenylindane",TRP,,,Woody,Cedarwood,Musk Like
34764-02-8,"1,1-Diethoxydecane",Di,,,Aldehydic,Mossy,Green
688-82-4,"1,1-Diethoxyheptane",De,,,Gourmand,Creamy,Buttery
3658-93-3,"1,1-Diethoxyhexane",Dt,,,Fruity,Hyacinth,Pear
33673-65-3,"1,1-Dihexyloxyhexane",Dh,,,Green,Grassy,Sweet
950-33-4,"1,1-Dimethoxycyclododecane",Dm,,,Woody,Cedarwood,Patchouli
534-15-6,"1,1-Dimethoxyethane",Dim,,,Green,Hay,Apple
151-05-3,"1,1-Dimethyl-2-phenylethyl acetate",DA,,,Fruity,Plum,Jasmin
59354-71-1,"1,1-Dimethyl-2-phenylethyl isobutyrate",DI,,,Fruity,Jasmin,Grape
89-88-3,"1,2,3,3a,4,5,6,8a-Octahydro-4,8-dimethyl-2-(1-methylethylidene)-6-azulenol",OM,,,Woody,Vetiver,Grapefruit
41199-19-3,"1,2,3,4,4a,5,6,7-Octahydro-2,5,5-trimethyl-2-naphthalenol",OTN,,,Amber,Woody,Animal Like
65405-72-3,"1,2,3,4,4a,7,8,8a-Octahydro-2,4a,5,8a-tetramethyl-1-naphthyl formate",OF,,,Woody,Dry,Amber
68991-96-8,"1,2,3,4,5,6,7,8-Octahydro-5,5-dimethylnaphthalene-2-carbaldehyde",ODC,,,Floral,Muguet,Fresh
68991-97-9,"1,2,3,4,5,6,7,8-Octahydro-8,8-dimethyl-2-naphthaldehyde",ODN,,,Floral,Muguet,Fresh
67715-79-1,"1,2-Di((1'-ethoxy)ethoxy)propane",DEP,,,Fruity,Fresh,Green
91-16-7,"1,2-Dimethoxybenzene",Di2,,,Gourmand,Phenolic,Creamy
13851-11-1,"1,3,3-Trimethyl-2-norbornanyl acetate",TA,,,Herbal,Pine,Fresh
1222-05-5,"1,3,4,6,7,8-Hexahydro-4,6,6,7,8,8-hexamethylcyclopenta-gamma-2-benzopyran",γHH,,gamma,Musk like,Floral,Woody
16356-11-9,"1,3,5-Undecatriene",Un,,,Green,Citrus,Cucumber
40527-42-2,"1,3-Benzodioxole, 5-(diethoxymethyl)-",BED,,,Floral,Meadow,Spicy
495-76-1,"1,3-Benzodioxole-5-methanol",BM,,,Balsamic,Powdery,Vanilla
68844-96-2,"1,3-Benzodioxole-5-propanol, alpha-methyl-, 5-acetate",αBP,,alpha,Fruity,Watery,Apple
63270-14-4,"1,3-Diacetoxynonane",Da,,,Floral,Jasmin,Citrus
80118-10-1,"1,3-Dimethyl-3-butenyl salicylate",DS,,,Floral,Ylang,Green
68083-58-9,"1,3-Dimethyl-3-phenylbutyl acetate",DPA,,,Woody,Vetiver,Rhubarb
80118-06-5,"1,3-Dimethylbut-3-enyl isobutyrate",DEI,,,Fruity,Floral,Herbal
35206-51-0,"1,3-Dimethylbutyl 2-butenoate",DIB,,,Fruity,Plum,Apple
117933-89-8,"1,3-Dioxane, 2-(2,4-dimethyl-3-cyclohexene-1-yl)-5-methyl-5-(1-methylpropyl)-",DDC,,,Amber,Dry,Woody
166301-22-0,"1,3-Dioxane, 5-methyl-2-(2-methylpropyl)-cis-",DMM,,,Herbal,Fruity,Fresh
131812-52-7,"1,3-Dioxolane, 2,4-dimethyl-2-(5,6,7,8-tetrahydro-5,5,8,8-tetramethyl-2-naphthalenyl)-,",DT,,,Amber,Animal Like,Warm trans-
1708-35-6,"1,3-Dioxolane-4-methanol, 2-hexyl-",DMH,,,Earthy,Fungal,Sweet
1322-17-4,"1,3-Nonanediol acetate (mixed esters)",NAC,,,Floral,Jasmin,Watery
444880-09-5,"1,3-Oxathiane,2-ethyl-4,4-dimethyl-",OED,,,Herbal,Thyme,Blackcurrant
166432-52-6,"1,3-Undecadien-5-yne",UY,,,Floral,Green,Violet
470-67-7,"1,4-Cineole",Cn,,,Citrus,Lime,Eucalyptus
21112-37-8,"1,4-Dimethoxy-2-tert-butylbenzene",DBU,,,Woody,Vetiver,Fresh
18679-18-0,"1,4-Dodec-6-enolactone",DOE,,,Gourmand,Waxy,Creamy
13786-79-3,"1,5,9-Trimethylcyclododeca-1,5,9-triene epoxide",TTE,,,Woody,Amber,Cedarwood
75147-23-8,"1,5-Dimethylbicyclo[3.2.1]octan-8-one-oxime",DOO,,,Fruity,Cassis,Green
67952-57-2,"1,5-Dimethylhexyl acetate",DIA,,,Citrus,Orange,Fresh
68931-30-6,"1,6,10,14-Hexadecatetraen-3-ol, 3,7,11,15- tetramethyl-",HOT,,,Floral,Rose,Jasmin
68298-33-9,"1,6,7,8-Tetrahydro-1,4,6,6,8,8-hexamethyl-as-indacene-3(2H)-one",TI,,,Musk like,Animal Like,Woody
313973-37-4,"1,6-Heptadien-3-one, 2-cyclohexyl-",HC,,,Fruity,Pineapple,Green
73018-51-6,"1,6-Octadien-3-ol, 3,7-dimethyl-, acid-isomerized",OA,,,Citrus,Lime,Green
70131-51-0,"1,6-Octadiene, 7-methyl-3-methylene-, acid-hydrated, geraniol fractions, distn. residues",OH,,,Floral,Rose,Geranium
76-22-2,"1,7,7-Trimethylbicyclo[2.2.1]heptan-2-one",THO,,,Herbal,Camphoraceous,Green
24238-95-7,"1,7,7-Trimethylbicyclo[4.4.0]dec-3-yl acetate",TDY,,,Woody,Amber,Powdery
3526-75-8,"1.alpha.,5.alpha.-Dihydroguaiol",αAD,,alpha,Woody,Balsamic,Terpenic
68259-33-6,1-[5(Or 6)-Methyl-7(or 8)-(1-methylethyl)bicyclo[2.2.2]oct-5-en-2-yl]ethan-1-one,OB,,,Woody,Spicy,Balsamic
1725-01-5,10-Oxahexadecanolide,Ox,,,Musk like,Animal Like,Floral
112-19-6,10-Undecen-1-yl acetate,UA,,,Fruity,Rose,Green
112-45-8,10-Undecenal,Ud,,,Citrus,Citrus,Ozonic
112-38-9,10-Undecenoic acid,UNA,,,Acidic,Woody,Aldehydic
68141-27-5,"10-Undecenoic acid, heptyl ester",UH,,,Fruity,Floral,Fermented
3391-83-1,11-Oxahexadecanolide,Oa,,,Musk like,Powdery,Creamy
68141-18-4,"11-Tridecen-6-one, 8,12-dimethyl-",TOD,,,Green,Floral,Citrus
6707-60-4,12-Oxahexadecanolide,Oh,,,Musk like,Fruity,Woody
868846-58-6,13-Methyloxacyclopentadecan-2-one,MEO,,,Musk like,Animal Like,Floral
123-69-3,16-Hydroxy-7-hexadecenoic acid lactone,HH,,,Musk like,Powdery,Animal Like
65416-21-9,1-Bicyclo[2.2.1]hept-5-en-2-ylethan-1-one-oxime,BHE,,,Green,Floral,Woody
850997-10-3,"1-Cyclohexene-1-propanal, 4,4-dimethyl-",CP,,,Floral,Green,Muguet
1193-81-3,1-Cyclohexylethanol,Cy,,,Herbal,Minty,Fruity
68039-69-0,1-Cyclohexylethyl 2-butenoate,CB,,,Fruity,Dry,Brandy
63449-88-7,1-Cyclohexylethyl butyrate,CYB,,,Fruity,Berry,Leathery
16510-27-3,1-Cyclopropylmethyl-4-methoxybenzene,CYM,,,Green,Anisic,Floral
112-30-1,1-Decanol,Dc,,,Citrus,Fruity,Orange
51100-54-0,1-Decen-3-ol,DOL,,,Food Like,Earthy,Fungal
61668-40-4,1-Ethoxy 1-decene,ETD,,,Aldehydic,Fresh,Green
36306-86-2,"1-Ethoxy-4-(1-ethoxyvinyl)-3,3,5,5-tetramethylcyclohexene",EE,,,Woody,Pine,Amber
31996-78-8,"1-Ethyl-3-methoxytricyclo[2.2.1.02,6]heptane",EMH,,,Herbal,Green,Citrus
5240-32-4,1-Ethynylcyclohexyl acetate,EA,,,Herbal,Hay,Oak
66327-54-6,1-Formyl-1-methyl-4-(4-methyl-pentyl)-3-cyclohexene,FM,,,Green,Fresh,Aldehydic
1639-09-4,1-Heptanethiol,He,,,Sulfurous,Onion,Garlic
4798-44-1,1-Hexen-3-ol,HEO,,,Green,Fresh,Fruity
285977-85-7,"1H-Indende-2-methanol, 2,3-dihydro-2,5-dimethyl-",IM,,,Floral,Muguet,Aldehydic
95-13-6,1H-Indene,In,,,Animal like,Terpenic,Balsamic
60899-29-8,"1H-Indene, 1-ethyl-2,3-dihydro-1,3,3-trimethyl-",IE,,,Musk like,Floral,Woody
351343-77-6,"1H-Indene, 2,3,3a,4,5,7a-hexahydro-1,1,2,3,3-pentamethyl-6-(2-propenyl)-",IH,,,Woody,Amber,Dry
1203-17-4,"1H-Indene, 2,3-dihydro-1,1,2,3,3-pentamethyl-",ID,,,Musk like,Floral,Woody
67860-00-8,"1H-Indole,3-heptanol,eta-1H-indol-3-yl-a,a,e-trimethyl ,8-bis-(2,3-dihydroindol)-2,6-",ηIH,,eta,Animal like,Indolic,Medicinal dimethyl-2-octanol
1565-76-0,1-Menthyl methylether,MEM,,,Herbal,Minty,Fruity
4747-07-3,1-Methoxyhexane,Mt,,,Floral,Sweet,Lavender
94291-50-6,1-Methoxyhexane-3-thiol,MT,,,Herbal,Green,Citrus
72183-75-6,1-Methyl-2-(1-methylpropyl)cyclohexyl acetate,MMC,,,Fruity,Tropical-Fruit,Sweet
3008-43-3,"1-Methyl-2,3-cyclohexadione",MEC,,,Gourmand,Coffee,Caramel
215231-33-7,1-methyl-3-(2-methylpropyl)cyclohexan-1-ol,MME,,,Floral,Muguet,Citrus
52474-60-9,1-Methyl-3-(4-methyl-3-pentenyl)cyclohex-3-ene-1-carbaldehyde,MPC,,,Ozonic,Fresh,Aldehydic
1076-56-8,1-Methyl-3-methoxy-4-isopropylbenzene,MMI,,,Woody,Smoky,Medicinal
10198-23-9,1-Methyl-4-(1-methylvinyl)cyclohexyl acetate,MMCA,,,Floral,Citrus,Dry
139539-67-6,"1-Methyl-4-(2,2,3-trimethyl-3-cyclopenten-1-yl)-2-oxabicyclo[2.2.2]octane",MY,,,Fruity,Berry,Powdery
52475-86-2,1-Methyl-4-(4-methyl-3-pentenyl)cyclohex-3-ene-1-carbaldehyde,MPCE,,,Aldehydic,Green,Floral
21129-27-1,1-Methyl-4-(isopropyl)cyclohexan-1-ol,MIC,,,Floral,Citrus,Pine
37514-30-0,1-Methylcyclododecyl methyl ether,MM2,,,Woody,Dry,Amber
103614-86-4,"1-Naphthalenol, 1,2,3,4,4a,5,8,8a-octahydro-2,2,6,8-tetramethyl-",NT,,,Fruity,Mango,Passionfruit
68922-14-5,"1-Nonanol, 2,4,6,8-tetramethyl-,acetate",NTA,,,Floral,Fruity,Green
21964-44-3,1-Nonen-3-ol,NOO,,,Green,Cucumber,Violet
111-87-5,1-Octanol,Oc,,,Citrus,Waxy,Green
3391-86-4,1-Octen-3-ol,OCO,,,Herbal,Floral,Lavender
4312-99-6,1-Octen-3-one,OON,,,Earthy,Mushroom,Herbal
2442-10-6,1-Octen-3-yl acetate,OY,,,Herbal,Fruity,Floral
71078-31-4,"1-Oxaspiro[4.5]deca-3,6-diene, 2,6,9,10-tetramethyl-",ODD,,,Fruity,Blackcurrant,Green
89079-92-5,"1-Oxaspiro[4.5]deca-3,6-diene, 2,7-dimethyl-10-(1-methylethyl)-",OXD,,,Fruity,Blackcurrant,Tropical-Fruit
79893-63-3,"1-Oxaspiro[4.5]deca-3,6-diene, 6-ethyl-2,10,10-trimethyl-",ODE,,,Fruity,Blackcurrant,Green
4625-90-5,"1-Oxaspiro[4.5]decan-2-one, 8-(1-methylethyl)-, trans-",ODO,,,Woody,Herbal,Oily
91069-40-8,"1-Oxaspiro[4.5]decan-2-one, 8-ethyl-, trans-",ODOE,,,Woody,Spicy,Oily
94201-19-1,"1-Oxaspiro[4.5]decan-2-one, 8-methyl-",ODOM,,,Gourmand,Lactonic,Coconut
91069-37-3,"1-Oxaspiro[4.5]decan-2-one, 8-methyl-, cis-",OD2,,,Woody,Creamy,Milky
57967-68-7,"1-Oxaspiro[4.5]decan-6-ol, 2,6,10,10-tetramethyl-, (2R,5S,6S)-rel-",OR,,,Woody,Camphoraceous,Fungal
616-25-1,1-Penten-3-ol,POL,,,Green,Fruity,Leafy
67739-11-1,"1-Penten-3-ol, 2-methyl-1-(methylbicyclo[2.2.1]hept-5-en-2-yl)-",PH,,,Woody,Sandalwood,Floral
1629-58-9,1-Penten-3-one,PON,,,Sulfurous,Garlic,Onion
68555-94-2,"1-Penten-3-one, 2-methyl-1-(2,2,6-trimethylcyclohexenyl)-",PT,,,Woody,Floral,Violet
579-07-7,"1-Phenyl-1,2-propanedione",PP,,,Aromatic,Phenolic,Dry
10415-87-9,1-Phenyl-3-methyl-3-pentanol,PMP,,,Floral,Green,Anisic
72007-81-9,1-Phenyl-3-methyl-3-pentyl acetate,PHM,,,Floral,Green,Hyacinth
3240-29-7,1-Phenyl-4-penten-1-one,PPO,,,Balsamic,Sweet,Herbal
71159-90-5,1-p-Menthene-8-thiol,MET,,,Citrus,Fruity,Grapefruit
128119-70-0,"1-Propanol, 2-methyl-3-[(1,7,7-trimethylbicyclo-[2.2.1]hept-2-yl)oxy]-",PY,,,Amber,Warm,Woody
112-70-9,1-Tridecanol,Ti,,,Floral,Woody,Green
811436-82-5,"2 Propenoic acid, 2-[1-[(1R)-3,3-dimethylcyclohexyl]ethoxy]-2-methylpropyl ester",PD,,,Musk like,Fruity,Pear
107-93-7,"2-​Butenoic acid, (2E)​-",BUA,,,Gourmand,Sweet,Milky
15848-49-4,"2-​Cyclopentene-​1-​acetic acid, ethyl ester",CA,,,Fruity,Pineapple,Pear
2371-13-3,"2-​Octen-​1-​ol, 1-​acetate",OOA,,,Earthy,Mushroom,Lavender
76649-17-7,"2-​Pentenoic acid, 2-​methyl-​, (3Z)​-​3-​hexen-​1-​yl ester",PAM,,,Fruity,Fresh,Green
2810-04-0,"2-​Thiophenecarboxylic acid, ethyl ester",TAE,,,Fruity,Fermented,Grape
68480-25-1,2-​Tridecen-​1-​ol,TRO,,,Green,Fruity,Leafy
141773-73-1,"2-(1-(3',3'-Dimethyl-1'-cyclohexyl)ethoxy)-2-methyl propyl propanoate",DCE,,,Musk like,Fruity,Pear
1217-08-9,"2-(1,1,2,3,3-Pentamethylindan-5-yl)-1-propanol",PYP,,,Musk like,Floral,Warm
67634-11-1,"2-(1,1-Dimethylethyl)-4-methylcyclohexan-1-ol",DMO,,,Woody,Earthy,Fresh
5947-36-4,2(10)-Pinen-3-ol,PIO,,,Herbal,Woody,Pine
7399-50-0,2-(1-Ethylpropyl)pyridine,EP,,,Green,Galbanum,Bell Pepper
37172-02-4,2-(1-Methylpropyl)-1-vinylcyclohexyl acetate,MV,,,Woody,Amber,Dry
929625-08-1,"2-(2,2,7,7-Tetramethyltricyclo[6.2.1.01,6]undec-5-en-5-yl)propan-1-ol",TU,,,Amber,Woody,Cedarwood
2226-05-3,"2-(3,3-Dimethylbicyclo[2.2.1]hept-2-ylidene)ethanol",DHY,,,Woody,Patchouli,Camphoraceous
68133-79-9,"2-(3,7-Dimethyl-2,6-octadienyl)cyclopentanone",DOC,,,Fruity,Peach,Plum
92015-65-1,"2(3H)-Benzofuranone, hexahydro-3,6-dimethyl-",BHD,,,Fruity,Coconut,Tropical-Fruit
4359-47-1,"2-(3-Heptyl)-1,3-dioxolane",HED,,,Green,Fruity,Floral
2110-18-1,2-(3-Phenylpropyl)pyridine,PHP,,,Spicy,Fresh,Green
3208-40-0,2-(3-Phenylpropyl)tetrahydrofuran,PHT,,,Fruity,Sweet,Green
80417-97-6,"2(4H)-Benzofuranone, 5,6-dihydro-3,6-dimethyl-",BDD,,,Gourmand,Sweet,Coconut
34291-99-1,2-(4-Isopropylphenyl)propionaldehyde,IP,,,Green,Floral,Muguet
80819-94-9,2-(4-Methyl-1-phenyl)-2-propanethiol,MPP,,,Fruity,Grapefruit,Sulfurous
65817-24-5,2-(4-Methyl-2-hydroxyphenyl)propionic acid-gamma-lactone,γMH,,gamma,Aromatic,Minty,Sweet
94159-31-6,2-(4-Methyl-5-thiazolyl)ethyl butanoate,MTE,,,Food Like,Nutty,Savoury
15149-10-7,2-(4-Methylphenoxy)ethanol,MEE,,,Floral,Anisic,Honey
1333-58-0,2-(Methylpropyl)quinoline,MQ,,,Herbal,Powerful,Leathery
95962-14-4,2-(p-Menth-1-ene-10-yl)cyclopentanone,MEY,,,Fruity,Peach,Apricot
99-72-9,2-(p-Tolyl)propionaldehyde,TOP,,,Green,Floral,Aldehydic
60047-17-8,2-(Tetrahydro-5-methyl-5-vinyl-2-furyl)propan-2-ol,TM,,,Herbal,Musty,Camphoraceous
51608-18-5,2-(trans-2-Pentenyl)cyclopentanone,PC,,,Fruity,Jasmin,Oily
197098-61-6,"2,​5,​7-​Octatrien-​1-​ol, 2,​6-​dimethyl-​, 1-​acetate",OOD,,,Fruity,Fresh,Sweet
76917-23-2,"2,​6-​Octadienal, (2E,​6Z)​-",Ot,,,Green,Watery,Aldehydic
1891-67-4,"2,​6-​Octadienal, 3,​6,​7-​trimethyl-",OCT,,,Citrus,Lemon,Herbal
52711-52-1,"2,​7-​Decadienal, (2E,​7Z)​-",Dd,,,Green,Violet,Cucumber
1801275-25-1,"2,​7-​Decadienenitrile",Dec,,,Green,Fruity,Floral
1801275-26-2,"2,​7-​Decadienenitrile, (2E,​7Z)​-",De2,,,Green,Fruity,Floral
21662-22-6,"2,​7-​Nonadienal, (2E,​7Z)​-",Nn,,,Green,Violet,Cucumber
6931-54-0,"2,10-Epoxypinane",Ep,,,Herbal,Rosemary,Camphoraceous
72894-15-6,"2,12-Tridecadienal",Td,,,Aldehydic,Fatty,Waxy
4437-20-1,"2,2'-(Dithiodimethylene)-difuran",DID,,,Sulfurous,Coffee,Onion
4501-58-0,"2,2,3-Trimethyl-3-Cyclopentene-1-acetaldehyde",TCA,,,Aldehydic,Green,Herbal
15373-31-6,"2,2,3-Trimethylcyclopent-3-enylacetonitrile",TRE,,,Herbal,Aromatic,Juniper
75490-39-0,"2,2,4-Trimethyl-4-phenyl-butane-nitrile",TPB,,,Citrus,Grapefruit,Rhubarb
65443-14-3,"2,2,5-Trimethyl-5-pentylcyclopentanone",TPE,,,Floral,Jasmin,Peach
7392-19-0,"2,2,6-Trimethyl-6-vinyltetrahydropyran",TV,,,Citrus,Lime,Woody
2408-37-9,"2,2,6-Trimethylcyclohexanone",Tm,,,Citrus,Honey,Labdanum
69103-20-4,"2,2-Dimethyl-3-(3-methyl-2,4-pentadienyl)oxirane",DMP,,,Herbal,Floral,Green
104468-21-5,"2,2-Dimethyl-3-methyl-3-butenyl propanoate",DMB,,,Herbal,Chamomile,Fruity
13351-61-6,"2,2-Dimethyl-3-phenylpropanol",DIP,,,Floral,Rose,Fresh
7416-35-5,"2,2-Dimethyl-5-(1-methylpropen-1-yl)tetrahydrofuran",DMY,,,Herbal,Citrus,Green
54440-17-4,"2,3,3-Trimethylindanone",Te,,,Spicy,Warm,Leathery
68433-81-8,"2,3,4,4a,5,6-hexahydro-2,2-dimethyl-1,3-methanonaphthalen-7(1H)-one",HM,,,Powdery,Woody,Tobacco
3054-92-0,"2,3,4-Trimethyl-3-pentanol",TP2,,,Fruity,Green,Fresh
1124-11-4,"2,3,5,6-Tetramethylpyrazine",Tt,,,Gourmand,Nutty,Coffee
14667-55-1,"2,3,5-Trimethylpyrazine",Tri,,,Green,Nutty,Earthy
2416-94-6,"2,3,6-Trimethylphenol",Tr2,,,Smoky,Phenolic,Leathery
513-85-9,"2,3-Butanediol",Bu,,,Fruity,Creamy,Buttery
18138-04-0,"2,3-Diethyl-5-methylpyrazine",DIM,,,Gourmand,Nutty,Nutty
15707-24-1,"2,3-Diethylpyrazine",Die,,,Food Like,Green,Vegetable
300371-33-9,"2,3-Dihydro-1,1-dimethyl-1H-indene-ar-propanal",DDI,,,Green,Aldehydic,Floral
71850-78-7,"2,3-Dimethyl-4-(2,6,6-trimethyl-1-cyclohexen-1-yl)-2-butenal",DTC,,,Woody,Floral,Powdery
3782-00-1,"2,3-Dimethylbenzofuran",Di3,,,Aromatic,Phenolic,Dry
526-75-0,"2,3-Dimethylphenol",Di4,,,Earthy,Phenolic,Musty
5910-89-4,"2,3-Dimethylpyrazine",Di5,,,Food Like,Nutty,Roasted
96-04-8,"2,3-Heptanedione",Hp,,,Food Like,Buttery,Cheesy
3848-24-6,"2,3-Hexanedione",Hx,,,Gourmand,Buttery,Caramel
74338-72-0,"2,4,4,7-Tetramethyl-6-octen-3-one",TOO,,,Citrus,Fruity,Floral
81783-01-9,"2,4,4,7-Tetramethylnona-6,8-diene-3-one-oxime",TDO,,,Fruity,Blackcurrant,Grapefruit
13623-11-5,"2,4,5-Trimethylthiazole",Tr3,,,Gourmand,Nutty,Cocoa
68527-77-5,"2,4,6-Trimethyl-3-cyclohexene-1-methanol",TCM,,,Floral,Spicy,Green
5182-36-5,"2,4,6-Trimethyl-4-phenyl-1,3-dioxane",TPD,,,Fruity,Citrus,Green
1423-46-7,"2,4,6-Trimethylcyclohex-3-enecarbaldehyde",TEN,,,Green,Privet,Dry
527-60-6,"2,4,6-Trimethylphenol",Tr4,,,Smoky,Phenolic,Coffee
18409-21-7,"2,4-Decadien-1-ol",DO2,,,Citrus,Fresh,Green
131812-67-4,"2,4-Dimethyl-2-(5,6,7,8-tetrahydro-5,5,8,8-tetramethyl-2-naphthalenyl)-1,3-dioxolane",DN,,,Woody,Amber,Warm
68039-49-6,"2,4-Dimethyl-3-cyclohexen-1-carboxaldehyde",DCC,,,Green,Grassy,Citrus
27606-09-3,"2,4-Dimethyl-4,4a,5,9b-tetrahydroindeno[1,2-d]-1,3-dioxin",DTD,,,Floral,Muguet,Magnolia
82461-14-1,"2,4-Dimethyl-4-phenyltetrahydrofuran",DPH,,,Citrus,Rhubarb,Green
62346-96-7,"2,4-Dimethylbenzyl acetate",DAC,,,Floral,Fruity,Fresh
67634-17-7,"2,4-Dimethylcyclohex-3-ene-1-methanol",DEM,,,Floral,Fresh,Green
67634-26-8,"2,4-Dimethylcyclohex-3-ene-1-methyl acetate",DEN,,,Citrus,Fruity,Grapefruit
67634-22-4,"2,4-Dimethylcyclohexylmethyl acetate",DA2,,,Floral,Herbal,Woody
108-47-4,"2,4-Dimethylpyridine",Di6,,,Smoky,Phenolic,Animal Like
16930-93-1,"2,4-Hexadienyl butyrate",HB,,,Green,Grape,Fruity
16491-24-0,"2,4-Hexadienyl isobutyrate",HI,,,Green,Apple,Galbanum
63450-36-2,"2,4-Nonadienol-1",Na,,,Green,Violet,Cucumber
105-67-9,"2,4-Xylenol",Xy,,,Smoky,Roasted,Balsamic
68378-13-2,"2,5 or 6-Methoxy-3-methylpyrazine (mixture of isomers)",OMM,,,Gourmand,Chocolate,Roasted
5406-58-6,"2,5,5-Trimethyl-2-phenyl-1,3-dioxane",TPH,,,Woody,Sandalwood,Camphoraceous
82784-84-7,"2,5,6-Trimethyl-4-heptenal",THE,,,Green,Ozonic,Melon
13851-06-4,"2,5,7-Trimethyl-2-decene-6,8-dione",TDD,,,Herbal,Hay,Green
41239-48-9,"2,5-Diethyltetrahydrofuran",Di7,,,Gourmand,Caramel,Coffee
4077-47-8,"2,5-Dimethyl-4-methoxy-3(2H)-furanone",DF,,,Fruity,Vegetable,Sweet
123-32-0,"2,5-Dimethylpyrazine",Di8,,,Food Like,Nutty,Roasted
847144-75-6,"2,5-Octadien-4-one, 5,6,7-trimethyl-, (2E,5E)-",OOT,,,Fruity,Sweet,Apple
357650-26-1,"2,5-Octadien-4-one, 5,6,7-trimethyl-, (2E,5Z)-",OO2,,,Fruity,Rose,Apple
95-87-4,"2,5-Xylenol",Xl,,,Smoky,Roasted,sweet
141-13-9,"2,6,10-Trimethyl-9-undecenal",TRU,,,Green,Ozonic,Aldehydic
54082-68-7,"2,6,10-Trimethylundeca-5,9-dienal",TRD,,,Aldehydic,Floral,Marine
24048-13-3,"2,6,10-Trimethylundeca-5,9-dienal (dihydroapofarnesal)",TDI,,,Aldehydic,Hyacinth,Muguet
24048-14-4,"2,6,10-Trimethylundeca-5,9-dienol",TD2,,,Aldehydic,Waxy,Floral
432-25-7,"2,6,6-Trimethyl-1&2-cyclohexen-1-carboxaldehyde",TCC,,,Green,Saffron,Rose
472-66-2,"2,6,6-Trimethyl-1-cyclohexen-1-acetaldehyde",TC2,,,Herbal,Camphoraceous,Woody
473-54-1,"2,6,6-Trimethylbicyclo[3.1.1]heptan-3-ol",TH2,,,Aromatic,Pine,Woody
1125-21-9,"2,6,6-Trimethylcyclohex-2-ene-1,4-dione",TED,,,Floral,Citrus,Green
116-26-7,"2,6,6-Trimethylcyclohexa-1,3-dienyl methanal",TDM,,,Herbal,Aldehydic,Tobacco
123-18-2,"2,6,8-Trimethylnonan-4-one",TON,,,Balsamic,Fruity,Oily
91-10-1,"2,6-Dimethoxyphenol",Di9,,,Food Like,Phenolic,Smoky
17909-77-2,"2,6-Dimethyl-10-methylene-2,6,11-dodecatrienal",DMD,,,Citrus,Mandarin,Aldehydic
3016-19-1,"2,6-Dimethyl-2,4,6-octatriene",DIO,,,Aromatic,Floral,Fresh
13254-34-7,"2,6-Dimethyl-2-heptanol",DIH,,,Floral,Fresh,Lavender
68480-08-0,"2,6-Dimethyl-2-octyl acetate",DOA,,,Aromatic,Citrus,Herbal
108-82-7,"2,6-Dimethyl-4-heptanol",DHE,,,Food Like,Yeast,Fermented
108-83-8,"2,6-Dimethyl-4-heptanone",DH2,,,Fruity,Wine lees*,Pineapple
106-72-9,"2,6-Dimethyl-5-heptenal",DH3,,,Aldehydic,Green,Fruity
25279-09-8,"2,6-Dimethyloct-7-en-2-yl formate",DEY,,,Citrus,Floral,Fruity
1879-00-1,"2,6-Dimethyloct-7-en-4-one",DE2,,,Fruity,Tagetes,Floral
673-84-7,"2,6-Dimethylocta-2,4,6-triene",DIT,,,Floral,Peppery,Herbal
108-50-9,"2,6-Dimethylpyrazine",Di10,,,Food Like,Nutty,Roasted
108-48-5,"2,6-Dimethylpyridine",Di11,,,Food Like,Nutty,Leathery
7786-44-9,"2,6-Nonadien-1-ol",NOL,,,Green,Fruity,Cucumber
67674-36-6,"2,6-Nonadienal diethyl acetal",NDA,,,Green,Cucumber,Oily
67019-89-0,"2,6-Nonadienenitrile",Nd,,,Floral,Violet,Green
90480-35-6,"2,6-Octadienal, 3,7-dimethyl-, acid-isomerized",OI,,,Citrus,Lime,Fruity
147060-73-9,"2,6-Octadienal, 3,7-dimethyl-, reaction products with Et alc.",OP,,,Citrus,Verbena,Lime
38237-00-2,"2,6-Octadiene-1-thiol, 3,7-dimethyl-",OTH,,,Citrus,Grapefruit,Sulfurous
576-26-1,"2,6-Xylenol",Xe,,,Smoky,Phenolic,Neutral
68419-46-5,"2,7-Dimethyloct-5-en-4-one",DE3,,,Floral,Chamomile,Marigold
84642-57-9,"2-[(3,3,5-Trimethylcyclohexyl)acetyl]cyclopentan-1-one",TAC,,,Woody,Animal Like,Amber
94087-23-7,"2-[7-Isopropyl-5-methylbicyclo[2.2.2]oct-5-en-2-yl]-1,3-dioxolane",IO,,,Floral,Green,Muguet
68901-32-6,"2-[8-Isopropyl-6-methylbicyclo[2.2.2]oct-5-en-2-yl]-1,3-dioxolane",IY,,,Green,Floral,Muguet
32974-92-8,2-Acetyl-3-ethylpyrazine,AE,,,Earthy,Nutty,Popcorn
23787-80-6,2-Acetyl-3-methylpyrazine,AM,,,Food Like,Nutty,Roasted
1193-79-9,2-Acetyl-5-methylfuran,ACM,,,Gourmand,Nutty,Hay
1122-62-9,2-Acetylpyridine,Ac,,,Food Like,Roasted,Waxy
24295-03-2,2-Acetylthiazole,Ae,,,Food Like,Popcorn,Roasted
88-15-3,2-Acetylthiophene,At,,,Sulfurous,Nutty,Food like
551-93-9,2-Aminoacetophenone,Am,,,Floral,Neroli,Grape
4740-79-8,"2-Benzyl-1,3-dioxan-5-ol",BDO,,,Green,Floral,Aldehydic
97384-48-0,2-Benzyl-2-methylbut-3-enenitrile,BME,,,Minty,Citrus,Fruity
92368-90-6,2-Benzylheptanol,Be,,,Floral,Muguet,Jasmin
20279-25-8,2-Bornyl propionate,BP,,,Woody,Fruity,Pine
78-92-2,2-Butanol,Bt,,,Fruity,Sweet,Fermented
78-93-3,2-Butanone,Ba,,,Fruity,Pear,Light
1129-62-0,"2-Butanone, phenylhydrazone",BUP,,,Animal like,Dry,Balsamic
71048-83-4,"2-Buten-1-one, 1-(2,6,6-trimethyl-3-cyclohexen-1-yl)-, [1alpha(E),alpha]- (9CI)",αBO,,alpha,Floral,Rose,Plum
3724-65-0,2-Butenoic acid,BAC,,,Acidic,cheesy,Green
54546-26-8,"2-Butyl-4,4,6-trimethyl-1,3-dioxane",BT,,,Herbal,Green,Floral
62062-85-5,"2-Butyl-5,6-dihydro-2,4-dimethyl-2H-pyran",BUD,,,Green,Floral,Spicy
90-42-6,2-Cyclohexylcyclohexanone,Cc,,,Floral,Cyclamen,Cumin
4442-79-9,2-Cyclohexylethyl alcohol,CYA,,,Floral,Green,Peony
916887-53-1,2-Cyclohexylidene-2-o-tolylacetonitrile,CYT,,,Floral,Rose,Powdery
2109-22-0,2-Cyclohexylpropanal,Cl,,,Green,Aldehydic,Floral
21835-00-7,"2-Cyclopenten-1-one, 2-hydroxy-3,4-dimethyl-",CO,,,Gourmand,Caramel,Anisic
4884-24-6,2-Cyclopentylcyclopentanone,Co,,,Floral,Animal Like,Indolic
693-54-9,2-Decanone,Dn,,,Floral,Neroli,Peach
3913-71-1,2-Decenal,De3,,,Aldehydic,Floral,Clean
6175-49-1,2-Dodecanone,Dod,,,Fruity,Citrus,Orange
4826-62-4,2-Dodecenal,Do2,,,Citrus,Aldehydic,Mandarin
68845-00-1,"2-Ethoxy-2,6,6-trimethyl-9-methylenebicyclo[3.3.1]nonane",ET,,,Woody,Warm,Amber
5595-79-9,2-Ethoxy-4-(methoxymethyl)phenol,EMP,,,Floral,Spicy,Carnation
96840-56-1,2-Ethoxy-4-[(1-methylethoxy)methyl] phenol,EMM,,,Spicy,Floral,Sweet
2563-07-7,2-Ethoxy-4-methylphenol,EME,,,Gourmand,Vanilla,Sweet
18368-91-7,"2-Ethyl-1,3,3-trimethyl-2-norbornanol",EN,,,Earthy,Rooty,Camphoraceous
97-95-0,2-Ethyl-1-butanol,ETB,,,Fruity,Sweet,Berry
104-76-7,2-Ethyl-1-hexanol,ETH,,,Camphoraceous,Aldehydic,Sweet
15707-23-0,2-Ethyl-3-methylpyrazine,EM2,,,Food Like,Nutty,Corn
28219-61-6,"2-Ethyl-4-(2,2,3-trimethyl-3-cyclopenten-1-yl)-2-buten-1-ol",EY,,,Woody,Sandalwood,Creamy
27538-09-6,2-Ethyl-4-hydroxy-5-methyl-3(2H)-furanone,EF,,,Gourmand,Sweet,Maple
27538-10-9,2-Ethyl-4-hydroxy-5-methylfuran-3(2H)-one,EHM,,,Gourmand,Caramel,Butterscotch
15679-12-6,2-Ethyl-4-methylthiazole,EM3,,,Food Like,Green,Nutty
122795-41-9,2-Ethyl-5-methoxybicyclo[2.2.1]heptane,EM4,,,Citrus,Green,Herbal
13360-64-0,2-Ethyl-5-methylpyrazine,EM5,,,Food Like,Coffee,Roasted
10031-87-5,2-Ethylbutyl acetate,ETA,,,Fruity,Sweet,Floral
88-09-5,2-Ethylbutyric acid,EAC,,,Acidic,Neutral,Pungent
27043-05-6,2-Ethyl-dimethylpyrazine (isomer unspecified),EI,,,Gourmand,Toasted,Nutty
3208-16-0,2-Ethylfuran,Eh,,,Gourmand,Sweet,Malty
123-05-7,2-Ethylhexanal,Ey,,,Fruity,Green,Oily
103-09-3,2-Ethylhexyl acetate,EA2,,,Fruity,Sweet,Berry
64825-20-3,2-Ethylidenedecan-1-al,EAL,,,Aldehydic,Fresh,Mandarin
13925-00-3,2-Ethylpyrazine,El,,,Food Like,Peanut,Cocoa
564-94-3,"2-Formyl-6,6-dimethylbicyclo(3.1.1)hept-2-ene",FD,,,Spicy,Cinnamon,Tonka
59020-90-5,2-Furanmethanethiol formate,FF,,,Sulfurous,Nutty,Coffee
1192-62-7,2-Furyl methyl ketone,FK,,,Gourmand,Sweet,Milky
1392277-05-2,"2H-​2,​4a-​Methanonaphthalen-​1(5H)​-​one, hexahydro-​5,​5-​dimethyl-​2-​propyl-",MD,,,Woody,Amber,Dry
676125-00-1,"2H-​2,​4a-​Methanonaphthalene, 1,​3,​4,​5,​6,​7-​hexahydro-​7-​methoxy-​1,​1,​5,​5-​tetramethyl-",MHM,,,Woody,Vetiver,Grapefruit
1127890-59-8,"2H-​Cyclopenta[b]​furan, hexahydro-​6,​6,​6a-​trimethyl-​2-​(1-​methylpropyl)​-",CF,,,Fruity,Woody,Green
875471-31-1,"2H-​Pyran-​2-​one, tetrahydro-​5-​pentyl-",POT,,,Citrus,Verbena,Green
214335-70-3,"2H-​Pyran-​2-​one, tetrahydro-​5-​propyl-",PYO,,,Gourmand,Coconut,Tobacco
1099648-69-7,"2H-​Pyran-​4-​ol, 2-​(1-​ethylpropyl)​tetrahydro-​4-​methyl-",POE,,,Green,Floral,Verbena
854737-09-0,"2H-​Pyran, 3-​heptyltetrahydro-",PYH,,,Green,Coriander,Aldehydic
60335-74-2,"2H-​Pyran, tetrahydro-​4-​methylene-​2-​phenyl-",PTM,,,Floral,Green,Rose
950919-28-5,"2H-1,5-Benzodioxepin-3(4H)-one, 7-(1-methylethyl)-",BOM,,,Floral,Green,Marine
543-49-7,2-Heptanol,Ht,,,Herbal,Fresh,Lemongrass
110-43-0,2-Heptanone,Ha,,,Herbal,Fruity,Pear
5921-82-4,2-Heptyl acetate,HEA,,,Fruity,Fenugreek,Green
4359-57-3,"2-Heptyl-1,3-dioxolane",HDI,,,Citrus,Orange,Aldehydic
137-03-1,2-Heptylcyclopentanone,Hy,,,Floral,Jasmin,Fruity
39189-74-7,2-Heptylidenecyclopentan-1-one,HON,,,Floral,Fruity,Jasmin
2435-16-7,2-Heptyltetrahydrofuran,Hep,,,Green,Rose,Floral
7541-49-3,"2-Hexadecen-1-ol, 3,7,11,15-tetramethyl-",HOL,,,Floral,Green,Jasmin
626-93-7,2-Hexanol,Hn,,,Herbal,Fruity,Green
2305-21-7,2-Hexen-1-ol,HO2,,,Green,Sharp,Leafy
341017-24-1,"2-Hexen-1-ol, 3-methyl-, 1-acetate",HOM,,,Fruity,Apple,Pear
505-57-7,2-Hexenal,Hex,,,Green,Aldehydic,Floral
165184-98-5,2-Hexyl-(E)-cinnamaldehyde,HEC,,,Floral,Jasmin,Citrus
1708-34-5,"2-Hexyl-1,3-dioxolane",HD2,,,Fruity,Fresh,Green
13074-65-2,2-Hexylcyclopentanone,Hl,,,Floral,Jasmin,Fruity
17373-89-6,2-Hexylidene cyclopentanone,HCY,,,Floral,Jasmin,Green
16429-07-5,2-Hexylidenecyclohexan-1-one,HO3,,,Green,Floral,Muguet
476332-65-7,"2H-Indeno[4,5b] furan, decahydro-2,2,6,6,7,8,8-heptamethyl",IF,,,Amber,Woody,Dry
149713-24-6,"2H-Pyran, tetrahydro-4-methyl-2-phenyl-, (2R,4R)-rel-",PR,,,Floral,Rose,Green
149713-23-5,"2H-Pyran, tetrahydro-4-methyl-2-phenyl-,(2R,4S)-rel",PYT,,,Floral,Rose,Green
118-93-4,2-Hydroxyacetophenone,Hd,,,Balsamic,Phenolic,Honey
42822-86-6,"2-Hydroxy-alpha,alpha,4-trimethylcyclohexanemethanol",αHA,,alpha,Floral,Geranium,Rose
1984-60-7,2-Hydroxyethyl phenoxyacetate,HP,,,Floral,Green,Rose
87-41-2,2-Hydroxymethylbenzoic acid gamma lactone,γHA,,gamma,Tobacco like,Hay,Coconut
24683-00-9,2-Isobutyl-3-methoxypyrazine,ISM,,,Green,Galbanum,Pea
13925-06-9,2-Isobutyl-3-methylpyrazine,IME,,,Gourmand,Caramel,Herbal
63500-71-0,2-Isobutyl-4-methyltetrahydro-2H-pyran-4-ol (Pyranol),IMP,,,Floral,Muguet,Soft
93-19-6,2-Isobutylquinoline,Is,,,Woody,Amber,Dry
18640-74-9,2-Isobutylthiazole,Io,,,Green,Earthy,Metallic
31574-44-4,2-Isopropyl-4-methylanisole,IM2,,,Green,Aromatic,Herbal
15679-13-7,2-Isopropyl-4-methylthiazole,IM3,,,Fruity,Apricot,Peach
35158-25-9,2-Isopropyl-5-methyl-2-hexenal,IMH,,,Herbal,Lavender,Woody
88-69-7,2-Isopropylphenol,Ip,,,Animal like,Phenolic,Woody
24168-70-5,2-Methoxy-3-(1-methylpropyl)pyrazine,MMP,,,Green,Galbanum,Pea
25773-40-4,2-Methoxy-3(5 and 6)-isopropylpyrazine,MAI,,,Gourmand,Chocolate,Ethereal
2847-30-5,2-Methoxy-3-methylpyrazine,MM3,,,Green,Almond,Peanut
93-51-6,2-Methoxy-4-methylphenol,MM4,,,Spicy,Smoky,Vanilla
2785-87-7,2-Methoxy-4-propylphenol,MP2,,,Spicy,Dry,Bayleaf
7786-61-0,2-Methoxy-4-vinylphenol,MEV,,,Spicy,Sweet,Clove
91-63-4,2-Methyl quinoline,MEQ,,,Green,Woody,Medicinal
1569-60-4,2-Methyl-2-hepten-6-ol,MHO,,,Green,Floral,Citrus
623-36-9,2-Methyl-2-pentenal,MP3,,,Herbal,Fresh,Floral
16957-70-3,2-Methyl-2-pentenoic acid,MPA,,,Fruity,Strawberry,Woody
75-65-0,2-Methyl-2-propanol,MP4,,,Aromatic,Camphoraceous,Herbal
68555-63-5,2-Methyl-3-(1-oxopropoxy)-4H-pyran-4-one,MOP,,,Gourmand,Sweet,Strawberry
103-95-7,2-Methyl-3-(p-isopropylphenyl)propionaldehyde,MIP,,,Floral,Green,Cyclamen
32737-14-7,"2-Methyl-3,5 or 6-ethoxypyrazine",MOE,,,Gourmand,Sweet,Nutty
115-18-4,2-Methyl-3-buten-2-ol,MBO,,,Herbal,Earthy,Oily
41496-43-9,2-Methyl-3-tolylpropionaldehyde,MTO,,,Floral,Citrus,Balsamic
28219-60-5,"2-Methyl-4-(2,2,3-trimethyl-3-cyclopenten-1-yl)-2-buten-1-ol",MTC,,,Woody,Sandalwood,Creamy
104864-90-6,"2-Methyl-4-(2,2,3-trimethyl-3-cyclopenten-1-yl)-4-penten-1-ol",MTR,,,Woody,Sandalwood,Pungent
72089-08-8,"2-Methyl-4(2,2,3-trimethyl-3-cyclopentenyl)butanol",MTCB,,,Woody,Sandalwood,Warm
3155-71-3,"2-Methyl-4-(2,6,6-trimethylcyclohex-1-en-1-yl)-2-butenal",MTEY,,,Floral,Violet,Osmanthus
68901-22-4,2-Methyl-4-(camphenyl-8)-cyclohexanone,MCC,,,Animal like,Woody,Amber
33941-99-0,"2-Methyl-4-phenyl-1,3-dioxolane",MPD,,,Animal like,Floral,Jasmin
103-05-9,2-Methyl-4-phenyl-2-butanol,MPB,,,Floral,Rose,Citrus
103-07-1,2-Methyl-4-phenyl-2-butyl acetate,MPH,,,Floral,Rose,Tea
10031-71-7,2-Methyl-4-phenyl-2-butyl isobutyrate,MPBI,,,Fruity,Sweet,Tropical-Fruit
40654-82-8,2-Methyl-4-phenylbutyraldehyde,MP5,,,Floral,Earthy,Musty
92585-24-5,2-Methyl-4-phenylpentanol,MP6,,,Citrus,Grapefruit,Fresh
67715-80-4,"2-Methyl-4-propyl-1,3-oxathiane",MPO,,,Green,Tropical-Fruit,Galbanum
13678-59-6,2-Methyl-5-(methylthio)furan,MF,,,Food Like,Roasted,Coffee
25634-93-9,2-Methyl-5-phenylpentanol,MP7,,,Floral,Rose,Powdery
137-32-6,2-Methylbutanol,Mh,,,Fruity,Fresh,Green
2445-78-5,2-Methylbutyl 2-methylbutyrate,MM5,,,Fruity,Pear,Apple
2445-77-4,2-Methylbutyl 3-methylbutanoate,MM6,,,Fruity,Apple,Pear
624-41-9,2-Methylbutyl acetate,MEA,,,Fruity,Sweet,Banana
51115-64-1,2-Methylbutyl butyrate,MBU,,,Fruity,Apple,Floral
96-17-3,2-Methylbutyraldehyde,My,,,Gourmand,Cocoa,Coffee
19009-56-4,2-Methyldecanal,Met,,,Aldehydic,Citrus,Floral
69300-15-8,2-Methyldecanenitrile,Me2,,,Fruity,Peach,Jasmin
1188-02-9,2-Methylheptanoic acid,MAC,,,Food Like,Waxy,Cheesy
91-57-6,2-Methylnaphthalene,Me3,,,Floral,Sweet,Woody
7786-29-0,2-Methyloctanal,Me4,,,Floral,Rose,Muguet
3142-72-1,2-Methylpent-2-en-1-oic acid,MEN,,,Fruity,Sweet,Strawberry
1838-88-6,2-Methylpent-2-en-1-yl acetate,MEYA,,,Fruity,Pear,Melon
123-15-9,2-Methylpentanal,Me5,,,Fruity,Fresh,Herbal
50607-64-2,2-Methylpentanal-methyl anthranilate (Schiff base),MS,,,Green,Citrus,Floral
90397-38-9,2-Methylpentyl 2-methylvalerate,MM7,,,Fruity,Green,Pear
2445-67-2,2-Methylpropyl 2-methylbutyrate,MM8,,,Fruity,Sweet,Berry
589-59-3,2-Methylpropyl 3-methylbutyrate,MM9,,,Fruity,Apple,Raspberry
5461-06-3,2-Methylpropyl octanoate,MOC,,,Fruity,Green,Oily
10588-10-0,2-Methylpropyl pentanoate,MP8,,,Fruity,Sweet,Tropical-Fruit
109-08-0,2-Methylpyrazine,Me6,,,Food Like,Nutty,Earthy
3188-00-9,2-Methyltetrahydrofuran-3-one,MON,,,Gourmand,Nutty,Caramel
80-59-1,2-Methyl-trans-2-butenoic acid,MBA,,,Spicy,Woody,Caramel
110-41-8,2-Methylundecanal,Me7,,,Aldehydic,Orange,Citrus
68141-17-3,2-Methylundecanal dimethyl acetal,MDA,,,Aldehydic,Lemon,Green
24323-25-9,2-Methylundecanoic acid,MA2,,,Fruity,Waxy,Creamy
97-61-0,2-Methylvaleric acid,MA3,,,Acidic,Sour,Cheesy
127459-79-4,"2-Naphthalenecarboxaldehyde, 5,6,7,8-tetrahydro-3,5,5,6,7,8,8-heptamethyl-",NH,,,Musk like,Earthy,Floral
821-55-6,2-Nonanone,Non,,,Fruity,Floral,Herbal
22104-79-6,2-Nonen-1-ol,NO2,,,Fruity,Oily,Melon
2463-53-8,2-Nonenal,No2,,,Green,Cucumber,Oily
21963-26-8,2-Nonenoic acid gamma-lactone,γNA,,gamma,Fruity,Minty,Coconut
13257-44-8,2-Nonyn-1-al dimethylacetal,NAD,,,Green,Floral,Violet
123-96-6,2-Octanol,On,,,Green,Floral,Leafy
111-13-7,2-Octanone,Oct,,,Green,Mushroom,Banana
4643-27-0,2-Octen-4-one,OO3,,,Fruity,Sweet,Tropical-Fruit
2363-89-5,2-Octenal,Oe,,,Aldehydic,Green,Herbal
60308-76-1,"2-Octenoic acid, 4-ethyl-, (2E)-",OAE,,,Animal like,Leathery,Warm
2345-28-0,2-Pentadecanone,Pe,,,Floral,Oily,Fresh
6032-29-7,2-Pentanol,Pn,,,Gourmand,Fermented,Fruity
107-87-9,2-Pentanone,Pt,,,Fruity,Sweet,Fermented
21016-46-6,"2-Pentenoic acid, 2,4-dimethyl-, ethyl ester, (2E)-",PAD,,,Herbal,Fruity,Green
84560-00-9,2-Pentylcyclopentan-1-ol,PO2,,,Floral,Magnolia,Fruity
4819-67-4,2-Pentylcyclopentan-1-one,PO3,,,Floral,Jasmin,Green
3777-69-3,2-Pentylfuran,Py,,,Fruity,Green,Cocoa
68141-20-8,2-Phenethyl crotonate,PHC,,,Floral,Rose,Neutral
122-99-6,2-Phenoxyethanol,Ph,,,Floral,Rose,Spicy
103-60-6,2-Phenoxyethyl isobutyrate,PHI,,,Floral,Fruity,Rose
23495-12-7,2-Phenoxyethyl propionate,PPR,,,Fruity,Balsamic,Myrrh
4411-89-6,2-Phenyl-2-butenal,PB,,,Gourmand,Honey,Rose
617-94-7,2-Phenyl-2-propanol,PP2,,,Balsamic,Green,Floral
67662-96-8,2-Phenylethyl pivalate,PPI,,,Floral,Rose,Fruity
7460-74-4,2-Phenylethyl valerate,PV,,,Floral,Fruity,Rose
3508-98-3,2-Phenylhexanenitrile,Phe,,,Herbal,Balsamic,Green
93-53-8,2-Phenylpropionaldehyde,Ph2,,,Green,Floral,Rose
90-87-9,2-Phenylpropionaldehyde dimethyl acetal,PDA,,,Floral,Green,Watery
2520-60-7,2-Prenylcyclopentanone,Pr,,,Floral,Jasmin,Warm
90530-04-4,"2-Propanol, reaction products with boron trifluoride and 5-ethylidenebicyclo[2.2.1]hept-",PW,,,Herbal,Citrus,Liquorice 2-ene
56138-10-4,"2-Propen-1-ol, 2-methyl-3-(4-methylphenyl)-, (2E)-",POM,,,Floral,Anisic,Linden
820975-49-3,"2-Propenoic acid, 2-[1-(3,3-dimethylcyclohexyl)ethoxy]-2-methylpropyl ester",PRA,,,Musk like,Fruity,Pear
208041-98-9,2-Propyl heptanenitrile,PRH,,,Floral,Fruity,Jasmin
699-02-5,2-p-Tolylethanol,To,,,Floral,Rose,Cyclamen
14765-30-1,2-sec-Butylcyclohexanone,By,,,Herbal,Minty,Camphoraceous
13491-79-7,2-tert-Butylcyclohexanol,Bl,,,Herbal,Camphoraceous,Minty
1728-46-7,2-tert-Butylcyclohexanone,But,,,Woody,Camphoraceous,Patchouli
88-41-5,2-tert-Butylcyclohexyl acetate,BA2,,,Fruity,Apple,Woody
21662-13-5,2-trans-6-cis-Dodecadienal,Do3,,,Citrus,Green,Fruity
56767-18-1,2-trans-6-trans-Octadienal,Od,,,Aldehydic,Citrus,Green
20407-84-5,2-trans-Dodecenal,Do4,,,Aldehydic,Citrus,Coriander
593-08-8,2-Tridecanone,Tr5,,,Herbal,Fruity,Floral
7774-82-5,2-Tridecenal,Tr6,,,Aldehydic,Mandarin,Orange
1653-30-1,2-Undecanol,Ue,,,Fruity,Oily,Peach
112-12-9,2-Undecanone,Uc,,,Herbal,Floral,Citrus
2463-77-6,2-Undecenal,Und,,,Citrus,Green,Fruity
22629-48-7,2-Undecenenitrile,Un2,,,Green,Citrus,Floral
31906-04-4,3 and 4-(4-Hydroxy-4-methylpentyl)-3-cyclohexene-1-carboxaldehyde,AH,,,Floral,Muguet,Sweet
1577-18-0,"3-​Hexenoic acid, (3E)​-",HAC,,,Food Like,Cheesy,Fruity
85508-08-3,"3-​Pentenoic acid, 2-​methyl-​, hexyl ester",PEA,,,Fruity,Tropical-Fruit,Sweet
40942-73-2,3-(2-Oxopropyl)-2-pentylcyclopentanone,OXP,,,Floral,Jasmin,Fresh
68804-00-2,"3-(4,7,7-Trimethylbicyclo[4.1.0]hept-3-yl)acrylonitrile",THY,,,Floral,Rose,Fresh
68804-02-4,"3-(4,7,7-Trimethylbicyclo[4.1.0]hept-3-ylidene)propiononitrile",THYP,,,Floral,Rose,Fresh
51414-25-6,3-(4-Hydroxy-4-methylpentyl)cyclohex-3-ene-1-carbaldehyde,HMC,,,Floral,Muguet,Aldehydic
15760-18-6,3-(4-Methyl-3-cyclohexenyl)butanol,MCB,,,Floral,Rose,Muguet
68084-04-8,3-(4-Methyl-3-pentenyl)-3-cyclohexene-1-carbonitrile,MPCC,,,Marine,Cooling,Fresh
52475-89-5,3-(4-Methyl-3-pentenyl)cyclohex-3-ene-1-carbaldehyde,MP9,,,Aldehydic,Fresh,Green
6819-19-8,3-(4-Methylcyclohex-3-enyl)-3-butenyl acetate,MEBA,,,Floral,Herbal,Green
3407-42-9,"3-(5,5,6-Trimethylbicyclo[2.2.1]hept-2-yl)cyclohexan-1-ol",THYC,,,Woody,Soft,Sweet
53253-09-1,3-(cis-3-hexenyl)-2-cyclopentenone,HC2,,,Floral,Citrus,Jasmin
142653-61-0,3-(cis-3-Hexenyloxy)propanenitrile,HEP,,,Green,Floral,Violet
59191-78-5,3-(Hydroxymethyl)-2-octanone,HYO,,,Herbal,Sweet,Lavender
67801-33-6,3-(Hydroxymethyl)nonan-2-one,HN,,,Herbal,Lavender,Sweet
51755-66-9,3-(Methylthio)-1-hexanol,MHE,,,Fruity,Pineapple,Mango
51755-85-2,3-(Methylthio)hexyl acetate,MHA,,,Sulfurous,Garlic,Onion
505-10-2,3-(Methylthio)propanol,MP10,,,Sulfurous,Onion,Garlic
3268-49-3,3-(Methylthio)propionaldehyde,MP11,,,Food Like,Vegetable,Fatty
62518-65-4,3-(m-tert-Butylphenyl)-2-methylpropionaldehyde,BUM,,,Floral,Muguet,Sweet
67634-14-4,"3-(o-Ethylphenyl)-2,2-dimethylpropionaldehyde",EDI,,,Floral,Ozonic,Aldehydic
130066-44-3,3(or 4)-(4-Hydroxy-4-methylpentyl)-3-cyclohexene-1-carboxaldehyde,OHM,,,Floral,Muguet,Sweet
7775-00-0,3-(p-Isopropylphenyl)propionaldehyde,ISP,,,Floral,Muguet,Lily
56107-04-1,3-(p-tert-Butylphenyl)-2-methylpropanol,BM2,,,Floral,Lily,Fresh
76649-26-8,"3,​6-​Nonadien-​1-​ol, 1-​acetate",NO3,,,Green,Fresh,Floral
134769-33-8,"3,12-Tridecadienenitrile",Tr7,,,Citrus,Mandarin,Orange
124071-42-7,"3,12-Tridecadienenitrile, (3E)-",Tr8,,,Citrus,Mandarin,Orange
36306-87-3,"3,3,5,5-Tetramethyl-4-ethoxyvinylcyclohexanone",TEE,,,Woody,Amber,Tobacco
67859-96-5,"3,3,5-Trimethylcyclohexyl acetate",TRA,,,Green,Floral,Herbal
67583-77-1,"3,3,5-Trimethylcyclohexyl ethyl ether",TET,,,Green,Herbal,Watery
107898-54-4,"3,3-Dimethyl-5-(2,2,3-trimethyl-3-cyclopenten-1-yl)-4-penten-2-ol",DTR,,,Woody,Sandalwood,Floral
72429-08-4,"3,4,4a,5,8,8a(Or 3,4,4a,7,8,8a)-Hexahydro-3,3,6,7-tetramethyl-1H-2-benzopyran",OHT,,,Citrus,Fresh,Grapefruit
41723-98-2,"3,4,4a,5,8,8a-Hexahydro-3',6-dimethylspiro[1,4-methanonaphtalene-2(1H),2'-oxirane]",HDM,,,Fruity,Rhubarb,Woody
41816-03-9,"3,4,4a,5,8,8a-Hexahydro-3',7-dimethylspiro[1,4-methanonaphthalene-2(1H),2'-oxirane]",HDMO,,,Fruity,Woody,Spicy
86115-11-9,"3,4,5,6,6-Pentamethylhept-3-en-2-one",PEE,,,Woody,Violet,Cedarwood
87118-95-4,"3,4,5,6,6-Pentamethylheptan-2-ol",PO4,,,Woody,Amber,Vetiver
13494-06-9,"3,4-Dimethyl-1,2-cyclopentadione",DIC,,,Gourmand,Caramel,Licorice
632-15-5,"3,4-Dimethylthiophene",Di12,,,Sulfurous,Roasted,Onion
4437-51-8,"3,4-Hexanedione",He2,,,Gourmand,Buttery,Caramel
95-65-8,"3,4-Xylenol",Xn,,,Smoky,Roasted,Earthy
3452-97-9,"3,5,5-Trimethyl-1-hexanol",TH3,,,Herbal,Green,Geranium
116-02-9,"3,5,5-Trimethylcyclohexanol",Tr9,,,Minty,Cooling,Earthy
5435-64-3,"3,5,5-Trimethylhexanal",Tr10,,,Green,Floral,Aldehydic
58430-94-7,"3,5,5-Trimethylhexyl acetate",TA2,,,Citrus,Green,Herbal
81787-06-6,"3,5,6,6-Tetramethyl-4-methyleneheptan-2-ol",TMO,,,Woody,Amber,Dry
81786-75-6,"3,5,6,6-Tetramethyl-4-methyleneheptan-2-one",TEM,,,Woody,Violet,Cedarwood
65416-17-3,"3,5-Diethyl-2,6-dimethylcyclohex-2-en-1-one",DDE,,,Herbal,Warm,Woody
4179-19-5,"3,5-Dimethoxytoluene",Di13,,,Earthy,Nutty,Sweet
13494-07-0,"3,5-Dimethyl-1,2-cyclopentadione",DC2,,,Gourmand,Toffee,Burnt
68039-48-5,"3,5-Dimethylcyclohex-3-ene-1-carbaldehyde",DEC,,,Green,Grassy,Citrus
67634-25-7,"3,5-Dimethylcyclohex-3-ene-1-methyl acetate",DEMA,,,Fruity,Citrus,Grapefruit
67634-16-6,"3,5-Dimethylcyclohexene-1-methanol",DME,,,Floral,Herbal,Green
68213-86-5,"3,5-Dimethylcyclohexylmethyl acetate",DA3,,,Floral,Herbal,Woody
108-68-9,"3,5-Dimethylphenol",Di14,,,Food Like,Coffee,Smoky
68039-40-7,"3,6-Dihydro-2,4-dimethyl-6-phenyl-2H-pyran",DDP,,,Floral,Rose,Geranium
68039-41-8,"3,6-Dihydro-4,6-dimethyl-2-phenyl-2H-pyran",DDPP,,,Herbal,Green,Leafy
60335-71-9,"3,6-Dihydro-4-methyl-2-phenyl-2H-pyran",DMPP,,,Green,Floral,Rose
67801-65-4,"3,6-Dimethyl-3-cyclohexene-1-carboxaldehyde",DC3,,,Green,Grassy,Citrus
60763-42-0,"3,6-Dimethyl-3-octanyl acetate",DO3,,,Floral,Sweet,Fruity
76649-25-7,"3,6-Nonadien-1-ol",NO4,,,Green,Fresh,Violet
6753-98-6,"3,7,10-Humulatriene",Hu,,,Woody,Balsamic,Warm
13877-91-3,"3,7-Dimethyl-1,3,6-octatriene",DO4,,,Herbal,Metallic,Citrus
10339-55-6,"3,7-Dimethyl-1,6-nonadien-3-ol (Ethyllinalool)",DNO,,,Floral,Fresh,Lavender
61931-80-4,"3,7-Dimethyl-1,6-nonadien-3-yl acetate",DNY,,,Floral,Citrus,Fresh
106-21-8,"3,7-Dimethyl-1-octanol",DO5,,,Floral,Rose,Citrus
20780-49-8,"3,7-Dimethyl-1-octanyl acetate",DO6,,,Fruity,Sweet,Honey
61792-11-8,"3,7-Dimethyl-2,6-nonadienenitrile",DIN,,,Citrus,Lemon,Green
624-15-7,"3,7-Dimethyl-2,6-octadien-1-ol",DO7,,,Floral,Rose,Geranium
22418-66-2,"3,7-Dimethyl-2-methylenocta-6-enal",DM2,,,Citrus,Fresh,Floral
55722-59-3,"3,7-Dimethyl-3,6-octadienal",DO8,,,Citrus,Lemon,Rose
18479-54-4,"3,7-Dimethyl-4,6-octadien-3-ol",DO9,,,Floral,Muguet,Fresh
502-47-6,"3,7-Dimethyl-6-octenoic acid",DO10,,,Green,Oily,Floral
41890-92-0,"3,7-Dimethyl-7-methoxyoctan-2-ol",DM3,,,Woody,Soft,Sandalwood
18479-49-7,"3,7-Dimethyloct-1-en-3-ol",DE4,,,Herbal,Floral,Lavender
18479-51-1,"3,7-Dimethyloct-6-en-3-ol",DE5,,,Floral,Citrus,Woody
67601-05-2,"3,7-Dimethyloct-6-enyl acetate",DEA,,,Citrus,Fruity,Geranium
141-25-3,"3,7-Dimethyloct-7-en-1-ol",DE6,,,Floral,Rose,Geranium
22460-95-3,"3,7-Dimethyloct-7-ene-1,6-diol",DED,,,Floral,Rose,Geranium
40188-41-8,"3,7-Dimethyloctanenitrile",Di15,,,Citrus,Lemon,Aldehydic
22810-10-2,"3,7-Dimethyloctyl ethyl ether",DEE,,,Floral,Rose,Citrus
831213-72-0,"3,9-Dimethyl-6-(1-methylethyl)-1,4-dioxaspiro[4.5]decan-2-one",DMDD,,,Minty,Green,Herbal
1315250-65-7,3-[cis-4-(2-methylpropyl)cyclohexyl]propanal,MCP,,,Floral,Muguet,Aldehydic
1315250-67-9,3-[trans-4-(2-methylpropyl)cyclohexyl]propanal,MCY,,,Floral,Muguet,Aldehydic
7158-25-0,"3a,4,4a,5,8,8a,9,9a-Octahydro-4,9:5,8-dimethano-1H-benz[f]indene",ODB,,,Woody,Balsamic,Patchouli
94248-21-2,"3a,4,5,6,7,7a-Hexahydro-2,6(or 3,6)-dimethyl-4,7-methano-1H-inden-5-ol",HOD,,,Aromatic,Fresh,Camphoraceous
67634-20-2,"3a,4,5,6,7,7a-Hexahydro-4,7-methano-1H-inden-5-yl isobutyrate",HY,,,Fruity,Peach,Pineapple
68039-45-2,"3a,4,5,6,7,7a-Hexahydro-4,7-methano-1H-inden-5-yl pivalate",HMI,,,Herbal,Floral,Ozonic
68039-39-4,"3a,4,5,6,7,7a-Hexahydro-4,7-methano-1H-inden-6-yl isobutyrate",HEM,,,Fruity,Pineapple,Peach
68039-44-1,"3a,4,5,6,7,7a-Hexahydro-4,7-methano-1H-inden-6-yl pivalate",HME,,,Fruity,Peach,Apricot
68912-13-0,"3a,4,5,6,7,7a-Hexahydro-4,7-methano-1H-indenyl propionate (mixture of isomers)",HMIP,,,Fruity,Floral,Pear
53018-24-9,"3a,4,5,6,7,7a-Hexahydro-5-methoxy-4,7-methano-1H-indene",HMM,,,Herbal,Lavender,Green
27135-90-6,"3a,4,5,6,7,7a-Hexahydromethoxy-4,7-methano-1H-indene (isomer unspecified)",HMII,,,Green,Nasturtium,Hyacinth
58096-47-2,"3a,7-Methano-3aH-cyclopentacycloocten-3-ol, decahydro-1,1,7-trimethyl-, formate",MAH,,,Woody,Cedarwood,Dry
10599-70-9,"3-Acetyl-2,5-dimethylfuran",AD,,,Gourmand,Coffee,Nutty
136954-25-1,3-Acetylmercaptohexyl acetate,AA,,,Gourmand,Sulfurous,Tropical-Fruit
350-03-8,3-Acetylpyridine,Ay,,,Food Like,Roasted,Waxy
60466-73-1,3-Benzyltetrahydropyran,Bn,,,Citrus,Rhubarb,Green
54992-90-4,"3-Buten-2-one, 4-(2,2,3,6-tetramethylcyclohexyl)-",BOT,,,Woody,Orris,Amber
54992-91-5,"3-Buten-2-one, 4-[2,5,6,6-tetramethyl-1(or 2)-cyclohexen-1-yl]-",BON,,,Floral,Violet,Woody
551-08-6,3-Butylidenephthalide,Bu2,,,Herbal,Celery,Green
66848-40-6,"3-Cyclohexene-1-carbonitrile, 3,5(2,4)-dimethyl-",CD,,,Woody,Warm,Green
21690-43-7,"3-Cyclohexene-1-carbonitrile, 4-(4-methyl-3-pentenyl)-",CCM,,,Ozonic,Fresh,Citrus
815580-59-7,"3-Cyclohexene-1-carboxylic acid, 2,6,6-trimethyl-, methyl ester",CCA,,,Floral,Rose,Fruity
426218-78-2,"3-Cyclohexene-1-methanol, 3(or 4)-methyl-1-(2,2,3-trimethyl-3-cyclopenten-1-yl)-,",CMO,,,Fruity,Fresh,Cassis acid-isomerized
166432-53-7,"3-Cyclopentene-1-butanal, alpha,2,2,3-tetramethyl-.gamma.-methylene",αCB,,alpha,Woody,Sandalwood,Dry
10519-33-2,3-Decen-2-one,DON,,,Green,Oily,Fruity
68083-57-8,3-Dodecenal,Do5,,,Citrus,Mandarin,Orange
13360-65-1,"3-Ethyl-2,5-dimethylpyrazine",ED2,,,Food Like,Nutty,Green
13925-07-0,"3-Ethyl-2,6-dimethylpyrazine",ED3,,,Food Like,Peanut,Nutty
21835-01-8,3-Ethyl-2-hydroxy-2-cyclopenten-1-one,EHC,,,Gourmand,Coffee,Caramel
54491-17-7,3-Ethylhexahydro-2(3H)-benzofuranone,EBE,,,Tobacco like,Hay,Warm
620-17-7,3-Ethylphenol,Eth,,,Food Like,Coffee,Phenolic
536-78-7,3-Ethylpyridine,Et2,,,Green,Leathery,Tobacco
106-35-4,3-Heptanone,He3,,,Fruity,Green,Oily
589-38-8,3-Hexanone,He4,,,Fruity,Sweet,Grape
86460-54-0,"3-Hexanone, 2-methyl-, oxime",HMO,,,Green,Fruity,Apple
851768-51-9,"3-Hexanone, 5-mercapto-5-methyl-",HM2,,,Fruity,Grape,Cassis
544-12-7,3-Hexen-1-ol (isomer unspecified),HOI,,,Green,Fresh,Floral
4440-65-7,3-Hexenal,He5,,,Green,Fruity,Floral
888744-18-1,"3-Hexene, 1-(2-buten-1-yloxy)-, (3Z)-",HBY,,,Green,Fresh,Floral
292605-05-1,"3-Hexene, 1-[(2-methyl-2-propenyl)oxy]- (3Z)-",HMP,,,Green,Fresh,Floral
10094-41-4,3-Hexenyl 2-methylbutanoate,HM3,,,Fruity,Apple,Green
68133-76-6,3-Hexenyl 2-oxopropionate,HOX,,,Green,Oily,Melon
42436-07-7,3-Hexenyl phenylacetate,HPH,,,Green,Floral,Honey
18436-37-8,3-Hexyldihydrofuran-2(3H)-one,HO4,,,Fruity,Floral,Coconut
67633-97-0,3-Mercapto-2-pentanone,MP12,,,Sulfurous,Onion,Vegetable
34300-94-2,3-Mercapto-3-methyl-1-butanol,MMB,,,Food Like,Roasted,Sweet
75832-79-0,3-Mercapto-4-methyl-2-pentanone,MM10,,,Fruity,Blackcurrant,Berry
51755-83-0,3-Mercaptohexanol,Mr,,,Fruity,Tropical-Fruit,Citrus
136954-20-6,3-Mercaptohexyl acetate,MA4,,,Fruity,Tropical-Fruit,Floral
3209-13-0,3-Methoxy-5-cresol,MCR,,,Woody,Mossy,Hay
541-91-3,3-Methyl-1-cyclopentadecanone,MC2,,,Musk like,Powdery,Animal Like
1128-08-1,3-Methyl-2-(n-pentanyl)-2-cyclopenten-1-one,MPCO,,,Floral,Jasmin,Myrrh
68922-13-4,3-Methyl-2-(pentyloxy)cyclopent-2-en-1-one,MP13,,,Floral,Jasmin,Green
113486-29-6,"3-Methyl-2,4-nonedione",MN,,,Fruity,Caramel,Burnt
556-82-1,3-Methyl-2-buten-1-ol,MB2,,,Green,Fruity,Lavender
107-86-8,3-Methyl-2-butenal,MB3,,,Aldehydic,Fruity,Nutty
1191-16-8,3-Methyl-2-butenyl acetate,MB4,,,Fruity,Pear,Green
5205-11-8,3-Methyl-2-butenyl benzoate,MBB,,,Floral,Fruity,Green
68555-58-8,3-Methyl-2-butenyl salicylate,MBS,,,Floral,Herbal,Green
1193-18-6,3-Methyl-2-cyclohexen-1-one,MCO,,,Gourmand,Nutty,Sweet
13074-63-0,3-Methyl-2-pentylcyclopentan-1-one,MP14,,,Floral,Fruity,Jasmin
5205-07-2,3-Methyl-3-butenyl acetate,MB5,,,Fruity,Pear,Apple
67801-29-0,"3-Methyl-4-(2,4,6-trimethyl-3-cyclohexen-1-yl)-3-buten-2-one",MTCY,,,Herbal,Fresh,Celery
65113-95-3,"3-Methyl-5-(2,2,3-trimethyl-3-cyclopenten-1-yl)pent-3-en-2-one",MT2,,,Woody,Floral,Violet
67801-20-1,"3-Methyl-5-(2,2,3-trimethyl-3-cyclopenten-1-yl)pent-4-en-2-ol",MT3,,,Woody,Sandalwood,Milky
63314-79-4,3-Methyl-5-cyclopentadecen-1-one,MC3,,,Musk like,Floral,Powdery
93893-89-1,3-Methyl-5-phenylpent-2-enenitrile,MP15,,,Citrus,Rose,Cinnamon
54089-83-7,3-Methyl-5-phenylpentanenitrile,MP16,,,Citrus,Floral,Waxy
55066-48-3,3-Methyl-5-phenylpentanol,MP17,,,Floral,Rose,Green
3720-16-9,3-Methyl-5-propyl-2-cyclohexen-1-one,MP18,,,Herbal,Spicy,Celery
3842-03-3,3-Methylbutanal diethyl acetal,MED,,,Fruity,Oily,Peach
19329-89-6,3-Methylbutyl 2-hydroxypropionate,MHY,,,Fruity,Creamy,Nutty
10482-55-0,3-Methylbutyl 2-methyl-2-butenoate,MM11,,,Floral,Chamomile,Fruity
27625-35-0,3-Methylbutyl 2-methylbutanoate,MM12,,,Fruity,Berry,Citrus
2050-01-3,3-Methylbutyl 2-methylpropanoate,MM13,,,Fruity,Sweet,Apricot
2050-09-1,3-Methylbutyl valerate,MVA,,,Fruity,Green,Apple
590-86-3,3-Methylbutyraldehyde,Me8,,,Aldehydic,Chocolate,Peach
541-47-9,3-Methylcrotonic acid,MA5,,,Green,Phenolic,Dairy
82356-51-2,3-Methylcyclopentadecenone,Me9,,,Powdery,Warm,Musk Like
765-70-8,"3-Methylcyclopentane-1,2-dione",MDI,,,Gourmand,Licorice,Caramel
85351-07-1,3-Methyldodecanonitrile,Me10,,,Citrus,Orange,Clean
105-43-1,3-Methylpentanoic acid,MA6,,,Acidic,Sharp,Cheesy
53082-58-9,3-Methylpentyl 2-methylisocrotonate,MM14,,,Woody,Floral,Celery
624-51-1,3-Nonanol,No3,,,Green,Herbal,Oily
925-78-0,3-Nonanone,No4,,,Fruity,Floral,Sweet
14309-57-0,3-Nonen-2-one,NON,,,Fruity,Berry,Licorice
589-98-0,3-Octanol,Oc2,,,Earthy,Mushroom,Woody
106-68-3,3-Octanone,Oc3,,,Herbal,Fruity,Mushroom
1669-44-9,3-Octen-2-one,OO4,,,Earthy,Mushroom,Sweet
4864-61-3,3-Octyl acetate,OCA,,,Fruity,Bergamot,Woody
40785-62-4,3-Oxabicyclo[10.3.0]pentadec-6-ene,OPE,,,Musk like,Earthy,Powdery
68611-23-4,"3-Pentanone, 1-(2,6,6-trimethyl-2-cyclohexen-1-yl)-, reaction products with 2-propyn-1-",PTC,,,Animal like,Amber,Leathery ol
122-97-4,3-Phenyl-1-propanol,PP3,,,Floral,Balsamic,Hyacinth
7306-12-9,3-Phenyl-3-buten-1-yl acetate,PBY,,,Anisic,Floral,Balsamic
16251-77-7,3-Phenylbutanal,Ph3,,,Green,Pungent,Foliage
104-53-0,3-Phenylpropionaldehyde,Ph4,,,Green,Melon,Aldehydic
501-52-0,3-Phenylpropionic acid,PAC,,,Floral,Sweet,Spicy
122-72-5,3-Phenylpropyl acetate,PA2,,,Spicy,Balsamic,Cinnamon
122-68-9,3-Phenylpropyl cinnamate,PCI,,,Balsamic,Spicy,Fruity
103-58-2,3-Phenylpropyl isobutyrate,PIS,,,Fruity,Sweet,Balsamic
39067-39-5,3-Propylbicyclo[2.2.1]hept-5-ene-2-carboxaldehyde,PHE,,,Green,Aldehydic,Floral
17369-59-4,3-Propylidenephthalide,Po,,,Herbal,Celery,Sweet
31846-06-7,3-tert-Butylcyclohexyl acetate,BA3,,,Fruity,Apple,Woody
23267-57-4,"4-(1,2-Epoxy-2,6,6-trimethylcyclohexyl)-3-buten-2-one",EPT,,,Floral,Violet,Powdery
66072-32-0,"4-(1,7,7-Trimethylbicyclo[2.2.1]hept-2-yl)-cyclohexanol",TH4,,,Woody,Sandalwood,Balsamic
14576-08-0,4-(1-Methoxy-1-methylethyl)-1-methylcyclohexene,MMM,,,Floral,Neroli,Bergamot
67801-38-1,"4-(2,4,6-Trimethyl-3-cyclohexen-1-yl)-3-buten-2-one",TC3,,,Floral,Violet,Woody
65405-84-7,"4-(2,6,6-Trimethyl-2-cyclohexen)-2-methylbutanal",TC4,,,Woody,Orris,Leathery
60241-53-4,"4-(2,6,6-Trimethylcyclohexyl)-3-methylbutan-2-ol",TRM,,,Woody,Violet,Cedarwood
13215-88-8,"4-(2-Butenylidene)-3,5,5-trimethylcyclohex-2-en-1-one",BTE,,,Tobacco like,Warm,Plum
55418-52-5,"4-(3,4-Methylenedioxyphenyl)-2-butanone",MB6,,,Fruity,Sweet,Raspberry
2057-49-0,4-(3-Phenylpropyl)pyridine,PPY,,,Spicy,Fresh,Green
38462-23-6,"4-(4,8-Dimethylnona-3,7-dienyl)pyridine",DD2,,,Marine,Fresh,Clean
67634-03-1,4-(Isopropyl)-.beta.-methylcyclohexanethanol,βIM,,beta,Floral,Rose,Fresh
63449-95-6,4-(Isopropyl)cyclohexyl propionate,IC,,,Herbal,Green,Fruity
23550-40-5,4-(Methylthio)-4-methyl-2-pentanone,MM15,,,Fruity,Blackcurrant,Green
5471-51-2,4-(p-Hydroxyphenyl)-2-butanone,HYB,,,Fruity,Powdery,Raspberry
104-20-1,4-(p-Methoxyphenyl)-2-butanone,MB7,,,Fruity,Raspberry,Cherry
934534-30-2,"4,​7-​Decadienal",De4,,,Citrus,Aldehydic,Tangerine
1338815-87-4,"4,​7-​Methano-​1H-​indene-​5-​carboxaldehyde, octahydro-​6-​methyl-",MEI,,,Floral,Muguet,Green
129520-41-8,"4,​7-​Methano-​3aH-​indene-​3a-​carboxylic acid, octahydro-​, ethyl ester",MAIC,,,Fruity,Citrus,Floral
1958027-35-4,"4,​8-​Decadienal, (4Z,​8Z)​-",De5,,,Aldehydic,Mandarin,Oily
1882830-62-7,"4,​8-​Undecadienal, (4Z,​8Z)​-",Un3,,,Aldehydic,Coriander,Oily
1882830-61-6,"4,​8-​Undecadienenitrile, (4Z,​8Z)​-",Un4,,,Aldehydic,Oily,Citrus
1801275-28-4,"4,​9-​Dodecadienal, (4Z,​9Z)​-",Do6,,,Aldehydic,Mandarin,Oily
1882830-66-1,"4,​9-​Dodecadienenitrile, (4Z,​9Z)​-",Do7,,,Aldehydic,Waxy,Mandarin
58096-46-1,"4,4,8-Trimethyltricyclo[6.3.1.02,5]dodecan-1-yl formate",TF,,,Woody,Spicy,Peppery
18096-62-3,"4,4a,5,9b-Tetrahydroindeno[1,2-d]-1,3-dioxine",TD3,,,Floral,Earthy,Leathery
51519-65-4,"4,4a,6,7,8,8a-Hexahydro-1,4-methanonaphthalen-5(1H)-one",HM4,,,Herbal,Lavender,Pine
494-90-6,"4,5,6,7-Tetrahydro-3,6-dimethylbenzofuran",TD4,,,Smoky,Nutty,Earthy
76788-46-0,"4,5-Dimethyl-2-ethyl-3-thiazoline",DET,,,Sulfurous,nutty,Vegetable
53498-32-1,"4,5-Dimethyl-2-isobutylthiazole",DII,,,Floral,Green,Geranium
28664-35-9,"4,5-Dimethyl-3-hydroxy-2,5-dihydrofuran-2-one",DHD,,,Gourmand,Caramel,Sweet
675-09-2,"4,6-Dimethyl-2H-pyran-2-one",DPO,,,Gourmand,Caramel,Anisic
36635-35-5,"4,6-Dimethylcyclohex-3-ene-1-carbaldehyde",DE7,,,Green,Grassy,Citrus
74499-58-4,"4,7,7-Trimethyl-2-(3-methyl-2-butenyl)bicyclo[4.1.0]heptan-3-one",TMB,,,Floral,Muguet,Green
6784-08-3,"4,7,7-Trimethyl-6-thiabicyclo[3.2.1]oct-3-ene",TTO,,,Fruity,Citrus,Grapefruit
68398-18-5,"4,7,7-Trimethyl-6-thiabicyclo[3.2.1]octane",TRT,,,Sulfurous,grapefruit,blackcurrant
2550-11-0,"4,7-Dimethyloct-6-en-3-one",DE8,,,Citrus,Grapefruit,Fresh
79771-15-6,"4,7-Methano-1H-inden-5-ol, 3a,4,5,6,7,7a-hexahydrodimethyl-",MIO,,,Aromatic,Fresh,Camphoraceous
26912-64-1,"4,7-Methano-1H-indene, 3a,4,5,6,7,7a-hexahydro- 5(or 6)-(2-propenyloxy)-",MIH,,,Floral,Anisic,Fruity
1339119-15-1,"4,7-Methano-1H-indene-5-acetaldehyde, octahydro-",MIA,,,Floral,Muguet,Green
727414-17-7,"4,7-Methano-1H-indenecarboxaldehyde, 3a,4,5,6,7,7a-hexahydro-, reaction product",MR,,,Woody,Sandalwood,"Oily with Me Et ketone, acid-isomerized, reduced"
67845-50-5,"4,8-Dimethyl-3-7-nonadien-2-ol",DN2,,,Floral,Rose,Lemon
71077-31-1,"4,8-Dimethyl-4,9-decadienal",DD3,,,Floral,Cyclamen,Fresh
40596-76-7,"4,8-Dimethyl-7-nonen-2-ol",DN3,,,Citrus,Lemon,Grapefruit
4166-20-5,"4-Acetoxy-2,5-dimethyl-3(2H)furanone",AF,,,Gourmand,Caramel,Sweet
72207-94-4,4-Acetoxy-3-ethoxybenzaldehyde,ACE,,,Powdery,Vanilla,Creamy
18871-14-2,4-Acetoxy-3-pentyltetrahydropyran,AP,,,Floral,Jasmin,Tea
13171-00-1,"4-Acetyl-6-t-butyl-1,1-dimethylindan",AB,,,Musk like,Powdery,Clean
57371-42-3,4-Allyl-2-methoxyphenyl benzyl ether,AMB,,,Spicy,Clove,Floral
501-92-8,4-Allylphenol,Al,,,Herbal,Thyme,Spicy
562-74-3,4-Carvomenthenol,Ca,,,Herbal,Earthy,Woody
83926-73-2,4-Cyclohexyl-2-methyl-2-butanol,CMB,,,Floral,Coriander,Citrus
35720-57-1,4-Cyclopentadecen-1-one,CYO,,,Musk like,Powdery,Soft
14595-54-1,"4-Cyclopentadecen-1-one, (Z)-",CON,,,Musk like,Powdery,Soft
90411-73-7,"4-Ethyl-6-(2,6,6-trimethylyclohex-2-en-1-yl)hex-2-ene-1,4-diol, cyclized",ETE,,,Herbal,Fresh,Citrus
4748-78-1,4-Ethylbenzaldehyde,Et3,,,Anisic,Almond,Cherry
2785-89-9,4-Ethylguaiacol,Et4,,,Spicy,Phenolic,Woody
1373821-23-8,"4H-​1,​3-​Benzodioxin, hexahydro-​4-​methyl-​2-​(phenylmethyl)​-",BHM,,,Floral,Green,Rose
211299-54-6,"4H-4a,9-Methanoazuleno[5,6-d]-1,3-dioxole, octahydro-2,2,5,8,8,9a-hexamethyl-,",MDO,,,Woody,Amber,"Warm (4aR,5R,7aS,9R)-"
10250-45-0,"4-Heptanol, 2,6-dimethyl-,acetate",HDA,,,Herbal,Galbanum,Bell Pepper
123-19-3,4-Heptanone,He6,,,Fruity,Fermented,Green
6728-31-0,4-Heptenal,He7,,,Green,Fatty,Creamy
18492-65-4,4-Heptenal diethyl acetal,HD3,,,Green,Oily,Cucumber
928-91-6,"4-Hexen-1-ol, (4Z)-",HO5,,,Green,Herbal,Vegetable
58461-27-1,"4-Hexen-1-ol, 5-methyl-2-(1-methylethenyl)-",HOMM,,,Floral,Waxy,Mimosa
498-16-8,"4-Hexen-1-ol, 5-methyl-2-(1-methylethenyl)-, (R)-",HO6,,,Herbal,Warm,Rose
97384-47-9,"4-Hexenenitrile, 2-ethenyl-2,5-dimethyl-",HEE,,,Citrus,Fresh,Green
823178-41-2,"4H-Indeno[4,5-D]-1,3-dioxole, 3a,5,6,7,8,8b-hexahydro-2,2,6,6,7,8,8-heptamethyl-",IDH,,,Amber,Woody,Dry
3658-77-3,"4-Hydroxy-2,5-dimethyl-3(2H)-furanone",HF,,,Gourmand,Caramel,Strawberry
498-02-2,4'-Hydroxy-3'-methoxyacetophenone,HYM,,,Balsamic,Sweet,Vanilla
39212-23-2,4-Hydroxy-3-methyloctanoic acid lactone,HL,,,Tobacco like,Woody,Lovage
591-12-8,4-Hydroxy-3-pentenoic acid lactone,HPA,,,Herbal,Sweet,Anisic
123-08-0,4-Hydroxybenzaldehyde,Hr,,,Woody,Sweet,Almond
96-48-0,4-Hydroxybutanoic acid lactone,HAL,,,Fruity,Chocolate,Peach
831-97-0,4-Isopropyl-.alpha.-methylcinnamaldehyde,αIM,,alpha,Floral,Green,Spicy
14374-92-6,4-Isopropyl-1-methyl-2-propenylbenzene,IM4,,,Green,Carrot,Galbanum
6379-73-3,4-Isopropyl-2-methoxy-1-methylbenzene,IMM,,,Herbal,Spicy,Green
3583-00-4,"4-Isopropyl-5,5-dimethyl-1,3-dioxane",IDD,,,Herbal,Green,Camphoraceous
4621-04-9,4-Isopropylcyclohexanol,Ir,,,Animal like,Floral,Rose
94087-83-9,4-Methoxy-2-methyl-2-butanethiol,MM16,,,Fruity,Sulfurous,Mango
5462-06-6,4-Methoxy-alpha-methylbenzenepropanal,αMEM,,alpha,Anisic,Sweet,Herbal
2403-58-9,4-Methoxybenzaldehyde diethyl acetal,MD2,,,Floral,Hawthorn,Powdery
100-09-4,4-Methoxybenzoic acid,MA7,,,Animal like,Pungent,Leathery
57094-40-3,4-Methyl-1-oxaspiro[5.5]undecan-4-ol,MU,,,Minty,Camphoraceous,Fresh
68228-06-8,4-Methyl-1-oxaspiro[5.5]undecene,MOU,,,Herbal,Camphoraceous,Lavender
67634-23-5,"4-Methyl-2-(1-phenylethyl)-1,3-dioxolane",MP19,,,Green,Hay,Dry
108-10-1,4-Methyl-2-pentanone,MP20,,,Green,Herbal,Fruity
26643-91-4,4-Methyl-2-phenyl-2-pentenal,MP21,,,Gourmand,Cocoa,Nutty
81782-77-6,4-Methyl-3-decen-5-ol,MDE,,,Green,Floral,Fruity
141-79-7,4-Methyl-3-penten-2-one,MP22,,,Green,Earthy,Vegetable
7403-42-1,4-Methyl-4-phenyl-2-pentanone,MP23,,,Woody,Vetiver,Rooty
137-00-8,4-Methyl-5-thiazoleethanol,MTH,,,Gourmand,Milky,Creamy
1759-28-0,4-Methyl-5-vinylthiazole,MVI,,,Gourmand,Nutty,Musty
122760-85-4,"4-Methyl-8-methylenetricyclo[3.3.1.(3,7)]decan-2-yl acetate",MMD,,,Woody,Amber,Vetiver
122-00-9,4'-Methylacetophenone,Me11,,,Floral,Soft,Heliotrope
2216-45-7,4-Methylbenzyl acetate,MA8,,,Floral,Hyacinth,Green
45019-28-1,4-Methylnonanoic acid,MA9,,,Acidic,Animal Like,Dry
54947-74-9,4-Methyloctanoic acid,MA10,,,Acidic,Animal Like,Dry
646-07-1,4-Methylpentanoic acid,MA11,,,Acidic,Gourmand,Pungent
224031-71-4,"4-Penten-1-one, 1-spiro[4.5]dec-6-en-7-yl-",PS,,,Green,Galbanum,Pineapple
224031-70-3,"4-Penten-1-one, 1-spiro[4.5]dec-7-en-7-yl-",POS,,,Green,Galbanum,Pineapple
20962-70-3,"4-Pentenoic acid, 2-acetyl-4-methyl-, ethyl ester",PAA,,,Fruity,Floral,Green
2344-70-9,4-Phenyl-2-butanol,PHB,,,Floral,Peony,Mimosa
17488-65-2,4-Phenyl-3-buten-2-ol,PBO,,,Balsamic,Floral,Fruity
16587-71-6,4-t-Amylcyclohexanone,Amy,,,Woody,Orris,Camphoraceous
2040-10-0,"4'-tert-Butyl-2',6'-dimethylacetophenone",BDI,,,Woody,Powdery,Warm
98-52-2,4-tert-Butylcyclohexanol,Bu3,,,Woody,Camphoraceous,Floral
32210-23-4,4-tert-Butylcyclohexyl acetate,BA4,,,Fruity,Apple,Woody
546-79-2,4-Thujanol,Th,,,Herbal,Minty,Eucalyptus
30168-23-1,4-Tricyclodecylidene butanal,TRB,,,Floral,Muguet,Aldehydic
72881-27-7,5- and 6-Decenoic acid,ADA,,,Gourmand,Sweet,Milky
65113-99-7,"5-(2,2,3-Trimethyl-3-cyclopentenyl)-3-methylpentan-2-ol",TCMO,,,Woody,Sandalwood,Amber
70851-61-5,5-(cis-3-Hexenyl)dihydro-5-methyl-2(3H)furanone,HDMF,,,Gourmand,Milky,Coconut
67633-92-5,"5-(Diethoxymethyl)-3a,4,5,6,7,7a-hexahydro-4,7-methano-1H-indene",DHM,,,Anisic,Fruity,Herbal
68259-31-4,5(Or 6)-Methyl-7(or 8)-(1-methylethyl)bicyclo[2.2.2]oct-5-ene-2-carbaldehyde,OMO,,,Green,Watery,Leafy
85700-02-3,"5,​8-​Methano-​2H-​1-​benzopyran, 6-​ethylideneoctahydro-​, (4aα,​5β,​6E,​8β,​8aα)​-",MB8,,,Fruity,Rhubarb,Woody
34413-35-9,"5,6,7,8-Tetrahydroquinoxaline",Ta,,,Food Like,Roasted,Corn
358331-95-0,"5,6,7-Trimethylocta-2,5-dien-4-one",TD5,,,Fruity,Apple,Sweet
36267-71-7,"5,7-Dihydro-2-methylthieno(3,4-d)pyrimidine",DM4,,,Food Like,Popcorn,Nutty
943723-15-7,"5,8-Methano-2H-1-benzopyran, 6(or 7)-ethylideneoctahydro-, [4aR,5S,8S,8aS(or",MBOE,,,Fruity,Rhubarb,"Floral 4aR,5R,8S,8aR)]-rel-"
85633-08-5,"5,8-Methano-2H-1-benzopyran, 6-ethylideneoctahydro-,",MB9,,,Fruity,Rhubarb,"Woody (4aalpha,5beta,6Z,8beta,8aalpha)-"
85700-01-2,"5,8-Methano-2H-1-benzopyran, 6-ethylideneoctahydro-,",MB10,,,Fruity,Rhubarb,"Woody (4aalpha,5beta,7E,8beta,8aalpha)-"
85633-07-4,"5,8-Methano-2H-1-benzopyran, 6-ethylideneoctahydro-,",MB11,,,Fruity,Rhubarb,"Woody (4aalpha,5beta,7Z,8beta,8aalpha)-"
69486-14-2,"5,8-Methano-2H-1-benzopyran-2-one, 6- ethylideneoctahydro-",MB12,,,Fruity,Floral,Hay
762-26-5,"5,9-Dimethyl-4,8-decadienal",DD4,,,Aldehydic,Marine,Floral
91482-37-0,"5,9-Undecadien-2-ol,6,10-dimethyl-,acetate",UO,,,Citrus,Fruity,Marine
15323-35-0,"5-Acetyl-1,1,2,3,3,6-hexamethylindan",ACH,,,Musk like,Amber,Powdery
68140-48-7,"5-Acetyl-3-isopropyl-1,1,2,6-tetramethylindane",AI,,,Musk like,Fruity,Sweet
68188-98-7,5-Butyl-5-ethyldihydrofuran-2(3H)-one,BEO,,,Fruity,Oily,Peach
67770-79-0,5-Butyl-5-ethyltetrahydro-2H-pyran-2-one,BEP,,,Herbal,Warm,Animal Like
37609-25-9,5-Cyclohexadecen-1-one,CO2,,,Musk like,Floral,Powdery
259854-71-2,"5-Cyclotetradecen-1-one, 3-methyl-, (5Z)-",COM,,,Musk like,Warm,Powdery
259854-70-1,"5-Cyclotetradecen-1-one, 3-methyl-,(5E)-",CO3,,,Musk like,Warm,Powdery
17369-60-7,"5-Ethyl-2,3,4,5-tetramethylcyclohexen-1-one",ETO,,,Gourmand,Caramel,Honey
104-90-5,5-Ethyl-2-methylpyridine,EM6,,,Food Like,Nutty,Potato
698-10-2,5-Ethyl-3-hydroxy-4-methyl-2(5H)-furanone,EHY,,,Gourmand,Popcorn,Butterscotch
73347-77-0,5-Ethylidenebicyclo[2.2.1]hept-2-yl propionate,EHE,,,Floral,Jasmin,Light
23747-48-0,"5H-5-Methyl-6,7-dihydrocyclopenta(b)pyrazine",MDP,,,Earthy,Sweet,Nutty
109-49-9,5-Hexen-2-one,HO7,,,Floral,Green,Fresh
27593-23-3,"5-Hydroxy-2,4-decadienoic acid delta-lactone",δHD,,delta,Tobacco like,Hay,Coconut
10413-18-0,5-Hydroxy-4-methylhexanoic acid delta-lactone,δHM,,delta,Minty,Green,Fruity
25524-95-2,5-Hydroxy-7-decenoic acid delta-lactone,δHA,,delta,Fruity,Jasmin,Apricot
13679-86-2,5-Isopropenyl-2-methyl-2-vinyltetrahydrofuran,IV,,,Green,Herbal,Minty
139539-66-5,"5-Methyl-1-(2,2,3-trimethyl-3-cyclopenten-1-yl)-6-oxabicyclo[3.2.1]octane",MT4,,,Fruity,Blackcurrant,Green
17162-29-7,5-Methyl-2-(1-methylethyl)cyclohexyl lactate,ML,,,Minty,Herbal,Fresh
81925-81-7,5-Methyl-2-hepten-4-one,MH2,,,Food Like,Nutty,Roasted
21834-92-4,5-Methyl-2-phenyl-2-hexenal,MP24,,,Gourmand,Nutty,Roasted
13679-70-4,5-Methyl-2-thiophenecarboxaldehyde,MT5,,,Fruity,Sweet,Almond
38285-49-3,5-Methyl-3-butyltetrahydropyran-4-yl acetate,MBY,,,Floral,Jasmin,Green
541-85-5,5-Methyl-3-heptanone,MH3,,,Herbal,Lavender,Fruity
22457-23-4,5-Methyl-3-heptanone oxime,MH4,,,Green,Leafy,Pungent
4927-36-0,5-Methyl-5-phenyl-3-hexanone,MP25,,,Floral,Rose,Woody
80480-24-6,"5-Methyl-5-propyl-2-(1-methylbutyl)-1,3-dioxan",MPM,,,Green,Plastic,Floral
620-02-0,5-Methylfurfural,Me12,,,Gourmand,Sweet,Caramel
13708-12-8,5-Methylquinoxaline,Me13,,,Gourmand,Nutty,Roasted
2277-20-5,"6-​Nonenal, (6E)​-",No5,,,Aldehydic,Cucumber,Woody
80639-54-9,"6-​Nonenenitrile, (Z)​- (9CI)",NC,,,Green,Oily,Cucumber
68959-28-4,"6-(3Z)-3-hexen-1-yltetrahydro-2H-Pyran-2-one,",HYP,,,Fruity,Peach,Jasmin
502-69-2,"6,10,14-Trimethyl-2-pentadecanone",TP3,,,Floral,Herbal,Jasmin
3796-70-1,"6,10-Dimethyl-5,9-undecadien-2-one",DU,,,Floral,Green,Pear
689-67-8,"6,10-Dimethylundeca-5,9-dien-2-one",DDO,,,Floral,Rose,Sweet
62406-73-9,"6,10-Dioxaspiro[4.5]decane, 8,8-dimethyl-7-(1-methylethyl)-",DDD,,,Woody,Floral,Fruity
67674-46-8,"6,6-Dimethoxy-2,5,5-trimethylhex-2-ene",DTE,,,Citrus,Grapefruit,Green
33885-51-7,"6,6-Dimethylbicyclo[3.1.1]hept-2-ene-2-propionaldehyde",DHEP,,,Marine,Fresh,Herbal
33704-61-9,"6,7-Dihydro-1,1,2,3,3-pentamethyl-4(5H)-indanone",DPI,,,Amber,Woody,Aromatic
70214-77-6,"6,8-Dimethylnonan-2-ol",DO11,,,Floral,Green,Fruity
21145-77-7,"6-Acetyl-1,1,2,4,4,7-hexamethyltetraline",AHE,,,Musk like,Woody,Powdery
24237-00-1,"6-Butyl-2,4-dimethyldihydropyrane",BD2,,,Floral,Geranium,Green
26330-65-4,6-Ethyl-3-methyloct-6-en-1-ol,EMEO,,,Floral,Muguet,Green
93939-86-7,"6-Ethylideneoctahydro-5,8-methano-2H-benzo-1-pyran",EMB,,,Fruity,Green,Berry
34131-98-1,6-Isopropyl-2(1H)-octahydronaphthalenone,ISO,,,Citrus,Grapefruit,Vetiver
135-79-5,6-Isopropylquinoline,Iso,,,Green,Woody,Earthy
62439-41-2,"6-Methoxy-2,6-dimethylheptan-1-al",MD3,,,Marine,Ozonic,Fruity
79-70-9,6-Methyl-.beta.-ionone,βMI,,beta,Floral,Violet,Powdery
1604-28-0,"6-Methyl-3,5-heptadien-2-one",MH5,,,Spicy,Cinnamon,Fruity
110-93-0,6-Methyl-5-hepten-2-one,MH6,,,Herbal,Green,Lavender
91-62-3,6-Methylquinoline,Me14,,,Animal like,Leathery,Tobacco
5949-05-3,"6-Octenal, 3,7-dimethyl-, (3S)-",OCD,,,Citrus,Lemongrass,Citronella
65442-31-1,6-sec-Butylquinoline,Bu4,,,Herbal,Leathery,Smoky
21661-97-2,"7-​Decenal, (7Z)​-",De6,,,Aldehydic,Green,Clean
899810-84-5,"7-​Nonenal, 6,​8-​dimethyl-",NOD,,,Aldehydic,Green,Floral
2550-59-6,7-Cyclohexadecen-1-one,CO4,,,Musk like,Balsamic,Powdery
68311-05-7,7-Isopropyl-5-methylbicyclo[2.2.2]oct-5-ene-2-carbonitrile,IMO,,,Green,Woody,Ozonic
53767-86-5,"7-Methoxy-3,7-dimethyloct-1-ene",MD4,,,Floral,Sweet,Citrus
28940-11-6,"7-Methyl-2H-benzo-1,5-dioxepin-3(4H)-one",MBD,,,Marine,Watery,Fresh
55050-40-3,7-Methyl-3-methyleneoct-6-enal,MM17,,,Citrus,Lemon,Verbena
53219-21-9,"7-Octen-2-ol, 2-methyl-6-methylene-, dihydro deriv.",OOM,,,Citrus,Fresh,Floral
207228-93-1,"7-Propyl-2H-1,5-benzodioxepin-3(4H)-one",PRB,,,Aldehydic,Marine,Ozonic
67634-06-4,8-(sec-Butyl)quinoline,BQ,,,Woody,Leathery,Green
57566-26-4,"8aH-2, 4a-Methanonaphthalen-8a-ol, octahydro-1,1,5,5-tetramethyl-(2S,4aR,8aS)-",AO,,,Earthy,Patchouli,Vetiver
88644-30-8,"8aH-2,4a-Methanonaphthalen-8a-ol, octahydro-1,1,5,5-tetramethyl-",AT,,,Earthy,Patchouli,Vetiver
84681-92-5,"8-Ethyl-1,5-dimethylbicyclo[3.2.1]octan-8-ol",EDO,,,Woody,Patchouli,Dry
338735-71-0,"8H-Indeno(4,5-B)furan,2,3,3a,4,5,5a,6,7,8a,9-decahydro-2,6,6,7,8,8-hexamethyl Mixture",IFD,,,Woody,Amber,Dry of isomers
67845-30-1,8-Isopropyl-6-methylbicyclo[2.2.2]oct-5-ene-2-carbaldehyde,IMOE,,,Green,Fresh,Spicy
39770-04-2,8-Nonenal,No6,,,Green,Aldehydic,Floral
58296-81-4,8-Undecenal,Un5,,,Aldehydic,Floral,Waxy
542-46-1,9-Cycloheptadecen-1-one,CO5,,,Musk like,Animal Like,Soft
13019-22-2,9-Decen-1-ol,DO12,,,Floral,Aldehydic,Rose
35194-30-0,9-Decen-2-one,DO13,,,Fruity,Green,Pineapple
39770-05-3,9-Decenal,De7,,,Aldehydic,Green,Rose
14436-32-9,9-Decenoic acid,DA4,,,Green,Fruity,Oily
50816-18-7,9-Decenyl acetate,DA5,,,Floral,Rose,Sweet
68480-06-8,9-Decenyl propionate,DPR,,,Floral,Rose,Fruity
143-14-6,9-Undecenal,Un6,,,Aldehydic,Green,Clean
131379-26-5,"9-Undecenenitrile, (E)-",Un7,,,Floral,Citrus,Aldehydic
362467-67-2,"a2H-1,5-Benzodioxepin-3(4H)-one,7-7-(3-methylbutyl)-",BO2,,,Marine,Fresh,Citrus
8021-27-0,Abies alba needle oil,AAO,oil,,Herbal,Pine,Woody
8021-28-1,Abies sachalinensis oil,ASO,oil,,Woody,Fresh,Resinous
105-57-7,Acetal,Aa,,,Fruity,Kiwi,Citrus
75-07-0,Acetaldehyde,Ace,,,Fruity,Apple,Aldehydic
3390-12-3,Acetaldehyde cyclic propylene glycol acetal,AC,,,Green,Fruity,Floral
5405-58-3,Acetaldehyde dihexyl acetal,ACD,,,Green,Herbal,Floral
28069-74-1,Acetaldehyde ethyl cis-3-hexenyl acetal,AEH,,,Green,Vegetable,Radish
54484-73-0,Acetaldehyde ethyl hexyl acetal,AET,,,Floral,Green,Muguet
40910-49-4,Acetaldehyde ethyl linalyl acetal,AL,,,Floral,Tropical-Fruit,Herbal
2556-10-7,Acetaldehyde ethyl phenylethyl acetal,AEP,,,Green,Fresh,Floral
72927-85-6,"Acetaldehyde, [(3a,4,5,6,7,7a-hexahydro-4,7-methano-1H-inden-6-yl)oxy]-",AY,,,Fruity,Green,Aldehydic
122-71-4,"Acetaldehyde, diphenethyl acetal",ADI,,,Green,Floral,Rose
100-06-1,Acetanisole,Ac2,,,Powdery,Soft,Mimosa
236391-76-7,"Acetic acid, (1-oxopropoxy)-, 1-(3,3-dimethylcyclohexyl)ethyl ester",ACA,,,Musk like,Warm,Floral
71549-77-4,"Acetic acid, anhydride, reaction products with (1S,3aR,4S,8aS)-decahydro-4,8,8-",AR,,,Woody,Cedarwood,"Sweet trimethyl-9-methylene-1,4-methanoazulene"
144020-22-4,"Acetic acid, anhydride, reaction products with 1,5,10-trimethyl-1,5,9-cyclododecatriene",AAA,,,Woody,Amber,Smoky
862107-86-6,"Acetic acid, anhydride, reaction products with 2-methylbutene dimer, hydrogenated",AAC,,,Woody,Amber,Vetiver
108419-33-6,"Acetic acid, C8-10-branched alkyl esters, C9-rich",AAB,,,Fruity,Green,Earthy
124358-45-8,"Acetic acid, cyano-, reaction products with 10-undecenal",AACR,,,Citrus,Mandarin,Orange
68478-36-4,"Acetic acid, decyl ester, branched",AAD,,,Fruity,Floral,Soapy
69103-01-1,"Acetic acid, esters with turpentine-oil myrcene fraction terpene alcs.",AEO,oil,,Herbal,Lavender,Sage
513-86-0,Acetoin,Ao,,,Food Like,Buttery,Milky
1392276-61-7,"Acetonitrile, 2-​(2,​4,​4-​trimethylcyclopentyl​idene)​-",ATI,,,Spicy,Saffron,Leathery
98-86-2,Acetophenone,Ac3,,,Floral,Sweet,Powdery
54830-99-8,Acetoxydihydrodicyclopentadiene (Mixture of Isomers),AMO,,,Fruity,Green,Anisic
32388-55-9,Acetyl cedrene,ACC,,,Woody,Leathery,Vetiver
600-14-6,Acetyl propionyl,ACP,,,Gourmand,Caramel,Sweet
3608-11-5,Acetylcarene,Ac4,,,Herbal,Woody,Floral
22047-25-2,Acetylpyrazine,Ac5,,,Gourmand,Buttery,Popcorn
85480-47-3,"Acorus calamus, ext., hydrogenated",ACEH,,,Spicy,Herbal,Medicinal
94350-09-1,Agarwood extract,AgE,extract,,Woody,Animal Like,Smoky
958663-49-5,"Agarwood extract, Vietnamese",AVE,extract,,Woody,Animal Like,Smoky
94350-09-1,Agarwood oil,AgO,oil,,Woody,Animal Like,Smoky
1333524-00-7,"Agarwood oil, Indonesia",AIO,oil,,Woody,Animal Like,Smoky
958663-49-5,"Agarwood oil, Vietnamese",AVO,oil,,Woody,Animal Like,Smoky
8001-99-8,Ajowan oil,AjO,oil,,Herbal,Green,Smoky
943609-24-3,"Alcoholic beverages, rum, CO2 extract, nonalc.",ABE,extract,,Fruity,Rum,Fresh
943609-24-3,"Alcoholic beverages, rum, extract, nonalc.",ARE,extract,,Fruity,Rum,Ethereal
943609-24-3,"Alcoholic beverages, rum, nonalc., distillate",ABD,distillate,,Fruity,Rum,Fresh
93821-11-5,"Alcohols, C9-11-branched and linear, C10-rich",ABA,,,Floral,Waxy,Fermented
68526-85-2,"Alcohols, C9-11-iso-, C10-rich",AIR,,,Floral,Fatty,Rose
73049-35-1,"Alcohols, sesquiterpenoidal, citronella-oil",ACO,oil,,Citrus,Floral,Green
130169-57-2,"Aldehydes, C13-15-branched and linear",ALB,,,Aldehydic,Orange,Waxy
84082-36-0,Alfalfa extract,AlE,extract,,Green,Seaweed,Grassy
8006-77-7,Allspice oil,AlO,oil,,Spicy,Sweet,Balsamic
67634-01-9,Allyl (2-methylbutoxy)acetate,AMA,,,Fruity,Pineapple,Green
67634-00-8,Allyl (3-methylbutoxy)acetate,ALM,,,Fruity,Green,Pineapple
68901-15-5,Allyl (cyclohexyloxy)acetate,ALC,,,Herbal,Green,Galbanum
79-78-7,Allyl alpha-ionone,αAI,,alpha,Powdery,Floral,Violet
2051-78-7,Allyl butyrate,ABU,,,Fruity,Pineapple,Green
1866-31-5,Allyl cinnamate,ACI,,,Spicy,Balsamic,Cinnamon
4728-82-9,Allyl cyclohexaneacetate,ACY,,,Fruity,Sweet,Pineapple
2705-87-5,Allyl cyclohexanepropionate,AC2,,,Fruity,Pineapple,Apple
57856-81-2,Allyl decanoate,ALD,,,Fruity,Sweet,Pineapple
2179-57-9,Allyl disulfide,AD2,,,Sulfurous,Onion,Garlic
142-19-8,Allyl heptanoate,ALH,,,Fruity,Pineapple,Green
123-68-2,Allyl hexanoate,AH2,,,Fruity,Sweet,Pineapple
4230-97-1,Allyl octanoate,ALO,,,Fruity,Pineapple,Waxy
7493-74-5,Allyl phenoxyacetate,ALP,,,Green,Fruity,Honey
1797-74-6,Allyl phenylacetate,APH,,,Fruity,Honey,Rum
2408-20-0,Allyl propionate,APR,,,Fruity,Apple,Apricot
592-88-1,Allyl sulfide,AS,,,Sulfurous,Onion,Garlic
68132-80-9,Allyl trimethylhexanoate,ALT,,,Fruity,Pineapple,Spicy
8013-76-1,"Almond oil, bitter",ABO,oil,,Gourmand,Cherry,Almond
65114-03-6,"alpha,2,2,3-tetramethylcyclopent-3-ene-1-butyraldehyde",αTE,,alpha,Woody,Sandalwood,Floral
67634-15-5,"alpha,alpha-Dimethyl-p-ethylphenylpropanal",αADE,,alpha,Ozonic,Floral,Aldehydic
100-86-7,"alpha,alpha-Dimethylphenethyl alcohol",αADA,,alpha,Floral,Fresh,Rose
10094-34-5,"alpha,alpha-Dimethylphenethyl butyrate",αADB,,alpha,Fruity,Floral,Berry
10058-43-2,"alpha,alpha-Dimethylphenethyl formate",αAF,,alpha,Floral,Herbal,Green
67785-77-7,"alpha,alpha-Dimethylphenylethyl propionate",αAP,,alpha,Floral,Sweet,Jasmin
43052-87-5,"alpha-1-(2,6,6-Trimethyl-2-cyclohexen-1-yl)-2-buten-1-one",αTC,,alpha,Floral,Sweet,Berry
60763-41-9,alpha-Amyl cinnamic aldehyde diethyl acetal,αAC,,alpha,Floral,Fruity,Citrus
78605-96-6,alpha-Amyl trans-Cinnamaldehyde,αAMC,,alpha,Floral,Fresh,Citrus
122-40-7,alpha-Amylcinnamaldehyde,αAm,,alpha,Floral,Jasmin,Balsamic
91-87-2,alpha-Amylcinnamaldehyde dimethyl acetal,αAMD,,alpha,Floral,Jasmin,Fruity
68527-78-6,alpha-Amylcinnamaldehyde-methyl anthranilate (Schiff base),αAM,,alpha,Floral,Fresh,Jasmin
101-85-9,alpha-Amylcinnamyl alcohol,αAMA,,alpha,Floral,Jasmin,Citrus
17627-44-0,alpha-Bisabolene,αBs,,alpha,Floral,Soft,Balsamic
7492-44-6,alpha-Butylcinnamaldehyde,αBu,,alpha,Floral,Fruity,Green
469-61-4,alpha-Cedrene,αCe,,alpha,Woody,Cedarwood,Aromatic
10461-98-0,alpha-Cyclohexylidene benzeneacetonitrile,αCYB,,alpha,Floral,Rose,Geranium
502-61-4,alpha-Farnesene,αFa,,alpha,Floral,Woody,Green
3691-12-1,alpha-Guaiene,αGa,,alpha,Woody,Peppery,Balsamic
101-86-0,alpha-Hexylcinnamaldehyde,αHe,,alpha,Floral,Jasmin,Citrus
25312-34-9,alpha-Ionol,αIo,,alpha,Powdery,Floral,Gourmand
127-41-3,alpha-Ionone,αIn,,alpha,Floral,Violet,Fruity
79-69-6,alpha-Irone,αIr,,alpha,Floral,Iris,Violet
7779-78-4,alpha-Isobutylphenethyl alcohol,αIA,,alpha,Balsamic,Floral,warm
127-51-5,alpha-iso-Methylionone,αISM,,alpha,Floral,Violet,Woody
1205-17-0,"alpha-Methyl-1,3-benzodioxole-5-propionaldehyde",αMB,,alpha,Floral,Green,Cyclamen
93-92-5,alpha-Methylbenzyl acetate,αMEA,,alpha,Green,Fruity,Rhubarb
98-85-1,alpha-Methylbenzyl alcohol,αMAL,,alpha,Floral,Fruity,Woody
3460-44-4,alpha-Methylbenzyl butyrate,αMEB,,alpha,Fruity,Berry,Juicy
7775-39-5,alpha-Methylbenzyl isobutyrate,αMI,,alpha,Fruity,Floral,Tropical-Fruit
120-45-6,alpha-Methylbenzyl propionate,αMP,,alpha,Fruity,Floral,Green
101-39-3,alpha-Methylcinnamaldehyde,αMe,,alpha,Spicy,Warm,Sweet
1504-55-8,alpha-Methylcinnamic alcohol,αMA2,,alpha,Floral,Sweet,Oriental
10528-67-3,alpha-Methyl-cyclohexanepropanol,αMC,,alpha,Floral,Muguet,Green
99-83-2,alpha-Phellandrene,αPe,,alpha,Citrus,Lime,Herbal
80-56-8,alpha-Pinene,αPi,,alpha,Herbal,Pine,Camphoraceous
705-73-7,alpha-Propylphenethyl alcohol,αPA,,alpha,Green,Fruity,Earthy
98-55-5,alpha-Terpineol,αTe,,alpha,Herbal,Floral,Pine
80-26-2,alpha-Terpineol acetate,αTA,,alpha,Citrus,Bergamot,Herbal
8038-65-1,Ambergris tincture,AmT,tincture,,Amber,Sweet,Mossy
8015-62-1,Ambrette seed absolute,ASA,absolute,,Musk like,Fruity,Floral
8015-62-1,Ambrette seed extract,ASE,extract,,Musk like,Fruity,Floral
8015-62-1,Ambrette seed oil,AMSO,oil,,Musk like,Fruity,Floral
8015-62-1,Ambrette seed oil,ASEO,oil,,Musk like,Fruity,Floral
8015-62-1,Ambrette tincture,AbT,tincture,,Musk like,Fruity,Floral
71-41-0,Amyl alcohol,AAL,,,Balsamic,Fruity,Light
540-18-1,Amyl butyrate,AB2,,,Fruity,Banana,Pineapple
3487-99-8,Amyl cinnamate,AMC,,,Woody,Balsamic,Sweet
638-49-3,Amyl formate,AMF,,,Fruity,Banana,Green
540-07-8,Amyl hexanoate,AMH,,,Fruity,Sweet,Green
2445-72-9,Amyl isobutyrate,AMI,,,Fruity,Apple,Banana
638-25-5,Amyl octanoate,AOC,,,Fruity,Pineapple,Green
2050-08-0,Amyl salicylate,AMS,,,Floral,Green,Balsamic
2173-56-0,Amyl valerate,AV,,,Fruity,Banana,Pear
67874-72-0,Amylcyclohexyl acetate (mixed isomers),AA2,,,Woody,Herbal,Pine
8015-65-4,Amyris oil,AmO,oil,,Woody,Sandalwood,Warm
68916-14-3,"Amyris oil, acetylated",AMAO,oil,,Woody,Sandalwood,Smoky
8015-65-4,"Amyris oil, rectified",AyO,oil,,Woody,Sandalwood,Warm
104-46-1,Anethole (isomer unspecified),ANI,,,Anisic,Green,Herbal
8015-64-3,Angelica root oil,ARO,oil,,Spicy,Herbal,Amber
8015-64-3,Angelica seed absolute,ANSA,absolute,,Spicy,Peppery,Woody
8015-64-3,Angelica seed extract,ANSE,extract,,Spicy,Pungent,Fresh
8015-64-3,Angelica seed oil,ANSO,oil,,Spicy,Pungent,Fresh
8007-70-3,Anise seed oil,ASO2,oil,,Anisic,Herbal,Liquorice
100-66-3,Anisole,An,,,Floral,Medicinal,Hawthorn
1331-83-5,Anisyl acetate (isomer unspecified),AAI,,,Fruity,Berry,Anisic
105-13-5,Anisyl alcohol,ANA,,,Anisic,Sweet,Licorice
1331-81-3,"Anisyl alcohol (o-,m-,p-)",AA3,,,Anisic,Sweet,Liquorice
122-91-8,Anisyl formate,ANF,,,Spicy,Powdery,Anisic
102-17-0,Anisyl phenylacetate,ANP,,,Fruity,Anisic,Honey
7549-33-9,Anisyl propionate,AP2,,,Fruity,Anisic,Berry
883111-87-3,Apple alcoholate,APA,,,Fruity,Apple,Fresh
883111-87-3,Apple distillate,ApD,distillate,,Fruity,Apple,Fresh
883111-87-3,Apple essence oil,APEO,oil,,Fruity,Apple,Green
883111-87-3,Apple extract,ApE,extract,,Fruity,Apple,Fresh
883111-87-3,"Apple oil, rectified",ApO,oil,,Fruity,Apple,Fresh
883111-87-3,Apple tincture,ApT,tincture,,Fruity,Apple,Fresh
72869-69-3,Apricot absolute,ApA,absolute,,Gourmand,Fruity,Sweet
68991-20-8,Armoise vulgaris oil,ARVO,oil,,Herbal,Fresh,Camphoraceous
84775-75-7,Artemisia herba-alba oil,AHO,oil,,Herbal,Thyme,Camphoraceous
9000-04-8,Asafetida oil,AsO,oil,,Green,Sulfurous,Onion
68916-62-1,Baccartol,Bc,,,Citrus,Floral,Fresh
84082-61-1,Balm leaves extract,BLE,extract,,Citrus,Lemon,Fresh
8007-00-9,"Balsam absolute, Peru",BPA,absolute,,Woody,Balsamic,Vanilla
8007-00-9,"Balsam absolute, Peru, pyrogenated",BPPA,absolute,,Woody,Balsamic,Vanilla
8007-00-9,"Balsam extract, Peru",BPE,extract,,Woody,Balsamic,Vanilla
85085-34-3,Balsam fir oleoresin,BFL,oleoresin,,Woody,Balsamic,Pine
8007-00-9,"Balsam oil, Peru",BPO,oil,,Woody,Balsamic,Vanilla
8007-00-9,"Balsam oil, Peru",BAPO,oil,,Woody,Balsamic,Vanilla
8007-00-9,"Balsam resinoid, Peru",BPR,resinoid,,Woody,Balsamic,Vanilla
8007-00-9,"Balsam, Peru",BAP,,,Woody,Balsamic,Vanilla
8007-47-4,"Balsams, Canada",BCA,,,Balsamic,Fresh,Woody
8015-73-4,"Basil absolute, chemotype linalool",BLA,absolute,,Herbal,Aromatic,Spicy
8015-73-4,"Basil oil, chemotype estragole",BCO,oil,,Herbal,Aromatic,Green
8015-73-4,"Basil oil, chemotype estragole, rectified",BCEO,oil,,Herbal,Aromatic,Green
8015-73-4,"Basil oil, chemotype linalool",BLO,oil,,Herbal,Aromatic,Floral
8015-73-4,"Basil oleoresin, chemotype estragole",BCL,oleoresin,,Herbal,Aromatic,Floral
8006-78-8,"Bay leaves oil, West Indian, rectified",BWO,oil,,Spicy,Warm,Sweet
8006-78-8,"Bay leaves, West Indian, CO2 extract",BWE,extract,,Spicy,Warm,Sweet
8006-78-8,"Bay leaves, West Indian, extract",BIE,extract,,Spicy,Warm,Sweet
8006-78-8,"Bay leaves, West Indian, oil",BIO,oil,,Spicy,Warm,Sweet
68916-05-2,"Bay leaves, West Indian, oil",BLWO,oil,,Spicy,Sweet,Balsamic
68916-05-2,"Bay oil, terpeneless",BaO,oil,,Spicy,Sweet,Balsamic
8021-39-4,Beechwood creosote,BEC,,,Woody,Smoky,Burnt
8012-89-3,Beeswax absolute,BeA,absolute,,Floral,Balsamic,Honey
8012-89-3,Beeswax CO2 extract,BCE,extract,,Floral,Balsamic,Honey
8012-89-3,Beeswax concrete,BeC,concrete,,Floral,Balsamic,Honey
8012-89-3,Beeswax resinoid,BeR,resinoid,,Floral,Balsamic,Honey
100-52-7,Benzaldehyde,Bz,,,Fruity,Cherry,Almond
1125-88-8,Benzaldehyde dimethyl acetal,BDA,,,Floral,Almond,Fruity
37837-44-8,Benzaldehyde methyl anthranilate (Schiff base),BS,,,Floral,Almond,Cherry-Blossom
2568-25-4,Benzaldehyde propylene glycol acetal,BG,,,Floral,Narcissus,Sweet
2186-92-7,"Benzene, 1-​(dimethoxymethyl)​-​4-​methoxy-",BDM,,,Floral,Hawthorn,Jasmin
637-69-4,"Benzene, 1-​ethenyl-​4-​methoxy-",BEM,,,Anisic,Floral,Sweet
68844-97-3,"Benzeneacetaldehyde, 3,4-dimethyl-",BD3,,,Green,Floral,Fresh
130786-09-3,"Benzeneacetonitrile, a-butylidene-, (Z)",BEB,,,Floral,Herbal,Green
2206-94-2,"Benzenemethanol, alpha-methylene-, acetate",αBM,,alpha,Floral,Jasmin,Green
134123-93-6,"Benzenepropanenitrile, 4-ethyl-.alpha.,.alpha.-dimethyl-",αBE,,alpha,Herbal,Marine,Ozonic
56836-93-2,"Benzenepropanol, a,ß-dimethyl-",BD4,,,Floral,Muguet,Soft
65-85-0,Benzoic acid,BEA,,,Herbal,Balsamic,Powdery
67785-76-6,"Benzoic acid, 2-​[(2-​phenylethylidene)​amino]​-​, methyl ester",BAPA,,,Green,Hyacinth,Floral
111753-60-7,"Benzoic acid, 2-((3-(1,3-benzodioxol-5-yl)-2-methylpropylidene)amino)-, methyl ester",BAB,,,Floral,Neroli,Medicinal
14735-72-9,"Benzoic acid, 2-.(..(.(4-methoxyphenyl)methylene.).amino.).-,methyl ester",BAM,,,Floral,Neroli,Sweet
144761-91-1,"Benzoic acid, 2-[(1-hydroxy-3-phenylbutyl)amino], methyl ester",BAH,,,Floral,Neroli,Green
68039-34-9,"Benzoic acid, 2-[[[3-(4-hydroxy-4-methylpentyl)-3-cyclohexen-1-",BAHM,,,Floral,Sweet,"Neroli yl]methylene]amino],methyl ester"
111753-62-9,"Benzoic acid, 2-[[3-(4-methoxyphenyl)-2-methylpropylidene]amino]-, methyl ester",BAMM,,,Floral,Neroli,Marine
873888-84-7,"Benzoic acid, 2-hydroxy-, (3Z)-1-methyl-3-hexen-1-yl ester",BA5,,,Floral,Green,Muguet
51115-63-0,"Benzoic acid, 2-hydroxy-, 2-methylbutyl ester",BA6,,,Floral,Herbal,Woody
22717-57-3,"Benzoic acid, 2-hydroxy-5-methyl-, methyl ester",BA7,,,Fruity,Fresh,Minty
89-71-4,"Benzoic acid, 2-methyl-, methyl ester",BAME,,,Floral,Neroli,Citrus
96682-10-9,"Benzoic acid, 4-​(benzoyloxy)​-​, phenylmethyl ester",BABP,,,Floral,Balsamic,Sweet
119-53-9,Benzoin,Bo,,,Balsamic,Sweet,Vanilla
9000-72-0,"Benzoin CO2 extract, Siam",BSE,extract,,Balsamic,Sweet,Milky
9000-72-0,"Benzoin extract, Siam",BESE,extract,,Balsamic,Sweet,Milky
9000-05-9,"Benzoin extract, Sumatra",BSUE,extract,,Balsamic,Sweet,Vanilla
9000-72-0,"Benzoin gum, Siam",BGS,,,Balsamic,Sweet,Milky
9000-05-9,"Benzoin gum, Sumatra",BEG,,,Balsamic,Sweet,Vanilla
9000-05-9,Benzoin infusion,BI,,,Balsamic,Sweet,Vanilla
9000-72-0,"Benzoin resinoid, Siam",BSR,resinoid,,Balsamic,Sweet,Milky
9000-05-9,"Benzoin resinoid, Sumatra",BESR,resinoid,,Balsamic,Sweet,Vanilla
100-47-0,Benzonitrile,Ben,,,Gourmand,Almond,Nutty
119-61-9,Benzophenone,Be2,,,Floral,Sweet,Herbal
95-16-9,Benzothiazole,Be3,,,Sulfurous,Coffee,Nutty
2094-69-1,"Benzyl 2,2-dimethylpropanoate",BD5,,,Floral,Herbal,Chamomile
2051-96-9,Benzyl 2-hydroxypropionate,BEH,,,Floral,Buttery,Fatty
56423-40-6,Benzyl 2-methylbutyrate,BM3,,,Floral,Fruity,Gardenia
140-11-4,Benzyl acetate,BA8,,,Fruity,Floral,Jasmin
2550-26-7,Benzyl acetone,BA9,,,Floral,Green,Jasmin
100-51-6,Benzyl alcohol,BAL,,,Balsamic,Fruity,Floral
120-51-4,Benzyl benzoate,BBE,,,Balsamic,Fruity,Floral
103-37-7,Benzyl butyrate,BBU,,,Fruity,Apple,Pineapple
103-41-3,Benzyl cinnamate,BCI,,,Spicy,Balsamic,Cinnamon
104-57-4,Benzyl formate,BF,,,Floral,Cherry,Almond
6938-45-0,Benzyl hexanoate,BH2,,,Floral,Jasmin,Apricot
122-73-6,Benzyl isoamyl ether,BEI,,,Balsamic,Anisic,Fruity
103-28-6,Benzyl isobutyrate,BIS,,,Fruity,Apple,Pineapple
103-38-8,Benzyl isovalerate,BI2,,,Floral,Fruity,Animal Like
140-25-0,Benzyl laurate,BL,,,Aldehydic,Waxy,Fatty
100-53-8,Benzyl mercaptan,BM4,,,Sulfurous,Garlic,Vegetable
538-86-3,Benzyl methyl ether,BM5,,,Floral,Ylang,Green
10276-85-4,Benzyl octanoate,BOC,,,Herbal,Fruity,Peach
102-16-9,Benzyl phenylacetate,BPH,,,Honey,Sweet,Floral
122-63-4,Benzyl propionate,BP2,,,Fruity,Floral,Jasmin
118-58-1,Benzyl salicylate,BES,,,Floral,Balsamic,Dry
37526-88-8,Benzyl trans-2-methyl-2-butenoate,BMB,,,Earthy,Mushroom,Balsamic
10361-39-4,Benzyl valerate,BV,,,Fruity,Floral,Apple
622-78-6,Benzylisothiocyanate,Be4,,,Spicy,Medicinal,Horseradish
8007-75-8,Bergamot oil,BeO,oil,,Citrus,Fresh,Floral
68917-80-6,Bergamot oil terpenes,BeP,terpenes,,Citrus,Floral,Fresh
8007-75-8,"Bergamot oil, expressed",BEEO,oil,,Citrus,Fresh,Floral
68648-33-9,"Bergamot oil, furocoumarin free",BFO,oil,,Citrus,Fresh,Floral
8007-75-8,"Bergamot oil, rectified",BrO,oil,,Citrus,Fresh,Floral
8007-75-8,"Bergamot oil, terpeneless",BgO,oil,,Citrus,Fresh,Floral
35044-68-9,"beta-1-(2,6,6-Trimethyl-1-cyclohexen-1-yl)-2-buten-1-one",βTY,,beta,Floral,Rose,Plum
87-44-5,beta-Caryophyllene,βCa,,beta,Spicy,Earthy,Carrot
18794-84-8,beta-Farnesene,βFa,,beta,Floral,Woody,Jasmin
88-84-6,beta-Guaiene,βGu,,beta,Woody,Sweet,Guaicwood
22029-76-1,beta-Ionol,βIn,,beta,Herbal,Violet,Balsamic
14901-07-6,beta-Ionone,βIon,,beta,Floral,Woody,Violet
22030-19-9,beta-Ionyl acetate,βIA,,beta,Fruity,Raspberry,Violet
55066-49-4,beta-Methyl-benzenepentanal,βMB,,beta,Floral,Marine,Citrus
1123-85-9,beta-Methylphenethyl alcohol,βMA,,beta,Floral,Green,Spicy
63449-68-3,beta-Naphthyl anthranilate,βNA,,beta,Floral,Neroli,Grape
93-18-5,beta-Naphthyl ethyl ether,βNE,,beta,Floral,Sweet,Neroli
2173-57-1,beta-Naphthyl isobutyl ether,βNI,,beta,Fruity,Neroli,Strawberry
93-04-9,beta-Naphthyl methyl ether,βNM,,beta,Floral,Neroli,Powdery
514-51-2,beta-Patchoulene,βPa,,beta,Woody,Patchouli,Terpenic
555-10-2,beta-Phellandrene,βPh,,beta,Spicy,Peppery,Citrus
127-91-3,beta-Pinene,βPi,,beta,Herbal,Pine,Lime
60066-88-8,beta-Sinensal,βSi,,beta,Citrus,Mandarin,Aldehydic
464-48-2,"Bicyclo(2.2.1)heptan-2-one, 1,7,7-trimethyl-, (1S)-",BHO,,,Camphoraceous,Herbal,Fresh
116126-82-0,"Bicyclo[2.2.1]hept-5-ene-2-carboxylic acid, 3-(1-methylethyl)-, ethyl ester, (2-exo,3-",BIH,,,Fruity,Banana,Pineapple endo)-
55066-54-1,"Bicyclo[2.2.1]heptan-2-ol, 1,3,3-trimethyl-, benzoate",BHOT,,,Aromatic,Pine,Waxy
137255-07-3,"Bicyclo[2.2.1]heptan-2-ol, 2-ethyl-1,3,3-trimethyl-, (1R,2R,4S)-",BHOE,,,Minty,Earthy,Oily
67800-86-6,"Bicyclo[2.2.1]heptane, 2-ethoxy-1,3,3-trimethyl-",BHET,,,Aromatic,Pine,Woody
862111-34-0,"Bicyclo[2.2.1]heptane, 2-ethyl-6-methoxy-",BHEM,,,Citrus,Green,Herbal
4747-61-9,"Bicyclo[3.1.1]​heptane-​2-​ethanol, 6,​6-​dimethyl-",BHED,,,Floral,Herbal,Ylang
30897-75-7,"Bicyclo[3.1.1]hept-2-ene-2-acetaldehyde, 6,6-dimethyl-",BHEA,,,Aromatic,Pine,Woody
1196-01-6,"Bicyclo[3.1.1]hept-3-en-2-one, 4,6,6-trimethyl-, (1S,5S)-",BHEO,,,Herbal,Camphoraceous,Minty
216970-21-7,"Bicyclo[4,3,1]decane, 3-methoxy-7,7-dimethyl-10-methylene",BID,,,Woody,Grapefruit,Vetiver
92-52-4,Biphenyl,Bi,,,Green,Rose,Geranium
8001-88-5,"Birch tar oil, rectified",BTO,oil,,Woody,Warm,Smoky
26160-83-8,"Bis(hydroxymethyl)tricyclo[5.2.1.02,6]decane",HTD,,,Woody,Musk Like,Sandalwood
1618-26-4,bis-(Methylthio)methane,MM18,,,Sulfurous,Truffle,Garlic
495-62-5,Bisabolene,Bs,,,Spicy,Balsamic,Warm
507-70-0,Borneol,Br,,,Herbal,Camphoraceous,Pine
76-49-3,Bornyl acetate,BOA,,,Woody,Pine,Fruity
76-50-6,Bornyl isovalerate,BOI,,,Woody,Pine,Fruity
8053-33-6,Boronia absolute,BoA,absolute,,Fruity,Blackcurrant,Sweet
68916-76-7,Bran absolute,BrA,absolute,,Amber,Vanilla,Honey
68650-46-4,"Bucchu absolute, betulina",BBA,absolute,,Fruity,Green,Minty
68650-46-4,"Bucchu oil, betulina",BBO,oil,,Fruity,Green,Minty
92346-85-5,"Bucchu oil, crenulata",BUCO,oil,,Green,Minty,Fruity
68650-46-4,"Bucchu oil, rectified, betulina",BUBO,oil,,Fruity,Green,Minty
68650-46-4,"Bucchu resinoid, betulina",BBR,resinoid,,Fruity,Green,Minty
94333-88-7,"Bulnesia sarmienti, ext., acetate",BUS,,,Woody,Vetiver,Cedarwood
959130-05-3,Bursera graveolens wood oil,BGO,oil,,Aromatic,Citrus,Terpenic
406488-30-0,"Butanamide, 2-ethyl-N-methyl-N-(3-methylphenyl)-",BUE,,,Fruity,Tropical-Fruit,Grapefruit
155514-23-1,"Butanoic acid, 2-​methyl-​, 5-​hexen-​1-​yl ester",BAMH,,,Green,Fruity,Pineapple
1266606-26-1,"Butanoic acid, 2-​methyl-​5-​(1-​methylethyl)​cyclopentyl ester",BA10,,,Fruity,Green,Apple
68039-26-9,"Butanoic acid, 2-methyl-, pentyl ester",BAMP,,,Fruity,Apple,Tropical-Fruit
34322-08-2,"Butanoic acid, 2-methyl, S-(1-methylpropyl) ester",BA11,,,Fruity,Sulfurous,Fresh
113889-23-9,"Butanoic acid, 3a,4,5,6,7,7a-hexahydro-4,7-methano-1H-indenyl ester",BA12,,,Fruity,Peach,Woody
91745-88-9,Butter acids,BA13,,,Acidic,Buttery,Waxy
97926-23-3,Butter esters,BE2,,,Gourmand,Creamy,Buttery
109-42-2,Butyl 10-undecenoate,BU,,,Fruity,Buttery,Oily
7785-66-2,Butyl 2-methylcrotonate (E),BM6,,,Floral,Fruity,Herbal
7785-64-0,Butyl 2-methylcrotonate (Z),BM7,,,Fruity,Rose,Wine
6297-41-2,Butyl 2-methylvalerate,BM8,,,Herbal,Chamomile,Floral
123-86-4,Butyl acetate,BA14,,,Fruity,Pear,Pineapple
71-36-3,Butyl alcohol,BA15,,,Fruity,Banana,Pear
7756-96-9,Butyl anthranilate,BAN,,,Floral,Neroli,Green
136-60-7,Butyl benzoate,BUB,,,Floral,Balsamic,Fruity
109-21-7,Butyl butyrate,BB2,,,Fruity,Raspberry,Blueberry
7492-70-8,Butyl butyryllactate,BB3,,,Gourmand,Fruity,Milky
538-65-8,Butyl cinnamate,BUC,,,Balsamic,Spicy,Fruity
592-84-7,Butyl formate,BUF,,,Fruity,Plum,Fermented
626-82-4,Butyl hexanoate,BUH,,,Fruity,Pear,Apple
97-87-0,Butyl isobutyrate,BUI,,,Fruity,Apple,Pear
109-19-3,Butyl isovalerate,BI3,,,Fruity,Apple,Pear
138-22-7,Butyl lactate,BUL,,,Gourmand,Milky,Fatty
2052-15-5,Butyl levulinate,BL2,,,Fruity,Waxy,Caramel
589-75-3,Butyl octanoate,BO3,,,Gourmand,Buttery,Herbal
122-43-0,Butyl phenylacetate,BP3,,,Floral,Fruity,Pear
590-01-2,Butyl propionate,BP4,,,Fruity,Sweet,Banana
2052-14-4,Butyl salicylate,BSA,,,Floral,Neroli,Fruity
544-40-1,Butyl sulfide,BSU,,,Fruity,Rose,Geranium
123-72-8,Butyraldehyde,Bu5,,,Gourmand,Fruity,Chocolate
107-92-6,Butyric acid,BA16,,,Acidic,Gourmand,Cheesy
84012-17-9,Buxus sempervirens absolute,BUSA,absolute,,Woody,Mossy,Liquorice
68188-03-4,Cabreuva oil,CaO,oil,,Woody,Sweet,Balsamic
8002-31-1,Cacao absolute,CaA,absolute,,Gourmand,Chocolate,Powdery
8002-31-1,Cacao extract,CaE,extract,,Gourmand,Chocolate,Powdery
8002-31-1,Cacao infusion and tincture,CIT,tincture,,Gourmand,Chocolate,Powdery
8002-31-1,Cacao oil,CcO,oil,,Gourmand,Chocolate,Powdery
8013-10-3,Cade oil,CdO,oil,,Smoky,Phenolic,Leathery
8013-10-3,Cade oil,CeO,oil,,Smoky,Phenolic,Leathery
8013-10-3,"Cade oil, rectified",CadO,oil,,Smoky,Phenolic,Leathery
29350-73-0,Cadinene,Cd,,,Woody,Cedarwood,Smoky
8008-98-8,Cajuput oil,CjO,oil,,Herbal,Fresh,Aromatic
8015-79-0,Calamus oil,ClO,oil,,Woody,Warm,Spicy
1069136-34-0,Callitropsis nootkatensis oil,CNO,oil,,Woody,Fresh,Earthy
1069136-34-0,"Callitropsis nootkatensis oil, rectified",CANO,oil,,Woody,Fresh,Earthy
68916-73-4,Camellia leaf extract,CLE,extract,,Floral,Green,Tea
68916-73-4,Camillia leaf concentrate,CL,,,Floral,Green,Tea
68916-73-4,Camillia leaf distillate,CLD,distillate,,Floral,Green,Tea
79-92-5,Camphene,Cm,,,Herbal,Camphoraceous,Woody
8008-51-3,"Camphor oil, white",CWO,oil,,Camphoraceous,Fresh,Herbal
8008-51-3,"Camphor oil, white, rectified",CAWO,oil,,Camphoraceous,Fresh,Herbal
68606-83-7,Cananga oil,CnO,oil,,Floral,Spicy,Ylang
8023-77-6,Capsicum oleoresin,CaL,oleoresin,,Spicy,Hay,Tobacco
97675-54-2,Carambola alcoholate,CAA,,,Fruity,Tropical-Fruit,Pear
8000-42-8,Caraway seed oil,CSO,oil,,Herbal,Spicy,Fresh
8000-42-8,"Caraway seed oil, rectified",CASO,oil,,Herbal,Spicy,Fresh
67643-70-3,"Carbamic acid, N,N-dimethyl-, 1-ethenyl-1,5-dimethyl-4-hexen-1-yl ester",CAD,,,Spicy,Fresh,Peppery
8000-66-6,Cardamom seed absolute,CSA,absolute,,Spicy,Aromatic,Metallic
8000-66-6,Cardamom seed CO2 extract,CSE,extract,,Spicy,Aromatic,Metallic
8000-66-6,Cardamom seed distillate,CSD,distillate,,Spicy,Aromatic,Metallic
8000-66-6,Cardamom seed extract,CASE,extract,,Spicy,Aromatic,Metallic
8000-66-6,Cardamom seed oil,CSEO,oil,,Spicy,Aromatic,Metallic
8000-66-6,Cardamon seed,CS,,,Spicy,Aromatic,Metallic
8021-43-0,Carnation absolute,CrA,absolute,,Floral,Carnation,Spicy
79070-15-8,Carob absolute,CoA,absolute,,Woody,Sweet,Fruity
79070-15-8,Carob bean extract,CBE,extract,,Woody,Sweet,Fruity
8015-88-1,Carrot seed,CAS,,,Powdery,Dry,Fruity
8015-88-1,Carrot seed absolute,CASA,absolute,,Powdery,Dry,Fruity
8015-88-1,Carrot seed oil,CSO2,oil,,Powdery,Dry,Fruity
8015-88-1,Carrot seed oil terpenless,CTO,oil,,Powdery,Dry,Fruity
8015-88-1,"Carrot seed oil, rectified",CSO3,oil,,Powdery,Dry,Fruity
499-75-2,Carvacrol,Cr,,,Herbal,Camphoraceous,Thyme
99-48-9,Carveol,Cv,,,Minty,Spearmint,Peppermint
97-42-7,Carvyl acetate,CAC,,,Herbal,Minty,Fresh
97-45-0,Carvyl propionate,CAP,,,Herbal,Minty,Aromatic
57082-24-3,Caryophyllene acetate,CA2,,,Woody,Fruity,Spicy
75975-83-6,Caryophyllene acetylated,CA3,,,Woody,Amber,Vetiver
32214-91-8,Caryophyllene alcohol acetate,CAL,,,Balsamic,Fruity,Woody
1139-30-6,Caryophyllene oxide,CAO,,,Woody,Carrot,Dry
8007-06-5,Cascarilla bark extract,CABE,extract,,Spicy,Woody,Peppery
8007-06-5,Cascarilla bark oil,CBO,oil,,Spicy,Woody,Peppery
8007-80-5,Cassia backs terpenes,CBP,terpenes,,Spicy,Sweet,Cinnamon
8007-80-5,Cassia bark extract,CBAE,extract,,Spicy,Sweet,Cinnamon
8007-80-5,Cassia bark oil,CABO,oil,,Spicy,Woody,Sweet
8007-80-5,Cassia oil,CsO,oil,,Spicy,Sweet,Cinnamon
8007-80-5,"Cassia oil, (low coumarin)",CLO,oil,,Spicy,Sweet,Cinnamon
8007-80-5,"Cassia oil, rectified",CiO,oil,,Spicy,Sweet,Cinnamon
8023-82-3,Cassie absolute,CsA,absolute,,Floral,Fresh,Spicy
97676-19-2,Cassis bud absolute,CBA,absolute,,Fruity,Blackcurrant,Green
97676-19-2,Cassis bud CO2 extract,CCE,extract,,Fruity,Blackcurrant,Green
97676-19-2,Cassis bud oil,CBUO,oil,,Fruity,Blackcurrant,Green
97676-19-2,"Cassis bud oil, terpeneless",CBO2,oil,,Fruity,Blackcurrant,Green
97676-19-2,Cassis essence oil,CEO,oil,,Fruity,Blackcurrant,Green
97676-19-2,Cassis tincture,CaT,tincture,,Fruity,Green,Blackcurrant
871465-49-5,Cassyrane,Cs,,,Fruity,Juicy,Blackcurrant
8023-83-4,Castoreum absolute,CtA,absolute,,Animal like,Leathery,Phenolic
8023-83-4,Castoreum concrete,CaC,concrete,,Animal like,Leathery,Phenolic
8023-83-4,Castoreum extract,CsE,extract,,Animal like,Leathery,Phenolic
8023-83-4,Castoreum resinoid,CaR,resinoid,,Animal like,Leathery,Phenolic
8023-83-4,Castoreum tincture,CsT,tincture,,Animal like,Leathery,Phenolic
8007-20-3,Cedar leaf oil,CELO,oil,,Herbal,Cedarwood,Pungent
91770-83-1,"Cedar leaf oil, China",CCO,oil,,Herbal,Camphoraceous,Pungent
68917-35-1,"Cedar leaf oil, East Canada",CLEO,oil,,Herbal,Fresh,Sharp
8007-20-3,"Cedar leaf oil, rectified",CLO2,oil,,Herbal,Aromatic,Woody
68990-83-0,"Cedarwood extract, Texas",CTE,extract,,Woody,Cedarwood,Powdery
8023-85-6,"Cedarwood extract, Atlas",CAE,extract,,Woody,Sweet,Milky
68990-83-0,"Cedarwood oil (low cedrol), Texas",CLCO,oil,,Woody,Cedarwood,Powdery
61789-42-2,Cedarwood oil acetylated,CEAO,oil,,Woody,Cedarwood,Amber
68608-32-2,Cedarwood oil terpenes,CeP,terpenes,,Woody,Cedarwood,Sandalwood
8023-85-6,"Cedarwood oil, Atlas",CATO,oil,,Woody,Sweet,Milky
8023-85-6,"Cedarwood oil, Atlas, rectified",CAO2,oil,,Woody,Sweet,Milky
1159574-01-2,"Cedarwood oil, Chinese",CECO,oil,,Woody,Cedarwood,Dry
1159574-01-2,"Cedarwood oil, Chinese, rectified",CCHO,oil,,Woody,Cedarwood,Dry
68648-34-0,"Cedarwood oil, epoxidized",CEEO,oil,,Woody,Cedarwood,Amber
68991-36-6,"Cedarwood oil, Himalaya",CHO,oil,,Woody,Cedarwood,Sweet
68916-71-2,"Cedarwood oil, oxidized",COO,oil,,Woody,Cedarwood,Dry
68603-22-5,"Cedarwood oil, terpeneless",CrO,oil,,Woody,Cedarwood,Fresh
68990-83-0,"Cedarwood oil, Texas",CETO,oil,,Woody,Cedarwood,Powdery
68990-83-0,"Cedarwood oil, Texas, rectified",CTEO,oil,,Woody,Cedarwood,Powdery
8000-27-9,"Cedarwood oil, Virginian",CVO,oil,,Woody,Smoky,Creamy
8000-27-9,"Cedarwood oil, Virginian, rectified",CEVO,oil,,Woody,Smoky,Creamy
1159574-01-2,"Cedarwood terpenes, Chinese",CCP,terpenes,,Woody,Balsamic,Floral
8000-27-9,"Cedarwood terpenes, Virginia",CVP,terpenes,,Woody,Smoky,Creamy
13567-39-0,Cedr-8-ene epoxide,CEE,,,Woody,Amber,Cedarwood
11028-42-5,Cedrene,Ce,,,Woody,Cedarwood,Amber
28231-03-0,Cedrenol,Ced,,,Woody,Cedarwood,Amber
30960-39-5,Cedrenone,Ce2,,,Woody,Cedarwood,Powdery
1405-92-1,Cedrenyl acetate,CEA,,,Woody,Soft,Cedarwood
39900-38-4,Cedrenyl formate,CEF,,,Woody,Cedarwood,Floral
77-53-2,Cedrol,Ce3,,,Woody,Soft,Cedarwood
19870-74-7,Cedrol methyl ether,CME,,,Woody,Dry,Amber
77-54-3,Cedryl acetate,CA4,,,Woody,Soft,Sweet
39900-38-4,Cedryl formate,CFO,,,Woody,Cedarwood,Floral
67874-81-1,Cedryl methyl ether,CEM,,,Woody,Amber,Cedarwood
8015-90-5,Celery seed absolute,CESA,absolute,,Herbal,Spicy,Green
8015-90-5,Celery seed CO2 extract,CSCE,extract,,Herbal,Spicy,Green
8015-90-5,Celery seed extract,CESE,extract,,Herbal,Spicy,Green
8015-90-5,Celery seed oil,CESO,oil,,Herbal,Spicy,Green
8015-90-5,Celery seed oleoresin,CSL,oleoresin,,Herbal,Spicy,Green
8002-66-2,Chamomile flower absolute,CFA,absolute,,Herbal,Warm,Sweet
8002-66-2,"Chamomile flower oil, blue",CFBO,oil,,Herbal,Fruity,Medicinal
8002-66-2,"Chamomile flower oil, blue",CHFO,oil,,Herbal,Earthy,Chamomile
8015-92-7,"Chamomile flower oil, Roman",CRO,oil,,Herbal,Aromatic,Fruity
8015-92-7,"Chamomile flower, English, oil",CFEO,oil,,Herbal,Aromatic,Chamomile
68916-68-7,"Chamomile oil, Moroccan",CHMO,oil,,Herbal,Sweet,Fruity
8006-76-6,Champaca absolute,ChA,absolute,,Floral,Fruity,Herbal
8006-76-6,Champaca leaf oil,CHLO,oil,,Floral,Fresh,Gardenia
8006-76-6,Champaca oil,ChO,oil,,Floral,Aromatic,Fresh
68990-12-5,Cinchona bark red extract,CRE,extract,,Woody,Vegetable,Rooty
104-55-2,Cinnamaldehyde,Cin,,,Spicy,Cinnamon,Warm
621-82-9,Cinnamic acid,CIA,,,Balsamic,Sweet,Cinnamon
4364-06-1,Cinnamic aldehyde dimethyl acetal,CADA,,,Green,Spicy,Herbal
8015-91-6,Cinnamon bark CO2 extract,CBCE,extract,,Spicy,Cinnamon,Warm
8015-91-6,Cinnamon bark extract,CIBE,extract,,Spicy,Sweet,Warm
8015-91-6,Cinnamon bark oil,CIBO,oil,,Spicy,Sweet,Warm
97659-68-2,"Cinnamon bark oil, Laos",CBLO,oil,,Spicy,Sweet,Cinnamon
8015-91-6,Cinnamon leaf oil,CILO,oil,,Spicy,Cinnamon,Warm
8015-91-6,"Cinnamon leaf oil, rectified",CLO3,oil,,Spicy,Cinnamon,Warm
8015-91-6,Cinnamon leaf oleoresin,CLL,oleoresin,,Spicy,Cinnamon,Warm
4360-47-8,Cinnamonitrile (isomer unspecified),CI,,,Spicy,Cinnamon,Floral
103-54-8,Cinnamyl acetate,CA5,,,Spicy,Floral,Fruity
104-54-1,Cinnamyl alcohol,CA6,,,Spicy,Balsamic,Cinnamon
5320-75-2,Cinnamyl benzoate,CIB,,,Balsamic,Spicy,Cinnamon
103-61-7,Cinnamyl butyrate,CBU,,,Fruity,Balsamic,Floral
122-69-0,Cinnamyl cinnamate,CIC,,,Spicy,Cinnamon,Fruity
104-65-4,Cinnamyl formate,CIF,,,Balsamic,Spicy,Fruity
103-59-3,Cinnamyl isobutyrate,CII,,,Fruity,Spicy,Balsamic
140-27-2,Cinnamyl isovalerate,CIS,,,Fruity,Spicy,Ethereal
1885-38-7,Cinnamyl nitrile,CN,,,Spicy,Cinnamon,Metallic
103-56-0,Cinnamyl propionate,CIP,,,Spicy,Balsamic,Fruity
71660-03-2,"cis- and trans-p-1(7),8-Menthadien-2-yl acetate",AMY,,,Minty,Herbal,Fresh
23726-94-5,"cis-1-(2,6,6-Trimethyl-2-cyclohexen-1-yl)-2-Buten-1-one",TC5,,,Floral,Rose,Plum
59323-76-1,"cis-2-Methyl-4-propyl-1,3-oxathiane",MP26,,,Fruity,Citrus,Green
7214-18-8,cis-2-tert-Butylcyclohexan-1-ol,BO4,,,Woody,Camphoraceous,Minty
20298-69-5,cis-2-tert-Butylcyclohexyl acetate,BA17,,,Fruity,Apple,Woody
933-48-2,"cis-3,5,5-Trimethylcyclohexan-1-ol",TOL,,,Green,Earthy,Minty
1576-78-9,cis-3-Heptenyl acetate,HA2,,,Fruity,Green,Tropical-Fruit
3681-71-8,cis-3-Hexen-1-yl acetate,HYA,,,Green,Fruity,Pear
6789-80-6,cis-3-Hexenal,He8,,,Green,Grassy,Fruity
928-96-1,cis-3-Hexenol,He9,,,Green,Grassy,Fresh
65405-76-7,cis-3-Hexenyl anthranilate,HAN,,,Fruity,Green,Grape
25152-85-6,cis-3-Hexenyl benzoate,HEB,,,Floral,Green,Balsamic
16491-36-4,cis-3-Hexenyl butyrate,HBU,,,Green,Apple,Pear
68133-75-5,cis-3-Hexenyl cinnamate,HCI,,,Green,Balsamic,Floral
61444-38-0,cis-3-Hexenyl cis-3-hexenoate,HEH,,,Fruity,Green,Pear
33467-73-1,Cis-3-Hexenyl Formate,HEF,,,Green,Fresh,Apple
31501-11-8,cis-3-Hexenyl hexanoate,HHE,,,Fruity,Green,Fresh
41519-23-7,cis-3-Hexenyl isobutyrate,HEI,,,Green,Apple,Pear
35154-45-1,cis-3-Hexenyl isovalerate,HIS,,,Green,Pear,Pear
61931-81-5,cis-3-Hexenyl lactate,HEL,,,Green,Fruity,Tropical-Fruit
67633-96-9,cis-3-Hexenyl methyl carbonate,HM5,,,Green,Fresh,Floral
33467-74-2,cis-3-Hexenyl propionate,HPR,,,Green,Apple,Pear
65405-77-8,cis-3-Hexenyl salicylate,HS,,,Floral,Green,Balsamic
67883-79-8,cis-3-Hexenyl tiglate,HET,,,Green,Vegetable,Earthy
35852-46-1,cis-3-Hexenyl valerate,HV,,,Green,Fruity,Apple
10340-23-5,cis-3-Nonen-1-ol,NO5,,,Green,Cucumber,Oily
13049-88-2,cis-3-Nonenyl acetate,NA2,,,Green,Herbal,Pine
20125-84-2,cis-3-Octen-1-ol,OOL,,,Fruity,Fresh,Melon
94134-03-9,cis-3-Octenyl propionate,OCP,,,Fruity,Pear,Melon
13828-37-0,cis-4-(Isopropyl)cyclohexanemethanol,ISC,,,Floral,Muguet,Fresh
21662-09-9,cis-4-Decen-1-al,DAL,,,Aldehydic,Citrus,Muguet
57074-37-0,cis-4-Decenol,De8,,,Green,Fruity,Oily
4634-89-3,cis-4-Hexenal,He10,,,Aldehydic,Green,Oily
10411-92-4,cis-4-tert-Butylcyclohexyl acetate,BA18,,,Floral,Woody,Violet
64275-73-6,cis-5-Octen-1-ol,OO5,,,Green,Melon,Mushroom
41547-22-2,cis-5-Octenal,Oc4,,,Fruity,Green,Apple
35854-86-5,cis-6-Nonen-1-ol,NO6,,,Fruity,Melon,Green
2277-19-2,cis-6-Nonenal,No7,,,Green,Cucumber,Melon
115-71-9,cis-alpha-Santalol,αSa,,alpha,Woody,Sandalwood,Dry
77-42-9,cis-beta Santalol,βSa,,beta,Woody,Sandalwood,Oily
3338-55-4,cis-beta-Ocimene,βOc,,beta,Floral,Herbal,Sweet
488-10-8,cis-Jasmone,Ja,,,Floral,Jasmin,Spicy
5989-33-3,"cis-Linalool oxide 3,6-oxide",LO,,,Earthy,Floral,Sweet
65418-69-1,cis-Tetrahydro-2-isobutyl-4-methylpyran-4-ol,TIM,,,Floral,Fresh,Green
8016-26-0,Cistus absolute,CiA,absolute,,Amber,Woody,Dry
8016-26-0,Cistus CO2 extract,CICE,extract,,Amber,Woody,Dry
8016-26-0,Cistus concrete,CiC,concrete,,Amber,Woody,Dry
8016-26-0,Cistus extract,CiE,extract,,Amber,Woody,Dry
8016-26-0,Cistus oil,CtO,oil,,Amber,Woody,Dry
8016-26-0,Cistus oil,CuO,oil,,Amber,Woody,Dry
8016-26-0,"Cistus oil, pyrogenated",CPO,oil,,Amber,Woody,Dry
5392-40-5,Citral,Ct,,,Citrus,Lemon,Verbena
7492-66-2,Citral diethyl acetal,CDA,,,Citrus,Fresh,Green
7549-37-3,Citral dimethyl acetal,CID,,,Citrus,Fresh,Green
10444-50-5,Citral propylene glycol acetal,CG,,,Citrus,Sweet,Lemon
67801-47-2,Citral-methylanthranilate (Schiff base),CMS,,,Fruity,Sweet,Lemon
68991-25-3,Citron oil,CoO,oil,,Citrus,Zesty,Lemon
68991-25-3,Citron oil,CitO,oil,,Citrus,Zesty,Lemon
68991-25-3,"Citron oil, rectified",CiO2,oil,,Citrus,Lemon,Lime
8000-29-1,Citronella oil terpenes,CiP,terpenes,,Citrus,Lemon,Herbal
8000-29-1,"Citronella oil, Ceylon type",CCTO,oil,,Citrus,Lemon,Herbal
8000-29-1,"Citronella oil, Java type",CJO,oil,,Citrus,Lemon,Herbal
68916-56-3,"Citronella oil, reduced",CIRO,oil,,Citrus,Lemon,Herbal
106-23-0,Citronellal,Cit,,,Citrus,Lemon,Herbal
67845-42-5,Citronellal methylanthranilate Schiff base,CIM,,,Citrus,Floral,Lemongrass
7492-67-3,Citronelloxyacetaldehyde,Ci2,,,Aldehydic,Floral,Muguet
150-84-5,Citronellyl acetate,CA7,,,Floral,Citrus,Fruity
141-16-2,Citronellyl butyrate,CB2,,,Floral,Rose,Citrus
68039-38-3,Citronellyl crotonate,CCR,,,Floral,Rose,Citrus
60788-25-2,Citronellyl ethyl oxalate,CIE,,,Floral,Rose,Muguet
105-85-1,Citronellyl formate,CF2,,,Fruity,Rose,Citrus
10580-25-3,Citronellyl hexanoate,CH,,,Floral,Green,Rose
97-89-2,Citronellyl isobutyrate,CI2,,,Fruity,Floral,Citrus
68922-10-1,Citronellyl isovalerate,CI3,,,Floral,Honey,Rose
51566-62-2,Citronellyl nitrile,CIN,,,Citrus,Rose,Green
139-70-8,Citronellyl phenylacetate,CPH,,,Floral,Honey,Rose
141-14-0,Citronellyl propionate,CPR,,,Floral,Rose,Fruity
24717-85-9,Citronellyl tiglate,CTI,,,Floral,Fruity,Sweet-Pea
7540-53-6,Citronellyl valerate,CV,,,Floral,Rose,Herbal
91771-50-5,Citrus hystrix extract,CHE,extract,,Citrus,Lime,Fruity
233683-84-6,Citrus junos oil,CIJO,oil,,Citrus,Fruity,Zesty
94266-47-4,Citrus peels extract,CPE,extract,,Citrus,Fruity,Zesty
68608-34-4,Citrus terpenes,CtP,terpenes,,Citrus,Fresh,Lemon
68916-26-7,Civet absolute,CvA,absolute,,Animal like,Indolic,Warm
68916-26-7,Civet tincture,CiT,tincture,,Animal like,Indolic,Warm
8016-63-5,Clary sage absolute,CLSA,absolute,,Herbal,Sage,Woody
8016-63-5,Clary sage absolute,CSAA,absolute,,Herbal,Sage,Woody
8016-63-5,Clary sage extract,CLSE,extract,,Herbal,Sage,Woody
8016-63-5,Clary sage oil,CLSO,oil,,Herbal,Sage,Woody
68917-29-3,Clove bud oil terpenes,CLBP,terpenes,,Spicy,Clove,Dry
8000-34-8,Clove bud absolute,CLBA,absolute,,Spicy,Warm,Woody
8000-34-8,Clove bud extract,CLBE,extract,,Spicy,Warm,Woody
8000-34-8,Clove bud oil,CLBO,oil,,Spicy,Clove,Floral
8000-34-8,Clove leaf oil,CLLO,oil,,Spicy,Woody,Herbal
68917-29-3,Clove leaf oil terpenes,CLP,terpenes,,Spicy,Clove,Warm
8000-34-8,"Clove leaf oil, rectified",CLO4,oil,,Spicy,Woody,Herbal
8000-34-8,Clove stem oil,CSTO,oil,,Spicy,Woody,Herbal
91771-52-7,"Clove, extract, acetylated",CLAE,extract,,Woody,Spicy,Clove
8001-31-8,Coconut absolute,CcA,absolute,,Gourmand,Coconut,Oily
8001-31-8,Coconut extract,CoE,extract,,Gourmand,Coconut,Oily
8001-31-8,Coconut infusion,COI,,,Gourmand,Coconut,Oily
8001-67-0,"Coffee bean, roasted, absolute",CRA,absolute,,Food Like,Coffee,Nutty
8001-67-0,"Coffee bean, roasted, CO2 extract",CBRE,extract,,Food Like,Coffee,Nutty
68916-18-7,"Coffee bean, roasted, extract",COBE,extract,,Food Like,Coffee,Roasted
8001-67-0,Coffee oil,CfO,oil,,Gourmand,Nutty,Roasted
84650-00-0,"Coffee, Coffea arabica, extract",CCAE,extract,,Food Like,Coffee,Nutty
8013-97-6,Copaiba balsam,COB,,,Woody,Balsamic,Spicy
8013-97-6,Copaiba balsam oil,COBO,oil,,Woody,Balsamic,Spicy
8013-97-6,Copaiba balsam oleoresin,CBL,oleoresin,,Woody,Balsamic,Smoky
8013-97-6,Copaiba oil,CpO,oil,,Woody,Balsamic,Smoky
8013-97-6,"Copaiba oil, rectified",CopO,oil,,Woody,Balsamic,Smoky
8008-52-4,Coriander herb oil,COHO,oil,,Spicy,Fresh,Green
8008-52-4,Coriander herb oil terpenless,CHTO,oil,,Spicy,Fresh,Green
8008-52-4,"Coriander herb oil, rectified",CHEO,oil,,Spicy,Fresh,Green
8008-52-4,Coriander oleoresin,CoL,oleoresin,,Spicy,Fresh,Green
8008-52-4,Coriander seed oil,COSO,oil,,Spicy,Fresh,Green
91-64-5,Coumarin,Cu,,,Powdery,Warm,Almond
1319-77-3,Cresol (mixed isomers),Cre,,,Floral,Ylang,Phenolic
8007-87-2,Cubeb oil,CbO,oil,,Spicy,Peppery,Dry
8007-87-2,"Cubeb oil, rectified",CubO,oil,,Spicy,Peppery,Dry
89998-01-6,Cucumber distillate,CuD,distillate,,Green,Cucumber,Fresh
89998-01-6,Cucumber extract,CuE,extract,,Green,Cucumber,Fresh
8014-13-9,Cumin seed oil,CUSO,oil,,Spicy,Woody,Aromatic
1335-44-0,Cuminacetaldehyde,Cum,,,Green,Leafy,Woody
122-03-2,Cuminaldehyde,Cu2,,,Herbal,Spicy,Cumin
13816-33-6,Cuminyl nitrile,CUN,,,Spicy,Cumin,Green
876068-15-4,Curry leaf absolute,CLA,absolute,,Spicy,Green,Aromatic
91-50-9,Cyclamen aldehyde-methyl anthranilate (Schiff base),CAM,,,Floral,Muguet,Neroli
118562-73-5,"Cyclododecaneethanol, .beta.-methyl-",βCM,,beta,Amber,Dry,Woody
59052-82-3,Cyclododecyl formate,CYF,,,Woody,Fresh,Clean
5120-20-7,cyclohexadec-8-en-1-one,CYE,,,Musk like,Balsamic,Powdery
3100-36-5,Cyclohexadec-8-en-1-one mixture of cis and trans isomer,CEN,,,Musk like,Fresh,Floral
5365-06-0,cyclohexadec-8-enone,CE2,,,Musk like,Balsamic,Powdery
2550-52-9,Cyclohexadecanone,Cyc,,,Musk like,Animal Like,Powdery
88642-03-9,Cyclohexadecenone,Cy2,,,Musk like,Balsamic,Powdery
33880-83-0,"Cyclohexane, 1-​ethenyl-​1-​methyl-​2,​4-​bis(1-​methylethenyl)​-​, (1R,​2R,​4S)​-​rel-",CR,,,Herbal,Waxy,Fresh
99-82-1,"Cyclohexane, 1-​methyl-​4-​(1-​methylethyl)​-",CMM,,,Herbal,Woody,Pine
181258-87-7,"Cyclohexane, 1-(1,1-dimethylpropyl)-4-ethoxy-, cis-",CDE,,,Floral,Ozonic,Fresh
181258-89-9,"Cyclohexane, 1-(1,1-dimethylpropyl)-4-ethoxy-, trans-",CYD,,,Ozonic,Metallic,Marine
68845-33-0,"Cyclohexane, 1-ethenyl-1-methyl-2-(1-methylethenyl)-4-(1-methylethyl)-, didehydro",CET,,,Woody,Peppery,Dry derivative
5292-21-7,Cyclohexaneacetic acid,CA8,,,Acidic,Cheesy,Food like
2511-00-4,"Cyclohexaneacetic acid, .alpha.-methyl-, ethyl ester",αCA,,alpha,Fruity,Green,Pear
23059-38-3,"Cyclohexanecarboxylic acid, 1,4-dimethyl-, methyl ester, cis-",CADM,,,Herbal,Pine,Minty
23250-42-2,"Cyclohexanecarboxylic acid, 1,4-dimethyl-, methyl ester, trans-",CA9,,,Green,Pine,Herbal
22471-55-2,"Cyclohexanecarboxylic acid, 2,2,6-trimethyl-, ethyl ester, (1R,6S)-rel-",CAT,,,Fruity,Rose,Amber
7605-52-9,"Cyclohexanecarboxylic acid, 3-methyl, methyl ester, (1R,3S)-rel-",CAME,,,Fruity,Raspberry,Green
4802-20-4,"Cyclohexaneethanethiol, 3-mercapto-b,4-dimethyl-",CMD,,,Sulfurous,Grapefruit,Green
21722-83-8,Cyclohexaneethyl acetate,CA10,,,Floral,Rose,Fruity
68480-15-9,"Cyclohexanemethanol, 2,4-dimethyl-",CDI,,,Floral,Minty,Earthy
20009-20-5,"Cyclohexanemethanol, 4-(acetyloxy)-a,a,4-trimethyl-, acetate",CATA,,,Citrus,Woody,Fresh
95851-08-4,"Cyclohexanepropanol, 2,2,3,6-tetramethyl-a-propyl-",CTP,,,Woody,Amber,Warm
60241-52-3,"Cyclohexanepropanol, a-ethyl-2,2,6-trimethyl-",CE3,,,Woody,Cedarwood,Violet
699-61-6,"Cyclohexanepropionic acid, 1-hydroxy-, g-lactone",CAH,,,Fruity,Hay,Floral
108-93-0,Cyclohexanol,Cy3,,,Camphoraceous,Minty,Earthy
23950-98-3,"Cyclohexanol, 2-methoxy-4-propyl-",CMP,,,Herbal,Basil,Parsley
38649-18-2,"Cyclohexanol, 5-methyl-2-(1-methylethyl)-, 1-benzoate, (1R,2S,5R)-rel-",CMMB,,,Floral,Ylang,Jasmin
2230-87-7,"Cyclohexanol, 5-methyl-2-(1-methylethyl)-, acetate, (1a,2a,5b)-",CMMA,,,Minty,Fresh,Green
830322-14-0,"Cyclohexanol,4-(3-methylbutyl)-",CM2,,,Floral,Rose,Citrus
108-94-1,Cyclohexanone,Cy4,,,Aromatic,Minty,Floral
6413-26-9,"Cyclohexanone 1,3-butylene glycol ketal",CK,,,Herbal,Eucalyptus,Artemisia
1670-47-9,Cyclohexanone diethyl ketal,CDK,,,Fruity,Tobacco,Woody
59471-80-6,"Cyclohexanone, 2-​methyl-​5-​(1-​methylethyl)​-",CM3,,,Minty,Caraway,Spearmint
55739-89-4,"Cyclohexanone, 2-ethyl-4,4-dimethyl-",CED,,,Herbal,Lavender,Fresh
5524-05-0,"Cyclohexanone, 2-methyl-5-(1-methylethenyl)-, (2R,5R)-",CM4,,,Minty,Herbal,Menthol
19096-86-7,"Cyclohexanone,5-methyl-2-(1-methylethyl)-,oxime",CMMO,,,Floral,Green,Aldehydic
68084-52-6,"Cyclohexenecarboxaldehyde, dimethyl-",CD2,,,Green,Grassy,Citrus
622-45-7,Cyclohexyl acetate,CA11,,,Fruity,Floral,Green
1551-44-6,Cyclohexyl butyrate,CB3,,,Fruity,Apple,Pineapple
65405-69-8,Cyclohexyl cyclopent-2-ene-1-acetate,CYC,,,Woody,Vetiver,Grapefruit
4927-39-3,Cyclohexyl methyl pentanone,CM5,,,Woody,Vetiver,Fresh
42288-75-5,Cyclohexyl phenylacetate,CYP,,,Floral,Honey,Rose
25485-88-5,Cyclohexyl salicylate,CYS,,,Floral,Ylang,Green
87731-18-8,Cyclooct-4-en-1-yl methyl carbonate,CY,,,Floral,Violet,Green
502-72-7,Cyclopentadecanone,Cy5,,,Musk like,Powdery,Animal Like
1266606-13-6,"Cyclopentaneacetonit​rile, 2,​4,​4-​trimethyl-​α-​methylene-",CRT,,,Fruity,Green,Woody
72402-00-7,"Cyclopentanol, 1,2-dimethyl-3-(1-methylethenyl)-",CDM,,,Herbal,Camphoraceous,Citrus
94346-09-5,"Cyclopentanol, 1,2-dimethyl-3-(1-methylethenyl)-, acetate",CDMA,,,Herbal,Woody,Warm
1245725-35-2,"Cyclopentanol, 2-​methyl-​5-​(1-​methylethyl)​-​, 1-​propanoate",CMMP,,,Fruity,Floral,Green
34686-67-4,"Cyclopentanol, 2-(2-hexen-1-yl)-",CHY,,,Floral,Jasmin,Banana
120-92-3,Cyclopentanone,Cy6,,,Minty,Powdery,Dry
188570-78-7,"Cyclopropanecarboxylic acid, (3Z)-3-hexenyl ester",CAHE,,,Green,Fresh,Fruity
477218-42-1,"Cyclopropanecarboxylic acid, 2-[1-(3,3-dimethylcyclohexyl)ethoxy]-2-methylpropyl",CADE,,,Musk like,Fruity,Sweet ester
676532-44-8,"Cyclopropanecarboxylic acid, 2-methyl-2-[(1,2,4-trimethyl-2-penten-1-yl)oxy]propyl",CAMT,,,Musk like,Fruity,Berry ester
198404-98-7,"Cyclopropanemethanol, 1-methyl-2-[(1,2,2-trimethylbicyclo[3.1.0]hex-3-yl)methyl]-",CMT,,,Woody,Sandalwood,Creamy
94333-69-4,"Cymbopogon nardus, ext., reaction products with acetone",CNE,,,Citrus,Verbena,Herbal
84238-19-7,"Cymbopogon, ext., oxidized",CEX,,,Spicy,Ginger,Carnation
8013-86-3,Cypress,Cp,,,Woody,Fresh,Herbal
8013-86-3,Cypress oil,CyO,oil,,Woody,Pine,Herbal
68916-59-6,"Cypress oil, terpene-free",CypO,oil,,Woody,Resinous,Peppery
68916-60-9,Cypriol oil,CyO2,oil,,Woody,Earthy,Amber
68916-60-9,"Cypriol oil, rectified",CyO3,oil,,Woody,Earthy,Amber
69-79-4,"D-​Glucose, 4-​O-​α-​D-​glucopyranosyl-",dGG,,d,Gourmand,Sweet,Fruity
491-07-6,"d,l-Isomenthone",dlIs,,dl,Herbal,Fresh,Minty
7705-14-8,"d,l-Limonene (isomer unspecified)",dlLI,,dl,Citrus,Fresh,Herbal (6876-12-6)
1490-04-6,"d,l-Menthol (isomer unspecified)",dlMI,,dl,Minty,Fresh,Cooling
63187-91-7,"d,l-Menthone 1,2-glycerol ketal",dlMG,,dl,Minty,Cooling,Sweet
59-51-8,"D,L-Methionine",dlMe,,dl,Sulfurous,Acidic,Dry
7785-70-8,d-.alpha.-Pinene,dαPi,,dalpha,Herbal,Terpenic,Aromatic
7785-53-7,d-.alpha.-Terpineol,dαTe,,dalpha,Herbal,Floral,Pine
1195-92-2,"d-8-p-Menthene-1,2-epoxide",dME,,d,Citrus,Minty,Fresh
7785-54-8,d-alpha-Terpineol acetate,dαTA,,dalpha,Floral,Sweet,Fresh
8016-03-3,Davana oil,DaO,oil,,Fruity,Sweet,Herbal
464-49-3,d-Camphor,dCa,,d,Minty,Camphoraceous,Menthol
2244-16-8,d-Carvone,dCr,,d,Herbal,Fresh,Spicy
25225-10-9,d-Cyclocitronellene acetate,dCA,,d,Floral,Rose,Fruity
825-51-4,Decahydro-beta-naphthol,βDN,,beta,Floral,Muguet,Clean
10519-11-6,Decahydro-beta-naphthyl acetate,βDA,,beta,Woody,Fruity,Floral
10519-12-7,Decahydro-beta-naphthyl formate,βDF,,beta,Woody,Dry,Floral
68480-11-5,"Decahydrospiro[furan-2(3H),5'-[4,7]methano[5H]indene]",DFM,,,Citrus,Dry,Grapefruit
112-31-2,Decanal,De9,,,Aldehydic,Orange,Green
7779-41-1,Decanal dimethyl acetal,DDA,,,Floral,Waxy,Citrus
67874-67-3,Decanal-methylanthranilate (Schiff base),DMS,,,Floral,Fresh,Oily
1975-78-6,Decanenitrile,De10,,,Citrus,Tropical-Fruit,Green
334-48-5,Decanoic acid,DA6,,,Acidic,Creamy,Buttery
112-17-4,Decyl acetate,DA7,,,Fruity,Floral,Apple
7289-52-3,Decyl methyl ether,DM5,,,Ozonic,Fresh,Clean
5454-19-3,Decyl propionate,DP2,,,Fruity,Oily,Pear
68606-82-6,Deer tongue pyrogenated,DTP,,,Powdery,Coumarin,Tobacco
68606-82-6,Deertongue leaf absolute,DLA,absolute,,Powdery,Coumarin,Tobacco
68606-82-6,Deertongue leaf extract,DLE,extract,,Powdery,Coumarin,Tobacco
68606-82-6,Deertongue leaf incolore,DL,,,Powdery,Coumarin,Tobacco
57378-68-4,"delta-1-(2,6,6-Trimethyl-3-cyclohexen-1-yl)-2-buten-1-one",δTC,,delta,Fruity,Apple,Rose
13466-78-9,delta-3-Carene,δCa,,delta,Herbal,Green,Pine
705-86-2,delta-Decalactone,δDe,,delta,Gourmand,Creamy,Coconut
713-95-1,delta-Dodecalactone,δDo,,delta,Fruity,Milky,Nutty
823-22-3,delta-Hexalactone,δHe,,delta,Fruity,Coconut,Creamy
698-76-0,delta-Octalactone,δOc,,delta,Fruity,Coconut,Minty
2721-22-4,delta-Tetradecalactone,δTe,,delta,Fruity,Creamy,Coconut
710-04-3,delta-Undecalactone,δUn,,delta,Fruity,Peach,Creamy
4695-62-9,d-Fenchone,dFe,,d,Herbal,Camphoraceous,Aromatic
431-03-8,Diacetyl,Dia,,,Food Like,Buttery,Creamy
103-50-4,Dibenzyl ether,DE9,,,Powdery,Sweet,Floral
72903-27-6,"Diethyl 1,4-cyclohexane dicarboxylate",DCD,,,Fruity,Raspberry,Apple
96-22-0,Diethyl ketone,DK,,,Fruity,Apple,Light
105-53-3,Diethyl malonate,DMA,,,Fruity,Green,Apple
123-25-1,Diethyl succinate,DIS,,,Fruity,Apple,Pear
68845-36-3,Diethyldimethylcyclohex-2-en-1-one,DE10,,,Herbal,Warm,Woody
19139-31-2,Dihexyl fumarate,DIF,,,Floral,Green,Magnolia
32480-08-3,Dihydro farnesal,DFA,,,Aldehydic,Green,Floral
26252-11-9,Dihydro-.beta.-terpinyl acetate,βDT,,beta,Herbal,Pine,Minty
13720-12-2,Dihydro-.gamma.-ionone,γDI,,gamma,Woody,Amber,Earthy
33673-62-0,Dihydro-4-methyl-5-pentylfuran-2(3H)-one,DMPO,,,Floral,Lactonic,Tuberose
31499-72-6,Dihydro-alpha-ionone,αDI,,alpha,Floral,Orris,Woody
498-81-7,Dihydro-alpha-terpineol,αDT,,alpha,Floral,Citrus,Pine
80-25-1,Dihydro-alpha-terpinyl acetate,αDA,,alpha,Citrus,Floral,Fresh
3293-47-8,Dihydro-beta-ionol,βDI,,beta,Woody,Floral,Amber
17283-81-7,Dihydro-beta-ionone,βDII,,beta,Floral,Orris,Cedarwood
619-01-2,Dihydrocarveol (isomer unspecified),DI2,,,Aromatic,Spearmint,Herbal
38049-26-2,"Dihydrocarveol (R,R,R)",Dy,,,Woody,Sweet,Balsamic
20777-49-5,Dihydrocarvyl acetate,DA8,,,Floral,Rose,Cumin
119-84-6,Dihydrocoumarin,Dih,,,Tobacco like,Coumarin,Coconut
1209-61-6,Dihydroisocaryophyllene epoxide,DE11,,,Woody,Spicy,Tobacco
95-41-0,Dihydroisojasmone,Di16,,,Floral,Jasmin,Celery
2436-90-0,Dihydromyrcene,Di17,,,Herbal,Citrus,Lime
18479-58-8,Dihydromyrcenol,Di18,,,Citrus,Fresh,Floral
53767-93-4,Dihydromyrcenyl acetate,DA9,,,Citrus,Bergamot,Lime
20489-53-6,Dihydronootkatone,Di19,,,Citrus,Fruity,Grapefruit
473-55-2,Dihydropinene,Di20,,,Herbal,Pine,Green
94-58-6,Dihydrosafrole,Di21,,,Spicy,Sweet,Floral
58985-18-5,Dihydroterpinyl acetate,DA10,,,Herbal,Pine,Citrus
8006-75-5,Dill seed oil,DSO,oil,,Herbal,Green,Anisic
8006-75-5,Dill seed oleoresin,DSL,oleoresin,,Herbal,Green,Minty
8006-75-5,Dill weed,DW,,,Herbal,Green,Anisic
8006-75-5,Dill weed oil,DWO,oil,,Herbal,Green,Anisic
624-92-0,Dimethyl disulfide,DD5,,,Sulfurous,Onion,Cabbage
106-65-0,Dimethyl succinate,DSU,,,Fruity,Sweet,Floral
75-18-3,Dimethyl sulfide,DS2,,,Sulfurous,Vegetable,Food like
3658-80-8,Dimethyl trisulfide,DT2,,,Sulfurous,Onion,Savoury
68737-61-1,Dimethylcyclohex-3-ene-1-carbaldehyde (isomer mixture),DECI,,,Green,Grassy,Citrus
27939-60-2,Dimethylcyclohex-3-ene-1-carbaldehyde (isomer unspecified),DE12,,,Green,Grassy,Citrus
532-87-6,Dimyrcene,Dr,,,Herbal,Aromatic,Citrus
101-84-8,Diphenyl ether,DE13,,,Floral,Sweet,Green
101-81-5,Diphenylmethane,Dp,,,Green,Floral,Sweet
629-19-6,Dipropyl disulfide,DD6,,,Sulfurous,Onion,Green
21368-68-3,dl-Camphor,dlCa,,dl,Herbal,Camphoraceous,Rosemary
106-22-9,dl-Citronellol,dlCi,,dl,Floral,Rose,Citrus
5989-27-5,d-Limonene,dLi,,d,Citrus,Fresh,Herbal
126-90-9,d-Linalool,dLn,,d,Floral,Lavender,Petitgrain
138-86-3,dl-Limonene (racemic),dlLi,,dl,Citrus,Fresh,Herbal
1074-95-9,dl-Menthone,dlMn,,dl,Minty,Cooling,Sweet
29066-34-0,dl-Menthyl acetate,dlMA,,dl,Minty,Sweet,Fresh
3623-51-6,dl-Neomenthol,dlNe,,dl,Minty,Fresh,Aromatic
15356-60-2,d-Menthol,dMe,,d,Minty,Fresh,Cooling
57345-19-4,"Dodecahydro-3,8,8,11a-tetramethyl-5H-3,5a-epoxynaphth[2,1-c]oxepin",DOT,,,Woody,Amber,Dry
14620-52-1,Dodecanal dimethyl acetal,DOD,,,Green,Fresh,Waxy
2437-25-4,Dodecanenitrile,Do8,,,Citrus,Orange,Mandarin
68527-06-0,"Dodecene, hydroformylation products",DHP,,,Aldehydic,Fresh,Herbal
6283-92-7,Dodecyl lactate,DL2,,,Gourmand,Buttery,Creamy
6091-50-5,d-Piperitone,dPi,,d,Minty,Cooling,Herbal
89-82-7,d-Pulegone,dPu,,d,Minty,Aromatic,Herbal
8023-89-0,Elemi absolute,ElA,absolute,,Citrus,Fresh,Spicy
8023-89-0,Elemi CO2 extract,ECE,extract,,Citrus,Fresh,Spicy
8023-89-0,Elemi gum,EG,,,Citrus,Fresh,Spicy
8023-89-0,Elemi oil,ElO,oil,,Citrus,Fresh,Spicy
8023-89-0,ELEMI oil (low methyleugenol),ELO,oil,,Citrus,Fresh,Spicy
8023-89-0,"Elemi oil, rectified",EeO,oil,,Citrus,Fresh,Spicy
8023-89-0,Elemi resinoid,ElR,resinoid,,Citrus,Fresh,Spicy
639-99-6,Elemol,Ee,,,Woody,Resinous,Balsamic
28462-85-3,"endo-1,2,3,3-Tetramethylbicyclo[2.2.1]heptan-2-ol",TEH,,,Green,Mossy,Earthy
5579-78-2,epsilon-Decalactone,εDe,,epsilon,Gourmand,Sweet,Tonka
140-67-0,Estragole,Es,,,Herbal,Anisic,Tarragon
111850-00-1,"Ethaneperoxoic acid, reaction products with aluminum isopropoxide and 1,5,10-",ER,,,Woody,Cedarwood,"Amber trimethyl-1,5,9-cyclododecatriene"
854737-10-3,"Ethanone, 1-​(2,​3-​dimethylbicyclo[2.2.​1]​hept-​2-​yl)​-",EDH,,,Aromatic,Woody,Camphoraceous
32669-00-4,"Ethanone, 1-(3-cycloocten-1-yl)-",ECY,,,Herbal,Fruity,Artemisia
70801-04-6,"Ethanone, 1-(4,11,11,-trimethyl-8-methylenebicyclo[7.2.0]undec-4-enyl)-[1R-(1a,4E,9b]",EU,,,Woody,Earthy,Carrot
185429-83-8,"Ethanone, 1-[(1R,2S)-1,2,3,4,5,6,7,8-octahydro-1,2,8,8-tetramethyl-2-naphthalenyl]-,",EOT,,,Woody,Amber,Floral rel-
80657-64-3,"Ethyl (3a.alpha.,4.alpha.,7.alpha.,7a.alpha.)-Octahydro-4,7-methano-3aH-indene-3a-",αEA,,alpha,Fruity,Sweet,Apple carboxylate
80623-07-0,"Ethyl (3a.alpha.,4.beta.,7.beta.,7a.alpha.)-Octahydro-4,7-methano-3aH-indene-3a-",βEA,,beta,Fruity,Sweet,Floral carboxylate
26553-46-8,Ethyl (E)hex-3-enoate,EH2,,,Fruity,Passionfruit,Pineapple
687-47-8,Ethyl (L)-lactate,EL,,,Gourmand,Creamy,Ethereal
67028-40-4,Ethyl (p-tolyloxy)acetate,ETT,,,Fruity,Almond,Cherry
692-86-4,Ethyl 10-undecenoate,ETU,,,Fruity,Waxy,Oily
97-41-6,"Ethyl 2,2,-dimethyl-3-(2-methylprop-1-enyl)cyclopropane-1-carboxylate",EDM,,,Herbal,Fruity,Floral
77851-07-1,"Ethyl 2,3,6,6-tetramethylcyclohex-2-ene-1-carboxylate",ETEC,,,Fruity,Rose,Spicy
93981-50-1,"Ethyl 2,3,6-trimethylcyclohexyl carbonate",ETC,,,Floral,Rose,Leathery
78417-28-4,"Ethyl 2,4,7-decatrienoate",EDE,,,Green,Fatty,Potato
6290-17-1,"Ethyl 2,4-dimethyldioxolane-2-acetate",EDA,,,Fruity,Strawberry,Apple
35044-59-8,"Ethyl 2,6,6-trimethylcyclohexa-1,3-ene-1-carboxylate",ETR,,,Herbal,Floral,Apple
68228-09-1,"Ethyl 2-[[[2,4(or3,5)-dimethyl-3-cyclohexen-1-yl]methyl]amino]benzoate",EOD,,,Green,Grassy,Fresh
94108-09-5,"Ethyl 2-[[[4-(1,1-dimethylethyl)phenyl]methylene]amino]benzoate",EDP,,,Aldehydic,Floral,Herbal
94333-50-3,"Ethyl 2-ethyl-3,6,6-trimethylcyclohexenecarboxylate",ET2,,,Fruity,Floral,Tropical-Fruit
57934-97-1,"Ethyl 2-ethyl-6,6-dimethylcyclohex-2-ene-1-carboxylate",EDEC,,,Floral,Spicy,Fruity
2983-37-1,Ethyl 2-ethylhexanoate,EET,,,Earthy,Orris,Herbal
29214-60-6,Ethyl 2-hexylacetoacetate,EH3,,,Floral,Jasmin,Green
19788-49-9,Ethyl 2-mercaptopropionate,EM7,,,Sulfurous,green,Onion
7335-26-4,Ethyl 2-methoxybenzoate,EM8,,,Floral,Ylang,Fruity
64988-06-3,Ethyl 2-methoxybenzyl ether,EM9,,,Green,Spicy,Rose
6413-10-1,"Ethyl 2-methyl-1,3-dioxolane-2-acetate",EMD,,,Fruity,Apple,Melon
55514-48-2,Ethyl 2-methyl-2-butenoate,EM10,,,Green,Pear,Grape
60523-21-9,"Ethyl 2-methyl-3,4-pentadienoate",EM11,,,Fruity,Apple,Plum
1617-23-8,Ethyl 2-methyl-3-pentenoate,EM12,,,Fruity,Berry,Green
59151-19-8,Ethyl 2-methyl-4-oxo-6-pentylcyclohex-2-ene-1-carboxylate,EMO,,,Floral,Jasmin,Honeysuckle
53399-81-8,Ethyl 2-methyl-4-pentenoate,EM13,,,Fruity,Banana,Tropical-Fruit
7452-79-1,Ethyl 2-methylbutyrate,EM14,,,Fruity,Strawberry,Peach
39255-32-8,Ethyl 2-methylpentanoate,EM15,,,Fruity,Sweet,Apple
67801-64-3,Ethyl 2-tert-butylcyclohexyl carbonate,EBC,,,Spicy,Woody,Floral
10031-90-0,Ethyl 3(2-furyl)propanoate,EFP,,,Fruity,Sweet,Balsamic
67707-75-9,"Ethyl 3,5,5-trimethylhexanoate",ET3,,,Fruity,Apple,Green
13058-12-3,"Ethyl 3,7-dimethylocta-2,6-dienoate",ED4,,,Floral,Grape,Green
2396-83-0,Ethyl 3-hexenoate,EH4,,,Gourmand,Pineapple,Green
5764-85-2,Ethyl 3-hydroxy-3-phenylpropionate,EHP,,,Fruity,Strawberry,Dry
5405-41-4,Ethyl 3-hydroxybutyrate,EH5,,,Fruity,Green,Grape
2305-25-1,Ethyl 3-hydroxyhexanoate,EH6,,,Fruity,Tropical-Fruit,Citrus
13327-56-5,Ethyl 3-methylthiopropionate,EM16,,,Fruity,Sulfurous,Pineapple
121-39-1,Ethyl 3-phenylglycidate,ETP,,,Fruity,Sweet,Strawberry
2021-28-5,Ethyl 3-phenylpropionate,EPH,,,Floral,Hyacinth,Rose
1968-40-7,Ethyl 4-pentenoate,EPE,,,Fruity,Green,Herbal
35044-58-7,"Ethyl 6,6-dimethyl-2-methylenecyclohex-3-enecarboxylate",EDME,,,Fruity,Plum,Tobacco
141-78-6,Ethyl acetate,EA3,,,Fruity,Pear,Apple
141-97-9,Ethyl acetoacetate,EA4,,,Fruity,Green,Apple
87-25-2,Ethyl anthranilate,EAN,,,Floral,Grape,Neroli
93-89-0,Ethyl benzoate,EB2,,,Floral,Medicinal,Fruity
94-02-0,Ethyl benzoylacetate,EB3,,,Fruity,Sweet,Powdery
105-54-4,Ethyl butyrate,EBU,,,Fruity,Sweet,Raspberry
103-36-6,Ethyl cinnamate,ECI,,,Spicy,Cinnamon,Balsamic
34495-71-1,Ethyl cis-4-octenoate,EOC,,,Fruity,Fresh,Juicy
5452-75-5,Ethyl cyclohexylacetate,EC2,,,Floral,Fruity,Pear
110-38-3,Ethyl decanoate,ED5,,,Fruity,Sweet,Brandy
109-94-4,Ethyl formate,ETF,,,Fruity,Apple,Pineapple
32659-21-5,Ethyl geranate,ETG,,,Woody,Rose,Green
106-30-9,Ethyl heptanoate,EH7,,,Fruity,Sweet,Plum
123-66-0,Ethyl hexanoate,EH8,,,Fruity,Pineapple,Banana
118-60-5,Ethyl hexyl salicylate,ES,,,Floral,Aromatic,Balsamic
97-62-1,Ethyl isobutyrate,ETI,,,Fruity,Sweet,Apple
108-64-5,Ethyl isovalerate,EIS,,,Fruity,Berry,Pineapple
97-64-3,Ethyl lactate,ETL,,,Fruity,Caramel,Coconut
106-33-2,Ethyl laurate,ELA,,,Floral,Aldehydic,Sweet
539-88-8,Ethyl levulinate,ELE,,,Fruity,Fresh,Green
544-35-4,Ethyl linoleate,ELI,,,Fruity,Oily,Waxy
4940-11-8,Ethyl maltol,EMA,,,Gourmand,Sweet,Caramel
77-83-8,Ethyl methylphenylglycidate,EM17,,,Fruity,Strawberry,Floral
124-06-1,Ethyl myristate,EMY,,,Floral,Waxy,Violet
123-29-5,Ethyl nonanoate,ETN,,,Fruity,Rose,Tropical-Fruit
2351-90-8,Ethyl oct-2-enoate,EOE,,,Fruity,Green,Pineapple
106-32-1,Ethyl octanoate,EO2,,,Fruity,Fresh,Pineapple
111-62-6,Ethyl oleate,EOL,,,Acidic,Fatty,Waxy
628-97-7,Ethyl palmitate,EPA,,,Gourmand,Waxy,Creamy
94-30-4,Ethyl p-anisate,EA5,,,Anisic,Licorice,Powdery
1817-90-9,Ethyl phenethyl ether,EP2,,,Floral,Green,Fresh
2555-49-9,Ethyl phenoxyacetate,EP3,,,Floral,Green,Rose
2114-29-6,Ethyl phenyl carbinyl acetate,EPC,,,Floral,Green,Rose
101-97-3,Ethyl phenylacetate,EP4,,,Fruity,Berry,Honey
105-37-3,Ethyl propionate,EPR,,,Fruity,Apple,Pear
22719-81-9,Ethyl p-tolyl carbonate,ET4,,,Floral,Narcissus,Warm
617-35-6,Ethyl pyruvate,EPY,,,Fruity,Oily,Sweet
35044-57-6,Ethyl safranate,ETS,,,Floral,Rose,Fruity
118-61-6,Ethyl salicylate,ESA,,,Floral,Fruity,Sweet
2396-84-1,Ethyl sorbate,ESO,,,Fruity,Pineapple,Green
5837-78-5,Ethyl tiglate,ET5,,,Fruity,Sweet,Tropical-Fruit
3025-30-7,"Ethyl trans-2,cis-4-decadienoate",ED6,,,Fruity,Pear,Melon
623-70-1,Ethyl trans-2-butenoate,EB4,,,Fruity,Tropical-Fruit,Caramel
10544-63-5,Ethyl trans-2-butenoate,EB5,,,Fruity,Tropical-Fruit,Caramel
7367-88-6,Ethyl trans-2-decenoate,ED7,,,Fruity,Green,Apple
27829-72-7,Ethyl trans-2-hexenoate,EH9,,,Fruity,Juicy,Green
76649-16-6,Ethyl trans-4-decenoate,ED8,,,Green,Pear,Oily
539-82-2,Ethyl valerate,EV,,,Fruity,Pineapple,Tropical-Fruit
121-32-4,Ethyl vanillin,ETV,,,Gourmand,Vanilla,Caramel
188417-26-7,Ethyl vanillin isobutyrate,EVI,,,Gourmand,Sweet,Chocolate
68527-76-4,Ethyl vanillin propylene glycol acetal,EVP,,,Gourmand,Spicy,Vanilla
67952-68-5,"Ethyl-1,3,3-trimethylbicyclo[2.2.1]heptan-2-ol",ETHO,,,Earthy,Woody,Mossy
105-95-3,Ethylene brassylate,EBR,,,Musk like,Soft,Floral
54982-83-1,Ethylene dodecanedioate,ED9,,,Musk like,Powdery,Fruity
470-82-6,Eucalyptol,Eu,,,Herbal,Camphoraceous,Minty
8000-48-4,Eucalyptus absolute,EuA,absolute,,Herbal,Camphoraceous,Aromatic
85203-56-1,Eucalyptus citriodora oil,ECO,oil,,Herbal,Fresh,Citrus
68991-29-7,"Eucalyptus citriodora oil, acetylated",EAO,oil,,Herbal,Eucalyptus,Lemongrass
85203-56-1,Eucalyptus citriodora terpenes,ECP,terpenes,,Herbal,Fresh,Citrus
8000-48-4,Eucalyptus dives extract,EUDE,extract,,Herbal,Camphoraceous,Aromatic
8000-48-4,Eucalyptus dives oil,EUDO,oil,,Herbal,Camphoraceous,Aromatic
8000-48-4,"Eucalyptus dives oil, rectified",EDIO,oil,,Herbal,Camphoraceous,Aromatic
97926-40-4,Eucalyptus globulus absolute,EGA,absolute,,Herbal,Camphoraceous,Aromatic
97926-40-4,Eucalyptus globulus oil,EGO,oil,,Herbal,Camphoraceous,Aromatic
97926-40-4,"Eucalyptus globulus oil, rectified",EUGO,oil,,Herbal,Camphoraceous,Aromatic
8000-48-4,Eucalyptus oil,EuO,oil,,Herbal,Camphoraceous,Aromatic
8000-48-4,"Eucalyptus oil, rectified",EcO,oil,,Herbal,Camphoraceous,Green
92201-64-4,Eucalyptus radiata oil,ERO,oil,,Herbal,Camphoraceous,Aromatic
97-53-0,Eugenol,Eg,,,Spicy,Clove,Floral
93-28-7,Eugenyl acetate,EUA,,,Floral,Spicy,Fruity
93-15-2,Eugenyl methyl ether,EUM,,,Spicy,Clove,Tea
10402-33-2,Eugenyl phenylacetate,EUP,,,Spicy,Floral,Honey
1137739-11-7,Evodia rutaecarpa oil,EVRO,oil,,Green,Sharp,Fruity
7070-15-7,"exo-2-[(1,7,7-Trimethylbicyclo[2.2.1]hept-2-yl)oxy]ethanol",THYO,,,Woody,Cedarwood,Pine
19317-11-4,Farnesal,Fa,,,Minty,Floral,Aldehydic
4602-84-0,Farnesol,Fr,,,Floral,Warm,Powdery
29548-30-9,Farnesyl acetate,FA,,,Floral,Rose,Green
1195-79-5,Fenchone,Fe,,,Aromatic,Woody,Minty
1632-73-1,Fenchyl alcohol,FEA,,,Herbal,Woody,Pine
8006-84-6,Fennel bitter oleoresin,FBL,oleoresin,,Anisic,Herbal,Spicy
8006-84-6,"Fennel oil, bitter",FBO,oil,,Anisic,Herbal,Spicy
8006-84-6,"Fennel oil, sweet",FSO,oil,,Anisic,Herbal,Spicy
8006-84-6,Fennel sweet oleoresin,FSL,oleoresin,,Anisic,Herbal,Spicy
68990-15-8,Fenugreek absolute,FeA,absolute,,Spicy,Herbal,Balsamic
68990-15-8,Fenugreek extract,FeE,extract,,Spicy,Herbal,Balsamic
68990-15-8,Fenugreek oleoresin,FeL,oleoresin,,Spicy,Aromatic,Balsamic
68990-15-8,Fenugreek tincture,FeT,tincture,,Spicy,Herbal,Balsamic
8021-28-1,Fir absolute,FiA,absolute,,Woody,Fresh,Resinous
8024-15-5,Fir balsam,FB,,,Balsamic,Fresh,Woody
8024-15-5,Fir balsam absolute,FBA,absolute,,Woody,Fresh,Resinous
8024-15-5,Fir balsam resinoid,FBR,resinoid,,Woody,Fresh,Resinous
8021-28-1,Fir balsam resinoid from needles,FFR,resinoid,,Woody,Fresh,Resinous
8024-15-5,"Fir needle oil, Canadian",FNO,oil,,Woody,Fresh,Resinous
8021-28-1,"Fir needle oil, Chinese",FCO,oil,,Woody,Fresh,Resinous
8021-29-2,"Fir needle oil, Siberian",FNSO,oil,,Aromatic,Pine,Woody
8021-29-2,"Fir needle oil, Siberian, rectified",FINO,oil,,Aromatic,Pine,Woody
85085-34-3,"Fir, Abies balsamea extract",FAE,extract,,Woody,Green,Herbal
8021-28-1,"Fir, Abies balsamea, absolute",FAA,absolute,,Woody,Fresh,Resinous
92128-34-2,"Fir, Abies pectinata, concrete",FAC,concrete,,Woody,Green,Herbal
68916-09-6,Flouve absolute,FlA,absolute,,Woody,Tonka,Sweet
68916-09-6,Flouve oil,FlO,oil,,Woody,Mossy,Sweet
58567-11-6,Formaldehyde cyclododecyl ethyl acetal,FC,,,Woody,Amber,Dry
64-18-6,Formic acid,FOA,,,Acidic,Sharp,Fruity
68855-38-9,"Formic acid, reaction products with boron trifluoride and [1S-",FR,,,Acidic,Neutral,"Dry (1.alpha.,3a.beta.,4.alpha.,8a.beta.)]-decahydro-"
68917-51-1,Fucus vesiculosus absolute,FVA,absolute,,Marine,Fresh,Green
68917-51-1,Fucus vesiculosus resinoid,FVR,resinoid,,Marine,Fresh,Green
99343-90-5,"Furan, tetrahydro-2,4-dimethyl-4-phenyl-, (2R,4R)-rel-",FT,,,Citrus,Rhubarb,Green
98-01-1,Furfural,Fu,,,Food Like,Bread,Coffee
623-17-6,Furfuryl acetate,FUA,,,Fruity,Banana,Sweet
98-02-2,Furfuryl mercaptan,FUM,,,Food Like,Coffee,Roasted
1438-91-1,Furfuryl methyl sulfide,FS,,,Sulfurous,Onion,Vegetable
13678-68-7,Furfuryl thioacetate,FUT,,,Food Like,Sulfurous,Roasted
8013-75-0,"Fusel oil, refined",FRO,oil,,Fruity,Sweet,Woody
8024-40-6,Galangal root extract,GRE,extract,,Spicy,Fresh,Camphoraceous
8024-40-6,Galangal root oleoresin,GRL,oleoresin,,Spicy,Fresh,Camphoraceous
8023-91-4,Galbanum absolute,GaA,absolute,,Green,Herbal,Vegetable
8023-91-4,Galbanum CO2 extract,GCE,extract,,Green,Herbal,Vegetable
8023-91-4,Galbanum gum,GG,,,Green,Herbal,Vegetable
8023-91-4,Galbanum oil,GaO,oil,,Green,Herbal,Vegetable
8023-91-4,"Galbanum oil, rectified",GlO,oil,,Green,Herbal,Vegetable
8023-91-4,Galbanum resin,GR,,,Green,Herbal,Vegetable
8023-91-4,Galbanum resinoid,GaR,resinoid,,Green,Herbal,Vegetable
706-14-9,gamma-Decalactone,γDe,,gamma,Fruity,Sweet,Peach
2305-05-7,gamma-Dodecalactone,γDo,,gamma,Fruity,Oily,Peach
105-21-5,gamma-Heptalactone,γHe,,gamma,Fruity,Peach,Coconut
695-06-7,gamma-Hexalactone,γHx,,gamma,Fruity,Coconut,Herbal
79-76-5,gamma-Ionone,γIo,,gamma,Woody,Floral,Powdery
7011-83-8,gamma-Methyldecalactone,γMe,,gamma,Floral,Gardenia,Fruity
104-61-0,gamma-Nonalactone,γNo,,gamma,Fruity,Creamy,Coconut
104-50-7,gamma-Octalactone,γOc,,gamma,Fruity,Sweet,Balsamic
104-67-6,gamma-Undecalactone,γUn,,gamma,Fruity,Oily,Peach
108-29-2,gamma-Valerolactone,γVa,,gamma,Herbal,Sweet,Tobacco
683748-01-8,Gardenia tahitensis absolute,GTA,absolute,,Floral,Sweet,Milky
683748-01-8,Gardenia tahitensis oil,GTO,oil,,Floral,Sweet,Milky
8000-78-0,Garlic oil,GrO,oil,,Food Like,Garlic,Green
129316-65-0,Genet absolute,GeA,absolute,,Balsamic,Sweet,Honey
97676-22-7,Gentian absolute,GnA,absolute,,Herbal,Vegetable,Woody
97676-22-7,Gentian root extract,GERE,extract,,Herbal,Vegetable,Woody
141-27-5,Geranial,Gr,,,Citrus,Sharp,Lemon
459-80-3,Geranic acid,GA,,,Green,Floral,Woody
106-24-1,Geraniol,Ga,,,Floral,Rose,Geranium
8000-46-2,Geranium absolute,GrA,absolute,,Floral,Rose,Minty
68916-42-7,"Geranium absolute, bourbon",GBA,absolute,,Floral,Rose,Minty
8000-46-2,Geranium concrete,GeC,concrete,,Floral,Geranium,Green
8000-46-2,Geranium oil,GeO,oil,,Floral,Geranium,Green
68917-31-7,Geranium oil terpenes,GeP,terpenes,,Floral,Rose,Geranium
8000-46-2,"Geranium oil, African",GAO,oil,,Floral,Geranium,Green
68916-42-7,"Geranium oil, bourbon, distn. residues",GBO,oil,,Floral,Rose,Minty
68916-44-9,"Geranium oil, rectified",GnO,oil,,Floral,Rose,Minty
8000-46-2,"Geranium oil, rectified",GerO,oil,,Floral,Geranium,Green
68916-43-8,"Geranium oil, saponified",GSO,oil,,Floral,Geranium,Rose
105-87-3,Geranyl acetate,GEA,,,Floral,Rose,Fruity
94-48-4,Geranyl benzoate,GB,,,Floral,Green,Ylang
106-29-6,Geranyl butyrate,GEB,,,Fruity,Sweet,Tropical-Fruit
56172-46-4,Geranyl crotonate,GC,,,Gourmand,Caramel,Nutty
70851-60-4,Geranyl dihydrolinalool,GD,,,Floral,Rose,Balsamic
40267-72-9,Geranyl ethyl ether,GE,,,Fruity,Green,Light
105-86-2,Geranyl formate,GF,,,Floral,Green,Rose
10032-02-7,Geranyl hexanoate,GH,,,Floral,Rose,Oily
2345-26-8,Geranyl isobutyrate,GI,,,Floral,Fruity,Fresh
109-20-6,Geranyl isovalerate,GEI,,,Green,Melon,Herbal
1113-21-9,Geranyl linalool,GL,,,Floral,Rose,Soft
2565-82-4,Geranyl methyl ether,GM,,,Floral,Rose,Green
65405-73-4,Geranyl oxyacetaldehyde,GO,,,Floral,Rose,Ozonic
10402-47-8,Geranyl pentanoate,GP,,,Fruity,Floral,Rose
102-22-7,Geranyl phenylacetate,GEP,,,Fruity,Honey,Sweet
105-90-8,Geranyl propionate,GPR,,,Floral,Fruity,Tropical-Fruit
7785-33-3,Geranyl tiglate,GT,,,Floral,Geranium,Green
8007-08-7,Ginger,Gi,,,Spicy,Ginger,Citrus
8007-08-7,Ginger absolute,GiA,absolute,,Spicy,Ginger,Citrus
8007-08-7,Ginger CO2 extract,GICE,extract,,Spicy,Ginger,Citrus
8007-08-7,Ginger extract,GiE,extract,,Spicy,Ginger,Citrus
8007-08-7,Ginger oil,GiO,oil,,Spicy,Ginger,Citrus
8007-08-7,"Ginger oil, rectified",GgO,oil,,Spicy,Ginger,Citrus
8007-08-7,Ginger oleoresin,GiL,oleoresin,,Spicy,Ginger,Citrus
8007-08-7,Ginger terpeneless,Gn,,,Spicy,Ginger,Citrus
8023-92-5,Gingergrass oil,GinO,oil,,Herbal,Green,Woody
68990-07-8,"Glycerides, wheat germ-oil mono-, di- and tri-",GWO,oil,,Herbal,Green,Floral
39668-74-1,"Glycine, N-​[[5-​methyl-​2-​(1-​methylethyl)​cyclohexyl]​carbonyl]​-​, ethyl ester",GMM,,,Herbal,Minty,Cooling
90320-21-1,Grains of paradise extract,GOE,extract,,Spicy,Peppery,Dry
8016-20-4,"Grapefruit absolute, white",GWA,absolute,,Citrus,Grapefruit,Bitter
8016-20-4,Grapefruit essence oil,GEO,oil,,Citrus,Fresh,Sharp
8016-20-4,Grapefruit extract,GrE,extract,,Citrus,Fresh,Sharp
8016-20-4,Grapefruit flower oil,GFO,oil,,Citrus,Grapefruit,Fresh
8016-20-4,Grapefruit oil,GpO,oil,,Citrus,Fresh,Sharp
8016-20-4,Grapefruit oil,GraO,oil,,Citrus,Fresh,Sharp
68917-32-8,Grapefruit oil terpenes,GrP,terpenes,,Citrus,Grapefruit,Lemon
8016-20-4,"Grapefruit oil, (low furocoumarins)",GLO,oil,,Citrus,Fresh,Sharp
68916-46-1,"Grapefruit oil, folded",GRFO,oil,,Citrus,Grapefruit,Fruity
8016-20-4,"Grapefruit oil, rectified",GrO2,oil,,Citrus,Fresh,Sharp
68916-46-1,"Grapefruit oil, terpeneless",GrO3,oil,,Citrus,Grapefruit,Fruity
8016-23-7,Guaiac wood oil,GUWO,oil,,Woody,Smoky,Spicy
90244-88-5,Guaiac wood oil saponified,GWSO,oil,,Woody,Smoky,Spicy
8016-23-7,"Guaiac wood oil, rectified",GWOO,oil,,Woody,Smoky,Spicy
90-05-1,Guaiacol,Gua,,,Spicy,Smoky,Animal Like
4125-43-3,Guaiacol allyl ether,GAE,,,Spicy,Woody,Smoky
61789-17-1,Guaiacwood acetate,GUA,,,Woody,Rose,Tea
613-70-7,Guaiacyl acetate,GAC,,,Spicy,Woody,Smoky
134-28-1,Guaiyl acetate,GA2,,,Woody,Nutty,Smoky
8030-55-5,Gurjun balsam,GUB,,,Woody,Warm,Powdery
8030-55-5,Gurjun balsam oil,GUBO,oil,,Woody,Warm,Powdery
8030-55-5,Gurjun extract,GuE,extract,,Woody,Warm,Powdery
8030-55-5,Gurjun oil,GuO,oil,,Woody,Warm,Powdery
8030-55-5,"Gurjun oil, rectified",GjO,oil,,Woody,Warm,Powdery
8031-00-3,Hay absolute,HaA,absolute,,Herbal,Hay,Sweet
8031-00-3,Hay oil,HaO,oil,,Herbal,Hay,Sweet
8023-95-8,Helichrysum absolute,HeA,absolute,,Tobacco like,Floral,Spicy
85665-35-6,"Helichrysum arenarium, ext.",HAE,,,Floral,Fruity,Herbal
8023-95-8,Helichrysum extract,HeE,extract,,Tobacco like,Floral,Spicy
8023-95-8,Helichrysum oil,HeO,oil,,Tobacco like,Floral,Spicy
8023-95-8,"Helichrysum oil, pyrogenated",HPO,oil,,Tobacco like,Floral,Spicy
111-71-7,Heptanal,He11,,,Aldehydic,Fresh,Green
10032-05-0,Heptanal dimethyl acetal,HD4,,,Green,Fruity,Orange
111-14-8,Heptanoic acid,HA3,,,Acidic,Fatty,Burnt
112-06-1,Heptyl acetate,HA4,,,Fruity,Green,Citrus
111-70-6,Heptyl alcohol,HA5,,,Aldehydic,Green,Fruity
5870-93-9,Heptyl butyrate,HB2,,,Fruity,Apple,Pear
10094-40-3,Hex-2-enyl acetate (isomer unspecified),HEN,,,Green,Sweet,Fruity
1708-82-3,Hex-3-enyl acetate,HE2,,,Green,Floral,Fresh
109-29-5,Hexadecanolide,He12,,,Musk like,Sweet,Powdery
6051-03-2,Hexahydro-3H-benzofuran-2-one,HBO,,,Tobacco like,Hay,Powdery
66-25-1,Hexanal,He13,,,Aldehydic,Green,Fruity
1429808-42-3,"Hexanal, 6-​(2,​4,​4-​trimethylcyclopentyl​idene)​-​, (6E)​-",HTI,,,Ozonic,Marine,Green
142-62-1,Hexanoic acid,HA6,,,Acidic,Cheesy,Oily
816-19-3,"Hexanoic acid, 2-ethyl-, methyl ester",HAEM,,,Fruity,Floral,Violet
104986-28-9,"Hexanoic acid, 6-(acetyloxy)-, ethyl ester",HAA,,,Powdery,Fruity,Raspberry
6728-26-3,Hexen-2-al,HA7,,,Green,Aldehydic,Floral
5434-57-1,"Hexyl 2,2-dimethylpropanoate",HD5,,,Floral,Sweet,Green
10032-15-2,Hexyl 2-methylbutyrate,HM6,,,Fruity,Green,Pear
142-92-7,Hexyl acetate,HA8,,,Fruity,Green,Apple
111-27-3,Hexyl alcohol,HA9,,,Fruity,Green,Apple
6789-88-4,Hexyl benzoate,HBE,,,Woody,Fresh,Balsamic
2639-63-6,Hexyl butyrate,HB3,,,Fruity,Green,Pineapple
629-33-4,Hexyl formate,HFO,,,Fruity,Apple,Plum
6378-65-0,Hexyl hexanoate,HH2,,,Fruity,Floral,Pear
2349-07-7,Hexyl isobutyrate,HI2,,,Fruity,Sweet,Apple
10032-13-0,Hexyl isovalerate,HI3,,,Fruity,Sweet,Green
1117-55-1,Hexyl octanoate,HOC,,,Fruity,Green,Fresh
5421-17-0,Hexyl phenylacetate,HP2,,,Floral,Sweet,Green
2445-76-3,Hexyl propionate,HP3,,,Fruity,Green,Pear
6259-76-3,Hexyl salicylate,HES,,,Floral,Sweet,Herbal
16930-96-4,Hexyl tiglate,HT2,,,Fruity,Fresh,Green
68917-43-1,Hibawood oil,HiO,oil,,Woody,Cedarwood,Fresh
91745-97-0,Hinoki wood oil,HWO,oil,,Aromatic,Peppery,Grapefruit
91745-97-0,Hinoki leaf oil,HLO,oil,,Aromatic,Peppery,Grapefruit
8022-91-1,Ho bark oil,HOBO,oil,,Floral,Woody,Herbal
8022-91-1,Ho leaf oil,HOLO,oil,,Floral,Woody,Herbal
8022-91-1,Ho wood,HW,,,Floral,Woody,Herbal
8022-91-1,Ho wood oil,HOWO,oil,,Floral,Woody,Herbal
91052-92-5,Honey distillate,HoD,distillate,,Gourmand,Honey,Waxy
8023-93-6,Honeysuckle absolute,HoA,absolute,,Floral,Honeysuckle,Sweet
8060-28-4,Hop extract,HoE,extract,,Aromatic,Fruity,Herbal
8060-28-4,Hop extract solid,HSE,extract,,Aromatic,Fruity,Herbal
8007-04-3,Hop oil,HoO,oil,,Herbal,Spicy,Green
68956-56-9,"Hydrocarbons, terpene processing by-products",HPB,,,Citrus,Lime,Lavender
107-75-5,Hydroxycitronellal,Ho,,,Floral,Muguet,Aldehydic
7779-94-4,Hydroxycitronellal diethyl acetal,HYD,,,Floral,Muguet,Green
141-92-4,Hydroxycitronellal dimethyl acetal,HD6,,,Floral,Fresh,Lily
68908-82-7,"Hydroxycitronellal, indole condensation products",HIC,,,Floral,Jasmin,warm
68527-79-7,Hydroxycitronellal-Indole (Schiff base),HYI,,,Floral,Jasmin,Animal Like
89-43-0,Hydroxycitronellal-methyl anthranilate (Schiff base),HMA,,,Floral,Neroli,Warm
107-74-4,Hydroxycitronellol,Hyd,,,Floral,Green,Rose
3301-94-8,"Hydroxynonanoic acid, delta-lactone",δHL,,delta,Fruity,Coconut,Spicy
8006-83-5,Hyssop oil,HyO,oil,,Aromatic,Herbal,Camphoraceous
647828-16-8,"Indeno[4,3a-b]furan,decahydro-2,2,7,7,8,9,9-heptamethyl-",INF,,,Amber,Woody,Musk Like
365411-50-3,"Indeno[4,5-d]-1,3-dioxin,4,4a,5,6,7,8,9,9b-octahydro-7,7,8,9,9-pentamethyl-",IDO,,,Musk like,Powdery,Dry
120-72-9,Indole,Id,,,Floral,Jasmin,Animal Like
8013-90-9,Ionone (mixed isomers),Ion,,,Floral,Violet,Sweet
1048028-77-8,Iris germanica absolute,IGA,absolute,,Floral,Powdery,Violet
1048028-77-8,Iris germanica CO2 extract,IGE,extract,,Floral,Powdery,Violet
1048028-77-8,Iris germanica concrete,IGC,concrete,,Floral,Powdery,Violet
1048028-77-8,Iris germanica extract,IRGE,extract,,Floral,Powdery,Violet
1048028-77-8,Iris germanica resinoid,IGR,resinoid,,Floral,Powdery,Violet
8002-73-1,Iris pallida absolute,IPA,absolute,,Powdery,Violet,Floral
8002-73-1,Iris pallida concrete,IPC,concrete,,Powdery,Violet,Floral
8002-73-1,Iris pallida oil,IPO,oil,,Powdery,Violet,Floral
8002-73-1,"Iris pallida oil, rectified",IRPO,oil,,Powdery,Violet,Floral
8002-73-1,Iris pallida resinoid,IPR,resinoid,,Powdery,Violet,Floral
8002-73-1,Iris pallida tincture,IPT,tincture,,Powdery,Violet,Floral
90045-91-3,Iris pseudacorus extract,IPE,extract,,Floral,Violet,Powdery
1335-94-0,Irone,Ie,,,Floral,Violet,Woody
123-92-2,Isoamyl acetate,IA,,,Fruity,Vanilla,Pear
123-51-3,Isoamyl alcohol,ISA,,,Fruity,Apple,Pear
94-46-2,Isoamyl benzoate,ISB,,,Fruity,Balsamic,Apple
106-27-4,Isoamyl butyrate,IBU,,,Fruity,Sweet,Banana
7779-65-9,Isoamyl cinnamate,ICI,,,Spicy,Warm,Cinnamon
110-45-2,Isoamyl formate,ISF,,,Fruity,Green,Apple
2198-61-0,Isoamyl hexanoate,ISH,,,Fruity,Pineapple,Green
659-70-1,Isoamyl isovalerate,II,,,Fruity,Banana,Apple
2035-99-6,Isoamyl octanoate,IOC,,,Fruity,Pineapple,Chocolate
102-19-2,Isoamyl phenylacetate,IPH,,,Fruity,Chocolate,Honey
105-68-0,Isoamyl propionate,IP2,,,Fruity,Apricot,Pineapple
87-20-7,Isoamyl salicylate,IS,,,Floral,Balsamic,Green
124-76-5,Isoborneol,Ib,,,Herbal,Fresh,Pine
85586-67-0,Isobornyl 2-methylpropionate,IM5,,,Herbal,Camphoraceous,Fruity
125-12-2,Isobornyl acetate,IAC,,,Herbal,Pine,Green
1200-67-5,Isobornyl formate,IFO,,,Woody,Camphoraceous,Pine
7779-73-9,Isobornyl isovalerate,ISI,,,Woody,Apple,dry
5331-32-8,Isobornyl methyl ether,IM6,,,Herbal,Pine,Woody
2756-56-1,Isobornyl propionate,IP3,,,Herbal,Fresh,Pine
589-66-2,Isobutyl 2-butenoate,IB2,,,Fruity,Melon,Tropical-Fruit
105-01-1,Isobutyl 3-(2-furan)propionate,IFP,,,Fruity,Pineapple,Pear
110-19-0,Isobutyl acetate,IA2,,,Fruity,Banana,Pear
78-83-1,Isobutyl alcohol,IAL,,,Fruity,Sharp,Light
7779-81-9,Isobutyl angelate,IAN,,,Herbal,Green,Spicy
7779-77-3,Isobutyl anthranilate,IA3,,,Fruity,Grape,Floral
120-50-3,Isobutyl benzoate,IBE,,,Floral,Powdery,Gourmand
539-90-2,Isobutyl butyrate,IB3,,,Fruity,Sweet,Peach
122-67-8,Isobutyl cinnamate,IC2,,,Fruity,Sweet,Balsamic
105-79-3,Isobutyl hexanoate,IHE,,,Fruity,Sweet,Pineapple
97-85-8,Isobutyl isobutyrate,IIS,,,Fruity,Pineapple,Peach
65505-24-0,Isobutyl N-methylanthranilate,IM7,,,Fruity,Grapefruit,Floral
102-13-6,Isobutyl phenylacetate,IP4,,,Floral,Rose,Honey
540-42-1,Isobutyl propionate,IP5,,,Fruity,Sweet,Fermented
87-19-4,Isobutyl salicylate,ISS,,,Floral,Herbal,Spicy
78-84-2,Isobutyraldehyde,Iu,,,Green,Floral,Aldehydic
79-31-2,Isobutyric acid,IA4,,,Acidic,Pungent,Fruity
66068-84-6,"Isocamphenyl cyclohexanol, mixed isomers",ICY,,,Woody,Balsamic,Sandalwood
13794-73-5,Isocedranone,Ic,,,Woody,Cedarwood,Amber
1335-66-6,Isocyclocitral,Iy,,,Green,Fresh,Herbal
69103-24-8,Isodecyl acetate,IA5,,,Herbal,Citrus,Green
97-54-1,Isoeugenol,Is2,,,Spicy,Clove,Floral
4194-00-7,Isoeugenol benzoate,IB4,,,Balsamic,Spicy,Floral
93-29-8,Isoeugenyl acetate,IA6,,,Spicy,Floral,Clove
120-11-6,Isoeugenyl benzyl ether,IB5,,,Spicy,Powdery,Floral
93-16-3,Isoeugenyl methyl ether,IM8,,,Spicy,Clove,Floral
120-24-1,Isoeugenyl phenylacetate,IP6,,,Herbal,Aromatic,Spicy
37677-14-8,Isohexenyl cyclohexenyl carboxaldehyde,ICC,,,Aldehydic,Citrus,Orange
11050-62-7,Isojasmone,Ij,,,Floral,Waxy,Jasmin
14727-47-0,Isolongifolanone,Il,,,Woody,Fresh,Dry
1135-66-6,Isolongifolene,Is3,,,Woody,Amber,Incense
23787-90-8,Isolongifolene ketone,IK,,,Woody,Dry,Amber
33407-62-4,Isolongifolene ketone,ISK,,,Woody,Dry,Amber
26619-69-2,Isolongifolene oxide,IOX,,,Woody,Patchouli,Musty
79-89-0,iso-Methyl-beta-ionone,βII,,beta,Floral,Violet,Powdery
40379-24-6,Isononyl acetate (isomer unspecified),IAI,,,Floral,Herbal,Fruity
27458-94-2,Isononyl alcohol (isomer unspecified),IA7,,,Green,Geranium,Camphoraceous
65155-45-5,Isononyl propionate,IP7,,,Floral,Lavender,Herbal
41519-18-0,Isopentyl 2-methylcrotonate (E),IM9,,,Floral,Chamomile,Fruity
505-32-8,Isophytol,Ih,,,Floral,Jasmin,Fresh
79915-74-5,Isopropoxy ethyl salicylate,IES,,,Floral,Balsamic,Cherry-Blossom
66576-71-4,Isopropyl 2-methylbutyrate,IM10,,,Fruity,Pear,Pineapple
108-21-4,Isopropyl acetate,IA8,,,Fruity,Sweet,Banana
939-48-0,Isopropyl benzoate,IB6,,,Fruity,Sweet,Floral
638-11-9,Isopropyl butyrate,IB7,,,Fruity,Sweet,Pineapple
7780-06-5,Isopropyl cinnamate,IC3,,,Balsamic,Fruity,Spicy
2311-46-8,Isopropyl hexanoate,IH2,,,Fruity,Pineapple,Berry
32665-23-9,Isopropyl isovalerate,II2,,,Fruity,Apple,Pineapple
125109-85-5,Isopropylphenylbutanal,Is4,,,Floral,Fresh,Marine
1333-53-5,Isopropylquinoline,Is5,,,Green,Leafy,Vegetable
89-79-2,Isopulegol,Is6,,,Minty,Herbal,Sweet
57576-09-7,Isopulegyl acetate,IA9,,,Minty,Peppermint,Sweet
120-58-1,Isosafrole,Ia,,,Spicy,Sweet,Herbal
27458-92-0,Isotridecan-1-ol,IOL,,,Floral,Rose,Soft
69103-23-7,Isotridecyl acetate,IA10,,,Floral,Sweet,Fruity
503-74-2,Isovaleric acid,IA11,,,Acidic,Cheesy,Fruity
90131-24-1,Jambu oleoresin,JaL,oleoresin,,Citrus,Herbal,Fruity
8022-96-6,Jasmine absolute,JaA,absolute,,Floral,Sweet,Jasmin
8022-96-6,Jasmine CO2 extract,JCE,extract,,Floral,Sweet,Jasmin
8022-96-6,Jasmine concrete,JaC,concrete,,Floral,Sweet,Jasmin
8022-96-6,Jasmine concrete (waxes twice extracted),JWC,concrete,,Floral,Sweet,Jasmin
8022-96-6,Jasmine oil,JaO,oil,,Floral,Sweet,Jasmin
1034798-23-6,Jasmine sambac absolute,JSA,absolute,,Floral,Sweet,Jasmin
1034798-23-6,Jasmine sambac CO2 extract,JSE,extract,,Floral,Sweet,Jasmin
1034798-23-6,Jasmine sambac oil,JSO,oil,,Floral,Sweet,Jasmin
1034798-23-6,Jasmine sambac tincture,JST,tincture,,Floral,Sweet,Jasmin
8022-96-6,Jasmine spiritus,JS,,,Floral,Sweet,Jasmin
8002-68-4,Juniper berry absolute,JBA,absolute,,Spicy,Balsamic,Woody
8002-68-4,Juniper berry CO2 extract,JBE,extract,,Spicy,Balsamic,Woody
8002-68-4,Juniper berry extract,JUBE,extract,,Spicy,Balsamic,Woody
8002-68-4,Juniper berry oil,JBO,oil,,Spicy,Balsamic,Woody
8002-68-4,"Juniper berry oil, rectified",JUBO,oil,,Spicy,Balsamic,Woody
91053-31-5,"Juniper, Juniperus mexicana, ext., acetylated",JJ,,,Spicy,Balsamic,Woody
100209-33-4,"Juniper, Juniperus virginiana, ext., epoxidized",JV,,,Woody,Spicy,Balsamic
936843-30-0,Kaempferia galanga root CO2 extract,KGE,extract,,Spicy,Ginger,Citrus
7785-26-4,l-.alpha.-Pinene,lαPi,,lalpha,Aromatic,Pine,Earthy
18172-67-3,l-.beta.-Pinene,lβPi,,lbeta,Herbal,Pine,Woody
8016-26-0,Labdanum absolute,LaA,absolute,,Amber,Woody,Dry
8016-26-0,"Labdanum absolute, pyrogenated",LPA,absolute,,Amber,Woody,Dry
8016-26-0,Labdanum concrete,LaC,concrete,,Amber,Woody,Dry
8016-26-0,Labdanum distillate,LaD,distillate,,Amber,Woody,Dry
8016-26-0,Labdanum extract,LaE,extract,,Amber,Woody,Dry
68917-77-1,Labdanum extract ambreine,LAE,extract,,Amber,Sweet,Warm
8016-26-0,Labdanum gum,LG,,,Amber,Woody,Dry
8016-26-0,Labdanum oil,LaO,oil,,Amber,Woody,Dry
8016-26-0,Labdanum oleoresin,LaL,oleoresin,,Amber,Woody,Dry
8016-26-0,Labdanum resinoid,LaR,resinoid,,Amber,Woody,Dry
73138-66-6,"Labdanum, ext., Et esters",LE,,,Amber,Woody,Dry
21280-29-5,Lactoscatone,La,,,Animal like,Creamy,Jasmin
5655-61-8,laevo-Bornyl acetate,LB,,,Woody,Herbal,Pine
2102-59-2,laevo-Carveol,LC,,,Minty,Herbal,Balsamic
1205-42-1,laevo-Carvyl acetate,LA,,,Minty,Fresh,Dry
90046-17-6,Lantana camara oil,LCO,oil,,Floral,Cassis,Fruity
8007-48-5,Laurel leaf absolute,LLA,absolute,,Camphoraceous,Spicy,Green
8007-48-5,Laurel leaf oil,LLO,oil,,Camphoraceous,Spicy,Green
112-54-9,Lauric aldehyde,LAA,,,Citrus,Mandarin,Fresh
112-66-3,Lauryl acetate,LAC,,,Floral,Citrus,Fresh
112-53-8,Lauryl alcohol,LAL,,,Floral,Soft,Waxy
8022-15-9,Lavandin abrailis oil (low coumarin),LAO,oil,,Floral,Lavender,Hay
8022-15-9,Lavandin abrialis,LAB,,,Floral,Lavender,Hay
8022-15-9,Lavandin abrialis oil,LAAO,oil,,Floral,Lavender,Herbal
8022-15-9,Lavandin absolute,LvA,absolute,,Floral,Lavender,Herbal
8022-15-9,Lavandin concrete,LvC,concrete,,Floral,Lavender,Herbal
8022-15-9,Lavandin extract,LvE,extract,,Floral,Lavender,Hay
8022-15-9,Lavandin grosso,LAG,,,Floral,Lavender,Herbal
8022-15-9,Lavandin grosso absolute,LGA,absolute,,Floral,Lavender,Hay
8022-15-9,Lavandin grosso concrete,LGC,concrete,,Floral,Lavender,Herbal
8022-15-9,Lavandin grosso oil,LGO,oil,,Floral,Lavender,Herbal
8022-15-9,Lavandin oil,LvO,oil,,Floral,Lavender,Herbal
8022-15-9,Lavandin oil (super low coumarins),LSO,oil,,Floral,Lavender,Hay
68916-93-8,Lavandin oil acetylated,LACO,oil,,Herbal,Floral,Powdery
25905-14-0,Lavandulyl acetate,LA2,,,Citrus,Bergamot,Herbal
93165-50-5,Lavendar oil,LeO,oil,,Herbal,Lavender,Fresh
8000-28-0,Lavender,Lv,,,Herbal,Lavender,Fresh
8000-28-0,Lavender absolute,LeA,absolute,,Herbal,Lavender,Fresh
8000-28-0,Lavender concrete,LeC,concrete,,Herbal,Lavender,Fresh
8000-28-0,Lavender extract,LeE,extract,,Herbal,Lavender,Fresh
8000-28-0,Lavender oil,LnO,oil,,Herbal,Lavender,Fresh
8000-28-0,Lavender oil (low coumarin),LLCO,oil,,Floral,Aromatic,Fresh
8000-28-0,"Lavender oil, rectified",LavO,oil,,Herbal,Lavender,Fresh
464-45-9,l-Borneol,lBo,,l,Herbal,Camphoraceous,Pine
5794-04-7,l-Camphene,lCa,,l,Camphoraceous,Woody,Pine
6485-40-1,L-Carvone,lCr,,l,Minty,Green,Fresh
7540-51-4,l-Citronellol,lCi,,l,Floral,Rose,Fresh
25225-08-5,l-Cyclocitronellene formate,lCF,,l,Woody,Pine,Apple
8008-56-8,Lemon absolute folded (5X),LFA,absolute,,Citrus,Lemon,Fruity
8008-56-8,Lemon essence oil,LEO,oil,,Citrus,Lemon,Fruity
8008-56-8,Lemon oil,LmO,oil,,Citrus,Lemon,Fruity
8008-56-8,Lemon oil folded (10x),LFO,oil,,Citrus,Lemon,Fruity
8008-56-8,Lemon oil folded (5X),LEFO,oil,,Citrus,Lemon,Fruity
68917-33-9,Lemon oil terpenes,LeP,terpenes,,Citrus,Lemon,Orange
8008-56-8,"Lemon oil, distilled",LoO,oil,,Citrus,Lemon,Fruity
8008-56-8,"Lemon oil, expressed",LEEO,oil,,Citrus,Lemon,Fruity
68916-89-2,"Lemon oil, furocoumarin free",LFUO,oil,,Citrus,Lemon,Fruity
68648-39-5,"Lemon oil, terpeneless",LemO,oil,,Citrus,Lemon,Fruity
8008-56-8,"Lemon oil, washed",LWO,oil,,Citrus,Lemon,Fruity
102242-62-6,Lemon pepper CO2 Extract,LPE,extract,,Citrus,Grapefruit,Peppery
102242-62-6,Lemon pepper extract,LEPE,extract,,Citrus,Grapefruit,Peppery
72869-82-0,Lemongrass oil terpenes,LmP,terpenes,,Citrus,Lemon,Herbal
8007-02-1,"Lemongrass oil, East Indian",LIO,oil,,Citrus,Lemon,Herbal
8007-02-1,"Lemongrass oil, rectified",LeO2,oil,,Citrus,Lemon,Herbal
8007-02-1,"Lemongrass oil, West Indian",LWIO,oil,,Citrus,Lemon,Herbal
123-76-2,Levulinic acid,LEA,,,Gourmand,Caramel,Fruity
7787-20-4,l-Fenchone,lFe,,l,Herbal,Earthy,Camphoraceous
97676-23-8,Licorice root absolute,LRA,absolute,,Gourmand,Licorice,Smoky
97676-23-8,Licorice root extract,LRE,extract,,Anisic,Licorice,Smoky
91-51-0,Lilial-methyl anthranilate (Schiff base),LM,,,Floral,Neroli,Muguet
8008-26-2,Lime oil,LiO,oil,,Citrus,Lime,Green
8008-26-2,Lime oil folded,LIFO,oil,,Citrus,Lime,Green
68917-71-5,Lime oil terpenes,LiP,terpenes,,Citrus,Lime,Lemon
68916-83-6,"Lime oil, cold pressed, furocoumarin free",LPO,oil,,Citrus,Lime,Green
8008-26-2,"Lime oil, expressed",LIEO,oil,,Citrus,Lime,Green
8008-26-2,"Lime oil, expressed, rectified",LEXO,oil,,Citrus,Lime,Fresh
68916-84-7,"Lime oil, terpeneless",LimO,oil,,Citrus,Lime,Green
78-70-6,Linalool,Li,,,Floral,Fresh,Lavender
1365-19-1,Linalool oxide,LOX,,,Herbal,Earthy,Berry
14049-11-7,Linalool oxide pyranoid,LP,,,Floral,Sweet,Honey
115-95-7,Linalyl acetate,LIA,,,Floral,Bergamot,Lavender
7149-26-0,Linalyl anthranilate,LAN,,,Floral,Neroli,Ylang
126-64-7,Linalyl benzoate,LIB,,,Floral,Tuberose,Lily
78-36-4,Linalyl butyrate,LBU,,,Fruity,Bergamot,Banana
78-37-5,Linalyl cinnamate,LIC,,,Floral,Hyacinth,Muguet
115-99-1,Linalyl formate,LF,,,Citrus,Bergamot,Green
7779-23-9,Linalyl hexanoate,LH,,,Fruity,Fermented,Warm
78-35-3,Linalyl isobutyrate,LI,,,Herbal,Fruity,Fresh
1118-27-0,Linalyl isovalerate,LII,,,Citrus,Bergamot,Lavender
7143-69-3,Linalyl phenylacetate,LIP,,,Floral,Rose,Muguet
144-39-8,Linalyl propionate,LPR,,,Citrus,Floral,Fresh
90063-53-9,Linden flowers,LIF,,,Floral,Spicy,Fruity
8001-26-1,Linseed,Ln,,,Floral,Oily,Warm
8001-26-1,Linseed absolute,LiA,absolute,,Floral,Warm,Balsamic
8001-26-1,Linseed extract,LiE,extract,,Floral,Oily,Warm
8001-26-1,Linseed oil,LsO,oil,,Floral,Oily,Warm
8001-26-1,"Linseed oil, fixed",LFIO,oil,,Floral,Oily,Warm
68855-99-2,Litsea cubeba oil,LICO,oil,,Citrus,Fresh,Lemon
68855-99-2,"Litsea cubeba oil, rectified",LCUO,oil,,Citrus,Fresh,Lemon
68855-99-2,Litsea cubeba terpenes,LCP,terpenes,,Citrus,Fresh,Lemon
5989-54-8,l-Limonene,lLi,,l,Citrus,Orange,Herbal
126-91-0,l-Linalool,lLn,,l,Floral,Lavender,Ylang
6915-15-7,l-Malic acid,lMA,,l,Gourmand,Caramel,Acidic
2216-51-5,l-Menthol,lMe,,l,Minty,Fresh,Cooling
14073-97-3,l-Menthone,lMn,,l,Minty,Herbal,Sweet
108766-16-1,"l-Menthyl (R,S)-3-hydroxybutyrate",lMH,,l,Minty,Cooling,Fresh
2623-23-6,"l-Menthyl acetate (1alpha,2beta,5alpha)",lαMA,,lalpha,Minty,Herbal,Floral
475-20-7,Longifolene,Lo,,,Woody,Fresh,Pine
8016-31-7,Lovage leaf oil,LOLO,oil,,Herbal,Licorice,Smoky
8016-31-7,Lovage root oil,LRO,oil,,Herbal,Celery,Balsamic
4573-50-6,l-Piperitone,lPi,,l,Herbal,Minty,Green
8007-12-3,Mace absolute,MaA,absolute,,Spicy,Nutmeg,Woody
8007-12-3,Mace oil,MaO,oil,,Spicy,Nutmeg,Woody
8007-12-3,Mace oleoresin,MaL,oleoresin,,Spicy,Nutmeg,Woody
246536-69-6,Magnolia liliflora extract,MLE,extract,,Floral,Peach,Hay
8002-48-0,Malt absolute,MlA,absolute,,Gourmand,Sweet,Creamy
118-71-8,Maltol,Ma,,,Gourmand,Sweet,Caramel
65416-14-0,Maltyl isobutyrate,MIS,,,Gourmand,Berry,Sweet
8008-31-9,Mandarin oil,MnO,oil,,Citrus,Sweet,Orange
8008-31-9,Mandarin oil,MdO,oil,,Citrus,Sweet,Orange
8008-31-9,Mandarin oil folded,MFO,oil,,Citrus,Sweet,Orange
68953-04-8,Mandarin oil terpenes,MaP,terpenes,,Citrus,Mandarin,Floral
8008-31-9,"Mandarin oil, rectified",ManO,oil,,Citrus,Sweet,Orange
68917-20-4,"Mandarin oil, terpeneless",MaO2,oil,,Citrus,Mandarin,Neroli
90063-86-8,Mango alcoholate,MAA,,,Fruity,Mango,Floral
8016-33-9,"Marjoram oil, Spanish",MSO,oil,,Herbal,Balsamic,Camphoraceous
8015-01-8,"Marjoram oil, sweet",MASO,oil,,Camphoraceous,Herbal,Artemisia
84012-24-8,"Marjoram, pot",MAP,,,Aromatic,Thyme,Rosemary
336185-21-8,"Marjoram, pot, oil",MAPO,oil,,Camphoraceous,Herbal,Artemisia
68991-39-9,Mastic absolute,MsA,absolute,,Woody,Mossy,Green
68991-39-9,Mastic extract,MaE,extract,,Woody,Mossy,Green
68991-39-9,Mastic oil,MsO,oil,,Woody,Mossy,Green
68991-39-9,Mastic resinoid,MaR,resinoid,,Woody,Mossy,Green
68916-96-1,Mate absolute,MtA,absolute,,Herbal,Tobacco,Tea
68916-96-1,Mate extract,MtE,extract,,Green,Tea,Fresh
68916-96-1,Mate oil,MtO,oil,,Herbal,Tobacco,Peach
108-39-4,m-Cresol,Cr2,,,Smoky,Woody,Leathery
151-10-0,m-Dimethoxybenzene,Di22,,,Gourmand,Spicy,Nutty
8023-73-2,Melilotus officinalis absolute,MOA,absolute,,Honey,Hay,Powdery
8023-73-2,"Melilotus officinalis absolute, pyrogenated",MOPA,absolute,,Honey,Hay,Powdery
8023-73-2,Melilotus officinalis tincture,MOT,tincture,,Honey,Hay,Powdery
68917-18-0,Mentha arvensis,MAR,,,Minty,Green,Herbal
68917-18-0,Mentha arvensis oil,MAO,oil,,Minty,Herbal,Fresh
68917-18-0,Mentha arvensis oil (low menthol),MLO,oil,,Minty,Green,Herbal
68608-35-5,Mentha arvensis oil terpenes,MEAP,terpenes,,Minty,Cooling,Fresh
68917-18-0,"Mentha arvensis oil, distilled",MEAO,oil,,Minty,Green,Herbal
68917-14-6,"Mentha arvensis oil, terpeneless",MARO,oil,,Minty,Herbal,Fresh
68917-18-0,"Mentha arvensis, 3X",MA12,,,Herbal,Minty,Green
68917-15-7,Mentha citrata oil,MECO,oil,,Minty,Camphoraceous,Lavender
68683-20-5,Menthadiene-7-methyl formate,MMF,,,Citrus,Herbal,Minty
89-78-1,Menthol,Mn,,,Minty,Fresh,Cooling
15356-70-4,Menthol racemic,Men,,,Minty,Fresh,Cooling
10458-14-7,Menthone,Me15,,,Minty,Fresh,Herbal
89-48-5,"Menthyl acetate (1alpha,2beta,5alpha)",αMAB,,alpha,Herbal,Minty,Fresh
16409-45-3,Menthyl acetate (isomer unspecified),MA13,,,Herbal,Tea,Cooling
16409-46-4,Menthyl isovalerate,MI2,,,Fruity,Sweet,Woody
86803-90-9,Methoxy dicyclopentadiene carboxaldehyde,MDC,,,Marine,Aldehydic,Floral
3613-30-7,Methoxycitronellal,Mo,,,Floral,Sweet,Fresh
2986-54-1,Methoxycyclododecane,Me16,,,Woody,Cedarwood,Patchouli
63450-30-6,Methoxymethylpyrazine,Me17,,,Gourmand,Nutty,Coffee
3149-28-8,Methoxypyrazine,Me18,,,Gourmand,Sweet,Vanilla
67634-12-2,Methyl 2-(((4-(4-hydroxy-4-methylpentyl)-3-cyclohexenyl)methylene)amino)benzoate,MHMC,,,Floral,Sweet,Neroli
41270-80-8,Methyl 2-(formylamino)benzoate,MFB,,,Floral,Neroli,Jasmin
67801-44-9,Methyl 2-(octylideneamino)benzoate,MOB,,,Floral,Fruity,Neroli
33662-58-7,"Methyl 2,4-dihydroxy-m-toluate",MDT,,,Marine,Mossy,Aldehydic
28371-99-5,"Methyl 2,6,10-trimethylcyclododeca-2,5,9-trien-1-yl ketone",MK,,,Amber,Woody,Smoky
28043-10-9,"Methyl 2,6,6-trimethylcyclohex-2-ene-1-carboxylate",MTEC,,,Floral,Fruity,Woody
67800-80-0,Methyl 2-[(2-methylundecylidene)amino]benzoate,MMA,,,Floral,Neroli,Green
67801-42-7,"Methyl 2-[(3,5,5-trimethylhexylidene)amino]benzoate",MTA,,,Citrus,Fresh,Ozonic
39129-16-3,Methyl 2-[(phenylmethylene)amino]benzoate,MPAB,,,Gourmand,Almond,Cherry
68738-99-8,"Methyl 2-[[[2,4(or 3,5)-dimethyl-3-cyclohexen-1-yl]methylene]amino]benzoate",MOD,,,Green,Citrus,Floral
67924-13-4,Methyl 2-[[2-(phenylmethylene)octylidene]amino]benzoate,MPOA,,,Floral,Fresh,Waxy
104037-85-6,"Methyl 2-[[3-(1,3-benzodioxol-5-yl)-2-methyl-1-propenyl]amino]benzoate",MBYM,,,Floral,Green,Sweet
611-13-2,Methyl 2-furoate,MEF,,,Gourmand,Nutty,Fruity
2396-77-2,Methyl 2-hexenoate,MH7,,,Fruity,Green,Pineapple
868-57-5,Methyl 2-methylbutyrate,MM19,,,Fruity,Green,Apple
111-79-5,Methyl 2-nonenoate,MNO,,,Green,Sweet,Fruity
111-80-8,Methyl 2-nonynoate,MN2,,,Floral,Violet,Cucumber
111-12-6,Methyl 2-octynoate,MO2,,,Green,Violet,Cucumber
1072-83-9,Methyl 2-pyrrolyl ketone,MPK,,,Fruity,Coconut,Oily
52557-97-8,"Methyl 3,3-dimethylbicyclo[2.2.1]heptane-2-carboxylate",MDH,,,Herbal,Pine,Citrus
2270-60-2,"Methyl 3,7-dimethyl-6-octenoate",MD5,,,Floral,Rose,Geranium
72175-33-8,Methyl 3-bicyclo[2.2.1]hept-5-en-2-yl-3-methyloxirane-2-carboxylate,MBH,,,Floral,Fruity,Jasmin
2396-78-3,Methyl 3-hexenoate,MH8,,,Earthy,Sweet,Fruity
21188-58-9,Methyl 3-hydroxyhexanoate,MH9,,,Fruity,Sweet,Pineapple
13532-18-8,Methyl 3-methylthiopropionate,MM20,,,Fruity,Pineapple,Grapefruit
13481-87-3,Methyl 3-nonenoate,MN3,,,Fruity,Watermelon,Pear
39924-52-2,Methyl 3-oxo-2-(pent-2-enyl)cyclopentaneacetate,MOX,,,Floral,Jasmin,Soft
68966-86-9,Methyl 4(or 1)-isopropyl-1(or 4)-methylbicyclo[2.2.2]oct-5-ene-2-carboxylate,MOI,,,Woody,Spicy,Peppery
5760-50-9,Methyl 9-undecenoate,MEU,,,Balsamic,Earthy,Rubbery
79-20-9,Methyl acetate,MA14,,,Fruity,Sweet,Honey
105-45-3,Methyl acetoacetate,MA15,,,Fruity,Citrus,Green
67905-40-2,Methyl alpha-ionone glycidate,αMG,,alpha,Woody,Floral,Violet
121-98-2,Methyl anisate,MAN,,,Spicy,Balsamic,Anisic
134-20-3,Methyl anthranilate,MA16,,,Floral,Neroli,Fruity
4707-47-5,Methyl atrarate,MAT,,,Woody,Mossy,Earthy
93-58-3,Methyl benzoate,MB13,,,Floral,Ylang,Jasmin
93-08-3,Methyl beta-naphthyl ketone,βMN,,beta,Floral,Neroli,Honey
37161-74-3,Methyl beta-phenylglycidate,βMP,,beta,Fruity,Fresh,Strawberry
623-42-7,Methyl butyrate,MB14,,,Fruity,Apple,Banana
103-26-4,Methyl cinnamate,MCI,,,Spicy,Balsamic,Cinnamon
13894-62-7,Methyl cis-3-hexenoate,MH10,,,Fruity,Floral,Oily
41654-15-3,Methyl cis-5-octenoate,MO3,,,Fruity,Sweet,Woody
30640-46-1,Methyl cyclohexadiene (mixture of isomers),MCM,,,Citrus,Lemon,Lime
14352-61-5,Methyl cyclohexylacetate,MC4,,,Fruity,Sweet,Mango
40203-73-4,Methyl cyclopentylideneacetate,MC5,,,Floral,Fruity,Tuberose
110-42-9,Methyl decanoate,MD6,,,Fruity,Oily,Floral
811412-48-3,Methyl decenone,MD7,,,Herbal,Green,Watery
24851-98-7,Methyl dihydrojasmonate,MD8,,,Floral,Fresh,Jasmin
8050-15-5,Methyl ester of rosin (partially hydrogenated),MES,,,Woody,Cedarwood,Balsamic
106-73-0,Methyl heptanoate,MH11,,,Fruity,Sweet,Berry
112-39-0,Methyl hexadecanoate,MH12,,,Balsamic,Waxy,Floral
106-70-7,Methyl hexanoate,MH13,,,Fruity,Pineapple,Apricot
37172-53-5,Methyl hexyl oxo cyclopentanone carboxylate,MHOC,,,Floral,Jasmin,Green
1335-46-2,Methyl ionone (mixture of isomers),MIM,,,Floral,Violet,Woody
68937-31-5,Methyl ionone tails,MIT,,,Floral,Woody,Violet
547-63-7,Methyl isobutyrate,MI3,,,Fruity,Ethereal,Pineapple
556-24-1,Methyl isovalerate,MI4,,,Fruity,Apple,Pineapple
1211-29-6,Methyl jasmonate,MJ,,,Floral,Fresh,Magnolia
111-82-0,Methyl laurate,MEL,,,Aldehydic,Waxy,Coconut
67633-95-8,Methyl lavender ketone,MLK,,,Herbal,Lavender,Green
301-00-8,Methyl linoleate (48%) methyl linolenate (52%) mixture,MLM,,,Floral,Fruity,Sweet
74-93-1,Methyl mercaptan,MM21,,,Food Like,Vegetable,Cabbage
124-10-7,Methyl myristate,MMY,,,Floral,Oily,Violet
2719-08-6,Methyl N-acetylanthranilate,MA17,,,Fruity,Soft,Strawberry
93-60-7,Methyl nicotinate,MNI,,,Spicy,Herbal,Tobacco
85-91-6,Methyl N-methylanthranilate,MM22,,,Floral,Warm,Neroli
111-11-5,Methyl octanoate,MO4,,,Fruity,Orange,Waxy
606-45-1,Methyl o-methoxybenzoate,MM23,,,Floral,Herbal,Hyacinth
3558-60-9,Methyl phenethyl ether,MP27,,,Floral,Rose,Jasmin
101-41-7,Methyl phenylacetate,MP28,,,Honey,Sweet,Floral
99-75-2,Methyl p-methylbenzoate,MM24,,,Floral,Sweet,Anisic
554-12-1,Methyl propionate,MP29,,,Fruity,Fermented,Fresh
3549-23-3,Methyl p-tert-butylphenylacetate,MB15,,,Fruity,Honey,Oily
119-36-8,Methyl salicylate,MSA,,,Herbal,Medicinal,Ylang
2432-51-1,Methyl thiobutyrate,MT6,,,Fruity,Tropical-Fruit,Green
2396-85-2,Methyl trans-2-octenoate,MO5,,,Green,Fruity,Pear
111-81-9,Methyl undec-10-enoate,MUE,,,Citrus,Oily,Waxy
624-24-8,Methyl valerate,MV2,,,Fruity,Green,Apple
5533-03-9,Methyl vanillyl ether,MVE,,,Gourmand,Sweet,Medicinal
81752-87-6,"Methyl-2,2-dimethyl-6-methylene-1-cyclohexanecarboxylate",MDM,,,Floral,Rose,Fruity
68845-02-3,"Methyl-2-[[(2,4-dimethyl-3-cyclohexen-1-yl)methylene]amino]benzoate",MDCY,,,Green,Floral,Citrus
127-42-4,Methyl-alpha-ionone,αMEI,,alpha,Woody,Floral,Violet
127-43-5,Methyl-beta-ionone,βMEI,,beta,Floral,Violet,Fruity
61699-38-5,Methylcyclooctyl carbonate,MCA,,,Herbal,Fresh,Floral
80-71-7,Methylcyclopentenolone,Me19,,,Gourmand,Sweet,Caramel
1335-09-7,Methylheptenol,Me20,,,Green,Floral,Citrus
409-02-9,Methylheptenone (isomer unspecified),MI5,,,Gourmand,Nutty,Roasted
92457-18-6,Michelia alba extract,MAE,extract,,Floral,Fruity,Dried-Fruit
8006-76-6,Michelia alba flower oil,MAFO,oil,,Floral,Fruity,Dried-Fruit
8006-76-6,Michelia alba leaf extract,MALE,extract,,Floral,Fruity,Dried-Fruit
8006-76-6,Michelia alba leaf oil,MALO,oil,,Floral,Fruity,Dried-Fruit
8006-76-6,"Michelia alba oil, rectified",MIAO,oil,,Floral,Fruity,Dried-Fruit
8031-03-6,Mimosa absolute,MiA,absolute,,Floral,Powdery,Green
8031-03-6,Mimosa concrete,MiC,concrete,,Floral,Powdery,Green
13341-72-5,Mintlactone,Mi,,,Gourmand,Vanilla,Sweet
8052-35-5,"Molasses, blackstrap",MBL,,,Gourmand,Rum,Grape
84649-97-8,Mushroom absolute,MuA,absolute,,Earthy,Mushroom,Musty
84649-97-8,Mushroom resinoid,MuR,resinoid,,Earthy,Mushroom,Musty
81-14-1,Musk ketone,MUK,,,Musk like,Sweet,Powdery
72403-67-9,Myraldyl acetate,MYA,,,Floral,Sweet,Fruity
123-35-3,Myrcene,Mc,,,Citrus,Herbal,Dry
543-39-5,Myrcenol,Myr,,,Citrus,Fresh,Floral
1118-39-4,Myrcenyl acetate,MA18,,,Citrus,Fresh,Lavender
124-25-4,Myristaldehyde,Ms,,,Aldehydic,Waxy,Balsamic
629-63-0,Myristo nitrile,MYN,,,Aldehydic,Floral,Green
8016-37-3,Myrrh,My2,,,Amber,Balsamic,Sweet
8016-37-3,Myrrh absolute,MyA,absolute,,Amber,Balsamic,Sweet
8016-37-3,Myrrh CO2 extract,MCE,extract,,Amber,Balsamic,Sweet
8016-37-3,Myrrh extract,MyE,extract,,Amber,Balsamic,Sweet
9000-45-7,Myrrh gum,MG,,,Amber,Mushroom,Warm
8016-37-3,Myrrh oil,MyO,oil,,Amber,Balsamic,Sweet
8016-37-3,Myrrh oil rectified,MrO,oil,,Amber,Balsamic,Sweet
8016-37-3,Myrrh resinoid,MyR,resinoid,,Amber,Balsamic,Sweet
515-00-4,Myrtenol,My3,,,Herbal,Pine,Minty
1079-01-2,Myrtenyl acetate,MA19,,,Herbal,Floral,Violet
8008-46-6,Myrtle oil,MlO,oil,,Herbal,Fresh,Green
8008-46-6,Myrtle oil (low methyleugenol),MMO,oil,,Herbal,Fresh,Green
8008-46-6,Myrtle oil terpeneless,MyrO,oil,,Herbal,Fresh,Green
8008-46-6,"Myrtle oil, rectified",MyO2,oil,,Herbal,Fresh,Green
84434-18-4,"N,2-Dimethyl-N-phenylbutyramide",DP3,,,Citrus,Grapefruit,Rhubarb
996-97-4,"N,N-Diethyloctamide",Di23,,,Spicy,Fresh,Tobacco
68489-14-5,N-[(Ethoxycarbonyl)methyl)-p-menthane-3-carboxamide,EMMC,,,Herbal,Minty,Cooling
3738-00-9,"Naphtho[2,1-b]furan, dodecahydro-3a,6,6,9a-tetramethyl-",NF,,,Amber,Woody,Dry
6790-58-5,"Naphtho[2,1-b]furan, dodecahydro-3a,6,6,9a-tetramethyl-, (3aR,5aS,9aS,9bR)-",NFD,,,Amber,Woody,Herbal
8023-75-4,Narcissus absolute,NaA,absolute,,Floral,Green,Neroli
8023-75-4,Narcissus jonquilla absolute,NJA,absolute,,Floral,Green,Narcissus
68917-12-4,Narcissus poeticus absolute,NPA,absolute,,Floral,Green,Neroli
15706-73-7,n-Butyl 2-methylbutyrate,BM9,,,Fruity,Green,Cocoa
106-26-3,Neral,Nr,,,Citrus,Fresh,Lemon
106-25-2,Nerol,Nl,,,Floral,Rose,Citrus
1786-08-9,Nerol oxide,NOX,,,Green,Floral,Neroli
142-50-7,Nerolidol (cis),Ner,,,Floral,Rose,Woody
7212-44-4,Nerolidol (isomer unspecified),NI,,,Floral,Rose,Woody
2306-78-7,Nerolidyl acetate (isomer unspecified),NAI,,,Floral,Sweet,Citrus
56001-43-5,"Nerolidyl acetate (S,Z)",NEA,,,Floral,Sweet,Citrus
141-12-8,Neryl acetate,NA3,,,Floral,Citrus,Rose
999-40-6,Neryl butyrate,NB,,,Floral,Rose,Fruity
2142-94-1,Neryl formate,NEF,,,Fruity,Green,Floral
2345-24-6,Neryl isobutyrate,NEI,,,Fruity,Sweet,Berry
3915-83-1,Neryl isovalerate,NIS,,,Floral,Rose,Herbal
105-91-9,Neryl propionate,NP,,,Fruity,Sweet,Floral
39711-79-0,N-Ethyl-2-isopropyl-5-methylcyclohexane carboxamide,EIM,,,Minty,Herbal,Fresh
179911-08-1,N-Ethyl-N-(3-methylphenyl)propionamide,EM18,,,Woody,Vetiver,Fresh
1438-94-4,N-Furfurylpyrrole,Ff,,,Green,Plastic,Waxy
19089-92-0,n-Hexyl 2-butenoate,HB4,,,Fruity,Caramel,Green
8014-68-4,Niaouli oil,NiO,oil,,Aromatic,Eucalyptus,Fresh
73507-35-4,Nigella Damascena absolute,NIDA,absolute,,Floral,Honey,Spicy
73507-35-4,Nigella Damascena CO2 Extract,NDE,extract,,Floral,Honey,Spicy
18836-52-7,N-Isobutyldeca-trans-2-trans-4-dienamide,ISD,,,Spicy,Herbal,Green
557-48-2,Nona-2-trans-6-cis-dienal,NDI,,,Green,Cucumber,Fatty
124-19-6,Nonanal,No8,,,Aldehydic,Sweet,Orange
18824-63-0,Nonanal dimethyl acetal,ND2,,,Fruity,Pear,Green
54815-13-3,"Nonane, 1,1-diethoxy-",ND3,,,Aldehydic,Floral,Rose
39864-15-8,Nonanediyl diacetate,ND4,,,Floral,Jasmin,Earthy
112-05-0,Nonanoic acid,NA4,,,Floral,Neroli,Green
2444-46-4,Nonanoyl 4-hydroxy-3-methoxybenzylamide,NHM,,,Spicy,Pungent,Chilli-Pepper
29127-83-1,Nonen acid nitrile,NN,,,Green,Orris,Fatty
68526-90-9,"Nonene, hydroformylation products, high-boiling",NHP,,,Floral,Woody,Violet
143-13-5,Nonyl acetate,NA5,,,Citrus,Aldehydic,Orange
143-08-8,Nonyl alcohol,NAL,,,Floral,Fresh,Rose
4674-50-4,Nootkatone,Nt,,,Citrus,Grapefruit,Woody
128-50-7,Nopol,Np,,,Herbal,Pine,Camphoraceous
128-51-8,Nopyl acetate,NA6,,,Woody,Floral,Fruity
8008-45-5,Nutmeg,Nu,,,Spicy,Warm,Balsamic
8008-45-5,Nutmeg absolute,NuA,absolute,,Spicy,Warm,Balsamic
8008-45-5,Nutmeg CO2 extract,NCE,extract,,Spicy,Warm,Balsamic
8008-45-5,Nutmeg distillate,NuD,distillate,,Spicy,Warm,Balsamic
8008-45-5,Nutmeg extract,NuE,extract,,Spicy,Warm,Balsamic
8008-45-5,Nutmeg oil,NuO,oil,,Spicy,Warm,Balsamic
8008-45-5,Nutmeg oil (low safrol),NLO,oil,,Spicy,Warm,Balsamic
8008-45-5,"Nutmeg oil terpeneless, JAVA",NJO,oil,,Spicy,Warm,Balsamic
8008-45-5,"Nutmeg oil, rectified",NtO,oil,,Spicy,Warm,Balsamic
8008-45-5,Nutmeg oleoresin,NuL,oleoresin,,Spicy,Warm,Balsamic
97676-29-4,Oak chips (white) extract,OCE,extract,,Woody,Mossy,Dry
97676-30-7,Oak chips CO2 extract,OCCE,extract,,Woody,Mossy,Dry
97676-30-7,Oak chips extract,OACE,extract,,Woody,Dry,Mossy
9000-50-4,Oakmoss absolute,OaA,absolute,,Woody,Mossy,Earthy
9000-50-4,Oakmoss absolute (low atranol & chloratranol),OLA,absolute,,Woody,Mossy,Earthy
68917-10-2,Oakmoss extract,OaE,extract,,Woody,Mossy,Earthy
5986-38-9,Ocimenol,Oi,,,Fruity,Citrus,Sweet
72214-23-4,Ocimenyl acetate,OAC,,,Herbal,Fresh,Citrus
95-48-7,o-Cresol,Cr3,,,Animal like,Musty,Medicinal
33704-60-8,"Octahydro-1,1,2,3,3-pentamethyl-1H-indene",OPI,,,Musk like,Warm,Floral
71832-76-3,"Octahydro-2,5,5-trimethyl-2-naphthol",OTR,,,Animal like,Musk Like,Amber
30772-79-3,"Octahydro-4,7-methano-1H-indenecarbaldehyde",OMI,,,Green,Melon,Aldehydic
30772-69-1,"Octahydro-4,7-methano-1H-indenemethyl acetate",OCM,,,Woody,Fruity,Floral
23333-91-7,"Octahydro-4,8a-dimethyl-4a(2H)-naphthol",ODI,,,Fruity,Earthy,Soft
68738-96-5,"Octahydro-5,5-dimethylnaphthalene-2-carbaldehyde",OD3,,,Floral,Ozonic,Melon
59056-64-3,"Octahydro-7,7,8,8-tetramethyl-2,3b-methano-3bH-",OTM,,,Amber,Sage,"Warm cyclopenta[1,3]cyclopropa[1,2]benzene-4-methanol"
59056-62-1,"Octahydro-7,7,8,8-tetramethyl-2,3b-methano-3bH-",OTE,,,Woody,Amber,"Sandalwood cyclopenta[1,3]cyclopropa[1,2]benzene-4-methyl acetate"
41724-19-0,"Octahydro-7-methyl-1,4-methanonaphtalen-6(2H)-one",OME,,,Herbal,Aromatic,Woody
68738-94-3,"Octahydro-8,8-dimethylnaphthalene-2-carbaldehyde",OD4,,,Ozonic,Herbal,Clean
4430-31-3,Octahydrocoumarin,Oc5,,,Balsamic,Vanilla,Hay
124-13-0,Octanal,Oc6,,,Aldehydic,Orange,Green
54889-48-4,Octanal diethyl acetal,ODA,,,Green,Citrus,Oily
10022-28-3,Octanal dimethyl acetal,OD5,,,Green,Floral,Citrus
929253-05-4,"Octanal, 6-methoxy-2,6-dimethyl-",OMD,,,Ozonic,Herbal,Citrus
69102-96-1,"Octanal, 7-hydroxy-3,7-dimethyl-, distn. residues, nonvolatile",OHD,,,Floral,Muguet,Citrus
124-12-9,Octanenitrile,Oc7,,,Green,Aldehydic,Oily
112-14-1,Octyl acetate,OA2,,,Fruity,Green,Herbal
110-39-4,Octyl butyrate,OCB,,,Fruity,Green,Waxy
22874-79-9,Octyl crotonate,OCC,,,Fruity,Fungal,Floral
112-32-3,Octyl formate,OCF,,,Fruity,Rose,Orange
109-15-9,Octyl isobutyrate,OCI,,,Fruity,Earthy,Fatty
7786-58-5,Octyl isovalerate,OIS,,,Floral,Rose,Honey
68916-40-5,"Oils, geranium, acetylated",OG,,,Floral,Citrus,Fruity
1450625-49-6,"Oils, Patchouli, patchoulol synthase-modified Saccharomyces cerevisiae-fermented,",OS,,,Woody,Earthy,Patchouli from carbohydrates
8016-36-2,Olibanum absolute,OlA,absolute,,Woody,Peppery,Dry
8016-36-2,Olibanum carterii absolute,OLCA,absolute,,Woody,Peppery,Dry
8016-36-2,Olibanum carterii CO2 extract,OLCE,extract,,Woody,Peppery,Dry
8016-36-2,Olibanum carterii extract,OCAE,extract,,Woody,Peppery,Dry
8016-36-2,Olibanum carterii oil,OLCO,oil,,Woody,Peppery,Dry
8016-36-2,Olibanum carterii oil,OCAO,oil,,Woody,Peppery,Dry
8016-36-2,"Olibanum carterii oil, rectified",OCO2,oil,,Woody,Peppery,Dry
8016-36-2,Olibanum carterii pyrogenated oil,OPO,oil,,Woody,Peppery,Dry
8016-36-2,Olibanum carterii resinoid,OCR,resinoid,,Woody,Peppery,Dry
8016-36-2,Olibanum extract,OlE,extract,,Woody,Peppery,Dry
8016-36-2,Olibanum oil,OlO,oil,,Woody,Peppery,Dry
8016-36-2,"Olibanum oil, rectified",OiO,oil,,Woody,Peppery,Dry
8016-36-2,Olibanum resinoid,OlR,resinoid,,Woody,Peppery,Dry
8016-36-2,"Olibanum serrata oil, Indian",OSO,oil,,Woody,Peppery,Dry
7779-50-2,omega-6-Hexadecenlactone,OMH,,,Musk like,Powdery,Sweet
106-02-5,omega-Pentadecalactone,OMP,,,Musk like,Powdery,Balsamic
135-02-4,o-Methoxybenzaldehyde,Me21,,,Fruity,Sweet,Almond
1504-74-1,o-Methoxycinnamaldehyde,Me22,,,Spicy,Cinnamon,Woody
86-26-0,o-Phenyl anisole,PAN,,,Floral,Fruity,Rose
8021-36-1,Opoponax absolute,OpA,absolute,,Amber,Sweet,Mushroom
8021-36-1,Opoponax CO2 extract,OPCE,extract,,Amber,Sweet,Mushroom
8021-36-1,Opoponax extract,OpE,extract,,Amber,Sweet,Mushroom
8021-36-1,Opoponax oil,OpO,oil,,Amber,Sweet,Mushroom
8021-36-1,Opoponax resinoid,OpR,resinoid,,Balsamic,Vanilla,Sweet
644-35-9,o-Propylphenol,Pp,,,Smoky,Medicinal,Burnt
8030-28-2,Orange blossoms absolute,OBA,absolute,,Floral,Neroli,Sweet
68514-75-0,Orange essence oil,OEO,oil,,Citrus,Orange,Sweet
8016-38-4,"Orange flower absolute, bitter (Neroli and Neroli Bigarade)",OFA,absolute,,Floral,Neroli,Sweet
8016-38-4,"Orange flower oil, bitter (Neroli and Neroli bigarade)",OFO,oil,,Floral,Neroli,Sweet
8030-28-2,Orange flower water absolute,OWA,absolute,,Floral,Neroli,Sweet
8016-38-4,"Orange flower, bitter, absolute",OFBA,absolute,,Floral,Neroli,Sweet
8016-38-4,"Orange flower, bitter, CO2 extract",OFE,extract,,Floral,Neroli,Sweet
8016-38-4,"Orange flower, bitter, concrete",OFC,concrete,,Floral,Neroli,Sweet
8016-38-4,"Orange flower, bitter, extract",OBE,extract,,Floral,Neroli,Sweet
8030-28-2,Orange flowers,ORF,,,Floral,Neroli,Sweet
8030-28-2,Orange leaf absolute,ORLA,absolute,,Floral,Neroli,Sweet
68916-04-1,"Orange oil, bitter",OBO,oil,,Citrus,Orange,Fruity
68916-04-1,"Orange oil, bitter",ORBO,oil,,Citrus,Orange,Fruity
68916-04-1,"Orange oil, bitter washed, rectified",OWO,oil,,Citrus,Orange,Fresh
8016-38-4,"Orange oil, peel, bitter",OPBO,oil,,Citrus,Orange,Fruity
8008-57-9,"Orange oil, sweet",ORSO,oil,,Citrus,Orange,Fruity
68606-94-0,"Orange oil, sweet terpeneless",OSWO,oil,,Citrus,Orange,Fruity
68917-07-7,"Orange oil, sweet, psoralen-free",OSPO,oil,,Citrus,Orange,Fruity
8008-57-9,"Orange oil, sweet, rectified",OSO2,oil,,Citrus,Orange,Fruity
68647-72-3,"Orange oil, sweet, terpenes",OSP,terpenes,,Citrus,Fruity,Orange
68606-94-0,"Orange peel oil, sweet terpeneless",OPSO,oil,,Citrus,Orange,Lemon
8008-57-9,"Orange peel, sweet oil",ORPO,oil,,Citrus,Orange,Fruity
8028-48-6,"Orange peel, sweet, extract",OSE,extract,,Citrus,Fresh,Sharp
8008-57-9,Orange sweet oil folded,OSFO,oil,,Citrus,Orange,Fruity
8008-57-9,"Orange sweet, Valencia oil",OVO,oil,,Citrus,Orange,Fruity
91079-33-3,"Orange, sour, ext., sapond.",ORS,,,Citrus,Orange,Floral
8008-57-9,"Orange, sweet, oil",OSO3,oil,,Citrus,Fresh,Sharp
8008-57-9,"Orange, sweet, oil fixed",OSO4,oil,,Citrus,Orange,Fruity
8008-57-9,"Orange, sweet, resinoid",OSR,resinoid,,Citrus,Orange,Fruity
8007-11-2,Origanum oil,OrO,oil,,Herbal,Fresh,Green
8007-11-2,Origanum oil (extractive),OREO,oil,,Herbal,Fresh,Green
68917-05-5,Osmanthus absolute,OsA,absolute,,Fruity,Peach,Floral
68917-05-5,Osmanthus concrete,OsC,concrete,,Fruity,Peach,Floral
68917-05-5,Osmanthus tincture,OsT,tincture,,Fruity,Peach,Floral
137-06-4,o-Toluenethiol,Tl,,,Sulfurous,Onion,Savoury
533-18-6,o-Tolyl acetate,TOA,,,Floral,Sweet,Fruity
19819-98-8,o-Tolylethanol,Ty,,,Floral,Rose,Cyclamen
28645-51-4,Oxacycloheptadec-10-ene-2-one,OXE,,,Musk like,Sweet,Berry
111879-80-2,"Oxacyclohexadec-12-en-2-one, (12E)-",OEN,,,Musk like,Warm,Powdery
111879-79-9,"Oxacyclohexadec-12-en-2-one, (12Z)-",OE2,,,Musk like,Warm,Powdery
99219-32-6,"Oxacyclohexadec-13-en-2-one, (13E)-",OE3,,,Musk like,Warm,Powdery
111879-81-3,"Oxacyclohexadec-13-en-2-one, (13Z)-",OE4,,,Musk like,Warm,Powdery
38223-29-9,"Oxacyclohexadecane-2,13-dione",OD6,,,Musk like,Sweet,Powdery
34902-57-3,Oxacyclohexadecen-2-one,OXO,,,Musk like,Warm,Powdery
329925-33-9,"Oxacyclopentadec-10-en-2-one, 13-methyl-",OEOM,,,Musk like,Fruity,Amber
6324-78-3,"p-(2,2-Dimethoxyethoxy)toluene",DTO,,,Floral,Green,Fresh
42866-91-1,"p-(2,2-Dimethoxyethyl)toluene",DT3,,,Green,Floral,Aldehydic
1195-32-0,"p,alpha-Dimethylstyrene",αDi,,alpha,Smoky,Spicy,Clove
8014-19-5,Palmarosa oil,PaO,oil,,Floral,Herbal,Green
1197-01-9,"p-alpha,alpha-Trimethylbenzyl alcohol",αATA,,alpha,Fruity,Cherry,Sweet
104-21-2,p-Anisyl acetate,AA4,,,Floral,Anisic,Fruity
84625-29-6,Paprika oleoresin,PaL,oleoresin,,Spicy,Warm,Dry
123-63-7,Paraldehyde,Pa,,,Fruity,Sweet,Aromatic
8000-68-8,Parsley herb oil,PHO,oil,,Herbal,Parsley,Green
8025-95-4,Parsley oleoresin,PrL,oleoresin,,Spicy,Green,Peppery
8000-68-8,Parsley seed oil,PSO,oil,,Herbal,Parsley,Green
854535-37-8,Passionflower extract,PaE,extract,,Fruity,Tropical-Fruit,Grapefruit
8014-09-3,Patchouli,Pc,,,Woody,Earthy,Patchouli
8014-09-3,Patchouli,Pat,,,Woody,Earthy,Patchouli
8014-09-3,Patchouli absolute,PaA,absolute,,Woody,Earthy,Patchouli
5986-55-0,Patchouli alcohol,PAL,,,Woody,Patchouli,Earthy
8014-09-3,Patchouli CO2 extract,PCE,extract,,Woody,Earthy,Patchouli
8014-09-3,Patchouli extract,PtE,extract,,Woody,Earthy,Patchouli
8014-09-3,Patchouli oil,PtO,oil,,Woody,Earthy,Patchouli
8014-09-3,Patchouli oil,PcO,oil,,Woody,Earthy,Patchouli
8014-09-3,Patchouli oil (low Fe),PLO,oil,,Woody,Earthy,Patchouli
8014-09-3,"Patchouli oil, rectified",PhO,oil,,Woody,Earthy,Patchouli
73049-67-9,"Patchouli oil, terpene-free",PatO,oil,,Woody,Earthy,Patchouli
106-44-5,p-Cresol,Cr4,,,Floral,Jasmin,Ylang
614-34-6,p-Cresyl benzoate,CRB,,,Smoky,Woody,Ylang
607-88-5,p-Cresyl salicylate,CRS,,,Balsamic,Floral,Green
99-87-6,p-Cymene,Cym,,,Citrus,Lemon,Green
150-78-7,p-Dimethoxybenzene,Di24,,,Powdery,Anisic,Balsamic
1429493-82-2,Peach extract,PeE,extract,,Fruity,Peach,Juicy
90082-43-2,Pear distillate,PeD,distillate,,Fruity,Pear,Apple
94333-77-4,"Pelargonium graveolens, ext., sapond.",PG,,,Floral,Geranium,Rose
8013-99-8,"Pennyroyal oil, Europe",PEEO,oil,,Minty,Fresh,Herbal
68917-60-2,"Pennyroyal oil, terpenes",PeP,terpenes,,Minty,Herbal,Green
55590-83-5,"Pentanoic acid, 2-​methylbutyl ester",PAME,,,Fruity,Valerian,Floral
26516-27-8,"Pentanoic acid, 3-methyl-2-oxo-, ethyl ester",PAMO,,,Food Like,Nutty,Woody
628-63-7,Pentyl acetate,PA3,,,Fruity,Pear,Banana
2049-96-9,Pentyl benzoate,PEB,,,Floral,Soft,Rose
25415-62-7,Pentyl isovalerate,PEI,,,Fruity,Apple,Pear
5137-52-0,Pentyl phenylacetate,PEP,,,Balsamic,Sweet,Honey
624-54-4,Pentyl propionate,PP4,,,Fruity,Sweet,Pineapple
68917-24-8,"Pepper oil black, terpene-free",PEBO,oil,,Spicy,Peppery,Warm
8006-82-4,"Pepper, black, absolute",PBA,absolute,,Spicy,Peppery,Warm
8006-82-4,"Pepper, black, CO2 extract",PBE,extract,,Spicy,Peppery,Warm
8006-82-4,"Pepper, black, oil",PBLO,oil,,Spicy,Peppery,Warm
8006-82-4,"Pepper, black, oil, rectified",PBO2,oil,,Spicy,Peppery,Warm
8002-56-0,"Pepper, black, oleoresin",PBL,oleoresin,,Spicy,Warm,Peppery
72869-79-5,"Pepper, black, terpenes",PBP,terpenes,,Spicy,Peppery,Warm
8006-82-4,"Pepper, white, CO2 extract",PWE,extract,,Spicy,Peppery,Warm
8006-82-4,"Pepper, white, oil",PWO,oil,,Spicy,Peppery,Warm
68606-97-3,"Peppermint oil, terpeneless",PeO,oil,,Minty,Peppermint,Fresh
8006-90-4,Peppermint absolute,PeA,absolute,,Minty,Herbal,Camphoraceous
8006-90-4,Peppermint CO2 extract,PECE,extract,,Minty,Herbal,Camphoraceous
8006-90-4,Peppermint leaves,PL,,,Minty,Herbal,Camphoraceous
8006-90-4,Peppermint oil,PpO,oil,,Minty,Herbal,Camphoraceous
8006-90-4,"Peppermint oil, rectified",PepO,oil,,Minty,Herbal,Camphoraceous
68608-37-7,"Peppermint oil, terpenes",PpP,terpenes,,Herbal,Minty,Cooling
68606-96-2,"Peppermint oils, reaction products with hydrogen sulfide",POR,,,Minty,Peppermint,Fresh
68132-21-8,Perilla oil,PrO,oil,,Herbal,Green,Spicy
8008-26-2,"Persian lime oil, expressed",PLEO,oil,,Citrus,Lime,Green
444085-42-1,Persicaria odorata oil,POO,oil,,Spicy,Coriander,Floral
8007-00-9,Peru balsam distillate,PBD,distillate,,Woody,Balsamic,Vanilla
123-07-9,p-Ethylphenol,Et5,,,Smoky,Leathery,Warm
8007-75-8,Petitgrain bergamot oil,PBEO,oil,,Citrus,Fresh,Floral
8014-17-3,Petitgrain bigarade oil,PBIO,oil,,Floral,Spicy,Fresh
8048-51-9,Petitgrain lemon oil,PELO,oil,,Floral,Green,Spicy
8014-17-3,Petitgrain mandarin oil,PMO,oil,,Floral,Spicy,Fresh
68915-85-5,"Petitgrain oil terpeneless, Paraguay",PEPO,oil,,Floral,Neroli,Green
68917-61-3,"Petitgrain oil terpenes, Paraguay",PPP,terpenes,,Green,Orange,Floral
8014-17-3,"Petitgrain oil, Paraguay",PPAO,oil,,Green,Orange,Floral
8014-17-3,"Petitgrain oil, rectified, Paraguay",PPO2,oil,,Green,Orange,Floral
68606-99-5,"Petitgrain oils, saponified",POI,,,Citrus,Petitgrain,Floral
8014-17-3,"Petitgrain orange leaf oil, bitter, rectified",POLO,oil,,Floral,Spicy,Neroli
8014-17-3,"Petitgrain water absolute, Paraguay",PWA,absolute,,Citrus,Neroli,Green
1329-99-3,Phellandrene,Pl,,,Herbal,Minty,Balsamic
6315-04-4,Phenethyl 2-ethylbutyrate,PET,,,Fruity,Green,Floral
103-45-7,Phenethyl acetate,PA4,,,Floral,Rose,Honey
60-12-8,Phenethyl alcohol,PA5,,,Floral,Rose,Honey
94-47-3,Phenethyl benzoate,PB2,,,Floral,Rose,Balsamic
103-52-6,Phenethyl butyrate,PBU,,,Fruity,Floral,Sweet
103-53-7,Phenethyl cinnamate,PC2,,,Floral,Spicy,Balsamic
104-62-1,Phenethyl formate,PF,,,Floral,Rose,Hyacinth
6290-37-5,Phenethyl hexanoate,PHH,,,Fruity,Sweet,Honey
103-48-0,Phenethyl isobutyrate,PI2,,,Fruity,Honey,Floral
2257-09-2,Phenethyl isothiocyanate,PI3,,,Green,Fruity,Oily
140-26-1,Phenethyl isovalerate,PI4,,,Fruity,Berry,Sweet
5457-70-5,Phenethyl octanoate,POC,,,Floral,Green,Fruity
102-20-5,Phenethyl phenylacetate,PPH,,,Floral,Rose,Balsamic
122-70-3,Phenethyl propionate,PP5,,,Green,Hyacinth,Nasturtium
87-22-9,Phenethyl salicylate,PHS,,,Floral,Powdery,Rose
55719-85-2,Phenethyl tiglate,PTI,,,Floral,Aromatic,Rose
108-95-2,Phenol,Ph5,,,Animal like,Phenolic,Dry
52514-67-7,"Phenol, 2-​ethoxy-​4-​(4,​4,​6-​trimethyl-​1,​3-​dioxan-​2-​yl)​-",PETD,,,Gourmand,Vanilla,Creamy
71119-07-8,"Phenol, 2-​ethoxy-​4-​(ethoxymethyl)​-",PE2,,,Spicy,Vanilla,Woody
52514-66-6,"Phenol, 2-​methoxy-​4-​(4,​4,​6-​trimethyl-​1,​3-​dioxan-​2-​yl)​-",PMT,,,Gourmand,Sweet,Vanilla
70955-71-4,"Phenol, 2-methoxy-, reaction products with 2,2-dimethyl-3-",PMR,,,Woody,Sandalwood,"Warm methylenebicyclo[2.2.1]heptane, hydrogenated"
2120-70-9,Phenoxyacetaldehyde,Ph6,,,Green,Floral,Aldehydic
118-55-8,Phenyl salicylate,PSA,,,Balsamic,Floral,Ylang
122-78-1,Phenylacetaldehyde,Ph7,,,Floral,Hyacinth,Green
67633-94-7,"Phenylacetaldehyde 2,4-dihydroxy-2-methylpentane acetal",PDM,,,Floral,Hyacinth,Green
6314-97-2,Phenylacetaldehyde diethyl acetal,PHD,,,Green,Floral,Fresh
101-48-4,Phenylacetaldehyde dimethyl acetal,PDI,,,Floral,Green,Hyacinth
101-49-5,Phenylacetaldehyde ethylene glycol acetal,PEG,,,Green,Floral,Hyacinth
29895-73-6,Phenylacetaldehyde glyceryl acetal,PGA,,,Floral,Green,Honey
7028-48-0,Phenylacetaldehyde oxime,POX,,,Green,Honey,Floral
103-82-2,Phenylacetic acid,PA6,,,Honey,Floral,Sweet
24817-51-4,Phenylethyl 2-methylbutyrate,PME,,,Floral,Green,Rose
133-18-6,Phenylethyl anthranilate,PA7,,,Floral,Sweet,Rose
56011-02-0,Phenylethyl isoamyl ether,PIE,,,Green,Fruity,Fresh
1335-10-0,Phenylpropionaldehyde,Ph8,,,Green,Aldehydic,Floral
150-86-7,Phytol,Phy,,,Floral,Waxy,Powdery
10236-16-5,Phytyl acetate,PA8,,,Balsamic,Fruity,Jasmin
8006-77-7,Pimenta leaf oil,PILO,oil,,Spicy,Sweet,Balsamic
8006-77-7,Pimenta leaf oil (low methyleugenol),PLLO,oil,,Spicy,Sweet,Balsamic
8021-29-2,Pine needle oil,PNO,oil,,Aromatic,Pine,Woody
8000-26-8,"Pine needle, dwarf, oil",PDO,oil,,Aromatic,Pine,Woody
8002-09-3,Pine oil,PiO,oil,,Herbal,Pine,Fresh
68440-45-9,"Pine oils, acetylated",POA,,,Herbal,Pine,Woody
8023-99-2,Pine Scotch absolute,PISA,absolute,,Aromatic,Woody,Pine
8023-99-2,Pine Scotch oil,PISO,oil,,Aromatic,Woody,Pine
8023-99-2,Pine Scotch resinoid,PSR,resinoid,,Aromatic,Woody,Pine
8023-99-2,"Pine Scotch, concrete",PSC,concrete,,Aromatic,Woody,Pine
8023-99-2,"Pine Scotch, extract",PSE,extract,,Aromatic,Woody,Pine
8023-99-2,"Pine Scotch, pyrogenated oil",PSPO,oil,,Aromatic,Woody,Pine
8011-48-1,Pine tar oil,PTO,oil,,Aromatic,Pine,Citrus
8011-48-1,"Pine tar oil, rectified",PITO,oil,,Aromatic,Pine,Citrus
73049-71-5,"Pine, extract",PiE,extract,,Aromatic,Pine,Woody
8000-26-8,"Pine, Pinus maritima, sawdust oil",PPMO,oil,,Aromatic,Pine,Woody
8000-26-8,"Pine, Pinus pinaster, absolute",PPA,absolute,,Aromatic,Pine,Woody
8000-26-8,"Pine, Pinus pinaster, extract",PPE,extract,,Aromatic,Pine,Woody
97676-05-6,"Pine, Pinus pumila, extract",PPPE,extract,,Aromatic,Pine,Green
68917-26-0,Pineapple alcoholate,PIA,,,Fruity,Pineapple,Sweet
97676-27-2,Pineapple extract,PnE,extract,,Fruity,Pineapple,Green
1078-95-1,Pinocarvyl acetate,PA9,,,Herbal,Pine,Green
8000-26-8,Pinus nigra oil,PINO,oil,,Aromatic,Pine,Woody
90082-60-3,Piper longum CO2 extract,PLE,extract,,Spicy,Peppery,Dry
90082-60-3,Piper longum extract,PILE,extract,,Spicy,Peppery,Dry
90082-60-3,Piper longum oil,PLOO,oil,,Spicy,Peppery,Dry
110-89-4,Piperidine,Pi,,,Floral,Sweet,Animal Like
94-62-2,Piperine,Pip,,,Balsamic,Animal Like,Peppery
89-81-6,Piperitone,Pi2,,,Herbal,Minty,Camphoraceous
120-57-0,Piperonal,Pi3,,,Anisic,Floral,Powdery
326-61-4,Piperonyl acetate,PA10,,,Fruity,Raspberry,Floral
6658-48-6,p-Isobutyl-alpha-methyl hydrocinnamaldehyde,αIH,,alpha,Floral,Muguet,Citrus
4395-92-0,p-Isopropyl phenylacetaldehyde,IP8,,,Green,Leafy,Woody
59230-57-8,p-Isopropylbenzyl acetate,IA12,,,Herbal,Bergamot,Fresh
536-60-7,p-Isopropylbenzyl alcohol,IA13,,,Spicy,Sweet,Aromatic
92457-29-9,Plumeria absolute,PlA,absolute,,Floral,Frangipani,Sweet
10482-56-1,p-Menth-1-en-8-ol (S),ME2,,,Herbal,Floral,Pine
138-87-4,p-Menth-8-en-1-ol,ME3,,,Woody,Pine,Herbal
7764-50-3,p-Menth-8-en-2-one,ME4,,,Minty,Warm,Herbal
99-86-5,"p-Mentha-1,3-diene",MD9,,,Citrus,Lemon,Herbal
99-85-4,"p-Mentha-1,4-diene",MD10,,,Herbal,Citrus,Spicy
2111-75-3,"p-Mentha-1,8-dien-7-al",MD11,,,Green,Fresh,Herbal
536-59-4,"p-Mentha-1,8-dien-7-ol",MD12,,,Floral,Spicy,Woody
15111-96-3,"p-Mentha-1,8-dien-7-yl acetate",MDY,,,Fruity,Woody,Raspberry
38462-22-5,p-Mentha-8-thiol-3-one,MT7,,,Fruity,Berry,Citrus
499-70-7,p-Menthan-2-one,MO6,,,Minty,Spearmint,Cooling
68921-26-6,p-Menthylene sulfide 1% in limonene,MSI,,,Citrus,Grapefruit,Spicy
123-11-5,p-Methoxybenzaldehyde,Me23,,,Powdery,Almond,Anisic
874-90-8,p-Methoxybenzonitrile,Me24,,,Floral,Sweet,Coumarin
1963-36-6,p-Methoxycinnamaldehyde,Me25,,,Spicy,Cinnamon,Sweet
84697-09-6,p-Methyl-alpha-amyl cinnamic aldehyde,αMAC,,alpha,Floral,Violet,Jasmin
104-93-8,p-Methylanisole,Me26,,,Floral,Fresh,Ylang
91-61-2,p-Methyltetrahydroquinoline,Me27,,,Animal like,Amber,indolic
104-45-0,p-Propylanisole,Pro,,,Herbal,Anisic,Fruity
76649-23-5,Prenyl isobutyrate,PRI,,,Fruity,Blueberry,Raspberry
1005328-84-6,Procavia capensis extract,PRCE,extract,,Animal like,Leathery,Tobacco
1005328-84-6,"Procavia capensis, tincture",PCT,tincture,,Animal like,Leathery,Tobacco
478695-70-4,"Propanedioic acid, 1-(3,3-dimethylcyclohexyl) ethyl, ethyl ester",PADE,,,Musk like,Apple,Powdery
107-03-9,Propanethiol,Pr2,,,Green,Sulfurous,Cabbage
25265-77-4,"Propanoic acid, 2-​methyl-​, monoester with 2,​2,​4-​trimethyl-​1,​3-​pentanediol",PAMM,,,Fruity,Fresh,Floral
34451-19-9,"Propanoic acid, 2-hydroxy-, butyl ester, (2S)-",PAH,,,Fruity,Sweet,Fermented
94-86-0,Propenylguaethol,Pr3,,,Gourmand,Vanilla,Sweet
123-38-6,Propionaldehyde,Pr4,,,Fruity,Earthy,Nutty
79-09-4,Propionic acid,PA11,,,Acidic,Pungent,Cheesy
319002-92-1,"Propyl (2S)-2-(1,1-dimethylpropoxy)-propanoate",PDP,,,Herbal,Fresh,Sage
37064-20-3,Propyl 2-methylbutyrate,PRM,,,Fruity,Fermented,Sweet
109-60-4,Propyl acetate,PA12,,,Fruity,Raspberry,Pear
71-23-8,Propyl alcohol,PA13,,,Fruity,Musty,Fermented
105-66-8,Propyl butyrate,PB3,,,Fruity,Sweet,Tropical-Fruit
626-77-7,Propyl hexanoate,PH2,,,Fruity,Pineapple,Green
557-00-6,Propyl isovalerate,PI5,,,Fruity,Apple,Sweet
7493-57-4,Propyl phenethyl acetal,PRP,,,Floral,Green,Hyacinth
4606-15-9,Propyl phenylacetate,PP6,,,Floral,Sweet,Honey
106-36-5,Propyl propionate,PP7,,,Fruity,Sweet,Pineapple
68412-04-4,Pseudo linalyl acetate,PLA,,,Citrus,Sweet,Floral
80-54-6,p-t-Butyl-alpha-methylhydrocinnamic aldehyde,αBA,,alpha,Floral,Muguet,Aldehydic
943-27-1,p-tert-Butylacetophenone,Bu6,,,Floral,Musk Like,Warm
98-53-3,p-tert-Butylcyclohexanone,Bu7,,,Woody,Camphoraceous,Minty
18127-01-0,p-tert-Butyldihydrocinnamaldehyde,Bu8,,,Floral,Muguet,Aldehydic
104-87-0,p-Tolualdehyde,Tu,,,Spicy,Fruity,Almond
55066-56-3,p-Tolyl 3-methylbutyrate,TOM,,,Tobacco like,Spicy,Herbal
140-39-6,p-Tolyl acetate,TA3,,,Floral,Ylang,Phenolic
589-18-4,p-Tolyl alcohol,TAL,,,Spicy,Cinnamon,Floral
103-93-5,p-Tolyl isobutyrate,TOI,,,Floral,Lily,Fruity
59558-23-5,p-Tolyl octanoate,TOC,,,Floral,Animal Like,Jasmin
101-94-0,p-Tolyl phenylacetate,TP4,,,Floral,Narcissus,Hyacinth
104-09-6,p-Tolylacetaldehyde,Tol,,,Green,Hyacinth,Almond
89-82-7,Pulegone,Pg,,,Minty,Sweet,Spearmint
2882-20-4,"Pyrazine, 2-methyl-3-(methylthio)-",PMM,,,Food Like,Nutty,Almond
67952-65-2,"Pyrazine, methyl (methylthio)-",PYM,,,Food Like,Nutty,Earthy
90145-47-4,"Pyridine, 3-(2,2-dimethylpropyl)-",PYD,,,Fruity,Floral,Green
862079-91-2,"Pyridine, 4-[1(4-,5 or 6)-methylbicyclo[2.2.1]hept-5-en-2-yl]-",POMH,,,Green,Onion,Phenolic
125352-06-9,"Pyridine, 4-ethenyl-, reaction products with 3a,4,7,7a-tetrahydrodimethyl-4,7-methano-",PER,,,Floral,Orris,Violet 1H-indene
8030-97-5,Pyroligneous acid,PYA,,,Woody,Smoky,Burnt
8028-47-5,Pyroligneous acid extract,PAE,extract,,Woody,Smoky,Dry
127-17-3,Pyruvic acid,PA14,,,Acidic,Sharp,Ethereal
68917-78-2,"Resins, oleo-, paprika",RP,,,Spicy,Sweet,Aromatic
108-46-3,Resorcinol,Re,,,Balsamic,Hawthorn,Floral
6812-78-8,Rhodinol,Rh,,,Floral,Rose,Geranium
141-11-7,Rhodinyl acetate,RA,,,Floral,Rose,Citrus
141-15-1,Rhodinyl butyrate,RB,,,Fruity,Rose,Citrus
141-09-3,Rhodinyl formate,RF,,,Floral,Citrus,Fruity
10486-14-3,Rhodinyl phenylacetate,RHP,,,Floral,Rose,Honey
105-89-5,Rhodinyl propionate,RPR,,,Floral,Rose,Geranium
68553-81-1,Rice absolute,RiA,absolute,,Food Like,Rice,Oily
8007-01-0,Rose,Ro,,,Floral,Rose,Green
90106-38-0,Rose absolute,RoA,absolute,,Floral,Rose,Creamy
8007-01-0,Rose absolute,RsA,absolute,,Floral,Rose,Green
8007-01-0,Rose centifolia alcoholate,RC,,,Floral,Rose,Green
8007-01-0,Rose centifolia CO2 extract,RCE,extract,,Floral,Rose,Green
8007-01-0,Rose centifolia oil expressed (low methyleugenol),RCO,oil,,Floral,Rose,Green
8007-01-0,Rose CO2 extract,ROCE,extract,,Floral,Rose,Green
8007-01-0,Rose concrete,RoC,concrete,,Floral,Rose,Warm
8007-01-0,Rose extract,RoE,extract,,Floral,Rose,Green
8007-01-0,Rose extract,RsE,extract,,Floral,Rose,Green
8007-01-0,Rose oil,RoO,oil,,Floral,Rose,Green
8007-01-0,Rose oil,RsO,oil,,Floral,Rose,Green
8007-01-0,Rose oil (low methyleugenol),RLO,oil,,Floral,Rose,Green
8007-01-0,"Rose oil, folded",RFO,oil,,Floral,Rose,Green
3033-23-6,Rose oxide levo,RL,,,Floral,Woody,Dry
8007-01-0,Rose tincture,RoT,tincture,,Floral,Rose,Green
8007-01-0,Rose tincture,RsT,tincture,,Floral,Rose,Green
8007-01-0,Rose water oil,RWO,oil,,Floral,Rose,Green
8000-25-7,Rosemary absolute,ReA,absolute,,Herbal,Aromatic,Fresh
8000-25-7,Rosemary extract,ReE,extract,,Herbal,Aromatic,Fresh
8000-25-7,Rosemary oil,ReO,oil,,Herbal,Aromatic,Fresh
8000-25-7,"Rosemary oil, rectified",RmO,oil,,Herbal,Aromatic,Fresh
68917-54-4,"Rosemary oils, terpene-free",ROO,,,Camphoraceous,Rosemary,Herbal
8015-77-8,Rosewood oil,RwO,oil,,Floral,Citrus,Coriander
72379-31-8,Rubus idaeus absolute,RIA,absolute,,Fruity,Raspberry,Green
72379-31-8,Rubus idaeus alcoholate,RI,,,Fruity,Raspberry,Green
72379-31-8,Rubus idaeus extract,RIE,extract,,Fruity,Raspberry,Sweet
8014-29-7,Rue oil,RuO,oil,,Herbal,Fruity,Sharp
943609-24-3,Rum (non-concentrated) extract,RNE,extract,,Fruity,Rum,Fresh
943609-24-3,Rum absolute,RuA,absolute,,Fruity,Rum,Fresh
943609-24-3,Rum CO2 extract,RUCE,extract,,Fruity,Rum,Fresh
943609-24-3,Rum CO2 extract,RCOE,extract,,Fruity,Rum,Fresh
8030-89-5,Rum ether,RE,,,Fruity,Fermented,Ethereal
943609-24-3,Rum extract,RuE,extract,,Fruity,Rum,Fresh
34322-09-3,S-(1-Methylpropyl) 3-methylbut-2-enethioate,MM25,,,Green,Herbal,Spicy
34365-79-2,S-1-Methylethyl 3-methylbut-2-enethioate,MM26,,,Green,Herbal,Leafy
2432-91-9,S-2-Butyl 3-methylbutanethioate,BM10,,,Green,Herbal,Leafy
3387-41-5,Sabinene,Sa,,,Balsamic,Woody,Pine
8022-19-3,Saffron absolute,SaA,absolute,,Spicy,Saffron,Dry
8022-19-3,Saffron distillate,SaD,distillate,,Spicy,Saffron,Dry
8022-19-3,Saffron extract,SaE,extract,,Spicy,Saffron,Herbal
8022-56-8,Sage Dalmatian oil,SDO,oil,,Herbal,Sage,Green
8022-56-8,"Sage oil, Spanish",SSO,oil,,Herbal,Sage,Green
90-02-8,Salicylaldehyde,Sl,,,Spicy,Medicinal,Cinnamon
1070895-66-7,Sandalwood absolute,SnA,absolute,,Woody,Sandalwood,Warm
1070895-66-7,Sandalwood extract,SnE,extract,,Woody,Creamy,Sandalwood
8006-87-9,Sandalwood oil,SaO,oil,,Woody,Sandalwood,Warm
68917-53-3,"Sandalwood oil, acetylated",SAO,oil,,Woody,Sandalwood,Oily
8024-35-9,"Sandalwood oil, Australian",SAAO,oil,,Woody,Sandalwood,Creamy
8024-35-9,"Sandalwood oil, Australian, rectified",SAUO,oil,,Woody,Sandalwood,Creamy
1070895-66-7,"Sandalwood oil, rectified",SnO,oil,,Woody,Creamy,Sandalwood
11031-45-1,Santalol,Sn,,,Woody,Sandalwood,Creamy
1323-00-8,Santalyl acetate,SA,,,Woody,Sandalwood,Oily
1365254-19-8,Sarcocaulon mossamedense extract,SME,extract,,Woody,Incense,Balsamic
85085-28-5,Sarcodactylis oil,SrO,oil,,Citrus,Lemon,Fruity
8006-80-2,Sassafras oil,SsO,oil,,Spicy,Camphoraceous,Woody
8016-68-0,Savory summer oil,SASO,oil,,Herbal,Aromatic,Green
90106-57-3,Savory winter oil,SWO,oil,,Herbal,Aromatic,Medicinal
68917-52-2,Schinus molle oil,SMO,oil,,Spicy,Aromatic,Peppery
68917-52-2,Schinus molle oil CO2 extract,SCE,extract,,Spicy,Aromatic,Peppery
68917-52-2,Schinus molle oil terpenless,STO,oil,,Spicy,Aromatic,Peppery
68917-52-2,"Schinus molle oil, rectified",SCMO,oil,,Spicy,Aromatic,Peppery
949495-68-5,Schinus terebenthifolius CO2 extract,STE,extract,,Spicy,Peppery,Floral
949495-68-5,Schinus terebinthifolius oil,SCTO,oil,,Spicy,Dry,Peppery
515-03-7,Sclareol,Sc,,,Balsamic,Amber,Sage
564-20-5,Sclareolide,Sr,,,Woody,Dry,Amber
8023-80-1,Scotch broom absolute,SBA,absolute,,Floral,Jasmin,Honey
8023-80-1,Scotch broom oil,SBO,oil,,Floral,Hay,Honey
2679-87-0,sec-Butyl ethyl ether,BEE,,,Fruity,Berry,Oily
68198-80-1,sec-Butylquinoline,Bu9,,,Animal like,Leathery,Green
8008-74-0,Sesame seed CO2 extract,SSE,extract,,Food Like,Sesame,Toasted
8008-74-0,Sesame seed distillate,SSD,distillate,,Food Like,Sesame,Toasted
8008-74-0,Sesame seed extract,SESE,extract,,Food Like,Sesame,Toasted
8008-74-0,Sesame seed oil,SESO,oil,,Food Like,Sesame,Toasted
102242-62-6,Sichuan pepper CO2 extract,SPE,extract,,Citrus,Peppery,Grapefruit
34322-06-0,S-Isopropyl 3-methylthiobutyrate,IM11,,,Green,Galbanum,Sulfurous
83-34-1,Skatole,Sk,,,Animal like,Indolic,Floral
91770-24-0,"Spearmint oil, 60%",SpO,oil,,Minty,Spearmint,Herbal
91770-24-0,"Spearmint oil, Scotch",SPSO,oil,,Minty,Spearmint,Herbal
91770-24-0,"Spearmint oil, Scotch, rectified",SSCO,oil,,Minty,Spearmint,Herbal
8008-79-5,Spearminty absolute,SpA,absolute,,Minty,Herbal,Green
8008-79-5,Spearminty CO2 extract,SPCE,extract,,Minty,Herbal,Green
8008-79-5,Spearminty extract,SpE,extract,,Minty,Herbal,Green
8008-79-5,Spearminty oil,SeO,oil,,Minty,Herbal,Green
8008-79-5,Spearminty oil terpenes,SpP,terpenes,,Minty,Herbal,Green
8008-79-5,"Spearminty oil, rectified",SpeO,oil,,Minty,Herbal,Green
68917-46-4,"Spearminty oil, terpeneless",SpO2,oil,,Minty,Green,Camphoraceous
8016-78-2,Spike lavender oil,SLO,oil,,Floral,Herbal,Lavender
8022-22-8,Spikenard oil,SiO,oil,,Spicy,Sweet,Woody
154171-76-3,"Spiro[1,3-dioxolane-2,8'(5'H)-[2H-2,4a]methanonaphthalene], hexahydro-1',1',5',5'-",SD,,,Woody,Amber,Cedarwood tetramethyl-
154171-77-4,"Spiro[1,3-dioxolane-2,8'(5'H)-[2H-2,4a]methanonaphthalene],hexahydro-1',1',5',5'-",SM,,,Woody,Dry,"Vetiver tetramethyl-, [2'S-(2'.alpha.,4'a.alpha.,8'a.alpha.)]-"
502847-01-0,"Spiro[5.5]undec-8-en-1-one, 2,2,7,9-tetramethyl-",SU,,,Herbal,Sage,Citrus
188199-50-0,"Spiro[bicyclo[2.2.1]heptane-s,4'-[1,2]dioxane], 1,7,7-trimethyl-2'-(methylethyl)-,",SB,,,Woody,Amber,"Balsamic (1R,2S,2'S,4R)"
121251-67-0,"Spiro[bicyclo[4.1.0]heptane-2,5'-[1,3]dioxane], 2',2',3,7,7-pentamethyl-,",SH,,,Woody,Amber,"Dry (1.alpha.,3.alpha.,6.alpha.)-"
121251-68-1,"Spiro[bicyclo[4.1.0]heptane-2,5'-[1,3]dioxane], 2',2',3,7,7-pentamethyl-,",SP,,,Amber,Woody,"Spicy (1.alpha.,3.beta.,6.alpha.)-"
678981-31-2,"Spiro{5.5}undec-8-en-1-ol,2,2,9,11-tetramethyl-,1-acetate",SE,,,Woody,Amber,Powdery
8008-80-8,"Spruce oil, Black",SPBO,oil,,Herbal,Pine,Woody
68952-43-2,Star anise CO2 extract,SAE,extract,,Anisic,Sweet,Spicy
68952-43-2,Star anise extract,STAE,extract,,Anisic,Sweet,Spicy
68952-43-2,Star anise oil,STAO,oil,,Anisic,Sweet,Spicy
72869-72-8,Star anise oil terpeneless,SANO,oil,,Anisic,Sweet,Spicy
68952-43-2,Star anise oil terpenes,SAP,terpenes,,Anisic,Sweet,Spicy
90131-36-5,Strawberry extract,StE,extract,,Fruity,Strawberry,Raspberry
91845-51-1,"Styrax (balsam), American, saponified",SS,,,Balsamic,Amber,Leathery
8024-01-9,Styrax absolute,StA,absolute,,Balsamic,Amber,Floral
8046-19-3,Styrax absolute (low sytrene),SLA,absolute,,Balsamic,Amber,Floral
8046-19-3,"Styrax absolute, Honduras",SHA,absolute,,Balsamic,Amber,Floral
8024-01-9,Styrax distillate,StD,distillate,,Balsamic,Amber,Floral
8046-19-3,Styrax essence pyrogenated,SEP,,,Balsamic,Amber,Leathery
8046-19-3,Styrax extract,SyE,extract,,Balsamic,Amber,Floral
8046-19-3,Styrax oil,StO,oil,,Balsamic,Amber,Floral
8046-19-3,"Styrax oil, Honduras",SHO,oil,,Balsamic,Amber,Floral
8024-01-9,"Styrax oil, Oriental",SOO,oil,,Balsamic,Amber,Floral
8024-01-9,"Styrax oil, Oriental",STOO,oil,,Balsamic,Amber,Floral
8024-01-9,"Styrax oil, pyrogenated",SPO,oil,,Balsamic,Amber,Floral
8024-01-9,"Styrax oil, pyrogenated, distilled",STPO,oil,,Balsamic,Amber,Floral
8046-19-3,Styrax resin,SR,,,Balsamic,Amber,Floral
8046-19-3,Styrax resinoid,StR,resinoid,,Balsamic,Amber,Floral
100-42-5,Styrene,St,,,Floral,Balsamic,Powdery
10521-96-7,Styryl acetate,STA,,,Fruity,Sweet,Pear
8016-84-0,Tagetes erecta absolute,TEA,absolute,,Herbal,Floral,Minty
8016-84-0,Tagetes erecta extract,TAEE,extract,,Herbal,Floral,Minty
8016-84-0,Tagetes erecta oil,TEO,oil,,Herbal,Floral,Minty
8016-84-0,Tagetes minuta absolute,TMA,absolute,,Herbal,Floral,Minty
8016-84-0,Tagetes minuta oil,TAMO,oil,,Herbal,Floral,Minty
8016-84-0,"Tagetes minuta oil, rectified",TMIO,oil,,Herbal,Floral,Minty
91722-29-1,Tagetes patula absolute,TPA,absolute,,Spicy,Fruity,Tobacco
72968-49-1,Tamarind extract,TaE,extract,,Fruity,Aromatic,Citrus
39386-78-2,Tamarind seed gum,TS,,,Aromatic,Fruity,Citrus
72869-73-9,"Tangelo oil, expressed",TAEO,oil,,Citrus,Orange,Mandarin
8016-85-1,Tangerine oil,TaO,oil,,Citrus,Sweet,Orange
8016-85-1,Tangerine oil,TnO,oil,,Citrus,Sweet,Orange
68608-38-8,Tangerine oil terpenes,TaP,terpenes,,Citrus,Sweet,Tangerine
8016-85-1,"Tangerine oil, folded",TFO,oil,,Citrus,Sweet,Orange
8016-87-3,Tansy oil,TsO,oil,,Herbal,Minty,Citrus
93924-73-3,"Tar wood oil, distilled",TWO,oil,,Woody,Smoky,Burnt
8016-88-4,Tarragon oil,TrO,oil,,Anisic,Herbal,Green
8016-88-4,Tarragon oil (low methyleugenol),TLO,oil,,Spicy,Anisic,Herbal
950854-40-7,Tea leaf absolute,TLA,absolute,,Fruity,Tea,Green
950854-40-7,Tea leaf oil,TELO,oil,,Fruity,Tea,Green
68647-73-4,Tea tree oil,TETO,oil,,Herbal,Camphoraceous,Minty
15356-74-8,Tealactone,Tea,,,Fruity,Apricot,Plum
68188-04-5,"Terpenes and terpenoids, clove-oil, reaction products with formaldehyde",ATO,oil,,Spicy,Clove,Floral
72230-85-4,"Terpenes and terpenoids, copaiba-oil, hydroxy, acetates",ATCO,oil,,Floral,Fruity,Terpenic
68608-36-6,"Terpenes and terpenoids, litsea cubeba-oil, hydrogenated",ATLO,oil,,Citrus,Herbal,Lemon
68917-57-7,"Terpenes and terpenoids, mixed sour and sweet orange oil",ATSO,oil,,Citrus,Orange,Lemon
1442462-94-3,"Terpenes and Terpenoids, patchouli-oil, a-guaiene fraction, oxidized",APO,oil,,Woody,Earthy,Terpenic
68917-63-5,"Terpenes and Terpenoids, sinpine",ATP,terpenes,,Herbal,Pine,Green
68938-00-1,"Terpenes and terpenoids, turpentine-oil residues",ATTO,oil,,Aromatic,Terpenic,Citrus
8000-41-7,Terpineol,Tp,,,Herbal,Floral,Pine
58985-02-7,"Terpineol, dihydro-",TD6,,,Herbal,Pine,Citrus
8006-39-1,Terpinol,Ter,,,Herbal,Floral,Pine
586-62-9,Terpinolene,Te2,,,Citrus,Pine,Herbal
8007-35-0,Terpinyl acetate (Isomer mixture),TAI,,,Herbal,Lavender,Floral
2153-28-8,Terpinyl butyrate,TEB,,,Balsamic,Fruity,Floral
2153-26-6,Terpinyl formate,TEF,,,Floral,Lavender,Fruity
7774-65-4,Terpinyl isobutyrate,TEI,,,Balsamic,Fruity,Floral
80-27-3,Terpinyl propionate,TEP,,,Herbal,Pine,Fruity
67634-08-6,Tetrahydro-.alpha.-pentylfurfuryl acetate,αTP,,alpha,Floral,Jasmin,Citrus
13481-09-9,Tetrahydro-2-(p-tolyloxy)-2H-pyrane,TTP,,,Floral,Hyacinth,Green
13477-62-8,Tetrahydro-2-isobutyl-4-methyl-2H-pyrane,TIS,,,Green,Rose,Geranium
30310-41-9,Tetrahydro-2-methyl-4-methylene-6-phenyl-2H-pyrane,TMM,,,Floral,Green,Geranium
16409-43-1,Tetrahydro-4-methyl-2-(2-methylpropen-1-yl)pyran,TME,,,Floral,Rose,Geranium
94201-73-7,Tetrahydro-4-methyl-2-phenyl-2H-pyran,TMP,,,Floral,Rose,Green
131766-73-9,Tetrahydro-4-methyl-2-propyl-2H-pyran-4-yl acetate,TMPP,,,Herbal,Sage,Aromatic
34686-71-0,Tetrahydro-6-(2-pentenyl)-2H-pyran-2-one,TPP,,,Fruity,Floral,Peach
32764-98-0,Tetrahydro-6-(3-pentenyl)-2H-pyran-2-one,TPPO,,,Fruity,Floral,Jasmin
97-99-4,Tetrahydrofurfuryl alcohol,TA4,,,Gourmand,Nutty,Caramel
5988-91-0,Tetrahydrogeranial,Tet,,,Citrus,Lemon,Aldehydic
78-69-3,Tetrahydrolinalool,Te3,,,Herbal,Floral,Lavender
20780-48-7,Tetrahydrolinalyl acetate,TA5,,,Citrus,Herbal,Fresh
41678-36-8,Tetrahydromuguol,Te4,,,Citrus,Fresh,Lily
18479-57-7,Tetrahydromyrcenol,Te5,,,Citrus,Lemon,Lime
1322-58-3,Tetrahydro-pseudo-ionone,TPI,,,Floral,Balsamic,Rose
61920-45-4,Tetramethyl isopropyl dioxane,TID,,,Woody,Earthy,Fruity
36431-72-8,Theaspirane,Ts,,,Herbal,Tea,Tobacco
39067-80-6,Thiogeraniol,Tg,,,Fruity,Berry,Minty
8007-46-3,Thyme absolute,ThA,absolute,,Herbal,Aromatic,Spicy
8007-46-3,"Thyme oil, red",THRO,oil,,Herbal,Aromatic,Spicy
8007-46-3,"Thyme oil, white",THWO,oil,,Herbal,Aromatic,Spicy
85085-75-2,"Thyme, Thymus zygis, absolute",TTA,absolute,,Herbal,Thyme,Camphoraceous
85085-75-2,"Thyme, Thymus zygis, oil",TZO,oil,,Herbal,Thyme,Camphoraceous
89-83-8,Thymol,Thy,,,Herbal,Green,Smoky
8037-19-2,Tobacco extract,ToE,extract,,Tobacco like,Smoky,Warm
73138-76-8,"Tobacco extract, nicotine-free",TNE,extract,,Tobacco like,Smoky,Warm
8037-19-2,Tobacco leaf absolute,TOLA,absolute,,Tobacco like,Smoky,Warm
73138-76-8,"Tobacco oils, nicotine-free",TO2,,,Woody,Tobacco,Smoky
8037-19-2,Tobacco oleoresin,ToL,oleoresin,,Tobacco like,Smoky,Warm
8024-03-1,"Tolu, balsam, extract",TBE,extract,,Balsamic,Vanilla,Warm
8024-03-1,"Tolu, balsam, gum",TG,,,Balsamic,Vanilla,Warm
8024-03-1,"Tolu, balsam, resinoid",TBR,resinoid,,Balsamic,Vanilla,Warm
1334-78-7,"Tolualdehydes (mixed o,m,p)",To2,,,Spicy,Fruity,Almond
8024-04-2,Tonka bean absolute,TBA,absolute,,Powdery,Hay,Sweet
8024-04-2,Tonka bean extract,TOBE,extract,,Powdery,Hay,Sweet
8024-04-2,Tonka bean resinoid,TOBR,resinoid,,Powdery,Hay,Sweet
8024-04-2,Tonka bean tincture,TBT,tincture,,Powdery,Hay,Sweet
6876-12-6,trans-1-Methyl-4-(1-methylvinyl)cyclohexene,MM27,,,Citrus,Balsamic,Dry
3913-81-3,trans-2-Decenal,De11,,,Aldehydic,Earthy,Coriander
13419-69-7,trans-2-Hexenoic acid,HA10,,,Green,Fruity,Sweet
928-95-0,trans-2-Hexenol,He14,,,Fruity,Green,Leafy
2497-18-9,trans-2-Hexenyl acetate,HA11,,,Green,Sweet,Fruity
53398-83-7,trans-2-Hexenyl butyrate,HB5,,,Green,Apple,Banana
53398-86-0,trans-2-Hexenyl hexanoate,HH3,,,Green,Fruity,Apple
68698-59-9,trans-2-Hexenyl isovalerate,HI4,,,Green,Fruity,Apple
56922-74-8,trans-2-Hexenyl pentanoate,HPE,,,Green,Fruity,Apple
53398-80-4,trans-2-Hexenyl propionate,HP4,,,Green,Fruity,Apple
68133-77-7,trans-2-Hexenyl salicylate,HSA,,,Floral,Woody,Balsamic
59324-17-3,"trans-2-Methyl-4-propyl-1,3-oxathiane",MP30,,,Fruity,Passionfruit,Green
31502-14-4,trans-2-Nonen-1-ol,NO7,,,Green,Violet,Melon
18829-56-6,trans-2-Nonenal,No9,,,Green,Cucumber,Oily
2548-87-0,trans-2-Octenal,Oc8,,,Green,Cucumber,Herbal
5448-22-6,trans-2-tert-Butylcyclohexan-1-ol,BO5,,,Herbal,Fruity,Minty
20298-70-8,trans-2-tert-Butylcyclohexyl acetate,BA19,,,Fruity,Apple,Woody
7069-41-2,trans-2-Tridecenal,Tr11,,,Aldehydic,Mandarin,Green
53448-07-0,trans-2-Undecenal,Un8,,,Fruity,Citrus,Waxy
67801-45-0,trans-3-Heptenyl 2-methylpropanoate,HM7,,,Green,Floral,Fruity
69112-21-6,trans-3-Hexenal,He15,,,Green,Apple,Pear
3681-82-1,trans-3-Hexenyl acetate,HA12,,,Fruity,Green,Banana
65405-70-1,trans-4-Decen-1-al,DA11,,,Aldehydic,Citrus,Muguet
1900-69-2,trans-4-tert-Butylcyclohexyl acetate,BA20,,,Fruity,Apple,Balsamic
4180-23-8,trans-Anethole,Ah,,,Herbal,Anisic,Spicy
140-10-3,trans-Cinnamic acid,CA12,,,Balsamic,Sweet,Cinnamon
928-97-2,trans-Hex-3-en-1-ol,HE3,,,Green,Leafy,Floral
5932-68-3,trans-Isoeugenol,Is7,,,Spicy,Clove,Floral
1189-09-9,trans-Methylgeranate,Me28,,,Floral,Fruity,Balsamic
40716-66-3,trans-Nerolidol,Ne2,,,Floral,Rose,Woody
89-80-5,trans-p-Menthan-3-one,MO7,,,Herbal,Minty,Sweet
65418-70-4,trans-Tetrahydro-2-isobutyl-4-methylpyran-4-ol,TIMO,,,Floral,Fresh,Green
68648-41-9,"Tree moss oil, atranol, chloratranol-less",TAO,oil,,Woody,Mossy,Warm
68648-41-9,Treemoss absolute,TrA,absolute,,Woody,Mossy,Earthy
84696-53-7,Treemoss extract,TrE,extract,,Woody,Mossy,Earthy
90-17-5,Trichloromethyl phenyl carbinyl acetate,TPC,,,Floral,Balsamic,Powdery
122760-84-3,"Tricyclo[3.3.1.1.(3.7)]decan-2-ol, 4-methyl-8-methylene-",TDE,,,Spicy,Herbal,Camphoraceous
2500-83-6,"Tricyclo[5.2.1.02,6]dec-4-en-8-yl acetate",TDEY,,,Floral,Green,Herbal
13380-94-4,"Tricyclo[5.2.1.02,6]decan-8-one",TD7,,,Balsamic,Woody,Oily
26896-48-0,"Tricyclo[5.2.1.02,7]decane-4,8-dimethanol",TD8,,,Musk like,Amber,Floral
64001-15-6,Tricyclodecanyl acetate,TA6,,,Herbal,Green,Basil
5413-60-5,Tricyclodecenyl acetate,TA7,,,Herbal,Green,Fruity
17511-60-3,Tricyclodecenyl propionate,TPR,,,Green,Fruity,Pear
7370-92-5,"Trideca-1,5-lactone",TL,,,Gourmand,Creamy,Sweet
10486-19-8,Tridecanal,Tr12,,,Aldehydic,Citrus,Green
22629-49-8,Tridecene-2-nitrile,TRN,,,Citrus,Green,Herbal
71735-79-0,"Trimethyl-13-oxabicyclo[10.1.0]trideca-4,8-diene",TOT,,,Woody,Dry,Cedarwood
133636-82-5,Trimethyl-bicyclo-heptane-spirocyclohexenone,TBH,,,Woody,Cedarwood,Sweet
20662-84-4,Trimethyloxazole,Tr13,,,Food Like,Nutty,Savoury
828-26-2,Trithioacetone,Tr14,,,Fruity,Blackcurrant,Sulfurous
8024-05-3,Tuberose absolute,TuA,absolute,,Floral,Sweet,Warm
8024-05-3,Tuberose concrete,TuC,concrete,,Floral,Sweet,Warm
8024-05-3,Tuberose oil,TuO,oil,,Floral,Fruity,Sweet
8024-05-3,Tuberose tincture,TuT,tincture,,Floral,Fruity,Sweet
8024-37-1,Turmeric,Tur,,,Spicy,Peppery,Woody
8024-37-1,Turmeric oleoresin,TuL,oleoresin,,Spicy,Peppery,Woody
9005-90-7,Turpentine gum,TUG,,,Aromatic,Pine,Fresh
8006-64-2,Turpentine oil,TpO,oil,,Herbal,Woody,Citrus
8006-64-2,"Turpentine oil, rectified",TeO,oil,,Herbal,Woody,Citrus
112-44-7,Undecanal,Un9,,,Aldehydic,Citrus,Fresh
2244-07-7,Undecanenitrile,Un10,,,Green,Floral,Oily
112-37-8,Undecanoic acid,UAC,,,Gourmand,Fatty,Creamy
30207-98-8,Undecanol,Un11,,,Green,Floral,Rose
112-43-6,Undecen-1-ol,UNO,,,Floral,Fresh,Ozonic
1337-83-3,Undecenal,Un12,,,Aldehydic,Citrus,Floral
12262-03-2,"Undecenoic acid, 3-methylbutyl ester",UM,,,Floral,Rose,Oily
112-42-5,Undecyl alcohol,UAL,,,Floral,Citrus,Oily
4630-07-3,Valencene,Va,,,Citrus,Fresh,Green
110-62-3,Valeraldehyde,Vl,,,Gourmand,Fruity,cocoa
8008-88-6,Valerian root extract,VRE,extract,,Camphoraceous,Herbal,Green
8008-88-6,Valerian root oil,VRO,oil,,Camphoraceous,Herbal,Green
109-52-4,Valeric acid,VA,,,Acidic,Cheesy,Fruity
8024-06-4,Vanilla absolute,VaA,absolute,,Amber,Creamy,Vanilla
8024-06-4,Vanilla CO2 extract,VCE,extract,,Amber,Creamy,Vanilla
8024-06-4,Vanilla extract,VaE,extract,,Amber,Creamy,Vanilla
8024-06-4,Vanilla oleoresin,VaL,oleoresin,,Amber,Creamy,Vanilla
953789-39-4,Vanilla tahitensis absolute,VTA,absolute,,Balsamic,Vanilla,Spicy
953789-39-4,Vanilla tahitensis CO2 extract,VTE,extract,,Balsamic,Vanilla,Spicy
953789-39-4,Vanilla tahitensis extract,VATE,extract,,Balsamic,Vanilla,Spicy
8047-24-3,Vanilla tincture,VaT,tincture,,Balsamic,Vanilla,Spicy
121-34-6,Vanillic acid,VAA,,,Gourmand,Creamy,Vanilla
121-33-5,Vanillin,Vn,,,Gourmand,Vanilla,Powdery
20665-85-4,Vanillin isobutyrate,VI,,,Gourmand,Vanilla,Creamy
68527-74-2,Vanillin propylene glycol acetal,VP,,,Gourmand,Vanilla,Sweet
82654-98-6,Vanillyl butyl ether,VB,,,Gourmand,Caramel,Chocolate
13184-86-6,Vanillyl ethyl ether,VE,,,Gourmand,Sweet,Chocolate
120-14-9,Veratraldehyde,Ve,,,Powdery,Sweet,Creamy
473-67-6,Verbenol,Vr,,,Citrus,Pine,Fresh
8016-96-4,Vetiver CO2 extract,VECE,extract,,Woody,Earthy,Nutty
8016-96-4,Vetiver extract,VeE,extract,,Woody,Earthy,Nutty
8016-96-4,Vetiver oil,VeO,oil,,Woody,Earthy,Nutty
68917-65-7,Vetiver oil terpenes,VeP,terpenes,,Woody,Dry,Dusty
68917-34-0,"Vetiver oil, acetylated, distilled.",VAO,oil,,Woody,Vetiver,Amber
8016-96-4,"Vetiver oil, JAVA (low Furfural)",VJO,oil,,Woody,Earthy,Nutty
8016-96-4,"Vetiver oil, rectified",VtO,oil,,Woody,Earthy,Nutty
84082-84-8,"Vetiveria zizanioides, ext., acetylated",VZ,,,Woody,Vetiver,Amber
68129-81-7,Vetiverol,Vt,,,Woody,Vetiver,Grapefruit
73246-97-6,"Vetiverol acetate, distilled",VEA,,,Woody,Vetiver,Amber
62563-80-8,"Vetiverol, acetate",VAC,,,Woody,Vetiver,Amber
117-98-6,Vetiveryl acetate,VA2,,,Woody,Vetiver,Amber
8024-08-6,Violet leaf absolute,VLA,absolute,,Green,Oily,Leafy
8024-08-6,Violet leaf extract,VLE,extract,,Green,Oily,Leafy
8016-21-5,Wine lees oil CO2 extract *,WLE,extract,,Fruity,Green,Plum
8016-21-5,"Wine lees oil, green *",WLO,oil,,Fruity,Green,Plum
8016-21-5,"Wine lees oil, white *",WWO,oil,,Fruity,Plum,Green
8016-21-5,"Wine lees oil, white, rectified *",WLWO,oil,,Fruity,Green,Plum
68917-75-9,Wintergreen extract,WiE,extract,,Herbal,Medicinal,Ylang
68917-75-9,Wintergreen oil,WiO,oil,,Herbal,Medicinal,Ylang
8008-93-3,Wormwood oil,WoO,oil,,Herbal,spicy,Camphoraceous
73138-77-9,"Wormwood oil, terpeneless",WrO,oil,,Herbal,Spicy,Tobacco
8002-09-3,Yarmor pine oil terpenes,YPP,terpenes,,Herbal,Pine,Fresh
8002-09-3,"Yarmor Pine oil, synthetic",YPO,oil,,Herbal,Pine,Terpenic
8022-07-9,Yarrow oil,YaO,oil,,Camphoraceous,Warm,Spicy
8006-81-3,Ylang ylang absolute,YlA,absolute,,Floral,Green,Sweet
8006-81-3,Ylang ylang oil,YlO,oil,,Floral,Green,Sweet
8006-81-3,Ylang ylang oil (low para cresol methylether),YLO,oil,,Floral,Green,Sweet
8006-81-3,Ylang ylang oil extra,YnO,oil,,Floral,Green,Sweet
8006-81-3,Ylang ylang oil I,YgO,oil,,Floral,Green,Sweet
8006-81-3,Ylang ylang oil II,YIO,oil,,Floral,Green,Sweet
8006-81-3,Ylang ylang oil III,YLIO,oil,,Floral,Green,Sweet
8006-81-3,"Ylang ylang oil, rectified",YlaO,oil,,Floral,Green,Sweet
68952-44-3,"Ylang ylang oil, terpene-free",YlO2,oil,,Floral,Ylang,Creamy
8006-81-3,Ylang-ylang extract,YlE,extract,,Floral,Green,Sweet
1009814-14-5,Yuzunone,Yu,,,Fruity,Floral,Balsamic
102242-62-6,Zanthoxylum piperitum extract,ZPE,extract,,Citrus,Grapefruit,Peppery
122-48-5,Zingerone,Zi,,,Gourmand,Spicy,Sweet
546-80-5,α-Thujone,Tj,,,Herbal,Pine,Fruity
