cas,nombre,clase,tipo,inci,nombres_comunes,proveedor,categoria,url
22047-25-2,2-ACETILPIRAZINA,molécula,,2-ACETILPIRAZINA,,Maese Lab,"Aroma Chemicals, Fracciones y Moléculas",https://maeselab.com/2-acetilpirazina/
84696-13-9,ABS. Alga Fucus,natural,absolute,Fucus Vesiculosus Extract,"Fucus | Fucus extract | Seaweed, brown | Bladderwrack extract | Extract of bladderwrack | Fucus vesiculosus, ext. | Fucus vesiculosus extract | Algues absolute (Fucus vesiculosus) | Bladderwrack EXtract, 0.2%, Powder | Fucus vesiculosus | BLADDERWRACK | BLADDER FUCUS",Maese Lab,"Absolutos, CO2, Resinoides y Reducciones",https://maeselab.com/abs-alga-fucus/
84776-23-8,ABS. Calendula (Flor),natural,absolute,Calendula Officinalis Flower Extract,"Calendula | Guna-lympho | Marigold extract | Calendula extract | Extract of calendula | Garden Marigold extracts | Poet's Marigold extracts | Calendula officinalis, ext. | Calendula officinalis extract | Calendula officinalis Linn., extract | MARIGOLD POWDER EXTRACT | Calendulae Flos",Maese Lab,"Absolutos, CO2, Resinoides y Reducciones",https://maeselab.com/abs-calendula-flor/
94333-99-0,ABS. Champaca Roja,natural,absolute,Michelia Champaca Flower Extract,"Champac, ext. | MICHELIA CHAMPACA FLOWER OIL",Maese Lab,"Absolutos, CO2, Resinoides y Reducciones",https://maeselab.com/abs-champaca-roja/
89997-74-0,ABS. Cistus Jara al 10% en alcohol - DILUCION,natural,absolute,"alcohol, Cistus Ladaniferus Leaf Extract","Cistus ladaniferus, ext. | Cistus ladaniferus | Cistus ladaniferus leaf oil",Maese Lab,"Absolutos, CO2, Resinoides y Reducciones",https://maeselab.com/abs-cistus-jara-al-10-en-alcohol-labdanum-en-dilucion/
89997-74-0,ABS. Cistus Jara al 50% en alcohol - DILUCION,natural,absolute,"Alcohol, Cistus Ladaniferus Leaf Extract","Cistus ladaniferus, ext. | Cistus ladaniferus | Cistus ladaniferus leaf oil",Maese Lab,"Absolutos, CO2, Resinoides y Reducciones",https://maeselab.com/abs-cistus-jara-al-50-en-alcohol-dilucion/
90045-29-7,ABS. Genista / Retama,natural,absolute,Genista Tinctoria Flower/Leaf/Stem Extract,"Genista tinctoria, ext.",Maese Lab,"Absolutos, CO2, Resinoides y Reducciones",https://maeselab.com/abs-genista-retama-100-puro/
92347-05-2,ABS. Geranio Búlgaro,natural,absolute,Geranium Macrorrhizum Herb Extract,,Maese Lab,"Absolutos, CO2, Resinoides y Reducciones",https://maeselab.com/abs-geranio-bulgaro/
73296-98-7,ABS. Yerba Mate,natural,absolute,Ilex Paraguariensis Leaf Extract,"Mate, ext. | Yerba Mate EXtract, 4:1, Powder | Mate Extract | Mate | Mate absolute | Paraguay tea | Yerba mate | Mate Folium | Houx Mate | Ilex Mate | Jesuit's tea | Yerba Mat",Maese Lab,"Absolutos, CO2, Resinoides y Reducciones",https://maeselab.com/abs-yerba-mate/
89958-31-6,Absoluto de Acacia (Cassie Flower) - EXTRA,natural,absolute,Acacia Farnesiana Flower Extract,"Cassie, ext.",Maese Lab,"Absolutos, CO2, Resinoides y Reducciones",https://maeselab.com/absoluto-de-acacia-cassie-flower-extra/
84012-14-6,Absoluto de Alcachofa,natural,absolute,Cynara Scolymus Leaf Extract,"Cynara scolymus | Artichoke extract | Artichoke, ext. | Hathi-choka extract | Extract of artichoke | Cynara scolymus extract | Cynara scolymus Linn., extract | Artichoke leaf | Cynara scolymus leaf | CYNARAE FOLIUM | CYNARA LEAF | CYNARA [MART.]",Maese Lab,"Absolutos, CO2, Resinoides y Reducciones",https://maeselab.com/absoluto-de-alcachofa/
84649-99-0,Absoluto de Cacao (Ghana) - Dilución al 10 %,natural,absolute,"alcohol, Theobroma Cacao Extract","Chocolate | Cacao | Cacao extract | Cocoa extract | Cocoa, ext. | Cacao Bean Extract | Cocoa or Cocoa Butter | Theobroma cacao extract | Cocoa or Cocoa Butter [bean] | Resins, oleo-, cocoa | Amines, C12-14-alkyldimethyl | Theobroma cacao (cocoa) extract",Maese Lab,"Absolutos, CO2, Resinoides y Reducciones",https://maeselab.com/absoluto-de-cacao-ghana-dilucion-al-10/
64-17-5,Absoluto de Cacao (REP. DOMINICANA) - Dilución al 10 %,natural,absolute,alcohol (and) Theobroma Cacao Extract,,Maese Lab,"Absolutos, CO2, Resinoides y Reducciones",https://maeselab.com/absoluto-de-cacao-rep-dominicana-dilucion-al-10/
84649-99-0,Absoluto de Cacao de Ghana,natural,absolute,Theobroma Cacao Extract,"Chocolate | Cacao | Cacao extract | Cocoa extract | Cocoa, ext. | Cacao Bean Extract | Cocoa or Cocoa Butter | Theobroma cacao extract | Cocoa or Cocoa Butter [bean] | Resins, oleo-, cocoa | Amines, C12-14-alkyldimethyl | Theobroma cacao (cocoa) extract",Maese Lab,"Absolutos, CO2, Resinoides y Reducciones",https://maeselab.com/absoluto-de-cacao-de-ghana/
84649-99-0,Absoluto de Cacao de Rep. Dominicana,natural,absolute,Theobroma Cacao Extract,"Chocolate | Cacao | Cacao extract | Cocoa extract | Cocoa, ext. | Cacao Bean Extract | Cocoa or Cocoa Butter | Theobroma cacao extract | Cocoa or Cocoa Butter [bean] | Resins, oleo-, cocoa | Amines, C12-14-alkyldimethyl | Theobroma cacao (cocoa) extract",Maese Lab,"Absolutos, CO2, Resinoides y Reducciones",https://maeselab.com/absoluto-de-cacao
8023-83-4,Absoluto de Castoreum - 20%,natural,absolute,"Alcohol, Castoreum oil",,Maese Lab,"Absolutos, CO2, Resinoides y Reducciones",https://maeselab.com/absoluto-de-castoreum-20/
8012-89-3,Absoluto de Cera de Abeja,natural,absolute,Beeswax Extract,,Maese Lab,"Absolutos, CO2, Resinoides y Reducciones",https://maeselab.com/absoluto-de-cera-de-abeja/
89997-74-0,Absoluto de Cistus Jara - Labdanum,natural,absolute,Cistus Ladaniferus Leaf Extract,"Cistus ladaniferus, ext. | Cistus ladaniferus | Cistus ladaniferus leaf oil",Maese Lab,"Absolutos, CO2, Resinoides y Reducciones",https://maeselab.com/absoluto-de-cistus-jara-labdanum/
68916-26-7,Absoluto de Civet - EXTRA,natural,absolute,Viverra civetta Extract,,Maese Lab,"Absolutos, CO2, Resinoides y Reducciones",https://maeselab.com/absoluto-de-civet-extra/
89958-29-2,Absoluto de Clavel - EXTRA,natural,absolute,Dianthus Caryophyllus Flower Extract,"Carnation, Dianthus caryophyllus, ext. | Dianthus caryophyllus extract | Carnation,dianthus caryophyllus,ext. | Dianthus caryophyllus flower extract",Maese Lab,"Absolutos, CO2, Resinoides y Reducciones",https://maeselab.com/absoluto-de-clavel-extra/
84625-40-1,Absoluto de Fenogreco,natural,absolute,Trigonella Foenum-Graecum Seed Extract,"Trigonella | Fenugreek seed | Fenugreek extract | Fenugreek, ext. | Trigonella foenum-graecum extract | Trigonella foenum-graecum seed extract | Fenugreek EXtract, 4:1, Powder | Fenugreek seed extract | Fenugreek (Methi) extract | Fenugreek,ext. | Fenugreek absolute | Common Fenugreek Seed Extract",Maese Lab,"Absolutos, CO2, Resinoides y Reducciones",https://maeselab.com/absoluto-de-fenogreco/
92457-01-7,Absoluto de Gardenia,natural,absolute,Gardenia Florida Flower Extract,"Gardenia jasminoides, ext. | GARDENIA JASMINOIDES FRUIT EXTRACT | Gardenia jasminoides extract | Gardenia fruit | ZHIZI | ZHI ZI FRUIT | GARDENIAE FRUCTUS | CAPE JASMINE FRUIT | GENIPA FLORIDA FRUIT | GARDENIA MARUBA FRUIT | GENIPA RADICANS FRUIT | GARDENIA ANGUSTA FRUIT",Maese Lab,"Absolutos, CO2, Resinoides y Reducciones",https://maeselab.com/absoluto-de-gardenia/
84649-97-8,Absoluto de Hongo Porchino (Porcini),natural,absolute,Boletus Edulis Whole Plant Extract,,Maese Lab,"Absolutos, CO2, Resinoides y Reducciones",https://maeselab.com/absoluto-de-hongo-porchino-porcini/
94333-75-2,Absoluto de Jacinto,natural,absolute,Hyacinthus Orientalis Flower Extract,,Maese Lab,"Absolutos, CO2, Resinoides y Reducciones",https://maeselab.com/absoluto-de-jacinto/
90045-94-6,Absoluto de Jazmín - Oriental,natural,absolute,Jasminum Officinale Flower Extract,,Maese Lab,"Absolutos, CO2, Resinoides y Reducciones",https://maeselab.com/absoluto-de-jazmin-officinale/
84776-64-7,Absoluto de Jazmín Egipcio - Grandiflorum,natural,absolute,Jasminum Grandiflorum Flower Extract,,Maese Lab,"Absolutos, CO2, Resinoides y Reducciones",https://maeselab.com/absoluto-de-jazmin-egipcio-grandiflorum/
91770-14-8,Absoluto de Jazmín Sambac - India,natural,absolute,Jasminum Sambac Flower Extract,,Maese Lab,"Absolutos, CO2, Resinoides y Reducciones",https://maeselab.com/absoluto-de-jazmin-sambac-india/
85085-51-4,Absoluto de Loto Blanco,natural,absolute,Nelumbo Nucifera Flower Extract,"Sacred lotus | Nelumbo nucifera, ext. | Nelumbo nucifera extract | Nelumbo Nucifera Stem Extract | Nelumbo nucifera,ext. | Fructus Evodine Extract | Lotus Leaf Extract",Maese Lab,"Absolutos, CO2, Resinoides y Reducciones",https://maeselab.com/absoluto-de-loto-blanco/
85085-51-4,Absoluto de Loto Rosa,natural,absolute,Nelumbo Nucifera Flower Extract,"Sacred lotus | Nelumbo nucifera, ext. | Nelumbo nucifera extract | Nelumbo Nucifera Stem Extract | Nelumbo nucifera,ext. | Fructus Evodine Extract | Lotus Leaf Extract",Maese Lab,"Absolutos, CO2, Resinoides y Reducciones",https://maeselab.com/absoluto-de-loto-rosa/
90028-68-5,Absoluto de Musgo de Roble,natural,absolute,"Alcohol, Evernia Prunastri Extract",,Maese Lab,"Absolutos, CO2, Resinoides y Reducciones",https://maeselab.com/absoluto-de-musgo-de-roble/
90064-26-9,Absoluto de Narciso (Narcissus),natural,absolute,Narcissus Poeticus Flower Extract,"Narcissus poeticus, ext. | NARCISSUS POETICUS FLOWER EXTRACT",Maese Lab,"Absolutos, CO2, Resinoides y Reducciones",https://maeselab.com/absoluto-de-narciso-narcissus/
90045-89-9,Absoluto de Orris (10% Irones),natural,absolute,Iris Florentina Root Extract,"Allergenic extracts | Orris root extract | Extract of orris root | Iris florentina extract | Extract of florentine iris | Iris germanica florentina, ext. | Iris germanica var. florentina root | ORRIS EXTRACT (IRIS FLORENTINA) | IRIS FLORENTINA | FLEUR-DE-LIS ROOT | FLORENTINE IRIS ROOT | IRIS FLORENTINA ROOT",Maese Lab,"Absolutos, CO2, Resinoides y Reducciones",https://maeselab.com/absoluto-de-orris-10-irones/
92347-21-2,Absoluto de Osmanthus,natural,absolute,Osmanthus Fragrans Flower Extract,"Osmanthus absolute | Osmanthus fragrans, ext. | Osmanthus fragrans extract | Osmanthusfragrans,ext.",Maese Lab,"Absolutos, CO2, Resinoides y Reducciones",https://maeselab.com/absoluto-de-osmanthus/
84604-12-6,Absoluto de Rosa Centifolia,natural,absolute,Rosa Centifolia Flower Extract,,Maese Lab,"Absolutos, CO2, Resinoides y Reducciones",https://maeselab.com/absoluto-de-rosa-centifolia/
90106-38-0,Absoluto de Rosa Damascena - Bulgaria,natural,absolute,Rosa Damascena Flower Extract,,Maese Lab,"Absolutos, CO2, Resinoides y Reducciones",https://maeselab.com/absoluto-de-rosa-damascena-bulgaria/
90106-38-0,Absoluto de Rosa Damascena de India,natural,absolute,Rosa Damascena Flower Extract,,Maese Lab,"Absolutos, CO2, Resinoides y Reducciones",https://maeselab.com/absoluto-de-rosa-damascena-de-india/
84961-66-0,Absoluto de Tabaco Natural,natural,absolute,Nicotiana Tabacum Leaf Extract,"Tobacco extract | Tobacco dust | Tobacco concrete | Tobacco, ext. | tobacco leaf injection | Tobacco leaf, aqueous extract | Nicotiana tabacum extract",Maese Lab,"Absolutos, CO2, Resinoides y Reducciones",https://maeselab.com/absoluto-de-tabaco-natural/
84650-60-2,Absoluto de Te Verde (Green Tea) - 50%,natural,absolute,"Camellia Sinensis Leaf Extract, Alcohol",,Maese Lab,"Absolutos, CO2, Resinoides y Reducciones",https://maeselab.com/absoluto-de-te-verde-green-tea-50/
90063-53-9,Absoluto de Tilo Flor,natural,absolute,Tilia Americana Extract,,Maese Lab,"Absolutos, CO2, Resinoides y Reducciones",https://maeselab.com/absoluto-de-tilo-flor/
94334-35-7,Absoluto de Tuberosa,natural,absolute,Polianthes Tuberosa Flower Extract,"Tuberose, ext. | Polianthes tuberosa extract",Maese Lab,"Absolutos, CO2, Resinoides y Reducciones",https://maeselab.com/absoluto-de-tuberosa/
90147-36-7,Absoluto de Violeta (Hojas),natural,absolute,Viola Odorata Leaf Extract,"Melilotus extract | Binafsha, extract | Sweet clover extract | Viola odorata, ext. | Extract of sweet clover | Viola odorata L., extract | Viola odorata extract | Viola odorata, ext | VIOLET EXTRACT | GARDEN VIOLET | VIOLA ODORATA | SWEET BLUEVIOLET",Maese Lab,"Absolutos, CO2, Resinoides y Reducciones",https://maeselab.com/absoluto-de-violeta-hojas/
85940-29-0,Aceite Esencial de Abedul Cade,natural,oil,Betula Pendula Twig Oil,,Maese Lab,Aceites esenciales,https://maeselab.com/aceite-esencial-de-abedul-cade-100-natural/
85251-66-7,Aceite Esencial de Abedul Dulce,natural,oil,Betula Lenta Bark Oil,,Maese Lab,Aceites esenciales,https://maeselab.com/aceite-esencial-de-abedul-dulce-100-natural/
91697-89-1,Aceite Esencial de Abeto Siberiano,natural,oil,Abies Sibirica Oil,"Fir, Abies sibirica, ext. | Fir, Abies sibirica, extract | Fir, Abies sibirica,ext.",Maese Lab,Aceites esenciales,https://maeselab.com/aceite-esencial-de-abeto-siberiano-100-natural/
68917-52-2,Aceite Esencial de Aguaribay o Pimienta Rosa,natural,oil,Schinus Molle Oil,,Maese Lab,Aceites esenciales,https://maeselab.com/aceite-esencial-de-aguaribay-o-pimienta-rosa-100-natural/
94334-31-3,Aceite Esencial de Aguaribay o Pimienta Rosa,natural,oil,Schinus Molle Oil,"Schinus molle bark | Schinus molle pollen | Schinus molle, ext.",Maese Lab,Aceites esenciales,https://maeselab.com/aceite-esencial-de-aguaribay-o-pimienta-rosa-100-natural/
8016-68-0,Aceite Esencial de Ajedrea,natural,oil,Satureja Montana Oil,,Maese Lab,Aceites esenciales,https://maeselab.com/aceite-esencial-de-ajedrea-100-natural/
90106-57-3,Aceite Esencial de Ajedrea,natural,oil,Satureja Montana Oil,,Maese Lab,Aceites esenciales,https://maeselab.com/aceite-esencial-de-ajedrea-100-natural/
8000-78-0,Aceite Esencial de Ajo,natural,oil,Allium Sativum Bulb Oil,,Maese Lab,Aceites esenciales,https://maeselab.com/aceite-esencial-de-ajo/
8001-99-8,Aceite Esencial de Ajowan,natural,oil,Carum Copticum Fruit Extract,,Maese Lab,Aceites esenciales,https://maeselab.com/aceite-esencial-de-ajowan-100-natural/
8015-73-4,Aceite Esencial de Albahaca,natural,oil,Ocimum Basilicum Oil,,Maese Lab,Aceites esenciales,https://maeselab.com/aceite-esencial-de-albahaca-100-natural/
84775-71-3,Aceite Esencial de Albahaca,natural,oil,Ocimum Basilicum Oil,"Koenigskraut | Basil extract | Sweet basil | Ocimum basilicum | Extract of basil | Sweet basil extract | Common basil extract | Extract of sweet basil | Ocimum basilicum, ext. | Ocimum basilicum extract | Ocimum basilicum L. (Lamiaceae) | Basil extract (Ocimum basilicum L.)",Maese Lab,Aceites esenciales,https://maeselab.com/aceite-esencial-de-albahaca-100-natural/
8008-51-3,Aceite Esencial de Alcanfor,natural,oil,Cinnamomum Camphora Bark Oil,,Maese Lab,Aceites esenciales,https://maeselab.com/aceite-esencial-de-alcanfor-100-natural/
8022-91-1,Aceite Esencial de Alcanfor,natural,oil,Cinnamomum Camphora Bark Oil,,Maese Lab,Aceites esenciales,https://maeselab.com/aceite-esencial-de-alcanfor-100-natural/
92201-50-8,Aceite Esencial de Alcanfor,natural,oil,Cinnamomum Camphora Bark Oil,,Maese Lab,Aceites esenciales,https://maeselab.com/aceite-esencial-de-alcanfor-100-natural/
235433-20-2,Aceite Esencial de Alcaravea,natural,oil,Carum Carvi Seed Oil,"FATS AND GLYCERIDIC OILS, CARAWAY",Maese Lab,Aceites esenciales,https://maeselab.com/aceite-esencial-de-alcaravea-100-natural/
8000-42-8,Aceite Esencial de Alcaravea,natural,oil,Carum Carvi Seed Oil,,Maese Lab,Aceites esenciales,https://maeselab.com/aceite-esencial-de-alcaravea-100-natural/
8015-65-4,Aceite Esencial de Amyris,natural,oil,Amyris Balsamifera Bark Oil,,Maese Lab,Aceites esenciales,https://maeselab.com/aceite-esencial-de-amyris-100-natural/
90320-49-3,Aceite Esencial de Amyris,natural,oil,Amyris Balsamifera Bark Oil,"Amyris balsamifera, ext.",Maese Lab,Aceites esenciales,https://maeselab.com/aceite-esencial-de-amyris-100-natural/
8015-64-3,Aceite Esencial de Angélica,natural,oil,Angelica Archangelica Root Oil,,Maese Lab,Aceites esenciales,https://maeselab.com/aceite-esencial-de-angelica-100-natural/
84775-41-7,Aceite Esencial de Angélica,natural,oil,Angelica Archangelica Root Oil,,Maese Lab,Aceites esenciales,https://maeselab.com/aceite-esencial-de-angelica-100-natural/
8007-70-3,Aceite Esencial de Anís Estrellado,natural,oil,Illicium Verum Fruit Oil,,Maese Lab,Aceites esenciales,https://maeselab.com/aceite-esencial-de-anis-estrellado-100-natural/
84650-59-9,Aceite Esencial de Anís Estrellado,natural,oil,Illicium Verum Fruit Oil,"Pimpinella | Anise | Aniseed extract | Anise extract | Extract of anise | Pimpinella anisum extract | Star anise, Illicium verum, ext. | Star anise extract | Star anise, Illiciumverum, ext.",Maese Lab,Aceites esenciales,https://maeselab.com/aceite-esencial-de-anis-estrellado-100-natural/
8007-70-3,Aceite Esencial de Anís Verde,natural,oil,Pimpinella Anisum Seed Oil,,Maese Lab,Aceites esenciales,https://maeselab.com/aceite-esencial-de-anis-verde-100-natural/
84775-42-8,Aceite Esencial de Anís Verde,natural,oil,Pimpinella Anisum Seed Oil,"Pimpinella | Anise | Anise, ext. | Saunf fruit extract | Anise (Pimpinella anisum L.) | 21C2F5E8RE | Anise oil (Pimpinella anisum L.) | Pimpinella anisum Linn., fruit extract | EUROPEAN ANISE EXTRACT | (2-bromo-4,5-diethoxyphenyl)acetonitrile | Pimpinella anisum extract | Aniseed",Maese Lab,Aceites esenciales,https://maeselab.com/aceite-esencial-de-anis-verde-100-natural/
84775-45-1,Aceite Esencial de Artemisa,natural,oil,Artemisia Vulgaris Oil,"Artemisia vulgaris, ext. | Artemisia Vulgaris Extract",Maese Lab,Aceites esenciales,https://maeselab.com/aceite-esencial-de-artemisa-100-natural/
84775-74-6,Aceite Esencial de Artemisa Annua,natural,oil,Artemisia Annua Herb Oil,"Qinghao | Annual wormwood | Sweet wormwood | Sweet annie | Sweet Sagewort | Qing hao | Artemisia annua pollen | Artemisia annua, ext. | Artemisiaannua, ext. | Artemisia Annua Seed Extract | Artemisia Annula Extract | Herba Artemisiae Annue Extract",Maese Lab,Aceites esenciales,https://maeselab.com/aceite-esencial-de-artemisa-annua-100-natural/
68916-04-1,Aceite Esencial de Azahar (Neroli)- Reducción de tintura,natural,tincture,"Citrus Aurantium Amara Flower Extract , Alcohol",,Maese Lab,Aceites esenciales,https://maeselab.com/aceite-esencial-de-azahar-neroli-100-natural-reduccion-de-tintura/
72968-50-4,Aceite Esencial de Azahar (Neroli)- Reducción de tintura,natural,tincture,"Citrus Aurantium Amara Flower Extract , Alcohol",,Maese Lab,Aceites esenciales,https://maeselab.com/aceite-esencial-de-azahar-neroli-100-natural-reduccion-de-tintura/
89957-91-5,Aceite Esencial de Bergamota - FFC (FREE FURANOCUMARINA),natural,oil,Citrus Bergamia Peel Oil Expressed,,Maese Lab,Aceites esenciales,https://maeselab.com/aceite-esencial-de-bergamota-ffc-free-furanocumarina/
89957-91-5,Aceite Esencial de Bergamota CALABRIA - EXTRA,natural,oil,Citrus Bergamia Peel Oil Expressed,,Maese Lab,Aceites esenciales,https://maeselab.com/aceite-esencial-de-bergamota-calabria-extra/
84649-93-4,Aceite Esencial de Buchú,natural,oil,Barosma Betulina Leaf Oil,"Buchu | Barosma betulina, ext. | Agathosma betulina, ext. | agathosma | bacchu | bachu | bucco | bukko | buuchu | Buchu betulina | Barosma betulina | Van Aroma",Maese Lab,Aceites esenciales,https://maeselab.com/aceite-esencial-de-buchu-100-natural/
8001-61-4,Aceite Esencial de Bálsamo de Copaíba,natural,oil,Copaifera Officinalis Resin Oil,"Copaiba | Balsam copaiba | Copaiba balsam | Balsam capivi | Jesuit's balsam | Copaiba oleoresin | Balsams, copaiba | Copaiba balsam extract | Balsam copaiba, dewaxed | Copaifera officinalis resin | Copaiba oil | Balsams, copaiba (copaiba balsam)",Maese Lab,Aceites esenciales,https://maeselab.com/aceite-esencial-de-balsamo-de-copaiba-100-natural/
9000-12-8,Aceite Esencial de Bálsamo de Copaíba,natural,oil,Copaifera Officinalis Resin Oil,"Resins, copaiba | Resins,copaiba | Copaifera species resin oils",Maese Lab,Aceites esenciales,https://maeselab.com/aceite-esencial-de-balsamo-de-copaiba-100-natural/
8030-55-5,Aceite Esencial de Bálsamo de Gurjum,natural,oil,Dipterocarpus Turbinatus Balsam Oil,,Maese Lab,Aceites esenciales,https://maeselab.com/aceite-esencial-de-balsamo-de-gurjum-100-natural/
93165-18-5,Aceite Esencial de Bálsamo de Gurjum,natural,oil,Dipterocarpus Turbinatus Balsam Oil,,Maese Lab,Aceites esenciales,https://maeselab.com/aceite-esencial-de-balsamo-de-gurjum-100-natural/
9000-64-0,Aceite esencial de Bálsamo de Tolu,natural,oil,Myroxylon Balsamum Balsam Oil,"Opobalsam | Tolu | Thomas balsam | Tolu balsam | Resin tolu | Tolu resin | Tolu Resinoid | Tolu balsam gum | Tolu balsam oil | Tolu gum | Tolu oil | Balsams, tolu",Maese Lab,Aceites esenciales,https://maeselab.com/aceite-esencial-de-balsamo-de-tolu-100-natural/
8007-00-9,Aceite Esencial de Bálsamo del Perú,natural,oil,Myroxylon Pereirae Oil,,Maese Lab,Aceites esenciales,https://maeselab.com/aceite-esencial-de-balsamo-del-peru-100-natural/
91722-93-9,Aceite Esencial de Cabreuva,natural,oil,Myrocarpus Fastigiatus Wood Oil,"Myrocarpus fastigiatus, ext.",Maese Lab,Aceites esenciales,https://maeselab.com/aceite-esencial-de-cabreuva-100-natural/
84649-98-9,Aceite Esencial de Canela,natural,oil,Cinnamomum Zeylanicum Bark Oil,"Cinnamon extract | Extract of cinnamon | Cinnamomum zeylanicum | Cinnamon, crude extract | Cinnamomum zeylanicum, ext. | Cinnamomum zeylanicum extract | Cinnamomum zeylanicum, ext | Cinnamon bark oil | Ceylon cinnamon bark oil | Cinnamomum zeylanicum bark oil | CINNAMON BARK OIL [MI] | CINNAMON BARK OIL CEYLON",Maese Lab,Aceites esenciales,https://maeselab.com/aceite-esencial-de-canela-100-natural/
84649-98-9,Aceite esencial de Canela Hojas,natural,oil,Cinnamomum Zeylanicum Leaf Oil,"Cinnamon extract | Extract of cinnamon | Cinnamomum zeylanicum | Cinnamon, crude extract | Cinnamomum zeylanicum, ext. | Cinnamomum zeylanicum extract | Cinnamomum zeylanicum, ext | Cinnamon bark oil | Ceylon cinnamon bark oil | Cinnamomum zeylanicum bark oil | CINNAMON BARK OIL [MI] | CINNAMON BARK OIL CEYLON",Maese Lab,Aceites esenciales,https://maeselab.com/aceite-esencial-de-canela-hojas-100-natural/
8000-66-6,Aceite Esencial de Cardamomo,natural,oil,Elettaria Cardamomum Seed Oil,,Maese Lab,Aceites esenciales,https://maeselab.com/aceite-esencial-de-cardamomo-100-natural/
85940-32-5,Aceite Esencial de Cardamomo,natural,oil,Elettaria Cardamomum Seed Oil,"Cardamom, ext. | Cardamom | Ceylon cardamom | Spices,cardamom | Cardamon fruit | Green cardamom | Cardamom seed | True cardamom | Cardamomi fructus | Spices, cardamom | Amomum ensal seed | Amomum repens seed",Maese Lab,Aceites esenciales,https://maeselab.com/aceite-esencial-de-cardamomo-100-natural/
84961-46-6,Aceite Esencial de Casia,natural,oil,Cinnamomun Cassia Oil,,Maese Lab,Aceites esenciales,https://maeselab.com/aceite-esencial-de-casia-100-natural/
84929-27-1,Aceite Esencial de Cava / Champagne,natural,oil,Vitis Vinifera Fruit Extract,,Maese Lab,Aceites esenciales,https://maeselab.com/aceite-esencial-de-cava-champagne-100-natural/
85594-37-2,Aceite Esencial de Cava / Champagne,natural,oil,Vitis Vinifera Fruit Extract,"Grape, ext. | grape extract | linoleic acid | (9Z,12Z)-octadeca-9,12-dienoic acid | Grape seed oil | Raisin | Wine grape | EUROPEAN GRAPE | SEEDLESS GRAPE | COMMON GRAPE | GREEN GRAPE | TABLE GRAPE",Maese Lab,Aceites esenciales,https://maeselab.com/aceite-esencial-de-cava-champagne-100-natural/
85480-37-1,Aceite Esencial de Cayeput,natural,oil,Melaleuca Leucadendron Cajeputi Leaf Oil,"Cajuput, ext. | OIL OF CAJEPUT D ~0.93 | ambon | anxiety | aromatherapy | cajuput | camphor | caplang | cold | eocaj | myrtaceous | psoriasis",Maese Lab,Aceites esenciales,https://maeselab.com/aceite-esencial-de-cayeput-100-natural/
8054-39-5,Aceite Esencial de Cebolla,natural,oil,Allium Cepa Bulb Oil,"Onion | Onion, ext. | ONION EXTRACT | onion ext. | Onion Powder | ONIONS | PALANDU | ALLIUM CEPA | GARDEN ONION | ONION BULB | ONION-BULB | ONIONS,RAW",Maese Lab,Aceites esenciales,https://maeselab.com/aceite-esencial-de-cebolla-100-natural/
85085-29-6,Aceite Esencial de Cedro Chino,natural,oil,Cupressus Funebris Wood Oil,"Cupressus funebris | Cypress, Cupressus funebris, ext. | Cupressus funebris, ext. | Cedarwood Oil Perfumery | Cupressus funebris wood extract",Maese Lab,Aceites esenciales,https://maeselab.com/aceite-esencial-de-cedro-chino-100-natural/
8023-85-6,Aceite Esencial de Cedro de Atlas,natural,oil,Cedrus Atlantica Wood Oil,,Maese Lab,Aceites esenciales,https://maeselab.com/aceite-esencial-de-cedro-de-atlas-100-natural/
92201-55-3,Aceite Esencial de Cedro de Atlas,natural,oil,Cedrus Atlantica Wood Oil,"Cedrus atlantica, ext. | ATLAS CEDAR BARK | ITP1Q41UPF | ATLANTIC CEDAR BARK | ABIES ATLANTICA BARK | CEDRUS AFRICANA BARK | CEDRUS ARGENTEA BARK | PINUS ATLANTICA BARK | CEDRUS ATLANTICA BARK | CEDRUS ATLANTICA BARK EXTRACT | QUATERNIUM-72 | Cedrus atlantica wood extract",Maese Lab,Aceites esenciales,https://maeselab.com/aceite-esencial-de-cedro-de-atlas-100-natural/
89997-33-1,Aceite esencial de Cedro de Líbano,natural,oil,Cedrus Libani Bark Extract,"Lebanon cedar | Cedar of Lebanon | Cedrus libani, ext. | Cedrus libani A. Rich., extract | Cedarwood oil lebanon",Maese Lab,Aceites esenciales,https://maeselab.com/aceite-esencial-de-cedro-de-libano-100-natural/
68990-83-0,Aceite Esencial de CEDRO DE TEXAS,natural,oil,Juniperus mexicana oil,,Maese Lab,Aceites esenciales,https://maeselab.com/aceite-esencial-de-cedro-de-texas/
85085-41-2,Aceite Esencial de Cedro de Virginia,natural,oil,Juniperus Virginiana Wood Oil,"Juniperus | Eastern Red Cedar | Juniperus virginiana | Juniperus virginiana twig | Juniperus virginiana pollen | Juniperus virginiana extract | Juniper, Juniperus virginiana, ext. | Juniperus virginiana, ext. | Juniperus Virginiana Wood Extract | cedar wood oil",Maese Lab,Aceites esenciales,https://maeselab.com/aceite-esencial-de-cedro-de-virginia-100-natural/
91771-47-0,Aceite Esencial de Cedro del Himalaya,natural,oil,Cedrus Deodara Wood Oil,"Deodar stem extract | Cedrus deodara, ext. | Cedrus deodara wood oil | DAVADARU WOOD OIL | DEODAR CEDAR WOOD OIL | ABIES DEODARA WOOD OIL | CEDRUS INDICA WOOD OIL | LARIX DEODARA WOOD OIL | PINUS DEODARA WOOD OIL | PINUS DEODORA WOOD OIL | HIMALAYAN CEDAR WOOD OIL | CEDRUS DEODARA WOOD VOLATILE OIL",Maese Lab,Aceites esenciales,https://maeselab.com/aceite-esencial-de-cedro-del-himalaya-100-natural/
8008-52-4,Aceite Esencial de Cilantro,natural,oil,Coriandrum Sativum Seed Oil,,Maese Lab,Aceites esenciales,https://maeselab.com/aceite-esencial-de-cilantro-100-natural/
84775-50-8,Aceite Esencial de Cilantro,natural,oil,Coriandrum Sativum Seed Oil,"Coriandrum | Cilantro | Coriander | Coriander extract | Coriander, ext. | Extract of coriander | Coriandrum sativum extract | Coriander (Coriandrum sativum L.) | Coriandrum Sativum Seed Extract | CORIANDER SEED OIL",Maese Lab,Aceites esenciales,https://maeselab.com/aceite-esencial-de-cilantro-100-natural/
8013-86-3,Aceite Esencial de Ciprés,natural,oil,Cupressus Sempervirens Oil,,Maese Lab,Aceites esenciales,https://maeselab.com/aceite-esencial-de-cipres-100-natural/
84696-07-1,Aceite Esencial de Ciprés,natural,oil,Cupressus Sempervirens Oil,"Cypress extract | Zypressen extrakt | Extract of cypress | Cupressus sempervirens extract | Cypress, Cupressus sempervirens, ext. | Cypress cone oil",Maese Lab,Aceites esenciales,https://maeselab.com/aceite-esencial-de-cipres-100-natural/
180287-43-8,Aceite Esencial de Ciprés AZUL,natural,oil,Callitris Intratropica Wood Oil,"CALLITRIS INTRATROPICA, EXT.",Maese Lab,Aceites esenciales,https://maeselab.com/aceite-esencial-de-cipres-azul-100-natural/
8016-26-0,Aceite esencial de Cistus Jara,natural,oil,Cistus Ladaniferus Oil,,Maese Lab,Aceites esenciales,https://maeselab.com/aceite-esencial-de-cistus-jara-100-natural/
89998-14-1,Aceite Esencial de Citral,natural,oil,Cymbopogon Citratus Leaf Oil,"Lemongrass extract | Extract of lemongrass | West indian lemongrass | Cymbopogon citratus, ext. | Cymbopogon citratus extract",Maese Lab,Aceites esenciales,https://maeselab.com/aceite-esencial-de-citral-100-natural/
89998-15-2,Aceite Esencial de Citronela,natural,oil,Cymbopogon Nardus Herb Oil,"Cymbopogon nardus, ext.",Maese Lab,Aceites esenciales,https://maeselab.com/aceite-esencial-de-citronela-100-natural/
8000-34-8,Aceite Esencial de Clavo BROTE,natural,oil,Eugenia Caryophyllus Flower/Bud Oil,,Maese Lab,Aceites esenciales,https://maeselab.com/aceite-esencial-de-clavo-brote-100-natural/
84961-50-2,Aceite Esencial de Clavo BROTE,natural,oil,Eugenia Caryophyllus Flower/Bud Oil,"Eugenia | Clove | Clove extract | Clove bud extract | Clove, ext. | Clove (Eugenia spp.) | Eugenia aromatica bud extract | Syzygium aromaticum bud extract | Eugenia caryophyllata bud extract | Clove bud extract (Eugenia spp.) | Clove bud oleoresin (Eugenia spp.) | Clove,ext.",Maese Lab,Aceites esenciales,https://maeselab.com/aceite-esencial-de-clavo-brote-100-natural/
8000-34-8,Aceite Esencial de Clavo HOJAS,natural,oil,Eugenia Caryophyllus Leaf Oil,,Maese Lab,Aceites esenciales,https://maeselab.com/aceite-esencial-de-clavo-hojas-100-natural/
84961-50-2,Aceite Esencial de Clavo HOJAS,natural,oil,Eugenia Caryophyllus Leaf Oil,"Eugenia | Clove | Clove extract | Clove bud extract | Clove, ext. | Clove (Eugenia spp.) | Eugenia aromatica bud extract | Syzygium aromaticum bud extract | Eugenia caryophyllata bud extract | Clove bud extract (Eugenia spp.) | Clove bud oleoresin (Eugenia spp.) | Clove,ext.",Maese Lab,Aceites esenciales,https://maeselab.com/aceite-esencial-de-clavo-hojas-100-natural/
8014-13-9,Aceite Esencial de Comino,natural,oil,Cuminum Cyminum Seed Oil,,Maese Lab,Aceites esenciales,https://maeselab.com/aceite-esencial-de-comino/
84775-39-3,Aceite Esencial de Cálamo Aromático,natural,oil,Acorus Calamus Root Oil,"Acorus | Calamus extract | Calamus root extract | Acorus calamus extract | Acorus calamus, ext. | Extract of calamus root | Sweet flag root extract | Sweet sedge root extract | CALAMUS EXTRACT--PROHIBITED | Zangchangpu | Flagroot | Calamus",Maese Lab,Aceites esenciales,https://maeselab.com/aceite-esencial-de-calamo-aromatico-100-natural/
84775-52-0,Aceite Esencial de Cúrcuma,natural,oil,Curcuma Longa Root Oil,,Maese Lab,Aceites esenciales,https://maeselab.com/aceite-esencial-de-curcuma-100-natural/
73049-62-4,Aceite Esencial de Enebro,natural,oil,Juniperus Communis Fruit Oil,"Oils, juniper, terpene-free | Juniper berry oil, terpeneless | JUNIPER OIL",Maese Lab,Aceites esenciales,https://maeselab.com/aceite-esencial-de-enebro-100-natural/
8002-68-4,Aceite Esencial de Enebro,natural,oil,Juniperus Communis Fruit Oil,,Maese Lab,Aceites esenciales,https://maeselab.com/aceite-esencial-de-enebro-100-natural/
84603-69-0,Aceite Esencial de Enebro,natural,oil,Juniperus Communis Fruit Oil,"Juniperus | Juniper extract | Juniper, common | Extract of juniper | Juniperus communis fruit | Juniperus communis extract | Juniper, juniperus communis, ext. | Juniper berries (Juniperus communis L.) | Juniper extract (Juniperus communis L.) | Juniper berry | HAPUSHA FRUIT | JUNIPER BERRIES",Maese Lab,Aceites esenciales,https://maeselab.com/aceite-esencial-de-enebro-100-natural/
8013-10-3,Aceite Esencial de Enebro Cade,natural,oil,Juniperus Oxycedrus wood tar,,Maese Lab,Aceites esenciales,https://maeselab.com/aceite-esencial-de-enebro-cade-100-natural/
90046-02-9,Aceite Esencial de Enebro Cade,natural,oil,Juniperus Oxycedrus wood tar,,Maese Lab,Aceites esenciales,https://maeselab.com/aceite-esencial-de-enebro-cade-100-natural/
90028-03-8,Aceite Esencial de Eneldo,natural,oil,Anethum Graveolens Herb Oil,"Dillfruchte | Dill extract | Dill extrakt | extractum anethi | Extract of dill | Dill, ext. | Anethum graveolens extract | Dill (Anethum graveloens) Extract",Maese Lab,Aceites esenciales,https://maeselab.com/aceite-esencial-de-eneldo-100-natural/
8006-75-5,Aceite esencial de Eneldo Extra,natural,oil,Anethum Graveolens Seed Oil,,Maese Lab,Aceites esenciales,https://maeselab.com/aceite-esencial-de-eneldo-extra-100-natural/
90028-03-8,Aceite esencial de Eneldo Extra,natural,oil,Anethum Graveolens Seed Oil,"Dillfruchte | Dill extract | Dill extrakt | extractum anethi | Extract of dill | Dill, ext. | Anethum graveolens extract | Dill (Anethum graveloens) Extract",Maese Lab,Aceites esenciales,https://maeselab.com/aceite-esencial-de-eneldo-extra-100-natural/
8016-88-4,Aceite Esencial de Estragón,natural,oil,Artemisia Dracunculus Oil,,Maese Lab,Aceites esenciales,https://maeselab.com/aceite-esencial-de-estragon-100-natural/
90131-45-6,Aceite Esencial de Estragón,natural,oil,Artemisia Dracunculus Oil,"Tarragon, ext. | Artemisia dracunculus ext. | Artemisia Dracunculus Root Extract",Maese Lab,Aceites esenciales,https://maeselab.com/aceite-esencial-de-estragon-100-natural/
8000-48-4,Aceite Esencial de Eucalipto Citriodora,natural,oil,Eucalyptus Citriodora Oil,,Maese Lab,Aceites esenciales,https://maeselab.com/aceite-esencial-de-eucalipto-citriodora-100-natural/
90028-48-1,Aceite Esencial de Eucalipto Dives,natural,oil,Eucalyptus Dives Leaf Oil,"Eucalyptus dives, ext. | EUCALYPTUS DIVES OIL | EUCALYPTUS DIVES LEAF/TWIG OIL",Maese Lab,Aceites esenciales,https://maeselab.com/aceite-esencial-de-eucalipto-dives-100-natural/
8000-48-4,Aceite Esencial de Eucalipto Glóbulo,natural,oil,Eucalyptus Globulus Leaf Oil,,Maese Lab,Aceites esenciales,https://maeselab.com/aceite-esencial-de-eucalipto-globulo-100-natural/
84625-32-1,Aceite Esencial de Eucalipto Glóbulo,natural,oil,Eucalyptus Globulus Leaf Oil,"Eucalyptus | Eucalyptus extract | Extract of eucalyptus | Eucalyptus globulus, ext. | Eucalyptus globulus extract | H-Lys(Fmoc)-OH | EUCALYPTUS OIL | Eucalyptus Globulus Leaf Extract",Maese Lab,Aceites esenciales,https://maeselab.com/aceite-esencial-de-eucalipto-globulo-100-natural/
91771-68-5,Aceite Esencial de Eucalipto Radiata,natural,oil,Eucalyptus Radiata Leaf/Stem Oil,"Eucalyptus smithii, ext. | Eucalyptus smithii leaf oil",Maese Lab,Aceites esenciales,https://maeselab.com/aceite-esencial-de-eucalipto-radiata-100-natural/
91771-68-5,Aceite Esencial de Eucalipto Smithii,natural,oil,Eucalyptus Smithii Leaf Oil,"Eucalyptus smithii, ext. | Eucalyptus smithii leaf oil",Maese Lab,Aceites esenciales,https://maeselab.com/aceite-esencial-de-eucalipto-smithii-100-natural/
1627700-32-6,Aceite Esencial de Eucalipto Strageriana,natural,oil,Eucalyptus Staigeriana Branch/Leaf Oil,Eucalyptus crebra leaf oil | 75HYD65GHC | Eucalyptus staigeriana leaf oil | Lemon-scented ironbark leaf oil | Eucalyptus Staigeriana Branch/Leaf Oil,Maese Lab,Aceites esenciales,https://maeselab.com/aceite-esencial-de-eucalipto-strageriana-100-natural/
93455-95-9,Aceite Esencial de Flor de Mariposa,natural,oil,Hedychium Spicatum Extract,"Hedychium spicatum, ext. | Hedychium spicatum root oil",Maese Lab,Aceites esenciales,https://maeselab.com/aceite-esencial-de-flor-de-mariposa-100-natural/
94350-02-4,Aceite Esencial de Frangipani,natural,oil,Plumeria Alba Flower Oil,,Maese Lab,Aceites esenciales,https://maeselab.com/aceite-esencial-de-frangipani-100-natural/
8000-46-2,Aceite Esencial de Geranio Bourbon,natural,oil,Pelargonium Graveolens Flower Oil Vr. Bourbon,,Maese Lab,Aceites esenciales,https://maeselab.com/aceite-esencial-de-geranio-bourbon-100-natural/
90082-51-2,Aceite Esencial de Geranio Bourbon,natural,oil,Pelargonium Graveolens Flower Oil Vr. Bourbon,"Pelargonium graveolens, ext. | Rose geranium oil | 1P36QZP48P | GERANIUM EXTRACT [FHFI] | PELARGONIUM GRAVEOLENS FLOWERING TOP | SWEET SCENTED GERANIUM FLOWERING TOP | Pelargonium Graveolens Stem Leaf Extract | Geranium Bourbon Hydrolat, organic",Maese Lab,Aceites esenciales,https://maeselab.com/aceite-esencial-de-geranio-bourbon-100-natural/
8000-46-2,Aceite Esencial de Geranio Chino,natural,oil,Pelargonium Graveolens Flower Oil Vr. China,,Maese Lab,Aceites esenciales,https://maeselab.com/aceite-esencial-de-geranio-chino-100-natural/
90082-51-2,Aceite Esencial de Geranio Chino,natural,oil,Pelargonium Graveolens Flower Oil Vr. China,"Pelargonium graveolens, ext. | Rose geranium oil | 1P36QZP48P | GERANIUM EXTRACT [FHFI] | PELARGONIUM GRAVEOLENS FLOWERING TOP | SWEET SCENTED GERANIUM FLOWERING TOP | Pelargonium Graveolens Stem Leaf Extract | Geranium Bourbon Hydrolat, organic",Maese Lab,Aceites esenciales,https://maeselab.com/aceite-esencial-de-geranio-chino-100-natural/
8000-46-2,Aceite Esencial de Geranio Egipcio,natural,oil,Pelargonium Graveolens Flower Oil Vr. Egipto,,Maese Lab,Aceites esenciales,https://maeselab.com/aceite-esencial-de-geranio-egipcio-100-natural/
90082-51-2,Aceite Esencial de Geranio Egipcio,natural,oil,Pelargonium Graveolens Flower Oil Vr. Egipto,"Pelargonium graveolens, ext. | Rose geranium oil | 1P36QZP48P | GERANIUM EXTRACT [FHFI] | PELARGONIUM GRAVEOLENS FLOWERING TOP | SWEET SCENTED GERANIUM FLOWERING TOP | Pelargonium Graveolens Stem Leaf Extract | Geranium Bourbon Hydrolat, organic",Maese Lab,Aceites esenciales,https://maeselab.com/aceite-esencial-de-geranio-egipcio-100-natural/
84650-13-5,Aceite Esencial de Guayaco Palo,natural,oil,Guaiacum Officinale Wood Oil,"Guaiac extract | Extract of guaiac | Guaiac gum extract | Guaiacum officinale resin | Guaiacum officinale, ext. | Guaiacum officinalis extract | 51EUI60BAN | GUAIACUM BIJUGUM WOOD | GUAIACUM BREYNII WOOD | GUAIACUM OFFICINALE WOOD | COMMON LIGNUM-VITAE WOOD | GUAIACUM RESIN [MART.]",Maese Lab,Aceites esenciales,https://maeselab.com/aceite-esencial-de-guayaco-palo-100-natural/
504-63-2,Aceite Esencial de GUAYACO PALO /GAÏAC - 50% en DPG,natural,oil,"Guaiacum officinale wood oil, dipropylene glycol",,Maese Lab,Aceites esenciales,https://maeselab.com/aceite-esencial-de-guayaco-palo-gaiac-50-en-dpg/
84650-13-5,Aceite Esencial de GUAYACO PALO /GAÏAC - 50% en DPG,natural,oil,"Guaiacum officinale wood oil, dipropylene glycol","Guaiac extract | Extract of guaiac | Guaiac gum extract | Guaiacum officinale resin | Guaiacum officinale, ext. | Guaiacum officinalis extract | 51EUI60BAN | GUAIACUM BIJUGUM WOOD | GUAIACUM BREYNII WOOD | GUAIACUM OFFICINALE WOOD | COMMON LIGNUM-VITAE WOOD | GUAIACUM RESIN [MART.]",Maese Lab,Aceites esenciales,https://maeselab.com/aceite-esencial-de-guayaco-palo-gaiac-50-en-dpg/
93165-11-8,Aceite Esencial de Guggul,natural,oil,Commiphora Mukul Resin Extract,"guggulipid | gugulipid | Commiphora | Guggulu | guggulu extract | Gugulu | guggul extract | gugulu extract | gum guggulu | Mukul myrrh tree | Commiphora wightii | Commiphora mukul, ext.",Maese Lab,Aceites esenciales,https://maeselab.com/aceite-esencial-de-guggul-100-natural/
8023-91-4,Aceite Esencial de Gálbano,natural,oil,Ferula Galbaniflua Resin Oil,,Maese Lab,Aceites esenciales,https://maeselab.com/aceite-esencial-de-galbano-100-natural/
93165-40-3,Aceite Esencial de Gálbano,natural,oil,Ferula Galbaniflua Resin Oil,"Ferula galbaniflua, ext. | Galbanum absolute",Maese Lab,Aceites esenciales,https://maeselab.com/aceite-esencial-de-galbano-100-natural/
84696-19-5,Aceite Esencial de Hamamelis,natural,oil,Hamamelis Virginiana Leaf Extract,,Maese Lab,Aceites esenciales,https://maeselab.com/aceite-esencial-de-hamamelis/
90045-56-0,Aceite Esencial de Helicriso,natural,oil,Helichrysum Italicum Flower Oil,"Immortelle extract | Everlasting extract | Extract of everlasting | Extract of strawflower | Helichrysum italicum extract | Helichrysum angustifolium, ext. | Helichrysum angustifolium extract | Helichrysum angustifolium,ext. | Immortelle Hydrolat, organic | Helichrysum italicum flower absolute",Maese Lab,Aceites esenciales,https://maeselab.com/aceite-esencial-de-helicriso-100-natural/
90045-56-0,Aceite Esencial de Helicriso España - Rabujera,natural,oil,Helichrysum Italicum Vr. Picardii Flower Oil,"Immortelle extract | Everlasting extract | Extract of everlasting | Extract of strawflower | Helichrysum italicum extract | Helichrysum angustifolium, ext. | Helichrysum angustifolium extract | Helichrysum angustifolium,ext. | Immortelle Hydrolat, organic | Helichrysum italicum flower absolute",Maese Lab,Aceites esenciales,https://maeselab.com/aceite-esencial-de-helicriso-espa-a-rabujera-100-natural/
8006-84-6,Aceite Esencial de Hinojo Amargo (Hojas),natural,oil,Foeniculum Vulgare Oil,,Maese Lab,Aceites esenciales,https://maeselab.com/aceite-esencial-de-hinojo-amargo-hojas-100-natural/
84625-39-8,Aceite Esencial de Hinojo Amargo (Hojas),natural,oil,Foeniculum Vulgare Oil,,Maese Lab,Aceites esenciales,https://maeselab.com/aceite-esencial-de-hinojo-amargo-hojas-100-natural/
8006-84-6,Aceite Esencial de Hinojo Dulce,natural,oil,Foeniculum Vulgare Oil,,Maese Lab,Aceites esenciales,https://maeselab.com/aceite-esencial-de-hinojo-dulce-100-natural/
84625-39-8,Aceite Esencial de Hinojo Dulce,natural,oil,Foeniculum Vulgare Oil,,Maese Lab,Aceites esenciales,https://maeselab.com/aceite-esencial-de-hinojo-dulce-100-natural/
84603-66-7,Aceite Esencial de Hisopo Cineol - Natural- 100%,natural,oil,Hyssopus Officinalis Herb Oil,"Hyssop extract | Extract of hyssop | Hyssop, ext. | Hyssopus officinalis extract | Hyssop (Hyssopus officinalis L.) | Hyssop extract (Hyssopus officinalis L.) | Hyssop,ext.",Maese Lab,Aceites esenciales,https://maeselab.com/aceite-esencial-de-hisopo-cineol-natural-100/
84603-66-7,Aceite esencial de Hisopo Decumbens,natural,oil,Hyssopus Officinalis Flower Oil Vr. Decumbens,"Hyssop extract | Extract of hyssop | Hyssop, ext. | Hyssopus officinalis extract | Hyssop (Hyssopus officinalis L.) | Hyssop extract (Hyssopus officinalis L.) | Hyssop,ext.",Maese Lab,Aceites esenciales,https://maeselab.com/aceite-esencial-de-hisopo-decumbens-100-natural/
89957-98-2,Aceite Esencial de Incienso (olíbano) Carterii,natural,oil,Boswellia Carterii Gum Oil,,Maese Lab,Aceites esenciales,https://maeselab.com/aceite-esencial-de-incienso-olibano-carterii-100-natural/
97952-72-2,Aceite Esencial de Incienso (olíbano) Serrata,natural,oil,Boswellia Serrata Oil,"Salai, ext. | Boswellia Serrata extract | SALAI EXTRACT | Salai,ext. | Boswellia Extract",Maese Lab,Aceites esenciales,https://maeselab.com/aceite-esencial-de-incienso-olibano-serrata-100-natural/
89957-98-2,Aceite Esencial de Incienso - Olíbano,natural,oil,Boswellia Sacra Gum Oil,,Maese Lab,Aceites esenciales,https://maeselab.com/aceite-esencial-de-incienso-olibano-100-natural/
90064-28-1,Aceite Esencial de Jatamansí - Nardo índico,natural,oil,Nardostachys Jatamansi Root Oil,"Jatamansi | Nardostachys jatamansi, ext. | Nardostachys jatamansi extract",Maese Lab,Aceites esenciales,https://maeselab.com/aceite-esencial-de-jatamansi-nardo-indico-100-natural/
8007-08-7,Aceite Esencial de Jengibre,natural,oil,Zingiber Officinale Extract,,Maese Lab,Aceites esenciales,https://maeselab.com/aceite-esencial-de-jengibre-100-natural/
84696-15-1,Aceite Esencial de Jengibre,natural,oil,Zingiber Officinale Extract,"Ginger extract | Ginger Root Extract, food grade | Ginger CO2 extract (Oleoresin) | Ginger CO2 extract | Ginger | Jamaican ginger | Ginger, ext. | Ginger root extract | Extract of ginger root | Zingiber officinale extract | Zingiber officinale root extract | Ginger (Zingiber officinale Rosc.)",Maese Lab,Aceites esenciales,https://maeselab.com/aceite-esencial-de-jengibre-100-natural/
8007-08-7,Aceite Esencial de Jengibre Fresco,natural,oil,Zingiber Cassumunar Root Oil,,Maese Lab,Aceites esenciales,https://maeselab.com/aceite-esencial-de-jengibre-fresco-100-natural/
84696-15-1,Aceite Esencial de Jengibre Fresco,natural,oil,Zingiber Cassumunar Root Oil,"Ginger extract | Ginger Root Extract, food grade | Ginger CO2 extract (Oleoresin) | Ginger CO2 extract | Ginger | Jamaican ginger | Ginger, ext. | Ginger root extract | Extract of ginger root | Zingiber officinale extract | Zingiber officinale root extract | Ginger (Zingiber officinale Rosc.)",Maese Lab,Aceites esenciales,https://maeselab.com/aceite-esencial-de-jengibre-fresco-100-natural/
8002-41-3,Aceite Esencial de Laurel,natural,oil,Laurus Nobilis Leaf Oil,"Laurel oil | Oil of laurel | Oils, laurel | Laurel leaves oil (Laurus nobilis) | LAUREL OIL FROM LAURUS NOBILIS",Maese Lab,Aceites esenciales,https://maeselab.com/aceite-esencial-de-laurel-100-natural/
8007-48-5,Aceite Esencial de Laurel,natural,oil,Laurus Nobilis Leaf Oil,,Maese Lab,Aceites esenciales,https://maeselab.com/aceite-esencial-de-laurel-100-natural/
8000-28-0,Aceite Esencial de Lavanda Angustifolia,natural,oil,Lavandula Angustifolia Oil,,Maese Lab,Aceites esenciales,https://maeselab.com/aceite-esencial-de-lavanda-angustifolia-100-natural/
90063-37-9,Aceite Esencial de Lavanda Angustifolia,natural,oil,Lavandula Angustifolia Oil,"Alfazema | Lavender, Lavandula angustifolia, ext. | OIL OF LAVANDER D ~0.88 | Lavender, Lavandulaangustifolia, ext. | Lavandula angustifolia extract",Maese Lab,Aceites esenciales,https://maeselab.com/aceite-esencial-de-lavanda-angustifolia-100-natural/
84837-04-7,Aceite Esencial de Lavanda Latifolia,natural,oil,Lavandula Latifolia Herb Oil,"Spike lavender oil | Lavandula latifolia ext. | 7S2HYV1VJQ | Lavender, Lavandula latifolia, ext. | Lavender, Lavandulalatifolia, ext. | LAVENDER OIL SPIKE SPAIN | LAVENDER OIL SPIKE FRANCE | SPIKE LAVENDER FLOWER OIL | SPIKE LAVENDER OIL [FCC] | LAVENDER SPIKE OIL [FHFI] | SPIKE LAVENDER VOLATILE OIL | SPIKE LAVENDER OIL [MART.]",Maese Lab,Aceites esenciales,https://maeselab.com/aceite-esencial-de-lavanda-latifolia-100-natural/
84776-65-8,Aceite Esencial de Lavanda Oficinalis,natural,oil,Lavandula Officinalis Flower Oil,Lavandula | Lavender extract | Extract of lavender | Lavandula angustifolia flowering top | Lavandula officinalis extract | Lavandula angustifolia extract | LAVANDULA VERA EXTRACT | 9YT4B71U8P | LAVENDER ABSOLUTE [FHFI] | LAVENDER CONCRETE [FHFI] | LAVANDULA MINOR FLOWERING TOP | LAVANDULA SPICA FLOWERING TOP,Maese Lab,Aceites esenciales,https://maeselab.com/aceite-esencial-de-lavanda-oficinalis-100-natural/
93455-96-0,Aceite esencial de Lavandín Abrialis,natural,oil,Lavandula Hybrida Abrial Herb Oil,"Lavender, Lavandula hybrida abrial, ext. | Lavender, Lavandulahybridaabrial, ext.",Maese Lab,Aceites esenciales,https://maeselab.com/aceite-esencial-de-lavandin-abrialis-100-natural/
8022-15-9,Aceite Esencial de Lavandín Extra,natural,oil,Lavandula Hybrida Oil,,Maese Lab,Aceites esenciales,https://maeselab.com/aceite-esencial-de-lavandin-extra-100-natural/
91722-69-9,Aceite Esencial de Lavandín Extra,natural,oil,Lavandula Hybrida Oil,"Lavender, Lavandula hybrida, ext. | Lavandin grosso | Lavandin herb oil",Maese Lab,Aceites esenciales,https://maeselab.com/aceite-esencial-de-lavandin-extra-100-natural/
93455-97-1,Aceite esencial de Lavandín Grosso,natural,oil,Lavandula Hybrida Grosso Herb Oil,"Lavender, Lavandula hybrida grosso, ext. | Lavender, Lavandulahybridagrosso, ext.",Maese Lab,Aceites esenciales,https://maeselab.com/aceite-esencial-de-lavandin-grosso-100-natural/
91844-92-7,Aceite Esencial de Lemongrass Cochin,natural,oil,Cymbopogon Flexuosus Herb Oil,"Lemon Grass | Cymbopogon flexuosus, ext. | Cymbopogon citratus (lemongrass) | Cymbopogon flexuosus oil",Maese Lab,Aceites esenciales,https://maeselab.com/aceite-esencial-de-lemongrass-cochin-100-natural/
61789-92-2,Aceite Esencial de Lentisco,natural,oil,Pistacia Lentiscus Gum Oil,Gum mastic | Mastic gum | MASTISOL | Mastic | Mastix | Mastic absolute | Mastic resinoid | Lentisque oil | Mastic oil | Lentisk absolute | Mastic oleoresin | Mastic Resin,Maese Lab,Aceites esenciales,https://maeselab.com/aceite-esencial-de-lentisco-100-natural/
8016-31-7,Aceite Esencial de Levístico,natural,oil,Levisticum Officinale Root Oil,,Maese Lab,Aceites esenciales,https://maeselab.com/aceite-esencial-de-levistico-100-natural/
84837-06-9,Aceite Esencial de Levístico,natural,oil,Levisticum Officinale Root Oil,"Levisticum | Chinese lovage | Levisticum officinale, ext. | Levisticum Officinale Leaf Extract",Maese Lab,Aceites esenciales,https://maeselab.com/aceite-esencial-de-levistico-100-natural/
90063-52-8,Aceite Esencial de Lima - FFC (FREE FURANOCUMARINA),natural,oil,Citrus Aurantifolia Peel Oil Expressed,,Maese Lab,Aceites esenciales,https://maeselab.com/aceite-esencial-de-lima-ffc-free-furanocumarina/
90063-52-8,Aceite Esencial de Lima Destilada,natural,oil,Citrus Aurantifolia Peel Oil Distilled,,Maese Lab,Aceites esenciales,https://maeselab.com/aceite-esencial-de-lima-destilada/
91771-50-5,Aceite Esencial de Lima Kaffir / Lima Combawa,natural,oil,Citrus Hystrix Peel Oil,,Maese Lab,Aceites esenciales,https://maeselab.com/aceite-esencial-de-lima-kaffir-lima-combawa/
90063-52-8,Aceite Esencial de Lima Verde,natural,oil,Citrus Aurantifolia Peel Oil Expressed,,Maese Lab,Aceites esenciales,https://maeselab.com/aceite-esencial-de-lima-verde-100-natural/
8008-56-8,Aceite Esencial de Limón,natural,oil,Citrus Limon Peel Oil,,Maese Lab,Aceites esenciales,https://maeselab.com/aceite-esencial-de-limon-100-natural/
84929-31-7,Aceite Esencial de Limón,natural,oil,Citrus Limon Peel Oil,,Maese Lab,Aceites esenciales,https://maeselab.com/aceite-esencial-de-limon-100-natural/
91722-39-3,Aceite Esencial de Madera de Hiba,natural,oil,Thujopsis Dolabrata Wood Oil,"Thujopsis dolabrata, ext. | THUJOPSIS DOLABRATA BRANCH EXTRACT",Maese Lab,Aceites esenciales,https://maeselab.com/aceite-esencial-de-madera-de-hiba-100-natural/
91745-89-0,Aceite Esencial de Madera de Ho,natural,oil,Cinnamomum camphora linalooliferum wood oil,Camphor tree | Ho root oil,Maese Lab,Aceites esenciales,https://maeselab.com/aceite-esencial-de-madera-de-ho-100-natural/
85085-47-8,Aceite Esencial de Magnolia Grandiflora (Flor),natural,oil,Magnolia Grandiflora Flower Extract,"Magnolia | Magnolia grandiflora, ext. | Magnolia Bark Extract | Magnolia grandiflora flower extract",Maese Lab,Aceites esenciales,https://maeselab.com/aceite-esencial-de-magnolia-grandiflora-flor-100-natural/
8008-31-9,Aceite Esencial de Mandarina,natural,oil,Citrus Reticulata peel oil,,Maese Lab,Aceites esenciales,https://maeselab.com/aceite-esencial-de-mandarina-100-natural/
84929-38-4,Aceite Esencial de Mandarina,natural,oil,Citrus Reticulata peel oil,"Citrus | Mandarin orange, ext. | Mandarin orange,ext. | Mandarin extract | Citrus nobilis peel extract",Maese Lab,Aceites esenciales,https://maeselab.com/aceite-esencial-de-mandarina-100-natural/
93686-22-7,Aceite Esencial de Mandarina Tangor,natural,oil,"Citrus Reticulata, X C. Sinensis peel oil Expressed",,Maese Lab,Aceites esenciales,https://maeselab.com/aceite-esencial-de-mandarina-tangor-100-natural/
84929-38-4,Aceite Esencial de Mandarina Verde,natural,oil,Citrus Nobilis Peel Oil Expressed,"Citrus | Mandarin orange, ext. | Mandarin orange,ext. | Mandarin extract | Citrus nobilis peel extract",Maese Lab,Aceites esenciales,https://maeselab.com/aceite-esencial-de-mandarina-verde-100-natural/
223749-44-8,Aceite esencial de Manuca o Manuka,natural,oil,Leptospermum Scoparium Branch/Leaf Oil,"LEPTOSPERMUM SCOPARIUM, EXT. | LEPTOSPERMUM SCOPARIUM LEAF EXTRACT",Maese Lab,Aceites esenciales,https://maeselab.com/aceite-esencial-de-manuca-o-manuka-100-natural/
84082-60-0,Aceite Esencial de Manzanilla Alemana,natural,oil,Matricaria Recutita Flower Oil,"German chamomilla | Matricaria recutita | Matricaria recutita, ext. | Chamomile | Chamomile tea | Mayweed Flower | German chamomile | Matricariae Flos | Chamomile extract | Chamomile Flowers | Chamomilla Flower | Matricaria Flower",Maese Lab,Aceites esenciales,https://maeselab.com/aceite-esencial-de-manzanilla-alemana-100-natural/
92202-02-3,Aceite Esencial de Manzanilla de Marruecos,natural,oil,Ormenis Multicaulis Oil,"Ormenis multicaulis, ext. | Ormenis multicaulis,ext. | Ormenis multicaulis flower extract",Maese Lab,Aceites esenciales,https://maeselab.com/aceite-esencial-de-manzanilla-de-marruecos-100-natural/
8015-92-7,Aceite Esencial de Manzanilla Romana,natural,oil,Anthemis Nobilis Flower Oil,,Maese Lab,Aceites esenciales,https://maeselab.com/aceite-esencial-de-manzanilla-romana-100-natural/
84649-86-5,Aceite Esencial de Manzanilla Romana,natural,oil,Anthemis Nobilis Flower Oil,"Chamaemelum | Roman chamomile | Chamomile tea | Chamomile extract | Roman chamomile extract | Anthemis nobilis, ext. | Anthemis nobilis extract | Chamomile extract, roman | English chamomile extract | Chamomile extract, english | Extract of roman chamomile | Extract of chamomile, roman",Maese Lab,Aceites esenciales,https://maeselab.com/aceite-esencial-de-manzanilla-romana-100-natural/
84082-58-6,Aceite Esencial de Mejorana Natural - 100%,natural,oil,Origanum Majorana Flower/Leaf/Stem Oil,,Maese Lab,Aceites esenciales,https://maeselab.com/aceite-esencial-de-mejorana-natural-100/
8014-71-9,Aceite Esencial de Melisa Oficinalis,natural,oil,Melissa Officinalis Flower/Leaf/Stem Oil,,Maese Lab,Aceites esenciales,https://maeselab.com/aceite-esencial-de-melisa-oficinalis-100-natural/
84082-61-1,Aceite Esencial de Melisa Oficinalis,natural,oil,Melissa Officinalis Flower/Leaf/Stem Oil,,Maese Lab,Aceites esenciales,https://maeselab.com/aceite-esencial-de-melisa-oficinalis-100-natural/
68917-18-0,Aceite Esencial de Menta Arvensis,natural,oil,Mentha Arvensis Leaf Oil,,Maese Lab,Aceites esenciales,https://maeselab.com/aceite-esencial-de-menta-arvensis-100-natural/
85085-49-0,Aceite Esencial de Menta Citrata,natural,oil,Mentha Citrata Oil,"Mentha citrata, ext. | 1H-Indole, 2-(5-oxazolyl)",Maese Lab,Aceites esenciales,https://maeselab.com/aceite-esencial-de-menta-citrata-100-natural/
84082-70-2,Aceite esencial de Menta Piperita Extra,natural,oil,Mentha Piperita Oil,"Mentha piperita | Peppermint extract | Peppermint, ext. | Extract of peppermint | Mentha piperita extract | Peppermint leaves (Mentha piperita L.) | Peppermint,ext. | Peppermint Leaf Extract | Peppermint absolute",Maese Lab,Aceites esenciales,https://maeselab.com/aceite-esencial-de-menta-piperita-extra-100-natural/
90064-00-9,Aceite esencial de Menta Poleo,natural,oil,Mentha Polegium Leaf Oil,"Pennyroyal extract | Extract of pennyroyal | Mentha pulegium extract | Mentha pulegium, ext.",Maese Lab,Aceites esenciales,https://maeselab.com/aceite-esencial-de-menta-poleo-100-natural/
84696-51-5,Aceite Esencial de Menta Verde - Hierba Buena,natural,oil,Mentha Spicata Herb Oil,,Maese Lab,Aceites esenciales,https://maeselab.com/aceite-esencial-de-menta-verde-hierba-buena-100-natural/
8022-07-9,Aceite esencial de Milenrama,natural,oil,Achillea Millefolium Oil,,Maese Lab,Aceites esenciales,https://maeselab.com/aceite-esencial-de-milenrama-100-natural/
84082-83-7,Aceite esencial de Milenrama,natural,oil,Achillea Millefolium Oil,"Achillea | Milfoil extract | Yarrow extract | Extract of yarrow | Achillea millefolium extract | Yarrow, Achillea millefolium, ext. | Yarrow herb (Achillea millefolium L.) | Achillea millefolium ext. | Millefolium | Achillea millefolium | BLOODWORT WHOLE | MILENRAMA WHOLE",Maese Lab,Aceites esenciales,https://maeselab.com/aceite-esencial-de-milenrama-100-natural/
98903-76-5,Aceite Esencial de Mimosa Australiana,natural,oil,Acacia Decurrens Flower Extract,"Acacia decurrens, ext. | Thiobenzoic acid",Maese Lab,Aceites esenciales,https://maeselab.com/aceite-esencial-de-mimosa-australiana-100-natural/
84929-26-0,Aceite Esencial de Mirra - EXTRA,natural,oil,Commiphora Myrrha Gum Oil,"Myrrh | Commiphora myrrha, ext. | Commiphora myrrha gum oil",Maese Lab,Aceites esenciales,https://maeselab.com/aceite-esencial-de-mirra-extra/
84775-80-4,Aceite Esencial de Mirto Limón,natural,oil,Backhousia Citriodora Leaf Oil,"Lemon myrtle | Australian lemon myrtle | Backhousia citriodora, ext. | BACKHOUSIA CITRIODORA LEAF OIL",Maese Lab,Aceites esenciales,https://maeselab.com/aceite-esencial-de-mirto-limon-100-natural/
8008-46-6,Aceite Esencial de Mirto Rojo,natural,oil,Myrtus Communis Oil,,Maese Lab,Aceites esenciales,https://maeselab.com/aceite-esencial-de-mirto-rojo/
84082-67-7,Aceite Esencial de Mirto Rojo,natural,oil,Myrtus Communis Oil,"Myrtle extract | Extract of myrtle | Myrtus communis extract | Myrtus communis, ext. | Myrtus communis L. (Myrtaceae),  extract | Myrtus communis,ext.",Maese Lab,Aceites esenciales,https://maeselab.com/aceite-esencial-de-mirto-rojo/
8008-46-6,Aceite Esencial de Mirto Verde,natural,oil,Myrtus Communis Leaf Oil,,Maese Lab,Aceites esenciales,https://maeselab.com/aceite-esencial-de-mirto-verde-100-natural/
84082-67-7,Aceite Esencial de Mirto Verde,natural,oil,Myrtus Communis Leaf Oil,"Myrtle extract | Extract of myrtle | Myrtus communis extract | Myrtus communis, ext. | Myrtus communis L. (Myrtaceae),  extract | Myrtus communis,ext.",Maese Lab,Aceites esenciales,https://maeselab.com/aceite-esencial-de-mirto-verde-100-natural/
68916-04-1,Aceite Esencial de Naranja Amarga,natural,oil,Citrus Aurantium Amara Peel Oil Expressed,,Maese Lab,Aceites esenciales,https://maeselab.com/aceite-esencial-de-naranja-amarga-100-natural/
8028-48-6,Aceite Esencial de Naranja Dulce,natural,oil,Citrus Sinensis Peel Oil Expressed,,Maese Lab,Aceites esenciales,https://maeselab.com/aceite-esencial-de-naranja-dulce-100-natural/
97766-30-8,Aceite Esencial de Naranja Dulce,natural,oil,Citrus Sinensis Peel Oil Expressed,"Sweet valencia orange extract | Orange, sweet, Valencia, ext. | Valencia orange oil | Citrus sinensis valencia peel extract",Maese Lab,Aceites esenciales,https://maeselab.com/aceite-esencial-de-naranja-dulce-100-natural/
8028-48-6,Aceite Esencial de Naranja Sanguinea,natural,oil,Citrus Sinensis Peel Oil Expressed,,Maese Lab,Aceites esenciales,https://maeselab.com/aceite-esencial-de-naranja-sanguinea-100-natural/
97766-30-8,Aceite Esencial de Naranja Sanguinea,natural,oil,Citrus Sinensis Peel Oil Expressed,"Sweet valencia orange extract | Orange, sweet, Valencia, ext. | Valencia orange oil | Citrus sinensis valencia peel extract",Maese Lab,Aceites esenciales,https://maeselab.com/aceite-esencial-de-naranja-sanguinea-100-natural/
91771-62-9,Aceite Esencial de Nargamota,natural,oil,Cyperus Scariosus Root Oil,"Cyperus scariosus, ext. | Nagarmutha rhizome extract | Cyperus root oil",Maese Lab,Aceites esenciales,https://maeselab.com/aceite-esencial-de-nargamota-100-natural/
132940-73-9,Aceite Esencial de Niaoulí,natural,oil,Melaleuca Viridiflora Leaf Oil,"Melaleuca viridiflora, ext. | Melaleuca viridiflora leaf oil",Maese Lab,Aceites esenciales,https://maeselab.com/aceite-esencial-de-niaouli-100-natural/
8007-12-3,Aceite Esencial de Nuez Moscada,natural,oil,Myristica Fragrans Kernel Oil,,Maese Lab,Aceites esenciales,https://maeselab.com/aceite-esencial-de-nuez-moscada-100-natural/
8008-45-5,Aceite Esencial de Nuez Moscada,natural,oil,Myristica Fragrans Kernel Oil,,Maese Lab,Aceites esenciales,https://maeselab.com/aceite-esencial-de-nuez-moscada-100-natural/
100084-96-6,Aceite Esencial de Opoponax,natural,oil,Commiphora Erythrea Glabrescens Gum Oil,"Commiphora | Myrrh extract | Extract of myrrh | Commiphora extract | Commiphora erythraea, ext. | Commiphora erythraea extract | MYRRH, EXTRACT",Maese Lab,Aceites esenciales,https://maeselab.com/aceite-esencial-de-opoponax-100-natural/
93686-00-1,Aceite Esencial de Opoponax,natural,oil,Commiphora Erythrea Glabrescens Gum Oil,"Opopanax chironium, ext.",Maese Lab,Aceites esenciales,https://maeselab.com/aceite-esencial-de-opoponax-100-natural/
84012-24-8,Aceite Esencial de Orégano,natural,oil,Origanum Vulgare Leaf Oil,,Maese Lab,Aceites esenciales,https://maeselab.com/aceite-esencial-de-oregano-100-natural/
8014-09-3,Aceite Esencial de Pachuli Dark JAVA,natural,oil,Pogostemon Cablin Leaf Oil,,Maese Lab,Aceites esenciales,https://maeselab.com/aceite-esencial-de-pachuli-dark-java-100-natural/
84238-39-1,Aceite Esencial de Pachuli Dark JAVA,natural,oil,Pogostemon Cablin Leaf Oil,"Patchouli, ext. | Patchouli oil | Patchouli extract | Pogostemon cablin | PATCHOULI RESIDUES",Maese Lab,Aceites esenciales,https://maeselab.com/aceite-esencial-de-pachuli-dark-java-100-natural/
84649-81-0,Aceite Esencial de Palmarosa,natural,oil,Cymbopogon Martini Herb Oil,"Cymbopogon martini, ext.",Maese Lab,Aceites esenciales,https://maeselab.com/aceite-esencial-de-palmarosa-100-natural/
91722-54-2,Aceite Esencial de Palmarosa,natural,oil,Cymbopogon Martini Herb Oil,"Cymbopogon martini motia, ext. | Lemongrass herb oil",Maese Lab,Aceites esenciales,https://maeselab.com/aceite-esencial-de-palmarosa-100-natural/
8015-77-8,Aceite Esencial de Palo de Rosa,natural,oil,Aniba Rosaeodora Wood Oil,,Maese Lab,Aceites esenciales,https://maeselab.com/aceite-esencial-de-palo-de-rosa-100-natural/
84012-33-9,Aceite Esencial de Perejil Semillas,natural,oil,Petroselinum Crispum Seed Oil,"Petroselinum | Parsley | Parsley extract | Parsley, ext. | Extract of parsley | Petroselinum sativum extract | Parsley oleoresin (Petroselinum spp.) | PARSLEY HERB EXTRACT | PARSLEY SPRIG | PARSLEY,DRIED | PARSLEY TOP | PARSLEY,FRSH",Maese Lab,Aceites esenciales,https://maeselab.com/aceite-esencial-de-perejil-semillas-100-natural/
68916-04-1,Aceite Esencial de Petitgrain Bigarade,natural,oil,Citrus Aurantium Amara Leaf/Twig Oil,,Maese Lab,Aceites esenciales,https://maeselab.com/aceite-esencial-de-petitgrain-bigarade-100-natural/
72968-50-4,Aceite Esencial de Petitgrain Bigarade,natural,oil,Citrus Aurantium Amara Leaf/Twig Oil,,Maese Lab,Aceites esenciales,https://maeselab.com/aceite-esencial-de-petitgrain-bigarade-100-natural/
84929-31-7,Aceite Esencial de Petitgrain Limonero,natural,oil,Citrus Limon Leaf Oil,,Maese Lab,Aceites esenciales,https://maeselab.com/aceite-esencial-de-petitgrain-limonero-100-natural/
92346-89-9,Aceite Esencial de Petitgrain Limonero,natural,oil,Citrus Limon Leaf Oil,"Citrus | Citrus medica limonum, ext. | Lime Peel Powder | CITRUS LIMON PEEL EXTRACT",Maese Lab,Aceites esenciales,https://maeselab.com/aceite-esencial-de-petitgrain-limonero-100-natural/
8008-31-9,Aceite Esencial de Petitgrain Mandarina,natural,oil,Citrus Reticulata Leaf Oil,,Maese Lab,Aceites esenciales,https://maeselab.com/aceite-esencial-de-petitgrain-mandarina-100-natural/
8014-17-3,Aceite Esencial de Petitgrain Mandarina,natural,oil,Citrus Reticulata Leaf Oil,,Maese Lab,Aceites esenciales,https://maeselab.com/aceite-esencial-de-petitgrain-mandarina-100-natural/
68916-04-1,Aceite Esencial de Petitgrain Paraguay,natural,oil,Citrus Aurantium Amara Leaf/Twig Oil,,Maese Lab,Aceites esenciales,https://maeselab.com/aceite-esencial-de-petitgrain-paraguay-100-natural/
72968-50-4,Aceite Esencial de Petitgrain Paraguay,natural,oil,Citrus Aurantium Amara Leaf/Twig Oil,,Maese Lab,Aceites esenciales,https://maeselab.com/aceite-esencial-de-petitgrain-paraguay-100-natural/
91722-19-9,Aceite esencial de Picea Negra - Abeto Negro,natural,oil,Picea Mariana Leaf Oil,"Black spruce | Picea mariana resin | Spruce, Picea mariana, ext. | PICEA MARIANA LEAF OIL",Maese Lab,Aceites esenciales,https://maeselab.com/aceite-esencial-de-picea-negra-abeto-negro/
84929-41-9,Aceite Esencial de Pimienta Blanca,natural,oil,Piper Nigrum Fruit Oil,"Black pepper | Piper nigrum | Black pepper extract | Black Pepper (Piper nigrum) | Pepper, black (Piper nigrum L.) | Pepper (Piper), P. nigrum, ext. | Black Pepper Extract (Piper nigrum) | Black Pepper (Piper nigrum) [plant] | Pepper | Pepper, black | PEPPER,BLACK | BLACK PEPPERCORN",Maese Lab,Aceites esenciales,https://maeselab.com/aceite-esencial-de-pimienta-blanca-100-natural/
8006-77-7,Aceite esencial de Pimienta de Jamaica Hojas,natural,oil,Pimenta Officinalis Leaf Oil,,Maese Lab,Aceites esenciales,https://maeselab.com/aceite-esencial-de-pimienta-de-jamaica-hojas-100-natural/
84929-57-7,Aceite esencial de Pimienta de Jamaica Hojas,natural,oil,Pimenta Officinalis Leaf Oil,,Maese Lab,Aceites esenciales,https://maeselab.com/aceite-esencial-de-pimienta-de-jamaica-hojas-100-natural/
90082-59-0,Aceite Esencial de Pimienta de Java,natural,oil,Piper Cubeba Fruit Oil,"Pepper (Piper), P. cubeba, ext. | cubebe | cubebol | Pepper | tail pepper | Piper cubeba | Van Aroma",Maese Lab,Aceites esenciales,https://maeselab.com/aceite-esencial-de-pimienta-de-java-100-natural/
84929-41-9,Aceite Esencial de Pimienta Negra,natural,oil,Piper Nigrum Fruit Oil,"Black pepper | Piper nigrum | Black pepper extract | Black Pepper (Piper nigrum) | Pepper, black (Piper nigrum L.) | Pepper (Piper), P. nigrum, ext. | Black Pepper Extract (Piper nigrum) | Black Pepper (Piper nigrum) [plant] | Pepper | Pepper, black | PEPPER,BLACK | BLACK PEPPERCORN",Maese Lab,Aceites esenciales,https://maeselab.com/aceite-esencial-de-pimienta-negra-100-natural/
84929-41-9,Aceite Esencial de Pimienta Verde,natural,oil,Piper Nigrum Fruit Oil,"Black pepper | Piper nigrum | Black pepper extract | Black Pepper (Piper nigrum) | Pepper, black (Piper nigrum L.) | Pepper (Piper), P. nigrum, ext. | Black Pepper Extract (Piper nigrum) | Black Pepper (Piper nigrum) [plant] | Pepper | Pepper, black | PEPPER,BLACK | BLACK PEPPERCORN",Maese Lab,Aceites esenciales,https://maeselab.com/aceite-esencial-de-pimienta-verde-100-natural/
8023-99-2,Aceite Esencial de Pino Silvestre,natural,oil,Pinus Sylvestris Leaf Oil,,Maese Lab,Aceites esenciales,https://maeselab.com/aceite-esencial-de-pino-silvestre-100-natural/
84012-35-1,Aceite Esencial de Pino Silvestre,natural,oil,Pinus Sylvestris Leaf Oil,"Scotch pine | Pinus sylvestris | Bio pine | Pine needle extract | Pinus sylvestris top | Extract of pine needle | Pinus sylvestris pollen | Scotch pine leafy twig | Scots Pine needle extracts | Pinus sylvestris flowering top | Pine, Pinus sylvestris, ext. | Pinus sylvestris ext.",Maese Lab,Aceites esenciales,https://maeselab.com/aceite-esencial-de-pino-silvestre-100-natural/
8016-20-4,Aceite Esencial de Pomelo Blanco,natural,oil,Citrus Paradisi Peel Oil var. Blanca,,Maese Lab,Aceites esenciales,https://maeselab.com/aceite-esencial-de-pomelo-blanco-100-natural/
8016-20-4,Aceite Esencial de Pomelo Rosado,natural,oil,Citrus Paradisi Peel Oil var. Rosa,,Maese Lab,Aceites esenciales,https://maeselab.com/aceite-esencial-de-pomelo-rosado-100-natural/
91770-56-8,Aceite Esencial de Ravensara,natural,oil,Ravensara Aromatica Leaf Oil,,Maese Lab,Aceites esenciales,https://maeselab.com/aceite-esencial-de-ravensara-100-natural/
92201-50-8,Aceite Esencial de Ravintsara,natural,oil,Cinnamomum Camphora Leaf Oil,,Maese Lab,Aceites esenciales,https://maeselab.com/aceite-esencial-de-ravintsara-100-natural/
8000-25-7,Aceite Esencial de Romero Alcanfor,natural,oil,Rosmarinus Officinalis Leaf Oil Vr. Camphoriferum,,Maese Lab,Aceites esenciales,https://maeselab.com/aceite-esencial-de-romero-alcanfor-100-natural/
8000-25-7,Aceite Esencial de Romero Cineol,natural,oil,Rosmarinus Officinalis Leaf Oil Vr. Cineoliferum,,Maese Lab,Aceites esenciales,https://maeselab.com/aceite-esencial-de-romero-cineol-100-natural/
84604-14-8,Aceite Esencial de Romero Cineol,natural,oil,Rosmarinus Officinalis Leaf Oil Vr. Cineoliferum,"Rosmarinus | Rosemary extract | Rosemary, ext. | Extract of rosemary | Rosmarinus officinalis Extract | Romarinus officinalis leaf extract | Supercritical extract of rosemary | Rosmarinus Officinalis Leaf Extract | Rosemary | Rosemary,dried | Rosemary,fresh | Rosemary Herbs",Maese Lab,Aceites esenciales,https://maeselab.com/aceite-esencial-de-romero-cineol-100-natural/
8007-01-0,Aceite esencial de Rosa Damascena Extra,natural,oil,Rosa Damascena Flower Oil,,Maese Lab,Aceites esenciales,https://maeselab.com/aceite-esencial-de-rosa-damascena-extra-100-natural/
90106-38-0,Aceite esencial de Rosa Damascena Extra,natural,oil,Rosa Damascena Flower Oil,,Maese Lab,Aceites esenciales,https://maeselab.com/aceite-esencial-de-rosa-damascena-extra-100-natural/
8007-01-0,Aceite Esencial de Rosa Damascena Otto Bulgaria,natural,oil,Rosa Damascena Flower Oil,,Maese Lab,Aceites esenciales,https://maeselab.com/aceite-esencial-de-rosa-damascena-otto-bulgaria-100-natural/
90106-38-0,Aceite Esencial de Rosa Damascena Otto Bulgaria,natural,oil,Rosa Damascena Flower Oil,,Maese Lab,Aceites esenciales,https://maeselab.com/aceite-esencial-de-rosa-damascena-otto-bulgaria-100-natural/
90082-45-4,Aceite Esencial de Rosa Geranio,natural,oil,Pelargonium Capitatum Leaf Extract,"Pelargonium capitatum, ext. | PELARGONIUM CAPITATUM LEAF EXTRACT",Maese Lab,Aceites esenciales,https://maeselab.com/aceite-esencial-de-rosa-geranio-100-natural/
84929-47-5,Aceite Esencial de Ruda,natural,oil,Ruta Graveolens Herb Oil,,Maese Lab,Aceites esenciales,https://maeselab.com/aceite-esencial-de-ruda-100-natural/
8022-56-8,Aceite Esencial de Salvia de España,natural,oil,Salvia Officinalis Oil,,Maese Lab,Aceites esenciales,https://maeselab.com/aceite-esencial-de-salvia-de-espa-a-100-natural/
84776-73-8,Aceite Esencial de Salvia de España,natural,oil,Salvia Officinalis Oil,Salvia officinalis (sage) oil,Maese Lab,Aceites esenciales,https://maeselab.com/aceite-esencial-de-salvia-de-espa-a-100-natural/
84775-83-7,Aceite Esencial de Salvia Romana o Esclarea,natural,oil,Salvia Sclarea Flower Oil,,Maese Lab,Aceites esenciales,https://maeselab.com/aceite-esencial-de-salvia-romana-o-esclarea-100-natural/
8006-87-9,Aceite Esencial de SANDALO Indio,natural,oil,Santalum Album Oil,,Maese Lab,Aceites esenciales,https://maeselab.com/aceite-esencial-de-sandalo-indio-100-natural/
84787-70-2,Aceite Esencial de SANDALO Indio,natural,oil,Santalum Album Oil,"Biphenyl-4,4'-dicarboxylic acid | 4,4'-diphenyldiformic acid | 4-(4-carboxyphenyl)benzoic acid | Sandalwood, ext. | Sandalwood, extract | Extract of sandalwood | Biphenyl-4,4-dicarboxylicacid | 4,4'-Dicarboxybiphenyl | [1,1'-Biphenyl]-4,4'-dicarboxylic acid | BIPHENYL-4,4-DICARBOXYLIC ACID | Sandalwood oil from Santalum album L. | Santalum Album Seed Extract",Maese Lab,Aceites esenciales,https://maeselab.com/aceite-esencial-de-sandalo-indio-100-natural/
89997-35-3,Aceite Esencial de semillas de Apio,natural,oil,Apium Graveolens Seed Oil,"Celery extract | Extract of celery | Celery, ext. | Celery seed extract | Apium graveolens extract | Apium graveolens seed extract | Celery (Apium graveolens) Extract | Celery (Apium graveolens) Extract [seed] | Celery Seed EXtract, 6:1, Powder | celery seed extract, 6:1 | Celery seed | Apium graveolens seed",Maese Lab,Aceites esenciales,https://maeselab.com/aceite-esencial-de-semillas-de-apio-100-natural/
8016-84-0,Aceite esencial de Tagete o Clavel Chino,natural,oil,Tagetes Minuta Flower Oil,,Maese Lab,Aceites esenciales,https://maeselab.com/aceite-esencial-de-tagete-o-clavel-chino-100-natural/
91770-75-1,Aceite esencial de Tagete o Clavel Chino,natural,oil,Tagetes Minuta Flower Oil,,Maese Lab,Aceites esenciales,https://maeselab.com/aceite-esencial-de-tagete-o-clavel-chino-100-natural/
84961-64-8,Aceite esencial de Tanaceto,natural,oil,Tanacetum Vulgare Flower Oil,"Tansy extract | Extract of tansy | Tanacetum vulgare top | Tanacetum vulgare, ext. | Tanacetum vulgare extract | Tanacetum vulgare,ext.",Maese Lab,Aceites esenciales,https://maeselab.com/aceite-esencial-de-tanaceto-100-natural/
8007-46-3,Aceite Esencial de Tomillo Blanco,natural,oil,Thymus Vulgaris Flower/Leaf Oil,,Maese Lab,Aceites esenciales,https://maeselab.com/aceite-esencial-de-tomillo-blanco-100-natural/
84929-51-1,Aceite Esencial de Tomillo Blanco,natural,oil,Thymus Vulgaris Flower/Leaf Oil,"Thyme | Thyme extract | Thymus plant | Red thyme oil | Extract of thyme | Thymus vulgaris extract | Thyme (Thymus vulgaris L.) | Thyme, Thymus vulgaris, ext. | THYME, EXTRACT | Thymus vulgaris oil",Maese Lab,Aceites esenciales,https://maeselab.com/aceite-esencial-de-tomillo-blanco-100-natural/
84837-14-9,Aceite Esencial de Tomillo Mastichina,natural,oil,Thymus Mastichina Herb Oil,"Thyme, Thymus mastichina, ext. | Thymus mastichina flowering top oil | Spanish marjoram oil | MEJORANA FLOWERING TOP OIL | MARJORAM OIL, SPANISH TYPE | THYMUS MASTICHINA FLOWER OIL | MASTIC THYME FLOWERING TOP OIL | MARJORAM OIL, SPANISH TYPE [FCC] | Marjoram absolute",Maese Lab,Aceites esenciales,https://maeselab.com/aceite-esencial-de-tomillo-mastichina-o-almoradux-100-natural/
85085-75-2,Aceite Esencial de Tomillo Rojo,natural,oil,Thymus Zygis Flower/Leaf Oil,,Maese Lab,Aceites esenciales,https://maeselab.com/aceite-esencial-de-tomillo-rojo-100-natural/
8006-64-2,Aceite Esencial de Trementina,natural,oil,Turpentine Essential Oil,,Maese Lab,Aceites esenciales,https://maeselab.com/aceite-esencial-de-trementina/
8007-20-3,Aceite esencial de Tuya de Canadá,natural,oil,Thuja Occidentalis Oil,,Maese Lab,Aceites esenciales,https://maeselab.com/aceite-esencial-de-tuya-de-canada-100-natural/
97927-02-1,Aceite esencial de Valeriana Raíz,natural,oil,Valeriana Officinalis Root Oil,"Valerian extract | Valeriana officinalis collina, ext.",Maese Lab,Aceites esenciales,https://maeselab.com/aceite-esencial-de-valeriana-raiz-100-natural/
68855-99-2,Aceite Esencial de Verbena China - Verbena Exótica,natural,oil,Litsea Cubeba Fruit Oil,,Maese Lab,Aceites esenciales,https://maeselab.com/aceite-esencial-de-verbena-china-verbena-exotica-100-natural/
90063-59-5,Aceite Esencial de Verbena China - Verbena Exótica,natural,oil,Litsea Cubeba Fruit Oil,"Litsea cubeba, ext. | Litseacubeba, ext.",Maese Lab,Aceites esenciales,https://maeselab.com/aceite-esencial-de-verbena-china-verbena-exotica-100-natural/
8016-96-4,Aceite Esencial de Vetiver Extra,natural,oil,Vetiveria Zizanoides Root Oil,,Maese Lab,Aceites esenciales,https://maeselab.com/aceite-esencial-de-vetiver-extra-100-natural/
84238-29-9,Aceite Esencial de Vetiver Extra,natural,oil,Vetiveria Zizanoides Root Oil,,Maese Lab,Aceites esenciales,https://maeselab.com/aceite-esencial-de-vetiver-extra-100-natural/
84929-27-1,Aceite Esencial de Vino Blanco,natural,oil,Vitis Vinifera Fruit Extract,,Maese Lab,Aceites esenciales,https://maeselab.com/aceite-esencial-de-vino-blanco-100-natural/
85594-37-2,Aceite Esencial de Vino Blanco,natural,oil,Vitis Vinifera Fruit Extract,"Grape, ext. | grape extract | linoleic acid | (9Z,12Z)-octadeca-9,12-dienoic acid | Grape seed oil | Raisin | Wine grape | EUROPEAN GRAPE | SEEDLESS GRAPE | COMMON GRAPE | GREEN GRAPE | TABLE GRAPE",Maese Lab,Aceites esenciales,https://maeselab.com/aceite-esencial-de-vino-blanco-100-natural/
68606-83-7,Aceite esencial de Ylang Ylang - Primera destilación,natural,oil,Cananga Odorata Flower Oil,,Maese Lab,Aceites esenciales,https://maeselab.com/aceite-esencial-de-ylang-ylang-primera-destilacion-100-natural/
8006-81-3,Aceite esencial de Ylang Ylang - Primera destilación,natural,oil,Cananga Odorata Flower Oil,,Maese Lab,Aceites esenciales,https://maeselab.com/aceite-esencial-de-ylang-ylang-primera-destilacion-100-natural/
83863-30-3,Aceite esencial de Ylang Ylang - Primera destilación,natural,oil,Cananga Odorata Flower Oil,,Maese Lab,Aceites esenciales,https://maeselab.com/aceite-esencial-de-ylang-ylang-primera-destilacion-100-natural/
68606-83-7,Aceite Esencial de Ylang Ylang - segunda destilación,natural,oil,Cananga Odorata Flower Oil,,Maese Lab,Aceites esenciales,https://maeselab.com/aceite-esencial-de-ylang-ylang-segunda-destilacion-100-natural/
8006-81-3,Aceite Esencial de Ylang Ylang - segunda destilación,natural,oil,Cananga Odorata Flower Oil,,Maese Lab,Aceites esenciales,https://maeselab.com/aceite-esencial-de-ylang-ylang-segunda-destilacion-100-natural/
83863-30-3,Aceite Esencial de Ylang Ylang - segunda destilación,natural,oil,Cananga Odorata Flower Oil,,Maese Lab,Aceites esenciales,https://maeselab.com/aceite-esencial-de-ylang-ylang-segunda-destilacion-100-natural/
68606-83-7,Aceite Esencial de Ylang Ylang - tercera destilación,natural,oil,Cananga Odorata Flower Oil,,Maese Lab,Aceites esenciales,https://maeselab.com/aceite-esencial-de-ylang-ylang-tercera-destilacion-100-natural/
8006-81-3,Aceite Esencial de Ylang Ylang - tercera destilación,natural,oil,Cananga Odorata Flower Oil,,Maese Lab,Aceites esenciales,https://maeselab.com/aceite-esencial-de-ylang-ylang-tercera-destilacion-100-natural/
83863-30-3,Aceite Esencial de Ylang Ylang - tercera destilación,natural,oil,Cananga Odorata Flower Oil,,Maese Lab,Aceites esenciales,https://maeselab.com/aceite-esencial-de-ylang-ylang-tercera-destilacion-100-natural/
68606-83-7,Aceite esencial de Ylang Ylang Completo,natural,oil,Cananga Odorata Flower Oil,,Maese Lab,Aceites esenciales,https://maeselab.com/aceite-esencial-de-ylang-ylang-completo/
8006-81-3,Aceite esencial de Ylang Ylang Completo,natural,oil,Cananga Odorata Flower Oil,,Maese Lab,Aceites esenciales,https://maeselab.com/aceite-esencial-de-ylang-ylang-completo/
83863-30-3,Aceite esencial de Ylang Ylang Completo,natural,oil,Cananga Odorata Flower Oil,,Maese Lab,Aceites esenciales,https://maeselab.com/aceite-esencial-de-ylang-ylang-completo/
68606-83-7,Aceite esencial de Ylang Ylang Extra,natural,oil,Cananga Odorata Flower Oil,,Maese Lab,Aceites esenciales,https://maeselab.com/aceite-esencial-de-ylang-ylang-extra-100-natural/
8006-81-3,Aceite esencial de Ylang Ylang Extra,natural,oil,Cananga Odorata Flower Oil,,Maese Lab,Aceites esenciales,https://maeselab.com/aceite-esencial-de-ylang-ylang-extra-100-natural/
83863-30-3,Aceite esencial de Ylang Ylang Extra,natural,oil,Cananga Odorata Flower Oil,,Maese Lab,Aceites esenciales,https://maeselab.com/aceite-esencial-de-ylang-ylang-extra-100-natural/
233683-84-6,Aceite Esencial de Yuzu EXTRA,natural,oil,Citrus Junos Peel Oil,,Maese Lab,Aceites esenciales,https://maeselab.com/aceite-esencial-de-yuzu-extra-100-natural/
8015-88-1,Aceite Esencial de Zanahoria,natural,oil,Daucus Carota Sativa Seed Oil,,Maese Lab,Aceites esenciales,https://maeselab.com/aceite-esencial-de-zanahoria-100-natural/
84929-61-3,Aceite Esencial de Zanahoria,natural,oil,Daucus Carota Sativa Seed Oil,"Carrots | Carrot extract | Daucus carota | Extract of carrot | Carrot, ext. | Daucus carota sativa extract | Carrot,ext. | Carrot weed oil",Maese Lab,Aceites esenciales,https://maeselab.com/aceite-esencial-de-zanahoria-100-natural/
68647-73-4,Aceite Esencial de Árbol del Té,natural,oil,Melaleuca Alternifolia Leaf Oil,,Maese Lab,Aceites esenciales,https://maeselab.com/aceite-esencial-de-arbol-del-te-100-natural/
8022-72-8,Aceite Esencial de Árbol del Té,natural,oil,Melaleuca Alternifolia Leaf Oil,"Oils, melaleuca | Melaleuca oil | TEA TREE OIL | Melaleuca alternifolia leaf oil",Maese Lab,Aceites esenciales,https://maeselab.com/aceite-esencial-de-arbol-del-te-100-natural/
628-63-7,Acetato Amilo,molécula,,AMYL ACETATE,,Maese Lab,"Aroma Chemicals, Fracciones y Moléculas",https://maeselab.com/acetato-amilo/
140-11-4,Acetato Bencilo,molécula,,BENZYL ACETATE,,Maese Lab,"Aroma Chemicals, Fracciones y Moléculas",https://maeselab.com/acetato-bencilo/
142-92-7,Acetato de exilo,molécula,,HEXYL ACETATE,,Maese Lab,"Aroma Chemicals, Fracciones y Moléculas",https://maeselab.com/acetato-de-exilo/
105-87-3,Acetato de geranilo 96%,molécula,,GERANYL ACETATE,,Maese Lab,"Aroma Chemicals, Fracciones y Moléculas",https://maeselab.com/acetato-de-geranilo-96/
115-95-7,Acetato de linalilo 96%,molécula,,LINALYL ACETATE,,Maese Lab,"Aroma Chemicals, Fracciones y Moléculas",https://maeselab.com/acetato-de-linalilo-96/
141-78-6,Acetato Etilo Nat,molécula,,ETHYL ACETATE,,Maese Lab,"Aroma Chemicals, Fracciones y Moléculas",https://maeselab.com/acetato-etilo-nat/
115-95-7,Acetato Linalilo Natural,molécula,,"3,7-DIMETHYL OCTA-1,6-DIENE-3-YL ACETATE",,Maese Lab,"Aroma Chemicals, Fracciones y Moléculas",https://maeselab.com/acetato-linalilo-natural/
68083-58-9,Acetato Vetikol,molécula,,"1,3-DIMETHYL-3-PHENYLBUTYL ACETATE",,Maese Lab,"Aroma Chemicals, Fracciones y Moléculas",https://maeselab.com/acetato-vetikol/
98-86-2,Acetophenone 96%,molécula,,ACETOPHENONE,,Maese Lab,"Aroma Chemicals, Fracciones y Moléculas",https://maeselab.com/acetophenone-96/
100-51-6,Alcohol Bencílico,molécula,,BENZYL ALCOHOL,,Maese Lab,"Aroma Chemicals, Fracciones y Moléculas",https://maeselab.com/alcohol-bencilico/
98-85-1,Alcohol Estiralilico - Styralyl Alcohol,molécula,,STYRALYL ALCOHOL,,Maese Lab,"Aroma Chemicals, Fracciones y Moléculas",https://maeselab.com/alcohol-estiralilico-styralyl-alcohol/
60-12-8,ALCOHOL FENILETILICO,molécula,,PHENETHYL ALCOHOL,,Maese Lab,"Aroma Chemicals, Fracciones y Moléculas",https://maeselab.com/alcohol-feniletilico/
122-97-4,Alcohol Fenilpropilico,molécula,,Phenyl Propanol,,Maese Lab,"Aroma Chemicals, Fracciones y Moléculas",https://maeselab.com/alcohol-fenilpropilico/
1335-12-2,Alcohol Fenilpropilico,molécula,,Phenyl Propanol,,Maese Lab,"Aroma Chemicals, Fracciones y Moléculas",https://maeselab.com/alcohol-fenilpropilico/
103-95-7,Aldehide Ciclamen,molécula,,CYCLAMEN ALDEHYDE,,Maese Lab,"Aroma Chemicals, Fracciones y Moléculas",https://maeselab.com/aldehide-ciclamen/
165184-98-5,Aldehido alfa hexil cinamico,molécula,,aldehido alfa-hexilcinamico,,Maese Lab,"Aroma Chemicals, Fracciones y Moléculas",https://maeselab.com/aldehido-alfa-hexil-cinamico/
112-31-2,Aldehyde C10,molécula,,DECANAL,,Maese Lab,"Aroma Chemicals, Fracciones y Moléculas",https://maeselab.com/aldehyde-c10/
112-44-7,Aldehyde C11 ENIC,molécula,,UNDECANAL,,Maese Lab,"Aroma Chemicals, Fracciones y Moléculas",https://maeselab.com/aldehyde-c11-enic/
112-54-9,Aldehyde C12,molécula,,LAURALDEHYDE,,Maese Lab,"Aroma Chemicals, Fracciones y Moléculas",https://maeselab.com/aldehyde-c12/
110-41-8,Aldehyde C12 MNA,molécula,,METHYLUNDECANAL,,Maese Lab,"Aroma Chemicals, Fracciones y Moléculas",https://maeselab.com/aldehyde-c12-mna/
104-67-6,Aldehyde C14,molécula,,GAMMA-UNDECALACTONE,,Maese Lab,"Aroma Chemicals, Fracciones y Moléculas",https://maeselab.com/aldehyde-c14/
77-83-8,Aldehyde C16,molécula,,ETHYL METHYLPHENYLGLYCIDATE,,Maese Lab,"Aroma Chemicals, Fracciones y Moléculas",https://maeselab.com/aldehyde-c16/
104-61-0,Aldehyde C18,molécula,,GAMMA-NONALACTONE,,Maese Lab,"Aroma Chemicals, Fracciones y Moléculas",https://maeselab.com/aldehyde-c18/
124-13-0,Aldehyde C8,molécula,,OCTANAL,,Maese Lab,"Aroma Chemicals, Fracciones y Moléculas",https://maeselab.com/aldehyde-c8/
7785-26-4,Alfa Pineno,molécula,,ALPHA-PINENE,,Maese Lab,"Aroma Chemicals, Fracciones y Moléculas",https://maeselab.com/alfa-pineno/
98-55-5,Alfa Terpineol Aroma Chemicals,molécula,,2-(4-METHYL-3-CYCLOHEXEN-1-YL)-2-PROPANOL,,Maese Lab,"Aroma Chemicals, Fracciones y Moléculas",https://maeselab.com/alfa-terpineol-aroma-chemicals/
2705-87-5,Allyl Cyclohexyl Propionate,molécula,,ALLYL CYCLOHEXYLPROPIONATE; 2-PROPENYL 3-CYCLOHEXANEPROPANOATE,,Maese Lab,"Aroma Chemicals, Fracciones y Moléculas",https://maeselab.com/allyl-cyclohexyl-propionate/
90320-37-9,Almendra Amarga - CO2,natural,co2,Prunus Amygdalus Dulcis Fruit Extract,"Sweet Almond nut | Prunus amygdalus nut | Sweet Almond extract | Almond, sweet, ext. | Almond prunus amygdalus | Almond,sweet, ext.",Maese Lab,"Absolutos, CO2, Resinoides y Reducciones",https://maeselab.com/almendra-amarga-co2/
122-40-7,Alpha Amyl Cinnamic Aldehyde,molécula,,ALPHA AMYL CINNAMIC ALDEHYDE,,Maese Lab,"Aroma Chemicals, Fracciones y Moléculas",https://maeselab.com/alpha-amyl-cinnamic-aldehyde/
99-83-2,Alpha-phellandrene 98%,molécula,,ALPHA-PHELLANDRENE,,Maese Lab,"Aroma Chemicals, Fracciones y Moléculas",https://maeselab.com/alpha-phellandrene-98/
9000-02-6,Ambar Rojo - Absoluto dilución al 20%,natural,absolute,Pinus Succinifera Amber Extract (and) Alcohol,Amber | Ambra | Gray amber | 70J9Z0J26P | Resinite | Succinum | Amber Extract | Amber Powder | SUCCINUM [HPUS] | AMBER [MI] | AMBER (FOSSILIZED TREE RESIN) [WHO-DD] | AMBERGRISTINCTURE,Maese Lab,"Absolutos, CO2, Resinoides y Reducciones",https://maeselab.com/ambar-rojo-absoluto-dilucion-al-20/
139504-68-0,Amber Core - Ambercore,molécula,,2-T-BUTYLCYCLOHEXYLOXYBUTANOL,,Maese Lab,"Aroma Chemicals, Fracciones y Moléculas",https://maeselab.com/amber-core-ambercore/
476332-65-7,Amber Xtreme,molécula,,"HEPTAMETIL DECAHIDROINDENOFURANO, MUSK INDENOFURANO",,Maese Lab,"Aroma Chemicals, Fracciones y Moléculas",https://maeselab.com/amber-xtreme/
54464-57-2,Amberfleur - Simil Iso E Esuper,molécula,,TETRAMETHYL ACETYLOCTAHYDRONAPHTHALENES,,Maese Lab,"Aroma Chemicals, Fracciones y Moléculas",https://maeselab.com/amberfleur-simil-iso-e-esuper/
3738-00-9,AMBERMOR IFF,molécula,,C16 H28 O,,Maese Lab,"Aroma Chemicals, Fracciones y Moléculas",https://maeselab.com/ambermor-iff/
6790-58-5,AMBERMOR IFF,molécula,,C16 H28 O,,Maese Lab,"Aroma Chemicals, Fracciones y Moléculas",https://maeselab.com/ambermor-iff/
84455-19-6,Ambreta CO2,natural,co2,Hibiscus Abelmoschus Seed Extract,"Hibiscus abelmoschus, ext. | Hibiscus Abelmoschus Extract | Ambrette seed absolute",Maese Lab,"Absolutos, CO2, Resinoides y Reducciones",https://maeselab.com/ambreta-co2/
28645-51-4,Ambrettolide,molécula,,OXACYCLOHEPTADEC-10-EN-2-ONE,,Maese Lab,"Aroma Chemicals, Fracciones y Moléculas",https://maeselab.com/ambrettolide/
6790-58-5,Ambroxan Cristal,molécula,,DODECAHYDRO-TETRAMETHYLNAPHTHOFURAN,,Maese Lab,"Aroma Chemicals, Fracciones y Moléculas",https://maeselab.com/ambroxan-cristal/
122-40-7,Amyl Cinnamal,molécula,,2-BENZYLIDENEHEPTANAL,,Maese Lab,"Aroma Chemicals, Fracciones y Moléculas",https://maeselab.com/amyl-cinnamal/
134-20-3,Antranilato Metilo,molécula,,METHYL ANTHRANILATE,,Maese Lab,"Aroma Chemicals, Fracciones y Moléculas",https://maeselab.com/antranilato-metilo/
89-43-0,Aurantiol,molécula,,HYDROXYCITRONELLAL METHYL ANTHRANILATE,,Maese Lab,"Aroma Chemicals, Fracciones y Moléculas",https://maeselab.com/aurantiol/
100-52-7,Benzaldehyde,molécula,,BENZALDEHYDE,,Maese Lab,"Aroma Chemicals, Fracciones y Moléculas",https://maeselab.com/benzaldehyde/
120-51-4,Benzyl Benzoate 75%,molécula,,BENZYL BENZOATE,,Maese Lab,"Aroma Chemicals, Fracciones y Moléculas",https://maeselab.com/benzyl-benzoate-75/
118-58-1,Benzyl Salicylate,molécula,,BENZYL SALICYLATE,,Maese Lab,"Aroma Chemicals, Fracciones y Moléculas",https://maeselab.com/benzyl-salicylate/
87-44-5,Beta Caryophyllene,molécula,,BETA-CARYOPHYLLENE,,Maese Lab,"Aroma Chemicals, Fracciones y Moléculas",https://maeselab.com/beta-caryophyllene/
127-91-3,Beta-Pinene,molécula,,BETA-PINENES,,Maese Lab,"Aroma Chemicals, Fracciones y Moléculas",https://maeselab.com/beta-pinene/
17627-44-0,Bisaboleno,molécula,,BISABOLENE,,Maese Lab,"Aroma Chemicals, Fracciones y Moléculas",https://maeselab.com/bisaboleno/
58567-11-6,Boisambrene Forte - Aroma Chemicals,molécula,,FORMALDEHYDE CYCLODECYL ETHYL ACETAL,,Maese Lab,"Aroma Chemicals, Fracciones y Moléculas",https://maeselab.com/boisambrene-forte-aroma-chemicals/
507-70-0,Borneol,molécula,,BORNEOL,,Maese Lab,"Aroma Chemicals, Fracciones y Moléculas",https://maeselab.com/borneol/
84650-00-0,Café (Coffee) CO2,natural,co2,Coffea Arabica Fruit Extract,,Maese Lab,"Absolutos, CO2, Resinoides y Reducciones",https://maeselab.com/cafe-coffee-co2/
28940-11-6,Calone Aroma Chemicals,molécula,,METHYL BENZODIOXEPINONE,,Maese Lab,"Aroma Chemicals, Fracciones y Moléculas",https://maeselab.com/calone-aroma-chemicals/
123-68-2,Caproato de alilo,molécula,,ALLYL CAPROATE,,Maese Lab,"Aroma Chemicals, Fracciones y Moléculas",https://maeselab.com/caproato-de-alilo/
499-75-2,Carvacrol,molécula,,CARVACROL,,Maese Lab,"Aroma Chemicals, Fracciones y Moléculas",https://maeselab.com/carvacrol/
33704-61-9,Cashmeran,molécula,,DIHYDRO PENTAMETHYLINDANONE,,Maese Lab,"Aroma Chemicals, Fracciones y Moléculas",https://maeselab.com/cashmeran/
19870-74-7,Cedrol Methyl Ether - Simil Cedramber,molécula,,CEDROL METHYL ETHER,,Maese Lab,"Aroma Chemicals, Fracciones y Moléculas",https://maeselab.com/cedrol-methyl-ether-simil-cedramber/
77-53-2,Cedrol Natural Cristalizado,molécula,,CEDROL,,Maese Lab,"Aroma Chemicals, Fracciones y Moléculas",https://maeselab.com/cedrol-natural-cristalizado/
77-54-3,Cedryl Acetate Cristalizado,molécula,,CEDRYL ACETATE,,Maese Lab,"Aroma Chemicals, Fracciones y Moléculas",https://maeselab.com/cedryl-acetate-cristalizado/
13171-00-1,CELESTOLIDE IFF,molécula,,"6-tert-butyl-1,1-dimethylindan-4-yl methyl ketone",,Maese Lab,"Aroma Chemicals, Fracciones y Moléculas",https://maeselab.com/celestolide-iff/
104-54-1,Cinnamyl Alcohol 75%,molécula,,CINNAMYL ALCOHOL,,Maese Lab,"Aroma Chemicals, Fracciones y Moléculas",https://maeselab.com/cinnamyl-alcohol-75/
928-96-1,CIS-3-HEXENOL,molécula,,cis-3-hexenol,,Maese Lab,"Aroma Chemicals, Fracciones y Moléculas",https://maeselab.com/cis-3-hexenol/
106-22-9,Citronellol 96%,molécula,,CITRONELLOL,,Maese Lab,"Aroma Chemicals, Fracciones y Moléculas",https://maeselab.com/citronellol-96/
1450625-49-6,CLEARWOOD,molécula,,-,,Maese Lab,"Aroma Chemicals, Fracciones y Moléculas",https://maeselab.com/clearwood/
90106-38-0,CONCRETO - Rosa Damascena,natural,concrete,Rosa Damascena Flower Extract,,Maese Lab,"Absolutos, CO2, Resinoides y Reducciones",https://maeselab.com/concreto-rosa-damascena/
91-64-5,Cumarina Natural Cristalizada - Fracción,molécula,,COUMARIN,,Maese Lab,"Aroma Chemicals, Fracciones y Moléculas",https://maeselab.com/cumarina-natural-cristalizada-fraccion/
28219-61-6,Dartanol,molécula,,"2-BUTEN-1-OL, 2-ETHYL-4- (2,2,3-TRIMETHYL-3-CYCLOPENTEN-1-YL)",,Maese Lab,"Aroma Chemicals, Fracciones y Moléculas",https://maeselab.com/dartanol/
84-66-2,Diethyl phthalate - Dietil Ftalato,molécula,,DIETHYL PHTHALATE,,Maese Lab,"Aroma Chemicals, Fracciones y Moléculas",https://maeselab.com/diethyl-phthalate-dietil-ftalato/
24851-98-7,Dihidrojasmonato Metilo - Simil Hedione (de Jazmín),molécula,,METHYLDIHYDROJASMONATE,,Maese Lab,"Aroma Chemicals, Fracciones y Moléculas",https://maeselab.com/dihidrojasmonato-metilo-simil-hedione-de-jazmin/
18479-58-8,Dihidromircenol Aroma Chemicals,molécula,,"2,6-DIMETHYL-7-OCTEN-2-OL",,Maese Lab,"Aroma Chemicals, Fracciones y Moléculas",https://maeselab.com/dihidromircenol-aroma-chemicals/
17283-81-7,Dihydro ionone Beta,molécula,,"4-(2,6,6-TRIMETHYL-1-CYCLOHEXEN-1-YL)-2-BUTANONE",,Maese Lab,"Aroma Chemicals, Fracciones y Moléculas",https://maeselab.com/dihydro-ionone-beta/
84012-14-6,DILUCION ABS. Alcachofa 10%,natural,absolute,"alcohol, Cynara Scolymus Leaf Extract","Cynara scolymus | Artichoke extract | Artichoke, ext. | Hathi-choka extract | Extract of artichoke | Cynara scolymus extract | Cynara scolymus Linn., extract | Artichoke leaf | Cynara scolymus leaf | CYNARAE FOLIUM | CYNARA LEAF | CYNARA [MART.]",Maese Lab,"Absolutos, CO2, Resinoides y Reducciones",https://maeselab.com/dilucion-abs-alcachofa-10/
84603-62-3,DILUCION ABS. Madreselva 10%,natural,absolute,"alcohol, Lonicera caprifolium flower extract","Lonicera | Bio honeysuckle | Honeysuckle extract | Extract of honeysuckle | Lonicera caprifolium flower | Lonicera caprifolium extract | Lonicera caprifolium flowering top | Honeysuckle, Lonicera caprifolium, ext. | Italian Woodbine Flower | Honeysuckle Flower Extract | Lonicera Caprifolia Flower | Perfoliate Honeysuckle Flower",Maese Lab,"Absolutos, CO2, Resinoides y Reducciones",https://maeselab.com/dilucion-abs-madreselva-10/
92347-21-2,DILUCION ABS. Osmanthus 10%,natural,absolute,"alcohol, Osmanthus Fragrans Flower Extract","Osmanthus absolute | Osmanthus fragrans, ext. | Osmanthus fragrans extract | Osmanthusfragrans,ext.",Maese Lab,"Absolutos, CO2, Resinoides y Reducciones",https://maeselab.com/dilucion-abs-osmanthus-10/
94334-35-7,DILUCION ABS. Tuberosa 10%,natural,absolute,"alcohol, Polianthes Tuberosa Flower Extract","Tuberose, ext. | Polianthes tuberosa extract",Maese Lab,"Absolutos, CO2, Resinoides y Reducciones",https://maeselab.com/dilucion-abs-tuberosa-10/
90147-36-7,DILUCION ABS. Violeta hojas 10%,natural,absolute,"alcohol, Viola Odorata Leaf Extract","Melilotus extract | Binafsha, extract | Sweet clover extract | Viola odorata, ext. | Extract of sweet clover | Viola odorata L., extract | Viola odorata extract | Viola odorata, ext | VIOLET EXTRACT | GARDEN VIOLET | VIOLA ODORATA | SWEET BLUEVIOLET",Maese Lab,"Absolutos, CO2, Resinoides y Reducciones",https://maeselab.com/dilucion-abs-violeta-hojas-10/
84776-23-8,DILUCION de ABS. Calendula (Flor),natural,absolute,"Calendula Officinalis Flower Extract, Alcohol","Calendula | Guna-lympho | Marigold extract | Calendula extract | Extract of calendula | Garden Marigold extracts | Poet's Marigold extracts | Calendula officinalis, ext. | Calendula officinalis extract | Calendula officinalis Linn., extract | MARIGOLD POWDER EXTRACT | Calendulae Flos",Maese Lab,"Absolutos, CO2, Resinoides y Reducciones",https://maeselab.com/dilucion-de-abs-calendula-flor/
68916-26-7,DILUCION de ABS. Civeta EXTRA al 10%,natural,absolute,"alcohol, Viverra civetta Extract",,Maese Lab,"Absolutos, CO2, Resinoides y Reducciones",https://maeselab.com/dilucion-de-abs-civeta-extra-al-10/
92347-05-2,DILUCION de ABS. Geranio Búlgaro,natural,absolute,"Alcohol, Geranium Macrorrhizum Herb Extract",,Maese Lab,"Absolutos, CO2, Resinoides y Reducciones",https://maeselab.com/dilucion-de-abs-geranio-bulgaro/
90028-68-5,DILUCION de ABS. Musgo de Roble,natural,absolute,"alcohol, Evernia Prunastri Extract",,Maese Lab,"Absolutos, CO2, Resinoides y Reducciones",https://maeselab.com/dilucion-de-abs-musgo-de-roble/
90045-89-9,DILUCION de ABS. Orris,natural,absolute,"alcohol, iris florentina root extract","Allergenic extracts | Orris root extract | Extract of orris root | Iris florentina extract | Extract of florentine iris | Iris germanica florentina, ext. | Iris germanica var. florentina root | ORRIS EXTRACT (IRIS FLORENTINA) | IRIS FLORENTINA | FLEUR-DE-LIS ROOT | FLORENTINE IRIS ROOT | IRIS FLORENTINA ROOT",Maese Lab,"Absolutos, CO2, Resinoides y Reducciones",https://maeselab.com/dilucion-de-abs-orris/
64-17-5,DILUCION de ABS. Tabaco Natural,natural,absolute,alcohol (and) Nicotiana Tabacum Leaf Extract,,Maese Lab,"Absolutos, CO2, Resinoides y Reducciones",https://maeselab.com/dilucion-de-abs-tabaco-natural/
165800-52-2,DILUCION de Mimosa Dealbata (Aromo) 30%,natural,absolute,"Alcohol, Acacia Dealbata Flower Extract","ACACIA DEALBATA, EXT.",Maese Lab,"Absolutos, CO2, Resinoides y Reducciones",https://maeselab.com/dilucion-de-mimosa-dealbata-aromo-30/
101-84-8,Diphenyl Oxide,molécula,,DIPHENYL OXIDE PHENYL ETHER,,Maese Lab,"Aroma Chemicals, Fracciones y Moléculas",https://maeselab.com/diphenyl-oxide/
67801-20-1,Ebanol,molécula,,"3-METHYL-5-(2,2,3-TRIMETHYL-3-CYCLOPENTENYL)PENT-4-EN-2-OL",,Maese Lab,"Aroma Chemicals, Fracciones y Moléculas",https://maeselab.com/ebanol/
121-32-4,Ethyl Vainillin,molécula,,ETHYL VANILLIN 3-ETHOXY-4-HYDROXYBENZALDEHYDE,,Maese Lab,"Aroma Chemicals, Fracciones y Moléculas",https://maeselab.com/ethyl-vainillin/
123-07-9,Etil-4-Fenol Aroma Chemicals,molécula,,4-ETHYLPHENOL,,Maese Lab,"Aroma Chemicals, Fracciones y Moléculas",https://maeselab.com/etil-4-fenol-aroma-chemicals/
105-95-3,ETILEN BRASILATO - (Ethylene Brassylate),molécula,,Ethylene Brassylate,,Maese Lab,"Aroma Chemicals, Fracciones y Moléculas",https://maeselab.com/etilen-brasilato-ethylene-brassylate/
4940-11-8,Etilmaltol,molécula,,ETHYL HYDROXYPYRONE,,Maese Lab,"Aroma Chemicals, Fracciones y Moléculas",https://maeselab.com/etilmaltol/
470-82-6,Eucalyptol 98%,molécula,,EUCALYPTOL,,Maese Lab,"Aroma Chemicals, Fracciones y Moléculas",https://maeselab.com/eucalyptol-98/
97-53-0,Eugenol 98%,molécula,,EUGENOL,,Maese Lab,"Aroma Chemicals, Fracciones y Moléculas",https://maeselab.com/eugenol-98/
4707-47-5,EVERNYL (Veramoss),molécula,,"methyl atratate; methyl 2,4-dihydroxy-3,6-dimethylbenzoate",,Maese Lab,"Aroma Chemicals, Fracciones y Moléculas",https://maeselab.com/evernyl-veramoss/
106-02-5,EXALTOLIDE TOTAL,molécula,,16-oxacyclohexadecan-1-one,,Maese Lab,"Aroma Chemicals, Fracciones y Moléculas",https://maeselab.com/exaltolide-total/
4602-84-0,Farnesol,molécula,,FARNESOL,,Maese Lab,"Aroma Chemicals, Fracciones y Moléculas",https://maeselab.com/farnesol/
56011-02-0,Feniletil Isoamileter 97%,molécula,,isoamil feniletil eter,,Maese Lab,"Aroma Chemicals, Fracciones y Moléculas",https://maeselab.com/feniletil-isoamileter-97/
67634-15-5,Floralozone,molécula,,"ETHYL 2,2-DIMETHYLHYDROCINNAMAL",,Maese Lab,"Aroma Chemicals, Fracciones y Moléculas",https://maeselab.com/floralozone/
125109-85-5,Florhydral,molécula,,Iso Propyl Phenyl Butanal,,Maese Lab,"Aroma Chemicals, Fracciones y Moléculas",https://maeselab.com/florhydral/
63500-71-0,Florosa Aroma Chemicals,molécula,,TETRAHYDRO-METHYL-METHYLPROPYL)-PYRAN-4-OL,,Maese Lab,"Aroma Chemicals, Fracciones y Moléculas",https://maeselab.com/florosa-aroma-chemicals/
6413-10-1,Fructone 99% Natural,molécula,,ETHYLACETOACETATE ETHYLENE GLYCOL KETAL,,Maese Lab,"Aroma Chemicals, Fracciones y Moléculas",https://maeselab.com/fructone-99-natural/
98-01-1,Furfural Aroma Chemicals,molécula,,2-FURALDEHYDE,,Maese Lab,"Aroma Chemicals, Fracciones y Moléculas",https://maeselab.com/furfural-aroma-chemicals/
1222-05-5,Galaxolide - Simil Ambretol,molécula,,HEXAMETHYLINDANOPYRAN,,Maese Lab,"Aroma Chemicals, Fracciones y Moléculas",https://maeselab.com/galaxolide-simil-ambretol/
104-67-6,Gamma undecalactone,molécula,,GAMMA-UNDECALACTONE,,Maese Lab,"Aroma Chemicals, Fracciones y Moléculas",https://maeselab.com/gamma-undecalactone/
67634-20-2,Gardociclene Aroma Chemicals,molécula,,HEXAHYDRO-METHANOINDEN-5-YL ISOBUTYRATE,,Maese Lab,"Aroma Chemicals, Fracciones y Moléculas",https://maeselab.com/gardociclene-aroma-chemicals/
106-24-1,Geraniol 98 % Nat,molécula,,GERANIOL,,Maese Lab,"Aroma Chemicals, Fracciones y Moléculas",https://maeselab.com/geraniol-98-nat/
34902-57-3,Globalid - Simil Habanolide,molécula,,OXACYCLOHEXADECENONE,,Maese Lab,"Aroma Chemicals, Fracciones y Moléculas",https://maeselab.com/globalid-simil-habanolide/
90-05-1,GUAIACOL - GUAYACOL,molécula,,Guaiacol,,Maese Lab,"Aroma Chemicals, Fracciones y Moléculas",https://maeselab.com/guaiacol-guayacol/
22457-23-4,Heptoxime - Simil Stemone,molécula,,ETHYL METHYLBUTYL KETOXIME,,Maese Lab,"Aroma Chemicals, Fracciones y Moléculas",https://maeselab.com/heptoxime-simil-stemone/
6789-88-4,Hexyl Benzoate - Benzoato Hexilo,molécula,,HEXYL BENZOATE,,Maese Lab,"Aroma Chemicals, Fracciones y Moléculas",https://maeselab.com/hexyl-benzoate-benzoato-hexilo/
107-74-4,Hydroxycitronellol - Cyclosia,molécula,,HYDROXYCITRONELLOL,,Maese Lab,"Aroma Chemicals, Fracciones y Moléculas",https://maeselab.com/hydroxycitronellol-cyclosia/
120-72-9,Indol,molécula,,"INDOLE; 1H-INDOLE; 120-72-9; 2,3-BENZOPYRROLE; …",,Maese Lab,"Aroma Chemicals, Fracciones y Moléculas",https://maeselab.com/indol/
14901-07-6,Ionona Beta Aroma Chemicals,molécula,,BETA-IONONE,,Maese Lab,"Aroma Chemicals, Fracciones y Moléculas",https://maeselab.com/ionona-beta-aroma-chemicals/
127-41-3,Ionone Alfa,molécula,,ALPHA-IONONE,,Maese Lab,"Aroma Chemicals, Fracciones y Moléculas",https://maeselab.com/ionone-alfa/
65442-31-1,Isobutilquinoleina 40% DPG,molécula,,6-TERT-BUTYLQUINOLINE,,Maese Lab,"Aroma Chemicals, Fracciones y Moléculas",https://maeselab.com/isobutilquinoleina-40-dpg/
78-35-3,Isobutirato de linalilo,molécula,,LINALYL ISOBUTYRATE,,Maese Lab,"Aroma Chemicals, Fracciones y Moléculas",https://maeselab.com/isobutirato-de-linalilo/
1335-46-2,Isoraldine,molécula,,ISO-METHYL-ALPHA-IONONE; GAMMA-METHYL IONONE; N-METHYL IONONE,,Maese Lab,"Aroma Chemicals, Fracciones y Moléculas",https://maeselab.com/isoraldine/
34686-71-0,Jasmine Lactona o Jasmolactona,molécula,,TETRAHYDRO-6-PENT-2-ENYL-PYRAN-2-ONE,,Maese Lab,"Aroma Chemicals, Fracciones y Moléculas",https://maeselab.com/jasmine-lactona-o-jasmolactona/
198404-98-7,Javanol (Givaudan),molécula,,Sandal Cyclopropane,,Maese Lab,"Aroma Chemicals, Fracciones y Moléculas",https://maeselab.com/javanol-givaudan/
81786-73-4,Koavone,molécula,,ISOMEROS DEL ACETIL DIISOAMILENO,,Maese Lab,"Aroma Chemicals, Fracciones y Moléculas",https://maeselab.com/koavone/
138-22-7,Lactato de Butilo,molécula,,Butyl Lactate,,Maese Lab,"Aroma Chemicals, Fracciones y Moléculas",https://maeselab.com/lactato-de-butilo/
97-64-3,Lactato de Etilo natural,molécula,,ETHYL 2-HYDROXYPROPIONATE; ETHYL 2-HYDROXYPROPANOATE,,Maese Lab,"Aroma Chemicals, Fracciones y Moléculas",https://maeselab.com/lactato-de-etilo-natural/
68039-49-6,Ligustral,molécula,,"2,4-DIMETHYL-3-CYCLOHEXENE CARBOXALDEHYDE",,Maese Lab,"Aroma Chemicals, Fracciones y Moléculas",https://maeselab.com/ligustral/
138-86-3,Limonene 98%,molécula,,D-LIMONENE,,Maese Lab,"Aroma Chemicals, Fracciones y Moléculas",https://maeselab.com/limonene-98/
78-70-6,Linalol Natural,molécula,,LINALOOL,,Maese Lab,"Aroma Chemicals, Fracciones y Moléculas",https://maeselab.com/linalol-natural/
27606-09-3,Magnolan,molécula,,"2,4-DIMETHYL-4,4A,5,9B-TETRAHYDROINDENO-1,3-DIOXIN",,Maese Lab,"Aroma Chemicals, Fracciones y Moléculas",https://maeselab.com/magnolan/
39255-32-8,Manzanate,molécula,,ETHYL 2-METHYLVALERATE,,Maese Lab,"Aroma Chemicals, Fracciones y Moléculas",https://maeselab.com/manzanate/
32388-55-9,MCK COUER (VERTOFIX COEUR) IFF,molécula,,Methyl Cedryl Ketone,,Maese Lab,"Aroma Chemicals, Fracciones y Moléculas",https://maeselab.com/mck-couer-vertofix-coeur-iff/
106-72-9,Melonal 85% Natural,molécula,,DIMETHYL HEPTENAL,,Maese Lab,"Aroma Chemicals, Fracciones y Moléculas",https://maeselab.com/melonal-85-natural/
89-78-1,Mentol Natural Cristalizado - fracción,molécula,,MENTHOL,,Maese Lab,"Aroma Chemicals, Fracciones y Moléculas",https://maeselab.com/mentol-natural-cristalizado-fraccion/
127-51-5,Methyl Ionone Gamma,molécula,,METHYLIONONE GAMMA ISO-ALPHA-METHYL IONONE,,Maese Lab,"Aroma Chemicals, Fracciones y Moléculas",https://maeselab.com/methyl-ionone-gamma/
67674-46-8,METHYL PAMPLEMOUSSE,molécula,,"1,1-Dimethoxy-2,2,5-trimethyl-4-hexene",,Maese Lab,"Aroma Chemicals, Fracciones y Moléculas",https://maeselab.com/methyl-pamplemousse/
124-06-1,Miristato Etilo,molécula,,Ethyl Myristate,,Maese Lab,"Aroma Chemicals, Fracciones y Moléculas",https://maeselab.com/miristato-etilo/
4707-47-5,Musgolide Aroma Chemicals,molécula,,METHYL DIHYDROXY-DIMETHYLBENZOATE,,Maese Lab,"Aroma Chemicals, Fracciones y Moléculas",https://maeselab.com/musgolide-aroma-chemicals/
123-35-3,Myrcene 98%,molécula,,MYRCENE,,Maese Lab,"Aroma Chemicals, Fracciones y Moléculas",https://maeselab.com/myrcene-98/
106-25-2,Nerol 98% Natural,molécula,,NEROL,,Maese Lab,"Aroma Chemicals, Fracciones y Moléculas",https://maeselab.com/nerol-98-natural/
7212-44-4,Nerolidol,molécula,,NEROLIDOL ISOMERS,,Maese Lab,"Aroma Chemicals, Fracciones y Moléculas",https://maeselab.com/nerolidol/
70788-30-6,NORLIMBANOL,molécula,,TRIMETHYL-PROPYLCYCLOHEXANEPROPANOL,,Maese Lab,"Aroma Chemicals, Fracciones y Moléculas",https://maeselab.com/norlimbanol/
94334-09-5,Olivarda / Inula (Cerveza) - Reducción de tintura,natural,tincture,"Inula Viscosa Flower/Leaf/Stem Extract, Alcohol","Inula viscosa, ext.",Maese Lab,"Absolutos, CO2, Resinoides y Reducciones",https://maeselab.com/olivarda-inula-cerveza-reduccion-de-tintura/
19819-98-8,Peomosa,molécula,,2-O-CRESYLETHANOL,,Maese Lab,"Aroma Chemicals, Fracciones y Moléculas",https://maeselab.com/peomosa/
10461-98-0,Peonile,molécula,,2-CYCLOHEXYLIDENE-2-PHENYLACETONITRILE,,Maese Lab,"Aroma Chemicals, Fracciones y Moléculas",https://maeselab.com/peonile/
89998-01-6,Pepino CO2 (purificado) - 1%,natural,co2,"Alcohol, Cucumis Sativus Fruit Extract",,Maese Lab,"Absolutos, CO2, Resinoides y Reducciones",https://maeselab.com/pepino-co2-purificado-1/
103-45-7,Phenethyl acetate,molécula,,PHENETHYL ACETATE,,Maese Lab,"Aroma Chemicals, Fracciones y Moléculas",https://maeselab.com/phenethyl-acetate/
55066-48-3,PHENOXANOL IFF,molécula,,3-methyl-5-phenylpentan-1-ol,,Maese Lab,"Aroma Chemicals, Fracciones y Moléculas",https://maeselab.com/phenoxanol-iff/
23787-90-8,PICONIA (ISOLONGIFOLANONE),molécula,,isolongifolene ketone,,Maese Lab,"Aroma Chemicals, Fracciones y Moléculas",https://maeselab.com/piconia-isolongifolanone/
107898-54-4,Polysantol Aroma Chemicals,molécula,,TRIMETHYLCYCLOPENTENYL DIMETHYLISOPENTENOL,,Maese Lab,"Aroma Chemicals, Fracciones y Moléculas",https://maeselab.com/polysantol-aroma-chemicals/
52475-86-2,Precyclemone B,molécula,,1-methyl-4-(4-methyl-3-pentenyl)cyclohex-3-ene-1-carbaldehyde,,Maese Lab,"Aroma Chemicals, Fracciones y Moléculas",https://maeselab.com/precyclemone-b/
141-14-0,Propionato Citronelilo,molécula,,Citronellyl Propionate,,Maese Lab,"Aroma Chemicals, Fracciones y Moléculas",https://maeselab.com/propionato-citronelilo/
32210-23-4,PTBCHA (aka Vertenex ),molécula,,cis-4-tert-butylcyclohexyl acetate,,Maese Lab,"Aroma Chemicals, Fracciones y Moléculas",https://maeselab.com/ptbcha-aka-vertenex/
89-82-7,Pulegone 98%,molécula,,PULEGONE,,Maese Lab,"Aroma Chemicals, Fracciones y Moléculas",https://maeselab.com/pulegone-98/
5471-51-2,RASPBERRY KETONE,molécula,,RASPBERRY KETONE,,Maese Lab,"Aroma Chemicals, Fracciones y Moléculas",https://maeselab.com/raspberry-ketone/
504-63-2,Resinoide de Benjuí Sumatra (50% PROP.),natural,resinoid,"Styrax Benzoin Extract, Propanediol",,Maese Lab,Aceites esenciales,https://maeselab.com/resinoide-de-benjui-sumatra-50-prop-100-natural/
84929-79-3,Resinoide de Benjuí Sumatra (50% PROP.),natural,resinoid,"Styrax Benzoin Extract, Propanediol","Styrax benzoin resin | Styrax benzoin, ext. | Styrax resin | Styrax Benzoin Gum | BENZOINUM RESIN | BENZOINUM [HPUS] | BENJAMIN TREE RESIN | Styrax benzoin resin extract | SUMATRAN BENZOIN RESIN | BENZOIN RESINOID SUMATRA | STYRAX BENZOIN RESIN [WHO-DD] | Styrax benzoin resin oil",Maese Lab,Aceites esenciales,https://maeselab.com/resinoide-de-benjui-sumatra-50-prop-100-natural/
504-63-2,Resinoide de Mirra (PROP. 50%),natural,resinoid,"Commiphora myrrha resin extract, propanediol",,Maese Lab,Aceites esenciales,https://maeselab.com/resinoide-de-mirra-prop-50/
8016-37-3,Resinoide de Mirra (PROP. 50%),natural,resinoid,"Commiphora myrrha resin extract, propanediol",,Maese Lab,Aceites esenciales,https://maeselab.com/resinoide-de-mirra-prop-50/
84929-26-0,Resinoide de Mirra (PROP. 50%),natural,resinoid,"Commiphora myrrha resin extract, propanediol","Myrrh | Commiphora myrrha, ext. | Commiphora myrrha gum oil",Maese Lab,Aceites esenciales,https://maeselab.com/resinoide-de-mirra-prop-50/
504-63-2,Resinoide de Vainilla,natural,resinoid,"Vanilla Planifolia Fruit Extract, Propanediol",,Maese Lab,"Absolutos, CO2, Resinoides y Reducciones",https://maeselab.com/resinoide-de-vainilla/
8024-06-4,Resinoide de Vainilla,natural,resinoid,"Vanilla Planifolia Fruit Extract, Propanediol",,Maese Lab,"Absolutos, CO2, Resinoides y Reducciones",https://maeselab.com/resinoide-de-vainilla/
84650-63-5,Resinoide de Vainilla,natural,resinoid,"Vanilla Planifolia Fruit Extract, Propanediol","Vanilla fragrans, ext. | Vanilla beans (Vanilla fragrans)",Maese Lab,"Absolutos, CO2, Resinoides y Reducciones",https://maeselab.com/resinoide-de-vainilla/
54440-17-4,Safraleine,molécula,,"2,3,3-TRIMETHYL-2H-INDEN-1-ONE",,Maese Lab,"Aroma Chemicals, Fracciones y Moléculas",https://maeselab.com/safraleine/
2050-08-0,Salicilato de amilo 98%,molécula,,AMYL SALICYLATE,,Maese Lab,"Aroma Chemicals, Fracciones y Moléculas",https://maeselab.com/salicilato-de-amilo-98/
106185-75-5,Sandal Fleur - Bacdanol (simil Firsantol),molécula,,BACDANOL,,Maese Lab,"Aroma Chemicals, Fracciones y Moléculas",https://maeselab.com/sandal-fleur-bacdanol-simil-firsantol/
28219-60-5,Sandal Mysore Core,molécula,,N/C,,Maese Lab,"Aroma Chemicals, Fracciones y Moléculas",https://maeselab.com/sandal-mysore-core/
65113-99-7,Sandaltoch - Simil Sandalore,molécula,,PENTAMETHYLCYCLOPENT-3-ENE-BUTANOL,,Maese Lab,"Aroma Chemicals, Fracciones y Moléculas",https://maeselab.com/sandaltoch-simil-sandalore/
3407-42-9,Sandela,molécula,,"5,5,6-TRIMETHYLBICYCLOHEPT-2-YLCYCLOHEXANOL",,Maese Lab,"Aroma Chemicals, Fracciones y Moléculas",https://maeselab.com/sandela/
100-42-5,Styrene Aroma Chemicals,molécula,,STYRENE,,Maese Lab,"Aroma Chemicals, Fracciones y Moléculas",https://maeselab.com/styrene-aroma-chemicals/
123-25-1,Succinato Dietilo Aroma Chemicals,molécula,,DIETHYL SUCCINATE,,Maese Lab,"Aroma Chemicals, Fracciones y Moléculas",https://maeselab.com/succinato-dietilo-aroma-chemicals/
84650-60-2,Te Negro (Black Tea) CO2,natural,co2,Camellia Sinensis Leaf Extract,,Maese Lab,"Absolutos, CO2, Resinoides y Reducciones",https://maeselab.com/te-negro-black-tea-co2/
586-62-9,Terpinolene,molécula,,TERPINOLENE,,Maese Lab,"Aroma Chemicals, Fracciones y Moléculas",https://maeselab.com/terpinolene/
89-83-8,Thymol 98% - Cristal,molécula,,THYMOL,,Maese Lab,"Aroma Chemicals, Fracciones y Moléculas",https://maeselab.com/thymol-98-cristal/
54464-57-2,Timbersilk,molécula,,TETRAMETHYL ACETYLOCTAHYDRONAPHTHALENES,,Maese Lab,"Aroma Chemicals, Fracciones y Moléculas",https://maeselab.com/timbersilk/
21145-77-7,Tonalide Aroma Chemicals,molécula,,"6-ACETYL-1,1,2,4,4,7-HEXAMETHYLTETRALIN",,Maese Lab,"Aroma Chemicals, Fracciones y Moléculas",https://maeselab.com/tonalide-aroma-chemicals/
13019-22-2,Trepanol - Simil Rosalva,molécula,,DECENOL,,Maese Lab,"Aroma Chemicals, Fracciones y Moléculas",https://maeselab.com/trepanol-simil-rosalva/
1391529-52-4,TRIMOFIX IFF,molécula,,-,,Maese Lab,"Aroma Chemicals, Fracciones y Moléculas",https://maeselab.com/trimofix-iff/
144020-22-4,TRIMOFIX IFF,molécula,,-,,Maese Lab,"Aroma Chemicals, Fracciones y Moléculas",https://maeselab.com/trimofix-iff/
81782-77-6,Undecavertol 98%,molécula,,4-METHYL-3-DECEN-5-OL,,Maese Lab,"Aroma Chemicals, Fracciones y Moléculas",https://maeselab.com/undecavertol-98/
2131091-72-8,Vaina de Ron (Rum) - Reducción de tintura,natural,tincture,"Tetrapleura Tetraptera Fruit Extract, Alcohol",,Maese Lab,"Absolutos, CO2, Resinoides y Reducciones",https://maeselab.com/vaina-de-ron-reduccion-tintura
8024-06-4,Vainilla Bourbon - EXTRA (Red. Tintura),natural,tincture,,,Maese Lab,"Absolutos, CO2, Resinoides y Reducciones",https://maeselab.com/vainilla-bourbon-extra-red-tintura/
121-33-5,Vainillina o Vainillin,molécula,,Vanillin,,Maese Lab,"Aroma Chemicals, Fracciones y Moléculas",https://maeselab.com/vainillina-o-vainillin/
39212-23-2,Whisky Lactona - (METIL OCTALACTONA),molécula,,5-BUTIL-4-METIL-DIHIDRO-FURAN-2-ONA,,Maese Lab,"Aroma Chemicals, Fracciones y Moléculas",https://maeselab.com/whisky-lactona-metil-octalactona/
36306-87-3,Woodarom,molécula,,KEPHALIS,,Maese Lab,"Aroma Chemicals, Fracciones y Moléculas",https://maeselab.com/woodarom/
22047-25-2,2-Acetylpyrazine,molécula,,,,Olfatorium,Moléculas sintéticas,https://olfatorium.com/tienda/moleculas-sinteticas/2-acetylpyrazine/
8001-88-5,Abedul rectificado dil. 5% alcohol,natural,oil,,,Olfatorium,Aceites esenciales · Amaderado,https://olfatorium.com/tienda/perfil-olfativo/amaderado/abedul-rectificado-dil-5-alcohol/
93165-40-3,Abs. de Gálbano,natural,absolute,,"Ferula galbaniflua, ext. | Galbanum absolute",Olfatorium,Verde,https://olfatorium.com/tienda/perfil-olfativo/verde/abs-de-galbano/
8012-89-3,Absoluto de Cera de Abeja,natural,absolute,,,Olfatorium,Dulce,https://olfatorium.com/tienda/perfil-olfativo/dulce/absoluto-de-cera-de-abeja/
8024-08-6,Absoluto de Hojas de Violeta,natural,absolute,,,Olfatorium,Verde,https://olfatorium.com/tienda/perfil-olfativo/verde/absoluto-de-hojas-de-violeta-super-premium/
90147-36-7,Absoluto de Hojas de Violeta,natural,absolute,,"Melilotus extract | Binafsha, extract | Sweet clover extract | Viola odorata, ext. | Extract of sweet clover | Viola odorata L., extract | Viola odorata extract | Viola odorata, ext | VIOLET EXTRACT | GARDEN VIOLET | VIOLA ODORATA | SWEET BLUEVIOLET",Olfatorium,Verde,https://olfatorium.com/tienda/perfil-olfativo/verde/absoluto-de-hojas-de-violeta-super-premium/
8016-26-0,Absoluto de Labdanum PURO,natural,absolute,,,Olfatorium,Amaderado · Ambarado · Cuero · Resinas y bálsamos,https://olfatorium.com/tienda/perfil-olfativo/ambarado/absoluto-de-labdanum-puro/
91079-01-5,Absoluto de Lana de Oveja,natural,absolute,,"Oils, lanolin, ext. | Lanolin, oil, ext.",Olfatorium,Animal,https://olfatorium.com/tienda/perfil-olfativo/animal/absoluto-de-lana-de-oveja/
8000-28-0,Absoluto de Lavanda,natural,absolute,,,Olfatorium,Aromático,https://olfatorium.com/tienda/perfil-olfativo/aromatico/absoluto-de-lavanda/
8037-19-2,Absoluto de tabaco 10% DPG,natural,absolute,,,Olfatorium,Animal,https://olfatorium.com/tienda/perfil-olfativo/animal/absoluto-de-tabaco/
84650-63-5,Absoluto de Vainilla Bourbon 35% Ethanol,natural,absolute,,"Vanilla fragrans, ext. | Vanilla beans (Vanilla fragrans)",Olfatorium,,https://olfatorium.com/tienda/absolutos/absoluto-de-vainilla-bourbon-35-ethanol/
140-11-4,Acetato de Bencilo,molécula,,,,Olfatorium,Floral · Moléculas sintéticas,https://olfatorium.com/tienda/perfil-olfativo/floral/acetato-de-bencilo/
60-12-8,Alcohol Feniletílico,molécula,,,,Olfatorium,Floral · Moléculas sintéticas,https://olfatorium.com/tienda/perfil-olfativo/floral/alcohol-feniletilico/
111-71-7,Aldehyde C-07 (heptanal),molécula,,,,Olfatorium,Aldehídico · Cítrico · Moléculas sintéticas,https://olfatorium.com/tienda/perfil-olfativo/citrico/aldehyde-c-07-heptanal/
112-31-2,Aldehyde C-10 (decanal),molécula,,,,Olfatorium,Aldehídico · Cítrico · Moléculas sintéticas,https://olfatorium.com/tienda/perfil-olfativo/citrico/aldehyde-c-10-decanal/
19009-56-4,Aldehyde C-11 MOA,molécula,,,,Olfatorium,Aldehídico · Cítrico · Moléculas sintéticas,https://olfatorium.com/tienda/perfil-olfativo/citrico/aldehyde-c-11-moa/
112-45-8,Aldehyde C-11 Undecylenic,molécula,,,,Olfatorium,Aldehídico · Cítrico · Floral · Moléculas sintéticas,https://olfatorium.com/tienda/perfil-olfativo/citrico/aldehyde-c-11-undecylenic/
112-44-7,Aldehyde C-11 Undecylic,molécula,,,,Olfatorium,Aldehídico · Floral · Moléculas sintéticas,https://olfatorium.com/tienda/perfil-olfativo/floral/aldehyde-c-11-undecylic/
112-54-9,Aldehyde C-12 Lauric,molécula,,,,Olfatorium,Moléculas sintéticas · Verde,https://olfatorium.com/tienda/perfil-olfativo/verde/aldehyde-c-12-lauric/
110-41-8,Aldehyde C-12 MNA,molécula,,,,Olfatorium,Aldehídico · Moléculas sintéticas,https://olfatorium.com/tienda/perfil-olfativo/aldehidico/aldehyde-c-12-mna/
104-67-6,Aldehyde C-14 (gamma undecalactona),molécula,,,,Olfatorium,Afrutado · Aldehídico · Moléculas sintéticas,https://olfatorium.com/tienda/perfil-olfativo/afrutado/aldehyde-c-14-gamma-undecalactona/
77-83-8,Aldehyde C-16,molécula,,,,Olfatorium,Afrutado · Moléculas sintéticas,https://olfatorium.com/tienda/perfil-olfativo/afrutado/aldehyde-c-16/
104-61-0,Aldehyde C-18 (gamma-nonalactone),molécula,,,,Olfatorium,Afrutado · Aldehídico · Moléculas sintéticas · Perfil olfativo,https://olfatorium.com/tienda/perfil-olfativo/afrutado/aldehyde-c-18-gamma-nonalactone/
66-25-1,ALDEHYDE C-6 HEXANAL,molécula,,,,Olfatorium,Aldehídico · Moléculas sintéticas · Verde,https://olfatorium.com/tienda/perfil-olfativo/verde/cinnamic-aldehyde/
124-13-0,Aldehyde C-8 (octanal),molécula,,,,Olfatorium,Aldehídico · Moléculas sintéticas · Verde,https://olfatorium.com/tienda/perfil-olfativo/verde/aldehyde-c-8-octanal/
100-52-7,Aldehído Benzoico,molécula,,,,Olfatorium,Afrutado · Moléculas sintéticas,https://olfatorium.com/tienda/perfil-olfativo/afrutado/aldehido-benzoico/
67634-00-8,Allyl Amyl Glycolate,molécula,,,,Olfatorium,Moléculas sintéticas,https://olfatorium.com/tienda/moleculas-sinteticas/allyl-amyl-glycolate/
98-55-5,alpha-Terpineol,molécula,,,,Olfatorium,Cítrico · Floral · Moléculas sintéticas,https://olfatorium.com/tienda/perfil-olfativo/citrico/alpha-terpineol/
929625-08-1,Ambermax 10% TEC,molécula,,,,Olfatorium,Amaderado · Ambarado · Moléculas sintéticas,https://olfatorium.com/tienda/perfil-olfativo/ambarado/ambermax-10-tec/
28645-51-4,Ambrettolide,molécula,,,,Olfatorium,Moléculas sintéticas,https://olfatorium.com/tienda/moleculas-sinteticas/ambrettolide/
211299-54-6,Ambrocenide 10% DPG,molécula,,,,Olfatorium,Amaderado · Ambarado · Moléculas sintéticas,https://olfatorium.com/tienda/perfil-olfativo/ambarado/ambrocenide-10-dpg/
6790-58-5,Ambroxan,molécula,,,,Olfatorium,Ambarado · Moléculas sintéticas,https://olfatorium.com/tienda/perfil-olfativo/ambarado/ambroxan/
6790-58-5,Ambroxan KAO,molécula,,,,Olfatorium,Ambarado · Moléculas sintéticas,https://olfatorium.com/tienda/perfil-olfativo/ambarado/ambroxan-kao/
2050-08-0,Amyl Salicylate,molécula,,,,Olfatorium,Floral · Moléculas sintéticas,https://olfatorium.com/tienda/perfil-olfativo/floral/amyl-salicylate/
134-20-3,Antranilato Metilo (Methyl Anthranilate),molécula,,,,Olfatorium,Floral · Moléculas sintéticas,https://olfatorium.com/tienda/perfil-olfativo/floral/antranilato-metilo-methyl-anthranilate/
1222-05-5,Astrolide PURO (aka Galaxolide),molécula,,,,Olfatorium,Almizclado · Moléculas sintéticas,https://olfatorium.com/tienda/perfil-olfativo/almizclado/astrolide/
89-43-0,Aurantiol,molécula,,,,Olfatorium,Floral · Moléculas sintéticas,https://olfatorium.com/tienda/perfil-olfativo/floral/aurantiol/
68845-36-3,Azarbre,molécula,,,,Olfatorium,Moléculas sintéticas,https://olfatorium.com/tienda/moleculas-sinteticas/azarbre/
8002-68-4,Bayas de Enebro 2R rectificado 100% SOL,natural,oil,,,Olfatorium,Aceites esenciales · Amaderado,https://olfatorium.com/tienda/perfil-olfativo/amaderado/bayas-de-enebro-2r-rectificado-100-sol/
9000-72-0,Benjui 50% DPG,natural,,,,Olfatorium,Ambarado · Dulce · Resinas y bálsamos,https://olfatorium.com/tienda/perfil-olfativo/ambarado/benjui-50-dpg/
100-51-6,Benzyl Alcohol,molécula,,,,Olfatorium,Floral · Moléculas sintéticas,https://olfatorium.com/tienda/perfil-olfativo/floral/benzyl-alcohol/
8007-75-8,Bergamota Extra,natural,oil,,,Olfatorium,Aceites esenciales · Cítrico · Floral,https://olfatorium.com/tienda/perfil-olfativo/citrico/bergamota-extra/
68648-33-9,Bergamota sin bergaptenos,natural,oil,,,Olfatorium,Aceites esenciales · Cítrico,https://olfatorium.com/tienda/perfil-olfativo/citrico/bergamota-sin-bergaptenos/
9000-64-0,Bálsamo de Tolu,natural,,,"Opobalsam | Tolu | Thomas balsam | Tolu balsam | Resin tolu | Tolu resin | Tolu Resinoid | Tolu balsam gum | Tolu balsam oil | Tolu gum | Tolu oil | Balsams, tolu",Olfatorium,Ambarado · Resinas y bálsamos,https://olfatorium.com/tienda/perfil-olfativo/ambarado/balsamo-de-tolu/
90046-02-9,Cade rectificado,natural,oil,,,Olfatorium,Aceites esenciales · Amaderado,https://olfatorium.com/tienda/perfil-olfativo/amaderado/cade-rectificado/
8001-67-0,Café Absoluto,natural,absolute,,,Olfatorium,,https://olfatorium.com/tienda/absolutos/cafe-absoluto/
28940-11-6,Calone (Watermelon Ketone),molécula,,,,Olfatorium,Acuático · Afrutado · Moléculas sintéticas,https://olfatorium.com/tienda/perfil-olfativo/acuatico/calone-watermelon-ketone/
8000-66-6,Cardamomo CO2,natural,co2,,,Olfatorium,Extractos CO2,https://olfatorium.com/tienda/extractos-co2/cardamomo-co2/
85940-32-5,Cardamomo CO2,natural,co2,,"Cardamom, ext. | Cardamom | Ceylon cardamom | Spices,cardamom | Cardamon fruit | Green cardamom | Cardamom seed | True cardamom | Cardamomi fructus | Spices, cardamom | Amomum ensal seed | Amomum repens seed",Olfatorium,Extractos CO2,https://olfatorium.com/tienda/extractos-co2/cardamomo-co2/
8000-66-6,Cardamomo NHS (NATURAL HEAD SPACE),natural,oil,,,Olfatorium,Aceites esenciales · Especiado,https://olfatorium.com/tienda/perfil-olfativo/especiado/cardamomo/
33704-61-9,Cashmeran,molécula,,,,Olfatorium,Moléculas sintéticas,https://olfatorium.com/tienda/moleculas-sinteticas/cashmeran/
139539-66-5,Cassifix,molécula,,,,Olfatorium,Moléculas sintéticas,https://olfatorium.com/tienda/moleculas-sinteticas/cassifix/
139539-67-6,Cassifix,molécula,,,,Olfatorium,Moléculas sintéticas,https://olfatorium.com/tienda/moleculas-sinteticas/cassifix/
426218-78-2,Cassifix,molécula,,,,Olfatorium,Moléculas sintéticas,https://olfatorium.com/tienda/moleculas-sinteticas/cassifix/
19870-74-7,Cedramber (Methyl Cedryl ether),molécula,,,,Olfatorium,Amaderado · Ambarado · Moléculas sintéticas,https://olfatorium.com/tienda/perfil-olfativo/ambarado/cedramber/
8023-85-6,Cedro Atlas,natural,oil,,,Olfatorium,Aceites esenciales · Amaderado,https://olfatorium.com/tienda/perfil-olfativo/amaderado/cedro-atlas/
8000-27-9,Cedro Virginia,natural,oil,,,Olfatorium,Aceites esenciales · Amaderado,https://olfatorium.com/tienda/perfil-olfativo/amaderado/cedro-virginia/
85085-41-2,Cedro Virginia,natural,oil,,"Juniperus | Eastern Red Cedar | Juniperus virginiana | Juniperus virginiana twig | Juniperus virginiana pollen | Juniperus virginiana extract | Juniper, Juniperus virginiana, ext. | Juniperus virginiana, ext. | Juniperus Virginiana Wood Extract | cedar wood oil",Olfatorium,Aceites esenciales · Amaderado,https://olfatorium.com/tienda/perfil-olfativo/amaderado/cedro-virginia/
13171-00-1,Celestolide (Crysolide),molécula,,,,Olfatorium,Almizclado · Moléculas sintéticas,https://olfatorium.com/tienda/perfil-olfativo/almizclado/celestolide/
84775-50-8,Cilantro (semillas),natural,oil,,"Coriandrum | Cilantro | Coriander | Coriander extract | Coriander, ext. | Extract of coriander | Coriandrum sativum extract | Coriander (Coriandrum sativum L.) | Coriandrum Sativum Seed Extract | CORIANDER SEED OIL",Olfatorium,Aceites esenciales · Especiado,https://olfatorium.com/tienda/perfil-olfativo/especiado/cilantro-semillas/
91771-62-9,Cipriol (Cyperus scariosus),natural,oil,,"Cyperus scariosus, ext. | Nagarmutha rhizome extract | Cyperus root oil",Olfatorium,Aceites esenciales · Amaderado,https://olfatorium.com/tienda/perfil-olfativo/amaderado/cipriol-cyperus-scariosus/
8013-86-3,Ciprés,natural,oil,,,Olfatorium,Aceites esenciales · Amaderado · Verde,https://olfatorium.com/tienda/perfil-olfativo/amaderado/cipres/
84696-07-1,Ciprés,natural,oil,,"Cypress extract | Zypressen extrakt | Extract of cypress | Cupressus sempervirens extract | Cypress, Cupressus sempervirens, ext. | Cypress cone oil",Olfatorium,Aceites esenciales · Amaderado · Verde,https://olfatorium.com/tienda/perfil-olfativo/amaderado/cipres/
928-96-1,cis-3-Hexenol,molécula,,,,Olfatorium,Moléculas sintéticas · Verde,https://olfatorium.com/tienda/perfil-olfativo/verde/cis-3-hexenol/
5392-40-5,Citral,molécula,,,,Olfatorium,Cítrico · Moléculas sintéticas,https://olfatorium.com/tienda/perfil-olfativo/citrico/citral/
91-64-5,Cumarina,molécula,,,,Olfatorium,Dulce · Moléculas sintéticas,https://olfatorium.com/tienda/perfil-olfativo/dulce/cumarina/
8024-37-1,Cúrcuma,natural,oil,,,Olfatorium,Aceites esenciales,https://olfatorium.com/tienda/aceites-esenciales/curcuma/
18479-58-8,Dihydromircenol,molécula,,,,Olfatorium,Cítrico · Floral · Moléculas sintéticas,https://olfatorium.com/tienda/perfil-olfativo/citrico/dihydromircenol/
67801-20-1,Ebanol,molécula,,,,Olfatorium,Amaderado · Moléculas sintéticas,https://olfatorium.com/tienda/perfil-olfativo/amaderado/ebanol/
8023-89-0,Elemi Resinoide 50% DPG,natural,oil,,,Olfatorium,Aceites esenciales · Amaderado · Cítrico · Resinas y bálsamos,https://olfatorium.com/tienda/perfil-olfativo/amaderado/elemi-resinoide/
8006-75-5,Eneldo (hojas),natural,oil,,,Olfatorium,Aceites esenciales,https://olfatorium.com/tienda/aceites-esenciales/eneldo-hojas/
8006-75-5,Eneldo (semillas),natural,oil,,,Olfatorium,Aceites esenciales,https://olfatorium.com/tienda/aceites-esenciales/eneldo-semillas/
4940-11-8,Ethyl Maltol,molécula,,,,Olfatorium,Dulce · Moléculas sintéticas,https://olfatorium.com/tienda/perfil-olfativo/dulce/ethyl-maltol/
121-32-4,Ethyl Vainillin,molécula,,,,Olfatorium,Dulce · Moléculas sintéticas,https://olfatorium.com/tienda/perfil-olfativo/dulce/ethyl-vainillin/
105-95-3,Ethylene Brassylate,molécula,,,,Olfatorium,Almizclado · Moléculas sintéticas,https://olfatorium.com/tienda/perfil-olfativo/almizclado/ethylene-brassylate/
8000-48-4,Eucalipto crudo,natural,oil,,,Olfatorium,Aceites esenciales,https://olfatorium.com/tienda/aceites-esenciales/eucalipto-crudo/
84625-32-1,Eucalipto crudo,natural,oil,,"Eucalyptus | Eucalyptus extract | Extract of eucalyptus | Eucalyptus globulus, ext. | Eucalyptus globulus extract | H-Lys(Fmoc)-OH | EUCALYPTUS OIL | Eucalyptus Globulus Leaf Extract",Olfatorium,Aceites esenciales,https://olfatorium.com/tienda/aceites-esenciales/eucalipto-crudo/
97-53-0,Eugenol,molécula,,,,Olfatorium,Amaderado · Especiado · Moléculas sintéticas,https://olfatorium.com/tienda/perfil-olfativo/amaderado/eugenol/
4707-47-5,Evernyl – Veramoss,molécula,,,,Olfatorium,Moléculas sintéticas,https://olfatorium.com/tienda/moleculas-sinteticas/evernyl-veramoss/
106-02-5,Exaltolide Total,molécula,,,,Olfatorium,Almizclado · Moléculas sintéticas,https://olfatorium.com/tienda/perfil-olfativo/almizclado/exaltolide-total/
67634-14-4,Floralozone,molécula,,,,Olfatorium,Acuático · Floral · Moléculas sintéticas,https://olfatorium.com/tienda/perfil-olfativo/acuatico/floralozone/
67634-15-5,Floralozone,molécula,,,,Olfatorium,Acuático · Floral · Moléculas sintéticas,https://olfatorium.com/tienda/perfil-olfativo/acuatico/floralozone/
63500-71-0,Florosa 75%,molécula,,,,Olfatorium,Floral · Moléculas sintéticas,https://olfatorium.com/tienda/perfil-olfativo/floral/florosa-75/
6413-10-1,Fructone,molécula,,,,Olfatorium,Afrutado · Moléculas sintéticas,https://olfatorium.com/tienda/perfil-olfativo/afrutado/fructone/
104-50-7,gamma-Octalactone,molécula,,,,Olfatorium,Afrutado · Moléculas sintéticas,https://olfatorium.com/tienda/perfil-olfativo/afrutado/gamma-octalactone/
23333-91-7,Geosmina 1% DPG,molécula,,,,Olfatorium,Moléculas sintéticas,https://olfatorium.com/tienda/moleculas-sinteticas/geosmina-1-dpg/
8000-46-2,Geranio Bourbon,natural,oil,,,Olfatorium,Aceites esenciales · Cítrico · Floral,https://olfatorium.com/tienda/perfil-olfativo/citrico/geranio-bourbon/
90-05-1,Guaiacol,molécula,,,,Olfatorium,Amaderado · Dulce · Especiado · Moléculas sintéticas,https://olfatorium.com/tienda/perfil-olfativo/amaderado/guaiacol/
90028-06-1,Haba Tonka 30% Etanol,,,,"Dipteryx odorata, ext.",Olfatorium,Dulce,https://olfatorium.com/tienda/perfil-olfativo/dulce/haba-tonka-30-etanol/
111879-80-2,Habanolide,molécula,,,,Olfatorium,Moléculas sintéticas,https://olfatorium.com/tienda/moleculas-sinteticas/habanolide/
34902-57-3,Habanolide,molécula,,,,Olfatorium,Moléculas sintéticas,https://olfatorium.com/tienda/moleculas-sinteticas/habanolide/
24851-98-7,Hedione,molécula,,,,Olfatorium,Floral · Moléculas sintéticas,https://olfatorium.com/tienda/perfil-olfativo/floral/hedione/
1205-17-0,Helional (Heliofresh),molécula,,,,Olfatorium,Moléculas sintéticas,https://olfatorium.com/tienda/moleculas-sinteticas/helional/
8006-84-6,Hinojo (amargo),natural,oil,,,Olfatorium,Aceites esenciales,https://olfatorium.com/tienda/aceites-esenciales/hinojo-amargo/
8006-84-6,Hinojo (dulce),natural,oil,,,Olfatorium,Aceites esenciales,https://olfatorium.com/tienda/aceites-esenciales/hinojo-dulce/
84455-29-8,Hinojo (dulce),natural,oil,,"Fennel, Foeniculum vulgare dulce, ext. | Fennel, Foeniculumvulgaredulce, ext. | Fennel, Foeniculumvulgare dulce, ext.",Olfatorium,Aceites esenciales,https://olfatorium.com/tienda/aceites-esenciales/hinojo-dulce/
8000-27-9,Incense Wood (Robertet),natural,oil,,,Olfatorium,Aceites esenciales · Amaderado · Oriental,https://olfatorium.com/tienda/perfil-olfativo/oriental/incense-wood-robertet/
8016-36-2,Incienso Absoluto,natural,absolute,,,Olfatorium,Incienso,https://olfatorium.com/tienda/perfil-olfativo/incienso/incienso-absoluto/
89957-98-2,Incienso CO2 (Carterii),natural,co2,,,Olfatorium,Extractos CO2 · Incienso,https://olfatorium.com/tienda/perfil-olfativo/incienso/incienso-co2-carterii/
97952-72-2,Incienso CO2 (Serrata),natural,co2,,"Salai, ext. | Boswellia Serrata extract | SALAI EXTRACT | Salai,ext. | Boswellia Extract",Olfatorium,Extractos CO2 · Incienso,https://olfatorium.com/tienda/perfil-olfativo/incienso/incienso-co2-serrata/
8016-36-2,"Incienso, Somalia",natural,oil,,,Olfatorium,Aceites esenciales · Incienso,https://olfatorium.com/tienda/perfil-olfativo/incienso/incienso-somalia/
127-41-3,Ionona Alpha,molécula,,,,Olfatorium,Floral · Moléculas sintéticas,https://olfatorium.com/tienda/perfil-olfativo/floral/ionone-alpha/
14901-07-6,Ionona Beta,molécula,,,,Olfatorium,Floral · Moléculas sintéticas,https://olfatorium.com/tienda/perfil-olfativo/floral/ionone-beta/
54464-57-2,Iso E Super,molécula,,,,Olfatorium,Amaderado · Moléculas sintéticas,https://olfatorium.com/tienda/perfil-olfativo/amaderado/iso-e-super/
68155-66-8,Iso E Super,molécula,,,,Olfatorium,Amaderado · Moléculas sintéticas,https://olfatorium.com/tienda/perfil-olfativo/amaderado/iso-e-super/
68155-67-9,Iso E Super,molécula,,,,Olfatorium,Amaderado · Moléculas sintéticas,https://olfatorium.com/tienda/perfil-olfativo/amaderado/iso-e-super/
65442-31-1,Isobutyl-Quinoline 40% DPG,molécula,,,,Olfatorium,Cuero · Moléculas sintéticas,https://olfatorium.com/tienda/perfil-olfativo/cuero/isobutyl-quinoline-40-dpg/
198404-98-7,Javanol,molécula,,,,Olfatorium,Amaderado · Moléculas sintéticas,https://olfatorium.com/tienda/perfil-olfativo/amaderado/javanol/
8007-08-7,Jengibre,natural,oil,,,Olfatorium,Aceites esenciales · Cítrico · Especiado,https://olfatorium.com/tienda/perfil-olfativo/especiado/jengibre/
84696-15-1,Jengibre fresco CO2,natural,co2,,"Ginger extract | Ginger Root Extract, food grade | Ginger CO2 extract (Oleoresin) | Ginger CO2 extract | Ginger | Jamaican ginger | Ginger, ext. | Ginger root extract | Extract of ginger root | Zingiber officinale extract | Zingiber officinale root extract | Ginger (Zingiber officinale Rosc.)",Olfatorium,Cítrico · Especiado · Extractos CO2,https://olfatorium.com/tienda/perfil-olfativo/especiado/jengibre-co2/
81786-73-4,Koavone,molécula,,,,Olfatorium,Moléculas sintéticas,https://olfatorium.com/tienda/moleculas-sinteticas/koavone/
81786-74-5,Koavone,molécula,,,,Olfatorium,Moléculas sintéticas,https://olfatorium.com/tienda/moleculas-sinteticas/koavone/
81786-75-6,Koavone,molécula,,,,Olfatorium,Moléculas sintéticas,https://olfatorium.com/tienda/moleculas-sinteticas/koavone/
86115-11-9,Koavone,molécula,,,,Olfatorium,Moléculas sintéticas,https://olfatorium.com/tienda/moleculas-sinteticas/koavone/
8002-41-3,Laurel,natural,oil,,"Laurel oil | Oil of laurel | Oils, laurel | Laurel leaves oil (Laurus nobilis) | LAUREL OIL FROM LAURUS NOBILIS",Olfatorium,Aceites esenciales,https://olfatorium.com/tienda/aceites-esenciales/laurel/
8000-28-0,Lavanda,natural,oil,,,Olfatorium,Aceites esenciales · Aromático · Floral,https://olfatorium.com/tienda/perfil-olfativo/aromatico/lavanda/
90063-37-9,Lavanda,natural,oil,,"Alfazema | Lavender, Lavandula angustifolia, ext. | OIL OF LAVANDER D ~0.88 | Lavender, Lavandulaangustifolia, ext. | Lavandula angustifolia extract",Olfatorium,Aceites esenciales · Aromático · Floral,https://olfatorium.com/tienda/perfil-olfativo/aromatico/lavanda/
8008-56-8,Limón,natural,oil,,,Olfatorium,Aceites esenciales · Cítrico,https://olfatorium.com/tienda/perfil-olfativo/citrico/limon/
78-70-6,Linalol,molécula,,,,Olfatorium,Amaderado · Aromático · Floral · Moléculas sintéticas,https://olfatorium.com/tienda/perfil-olfativo/amaderado/linalol/
68855-99-2,Litsea Cubeba,natural,oil,,,Olfatorium,Aceites esenciales · Amaderado · Cítrico · Floral,https://olfatorium.com/tienda/perfil-olfativo/amaderado/litsea-cubeba/
90063-59-5,Litsea Cubeba,natural,oil,,"Litsea cubeba, ext. | Litseacubeba, ext.",Olfatorium,Aceites esenciales · Amaderado · Cítrico · Floral,https://olfatorium.com/tienda/perfil-olfativo/amaderado/litsea-cubeba/
71011-28-4,Madera de Roble 50% TEC,,,,"Quercus robur | White oak | Bio oak | Quercus robur twig bark | Oak, Quercus robur, ext. | ENGLISH OAK EXTRACT | Oakwood-CO2-Extract, contains ethanol | Oakwood-co2-extract,contains ethanol",Olfatorium,Amaderado,https://olfatorium.com/tienda/perfil-olfativo/amaderado/madera-de-roble-50-tec/
27606-09-3,Magnolan,molécula,,,,Olfatorium,Floral · Moléculas sintéticas,https://olfatorium.com/tienda/perfil-olfativo/floral/magnolan/
8008-31-9,Mandarina,natural,oil,,,Olfatorium,Aceites esenciales · Afrutado · Cítrico,https://olfatorium.com/tienda/perfil-olfativo/citrico/mandarina/
84929-38-4,Mandarina,natural,oil,,"Citrus | Mandarin orange, ext. | Mandarin orange,ext. | Mandarin extract | Citrus nobilis peel extract",Olfatorium,Aceites esenciales · Afrutado · Cítrico,https://olfatorium.com/tienda/perfil-olfativo/citrico/mandarina/
84929-38-4,Mandarina Verde,natural,oil,,"Citrus | Mandarin orange, ext. | Mandarin orange,ext. | Mandarin extract | Citrus nobilis peel extract",Olfatorium,Aceites esenciales · Cítrico,https://olfatorium.com/tienda/perfil-olfativo/citrico/mandarina-verde/
13828-37-0,Mayol,molécula,,,,Olfatorium,Floral · Moléculas sintéticas,https://olfatorium.com/tienda/perfil-olfativo/floral/mayol/
32388-55-9,MCK Coeur (Vertofix Coeur),molécula,,,,Olfatorium,Amaderado · Cuero · Moléculas sintéticas,https://olfatorium.com/tienda/perfil-olfativo/amaderado/vertofix-coeur/
24851-98-7,MDJ HC (methyl dihydrojasmonate hc),molécula,,,,Olfatorium,Floral · Moléculas sintéticas,https://olfatorium.com/tienda/perfil-olfativo/floral/mdj-hc-methyl-dihydrojasmonate-hc/
67674-46-8,Methyl Pamplemousse,molécula,,,,Olfatorium,Cítrico · Moléculas sintéticas,https://olfatorium.com/tienda/perfil-olfativo/citrico/methyl-pamplemousse/
98903-76-5,Mimosa 10% DPG,,,,"Acacia decurrens, ext. | Thiobenzoic acid",Olfatorium,Dulce · Floral,https://olfatorium.com/tienda/perfil-olfativo/dulce/mimosa/
8016-37-3,Mirra,natural,oil,,,Olfatorium,Aceites esenciales · Dulce · Resinas y bálsamos,https://olfatorium.com/tienda/perfil-olfativo/dulce/mirra/
84929-26-0,Mirra,natural,oil,,"Myrrh | Commiphora myrrha, ext. | Commiphora myrrha gum oil",Olfatorium,Aceites esenciales · Dulce · Resinas y bálsamos,https://olfatorium.com/tienda/perfil-olfativo/dulce/mirra/
63314-79-4,Muscenone Delta (muscenone),molécula,,,,Olfatorium,Almizclado · Animal · Moléculas sintéticas,https://olfatorium.com/tienda/perfil-olfativo/animal/muscenone-delta-muscenone/
82356-51-2,Muscenone Delta (muscenone),molécula,,,,Olfatorium,Almizclado · Animal · Moléculas sintéticas,https://olfatorium.com/tienda/perfil-olfativo/animal/muscenone-delta-muscenone/
9000-50-4,Musgo de Roble (low atranol) 50% DPG,,,,,Olfatorium,Amaderado,https://olfatorium.com/tienda/perfil-olfativo/amaderado/musgo-de-roble-low-atranol-50-dpg/
8008-57-9,Naranja (dulce),natural,oil,,,Olfatorium,Aceites esenciales · Cítrico,https://olfatorium.com/tienda/perfil-olfativo/citrico/naranja-dulce/
8028-48-6,Naranja (dulce),natural,oil,,,Olfatorium,Aceites esenciales · Cítrico,https://olfatorium.com/tienda/perfil-olfativo/citrico/naranja-dulce/
8016-38-4,Neroli Bigarade,natural,oil,,,Olfatorium,Aceites esenciales · Cítrico · Floral,https://olfatorium.com/tienda/perfil-olfativo/citrico/neroli-bigarade/
70788-30-6,Norlimbanol,molécula,,,,Olfatorium,Amaderado · Ambarado · Moléculas sintéticas,https://olfatorium.com/tienda/perfil-olfativo/ambarado/norlimbanol/
92347-21-2,Osmanthus,,,,"Osmanthus absolute | Osmanthus fragrans, ext. | Osmanthus fragrans extract | Osmanthusfragrans,ext.",Olfatorium,Animal · Floral,https://olfatorium.com/tienda/perfil-olfativo/floral/osmanthus/
61789-17-1,Palo Santo Acetilado / Acetato de Guayilo Técnico,molécula,,,,Olfatorium,Amaderado · Moléculas sintéticas,https://olfatorium.com/tienda/perfil-olfativo/amaderado/palo-santo-acetilado-acetato-de-guayilo-tecnico/
94333-88-7,Palo Santo Acetilado / Acetato de Guayilo Técnico,molécula,,,,Olfatorium,Amaderado · Moléculas sintéticas,https://olfatorium.com/tienda/perfil-olfativo/amaderado/palo-santo-acetilado-acetato-de-guayilo-tecnico/
19819-98-8,Peomosa,molécula,,,,Olfatorium,Floral · Moléculas sintéticas,https://olfatorium.com/tienda/perfil-olfativo/floral/peomosa/
8048-51-9,Petitgrain Limonero,natural,oil,,,Olfatorium,Aceites esenciales · Cítrico,https://olfatorium.com/tienda/perfil-olfativo/citrico/petitgrain-limonero/
8014-17-3,Petitgrain Mandarina,natural,oil,,,Olfatorium,Aceites esenciales · Afrutado · Floral,https://olfatorium.com/tienda/perfil-olfativo/afrutado/petitgrain-mandarina/
84929-38-4,Petitgrain Mandarina,natural,oil,,"Citrus | Mandarin orange, ext. | Mandarin orange,ext. | Mandarin extract | Citrus nobilis peel extract",Olfatorium,Aceites esenciales · Afrutado · Floral,https://olfatorium.com/tienda/perfil-olfativo/afrutado/petitgrain-mandarina/
55066-48-3,Phenoxanol,molécula,,,,Olfatorium,Floral · Moléculas sintéticas,https://olfatorium.com/tienda/perfil-olfativo/floral/phenoxanol/
23787-90-8,Piconia,molécula,,,,Olfatorium,Amaderado · Moléculas sintéticas,https://olfatorium.com/tienda/perfil-olfativo/amaderado/piconia/
84929-41-9,Pimienta Negra,natural,oil,,"Black pepper | Piper nigrum | Black pepper extract | Black Pepper (Piper nigrum) | Pepper, black (Piper nigrum L.) | Pepper (Piper), P. nigrum, ext. | Black Pepper Extract (Piper nigrum) | Black Pepper (Piper nigrum) [plant] | Pepper | Pepper, black | PEPPER,BLACK | BLACK PEPPERCORN",Olfatorium,Aceites esenciales · Especiado,https://olfatorium.com/tienda/perfil-olfativo/especiado/pimienta-negra/
68917-52-2,Pimienta rosa,natural,oil,,,Olfatorium,Aceites esenciales,https://olfatorium.com/tienda/aceites-esenciales/pimienta-rosa/
8000-26-8,Pino Marítimo,natural,oil,,,Olfatorium,Aceites esenciales · Amaderado,https://olfatorium.com/tienda/perfil-olfativo/amaderado/pino-maritimo/
107898-54-4,Polysantal (Polysantol),molécula,,,,Olfatorium,Amaderado · Moléculas sintéticas,https://olfatorium.com/tienda/perfil-olfativo/amaderado/polysantol/
8016-20-4,Pomelo Blanco,natural,oil,,,Olfatorium,Aceites esenciales · Cítrico,https://olfatorium.com/tienda/perfil-olfativo/citrico/pomelo-blanco/
32210-23-4,PTBCHA aka Vertenex,molécula,,,,Olfatorium,Amaderado · Moléculas sintéticas,https://olfatorium.com/tienda/perfil-olfativo/amaderado/ptbcha-aka-vertenex/
5471-51-2,Raspberry Ketone,molécula,,,,Olfatorium,Afrutado · Moléculas sintéticas,https://olfatorium.com/tienda/perfil-olfativo/afrutado/raspberry-ketone/
9000-05-9,Res. Benjui de Sumatra puro,natural,,,,Olfatorium,Ambarado · Dulce · Resinas y bálsamos,https://olfatorium.com/tienda/perfil-olfativo/ambarado/res-benjui-de-sumatra-puro/
8046-19-3,Resinoide de Estirax,natural,resinoid,,,Olfatorium,Ambarado · Dulce · Resinas y bálsamos,https://olfatorium.com/tienda/perfil-olfativo/ambarado/resinoide-de-estirax/
82461-14-1,Rhubafuran al 5% DPG,molécula,,,,Olfatorium,Afrutado · Cítrico · Moléculas sintéticas,https://olfatorium.com/tienda/perfil-olfativo/citrico/rhubafuran/
16409-43-1,Rose Oxide,molécula,,,,Olfatorium,Floral · Moléculas sintéticas,https://olfatorium.com/tienda/perfil-olfativo/floral/rose-oxide/
54440-17-4,Safranal (Safraleine),molécula,,,,Olfatorium,Especiado · Moléculas sintéticas,https://olfatorium.com/tienda/perfil-olfativo/especiado/safraleine/
131766-73-9,Sagecete,molécula,,,,Olfatorium,Floral · Moléculas sintéticas · Verde,https://olfatorium.com/tienda/perfil-olfativo/verde/sagecete/
118-58-1,Salicilato de Bencilo,molécula,,,,Olfatorium,Floral · Moléculas sintéticas,https://olfatorium.com/tienda/perfil-olfativo/floral/salicilato-de-bencilo/
8016-63-5,Salvia Esclarea,natural,oil,,,Olfatorium,Aceites esenciales · Aromático,https://olfatorium.com/tienda/perfil-olfativo/aromatico/salvia-esclarea/
8022-56-8,Salvia Officinalis,natural,oil,,,Olfatorium,Aceites esenciales · Aromático,https://olfatorium.com/tienda/perfil-olfativo/aromatico/salvia/
28219-60-5,Sandalmysore Core,molécula,,,,Olfatorium,Amaderado · Moléculas sintéticas,https://olfatorium.com/tienda/perfil-olfativo/amaderado/sandalmysore-core/
8015-62-1,Semillas de Ambrette CO2,natural,co2,,,Olfatorium,Extractos CO2,https://olfatorium.com/tienda/extractos-co2/semillas-de-ambrette-co2/
6658-48-6,Silvial,molécula,,,,Olfatorium,Floral · Moléculas sintéticas,https://olfatorium.com/tienda/perfil-olfativo/floral/silvial/
22457-23-4,Stemone,molécula,,,,Olfatorium,Moléculas sintéticas · Verde,https://olfatorium.com/tienda/perfil-olfativo/verde/stemone/
1070895-66-7,Sándalo Nueva Caledonia,natural,oil,,,Olfatorium,Aceites esenciales · Amaderado,https://olfatorium.com/tienda/perfil-olfativo/amaderado/sandalo-india/
54464-57-2,Timbersilk,molécula,,,,Olfatorium,Moléculas sintéticas,https://olfatorium.com/tienda/moleculas-sinteticas/timbersilk/
68155-66-8,Timbersilk,molécula,,,,Olfatorium,Moléculas sintéticas,https://olfatorium.com/tienda/moleculas-sinteticas/timbersilk/
68155-67-9,Timbersilk,molécula,,,,Olfatorium,Moléculas sintéticas,https://olfatorium.com/tienda/moleculas-sinteticas/timbersilk/
8022-56-8,Tomillo,natural,oil,,,Olfatorium,Aceites esenciales,https://olfatorium.com/tienda/aceites-esenciales/tomillo/
1506-02-1,Tonalid,molécula,,,,Olfatorium,Almizclado · Moléculas sintéticas,https://olfatorium.com/tienda/perfil-olfativo/almizclado/tonalid/
1391529-52-4,Trimofix,molécula,,,,Olfatorium,Amaderado · Ambarado · Moléculas sintéticas,https://olfatorium.com/tienda/perfil-olfativo/ambarado/trimofix/
144020-22-4,Trimofix,molécula,,,,Olfatorium,Amaderado · Ambarado · Moléculas sintéticas,https://olfatorium.com/tienda/perfil-olfativo/ambarado/trimofix/
27939-60-2,Trivertal aka Triplal,molécula,,,,Olfatorium,Moléculas sintéticas · Verde,https://olfatorium.com/tienda/perfil-olfativo/verde/trivertal-aka-triplal-extra/
33673-62-0,Tuberolide (Methyl Tuberate PURE),molécula,,,,Olfatorium,Moléculas sintéticas,https://olfatorium.com/tienda/moleculas-sinteticas/tuberolide-methyl-tuberate/
35205-76-6,Tuberolide (Methyl Tuberate PURE),molécula,,,,Olfatorium,Moléculas sintéticas,https://olfatorium.com/tienda/moleculas-sinteticas/tuberolide-methyl-tuberate/
81782-77-6,Undecavertol,molécula,,,,Olfatorium,Floral · Moléculas sintéticas · Verde,https://olfatorium.com/tienda/perfil-olfativo/verde/undecavertol/
121-33-5,Vainillin,molécula,,,,Olfatorium,Dulce · Moléculas sintéticas,https://olfatorium.com/tienda/perfil-olfativo/dulce/vainillin/
8016-96-4,Vetiver Haití,natural,oil,,,Olfatorium,Aceites esenciales · Amaderado,https://olfatorium.com/tienda/perfil-olfativo/amaderado/vetiver-haiti/
39212-23-2,Whisky Lactone,molécula,,,,Olfatorium,Afrutado · Moléculas sintéticas,https://olfatorium.com/tienda/perfil-olfativo/afrutado/whisky-lactone/
36306-87-3,Woodarom (Kephalis),molécula,,,,Olfatorium,Almizclado · Moléculas sintéticas,https://olfatorium.com/tienda/perfil-olfativo/almizclado/kephalis/
8006-81-3,Ylang Ylang Extra,natural,oil,,,Olfatorium,Aceites esenciales · Floral,https://olfatorium.com/tienda/perfil-olfativo/floral/ylang-ylang-extra/
83863-30-3,Ylang Ylang Extra,natural,oil,,,Olfatorium,Aceites esenciales · Floral,https://olfatorium.com/tienda/perfil-olfativo/floral/ylang-ylang-extra/
8015-88-1,Zanahoria (semillas),natural,oil,,,Olfatorium,Aceites esenciales · Afrutado · Especiado,https://olfatorium.com/tienda/perfil-olfativo/especiado/zanahoria/
90-02-8,2-hydroxybenzaldehyde 10% (IPM),molécula,,SALICYLALDEHYDE,,Perfumiarz,sweet and gourmand,https://perfumiarz.com/products/2-hydroxybenzaldehyde
109-08-0,2-Methyl Pyrazine 5% (DPG),molécula,,2-METHYL PYRAZINE,,Perfumiarz,sweet and gourmand,https://perfumiarz.com/products/2-methyl-pyrazine
107-87-9,2-pentanone,molécula,,METHYL PROPYL KETONE,,Perfumiarz,fruity,https://perfumiarz.com/products/2-pentanone
95-65-8,"3,4-Xylenol 10% (IPM)",molécula,,"3,4-DIMETHYLPHENOL",,Perfumiarz,leathery and animalic,https://perfumiarz.com/products/3-4-xylenol-10-ipm
620-02-0,5-Methyl Furfural,molécula,,5-METHYL-2-FURALDEHYDE,,Perfumiarz,sweet and gourmand,https://perfumiarz.com/products/5-methl-furfural
91-62-3,6-methyl Quinoline,molécula,,6-METHYLQUINOLINE,,Perfumiarz,leathery and animalic,https://perfumiarz.com/products/6-methyl-quinoline
84697-09-6,Acalea,molécula,,MIMOSA HEPTANAL,,Perfumiarz,floral,https://perfumiarz.com/products/acalea
105-57-7,Acetaldehyde Diethyl Acetal,molécula,,ACETALDEHYDE DIETHYL ACETAL,,Perfumiarz,green and herbal,https://perfumiarz.com/products/acetaldehyde-diethyl-acetal
141-13-9,Adoxal,molécula,,TRIMETHYLUNDECENAL,,Perfumiarz,"aldehydic, marine, ozone",https://perfumiarz.com/products/adoxal
68738-99-8,Agrumea,molécula,,IVY CARBALDEHYDE / METHYL ANTHRANILATE SCHIFF’S BASE,,Perfumiarz,floral,https://perfumiarz.com/products/agrumea
1725-03-7,Aldambre,molécula,,11-HYDROXYUNDECANOIC ACID LACTONE,"1-oxacyclododecan-2-one | Oxacyclododecan-2-one | 11-Hydroxyundecanoic acid, lactone | 11-Undecanolide | 1-Oxa-2-cyclododecanone | Undecanoic |O-lactone | ACMC-20ajzx | undecanolide | C11-H20-O2 | undecalactone | 11-Undecanolactone | Undecanoic acid, hydroxy-, lactone",Perfumiarz,woody and earthy,https://perfumiarz.com/products/aldambre
112-31-2,Aldehyde C10 (decanal),molécula,,DECYL ALDEHYDE,,Perfumiarz,"aldehydic, marine, ozone",https://perfumiarz.com/products/aldehyde-c10
19009-56-4,Aldehyde C11 MOA,molécula,,METHYLOCTYL ACETALDEHYDE,,Perfumiarz,"aldehydic, marine, ozone",https://perfumiarz.com/products/aldehyde-c11-moa
112-54-9,Aldehyde C12 Lauric,molécula,,DODECANAL,,Perfumiarz,"aldehydic, marine, ozone",https://perfumiarz.com/products/aldehyde-c12-lauric
110-41-8,Aldehyde C12 MNA,molécula,,METHYLUNDECANAL,,Perfumiarz,"aldehydic, marine, ozone",https://perfumiarz.com/products/aldehyde-c12-mna
104-67-6,Aldehyde C14,molécula,,GAMMA-UNDECALACTONE,,Perfumiarz,sweet and gourmand,https://perfumiarz.com/products/aldehyde-c14
104-61-0,Aldehyde C18,molécula,,GAMMA-NONALACTONE,,Perfumiarz,sweet and gourmand,https://perfumiarz.com/products/aldehyde-c18
66-25-1,Aldehyde C6 (n-hexanal),molécula,,HEXANAL,,Perfumiarz,green and herbal,https://perfumiarz.com/products/aldehyde-c6
124-19-6,Aldehyde C9 (Nonanal),molécula,,NONANAL,,Perfumiarz,"aldehydic, marine, ozone",https://perfumiarz.com/products/aldehyde-c9-nonanal
112-45-8,Aldehyde Intreleven Special,molécula,,UNDECYLENAL,,Perfumiarz,"aldehydic, marine, ozone",https://perfumiarz.com/products/intreleven-aldehyde-special
68901-22-4,Aldron,molécula,,DIMETHYLBICYCLOHEPT-2-YL-METHYL-2-METHYLCYCLOHEXANONE,,Perfumiarz,,https://perfumiarz.com/products/aldron
67634-00-8,Allyl Amyl Glycolate,molécula,,ALLYL (3-METHYLBUTOXY) ACETATE,,Perfumiarz,green and herbal,https://perfumiarz.com/products/allyl-amyl-glycolate
122-40-7,Alpha Amyl Cinnamic Aldehyde,molécula,,AMYL CINNAMAL,,Perfumiarz,floral,https://perfumiarz.com/products/alpha-amyl-cinnamic-aldehyde
101-86-0,Alpha Hexyl Cinnamic Aldehyde,molécula,,HEXYL CINNAMAL,,Perfumiarz,floral,https://perfumiarz.com/products/alpha-hexyl-cinnmic-aldehyde-5-ml
67674-46-8,Amarocit (Methyl Pamplemousse),molécula,,DIMETHYL-4-ISOHEPTENAL DIMETHYL ACETAL,,Perfumiarz,citrus,https://perfumiarz.com/products/amarocit-methyl-pamplemousse
476332-65-7,Amber Xtreme,molécula,,HEPTAMETHYL DECAHYDROINDENOFURAN,,Perfumiarz,amber,https://perfumiarz.com/products/amber-xtreme
647828-16-8,Amber Xtreme,molécula,,HEPTAMETHYL DECAHYDROINDENOFURAN,,Perfumiarz,amber,https://perfumiarz.com/products/amber-xtreme
58567-11-6,Amberwood Forte,molécula,,FORMALDEHYDE CYCLODECYL ETHYL ACETAL,,Perfumiarz,amber,https://perfumiarz.com/products/amberwood-forte
63286-42-0,Ambrettolide,molécula,,AMBRETTOLIDE,"9E-isoambrettolide | trans-Isoambrettolide | Isoambrettolide, (E)- | K3X72T3M7I | Oxacycloheptadec-10-en-2-one, (E)- | Oxacycloheptadec-10-en-2-one, (10E)- | Isoambrettolide,(E)-",Perfumiarz,musky,https://perfumiarz.com/products/ambrettolide
41199-19-3,Ambrinol S,molécula,,"1,2,3,4,4A,5,6,7-OCTAHYDRO-2,5,5-TRIMETHYL-2-NAPHTHOL",,Perfumiarz,amber,https://perfumiarz.com/products/ambrinol-s
211299-54-6,Ambrocenide 10% (TEC),,,-,,Perfumiarz,amber,https://perfumiarz.com/products/ambrocenide-10-dpg-5-ml
211299-54-6,Ambrocenide Crystals,,,-,,Perfumiarz,amber,https://perfumiarz.com/products/ambrocenide-crystals
1357064-95-9,Ambrostar,,,-,,Perfumiarz,amber,https://perfumiarz.com/products/ambrostar®
3738-00-9,Ambrox DL,,,-,,Perfumiarz,amber,https://perfumiarz.com/products/ambrox-dl-kopia
6790-58-5,Ambrox Super (powder),molécula,,DODECIAHYDRO-TETRAMETHYLNAPHTHOFURAN,,Perfumiarz,amber,https://perfumiarz.com/products/ambrox-super
6790-58-5,Ambroxan (powder),molécula,,AMBROXAN,,Perfumiarz,amber,https://perfumiarz.com/products/ambroxan
6790-58-5,Ambroxide (powder),molécula,,DODECAHYDRO-TETRAMETHYLNAPHTHOFURAN,,Perfumiarz,amber,https://perfumiarz.com/products/ambroxide
2050-08-0,Amyl Salicylate,molécula,,AMYL SALICYLATE,,Perfumiarz,floral,https://perfumiarz.com/products/amyl-salicylate
4180-23-8,Anethole (natural),molécula,,ANETHOLE,,Perfumiarz,green and herbal,https://perfumiarz.com/products/anethole-natural
123-11-5,Anis Aldehyde,molécula,,ANISALDEHYDE,,Perfumiarz,sweet and gourmand,https://perfumiarz.com/products/anis-aldehyde
100-66-3,Anisole,molécula,,ANISOLE,,Perfumiarz,leathery and animalic,https://perfumiarz.com/products/anisole
56011-02-0,Anther,molécula,,PHENYLETHYL ISOAMYL ETHER,,Perfumiarz,green and herbal,https://perfumiarz.com/products/anther-5-ml
25225-08-5,Aphermate,,,-,,Perfumiarz,woody and earthy,https://perfumiarz.com/products/aphermate
4621-04-9,Apo Patchone Coeur,molécula,,ISOPROPYLCYCLOHEXANOL,,Perfumiarz,leathery and animalic,https://perfumiarz.com/products/apo-patchone-coeur
883111-87-3,Apple Firad 974723,,,,,Perfumiarz,fruity,https://perfumiarz.com/products/apple-firad-974723
68133-79-9,Apritone,molécula,,Decenyl Cyclopentanone,,Perfumiarz,sweet and gourmand,https://perfumiarz.com/products/apritone
62439-41-2,Aquaflor,molécula,,"6-METHOXY-2,6-DIMETHYLHEPTANAL",,Perfumiarz,"aldehydic, marine, ozone",https://perfumiarz.com/products/aquaflor
1339119-15-1,Aquaflora,,,-,,Perfumiarz,"aldehydic, marine, ozone",https://perfumiarz.com/products/aquaflora
89-43-0,Aurantiol Pure 50% (ethanol),molécula,,HYDROXYCITRONELLAL METHYL ANTHRANILATE,,Perfumiarz,floral,https://perfumiarz.com/products/aurantiol
68845-36-3,Azarbre,molécula,,DIETHYLDIMETHYLCYCLOHEXENONE,,Perfumiarz,woody and earthy,https://perfumiarz.com/products/azarbre
28219-61-6,Bacdanol,molécula,,ETHYL TRIMETHYLCYCLOPENTENE BUTENOL,,Perfumiarz,woody and earthy,https://perfumiarz.com/products/bacdanol
8015-73-4,Basil Grand Vert Oil (Egypt),natural,oil,OCIMUM BASILICUM (BASIL) OIL,,Perfumiarz,green and herbal,https://perfumiarz.com/products/bassil-grand-vert
100-52-7,Benzaldehyde,molécula,,BENZALDEHYDE,,Perfumiarz,sweet and gourmand,https://perfumiarz.com/products/benzaldehyde
9000-72-0,Benzoin Siam Resinoid (IFF),natural,resinoid,STYRAX TONKINENSIS RESIN EXTRACT,,Perfumiarz,balsamic and resinous,https://perfumiarz.com/products/benzoin-siam-resinoid-iff
9000-05-9,Benzoin Sumatra Resinoide Extra,natural,resinoid,STYRAX BENZOIN RESIN EXTRACT,,Perfumiarz,balsamic and resinous,https://perfumiarz.com/products/benzoin-sumatra-resinoide-extra
95-16-9,Benzothiazole 10% (DPG),molécula,,BENZOTHIAZOLE,,Perfumiarz,leathery and animalic,https://perfumiarz.com/products/benzothiazole-10-dpg
140-11-4,Benzyl Acetate,molécula,,BENZYL ACETATE,,Perfumiarz,floral,https://perfumiarz.com/products/benzyl-acetate
2550-26-7,Benzyl Acetone,molécula,,BENZYL ACETONE,,Perfumiarz,floral,https://perfumiarz.com/products/benzyl-acetone
100-51-6,Benzyl Alcohol,molécula,,BENZYL ALCOHOL,,Perfumiarz,floral,https://perfumiarz.com/products/benzyl-alcohol
120-51-4,Benzyl Benzoate,molécula,,BENZYL BENZOATE,,Perfumiarz,floral,https://perfumiarz.com/products/benzyl-benzoate
103-37-7,Benzyl Butyrate,molécula,,BENZYL BUTYRATE,,Perfumiarz,fruity,https://perfumiarz.com/products/benzyl-butyrate
118-58-1,Benzyl Salicylate,molécula,,BENZYL SALICYLATE,,Perfumiarz,floral,https://perfumiarz.com/products/benzyl-salicylate
89957-91-5,Bergamot Oil Cold Pressed,natural,oil,CITRUS AURANTIUM BERGAMIA (BERGAMOT) PEEL OIL,,Perfumiarz,citrus,https://perfumiarz.com/products/bergamot-cold-pressed-oleolio
8007-75-8,Bergamot Oil Distilled,natural,oil,CITRUS AURANTIUM BERGAMIA (BERGAMOT) FRUIT OIL,,Perfumiarz,citrus,https://perfumiarz.com/products/bergamot-distilled
93-08-3,Beta Methyl Naphthyl Ketone (powder),molécula,,2-ACETONAPHTHONE,,Perfumiarz,floral,https://perfumiarz.com/products/beta-methyl-naphthyl-ketone
127-91-3,Beta Pinene,molécula,,BETA-PINENES,,Perfumiarz,balsamic and resinous,https://perfumiarz.com/products/beta-pinene
4430-31-3,Bicyclononalactone,molécula,,OCTAHYDROCOUMARIN,,Perfumiarz,sweet and gourmand,https://perfumiarz.com/products/bicyclonanolactone
51411-24-6,Biocyclamol,molécula,,DIHYDROFARNESOL,,Perfumiarz,floral,https://perfumiarz.com/products/biocyclamol®
8001-88-5,Birch tar rectified,natural,,BETULA ALBA OIL,,Perfumiarz,leathery and animalic,https://perfumiarz.com/products/birch-tar-rectified
68916-04-1,Bitter Orange Cold Pressed,natural,,CITRUS AURANTIUM AMARA PEEL OIL,,Perfumiarz,citrus,https://perfumiarz.com/products/bitter-orange-cold-pressed
8006-82-4,Black Pepper Absolute,natural,absolute,PIPER NIGRUM (PEPPER) FRUIT EXTRACT,,Perfumiarz,spicy,https://perfumiarz.com/products/black-pepper-absolute
8006-82-4,Black Pepper Oil (Sri Lanka),natural,oil,PIPER NIGRUM FRUIT OIL,,Perfumiarz,spicy,https://perfumiarz.com/products/black-pepper-oil
91722-19-9,Black Spruce Oil (Canada),natural,oil,PICEA MARIANA LEAF OIL,"Black spruce | Picea mariana resin | Spruce, Picea mariana, ext. | PICEA MARIANA LEAF OIL",Perfumiarz,,https://perfumiarz.com/products/black-spruce-oil
68845-00-1,Boisiris,molécula,,"2-ETHOXY-2,6,6-TRIMETHYL-9-METHYLENEBICYCLONONANE",,Perfumiarz,woody and earthy,https://perfumiarz.com/products/boisiris
76-49-3,Bornyl Acetate,molécula,,BORNYL ACETATE,,Perfumiarz,woody and earthy,https://perfumiarz.com/products/bornyl-acetate
3155-71-3,Boronal,molécula,,"2-METHYL-4-(2,6,6-TRIMETHYL-1-CYCLOHEXEN-1-YL)-2-BUTENAL",,Perfumiarz,floral,https://perfumiarz.com/products/boronal
94350-09-1,Boya Oud Oil,natural,oil,Aquilaria Agallocha (Agarwood) Wood Oil,,Perfumiarz,leathery and animalic,https://perfumiarz.com/products/boya-oud-oil
68916-76-7,Bran Absolute,natural,absolute,TRITICUM VULGARE BRAN EXTRACT,,Perfumiarz,sweet and gourmand,https://perfumiarz.com/products/bran-absolute
75147-23-8,Buccoxime (powder),molécula,,Dimethylbicyclo-8-octanone oxime,,Perfumiarz,green and herbal,https://perfumiarz.com/products/buccoxime
38462-22-5,Buchu Mercaptan 1% (IPM),molécula,,THIOMENTHONE,,Perfumiarz,green and herbal,https://perfumiarz.com/products/buchu-mercaptan-1-ipm
68650-46-4,Buchu Oil,natural,oil,BAROSMA BETULINA LEAF OIL,,Perfumiarz,green and herbal,https://perfumiarz.com/products/buchu-oil
97-87-0,Butyl Isobutyrate,molécula,,BUTYL ISOBUTYRATE,,Perfumiarz,fruity,https://perfumiarz.com/products/butyl-isobutyrate
68188-03-4,Cabreuva Oil Extra,natural,oil,MYROCARPUS FASTIGIATUS WOOD OIL,,Perfumiarz,woody and earthy,https://perfumiarz.com/products/cabreuva-oil
28940-11-6,Calone (powder),molécula,,METHYL BENZODIOXEPINONE,,Perfumiarz,"aldehydic, marine, ozone",https://perfumiarz.com/products/calone
76-22-2,Camphor,molécula,,CAMPHOR,,Perfumiarz,green and herbal,https://perfumiarz.com/products/camphor
5462-06-6,Canthoxal,molécula,,METHOXYHYDRATROPALDEHYDE,,Perfumiarz,sweet and gourmand,https://perfumiarz.com/products/canthoxal
15373-31-6,Cantryl,molécula,,TRIMETHYL-3-CYCLOPENTENYLACETONITRILE,,Perfumiarz,green and herbal,https://perfumiarz.com/products/cantryl
8000-42-8,Caraway Oil,natural,oil,CARUM CARVI (CARAWAY) SEED OIL,,Perfumiarz,spicy,https://perfumiarz.com/products/caraway-oil
21662-09-9,Cardamom Aldehyde 10% (DPG),,,-,,Perfumiarz,"aldehydic, marine, ozone",https://perfumiarz.com/products/cardamom-aldehyde-10-dpg
8000-66-6,Cardamom Oil (Guatemala),natural,oil,ELETTARIA CARDAMOMUM SEED OIL,,Perfumiarz,spicy,https://perfumiarz.com/products/cardamom-oil
8015-88-1,Carrot Terpeneless Oil,natural,oil,DAUCUS CAROTA SATIVA (CARROT) SEED OIL,,Perfumiarz,fruity,https://perfumiarz.com/products/carrot-terpeneless
950919-28-5,Cascalone,,,-,,Perfumiarz,"aldehydic, marine, ozone",https://perfumiarz.com/products/cascalone
33704-61-9,Cashmeran 50% (ethanol),molécula,,DIHYDROGENATED POLYCYCLOPENTADIENE,,Perfumiarz,musky,https://perfumiarz.com/products/cashmeran
8023-82-3,Cassie Absolute Egypt 50% (DPG),natural,absolute,ACACIA FARNESIANA FLOWER EXTRACT.,,Perfumiarz,floral,https://perfumiarz.com/products/cassie-absolute
97676-19-2,Cassis Bud Absolute 50% (DPG),natural,absolute,RIBES NIGRUM (BLACK CURRANT) BUD EXTRACT,,Perfumiarz,green and herbal,https://perfumiarz.com/products/cassis-bud-absolute
23550-40-5,Cassis Pentanone 1% (IPM),,,-,,Perfumiarz,fruity,https://perfumiarz.com/products/cassis-pentanone-1-ipm
8023-85-6,Cedar Atlas Redist,natural,,CEDRUS ATLANTICA BARK OIL,,Perfumiarz,woody and earthy,https://perfumiarz.com/products/cedar-atlas-redist
8007-20-3,Cedar Leaf Oil Extra,natural,oil,THUJA OCCIDENTALIS LEAF OIL,,Perfumiarz,green and herbal,https://perfumiarz.com/products/cedar-leaf-oil-extra
1069136-34-0,Cedarwood Alaska,natural,,CUPRESSUS NOOTKATENSIS OIL,,Perfumiarz,woody and earthy,https://perfumiarz.com/products/cedarwood-alaska
8000-27-9,Cedarwood Virginia Oil,natural,oil,JUNIPERUS VIRGINIANA WOOD OIL,,Perfumiarz,woody and earthy,https://perfumiarz.com/products/cedarwood-virginia
85085-41-2,Cedarwood Virginia Super Rectified,natural,,JUNIPERUS VIRGINIANA WOOD OIL,"Juniperus | Eastern Red Cedar | Juniperus virginiana | Juniperus virginiana twig | Juniperus virginiana pollen | Juniperus virginiana extract | Juniper, Juniperus virginiana, ext. | Juniperus virginiana, ext. | Juniperus Virginiana Wood Extract | cedar wood oil",Perfumiarz,woody and earthy,https://perfumiarz.com/products/cedarwood-virginia-super-rectified
19870-74-7,Cedramber,molécula,,OCTAHYDRO-METHOXY-TETRAMETHYL-METHANOAZULENE,,Perfumiarz,amber,https://perfumiarz.com/products/cedramber
71735-79-0,Cedroxyde,molécula,,CEDROXYDE,,Perfumiarz,woody and earthy,https://perfumiarz.com/products/cedroxide
77-54-3,Cedryl Acetate,molécula,,CEDRYL ACETATE,,Perfumiarz,woody and earthy,https://perfumiarz.com/products/cedryl-acetate
6707-60-4,Cervolide,molécula,,"1,2-OXAHEXADECANOLIDE",,Perfumiarz,musky,https://perfumiarz.com/products/cervolide
94333-99-0,Champaca Absolute (red),natural,absolute,MICHELIA CHAMPACA FLOWER EXTRACT,"Champac, ext. | MICHELIA CHAMPACA FLOWER OIL",Perfumiarz,floral,https://perfumiarz.com/products/champaca-absolute-red
69929-17-5,Chrysantheme,,,,,Perfumiarz,floral,https://perfumiarz.com/products/chrysantheme
1885-38-7,Cinnamalva 50% (DPG),molécula,,CINNAMYL NITRILE,,Perfumiarz,spicy,https://perfumiarz.com/products/cinnamalva
104-54-1,Cinnamyl Alcohol 50% (IPM/ethanol),molécula,,CINNAMYL ALCOHOL,,Perfumiarz,spicy,https://perfumiarz.com/products/cinnamyl-alcohol
928-96-1,Cis-3-hexenol,molécula,,3-HEXENOL,,Perfumiarz,green and herbal,https://perfumiarz.com/products/cis-3-hexenol
3681-71-8,Cis-3-hexenyl Acetate,molécula,,CIS-3-HEXENYL ACETATE,,Perfumiarz,fruity,https://perfumiarz.com/products/cis-3-hexenyl-acetate
65405-77-8,Cis-3-Hexenyl Salicylate,molécula,,CIS-3-HEXENYL SALICYLATE,,Perfumiarz,green and herbal,https://perfumiarz.com/products/cis-3-hexenyl-salicylate
8016-26-0,Cistus Oil (Spain),natural,oil,CISTUS LADANIFERUS OIL,,Perfumiarz,woody and earthy,https://perfumiarz.com/products/cistus-oil
5392-40-5,Citral,molécula,,CITRAL,,Perfumiarz,citrus,https://perfumiarz.com/products/citral
106-22-9,Citronellol 950,molécula,,CITRONELLOL,,Perfumiarz,floral,https://perfumiarz.com/products/citronellol-950
150-84-5,Citronellyl Acetate,molécula,,CITRONELLYL ACETATE,,Perfumiarz,floral,https://perfumiarz.com/products/citronellyl-acetate
7492-67-3,Citronellyl Oxyacetaldehyde,molécula,,CITRONELLYLOXY ACETALDEHYDE,,Perfumiarz,"aldehydic, marine, ozone",https://perfumiarz.com/products/citronellyl-oxyacetaldehyde
97384-48-0,Citrowanil B,,,-,,Perfumiarz,citrus,https://perfumiarz.com/products/citrowanil-b
8016-63-5,Clary Sage Absolute,natural,absolute,SALVIA SCLAREA EXTRACT,,Perfumiarz,green and herbal,https://perfumiarz.com/products/clary-sage-absolute
8016-63-5,Clary Sage Oil (France),natural,oil,SALVIA SCLAREA OIL,,Perfumiarz,green and herbal,https://perfumiarz.com/products/clary-sage-essence-france-szalwia-muszkatolowa-5-ml
8016-63-5,Clary Sage Pays Organic Oil,natural,oil,SALVIA SCLAREA OIL,,Perfumiarz,green and herbal,https://perfumiarz.com/products/clary-sage-pays-organic-oil
1450625-49-6,Clearwood,,,-,,Perfumiarz,woody and earthy,https://perfumiarz.com/products/clearwood
5986-55-0,Clearwood Prisma,natural,,POGOSTEMON CABLIN LEAF OIL,,Perfumiarz,woody and earthy,https://perfumiarz.com/products/clearwood®-prisma
2437-25-4,Clonal,molécula,,DODECANENITRILE,,Perfumiarz,"aldehydic, marine, ozone",https://perfumiarz.com/products/clonal
21834-92-4,Cocoa Hexenal,,,-,,Perfumiarz,sweet and gourmand,https://perfumiarz.com/products/cocoa-hexenal
83926-73-2,Coranol,,,-,,Perfumiarz,floral,https://perfumiarz.com/products/coranol
8008-52-4,Coriander Leaf Oil Extra,natural,oil,CORIANDRUM SATIVUM LEAF OIL,,Perfumiarz,green and herbal,https://perfumiarz.com/products/coriander-leaf-oil-extra
8008-52-4,Coriander Seeds Oil,natural,oil,CORIANDRUM SATIVUM SEED OIL,,Perfumiarz,spicy,https://perfumiarz.com/products/coriander-seeds-oil
2556-10-7,Corps Jacinthe,molécula,,PROPYL PHENETHYL ACETAL,,Perfumiarz,floral,https://perfumiarz.com/products/corps-jacinthe
68921-26-6,Corps Pamplemousse 1% (TEC),,,-,,Perfumiarz,citrus,https://perfumiarz.com/products/corps-pamplemousse-1-tec
2110-18-1,Corps Racine 10% (DPG),molécula,,2-PHENYLPROPYLPYRIDINE,,Perfumiarz,green and herbal,https://perfumiarz.com/products/corps-racine-10-dpg
91-64-5,Coumarin (crystals),molécula,,COUMARIN,,Perfumiarz,sweet and gourmand,https://perfumiarz.com/products/coumarin
1646-26-0,Coumarone (powder),molécula,,ACETYLBENZOFURAN,,Perfumiarz,sweet and gourmand,https://perfumiarz.com/products/coumarone-5-g-proszek
34687-46-2,Cremefleur,,,-,"Hexenyl cyclopentanone | Hexenylcyclopentanone | 2-(2-Hexenyl cyclopentanone) | Cyclopentanone, 2-(2-hexenyl)- | Cyclopentanone, 2-(2-hexen-1-yl)- | C11-H18-O | HASMIGONE (HEXENYL CYCLOPENTANONE) | 1-(2-Chlorophenyl)imidazole | Hasmigone | 2-[(E)-hex-2-enyl]cyclopentan-1-one | 2-[(2E)-2-Hexen-1-yl]cyclopentanone | 2-(2-HEXENYL)-CYCLOPENTANONE",Perfumiarz,sweet and gourmand,https://perfumiarz.com/products/cremefleur
557-48-2,Cucumber Aldehyde (Trans-2-cis-6-Nonadienal) 1 % (DPG),molécula,,NONADIENAL,,Perfumiarz,green and herbal,https://perfumiarz.com/products/cucumber-aldehyde
74113-74-9,Cuir MD,,,-,,Perfumiarz,leathery and animalic,https://perfumiarz.com/products/cuir-md
8014-13-9,Cumin Oil,natural,oil,CUMINUM CYMINUM SEED OIL,,Perfumiarz,spicy,https://perfumiarz.com/products/cumin-seed-oil
536-60-7,Cuminyl Alcohol,molécula,,ISOPROPYL BENZYLALCOHOL,,Perfumiarz,spicy,https://perfumiarz.com/products/cuminyl-alcohol
103-95-7,Cyclamen Aldehyde Extra,molécula,,CYCLAMEN ALDEHYDE,,Perfumiarz,"aldehydic, marine, ozone",https://perfumiarz.com/products/cyclamen-aldehyde-extra
15760-18-6,Cyclomethylene Citronellol,molécula,,"3-CYCLOHEXENE-1-PROPANOL, GAMMA,4-DIMETHYL-",,Perfumiarz,floral,https://perfumiarz.com/products/cyclomethyle-citronellol
107-75-5,Cyclosia (Hydroxycitronellal),molécula,,HYDROXYCITRONELLAL,,Perfumiarz,floral,https://perfumiarz.com/products/cyclosia
8013-86-3,Cypress Oil (France),natural,oil,CUPRESSUS SEMPERVIRENS LEAF OIL,,Perfumiarz,woody and earthy,https://perfumiarz.com/products/cypress-oil
68916-60-9,Cypriol Coeur (Firmenich),natural,,CYPERUS SCARIOSUS ROOT OIL,,Perfumiarz,woody and earthy,https://perfumiarz.com/products/cypriol-heart
68916-60-9,Cypriol Coeur (Robertet),natural,,CYPERUS SCARIOSUS ROOT OIL,,Perfumiarz,woody and earthy,https://perfumiarz.com/products/cypriol-coeur-robertet
91771-62-9,Cypriol Oil,natural,oil,CYPERUS SCARIOSUS ROOT OIL,"Cyperus scariosus, ext. | Nagarmutha rhizome extract | Cyperus root oil",Perfumiarz,woody and earthy,https://perfumiarz.com/products/cypriol-oil
23696-85-7,Damascenone,molécula,,DAMASCENONE,,Perfumiarz,floral,https://perfumiarz.com/products/damascenone
4927-36-0,Damascol,,,-,,Perfumiarz,floral,https://perfumiarz.com/products/damascol-5-ml
24720-09-0,Damascone Alpha,molécula,,ALPHA-DAMASCONE,,Perfumiarz,floral,https://perfumiarz.com/products/damascone-alpha
35044-68-9,Damascone Beta,molécula,,BETA-DAMASCONE,,Perfumiarz,floral,https://perfumiarz.com/products/damascone-beta
68039-69-0,Datilat,molécula,,CYCLOHEXYLETHYL CROTONATE,,Perfumiarz,sweet and gourmand,https://perfumiarz.com/products/datilat
8016-03-3,Davana Oil Extra,natural,oil,ARTEMISIA PALLENS FLOWER OIL,,Perfumiarz,fruity,https://perfumiarz.com/products/davana-oil-extra
34131-98-1,Decatone,molécula,,"2(1H)-NAPHTHALENONE, OCTAHYDRO-6-(1-METHYLETHYL)",,Perfumiarz,citrus,https://perfumiarz.com/products/decatone
84560-00-9,Delphol HC,,,-,,Perfumiarz,floral,https://perfumiarz.com/products/delphol-hc
705-86-2,Delta Decalactone,molécula,,DELTA-DECALACTONE,,Perfumiarz,sweet and gourmand,https://perfumiarz.com/products/delta-decalactone
13466-78-9,Delta-3-Carene,molécula,,3-CARENE,,Perfumiarz,woody and earthy,https://perfumiarz.com/products/delta-3-carene
544-40-1,Dibutyl Sulfide 10% (IPM),molécula,,DIBUTYL SULPHIDE,,Perfumiarz,green and herbal,https://perfumiarz.com/products/dibutyl-sulfide-10-ipm
17283-81-7,Dihydro Ionone Beta,molécula,,DIHYDRO IONONE BETA,,Perfumiarz,floral,https://perfumiarz.com/products/dihydro-ionone-beta
104-45-0,Dihydroestragole RC,molécula,,DIHYDROANETHOLE,,Perfumiarz,green and herbal,https://perfumiarz.com/products/dihydroestragole-rc
18479-58-8,Dihydromyrcenol,molécula,,DIHYDROMYRCENYL FORMATE,,Perfumiarz,citrus,https://perfumiarz.com/products/dihydromyrcenol
151-05-3,Dimethyl Benzyl Carbinyl Acetate 50% (DPG),molécula,,DIMETHYLBENZYL CARBINYL ACETATE,,Perfumiarz,floral,https://perfumiarz.com/products/dimethyl-benzyl-carbinyl-acetate
10094-34-5,Dimethyl Benzyl Carbinyl Butyrate,molécula,,DIMETHYL PHENETHYL BUTYRATE,,Perfumiarz,sweet and gourmand,https://perfumiarz.com/products/dimethyl-benzyl-carbinyl-butyrate
150-78-7,Dimethyl Hydroquinone (crystals),molécula,,DIMETHYLHYDROQUINONE,,Perfumiarz,spicy,https://perfumiarz.com/products/dimethyl-hydroquinone
2550-11-0,Dimethyl Octenone,,,-,,Perfumiarz,citrus,https://perfumiarz.com/products/dimethyl-octenone
103-05-9,Dimethyl Phenyl Ethyl Carbinol,molécula,,DIMETHYL PHENYLETHYL CARBINOL,,Perfumiarz,floral,https://perfumiarz.com/products/dimethyl-phenyl-ethyl-carbinol
138-86-3,Dipentene 38 perf,,,-,,Perfumiarz,woody and earthy,https://perfumiarz.com/products/depentene-38-perf
101-84-8,Diphenyl Oxide 50% IPM,molécula,,DIPHENYL ETHER,,Perfumiarz,green and herbal,https://perfumiarz.com/products/diphenyl-oxide-50-ipm
25265-71-8,Dipropylene Glycol,molécula,,DIPROPYLENE GLYCOL FORM: Colourless liquid MANUFACTURER: Ventos Share Share Link Close share Copy link Technical Data:,,Perfumiarz,,https://perfumiarz.com/products/dipropylene-glycol
30168-23-1,Dupical,molécula,,4-TRICYCLODECYLIDENE BUTANAL,,Perfumiarz,floral,https://perfumiarz.com/products/dupical
56973-85-4,Dynascone 10%,molécula,,DYNASCONE,,Perfumiarz,green and herbal,https://perfumiarz.com/products/dynascone
67801-20-1,Ebanol,,,-,,Perfumiarz,woody and earthy,https://perfumiarz.com/products/ebanol
478695-70-4,Edenolide,,,-,,Perfumiarz,musky,https://perfumiarz.com/products/edenolide
8023-89-0,Elemi SFE,natural,co2,CANARIUM LUZONICUM GUM EXTRACT,,Perfumiarz,spicy,https://perfumiarz.com/products/elemi-sfe
2305-25-1,Ethyl 3-Hydroxy Hexanoate,molécula,,ETHYL 3-HYDROXYHEXANOATE,,Perfumiarz,fruity,https://perfumiarz.com/products/ethyl-3-hydroxy-hexanoate
110-38-3,Ethyl Caprate,molécula,,ETHYL DECANOATE,,Perfumiarz,fruity,https://perfumiarz.com/products/ethyl-caprate
106-30-9,Ethyl Heptanoate,molécula,,ETHYL HEPTANOATE,,Perfumiarz,fruity,https://perfumiarz.com/products/ethyl-heptanoate
106-33-2,Ethyl Laurate,,,,,Perfumiarz,fruity,https://perfumiarz.com/products/ethyl-laurate
10339-55-6,Ethyl Linalool,molécula,,ETHYL LINALOOL,,Perfumiarz,floral,https://perfumiarz.com/products/ethyl-linalool
4940-11-8,Ethyl Maltol (powder),molécula,,ETHYL HYDROXYPYRONE,,Perfumiarz,sweet and gourmand,https://perfumiarz.com/products/ethyl-maltol
123-29-5,Ethyl Pelargonate,molécula,,ETHYL PELARGONATE,,Perfumiarz,fruity,https://perfumiarz.com/products/ethyl-pelargonate-5-ml
35044-59-8,Ethyl Safranate,molécula,,"ETHYL 2,6,6-TRIMETHYLCYCLOHEXA-1,3-DIENE-1-CARBOXYLATE",,Perfumiarz,spicy,https://perfumiarz.com/products/ethyl-safranate
121-32-4,Ethyl Vanillin (powder),molécula,,ETHYL VANILLIN,,Perfumiarz,sweet and gourmand,https://perfumiarz.com/products/ethyl-vannilin
105-95-3,Ethylene Brassylate,molécula,,ETHYLENE BRASSYLATE,,Perfumiarz,musky,https://perfumiarz.com/products/ethylene-brassylate
470-82-6,Eucalyptol Natural,molécula,,EUCALYPTOL,,Perfumiarz,green and herbal,https://perfumiarz.com/products/eucalyptol-natural
97-53-0,Eugenol,molécula,,EUGENOL,,Perfumiarz,spicy,https://perfumiarz.com/products/eugenol-ex-clove-natural-kopia
97-53-0,Eugenol ex Clove (natural),molécula,,EUGENOL,,Perfumiarz,spicy,https://perfumiarz.com/products/eugenol
106-02-5,Exaltolide 50% (DPG),molécula,,PENTADECALACTONE,,Perfumiarz,musky,https://perfumiarz.com/products/exaltolide-50-dpg
502-72-7,Exaltone (powder),molécula,,CYCLOPENTADECANONE,,Perfumiarz,musky,https://perfumiarz.com/products/exaltone
502-61-4,Farnesene,molécula,,FARNESENE,,Perfumiarz,green and herbal,https://perfumiarz.com/products/farnesene
4602-84-0,Farnesol,molécula,,FARNESOL,,Perfumiarz,floral,https://perfumiarz.com/products/farnesol
81925-81-7,Filbertone 1% (TEC),molécula,,5-METHYL-2-HEPTEN-4-ONE,,Perfumiarz,sweet and gourmand,https://perfumiarz.com/products/filbertone-1-tec
8007-47-4,Fir Balsam Absolute Resin 25% (ethanol),natural,absolute,ABIES BALSAMEA RESIN,,Perfumiarz,balsamic and resinous,https://perfumiarz.com/products/fir-balsam-absolute-resin-25
104864-90-6,Firsantol,,,-,,Perfumiarz,woody and earthy,https://perfumiarz.com/products/firsantol
67634-15-5,Floralozone,,,-,,Perfumiarz,"aldehydic, marine, ozone",https://perfumiarz.com/products/floralozone
69486-14-2,Florex,,,-,,Perfumiarz,sweet and gourmand,https://perfumiarz.com/products/florex
63500-71-0,Florol,molécula,,TETRAHYDRO-METHYL-METHYLPROPYL)-PYRAN-4-OL,,Perfumiarz,floral,https://perfumiarz.com/products/florol
104-20-1,Frambinon Methyl Ether,molécula,,METHOXYPHENYLBUTANONE,,Perfumiarz,sweet and gourmand,https://perfumiarz.com/products/frambinon®-methyl-ether
14765-30-1,Freskomenthe,molécula,,"CYCLOHEXANONE, 2-(1-METHYLPROPYL)-",,Perfumiarz,green and herbal,https://perfumiarz.com/products/freskomenthe
72903-27-6,Fructalate,molécula,,"DIETHYL CYCLOHEXANE-1,4-DICARBOXYLATE",,Perfumiarz,fruity,https://perfumiarz.com/products/fructalate
6413-10-1,Fructone,molécula,,"ETHYL (2-METHYL-1,3-DIOXOLAN-2-YL)ACETATE",,Perfumiarz,fruity,https://perfumiarz.com/products/fructone
98-02-2,Furfuryl Mercaptan 1% (DPG),molécula,,2-FURYLMETHANETHIOL,,Perfumiarz,leathery and animalic,https://perfumiarz.com/products/furfuryl-mercaptan-1-dpg
1222-05-5,Galaxolide 50% (IPM),molécula,,HEXAMETHYLINDANOPYRAN,,Perfumiarz,musky,https://perfumiarz.com/products/galaxolide-50-ipm
9000-24-2,Galbanum Resinoide Super 50% (ethanol),natural,resinoid,FERULA GALBANIFLUA RESIN OIL,Galbanum | Galbanum resin | Ferula resin | Galbanum gum | Ferula gummosa resin | Ferula galbaniflua resin | Galbanum absolute (Ferula galbaliflua) | ferularesin | Galbanum resinoid | GALBANUM (RESIN) [FHFI] | FERULA GUMMOSA RESIN [WHO-DD],Perfumiarz,green and herbal,https://perfumiarz.com/products/galbanum-resinoide-super
706-14-9,Gamma Decalactone,molécula,,GAMMA-DECALACTONE,,Perfumiarz,sweet and gourmand,https://perfumiarz.com/products/gamma-decalactone
104-50-7,Gamma Octalactone,molécula,,GAMMA-OCTALACTONE,,Perfumiarz,sweet and gourmand,https://perfumiarz.com/products/gamma-octalactone
99-85-4,Gamma Terpinene,molécula,,GAMMA-TERPINENE,,Perfumiarz,woody and earthy,https://perfumiarz.com/products/gamma-terpinene
108-29-2,Gamma Valerolactone,molécula,,GAMMA-VALEROLACTONE,,Perfumiarz,sweet and gourmand,https://perfumiarz.com/products/gamma-valerolactone
84434-18-4,Gardamide 50% (TEC),,,-,,Perfumiarz,fruity,https://perfumiarz.com/products/gardamide
23333-91-7,Geosmin,,,-,,Perfumiarz,woody and earthy,https://perfumiarz.com/products/geosmin-1-dpg
106-24-1,Geraniol 980,molécula,,GERANIOL,,Perfumiarz,floral,https://perfumiarz.com/products/geraniol-980
8000-46-2,Geranium Bourbon Oil (Madagascar),natural,oil,PELARGONIUM GRAVEOLENS OIL,,Perfumiarz,floral,https://perfumiarz.com/products/geranium-bourbon-essence-madagascar-5-ml
42822-86-6,Geranodyle,,,-,,Perfumiarz,floral,https://perfumiarz.com/products/geranodyle
50373-36-9,Geranodyle,,,-,,Perfumiarz,floral,https://perfumiarz.com/products/geranodyle
105-87-3,Geranyl Acetate Pure,molécula,,GERANYL ACETATE,,Perfumiarz,floral,https://perfumiarz.com/products/geranyl-acetate-pure
7785-33-3,Geranyl Tiglate,molécula,,GERANYL TIGLATE,,Perfumiarz,floral,https://perfumiarz.com/products/geranyl-tiglate
8007-08-7,Ginger Oil Fresh (Madagascar),natural,oil,ZINGIBER OFFICINALE (GINGER) ROOT OIL,,Perfumiarz,spicy,https://perfumiarz.com/products/ginger-fresh-oil
34902-57-3,Globalide,molécula,,OXACYCLOHEXADECENONE,,Perfumiarz,musky,https://perfumiarz.com/products/globalide
68901-32-6,Glycolierral,molécula,,8-ISOPROPYL-6-METHYLBICYCLOOCTENYL-DIOXOLANE,,Perfumiarz,fruity,https://perfumiarz.com/products/glycolierral
8008-31-9,Green Mandarine Oil Cold Pressed,natural,oil,CITRUS RETICULATA PEEL OIL,,Perfumiarz,citrus,https://perfumiarz.com/products/green-mandarine-oil-cold-pressed
61789-17-1,Guaiacwood Acetate,natural,,GUAIACWOOD EXTRACT,,Perfumiarz,,https://perfumiarz.com/products/guaiacwood-acetate
8016-23-7,Guaiacwood Oil Crude 50% (ethanol),natural,oil,BULNESIA SARMIENTOI WOOD OIL,,Perfumiarz,woody and earthy,https://perfumiarz.com/products/guaiacwood-oil-crude
94333-88-7,Guaiyl Acetate,natural,,BULNESIA SARMIENTOI EXTRACT ACETATE,,Perfumiarz,woody and earthy,https://perfumiarz.com/products/guaiyl-acetate
8030-55-5,Gurjun Balsam (Malaysia),natural,,DIPTEROCARPUS TURBINATUS BALSAM OIL,,Perfumiarz,balsamic and resinous,https://perfumiarz.com/products/gurjun-balsam-malezja
1195-32-0,Habanene,,,-,,Perfumiarz,green and herbal,https://perfumiarz.com/products/habanene
111879-80-2,Habanolide,,,-,,Perfumiarz,musky,https://perfumiarz.com/products/habanolide
92128-62-6,Hay Absolute (hierochloe alpina),natural,absolute,GRASS-HAY HERB EXTRACT,,Perfumiarz,sweet and gourmand,https://perfumiarz.com/products/hay-absolute-hierochloe-alpina
8031-00-3,Hay Absolute (lolium perenne),natural,absolute,LOLIUM PERENNE LEAF EXTRACT,,Perfumiarz,sweet and gourmand,https://perfumiarz.com/products/hay-absolute
5986-55-0,Healingwood (Indonesia),natural,,Pogostemon Cablin Leaf Oil,,Perfumiarz,woody and earthy,https://perfumiarz.com/products/healingwood-indonesia
24851-98-7,Hedione,molécula,,METHYL DIHYDROJASMONATE,,Perfumiarz,floral,https://perfumiarz.com/products/hedione
24851-98-7,Hedione HC,molécula,,METHYL DIHYDROJASMONATE,,Perfumiarz,floral,https://perfumiarz.com/products/hedione-hc
1205-17-0,Helional,molécula,,METHYLENEDIOXYPHENYL METHYLPROPANAL,,Perfumiarz,"aldehydic, marine, ozone",https://perfumiarz.com/products/helional
120-57-0,Heliotropine 25% DPG,molécula,,HELIOTROPINE,,Perfumiarz,sweet and gourmand,https://perfumiarz.com/products/heliotropine-25-dpg
141773-73-1,Helvetolide,,,-,,Perfumiarz,musky,https://perfumiarz.com/products/helvetolide
116126-82-0,Herbanate,,,-,,Perfumiarz,fruity,https://perfumiarz.com/products/herbanate
54546-26-8,Herboxane,molécula,,"2-BUTYL-4,4,6-TRIMETHYL-1,3-DIOXANE",,Perfumiarz,green and herbal,https://perfumiarz.com/products/herboxane
8050-15-5,Hercolyn DW,molécula,,METHYL HYDROGENATED ROSINATE,,Perfumiarz,,https://perfumiarz.com/products/hercolyn-dw
79-78-7,Hexalon,molécula,,ALLYL ALPHA-IONONE,,Perfumiarz,fruity,https://perfumiarz.com/products/hexalon
142-92-7,Hexyl Acetate,molécula,,HEXYL ACETATE,,Perfumiarz,fruity,https://perfumiarz.com/products/hexyl-acetate
6789-88-4,Hexyl Benzoate,molécula,,HEXYL BENZOATE,,Perfumiarz,green and herbal,https://perfumiarz.com/products/hexyl-benzoate
300371-33-9,Hivernal Neo,,,-,,Perfumiarz,"aldehydic, marine, ozone",https://perfumiarz.com/products/hivernal-neo
118562-73-5,Hydroxyambran 50% (IPM),molécula,,BETA-METHYL-CYCLODODECANETHANOL,,Perfumiarz,amber,https://perfumiarz.com/products/hydroxyambran
90045-56-0,Immortele Absolute,natural,absolute,HELICHRYSUM ITALICUM EXTRACT,"Immortelle extract | Everlasting extract | Extract of everlasting | Extract of strawflower | Helichrysum italicum extract | Helichrysum angustifolium, ext. | Helichrysum angustifolium extract | Helichrysum angustifolium,ext. | Immortelle Hydrolat, organic | Helichrysum italicum flower absolute",Perfumiarz,green and herbal,https://perfumiarz.com/products/immortele-absolute
8023-95-8,Immortelle Oil,natural,oil,HELICHRYSUM ITALICUM FLOWER OIL,,Perfumiarz,green and herbal,https://perfumiarz.com/products/immortelle-oil
127-41-3,Ionone Alpha,molécula,,ALPHA-IONONE,,Perfumiarz,floral,https://perfumiarz.com/products/ionone-alpha-2
79-77-6,Ionone beta,molécula,,BETA-IONONE,,Perfumiarz,woody and earthy,https://perfumiarz.com/products/ionone-beta
1335-46-2,Iralia,molécula,,ALPHA-ISOMETHYL IONONE,,Perfumiarz,floral,https://perfumiarz.com/products/iralia-classic
29127-83-1,Irisnitrile 5% (TEC),molécula,,NON-2-ENENITRILE,,Perfumiarz,green and herbal,https://perfumiarz.com/products/irisnitrile
79-69-6,Irone Alpha,molécula,,5-METHYL-ALPHA-IONONE,,Perfumiarz,floral,https://perfumiarz.com/products/irone-alpha
2983-37-1,Irotyl,molécula,,ETHYL 2-ETHYLHEXANOATE,,Perfumiarz,floral,https://perfumiarz.com/products/irotyl
54464-57-2,Iso E Super,molécula,,TETRAMETHYL ACETYLOCTAHYDRONAPHTHALENES,,Perfumiarz,woody and earthy,https://perfumiarz.com/products/iso-e-super
106-27-4,Isoamyl Butyrate,molécula,,ISOAMYL BUTYRATE,,Perfumiarz,fruity,https://perfumiarz.com/products/isoamyl-butyrate
2756-56-1,Isobornyl Propionate,molécula,,ISOBORNYL PROPIONATE,,Perfumiarz,woody and earthy,https://perfumiarz.com/products/isobornyl-propionate
20665-85-4,Isobutavan,molécula,,4-FORMYL-2-METHOXYPHENYL ISOBUTYRATE,,Perfumiarz,sweet and gourmand,https://perfumiarz.com/products/isobutavan
102-13-6,Isobutyl Phenylacetate,molécula,,ISOBUTYL PHENYLACETATE,,Perfumiarz,sweet and gourmand,https://perfumiarz.com/products/isobutyl-phenylacetate
65442-31-1,Isobutyl Quinoline,molécula,,ISOBUTYLQUINOLINE,,Perfumiarz,leathery and animalic,https://perfumiarz.com/products/isobutyl-quinoline
1335-66-6,Isocyclocitral,molécula,,ISOCYCLOCITRAL,,Perfumiarz,green and herbal,https://perfumiarz.com/products/isocyclocitral
97-54-1,Isoeugenol,molécula,,ISOEUGENOL,,Perfumiarz,spicy,https://perfumiarz.com/products/isoeugenol
1135-66-6,Isolongifolene,molécula,,ISOLONGIFOLANONE,,Perfumiarz,woody and earthy,https://perfumiarz.com/products/isolongifolene
80118-06-5,Isopentyrate,,,-,,Perfumiarz,floral,https://perfumiarz.com/products/isopentyrate
110-27-0,Isopropyl Myristate (IPM),,,,,Perfumiarz,,https://perfumiarz.com/products/isopropyl-myristate-ipm
7786-67-6,Isopulegol,molécula,,ISOPULEGOL,,Perfumiarz,green and herbal,https://perfumiarz.com/products/isopulegol
33941-99-0,Jacinthaflor,,,-,,Perfumiarz,floral,https://perfumiarz.com/products/jacinthaflor
18871-14-2,Jasmal,,,-,,Perfumiarz,floral,https://perfumiarz.com/products/jasmal
8022-96-6,Jasmin Grandiflorum Absolute (Egypt),natural,absolute,JASMINUM GRANDIFLORUM FLOWER EXTRACT,,Perfumiarz,floral,https://perfumiarz.com/products/jasmin-grandiflorum-absolute-egypt
8022-96-6,Jasmin Grandiflorum Absolute (Indie),natural,absolute,JASMINUM GRANDIFLORUM FLOWER EXTRACT,,Perfumiarz,floral,https://perfumiarz.com/products/jasmin-grandiflorum-absolute-indie-5-ml
91770-14-8,Jasmin Sambac Absolute (Biolandes),natural,absolute,JASMINUM SAMBAC FLOWER EXTRACT,,Perfumiarz,floral,https://perfumiarz.com/products/jasmin-sambac-absolute-biolandes
32764-98-0,Jasmolactone,molécula,,JASMINE LACTONE,,Perfumiarz,floral,https://perfumiarz.com/products/jasmolactone
198404-98-7,Javanol,molécula,,SANDAL CYCLOPROPANE,,Perfumiarz,woody and earthy,https://perfumiarz.com/products/javanol
198404-98-7,Javanol Super,molécula,,SANDAL CYCLOPROPANE,,Perfumiarz,woody and earthy,https://perfumiarz.com/products/javanol-super
56138-10-4,Josenol,,,-,,Perfumiarz,floral,https://perfumiarz.com/products/josenol®
91771-50-5,Kaffir Lime Leaves Oil,natural,oil,CITRUS HYSTRIX LEAF OIL,,Perfumiarz,green and herbal,https://perfumiarz.com/products/kaffir-lime-leaves-oil
36306-87-3,Kephalis,molécula,,KEPHALIS,,Perfumiarz,woody and earthy,https://perfumiarz.com/products/kephalis
81786-73-4,Koavone,,,-,,Perfumiarz,woody and earthy,https://perfumiarz.com/products/koavone
87118-95-4,Kohinool,molécula,,PENTAMETHYL-2-HEPTANOL (AND) TOCOPHEROL,,Perfumiarz,woody and earthy,https://perfumiarz.com/products/kohinool
92015-65-1,Koumalactone 10% (TEC),,,-,,Perfumiarz,sweet and gourmand,https://perfumiarz.com/products/koumalactone-10-tec
8016-26-0,Labdanum Absolute 50% (DPG),natural,absolute,CISTUS LADANIFERUS RESIN,,Perfumiarz,balsamic and resinous,https://perfumiarz.com/products/labdanum-absolute
8016-26-0,Labdanum Absolute MD SIGNature 22% (TEC),natural,absolute,CISTUS LADANIFERUS RESIN,,Perfumiarz,balsamic and resinous,https://perfumiarz.com/products/labdanum-absolute-md-signature-22-tec
93384-25-9,Labrador Tea Oil (Ledum groenlandicum),natural,oil,LEDUM GROENLANDICUM OIL,"Ledum groenlandicum, ext. | Ledum groenlandicum oil",Perfumiarz,green and herbal,https://perfumiarz.com/products/labrador-tea
70851-61-5,Lactone of Cis Jasmone,molécula,,CIS-JASMONOLACTONE,,Perfumiarz,floral,https://perfumiarz.com/products/lactone-of-cis-jasmone
8022-15-9,Lavandin Grosso Oil (France),natural,oil,LAVANDULA HYBRIDA GROSSO HERB OIL,,Perfumiarz,green and herbal,https://perfumiarz.com/products/lavandin-grosso-france
8000-28-0,Lavender Absolute (IFF),natural,absolute,LAVANDULA ANGUSTIFOLIA FLOWER EXTRACT,,Perfumiarz,green and herbal,https://perfumiarz.com/products/lavender-absolute
8000-28-0,Lavender Oil (Bulgaria),natural,oil,LAVANDULA ANGUSTIFOLIA (LAVENDER) OIL,,Perfumiarz,green and herbal,https://perfumiarz.com/products/lavender-bulgaria
8000-28-0,Lavender Oil France Orpur,natural,oil,LAVANDULA ANGUSTIFOLIA (LAVENDER) OIL,,Perfumiarz,green and herbal,https://perfumiarz.com/products/lavender-oil-france-orpur™
8008-56-8,Lemon Oil Cold Pressed,natural,oil,CITRUS LIMON (LEMON) PEEL OIL,,Perfumiarz,citrus,https://perfumiarz.com/products/lemon-cold-pressed
8008-56-8,Lemon Tetrarome,natural,,CITRUS LIMON PEEL OIL,,Perfumiarz,citrus,https://perfumiarz.com/products/lemon-tetrarome®
8007-02-1,Lemongrass Oil India,natural,oil,CYMBOPOGON FLEXUOSUS OIL,,Perfumiarz,citrus,https://perfumiarz.com/products/lemongrass-oil-india
61792-11-8,Lemonile,molécula,,HOMOGERANYL NITRILE,,Perfumiarz,citrus,https://perfumiarz.com/products/lemonile-5-ml
675-09-2,Levistamel 25% (TEC),molécula,,"4,6-DIMETHYL-2H-PYRAN-2-ONE",,Perfumiarz,sweet and gourmand,https://perfumiarz.com/products/levistamel-25-tec
67633-96-9,Liffarome,molécula,,CIS-3-HEXENYL METHYL CARBONATE,,Perfumiarz,green and herbal,https://perfumiarz.com/products/liffarome™
80-54-6,Lilial,molécula,,BUTYLPHENYL METHYLPROPIONAL,,Perfumiarz,floral,https://perfumiarz.com/products/lilial
1378867-81-2,Lilybelle,,,-,,Perfumiarz,floral,https://perfumiarz.com/products/lilybelle
8008-26-2,Lime Oil Cold Pressed,natural,oil,CITRUS AURANTIFOLIA (LIME) OIL,,Perfumiarz,citrus,https://perfumiarz.com/products/lime-oil-cold-pressed
8008-26-2,Lime Oil Distilled,natural,oil,CITRUS AURANTIFOLIA (LIME) OIL,,Perfumiarz,citrus,https://perfumiarz.com/products/lime-essence-distilled
73018-51-6,Lime Oxide,,,-,,Perfumiarz,citrus,https://perfumiarz.com/products/lime-oxide-5-ml
7392-19-0,Limetol,,,-,,Perfumiarz,citrus,https://perfumiarz.com/products/limetol
78-70-6,Linalool,molécula,,LINALOOL,,Perfumiarz,floral,https://perfumiarz.com/products/linalool
115-95-7,Linalyl Acetate,molécula,,LINALYL ACETATE,,Perfumiarz,citrus,https://perfumiarz.com/products/linalyl-acetate
60047-17-8,Linalyl Oxide,molécula,,LINALOOL OXIDE,,Perfumiarz,woody and earthy,https://perfumiarz.com/products/linalyl-oxide
98-55-5,Lindenol (alpha-terpineol),molécula,,ALPHA-TERPINEOL,,Perfumiarz,balsamic and resinous,https://perfumiarz.com/products/lindenol
8006-81-3,Lisylang,,,-,,Perfumiarz,floral,https://perfumiarz.com/products/lisylang
68855-99-2,Litsea Cubeba Oil,natural,oil,LITSEA CUBEBA FRUIT OIL,,Perfumiarz,citrus,https://perfumiarz.com/products/litsea-cubeba-oil
1392321-41-3,Luminide 25% (DPG),,,-,,Perfumiarz,musky,https://perfumiarz.com/products/luminide™-50-dpg
31906-04-4,Lyral,molécula,,HYDROXYISOHEXYL 3-CYCLOHEXENE CARBOXALDEHYDE,,Perfumiarz,floral,https://perfumiarz.com/products/lyral
60241-53-4,Madranol,molécula,,METHYL TETRAHYDROIONOL,,Perfumiarz,woody and earthy,https://perfumiarz.com/products/madranol
224790-80-1,Magnol,,,-,,Perfumiarz,floral,https://perfumiarz.com/products/magnol
27606-09-3,Magnolan,molécula,,"2,4-DIMETHYL-4,4A,5,9B-TETRAHYDROINDENO-1,3-DIOXIN",,Perfumiarz,floral,https://perfumiarz.com/products/magnolan
92457-18-6,Magnolia Flower Oil MD,natural,oil,MICHELIA ALBA FLOWER OIL,,Perfumiarz,floral,https://perfumiarz.com/products/magnolia-flower-oil-md
92457-18-6,Magnolia Leaf Oil,natural,oil,MICHELIA ALBA LEAF OIL,,Perfumiarz,green and herbal,https://perfumiarz.com/products/magnolia-leaf-oil
10528-67-3,Magnolila,,,-,,Perfumiarz,floral,https://perfumiarz.com/products/magnolila
68966-86-9,Mahagonate,,,-,,Perfumiarz,woody and earthy,https://perfumiarz.com/products/mahagonate
39255-32-8,Manzanate,molécula,,ETHYL 2-METHYLVALERATE,,Perfumiarz,fruity,https://perfumiarz.com/products/manzanate
765-70-8,Maple Lactone (powder),molécula,,METHYLCYCLOPENTENOLONE,,Perfumiarz,sweet and gourmand,https://perfumiarz.com/products/maple-lactone
38462-23-6,Maritima,molécula,,HOMOGERANYL PYRIDINE,,Perfumiarz,"aldehydic, marine, ozone",https://perfumiarz.com/products/maritima
61789-92-2,Mastic Absolute MD 50% TEC (Morocco),natural,absolute,PISTACIA LENTISCUS LEAF EXTRACT,Gum mastic | Mastic gum | MASTISOL | Mastic | Mastix | Mastic absolute | Mastic resinoid | Lentisque oil | Mastic oil | Lentisk absolute | Mastic oleoresin | Mastic Resin,Perfumiarz,balsamic and resinous,https://perfumiarz.com/products/mastic-absolute-md-50-tec-maroc
68991-39-9,Mastic Oil (Morocco),natural,oil,PISTACIA LENTISCUS LEAF EXTRACT,,Perfumiarz,green and herbal,https://perfumiarz.com/products/mastic-oil-morocco
113486-29-6,Matcha Ketone 5% (TEC),,,-,,Perfumiarz,green and herbal,https://perfumiarz.com/products/matcha-ketone-5-tec
68916-96-1,Mate Absolute CTX,natural,absolute,ILEX PARAGUARIENSIS LEAF EXTRACT,,Perfumiarz,woody and earthy,https://perfumiarz.com/products/mate-absolute
5502-75-0,Mayol,molécula,,P-MENTHAN-7-OL,,Perfumiarz,floral,https://perfumiarz.com/products/mayol
55066-49-4,Mefranal,molécula,,3-METHYL-5-PHENYLPENTANAL,,Perfumiarz,citrus,https://perfumiarz.com/products/mefranal
106-72-9,Melonal,molécula,,DIMETHYL HEPTENAL,,Perfumiarz,"aldehydic, marine, ozone",https://perfumiarz.com/products/melonal
89-78-1,Menthol Rac. (crystals),molécula,,MENTHOL,,Perfumiarz,green and herbal,https://perfumiarz.com/products/menthol-rac-crystals
108-39-4,Meta Cresol 10 % (DPG),molécula,,M-CRESOL,,Perfumiarz,leathery and animalic,https://perfumiarz.com/products/meta-cresol-10
189440-77-5,Methyl Anjoulate,,,-,,Perfumiarz,fruity,https://perfumiarz.com/products/methyl-anjoulate
134-20-3,Methyl Anthranilate,molécula,,METHYL ANTHRANILATE,,Perfumiarz,floral,https://perfumiarz.com/products/methyl-anthranilate
103-26-4,Methyl Cinnamate 50%,molécula,,METHYL CINNAMATE,,Perfumiarz,sweet and gourmand,https://perfumiarz.com/products/methyl-cinnamate
5595-79-9,Methyl Diantilis,molécula,,ETHOXY-METHOXYMETHYL-PHENOL,,Perfumiarz,spicy,https://perfumiarz.com/products/methyl-diantilis
110-93-0,Methyl Heptenone,molécula,,6-METHYL-5-HEPTEN-2-ONE,,Perfumiarz,green and herbal,https://perfumiarz.com/products/methyl-heptenone
127-51-5,Methyl Ionone Gamma Coeur,molécula,,ALPHA-ISOMETHYL IONONE,,Perfumiarz,floral,https://perfumiarz.com/products/methyl-ionone-gamma-coeur
94201-19-1,Methyl Laitone 10% DPG,molécula,,8-METHYL-1-OXASPIRO[4.5]DECAN-2-ONE,,Perfumiarz,sweet and gourmand,https://perfumiarz.com/products/methyl-laitone-10
301-00-8,Methyl Linolenate,molécula,,METHYL LINOLEATE,,Perfumiarz,floral,https://perfumiarz.com/products/methyl-linolenate
111-80-8,Methyl Octine Carbonate,molécula,,METHYL 2-NONYNOATE,,Perfumiarz,green and herbal,https://perfumiarz.com/products/methyl-octyne-carbonate
101-41-7,Methyl phenyl acetate,molécula,,METHYL PHENYLACETATE,,Perfumiarz,sweet and gourmand,https://perfumiarz.com/products/methyl-phenyl-acetate
119-36-8,Methyl Salicylate,molécula,,METHYL SALICYLATE,,Perfumiarz,floral,https://perfumiarz.com/products/methyl-salicylate
33673-62-0,Methyl Tuberate Pure,molécula,,DIHYDRO-4-METHYL-5-PENTYLFURANONE,,Perfumiarz,floral,https://perfumiarz.com/products/methyl-tuberate-pure
1226911-69-8,Mimosal,,,-,,Perfumiarz,floral,https://perfumiarz.com/products/mimosal
8006-90-4,Mint Piperita Oil,natural,oil,MENTHA PIPERITA OIL,,Perfumiarz,green and herbal,https://perfumiarz.com/products/mint-piperita
56539-66-3,MMB (3-methoxy-3-methyl-1-butanol),molécula,,METHOXYMETHYLBUTANOL FORM: Colourless liquid MANUFACTURER: ECSA Chemicals Share Share Link Close share Copy link Technic,,Perfumiarz,,https://perfumiarz.com/products/mmb
1449104-34-0,Muguissimo,molécula,,"5-CYCLOHEXYL-2,4-DIMETHYLPENT-4-ENAL",,Perfumiarz,floral,https://perfumiarz.com/products/muguissimo
82356-51-2,Muscenone,molécula,,METHYL CYCLOPENTADECENONE,,Perfumiarz,musky,https://perfumiarz.com/products/muscenone
541-91-3,Muscone,molécula,,MUSCONE,,Perfumiarz,musky,https://perfumiarz.com/products/muscone
81-14-1,Musk Ketone (powder),molécula,,MUSK KETONE,,Perfumiarz,musky,https://perfumiarz.com/products/musk-ketone
37677-14-8,Myrac Aldehyde,,,-,,Perfumiarz,"aldehydic, marine, ozone",https://perfumiarz.com/products/myrac-aldehyde
123-35-3,Myrcene,molécula,,MYRCENE,,Perfumiarz,green and herbal,https://perfumiarz.com/products/myrcene
69103-20-4,Myroxyde,,,-,,Perfumiarz,green and herbal,https://perfumiarz.com/products/myroxyde
8016-37-3,Myrrh Oil,natural,oil,COMMIPHORA MYRRHA OIL,,Perfumiarz,balsamic and resinous,https://perfumiarz.com/products/myrrh-oil
8016-37-3,Myrrh Resinoide Absolute Super 50% (ethanol),natural,absolute,COMMIPHORA MYRRHA RESIN EXTRACT,,Perfumiarz,balsamic and resinous,https://perfumiarz.com/products/myrrh-resinoide-absolute-super-50
8008-46-6,Myrtle Oil Rectified (Tunisia),natural,oil,MYRTUS COMMUNIS LEAF OIL,,Perfumiarz,green and herbal,https://perfumiarz.com/products/myrtle-oil-rectified-tunisia
30772-69-1,Mysore Acetate,,,-,,Perfumiarz,woody and earthy,https://perfumiarz.com/products/mysore-acetate
68917-12-4,Narcisse Absolute,natural,absolute,NARCISSUS POETICUS EXTRACT,,Perfumiarz,floral,https://perfumiarz.com/products/narcisse-absolute
106-25-2,Nerol 900,,,-,,Perfumiarz,floral,https://perfumiarz.com/products/nerol
8016-38-4,Neroli Oil (Egypt),natural,oil,CITRUS AURANTIUM AMARA FLOWER OIL,,Perfumiarz,floral,https://perfumiarz.com/products/neroli-oil-egypt
7212-44-4,Nerolidol,molécula,,NEROLIDOL,,Perfumiarz,floral,https://perfumiarz.com/products/nerolidol
23911-56-0,Nerolione 50% (TEC),,,-,,Perfumiarz,floral,https://perfumiarz.com/products/nerolione
141-12-8,Neryl Acetate,molécula,,NERYL ACETATE,,Perfumiarz,floral,https://perfumiarz.com/products/neryl-acetate
4674-50-4,Nootkatone 85-87%,molécula,,NOOTKATONE,,Perfumiarz,citrus,https://perfumiarz.com/products/nootkatone-85-87
128-51-8,Nopyl Acetate,molécula,,NOPYL ACETATE,,Perfumiarz,floral,https://perfumiarz.com/products/nopyl-acetate
70788-30-6,Norlimbanol Dextro,,,-,,Perfumiarz,amber,https://perfumiarz.com/products/norlimbanol-dextro
26516-27-8,Nuezate,,,-,,Perfumiarz,sweet and gourmand,https://perfumiarz.com/products/nuezate
8008-45-5,Nutmeg Oil SLC,natural,oil,MYRISTICA FRAGRANS (NUTMEG) KERNEL OIL,,Perfumiarz,spicy,https://perfumiarz.com/products/nutmeg-oil-slc
1637294-12-2,Nympheal,,,-,,Perfumiarz,floral,https://perfumiarz.com/products/nympheal
90028-68-5,Oakmoss Absolute 50% (IPM),natural,absolute,EVERNIA PRUNASTRI EXTRACT,,Perfumiarz,woody and earthy,https://perfumiarz.com/products/oakmoss-absolute
71011-28-4,Oakwood Chip SFE,natural,co2,-,"Quercus robur | White oak | Bio oak | Quercus robur twig bark | Oak, Quercus robur, ext. | ENGLISH OAK EXTRACT | Oakwood-CO2-Extract, contains ethanol | Oakwood-co2-extract,contains ethanol",Perfumiarz,woody and earthy,https://perfumiarz.com/products/oakwood-chip-sfe
33662-58-7,Oceanol (powder),molécula,,"METHYL 2,4-DIHYDROXY-3-METHYLBENZOATE",,Perfumiarz,woody and earthy,https://perfumiarz.com/products/oceanol
13877-91-3,Ocimene,molécula,,OCIMENE,,Perfumiarz,green and herbal,https://perfumiarz.com/products/ocimene
124-12-9,Octane Nitrile,molécula,,OCTANENITRILE,,Perfumiarz,"aldehydic, marine, ozone",https://perfumiarz.com/products/octane-nitrile
112-14-1,Octyl Acetate,molécula,,OCTYL ACETATE,,Perfumiarz,citrus,https://perfumiarz.com/products/octyl-acetate
131812-51-6,Okoumal,molécula,,"2,4-DIMETHYL-2-(5,6,7,8-TETRAHYDRO-5,5,8,8-TETRAMETHYL-2-NAPHTHALENYL)-1,3-DIOXOLANE","1,3-Dioxolan,2,4-Dimethyl-2- - | 1,3-dioxolan,2,4-dimethyl-2-",Perfumiarz,woody and earthy,https://perfumiarz.com/products/okoumal
131812-52-7,Okoumal,molécula,,"2,4-DIMETHYL-2-(5,6,7,8-TETRAHYDRO-5,5,8,8-TETRAMETHYL-2-NAPHTHALENYL)-1,3-DIOXOLANE",,Perfumiarz,woody and earthy,https://perfumiarz.com/products/okoumal
131812-67-4,Okoumal,molécula,,"2,4-DIMETHYL-2-(5,6,7,8-TETRAHYDRO-5,5,8,8-TETRAMETHYL-2-NAPHTHALENYL)-1,3-DIOXOLANE",,Perfumiarz,woody and earthy,https://perfumiarz.com/products/okoumal
8016-36-2,Olibanum Coeur,molécula,,OLIBANUM,,Perfumiarz,balsamic and resinous,https://perfumiarz.com/products/olibanum-coeur
8016-36-2,Olibanum Oil,natural,oil,BOSWELLIA CARTERII GUM OIL,,Perfumiarz,balsamic and resinous,https://perfumiarz.com/products/olibanum-oil
8016-36-2,Olibanum Oil (Oman),natural,oil,BOSWELLIA CARTERII GUM OIL,,Perfumiarz,balsamic and resinous,https://perfumiarz.com/products/olibanum-oil-oman
8050-07-5,Olibanum Resinoid Extra 50% (DPG),natural,resinoid,BOSWELLIA CARTERII RESIN EXTRACT,"Valienamine | Olibanum gum | Frankincense | Olibanum | Incense | Olibanum resin | Resin olibanum | Gum olibanum | Boswellia carterii resin | Olibanum extract (resinoid) | OLIBANUM, GUM, RESIN (BOSWELLIA SPP.) | Mastix",Perfumiarz,balsamic and resinous,https://perfumiarz.com/products/olibanum-resinoid-extra-50-dpg
89957-98-2,Olibanum Resinoide Vulcain 50% (IPM),natural,resinoid,BOSWELLIA CARTERII RESIN EXTRACT,,Perfumiarz,balsamic and resinous,https://perfumiarz.com/products/olibanum-resinoide-vulcain-50-ipm
823178-41-2,Operanide,,,-,,Perfumiarz,amber,https://perfumiarz.com/products/operanide
9000-78-6,Opoponax Absolute 50% (TEC),natural,absolute,COMMIPHORA ERYTHRAEA RESIN OIL,,Perfumiarz,balsamic and resinous,https://perfumiarz.com/products/opoponax-absolute-50-tec
14576-08-0,Orange Flower Ether,,,-,,Perfumiarz,floral,https://perfumiarz.com/products/orange-flower-ether
54464-57-2,Orbitone T,molécula,,TETRAMETHYL ACETYLOCTAHYDRONAPHTHALENES,,Perfumiarz,woody and earthy,https://perfumiarz.com/products/orbitone®-t
16587-71-6,Orivone,molécula,,ISOPENTYLCYCLOHEXANONE,,Perfumiarz,green and herbal,https://perfumiarz.com/products/orivone
8002-73-1,Orris Resinoid 50% (ethanol),natural,resinoid,IRIS PALLIDA RHIZOME RESINOID,,Perfumiarz,sweet and gourmand,https://perfumiarz.com/products/orris-resinoid
76649-25-7,Orrisol 10% (TEC),,,-,,Perfumiarz,"aldehydic, marine, ozone",https://perfumiarz.com/products/orrisol
68917-05-5,Osmanthus Absolute,natural,absolute,OSMANTHUS FRAGRANS FLOWER EXTRACT,,Perfumiarz,floral,https://perfumiarz.com/products/osmanthus-absolute
59323-76-1,Oxane 50% (DPG),,,-,,Perfumiarz,fruity,https://perfumiarz.com/products/oxane
1125-21-9,Oxophorone,molécula,,4-OXOISOPHORONE,,Perfumiarz,spicy,https://perfumiarz.com/products/oxophorone
65405-72-3,Oxyoctaline Formate,molécula,,OXYOCTALINE FORMATE,,Perfumiarz,woody and earthy,https://perfumiarz.com/products/oxyoctaline-formate
92585-24-5,Pamplefleur,,,-,,Perfumiarz,citrus,https://perfumiarz.com/products/pamplefleur
106-44-5,Para Cresol 10% (IPM),molécula,,P-CRESOL,,Perfumiarz,floral,https://perfumiarz.com/products/para-cresol-10-ipm
99-87-6,Para Cymene,molécula,,P-CYMENE,,Perfumiarz,green and herbal,https://perfumiarz.com/products/para-cymene
104-87-0,Para Tolyl Aldehyde,molécula,,4-METHYLBENZALDEHYDE,,Perfumiarz,sweet and gourmand,https://perfumiarz.com/products/para-tolyl-aldehyde
101-94-0,"Para-cresyl phenyl acetate 2,5 % (DPG)",molécula,,P-TOLYL PHENYLACETATE,,Perfumiarz,floral,https://perfumiarz.com/products/para-cresyl-phenyl-acetate
406488-30-0,Paradisamide,,,-,,Perfumiarz,fruity,https://perfumiarz.com/products/paradisamide
8014-09-3,Patchouli Coeur N.3 (Indonesia),natural,,POGOSTEMON CABLIN OIL,,Perfumiarz,woody and earthy,https://perfumiarz.com/products/patchouli-coeur-indonesia-5-ml
8014-09-3,Patchouli Crude Organic (Madagascar),natural,,POGOSTEMON CABLIN LEAF OIL,,Perfumiarz,woody and earthy,https://perfumiarz.com/products/patchouli-crude-organic-madagascar
98-52-2,Patchouli Hexanol (powder),molécula,,4-T-BUTYLCYCLOHEXANOL,,Perfumiarz,woody and earthy,https://perfumiarz.com/products/patchouli-hexanol
8014-09-3,Patchouli Light (Burundi),natural,,POGOSTEMON CABLIN OIL,,Perfumiarz,woody and earthy,https://perfumiarz.com/products/patchouli-light-burundi
8014-09-3,Patchouli Oil MD (Indonesia),natural,oil,POGOSTEMON CABLIN OIL,,Perfumiarz,woody and earthy,https://perfumiarz.com/products/patchouli-md
19819-98-8,Peomosa,,,-,,Perfumiarz,floral,https://perfumiarz.com/products/peomosa
10461-98-0,Peonile,molécula,,ALPHA-CYCLOHEXYLIDENE BENZENEACETONITRILE,,Perfumiarz,floral,https://perfumiarz.com/products/peonile
8007-00-9,Peru Balsam Resinoide,natural,resinoid,MYROXYLON PEREIRAE RESIN,,Perfumiarz,balsamic and resinous,https://perfumiarz.com/products/peru-balsam-resinoide
89957-91-5,Petitgrain Bergamot Oil,natural,oil,CITRUS AURANTIUM BERGAMIA (BERGAMOT) LEAF OIL,,Perfumiarz,green and herbal,https://perfumiarz.com/products/petitgrain-bergamot-oil
8014-17-3,Petitgrain Bigarade,natural,,CITRUS AURANTIUM AMARA (BITTER ORANGE) LEAF/TWIG OIL,,Perfumiarz,green and herbal,https://perfumiarz.com/products/petitgrain-bigarade
8048-51-9,Petitgrain Lemon Oil,natural,oil,CITRUS LIMON LEAF OIL,,Perfumiarz,citrus,https://perfumiarz.com/products/petitgrain-lemon-oil
8014-17-3,Petitgrain Mandarin Oil,natural,oil,CITRUS RETICULATA (MANDARIN) LEAF OIL,,Perfumiarz,green and herbal,https://perfumiarz.com/products/petitgrain-mandarin-oil
122-99-6,Phenoxyethyl Alcohol,molécula,,PHENOXYETHANOL,,Perfumiarz,floral,https://perfumiarz.com/products/phenoxyethyl-alcohol
101-48-4,Phenyl acetaldehyde dimethyl acetal (PADMA),molécula,,PHENYLACETALDEHYDE DIMETHYL ACETAL,,Perfumiarz,green and herbal,https://perfumiarz.com/products/phenyl-acetaldehyde-dimethyl-acetal-padma
29895-73-6,Phenyl Acetaldehyde Glycerine Acetal,molécula,,PHENYLACETALDEHYDE GLYCERYL ACETALS,,Perfumiarz,floral,https://perfumiarz.com/products/phenyl-acetaldehyde-glycerine-acetal
103-45-7,Phenyl Ethyl Acetate,molécula,,PHENETHYL ACETATE,,Perfumiarz,floral,https://perfumiarz.com/products/phenyl-ethyl-acetate
60-12-8,Phenyl Ethyl Alcohol (PEA),molécula,,PHENETHYL ALCOHOL,,Perfumiarz,floral,https://perfumiarz.com/products/phenyl-ethyl-alcohol
102-20-5,Phenyl Ethyl Phenyl Acetate,molécula,,PHENETHYL PHENYLACETATE,,Perfumiarz,sweet and gourmand,https://perfumiarz.com/products/phenyl-ethyl-phenyl-acetate
122-97-4,Phenyl Propyl Alcohol,molécula,,PHENYLPROPANOL,,Perfumiarz,floral,https://perfumiarz.com/products/phenyl-propyl-alcohol
55066-48-3,Phenylhexanol,molécula,,PHENYLISOHEXANOL,,Perfumiarz,floral,https://perfumiarz.com/products/phenylhexanol
23787-90-8,Piconia,molécula,,ISOLONGIFOLANONE,,Perfumiarz,woody and earthy,https://perfumiarz.com/products/piconia
84012-35-1,Pine Absolute 50% (ethanol),natural,absolute,PINUS PINASTER TWIG LEAF ABSOLUTE,"Scotch pine | Pinus sylvestris | Bio pine | Pine needle extract | Pinus sylvestris top | Extract of pine needle | Pinus sylvestris pollen | Scotch pine leafy twig | Scots Pine needle extracts | Pinus sylvestris flowering top | Pine, Pinus sylvestris, ext. | Pinus sylvestris ext.",Perfumiarz,woody and earthy,https://perfumiarz.com/products/pine-absolute-50
8016-20-4,Pink Grapefruit Cold Pressed,natural,,CITRUS PARADISI PEEL OIL,,Perfumiarz,citrus,https://perfumiarz.com/products/pink-grapefruit-cold-pressed
949495-68-5,Pink Pepper SFE,natural,co2,SCHINUS TEREBINTHIFOLIUS SEED EXTRACT,,Perfumiarz,spicy,https://perfumiarz.com/products/pink-pepper-sfe
33885-51-7,Pino Acetaldehyde,molécula,,PINOACETALDEHYDE,,Perfumiarz,"aldehydic, marine, ozone",https://perfumiarz.com/products/pino-acetaldehyde
2109-22-0,Pollenal II,,,-,,Perfumiarz,fruity,https://perfumiarz.com/products/pollenal-ii
107898-54-4,Polysantol,molécula,,TRIMETHYLCYCLOPENTENYL DIMETHYLISOPENTENOL,,Perfumiarz,woody and earthy,https://perfumiarz.com/products/polysantol
2130848-76-7,Pomarina,,,-,,Perfumiarz,fruity,https://perfumiarz.com/products/pomarina™
2130848-78-9,Pomarina,,,-,,Perfumiarz,fruity,https://perfumiarz.com/products/pomarina™
52474-60-9,Precyclemone B,,,-,,Perfumiarz,"aldehydic, marine, ozone",https://perfumiarz.com/products/precyclemone-b
1191-16-8,Prenyl Acetate,molécula,,PRENYL ACETATE,,Perfumiarz,fruity,https://perfumiarz.com/products/prenyl-acetate
68555-58-8,Prenyl Salicylate,,,-,,Perfumiarz,balsamic and resinous,https://perfumiarz.com/products/prenyl-salicylate
122760-84-3,Prismantol 50% (DPG),,,-,,Perfumiarz,spicy,https://perfumiarz.com/products/prismantol-50-dpg
68039-73-6,Pyroprunat,,,-,,Perfumiarz,sweet and gourmand,https://perfumiarz.com/products/pyroprunat
5471-51-2,Raspberry Ketone (powder),molécula,,RASPBERRY KETONE,,Perfumiarz,sweet and gourmand,https://perfumiarz.com/products/raspberry-ketone
8008-31-9,Red Mandarin Oil Cold Pressed,natural,oil,CITRUS RETICULATA PEEL OIL,,Perfumiarz,citrus,https://perfumiarz.com/products/red-mandarin-cold-pressed
67633-94-7,Reseda Body,,,-,,Perfumiarz,green and herbal,https://perfumiarz.com/products/reseda-body
93981-50-1,Rholiate,,,-,,Perfumiarz,floral,https://perfumiarz.com/products/rholiate
41816-03-9,Rhubofix,molécula,,HEXAHYDRO-DIMETHYLSPIROMETHANONAPHTHALENE-OXIRANE,,Perfumiarz,fruity,https://perfumiarz.com/products/rhubofix®
93939-86-7,Rhuboflor,,,-,,Perfumiarz,fruity,https://perfumiarz.com/products/rhuboflor
4927-36-0,Romascone,,,-,,Perfumiarz,green and herbal,https://perfumiarz.com/products/romascone
104468-21-5,Romilat,,,-,,Perfumiarz,green and herbal,https://perfumiarz.com/products/romilat
25225-10-9,Rosamusk,,,-,,Perfumiarz,floral,https://perfumiarz.com/products/rosamusk
90-17-5,Rose Crystals (powder),molécula,,TRICHLOROMETHYL PHENYL CARBINYL ACETATE,,Perfumiarz,floral,https://perfumiarz.com/products/rose-crystals
8007-01-0,Rose Oil (Bulgaria),natural,oil,ROSA DAMASCENA FLOWER OIL,,Perfumiarz,floral,https://perfumiarz.com/products/rose-oil-bulgaria
3033-23-6,Rose Oxide Laevo,molécula,,LAEVO-ROSE OXIDE,,Perfumiarz,floral,https://perfumiarz.com/products/rose-oxide-laevo
8007-01-0,Rose Ultimate Extract,natural,,ROSA DAMASCENA FLOWER EXTRACT,,Perfumiarz,floral,https://perfumiarz.com/products/rose-ultimate-extract
8000-25-7,Rosemary Oil (Morocco),natural,oil,ROSMARINUS OFFICINALIS (ROSEMARY) LEAF OIL,,Perfumiarz,green and herbal,https://perfumiarz.com/products/rosemary-oil
54440-17-4,Safraleine,,,-,,Perfumiarz,spicy,https://perfumiarz.com/products/safraleine
116-26-7,Safranal 20% TEC,molécula,,"2,3-DIHYDRO-2,2,6-TRIMETHYLBENZALDEHYDE",,Perfumiarz,spicy,https://perfumiarz.com/products/safranal-20-tec
79915-74-5,Sakura Salicylate,molécula,,ISOPROPOXYETHYL SALICYLATE,,Perfumiarz,floral,https://perfumiarz.com/products/sakura-salicylate
3508-98-3,Salicynalva,,,-,,Perfumiarz,sweet and gourmand,https://perfumiarz.com/products/salicynalva
130786-09-3,Salicynile,,,-,,Perfumiarz,floral,https://perfumiarz.com/products/salicynile
8006-87-9,Sandalwood Oil India,natural,oil,SANTALUM ALBUM OIL,,Perfumiarz,woody and earthy,https://perfumiarz.com/products/sandalwood-oil-india
1070895-66-7,Sandalwood Oil New Caledonia,natural,oil,SANTALUM AUSTROCALEDONICUM WOOD OIL,,Perfumiarz,woody and earthy,https://perfumiarz.com/products/sandalwood-oil-new-caledonia
3407-42-9,Sandela 85% IPM,,,-,,Perfumiarz,woody and earthy,https://perfumiarz.com/products/sandela-85-ipm
28219-60-5,Santaliff,,,-,,Perfumiarz,woody and earthy,https://perfumiarz.com/products/santaliff
28645-51-4,Scentolide,molécula,,OXACYCLOHEPTADEC-10-EN-2-ONE,,Perfumiarz,musky,https://perfumiarz.com/products/scentolide
38303-23-0,Sclarene 80% DPG,,,-,,Perfumiarz,green and herbal,https://perfumiarz.com/products/sclarene
319002-92-1,Sclareolate,,,-,,Perfumiarz,green and herbal,https://perfumiarz.com/products/sclareolate
8008-74-0,Sesame SFE ABS,natural,co2,SESAMUM INDICUM SEED EXTRACT,,Perfumiarz,sweet and gourmand,https://perfumiarz.com/products/sesame-sfe-abs
97927-05-4,Sichuan Pepper SFE,natural,co2,ZANTHOXYLUM SCHINIFOLIUM FRUIT EXTRACT,,Perfumiarz,spicy,https://perfumiarz.com/products/sichuan-pepper-sfe
109-29-5,Silvanone Supra,,,-,,Perfumiarz,musky,https://perfumiarz.com/products/silvanone-supra
6658-48-6,Silvial,molécula,,3-(P-CUMENYL)-2-METHYLPROPIONALDEHYDE,,Perfumiarz,"aldehydic, marine, ozone",https://perfumiarz.com/products/silvial
224031-70-3,Spirogalbanone,,,-,,Perfumiarz,green and herbal,https://perfumiarz.com/products/spirogalbanone
56836-93-2,Starfleur 40,,,-,,Perfumiarz,"aldehydic, marine, ozone",https://perfumiarz.com/products/starfleur-40
22457-23-4,Stemone,molécula,,ETHYL METHYL BUTYL KETOXIME,,Perfumiarz,green and herbal,https://perfumiarz.com/products/stemone
93-92-5,Styrallyl Acetate,molécula,,METHYLBENZYL ACETATE,,Perfumiarz,fruity,https://perfumiarz.com/products/styrallyl-acetate
98-85-1,Styrallyl Alcohol,molécula,,STYRALYL ALCOHOL,,Perfumiarz,floral,https://perfumiarz.com/products/styrallyl-alcohol
8024-01-9,Styrax Oil,natural,oil,LIQUIDAMBAR STYRACIFLUA OIL,,Perfumiarz,balsamic and resinous,https://perfumiarz.com/products/styrax-oil
8046-19-3,Styrax Resinoide Vulcain,natural,resinoid,LIQUIDAMBAR STYRACIFLUA RESIN EXTRACT,,Perfumiarz,balsamic and resinous,https://perfumiarz.com/products/styrax-resinoide-vulcain
8008-57-9,Sweet Orange Oil Cold Pressed,natural,oil,CITRUS AURANTIUM DULCIS (ORANGE) PEEL OIL,,Perfumiarz,citrus,https://perfumiarz.com/products/sweet-orange-cold-pressed
68514-75-0,Sweet Orange Phase Oil,natural,oil,CITRUS AURANTIUM DULCIS PEEL OIL EXPRESSED,,Perfumiarz,citrus,https://perfumiarz.com/products/sweet-orange-phase-oil
54464-57-2,Sylvamber,molécula,,TETRAMETHYL ACETYLOCTAHYDRONAPHTHALENES,,Perfumiarz,woody and earthy,https://perfumiarz.com/products/sylvamber-2
676125-00-1,Symroxane,,,-,,Perfumiarz,woody and earthy,https://perfumiarz.com/products/symroxane
13215-88-8,Tabanon,molécula,,BUTENYLIDENE-TRIMETHYLCYCLOHEXENONE,,Perfumiarz,woody and earthy,https://perfumiarz.com/products/tabanon
8016-88-4,Tarragon Oil,natural,oil,ARTEMISIA DRACUNCULUS OIL,,Perfumiarz,green and herbal,https://perfumiarz.com/products/tarragon-oil
8000-41-7,Terpineol Extra,molécula,,TERPINEOL,,Perfumiarz,woody and earthy,https://perfumiarz.com/products/terpineol-extra
8007-35-0,Terpinyl Acetate,molécula,,A-TERPINYL ACETATE,,Perfumiarz,woody and earthy,https://perfumiarz.com/products/terpinyl-acetate
88644-30-8,Terranol (crystals),,,-,,Perfumiarz,woody and earthy,https://perfumiarz.com/products/terranol
18368-91-7,Terrasol,molécula,,"2-ETHYL-1,3,3-TRIMETHYL-2-NORBORNANOL",,Perfumiarz,woody and earthy,https://perfumiarz.com/products/terrasol
470-40-6,Thujopsene natural,molécula,,THUJOPSENE,"Thujopsene | (-)-Thujopsene | (-)-Thujopsen | (-)-widdrene | (-)-Thujopsene (>85%) | Sesquichamene | WIDDRENE | Thujopsene, (-)- | Thujopsen | cis-(-)-Thujopsene | THUJOPSENE [MI] | C15H24",Perfumiarz,woody and earthy,https://perfumiarz.com/products/thujopsene-natural
89-83-8,Thymol (crystals),molécula,,THYMOL,,Perfumiarz,green and herbal,https://perfumiarz.com/products/thymol-10-dpg
54464-57-2,Timbersilk,molécula,,TETRAMETHYL ACETYLOCTAHYDRONAPHTHALENES,,Perfumiarz,woody and earthy,https://perfumiarz.com/products/timbersilk
1209-61-6,Tobacarol,molécula,,TETRAMETHYL-5-OXATRICYCLODODECANE,,Perfumiarz,woody and earthy,https://perfumiarz.com/products/tobacarol
8037-19-2,Tobacco Absolute MD,natural,absolute,NICOTIANA TABACUM LEAF EXTRACT,,Perfumiarz,spicy,https://perfumiarz.com/products/tobacco-absolute-md
1506-02-1,Tonalid (powder),molécula,,ACETYL HEXAMETHYL TETRALIN,,Perfumiarz,musky,https://perfumiarz.com/products/tonalid
8046-22-8,Tonka Absolute,natural,absolute,DIPTERYX,"Tonka oleoresin | Tonka absolute | Tonka tincture | Tonka extract | Tonka bean oil | Tonka beans resin | Tonka bean extract | Balsams, tonka bean | Tonka beans absolute | Tonka beans resinoid | Tonka beans, absolute | Tonka bean extractives",Perfumiarz,sweet and gourmand,https://perfumiarz.com/products/tonka-absolute
16510-27-3,Toscanol,,,-,,Perfumiarz,green and herbal,https://perfumiarz.com/products/toscanol
68140-48-7,Traseolide,,,-,,Perfumiarz,musky,https://perfumiarz.com/products/traseolide
77-93-0,Triethyl Citrate (TEC),molécula,,TRIETHYL CITRATE FORM: Colourless liquid MANUFACTURER: Ventos Share Share Link Close share Copy link Technical Data:,,Perfumiarz,,https://perfumiarz.com/products/triethyl-citrate
16251-77-7,Trifernal,,,-,,Perfumiarz,green and herbal,https://perfumiarz.com/products/trifernal®
144020-22-4,Trimofix,,,-,,Perfumiarz,woody and earthy,https://perfumiarz.com/products/trimofix
68039-49-6,Triplal,molécula,,"2,4-DIMETHYL-3-CYCLOHEXENE CARBOXALDEHYDE",,Perfumiarz,"aldehydic, marine, ozone",https://perfumiarz.com/products/triplal
338735-71-0,Trisamber,,,-,,Perfumiarz,amber,https://perfumiarz.com/products/trisamber
351343-77-6,Trisamber,,,-,,Perfumiarz,amber,https://perfumiarz.com/products/trisamber
10138-32-6,Tropicalia,molécula,,ETHYL BICYCLOHEPTENE CARBOXYLATE,,Perfumiarz,fruity,https://perfumiarz.com/products/tropicalia™
94334-35-7,Tuberose Absolute,natural,absolute,POLIANTHES TUBEROSA FLOWER EXTRACT,"Tuberose, ext. | Polianthes tuberosa extract",Perfumiarz,floral,https://perfumiarz.com/products/tuberose-absolute
2563-07-7,Ultravanil 80% (DPG),molécula,,ETHOXY-P-CRESOL,,Perfumiarz,sweet and gourmand,https://perfumiarz.com/products/ultravanil
81782-77-6,Undecavertol,molécula,,METHYL DECENOL,,Perfumiarz,green and herbal,https://perfumiarz.com/products/undecavertol
4630-07-3,Valencene,molécula,,VALENCENE,,Perfumiarz,citrus,https://perfumiarz.com/products/valencene
953789-39-4,Vanilla Tahitensis SFE,natural,co2,VANILLA TAHITENSIS FRUIT EXTRACT,,Perfumiarz,sweet and gourmand,https://perfumiarz.com/products/vanilla-tahitensis-sfe
121-33-5,Vanillin natural (from rice),molécula,,VANILLIN,,Perfumiarz,sweet and gourmand,https://perfumiarz.com/products/vanillin-natural-from-rice
65443-14-3,Veloutone,molécula,,TRIMETHYL-PENTYLCYCLOPENTANONE,,Perfumiarz,fruity,https://perfumiarz.com/products/veloutone®
37609-25-9,Velvione,molécula,,5-CYCLOHEXADECENONE,,Perfumiarz,musky,https://perfumiarz.com/products/velvione
4707-47-5,Veramoss (powder),molécula,,"METHYL 2,4-DIHYDROXY-3,6-DIMETHYLBENZOATE",,Perfumiarz,woody and earthy,https://perfumiarz.com/products/veramoss
1631145-49-7,Veraspice,,,-,"Cyclohexanol, 5-ethylidene-2-propoxy-",Perfumiarz,spicy,https://perfumiarz.com/products/veraspice
20298-69-5,Verdox HC,molécula,,2-T-BUTYLCYCLOHEXYL ACETATE,,Perfumiarz,fruity,https://perfumiarz.com/products/verdox-hc
88-41-5,Verdox HC,molécula,,2-T-BUTYLCYCLOHEXYL ACETATE,,Perfumiarz,fruity,https://perfumiarz.com/products/verdox-hc
66327-54-6,Vernaldehyde,molécula,,VERNALDEHYDE,,Perfumiarz,,https://perfumiarz.com/products/vernaldehyde™
32388-55-9,Vertofix Coeur,molécula,,ACETYLCEDRENE,,Perfumiarz,leathery and animalic,https://perfumiarz.com/products/vertofix-coeur
4927-39-3,Vetival,molécula,,CYCLOHEXYL-4-METHYLPENTAN-2-ONE,,Perfumiarz,woody and earthy,https://perfumiarz.com/products/vetival
8016-96-4,Vetiver Java MD,natural,,VETIVERIA ZIZANOIDES ROOT OIL,,Perfumiarz,woody and earthy,https://perfumiarz.com/products/vetiver-java-md
8016-96-4,Vetiver Oil Haiti SIGNature,natural,oil,VETIVERIA ZIZANOIDES ROOT OIL,,Perfumiarz,woody and earthy,https://perfumiarz.com/products/vetiver-haiti
84238-29-9,Vetiverol,natural,,VETIVERIA ZIZANIOIDES ROOT EXTRACT,,Perfumiarz,woody and earthy,https://perfumiarz.com/products/vetiverol-extra
62563-80-8,Vetiveryl Acetate,molécula,,VETIVERYL ACETATE,,Perfumiarz,woody and earthy,https://perfumiarz.com/products/vetiveryl-acetate
8024-08-6,Violet Leaf Absolute 50% (TEC),natural,absolute,VIOLA,,Perfumiarz,green and herbal,https://perfumiarz.com/products/violet-leaf-absolute
87731-18-8,Violiff,,,-,,Perfumiarz,fruity,https://perfumiarz.com/products/violiff
67019-89-0,Vionil 10% (DPG),molécula,,"2,6-NONADIENENITRILE",,Perfumiarz,green and herbal,https://perfumiarz.com/products/vionil-10-dpg
39212-23-2,Whiskey Lactone,molécula,,METHYL OCTALACTONE,,Perfumiarz,sweet and gourmand,https://perfumiarz.com/products/whiskey-lactone
91079-01-5,Wool Absolute,natural,absolute,-,"Oils, lanolin, ext. | Lanolin, oil, ext.",Perfumiarz,leathery and animalic,https://perfumiarz.com/products/wool-absolute
8008-93-3,Wormwood Oil (artemisia absinthium),natural,oil,ARTEMISIA ABSINTHIUM OIL,,Perfumiarz,green and herbal,https://perfumiarz.com/products/wormwood-oil
8006-81-3,Ylang Ylang Oil Extra,natural,oil,CANANGA,,Perfumiarz,floral,https://perfumiarz.com/products/ylan-ylang-extra
89-71-4,Ylanganate,molécula,,YLANGANATE,,Perfumiarz,floral,https://perfumiarz.com/products/ylanganate
154171-77-4,Ysamber K,molécula,,HEXAHYDRO-TETRAMETHYL-SPIRODIOXOLANE-METHANONAPHTHALENE,,Perfumiarz,amber,https://perfumiarz.com/products/ysamber-k
233683-84-6,Yuzu Cold Pressed,natural,,CITRUS JUNOS PEEL OIL,,Perfumiarz,citrus,https://perfumiarz.com/products/yuzu-cold-pressed
233683-84-6,Yuzu Distilled,natural,,CITRUS JUNOS PEEL OIL,,Perfumiarz,citrus,https://perfumiarz.com/products/yuzu-distilled
233683-84-6,Yuzu Phase Oil,natural,oil,CITRUS JUNOS PEEL OIL,,Perfumiarz,citrus,https://perfumiarz.com/products/yuzu-phase-oil
57345-19-4,Z11 10 MIP,,,-,,Perfumiarz,amber,https://perfumiarz.com/products/z11-mip
57345-19-4,"Z11 HD 8,5% MIP",,,-,,Perfumiarz,amber,https://perfumiarz.com/products/z11-hd-85-mip
