cas,dtxsid,nombre_comptox,encontrado,pv_opera_mmhg,pe_opera_c,logkow_opera
59-51-8,DTXSID9020821,DL-Methionine,CASRN,0.00039810717055349735,251,-1.87
60-12-8,DTXSID9026342,2-Phenylethanol,CASRN,0.08709635899560805,218,1.36
64-18-6,DTXSID2024115,Formic acid,CASRN,42.65795188015925,101,-0.54
65-85-0,DTXSID6020143,Benzoic acid,CASRN,0.000707945784384138,249,1.87
66-25-1,DTXSID2021604,Hexanal,CASRN,11.481536214968829,131,1.78
69-79-4,DTXSID1023233,Maltose,CASRN,5.011872336272715E-11,313,-3.04
71-23-8,DTXSID2021739,1-Propanol,CASRN,20.892961308540396,97,0.25
71-36-3,DTXSID1021740,1-Butanol,CASRN,6.760829753919817,118,0.88
71-41-0,DTXSID6021741,1-Pentanol,CASRN,2.1877616239495525,138,1.53
74-93-1,DTXSID5026382,Methanethiol,CASRN,1513.5612484362086,6,0.97
75-07-0,DTXSID5039224,Acetaldehyde,CASRN,891.2509381337459,20,-0.34
75-18-3,DTXSID9026398,Dimethyl sulfide,CASRN,501.18723362727246,37,1.05
75-65-0,DTXSID8020204,tert-Butyl alcohol,CASRN,40.73802778041128,83,0.35
76-22-2,DTXSID5030955,Camphor,CASRN,0.6456542290346555,200,2.38
76-49-3,DTXSID7041675,(+/-)-Bornyl acetate,CASRN,0.22387211385683395,221,4.3
76-50-6,DTXSID20873576,Bornyl isovalerate,CASRN,0.016982436524617443,264,4.22
77-42-9,DTXSID70892297,beta-Santalol,CASRN,0.004073802778041126,287,4.3
77-53-2,DTXSID1041269,(+)-Cedrol,CASRN,0.003235936569296281,288,4.16
77-54-3,DTXSID4047204,Cedryl acetate,CASRN,N/A,N/A,N/A
77-83-8,DTXSID8020591,Ethyl methylphenylglycidate,CASRN,0.0010232929922807535,273,2.53
78-35-3,DTXSID6047490,Linalyl isobutyrate,CASRN,0.04265795188015926,229,4.98
78-36-4,DTXSID20861635,"Butanoic acid, 1-ethenyl-1,5-dimethyl-4-hexen-1-yl ester",CASRN,0.04570881896148749,247,4.94
78-37-5,DTXSID4047410,Linalyl cinnamate,CASRN,0.00001584893192461114,356,6.2
78-69-3,DTXSID7029110,"3,7-Dimethyl-3-octanol",CASRN,0.1380384264602885,197,3.61
78-70-6,DTXSID7025502,Linalool,CASRN,0.15848931924611134,198,2.97
78-83-1,DTXSID0021759,2-Methyl-1-propanol,CASRN,10.471285480508996,108,0.76
78-84-2,DTXSID9021635,2-Methylpropanal,CASRN,169.82436524617444,65,0.71
78-92-2,DTXSID9021762,2-Butanol,CASRN,18.197008586099834,100,0.61
78-93-3,DTXSID3021516,Methyl ethyl ketone,CASRN,91.20108393559097,79,0.29
79-09-4,DTXSID8025961,Propionic acid,CASRN,3.548133892335755,141,0.33
79-20-9,DTXSID4021767,Methyl acetate,CASRN,213.79620895022325,57,0.18
79-31-2,DTXSID4021636,2-Methylpropanoic acid,CASRN,1.8197008586099834,154,0.94
79-69-6,DTXSID4047042,"4-(2,5,6,6-Tetramethyl-2-cyclohexen-1-yl)-3-buten-2-one",CASRN,0.06918309709189366,269,4.38
79-70-9,DTXSID70861640,beta-Irone,CASRN,0.06918309709189366,272,4.22
79-76-5,DTXSID5052543,"4-(2,2-Dimethyl-6-methylenecyclohexyl)-3-buten-2-one",CASRN,0.04570881896148749,247,3.88
79-77-6,DTXSID4021769,beta-Ionone,CASRN,0.05370317963702527,258,3.94
79-78-7,DTXSID4047591,Allyl-alpha-ionone,CASRN,0.004073802778041126,304,4.92
79-89-0,DTXSID0052544,"3-Methyl-4-(2,6,6-trimethyl-1-cyclohexen-1-yl)-3-buten-2-one",CASRN,0.0588843655355589,272,4.09
79-92-5,DTXSID8026488,Camphene,CASRN,2.51188643150958,159,4.22
80-25-1,DTXSID0052677,Dihydro-alpha-terpinyl acetate,CASRN,0.046773514128719815,228,4.45
80-26-2,DTXSID2026496,alpha-Terpinyl acetate,CASRN,0.04570881896148749,230,3.96
80-27-3,DTXSID3044833,Terpinyl propionate,CASRN,0.04897788193684462,243,4.26
80-54-6,DTXSID9026500,2-(4-Tert-Butylbenzyl)propionaldehyde,CASRN,0.19498445997580455,278,3.94
80-56-8,DTXSID4026501,alpha-Pinene,CASRN,4.677351412871983,163,4.83
80-59-1,DTXSID80883257,Tiglic acid,CASRN,0.13489628825916536,198,0.9
80-71-7,DTXSID4035128,Cyclotene,CASRN,0.4897788193684462,184,0.02
81-14-1,DTXSID6025690,Musk ketone,CASRN,0.000005248074602497723,351,4.3
83-34-1,DTXSID8021775,3-Methylindole,CASRN,0.005495408738576248,266,2.6
85-91-6,DTXSID1052581,Methyl N-methylanthranilate,CASRN,0.0007943282347242813,255,1.22
86-26-0,DTXSID6052584,Biphenyl-2-yl methyl ether,CASRN,0.0020892961308540386,274,3.67
87-19-4,DTXSID3047186,Isobutyl salicylate,CASRN,0.00044668359215096305,261,3.41
87-20-7,DTXSID9041655,Isoamyl salicylate,CASRN,0.00010715193052376059,278,3.12
87-22-9,DTXSID0052592,Phenethyl salicylate,CASRN,1.8620871366628656E-7,326,3.04
87-25-2,DTXSID6025272,Ethyl anthranilate,CASRN,0.030902954325135904,268,2.57
87-41-2,DTXSID0052594,Phthalide,CASRN,0.001995262314968879,290,0.8
87-44-5,DTXSID8024739,(-)-(E)-Caryophyllene,CASRN,0.010232929922807542,254,5.23
88-09-5,DTXSID2041418,2-Ethylbutyric acid,CASRN,0.18620871366628675,194,1.68
88-15-3,DTXSID2058960,"Ethanone, 1-(2-thienyl)-",CASRN,9.120108393559097,212,1.25
88-41-5,DTXSID3036105,2-tert-Butylcyclohexyl acetate,CASRN,0.054954087385762455,228,4.38
88-69-7,DTXSID2044391,2-Isopropylphenol,CASRN,0.09772372209558107,214,2.88
88-84-6,DTXSID5052599,beta-Guaiene,CASRN,0.02187761623949553,257,5.15
89-43-0,DTXSID0044579,"Methyl 2-((7-hydroxy-3,7-dimethyloctylidene)amino)benzoate",CASRN,6.606934480075964E-8,308,4.04
89-48-5,DTXSID9041817,dl-Menthyl acetate,CASRN,0.10471285480508996,228,4
89-71-4,DTXSID6048208,Methyl 2-methylbenzoate,CASRN,0.06918309709189366,215,2.75
89-78-1,DTXSID1020805,dl-Menthol,CASRN,0.005495408738576248,212,3.34
89-79-2,DTXSID5047116,(-)-Isopulegol,CASRN,0.026915348039269153,217,3.12
89-80-5,DTXSID2044478,dl-Menthone,CASRN,0.2570395782768864,207,3.05
89-81-6,DTXSID7052604,Piperitone,CASRN,0.22387211385683395,234,2.85
89-82-7,DTXSID2025975,R-(+)-Pulegone,CASRN,0.12302687708123815,224,3.08
89-83-8,DTXSID6034972,Thymol,CASRN,0.00223872113856834,232,3.3
89-88-3,DTXSID70861680,"6-Azulenol, 1,2,3,3a,4,5,6,8a-octahydro-4,8-dimethyl-2-(1-methylethylidene)-",CASRN,0.0007585775750291836,286,3.27
90-02-8,DTXSID1021792,Salicylaldehyde,CASRN,0.5754399373371569,197,1.81
90-05-1,DTXSID0023113,2-Methoxyphenol,CASRN,0.10232929922807542,205,1.32
90-17-5,DTXSID2047725,"2,2,2-Trichloro-1-phenylethyl acetate",CASRN,0.012882495516931342,288,3.85
90-42-6,DTXSID8047424,"1,1'-Bi(cyclohexyl)-2-one",CASRN,0.09120108393559097,264,3.6
90-87-9,DTXSID6047109,Hydrotropic aldehyde dimethyl acetal,CASRN,0.0199526231496888,236,2.6
91-10-1,DTXSID2052607,"2,6-Dimethoxyphenol",CASRN,0.000004265795188015926,261,1.15
91-16-7,DTXSID7047065,"1,2-Dimethoxybenzene",CASRN,0.4677351412871982,206,1.6
91-50-9,DTXSID70861685,"Benzoic acid, 2-[[2-methyl-3-[4-(1-methylethyl)phenyl]propylidene]amino]-, methyl ester",CASRN,7.0794578438413736E-9,353,4.92
91-51-0,DTXSID2052609,"Methyl 2-[[3-[4-(1,1-dimethylethyl)phenyl]-2-methylpropylidene]amino]benzoate",CASRN,2.187761623949552E-7,366,4.31
91-57-6,DTXSID4020878,2-Methylnaphthalene,CASRN,0.05370317963702527,241,3.86
91-61-2,DTXSID6047444,"6-Methyl-1,2,3,4-tetrahydroquinoline",CASRN,0.008912509381337459,267,2.5
91-62-3,DTXSID3020887,6-Methylquinoline,CASRN,0.006456542290346556,258,2.57
91-63-4,DTXSID3040271,2-Methylquinoline,CASRN,0.009549925860214359,249,2.59
91-64-5,DTXSID7020348,Coumarin,CASRN,0.000977237220955811,302,1.39
91-87-2,DTXSID1052612,[2-(Dimethoxymethyl)-1-heptenyl]benzene,CASRN,0.00004466835921509635,324,3.69
92-52-4,DTXSID4020161,Biphenyl,CASRN,0.008912509381337459,256,4.01
93-04-9,DTXSID7044392,2-Methoxynaphthalene,CASRN,0.005370317963702527,274,3.47
93-08-3,DTXSID2041389,2'-Acetonaphthone,CASRN,0.0006165950018614823,300,3.05
93-15-2,DTXSID5025607,"1,2-Dimethoxy-4-(2-propen-1-yl)benzene",CASRN,0.012022644346174132,262,2.44
93-16-3,DTXSID0052621,"1,2-Dimethoxy-4-(1-propen-1-yl)benzene",CASRN,0.007244359600749898,270,2.41
93-18-5,DTXSID2049684,2-Ethoxynaphthalene,CASRN,0.002187761623949552,281,3.83
93-19-6,DTXSID5052622,2-Isobutylquinoline,CASRN,0.0022908676527677724,294,3.5
93-28-7,DTXSID5052624,(2-Methoxy-4-prop-2-enylphenyl) acetate,CASRN,0.0031622776601683794,281,2.98
93-29-8,DTXSID0052625,Isoeugenyl acetate,CASRN,N/A,N/A,N/A
93-51-6,DTXSID6047105,2-Methoxy-4-methylphenol,CASRN,0.019054607179632473,221,1.48
93-53-8,DTXSID0052629,Hydratropaldehyde,CASRN,0.2691534803926916,204,2.03
93-58-3,DTXSID5025572,Methyl benzoate,CASRN,0.37153522909717257,199,2.12
93-60-7,DTXSID7044471,Methyl nicotinate,CASRN,0.29512092266663853,204,0.83
93-89-0,DTXSID3038696,Ethyl benzoate,CASRN,0.2630267991895382,213,2.64
93-92-5,DTXSID6041636,(+/-)-alpha-Methylbenzyl acetate,CASRN,0.016595869074375606,227,2.64
94-02-0,DTXSID4047094,Ethyl benzoylacetate,CASRN,0.0004073802778041126,276,1.87
94-30-4,DTXSID4059099,"Benzoic acid, 4-methoxy-, ethyl ester",CASRN,0.0023442288153199225,264,2.33
94-46-2,DTXSID8047185,Isopentyl benzoate,CASRN,0.14125375446227545,256,4.14
94-47-3,DTXSID9047590,2-Phenylethyl benzoate,CASRN,0.000053703179637025325,319,4.01
94-48-4,DTXSID4052637,"(E)-3,7-Dimethylocta-2,6-dien-1-yl benzoate",CASRN,0.000012882495516931348,330,4.47
94-58-6,DTXSID7020475,"1,2-(Methylenedioxy)-4-propylbenzene",CASRN,0.005754399373371567,228,2.58
94-62-2,DTXSID3021805,Piperine,CASRN,6.606934480075964E-7,342,2.72
94-86-0,DTXSID2047727,2-Ethoxy-5-(1-propenyl)phenol,CASRN,0.0038018939632056127,268,2.9
95-13-6,DTXSID8042052,1H-Indene,CASRN,1.096478196143185,182,2.92
95-16-9,DTXSID7024586,Benzothiazole,CASRN,0.0162181009735893,231,2.01
95-41-0,DTXSID3052640,2-Hexylcyclopent-2-enone,CASRN,0.0812830516164099,245,3.17
95-48-7,DTXSID8021808,o-Cresol,CASRN,0.3019951720402016,191,1.95
95-65-8,DTXSID4024062,"3,4-Dimethylphenol",CASRN,0.03630780547701014,226,2.23
95-87-4,DTXSID6025145,"2,5-Dimethylphenol",CASRN,0.15135612484362082,214,2.33
96-04-8,DTXSID4059128,"2,3-Heptanedione",CASRN,1,170,0.88
96-17-3,DTXSID2021818,2-Methylbutanal,CASRN,30.19951720402016,93,1.03
96-22-0,DTXSID6021820,3-Pentanone,CASRN,37.15352290971726,102,0.91
96-48-0,DTXSID6020224,gamma-Butyrolactone,CASRN,0.457088189614875,204,-0.64
97-41-6,DTXSID2052651,Ethyl chrysanthemate,CASRN,0.0707945784384138,229,4.01
97-42-7,DTXSID3024738,Carvyl acetate,CASRN,0.03630780547701014,232,3.5
97-45-0,DTXSID30861702,"2-Cyclohexen-1-ol, 2-methyl-5-(1-methylethenyl)-, 1-propanoate",CASRN,0.011748975549395297,254,4.17
97-53-0,DTXSID9020617,Eugenol,CASRN,0.0223872113856834,253,2.27
97-54-1,DTXSID7022413,Isoeugenol,CASRN,0.012022644346174132,266,3.04
97-61-0,DTXSID9021633,2-Methylpentanoic acid,CASRN,0.18620871366628675,196,1.8
97-62-1,DTXSID7047728,Ethyl isobutyrate,CASRN,25.118864315095795,114,1.81
97-64-3,DTXSID6029127,Ethyl lactate,CASRN,3.715352290971725,154,0.04
97-85-8,DTXSID6026612,Isobutyl isobutyrate,CASRN,4.36515832240166,148,2.74
97-87-0,DTXSID9073888,"Propanoic acid, 2-methyl-, butyl ester",CASRN,2.9512092266663856,158,2.55
97-89-2,DTXSID7052652,Citronellyl isobutyrate,CASRN,0.038018939632056124,260,5.32
97-95-0,DTXSID2041416,2-Ethyl-1-butanol,CASRN,1.5488166189124815,147,1.65
97-99-4,DTXSID1029128,Tetrahydrofurfuryl alcohol,CASRN,0.8128305161640993,178,-0.01
98-01-1,DTXSID1020647,Furfural,CASRN,2.1877616239495525,153,0.41
98-02-2,DTXSID7052654,2-Furylmethanethiol,CASRN,2.137962089502232,193,1.62
98-52-2,DTXSID5026623,4-tert-Butylcyclohexanol,CASRN,0.06918309709189366,216,3.23
98-53-3,DTXSID7044394,4-tert-Butylcyclohexanone,CASRN,0.2630267991895382,202,2.92
98-55-5,DTXSID5026625,alpha-Terpineol,CASRN,0.04265795188015926,219,2.98
98-85-1,DTXSID1020859,alpha-Methylbenzyl alcohol,CASRN,0.09772372209558107,205,1.42
98-86-2,DTXSID6021828,Acetophenone,CASRN,0.3981071705534972,202,1.58
99-48-9,DTXSID3024736,Carveol,CASRN,0.013489628825916533,228,3.12
99-72-9,DTXSID6052665,2-(4-Methylphenyl)propanal,CASRN,0.2754228703338166,230,2.47
99-75-2,DTXSID4025668,Methyl 4-methylbenzoate,CASRN,0.0223872113856834,220,2.7
99-82-1,DTXSID9025530,1-Isopropyl-4-methylcyclohexane,CASRN,2.6915348039269156,169,5.56
99-83-2,DTXSID4047593,alpha-Phellandrene,CASRN,1.4125375446227544,172,4.23
99-85-4,DTXSID6041210,gamma-Terpinene,CASRN,1.096478196143185,183,4.5
99-86-5,DTXSID9041237,alpha-Terpinene,CASRN,1.096478196143185,175,4.25
99-87-6,DTXSID3026645,p-Cymene,CASRN,0.35481338923357547,177,4.11
100-06-1,DTXSID2044347,4'-Methoxyacetophenone,CASRN,0.006456542290346556,249,1.74
100-09-4,DTXSID4059205,4-Anisic acid,CASRN,0.0006165950018614823,277,1.96
100-42-5,DTXSID2021284,Styrene,CASRN,6.309573444801933,145,2.95
100-47-0,DTXSID7021491,Benzonitrile,CASRN,0.7585775750291838,191,1.56
100-51-6,DTXSID5020152,Benzyl alcohol,CASRN,0.09549925860214359,205,1.1
100-52-7,DTXSID8039241,Benzaldehyde,CASRN,1.2589254117941673,179,1.47
100-53-8,DTXSID6026664,Benzenemethanethiol,CASRN,0.4168693834703354,194,2.45
100-66-3,DTXSID4041608,Anisole,CASRN,3.548133892335755,154,2.11
100-86-7,DTXSID1047601,"1,1-Dimethylphenylethanol",CASRN,0.046773514128719815,215,2.98
101-39-3,DTXSID4025587,2-Methylcinnamic aldehyde,CASRN,0.01513561248436208,257,2.22
101-41-7,DTXSID1044352,Methyl phenylacetate,CASRN,0.04897788193684462,215,1.84
101-48-4,DTXSID3047001,Phenylacetaldehyde dimethyl acetal,CASRN,0.01778279410038923,220,1.77
101-49-5,DTXSID1059230,"1,3-Dioxolane, 2-(phenylmethyl)-",CASRN,0.010471285480508996,250,2.44
101-81-5,DTXSID1041891,Diphenylmethane,CASRN,0.008128305161640995,265,4.14
101-84-8,DTXSID9021847,Diphenyl ether,CASRN,0.0199526231496888,258,4.13
101-85-9,DTXSID2049393,alpha-Amylcinnamyl alcohol,CASRN,0.0020417379446695297,274,3.68
101-86-0,DTXSID4026684,2-(Phenylmethylene)octanal,CASRN,0.0026915348039269166,279,4.34
101-94-0,DTXSID7051509,p-Tolyl phenylacetate,CASRN,0.00008128305161640995,319,3.28
101-97-3,DTXSID6044353,"Benzeneacetic acid, ethyl ester",CASRN,0.026302679918953815,230,2.28
102-13-6,DTXSID6051512,Isobutyl phenylacetate,CASRN,0.046773514128719815,250,3.49
102-16-9,DTXSID6024597,Benzyl phenylacetate,CASRN,0.00005128613839913648,319,3.71
102-17-0,DTXSID5059246,"Benzeneacetic acid, (4-methoxyphenyl)methyl ester",CASRN,0.000008128305161640995,370,2.81
102-19-2,DTXSID2044501,3-Methylbutyl phenylacetate,CASRN,0.03548133892335755,258,3.44
102-20-5,DTXSID0044494,2-Phenylethyl phenylacetate,CASRN,0.0000363078054770101,350,3.6
102-22-7,DTXSID1051513,"(1E)-2,6-Dimethylhepta-1,5-dien-1-yl phenylacetate",CASRN,0.0000026302679918953817,342,4.99
103-05-9,DTXSID3021851,2-Methyl-4-phenylbutan-2-ol,CASRN,0.03715352290971726,231,3.29
103-07-1,DTXSID6051518,"1,1-Dimethyl-3-phenylpropyl acetate",CASRN,0.018620871366628676,255,3.83
103-09-3,DTXSID8026694,2-Ethylhexyl acetate,CASRN,0.2344228815319922,199,4.07
103-26-4,DTXSID6042151,Methyl cinnamate,CASRN,0.033884415613920256,260,2.62
103-28-6,DTXSID6047602,Benzyl 2-methylpropanoate,CASRN,0.019498445997580455,238,3.11
103-36-6,DTXSID9022520,Ethyl cinnamate,CASRN,0.003311311214825911,268,2.99
103-37-7,DTXSID7047510,Benzyl butyrate,CASRN,0.0199526231496888,239,3.1
103-38-8,DTXSID1047603,Benzyl 3-methylbutanoate,CASRN,0.03548133892335755,245,3.26
103-41-3,DTXSID3041663,Benzyl cinnamate,CASRN,0.00001,350,3.62
103-45-7,DTXSID7044506,2-Phenylethyl acetate,CASRN,0.03162277660168379,230,2.3
103-48-0,DTXSID7044764,2-Phenylethyl 2-methylpropanoate,CASRN,0.03019951720402016,250,3.47
103-50-4,DTXSID5025819,Dibenzyl ether,CASRN,0.0010471285480508996,298,3.31
103-52-6,DTXSID6047604,2-Phenylethyl butanoate,CASRN,0.03162277660168379,250,3.44
103-53-7,DTXSID1047605,2-Phenylethyl cinnamate,CASRN,0.000010471285480508985,352,3.85
103-54-8,DTXSID2044765,3-Phenyl-2-propen-1-yl acetate,CASRN,0.009549925860214359,268,2.66
103-56-0,DTXSID1047607,3-Phenyl-2-propen-1-yl propionate,CASRN,0.0223872113856834,274,2.98
103-58-2,DTXSID7059276,3-Phenylpropyl isobutyrate,CASRN,0.03162277660168379,258,3.46
103-59-3,DTXSID6047608,3-Phenyl-2-propen-1-yl isobutyrate,CASRN,0.026302679918953815,273,3.58
103-60-6,DTXSID7042279,2-Phenoxyethyl isobutyrate,CASRN,0.0012882495516931337,266,3.15
103-61-7,DTXSID2059277,Cinnamyl butyrate,CASRN,0.026302679918953815,273,3.53
103-82-2,DTXSID2021656,Phenylacetic acid,CASRN,0.003715352290971724,265,1.42
103-93-5,DTXSID0051522,p-Tolyl isobutyrate,CASRN,0.19498445997580455,252,2.77
103-95-7,DTXSID2044769,Cyclamen aldehyde,CASRN,0.19498445997580455,258,3.68
104-09-6,DTXSID0051524,4-Methylbenzeneacetaldehyde,CASRN,0.3467368504525316,221,1.88
104-20-1,DTXSID5047166,4-(4-Methoxyphenyl)-2-butanone,CASRN,0.01548816618912481,268,2.77
104-21-2,DTXSID1044770,4-Methoxybenzyl acetate,CASRN,0.002818382931264455,270,2.08
104-45-0,DTXSID0042325,4-Propylanisole,CASRN,0.2754228703338166,211,2.97
104-46-1,DTXSID4020086,Anethole,CASRN,0.0707945784384138,234,3.02
104-50-7,DTXSID1047609,4-Hydroxyoctanoic acid lactone,CASRN,0.20417379446695297,234,1.96
104-53-0,DTXSID0047610,3-Phenylpropanal,CASRN,0.28183829312644537,224,1.84
104-54-1,DTXSID9041491,3-Phenyl-2-propen-1-ol,CASRN,0.023988329190194897,250,1.95
104-55-2,DTXSID1024835,3-Phenylprop-2-enal,CASRN,0.028840315031266057,246,1.9
104-57-4,DTXSID5059298,"Formic acid, phenylmethyl ester",CASRN,0.33884415613920255,203,1.85
104-61-0,DTXSID0034229,gamma-Nonanolactone,CASRN,0.05623413251903491,208,2.54
104-62-1,DTXSID2059300,"Formic acid, 2-phenylethyl ester",CASRN,0.1778279410038923,215,2.11
104-65-4,DTXSID00861714,Cinnamyl formate,CASRN,0.01096478196143185,252,2.23
104-67-6,DTXSID4034287,5-Heptyldihydro-2(3H)-furanone,CASRN,0.026915348039269153,286,3.44
104-76-7,DTXSID5020605,2-Ethyl-1-hexanol,CASRN,0.1380384264602885,184,2.89
104-87-0,DTXSID9041520,4-Methylbenzaldehyde,CASRN,0.251188643150958,202,1.88
104-90-5,DTXSID7021861,5-Ethyl-2-methylpyridine,CASRN,1.4454397707459274,177,2.17
104-93-8,DTXSID9026710,1-Methoxy-4-methylbenzene,CASRN,1.096478196143185,175,2.66
105-01-1,DTXSID4051532,Isobutyl furan-2-propionate,CASRN,0.033884415613920256,244,3.05
105-13-5,DTXSID6044357,(4-Methoxyphenyl)methanol,CASRN,0.01778279410038923,259,1.1
105-21-5,DTXSID5047611,gamma-Heptalactone,CASRN,0.2137962089502232,213,1.53
105-37-3,DTXSID1040110,Ethyl propionate,CASRN,33.884415613920254,101,1.21
105-43-1,DTXSID20861716,"Pentanoic acid, 3-methyl-",CASRN,0.19054607179632474,198,1.76
105-45-3,DTXSID9026716,Methyl acetoacetate,CASRN,0.8912509381337456,166,0.19
105-53-3,DTXSID7021863,Diethyl malonate,CASRN,0.2691534803926916,208,0.96
105-54-4,DTXSID6040111,Ethyl butyrate,CASRN,12.882495516931343,124,1.71
105-57-7,DTXSID6030607,Acetal,CASRN,27.542287033381662,102,0.84
105-66-8,DTXSID6059318,"Butanoic acid, propyl ester",CASRN,5.370317963702527,147,2.15
105-67-9,DTXSID2021864,"2,4-Dimethylphenol",CASRN,0.10232929922807542,212,2.3
105-68-0,DTXSID5047613,3-Methylbutyl propanoate,CASRN,2.1877616239495525,158,2.73
105-79-3,DTXSID0059322,"Hexanoic acid, 2-methylpropyl ester",CASRN,0.6918309709189365,199,3.81
105-85-1,DTXSID1044772,Citronellyl formate,CASRN,0.32359365692962827,222,4.18
105-86-2,DTXSID0047614,Geranyl formate,CASRN,0.0588843655355589,221,3.77
105-87-3,DTXSID0020654,Geranyl acetate,CASRN,0.03311311214825911,238,4.04
105-89-5,DTXSID501019005,Rhodinyl propionate,CASRN,0.043651583224016584,263,4.77
105-90-8,DTXSID8051540,Geranyl propionate,CASRN,0.04897788193684462,253,4.38
105-91-9,DTXSID90883167,Neryl propionate,CASRN,0.04897788193684462,253,4.38
105-95-3,DTXSID1044774,"1,4-Dioxacycloheptadecane-5,17-dione",CASRN,0.0000019952623149688787,292,3.72
106-02-5,DTXSID6044359,Pentadecan-15-olide,CASRN,0.0000069183097091893625,311,5.78
106-21-8,DTXSID5044360,"3,7-Dimethyloctan-1-ol",CASRN,0.09549925860214359,212,3.76
106-22-9,DTXSID3026726,Citronellol,CASRN,0.0446683592150963,224,3.91
106-23-0,DTXSID3041790,Citronellal,CASRN,0.3801893963205612,207,3.83
106-24-1,DTXSID8026727,Geraniol,CASRN,0.03019951720402016,227,3.56
106-25-2,DTXSID3026728,(Z)-Nerol,CASRN,0.03019951720402016,227,3.56
106-26-3,DTXSID60881216,"(2Z)-3,7-dimethylocta-2,6-dienal",CASRN,0.6456542290346555,228,3
106-27-4,DTXSID3042059,Isopentyl butyrate,CASRN,0.954992586021436,179,3.23
106-29-6,DTXSID1047152,Geranyl butyrate,CASRN,0.019498445997580455,257,4.76
106-30-9,DTXSID1040112,Ethyl heptanoate,CASRN,0.6760829753919817,189,3.25
106-32-1,DTXSID8051542,Ethyl octanoate,CASRN,0.1778279410038923,209,3.97
106-33-2,DTXSID4047044,Ethyl dodecanoate,CASRN,0.0018197008586099826,273,5.71
106-35-4,DTXSID2047438,3-Heptanone,CASRN,2.6302679918953817,147,1.93
106-36-5,DTXSID4042337,Propyl propionate,CASRN,16.218100973589298,124,1.77
106-44-5,DTXSID7021869,p-Cresol,CASRN,0.1096478196143185,202,1.94
106-65-0,DTXSID5025152,Dimethyl succinate,CASRN,0.40738027780411273,191,0.35
106-68-3,DTXSID3041954,3-Octanone,CASRN,1.9952623149688795,168,2.46
106-70-7,DTXSID0047616,Methyl hexanoate,CASRN,4.073802778041127,147,2.42
106-72-9,DTXSID8044753,"2,6-Dimethylhept-5-enal",CASRN,0.7585775750291838,179,3.14
106-73-0,DTXSID3059345,Methyl heptanoate,CASRN,3.548133892335755,169,2.64
107-03-9,DTXSID5026750,1-Propanethiol,CASRN,154.88166189124811,68,1.81
107-74-4,DTXSID6044513,"3,7-Dimethyloctane-1,7-diol",CASRN,0.0014791083881682072,265,2.91
107-75-5,DTXSID6042232,Hydroxycitronellal,CASRN,0.0012882495516931337,241,3.06
107-86-8,DTXSID8029606,3-Methylbut-2-enal,CASRN,23.442288153199225,124,0.87
107-87-9,DTXSID0021888,2-Pentanone,CASRN,35.48133892335755,102,0.91
107-92-6,DTXSID8021515,Butanoic acid,CASRN,1.62181009735893,164,0.79
107-93-7,DTXSID30880973,(E)-Crotonic acid,CASRN,1.7378008287493754,185,0.72
108-10-1,DTXSID5021889,4-Methyl-2-pentanone,CASRN,19.952623149688797,116,1.31
108-21-4,DTXSID2025478,Isopropyl acetate,CASRN,58.8843655355589,89,1.22
108-29-2,DTXSID0047618,4-Pentanolide,CASRN,1.6982436524617444,189,0
108-39-4,DTXSID6024200,m-Cresol,CASRN,0.1096478196143185,202,1.96
108-46-3,DTXSID2021238,Resorcinol,CASRN,0.00047863009232263854,280,0.8
108-47-4,DTXSID2051556,"2,4-Dimethylpyridine",CASRN,3.1622776601683795,159,1.61
108-48-5,DTXSID7051557,"2,6-Dimethylpyridine",CASRN,5.623413251903491,147,1.68
108-50-9,DTXSID5047619,"2,6-Dimethylpyrazine",CASRN,3.0902954325135905,156,0.54
108-64-5,DTXSID3047057,Ethyl isovalerate,CASRN,8.128305161640993,138,2.2
108-68-9,DTXSID1025148,"3,5-Dimethylphenol",CASRN,0.04073802778041128,221,2.35
108-82-7,DTXSID8026802,"2,6-Dimethyl-4-heptanol",CASRN,0.3019951720402016,175,3.26
108-83-8,DTXSID4025080,Diisobutyl ketone,CASRN,1.6595869074375607,166,3.27
108-93-0,DTXSID4021894,Cyclohexanol,CASRN,0.7943282347242815,161,1.23
108-94-1,DTXSID6020359,Cyclohexanone,CASRN,4.36515832240166,155,0.81
108-95-2,DTXSID5021124,Phenol,CASRN,0.3467368504525316,182,1.46
109-08-0,DTXSID4047620,2-Methylpyrazine,CASRN,7.943282347242816,137,0.21
109-15-9,DTXSID6059364,"Propanoic acid, 2-methyl-, octyl ester",CASRN,0.034673685045253165,243,4.58
109-19-3,DTXSID9047621,Butyl 3-methylbutanoate,CASRN,1.3489628825916535,179,3.23
109-20-6,DTXSID10883184,Geranyl isovalerate,CASRN,0.013489628825916533,273,5.15
109-21-7,DTXSID7041702,Butyric acid n-butyl ester,CASRN,1.8197008586099834,169,2.6
109-29-5,DTXSID4047622,Oxacycloheptadecan-2-one,CASRN,0.000003890451449942805,321,6
109-42-2,DTXSID4047624,Butyl undec-10-enoate,CASRN,0.0012589254117941675,292,5.77
109-49-9,DTXSID0059372,5-Hexen-2-one,CASRN,10.471285480508996,129,1.02
109-52-4,DTXSID7021655,Pentanoic acid,CASRN,0.19952623149688797,186,1.39
109-60-4,DTXSID6021901,Propyl acetate,CASRN,35.48133892335755,101,1.24
109-94-4,DTXSID6040117,Ethyl formate,CASRN,245.4708915685031,54,0.23
110-19-0,DTXSID5026837,Isobutyl acetate,CASRN,17.78279410038923,114,1.77
110-38-3,DTXSID0044363,Ethyl decanoate,CASRN,0.015848931924611134,243,4.51
110-39-4,DTXSID9059387,"Butanoic acid, octyl ester",CASRN,0.015848931924611134,243,4.5
110-41-8,DTXSID9047629,2-Methylundecanal,CASRN,0.020892961308540396,172,4.8
110-42-9,DTXSID4026842,Methyl decanoate,CASRN,0.03715352290971726,226,4.41
110-43-0,DTXSID5021916,2-Heptanone,CASRN,3.890451449942806,147,1.98
110-45-2,DTXSID00861734,Isoamyl formate,CASRN,15.488166189124811,123,1.76
110-62-3,DTXSID7021653,Pentanal,CASRN,26.302679918953814,103,1.06
110-89-4,DTXSID6021165,Piperidine,CASRN,32.359365692962825,106,0.84
110-93-0,DTXSID5021629,6-Methyl-5-hepten-2-one,CASRN,1.6595869074375607,173,2.19
111-11-5,DTXSID2026864,Methyl octanoate,CASRN,0.5495408738576245,189,3.34
111-12-6,DTXSID9047093,Methyl 2-octynoate,CASRN,1.7782794100389228,218,2.8
111-13-7,DTXSID4021927,2-Octanone,CASRN,1.3489628825916535,168,2.37
111-14-8,DTXSID2021600,Heptanoic acid,CASRN,0.010715193052376065,222,2.42
111-27-3,DTXSID8021931,1-Hexanol,CASRN,0.933254300796991,157,2.03
111-62-6,DTXSID3047633,Ethyl oleate,CASRN,0.000007079457843841373,363,7.96
111-70-6,DTXSID8021937,1-Heptanol,CASRN,0.21877616239495523,176,2.67
111-71-7,DTXSID0021597,Heptanal,CASRN,3.4673685045253166,153,1.93
111-79-5,DTXSID8047638,Methyl 2-nonenoate,CASRN,0.1148153621496883,208,3.58
111-80-8,DTXSID3047639,Methyl 2-nonynoate,CASRN,0.3467368504525316,206,2.93
111-81-9,DTXSID5046566,Methyl 10-undecenoate,CASRN,0.0199526231496888,248,4.25
111-82-0,DTXSID5026889,Methyl dodecanoate,CASRN,0.004168693834703355,262,5.41
111-87-5,DTXSID7021940,1-Octanol,CASRN,0.07943282347242814,195,3
112-05-0,DTXSID3021641,Nonanoic acid,CASRN,0.0016595869074375613,255,3.42
112-06-1,DTXSID9047124,Heptyl acetate,CASRN,1.096478196143185,189,3.46
112-12-9,DTXSID2021943,2-Undecanone,CASRN,0.04168693834703355,228,4.09
112-14-1,DTXSID8044202,Octyl acetate,CASRN,0.16982436524617442,209,4.08
112-17-4,DTXSID8047189,Decyl acetate,CASRN,0.01548816618912481,243,4.75
112-19-6,DTXSID80861737,"10-Undecen-1-ol, 1-acetate",CASRN,0.006456542290346556,264,5.08
112-30-1,DTXSID7021946,1-Decanol,CASRN,0.008511380382023767,231,4.57
112-31-2,DTXSID4021553,Decanal,CASRN,0.10471285480508996,208,3.59
112-32-3,DTXSID4059417,"Formic acid, octyl ester",CASRN,1.3803842646028848,198,3.35
112-37-8,DTXSID8021690,Undecanoic acid,CASRN,0.003715352290971724,280,4.42
112-38-9,DTXSID8035001,10-Undecenoic acid,CASRN,0.0009332543007969915,275,3.86
112-39-0,DTXSID4029149,Methyl hexadecanoate,CASRN,0.00004677351412871981,292,7.38
112-42-5,DTXSID0026915,1-Undecanol,CASRN,0.002951209226666387,243,4.42
112-43-6,DTXSID4059419,10-Undecen-1-ol,CASRN,0.0028840315031266055,250,4.04
112-44-7,DTXSID4021688,Undecanal,CASRN,0.05128613839913648,225,4.15
112-45-8,DTXSID3037757,10-Undecen-1-al,CASRN,0.07943282347242814,226,4.11
112-53-8,DTXSID5026918,1-Dodecanol,CASRN,0.0008511380382023768,259,5.13
112-54-9,DTXSID6021589,Dodecanal,CASRN,0.01548816618912481,227,4.8
112-66-3,DTXSID7047641,Dodecyl acetate,CASRN,0.0017378008287493763,273,5.78
112-70-9,DTXSID2021947,1-Tridecanol,CASRN,0.0004365158322401661,264,5.45
115-18-4,DTXSID3047471,2-Methyl-3-buten-2-ol,CASRN,11.748975549395297,97,0.81
115-71-9,DTXSID9051587,alpha-Santalol,CASRN,0.003311311214825911,301,3.76
115-95-7,DTXSID7026946,Linalyl acetate,CASRN,0.1096478196143185,220,3.93
115-99-1,DTXSID2047642,Linalyl formate,CASRN,0.18197008586099836,218,3.71
116-02-9,DTXSID9041815,"3,3,5-Trimethylcyclohexanol",CASRN,0.35481338923357547,196,3.13
116-26-7,DTXSID7049398,Safranal,CASRN,0.7943282347242815,231,2.5
117-98-6,DTXSID60861750,"6-Azulenol, 1,2,3,3a,4,5,6,8a-octahydro-4,8-dimethyl-2-(1-methylethylidene)-, 6-acetate",CASRN,0.000003890451449942805,329,4.51
118-55-8,DTXSID6021957,Phenyl salicylate,CASRN,5.754399373371567E-7,325,3.6
118-58-1,DTXSID1024598,Benzyl salicylate,CASRN,6.45654229034655E-7,325,3.11
118-60-5,DTXSID7040734,2-Ethylhexyl salicylate,CASRN,0.000004073802778041131,275,4.04
118-61-6,DTXSID1021958,Ethyl salicylate,CASRN,0.08317637711026708,233,2.94
118-71-8,DTXSID0025523,Maltol,CASRN,0.1318256738556407,202,0.09
118-93-4,DTXSID7040285,2-Hydroxyacetophenone,CASRN,0.004168693834703355,218,1.92
119-36-8,DTXSID5025659,Methyl salicylate,CASRN,0.033884415613920256,223,2.55
119-53-9,DTXSID1020144,Benzoin,CASRN,0.00006456542290346549,344,2.13
119-61-9,DTXSID0021961,Benzophenone,CASRN,0.0019054607179632462,305,3.18
119-84-6,DTXSID2020474,"3,4-Dihydrocoumarin",CASRN,0.000977237220955811,272,1.37
120-11-6,DTXSID0051605,1-Benzyloxy-2-methoxy-4-(1-propenyl)benzene,CASRN,0.000026302679918953814,351,4.02
120-14-9,DTXSID7026285,Veratraldehyde,CASRN,0.004677351412871981,281,1.22
120-24-1,DTXSID8059508,2-Methoxy-4-prop-1-enylphenyl phenylacetate,CASRN,0.000002818382931264455,352,4.14
120-45-6,DTXSID9047091,1-Phenylethyl propionate,CASRN,0.020417379446695295,238,3.12
120-50-3,DTXSID6047074,Isobutyl benzoate,CASRN,0.014791083881682071,241,3.3
120-51-4,DTXSID8029153,Benzyl benzoate,CASRN,0.000223872113856834,323,3.97
120-57-0,DTXSID7025924,Piperonal,CASRN,0.01,263,1.05
120-58-1,DTXSID2020767,Isosafrole,CASRN,0.0026915348039269166,253,2.04
120-72-9,DTXSID0020737,Indole,CASRN,0.012302687708123818,254,2.14
120-92-3,DTXSID3029154,Cyclopentanone,CASRN,11.481536214968829,130,0.38
121-32-4,DTXSID5021968,3-Ethoxy-4-hydroxybenzaldehyde,CASRN,0.000010232929922807536,294,1.59
121-33-5,DTXSID0021969,4-Hydroxy-3-methoxybenzaldehyde,CASRN,0.0001174897554939529,285,1.19
121-34-6,DTXSID6059522,Vanillic acid,CASRN,1.584893192461114E-7,260,1.43
121-39-1,DTXSID8025886,"Ethyl 2,3-epoxy-3-phenylpropionate",CASRN,0.001122018454301963,266,1.93
121-98-2,DTXSID7047645,Methyl 4-methoxybenzoate,CASRN,0.004786300923226385,250,2.27
122-00-9,DTXSID9044374,p-Methylacetophenone,CASRN,0.33884415613920255,223,2.1
122-03-2,DTXSID9021974,4-Isopropylbenzaldehyde,CASRN,0.436515832240166,235,2.7
122-40-7,DTXSID8029157,alpha-Amylcinnamaldehyde,CASRN,0.004786300923226385,276,3.99
122-43-0,DTXSID9059541,"Benzeneacetic acid, butyl ester",CASRN,0.03548133892335755,250,3.44
122-48-5,DTXSID8047420,4-(4-Hydroxy-3-methoxyphenyl)-2-butanone,CASRN,0.0000022387211385683376,289,1.85
122-63-4,DTXSID4044791,Benzyl propanoate,CASRN,0.0223872113856834,220,2.56
122-67-8,DTXSID2047646,Isobutyl 3-phenylacrylate,CASRN,0.02754228703338166,273,3.41
122-68-9,DTXSID9047411,3-Phenylpropyl cinnamate,CASRN,0.0000036307805477010103,353,3.94
122-69-0,DTXSID7047647,3-Phenylprop-2-en-1-yl 3-phenylprop-2-enoate,CASRN,0.000002884031503126606,344,4.45
122-70-3,DTXSID6035156,2-Phenylethyl propionate,CASRN,0.019498445997580455,244,3
122-71-4,DTXSID8051625,"1,1-Bis(phenethyloxy)ethane",CASRN,0.000013182567385564074,370,4.19
122-72-5,DTXSID2047648,3-Phenylpropyl acetate,CASRN,0.018620871366628676,244,2.95
122-73-6,DTXSID7047439,Benzyl 3-methylbutyl ether,CASRN,0.3467368504525316,237,2.94
122-78-1,DTXSID3021483,Phenylacetaldehyde,CASRN,0.3890451449942806,195,1.78
122-84-9,DTXSID9059545,1-(4-Methoxyphenyl)-2-propanone,CASRN,0.013489628825916533,263,2.2
122-91-8,DTXSID7047649,4-Methoxybenzyl formate,CASRN,0.004786300923226385,248,1.79
122-97-4,DTXSID6041638,3-Phenyl-1-propanol,CASRN,0.0199526231496888,235,1.78
122-99-6,DTXSID9021976,2-Phenoxyethanol,CASRN,0.00707945784384138,245,1.16
123-05-7,DTXSID9025291,2-Ethylhexaldehyde,CASRN,1.8197008586099834,161,2.97
123-07-9,DTXSID4021977,4-Ethylphenol,CASRN,0.03715352290971726,218,2.58
123-08-0,DTXSID8059552,p-Hydroxybenzaldehyde,CASRN,0.0001148153621496883,307,1.35
123-11-5,DTXSID2026997,4-Methoxybenzaldehyde,CASRN,0.03311311214825911,241,1.76
123-15-9,DTXSID9021978,2-Methylpentanal,CASRN,16.982436524617444,119,1.69
123-18-2,DTXSID7026998,"2,6,8-Trimethyl-4-nonanone",CASRN,0.06165950018614822,222,4.57
123-19-3,DTXSID6047650,4-Heptanone,CASRN,6.025595860743578,147,2.04
123-25-1,DTXSID2038732,Diethyl butanedioate,CASRN,0.0446683592150963,217,1.19
123-29-5,DTXSID1047651,Ethyl nonanoate,CASRN,0.10232929922807542,226,4.26
123-32-0,DTXSID6047652,"2,5-Dimethylpyrazine",CASRN,2.9512092266663856,155,0.63
123-35-3,DTXSID6025692,Myrcene,CASRN,2.041737944669529,167,4.17
123-38-6,DTXSID2021658,Propanal,CASRN,316.22776601683796,48,0.59
123-51-3,DTXSID3025469,Isopentyl alcohol,CASRN,2.3988329190194904,131,1.16
123-63-7,DTXSID9023419,Paraldehyde,CASRN,10.964781961431852,124,0.67
123-66-0,DTXSID3021980,Ethyl hexanoate,CASRN,1.8197008586099834,169,2.63
123-68-2,DTXSID1047653,Allyl hexanoate,CASRN,1.1748975549395295,186,2.93
123-69-3,DTXSID20881237,Musk,CASRN,0.0000026915348039269138,305,5.82
123-72-8,DTXSID8021513,Butyraldehyde,CASRN,112.2018454301963,75,0.88
123-76-2,DTXSID8021648,4-Oxopentanoic acid,CASRN,0.001122018454301963,245,-0.49
123-86-4,DTXSID3021982,Butyl acetate,CASRN,11.748975549395297,124,1.78
123-92-2,DTXSID9025453,3-Methylbutyl acetate,CASRN,5.623413251903491,138,2.25
123-96-6,DTXSID0027014,2-Octanol,CASRN,0.23988329190194904,179,2.9
124-06-1,DTXSID6047654,Ethyl tetradecanoate,CASRN,0.00020892961308540387,301,6.55
124-10-7,DTXSID5027019,Methyl tetradecanoate,CASRN,0.0004897788193684461,292,6.41
124-12-9,DTXSID1047655,Octanenitrile,CASRN,0.3890451449942806,205,2.75
124-13-0,DTXSID3021643,Octanal,CASRN,1.1748975549395295,171,2.77
124-19-6,DTXSID9021639,Nonanal,CASRN,0.37153522909717257,191,3.3
124-25-4,DTXSID1021665,Myristyl aldehyde,CASRN,0.009332543007969915,260,6.35
124-76-5,DTXSID2042060,Isoborneol,CASRN,0.05011872336272722,210,3.11
125-12-2,DTXSID7042061,Isobornyl acetate,CASRN,0.22387211385683395,221,4.3
126-64-7,DTXSID2047191,Linalyl benzoate,CASRN,0.0012882495516931337,316,5.19
126-90-9,DTXSID40883319,"1,6-Octadien-3-ol, 3,7-dimethyl-, (3S)-",CASRN,0.15848931924611134,198,2.97
126-91-0,DTXSID40872607,(-)-Linalool,CASRN,0.15848931924611134,198,2.97
127-17-3,DTXSID2021650,Pyruvic acid,CASRN,1.288249551693134,190,-0.2
127-41-3,DTXSID0035160,alpha-Ionone,CASRN,0.017378008287493755,252,3.85
127-42-4,DTXSID1051642,"(1E)-1-[(1R)-2,6,6-Trimethylcyclohex-2-en-1-yl]pent-1-en-3-one",CASRN,0.07244359600749903,271,4.35
127-43-5,DTXSID6051643,"1-(2,6,6-Trimethyl-1-cyclohexen-1-yl)pent-1-en-3-one",CASRN,0.07413102413009177,272,3.99
127-51-5,DTXSID7027047,Isomethyl-alpha-ionone,CASRN,0.054954087385762455,271,4.38
127-91-3,DTXSID7027049,beta-Pinene,CASRN,2.884031503126606,159,4.16
128-50-7,DTXSID10861780,"Bicyclo[3.1.1]hept-2-ene-2-ethanol, 6,6-dimethyl-",CASRN,0.008128305161640995,228,3.1
128-51-8,DTXSID6051645,"2-(6,6-Dimethylbicyclo[3.1.1]hept-2-en-3-yl)ethyl acetate",CASRN,0.012882495516931342,252,3.98
133-18-6,DTXSID5025861,Phenethyl anthranilate,CASRN,8.912509381337459E-8,342,2.26
134-20-3,DTXSID6025567,Methyl 2-aminobenzoate,CASRN,0.026915348039269153,256,1.88
134-28-1,DTXSID7051684,Guaiol acetate,CASRN,0.000006025595860743581,326,4.32
135-02-4,DTXSID1051690,2-Methoxybenzaldehyde,CASRN,0.03311311214825911,241,1.72
135-79-5,DTXSID9047465,6-(1-Methylethyl)quinoline,CASRN,0.006025595860743574,267,3.42
136-60-7,DTXSID8040694,Butyl benzoate,CASRN,0.010232929922807542,247,3.83
137-00-8,DTXSID3044382,Thiamine thiozole,CASRN,0.004786300923226385,270,1.06
137-03-1,DTXSID8044547,2-Heptylcyclopentanone,CASRN,0.034673685045253165,244,3.96
137-06-4,DTXSID8047135,2-Methylbenzenethiol,CASRN,0.6456542290346555,195,2.3
137-32-6,DTXSID5027069,2-Methyl-1-butanol,CASRN,3.1622776601683795,128,1.29
138-22-7,DTXSID7042196,Butyl lactate,CASRN,0.3981071705534972,186,1.67
138-86-3,DTXSID2029612,Limonene,CASRN,1.5488166189124815,175,4.51
138-87-4,DTXSID7041209,beta-Terpineol,CASRN,0.034673685045253165,210,3.04
139-70-8,DTXSID90861804,"Benzeneacetic acid, 3,7-dimethyl-6-octen-1-yl ester",CASRN,0.000003890451449942805,327,5.27
140-10-3,DTXSID5022489,E-Cinnamic acid,CASRN,0.00002089296130854041,300,2.13
140-11-4,DTXSID0020151,Benzyl acetate,CASRN,0.17378008287493754,213,1.96
140-25-0,DTXSID7059692,"Dodecanoic acid, phenylmethyl ester",CASRN,0.0000030199517204020193,352,6.52
140-26-1,DTXSID2059693,Phenethyl isovalerate,CASRN,0.033884415613920256,258,3.45
140-27-2,DTXSID7059694,Cinnamyl isovalerate,CASRN,0.008912509381337459,274,3.45
140-39-6,DTXSID0046567,4-Tolyl acetate,CASRN,0.039810717055349734,212,2.11
140-67-0,DTXSID0020575,Estragole,CASRN,0.17378008287493754,216,3.02
141-09-3,DTXSID90861809,"7-Octen-1-ol, 3,7-dimethyl-, 1-formate",CASRN,0.2137962089502232,218,4.19
141-11-7,DTXSID00861810,"7-Octen-1-ol, 3,7-dimethyl-, 1-acetate",CASRN,0.0707945784384138,241,4.29
141-12-8,DTXSID2047068,"cis-3,7-Dimethyl-2,6-octadien-1-yl acetate",CASRN,0.03311311214825911,238,4.04
141-13-9,DTXSID7051711,"2,6,10-Trimethylundec-9-enal",CASRN,0.013489628825916533,260,5.74
141-14-0,DTXSID8047187,Citronellyl propionate,CASRN,0.04073802778041128,263,4.73
141-15-1,DTXSID60861811,"Butanoic acid, 3,7-dimethyl-7-octen-1-yl ester",CASRN,0.028840315031266057,273,5.13
141-16-2,DTXSID5047405,Citronellyl butyrate,CASRN,0.028183829312644536,273,5.08
141-25-3,DTXSID2047193,Rhodinol,CASRN,0.06606934480075961,222,3.71
141-27-5,DTXSID20881217,"(2E)-3,7-dimethylocta-2,6-dienal",CASRN,0.6456542290346555,228,3
141-78-6,DTXSID1022001,Ethyl acetate,CASRN,93.3254300796991,78,0.73
141-79-7,DTXSID1029170,4-Methylpent-3-en-2-one,CASRN,8.31763771102671,130,1.06
141-92-4,DTXSID4047547,Hydroxycitronellal dimethyl acetal,CASRN,0.0015488166189124811,265,2.62
141-97-9,DTXSID2027092,Ethyl acetoacetate,CASRN,0.7762471166286917,188,0.25
142-19-8,DTXSID3044754,Prop-2-en-1-yl heptanoate,CASRN,0.16982436524617442,210,3.57
142-50-7,DTXSID4047048,(S)-cis-Nerolidol,CASRN,0.006606934480075957,276,4.86
142-62-1,DTXSID7021607,Hexanoic acid,CASRN,0.0446683592150963,205,1.92
142-92-7,DTXSID6022006,Hexyl acetate,CASRN,1.318256738556407,169,2.96
143-08-8,DTXSID6022008,1-Nonanol,CASRN,0.022908676527677734,213,3.72
143-13-5,DTXSID4047123,Nonyl acetate,CASRN,0.057543993733715694,223,4.22
143-14-6,DTXSID6051720,9-?Undecenal,CASRN,0.034673685045253165,220,4.1
144-39-8,DTXSID1047574,"3,7-Dimethylocta-1,6-dien-3-yl propanoate",CASRN,0.07585775750291836,242,4.37
150-78-7,DTXSID0022014,Hydroquinone dimethyl ether,CASRN,0.03162277660168379,213,2.04
150-84-5,DTXSID5051739,Citronellyl acetate,CASRN,0.06309573444801933,239,4.25
150-86-7,DTXSID1040586,Phytol,CASRN,0.00001778279410038923,340,8.62
151-05-3,DTXSID3041877,Dimethylbenzylcarbinyl acetate,CASRN,0.017378008287493755,250,3.47
151-10-0,DTXSID2047060,"1,3-Dimethoxybenzene",CASRN,0.03311311214825911,217,2.21
301-00-8,DTXSID5041560,Methyl linolenate,CASRN,0.000005011872336272725,346,6.29
326-61-4,DTXSID2025925,Piperonyl acetate,CASRN,0.0005011872336272725,286,1.65
334-48-5,DTXSID9021554,Decanoic acid,CASRN,0.0003715352290971724,269,4.09
350-03-8,DTXSID7044421,3-Acetylpyridine,CASRN,0.42657951880159267,218,0.43
409-02-9,DTXSID9027152,Methyl heptenone,CASRN,N/A,N/A,N/A
431-03-8,DTXSID6021583,"2,3-Butanedione",CASRN,56.23413251903491,88,-1.34
432-25-7,DTXSID7047142,beta-Cyclocitral,CASRN,0.6025595860743578,230,2.52
459-80-3,DTXSID0047115,"3,7-Dimethylocta-2,6-dienoic acid",CASRN,0.000630957344480193,250,2.99
464-45-9,DTXSID3022035,[(1S)-endo]-(-)-Borneol,CASRN,0.05011872336272722,210,3.11
464-48-2,DTXSID8022036,(1S)-(-)-Camphor,CASRN,0.6456542290346555,200,2.38
464-49-3,DTXSID4024721,D-Camphor,CASRN,0.6456542290346555,200,2.38
469-61-4,DTXSID0047032,(-)-alpha-Cedrene,CASRN,0.009332543007969915,257,4.92
470-67-7,DTXSID3047396,"1,4-Cineole",CASRN,1.9054607179632472,175,2.97
470-82-6,DTXSID4020616,"1,8-Cineol",CASRN,1.9054607179632472,175,2.62
472-66-2,DTXSID0047088,beta-Homocyclocitral,CASRN,0.40738027780411273,229,3
472-97-9,DTXSID501033247,(+)-Caryolan-1-ol,CASRN,0.0031622776601683794,285,4.02
473-54-1,DTXSID5029180,2-Pinanol,CASRN,0.05011872336272722,213,3.15
473-55-2,DTXSID7025922,Pinane,CASRN,2.6302679918953817,164,4.63
473-67-6,DTXSID2042511,Verbenol,CASRN,0.0199526231496888,224,3.16
475-20-7,DTXSID9047045,Longifolene,CASRN,0.0026302679918953813,258,4.64
488-10-8,DTXSID4047092,cis-Jasmone,CASRN,0.10232929922807542,258,2.84
489-40-7,DTXSID0052126,alpha-Gurjunene,CASRN,0.01,261,4.53
489-86-1,DTXSID40883399,Guaiol,CASRN,0.006025595860743574,283,4.01
491-07-6,DTXSID7044475,"rel-(2R,5R)-5-Methyl-2-(1-methylethyl)cyclohexanone",CASRN,0.2570395782768864,207,3.05
494-90-6,DTXSID9025534,Menthofuran,CASRN,0.32359365692962827,197,4.3
495-62-5,DTXSID9052131,gamma Bisabolene,CASRN,0.016982436524617443,258,5.43
495-76-1,DTXSID3060089,"1,3-Benzodioxole-5-methanol",CASRN,0.000019498445997580456,293,1.05
498-02-2,DTXSID7060097,Acetovanillone,CASRN,0.000010232929922807536,297,1.26
498-16-8,DTXSID001017547,Lavandulol,CASRN,0.33884415613920255,213,3.52
498-81-7,DTXSID4041812,Dihydro-alpha-terpineol,CASRN,0.026915348039269153,213,3.18
499-70-7,DTXSID40866703,"rel-(2R,5R)-2-Methyl-5-(1-methylethyl)cyclohexanone",CASRN,N/A,N/A,N/A
499-75-2,DTXSID6042074,Isopropyl-o-cresol,CASRN,0.01,237,3.49
501-52-0,DTXSID2047064,Hydrocinnamic acid,CASRN,0.0026302679918953813,280,1.84
501-92-8,DTXSID60198210,Chavicol,CASRN,0.021379620895022326,238,2.62
502-47-6,DTXSID1047106,Citronellic acid,CASRN,0.0014791083881682072,282,3.35
502-61-4,DTXSID4047202,alpha-Farnesene,CASRN,0.08912509381337455,251,6.52
502-69-2,DTXSID40862063,"2-pentadecanone, 6,10,14-trimethyl-",CASRN,0.0019054607179632462,301,8.24
502-72-7,DTXSID2047141,Cyclopentadecanone,CASRN,0.00001584893192461114,289,5.97
503-74-2,DTXSID5029182,Isovaleric acid,CASRN,0.436515832240166,177,1.16
505-10-2,DTXSID7060128,3-(Methylthio)-1-propanol,CASRN,0.4897788193684462,180,1.26
505-32-8,DTXSID2025474,Isophytol,CASRN,0.0005888436553555889,334,8.06
505-57-7,DTXSID7021609,2-Hexenal,CASRN,21.379620895022324,146,1.1
507-70-0,DTXSID3052143,endo-Borneol,CASRN,0.05011872336272722,210,3.11
512-13-0,DTXSID7041205,(-)-alpha-Fenchol,CASRN,0.03548133892335755,213,3.17
513-85-9,DTXSID8041321,"2,3-Butanediol",CASRN,2.51188643150958,182,-0.92
513-86-0,DTXSID0024399,Acetoin,CASRN,0.4897788193684462,143,-0.16
514-51-2,DTXSID7052153,"(1S,4R,7R)-1,4,9,9-Tetramethyl-1,2,3,4,5,6,7,8-octahydro-4,7-methanoazulene",CASRN,0.009332543007969915,262,3.95
515-00-4,DTXSID00862089,"Bicyclo[3.1.1]hept-2-ene-2-methanol, 6,6-dimethyl-",CASRN,0.00776247116628692,222,3.22
515-03-7,DTXSID0047111,Sclareol,CASRN,8.912509381337459E-8,296,4.64
515-69-5,DTXSID5045964,Bisabolol,CASRN,0.007413102413009177,280,4.72
526-75-0,DTXSID6025143,"2,3-Dimethylphenol",CASRN,0.08912509381337455,214,2.48
527-60-6,DTXSID7022049,"2,4,6-Trimethylphenol",CASRN,0.016982436524617443,221,2.73
532-87-6,DTXSID0052172,4-(5-Methyl-1-methylene-4-hexenyl)-1-(4-methylpent-3-enyl)cyclohexene,CASRN,0.0012882495516931337,343,7.8
533-18-6,DTXSID7060201,"Acetic acid, 2-methylphenyl ester",CASRN,0.057543993733715694,208,1.93
534-15-6,DTXSID7027178,"1,1-Dimethoxyethane",CASRN,169.82436524617444,65,0.39
536-59-4,DTXSID4052180,(4-Prop-1-en-2-ylcyclohexen-1-yl)methanol,CASRN,N/A,N/A,N/A
536-60-7,DTXSID0021626,4-Isopropylbenzyl alcohol,CASRN,0.018620871366628676,249,2.52
536-78-7,DTXSID6060212,3-Ethylpyridine,CASRN,2.51188643150958,165,1.66
538-65-8,DTXSID0060226,Butyl cinnamate,CASRN,0.026302679918953815,273,3.4
538-86-3,DTXSID5060227,Benzyl methyl ether,CASRN,1.6595869074375607,170,1.92
539-82-2,DTXSID6040161,Ethyl valerate,CASRN,5.370317963702527,147,2.2
539-88-8,DTXSID8047058,Ethyl levulinate,CASRN,0.20892961308540392,193,0.51
539-90-2,DTXSID8047557,Isobutyl butyrate,CASRN,2.5703957827688635,158,2.54
540-07-8,DTXSID0047581,n-Amyl caproate,CASRN,0.1096478196143185,226,4.24
540-18-1,DTXSID4041604,n-Amyl butyrate,CASRN,0.6760829753919817,189,3.28
540-42-1,DTXSID8060240,Isobutyl propionate,CASRN,6.606934480075959,138,2.2
541-47-9,DTXSID2047145,"3,3-Dimethylacrylic acid",CASRN,0.30902954325135906,197,0.9
541-85-5,DTXSID9047047,5-Methyl-3-heptanone,CASRN,2.6302679918953817,162,2.41
541-91-3,DTXSID8052192,3-Methylcyclopentadecan-1-one,CASRN,0.000005011872336272725,329,6.16
542-46-1,DTXSID80883434,"9-Cycloheptadecen-1-one, (9Z)-",CASRN,0.000005011872336272725,343,6.3
543-39-5,DTXSID5027192,2-Methyl-6-methylene-7-octen-2-ol,CASRN,0.07244359600749903,211,3.22
543-49-7,DTXSID1047158,2-Heptanol,CASRN,1.2302687708123816,159,2.31
544-12-7,DTXSID3047217,3-Hexen-1-ol,CASRN,1.3803842646028848,157,1.2
544-35-4,DTXSID1060269,"9,12-Octadecadienoic acid (9Z,12Z)-, ethyl ester",CASRN,0.000005011872336272725,355,7.25
544-40-1,DTXSID6022058,Dibutyl sulfide,CASRN,1.202264434617413,174,4.81
546-79-2,DTXSID40862164,Sabinene hydrate,CASRN,0.057543993733715694,213,3.16
546-80-5,DTXSID3026148,alpha-Thujone,CASRN,0.4168693834703354,207,2.82
547-63-7,DTXSID5060275,"Propanoic acid, 2-methyl-, methyl ester",CASRN,50.11872336272722,92,1.46
551-08-6,DTXSID9060281,"1(3H)-Isobenzofuranone, 3-butylidene-",CASRN,0.0001412537544622754,278,1.92
551-93-9,DTXSID4052213,2'-Aminoacetophenone,CASRN,0.005754399373371567,273,1.63
554-12-1,DTXSID7027201,Methyl propanoate,CASRN,83.17637711026708,78,0.83
555-10-2,DTXSID4052215,beta-Phellandrene,CASRN,1.5848931924611136,172,4.12
556-24-1,DTXSID5060300,Methyl isovalerate,CASRN,14.12537544622754,114,1.82
556-82-1,DTXSID2027206,3-Methyl-2-buten-1-ol,CASRN,3.2359365692962827,140,0.89
557-00-6,DTXSID70204230,Propyl isovalerate,CASRN,2.5703957827688635,158,2.54
557-48-2,DTXSID1047104,"trans,cis-2,6-Nonadienal",CASRN,0.5011872336272722,200,2.82
562-74-3,DTXSID4044824,4-Methyl-1-(1-methylethyl)-3-cyclohexen-1-ol,CASRN,0.03548133892335755,209,3.26
564-20-5,DTXSID8047686,(3aR)-(+)-Sclareolide,CASRN,0.000005248074602497723,291,4.02
564-94-3,DTXSID8052227,"6,6-Dimethylbicyclo[3.1.1]hept-2-ene-2-carboxaldehyde",CASRN,N/A,N/A,N/A
576-26-1,DTXSID9024063,"2,6-Dimethylphenol",CASRN,0.16595869074375605,202,2.36
579-07-7,DTXSID3060372,"1-Phenyl-1,2-propanedione",CASRN,0.06025595860743578,222,1.73
586-62-9,DTXSID0027222,Terpinolene,CASRN,0.7413102413009175,186,4.47
589-18-4,DTXSID5025574,4-Methylbenzyl alcohol,CASRN,0.05248074602497726,217,1.58
589-38-8,DTXSID2021608,3-Hexanone,CASRN,13.803842646028846,126,1.48
589-59-3,DTXSID5060431,"Butanoic acid, 3-methyl-, 2-methylpropyl ester",CASRN,1.8197008586099834,169,3.23
589-66-2,DTXSID7047691,2-Methylpropyl but-2-enoate,CASRN,2.6302679918953817,165,2.57
589-75-3,DTXSID0060432,Butyl octanoate,CASRN,0.016982436524617443,243,4.49
589-98-0,DTXSID10862252,3-Octanol,CASRN,0.2570395782768864,171,2.71
590-01-2,DTXSID5027223,Butyl propionate,CASRN,4.073802778041127,147,2.2
590-86-3,DTXSID1021619,3-Methylbutanal,CASRN,50.11872336272722,93,1.07
591-12-8,DTXSID7047693,alpha-Angelica lactone,CASRN,1.7782794100389228,197,-0.13
592-84-7,DTXSID2060468,"Formic acid, butyl ester",CASRN,28.84031503126606,106,1.32
592-88-1,DTXSID6060470,3-(Prop-2-en-1-ylsulfanyl)prop-1-ene,CASRN,9.33254300796991,139,2.29
593-08-8,DTXSID4022070,2-Tridecanone,CASRN,0.010471285480508996,262,5.68
600-14-6,DTXSID6051435,"2,3-Pentanedione",CASRN,3.1622776601683795,123,-0.1
606-45-1,DTXSID5047087,Methyl 2-methoxybenzoate,CASRN,0.012589254117941675,250,2.04
607-88-5,DTXSID3047508,Salicylic acid p-tolyl ester,CASRN,2.4547089156850283E-7,326,3.3
611-13-2,DTXSID7060598,"2-Furancarboxylic acid, methyl ester",CASRN,0.3467368504525316,171,1
613-70-7,DTXSID80862289,"Phenol, 2-methoxy-, 1-acetate",CASRN,0.009549925860214359,265,1.38
614-34-6,DTXSID6060632,p-Tolyl benzoate,CASRN,0.0002754228703338166,316,3.34
616-25-1,DTXSID70862293,1-Penten-3-ol,CASRN,4.073802778041127,115,0.81
617-35-6,DTXSID2060674,"Propanoic acid, 2-oxo-, ethyl ester",CASRN,1.9054607179632472,166,-0.13
617-94-7,DTXSID3027247,2-Phenylpropan-2-ol,CASRN,0.06760829753919818,202,2.33
619-01-2,DTXSID60862303,"Cyclohexanol, 2-methyl-5-(1-methylethenyl)-",CASRN,0.029512092266663854,224,3.21
620-02-0,DTXSID1060714,5-methyl-2-Furancarboxaldehyde,CASRN,1.2302687708123816,187,0.67
620-17-7,DTXSID0022480,3-Ethylphenol,CASRN,0.05011872336272722,218,2.4
621-82-9,DTXSID40110056,Cinnamic acid,CASRN,0.00002089296130854041,300,2.13
622-45-7,DTXSID6052299,Cyclohexyl acetate,CASRN,10.715193052376065,174,2.05
622-78-6,DTXSID0020155,Benzyl isothiocyanate,CASRN,0.01548816618912481,243,3.16
623-17-6,DTXSID7025346,Furfuryl acetate,CASRN,0.2570395782768864,179,1.72
623-36-9,DTXSID3052301,2-Methylpent-2-enal,CASRN,12.882495516931343,138,1.07
623-42-7,DTXSID5047083,Methyl butyrate,CASRN,33.884415613920254,101,1.29
623-70-1,DTXSID5057591,Ethyl crotonate,CASRN,13.489628825916533,137,1.68
624-15-7,DTXSID7041380,"3,7-Dimethyl-2,6-octadienol",CASRN,0.03019951720402016,227,3.56
624-24-8,DTXSID9060784,Methyl valerate,CASRN,16.218100973589298,124,1.96
624-41-9,DTXSID2027254,2-Methylbutyl acetate,CASRN,6.606934480075959,138,2.31
624-51-1,DTXSID50862317,3-Nonanol,CASRN,0.1318256738556407,191,3.26
624-54-4,DTXSID4041606,Pentyl propionate,CASRN,3.548133892335755,169,2.67
624-92-0,DTXSID4025117,Methyl disulfide,CASRN,28.84031503126606,110,1.77
626-77-7,DTXSID3060823,Propyl hexanoate,CASRN,1.1220184543019633,189,3.28
626-82-4,DTXSID8060824,"Hexanoic acid, butyl ester",CASRN,0.3801893963205612,209,3.83
626-93-7,DTXSID30893088,2-?Hexanol,CASRN,2.51188643150958,136,1.76
628-63-7,DTXSID1027263,Pentyl acetate,CASRN,3.4673685045253166,147,2.3
628-97-7,DTXSID2047511,Ethyl hexadecanoate,CASRN,0.00002344228815319923,330,7.61
629-19-6,DTXSID2022096,Dipropyl disulfide,CASRN,0.5128613839913648,194,3.49
629-33-4,DTXSID8060870,"Formic acid, hexyl ester",CASRN,2.8183829312644537,155,2.33
629-63-0,DTXSID3060877,Tetradecanenitrile,CASRN,0.005011872336272725,301,6.44
632-15-5,DTXSID40212549,"3,4-Dimethylthiophene",CASRN,12.589254117941675,137,2.65
637-69-4,DTXSID7073222,"Benzene, 1-ethenyl-4-methoxy-",CASRN,0.2344228815319922,201,2.75
638-11-9,DTXSID5075288,"Butanoic acid, 1-methylethyl ester",CASRN,7.762471166286917,132,2.22
638-25-5,DTXSID5060932,"Octanoic acid, pentyl ester",CASRN,0.006165950018614822,262,5.15
638-49-3,DTXSID2047698,Pentyl formate,CASRN,4.36515832240166,130,1.85
639-99-6,DTXSID1052323,"2-[(1R,3S,4S)-4-Ethenyl-4-methyl-3-(prop-1-en-2-yl)cyclohexyl]propan-2-ol",CASRN,0.016595869074375606,279,4.39
644-35-9,DTXSID9047702,2-Propylphenol,CASRN,0.08912509381337455,220,2.93
646-07-1,DTXSID8060951,"Pentanoic acid, 4-methyl-",CASRN,0.19054607179632474,200,1.77
659-70-1,DTXSID8044757,3-Methylbutyl 3-methylbutanoate,CASRN,0.8912509381337456,191,3.77
673-84-7,DTXSID4027288,"2,6-Dimethyl-2,4,6-octatriene",CASRN,2.51188643150958,188,4.15
675-09-2,DTXSID6060973,"2H-Pyran-2-one, 4,6-dimethyl-",CASRN,0.7762471166286917,245,0.74
687-47-8,DTXSID9042336,(L)-(-)-Ethyl lactate,CASRN,3.715352290971725,154,0.04
688-82-4,DTXSID9060996,"Heptane, 1,1-diethoxy-",CASRN,0.5370317963702527,222,4.32
689-67-8,DTXSID1021586,"6,10-Dimethyl-5,9-undecadiene-2-one",CASRN,0.05370317963702527,248,4.29
692-86-4,DTXSID4044828,Ethyl undec-10-enoate,CASRN,0.006760829753919818,264,4.77
693-54-9,DTXSID9022104,2-Decanone,CASRN,0.2691534803926916,206,3.73
695-06-7,DTXSID8041298,gamma-Caprolactone,CASRN,1.096478196143185,215,0.46
698-10-2,DTXSID2052441,5-Ethyl-3-hydroxy-4-methylfuran-2(5H)-one,CASRN,0.010471285480508996,211,0.7
698-76-0,DTXSID5047164,delta-Octanolactone,CASRN,0.20892961308540392,234,1.94
699-02-5,DTXSID6061020,"Benzeneethanol, 4-methyl-",CASRN,0.03890451449942807,244,1.87
699-61-6,DTXSID2052445,1-Oxaspiro[4.5]decan-2-one,CASRN,0.05128613839913648,209,2.44
705-73-7,DTXSID6052451,DL-1-Phenylpentan-2-ol,CASRN,0.01148153621496883,247,2.82
705-86-2,DTXSID0044496,6-Pentyltetrahydro-2H-pyran-2-one,CASRN,0.026915348039269153,241,3.01
706-14-9,DTXSID4022109,gamma-Decanolactone,CASRN,0.026915348039269153,241,2.72
710-04-3,DTXSID9047099,6-Hexyltetrahydro-2H-pyran-2-one,CASRN,0.018197008586099836,286,3.44
713-95-1,DTXSID9047596,delta-Dodecalactone,CASRN,0.03630780547701014,262,3.53
762-26-5,DTXSID4052504,"5,9-Dimethyl-4,8-decadienal",CASRN,0.2344228815319922,246,4.22
765-70-8,DTXSID3047716,"3-Methyl-1,2-cyclopentanedione",CASRN,0.4897788193684462,184,0.02
774-55-0,DTXSID0047163,"6-Acetyl-1,2,3,4-tetrahydronaphthalene",CASRN,0.0008709635899560805,266,2.73
816-19-3,DTXSID9052559,Methyl 2-ethylhexanoate,CASRN,1.4791083881682074,179,3.41
821-55-6,DTXSID2022125,2-Nonanone,CASRN,0.6165950018614822,190,3.14
823-22-3,DTXSID30862431,6-Methyloxan-2-one,CASRN,1,215,0.46
825-51-4,DTXSID10862434,"2-Naphthalenol, decahydro-",CASRN,0.010715193052376065,226,3.15
828-26-2,DTXSID2047723,Trithioacetone,CASRN,0.09549925860214359,263,5.55
831-97-0,DTXSID2061197,"2-Propenal, 2-methyl-3-[4-(1-methylethyl)phenyl]-",CASRN,0.02754228703338166,273,3.02
868-57-5,DTXSID1052587,Methyl 2-methylbutyrate,CASRN,18.197008586099834,114,1.91
874-90-8,DTXSID0052596,4-Anisonitrile,CASRN,0.021379620895022326,256,1.7
925-78-0,DTXSID1061289,3-Nonanone,CASRN,0.436515832240166,190,3.01
928-91-6,DTXSID10883609,"4-Hexen-1-ol, (4Z)-",CASRN,1.3489628825916535,159,1.2
928-95-0,DTXSID2047062,(E)-2-Hexen-1-ol,CASRN,2.344228815319922,157,1.2
928-96-1,DTXSID6022137,(Z)-3-Hexen-1-ol,CASRN,1.3803842646028848,157,1.2
928-97-2,DTXSID1022138,trans-Hex-3-en-1-ol,CASRN,1.3803842646028848,157,1.2
933-48-2,DTXSID1047570,"rel-(1S,5S)-3,3,5-Trimethylcyclohexanol",CASRN,0.35481338923357547,196,3.13
939-48-0,DTXSID9044746,Propan-2-yl benzoate,CASRN,0.0003715352290971724,216,3.17
941-98-0,DTXSID4052635,1'-Acetonaphthone,CASRN,0.00039810717055349735,300,3.06
943-27-1,DTXSID4061337,"Ethanone, 1-[4-(1,1-dimethylethyl)phenyl]-",CASRN,0.15135612484362082,251,3.34
950-33-4,DTXSID4052639,"1,1-Dimethoxycyclododecane",CASRN,0.00009549925860214369,273,5.64
996-97-4,DTXSID5061372,"Octanamide, N,N-diethyl-",CASRN,0.010232929922807542,263,3.05
999-40-6,DTXSID60883634,"Butanoic acid, (2Z)-3,7-dimethyl-2,6-octadien-1-yl ester",CASRN,0.019498445997580455,257,4.76
1072-83-9,DTXSID0047084,2-Acetylpyrrole,CASRN,0.028840315031266057,220,0.92
1074-95-9,DTXSID2044478,dl-Menthone,Deleted CAS-RN,0.2570395782768864,207,3.05
1076-56-8,DTXSID5047617,2-Isopropyl-5-methylanisole,CASRN,0.28840315031266056,223,4.44
1078-95-1,DTXSID2051550,Pinocarvyl acetate,CASRN,0.021379620895022326,230,2.93
1079-01-2,DTXSID70889329,(+)-Myrtenyl acetate,CASRN,0.034673685045253165,245,3.14
1113-21-9,DTXSID70883645,"1,6,10,14-Hexadecatetraen-3-ol, 3,7,11,15-tetramethyl-, (6E,10E)-",CASRN,0.0013803842646028853,304,7.2
1117-55-1,DTXSID8047636,Hexyl octanoate,CASRN,0.003981071705534973,273,5.72
1117-61-9,DTXSID00880647,D-Citronellol,CASRN,0.0446683592150963,224,3.91
1118-27-0,DTXSID5047160,Linalyl isovalerate,CASRN,0.022908676527677734,270,5.32
1118-39-4,DTXSID4047416,2-methyl-6-methylideneoct-7-en-2-yl acetate,CASRN,0.09772372209558107,229,4.06
1122-62-9,DTXSID7024409,1-(2-Pyridyl)-1-ethanone,CASRN,0.2344228815319922,194,0.85
1123-85-9,DTXSID8037756,2-Phenylpropan-1-ol,CASRN,0.019498445997580455,233,2.16
1124-11-4,DTXSID6047070,Tetramethylpyrazine,CASRN,1.023292992280754,190,1.28
1125-21-9,DTXSID9021685,"2,6,6-Trimethyl-2-cyclohexene-1,4-dione",CASRN,0.026915348039269153,204,2.05
1125-88-8,DTXSID5061538,"Benzene, (dimethoxymethyl)-",CASRN,0.028183829312644536,231,2.21
1128-08-1,DTXSID4051584,Dihydrojasmone,CASRN,0.0812830516164099,245,3.14
1129-62-0,DTXSID9051585,Phenylhydrazone-2-butanone,CASRN,0.17378008287493754,192,2.35
1135-66-6,DTXSID1044518,(-)-Isolongifolene,CASRN,0.0020417379446695297,258,4.85
1139-30-6,DTXSID4051586,(-)Carophyllene oxide,CASRN,0.000030199517204020192,254,5.09
1188-02-9,DTXSID20862581,"Heptanoic acid, 2-methyl-",CASRN,0.003890451449942805,227,2.74
1189-09-9,DTXSID40274147,Methyl (E)-geranate,CASRN,0.05248074602497726,221,3.78
1191-16-8,DTXSID9047128,"3,3-Dimethylallyl acetate",CASRN,7.244359600749901,147,1.98
1192-62-7,DTXSID0051601,2-Acetylfuran,CASRN,2.6915348039269156,175,0.52
1193-18-6,DTXSID8035186,3-Methyl-2-cyclohexen-1-one,CASRN,0.954992586021436,201,0.77
1193-79-9,DTXSID70152409,5-Methyl-2-furylmethylketone,CASRN,1.62181009735893,186,1.29
1193-81-3,DTXSID7047643,1-Cyclohexylethanol,CASRN,0.06606934480075961,189,2.29
1195-32-0,DTXSID7047564,1-Methyl-4-(prop-1-en-2-yl)benzene,CASRN,0.9772372209558107,185,4.03
1195-79-5,DTXSID9025324,alpha-Fenchone,CASRN,0.8128305161640993,200,3.52
1195-92-2,DTXSID50862594,Limonene oxide,CASRN,0.9120108393559098,182,3.2
1196-01-6,DTXSID9035620,"(1S,5S)-4,6,6-Trimethylbicyclo[3.1.1]hept-3-en-2-one",CASRN,0.436515832240166,228,2.23
1197-01-9,DTXSID0024890,p-Cymen-8-ol,CASRN,0.025118864315095794,231,2.62
1200-67-5,DTXSID30881243,Isobornyl formate,CASRN,0.06025595860743578,214,3.45
1203-17-4,DTXSID8027371,"2,3-Dihydro-1,1,2,3,3-pentamethyl-1H-indene",CASRN,0.01548816618912481,250,4.78
1205-17-0,DTXSID7043908,"3-(3,4-Methylenedioxyphenyl)-2-methylpropanal",CASRN,0.0007244359600749898,282,1.9
1205-42-1,DTXSID401014557,cis-2-Methyl-5-(1-methylvinyl)cyclohex-2-en-1-yl acetate,CASRN,0.03630780547701014,232,3.5
1209-61-6,DTXSID50862599,"5-Oxatricyclo[8.2.0.04,6]dodecane, 4,9,12,12-tetramethyl-",CASRN,0.00007762471166286911,270,4.39
1211-29-6,DTXSID3036731,(-)-Methyl jasmonate,CASRN,0.0016218100973589297,263,3.09
1217-08-9,DTXSID3027372,"1H-Indene-5-ethanol, 2,3-dihydro-beta,1,1,2,3,3-hexamethyl-",CASRN,0.0012882495516931337,277,5.35
1222-05-5,DTXSID8027373,"1,3,4,6,7,8-Hexahydro-4,6,6,7,8,8-hexamethylcyclopenta[g]-2-benzopyran",CASRN,0.0005370317963702527,325,5.9
1319-77-3,DTXSID3024364,Cresol,CASRN,N/A,N/A,N/A
1322-17-4,DTXSID1047657,"1,3-Nonanediol monoacetate",CASRN,N/A,N/A,N/A
1322-58-3,DTXSID50280077,"6,10-Dimethylundecen-2-one",CASRN,N/A,N/A,N/A
1323-00-8,DTXSID501014562,Santalyl acetate,CASRN,N/A,N/A,N/A
1329-99-3,DTXSID8051673,"Menthane, tetradehydro derivative",CASRN,N/A,N/A,N/A
1331-81-3,DTXSID2047486,Methoxybenzyl alcohol,CASRN,N/A,N/A,N/A
1331-83-5,DTXSID8047470,Methoxybenzyl acetate,CASRN,N/A,N/A,N/A
1333-52-4,DTXSID801014585,Methyl naphthyl ketone,CASRN,N/A,N/A,N/A
1333-53-5,DTXSID20862642,4-(Propan-2-yl)quinoline,CASRN,0.006165950018614822,267,3.41
1333-58-0,DTXSID7051680,Isobutylquinoline,CASRN,N/A,N/A,N/A
1334-78-7,DTXSID7051470,Tolualdehyde,CASRN,N/A,N/A,N/A
1335-09-7,DTXSID701014570,Methylheptenol,CASRN,N/A,N/A,N/A
1335-10-0,DTXSID501055790,Phenylpropanal,CASRN,N/A,N/A,N/A
1335-44-0,DTXSID2051681,Cuminacetaldehyde,CASRN,N/A,N/A,N/A
1335-46-2,DTXSID0029214,Methylionone,CASRN,N/A,N/A,N/A
1335-66-6,DTXSID8044541,Isocyclocitral,CASRN,N/A,N/A,N/A
1335-94-0,DTXSID8051334,Irone,CASRN,N/A,N/A,N/A
1337-83-3,DTXSID601014589,Undecenal,CASRN,N/A,N/A,N/A
1365-19-1,DTXSID6052746,"Linalool, oxide",CASRN,N/A,N/A,N/A
1405-92-1,DTXSID3051709,Cedr-8-en-15-yl acetate,CASRN,0.0000020417379446695273,330,4.23
1423-46-7,DTXSID5052678,"2,4,6-Trimethylcyclohex-3-enecarbaldehyde",CASRN,0.251188643150958,225,2.63
1438-91-1,DTXSID7061693,"Furan, 2-[(methylthio)methyl]-",CASRN,1.7378008287493754,173,2.27
1438-94-4,DTXSID5047663,1-Furfurylpyrrole,CASRN,0.006760829753919818,271,1.93
1490-04-6,DTXSID8029650,Menthol,CASRN,0.005495408738576248,212,3.34
1504-55-8,DTXSID1061738,"2-Propen-1-ol, 2-methyl-3-phenyl-",CASRN,0.007413102413009177,238,2.08
1504-74-1,DTXSID2025551,2'-Methoxycinnamaldehyde,CASRN,0.01096478196143185,241,2.03
1506-02-1,DTXSID501015522,"1-(5,6,7,8-Tetrahydro-3,5,5,6,8,8-hexamethyl-2-naphthalenyl)ethanone",CASRN,N/A,N/A,N/A
1551-44-6,DTXSID8061769,"Butanoic acid, cyclohexyl ester",CASRN,0.11220184543019636,213,3.28
1565-76-0,DTXSID60883694,"Cyclohexane, 2-methoxy-4-methyl-1-(1-methylethyl)-, (1S,2R,4R)-",CASRN,0.5495408738576245,198,5.19
1569-60-4,DTXSID8051754,6-Methylhept-5-en-2-ol,CASRN,0.44668359215096315,175,2.25
1576-78-9,DTXSID801357761,(3Z)-Hept-3-en-1-yl acetate,CASRN,0.6760829753919817,196,2.94
1576-95-0,DTXSID30878754,cis-Pent-2-ene-1-ol,CASRN,3.9810717055349722,138,0.8
1577-18-0,DTXSID10883700,(3E)-3-Hexenoic acid,CASRN,0.14791083881682077,208,1.14
1604-28-0,DTXSID7051761,"6-Methylhepta-3,5-diene-2-one",CASRN,1.2589254117941673,197,1.89
1617-23-8,DTXSID2051768,Ethyl 2-methyl-3-pentenoate,CASRN,3.1622776601683795,165,2.55
1618-26-4,DTXSID0061822,"Methane, bis(methylthio)-",CASRN,5.248074602497725,148,1.34
1629-58-9,DTXSID5025318,Ethyl vinyl ketone,CASRN,21.87761623949553,98,0.9
1632-73-1,DTXSID1041970,Fenchol,CASRN,0.03548133892335755,213,3.17
1639-09-4,DTXSID3061841,1-Heptanethiol,CASRN,1.318256738556407,177,3.45
1646-26-0,DTXSID3061845,"Ethanone, 1-(2-benzofuranyl)-",CASRN,0.0001230268770812381,263,2.35
1653-30-1,DTXSID2058673,2-Undecanol,CASRN,0.03311311214825911,234,4.55
1669-44-9,DTXSID1061867,3-Octen-2-one,CASRN,0.6918309709189365,194,2.42
1670-47-9,DTXSID6061868,"Cyclohexane, 1,1-diethoxy-",CASRN,0.33884415613920255,210,3.18
1708-34-5,DTXSID0051786,"2-Hexyl-1,3-dioxolane",CASRN,0.7413102413009175,194,2.3
1708-35-6,DTXSID10862737,"1,3-Dioxolane-4-methanol, 2-hexyl-",CASRN,0.0017378008287493763,257,1.63
1708-82-3,DTXSID6047234,Hex-3-enyl acetate,CASRN,1.318256738556407,166,2.58
1725-01-5,DTXSID5051789,"1,8-Dioxacycloheptadecan-9-one",CASRN,0.000007413102413009177,309,3.24
1728-46-7,DTXSID5047081,2-tert-Butylcyclohexanone,CASRN,0.35481338923357547,202,3.19
1759-28-0,DTXSID5061952,4-Methyl-5-vinylthiazole,CASRN,1.7782794100389228,204,1.4
1786-08-9,DTXSID6051805,Nerol oxide,CASRN,0.8709635899560807,199,3.43
1797-74-6,DTXSID8061977,Allyl phenylacetate,CASRN,0.025118864315095794,258,2.65
1817-90-9,DTXSID6061993,"Benzene, (2-ethoxyethyl)-",CASRN,0.5754399373371569,205,2.75
1838-88-6,DTXSID0051817,2-Methylpent-2-en-1-yl acetate,CASRN,2.51188643150958,167,2.5
1866-31-5,DTXSID8047509,Allyl cinnamate,CASRN,0.013489628825916533,274,2.57
1879-00-1,DTXSID70883766,"7-Octen-4-one, 2,6-dimethyl-",CASRN,0.5248074602497725,198,3.32
1885-38-7,DTXSID8044385,(2E)-3-Phenylprop-2-enenitrile,CASRN,0.07244359600749903,264,1.96
1891-67-4,DTXSID30883767,"2,6-Octadienal, 3,6,7-trimethyl-",CASRN,0.5011872336272722,229,3.38
1900-69-2,DTXSID701014582,trans-4-tert-Butylcyclohexyl acetate,CASRN,0.007585775750291836,228,4.8
1963-36-6,DTXSID7042300,4-Methoxycinnamaldehyde,CASRN,N/A,N/A,N/A
1968-40-7,DTXSID7062089,"4-Pentenoic acid, ethyl ester",CASRN,4.36515832240166,142,2.16
1975-78-6,DTXSID9027449,Decanenitrile,CASRN,0.054954087385762455,243,2.98
1984-60-7,DTXSID6062096,2-Hydroxyethyl phenoxyacetate,CASRN,0.00000776247116628691,288,0.97
2021-28-5,DTXSID9047095,Ethyl 3-phenylpropionate,CASRN,0.028840315031266057,244,2.73
2035-99-6,DTXSID7062114,"Octanoic acid, 3-methylbutyl ester",CASRN,0.010471285480508996,261,5.11
2040-10-0,DTXSID9047120,"4'-tert-Butyl-2',6'-dimethylacetophenone",CASRN,0.05128613839913648,278,3.87
2049-96-9,DTXSID2051849,Pentyl benzoate,CASRN,0.030902954325135904,250,3.62
2050-01-3,DTXSID0062131,Isopentyl isobutyrate,CASRN,1.2589254117941673,169,3.38
2050-08-0,DTXSID9029227,Pentyl 2-hydroxybenzoate,CASRN,0.000057543993733715664,270,3.18
2050-09-1,DTXSID70174484,3-Methylbutyl valerate,CASRN,0.6165950018614822,199,3.8
2051-78-7,DTXSID0047666,Allyl butyrate,CASRN,4.36515832240166,142,2.16
2051-96-9,DTXSID70862819,Benzyl 2-hydroxypropanoate,CASRN,0.0013182567385564075,258,1.46
2052-14-4,DTXSID8062153,Butyl salicylate,CASRN,0.0003715352290971724,271,4.62
2052-15-5,DTXSID3038800,Butyl 4-oxopentanoate,CASRN,0.17378008287493754,237,1.7
2057-49-0,DTXSID5044869,4-(3-Phenylpropyl)pyridine,CASRN,0.002754228703338166,322,3.25
2094-69-1,DTXSID6051853,Benzyl pivalate,CASRN,0.017378008287493755,250,3.43
2102-59-2,DTXSID701036409,"(-)-(4R,6R)-Carveol",CASRN,0.013489628825916533,228,3.12
2109-22-0,DTXSID10862833,"Cyclohexaneacetaldehyde, .alpha.-methyl-",CASRN,0.4168693834703354,191,3.08
2110-18-1,DTXSID7042356,2-(3-Phenylpropyl)pyridine,CASRN,0.005495408738576248,316,3.5
2111-75-3,DTXSID6051855,Perillaldehyde,CASRN,0.28183829312644537,240,3.13
2114-29-6,DTXSID70862834,"Benzenemethanol, .alpha.-ethyl-, 1-acetate",CASRN,0.01548816618912481,238,2.98
2120-70-9,DTXSID1051858,Phenoxyacetaldehyde,CASRN,0.12022644346174129,243,1.69
2142-94-1,DTXSID701014544,Neryl formate,CASRN,0.0588843655355589,221,3.77
2153-26-6,DTXSID20862849,"3-Cyclohexene-1-methanol, .alpha.,.alpha.,4-trimethyl-, 1-formate",CASRN,0.05128613839913648,215,3.2
2153-28-8,DTXSID30862850,"Butanoic acid, 1-methyl-1-(4-methyl-3-cyclohexen-1-yl)ethyl ester",CASRN,0.018197008586099836,253,4.81
2173-56-0,DTXSID8042218,Pentyl valerate,CASRN,0.1778279410038923,209,3.83
2173-57-1,DTXSID1051484,2-(2-Methylpropoxy)naphthalene,CASRN,0.0009120108393559096,290,4.18
2179-57-9,DTXSID9035206,Diallyl disulfide,CASRN,0.28840315031266056,188,2.77
2186-92-7,DTXSID3062239,p-(Dimethoxymethyl)anisole,CASRN,0.004897788193684461,260,2.44
2198-61-0,DTXSID7062245,"Hexanoic acid, 3-methylbutyl ester",CASRN,0.18197008586099836,217,4.24
2206-94-2,DTXSID0051865,1-Phenylethenyl acetate,CASRN,0.025118864315095794,245,2.06
2216-45-7,DTXSID5051866,4-Methylbenzyl acetate,CASRN,0.03019951720402016,229,2.44
2216-51-5,DTXSID1022180,"(1R,2S,5R)-(-)-Menthol",CASRN,0.005495408738576248,212,3.34
2216-52-6,DTXSID9044326,d-Neomenthol,CASRN,0.005495408738576248,212,3.34
2226-05-3,DTXSID70862879,"Ethanol, 2-(3,3-dimethylbicyclo[2.2.1]hept-2-ylidene)-",CASRN,0.007244359600749898,228,3.04
2230-87-7,DTXSID701026541,Neomenthol acetate,CASRN,0.10471285480508996,228,4
2244-07-7,DTXSID3062289,Undecanenitrile,CASRN,0.019054607179632473,253,3.55
2244-16-8,DTXSID8020256,d-Carvone,CASRN,0.10232929922807542,230,2.36
2257-09-2,DTXSID5021120,(2-Isothiocyanatoethyl)benzene,CASRN,0.03162277660168379,248,3.47
2270-60-2,DTXSID0047408,"Methyl 3,7-dimethyloct-6-enoate",CASRN,0.14454397707459277,221,4.15
2277-19-2,DTXSID4051879,(Z)-Non-6-enal,CASRN,0.3801893963205612,191,3.19
2277-20-5,DTXSID701317588,(E)-6-Nonenal,CASRN,0.3801893963205612,191,3.19
2305-05-7,DTXSID7047190,5-Octyldihydrofuran-2(3H)-one,CASRN,0.03630780547701014,262,3.53
2305-21-7,DTXSID3051882,2-?Hexen-?1-?ol,CASRN,2.344228815319922,157,1.2
2305-25-1,DTXSID10862898,"Hexanoic acid, 3-hydroxy-, ethyl ester",CASRN,0.012302687708123818,228,1.58
2306-78-7,DTXSID70862899,Nerolidol acetate,CASRN,0.006606934480075957,317,6.28
2311-46-8,DTXSID90177674,Isopropyl hexanoate,CASRN,1.4791083881682074,180,2.98
2344-70-9,DTXSID60862904,4-Phenylbutan-2-ol,CASRN,0.018197008586099836,239,2.37
2345-24-6,DTXSID30883828,Neryl isobutyrate,CASRN,0.05128613839913648,253,4.77
2345-26-8,DTXSID8051889,"(2E)-3,7-dimethylocta-2,6-dien-1-yl 2-methylpropanoate",CASRN,0.05128613839913648,253,4.77
2345-28-0,DTXSID6062333,2-Pentadecanone,CASRN,0.005248074602497728,292,6.36
2349-07-7,DTXSID2047519,Hexyl isobutyrate,CASRN,0.36307805477010135,199,3.98
2351-90-8,DTXSID5062344,Ethyl 2-octenoate,CASRN,0.19054607179632474,208,3.54
2363-89-5,DTXSID0062349,2-Octenal,CASRN,0.5754399373371569,174,2.62
2371-13-3,DTXSID40862907,"2-Octen-1-ol, 1-acetate",CASRN,0.1148153621496883,208,3.72
2396-77-2,DTXSID2062375,"2-Hexenoic acid, methyl ester",CASRN,3.890451449942806,149,2.31
2396-78-3,DTXSID7062376,Methyl 3-hexenoate,CASRN,3.890451449942806,151,2.17
2396-83-0,DTXSID2062377,Ethyl 3-hexenoate,CASRN,2.137962089502232,166,2.52
2396-84-1,DTXSID80883712,"2,4-Hexadienoic acid, ethyl ester, (2E,4E)-",CASRN,2.1877616239495525,195,2.35
2396-85-2,DTXSID7062378,"2-Octenoic acid, methyl ester",CASRN,1.023292992280754,193,2.99
2403-58-9,DTXSID7051896,p-(Diethoxymethyl)anisole,CASRN,0.001412537544622754,262,2.61
2408-20-0,DTXSID0047668,Allyl propionate,CASRN,14.454397707459272,122,1.48
2408-37-9,DTXSID20862925,"Cyclohexanone, 2,2,6-trimethyl-",CASRN,0.660693448007596,186,3.17
2416-94-6,DTXSID6022187,"2,3,6-Trimethylphenol",CASRN,0.034673685045253165,226,2.67
2432-51-1,DTXSID5047669,S-Methyl thiobutyrate,CASRN,7.5857757502918375,166,1.15
2432-91-9,DTXSID80862941,"Butanethioic acid, 3-methyl-, S-(1-methylpropyl) ester",CASRN,0.6309573444801932,227,2.79
2435-16-7,DTXSID9051901,2-Heptyltetrahydrofuran,CASRN,0.8511380382023764,235,4.91
2436-90-0,DTXSID8029234,Dihydromyrcene,CASRN,3.2359365692962827,165,4.82
2437-25-4,DTXSID1022188,n-Undecyl cyanide,CASRN,0.00239883291901949,277,4.07
2442-10-6,DTXSID9051903,Oct-1-en-3-yl acetate,CASRN,1.202264434617413,206,3.72
2444-46-4,DTXSID1034769,N-Vanillylnonanamide,CASRN,4.466835921509635E-9,328,2.87
2445-67-2,DTXSID20862945,"Butanoic acid, 2-methyl-, 2-methylpropyl ester",CASRN,1.9054607179632472,169,3.38
2445-72-9,DTXSID5074341,"Propanoic acid, 2-methyl-, pentyl ester",CASRN,1.1220184543019633,179,3.24
2445-76-3,DTXSID5047582,Hexyl propanoate,CASRN,0.5495408738576245,189,3.31
2445-77-4,DTXSID4041440,2-Methylbutyl isovalerate,CASRN,0.7585775750291838,191,3.92
2445-78-5,DTXSID40862947,"Butanoic acid, 2-methyl-, 2-methylbutyl ester",CASRN,0.7762471166286917,191,3.95
2463-53-8,DTXSID3047219,2-Nonenal,CASRN,0.3801893963205612,191,3.1
2463-77-6,DTXSID701377558,2-Undecenal,CASRN,0.020417379446695295,220,4.04
2497-18-9,DTXSID40879237,trans-Hex-2-enyl acetate,CASRN,1.318256738556407,166,2.58
2500-83-6,DTXSID3051917,"3a,4,5,6,7,7a-Hexahydro-1H-4,7-methanoinden-5-yl acetate",CASRN,0.0020892961308540386,262,2.47
2511-00-4,DTXSID90862977,"Cyclohexaneacetic acid, .alpha.-methyl-, ethyl ester",CASRN,0.054954087385762455,216,3.89
2520-60-7,DTXSID0025579,2-(3-Methyl-2-butenyl)cyclopentanone,CASRN,0.22387211385683395,229,2.69
2548-87-0,DTXSID40858789,(E)-2-Octenal,CASRN,0.5754399373371569,174,2.62
2550-11-0,DTXSID20862985,"6-Octen-3-one, 4,7-dimethyl-",CASRN,0.5128613839913648,204,3.32
2550-26-7,DTXSID6033241,Benzylacetone,CASRN,0.06760829753919818,231,2.38
2550-52-9,DTXSID9062514,Cyclohexadecanone,CASRN,0.000004897788193684467,303,6.24
2550-59-6,DTXSID5074397,7-Cyclohexadecen-1-one,CASRN,0.000012589254117941661,315,6
2555-49-9,DTXSID3062520,Ethyl phenoxyacetate,CASRN,0.004265795188015926,265,1.66
2556-10-7,DTXSID6051930,[2-(1-Ethoxyethoxy)ethyl]benzene,CASRN,0.011748975549395297,250,2.54
2563-07-7,DTXSID8062523,"Phenol, 2-ethoxy-4-methyl-",CASRN,0.01778279410038923,233,2.02
2565-82-4,DTXSID90883864,"2,6-Octadiene, 1-methoxy-3,7-dimethyl-, (2E)-",CASRN,1.023292992280754,207,2.95
2568-25-4,DTXSID60862989,"1,3-Dioxolane, 4-methyl-2-phenyl-",CASRN,0.010715193052376065,245,2.64
2623-23-6,DTXSID7051472,L-Menthyl acetate,CASRN,0.10471285480508996,228,4
2639-63-6,DTXSID8047559,Hexyl butyrate,CASRN,0.1778279410038923,209,3.97
2679-87-0,DTXSID30863009,"Butane, 2-ethoxy-",CASRN,128.82495516931337,83,1.61
2705-87-5,DTXSID8044755,Prop-2-en-1-yl 3-cyclohexylpropanoate,CASRN,0.05370317963702527,236,4.02
2719-08-6,DTXSID0051948,Methyl 2-(acetylamino)benzoate,CASRN,0.000007244359600749906,295,1.65
2721-22-4,DTXSID60863012,delta-Lactone,CASRN,0.004073802778041126,282,5.12
2756-56-1,DTXSID2042062,Isobornyl propanoate,CASRN,0.06606934480075961,239,4.34
2785-87-7,DTXSID2047199,2-Methoxy-4-propylphenol,CASRN,0.005011872336272725,250,2.65
2785-89-9,DTXSID0047038,4-Ethyl-2-methoxyphenol,CASRN,0.006456542290346556,236,2.1
2810-04-0,DTXSID10182381,Ethyl 2-thenoate,CASRN,0.20417379446695297,218,2.33
2847-30-5,DTXSID80863034,2-Methoxy-3-methylpyrazine,CASRN,0.2754228703338166,158,1.24
2882-20-4,DTXSID70863048,2-Methyl-3-(methylthio)pyrazine,CASRN,0.01,213,1.81
2983-37-1,DTXSID40863070,"Hexanoic acid, 2-ethyl-, ethyl ester",CASRN,0.8128305161640993,199,3.96
2986-54-1,DTXSID1062758,"Cyclododecane, methoxy-",CASRN,0.0004897788193684461,266,5.62
3008-43-3,DTXSID9047675,"3-Methylcyclohexane-1,2-dione",CASRN,0.19498445997580455,201,0.63
3016-19-1,DTXSID00883936,"2,4,6-Octatriene, 2,6-dimethyl-, (4E,6E)-",CASRN,2.51188643150958,188,4.15
3025-30-7,DTXSID0041357,"Ethyl (2E,4Z)-deca-2,4-dienoate",CASRN,0.07943282347242814,237,4.17
3033-23-6,DTXSID6051980,"(2S,4R)-4-Methyl-2-(2-methylprop-1-en-1-yl)tetrahydro-2H-pyran",CASRN,0.954992586021436,184,3.97
3054-92-0,DTXSID90184621,"2,3,4-Trimethyl-3-pentanol",CASRN,2.8183829312644537,156,2.45
3100-36-5,DTXSID0051994,8-Cyclohexadecen-1-one,CASRN,0.000012589254117941661,315,6
3142-72-1,DTXSID0051998,2-Methylpent-2-en-1-oic acid,CASRN,0.1318256738556407,214,1.48
3149-28-8,DTXSID4047676,2-Methoxypyrazine,CASRN,0.20417379446695297,154,0.73
3155-71-3,DTXSID9052000,"2-Methyl-4-(2,6,6-trimethyl-1-cyclohexen-1-yl)-2-butenal",CASRN,0.10232929922807542,272,4.36
3188-00-9,DTXSID9047677,2-Methyltetrahydrofuran-3-one,CASRN,7.244359600749901,145,0.28
3208-16-0,DTXSID7062906,2-Ethylfuran,CASRN,23.9883291901949,92,2.4
3208-40-0,DTXSID9052004,2-(3-Phenylpropyl)tetrahydrofuran,CASRN,0.015848931924611134,273,3.81
3209-13-0,DTXSID1047443,3-Methoxy-5-methylphenol,CASRN,0.018197008586099836,250,1.88
3239-35-8,DTXSID6051489,"(E)-6,10-Dimethylundeca-5,9-dien-2-yl acetate",CASRN,0.013803842646028845,273,5.28
3239-37-0,DTXSID701213087,"5,9-Undecadien-2-ol, 6,10-dimethyl-, 2-acetate, (5Z)-",CASRN,0.013803842646028845,273,5.28
3240-29-7,DTXSID2075396,"4-Penten-1-one, 1-phenyl-",CASRN,0.13489628825916536,254,2.59
3268-49-3,DTXSID9027528,3-(Methylthio)propanal,CASRN,9.120108393559097,165,1.17
3288-99-1,DTXSID8052011,(4-tert-Butylphenyl)acetonitrile,CASRN,0.06918309709189366,282,2.92
3293-47-8,DTXSID90863146,Dihydro-beta-ionol,CASRN,0.01412537544622754,275,3.98
3301-94-8,DTXSID70863149,"2H-Pyran-2-one, 6-butyltetrahydro-",CASRN,0.054954087385762455,208,2.54
3338-55-4,DTXSID3052018,"(Z)-3,7-Dimethylocta-1,3,6,-triene",CASRN,3.9810717055349722,175,4.3
3387-41-5,DTXSID70863164,Sabinene,CASRN,3.2359365692962827,159,4.37
3390-12-3,DTXSID90863166,"2,4-Dimethyl-1,3-dioxolane",CASRN,46.77351412871981,102,0.53
3391-83-1,DTXSID2052023,"1,7-Dioxacycloheptadecan-8-one",CASRN,0.000007413102413009177,309,3.24
3391-86-4,DTXSID3035214,1-Octen-3-ol,CASRN,0.19054607179632474,180,2.38
3407-42-9,DTXSID5044817,Isobornyl cyclohexanol,CASRN,0.0014791083881682072,286,4.18
3452-97-9,DTXSID7029661,"3,5,5-Trimethyl-1-hexanol",CASRN,0.3019951720402016,194,3.07
3460-44-4,DTXSID00863177,1-Phenylethyl butanoate,CASRN,0.04897788193684462,249,3.48
3487-99-8,DTXSID7063051,"2-Propenoic acid, 3-phenyl-, pentyl ester",CASRN,0.007585775750291836,274,3.55
3508-98-3,DTXSID2052027,2-Phenylhexanenitrile,CASRN,0.09549925860214359,282,2.53
3526-75-8,DTXSID50883986,"5-Azulenemethanol, decahydro-.alpha.,.alpha.,3,8-tetramethyl-, (3S,3aS,5R,8S,8aS)-",CASRN,0.00707945784384138,288,4
3549-23-3,DTXSID0063070,"Benzeneacetic acid, 4-(1,1-dimethylethyl)-, methyl ester",CASRN,0.03162277660168379,254,3.41
3558-60-9,DTXSID1052032,(2-Methoxyethyl)benzene,CASRN,0.7762471166286917,189,2.06
3583-00-4,DTXSID6052035,"4-Isopropyl-5,5-dimethyl-1,3-dioxane",CASRN,1.4125375446227544,173,2.24
3608-11-5,DTXSID00863218,"Ethanone, 1-(4,7,7-trimethylbicyclo[4.1.0]hept-4-en-3-yl)-",CASRN,0.1318256738556407,254,2.81
3613-30-7,DTXSID7038818,"7-Methoxy-3,7-dimethyloctanal",CASRN,0.12589254117941673,223,3.78
3623-51-6,DTXSID20883998,dl-Neomenthol,CASRN,0.005495408738576248,212,3.34
3658-77-3,DTXSID0041517,"4-Hydroxy-2,5-dimethyl-3(2H)furanone",CASRN,0.6309573444801932,197,0.05
3658-80-8,DTXSID9063118,"Trisulfide, dimethyl",CASRN,0.6918309709189365,181,2.75
3658-93-3,DTXSID0052045,"1,1-Diethoxyhexane",CASRN,1.6595869074375607,195,3
3681-71-8,DTXSID0041484,(3Z)-3-Hexenyl acetate,CASRN,1.318256738556407,166,2.58
3681-82-1,DTXSID00880889,trans-3-Hexenyl acetate,CASRN,1.318256738556407,166,2.58
3691-12-1,DTXSID5052046,alpha-Guaiene,CASRN,0.023442288153199226,255,5.36
3720-16-9,DTXSID80863256,"2-Cyclohexen-1-one, 3-methyl-5-propyl-",CASRN,0.14791083881682077,228,2.66
3724-65-0,DTXSID7027544,2-Butenoic acid,CASRN,1.7378008287493754,185,0.72
3738-00-9,DTXSID2048119,"Dodecahydro-3a,6,6,9a-tetramethylnaphtho[2,1-b]furan",CASRN,0.00002238721138568338,305,5.56
3777-69-3,DTXSID9047679,2-Pentylfuran,CASRN,0.72443596007499,176,4.23
3782-00-1,DTXSID6063191,"Benzofuran, 2,3-dimethyl-",CASRN,0.11748975549395294,216,3.01
3796-70-1,DTXSID4052053,"(E)-6,10-Dimethylundeca-5,9-dien-2-one",CASRN,0.05370317963702527,248,4.29
3842-03-3,DTXSID8063208,"Butane, 1,1-diethoxy-3-methyl-",CASRN,19.952623149688797,168,2.18
3848-24-6,DTXSID2047066,"2,3-Hexanedione",CASRN,2.51188643150958,161,0.75
3910-35-8,DTXSID20863290,"1,1,-Trimethyl-3-phenylindane",CASRN,0.0009332543007969915,309,6.18
3913-71-1,DTXSID8052065,2-Decenal,CASRN,0.09549925860214359,230,3.54
3913-81-3,DTXSID5047035,(2E)-2-Decenal,CASRN,0.09549925860214359,230,3.54
3915-83-1,DTXSID80884022,Neryl isovalerate,CASRN,0.013489628825916533,273,5.15
4077-47-8,DTXSID20863316,"3(2H)-Furanone, 4-methoxy-2,5-dimethyl-",CASRN,0.16595869074375605,196,0.71
4125-43-3,DTXSID0063315,"Benzene, 1-methoxy-2-(2-propenyloxy)-",CASRN,0.014791083881682071,265,2.22
4166-20-5,DTXSID80863332,"2,5-Dimethyl-4-oxo-4,5-dihydrofuran-3-yl acetate",CASRN,0.026302679918953815,213,0.77
4179-19-5,DTXSID8063339,"3,5-Dimethoxytoluene",CASRN,0.023442288153199226,244,2.65
4180-23-8,DTXSID9020087,(E)-Anethole,CASRN,0.0707945784384138,234,3.02
4194-00-7,DTXSID80863337,"Phenol, 2-methoxy-4-(1-propen-1-yl)-, 1-benzoate",CASRN,0.0000239883291901949,349,3.44
4221-98-1,DTXSID3047053,(R)-alpha-Phellandrene,CASRN,1.4125375446227544,172,4.23
4221-99-2,DTXSID301360511,(S)-(+)-2-Butanol,CASRN,18.197008586099834,100,0.61
4230-97-1,DTXSID9063370,Allyl octanoate,CASRN,0.09120108393559097,219,4.12
4312-99-6,DTXSID5047162,1-Octen-3-one,CASRN,1,168,2.44
4359-47-1,DTXSID80863377,"1,3-Dioxolane, 2-(1-ethylpentyl)-",CASRN,0.8511380382023764,210,2.89
4359-57-3,DTXSID7063429,"1,3-Dioxolane, 2-heptyl-",CASRN,0.6025595860743578,210,2.6
4360-47-8,DTXSID2052100,3-Phenylprop-2-enenitrile,CASRN,0.07244359600749903,264,1.96
4364-06-1,DTXSID1063433,"(3,3-Dimethoxypropen-1-yl)benzene",CASRN,0.010471285480508996,243,2.85
4395-92-0,DTXSID2052102,p-Isopropylphenylacetaldehyde,CASRN,0.5128613839913648,221,4.39
4411-89-6,DTXSID20863391,"Benzeneacetaldehyde, .alpha.-ethylidene-",CASRN,0.10232929922807542,257,2.22
4430-31-3,DTXSID7052105,Octahydro-2H-1-benzopyran-2-one,CASRN,0.0162181009735893,209,2.42
4437-20-1,DTXSID3063463,"Furan, 2,2'-[dithiobis(methylene)]bis-",CASRN,7.079457843841374E-7,314,4.2
4437-51-8,DTXSID3047681,"3,4-Hexanedione",CASRN,2.3988329190194904,161,0.76
4440-65-7,DTXSID2063470,3-Hexenal,CASRN,21.379620895022324,121,1.39
4442-79-9,DTXSID7063473,Cyclohexaneethanol,CASRN,0.16595869074375605,208,2.29
4501-58-0,DTXSID3044756,"[(1R)-2,2,3-Trimethylcyclopent-3-en-1-yl]acetaldehyde",CASRN,0.6309573444801932,228,2.7
4573-50-6,DTXSID10884090,"2-Cyclohexen-1-one, 3-methyl-6-(1-methylethyl)-, (6R)-",CASRN,0.22387211385683395,234,2.85
4602-84-0,DTXSID3032389,Farnesol,CASRN,0.0022908676527677724,278,4.91
4606-15-9,DTXSID9063534,"Benzeneacetic acid, propyl ester",CASRN,0.026915348039269153,244,3.01
4610-11-1,DTXSID50894739,(2R-cis)-tetrahydro-4-methyl-2-(2-methyl-1-propenyl)-2H-pyran,CASRN,0.954992586021436,184,3.97
4621-04-9,DTXSID2047149,4-Isopropylcyclohexanol,CASRN,0.03548133892335755,189,2.92
4625-90-5,DTXSID801021225,"(5r,8r)-8-Isopropyl-1-oxaspiro[4.5]decan-2-one",CASRN,0.028840315031266057,260,3.77
4630-07-3,DTXSID8047052,Valencene,CASRN,0.014454397707459272,254,5.27
4634-89-3,DTXSID70884096,"4-Hexenal, (4Z)-",CASRN,21.379620895022324,121,1.36
4643-27-0,DTXSID3047134,2-Octen-4-one,CASRN,1.096478196143185,194,2.57
4674-50-4,DTXSID8047050,Nootkatone,CASRN,0.003019951720402016,293,3.84
4695-62-9,DTXSID60858862,d-Fenchone,CASRN,0.8128305161640993,200,3.52
4707-47-5,DTXSID9041653,Methyl 3-methylorsellinate,CASRN,3.311311214825908E-8,289,2.05
4728-82-9,DTXSID9063580,"Cyclohexaneacetic acid, 2-propenyl ester",CASRN,0.05128613839913648,230,3.55
4740-79-8,DTXSID4063589,"1,3-Dioxan-5-ol, 2-(phenylmethyl)-",CASRN,0.000005623413251903491,265,1.49
4747-07-3,DTXSID3063594,"Hexane, 1-methoxy-",CASRN,28.84031503126606,121,2.5
4747-61-9,DTXSID70863447,"Bicyclo[3.1.1]heptane-2-ethanol, 6,6-dimethyl-",CASRN,0.006918309709189363,220,3.26
4748-78-1,DTXSID0047080,4-Ethylbenzaldehyde,CASRN,0.40738027780411273,219,2.02
4798-44-1,DTXSID1022219,1-Hexen-3-ol,CASRN,2.4547089156850306,134,1.02
4802-20-4,DTXSID2025501,Limonene dimercaptan,CASRN,0.1778279410038923,249,3.35
4819-67-4,DTXSID1044566,2-Pentylcyclopentanone,CASRN,0.23988329190194904,210,3.13
4826-62-4,DTXSID0052122,2-?Dodecenal,CASRN,0.01412537544622754,226,4.66
4864-61-3,DTXSID30863463,3-Octyl acetate,CASRN,0.6760829753919817,205,3.64
4884-24-6,DTXSID70863467,"[1,1'-Bicyclopentyl]-2-one",CASRN,0.06760829753919818,232,2.56
4927-36-0,DTXSID5052129,5-Methyl-5-phenylhexan-3-one,CASRN,0.05011872336272722,259,3.83
4927-39-3,DTXSID8047682,4-Cyclohexyl-4-methyl-pentan-2-one,CASRN,0.1380384264602885,227,4.39
4940-11-8,DTXSID5041516,2-Ethyl-3-hydroxy-4-pyrone,CASRN,0.07943282347242814,201,0.63
5120-20-7,N/A,N/A,Searched by CASRN: Found 0 results,N/A,N/A,N/A
5137-52-0,DTXSID7063714,"Benzeneacetic acid, pentyl ester",CASRN,0.03235936569296283,271,3.46
5182-36-5,DTXSID7052157,Floropal,CASRN,0.003388441561392024,255,2.8
5205-07-2,DTXSID30863504,"3-Buten-1-ol, 3-methyl-, 1-acetate",CASRN,6.760829753919817,145,2.13
5205-11-8,DTXSID8047131,3-Methyl-2-butenyl benzoate,CASRN,0.024547089156850298,262,3.24
5240-32-4,DTXSID40863510,"Cyclohexanol, 1-ethynyl-, 1-acetate",CASRN,0.16595869074375605,204,2.29
5292-21-7,DTXSID7063762,Cyclohexaneacetic acid,CASRN,0.0014791083881682072,245,2.54
5320-75-2,DTXSID1052169,3-Phenylprop-2-en-1-yl benzoate,CASRN,0.000018197008586099827,351,3.76
5331-14-6,DTXSID5063784,"Benzene, (2-butoxyethyl)-",CASRN,0.3467368504525316,232,2.94
5331-32-8,DTXSID0052174,"(1R,2R,4R)-2-Methoxy-1,7,7-trimethylbicyclo[2.2.1]heptane -rel-",CASRN,1.0715193052376064,199,4.03
5365-06-0,N/A,N/A,Searched by CASRN: Found 0 results,N/A,N/A,N/A
5392-40-5,DTXSID6024836,"3,7-Dimethyl-2,6-octadienal",CASRN,0.6456542290346555,228,3
5405-41-4,DTXSID6025305,Ethyl 3-hydroxybutyrate,CASRN,0.1288249551693134,185,0.34
5405-58-3,DTXSID2063842,"Hexane, 1,1'-[ethylidenebis(oxy)]bis-",CASRN,0.009549925860214359,273,5.21
5406-58-6,DTXSID4052188,"2,5,5-Trimethyl-2-phenyl-1,3-dioxane",CASRN,0.008128305161640995,260,2.72
5413-60-5,DTXSID4029270,Jasmacyclen,CASRN,0.0020892961308540386,262,2.47
5421-17-0,DTXSID1063859,"Benzeneacetic acid, hexyl ester",CASRN,0.012589254117941675,276,3.7
5434-57-1,DTXSID9042045,Hexyl pivalate,CASRN,0.1548816618912481,221,4.24
5435-64-3,DTXSID6047107,"3,5,5-Trimethylhexanal",CASRN,0.08317637711026708,173,3.29
5448-22-6,DTXSID0052201,trans-2-tert-Butylcyclohexan-1-ol,CASRN,0.03311311214825911,213,3.2
5452-75-5,DTXSID4063901,"Cyclohexaneacetic acid, ethyl ester",CASRN,0.10471285480508996,213,3.4
5454-19-3,DTXSID4063905,"Propanoic acid, decyl ester",CASRN,0.004168693834703355,262,5.21
5457-70-5,DTXSID4063909,Phenethyl octanoate,CASRN,0.0006760829753919819,319,4.74
5461-06-3,DTXSID3063916,Isobutyl octanoate,CASRN,0.034673685045253165,243,4.56
5462-06-6,DTXSID6044567,3-(4-Methoxyphenyl)-2-methylpropanal,CASRN,0.01548816618912481,264,2.44
5471-51-2,DTXSID5044495,4-(4-Hydroxyphenyl)butan-2-one,CASRN,0.00006918309709189363,270,1.65
5524-05-0,DTXSID80881218,"(1R,4R)-(+)-Dihydrocarvone",CASRN,0.251188643150958,220,2.85
5533-03-9,DTXSID40203896,2-Methoxy-4-(methoxymethyl)phenol,CASRN,0.000011481536214968817,273,1.55
5579-78-2,DTXSID8047551,epsilon-Decalactone,CASRN,0.01778279410038923,241,3.08
5595-79-9,DTXSID6074918,"Phenol, 2-ethoxy-4-(methoxymethyl)-",CASRN,0.000011748975549395302,270,1.65
5655-61-8,DTXSID3052228,(-)Bornyl acetate,CASRN,0.22387211385683395,221,4.3
5760-50-9,DTXSID5063998,"9-Undecenoic acid, methyl ester",CASRN,0.019498445997580455,242,4.25
5764-85-2,DTXSID2052239,Ethyl 3-hydroxy-3-phenylpropionate,CASRN,0.00002290867652767775,268,2.54
5794-04-7,DTXSID3046538,(-)-Camphene,CASRN,2.51188643150958,159,4.22
5837-78-5,DTXSID8047688,Ethyl tiglate,CASRN,7.244359600749901,155,2.11
5870-93-9,DTXSID0042038,Heptyl butyrate,CASRN,0.10232929922807542,226,4.25
5910-89-4,DTXSID4064058,"Pyrazine, 2,3-dimethyl-",CASRN,1.2302687708123816,156,0.54
5921-82-4,DTXSID60863653,Heptan-2-yl acetate,CASRN,1.1481536214968828,180,3.12
5932-68-3,DTXSID50872350,(E)-Isoeugenol,CASRN,0.012022644346174132,266,3.04
5947-36-4,DTXSID30863660,10-Pinen-3-ol,CASRN,0.023988329190194897,214,3.05
5949-05-3,DTXSID2044476,(S)-(-)-Citronellal,CASRN,0.3801893963205612,207,3.83
5986-38-9,DTXSID4052265,"2,6-Dimethyl-5,7-octadien-2-ol",CASRN,N/A,N/A,N/A
5986-55-0,DTXSID9052266,"(1R,4S,4aS,6R,8aS)-4,8a,9,9-Tetramethyloctahydro-1,6-methanonaphthalen-1(2H)-ol",CASRN,0.005248074602497728,285,3.84
5988-91-0,DTXSID4044826,"3,7-Dimethyloctanal",CASRN,0.36307805477010135,200,3.87
5989-27-5,DTXSID1020778,D-Limonene,CASRN,1.5488166189124815,175,4.51
5989-33-3,DTXSID50881205,"rel-(2R,5S)-5-Ethenyltetrahydro-?,?,5-trimethyl-2-furanmethanol",CASRN,0.2630267991895382,217,2.43
5989-54-8,DTXSID6047078,(S)-Limonene,CASRN,1.5488166189124815,175,4.51
6032-29-7,DTXSID3052721,Pentan-2-ol,CASRN,6.025595860743578,119,1.19
6051-03-2,DTXSID8052271,Hexahydro-3H-benzofuran-2-one,CASRN,0.019498445997580455,210,1.59
6091-50-5,DTXSID401317272,(+)-Piperitone,CASRN,0.22387211385683395,234,2.85
6175-49-1,DTXSID4022236,2-Dodecanone,CASRN,0.020417379446695295,246,4.57
6191-71-5,DTXSID30884234,(4Z)-4-Hepten-1-ol,CASRN,0.14125375446227545,177,1.96
6259-76-3,DTXSID4038924,Hexyl salicylate,CASRN,0.000026302679918953814,272,3.19
6283-92-7,DTXSID40863737,"Propanoic acid, 2-hydroxy-, dodecyl ester",CASRN,0.000005754399373371567,312,5.39
6290-17-1,DTXSID4047549,"Ethyl 2,4-dimethyl-1,3-dioxolane-2-acetate",CASRN,0.04265795188015926,219,0.84
6290-37-5,DTXSID5047584,2-Phenylethyl hexanoate,CASRN,0.013489628825916533,276,3.64
6297-41-2,DTXSID70863740,"Pentanoic acid, 2-methyl-, butyl ester",CASRN,0.6309573444801932,199,3.96
6314-97-2,DTXSID2052314,"(2,2-Diethoxyethyl)benzene",CASRN,0.011220184543019636,250,2.54
6315-04-4,DTXSID3064225,2-Phenylethyl 2-ethylbutyrate,CASRN,0.013182567385564075,276,3.59
6324-78-3,DTXSID2064234,"p-(2,2-Dimethoxyethoxy)toluene",CASRN,0.0028840315031266055,256,2.46
6378-65-0,DTXSID3047552,Hexyl hexanoate,CASRN,0.016982436524617443,243,4.49
6379-73-3,DTXSID0047400,5-Isopropyl-2-methylanisole,CASRN,0.2691534803926916,223,4.45
6413-10-1,DTXSID3041241,"1,3-Dioxolane-2-acetic acid, 2-methyl-, ethyl ester",CASRN,0.046773514128719815,218,0.86
6413-26-9,DTXSID60863794,"1,5-Dioxaspiro[5.5]undecane, 2-methyl-",CASRN,0.6165950018614822,208,2.64
6485-40-1,DTXSID7041413,R-(-)-Carvone,CASRN,0.10232929922807542,230,2.36
6658-48-6,DTXSID4052346,3-(p-Cumenyl)-2-methylpropionaldehyde,CASRN,0.11220184543019636,279,3.87
6707-60-4,DTXSID4047705,12-Oxahexadecanolide,CASRN,0.000007413102413009177,309,3.24
6728-26-3,DTXSID1041425,(2E)-2-Hexenal,CASRN,21.379620895022324,146,1.1
6728-31-0,DTXSID50884332,"4-Heptenal, (4Z)-",CASRN,1.023292992280754,151,1.99
6753-98-6,DTXSID30858793,alpha-Humulene,CASRN,0.0010964781961431851,250,5.74
6784-08-3,DTXSID6052378,"4,7,7-Trimethyl-6-thiabicyclo[3.2.1]oct-3-ene",CASRN,0.08912509381337455,219,4.02
6784-13-0,DTXSID1052379,3-(4-Methylcyclohex-3-en-1-yl)butanal,CASRN,0.06760829753919818,229,2.91
6789-80-6,DTXSID30884335,"3-Hexenal, (3Z)-",CASRN,21.379620895022324,121,1.39
6789-88-4,DTXSID9025403,Hexyl benzoate,CASRN,0.030902954325135904,272,3.45
6790-58-5,DTXSID0047113,(-)-Ambroxide,CASRN,0.00002238721138568338,305,5.56
6812-78-8,DTXSID1047233,"(3S)-3,7-Dimethyl-7-octen-1-ol",CASRN,0.06606934480075961,222,3.71
6819-19-8,DTXSID1052400,3-(4-Methylcyclohex-3-enyl)but-3-enyl acetate,CASRN,0.011748975549395297,263,4.26
6876-12-6,DTXSID20897439,trans-Isolimonene,CASRN,1.288249551693134,176,4.22
6915-15-7,DTXSID0027640,Malic acid,CASRN,3.311311214825908E-8,318,-1.26
6931-54-0,DTXSID70863962,"Spiro[bicyclo[3.1.1]heptane-2,2'-oxirane], 6,6-dimethyl-",CASRN,0.8511380382023764,185,4.12
6938-45-0,DTXSID60219474,Benzyl hexanoate,CASRN,0.03162277660168379,271,3.47
7011-83-8,DTXSID3041299,Dihydrojasmone lactone,CASRN,0.06309573444801933,268,3.35
7028-48-0,DTXSID4074352,"Benzeneacetaldehyde, oxime",CASRN,0.0004897788193684461,247,1.98
7069-41-2,DTXSID8052518,(2E)-2-Tridecenal,CASRN,0.011748975549395297,256,4.97
7070-15-7,DTXSID1052452,"rel-2-{[(1R,2R,4R)-1,7,7-Trimethylbicyclo[2.2.1]hept-2-yl]oxy}ethanol",CASRN,0.00012589254117941674,262,3.01
7143-69-3,DTXSID90864012,"Benzeneacetic acid, 1-ethenyl-1,5-dimethyl-4-hexen-1-yl ester",CASRN,0.00004265795188015926,341,5.48
7149-26-0,DTXSID2025503,Linalyl anthranilate,CASRN,3.981071705534969E-7,329,4.03
7158-25-0,DTXSID50864018,Tricyclopentadiene,CASRN,0.00007079457843841373,294,4.23
7212-44-4,DTXSID3022247,Nerolidol,CASRN,0.006606934480075957,276,4.86
7214-18-8,DTXSID00884362,"Cyclohexanol, 2-(1,1-dimethylethyl)-, (1R,2R)-rel-",CASRN,0.03311311214825911,213,3.2
7289-52-3,DTXSID6064616,"Decane, 1-methoxy-",CASRN,0.4897788193684462,216,4.73
7306-12-9,DTXSID4052473,3-Phenylbut-3-enyl acetate,CASRN,0.028840315031266057,250,2.99
7335-26-4,DTXSID9047126,Ethyl o-anisate,CASRN,0.0028840315031266055,264,2.33
7367-88-6,DTXSID50884377,"2-Decenoic acid, ethyl ester, (2E)-",CASRN,0.03235936569296283,241,4.23
7370-92-5,DTXSID00864048,6-Octyloxan-2-one,CASRN,0.03630780547701014,278,4.11
7392-19-0,DTXSID8051338,"2,2,6-Trimethyl-6-vinyltetrahydropyran",CASRN,1.023292992280754,173,3.18
7399-50-0,DTXSID4052477,2-(1-Ethylpropyl)pyridine,CASRN,0.24547089156850305,196,3.8
7403-42-1,DTXSID6064664,"2-Pentanone, 4-methyl-4-phenyl-",CASRN,0.046773514128719815,251,3.61
7416-35-5,N/A,N/A,Searched by CASRN: Found 0 results,N/A,N/A,N/A
7452-79-1,DTXSID3052488,Ethyl 2-methylbutyrate,CASRN,6.760829753919817,138,2.2
7460-74-4,DTXSID9064712,"Pentanoic acid, 2-phenylethyl ester",CASRN,0.03162277660168379,271,3.46
7492-44-6,DTXSID7052490,alpha-Butylcinnamaldehyde,CASRN,0.09772372209558107,276,3.04
7492-66-2,DTXSID1024837,Citral diethyl acetal,CASRN,0.014791083881682071,255,4.9
7492-67-3,DTXSID7052492,"[(3,7-Dimethyl-6-octenyl)oxy]acetaldehyde",CASRN,0.04073802778041128,244,3.58
7492-70-8,DTXSID3044831,1-Butoxy-1-oxopropan-2-yl butanoate,CASRN,0.028183829312644536,242,1.7
7493-57-4,DTXSID2052493,[2-(1-Propoxyethoxy)ethyl]benzene,CASRN,0.007943282347242814,260,2.8
7493-74-5,DTXSID3064722,Allyl phenoxyacetate,CASRN,0.0020417379446695297,270,1.86
7540-51-4,DTXSID1041550,(S)-(-)-beta-Citronellol,CASRN,0.0446683592150963,224,3.91
7540-53-6,DTXSID00864088,"Pentanoic acid, 3,7-dimethyl-6-octen-1-yl ester",CASRN,0.00776247116628692,292,5.43
7541-49-3,DTXSID40859291,"3,7,11,15-Tetramethyl-2-hexadecene-1-ol",CASRN,N/A,N/A,N/A
7549-33-9,DTXSID8047713,Anisyl propionate,CASRN,0.0006025595860743575,270,2.6
7549-37-3,DTXSID8044832,"3,7-Dimethyl-2,6-octadienal dimethyl acetal",CASRN,0.06456542290346556,231,2.95
7605-52-9,DTXSID4074649,"Cyclohexanecarboxylic acid, 3-methyl-, methyl ester, (1R,3S)-rel-",CASRN,0.15848931924611134,192,2.99
7705-14-8,DTXSID2029612,Limonene,Deleted CAS-RN,1.5488166189124815,175,4.51
7756-96-9,DTXSID5024683,Butyl anthranilate,CASRN,0.000977237220955811,276,2.76
7764-50-3,DTXSID00863556,2-Methyl-5-(1-methylethenyl)cyclohexanone,CASRN,0.251188643150958,220,2.85
7774-65-4,DTXSID50864114,"Propanoic acid, 2-methyl-, 1-methyl-1-(4-methyl-3-cyclohexen-1-yl)ethyl ester",CASRN,0.05370317963702527,252,4.85
7774-82-5,DTXSID0052883,2-Tridecenal,CASRN,0.011748975549395297,256,4.97
7775-00-0,DTXSID6074883,"Benzenepropanal, 4-(1-methylethyl)-",CASRN,0.18620871366628675,253,2.87
7775-39-5,DTXSID50864119,"Propanoic acid, 2-methyl-, 1-phenylethyl ester",CASRN,0.019054607179632473,250,3.48
7779-23-9,DTXSID3052519,"3,7-Dimethylocta-1,6-dien-3-yl hexanoate",CASRN,0.006606934480075957,294,6.01
7779-30-8,DTXSID6026240,"1-(2,6,6-Trimethyl-2-cyclohexen-1-yl)-1-penten-3-one",CASRN,0.07244359600749903,271,4.35
7779-41-1,DTXSID3064803,"Decane, 1,1-dimethoxy-",CASRN,0.44668359215096315,243,4.87
7779-50-2,DTXSID6040799,Ambrettolide,CASRN,0.0000026915348039269138,305,5.52
7779-65-9,DTXSID4025454,Isoamyl cinnamate,CASRN,0.008709635899560805,274,3.87
7779-73-9,DTXSID50653207,Isobornyl-3-methyl butyrate,CASRN,0.016982436524617443,264,4.22
7779-77-3,DTXSID8025460,Isobutyl anthranilate,CASRN,0.0035481338923357532,276,2.64
7779-78-4,DTXSID8047717,4-Methyl-1-phenylpentan-2-ol,CASRN,0.013489628825916533,255,4.01
7779-81-9,DTXSID40884422,"2-Butenoic acid, 2-methyl-, 2-methylpropyl ester, (2Z)-",CASRN,1.3489628825916535,183,2.98
7779-94-4,DTXSID00864124,"2-Octanol, 8,8-diethoxy-2,6-dimethyl-",CASRN,0.0014791083881682072,300,4.9
7780-06-5,DTXSID3064809,"2-Propenoic acid, 3-phenyl-, 1-methylethyl ester",CASRN,0.019498445997580455,262,2.43
7785-26-4,DTXSID2029290,(-)-alpha-Pinene,CASRN,4.677351412871983,163,4.83
7785-33-3,DTXSID9047413,Geranyl tiglate,CASRN,0.009332543007969915,286,4.94
7785-53-7,DTXSID60884429,(+)-alpha-Terpineol,CASRN,0.04265795188015926,219,2.98
7785-54-8,DTXSID001014412,(R)-alpha-Terpinyl acetate,CASRN,0.04570881896148749,230,3.96
7785-64-0,DTXSID2052526,Butyl (2Z)-2-methylbut-2-enoate,CASRN,N/A,N/A,N/A
7785-66-2,DTXSID7052527,Butyl tiglate,CASRN,1.6595869074375607,195,2.9
7785-70-8,DTXSID7041671,(+)-alpha-Pinene,CASRN,4.677351412871983,163,4.83
7786-29-0,DTXSID2052528,2-Methyloctanal,CASRN,0.72443596007499,187,3.29
7786-44-9,DTXSID6047232,"2,6-Nonadien-1-ol",CASRN,0.007585775750291836,216,3.01
7786-58-5,DTXSID9064847,Octyl isovalerate,CASRN,0.009120108393559097,261,5.12
7786-61-0,DTXSID7052529,2-Methoxy-4-vinylphenol,CASRN,0.006918309709189363,265,2.23
7787-20-4,DTXSID30884431,"Bicyclo[2.2.1]heptan-2-one, 1,3,3-trimethyl-, (1R,4S)-",CASRN,0.8128305161640993,200,3.52
8000-28-0,DTXSID6041181,Lavender oil,CASRN,N/A,N/A,N/A
8000-41-7,DTXSID8040775,Terpineol,CASRN,N/A,N/A,N/A
8001-26-1,DTXSID2025507,Linseed oil,CASRN,N/A,N/A,N/A
8006-39-1,DTXSID201019020,Terpinol,CASRN,N/A,N/A,N/A
8007-01-0,DTXSID601009845,"Oils, rose",CASRN,N/A,N/A,N/A
8007-08-7,DTXSID80904698,Ginger oil,CASRN,N/A,N/A,N/A
8007-35-0,DTXSID6051431,Terpineol acetate,CASRN,N/A,N/A,N/A
8007-47-4,DTXSID40897315,Canadian balsam,CASRN,N/A,N/A,N/A
8008-45-5,DTXSID8044177,Nutmeg oil,CASRN,N/A,N/A,N/A
8013-86-3,DTXSID901009818,"Oils, cypress",CASRN,N/A,N/A,N/A
8013-90-9,DTXSID7044477,Ionone,CASRN,0.017378008287493755,252,3.85
8014-09-3,DTXSID80894621,"Oils, patchouli",CASRN,N/A,N/A,N/A
8016-37-3,DTXSID201009843,"Oils, myrrh",CASRN,N/A,N/A,N/A
8021-39-4,DTXSID9024853,"Creosote, wood",CASRN,N/A,N/A,N/A
8024-37-1,DTXSID0052889,Curcuma oil,CASRN,N/A,N/A,N/A
8030-89-5,DTXSID7047722,Ethyl oxyhydrate,CASRN,N/A,N/A,N/A
8030-97-5,DTXSID601009788,Pyroligneous acids,CASRN,N/A,N/A,N/A
8050-15-5,DTXSID2027703,"Resin acids and Rosin acids, hydrogenated, Me esters",CASRN,N/A,N/A,N/A
8052-35-5,DTXSID0093764,"Molasses, blackstrap",CASRN,N/A,N/A,N/A
10022-28-3,DTXSID1047520,"1,1-Dimethoxyoctane",CASRN,1.318256738556407,195,3.14
10031-71-7,DTXSID0064915,"Propanoic acid, 2-methyl-, 1,1-dimethyl-3-phenylpropyl ester",CASRN,0.03311311214825911,282,4.78
10031-87-5,DTXSID5064916,"Acetic acid, 2-ethylbutyl ester",CASRN,5.623413251903491,158,2.79
10031-90-0,DTXSID0064917,Ethyl 2-furanpropionate,CASRN,0.1380384264602885,220,1.77
10032-02-7,DTXSID20881398,Geranyl hexanoate,CASRN,0.0023442288153199225,298,5.77
10032-05-0,DTXSID0064919,"Heptane, 1,1-dimethoxy-",CASRN,3.2359365692962827,175,2.63
10032-13-0,DTXSID4064921,"Butanoic acid, 3-methyl-, hexyl ester",CASRN,0.12589254117941673,217,4.24
10032-15-2,DTXSID4047599,Hexyl 2-methylbutanoate,CASRN,0.1318256738556407,217,4.24
10058-43-2,DTXSID50864199,"Benzeneethanol, .alpha.,.alpha.-dimethyl-, 1-formate",CASRN,0.030902954325135904,239,2.61
10094-34-5,DTXSID5038830,"alpha,alpha-Dimethylphenethyl butyrate",CASRN,0.029512092266663854,276,4.03
10094-40-3,DTXSID90862972,"2-Hexen-1-ol, 1-acetate",CASRN,1.318256738556407,166,2.58
10094-41-4,DTXSID50860656,"Butanoic acid, 2-methyl-, 3-hexen-1-yl ester",CASRN,0.09772372209558107,222,4
10138-32-6,DTXSID30884451,"Bicyclo[2.2.1]hept-5-ene-2-carboxylic acid, ethyl ester",CASRN,0.023442288153199226,231,2.77
10152-77-9,DTXSID20864227,1-(Methylthio)-1-propene,CASRN,38.018939632056124,94,1.82
10198-23-9,DTXSID6051510,1-Methyl-4-(1-methylvinyl)cyclohexyl acetate,CASRN,0.05011872336272722,229,4.08
10236-16-5,DTXSID00893616,Phytyl acetate,CASRN,0.00000831763771102671,376,9.02
10250-45-0,DTXSID6051516,"2,6-Dimethylheptan-4-yl acetate",CASRN,1.3803842646028848,210,3.98
10276-85-4,DTXSID30145493,Benzyl octanoate,CASRN,0.003019951720402016,283,3.98
10339-55-6,DTXSID9047415,Ethyl linalool,CASRN,0.0588843655355589,220,3.28
10340-23-5,DTXSID60884464,"3-Nonen-1-ol, (3Z)-",CASRN,0.018197008586099836,202,3.14
10361-39-4,DTXSID6065052,"Pentanoic acid, phenylmethyl ester",CASRN,0.03311311214825911,250,3.54
10402-33-2,DTXSID0047406,Eugenyl phenylacetate,CASRN,8.709635899560814E-7,352,4.24
10402-47-8,DTXSID30883126,Geranyl valerate,CASRN,0.013182567385564075,276,5.18
10411-92-4,DTXSID70893643,"4-tert-Butylcyclohexyl acetate, cis-",CASRN,0.007585775750291836,228,4.8
10413-18-0,DTXSID30893649,"Tetrahydro-5,6-dimethyl-2H-pyran-2-one",CASRN,0.5011872336272722,190,1.59
10415-87-9,DTXSID60864266,"Benzenepropanol, .alpha.-ethyl-.alpha.-methyl-",CASRN,0.026302679918953815,255,3.76
10444-50-5,DTXSID50864270,"2-(2,6-Dimethylhepta-1,5-dienyl)-4-methyl-1,3-dioxolane",CASRN,0.023442288153199226,248,3.94
10458-14-7,DTXSID80859154,5-Methyl-2-(1-methylethyl)cyclohexanone,CASRN,0.2570395782768864,207,3.05
10461-98-0,DTXSID5051527,2-Cyclohexylidene-2-phenylacetonitrile,CASRN,0.0005623413251903491,320,3.19
10482-55-0,DTXSID70884475,"2-Butenoic acid, 2-methyl-, 3-methylbutyl ester, (2Z)-",CASRN,0.8128305161640993,206,3.67
10482-56-1,DTXSID5052672,(L)-alpha-Terpineol,CASRN,0.04265795188015926,219,2.98
10486-14-3,DTXSID90884477,"Benzeneacetic acid, (3S)-3,7-dimethyl-7-octen-1-yl ester",CASRN,0.000003981071705534969,320,5.38
10486-19-8,DTXSID4021682,Tridecanal,CASRN,0.012882495516931342,262,5.73
10519-11-6,DTXSID4051534,Decahydro-2-naphthyl acetate,CASRN,0.008511380382023767,239,3.91
10519-12-7,DTXSID00864285,"2-Naphthalenol, decahydro-, 2-formate",CASRN,0.010715193052376065,230,2.77
10519-33-2,DTXSID60864286,3-Decen-2-one,CASRN,0.28183829312644537,213,3.52
10521-96-7,DTXSID9051535,2-Phenylvinyl acetate,CASRN,0.008912509381337459,256,2.14
10528-67-3,DTXSID30884491,alpha-Methylcyclohexanepropanol,CASRN,0.04168693834703355,220,3.14
10544-63-5,DTXSID8065119,"2-Butenoic acid, ethyl ester",CASRN,13.489628825916533,137,1.68
10580-25-3,DTXSID10864291,"Hexanoic acid, 3,7-dimethyl-6-octen-1-yl ester",CASRN,0.0019054607179632462,289,6.23
10588-10-0,DTXSID1065134,"Pentanoic acid, 2-methylpropyl ester",CASRN,1.3489628825916535,179,3.23
10599-70-9,DTXSID1030317,"3-Acetyl-2,5-dimethylfuran",CASRN,0.6456542290346555,205,2.6
11028-42-5,DTXSID00881230,Cedrene,CASRN,N/A,N/A,N/A
11031-45-1,DTXSID1051567,Santalol,CASRN,N/A,N/A,N/A
11050-62-7,DTXSID6051568,2-Methyl-3-pent-2-enylcyclopent-2-enone,CASRN,0.1,258,2.84
12262-03-2,DTXSID60891138,"Undecenoic acid, 3-methylbutyl ester",CASRN,0.0002951209226666387,297,6.52
13019-22-2,DTXSID6047656,9-Decen-1-ol,CASRN,0.007943282347242814,236,3.83
13049-88-2,DTXSID80893230,(Z)-3-Nonenyl acetate,CASRN,0.06760829753919818,220,4.19
13058-12-3,DTXSID1051648,"Ethyl 3,7-dimethylocta-2,6-dienoate",CASRN,0.04570881896148749,237,4.07
13074-63-0,DTXSID30864354,"Cyclopentanone, 3-methyl-2-pentyl-",CASRN,0.0933254300796991,212,3.75
13074-65-2,DTXSID90864355,2-Hexylcyclopentanone,CASRN,0.12302687708123815,212,3.77
13171-00-1,DTXSID9044536,Celestolide,CASRN,0.00046773514128719813,323,5.37
13184-86-6,DTXSID3074783,"Phenol, 4-(ethoxymethyl)-2-methoxy-",CASRN,0.000011481536214968817,270,1.8
13215-88-8,DTXSID20863497,Tabanone,CASRN,0.10232929922807542,265,3.68
13254-34-7,DTXSID6041424,"2,6-Dimethyl-2-heptanol",CASRN,0.7943282347242815,173,2.91
13257-44-8,DTXSID3051670,"1,1-Dimethoxynon-2-yne",CASRN,0.5623413251903491,208,2.6
13327-56-5,DTXSID2065414,Ethyl 3-(methylthio)propionate,CASRN,1.096478196143185,177,1.12
13341-72-5,DTXSID90884593,"3,6-Dimethyl-5,6,7,7a-tetrahydrobenzofuran-2(4H)-one",CASRN,0.01548816618912481,240,2
13351-61-6,DTXSID30158149,Dimethyl phenylpropanol,CASRN,0.023988329190194897,234,3.99
13360-64-0,DTXSID6065422,"Pyrazine, 2-ethyl-5-methyl-",CASRN,0.6456542290346555,176,0.99
13360-65-1,DTXSID1065423,"2,5-Dimethyl-3-ethylpyrazine",CASRN,0.2290867652767773,181,1.47
13380-94-4,DTXSID9047463,"Tricyclo(5.2.1.02,6)decane-8-one",CASRN,0.36307805477010135,230,2.5
13419-69-7,DTXSID60884601,"2-Hexenoic acid, (2E)-",CASRN,0.19054607179632474,216,1.4
13466-78-9,DTXSID4047462,3-Carene,CASRN,2.6915348039269156,163,4.38
13477-62-8,DTXSID50864412,2-Isobutyl-4-methyltetrahydro-2H-pyran,CASRN,0.9772372209558107,194,4.78
13481-09-9,DTXSID7051686,2-(4-Methylphenoxy)tetrahydro-2H-pyran,CASRN,0.0009120108393559096,263,3.23
13481-87-3,DTXSID1047659,Methyl 3-nonenoate,CASRN,0.1148153621496883,208,3.56
13487-27-9,DTXSID7051688,1-Cyclohexylethyl acetate,CASRN,0.14454397707459277,204,3.14
13491-79-7,DTXSID4044799,2-tert-Butylcyclohexanol,CASRN,0.03311311214825911,213,3.2
13494-06-9,DTXSID2051689,"3,4-Dimethyl-1,2-cyclopentanedione",CASRN,0.6309573444801932,183,0.76
13494-07-0,DTXSID0047660,"3,5-Dimethyl-1,2-cyclopentanedione",CASRN,0.6309573444801932,183,0.57
13532-18-8,DTXSID0047402,Methyl 3-(methylthio)propionate,CASRN,3.9810717055349722,170,0.99
13567-39-0,DTXSID1051692,"(5alpha,7beta,8alpha,9alpha)-8,9-Epoxycedrane",CASRN,0.0003235936569296281,257,3.86
13623-11-5,DTXSID5065564,"2,4,5-Trimethylthiazole",CASRN,6.309573444801933,170,1.54
13678-59-6,DTXSID9065578,"Furan, 2-methyl-5-(methylthio)-",CASRN,10.471285480508996,172,2.26
13678-68-7,DTXSID5047661,S-Furfuryl thioacetate,CASRN,0.008709635899560805,230,2.12
13679-70-4,DTXSID0047169,5-Methyl-2-thiophenecarboxaldehyde,CASRN,9.120108393559097,200,1.28
13679-86-2,DTXSID20864429,5-Isopropenyl-2-methyl-2-vinyltetrahydrofuran,CASRN,1.9498445997580451,175,4.34
13708-12-8,DTXSID4047090,5-Methylquinoxaline,CASRN,0.0003630780547701014,246,2.04
13720-12-2,DTXSID1051694,"4-(2,2-Dimethyl-6-methylenecyclohexyl)butan-2-one",CASRN,0.054954087385762455,236,4.24
13786-79-3,DTXSID6051697,"1,5,9-Trimethyl-13-oxabicyclo[10.1.0]trideca-4,8-diene",CASRN,0.00002691534803926914,287,5.17
13794-73-5,DTXSID00884645,"1H-3a,7-Methanoazulen-5(4H)-one, hexahydro-3,6,8,8-tetramethyl-, (3R,3aR,6S,7S,8aS)-",CASRN,0.003235936569296281,282,3.94
13816-33-6,DTXSID6047440,4-Isopropylbenzonitrile,CASRN,0.19498445997580455,238,2.44
13828-37-0,DTXSID8051700,(cis-4-Isopropylcyclohexyl)methanol,CASRN,0.028840315031266057,219,3.3
13837-56-4,DTXSID8051338,"2,2,6-Trimethyl-6-vinyltetrahydropyran",Deleted CAS-RN,1.023292992280754,173,3.18
13851-06-4,DTXSID60864448,"8-Decene-3,5-dione, 4,6,9-trimethyl-",CASRN,0.01,261,3.69
13851-11-1,DTXSID2047197,"Bicyclo(2.2.1)heptan-2-ol, 1,3,3-trimethyl-, acetate, (1S,2R,4R)-",Deleted CAS-RN,0.07762471166286916,221,4.18
13877-91-3,DTXSID70274135,beta-Ocimene,CASRN,3.9810717055349722,175,4.3
13894-62-7,DTXSID80893694,"Methyl 3-hexenoate, (3Z)-",CASRN,3.890451449942806,151,2.17
13925-00-3,DTXSID2065676,Ethylpyrazine,CASRN,1.5488166189124815,153,0.69
13925-06-9,DTXSID2065678,"Pyrazine, 2-methyl-3-(2-methylpropyl)-",CASRN,0.17378008287493754,183,1.96
13925-07-0,DTXSID7065679,"2-Ethyl-3,5-dimethylpyrazine",CASRN,0.24547089156850305,183,1.46
14049-11-7,DTXSID00864462,"2H-Pyran-3-ol, 6-ethenyltetrahydro-2,2,6-trimethyl-",CASRN,0.003715352290971724,218,2.75
14073-97-3,DTXSID3044384,"(2S,5R)-2-Isopropyl-5-methylcyclohexan-1-one",CASRN,0.2570395782768864,207,3.05
14309-57-0,DTXSID2065753,3-Nonen-2-one,CASRN,0.5128613839913648,191,3.07
14352-61-5,DTXSID60162451,Methylcyclohexylacetate,CASRN,0.4897788193684462,196,3.05
14374-92-6,DTXSID80864501,"Benzene, 1-methyl-4-(1-methylethyl)-2-(1-propen-1-yl)-",CASRN,0.15848931924611134,234,4.74
14436-32-9,DTXSID30162685,9-Decenoic acid,CASRN,0.0012882495516931337,282,3.54
14576-08-0,DTXSID9041819,"Cyclohexene, 4-(1-methoxy-1-methylethyl)-1-methyl-",CASRN,0.954992586021436,201,4.78
14595-54-1,DTXSID0051730,(4Z)-Cyclopentadec-4-en-1-one,CASRN,0.00002951209226666384,298,5.4
14620-52-1,DTXSID8065797,"Dodecane, 1,1-dimethoxy-",CASRN,0.009772372209558112,273,5.21
14667-55-1,DTXSID1047075,"2,3,5-Trimethylpyrazine",CASRN,1.1220184543019633,171,0.95
14727-47-0,DTXSID401314373,trans-Isolongifolanone,CASRN,0.0010964781961431851,282,3.94
14735-72-9,DTXSID4065812,Methyl 2-[(4-methoxybenzylidene)amino]benzoate,CASRN,0.0000020417379446695273,355,3.09
14765-30-1,DTXSID4041818,2-sec-Butylcyclohexan-1-one,CASRN,0.28840315031266056,205,3.24
14898-79-4,DTXSID30904709,(R)-Butan-2-ol,CASRN,18.197008586099834,100,0.61
14901-07-6,DTXSID9025451,"4-(2,6,6-Trimethyl-cyclohex-1-enyl)-but-3-en-2-one",CASRN,0.05370317963702527,258,3.94
15111-96-3,DTXSID4051740,[4-(Prop-1-en-2-yl)cyclohex-1-en-1-yl]methyl acetate,CASRN,0.03715352290971726,240,3.53
15149-10-7,DTXSID9065861,2-(4-Methylphenoxy)ethanol,CASRN,0.005370317963702527,246,1.61
15323-35-0,DTXSID9051743,Phantolide,CASRN,0.0028840315031266055,322,5.26
15356-60-2,DTXSID8029733,"(1S,2R,5S)-(+)-Menthol",CASRN,0.005495408738576248,212,3.34
15356-70-4,DTXSID1020805,dl-Menthol,Deleted CAS-RN,0.005495408738576248,212,3.34
15356-74-8,DTXSID00864588,"2(4H)-Benzofuranone, 5,6,7,7a-tetrahydro-4,4,7a-trimethyl-",CASRN,0.01,232,3.12
15373-31-6,DTXSID60864589,"3-Cyclopentene-1-acetonitrile, 2,2,3-trimethyl-",CASRN,0.5128613839913648,225,2.22
15679-12-6,DTXSID6065923,"Thiazole, 2-ethyl-4-methyl-",CASRN,9.772372209558107,173,1.49
15679-13-7,DTXSID0047664,2-Isopropyl-4-methylthiazole,CASRN,6.456542290346556,188,2.27
15706-73-7,DTXSID4047046,Butyl 2-methylbutyrate,CASRN,1.3803842646028848,179,3.23
15707-23-0,DTXSID4047464,2-Ethyl-3-methylpyrazine,CASRN,1,176,1.07
15707-24-1,DTXSID6047101,"2,3-Diethylpyrazine",CASRN,0.18620871366628675,181,1.51
15760-18-6,DTXSID3051755,3-(4-Methylcyclohex-3-en-1-yl)butan-1-ol,CASRN,0.00707945784384138,237,3.36
15848-49-4,DTXSID90884856,"2-Cyclopentene-1-acetic acid, ethyl ester",CASRN,0.13489628825916536,195,2.56
15892-23-6,DTXSID9021762,2-Butanol,Deleted CAS-RN,18.197008586099834,100,0.61
15932-80-6,DTXSID3051757,Pulegone,CASRN,0.12302687708123815,224,3.08
16251-77-7,DTXSID4047098,3-Phenylbutyraldehyde,CASRN,0.3890451449942806,229,2.64
16356-11-9,DTXSID9047546,"1,3,5-Undecatriene",CASRN,N/A,N/A,N/A
16409-43-1,DTXSID1051771,4-Methyl-2-(2-methylprop-1-en-1-yl)tetrahydro-2H-pyran,CASRN,0.954992586021436,184,3.97
16409-45-3,DTXSID20859153,"cyclohexanol, 5-methyl-2-(1-methylethyl)-, acetate",CASRN,0.10471285480508996,228,4
16409-46-4,DTXSID00861678,"Butanoic acid, 3-methyl-, 5-methyl-2-(1-methylethyl)cyclohexyl ester",CASRN,0.009332543007969915,282,4.91
16429-07-5,DTXSID3066053,"Cyclohexanone, 2-hexylidene-",CASRN,0.05011872336272722,257,3.71
16491-24-0,DTXSID4047414,"Hexa-2,4-dienyl isobutyrate",CASRN,0.22387211385683395,218,2.91
16491-36-4,DTXSID6051772,(Z)-Hex-3-enyl butyrate,CASRN,0.19054607179632474,208,3.33
16510-27-3,DTXSID1051773,1-(Cyclopropylmethyl)-4-methoxybenzene,CASRN,0.05248074602497726,248,4.01
16587-71-6,DTXSID4047127,4-(tert-Pentyl)-cyclohexanone,CASRN,0.36307805477010135,208,4.07
16930-93-1,DTXSID3066134,"2,4-Hexadienyl butyrate",CASRN,0.1778279410038923,225,2.94
16930-96-4,DTXSID5051783,Hexyl (2E)-2-methylbut-2-enoate,CASRN,0.09549925860214359,226,4.1
16957-70-3,DTXSID30884951,"2-Pentenoic acid, 2-methyl-, (2E)-",CASRN,0.1318256738556407,214,1.48
17162-29-7,DTXSID00864740,1-Methyl-4-isopropyl-3-(2-hydroxypropionate)cyclohexanol,CASRN,0.0001148153621496883,278,3.57
17283-81-7,DTXSID4047200,Dihydro-beta-ionone,CASRN,0.05011872336272722,241,4.27
17369-59-4,DTXSID7025972,3-Propylidenephthalide,CASRN,0.00047863009232263854,283,1.68
17369-60-7,DTXSID90864774,"5-Ethyl-2,3,4,5-tetramethylcyclohex-2-en-1-one",CASRN,0.3801893963205612,236,4.19
17373-89-6,DTXSID50864775,"Cyclopentanone, 2-hexylidene-",CASRN,0.07943282347242814,245,3.17
17488-65-2,DTXSID90864779,1-Methyl-3-phenyl-2-propen-1-ol,CASRN,N/A,N/A,N/A
17511-60-3,DTXSID8036312,"4,7-Methano-1H-inden-6-ol, 3a,4,5,6,7,7a-hexahydro-, propanoate",CASRN,0.000030199517204020192,268,2.64
17627-44-0,DTXSID1051800,alpha-Bisabolene,CASRN,0.08912509381337455,258,5.67
17909-77-2,DTXSID90884997,"2,6,9,11-Dodecatetraenal, 2,6,10-trimethyl-, (2E,6E,9E)-",CASRN,0.1318256738556407,291,3.99
17957-94-7,DTXSID401357438,(R)-(+)-Menthofuran,CASRN,0.32359365692962827,197,4.3
18096-62-3,DTXSID5051810,"4,4a,5,9b-Tetrahydroindeno(1,2-d)-1,3-dioxin",CASRN,0.0001,259,2.22
18127-01-0,DTXSID6044808,3-(4-tert-Butylphenyl)propanal,CASRN,0.1380384264602885,259,4.03
18138-04-0,DTXSID6066317,"Pyrazine, 2,3-diethyl-5-methyl-",CASRN,0.11748975549395294,183,1.95
18172-67-3,DTXSID1041184,(-)-beta-Pinene,CASRN,2.884031503126606,159,4.16
18368-91-7,DTXSID301014528,"2-Ethyl-1,3,3-trimethylbicyclo[2.2.1]heptan-2-ol",CASRN,0.06760829753919818,238,3.12
18409-17-1,DTXSID00885036,(2E)-2-Octen-1-ol,CASRN,0.05370317963702527,187,2.64
18409-21-7,DTXSID20885038,"2,4-Decadien-1-ol, (2E,4E)-",CASRN,0.002454708915685031,226,3.48
18436-37-8,DTXSID7047437,alpha-Hexyl-gamma-butyrolactone,CASRN,0.026915348039269153,241,3.26
18479-49-7,DTXSID30864839,"1-Octen-3-ol, 3,7-dimethyl-",CASRN,0.1148153621496883,208,3.06
18479-51-1,DTXSID1044809,"3,7-Dimethyloct-6-en-3-ol",CASRN,0.1148153621496883,218,3.08
18479-54-4,DTXSID40864840,"3,7-Dimethyl-4,6-octadien-3-ol",CASRN,0.08912509381337455,213,2.87
18479-57-7,DTXSID0044810,"2,6-Dimethyloctan-2-ol",CASRN,0.1318256738556407,203,3.62
18479-58-8,DTXSID8029317,"1,1,5-Trimethyl-6-heptenol",CASRN,0.09120108393559097,208,3.06
18492-65-4,DTXSID00885051,"(3Z)-7,7-Diethoxy-3-heptene",CASRN,0.5888436553555889,223,3.22
18640-74-9,DTXSID5025653,2-Isobutylthiazole,CASRN,0.8709635899560807,191,2.48
18679-18-0,DTXSID601016535,Dihydro-5-(2Z)-2-octen-1-yl-2(3H)-furanone,CASRN,0.0223872113856834,259,3.41
18794-84-8,DTXSID9047049,trans-beta-Farnesene,CASRN,0.08709635899560805,250,6.55
18824-63-0,DTXSID8066424,"Nonane, 1,1-dimethoxy-",CASRN,0.457088189614875,222,3.83
18829-56-6,DTXSID0047086,(E)-2-Nonenal,CASRN,0.3801893963205612,191,3.1
18836-52-7,DTXSID301019978,"(E,E)-N-(2-Methylpropyl)-2,4-decadienamide",CASRN,0.0000016595869074375596,284,2.95
18871-14-2,DTXSID7044556,Tetrahydro-3-pentyl-2H-pyran-4-yl acetate,CASRN,0.001071519305237606,247,4.24
19009-56-4,DTXSID5021623,2-Methyldecanal,CASRN,0.0812830516164099,226,4.17
19089-92-0,DTXSID5066455,"2-Butenoic acid, hexyl ester",CASRN,0.16218100973589297,208,3.55
19096-86-7,DTXSID50885081,"Cyclohexanone, 5-methyl-2-(1-methylethyl)-, oxime",CASRN,0.0015488166189124811,233,3.15
19139-31-2,DTXSID00893393,Dihexyl (2E)-2-butenedioate,CASRN,0.00005011872336272725,322,4.56
19317-11-4,DTXSID80862062,"2,6,10-Dodecatrienal, 3,7,11-trimethyl-",CASRN,N/A,N/A,N/A
19329-89-6,DTXSID00858801,Isopentyl lactate,CASRN,0.3019951720402016,202,1.71
19788-49-9,DTXSID20864904,Ethyl 2-sulfanylpropanoate,CASRN,1.2302687708123816,180,0.89
19819-98-8,DTXSID1047071,2-Methylphenethyl alcohol,CASRN,0.04570881896148749,243,1.97
19870-74-7,DTXSID3051838,8-Methoxycedrane,CASRN,0.0006606934480075957,290,5.85
20009-20-5,DTXSID70864914,"Cyclohexanemethanol, 4-(acetyloxy)-.alpha.,.alpha.,4-trimethyl-, 1-acetate",CASRN,0.001412537544622754,278,4.06
20125-84-2,DTXSID80885115,"3-Octen-1-ol, (3Z)-",CASRN,0.05370317963702527,187,2.62
20279-25-8,DTXSID70859764,2-Bornyl propionate,CASRN,N/A,N/A,N/A
20298-69-5,DTXSID2051845,cis-2-tert-Butylcyclohexyl acetate,CASRN,0.054954087385762455,228,4.38
20298-70-8,DTXSID001014824,trans-2-tert-Butylcyclohexyl acetate,CASRN,0.054954087385762455,228,4.38
20407-84-5,DTXSID2051847,(E)-Dodec-2-en-1-al,CASRN,0.01412537544622754,226,4.66
20489-53-6,DTXSID30174460,Dihydronootkatone,CASRN,0.005754399373371567,282,4.68
20662-84-4,DTXSID0022274,"2,4,5-Trimethyloxazole",CASRN,8.31763771102671,154,1.04
20665-85-4,DTXSID9047201,4-Formyl-2-methoxyphenyl isobutyrate,CASRN,0.0044668359215096305,286,2.24
20777-49-5,DTXSID501031358,(+/-)-Dihydrocarvyl acetate,CASRN,0.046773514128719815,229,3.78
20780-48-7,DTXSID5041487,"3,7-Dimethyloctan-3-yl acetate",CASRN,0.13489628825916536,233,4.71
20780-49-8,DTXSID6051851,"3,7-Dimethyloctyl acetate",CASRN,0.20417379446695297,243,4.6
20834-59-7,DTXSID1066659,"Benzeneethanol, .alpha.,.alpha.,4-trimethyl-",CASRN,0.017378008287493755,231,3.71
20962-70-3,DTXSID1051482,Ethyl 2-acetyl-4-methylpent-4-enoate,CASRN,0.2630267991895382,226,1.8
21016-46-6,DTXSID0074392,"2-Pentenoic acid, 2,4-dimethyl-, ethyl ester, (2E)-",CASRN,1.3489628825916535,183,2.99
21112-37-8,DTXSID1051854,"2-tert-Butyl-1,4-dimethoxybenzene",CASRN,0.013803842646028845,250,2.93
21129-27-1,DTXSID3066681,"Cyclohexanol, 1-methyl-4-(1-methylethyl)-",CASRN,0.03162277660168379,209,3.17
21145-77-7,DTXSID7041544,Tonalide,CASRN,0.000039810717055349695,324,5.7
21188-58-9,DTXSID80864980,"Hexanoic acid, 3-hydroxy-, methyl ester",CASRN,0.1288249551693134,211,1.05
21280-29-5,DTXSID60864983,Lactoscatone,CASRN,0.0016595869074375613,268,3.48
21368-68-3,DTXSID5030955,Camphor,Deleted CAS-RN,0.6456542290346555,200,2.38
21661-97-2,DTXSID40885171,"7-Decenal, (7Z)-",CASRN,0.09772372209558107,213,3.54
21662-09-9,DTXSID5041514,(4Z)-4-Decenal,CASRN,0.0933254300796991,213,3.54
21662-13-5,DTXSID60885173,"2,6-Dodecadienal, (2E,6Z)-",CASRN,0.0199526231496888,247,4.26
21662-22-6,N/A,N/A,Searched by CASRN: Found 0 results,N/A,N/A,N/A
21690-43-7,DTXSID90865009,4-(4-Methyl-3-penten-1-yl)-3-cyclohexene-1-carbonitrile,CASRN,0.11748975549395294,258,2.76
21722-83-8,DTXSID3047188,2-Cyclohexylethyl acetate,CASRN,0.12589254117941673,213,3.29
21834-92-4,DTXSID9047419,5-Methyl-2-phenyl-2-hexenal,CASRN,0.1148153621496883,273,3.03
21835-00-7,DTXSID5051864,"2-Hydroxy-3,4-dimethylcyclopent-2-en-1-one",CASRN,0.6309573444801932,183,0.76
21835-01-8,DTXSID0044232,3-Ethyl-2-hydroxy-2-cyclopenten-1-one,CASRN,0.4168693834703354,201,0.64
21944-98-9,DTXSID30885185,"4-Dodecenal, (4Z)-",CASRN,0.013803842646028845,232,4.49
21963-26-8,DTXSID70865022,5-Pentylfuran-2(5H)-one,CASRN,0.05011872336272722,207,2.33
21964-44-3,DTXSID30865023,1-Nonen-3-ol,CASRN,0.11220184543019636,193,2.99
22029-76-1,DTXSID30865028,beta-Ionol,CASRN,0.005128613839913648,255,4.24
22030-19-9,DTXSID90865029,beta-Ionol acetate,CASRN,0.016982436524617443,292,1.28
22047-25-2,DTXSID5047085,Acetylpyrazine,CASRN,0.2290867652767773,219,0.2
22104-79-6,DTXSID9066758,2-Nonen-1-ol,CASRN,0.018197008586099836,202,3.13
22418-66-2,DTXSID9051872,"3,7-Dimethyl-2-methylene-6-octenal",CASRN,0.4786300923226383,226,3.57
22457-23-4,DTXSID9051874,N-(5-Methyl-3-heptanylidene)hydroxylamine,CASRN,0.1288249551693134,192,3
22460-95-3,DTXSID40865054,"7-Octene-1,6-diol, 3,7-dimethyl-",CASRN,0.001202264434617413,243,2.03
22471-55-2,DTXSID4051875,"Ethyl (1R,6S)-2,2,6-trimethylcyclohexanecarboxylate",CASRN,0.039810717055349734,228,4.03
22629-48-7,DTXSID1066815,2-Undecenenitrile,CASRN,0.023442288153199226,256,2.91
22629-49-8,DTXSID5047667,2-Tridecenenitrile,CASRN,0.009549925860214359,275,4.69
22717-57-3,DTXSID0066822,"Benzoic acid, 2-hydroxy-5-methyl-, methyl ester",CASRN,0.009120108393559097,244,2.13
22719-81-9,DTXSID9051878,Ethyl 4-Methylphenyl carbonate,CASRN,0.005623413251903491,234,2.42
22810-10-2,DTXSID60865071,"Octane, 1-ethoxy-3,7-dimethyl-",CASRN,1.0715193052376064,221,5.48
22874-79-9,DTXSID3051880,Octyl 2-butenoate,CASRN,0.01778279410038923,241,4.24
22882-89-9,DTXSID8051881,"(2Z)-1-Ethoxy-3,7-dimethylocta-2,6-diene",CASRN,1,220,3.68
22882-91-3,DTXSID00885218,"2,6-Octadiene, 1-ethoxy-3,7-dimethyl-, (2E)-",CASRN,1,220,3.68
23059-38-3,DTXSID10885229,"Cyclohexanecarboxylic acid, 1,4-dimethyl-, methyl ester, cis-",CASRN,0.4168693834703354,209,3.42
23250-42-2,DTXSID80885231,"Cyclohexanecarboxylic acid, 1,4-dimethyl-, methyl ester, trans-",CASRN,0.4168693834703354,209,3.42
23267-57-4,DTXSID8051885,"5,6-beta-Ionone epoxide",CASRN,0.018620871366628676,263,4.23
23333-91-7,DTXSID8051887,"Octahydro-4,8a-dimethyl-4a(2H)-naphthol",CASRN,0.02754228703338166,270,2.77
23495-12-7,DTXSID9047203,2-Phenoxyethyl propanoate,CASRN,0.0013803842646028853,267,2.41
23550-40-5,DTXSID0066905,"2-Pentanone, 4-methyl-4-(methylthio)-",CASRN,5.1286138399136485,189,2.87
23696-85-7,DTXSID6041397,"2,6,6-Trimethyl-1-crotonyl-1,3-cyclohexadiene",CASRN,N/A,N/A,N/A
23726-91-2,DTXSID7051890,beta-Damascone,CASRN,0.0446683592150963,258,4
23726-92-3,DTXSID6051487,"(Z)-1-(2,6,6-Trimethyl-1-cyclohexen-1-yl)-2-buten-1-one",CASRN,0.0446683592150963,258,4
23726-93-4,DTXSID90885242,beta-Damascenone,CASRN,0.08709635899560805,265,3.49
23726-94-5,DTXSID2051891,"(Z)-1-(2,6,6-Trimethyl-2-cyclohexen-1-yl)-2-buten-1-one",CASRN,0.04073802778041128,252,4.06
23747-48-0,DTXSID7047196,"6,7-Dihydro-5-methyl-5H-cyclopentapyrazine",CASRN,0.005128613839913648,190,1.34
23787-80-6,DTXSID7066932,1-(3-Methylpyrazinyl)ethan-1-one,CASRN,0.15848931924611134,218,0.13
23787-90-8,DTXSID2047228,Isolongifolanone- parent,CASRN,0.0019498445997580456,286,3.93
23911-56-0,DTXSID9074357,"Ethanone, 1-(3-methyl-2-benzofuranyl)-",CASRN,0.00008317637711026709,276,2.56
23950-98-3,DTXSID30865124,"Cyclohexanol, 2-methoxy-4-propyl-",CASRN,0.001584893192461114,220,2.48
23986-74-5,DTXSID70881247,(-)-Germacrene D,CASRN,0.0162181009735893,249,5.86
24048-13-3,DTXSID2051897,"2,6,10-Trimethyl-5,9-undecadienal",CASRN,0.05011872336272722,249,4.83
24048-14-4,DTXSID40865130,"2,6,10-Trimethyl-5,9-undecadien-1-ol",CASRN,0.003235936569296281,287,4.79
24168-70-5,DTXSID0047082,3-sec-Butyl-2-methoxypyrazine,CASRN,0.03630780547701014,187,1.96
24237-00-1,DTXSID7051898,"6-Butyl-2,4-dimethyldihydropyrane",CASRN,0.28183829312644537,215,4.8
24238-95-7,DTXSID2051899,"Decahydro-5,5,8a-trimethyl-2-naphthyl acetate",CASRN,0.004365158322401661,265,4.1
24295-03-2,DTXSID0030162,2-Acetylthiazole,CASRN,0.12589254117941673,204,1.21
24323-25-9,DTXSID00884903,"Undecanoic acid, 2-methyl-",CASRN,0.00019054607179632462,290,4.32
24683-00-9,DTXSID9051907,2-Isobutyl-3-methoxypyrazine,CASRN,0.033884415613920256,187,1.89
24717-85-9,DTXSID3051911,Citronellyl tiglate,CASRN,0.01548816618912481,274,5.33
24720-09-0,DTXSID8051912,"(2E)-1-(2,6,6-Trimethyl-2-cyclohexen-1-yl)-2-buten-1-one",CASRN,0.04073802778041128,252,4.06
24817-51-4,DTXSID2047567,2-Phenylethyl 2-methylbutanoate,CASRN,0.034673685045253165,258,3.45
24851-98-7,DTXSID2029325,Methyl (2-pentyl-3-oxocyclopentyl)acetate,CASRN,0.0016982436524617442,275,3.56
25152-85-6,DTXSID3047554,(3Z)-Hex-3-en-1-yl benzoate,CASRN,0.026915348039269153,275,3.35
25225-08-5,DTXSID20865193,"(3,3-Dimethylcyclohexyl)ethyl formate",CASRN,0.0588843655355589,214,4.06
25225-09-6,DTXSID80865194,"Cyclohexanemethanol, .alpha.,3,3-trimethyl-",CASRN,0.06025595860743578,216,3.21
25225-10-9,DTXSID7051923,"1-(3,3-Dimethylcyclohexyl)ethyl acetate",CASRN,0.057543993733715694,228,4.52
25265-77-4,DTXSID5027857,Texanol,CASRN,N/A,N/A,N/A
25279-09-8,DTXSID90865201,"7-Octen-2-ol, 2,6-dimethyl-, 2-formate",CASRN,0.16218100973589297,219,3.85
25304-14-7,DTXSID2051924,"1-(3,3-Dimethylcyclohexyl)ethan-1-one",CASRN,0.3981071705534972,202,2.94
25312-34-9,DTXSID60885294,"(3E)-4-(2,6,6-Trimethyl-2-cyclohexen-1-yl)-3-buten-2-ol",CASRN,0.005248074602497728,260,4.3
25415-62-7,DTXSID1067093,"Butanoic acid, 3-methyl-, pentyl ester",CASRN,0.37153522909717257,199,3.81
25485-88-5,DTXSID2051928,Cyclohexyl 2-hydroxybenzoate,CASRN,0.000003090295432513592,289,3.19
25524-95-2,DTXSID30904360,Tetrahydro-6-(2Z)-2-penten-1-yl-2H-pyran-2-one,CASRN,0.022908676527677734,238,2.66
25634-93-9,DTXSID70885306,2-Methyl-5-phenylpentanol,CASRN,0.0034673685045253167,250,3.75
25773-40-4,DTXSID4067147,2-Isopropyl-3-methoxypyrazine,CASRN,0.251188643150958,176,1.96
25905-14-0,DTXSID30904865,Lavandulyl acetate,CASRN,0.06309573444801933,228,4.18
26160-83-8,DTXSID801043461,"Octahydro-4,7-methano-1H-indene-5,x-dimethanol",CASRN,N/A,N/A,N/A
26252-11-9,DTXSID80865275,"Cyclohexanol, 1-methyl-4-(1-methylethyl)-, 1-acetate",CASRN,0.0446683592150963,228,4.44
26330-65-4,DTXSID60865278,"6-Octen-1-ol, 6-ethyl-3-methyl-",CASRN,0.04265795188015926,244,3.88
26516-27-8,DTXSID40885358,"Pentanoic acid, 3-methyl-2-oxo-, ethyl ester",CASRN,0.5011872336272722,187,1.06
26553-46-8,DTXSID70885361,"3-Hexenoic acid, ethyl ester, (3E)-",CASRN,2.137962089502232,166,2.52
26619-69-2,DTXSID50885364,"4a,7-Methano-4aH-naphth[1,8a-b]oxirene, octahydro-4,4,8,8-tetramethyl-, (1aR,4aR,7S,8aS)-",CASRN,0.003311311214825911,257,3.65
26643-91-4,DTXSID80865311,4-Methyl-2-phenyl-2-pentenal,CASRN,0.16218100973589297,262,2.76
26896-48-0,DTXSID9044900,Tricyclodecanedimethanol,CASRN,N/A,N/A,N/A
26912-64-1,DTXSID301072930,"3a,4,5,6,7,7a-Hexahydro-5(or 6)(2-propen-1-yloxy)-4,7-methano-1H-indene",CASRN,N/A,N/A,N/A
27043-05-6,DTXSID301010976,"2-Ethyl-3,(5 or 6)-dimethylpyrazine",CASRN,N/A,N/A,N/A
27135-90-6,DTXSID601069465,"3a,4,5,6,7,7a-Hexahydromethoxy-4,7-methano-1H-indene",CASRN,N/A,N/A,N/A
27458-92-0,DTXSID1029752,Isotridecanol,CASRN,N/A,N/A,N/A
27458-94-2,DTXSID6029753,Isononyl alcohol,CASRN,N/A,N/A,N/A
27538-09-6,DTXSID80885392,"3(2H)-Furanone, 5-ethyl-4-hydroxy-2-methyl-",CASRN,0.3801893963205612,206,0.42
27538-10-9,DTXSID40885393,"3(2H)-Furanone, 2-ethyl-4-hydroxy-5-methyl-",CASRN,0.3801893963205612,206,0.42
27593-23-3,DTXSID0047589,6-Amyl-alpha-pyrone,CASRN,0.011220184543019636,237,3.23
27606-09-3,DTXSID30865386,"4,4a,5,9b-Tetrahydro-2,4-dimethylindeno[1,2-d]-1,3-dioxin",CASRN,0.00003235936569296281,288,2.51
27625-35-0,DTXSID90865387,"Butanoic acid, 2-methyl-, 3-methylbutyl ester",CASRN,0.7943282347242815,191,3.95
27829-72-7,DTXSID30885403,"2-Hexenoic acid, ethyl ester, (2E)-",CASRN,2.137962089502232,174,2.54
27939-60-2,DTXSID5044813,Trivertal,CASRN,N/A,N/A,N/A
28043-10-9,DTXSID4051956,"Methyl 2,6,6-trimethylcyclohex-2-ene-1-carboxylate",CASRN,0.06606934480075961,215,3.52
28069-72-9,DTXSID7047192,"trans-2,cis-6-Nonadien-1-ol",CASRN,0.007585775750291836,216,3.01
28069-74-1,DTXSID4047418,Acetaldehyde ethyl cis-3-hexenyl acetal,CASRN,0.5754399373371569,209,2.59
28219-60-5,DTXSID40865418,"2-Methyl-4-(2,2,3-trimethyl-3-cyclopenten-1-yl)-2-buten-1-ol",CASRN,0.004786300923226385,260,4.13
28219-61-6,DTXSID0044814,"2-Ethyl-4-(2',2',3-trimethylcyclopent-3'-enyl)but-2-enol",CASRN,0.003019951720402016,279,4.33
28231-03-0,DTXSID3051961,"Octahydro-3,8,8-trimethyl-6-methylene-1H-3a,7-methanoazulen-5-ol",CASRN,0.0034673685045253167,283,3.69
28371-99-5,DTXSID3051963,"Methyl 2,6,10-trimethylcyclododeca-2,5,9-trien-1-yl ketone",CASRN,0.00002089296130854041,331,4.81
28462-85-3,DTXSID8051964,"(1R,2R,4S)-1,2,3,3-tetramethylbicyclo[2.2.1]heptan-2-ol",CASRN,0.06309573444801933,214,3.01
28645-51-4,DTXSID3051965,Oxacycloheptadec-10-en-2-one,CASRN,0.0000026915348039269138,305,5.82
28664-35-9,DTXSID4047674,"4,5-Dimethyl-3-hydroxy-2,5-dihydrofuran-2-one",CASRN,0.04897788193684462,205,0.38
28940-11-6,DTXSID0047165,Methyl benzodioxepinone,CASRN,0.0014791083881682072,294,1.57
29066-34-0,DTXSID9041817,dl-Menthyl acetate,Deleted CAS-RN,0.10471285480508996,228,4
29127-83-1,DTXSID8067444,2-Nonenenitrile,CASRN,0.1148153621496883,216,2.33
29214-60-6,DTXSID3051969,Ethyl 2-acetyloctanoate,CASRN,0.09772372209558107,260,3.63
29350-73-0,DTXSID5024712,Cadinene,CASRN,N/A,N/A,N/A
29461-13-0,DTXSID301131475,"rel-(2R,4aR,8aS)-Hexahydro-1,1,5,5-tetramethyl-2H-2,4a-methanonaphthalen-8(5H)-one",CASRN,0.0019498445997580456,286,3.93
29548-30-9,DTXSID2047222,Farnesol acetate,CASRN,N/A,N/A,N/A
29895-73-6,DTXSID7051975,Phenacetaldehyde glyceryl acetal,CASRN,N/A,N/A,N/A
30168-23-1,DTXSID7051977,"4-(Octahydro-4,7-methano-5H-inden-5-ylidene)butanal",CASRN,0.00020892961308540387,288,3.57
30207-98-8,DTXSID7027962,Undecanol,CASRN,N/A,N/A,N/A
30310-41-9,DTXSID2051978,Tetrahydro-2-methyl-4-methylene-6-phenyl-2H-pyran,CASRN,0.004677351412871981,280,3.04
30640-46-1,DTXSID1051985,Methylcyclohexadiene,CASRN,N/A,N/A,N/A
30772-69-1,DTXSID1051989,"Octahydro-4,7-methano-1H-indene-1(or 2)-methanol, acetate",CASRN,N/A,N/A,N/A
30772-79-3,DTXSID0051990,"Octahydro-4,7-Methano-1H-indenecarboxaldehyde",CASRN,N/A,N/A,N/A
30897-75-7,DTXSID70865567,"Bicyclo[3.1.1]hept-2-ene-2-acetaldehyde, 6,6-dimethyl-",CASRN,0.19498445997580455,239,2.45
30960-39-5,DTXSID60885491,"4H-3a,7-Methanoazulen-4-one, 1,2,3,7,8,8a-hexahydro-3,6,8,8-tetramethyl-, (3R,3aR,7S,8aS)-",CASRN,0.0019498445997580456,292,3.28
31375-17-4,DTXSID8047422,1-(5-Isopropyl-2-methyl-cyclohex-2-enyl)-propan-1-one,CASRN,0.06025595860743578,240,4.13
31499-72-6,DTXSID40865599,"4-(2,6,6-Trimethyl-2-cyclohexen-1-yl)-2-butanone",CASRN,0.05011872336272722,240,4.27
31501-11-8,DTXSID7047560,(3Z)-Hex-3-en-1-yl hexanoate,CASRN,0.03162277660168379,242,4.23
31502-14-4,DTXSID50885501,"2-Nonen-1-ol, (2E)-",CASRN,0.018197008586099836,202,3.13
31574-44-4,DTXSID4052001,1-Methoxy-4-methyl-2-(propan-2-yl)benzene,CASRN,0.28840315031266056,223,4.45
31846-06-7,DTXSID80865614,"Cyclohexanol, 3-(1,1-dimethylethyl)-, 1-acetate",CASRN,0.03235936569296283,228,4.49
31906-04-4,DTXSID1027970,4-(4-Hydroxy-4-methylpentyl)cyclohex-3-ene-1-carbaldehyde,CASRN,0.000038904514499428046,274,3.1
31996-78-8,DTXSID9051371,"Tricyclo[2.2.1.02,6]heptane, 1-ethyl-3-methoxy-",CASRN,0.5011872336272722,185,4.23
32210-23-4,DTXSID1027974,4-tert-Butylcyclohexyl acetate,CASRN,0.007585775750291836,228,4.8
32214-91-8,DTXSID70865628,"Bicyclo(7.2.0)undec-3-en-5-ol, 4,11,11-trimethyl-8-methylene-, acetate",CASRN,0.000004897788193684467,323,4.86
32388-55-9,DTXSID4029353,Acetylcedrene,CASRN,0.00021877616239495518,325,4.13
32480-08-3,DTXSID001315436,"2,3-Dihydrofarnesal",CASRN,0.05011872336272722,266,5.73
32659-21-5,DTXSID50885541,Ethyl (E)-geranate,CASRN,0.04570881896148749,237,4.07
32665-23-9,DTXSID6067707,Isopropyl isovalerate,CASRN,3.9810717055349722,145,2.48
32669-00-4,DTXSID10885542,"Ethanone, 1-(3-cycloocten-1-yl)-",CASRN,0.1,229,2.98
32737-14-7,DTXSID0067713,2-Ethoxy-3-methylpyrazine,CASRN,0.2691534803926916,183,1.82
32764-98-0,DTXSID4052009,Tetrahydro-6-(3-penten-1-yl)-2H-pyran-2-one,CASRN,0.023442288153199226,238,2.66
32974-92-8,DTXSID3067736,1-(3-Ethylpyrazinyl)ethan-1-one,CASRN,0.19498445997580455,248,1.55
33046-81-0,DTXSID50865661,7-Methyloct-3-en-2-one,CASRN,0.6165950018614822,178,2.97
33407-62-4,DTXSID2047228,Isolongifolanone- parent,Deleted CAS-RN,0.0019498445997580456,286,3.93
33467-73-1,DTXSID1047572,(3Z)-Hex-3-en-1-yl formate,CASRN,2.8183829312644537,152,2.18
33467-74-2,DTXSID6047579,(3Z)-Hex-3-en-1-yl propanoate,CASRN,1.023292992280754,196,2.9
33662-58-7,DTXSID3067782,"Benzoic acid, 2,4-dihydroxy-3-methyl-, methyl ester",CASRN,1.6218100973589298E-7,283,1.72
33673-62-0,DTXSID70865683,"2(3H)-Furanone, dihydro-4-methyl-5-pentyl-",CASRN,0.05623413251903491,238,3.1
33673-65-3,DTXSID30187353,Hexanal dihexyl acetal,CASRN,0.00005011872336272725,332,7.32
33673-71-1,DTXSID40860569,"2-Buten-1-one, 1-(2,4,4-trimethyl-2-cyclohexen-1-yl)-",CASRN,0.06025595860743578,252,4.05
33704-60-8,DTXSID30865684,"1H-Indene, octahydro-1,1,2,3,3-pentamethyl-",CASRN,0.01,238,4.67
33704-61-9,DTXSID8047399,Cashmeran,CASRN,0.02187761623949553,242,3.85
33880-83-0,DTXSID40865690,(+/-)-beta-Elemene,CASRN,0.20417379446695297,246,5.91
33885-51-7,DTXSID7052022,"3-(6,6-Dimethylbicyclo[3.1.1]hept-2-en-2-yl)propanal",CASRN,0.14791083881682077,256,2.89
33885-52-8,DTXSID5051490,"3-(6,6-Dimethylbicyclo[3.1.1]hept-2-en-2-yl)-2,2-dimethylpropanal",CASRN,0.11220184543019636,267,4.4
33941-99-0,DTXSID00865696,"1,3-Dioxolane, 2-methyl-4-phenyl-",CASRN,0.010715193052376065,245,2.61
34131-98-1,DTXSID10865703,"2(1H)-Naphthalenone, octahydro-6-(1-methylethyl)-",CASRN,0.043651583224016584,249,4.11
34291-99-1,DTXSID80865710,"Benzeneacetaldehyde, .alpha.-methyl-4-(1-methylethyl)-",CASRN,0.18197008586099836,251,2.91
34300-94-2,DTXSID50187870,3-Mercapto-3-methyl-1-butanol,CASRN,0.22387211385683395,195,1.67
34322-06-0,DTXSID6067832,"Butanethioic acid, 3-methyl-, S-(1-methylethyl) ester",CASRN,2.8183829312644537,201,2.76
34322-08-2,DTXSID00865712,"Butanethioic acid, 2-methyl-, S-(1-methylpropyl) ester",CASRN,0.6025595860743578,227,3.14
34322-09-3,DTXSID60865713,"2-Butenethioic acid, 3-methyl-, S-(1-methylpropyl) ester",CASRN,0.06456542290346556,240,2.35
34365-79-2,DTXSID1067837,"2-Butenethioic acid, 3-methyl-, S-(1-methylethyl) ester",CASRN,2.7542287033381663,222,2.25
34413-35-9,DTXSID4047678,"5,6,7,8-Tetrahydroquinoxaline",CASRN,0.005248074602497728,192,1.33
34451-19-9,DTXSID4042335,Butyl (2S)-2-hydroxypropanoate,CASRN,0.3981071705534972,186,1.67
34495-71-1,DTXSID40885590,"4-Octenoic acid, ethyl ester, (4Z)-",CASRN,0.19054607179632474,208,3.33
34686-67-4,DTXSID2052025,2-(2-Hexen-1-yl)cyclopentanol,CASRN,0.8511380382023764,226,5.55
34686-71-0,DTXSID5051492,7-Decen-5-olide,CASRN,0.022908676527677734,238,2.66
34764-02-8,DTXSID30188320,"1,1-Diethoxydecane",CASRN,0.009549925860214359,273,5.21
34902-57-3,DTXSID4051374,Oxacyclohexadecen-2-one,CASRN,N/A,N/A,N/A
35044-57-6,DTXSID7052026,"Ethyl 2,6,6-trimethylcyclohexa-2,4-diene-1-carboxylate",CASRN,0.020417379446695295,235,3.97
35044-58-7,DTXSID70865744,"3-Cyclohexene-1-carboxylic acid, 6,6-dimethyl-2-methylene-, ethyl ester",CASRN,0.05370317963702527,235,3.97
35044-59-8,DTXSID6067884,"1,3-Cyclohexadiene-1-carboxylic acid, 2,6,6-trimethyl-, ethyl ester",CASRN,0.0199526231496888,239,3.69
35044-68-9,DTXSID1067885,"1-(2,6,6-Trimethyl-1-cyclohexen-1-yl)-2-buten-1-one",CASRN,0.0446683592150963,258,4
35087-49-1,DTXSID9051375,"1-(2,2-Dimethyl-6-methylenecyclohexyl)-2-buten-1-one",CASRN,0.05128613839913648,247,4.05
35145-02-9,DTXSID50188640,"(1alpha,2alpha,5alpha)-2,5-Dimethylcyclohex-3-ene-1-carbaldehyde",CASRN,0.251188643150958,203,2.65
35154-45-1,DTXSID2052029,(3Z)-Hex-3-en-1-yl 3-methylbutanoate,CASRN,0.09772372209558107,222,4
35158-25-9,DTXSID5067891,2-(1-Methylethyl)-5-methylhex-2-enal,CASRN,1.0715193052376064,203,3.34
35194-30-0,DTXSID70188687,9-Decen-2-one,CASRN,0.1778279410038923,206,3.26
35206-51-0,DTXSID1052030,"1,3-Dimethylbutyl 2-butenoate",CASRN,1.0471285480508996,198,3.48
35720-57-1,DTXSID00860141,Cyclopentadec-4-en-1-one,CASRN,0.00002951209226666384,298,5.4
35836-72-7,DTXSID40189368,"Nopyl acetate, (-)-",CASRN,0.012589254117941675,252,3.97
35836-73-8,DTXSID601044956,(-)-Nopol,CASRN,0.008128305161640995,228,3.1
35852-46-1,DTXSID40885636,"Pentanoic acid, (3Z)-3-hexen-1-yl ester",CASRN,0.07244359600749903,220,3.99
35854-86-5,DTXSID0047587,(6Z)-Non-6-en-1-ol,CASRN,0.018197008586099836,202,3.13
36267-71-7,DTXSID1052038,"5,7-Dihydro-2-methylthieno[3,4-d]pyrimidine",CASRN,0.015848931924611134,223,1.77
36306-86-2,DTXSID60865814,"Cyclohexene, 1-ethoxy-4-(1-ethoxyethenyl)-3,3,5,5-tetramethyl-",CASRN,0.001584893192461114,296,5.69
36306-87-3,DTXSID6052039,"4-(1-Ethoxyethenyl)-3,3,5,5-tetramethylcyclohexanone",CASRN,0.057543993733715694,260,5
36431-72-8,DTXSID3047055,"1-Oxaspiro(4.5)dec-6-ene, 2,6,10,10-tetramethyl-, (2S,5S)-",Deleted CAS-RN,0.6309573444801932,248,4.14
36635-35-5,DTXSID60893056,"4,6-Dimethyl-3-cyclohexene-1-carboxaldehyde",CASRN,0.28183829312644537,203,2.58
37064-20-3,DTXSID90865847,Propyl 2-methylbutanoate,CASRN,4.168693834703354,158,2.54
37161-74-3,DTXSID80865851,Methyl 3-phenyloxirane-2-carboxylate,CASRN,0.002187761623949552,232,1.95
37172-02-4,DTXSID40865852,"Cyclohexanol, 1-ethenyl-2-(1-methylpropyl)-, 1-acetate",CASRN,0.021379620895022326,251,4.97
37172-53-5,DTXSID5052048,Methyl 2-hexyl-3-oxocyclopentanecarboxylate,CASRN,0.005623413251903491,275,3.56
37514-30-0,DTXSID4068034,"Cyclododecane, 1-methoxy-1-methyl-",CASRN,0.00016982436524617443,283,6.29
37526-88-8,DTXSID3047130,Benzyl (2E)-2-methylbut-2-enoate,CASRN,0.025703957827688632,262,3.04
37609-25-9,DTXSID8047139,5-Cyclohexadecen-1-one,CASRN,0.000012589254117941661,315,6
37677-14-8,DTXSID4052051,4-(4-Methyl-3-pentenyl)cyclohex-3-ene-1-carbaldehyde,CASRN,0.1548816618912481,254,3.94
37837-44-8,DTXSID10865945,"Benzoic acid, [(phenylmethylene)amino]-, methyl ester",CASRN,N/A,N/A,N/A
37973-51-6,DTXSID9052054,(E)-2-Phenylpropenyl acetate,CASRN,0.009772372209558112,267,2.55
37973-52-7,DTXSID4052055,(Z)-2-Phenylpropenyl acetate,CASRN,0.009772372209558112,267,2.55
38049-26-2,DTXSID70885700,"Cyclohexanol, 2-methyl-5-(1-methylethenyl)-, (1R,2R,5R)-rel-",CASRN,0.029512092266663854,224,3.21
38223-29-9,DTXSID8074784,"Oxacyclohexadecane-2,13-dione",CASRN,0.000005623413251903491,298,4.22
38237-00-2,DTXSID9068081,"2,6-Octadiene-1-thiol, 3,7-dimethyl-",CASRN,0.33884415613920255,240,4.16
38285-49-3,DTXSID4052057,"3-O-Acetyl-1,5-anhydro-2-butyl-2,4-dideoxy-4-methylpentitol",CASRN,0.0011481536214968829,236,3.3
38462-22-5,DTXSID2047195,p-Mentha-8-thiol-3-one,CASRN,0.03311311214825911,263,3.06
38462-23-6,DTXSID9052058,"4-(4,8-Dimethylnona-3,7-dienyl)pyridine",CASRN,0.003981071705534973,288,4.15
38649-18-2,DTXSID80959486,DL-Menthyl benzoate,CASRN,N/A,N/A,N/A
39067-39-5,DTXSID10865940,"Bicyclo[2.2.1]hept-5-ene-2-carboxaldehyde, 3-propyl-",CASRN,0.5248074602497725,239,2.44
39067-80-6,DTXSID3052064,"(E)-3,7-Dimethylocta-2,6-diene-1-thiol",CASRN,0.33884415613920255,240,4.16
39129-16-3,DTXSID201349087,Methyl 2-(benzylideneamino)benzoate,CASRN,0.000012022644346174132,319,2.81
39189-74-7,DTXSID9068162,"Cyclopentanone, 2-heptylidene-",CASRN,0.047863009232263824,257,3.71
39212-23-2,DTXSID90865948,Whiskey lactone,CASRN,0.15848931924611134,208,2.52
39255-32-8,DTXSID7047198,Ethyl 2-methylpentanoate,CASRN,3.630780547701014,158,2.54
39668-74-1,DTXSID20960278,N-[[5-Methyl-2-(1-methylethyl)cyclohexyl]carbonyl]glycine ethyl ester,CASRN,0.000007244359600749906,275,3.57
39707-47-6,DTXSID90885782,"1,6-Octadiene-3-thiol, 3,7-dimethyl-",CASRN,0.11220184543019636,234,3.91
39711-79-0,DTXSID5047039,N-Ethyl-2-(isopropyl)-5-methylcyclohexanecarboxamide,CASRN,0.0009332543007969915,289,3.89
39770-04-2,DTXSID2052071,8-Nonenal,CASRN,0.3981071705534972,190,3.26
39770-05-3,DTXSID7052072,9-Decenal,CASRN,0.17378008287493754,207,3.68
39864-15-8,DTXSID7052074,Nonanediyl diacetate,CASRN,N/A,N/A,N/A
39872-57-6,DTXSID2052075,"(E)-1-(2,4,4-Trimethyl-2-cyclohexen-1-yl)-2-buten-1-one",CASRN,0.06025595860743578,252,4.05
39900-38-4,DTXSID00865974,Cedrol formate,CASRN,0.00010715193052376059,315,4.1
39924-52-2,DTXSID90859600,Methyl [3-oxo-2-(pent-2-en-1-yl)cyclopentyl]acetate,CASRN,0.0016218100973589297,263,3.09
40188-41-8,DTXSID7052076,"3,7-Dimethyloctanenitrile",CASRN,0.4897788193684462,221,3.1
40203-73-4,DTXSID2052077,Methyl cyclopentylideneacetate,CASRN,0.40738027780411273,201,2.02
40267-72-9,DTXSID1068223,"2,6-Octadiene, 1-ethoxy-3,7-dimethyl-",CASRN,1,220,3.68
40379-24-6,DTXSID4041577,"Acetic acid, isononyl ester",CASRN,0.1288249551693134,217,4.19
40527-42-2,DTXSID5068233,"1,3-Benzodioxole, 5-(diethoxymethyl)-",CASRN,0.00003467368504525317,287,1.94
40596-76-7,DTXSID1052080,"4,8-Dimethylnon-7-en-2-ol",CASRN,0.043651583224016584,238,3.74
40654-82-8,DTXSID80866005,2-Methyl-4-phenyl-1-butanal,CASRN,0.4168693834703354,242,2.77
40716-66-3,DTXSID2040783,trans-Nerolidol,CASRN,0.006606934480075957,276,4.86
40785-62-4,DTXSID20885816,14-Oxabicyclo[10.3.0]pentadec-10-ene,CASRN,0.00001698243652461746,263,5.57
40910-49-4,DTXSID20866024,"1,6-Octadiene, 3-(1-ethoxyethoxy)-3,7-dimethyl-",CASRN,0.0812830516164099,251,4.97
40942-73-2,DTXSID00866027,"Cyclopentanone, 3-(2-oxopropyl)-2-pentyl-",CASRN,0.004677351412871981,262,3.57
41199-19-3,DTXSID1052084,"1,2,3,4,4a,5,6,7-Octahydro-2,5,5-trimethyl-2-naphthol",CASRN,0.006165950018614822,266,3.18
41239-48-9,DTXSID70866039,"Furan, 2,5-diethyltetrahydro-",CASRN,8.912509381337454,128,3.77
41270-80-8,DTXSID4068294,"Benzoic acid, 2-(formylamino)-, methyl ester",CASRN,0.000020417379446695274,295,1.19
41496-43-9,DTXSID00866047,"Benzenepropanal, .alpha.,4-dimethyl-",CASRN,0.251188643150958,242,2.66
41519-18-0,DTXSID40885838,"2-Butenoic acid, 2-methyl-, 3-methylbutyl ester, (2E)-",CASRN,0.8128305161640993,206,3.67
41519-23-7,DTXSID0047585,(3Z)-Hex-3-en-1-yl 2-methylpropanoate,CASRN,0.35481338923357547,210,3.54
41547-22-2,DTXSID10885840,"5-Octenal, (5Z)-",CASRN,0.5754399373371569,172,2.59
41654-15-3,DTXSID40885732,"5-Octenoic acid, methyl ester, (5Z)-",CASRN,1.023292992280754,196,2.91
41678-36-8,DTXSID1052086,"3,7-Dimethylocten-2-ol",CASRN,N/A,N/A,N/A
41723-98-2,DTXSID6052087,"3,4,4a,5,8,8a-Hexahydro-3',6-dimethylspiro[1,4-methanonaphthalene-2(1H),2'-oxirane]",CASRN,0.00014791083881682073,283,4.28
41724-19-0,DTXSID1052088,"Octahydro-7-methyl-1,4-methanonaphthalen-6(2H)-one",CASRN,0.033884415613920256,261,2.91
41816-03-9,DTXSID6052089,"3,4,4a,5,8,8a-Hexahydro-3',7'-dimethylspiro[1,4-methanonaphthalene-2(1H),2'-oxirane]",CASRN,0.00014791083881682073,283,4.28
41890-92-0,DTXSID5052090,"7-Methoxy-3,7-dimethyloctan-2-ol",CASRN,0.019054607179632473,232,2.55
42288-75-5,DTXSID4068379,"Benzeneacetic acid, cyclohexyl ester",CASRN,0.0013489628825916532,275,3.86
42370-07-0,DTXSID5052094,"1-(3,3-Dimethylbicyclo[2.2.1]hept-2-yl)ethan-1-one",CASRN,0.08912509381337455,211,3.15
42436-07-7,DTXSID40884821,Z-3-Hexenyl phenylacetate,CASRN,0.008128305161640995,276,3.43
42822-86-6,DTXSID0035744,"p-Menthane-3,8-diol",CASRN,0.017378008287493755,242,2.59
42866-91-1,DTXSID7068425,"p-(2,2-Dimethyloxyethyl)toluene",CASRN,0.01148153621496883,236,1.92
43052-87-5,DTXSID0052097,"1-(2,6,6-Trimethyl-2-cyclohexen-1-yl)-2-butenone",CASRN,0.04073802778041128,252,4.06
45019-28-1,DTXSID80866121,4-Methylnonanoic acid,CASRN,0.0014791083881682072,280,3.61
50607-64-2,DTXSID8052142,Methyl 2-[(2-methylpentylidene)amino]benzoate,CASRN,0.0010471285480508996,290,3.36
50816-18-7,DTXSID4047125,9-Decenyl acetate,CASRN,0.019498445997580455,248,4.25
51100-54-0,DTXSID20866180,Dec-1-en-3-ol,CASRN,0.07244359600749903,221,3.62
51115-63-0,DTXSID3052145,2-Methylbutyl salicylate,CASRN,0.00010715193052376059,274,3.12
51115-64-1,DTXSID80866181,"Butanoic acid, 2-methylbutyl ester",CASRN,0.9120108393559098,179,3.23
51414-25-6,DTXSID2052152,3-(4-Hydroxy-4-methylpentyl)cyclohex-3-ene-1-carbaldehyde,CASRN,0.00008709635899560814,274,2.96
51519-65-4,DTXSID2052154,"4,4a,6,7,8,8a-Hexahydro-1,4-methanonaphthalen-5(1H)-one",CASRN,0.03311311214825911,254,2.17
51566-62-2,DTXSID7052155,"3,7-Dimethyloct-6-enenitrile",CASRN,0.40738027780411273,226,2.94
51608-18-5,DTXSID901014938,(E)-2-(Pent-2-enyl)cyclopentan-1-one,CASRN,0.251188643150958,229,2.85
51755-66-9,DTXSID10866215,3-(Methylsulfanyl)hexan-1-ol,CASRN,0.31622776601683794,192,2.98
51755-83-0,DTXSID70866216,"1-Hexanol, 3-mercapto-",CASRN,0.2630267991895382,192,2
51755-85-2,DTXSID30866217,3-(Methylsulfanyl)hexyl acetate,CASRN,0.1548816618912481,220,3.38
52474-60-9,DTXSID20866266,"3-Cyclohexene-1-carboxaldehyde, 1-methyl-3-(4-methyl-3-penten-1-yl)-",CASRN,0.06165950018614822,271,4.11
52475-86-2,DTXSID6052160,1-Methyl-4-(4-methyl-3-pentenyl)cyclohex-3-ene-1-carbaldehyde,CASRN,0.06025595860743578,271,4.11
52475-89-5,DTXSID1052161,3-(4-Methyl-3-penten-1-yl)-3-cyclohexene-1-carbaldehyde,CASRN,0.1548816618912481,254,3.94
52514-66-6,DTXSID40886007,"Phenol, 2-methoxy-4-(4,4,6-trimethyl-1,3-dioxan-2-yl)-",CASRN,0.000007413102413009177,314,3.08
52514-67-7,DTXSID00886008,"Phenol, 2-ethoxy-4-(4,4,6-trimethyl-1,3-dioxan-2-yl)-",CASRN,0.0000033113112148259077,318,3.69
52557-97-8,DTXSID6052162,"Methyl 3,3-dimethylbicyclo[2.2.1]heptane-2-carboxylate",CASRN,0.04168693834703355,214,3.46
52711-52-1,DTXSID701033217,"2,7-Decadienal, (2E,7Z)-",CASRN,0.05623413251903491,228,3.46
53018-24-9,DTXSID10866295,"4,7-Methano-1H-indene, 3a,4,5,6,7,7a-hexahydro-5-methoxy-",CASRN,0.07413102413009177,230,4.35
53082-58-9,DTXSID90886032,"2-Butenoic acid, 2-methyl-, 3-methylpentyl ester, (2Z)-",CASRN,0.251188643150958,221,4.18
53219-21-9,DTXSID6041557,Dihydromyrcenol,CASRN,N/A,N/A,N/A
53243-59-7,DTXSID0052170,(2Z)-3-Methyl-5-phenylpent-2-enenitrile,CASRN,0.0035481338923357532,277,2.37
53243-60-0,DTXSID5052171,(2E)-3-Methyl-5-phenylpent-2-enenitrile,CASRN,0.0035481338923357532,277,2.37
53253-09-1,DTXSID00893555,3-(3Z)-3-Hexen-1-yl-2-cyclopenten-1-one,CASRN,0.07413102413009177,252,2.86
53398-80-4,DTXSID30886051,(E)-2-Hexenyl propanoate,CASRN,1.023292992280754,196,2.92
53398-83-7,DTXSID90886052,"Butanoic acid, (2E)-2-hexen-1-yl ester",CASRN,0.19054607179632474,208,3.33
53398-85-9,DTXSID5052177,(Z)-Hex-3-enyl 2-methylbutyrate,CASRN,0.09772372209558107,222,4
53398-86-0,DTXSID50886053,"Hexanoic acid, (2E)-2-hexen-1-yl ester",CASRN,0.03235936569296283,242,4.23
53399-81-8,DTXSID00866320,"4-Pentenoic acid, 2-methyl-, ethyl ester",CASRN,3.0902954325135905,162,2.52
53448-07-0,DTXSID20904470,(2E)-2-Undecenal,CASRN,0.020417379446695295,220,4.04
53498-32-1,DTXSID6068858,"Thiazole, 4,5-dimethyl-2-(2-methylpropyl)-",CASRN,0.09120108393559097,199,2.85
53767-86-5,DTXSID30866358,"1-Octene, 7-methoxy-3,7-dimethyl-",CASRN,0.8511380382023764,199,5.22
53767-93-4,DTXSID4052182,"2,6-Dimethyloct-7-en-2-yl acetate",CASRN,0.0933254300796991,230,4.32
53834-70-1,DTXSID801019761,"(E)-3,7-Dimethylocta-1,5,7-trien-3-ol",CASRN,0.09120108393559097,216,4.12
54082-68-7,DTXSID70904728,"2,6,10-Trimethyl-5,9-undecadienal (mixture of all stereo forms)",CASRN,0.05011872336272722,249,4.83
54089-83-7,DTXSID8052190,3-Methyl-5-phenylpentanenitrile,CASRN,0.1096478196143185,282,2.63
54440-17-4,DTXSID20886101,"2,3-Dihydro-2,3,3-trimethyl-1H-inden-1-one",CASRN,0.014791083881682071,263,2.85
54464-57-2,DTXSID7031290,Isocyclemone E,CASRN,0.00223872113856834,288,4.98
54484-73-0,DTXSID60866427,"Hexane, 1-(1-ethoxyethoxy)-",CASRN,1.202264434617413,195,3
54491-17-7,DTXSID0052203,3-Ethylhexahydro-2(3H)-benzofuranone,CASRN,0.02187761623949553,240,2.89
54546-26-8,DTXSID0052205,"2-Butyl-4,4,6-trimethyl-1,3-dioxane",CASRN,0.6025595860743578,218,3.09
54815-13-3,DTXSID7068976,"Nonane, 1,1-diethoxy-",CASRN,0.04570881896148749,255,5.07
54830-99-8,DTXSID9052210,Tricyclodecenyl acetate,CASRN,N/A,N/A,N/A
54889-48-4,DTXSID2068979,"Octane, 1,1-diethoxy-",CASRN,0.5011872336272722,243,4.31
54947-74-9,DTXSID70866453,"Octanoic acid, 4-methyl-",CASRN,0.00239883291901949,245,3.34
54982-83-1,DTXSID1044568,"1,4-Dioxacyclohexadecane-5,16-dione",CASRN,0.000002884031503126606,297,3.44
54992-90-4,DTXSID00886124,"3-Buten-2-one, 4-(2,2,3,6-tetramethylcyclohexyl)-",CASRN,0.04897788193684462,243,4.85
54992-91-5,DTXSID00904392,"4-(2,5,6,6-Tetramethyl-1(or 2)-cyclohexen-1-yl)-3-buten-2-one",CASRN,N/A,N/A,N/A
55050-40-3,DTXSID4052211,7-Methyl-3-methyleneoct-6-enal,CASRN,0.8709635899560807,201,2.87
55066-48-3,DTXSID4044822,3-Methyl-5-phenylpentan-1-ol,CASRN,0.00776247116628692,249,4.04
55066-49-4,DTXSID9052212,3-Methyl-5-phenylpentanal,CASRN,0.18197008586099836,254,2.81
55066-54-1,DTXSID40866460,"Bicyclo[2.2.1]heptan-2-ol, 1,3,3-trimethyl-, 2-benzoate",CASRN,0.000003235936569296281,324,5.87
55066-56-3,DTXSID6047159,p-Tolyl isovalerate,CASRN,0.03630780547701014,249,3.38
55418-52-5,DTXSID0047161,"4-(1,3-Benzodioxol-5-yl)butan-2-one",CASRN,0.0006918309709189362,277,2.09
55514-48-2,DTXSID3047689,Ethyl 2-methylbut-2-enoate,CASRN,7.244359600749901,155,2.11
55590-83-5,DTXSID50866491,2-Methylbutyl pentanoate,CASRN,0.5495408738576245,199,3.81
55719-85-2,DTXSID8047684,Phenethyl 2-methylcrotonate,CASRN,0.028840315031266057,274,3.57
55722-59-3,DTXSID5069045,Isogeranial,CASRN,0.6456542290346555,229,3.09
55739-89-4,DTXSID80886147,"Cyclohexanone, 2-ethyl-4,4-dimethyl-",CASRN,0.37153522909717257,202,3.04
56001-43-5,DTXSID501009866,"[(3S,6Z)-3,7,11-trimethyldodeca-1,6,10-trien-3-yl] acetate",CASRN,0.006606934480075957,317,6.28
56011-02-0,DTXSID3052220,3-Methylbutyl 2-phenylethyl ether,CASRN,0.29512092266663853,248,3.78
56107-04-1,DTXSID30866535,"Benzenepropanol, 4-(1,1-dimethylethyl)-.beta.-methyl-",CASRN,0.004265795188015926,264,3.48
56138-10-4,DTXSID60884702,"2-Propen-1-ol, 2-methyl-3-(4-methylphenyl)-, (2E)-",CASRN,0.008709635899560805,255,2.44
56172-46-4,DTXSID40884705,"2-Butenoic acid, (2E)-3,7-dimethyl-2,6-octadien-1-yl ester",CASRN,0.03890451449942807,272,4.36
56423-40-6,DTXSID3052226,Benzyl 2-methylbutanoate,CASRN,0.03715352290971726,245,3.51
56767-18-1,DTXSID70886151,"2,6-Octadienal, (2E,6E)-",CASRN,0.954992586021436,198,2.17
56836-93-2,DTXSID8052229,3-Methyl-4-phenyl-2-butanol,CASRN,0.01148153621496883,232,4.12
56922-74-8,DTXSID40886209,"Pentanoic acid, (2E)-2-hexen-1-yl ester",CASRN,0.07244359600749903,220,3.99
56973-85-4,DTXSID7052230,"1-(5,5-Dimethyl-1-cyclohexen-1-yl)pent-4-en-1-one",CASRN,0.05011872336272722,252,4.02
56973-87-6,DTXSID2052231,"1-(3,3-dimethylcyclohexyl)pent-4-en-1-one",CASRN,0.05128613839913648,237,4.09
57074-37-0,DTXSID30886218,"4-Decen-1-ol, (4Z)-",CASRN,0.003311311214825911,230,3.64
57082-24-3,DTXSID2052233,"(1R,2S,5R,8S)-4,4,8-trimethyltricyclo[6.3.1.02,5]dodec-1-yl acetate",CASRN,0.00001445439770745928,328,4.3
57094-40-3,DTXSID90866612,"1-Oxaspiro[5.5]undecan-4-ol, 4-methyl-",CASRN,0.0009549925860214359,259,3.04
57345-19-4,DTXSID3041538,"5H-3,5a-Epoxynaphth[2,1-c]oxepin, dodecahydro-3,8,8,11a-tetramethyl-",CASRN,0.00006165950018614822,334,5.6
57371-42-3,DTXSID0069179,Benzyl eugenol,CASRN,0.000026302679918953814,353,4.04
57378-68-4,DTXSID2052235,"1-(2,6,6-Trimethyl-3-cyclohexen-1-yl)-2-buten-1-one",CASRN,0.05011872336272722,241,4.02
57566-26-4,DTXSID00365106,"(1R,6S)-2,2,7,7-Tetramethyltricyclo[6.2.1.01,6]undecan-6-ol",CASRN,0.004365158322401661,284,3.85
57576-09-7,DTXSID60904398,Isopulegyl acetate,CASRN,0.05370317963702527,229,3.77
57856-81-2,DTXSID5069209,Allyl decanoate,CASRN,0.006918309709189363,264,5.04
57934-97-1,DTXSID1052240,"Ethyl 2-ethyl-6,6-dimethylcyclohex-2-ene-1-carboxylate",CASRN,0.05248074602497726,243,4.48
57967-68-7,DTXSID6052241,"rel-(2R,5S,6S)-2,6,10,10-Tetramethyl-1-oxaspiro[4.5]decan-6-ol",CASRN,0.0026302679918953813,280,3.07
58001-88-0,DTXSID601269651,"(5E)-2,6,10-Trimethyl-5,9-undecadien-1-ol",CASRN,0.003235936569296281,287,4.79
58096-46-1,DTXSID50866673,"Tricyclo[6.3.1.02,5]dodecan-1-ol, 4,4,8-trimethyl-, 1-formate",CASRN,0.000015488166189124828,328,4.11
58096-47-2,DTXSID10866674,"3a,7-Methano-3aH-cyclopentacycloocten-3-ol, decahydro-1,1,7-trimethyl-, 3-formate",CASRN,0.000015135612484362071,328,4.09
58296-81-4,DTXSID6052243,Undec-8-enal,CASRN,0.020892961308540396,220,4.04
58430-94-7,DTXSID0041270,"3,5,5-Trimethylhexyl acetate",CASRN,0.35481338923357547,210,4.07
58461-27-1,DTXSID70866690,"4-Hexen-1-ol, 5-methyl-2-(1-methylethenyl)-",CASRN,0.33884415613920255,213,3.52
58475-04-0,DTXSID40974019,4-Ethyloctanal,CASRN,0.3467368504525316,197,3.88
58567-11-6,DTXSID1052248,(Ethoxymethoxy)cyclododecane,CASRN,0.000053703179637025325,292,6.04
58985-02-7,DTXSID301057219,Dihydroterpineol,CASRN,N/A,N/A,N/A
58985-18-5,DTXSID6042446,Dihydroterpineol acetate,CASRN,0.046773514128719815,228,4.45
59020-90-5,DTXSID8069301,"Methanethioic acid, S-(2-furanylmethyl) ester",CASRN,0.04570881896148749,212,1.85
59052-82-3,DTXSID70866731,"Cyclododecanol, 1-formate",CASRN,0.00025118864315095795,261,4.63
59056-62-1,DTXSID30866732,"2,3b-Methano-3bH-cyclopenta[1,3]cyclopropa[1,2]benzene-4-methanol, octahydro-7,7,8,8-tetramethyl-, 4-acetate",CASRN,0.000006760829753919819,332,4.79
59056-64-3,DTXSID90866733,"2,3b-Methano-3bH-cyclopenta[1,3]cyclopropa[1,2]benzene-4-methanol, octahydro-7,7,8,8-tetramethyl-",CASRN,0.001445439770745928,288,4.04
59151-19-8,DTXSID40866743,"2-Cyclohexene-1-carboxylic acid, 2-methyl-4-oxo-6-pentyl-, ethyl ester",CASRN,0.00002951209226666384,286,4.37
59191-78-5,DTXSID00866744,"2-Octanone, 3-(hydroxymethyl)-",CASRN,0.0012882495516931337,235,1.87
59230-57-8,DTXSID0052259,4-Isopropylbenzyl acetate,CASRN,0.03311311214825911,250,3.41
59323-76-1,DTXSID9052260,"rel-(2S,4R)-2-Methyl-4-propyl-1,3-oxathiane",CASRN,0.5623413251903491,196,4.11
59324-17-3,DTXSID5051496,"(2R,4R)-2-Methyl-4-propyl-1,3-oxathiane",CASRN,0.5623413251903491,196,4.11
59354-71-1,DTXSID1069324,"Propanoic acid, 2-methyl-, 1,1-dimethyl-2-phenylethyl ester",CASRN,0.029512092266663854,268,3.89
59471-80-6,DTXSID90862053,"Cyclohexanone, 2-methyl-5-(1-methylethyl)-",CASRN,0.3019951720402016,207,3.15
59558-23-5,DTXSID9052262,p-Tolyl octanoate,CASRN,0.0028840315031266055,292,4.88
59739-63-8,DTXSID901378821,"(2Z)-1-(2,6,6-Trimethyl-1,3-cyclohexadien-1-yl)-2-buten-1-one",CASRN,0.08709635899560805,265,3.49
60047-17-8,DTXSID60863673,Linalool oxide,CASRN,0.2630267991895382,217,2.43
60066-88-8,DTXSID0069383,beta-Sinensal,CASRN,0.12022644346174129,296,4.71
60241-52-3,DTXSID60886165,"Cyclohexanepropanol, .alpha.-ethyl-2,2,6-trimethyl-",CASRN,0.02187761623949553,267,3.96
60241-53-4,DTXSID90866798,"Cyclohexanepropanol, .alpha.,.beta.,2,2,6-pentamethyl-",CASRN,0.030902954325135904,265,3.93
60308-76-1,DTXSID50886391,"2-Octenoic acid, 4-ethyl-, (2E)-",CASRN,0.0014791083881682072,283,3.56
60335-71-9,DTXSID00866805,"2H-Pyran, 3,6-dihydro-4-methyl-2-phenyl-",CASRN,0.004897788193684461,262,3.05
60335-74-2,DTXSID60866806,"2H-Pyran, tetrahydro-4-methylene-2-phenyl-",CASRN,0.008317637711026709,262,3.06
60466-73-1,DTXSID80886400,"2H-Pyran, tetrahydro-3-(phenylmethyl)-",CASRN,0.017378008287493755,256,2.99
60523-21-9,DTXSID30866813,"3,4-Pentadienoic acid, 2-methyl-, ethyl ester",CASRN,2.884031503126606,144,2.52
60763-41-9,DTXSID9069429,2-Diethoxymethyl-1-phenylhept-1-ene,CASRN,0.000009332543007969906,321,3.85
60763-42-0,DTXSID00866825,"3-Octanol, 3,6-dimethyl-, 3-acetate",CASRN,0.1318256738556407,233,4.72
60788-25-2,DTXSID8052275,"3,7-Dimethyloct-6-en-1-yl ethyl ethanedioate",CASRN,0.0013489628825916532,280,2.83
60899-29-8,DTXSID10886413,"1H-Indene, 1-ethyl-2,3-dihydro-1,3,3-trimethyl-",CASRN,0.03715352290971726,241,5.24
61444-38-0,DTXSID40886441,"3-Hexenoic acid, (3Z)-3-hexen-1-yl ester, (3Z)-",CASRN,0.07244359600749903,237,4.09
61668-40-4,DTXSID10886453,"1-Decene, 1-ethoxy-",CASRN,0.30902954325135906,222,5.6
61699-38-5,DTXSID1052292,Cyclooctyl methyl carbonate,CASRN,0.06456542290346556,219,2.09
61789-17-1,DTXSID6095116,"Oils, guaiacwood, acetates",CASRN,N/A,N/A,N/A
61792-11-8,DTXSID1052296,"3,7-Dimethyl-2,6-nonadienenitrile",CASRN,0.19054607179632474,223,2.55
61920-45-4,DTXSID30866893,"1,3-Dioxane, 2,2,5,5-tetramethyl-4-(1-methylethyl)-",CASRN,0.4677351412871982,197,3.31
61931-80-4,DTXSID50866895,"1,6-Nonadien-3-ol, 3,7-dimethyl-, 3-acetate",CASRN,0.06606934480075961,242,4.38
61931-81-5,DTXSID20886469,"Propanoic acid, 2-hydroxy-, (3Z)-3-hexen-1-yl ester",CASRN,0.007413102413009177,226,1.74
62062-85-5,DTXSID40866905,"6-Butyl-4,6-dimethyl-3,6-dihydro-2H-pyran",CASRN,1.1748975549395295,215,4.8
62346-96-7,DTXSID8052302,"2,4-Dimethylbenzyl acetate",CASRN,0.034673685045253165,243,2.64
62406-73-9,DTXSID50866931,"6,10-Dioxaspiro[4.5]decane, 8,8-dimethyl-7-(1-methylethyl)-",CASRN,0.03715352290971726,231,3.81
62439-41-2,DTXSID3052303,"6-Methoxy-2,6-dimethylheptanal",CASRN,0.5248074602497725,209,2.91
62518-65-4,DTXSID8052304,3-(m-tert-Butylphenyl)-2-methylpropionaldehyde,CASRN,0.19054607179632474,278,3.92
62563-80-8,DTXSID201057385,Vetiveryl acetate,CASRN,N/A,N/A,N/A
63095-33-0,DTXSID401014995,5-(3Z)-3-Hexen-1-yldihydro-2(3H)-furanone,CASRN,0.03715352290971726,238,2.78
63187-91-7,DTXSID20866983,"9-Methyl-6-(1-methylethyl)-1,4-dioxaspiro[4.5]decane-2-methanol",CASRN,0.000019054607179632484,281,2.66
63270-14-4,DTXSID10866997,"1,3-Nonanediol, 1,3-diacetate",CASRN,0.003715352290971724,275,3.9
63314-79-4,DTXSID8051386,"5-Cyclopentadecen-1-one, 3-methyl-",CASRN,0.00001584893192461114,313,5.54
63449-64-9,DTXSID1069823,"(3Z,3?Z)-1,1?-[Ethylidenebis(oxy)]bis[3-hexene]",CASRN,0.008912509381337459,256,4.29
63449-68-3,DTXSID7047697,Naphthalen-2-yl 2-aminobenzoate,CASRN,1.0232929922807537E-10,419,3.48
63449-88-7,DTXSID2052316,1-Cyclohexylethyl butyrate,CASRN,0.054954087385762455,237,3.95
63449-95-6,DTXSID7052317,4-(Isopropyl)cyclohexyl propionate,CASRN,0.021379620895022326,236,4.16
63450-30-6,DTXSID1069827,"Pyrazine, methoxymethyl-",CASRN,0.2691534803926916,158,0.51
63450-36-2,DTXSID301055556,Nonadien-1-ol,CASRN,N/A,N/A,N/A
63500-71-0,DTXSID2052318,2-Isobutyl-4-methyltetrahydropyran-4-ol,CASRN,0.0023442288153199225,218,2.88
63767-86-2,DTXSID40867033,1-(4-Isopropylcyclohexyl)ethanol,CASRN,0.029512092266663854,229,3.41
64001-15-6,DTXSID6052324,"Octahydro-4,7-methano-1H-inden-5-yl acetate",CASRN,0.0025703957827688645,253,2.78
64275-73-6,DTXSID9047700,(Z)-5-Octen-1-ol,CASRN,0.0446683592150963,186,2.32
64825-20-3,DTXSID5052331,2-Ethylidenedecan-1-al,CASRN,0.019054607179632473,226,4.17
64988-06-3,DTXSID5052333,o-(Ethoxymethyl)anisole,CASRN,0.018620871366628676,233,2.52
65113-95-3,DTXSID60867116,"3-Penten-2-one, 3-methyl-5-(2,2,3-trimethyl-3-cyclopenten-1-yl)-",CASRN,0.09120108393559097,271,4.34
65113-99-7,DTXSID5052335,"3-Methyl-5-(2,2,3-trimethylcyclopent-3-en-1-yl)pentan-2-ol",CASRN,0.009549925860214359,282,3.97
65114-03-6,DTXSID80867118,"3-Cyclopentene-1-butanal, .alpha.,2,2,3-tetramethyl-",CASRN,0.05128613839913648,236,4.23
65155-45-5,DTXSID1070270,Isononyl propionate,CASRN,0.038018939632056124,243,4.57
65405-69-8,DTXSID5052337,Cyclohexyl cyclopent-2-ene-1-acetate,CASRN,0.008511380382023767,267,3.74
65405-70-1,DTXSID0052338,"4-Decenal, (4E)-",CASRN,0.0933254300796991,213,3.54
65405-72-3,DTXSID90867144,"1-Naphthalenol, 1,2,3,4,4a,7,8,8a-octahydro-2,4a,5,8a-tetramethyl-, 1-formate",CASRN,0.003235936569296281,268,4.13
65405-73-4,DTXSID90886330,"Acetaldehyde, 2-[[(2E)-3,7-dimethyl-2,6-octadien-1-yl]oxy]-",CASRN,0.05011872336272722,247,2.22
65405-76-7,DTXSID30904406,(Z)-Hex-3-enyl anthranilate,CASRN,0.000012022644346174132,307,3.26
65405-77-8,DTXSID8037750,(3Z)-Hexenyl salicylate,CASRN,0.00000630957344480193,269,2.83
65405-84-7,DTXSID5052339,"2-Methyl-4-(2,2,6-trimethylcyclohexyl)butanal",CASRN,0.0199526231496888,261,4.82
65416-14-0,DTXSID4047703,2-Methyl-4-oxo-4H-pyran-3-yl isobutyrate,CASRN,0.0023442288153199225,276,2
65416-17-3,DTXSID90867149,"2-Cyclohexen-1-one, 3,5-diethyl-2,6-dimethyl-",CASRN,0.07413102413009177,238,3.56
65416-21-9,DTXSID60886761,"Ethanone, 1-bicyclo[2.2.1]hept-5-en-2-yl-, oxime",CASRN,0.00018620871366628676,264,1.34
65418-69-1,DTXSID001534876,"rel-(2R,4R)-Tetrahydro-4-methyl-2-(2-methylpropyl)-2H-pyran-4-ol",CASRN,0.0023442288153199225,218,2.88
65418-70-4,DTXSID101534881,"rel-(2R,4S)-Tetrahydro-4-methyl-2-(2-methylpropyl)-2H-pyran-4-ol",CASRN,0.0023442288153199225,218,2.88
65442-31-1,DTXSID4052340,6-(Butan-2-yl)quinoline,CASRN,0.0016595869074375613,294,4.04
65443-14-3,DTXSID9052341,"2,2,5-Trimethyl-5-pentylcyclopentan-1-one",CASRN,0.018197008586099836,252,4.91
65505-24-0,DTXSID80867158,"Benzoic acid, 2-(methylamino)-, 2-methylpropyl ester",CASRN,0.000025703957827688645,285,2.16
65737-52-2,DTXSID60886302,"Cyclopentanone, 2-(2-octen-1-yl)-",CASRN,0.046773514128719815,256,4.09
65817-24-5,DTXSID30984309,"3,6-Dimethyl-1-benzofuran-2(3H)-one",CASRN,0.0013803842646028853,284,1.61
66062-78-0,DTXSID4052344,"1-(3,3-Dimethylbicyclo[2.2.1]hept-2-yl)ethanol",CASRN,0.03311311214825911,214,3.23
66068-84-6,DTXSID4041816,"Cyclohexanol, 4-(5,5,6-trimethylbicyclo[2.2.1]hept-2-yl)-",CASRN,0.00023442288153199226,286,4.18
66072-32-0,DTXSID10867202,"Cyclohexanol, 4-(1,7,7-trimethylbicyclo[2.2.1]hept-2-yl)-",CASRN,0.005011872336272725,286,4.3
66327-54-6,DTXSID9052345,1-Methyl-4-(4-methylpentyl)cyclohex-3-ene-1-carbaldehyde,CASRN,0.0223872113856834,249,4.64
66576-71-4,DTXSID3047550,Isopropyl 2-methylbutyrate,CASRN,5.248074602497725,145,2.65
66848-40-6,DTXSID30867249,"3-Cyclohexene-1-carbonitrile, 3,5-dimethyl-",CASRN,0.19498445997580455,224,2.45
67019-89-0,DTXSID1070482,"2,6-Nonadienenitrile",CASRN,0.2754228703338166,201,2.03
67028-40-4,DTXSID8047428,(4-Methylphenoxy) acetic acid ethyl ester,CASRN,0.0006025595860743575,269,2.61
67583-77-1,DTXSID1052872,"3-Ethoxy-1,1,5-trimethylcyclohexane",CASRN,1.0715193052376064,204,4.56
67601-05-2,DTXSID101015025,"(-)-3,7-Dimethyloct-6-enyl acetate",CASRN,0.06309573444801933,239,4.25
67633-92-5,DTXSID10867287,"4,7-Methano-1H-indene, 5-(diethoxymethyl)-3a,4,5,6,7,7a-hexahydro-",CASRN,0.000004466835921509635,296,4.01
67633-94-7,DTXSID3052351,"2-Benzyl-4,4,6-trimethyl-1,3-dioxane",CASRN,0.0007413102413009177,279,3.24
67633-95-8,DTXSID8052352,1-Hydroxydecan-3-one,CASRN,0.0005370317963702527,256,2.91
67633-96-9,DTXSID3052353,(Z)-Hex-3-en-1-yl methyl carbonate,CASRN,0.4168693834703354,170,2.17
67633-97-0,DTXSID1047445,3-Mercapto-2-pentanone,CASRN,6.165950018614822,148,1.07
67634-00-8,DTXSID9025580,Allyl 2-(isopentyloxy)acetate,CASRN,0.1096478196143185,217,1.56
67634-01-9,DTXSID00867291,"Acetic acid, 2-(2-methylbutoxy)-, 2-propen-1-yl ester",CASRN,0.1096478196143185,217,1.56
67634-02-0,DTXSID8052354,"[2,2-Bis[(3,7-dimethyl-2,6-octadienyl)oxy]ethyl]benzene",CASRN,4.4668359215096346E-8,413,8.15
67634-03-1,DTXSID3052355,2-[4-(Propan-2-yl)cyclohexyl]propan-1-ol,CASRN,0.016982436524617443,247,3.74
67634-04-2,DTXSID60867292,"Benzene, [2,2-bis[(3,7-dimethyl-6-octen-1-yl)oxy]ethyl]-",CASRN,1.9054607179632483E-7,413,9.19
67634-06-4,DTXSID8052356,8-(Butan-2-yl)quinoline,CASRN,0.007585775750291836,261,2.7
67634-08-6,DTXSID20867293,"2-Furanmethanol, tetrahydro-.alpha.-pentyl-, 2-acetate",CASRN,0.003311311214825911,247,4.25
67634-11-1,DTXSID40867295,"Cyclohexanol, 2-(1,1-dimethylethyl)-4-methyl-",CASRN,0.028840315031266057,218,3.41
67634-12-2,DTXSID3052357,Methyl 2-[[[4-(4-hydroxy-4-methylpentyl)-3-cyclohexenyl]methylene]amino]benzoate,CASRN,1.2022644346174132E-7,344,5.11
67634-14-4,DTXSID8052358,"3-(2-Ethylphenyl)-2,2-dimethylpropanal",CASRN,0.1778279410038923,259,4.02
67634-15-5,DTXSID3052359,"3-(4-Ethylphenyl)-2,2-dimethylpropanal",CASRN,0.19952623149688797,259,3.68
67634-16-6,DTXSID00867296,"3-Cyclohexene-1-methanol, 3,5-dimethyl-",CASRN,0.029512092266663854,218,2.75
67634-17-7,DTXSID60867297,"(2,4-Dimethyl-3-cyclohexen-1-yl)methanol",CASRN,0.04168693834703355,218,2.75
67634-20-2,DTXSID2052360,"3a,4,5,6,7,7a-Hexahydro-4,7-methano-1H-inden-5-yl isobutyrate",CASRN,0.00014791083881682073,278,3.77
67634-22-4,DTXSID80867299,"Cyclohexanemethanol, 2,4-dimethyl-, 1-acetate",CASRN,0.06025595860743578,214,3.78
67634-23-5,DTXSID7052361,"4-Methyl-2-(1-phenylethyl)-1,3-dioxolane",CASRN,0.003715352290971724,252,2.81
67634-25-7,DTXSID7052363,"3,5-Dimethylcyclohex-3-ene-1-methyl acetate",CASRN,0.05248074602497726,220,3.38
67634-26-8,DTXSID2052364,"2,4-Dimethylcyclohex-3-ene-1-methyl acetate",CASRN,0.05128613839913648,220,3.38
67643-70-3,DTXSID30886334,"Carbamic acid, N,N-dimethyl-, 1-ethenyl-1,5-dimethyl-4-hexen-1-yl ester",CASRN,0.025118864315095794,255,3.38
67662-96-8,DTXSID8070542,2-Phenylethyl pivalate,CASRN,0.0199526231496888,255,3.41
67663-01-8,DTXSID90867301,"2(3H)-Furanone, 5-hexyldihydro-4-methyl-",CASRN,0.018197008586099836,267,3.32
67674-36-6,DTXSID0047034,"(2E,6Z)-1,1-diethoxynona-2,6-diene",CASRN,0.11220184543019636,247,4.42
67674-46-8,DTXSID2052366,"6,6-Dimethoxy-2,5,5-trimethylhex-2-ene",CASRN,0.6025595860743578,211,3.06
67674-47-9,DTXSID101300690,"(2E,6E)-2,6-Nonadien-1-yl acetate",CASRN,0.07762471166286916,223,3.74
67707-75-9,DTXSID7052367,"Ethyl 3,5,5-trimethylhexanoate",CASRN,0.5248074602497725,210,4.06
67715-79-1,DTXSID80867315,"3,5,8,10-Tetraoxadodecane, 4,6,9-trimethyl-",CASRN,0.06606934480075961,239,2.19
67715-80-4,DTXSID9047706,"2-Methyl-4-propyl-1,3-oxathiane",CASRN,0.5623413251903491,196,4.11
67739-11-1,DTXSID801015026,2-Methyl-1-(2-methyl-2-bicyclo[2.2.1]hept-5-enyl)pent-1-en-3-ol,CASRN,0.006025595860743574,277,3.83
67770-79-0,DTXSID90886875,"2H-Pyran-2-one, 5-butyl-5-ethyltetrahydro-",CASRN,0.06309573444801933,268,3.23
67785-76-6,DTXSID4070586,"Benzoic acid, 2-[(2-phenylethylidene)amino]-, methyl ester",CASRN,0.000005888436553555884,345,2.74
67785-77-7,DTXSID90867326,"Benzeneethanol, .alpha.,.alpha.-dimethyl-, 1-propanoate",CASRN,0.019498445997580455,255,3.84
67800-80-0,DTXSID40867331,"Benzoic acid, 2-[(2-methylundecylidene)amino]-, methyl ester",CASRN,0.000003162277660168379,330,6.47
67800-86-6,DTXSID60867333,"Bicyclo[2.2.1]heptane, 2-ethoxy-1,3,3-trimethyl-",CASRN,1,226,4.11
67801-20-1,DTXSID7052369,"3-Methyl-5-(2,2,3-trimethyl-3-cyclopenten-1-yl)pent-4-en-2-ol",CASRN,0.00776247116628692,278,4.11
67801-29-0,DTXSID60867338,"3-Buten-2-one, 3-methyl-4-(2,4,6-trimethyl-3-cyclohexen-1-yl)-",CASRN,0.1288249551693134,271,4.34
67801-33-6,DTXSID50867342,"2-Nonanone, 3-(hydroxymethyl)-",CASRN,0.0012589254117941675,247,3.02
67801-36-9,DTXSID10867343,"1H-Indole-1-heptanol, .eta.-1H-indol-1-yl-.alpha.,.alpha.,.epsilon.-trimethyl-",CASRN,1.621810097358933E-10,406,6.82
67801-37-0,DTXSID4070617,"1H-Indole, 1,1'-(2-phenylethylidene)bis-",CASRN,2.8183829312644493E-9,411,5.28
67801-38-1,DTXSID1052371,"4-(2,4,6-Trimethyl-3-cyclohexen-1-yl)-3-buten-2-one",CASRN,0.08709635899560805,252,3.97
67801-42-7,DTXSID30867345,"Benzoic acid, 2-[(3,5,5-trimethylhexylidene)amino]-, methyl ester",CASRN,0.000009772372209558111,309,3.76
67801-44-9,DTXSID4070619,"Benzoic acid, 2-(octylideneamino)-, methyl ester",CASRN,0.000010471285480508985,307,3.89
67801-45-0,DTXSID6052374,Hept-3-enyl isobutyrate,CASRN,0.16218100973589297,222,4.11
67801-47-2,DTXSID1052375,"Methyl 2-[(3,7-dimethyl-2,6-octadienylidene)amino]benzoate",CASRN,0.000001698243652461746,324,4.54
67801-64-3,DTXSID6052376,2-tert-Butylcyclohexyl ethyl carbonate,CASRN,0.003388441561392024,253,4.34
67801-65-4,DTXSID1052377,"3,6-Dimethylcyclohex-3-ene-1-carbaldehyde",CASRN,0.23988329190194904,203,2.58
67845-30-1,DTXSID00867357,"Bicyclo[2.2.2]oct-5-ene-2-carboxaldehyde, 6-methyl-8-(1-methylethyl)-",CASRN,0.022908676527677734,253,3.62
67845-42-5,DTXSID60867358,"Benzoic acid, 2-[(3,7-dimethyl-6-octen-1-ylidene)amino]-, methyl ester",CASRN,0.0000017378008287493763,308,4.6
67845-46-9,DTXSID0052380,(4-Methylphenoxy)acetaldehyde,CASRN,0.017378008287493755,246,1.78
67845-50-5,DTXSID20867359,"4,8-Dimethyl-3,7-nonadien-2-ol",CASRN,0.043651583224016584,233,3.22
67859-96-5,DTXSID30867365,"Cyclohexanol, 3,3,5-trimethyl-, 1-acetate",CASRN,0.18620871366628675,216,4.05
67860-00-8,DTXSID90867366,"1H-Indole-3-heptanol, .eta.-1H-indol-3-yl-.alpha.,.alpha.,.epsilon.-trimethyl-",CASRN,1.1748975549395303E-9,401,4.98
67874-67-3,DTXSID9070743,"Benzoic acid, 2-(decylideneamino)-, methyl ester",CASRN,0.0000025118864315095823,307,5.33
67874-72-0,DTXSID0044573,2-(2-Methylbutan-2-yl)cyclohexyl acetate,CASRN,0.046773514128719815,254,4.81
67874-81-1,DTXSID90886996,"1H-3a,7-Methanoazulene, octahydro-6-methoxy-3,6,8,8-tetramethyl-, (3R,3aS,6R,7R,8aS)-",CASRN,0.0006606934480075957,290,5.85
67883-79-8,DTXSID7047562,(3Z)-Hex-3-en-1-yl (2E)-2-methylbut-2-enoate,CASRN,0.19498445997580455,221,3.56
67905-40-2,DTXSID00867392,"Oxiranecarboxylic acid, 3-methyl-3-[2-(2,6,6-trimethyl-2-cyclohexen-1-yl)ethenyl]-, methyl ester",CASRN,0.00003467368504525317,326,3.95
67924-13-4,DTXSID5070860,"Benzoic acid, 2-[[2-(phenylmethylene)octylidene]amino]-, methyl ester",CASRN,2.1379620895022325E-8,366,5.87
67952-57-2,DTXSID00867413,6-Methyl-2-heptyl acetate,CASRN,0.7079457843841379,197,3.43
67952-65-2,DTXSID4047707,(Methylthio)methylpyrazine,CASRN,N/A,N/A,N/A
67952-68-5,DTXSID2041670,"Ethyl-1,3,3-trimethylbicyclo[2.2.1]heptan-2-ol",CASRN,N/A,N/A,N/A
68039-26-9,DTXSID50867443,"Butanoic acid, 2-methyl-, pentyl ester",CASRN,0.3801893963205612,199,3.97
68039-34-9,DTXSID70867445,"Benzoic acid, 2-[[[3-(4-hydroxy-4-methylpentyl)-3-cyclohexen-1-yl]methylene]amino]-, methyl ester",CASRN,1.1748975549395303E-7,344,5.36
68039-35-0,DTXSID00860469,"1H-3a,7-Methanoazulene, ethanone deriv.",CASRN,0.00021877616239495518,325,4.13
68039-38-3,DTXSID30867446,"2-Butenoic acid, 3,7-dimethyl-6-octen-1-yl ester",CASRN,0.05370317963702527,255,4.93
68039-39-4,DTXSID0052386,"3a,4,5,6,7,7a-Hexahydro-4,7-methano-1H-inden-6-yl isobutyrate",CASRN,0.00014791083881682073,278,3.77
68039-40-7,DTXSID90867447,"2H-Pyran, 3,6-dihydro-2,4-dimethyl-6-phenyl-",CASRN,0.004677351412871981,272,2.92
68039-41-8,DTXSID50867448,"2H-Pyran, 3,6-dihydro-4,6-dimethyl-2-phenyl-",CASRN,0.004677351412871981,272,2.92
68039-44-1,DTXSID5052387,"3a,4,5,6,7,7a-Hexahydro-1H-4,7-methanoinden-6-yl 2,2-dimethylpropanoate",CASRN,0.000018197008586099827,290,4.56
68039-45-2,DTXSID0052388,"3a,4,5,6,7,7a-Hexahydro-1H-4,7-methanoinden-5-yl 2,2-dimethylpropanoate",CASRN,0.000018197008586099827,290,4.56
68039-47-4,DTXSID5052389,[2-Isopropoxyethyl]benzene,CASRN,0.4786300923226383,219,2.92
68039-48-5,DTXSID4052390,"3,5-Dimethylcyclohex-3-ene-1-carbaldehyde",CASRN,0.23988329190194904,203,2.55
68039-49-6,DTXSID5044574,"2,4-Dimethyl-3-cyclohexene-1-carboxaldehyde",CASRN,0.28183829312644537,203,2.57
68039-69-0,DTXSID20867450,1-Cyclohexylethyl 2-butenoate,CASRN,0.05128613839913648,236,4
68039-73-6,DTXSID80867451,"2-Butenoic acid, [1,1'-bicyclopentyl]-2-yl ester",CASRN,0.0003467368504525317,267,4.12
68083-57-8,DTXSID9052391,Dodec-3-en-1-al,CASRN,0.01412537544622754,232,4.51
68083-58-9,DTXSID4052392,"1,3-Dimethyl-3-phenylbutyl acetate",CASRN,0.029512092266663854,268,3.89
68084-04-8,DTXSID50867463,3-(4-Methyl-3-penten-1-yl)-3-cyclohexene-1-carbonitrile,CASRN,0.11748975549395294,258,2.76
68084-52-6,DTXSID70867465,Dimethylcyclohexenecarbaldehyde,CASRN,0.30902954325135906,203,2.86
68129-81-7,DTXSID301053243,Vetiverol,CASRN,N/A,N/A,N/A
68132-80-9,DTXSID501015053,Allyl trimethylhexanoate,CASRN,0.05623413251903491,231,4.31
68133-75-5,DTXSID60887177,(3Z)-3-Hexen-1-yl 3-phenyl-2-propenoate,CASRN,N/A,N/A,N/A
68133-76-6,DTXSID20887178,"Propanoic acid, 2-oxo-, (3Z)-3-hexen-1-yl ester",CASRN,0.15135612484362082,224,1.74
68133-77-7,DTXSID80887179,"Benzoic acid, 2-hydroxy-, (2E)-2-hexen-1-yl ester",CASRN,0.00000630957344480193,269,2.94
68133-79-9,DTXSID30867486,Apritone,CASRN,0.07413102413009177,288,4.67
68140-48-7,DTXSID9052393,"1-[2,3-Dihydro-1,1,2,6-tetramethyl-3-(1-methylethyl)-1H-inden-5-yl]ethanone",CASRN,0.00004466835921509635,324,5.59
68141-17-3,DTXSID9052395,"1,1-Dimethoxy-2-methylundecane",CASRN,0.010715193052376065,252,5.19
68141-18-4,DTXSID4052396,"8,12-Dimethyltridec-11-en-6-one",CASRN,0.012022644346174132,281,6.11
68141-20-8,DTXSID60887218,"2-Butenoic acid, 2-phenylethyl ester, (2E)-",CASRN,0.026915348039269153,274,2.95
68141-27-5,DTXSID9071189,Heptyl 10-undecenoate,CASRN,0.000033113112148259076,317,7.01
68155-66-8,DTXSID9052397,"1-(2,3,8,8-tetramethyl-1,2,3,5,6,7,8,8a-octahydronaphthalen-2-yl)ethan-1-one",CASRN,0.0020892961308540386,301,4.39
68155-67-9,DTXSID6041923,"1-(2,3,8,8-tetramethyl-1,2,3,4,6,7,8,8a-octahydronaphthalen-2-yl)ethan-1-one",CASRN,0.0021379620895022326,301,4.39
68188-98-7,DTXSID4052398,5-Butyl-5-ethyldihydrofuran-2(3H)-one,CASRN,0.06606934480075961,239,3.19
68198-80-1,DTXSID5052886,6(or 8)-Isobutylquinoline,CASRN,N/A,N/A,N/A
68213-86-5,DTXSID60867530,"Cyclohexanemethanol, 3,5-dimethyl-, 1-acetate",CASRN,0.054954087385762455,214,3.78
68228-06-8,DTXSID6052403,4-Methyl-1-oxaspiro[5.5]undecene,CASRN,0.831763771102671,223,4.55
68228-09-1,DTXSID1052404,"Ethyl 2-[[[2,4(or3,5)-dimethyl-3-cyclohexen-1-yl]methyl]amino]benzoate",CASRN,4.466835921509635E-7,322,3.72
68259-31-4,DTXSID6052405,5(or 6)-Methyl-7(or 8)-(1-methylethyl)bicyclo[2.2.2]oct-5-ene-2-carbaldehyde,CASRN,0.023442288153199226,253,3.62
68259-33-6,DTXSID60867555,7- and 8-Acetyl-5-isopropyl-2-methylbicyclo(2.2.2)oct-2-ene,CASRN,0.028840315031266057,268,3.49
68298-33-9,DTXSID10867565,"as-Indacen-3(2H)-one, 1,6,7,8-tetrahydro-1,4,6,6,8,8-hexamethyl-",CASRN,0.000003801893963205613,326,3.46
68311-05-7,DTXSID80867572,"Bicyclo[2.2.2]oct-5-ene-2-carbonitrile, 5-methyl-7-(1-methylethyl)-",CASRN,0.06760829753919818,259,3.77
68378-13-2,DTXSID801015676,"Pyrazine, 2-?methoxy-?3(or 5)?-?methyl-",CASRN,N/A,N/A,N/A
68398-18-5,DTXSID1052408,"2,8-Epithio-cis-p-menthane, (+/-)-",CASRN,0.28183829312644537,216,3.54
68412-04-4,DTXSID7028483,"1,6-Octadiene, 7-methyl-3-methylene-, acetylated",CASRN,N/A,N/A,N/A
68419-46-5,DTXSID6071530,"5-Octen-4-one, 2,7-dimethyl-",CASRN,0.4677351412871982,203,3.19
68433-81-8,DTXSID6052409,"(1R,3S,4aR)-2,2-Dimethyl-2,3,4,4a,5,6-hexahydro-1,3-methanonaphthalen-7(1H)-one",CASRN,0.009549925860214359,272,3.19
68478-36-4,DTXSID201065504,"Acetic acid, decyl ester, branched",CASRN,N/A,N/A,N/A
68480-06-8,DTXSID10867641,"9-Decen-1-ol, 1-propanoate",CASRN,0.006606934480075957,264,5.04
68480-08-0,DTXSID70867642,"2-Octanol, 2,6-dimethyl-, 2-acetate",CASRN,0.12022644346174129,233,4.72
68480-11-5,DTXSID5052412,"Decahydrospiro[furan-2(3H),5'-[4,7]methano[5H]indene]",CASRN,0.00018197008586099826,256,3.42
68480-14-8,DTXSID0052413,"1-(3,5,6-Trimethyl-3-cyclohexen-1-yl)ethan-1-one",CASRN,0.29512092266663853,225,2.83
68480-15-9,DTXSID90867644,"2,4-Dimethylcyclohexanemethanol",CASRN,0.05623413251903491,192,2.97
68480-25-1,DTXSID7071573,2-Tridecen-1-ol,CASRN,0.00026915348039269167,264,5.2
68489-09-8,DTXSID10460636,"[1R,2S,5R]-N-(4-Methoxyphenyl)-p-menthanecarboxamide",CASRN,4.2657951880159254E-7,337,4.48
68489-14-5,DTXSID501134437,"N-[[(1R,2S,5R)-5-Methyl-2-(1-methylethyl)cyclohexyl]carbonyl]glycine ethyl ester",CASRN,0.000004073802778041131,303,3.52
68526-85-2,DTXSID8028686,"Alcohols, C9-11-iso-, C10-rich",CASRN,N/A,N/A,N/A
68526-90-9,DTXSID2028690,"Nonene, hydroformylation products, high-boiling",CASRN,N/A,N/A,N/A
68527-06-0,DTXSID7028699,"Dodecene, hydroformylation products",CASRN,N/A,N/A,N/A
68527-74-2,DTXSID10867661,"Phenol, 2-methoxy-4-(4-methyl-1,3-dioxolan-2-yl)-",CASRN,0.00001230268770812381,288,1.82
68527-76-4,DTXSID70867662,"Phenol, 2-ethoxy-4-(4-methyl-1,3-dioxolan-2-yl)-",CASRN,0.000006456542290346549,298,1.98
68527-77-5,DTXSID5052414,"2,4,6-Trimethylcyclohex-3-ene-1-methanol",CASRN,0.029512092266663854,217,3.16
68527-78-6,DTXSID1071616,"Benzoic acid, 2-[[2-(phenylmethylene)heptylidene]amino]-, methyl ester",CASRN,7.413102413009162E-9,367,5.15
68527-79-7,DTXSID30867663,"7-Octen-2-ol, 8-(1H-indol-1-yl)-2,6-dimethyl-",CASRN,6.165950018614822E-8,326,5.88
68555-28-2,DTXSID8071647,Phenylacetaldehyde diisoamyl acetal,CASRN,0.000019054607179632484,336,3.37
68555-58-8,DTXSID0052415,3-Methylbut-2-enyl 2-hydroxybenzoate,CASRN,0.000047863009232263804,270,2.89
68555-63-5,DTXSID90887463,"4H-Pyran-4-one, 2-methyl-3-(1-oxopropoxy)-",CASRN,0.001995262314968879,262,1.82
68555-65-7,DTXSID20904430,"2E,6Z)-Nona-2,6-dienyl acetate",CASRN,0.07762471166286916,223,3.74
68555-94-2,DTXSID70890990,"1-Penten-3-one, 2-methyl-1-(2,2,6-trimethylcyclohexen-1-yl)-",CASRN,0.1148153621496883,294,4.48
68606-82-6,DTXSID50100266,"Oils, Liatris odoratissima",CASRN,N/A,N/A,N/A
68611-23-4,DTXSID60904434,"3-Pentanone, 1-(2,6,6-trimethyl-2-cyclohexen-1-yl)-, reaction products with 2-propyn-1-ol",CASRN,N/A,N/A,N/A
68683-20-5,DTXSID4071712,"1,x-Cyclohexadiene-1-ethanol, 4-(1-methylethyl)-, formate",CASRN,N/A,N/A,N/A
68698-59-9,DTXSID70887486,(E)-Hex-2-enyl 3-methylbutanoate,CASRN,0.09772372209558107,222,4
68737-61-1,DTXSID00892028,"2,4(or 3,5)-Dimethyl-3-cyclohexene-1-carboxaldehyde",CASRN,N/A,N/A,N/A
68738-94-3,DTXSID3051549,"Octahydro-8,8-dimethylnaphthalene-2-carbaldehyde",CASRN,0.07413102413009177,254,3.93
68738-96-5,DTXSID0052417,"Octahydro-5,5-dimethylnaphthalene-2-carbaldehyde",CASRN,0.029512092266663854,254,3.93
68738-99-8,DTXSID5052418,"Methyl 2-[[[2,4(or 3,5)-dimethyl-3-cyclohexen-1-yl]methylene]amino]benzoate",CASRN,0.000007413102413009177,307,3.73
68804-00-2,DTXSID40988515,"3-(4,7,7-Trimethylbicyclo[4.1.0]heptan-3-yl)prop-2-enenitrile",CASRN,0.1778279410038923,260,2.99
68804-02-4,DTXSID60988517,"3-(4,7,7-Trimethylbicyclo[4.1.0]heptan-3-ylidene)propanenitrile",CASRN,0.18197008586099836,259,3.78
68844-96-2,DTXSID70867723,"1,3-Benzodioxole-5-propanol, .alpha.-methyl-, 5-acetate",CASRN,0.000047863009232263804,294,2.7
68844-97-3,DTXSID0052673,"3,4-Dimethyl-benzeneacetaldehyde",CASRN,0.3467368504525316,236,2.18
68845-00-1,DTXSID4052421,"2-Ethoxy-2,6,6-trimethyl-9-methylenebicyclo[3.3.1]nonane",CASRN,0.04073802778041128,271,5.58
68845-02-3,DTXSID9052422,"Methyl 2-{[(2,4-dimethylcyclohex-3-en-1-yl)methylidene]amino}benzoate",CASRN,0.000007413102413009177,307,3.73
68845-33-0,DTXSID4052423,"Cyclohexane, 1-ethenyl-1-methyl-2-(1-methylethenyl)-4-(1-methylethyl)-, didehydro deriv.",CASRN,0.1778279410038923,246,5.89
68845-36-3,DTXSID9052424,Diethyldimethylcyclohex-2-en-1-one,CASRN,0.07585775750291836,238,3.69
68855-38-9,DTXSID001013157,"Formic acid, reaction products with boron trifluoride and (1S,3aR,4S,8aS)-decahydro-4,8,8-trimethyl-9-methylene-1,4-methanoazulene",CASRN,N/A,N/A,N/A
68877-29-2,DTXSID4052425,"(1,7,7-Trimethylbicyclo[2.2.1]hept-2-yl)cyclohexan-1-ol",CASRN,0.004897788193684461,283,4.18
68901-15-5,DTXSID1071824,2-Propen-1-yl 2-(cyclohexyloxy)acetate,CASRN,0.009332543007969915,232,1.88
68901-22-4,DTXSID9052426,"4-[(3,3-Dimethylbicyclo[2.2.1]hept-2-yl)methyl]-2-methylcyclohexan-1-one",CASRN,0.0021379620895022326,324,4.36
68901-32-6,DTXSID4052427,"2-[8-Isopropyl-6-methylbicyclo[2.2.2]oct-5-en-2-yl]-1,3-dioxolane",CASRN,0.000009120108393559096,296,3.56
68908-82-7,DTXSID20904435,"Octanal, 7-hydroxy-3,7-dimethyl-, reaction products with 1H-indole",CASRN,N/A,N/A,N/A
68912-13-0,DTXSID4052429,Tricyclodecenyl propionate,CASRN,N/A,N/A,N/A
68916-62-1,DTXSID30101599,"Oils, citronella, reaction products with acetone",CASRN,N/A,N/A,N/A
68917-18-0,DTXSID3047712,Cornmint oil,CASRN,N/A,N/A,N/A
68917-26-0,DTXSID101056334,"Pineapple, ext.",CASRN,N/A,N/A,N/A
68917-78-2,DTXSID30101690,"Resins, oleo-, paprika",CASRN,N/A,N/A,N/A
68921-26-6,DTXSID30101933,"Cyclohexene, 1-methyl-4-(1-methylethenyl)-, sulfurized",CASRN,N/A,N/A,N/A
68922-10-1,DTXSID60867757,"Butanoic acid, 3-methyl-, 3,7-dimethyl-6-octen-1-yl ester",CASRN,0.008709635899560805,283,5.39
68922-13-4,DTXSID8052431,3-Methyl-2-(pentyloxy)cyclopent-2-en-1-one,CASRN,0.043651583224016584,257,3.69
68922-14-5,DTXSID3052432,"2,4,6,8-Tetramethylnonyl acetate",CASRN,0.028183829312644536,273,6.28
68931-30-6,DTXSID40862543,"1,6,10,14-Hexadecatetraen-3-ol, 3,7,11,15-tetramethyl-",CASRN,0.0013803842646028853,304,7.2
68937-31-5,DTXSID00101980,"4,6,10-Dodecatrien-3-one, 7,11-dimethyl-, cyclized, by-products from, fractionation residues",CASRN,N/A,N/A,N/A
68956-56-9,DTXSID7028936,"Hydrocarbons, terpene processing by-products",CASRN,N/A,N/A,N/A
68959-28-4,DTXSID701015085,(Z)-6-(3-Hexenyl)tetrahydro-2H-pyran-2-one,CASRN,0.02187761623949553,263,3.28
68966-86-9,DTXSID00904438,"Bicyclo[2.2.2]oct-5-ene-2-carboxylic acid, 1(or 4)-methyl-4(or 1)-(1-methylethyl)-, methyl ester",CASRN,N/A,N/A,N/A
68991-96-8,DTXSID80867794,"2-Naphthalenecarboxaldehyde, 1,2,3,4,5,6,7,8-octahydro-5,5-dimethyl-",CASRN,0.04897788193684462,241,3.92
68991-97-9,DTXSID3052434,"1,2,3,4,5,6,7,8-Octahydro-8,8-dimethyl-2-naphthaldehyde",CASRN,0.04897788193684462,241,3.92
69102-96-1,DTXSID80103008,"Octanal, 7-hydroxy-3,7-dimethyl-, distn. residues, nonvolatile",CASRN,N/A,N/A,N/A
69103-20-4,DTXSID3052436,"2,2-Dimethyl-3-(3-methyl-2,4-pentadienyl)oxirane",CASRN,N/A,N/A,N/A
69103-23-7,DTXSID6071956,"Acetic acid, isotridecyl ester",CASRN,0.0008709635899560805,288,6.28
69103-24-8,DTXSID1071957,"Acetic acid, isodecyl ester",CASRN,0.019498445997580455,243,4.57
69112-21-6,DTXSID701317552,(E)-3-Hexenal,CASRN,21.379620895022324,121,1.39
69300-15-8,DTXSID20867819,"Decanenitrile, 2-methyl-",CASRN,0.08317637711026708,244,3.54
69486-14-2,DTXSID8052439,"6-Ethylideneoctahydro-2H-5,8-methanochromen-2-one",CASRN,0.00012022644346174131,278,1.86
69929-17-5,DTXSID30867860,"1-Propanone, 1-(2,4-dimethyl-3-cyclohexen-1-yl)-2,2-dimethyl-",CASRN,0.06918309709189366,236,4.34
70131-51-0,DTXSID20103249,"1,6-Octadiene, 7-methyl-3-methylene-, acid-hydrated, geraniol fractions, distn. residues",CASRN,N/A,N/A,N/A
70214-77-6,DTXSID2052449,"6,8-Dimethylnonan-2-ol",CASRN,0.04073802778041128,221,4.01
70266-48-7,DTXSID501537970,"1-(2,4,4-Trimethyl-1-cyclohexen-1-yl)-2-buten-1-one",CASRN,0.046773514128719815,258,4
70788-30-6,DTXSID4041814,"Cyclohexanepropanol, 2,2,6-trimethyl-.alpha.-propyl-",CASRN,0.021379620895022326,298,3.94
70801-04-6,DTXSID301074093,"1-[(1R,4E,9R)-4,11,11-Trimethyl-8-methylenebicyclo[7.2.0]undec-4-enyl]ethanone",CASRN,N/A,N/A,N/A
70851-60-4,DTXSID80867956,"6,10,14-Hexadecatrien-3-ol, 3,7,11,15-tetramethyl-",CASRN,0.002951209226666387,309,7.48
70851-61-5,DTXSID1052454,(Z)-5-Hex-3-enyldihydro-5-methylfuran-2(3H)-one,CASRN,0.05011872336272722,258,3.13
70955-71-4,DTXSID101012433,"Phenol, 2-methoxy-, reaction products with 2,2-dimethyl-3-methylenebicyclo[2.2.1]heptane, hydrogenated",CASRN,N/A,N/A,N/A
71048-82-3,DTXSID1052456,"(2E)-1-[(1R,2S)-2,6,6-Trimethylcyclohex-3-en-1-yl]but-2-en-1-one",CASRN,0.05011872336272722,241,4.02
71048-83-4,N/A,N/A,Searched by CASRN: Found 0 results,N/A,N/A,N/A
71077-31-1,DTXSID70867985,"4,8-Dimethyl-4,9-decadienal",CASRN,0.28840315031266056,237,4.01
71078-31-4,DTXSID6052457,"2,6,9,10-Tetramethyl-1-oxaspiro[4.5]deca-3,6-diene",CASRN,0.2754228703338166,235,3.78
71119-07-8,DTXSID201303330,2-Ethoxy-4-(ethoxymethyl)phenol,CASRN,0.000011748975549395302,277,2.63
71159-90-5,DTXSID1052458,2-(4-Methylcyclohex-3-en-1-yl)propane-2-thiol,CASRN,0.457088189614875,239,3.56
71172-26-4,DTXSID90221363,(4-Methoxyphenyl)methyl isobutyrate,CASRN,0.00022908676527677723,269,2.65
71549-77-4,DTXSID10992083,"Acetic acid, anhydride, reaction products with (1S,3aR,4S,8aS)-decahydro-4,8,8-trimethyl-9-methylene-1,4-methanoazulene",CASRN,N/A,N/A,N/A
71660-03-2,DTXSID50869381,2-Methylene-5-(1-methylethenyl)cyclohexyl acetate,CASRN,0.054954087385762455,231,3.52
71735-79-0,DTXSID0052461,"Trimethyl-13-oxabicyclo[10.1.0]trideca-4,8-diene",CASRN,N/A,N/A,N/A
71832-76-3,DTXSID301033603,"Octahydro-2,5,5-trimethyl-2-naphthalenol",CASRN,N/A,N/A,N/A
71850-78-7,DTXSID4072445,"2-Butenal, 2,3-dimethyl-4-(2,6,6-trimethyl-1-cyclohexen-1-yl)-",CASRN,0.11748975549395294,294,4.42
72007-81-9,DTXSID10888033,"Benzenepropanol, .alpha.-ethyl-.alpha.-methyl-, 1-acetate",CASRN,0.029512092266663854,276,4.06
72089-08-8,DTXSID60888048,"3-Cyclopentene-1-butanol, .beta.,2,2,3-tetramethyl-",CASRN,0.006025595860743574,263,4.11
72175-33-8,DTXSID50868096,"2-Oxiranecarboxylic acid, 3-bicyclo[2.2.1]hept-5-en-2-yl-3-methyl-, methyl ester",CASRN,0.00021877616239495518,281,2.07
72183-75-6,DTXSID70868098,"Cyclohexanol, 1-methyl-2-(1-methylpropyl)-, 1-acetate",CASRN,0.04897788193684462,254,4.78
72207-94-4,DTXSID8072530,"Benzaldehyde, 4-(acetyloxy)-3-ethoxy-",CASRN,0.004570881896148752,286,2.07
72214-23-4,DTXSID0052465,"2,6-Dimethylocta-5,7-dien-2-yl acetate",CASRN,0.10232929922807542,229,4.03
72402-00-7,DTXSID10868138,"Cyclopentanol, 1,2-dimethyl-3-(1-methylethenyl)-",CASRN,0.06165950018614822,213,2.87
72403-67-9,DTXSID5052466,3(or 4)-(4-Methylpenten-3-yl)cyclohex-3-ene-1-methyl acetate,CASRN,0.001995262314968879,296,4.96
72429-08-4,DTXSID0052467,"3,4,4a,5,8,8a(or 3,4,4a,7,8,8a)-Hexahydro-3,3,6,7-tetramethyl-1H-2-benzopyran",CASRN,0.024547089156850298,249,4.05
72881-27-7,DTXSID801036745,Decenoic acid,CASRN,0.0003715352290971724,269,1.26
72894-15-6,DTXSID1072632,"2,12-Tridecadienal",CASRN,0.01148153621496883,245,4.71
72903-27-6,DTXSID0052469,"Diethyl 1,4-cyclohexanedicarboxylate",CASRN,0.0016218100973589297,261,2.27
72927-85-6,DTXSID80868201,"Acetaldehyde, 2-[(3a,4,5,6,7,7a-hexahydro-4,7-methano-1H-inden-6-yl)oxy]-",CASRN,0.0000363078054770101,275,2.04
73018-51-6,DTXSID10104629,"1,6-Octadien-3-ol, 3,7-dimethyl-, acid-isomerized",CASRN,N/A,N/A,N/A
73138-66-6,DTXSID30104742,"Labdanum, ext., Et esters",CASRN,N/A,N/A,N/A
73246-97-6,DTXSID90104768,"Acetic acid, esters with vetiver-oil alcs.",CASRN,N/A,N/A,N/A
73347-77-0,DTXSID00868248,5-Ethylidenebicyclo(2.2.1)hept-2-yl propionate,CASRN,0.010715193052376065,246,2.87
74338-72-0,DTXSID9072789,"6-Octen-3-one, 2,4,4,7-tetramethyl-",CASRN,0.08912509381337455,220,4.44
74499-58-4,DTXSID70868311,"Bicyclo[4.1.0]heptan-3-one, 4,7,7-trimethyl-2-(3-methyl-2-buten-1-yl)-",CASRN,0.12589254117941673,282,4.62
75147-23-8,DTXSID2052495,"1,5-Dimethylbicyclo[3.2.1]octan-8-one oxime",CASRN,0.0023442288153199225,238,2.21
75490-39-0,DTXSID2052499,"2,2-Dimethyl-4-phenylpentanenitrile",CASRN,0.05011872336272722,264,3.3
75832-79-0,DTXSID70600091,4-Methyl-3-sulfanylpentan-2-one,CASRN,5.1286138399136485,172,1.55
75975-83-6,DTXSID201012743,"Acetic acid, anhydride, reaction products with (1R,4E,9S)-4,11,11-trimethyl-8-methylenebicyclo[7.2.0]undec-4-ene",CASRN,N/A,N/A,N/A
76238-22-7,DTXSID701015297,"6-Nonenyl acetate, (6Z)-",CASRN,0.06760829753919818,220,4.19
76649-16-6,DTXSID90888516,Ethyl (4E)-dec-4-enoate,CASRN,0.03235936569296283,242,4.24
76649-17-7,DTXSID50888517,"2-Pentenoic acid, 2-methyl-, (3Z)-3-hexen-1-yl ester",CASRN,0.06165950018614822,237,4.18
76649-23-5,DTXSID6072841,3-Methylbut-2-enyl isobutyrate,CASRN,1.9054607179632472,190,2.82
76649-25-7,DTXSID6072843,"3,6-Nonadien-1-ol",CASRN,0.00776247116628692,216,3.21
76649-26-8,DTXSID20868407,"3,6-Nonadienyl acetate",CASRN,N/A,N/A,N/A
76788-46-0,DTXSID10868416,"2-Ethyl-4,5-dimethyl-2,5-dihydro-1,3-thiazole",CASRN,9.120108393559097,183,2.34
76917-23-2,DTXSID001314440,"(2E,6Z)-2,6-Octadienal",CASRN,0.954992586021436,198,2.17
77851-07-1,DTXSID7052525,"Ethyl 2,3,6,6-tetramethylcyclohex-2-ene-1-carboxylate",CASRN,0.06606934480075961,243,4.2
78417-28-4,DTXSID30868478,"2,4,7-Decatrienoic acid, ethyl ester",CASRN,0.08912509381337455,239,3.59
78605-96-6,DTXSID80859230,(2E)-2-(Phenylmethylene)heptanal,CASRN,0.004786300923226385,276,3.99
79771-15-6,DTXSID001015303,"4,7-Methano-1H-inden-5-ol, 3a,4,5,6,7,7a-hexahydrodimethyl-",CASRN,0.005754399373371567,232,2.84
79893-63-3,DTXSID5052545,"1-Oxaspiro[4,5]deca-3,6-diene,6-ethyl-2,10,10-trimethyl-",CASRN,0.32359365692962827,261,4.36
79915-74-5,DTXSID0052546,2-(Propan-2-yloxy)ethyl 2-hydroxybenzoate,CASRN,0.000005754399373371567,274,2.52
80118-06-5,DTXSID5052547,4-Methylpent-4-en-2-yl 2-methylpropanoate,CASRN,1.1748975549395295,198,3.82
80118-10-1,DTXSID40868560,"Benzoic acid, 2-hydroxy-, 1,3-dimethyl-3-buten-1-yl ester",CASRN,0.00005248074602497723,269,2.89
80417-97-6,DTXSID50868571,"3,6-Dimethyl-5,6-dihydro-1-benzofuran-2(4H)-one",CASRN,0.0018197008586099826,259,1.64
80480-24-6,DTXSID70868578,"1,3-Dioxane, 5-methyl-2-(1-methylbutyl)-5-propyl-",CASRN,0.1,248,5.22
80623-07-0,DTXSID9052551,"Ethyl (3aR,4R,7S,7aR)-octahydro-3aH-4,7-methanoindene-3a-carboxylate rel",CASRN,0.00026302679918953814,264,3.3
80639-54-9,N/A,N/A,Searched by CASRN: Found 0 results,N/A,N/A,N/A
80657-64-3,DTXSID4052552,"Ethyl (3aR,4S,7R,7aR)-octahydro-3aH-4,7-methanoindene-3a-carboxylate rel",CASRN,0.00026302679918953814,264,3.3
80819-94-9,DTXSID90868595,2-(4-Methylphenyl)propane-2-thiol,CASRN,0.20417379446695297,242,3.51
80858-47-5,DTXSID4072869,"Benzene, [2-(cyclohexyloxy)ethyl]-",CASRN,0.013489628825916533,279,4.76
81752-87-6,DTXSID7051399,"Cyclohexanecarboxylic acid, 2,2-dimethyl-6-methylene-, methyl ester",CASRN,0.21877616239495523,218,3.56
81782-77-6,DTXSID8052560,4-Methyl-3-decen-5-ol,CASRN,0.033884415613920256,238,3.86
81783-01-9,DTXSID3052561,"2,4,4,7-Tetramethylnona-6,8-dien-3-one oxime",CASRN,0.002754228703338166,252,4.32
81786-73-4,DTXSID8052562,"(Z)-3,4,5,6,6-Pentamethylhept-3-en-2-one",CASRN,0.8128305161640993,216,4.37
81786-74-5,DTXSID3052563,"(E)-3,4,5,6,6-Pentamethylhept-3-en-2-one",CASRN,0.8128305161640993,216,4.37
81786-75-6,DTXSID8052564,"3,5,6,6-Tetramethyl-4-methyleneheptan-2-one",CASRN,1.7378008287493754,219,4.67
81787-06-6,DTXSID201002223,"3,5,6,6-Tetramethyl-4-methylideneheptan-2-ol",CASRN,1.3489628825916535,231,4.18
81836-13-7,DTXSID3052565,"(3aR,4S,6R,7R,7aS)-3-Methyl-5-methylidene-3a,4,5,6,7,7a-hexahydro-1H-4,7-methanoinden-6-yl acetate",CASRN,0.001445439770745928,293,3.32
81925-81-7,DTXSID90868631,"2-Hepten-4-one, 5-methyl-",CASRN,2.3988329190194904,168,2.72
82356-51-2,DTXSID9051400,3-Methylcyclopentadecenone,CASRN,N/A,N/A,N/A
82461-14-1,DTXSID4051401,Rhubafuran,CASRN,0.14125375446227545,246,3.22
82654-98-6,DTXSID2072881,"Phenol, 4-(butoxymethyl)-2-methoxy-",CASRN,0.000005754399373371567,281,2.26
82784-84-7,DTXSID10868673,"4-Heptenal, 2,5,6-trimethyl-",CASRN,0.3890451449942806,203,3.32
83926-73-2,DTXSID9051402,4-Cyclohexyl-2-methyl-2-butanol,CASRN,0.033884415613920256,238,3.66
84012-24-8,DTXSID801042637,"MARJORAM, POT, EXT.",CASRN,N/A,N/A,N/A
84060-80-0,DTXSID501264008,(3Z)-3-Hexen-1-yl (2Z)-2-methyl-2-butenoate,CASRN,0.19498445997580455,221,3.56
84082-84-8,DTXSID701020262,"Vetiveria zizanioides, ext., acetylated",CASRN,N/A,N/A,N/A
84238-19-7,DTXSID601042198,"CYMBOPOGON, EXT., OXIDIZED",CASRN,N/A,N/A,N/A
84434-18-4,DTXSID10868810,"Butanamide, N,2-dimethyl-N-phenyl-",CASRN,0.001445439770745928,285,2.99
84560-00-9,DTXSID2052576,2-Pentylcyclopentan-1-ol,CASRN,0.029512092266663854,219,3.34
84642-57-9,DTXSID40868823,"2-[(3,3,5-Trimethylcyclohexyl)acetyl]cyclopentan-1-one",CASRN,0.00007943282347242822,309,3.49
84681-92-5,DTXSID80868827,"Bicyclo[3.2.1]octan-8-ol, 8-ethyl-1,5-dimethyl-",CASRN,0.0933254300796991,252,3.13
84697-09-6,DTXSID90868833,"Heptanal, 2-[(4-methylphenyl)methylene]-",CASRN,0.0014791083881682072,282,4.11
85351-07-1,DTXSID6052580,3-Methyldodecanonitrile,CASRN,0.01096478196143185,275,4.93
85480-47-3,DTXSID701065361,"Acorus calamus, ext., hydrogenated",CASRN,N/A,N/A,N/A
85508-08-3,DTXSID10866699,"3-Pentenoic acid, 2-methyl-, hexyl ester",CASRN,0.08912509381337455,239,4.41
85586-67-0,DTXSID40888667,"Propanoic acid, 2-methyl-, (1R,2R,4R)-1,7,7-trimethylbicyclo[2.2.1]hept-2-yl ester, rel-",CASRN,0.038018939632056124,243,4.73
85633-07-4,DTXSID701336170,"(4aS,5R,6Z,8S,8aS)-6-Ethylideneoctahydro-2H-5,8-methanochromene",CASRN,0.0026915348039269166,256,4.44
85633-08-5,DTXSID701336182,"(4aS,5S,7Z,8S,8aR)-7-Ethylideneoctahydro-2H-5,8-methanochromene",CASRN,0.0026302679918953813,256,4.45
85665-35-6,DTXSID001015115,Helichrysum Arenarium Extract,CASRN,N/A,N/A,N/A
85700-01-2,DTXSID301336178,"(4aS,5S,7E,8R,8aS)-7-Ethylideneoctahydro-2H-5,8-methanochromene",CASRN,0.0026302679918953813,256,4.45
85700-02-3,DTXSID001336179,"(4aR,5S,7E,8S,8aS)-7-Ethylideneoctahydro-2H-5,8-methanochromene",CASRN,0.0026302679918953813,256,4.45
86115-11-9,DTXSID6052582,"3,4,5,6,6-Pentamethylhept-3-en-2-one",CASRN,0.8128305161640993,216,4.37
86460-54-0,DTXSID50888673,"3-Hexanone, 2-methyl-, oxime",CASRN,0.15848931924611134,191,1.67
86803-90-9,DTXSID6052586,"5-Methoxyoctahydro-1H-4,7-methanoindene-2-carbaldehyde",CASRN,0.000223872113856834,269,2.84
87118-95-4,DTXSID101007351,"3,4,5,6,6-Pentamethylheptan-2-ol",CASRN,1.3803842646028848,230,3.58
87731-18-8,DTXSID4051405,Cyclooct-4-en-1-yl methyl carbonate,CASRN,0.012302687708123818,215,2.67
88642-03-9,DTXSID00706398,Cyclohexadec-2-en-1-one,CASRN,0.000012589254117941661,316,6.01
88644-30-8,DTXSID10888215,"8aH-2,4a-Methanonaphthalen-8a-ol, octahydro-1,1,5,5-tetramethyl-",CASRN,0.004365158322401661,284,3.85
89079-92-5,DTXSID4051407,"1-Oxaspiro[4.5]deca-3,6-diene, 2,7-dimethyl-10-(1-methylethyl)-",CASRN,0.012882495516931342,261,4.36
90063-53-9,DTXSID701018710,Basswood extract,CASRN,N/A,N/A,N/A
90063-86-8,DTXSID401018804,Extract of mango,CASRN,N/A,N/A,N/A
90145-47-4,DTXSID3051410,"Pyridine, 3-(2,2-dimethylpropyl)-",CASRN,1.202264434617413,200,2.94
90397-38-9,DTXSID2052605,2-Methylpentyl 2-methylpentanoate,CASRN,0.20417379446695297,243,4.54
90411-73-7,DTXSID40920394,"4-Ethyl-6-(2,6,6-trimethylcyclohex-2-en-1-yl)hex-2-ene-1,4-diol",CASRN,0.000002951209226666384,297,3.57
90480-35-6,DTXSID201021146,"2,?6-?Octadienal, 3,?7-?dimethyl-?, acid-?isomerized",CASRN,N/A,N/A,N/A
90530-04-4,DTXSID301088484,"2-Propanol, reaction products with boron trifluoride and 5-ethylidenebicyclo[2.2.1]hept-2-ene",CASRN,N/A,N/A,N/A
91053-31-5,DTXSID401067756,"Juniper, Juniperusmexicana, ext., acetylated",CASRN,N/A,N/A,N/A
91069-37-3,N/A,N/A,Searched by CASRN: Found 0 results,N/A,N/A,N/A
91069-40-8,DTXSID60891310,"1-Oxaspiro(4.5)decan-2-one, 8-ethyl-, trans-",CASRN,0.028183829312644536,263,2.86
91079-33-3,DTXSID101063612,"Orange, sour, ext., sapond.",CASRN,N/A,N/A,N/A
91482-37-0,DTXSID7052608,"6,10-Dimethylundeca-5,9-dien-2-yl acetate",CASRN,0.013803842646028845,273,5.28
91745-88-9,DTXSID1044192,Butter starter distillate,CASRN,N/A,N/A,N/A
92015-65-1,DTXSID90888713,"2(3H)-Benzofuranone, hexahydro-3,6-dimethyl-",CASRN,0.029512092266663854,238,2.88
92046-48-5,DTXSID10869089,1-(4-Ethylbicyclo[2.2.1]heptan-2-yl)cyclohexan-1-ol,CASRN,0.00707945784384138,283,4.18
92368-90-6,DTXSID20869095,"Benzenepropanol, .beta.-pentyl-",CASRN,0.004168693834703355,264,3.65
92585-24-5,DTXSID1052616,2-Methyl-4-phenylpentanol,CASRN,0.008912509381337459,254,3.79
93821-11-5,DTXSID501067911,"Alcohols, C9-11-branched and linear, C10-rich",CASRN,N/A,N/A,N/A
93893-89-1,DTXSID30860654,3-Methyl-5-phenylpent-2-enenitrile,CASRN,0.0035481338923357532,277,2.37
93939-86-7,DTXSID4052631,"6-Ethylideneoctahydro-5,8-methano-2H-benzo-1-pyran",CASRN,0.0026915348039269166,256,4.44
93981-50-1,DTXSID30869167,"Carbonic acid, ethyl 2,3,6-trimethylcyclohexyl ester",CASRN,0.03715352290971726,235,4.08
94087-23-7,DTXSID10869180,"2-[5-Methyl-7-(propan-2-yl)bicyclo[2.2.2]oct-5-en-2-yl]-1,3-dioxolane",CASRN,0.000009120108393559096,296,3.56
94087-83-9,DTXSID9052634,4-Methoxy-2-methylbutane-2-thiol,CASRN,4.786300923226384,160,2.04
94108-09-5,DTXSID70869186,Ethyl 2-{[(4-tert-butylphenyl)methylidene]amino}benzoate,CASRN,6.456542290346549E-8,355,5
94134-03-9,DTXSID10888735,"3-Octen-1-ol, 1-propanoate, (3Z)-",CASRN,0.0707945784384138,220,4.11
94159-31-6,DTXSID40240862,2-(4-Methyl-5-thiazolyl)ethyl butanoate,CASRN,0.00044668359215096305,263,2.24
94201-19-1,DTXSID70888736,"1-Oxaspiro[4.5]decan-2-one, 8-methyl-",CASRN,0.02754228703338166,240,2.49
94201-73-7,DTXSID90869209,4-Methyl-2-phenyltetrahydro-2H-pyran,CASRN,0.017378008287493755,253,2.89
94248-21-2,DTXSID701021327,"4,7-Methano-1H-inden-5-ol, 3a,4,5,6,7,7a-hexahydro-2,6(or 3,6)-dimethyl-",CASRN,N/A,N/A,N/A
94291-50-6,DTXSID9052636,1-Methoxyhexane-3-thiol,CASRN,2.4547089156850306,183,2.05
94333-50-3,DTXSID20869232,"1-Cyclohexene-1-carboxylic acid, 2-ethyl-3,6,6-trimethyl-, ethyl ester",CASRN,0.05623413251903491,255,4.82
94333-69-4,DTXSID101070021,"Cymbopogon nardus, ext., reaction products with acetone",CASRN,N/A,N/A,N/A
94333-77-4,DTXSID901066096,"Pelargonium graveolens, ext., sapond.",CASRN,N/A,N/A,N/A
94333-88-7,DTXSID401020613,"Bulnesia sarmientoi, ext., acetate",CASRN,N/A,N/A,N/A
94346-09-5,DTXSID80869233,"Cyclopentanol, 1,2-dimethyl-3-(1-methylethenyl)-, 1-acetate",CASRN,0.06760829753919818,229,4.16
94400-98-3,DTXSID50888739,"Naphth[2,3-b]oxirene, 1a,2,3,4,5,6,7,7a-octahydro-1a,3,3,4,6,6-hexamethyl-, (1aR,4S,7aS)-rel-",CASRN,0.00007762471166286911,287,3.86
95851-08-4,DTXSID3052642,"1-(2,2,3,6-Tetramethylcyclohexyl)hexan-3-ol",CASRN,0.009772372209558112,302,5.07
95962-14-4,DTXSID3052646,2-(2-(4-Methyl-3-cyclohexen-1-yl)propyl)cyclopentanone,CASRN,0.002818382931264455,295,4.44
96682-10-9,DTXSID0072982,"Benzoic acid, 4-(benzoyloxy)-, phenylmethyl ester",CASRN,1.122018454301963E-8,399,4.19
96840-56-1,DTXSID8051411,"Phenol, 2-ethoxy-4-[(1-methylethoxy)methyl]-",CASRN,0.000019952623149688786,275,2.43
97358-54-8,DTXSID30888772,"3-Hexene, 1-(1-methoxypropoxy)-, (3E)-",CASRN,0.6025595860743578,209,2.62
97358-55-9,DTXSID90888773,"3-Hexene, 1-(1-methoxypropoxy)-, (3Z)-",CASRN,0.6025595860743578,209,2.62
97384-47-9,DTXSID80869298,"4-Hexenenitrile, 2-ethenyl-2,5-dimethyl-",CASRN,0.831763771102671,207,2.49
97384-48-0,DTXSID7052650,2-Benzyl-2-methyl-3-butenitrile,CASRN,0.022908676527677734,280,2.67
97675-54-2,DTXSID801042320,"AVERRHOA CARAMBOLA, EXT.",CASRN,N/A,N/A,N/A
97926-23-3,DTXSID301057364,"Butter, Et esters",CASRN,N/A,N/A,N/A
99219-32-6,DTXSID1074412,"Oxacyclohexadec-13-en-2-one, (13E)-",CASRN,0.000007244359600749906,302,4.96
99343-90-5,DTXSID6052663,"(2R,4R)-rel-Tetrahydro-2,4-dimethyl-4-phenylfuran",CASRN,0.14125375446227545,246,3.22
100209-33-4,DTXSID201068077,"Juniper, Juniperusvirginiana, ext., epoxidized",CASRN,N/A,N/A,N/A
100520-15-8,DTXSID50738528,"Ethyl 4,6,6-trimethylcyclohexa-1,3-diene-1-carboxylate",CASRN,0.04897788193684462,239,3.62
103614-86-4,DTXSID1051519,"2,2,6,8-Tetramethyl-1,2,3,4,4a,5,8,8a-octahydronaphthalen-1-ol",CASRN,0.00776247116628692,281,3.43
103694-68-4,DTXSID0051520,"2,2-Dimethyl-3-(3-methylphenyl)propanol",CASRN,0.007943282347242814,254,3.52
104037-85-6,DTXSID101021355,"Benzoic acid, 2-((3-(1,3-benzodioxol-5-yl)-2-methyl-1-propenyl)amino)-, methyl ester",CASRN,1.9054607179632482E-8,377,3.34
104468-21-5,DTXSID90888819,"Propanoic acid, 2,2-dimethyl-, 3-methyl-3-buten-1-yl ester",CASRN,0.44668359215096315,197,3.93
104864-90-6,DTXSID0051310,"2-Methyl-4-(2,2,3-trimethylcyclopent-3-en-1-yl)pent-4-en-1-ol",CASRN,0.005011872336272725,278,4.14
104986-28-9,DTXSID9051531,Ethyl 6-(acetyloxy)hexanoate,CASRN,0.038018939632056124,251,1.63
107898-54-4,DTXSID7051551,"3,3-Dimethyl-5-(2,2,3-trimethyl-3-cyclopenten-1-yl)-4-penten-2-ol",CASRN,0.006165950018614822,279,4.05
108419-33-6,DTXSID0029848,"Acetic acid, C8-10-branched alkyl esters, C9-rich",CASRN,N/A,N/A,N/A
108766-16-1,DTXSID50888830,"Butanoic acid, 3-hydroxy-, 5-methyl-2-(1-methylethyl)cyclohexyl ester",CASRN,0.000028840315031266056,282,4.08
111753-60-7,DTXSID60869413,"Methyl 2-{[3-(2H-1,3-benzodioxol-5-yl)-2-methylpropylidene]amino}benzoate",CASRN,1.9054607179632482E-8,377,3.34
111753-62-9,DTXSID20888847,"Benzoic acid, 2-[[3-(4-methoxyphenyl)-2-methylpropylidene]amino]-, methyl ester",CASRN,6.025595860743581E-7,356,3.65
111850-00-1,DTXSID401086548,"Ethaneperoxoic acid, reaction products with aluminum isopropoxide and 1,5,10-trimethyl-1,5,9-cyclododecatriene",CASRN,N/A,N/A,N/A
111879-79-9,DTXSID50888850,"Oxacyclohexadec-12-en-2-one, (12Z)-",CASRN,0.000007244359600749906,302,5.18
111879-80-2,DTXSID5051313,"Oxacyclohexadec-12-en-2-one, (12E)-",CASRN,0.000007244359600749906,302,5.18
111879-81-3,DTXSID10888851,(13Z)-Oxacyclohexadec-13-en-2-one,CASRN,N/A,N/A,N/A
113486-29-6,DTXSID10869569,"2,4-Nonanedione, 3-methyl-",CASRN,0.04168693834703355,226,2.8
113889-23-9,DTXSID20894241,"Butanoic acid, 3a,4,5,6,7,7a-hexahydro-4,7-methano-1H-indenyl ester",CASRN,N/A,N/A,N/A
116044-44-1,DTXSID5051315,"Bicyclo[2.2.1]hept-5-ene-2-carboxylic acid, 3-(1-methylethyl)-, ethyl ester, (2-endo,3-exo)-",CASRN,0.011748975549395297,243,3.95
116126-82-0,DTXSID0051316,"Bicyclo[2.2.1]hept-5-ene-2-carboxylic acid, 3-(1-methylethyl)-, ethyl ester, (2-exo,3-endo)-",CASRN,0.011748975549395297,243,3.95
117933-89-8,DTXSID3051595,"5-(Butan-2-yl)-2-(2,4-dimethylcyclohex-3-en-1-yl)-5-methyl-1,3-dioxane",CASRN,0.00004168693834703355,336,5.6
118562-73-5,DTXSID8051598,2-Cyclododecylpropan-1-ol,CASRN,0.003311311214825911,300,4.9
120811-92-9,DTXSID0051318,(3-Methoxy-2-methylpropyl)benzene,CASRN,0.3019951720402016,219,2.65
121251-67-0,DTXSID10888255,"rel-(1R,3S,6S)-2?,2?,3,7,7-Pentamethylspiro[bicyclo[4.1.0]heptane-2,5?-[1,3]dioxane]",CASRN,0.0003235936569296281,263,3.86
121251-68-1,DTXSID70888256,"Spiro[bicyclo[4.1.0]heptane-2,5'-[1,3]dioxane], 2',2',3,7,7-pentamethyl-, (1R,3R,6S)-rel-",CASRN,0.0003235936569296281,263,3.86
122760-84-3,DTXSID80869677,"Tricyclo[3.3.1.13,7]decan-2-ol, 4-methyl-8-methylene-",CASRN,0.012589254117941675,245,2.86
122760-85-4,DTXSID40924271,4-Methyl-8-methylideneadamantan-2-yl acetate,CASRN,0.0002454708915685031,277,4.08
122795-41-9,DTXSID8051627,2-Ethyl-5-methoxybicyclo[2.2.1]heptane,CASRN,0.10232929922807542,180,4.25
124071-42-7,DTXSID501341482,"(3E)-3,12-Tridecadienenitrile",CASRN,0.006025595860743574,266,3.49
124071-43-8,DTXSID401341489,"(3Z)-3,12-Tridecadienenitrile",CASRN,0.006025595860743574,266,3.49
124358-45-8,N/A,N/A,Searched by CASRN: Found 0 results,N/A,N/A,N/A
125109-85-5,DTXSID7051632,beta-Methyl-3-(1-methylethyl)benzenepropanal,CASRN,0.12589254117941673,258,3.84
125352-06-9,DTXSID601339290,"A mixture of isomers of: 4-(1(or 4 or 5 or 6)-methyl-8,9,10-trinorborn-5-en-2-yl)pyridine",CASRN,N/A,N/A,N/A
127459-79-4,DTXSID90888930,"2-Naphthalenecarboxaldehyde, 5,6,7,8-tetrahydro-3,5,5,6,7,8,8-heptamethyl-, (6R,7R)-rel-",CASRN,0.00004265795188015926,324,5.47
128119-70-0,DTXSID4051322,"1-Propanol, 2-methyl-3-[(1,7,7-trimethylbicyclo[2.2.1]hept-2-yl)oxy]-",CASRN,0.00006918309709189363,286,3.37
129520-41-8,DTXSID70861029,"4,7-Methano-3aH-indene-3a-carboxylic acid, octahydro-, ethyl ester",CASRN,0.00026302679918953814,264,3.3
130066-44-3,DTXSID901052281,Lyral,CASRN,N/A,N/A,N/A
130169-57-2,DTXSID40108276,"Aldehydes, C13-15-branched and linear",CASRN,N/A,N/A,N/A
130786-09-3,DTXSID50893843,(alpha Z)-alpha-Butylidenebenzeneacetonitrile,CASRN,0.04897788193684462,277,2.33
131379-26-5,DTXSID60888942,"9-Undecenenitrile, (9E)-",CASRN,0.022908676527677734,244,3.13
131766-73-9,DTXSID80888944,"2H-Pyran-4-ol, tetrahydro-4-methyl-2-propyl-, 4-acetate",CASRN,0.022908676527677734,230,3.33
131812-52-7,N/A,N/A,Searched by CASRN: Found 0 results,N/A,N/A,N/A
131812-67-4,DTXSID00888946,"1,3-Dioxolane, 2,4-dimethyl-2-(5,6,7,8-tetrahydro-5,5,8,8-tetramethyl-2-naphthalenyl)-",CASRN,0.00000851138038202376,342,5.4
133636-82-5,DTXSID1051480,"(1S,2S,3S,5R)-2,6,6-Trimethylspiro[bicyclo[3.1.1]heptane-3,1'-cyclohexane]-2'-en-4'-one",CASRN,0.0023442288153199225,292,4.55
134123-93-6,DTXSID2051683,"3-(4-Ethylphenyl)-2,2-dimethylpropanenitrile",CASRN,0.06025595860743578,264,2.99
134769-33-8,DTXSID1073107,"3,12-Tridecadienenitrile",CASRN,0.006025595860743574,266,3.49
136954-20-6,DTXSID50869866,3-Sulfanylhexyl acetate,CASRN,0.07585775750291836,209,2.51
136954-25-1,DTXSID30869869,"Ethanethioic acid, S-[1-[2-(acetyloxy)ethyl]butyl] ester",CASRN,0.007585775750291836,260,3.07
137255-07-3,DTXSID50888633,"Bicyclo[2.2.1]heptan-2-ol, 2-ethyl-1,3,3-trimethyl-, (1R,2R,4S)-",CASRN,0.06760829753919818,238,3.12
139504-68-0,DTXSID00869896,"2-Butanol, 1-[[2-(1,1-dimethylethyl)cyclohexyl]oxy]-",CASRN,0.0001122018454301963,290,4.27
139539-66-5,DTXSID101021305,"5-Methyl-1-(2,2,3-trimethylcyclopent-3-en-1-yl)-6-oxabicyclo[3.2.1]octane",CASRN,0.019498445997580455,294,5.46
139539-67-6,DTXSID401538282,"1-Methyl-4-(2,2,3-trimethyl-3-cyclopenten-1-yl)-2-oxabicyclo[2.2.2]octane",CASRN,0.21877616239495523,294,5.45
141773-73-1,DTXSID7051341,"1-Propanol, 2-[1-(3,3-dimethylcyclohexyl)ethoxy]-2-methyl-, 1-propanoate",CASRN,0.000033113112148259076,291,5.35
142653-61-0,DTXSID7051717,3-[(3Z)-Hex-3-en-1-yloxy]propanenitrile,CASRN,0.06760829753919818,223,1.74
144020-22-4,DTXSID10106608,"Acetic acid, anhydride, reaction products with 1,5,10-trimethyl-1,5,9-cyclododecatriene",CASRN,N/A,N/A,N/A
144761-91-1,DTXSID7051343,"Benzoic acid, 2-[(1-hydroxy-3-phenylbutyl)amino], methyl ester",CASRN,1.0232929922807536E-8,333,3.34
147060-73-9,DTXSID30905019,"2,6-Octadienal, 3,7-dimethyl-, reaction products with Et alc.",CASRN,N/A,N/A,N/A
149713-23-5,DTXSID30888999,"rel-(2R,4S)-Tetrahydro-4-methyl-2-phenyl-2H-pyran",CASRN,0.017378008287493755,253,2.89
149713-24-6,DTXSID10889000,"2H-Pyran, tetrahydro-4-methyl-2-phenyl-, (2R,4R)-rel-",CASRN,0.017378008287493755,253,2.89
154171-76-3,DTXSID80920515,"Spiro(1,3-dioxolane-2,8'(5'H)-(2H-2,4a)methanonaphthalene), hexahydro-1',1',5',5'-tetramethyl-",CASRN,0.000028840315031266056,331,5.54
154171-77-4,DTXSID6051350,"Spiro[1,3-dioxolane-2,8'(5'H)-[2H-2,4a]methanonaphthalene],hexahydro-1',1',5',5'-tetramethyl-, (2'S,4'aS,8'aS)-",CASRN,0.000028840315031266056,331,5.54
155514-23-1,DTXSID30889027,"Butanoic acid, 2-methyl-, 5-hexen-1-yl ester",CASRN,0.10232929922807542,218,4.11
156472-94-5,DTXSID80935467,Ethyl 3-sulfanylbutanoate,CASRN,0.8912509381337456,194,1.22
165184-98-5,DTXSID401020801,(2E)-2-(Phenylmethylidene)octanal,CASRN,0.0026915348039269166,279,4.34
166301-22-0,DTXSID50888759,"1,3-Dioxane, 5-methyl-2-(2-methylpropyl)-, cis-",CASRN,0.8709635899560807,179,1.76
166432-52-6,DTXSID6051776,"(3E)-Undeca-1,3-dien-5-yne",CASRN,0.7079457843841379,189,4.16
166432-53-7,DTXSID60888760,"3-Cyclopentene-1-butanal, .alpha.,2,2,3-tetramethyl-.gamma.-methylene-",CASRN,0.047863009232263824,264,4.41
179911-08-1,DTXSID80870147,"Propanamide, N-ethyl-N-(3-methylphenyl)-",CASRN,0.0015488166189124811,284,3.12
181258-87-7,DTXSID0051811,cis-1-Ethoxy-4-(2-methylbutan-2-yl)cyclohexane,CASRN,0.1318256738556407,244,5.68
181258-89-9,DTXSID5051812,trans-1-Ethoxy-4-(2-methylbutan-2-yl)cyclohexane,CASRN,0.1318256738556407,244,5.68
185429-83-8,DTXSID4051821,"1-[(1R,2S)-1,2,8,8-Tetramethyl-1,2,3,4,5,6,7,8-octahydronaphthalen-2-yl]ethanone",CASRN,0.0018620871366628676,288,4.82
188199-50-0,DTXSID30889087,"Spiro[bicyclo[2.2.1]heptane-2,4'-[1,3]dioxane], 1,7,7-trimethyl-2'-(1-methylethyl)-, (1R,2S,2'S,4R)-",CASRN,0.00008317637711026709,324,5.15
188417-26-7,DTXSID20870181,Ethyl vanillin isobutyrate,CASRN,0.0005495408738576248,299,2.33
188570-78-7,DTXSID4051825,(3Z)-Hex-3-en-1-yl cyclopropanecarboxylate,CASRN,0.24547089156850305,224,2.75
197098-61-6,DTXSID801019785,"2,6-Dimethylocta-2,5,7-trien-1-yl acetate",CASRN,0.017378008287493755,241,3.51
198404-98-7,DTXSID8051837,"{1-Methyl-2-[(1,2,2-trimethylbicyclo[3.1.0]hex-3-yl)methyl]cyclopropyl}methanol",CASRN,0.0026915348039269166,283,3.94
207228-93-1,DTXSID1051357,"2H-1,5-Benzodioxepin-3(4H)-one, 7-propyl-",CASRN,0.000057543993733715664,287,2.03
208041-98-9,DTXSID6051358,2-Propylheptanenitrile,CASRN,0.32359365692962827,229,3.14
211299-54-6,DTXSID50889120,"4H-4a,9-Methanoazuleno[5,6-d]-1,3-dioxole, octahydro-2,2,5,8,8,9a-hexamethyl-, (4aR,5R,7aS,9R)-",CASRN,0.00006456542290346549,327,5.88
214335-70-3,DTXSID20889096,"2H-Pyran-2-one, tetrahydro-5-propyl-",CASRN,0.16218100973589297,221,1.6
215231-33-7,DTXSID6051483,1-Methyl-3-(2-methylpropyl)cyclohexanol,CASRN,0.03162277660168379,225,3.41
216970-21-7,DTXSID30889128,"Bicyclo[4.3.1]decane, 3-methoxy-7,7-dimethyl-10-methylene-",CASRN,0.01412537544622754,265,5.28
224031-70-3,DTXSID80870263,1-Spiro[4.5]dec-7-en-7-yl-4-penten-1-one,CASRN,0.00588843655355589,293,3.99
224031-71-4,DTXSID40889139,"4-Penten-1-one, 1-spiro[4.5]dec-6-en-7-yl-",CASRN,0.00588843655355589,293,3.99
236391-76-7,DTXSID0051360,"1-(3,3-Dimethylcyclohexyl)ethyl 2-(1-oxopropoxy)acetate",CASRN,0.00008317637711026709,301,4.72
258823-39-1,DTXSID00888264,"1-Pentanol, 2-mercapto-2-methyl-",CASRN,0.23988329190194904,192,1.43
259854-70-1,DTXSID60888265,(5E)-3-Methylcyclotetradec-5-en-1-one,CASRN,0.000053703179637025325,282,5.13
259854-71-2,DTXSID20888266,(5Z)-3-Methyl-5-cyclotetradecen-1-one,CASRN,0.000053703179637025325,282,5.13
285977-85-7,DTXSID5051367,"1H-Indene-2-methanol, 2,3-dihydro-2,5-dimethyl-",CASRN,0.012882495516931342,254,2.85
292605-05-1,DTXSID7051971,(3Z)-1-[(2-Methylprop-2-en-1-yl)oxy]hex-3-ene,CASRN,0.933254300796991,186,3.13
300371-33-9,DTXSID20108113,"2,3-Dihydro-1,1-dimethyl-1H-indene-ar-propanal",CASRN,N/A,N/A,N/A
313973-37-4,DTXSID0074970,"2-Cyclohexyl-1,6-heptadien-3-one",CASRN,0.06025595860743578,252,3.82
319002-92-1,DTXSID30889168,"Propanoic acid, 2-(1,1-dimethylpropoxy)-, propyl ester, (2S)-",CASRN,0.457088189614875,223,2.32
329925-33-9,DTXSID20870323,13-Methyl-1-oxacyclopentadec-10-en-2-one,CASRN,0.000006456542290346549,303,4.84
338735-71-0,DTXSID9051373,"2,6,6,7,8,8-Hexamethyldecahydro-2H-indeno[4,5-b]furan",CASRN,0.000016595869074375598,305,6.07
341017-24-1,DTXSID90889169,"2-Hexen-1-ol, 3-methyl-, 1-acetate",CASRN,1.4791083881682074,195,2.99
351343-77-6,DTXSID4051376,"2,3,3a,4,5,7a-Hexahydro-1,1,2,3,3-pentamethyl-6-(2-propen-1-yl)-1H-indene",CASRN,0.0008317637711026709,286,6.1
357650-26-1,DTXSID00889170,"(2E,5Z)-5,6,7-Trimethyl-2,5-octadien-4-one",CASRN,0.6309573444801932,226,3.37
358331-95-0,DTXSID801536721,"(2E)-5,6,7-Trimethyl-2,5-octadien-4-one",CASRN,0.6309573444801932,226,3.37
362467-67-2,DTXSID60889171,"2H-1,5-Benzodioxepin-3(4H)-one, 7-(3-methylbutyl)-",CASRN,0.000019498445997580456,305,2.3
365411-50-3,DTXSID80889173,"Indeno[4,5-d]-1,3-dioxin, 4,4a,5,6,7,8,9,9b-octahydro-7,7,8,9,9-pentamethyl-",CASRN,0.00005623413251903491,318,3.72
389083-83-4,DTXSID00889019,"Cyclododecane, (1-ethoxyethoxy)-",CASRN,0.000053703179637025325,303,6.25
400052-49-5,DTXSID30193075,"1-Methoxy-3-heptanethiol, (3S)-",CASRN,0.7079457843841379,199,2.51
406488-30-0,DTXSID20889177,"Butanamide, 2-ethyl-N-methyl-N-(3-methylphenyl)-",CASRN,0.00013803842646028852,295,3.46
426218-78-2,DTXSID70108981,"3-Cyclohexene-1-methanol, 3(or 4)-methyl-1-(2,2,3-trimethyl-3-cyclopenten-1-yl)-, acid-isomerized",CASRN,N/A,N/A,N/A
444880-09-5,DTXSID00889099,"1,3-Oxathiane, 2-ethyl-4,4-dimethyl-",CASRN,0.3801893963205612,203,3.45
476332-65-7,DTXSID9051379,"2H-Indeno[4,5-b]furan, decahydro-2,2,6,6,7,8,8-heptamethyl-",CASRN,0.000018620871366628657,315,6.23
477218-42-1,DTXSID90889184,"2-[1-(3,3-Dimethylcyclohexyl)ethoxy]-2-methylpropyl cyclopropanecarboxylate",CASRN,0.0000162181009735893,322,5.01
478695-70-4,DTXSID10889186,"Propanedioic acid, 1-[1-(3,3-dimethylcyclohexyl)ethyl] 3-ethyl ester",CASRN,0.00008317637711026709,301,4.42
502847-01-0,DTXSID00889190,"Spiro[5.5]undec-8-en-1-one, 2,2,7,9-tetramethyl-",CASRN,0.009772372209558112,295,4.46
647828-16-8,DTXSID8051388,"Decahydro-2,2,7,7,8,9,9-heptamethylindeno[4,3a-b]furan",CASRN,0.00001122018454301963,315,6.24
676125-00-1,DTXSID601373515,"1,3,4,5,6,7-Hexahydro-7-methoxy-1,1,5,5-tetramethyl-2H-2,4a-methanonaphthalene",CASRN,0.002454708915685031,287,5.5
676532-44-8,DTXSID50889201,"2-Methyl-2-[(1,2,4-trimethyl-2-penten-1-yl)oxy]propyl cyclopropanecarboxylate",CASRN,0.00026915348039269167,312,5.09
678981-31-2,DTXSID10889202,"Spiro[5.5]undec-8-en-1-ol, 2,2,9,11-tetramethyl-, 1-acetate",CASRN,0.00016218100973589298,326,4.35
727414-17-7,DTXSID40109425,"4,7-Methano-1H-indenecarboxaldehyde, 3a,4,5,6,7,7a-hexahydro-, reaction products with Me Et ketone, acid-isomerized, reduced",CASRN,N/A,N/A,N/A
811412-48-3,DTXSID70889208,(3E)-4-Methyl-3-decen-5-one,CASRN,0.2290867652767773,220,3.73
811436-82-5,N/A,N/A,Searched by CASRN: Found 0 results,N/A,N/A,N/A
815580-59-7,DTXSID30889209,"3-Cyclohexene-1-carboxylic acid, 2,6,6-trimethyl-, methyl ester",CASRN,0.1380384264602885,215,3.49
820975-49-3,DTXSID40889210,"2-Propenoic acid, 2-[1-(3,3-dimethylcyclohexyl)ethoxy]-2-methylpropyl ester",CASRN,0.00006918309709189363,314,5.69
823178-41-2,DTXSID00889211,"4H-Indeno[4,5-d]-1,3-dioxole, 3a,5,6,7,8,8b-hexahydro-2,2,6,6,7,8,8-heptamethyl-",CASRN,0.00004168693834703355,326,5.15
830322-14-0,DTXSID50889100,"Cyclohexanol, 4-(3-methylbutyl)-",CASRN,0.026915348039269153,238,3.87
831213-72-0,DTXSID701003121,"3,9-Dimethyl-6-(propan-2-yl)-1,4-dioxaspiro[4.5]decan-2-one",CASRN,0.00023442288153199226,279,2.91
847144-75-6,DTXSID10889101,"(2E,5E)-5,6,7-Trimethyl-2,5-octadien-4-one",CASRN,0.6309573444801932,226,3.37
850997-10-3,DTXSID60889212,"1-Cyclohexene-1-propanal, 4,4-dimethyl-",CASRN,0.44668359215096315,229,2.73
851768-51-9,DTXSID20889213,"3-Hexanone, 5-mercapto-5-methyl-",CASRN,5.011872336272722,190,2.02
854737-09-0,DTXSID80889219,"2H-Pyran, 3-heptyltetrahydro-",CASRN,0.660693448007596,239,5.45
854737-10-3,DTXSID90889220,"Ethanone, 1-(2,3-dimethylbicyclo[2.2.1]hept-2-yl)-",CASRN,0.0933254300796991,211,3.17
862079-91-2,DTXSID401006645,4-(5-Methylbicyclo[2.2.1]hept-5-en-2-yl)pyridine,CASRN,0.0012302687708123812,272,1.97
862107-86-6,DTXSID10109452,"Acetic acid, anhydride, reaction products with 2-methylbutene dimer, hydrogenated",CASRN,N/A,N/A,N/A
862111-34-0,DTXSID9051404,"Bicyclo[2.2.1]heptane, 2-ethyl-6-methoxy-",CASRN,0.10471285480508996,180,4.52
868846-58-6,N/A,N/A,Searched by CASRN: Found 0 results,N/A,N/A,N/A
871465-49-5,DTXSID401019288,2?tert?Butyl?5?methyl?2?propyl?5H?furan,CASRN,0.9120108393559098,221,4.15
873888-84-7,DTXSID70889223,"Benzoic acid, 2-hydroxy-, (3Z)-1-methyl-3-hexen-1-yl ester",CASRN,0.000003890451449942805,293,3.54
875471-31-1,DTXSID30889224,"2H-Pyran-2-one, tetrahydro-5-pentyl-",CASRN,0.026302679918953815,241,3.21
883111-87-3,DTXSID80109545,"Oils, apple",CASRN,N/A,N/A,N/A
888021-82-7,DTXSID70889228,"Butanoic acid, 3-mercapto-2-methyl-, ethyl ester",CASRN,0.8709635899560807,203,1.77
888744-18-1,DTXSID30889229,(3Z)-1-(2-Buten-1-yloxy)-3-hexene,CASRN,0.9772372209558107,197,2.82
899810-84-5,DTXSID00889236,"7-Nonenal, 6,8-dimethyl-",CASRN,0.33884415613920255,220,3.77
900779-74-0,DTXSID60889237,"1,5-Cyclododecadiene, 9-methoxy-1,6,10-trimethyl-",CASRN,0.000015488166189124828,313,6.47
916887-53-1,DTXSID301335413,2-Cyclohexylidene-2-ortho-tolyl acetonitrile,CASRN,0.000033884415613920276,321,3.93
929253-05-4,DTXSID70889243,"Octanal, 6-methoxy-2,6-dimethyl-",CASRN,0.1148153621496883,223,3.17
929625-08-1,DTXSID801134929,"1,3,4,5,6,7-Hexahydro-?,1,1,5,5-pentamethyl-2H-2,4a-methanonaphthalene-8-ethanol",CASRN,0.0031622776601683794,285,4.76
934534-30-2,DTXSID50889246,"4,7-Decadienal",CASRN,0.06606934480075961,228,3.2
943723-15-7,DTXSID201336163,"5,8-Methano-2H-1-benzopyran, 6(or 7)-ethylideneoctahydro-, (4aR,5S,8R,8aS)-rel-",CASRN,N/A,N/A,N/A
947237-75-4,DTXSID10889247,"2H-Pyran, 3,6-dihydro-4-methyl-2-[(2,2,3-trimethyl-3-cyclopenten-1-yl)methyl]-",CASRN,0.006165950018614822,281,5.15
950919-28-5,DTXSID60889252,"2H-1,5-Benzodioxepin-3(4H)-one, 7-(1-methylethyl)-",CASRN,0.000060255958607435806,287,2.05
1009814-14-5,DTXSID401377785,"(8E)-Undeca-6,8,10-trien-3-one",CASRN,0.8128305161640993,222,3.45
1099648-69-7,DTXSID40889270,"2H-Pyran-4-ol, 2-(1-ethylpropyl)tetrahydro-4-methyl-",CASRN,0.004570881896148752,256,2.6
1127890-59-8,N/A,N/A,Searched by CASRN: Found 0 results,N/A,N/A,N/A
1245725-35-2,DTXSID80889279,"Cyclopentanol, 2-methyl-5-(1-methylethyl)-, 1-propanoate",CASRN,0.05248074602497726,228,4.06
1266606-13-6,N/A,N/A,Searched by CASRN: Found 0 results,N/A,N/A,N/A
1266606-26-1,DTXSID30889284,"Butanoic acid, 2-methyl-5-(1-methylethyl)cyclopentyl ester",CASRN,0.05370317963702527,254,4.7
1309389-73-8,DTXSID601019527,"(2E)-3-(1,3-Benzodioxol-5-yl)-N,N-diphenylacrylamide",CASRN,2.1877616239495518E-9,414,4.83
1315250-65-7,DTXSID50889286,"Cyclohexanepropanal, 4-(2-methylpropyl)-, cis-",CASRN,0.06456542290346556,255,4.78
1315250-67-9,DTXSID10889287,"Cyclohexanepropanal, 4-(2-methylpropyl)-, trans-",CASRN,0.06456542290346556,255,4.78
1338815-87-4,DTXSID00889291,"4,7-Methano-1H-indene-5-carboxaldehyde, octahydro-6-methyl-",CASRN,0.046773514128719815,261,2.94
1339119-15-1,DTXSID60889292,"4,7-Methano-1H-indene-5-acetaldehyde, octahydro-",CASRN,0.034673685045253165,261,3.08
1373821-23-8,DTXSID201015430,"2-Benzyl-4-methylhexahydro-4H-1,3-benzodioxin",CASRN,0.0000022908676527677747,317,3.51
1392276-61-7,DTXSID30889163,"Acetonitrile, 2-(2,4,4-trimethylcyclopentylidene)-",CASRN,0.4168693834703354,219,1.35
1392277-05-2,DTXSID90889164,"2H-2,4a-Methanonaphthalen-1(5H)-one, hexahydro-5,5-dimethyl-2-propyl-",CASRN,0.0001174897554939529,324,4.42
1429808-42-3,N/A,N/A,Searched by CASRN: Found 0 results,N/A,N/A,N/A
1801275-25-1,N/A,N/A,Searched by CASRN: Found 0 results,N/A,N/A,N/A
1801275-26-2,N/A,N/A,Searched by CASRN: Found 0 results,N/A,N/A,N/A
1801275-28-4,N/A,N/A,Searched by CASRN: Found 0 results,N/A,N/A,N/A
1882830-61-6,N/A,N/A,Searched by CASRN: Found 0 results,N/A,N/A,N/A
1882830-62-7,N/A,N/A,Searched by CASRN: Found 0 results,N/A,N/A,N/A
1882830-66-1,N/A,N/A,Searched by CASRN: Found 0 results,N/A,N/A,N/A
1958027-35-4,DTXSID301334641,"(4Z,8Z)-Deca-4,8-dienal",CASRN,0.05623413251903491,228,3.68
1958027-44-5,N/A,N/A,Searched by CASRN: Found 0 results,N/A,N/A,N/A
