fila,cas,nombre,clase,familia,matiz,estado_fig,familia_fig,votos,decision,confianza,color_claro,color_oscuro
1,4221-98-1,(-)-(R)-.alpha.-Phellandrene,molécula,Verde,Cítrico,claro con toque,Verde,,FIG,alta,#43cd99,#4aa781
2,512-13-0,(-)-.alpha.-Fenchol,molécula,Amaderado,Verde,claro con toque,Amaderado,,FIG,alta,#923002,#944e00
3,489-40-7,(-)-.alpha.-Gurjunene,molécula,Amaderado,Especiado,con matiz,Amaderado,,FIG,media,#923002,#944e00
4,23986-74-5,(-)-Germacrene D,molécula,Amaderado,Especiado,con matiz,Amaderado,,FIG,media,#923002,#944e00
5,489-86-1,(-)-Guaiol,molécula,Amaderado,Floral,claro con toque,Amaderado,,FIG,alta,#923002,#944e00
6,13837-56-4,"(.+-.)-Tetrahydro-2,6,6-trimethyl-2-vinyl-2H-pyrane",molécula,Cítrico,Verde,claro con toque,Cítrico,,FIG,alta,#c3b503,#a19500
7,1117-61-9,(+)-(R)-Citronellol,molécula,Floral,,claro,Floral,,FIG,alta,#c475aa,#975482
8,4610-11-1,(+)-cis-Rose oxide,molécula,Verde,Floral,ambiguo,Verde,,FIG,baja,#43cd99,#4aa781
9,888021-82-7,(+-)-Ethyl 3-mercapto-2-methylbutanoate,molécula,Frutal,Transformado,con matiz,Frutal,,FIG,media,#896ffb,#915fd8
10,17957-94-7,(+)-Menthofuran,molécula,Verde,,claro,Verde,,FIG,alta,#43cd99,#4aa781
11,2216-52-6,(+)-Neomenthol,molécula,Verde,,claro,Verde,,FIG,alta,#43cd99,#4aa781
12,67663-01-8,(+/-) 3-Methyl-gamma-decalactone,molécula,Frutal,,claro,Frutal,symrise:Frutal,FIG y catálogos,alta,#896ffb,#915fd8
13,156472-94-5,(+/-) Ethyl 3-mercaptobutyrate,molécula,Transformado,Frutal,suelto,Transformado,,FIG,baja,#8a8a8a,#8a8a8a
14,258823-39-1,(+/-)2-Mercapto-2-methylpentan-1-ol,molécula,Transformado,,suelto,Transformado,,FIG,baja,#8a8a8a,#8a8a8a
15,58475-04-0,(+/-)-4-Ethyloctanal,molécula,Floral,Frutal,ambiguo,Floral,,FIG,baja,#c475aa,#975482
16,15892-23-6,(+/-)-Butan-2-ol,molécula,Frutal,Transformado,claro con toque,Frutal,,FIG,alta,#896ffb,#915fd8
17,15932-80-6,(+/-)-Pulegone,molécula,Verde,,claro,Verde,,FIG,alta,#43cd99,#4aa781
18,10138-32-6,"(±)-Bicyclo[2.2.1]hept-5-ene-2-carboxylic acid, ethyl ester",molécula,Frutal,Floral,claro con toque,Frutal,,FIG,alta,#896ffb,#915fd8
19,68877-29-2,"(1,7,7-Trimethylbicyclo[2.2.1]hept-2-yl)cyclohexan-1-ol",molécula,Amaderado,,claro,Amaderado,,FIG,alta,#923002,#944e00
20,35145-02-9,"(1a,2a,5a)-2,5-dimethylcyclohex-3-ene-1-carbaldehyde",molécula,Verde,Cítrico,claro con toque,Verde,,FIG,alta,#43cd99,#4aa781
21,94400-98-3,"(1a.alpha.,4.alpha.,7a.alpha.)-1a,3,3,4,6,6-Hexamethyl-1a,2,3,4,5,6,7,7a-",molécula,Animal,Floral,claro con toque,Animal,,FIG,alta,#d22c50,#ca224a
22,389083-83-4,(1-Ethoxyethoxy)-cyclododecane,molécula,Amaderado,Especiado,con matiz,Amaderado,,FIG,media,#923002,#944e00
23,35836-73-8,(1R)-Nopol,molécula,Verde,,claro,Verde,,FIG,alta,#43cd99,#4aa781
24,35836-72-7,(1R)-Nopyl acetate,molécula,Amaderado,Floral,con matiz,Amaderado,,FIG,media,#923002,#944e00
25,68489-09-8,"(1R,2S,5R)-N-(4-Methoxyphenyl)-5-methyl-2-(1-methylethyl)cyclohexanecarboxamide",molécula,Verde,,claro,Verde,,FIG,alta,#43cd99,#4aa781
26,29461-13-0,"(2.alpha.,4a.alpha.,8.beta.)-Hexahydro-1,1,5,5-tetramethyl-2H-2,4a-",molécula,Amaderado,,claro,Amaderado,,FIG,alta,#923002,#944e00
27,5331-14-6,(2-Butoxyethyl)benzene,molécula,Verde,Frutal,con matiz,Verde,,FIG,media,#43cd99,#4aa781
28,23726-93-4,"(2E)-1-(2,6,6-Trimethyl-1,3-cyclohexadien-1-yl)-2-buten-1-one",molécula,Floral,Frutal,claro con toque,Floral,,FIG,alta,#c475aa,#975482
29,23726-91-2,"(2E)-1-(2,6,6-Trimethyl-1-cyclohexen-1-yl)-2-buten-1-one",molécula,Floral,Frutal,claro con toque,Floral,,FIG,alta,#c475aa,#975482
30,67674-47-9,"(2E,6E)-Nona-2,6-dienyl acetate",molécula,Verde,Floral,ambiguo,Verde,,FIG,baja,#43cd99,#4aa781
31,28069-72-9,"(2E,6Z)-Nona-2,6-dien-1-ol",molécula,Verde,,claro,Verde,,FIG,alta,#43cd99,#4aa781
32,116044-44-1,"(2-endo,3-exo)-Ethyl 3-(1-methylethyl)bicyclo[2.2.1]hept-5-ene-2-carboxylate",molécula,Verde,Frutal,con matiz,Verde,,FIG,media,#43cd99,#4aa781
33,59739-63-8,"(2Z)-1-(2,6,6-trimethyl-1,3-cyclohexadien-1-yl)-2-Buten-1-one,",molécula,Floral,Frutal,claro con toque,Floral,,FIG,alta,#c475aa,#975482
34,81836-13-7,"(3a.alpha.,4.alpha.,6.alpha.,7.alpha.,7a.alpha.)-3a,4,5,6,7,7a-Hexahydro-3-methyl-5-",molécula,Verde,Floral,claro con toque,Verde,,FIG,alta,#43cd99,#4aa781
35,120811-92-9,(3-Methoxy-2-methylpropyl)benzene,molécula,Floral,Verde,con matiz,Floral,,FIG,media,#c475aa,#975482
36,124071-43-8,"(3-Z)-3,12-Tridecadienenitrile",molécula,Cítrico,,claro,Cítrico,,FIG,alta,#c3b503,#a19500
37,92046-48-5,(4-Ethylbicyclo[2.2.1]hept-2-yl)-cyclohexanol,molécula,Floral,,claro,Floral,,FIG,alta,#c475aa,#975482
38,71172-26-4,(4-Methoxyphenyl)methyl isobutyrate,molécula,Frutal,Floral,claro con toque,Frutal,,FIG,alta,#896ffb,#915fd8
39,67845-46-9,(4-Methylphenoxy)acetaldehyde,molécula,Ozónico,,claro,Ozónico,,FIG,alta,#2db9f3,#237da9
40,3288-99-1,(4-tert-Butylphenyl)acetonitrile,molécula,Ozónico,Floral,con matiz,Ozónico,,FIG,media,#2db9f3,#237da9
41,97358-54-8,(E)-1-(1-Methoxypropoxy)hex-3-ene,molécula,Verde,Frutal,claro con toque,Verde,,FIG,alta,#43cd99,#4aa781
42,39872-57-6,"(E)-1-(2,4,4-Trimethyl-2-cyclohexen-1-yl)-2-buten-1-one",molécula,Frutal,Floral,con matiz,Floral,symrise:Frutal,catálogos,media,#896ffb,#915fd8
43,24720-09-0,"(E)-1-(2,6,6-Trimethyl-2-cyclohexen-1-yl)-2-buten-1-one",molécula,Floral,Frutal,claro con toque,Floral,,FIG,alta,#c475aa,#975482
44,22882-91-3,"(E)-1-Ethoxy-3,7-dimethylocta-2,6-diene",molécula,Frutal,Verde,con matiz,Frutal,,FIG,media,#896ffb,#915fd8
45,65737-52-2,(E)-2-(2-Octenyl)cyclopentanone,molécula,Frutal,Floral,claro con toque,Frutal,,FIG,alta,#896ffb,#915fd8
46,58001-88-0,"(E)-2,6,10-Trimethylundeca-5,9-dienol",molécula,Ozónico,Floral,claro con toque,Ozónico,,FIG,alta,#2db9f3,#237da9
47,18409-17-1,(E)-2-Octen-1-ol,molécula,Verde,Transformado,claro con toque,Verde,,FIG,alta,#43cd99,#4aa781
48,37973-51-6,(E)-2-Phenylpropenyl acetate,molécula,Frutal,Verde,ambiguo,Frutal,,FIG,baja,#896ffb,#915fd8
49,81786-74-5,"(E)-3,4,5,6,6-Pentamethylhept-3-en-2-one",molécula,Amaderado,Floral,con matiz,Amaderado,,FIG,media,#923002,#944e00
50,1309389-73-8,"(E)-3-Benzo[1,3]dioxol-5-yl-N,N-diphenyl-2-propenamide",molécula,Transformado,Frutal,suelto,Transformado,,FIG,baja,#8a8a8a,#8a8a8a
51,53243-60-0,(E)-3-Methyl-5-phenylpent-2-enenitrile,molécula,Cítrico,,claro,Cítrico,,FIG,alta,#c3b503,#a19500
52,3239-35-8,"(E)-6,10-Dimethylundeca-5,9-dien-2-yl acetate",molécula,Cítrico,,claro,Cítrico,,FIG,alta,#c3b503,#a19500
53,33046-81-0,(E)-7-Methyl-3-octen-2-one,molécula,Frutal,Floral,con matiz,Frutal,,FIG,media,#896ffb,#915fd8
54,79-77-6,(E)-beta-Ionone,molécula,Floral,Amaderado,claro con toque,Floral,pa:Floral,FIG y catálogos,alta,#c475aa,#975482
55,68555-65-7,"(E,Z)-2,6-Nonadien-1-ol acetate",molécula,Verde,Floral,ambiguo,Verde,,FIG,baja,#43cd99,#4aa781
56,14898-79-4,(R)-Butan-2-ol,molécula,Frutal,Transformado,claro con toque,Frutal,,FIG,alta,#896ffb,#915fd8
57,4221-99-2,(S)-Butan-2-ol,molécula,Frutal,Transformado,claro con toque,Frutal,,FIG,alta,#896ffb,#915fd8
58,400052-49-5,(S1)-Methoxy-3-heptanethiol,molécula,Frutal,Floral,claro con toque,Frutal,,FIG,alta,#896ffb,#915fd8
59,97358-55-9,(Z)-1-(1-Methoxypropoxy)hex-3-ene,molécula,Verde,Frutal,claro con toque,Verde,,FIG,alta,#43cd99,#4aa781
60,22882-89-9,"(Z)1-Ethoxy-3,7-dimethylocta-2,6-diene",molécula,Floral,Frutal,con matiz,Floral,,FIG,media,#c475aa,#975482
61,1576-95-0,(Z)-2-Penten-1-ol,molécula,Frutal,,claro,Frutal,,FIG,alta,#896ffb,#915fd8
62,37973-52-7,(Z)-2-Phenylpropenyl acetate,molécula,Verde,Frutal,con matiz,Verde,,FIG,media,#43cd99,#4aa781
63,81786-73-4,"(Z)-3,4,5,6,6-Pentamethylhept-3-en-2-one",molécula,Amaderado,Floral,con matiz,Amaderado,,FIG,media,#923002,#944e00
64,84060-80-0,(Z)-3-Hexenyl angelate,molécula,Verde,Floral,con matiz,Verde,,FIG,media,#43cd99,#4aa781
65,53243-59-7,(Z)-3-Methyl-5-phenylpent-2-enenitrile,molécula,Cítrico,Especiado,con matiz,Cítrico,,FIG,media,#c3b503,#a19500
66,21944-98-9,(Z)-4-Dodecenal,molécula,Cítrico,Ozónico,ambiguo,Cítrico,,FIG,baja,#c3b503,#a19500
67,6191-71-5,(Z)-4-Hepten-1-ol,molécula,Verde,Frutal,claro con toque,Verde,,FIG,alta,#43cd99,#4aa781
68,63095-33-0,(Z)-5-(3-Hexenyl)dihydrofuran-2(3H)-one,molécula,Frutal,,claro,Frutal,,FIG,alta,#896ffb,#915fd8
69,3239-37-0,"(Z)-6,10-Dimethylundeca-5,9-dien-2-yl acetate",molécula,Cítrico,,claro,Cítrico,,FIG,alta,#c3b503,#a19500
70,23726-92-3,"(Z)-beta-1-(2,6,6-Trimethyl-1-cyclohexen-1-yl)-2-buten-1-one",molécula,Frutal,Floral,con matiz,Frutal,,FIG,media,#896ffb,#915fd8
71,53398-85-9,(Z)-Hex-3-enyl 2-methylbutyrate,molécula,Verde,Frutal,ambiguo,Verde,,FIG,baja,#43cd99,#4aa781
72,76238-22-7,(Z)-Non-6-enyl acetate,molécula,Frutal,,claro,Frutal,,FIG,alta,#896ffb,#915fd8
73,63449-64-9,"(Z,Z)-1,1'-[Ethylidenebis(oxy)]di(hex-3-ene)",molécula,Verde,,claro,Verde,,FIG,alta,#43cd99,#4aa781
74,20834-59-7,".alpha.,.alpha.,4-Trimethylphenethyl alcohol",molécula,Floral,Verde,con matiz,Floral,,FIG,media,#c475aa,#975482
75,33885-52-8,".alpha.,.alpha.,6,6-Tetramethylbicyclo[3.1.1]hept-2-ene-2-propionaldehyde",molécula,Verde,Ozónico,claro con toque,Verde,,FIG,alta,#43cd99,#4aa781
76,66062-78-0,".alpha.,3,3-Trimethylbicyclo[2.2.1]heptane-2-methanol",molécula,Amaderado,,claro,Amaderado,,FIG,alta,#923002,#944e00
77,515-69-5,.alpha.-Bisabolol,molécula,Floral,Amaderado,con matiz,Floral,,FIG,media,#c475aa,#975482
78,63767-86-2,.alpha.-Methyl-4-(1-methylethyl)-cyclohexanemethanol,molécula,Floral,,claro,Floral,symrise:Floral,FIG y catálogos,alta,#c475aa,#975482
79,13487-27-9,.alpha.-Methylcyclohexylmethyl acetate,molécula,Frutal,,claro,Frutal,,FIG,alta,#896ffb,#915fd8
80,103694-68-4,".beta.,.beta.,3-Trimethyl benzenepropanol",molécula,Floral,Ozónico,claro con toque,Floral,pa:Floral;symrise:Floral,FIG y catálogos,alta,#c475aa,#975482
81,6784-13-0,".beta.,4-Dimethylcyclohex-3-ene-1-propan-1-al",molécula,Cítrico,,claro,Cítrico,,FIG,alta,#c3b503,#a19500
82,472-97-9,.beta.-Caryophyllene alcohol,molécula,Amaderado,Especiado,con matiz,Amaderado,,FIG,media,#923002,#944e00
83,67801-36-9,".Eta.-1H-Indol-1-yl-.alpha.,.alpha.,.epsilon.-trimethyl-1H-indole-1-heptanol",molécula,Animal,Floral,ambiguo,Animal,,FIG,baja,#d22c50,#ca224a
84,68039-73-6,"[1,1'-Bicyclopentyl]-2-yl 2-butenoate",molécula,Frutal,,claro,Frutal,symrise:Frutal,FIG y catálogos,alta,#896ffb,#915fd8
85,71048-82-3,"[1.alpha.(E),2.beta.]-1-(2,6,6-Trimethyl-3-cyclohexen-1-yl)-2-buten-1-one",molécula,Floral,Frutal,claro con toque,Floral,,FIG,alta,#c475aa,#975482
86,80858-47-5,[2-(Cyclohexyloxy)ethyl]benzene,molécula,Floral,Verde,con matiz,Floral,,FIG,media,#c475aa,#975482
87,68555-28-2,"[2,2-Bis(3-methylbutoxy)ethyl]benzene",molécula,Floral,Verde,ambiguo,Floral,,FIG,baja,#c475aa,#975482
88,67634-02-0,"[2,2-Bis[(3,7-dimethyl-2,6-octadienyl)oxy]ethyl]benzene",molécula,Floral,Verde,claro con toque,Floral,,FIG,alta,#c475aa,#975482
89,67634-04-2,"[2,2-Bis[(3,7-dimethyloct-6-enyl)oxy]ethyl]benzene",molécula,Floral,Especiado,claro con toque,Floral,,FIG,alta,#c475aa,#975482
90,68039-47-4,[2-Isopropoxyethyl]benzene,molécula,Verde,Floral,ambiguo,Verde,,FIG,baja,#43cd99,#4aa781
91,1958027-44-5,"1-​Nonen-​3-​ol, 8-​methoxy-​4,​8-​dimethyl-",sin estructura,Amaderado,Floral,con matiz,Amaderado,,FIG,media,#923002,#944e00
92,54464-57-2,"1-(1,2,3,4,5,6,7,8-Octahydro-2,3,8,8-tetramethyl-2-naphthalenyl)ethanone",molécula,Amaderado,Floral,con matiz,Amaderado,pa:Amaderado;symrise:Amaderado,FIG y catálogos,alta,#923002,#944e00
93,68155-67-9,"1-(1,2,3,4,6,7,8,8a-Octahydro-2,3,8,8-tetramethyl-2-naphthyl)ethan-1-one",molécula,Amaderado,Floral,con matiz,Amaderado,,FIG,media,#923002,#944e00
94,68155-66-8,"1-(1,2,3,5,6,7,8,8a-Octahydro-2,3,8,8-tetramethyl-2-naphthyl)ethan-1-one",molécula,Amaderado,Floral,con matiz,Amaderado,,FIG,media,#923002,#944e00
95,941-98-0,1-(1-Naphthyl)ethanone,molécula,Floral,,claro,Floral,,FIG,alta,#c475aa,#975482
96,70788-30-6,"1-(2,2,6-Trimethylcyclohexyl)-3-hexanol",molécula,Amaderado,Especiado,con matiz,Amaderado,pa:Amaderado;symrise:Amaderado,FIG y catálogos,alta,#923002,#944e00
97,35087-49-1,"1-(2,2-Dimethyl-6-methylenecyclohexyl)but-2-en-1-one",molécula,Floral,Frutal,con matiz,Frutal,pa:Floral,catálogos,media,#c475aa,#975482
98,68039-35-0,"1-(2,3,4,7,8,8a-Hexahydro-3,6,8,8-tetramethyl-1H-3a,7-methanoazulen-5-yl)ethan-1-",molécula,Amaderado,Especiado,claro con toque,Amaderado,,FIG,alta,#923002,#944e00
99,70266-48-7,"1-(2,4,4-Trimethyl-1-cyclohexen-1-yl)-2-buten-1-one",sin estructura,Frutal,Floral,claro con toque,Frutal,,FIG,alta,#896ffb,#915fd8
100,33673-71-1,"1-(2,4,4-Trimethyl-2-cyclohexen-1-yl)-2-buten-1-one",molécula,Frutal,Floral,claro con toque,Frutal,,FIG,alta,#896ffb,#915fd8
101,69929-17-5,"1-(2,4-Dimethyl-3-cyclohexenyl)-2,2-dimethylpropan-1-one",molécula,Verde,Cítrico,claro con toque,Verde,symrise:Verde,FIG y catálogos,alta,#43cd99,#4aa781
102,7779-30-8,"1-(2,6,6-Trimethyl-2-cyclohexen-1-yl)pent-1-en-3-one",molécula,Floral,,claro,Floral,pa:Floral,FIG y catálogos,alta,#c475aa,#975482
103,23696-85-7,"1-(2,6,6-Trimethylcyclohexa-1,3-dienyl)-2-buten-1-one",molécula,Floral,Frutal,claro con toque,Floral,pa:Floral,FIG y catálogos,alta,#c475aa,#975482
104,1646-26-0,1-(2-Benzofuranyl)ethanone,molécula,Floral,Verde,claro con toque,Floral,symrise:Especiado,"FIG, catálogo en contra",baja,#c475aa,#975482
105,139504-68-0,1-(2-tert.-Butyl cyclohexyloxy)-2-butanol,molécula,Especiado,Amaderado,con matiz,Amaderado,pa:Especiado,catálogos,media,#d86f0d,#bb704e
106,42370-07-0,"1-(3,3-Dimethylbicyclo[2.2.1]hept-2-yl)ethane-1-one",molécula,Verde,,claro,Verde,,FIG,alta,#43cd99,#4aa781
107,25304-14-7,"1-(3,3-Dimethylcyclohexyl)ethan-1-one",molécula,Verde,Amaderado,con matiz,Verde,,FIG,media,#43cd99,#4aa781
108,25225-09-6,"1-(3,3-Dimethylcyclohexyl)ethanol",molécula,Floral,Verde,con matiz,Floral,,FIG,media,#c475aa,#975482
109,56973-87-6,"1-(3,3-Dimethylcyclohexyl)pent-4-en-1-one",molécula,Verde,Frutal,claro con toque,Verde,,FIG,alta,#43cd99,#4aa781
110,68480-14-8,"1-(3,5,6-Trimethyl-3-cyclohexen-1-yl)ethan-1-one",molécula,Verde,Floral,con matiz,Verde,,FIG,media,#43cd99,#4aa781
111,23911-56-0,1-(3-Methyl-2-benzofuranyl)ethanone,molécula,Floral,,claro,Floral,pa:Floral;symrise:Floral,FIG y catálogos,alta,#c475aa,#975482
112,56973-85-4,"1-(5,5-Dimethyl-1-cyclohexen-1-yl)pent-4-en-1-one",molécula,Verde,Frutal,con matiz,Verde,pa:Verde,FIG y catálogos,alta,#43cd99,#4aa781
113,774-55-0,"1-(5,6,7,8-tetrahydro-2-naphthalenyl)ethanone",molécula,Floral,Animal,claro con toque,Floral,,FIG,alta,#c475aa,#975482
114,1506-02-1,"1-(5,6,7,8-Tetrahydro-3,5,5,6,8,8-hexamethyl-2-naphthyl)ethan-1-one (Fixolid)",molécula,Animal,Amaderado,con matiz,Animal,,FIG,media,#d22c50,#ca224a
115,10152-77-9,1-(Methylthio)-1-propene,molécula,Transformado,,suelto,Transformado,,FIG,baja,#8a8a8a,#8a8a8a
116,1333-52-4,1-(Naphthyl)ethan-1-one,molécula,Floral,Verde,claro con toque,Floral,,FIG,alta,#c475aa,#975482
117,31375-17-4,1-(para-Menthen-6-yl)-1-propanone,molécula,Verde,,claro,Verde,,FIG,alta,#43cd99,#4aa781
118,122-84-9,1-(p-Methoxyphenyl)-2-propanone,molécula,Especiado,Verde,claro con toque,Especiado,,FIG,alta,#d86f0d,#bb704e
119,100520-15-8,"1,​3-​Cyclohexadiene-​1-​carboxylic acid, 4,​6,​6-​trimethyl-​, ethyl ester",molécula,Verde,Especiado,ambiguo,Verde,,FIG,baja,#43cd99,#4aa781
120,900779-74-0,"1,​5-​Cyclododecadiene, 9-​methoxy-​1,​6,​10-​trimethyl-",molécula,Amaderado,Especiado,con matiz,Amaderado,,FIG,media,#923002,#944e00
121,947237-75-4,"1,​5-​Cyclododecadiene, 9-​methoxy-​1,​6,​10-​trimethyl-",molécula,Amaderado,Especiado,con matiz,Amaderado,,FIG,media,#923002,#944e00
122,53834-70-1,"1,​5,​7-​Octatrien-​3-​ol, 3,​7-​dimethyl-​, (5E)​-",molécula,Floral,Frutal,con matiz,Floral,,FIG,media,#c475aa,#975482
123,39707-47-6,"1,​6-​Octadiene-​3-​thiol, 3,​7-​dimethyl-",molécula,Floral,Cítrico,con matiz,Floral,,FIG,media,#c475aa,#975482
124,67801-37-0,"1,1'-(2-Phenylethylidene)bis(1H-indole)",molécula,Animal,Floral,con matiz,Animal,,FIG,media,#d22c50,#ca224a
125,3910-35-8,"1,1,3-Trimethyl-3-phenylindane",molécula,Amaderado,Animal,claro con toque,Amaderado,,FIG,alta,#923002,#944e00
126,34764-02-8,"1,1-Diethoxydecane",molécula,Ozónico,Amaderado,con matiz,Ozónico,,FIG,media,#2db9f3,#237da9
127,688-82-4,"1,1-Diethoxyheptane",molécula,Frutal,,claro,Frutal,,FIG,alta,#896ffb,#915fd8
128,3658-93-3,"1,1-Diethoxyhexane",molécula,Frutal,Floral,con matiz,Frutal,,FIG,media,#896ffb,#915fd8
129,33673-65-3,"1,1-Dihexyloxyhexane",molécula,Verde,,claro,Verde,,FIG,alta,#43cd99,#4aa781
130,950-33-4,"1,1-Dimethoxycyclododecane",molécula,Amaderado,,claro,Amaderado,symrise:Amaderado,FIG y catálogos,alta,#923002,#944e00
131,534-15-6,"1,1-Dimethoxyethane",molécula,Verde,Frutal,claro con toque,Verde,,FIG,alta,#43cd99,#4aa781
132,151-05-3,"1,1-Dimethyl-2-phenylethyl acetate",molécula,Floral,Frutal,claro con toque,Frutal,pa:Floral,catálogos,media,#c475aa,#975482
133,59354-71-1,"1,1-Dimethyl-2-phenylethyl isobutyrate",molécula,Frutal,Floral,con matiz,Frutal,,FIG,media,#896ffb,#915fd8
134,89-88-3,"1,2,3,3a,4,5,6,8a-Octahydro-4,8-dimethyl-2-(1-methylethylidene)-6-azulenol",molécula,Amaderado,Cítrico,claro con toque,Amaderado,,FIG,alta,#923002,#944e00
135,41199-19-3,"1,2,3,4,4a,5,6,7-Octahydro-2,5,5-trimethyl-2-naphthalenol",molécula,Especiado,Amaderado,con matiz,Especiado,symrise:Animal,"FIG, catálogo en contra",baja,#d86f0d,#bb704e
136,65405-72-3,"1,2,3,4,4a,7,8,8a-Octahydro-2,4a,5,8a-tetramethyl-1-naphthyl formate",molécula,Amaderado,Especiado,claro con toque,Amaderado,pa:Amaderado,FIG y catálogos,alta,#923002,#944e00
137,68991-96-8,"1,2,3,4,5,6,7,8-Octahydro-5,5-dimethylnaphthalene-2-carbaldehyde",molécula,Floral,,claro,Floral,,FIG,alta,#c475aa,#975482
138,68991-97-9,"1,2,3,4,5,6,7,8-Octahydro-8,8-dimethyl-2-naphthaldehyde",molécula,Floral,,claro,Floral,pa:Floral,FIG y catálogos,alta,#c475aa,#975482
139,67715-79-1,"1,2-Di((1'-ethoxy)ethoxy)propane",molécula,Frutal,Verde,claro con toque,Frutal,,FIG,alta,#896ffb,#915fd8
140,91-16-7,"1,2-Dimethoxybenzene",molécula,Frutal,Amaderado,con matiz,Frutal,,FIG,media,#896ffb,#915fd8
141,13851-11-1,"1,3,3-Trimethyl-2-norbornanyl acetate",molécula,Verde,,claro,Verde,,FIG,alta,#43cd99,#4aa781
142,1222-05-5,"1,3,4,6,7,8-Hexahydro-4,6,6,7,8,8-hexamethylcyclopenta-gamma-2-benzopyran",molécula,Animal,Floral,con matiz,Animal,pa:Animal,FIG y catálogos,alta,#d22c50,#ca224a
143,16356-11-9,"1,3,5-Undecatriene",molécula,Verde,Cítrico,con matiz,Verde,,FIG,media,#43cd99,#4aa781
144,40527-42-2,"1,3-Benzodioxole, 5-(diethoxymethyl)-",molécula,Floral,Verde,con matiz,Floral,,FIG,media,#c475aa,#975482
145,495-76-1,"1,3-Benzodioxole-5-methanol",molécula,Especiado,Floral,con matiz,Especiado,,FIG,media,#d86f0d,#bb704e
146,68844-96-2,"1,3-Benzodioxole-5-propanol, alpha-methyl-, 5-acetate",molécula,Frutal,Ozónico,con matiz,Frutal,,FIG,media,#896ffb,#915fd8
147,63270-14-4,"1,3-Diacetoxynonane",molécula,Floral,Cítrico,claro con toque,Floral,,FIG,alta,#c475aa,#975482
148,80118-10-1,"1,3-Dimethyl-3-butenyl salicylate",molécula,Floral,Verde,claro con toque,Floral,,FIG,alta,#c475aa,#975482
149,68083-58-9,"1,3-Dimethyl-3-phenylbutyl acetate",molécula,Frutal,Verde,claro con toque,Amaderado,pa:Frutal;symrise:Frutal,catálogos,alta,#896ffb,#915fd8
150,80118-06-5,"1,3-Dimethylbut-3-enyl isobutyrate",molécula,Frutal,Floral,con matiz,Frutal,,FIG,media,#896ffb,#915fd8
151,35206-51-0,"1,3-Dimethylbutyl 2-butenoate",molécula,Frutal,,claro,Frutal,symrise:Frutal,FIG y catálogos,alta,#896ffb,#915fd8
152,117933-89-8,"1,3-Dioxane, 2-(2,4-dimethyl-3-cyclohexene-1-yl)-5-methyl-5-(1-methylpropyl)-",molécula,Especiado,Amaderado,claro con toque,Especiado,pa:Especiado,FIG y catálogos,alta,#d86f0d,#bb704e
153,166301-22-0,"1,3-Dioxane, 5-methyl-2-(2-methylpropyl)-cis-",molécula,Verde,Frutal,con matiz,Verde,,FIG,media,#43cd99,#4aa781
154,131812-52-7,"1,3-Dioxolane, 2,4-dimethyl-2-(5,6,7,8-tetrahydro-5,5,8,8-tetramethyl-2-naphthalenyl)-,",molécula,Especiado,Animal,con matiz,Especiado,,FIG,media,#d86f0d,#bb704e
155,1708-35-6,"1,3-Dioxolane-4-methanol, 2-hexyl-",molécula,Amaderado,,claro,Amaderado,,FIG,alta,#923002,#944e00
156,1322-17-4,"1,3-Nonanediol acetate (mixed esters)",molécula,Floral,Ozónico,claro con toque,Floral,,FIG,alta,#c475aa,#975482
157,444880-09-5,"1,3-Oxathiane,2-ethyl-4,4-dimethyl-",molécula,Verde,Frutal,claro con toque,Verde,,FIG,alta,#43cd99,#4aa781
158,166432-52-6,"1,3-Undecadien-5-yne",molécula,Floral,Verde,con matiz,Floral,pa:Floral,FIG y catálogos,alta,#c475aa,#975482
159,470-67-7,"1,4-Cineole",molécula,Cítrico,Verde,claro con toque,Cítrico,,FIG,alta,#c3b503,#a19500
160,21112-37-8,"1,4-Dimethoxy-2-tert-butylbenzene",molécula,Amaderado,,claro,Amaderado,pa:Amaderado,FIG y catálogos,alta,#923002,#944e00
161,18679-18-0,"1,4-Dodec-6-enolactone",molécula,Frutal,Ozónico,con matiz,Frutal,,FIG,media,#896ffb,#915fd8
162,13786-79-3,"1,5,9-Trimethylcyclododeca-1,5,9-triene epoxide",molécula,Amaderado,Especiado,con matiz,Amaderado,,FIG,media,#923002,#944e00
163,75147-23-8,"1,5-Dimethylbicyclo[3.2.1]octan-8-one-oxime",molécula,Frutal,Verde,claro con toque,Frutal,pa:Frutal;symrise:Frutal,FIG y catálogos,alta,#896ffb,#915fd8
164,67952-57-2,"1,5-Dimethylhexyl acetate",molécula,Cítrico,,claro,Cítrico,,FIG,alta,#c3b503,#a19500
165,68931-30-6,"1,6,10,14-Hexadecatetraen-3-ol, 3,7,11,15- tetramethyl-",molécula,Floral,,claro,Floral,,FIG,alta,#c475aa,#975482
166,68298-33-9,"1,6,7,8-Tetrahydro-1,4,6,6,8,8-hexamethyl-as-indacene-3(2H)-one",molécula,Animal,Amaderado,claro con toque,Animal,,FIG,alta,#d22c50,#ca224a
167,313973-37-4,"1,6-Heptadien-3-one, 2-cyclohexyl-",molécula,Frutal,Verde,claro con toque,Frutal,pa:Frutal,FIG y catálogos,alta,#896ffb,#915fd8
168,73018-51-6,"1,6-Octadien-3-ol, 3,7-dimethyl-, acid-isomerized",varios componentes,Cítrico,Verde,claro con toque,Cítrico,pa:Cítrico,FIG y catálogos,alta,#c3b503,#a19500
169,70131-51-0,"1,6-Octadiene, 7-methyl-3-methylene-, acid-hydrated, geraniol fractions, distn. residues",sin estructura,Floral,,claro,Floral,,FIG,alta,#c475aa,#975482
170,76-22-2,"1,7,7-Trimethylbicyclo[2.2.1]heptan-2-one",molécula,Verde,,claro,Verde,,FIG,alta,#43cd99,#4aa781
171,24238-95-7,"1,7,7-Trimethylbicyclo[4.4.0]dec-3-yl acetate",molécula,Amaderado,Especiado,con matiz,Amaderado,,FIG,media,#923002,#944e00
172,3526-75-8,"1.alpha.,5.alpha.-Dihydroguaiol",molécula,Amaderado,Especiado,con matiz,Amaderado,,FIG,media,#923002,#944e00
173,68259-33-6,1-[5(Or 6)-Methyl-7(or 8)-(1-methylethyl)bicyclo[2.2.2]oct-5-en-2-yl]ethan-1-one,molécula,Amaderado,Especiado,ambiguo,Amaderado,,FIG,baja,#923002,#944e00
174,1725-01-5,10-Oxahexadecanolide,molécula,Animal,Floral,claro con toque,Animal,,FIG,alta,#d22c50,#ca224a
175,112-19-6,10-Undecen-1-yl acetate,molécula,Frutal,Floral,con matiz,Frutal,,FIG,media,#896ffb,#915fd8
176,112-45-8,10-Undecenal,molécula,Ozónico,Cítrico,claro con toque,Cítrico,pa:Ozónico,catálogos,media,#2db9f3,#237da9
177,112-38-9,10-Undecenoic acid,molécula,Transformado,Amaderado,suelto,Transformado,,FIG,baja,#8a8a8a,#8a8a8a
178,68141-27-5,"10-Undecenoic acid, heptyl ester",molécula,Frutal,Floral,con matiz,Frutal,,FIG,media,#896ffb,#915fd8
179,3391-83-1,11-Oxahexadecanolide,molécula,Animal,Floral,con matiz,Animal,pa:Animal,FIG y catálogos,alta,#d22c50,#ca224a
180,68141-18-4,"11-Tridecen-6-one, 8,12-dimethyl-",molécula,Verde,Floral,con matiz,Verde,,FIG,media,#43cd99,#4aa781
181,6707-60-4,12-Oxahexadecanolide,molécula,Animal,Frutal,con matiz,Animal,givaudan:Animal;pa:Animal,FIG y catálogos,alta,#d22c50,#ca224a
182,868846-58-6,13-Methyloxacyclopentadecan-2-one,sin estructura,Animal,Floral,claro con toque,Animal,,FIG,alta,#d22c50,#ca224a
183,123-69-3,16-Hydroxy-7-hexadecenoic acid lactone,molécula,Animal,Floral,con matiz,Animal,givaudan:Animal,FIG y catálogos,alta,#d22c50,#ca224a
184,65416-21-9,1-Bicyclo[2.2.1]hept-5-en-2-ylethan-1-one-oxime,molécula,Verde,Floral,con matiz,Verde,,FIG,media,#43cd99,#4aa781
185,850997-10-3,"1-Cyclohexene-1-propanal, 4,4-dimethyl-",molécula,Floral,Verde,con matiz,Floral,,FIG,media,#c475aa,#975482
186,1193-81-3,1-Cyclohexylethanol,molécula,Verde,Frutal,claro con toque,Verde,,FIG,alta,#43cd99,#4aa781
187,68039-69-0,1-Cyclohexylethyl 2-butenoate,molécula,Frutal,,claro,Frutal,symrise:Frutal,FIG y catálogos,alta,#896ffb,#915fd8
188,63449-88-7,1-Cyclohexylethyl butyrate,molécula,Frutal,Animal,claro con toque,Frutal,,FIG,alta,#896ffb,#915fd8
189,16510-27-3,1-Cyclopropylmethyl-4-methoxybenzene,molécula,Verde,Especiado,con matiz,Verde,pa:Verde,FIG y catálogos,alta,#43cd99,#4aa781
190,112-30-1,1-Decanol,molécula,Cítrico,Frutal,con matiz,Cítrico,,FIG,media,#c3b503,#a19500
191,51100-54-0,1-Decen-3-ol,molécula,Transformado,Amaderado,suelto,Transformado,,FIG,baja,#8a8a8a,#8a8a8a
192,61668-40-4,1-Ethoxy 1-decene,molécula,Ozónico,Verde,claro con toque,Ozónico,,FIG,alta,#2db9f3,#237da9
193,36306-86-2,"1-Ethoxy-4-(1-ethoxyvinyl)-3,3,5,5-tetramethylcyclohexene",molécula,Amaderado,Verde,con matiz,Amaderado,,FIG,media,#923002,#944e00
194,31996-78-8,"1-Ethyl-3-methoxytricyclo[2.2.1.02,6]heptane",molécula,Verde,Cítrico,claro con toque,Verde,,FIG,alta,#43cd99,#4aa781
195,5240-32-4,1-Ethynylcyclohexyl acetate,molécula,Verde,Amaderado,claro con toque,Verde,,FIG,alta,#43cd99,#4aa781
196,66327-54-6,1-Formyl-1-methyl-4-(4-methyl-pentyl)-3-cyclohexene,molécula,Verde,Ozónico,claro con toque,Verde,givaudan:Verde;pa:Verde,FIG y catálogos,alta,#43cd99,#4aa781
197,1639-09-4,1-Heptanethiol,molécula,Transformado,,suelto,Transformado,,FIG,baja,#8a8a8a,#8a8a8a
198,4798-44-1,1-Hexen-3-ol,molécula,Verde,Frutal,claro con toque,Verde,,FIG,alta,#43cd99,#4aa781
199,285977-85-7,"1H-Indende-2-methanol, 2,3-dihydro-2,5-dimethyl-",molécula,Floral,Ozónico,claro con toque,Floral,pa:Floral,FIG y catálogos,alta,#c475aa,#975482
200,95-13-6,1H-Indene,molécula,Animal,Verde,con matiz,Animal,,FIG,media,#d22c50,#ca224a
201,60899-29-8,"1H-Indene, 1-ethyl-2,3-dihydro-1,3,3-trimethyl-",molécula,Animal,Floral,con matiz,Animal,,FIG,media,#d22c50,#ca224a
202,351343-77-6,"1H-Indene, 2,3,3a,4,5,7a-hexahydro-1,1,2,3,3-pentamethyl-6-(2-propenyl)-",molécula,Amaderado,Especiado,con matiz,Amaderado,,FIG,media,#923002,#944e00
203,1203-17-4,"1H-Indene, 2,3-dihydro-1,1,2,3,3-pentamethyl-",molécula,Animal,Floral,con matiz,Animal,,FIG,media,#d22c50,#ca224a
204,67860-00-8,"1H-Indole,3-heptanol,eta-1H-indol-3-yl-a,a,e-trimethyl ,8-bis-(2,3-dihydroindol)-2,6-",molécula,Animal,Floral,con matiz,Animal,,FIG,media,#d22c50,#ca224a
205,1565-76-0,1-Menthyl methylether,molécula,Verde,Frutal,claro con toque,Verde,,FIG,alta,#43cd99,#4aa781
206,4747-07-3,1-Methoxyhexane,molécula,Floral,Verde,claro con toque,Floral,,FIG,alta,#c475aa,#975482
207,94291-50-6,1-Methoxyhexane-3-thiol,molécula,Verde,Cítrico,claro con toque,Verde,,FIG,alta,#43cd99,#4aa781
208,72183-75-6,1-Methyl-2-(1-methylpropyl)cyclohexyl acetate,molécula,Frutal,,claro,Frutal,,FIG,alta,#896ffb,#915fd8
209,3008-43-3,"1-Methyl-2,3-cyclohexadione",molécula,Frutal,,claro,Frutal,,FIG,alta,#896ffb,#915fd8
210,215231-33-7,1-methyl-3-(2-methylpropyl)cyclohexan-1-ol,molécula,Floral,Cítrico,claro con toque,Floral,,FIG,alta,#c475aa,#975482
211,52474-60-9,1-Methyl-3-(4-methyl-3-pentenyl)cyclohex-3-ene-1-carbaldehyde,molécula,Ozónico,,claro,Ozónico,,FIG,alta,#2db9f3,#237da9
212,1076-56-8,1-Methyl-3-methoxy-4-isopropylbenzene,molécula,Amaderado,,claro,Amaderado,,FIG,alta,#923002,#944e00
213,10198-23-9,1-Methyl-4-(1-methylvinyl)cyclohexyl acetate,sin estructura,Floral,Cítrico,con matiz,Floral,,FIG,media,#c475aa,#975482
214,139539-67-6,"1-Methyl-4-(2,2,3-trimethyl-3-cyclopenten-1-yl)-2-oxabicyclo[2.2.2]octane",sin estructura,Frutal,Floral,claro con toque,Frutal,,FIG,alta,#896ffb,#915fd8
215,52475-86-2,1-Methyl-4-(4-methyl-3-pentenyl)cyclohex-3-ene-1-carbaldehyde,molécula,Ozónico,Verde,con matiz,Ozónico,pa:Ozónico,FIG y catálogos,alta,#2db9f3,#237da9
216,21129-27-1,1-Methyl-4-(isopropyl)cyclohexan-1-ol,molécula,Floral,Cítrico,con matiz,Floral,,FIG,media,#c475aa,#975482
217,37514-30-0,1-Methylcyclododecyl methyl ether,molécula,Amaderado,Especiado,claro con toque,Amaderado,givaudan:Amaderado,FIG y catálogos,alta,#923002,#944e00
218,103614-86-4,"1-Naphthalenol, 1,2,3,4,4a,5,8,8a-octahydro-2,2,6,8-tetramethyl-",molécula,Frutal,,claro,Frutal,,FIG,alta,#896ffb,#915fd8
219,68922-14-5,"1-Nonanol, 2,4,6,8-tetramethyl-,acetate",molécula,Floral,Frutal,con matiz,Floral,,FIG,media,#c475aa,#975482
220,21964-44-3,1-Nonen-3-ol,molécula,Verde,Floral,claro con toque,Verde,,FIG,alta,#43cd99,#4aa781
221,111-87-5,1-Octanol,molécula,Cítrico,Ozónico,con matiz,Cítrico,,FIG,media,#c3b503,#a19500
222,3391-86-4,1-Octen-3-ol,molécula,Verde,Floral,con matiz,Verde,givaudan:Verde;pa:Verde,FIG y catálogos,alta,#43cd99,#4aa781
223,4312-99-6,1-Octen-3-one,molécula,Amaderado,Verde,claro con toque,Amaderado,,FIG,alta,#923002,#944e00
224,2442-10-6,1-Octen-3-yl acetate,molécula,Verde,Frutal,con matiz,Verde,,FIG,media,#43cd99,#4aa781
225,71078-31-4,"1-Oxaspiro[4.5]deca-3,6-diene, 2,6,9,10-tetramethyl-",molécula,Frutal,Verde,claro con toque,Frutal,,FIG,alta,#896ffb,#915fd8
226,89079-92-5,"1-Oxaspiro[4.5]deca-3,6-diene, 2,7-dimethyl-10-(1-methylethyl)-",molécula,Frutal,,claro,Frutal,,FIG,alta,#896ffb,#915fd8
227,79893-63-3,"1-Oxaspiro[4.5]deca-3,6-diene, 6-ethyl-2,10,10-trimethyl-",molécula,Frutal,Verde,claro con toque,Frutal,,FIG,alta,#896ffb,#915fd8
228,4625-90-5,"1-Oxaspiro[4.5]decan-2-one, 8-(1-methylethyl)-, trans-",molécula,Amaderado,Verde,con matiz,Amaderado,,FIG,media,#923002,#944e00
229,91069-40-8,"1-Oxaspiro[4.5]decan-2-one, 8-ethyl-, trans-",molécula,Amaderado,Especiado,con matiz,Amaderado,,FIG,media,#923002,#944e00
230,94201-19-1,"1-Oxaspiro[4.5]decan-2-one, 8-methyl-",molécula,Frutal,,claro,Frutal,,FIG,alta,#896ffb,#915fd8
231,91069-37-3,"1-Oxaspiro[4.5]decan-2-one, 8-methyl-, cis-",molécula,Amaderado,Frutal,ambiguo,Amaderado,,FIG,baja,#923002,#944e00
232,57967-68-7,"1-Oxaspiro[4.5]decan-6-ol, 2,6,10,10-tetramethyl-, (2R,5S,6S)-rel-",molécula,Amaderado,Verde,con matiz,Amaderado,,FIG,media,#923002,#944e00
233,616-25-1,1-Penten-3-ol,molécula,Verde,Frutal,con matiz,Verde,,FIG,media,#43cd99,#4aa781
234,67739-11-1,"1-Penten-3-ol, 2-methyl-1-(methylbicyclo[2.2.1]hept-5-en-2-yl)-",molécula,Amaderado,Floral,claro con toque,Amaderado,,FIG,alta,#923002,#944e00
235,1629-58-9,1-Penten-3-one,molécula,Transformado,,suelto,Transformado,,FIG,baja,#8a8a8a,#8a8a8a
236,68555-94-2,"1-Penten-3-one, 2-methyl-1-(2,2,6-trimethylcyclohexenyl)-",molécula,Amaderado,Floral,ambiguo,Amaderado,,FIG,baja,#923002,#944e00
237,579-07-7,"1-Phenyl-1,2-propanedione",molécula,Verde,Amaderado,con matiz,Verde,,FIG,media,#43cd99,#4aa781
238,10415-87-9,1-Phenyl-3-methyl-3-pentanol,molécula,Floral,Verde,con matiz,Floral,,FIG,media,#c475aa,#975482
239,72007-81-9,1-Phenyl-3-methyl-3-pentyl acetate,molécula,Floral,Verde,con matiz,Floral,,FIG,media,#c475aa,#975482
240,3240-29-7,1-Phenyl-4-penten-1-one,molécula,Especiado,Verde,claro con toque,Especiado,,FIG,alta,#d86f0d,#bb704e
241,71159-90-5,1-p-Menthene-8-thiol,molécula,Cítrico,Frutal,con matiz,Cítrico,,FIG,media,#c3b503,#a19500
242,128119-70-0,"1-Propanol, 2-methyl-3-[(1,7,7-trimethylbicyclo-[2.2.1]hept-2-yl)oxy]-",molécula,Especiado,Amaderado,claro con toque,Especiado,pa:Especiado,FIG y catálogos,alta,#d86f0d,#bb704e
243,112-70-9,1-Tridecanol,molécula,Floral,Amaderado,con matiz,Floral,,FIG,media,#c475aa,#975482
244,811436-82-5,"2 Propenoic acid, 2-[1-[(1R)-3,3-dimethylcyclohexyl]ethoxy]-2-methylpropyl ester",sin estructura,Animal,Frutal,ambiguo,Animal,,FIG,baja,#d22c50,#ca224a
245,107-93-7,"2-​Butenoic acid, (2E)​-",molécula,Frutal,,claro,Frutal,,FIG,alta,#896ffb,#915fd8
246,15848-49-4,"2-​Cyclopentene-​1-​acetic acid, ethyl ester",molécula,Frutal,,claro,Frutal,pa:Frutal;symrise:Frutal,FIG y catálogos,alta,#896ffb,#915fd8
247,2371-13-3,"2-​Octen-​1-​ol, 1-​acetate",molécula,Amaderado,Verde,claro con toque,Amaderado,,FIG,alta,#923002,#944e00
248,76649-17-7,"2-​Pentenoic acid, 2-​methyl-​, (3Z)​-​3-​hexen-​1-​yl ester",molécula,Frutal,Verde,claro con toque,Frutal,,FIG,alta,#896ffb,#915fd8
249,2810-04-0,"2-​Thiophenecarboxylic acid, ethyl ester",molécula,Frutal,Transformado,con matiz,Frutal,,FIG,media,#896ffb,#915fd8
250,68480-25-1,2-​Tridecen-​1-​ol,molécula,Verde,Frutal,con matiz,Verde,,FIG,media,#43cd99,#4aa781
251,141773-73-1,"2-(1-(3',3'-Dimethyl-1'-cyclohexyl)ethoxy)-2-methyl propyl propanoate",molécula,Animal,Frutal,ambiguo,Animal,pa:Animal;symrise:Animal,FIG y catálogos,alta,#d22c50,#ca224a
252,1217-08-9,"2-(1,1,2,3,3-Pentamethylindan-5-yl)-1-propanol",molécula,Animal,Floral,con matiz,Animal,,FIG,media,#d22c50,#ca224a
253,67634-11-1,"2-(1,1-Dimethylethyl)-4-methylcyclohexan-1-ol",molécula,Amaderado,,claro,Amaderado,,FIG,alta,#923002,#944e00
254,5947-36-4,2(10)-Pinen-3-ol,molécula,Verde,Amaderado,con matiz,Verde,,FIG,media,#43cd99,#4aa781
255,7399-50-0,2-(1-Ethylpropyl)pyridine,molécula,Verde,,claro,Verde,,FIG,alta,#43cd99,#4aa781
256,37172-02-4,2-(1-Methylpropyl)-1-vinylcyclohexyl acetate,molécula,Especiado,Amaderado,con matiz,Amaderado,pa:Especiado,catálogos,media,#d86f0d,#bb704e
257,929625-08-1,"2-(2,2,7,7-Tetramethyltricyclo[6.2.1.01,6]undec-5-en-5-yl)propan-1-ol",molécula,Especiado,Amaderado,ambiguo,Especiado,,FIG,baja,#d86f0d,#bb704e
258,2226-05-3,"2-(3,3-Dimethylbicyclo[2.2.1]hept-2-ylidene)ethanol",molécula,Amaderado,Verde,claro con toque,Amaderado,,FIG,alta,#923002,#944e00
259,68133-79-9,"2-(3,7-Dimethyl-2,6-octadienyl)cyclopentanone",molécula,Frutal,,claro,Frutal,pa:Frutal,FIG y catálogos,alta,#896ffb,#915fd8
260,92015-65-1,"2(3H)-Benzofuranone, hexahydro-3,6-dimethyl-",molécula,Frutal,,claro,Frutal,,FIG,alta,#896ffb,#915fd8
261,4359-47-1,"2-(3-Heptyl)-1,3-dioxolane",molécula,Verde,Frutal,con matiz,Verde,pa:Verde,FIG y catálogos,alta,#43cd99,#4aa781
262,2110-18-1,2-(3-Phenylpropyl)pyridine,molécula,Verde,Especiado,claro con toque,Especiado,pa:Verde;symrise:Verde,catálogos,alta,#43cd99,#4aa781
263,3208-40-0,2-(3-Phenylpropyl)tetrahydrofuran,molécula,Frutal,Verde,claro con toque,Frutal,,FIG,alta,#896ffb,#915fd8
264,80417-97-6,"2(4H)-Benzofuranone, 5,6-dihydro-3,6-dimethyl-",molécula,Frutal,,claro,Frutal,,FIG,alta,#896ffb,#915fd8
265,34291-99-1,2-(4-Isopropylphenyl)propionaldehyde,molécula,Verde,Floral,ambiguo,Verde,,FIG,baja,#43cd99,#4aa781
266,80819-94-9,2-(4-Methyl-1-phenyl)-2-propanethiol,molécula,Frutal,Cítrico,con matiz,Frutal,,FIG,media,#896ffb,#915fd8
267,65817-24-5,2-(4-Methyl-2-hydroxyphenyl)propionic acid-gamma-lactone,molécula,Verde,,claro,Verde,,FIG,alta,#43cd99,#4aa781
268,94159-31-6,2-(4-Methyl-5-thiazolyl)ethyl butanoate,molécula,Transformado,Frutal,suelto,Transformado,,FIG,baja,#8a8a8a,#8a8a8a
269,15149-10-7,2-(4-Methylphenoxy)ethanol,molécula,Floral,Especiado,con matiz,Floral,,FIG,media,#c475aa,#975482
270,1333-58-0,2-(Methylpropyl)quinoline,molécula,Verde,Animal,claro con toque,Verde,,FIG,alta,#43cd99,#4aa781
271,95962-14-4,2-(p-Menth-1-ene-10-yl)cyclopentanone,molécula,Frutal,,claro,Frutal,givaudan:Frutal;pa:Frutal,FIG y catálogos,alta,#896ffb,#915fd8
272,99-72-9,2-(p-Tolyl)propionaldehyde,molécula,Verde,Floral,con matiz,Verde,,FIG,media,#43cd99,#4aa781
273,60047-17-8,2-(Tetrahydro-5-methyl-5-vinyl-2-furyl)propan-2-ol,molécula,Verde,Amaderado,con matiz,Verde,,FIG,media,#43cd99,#4aa781
274,51608-18-5,2-(trans-2-Pentenyl)cyclopentanone,molécula,Frutal,Floral,con matiz,Frutal,,FIG,media,#896ffb,#915fd8
275,197098-61-6,"2,​5,​7-​Octatrien-​1-​ol, 2,​6-​dimethyl-​, 1-​acetate",molécula,Frutal,,claro,Frutal,,FIG,alta,#896ffb,#915fd8
276,76917-23-2,"2,​6-​Octadienal, (2E,​6Z)​-",molécula,Verde,Ozónico,ambiguo,Verde,,FIG,baja,#43cd99,#4aa781
277,1891-67-4,"2,​6-​Octadienal, 3,​6,​7-​trimethyl-",molécula,Cítrico,Verde,claro con toque,Cítrico,,FIG,alta,#c3b503,#a19500
278,52711-52-1,"2,​7-​Decadienal, (2E,​7Z)​-",molécula,Verde,Floral,con matiz,Verde,,FIG,media,#43cd99,#4aa781
279,1801275-25-1,"2,​7-​Decadienenitrile",sin estructura,Verde,Frutal,con matiz,Verde,,FIG,media,#43cd99,#4aa781
280,1801275-26-2,"2,​7-​Decadienenitrile, (2E,​7Z)​-",sin estructura,Verde,Frutal,con matiz,Verde,,FIG,media,#43cd99,#4aa781
281,21662-22-6,"2,​7-​Nonadienal, (2E,​7Z)​-",sin estructura,Verde,Floral,con matiz,Verde,,FIG,media,#43cd99,#4aa781
282,6931-54-0,"2,10-Epoxypinane",molécula,Verde,,claro,Verde,,FIG,alta,#43cd99,#4aa781
283,72894-15-6,"2,12-Tridecadienal",molécula,Ozónico,,claro,Ozónico,,FIG,alta,#2db9f3,#237da9
284,4437-20-1,"2,2'-(Dithiodimethylene)-difuran",molécula,Transformado,Frutal,suelto,Transformado,,FIG,baja,#8a8a8a,#8a8a8a
285,4501-58-0,"2,2,3-Trimethyl-3-Cyclopentene-1-acetaldehyde",molécula,Ozónico,Verde,ambiguo,Ozónico,,FIG,baja,#2db9f3,#237da9
286,15373-31-6,"2,2,3-Trimethylcyclopent-3-enylacetonitrile",molécula,Verde,,claro,Verde,symrise:Verde,FIG y catálogos,alta,#43cd99,#4aa781
287,75490-39-0,"2,2,4-Trimethyl-4-phenyl-butane-nitrile",molécula,Cítrico,Verde,claro con toque,Cítrico,pa:Cítrico,FIG y catálogos,alta,#c3b503,#a19500
288,65443-14-3,"2,2,5-Trimethyl-5-pentylcyclopentanone",molécula,Frutal,Floral,claro con toque,Floral,pa:Frutal,catálogos,media,#896ffb,#915fd8
289,7392-19-0,"2,2,6-Trimethyl-6-vinyltetrahydropyran",molécula,Cítrico,Amaderado,claro con toque,Cítrico,givaudan:Verde;pa:Cítrico,"FIG, catálogo en contra",baja,#c3b503,#a19500
290,2408-37-9,"2,2,6-Trimethylcyclohexanone",molécula,Cítrico,Floral,con matiz,Cítrico,,FIG,media,#c3b503,#a19500
291,69103-20-4,"2,2-Dimethyl-3-(3-methyl-2,4-pentadienyl)oxirane",molécula,Verde,Floral,con matiz,Verde,,FIG,media,#43cd99,#4aa781
292,104468-21-5,"2,2-Dimethyl-3-methyl-3-butenyl propanoate",molécula,Verde,Frutal,claro con toque,Verde,,FIG,alta,#43cd99,#4aa781
293,13351-61-6,"2,2-Dimethyl-3-phenylpropanol",molécula,Floral,,claro,Floral,pa:Floral;symrise:Floral,FIG y catálogos,alta,#c475aa,#975482
294,7416-35-5,"2,2-Dimethyl-5-(1-methylpropen-1-yl)tetrahydrofuran",molécula,Verde,Cítrico,con matiz,Verde,,FIG,media,#43cd99,#4aa781
295,54440-17-4,"2,3,3-Trimethylindanone",molécula,Especiado,Animal,claro con toque,Especiado,givaudan:Especiado;pa:Especiado,FIG y catálogos,alta,#d86f0d,#bb704e
296,68433-81-8,"2,3,4,4a,5,6-hexahydro-2,2-dimethyl-1,3-methanonaphthalen-7(1H)-one",molécula,Floral,Amaderado,ambiguo,Floral,,FIG,baja,#c475aa,#975482
297,3054-92-0,"2,3,4-Trimethyl-3-pentanol",molécula,Frutal,Verde,con matiz,Frutal,,FIG,media,#896ffb,#915fd8
298,1124-11-4,"2,3,5,6-Tetramethylpyrazine",molécula,Frutal,,claro,Frutal,,FIG,alta,#896ffb,#915fd8
299,14667-55-1,"2,3,5-Trimethylpyrazine",molécula,Verde,Frutal,con matiz,Verde,,FIG,media,#43cd99,#4aa781
300,2416-94-6,"2,3,6-Trimethylphenol",molécula,Amaderado,Animal,claro con toque,Amaderado,,FIG,alta,#923002,#944e00
301,513-85-9,"2,3-Butanediol",molécula,Frutal,,claro,Frutal,,FIG,alta,#896ffb,#915fd8
302,18138-04-0,"2,3-Diethyl-5-methylpyrazine",molécula,Frutal,,claro,Frutal,,FIG,alta,#896ffb,#915fd8
303,15707-24-1,"2,3-Diethylpyrazine",molécula,Transformado,Verde,suelto,Transformado,,FIG,baja,#8a8a8a,#8a8a8a
304,300371-33-9,"2,3-Dihydro-1,1-dimethyl-1H-indene-ar-propanal",sin estructura,Verde,Ozónico,con matiz,Verde,,FIG,media,#43cd99,#4aa781
305,71850-78-7,"2,3-Dimethyl-4-(2,6,6-trimethyl-1-cyclohexen-1-yl)-2-butenal",molécula,Amaderado,Floral,ambiguo,Amaderado,,FIG,baja,#923002,#944e00
306,3782-00-1,"2,3-Dimethylbenzofuran",molécula,Verde,Amaderado,con matiz,Verde,,FIG,media,#43cd99,#4aa781
307,526-75-0,"2,3-Dimethylphenol",molécula,Amaderado,,claro,Amaderado,,FIG,alta,#923002,#944e00
308,5910-89-4,"2,3-Dimethylpyrazine",molécula,Transformado,Frutal,suelto,Transformado,,FIG,baja,#8a8a8a,#8a8a8a
309,96-04-8,"2,3-Heptanedione",molécula,Transformado,Frutal,suelto,Transformado,,FIG,baja,#8a8a8a,#8a8a8a
310,3848-24-6,"2,3-Hexanedione",molécula,Frutal,,claro,Frutal,,FIG,alta,#896ffb,#915fd8
311,74338-72-0,"2,4,4,7-Tetramethyl-6-octen-3-one",molécula,Cítrico,Frutal,con matiz,Cítrico,pa:Cítrico;symrise:Cítrico,FIG y catálogos,alta,#c3b503,#a19500
312,81783-01-9,"2,4,4,7-Tetramethylnona-6,8-diene-3-one-oxime",molécula,Frutal,Cítrico,claro con toque,Frutal,givaudan:Frutal,FIG y catálogos,alta,#896ffb,#915fd8
313,13623-11-5,"2,4,5-Trimethylthiazole",molécula,Frutal,,claro,Frutal,,FIG,alta,#896ffb,#915fd8
314,68527-77-5,"2,4,6-Trimethyl-3-cyclohexene-1-methanol",molécula,Floral,Especiado,con matiz,Floral,,FIG,media,#c475aa,#975482
315,5182-36-5,"2,4,6-Trimethyl-4-phenyl-1,3-dioxane",molécula,Frutal,Cítrico,con matiz,Frutal,symrise:Frutal,FIG y catálogos,alta,#896ffb,#915fd8
316,1423-46-7,"2,4,6-Trimethylcyclohex-3-enecarbaldehyde",molécula,Verde,Floral,con matiz,Verde,,FIG,media,#43cd99,#4aa781
317,527-60-6,"2,4,6-Trimethylphenol",molécula,Amaderado,Frutal,claro con toque,Amaderado,,FIG,alta,#923002,#944e00
318,18409-21-7,"2,4-Decadien-1-ol",molécula,Cítrico,Verde,claro con toque,Cítrico,,FIG,alta,#c3b503,#a19500
319,131812-67-4,"2,4-Dimethyl-2-(5,6,7,8-tetrahydro-5,5,8,8-tetramethyl-2-naphthalenyl)-1,3-dioxolane",molécula,Especiado,Amaderado,con matiz,Amaderado,givaudan:Especiado,catálogos,media,#d86f0d,#bb704e
320,68039-49-6,"2,4-Dimethyl-3-cyclohexen-1-carboxaldehyde",molécula,Verde,Cítrico,claro con toque,Verde,givaudan:Verde;pa:Verde;symrise:Verde,FIG y catálogos,alta,#43cd99,#4aa781
321,27606-09-3,"2,4-Dimethyl-4,4a,5,9b-tetrahydroindeno[1,2-d]-1,3-dioxin",molécula,Floral,,claro,Floral,symrise:Floral,FIG y catálogos,alta,#c475aa,#975482
322,82461-14-1,"2,4-Dimethyl-4-phenyltetrahydrofuran",molécula,Cítrico,Verde,ambiguo,Cítrico,givaudan:Cítrico;pa:Cítrico,FIG y catálogos,alta,#c3b503,#a19500
323,62346-96-7,"2,4-Dimethylbenzyl acetate",molécula,Floral,Frutal,con matiz,Floral,,FIG,media,#c475aa,#975482
324,67634-17-7,"2,4-Dimethylcyclohex-3-ene-1-methanol",molécula,Floral,Verde,claro con toque,Floral,pa:Floral,FIG y catálogos,alta,#c475aa,#975482
325,67634-26-8,"2,4-Dimethylcyclohex-3-ene-1-methyl acetate",molécula,Cítrico,Frutal,con matiz,Cítrico,,FIG,media,#c3b503,#a19500
326,67634-22-4,"2,4-Dimethylcyclohexylmethyl acetate",molécula,Floral,Verde,con matiz,Floral,,FIG,media,#c475aa,#975482
327,108-47-4,"2,4-Dimethylpyridine",molécula,Amaderado,Animal,claro con toque,Amaderado,,FIG,alta,#923002,#944e00
328,16930-93-1,"2,4-Hexadienyl butyrate",molécula,Verde,Frutal,ambiguo,Verde,,FIG,baja,#43cd99,#4aa781
329,16491-24-0,"2,4-Hexadienyl isobutyrate",molécula,Verde,Frutal,con matiz,Verde,,FIG,media,#43cd99,#4aa781
330,63450-36-2,"2,4-Nonadienol-1",molécula,Verde,Floral,con matiz,Verde,,FIG,media,#43cd99,#4aa781
331,105-67-9,"2,4-Xylenol",molécula,Amaderado,Frutal,con matiz,Amaderado,,FIG,media,#923002,#944e00
332,68378-13-2,"2,5 or 6-Methoxy-3-methylpyrazine (mixture of isomers)",sin estructura,Frutal,,claro,Frutal,,FIG,alta,#896ffb,#915fd8
333,5406-58-6,"2,5,5-Trimethyl-2-phenyl-1,3-dioxane",molécula,Amaderado,Verde,claro con toque,Amaderado,,FIG,alta,#923002,#944e00
334,82784-84-7,"2,5,6-Trimethyl-4-heptenal",molécula,Verde,Ozónico,con matiz,Verde,,FIG,media,#43cd99,#4aa781
335,13851-06-4,"2,5,7-Trimethyl-2-decene-6,8-dione",molécula,Verde,,claro,Verde,,FIG,alta,#43cd99,#4aa781
336,41239-48-9,"2,5-Diethyltetrahydrofuran",molécula,Frutal,,claro,Frutal,,FIG,alta,#896ffb,#915fd8
337,4077-47-8,"2,5-Dimethyl-4-methoxy-3(2H)-furanone",molécula,Frutal,Verde,con matiz,Frutal,,FIG,media,#896ffb,#915fd8
338,123-32-0,"2,5-Dimethylpyrazine",molécula,Transformado,Frutal,suelto,Transformado,,FIG,baja,#8a8a8a,#8a8a8a
339,847144-75-6,"2,5-Octadien-4-one, 5,6,7-trimethyl-, (2E,5E)-",molécula,Frutal,,claro,Frutal,,FIG,alta,#896ffb,#915fd8
340,357650-26-1,"2,5-Octadien-4-one, 5,6,7-trimethyl-, (2E,5Z)-",molécula,Frutal,Floral,con matiz,Frutal,,FIG,media,#896ffb,#915fd8
341,95-87-4,"2,5-Xylenol",molécula,Amaderado,Frutal,con matiz,Amaderado,,FIG,media,#923002,#944e00
342,141-13-9,"2,6,10-Trimethyl-9-undecenal",molécula,Ozónico,Verde,ambiguo,Verde,givaudan:Ozónico;pa:Ozónico;symrise:Ozónico,catálogos,alta,#2db9f3,#237da9
343,54082-68-7,"2,6,10-Trimethylundeca-5,9-dienal",molécula,Ozónico,Floral,con matiz,Ozónico,symrise:Ozónico,FIG y catálogos,alta,#2db9f3,#237da9
344,24048-13-3,"2,6,10-Trimethylundeca-5,9-dienal (dihydroapofarnesal)",molécula,Ozónico,Floral,ambiguo,Ozónico,,FIG,baja,#2db9f3,#237da9
345,24048-14-4,"2,6,10-Trimethylundeca-5,9-dienol",molécula,Ozónico,Floral,claro con toque,Ozónico,,FIG,alta,#2db9f3,#237da9
346,432-25-7,"2,6,6-Trimethyl-1&2-cyclohexen-1-carboxaldehyde",molécula,Verde,Especiado,con matiz,Verde,,FIG,media,#43cd99,#4aa781
347,472-66-2,"2,6,6-Trimethyl-1-cyclohexen-1-acetaldehyde",molécula,Verde,Amaderado,claro con toque,Verde,,FIG,alta,#43cd99,#4aa781
348,473-54-1,"2,6,6-Trimethylbicyclo[3.1.1]heptan-3-ol",molécula,Verde,Amaderado,claro con toque,Verde,,FIG,alta,#43cd99,#4aa781
349,1125-21-9,"2,6,6-Trimethylcyclohex-2-ene-1,4-dione",molécula,Floral,Cítrico,con matiz,Floral,,FIG,media,#c475aa,#975482
350,116-26-7,"2,6,6-Trimethylcyclohexa-1,3-dienyl methanal",molécula,Verde,Ozónico,con matiz,Verde,givaudan:Especiado;pa:Verde,"FIG, catálogo en contra",baja,#43cd99,#4aa781
351,123-18-2,"2,6,8-Trimethylnonan-4-one",molécula,Especiado,Frutal,con matiz,Especiado,,FIG,media,#d86f0d,#bb704e
352,91-10-1,"2,6-Dimethoxyphenol",molécula,Transformado,Amaderado,suelto,Transformado,,FIG,baja,#8a8a8a,#8a8a8a
353,17909-77-2,"2,6-Dimethyl-10-methylene-2,6,11-dodecatrienal",molécula,Cítrico,Ozónico,claro con toque,Cítrico,,FIG,alta,#c3b503,#a19500
354,3016-19-1,"2,6-Dimethyl-2,4,6-octatriene",molécula,Verde,Floral,con matiz,Verde,,FIG,media,#43cd99,#4aa781
355,13254-34-7,"2,6-Dimethyl-2-heptanol",molécula,Verde,Floral,claro con toque,Floral,pa:Verde,catálogos,media,#43cd99,#4aa781
356,68480-08-0,"2,6-Dimethyl-2-octyl acetate",molécula,Verde,Cítrico,con matiz,Verde,,FIG,media,#43cd99,#4aa781
357,108-82-7,"2,6-Dimethyl-4-heptanol",molécula,Transformado,,suelto,Transformado,,FIG,baja,#8a8a8a,#8a8a8a
358,108-83-8,"2,6-Dimethyl-4-heptanone",molécula,Frutal,,claro,Frutal,,FIG,alta,#896ffb,#915fd8
359,106-72-9,"2,6-Dimethyl-5-heptenal",molécula,Ozónico,Verde,con matiz,Ozónico,pa:Ozónico;symrise:Ozónico,FIG y catálogos,alta,#2db9f3,#237da9
360,25279-09-8,"2,6-Dimethyloct-7-en-2-yl formate",molécula,Cítrico,Floral,con matiz,Cítrico,,FIG,media,#c3b503,#a19500
361,1879-00-1,"2,6-Dimethyloct-7-en-4-one",molécula,Frutal,Verde,con matiz,Frutal,,FIG,media,#896ffb,#915fd8
362,673-84-7,"2,6-Dimethylocta-2,4,6-triene",molécula,Floral,Especiado,con matiz,Floral,,FIG,media,#c475aa,#975482
363,108-50-9,"2,6-Dimethylpyrazine",molécula,Transformado,Frutal,suelto,Transformado,,FIG,baja,#8a8a8a,#8a8a8a
364,108-48-5,"2,6-Dimethylpyridine",molécula,Transformado,Frutal,suelto,Transformado,,FIG,baja,#8a8a8a,#8a8a8a
365,7786-44-9,"2,6-Nonadien-1-ol",molécula,Verde,Frutal,con matiz,Verde,,FIG,media,#43cd99,#4aa781
366,67674-36-6,"2,6-Nonadienal diethyl acetal",molécula,Verde,,claro,Verde,,FIG,alta,#43cd99,#4aa781
367,67019-89-0,"2,6-Nonadienenitrile",molécula,Floral,Verde,claro con toque,Floral,,FIG,alta,#c475aa,#975482
368,90480-35-6,"2,6-Octadienal, 3,7-dimethyl-, acid-isomerized",sin estructura,Cítrico,Frutal,claro con toque,Cítrico,symrise:Cítrico,FIG y catálogos,alta,#c3b503,#a19500
369,147060-73-9,"2,6-Octadienal, 3,7-dimethyl-, reaction products with Et alc.",sin estructura,Cítrico,,claro,Cítrico,pa:Cítrico,FIG y catálogos,alta,#c3b503,#a19500
370,38237-00-2,"2,6-Octadiene-1-thiol, 3,7-dimethyl-",molécula,Cítrico,Transformado,claro con toque,Cítrico,,FIG,alta,#c3b503,#a19500
371,576-26-1,"2,6-Xylenol",molécula,Amaderado,,claro,Amaderado,,FIG,alta,#923002,#944e00
372,68419-46-5,"2,7-Dimethyloct-5-en-4-one",molécula,Floral,Verde,ambiguo,Floral,,FIG,baja,#c475aa,#975482
373,84642-57-9,"2-[(3,3,5-Trimethylcyclohexyl)acetyl]cyclopentan-1-one",molécula,Amaderado,Animal,con matiz,Amaderado,,FIG,media,#923002,#944e00
374,94087-23-7,"2-[7-Isopropyl-5-methylbicyclo[2.2.2]oct-5-en-2-yl]-1,3-dioxolane",molécula,Floral,Verde,con matiz,Floral,,FIG,media,#c475aa,#975482
375,68901-32-6,"2-[8-Isopropyl-6-methylbicyclo[2.2.2]oct-5-en-2-yl]-1,3-dioxolane",molécula,Floral,Verde,ambiguo,Verde,pa:Floral,catálogos,media,#c475aa,#975482
376,32974-92-8,2-Acetyl-3-ethylpyrazine,molécula,Amaderado,Frutal,ambiguo,Amaderado,,FIG,baja,#923002,#944e00
377,23787-80-6,2-Acetyl-3-methylpyrazine,molécula,Transformado,Frutal,suelto,Transformado,,FIG,baja,#8a8a8a,#8a8a8a
378,1193-79-9,2-Acetyl-5-methylfuran,molécula,Frutal,Verde,claro con toque,Frutal,,FIG,alta,#896ffb,#915fd8
379,1122-62-9,2-Acetylpyridine,molécula,Transformado,Frutal,suelto,Transformado,,FIG,baja,#8a8a8a,#8a8a8a
380,24295-03-2,2-Acetylthiazole,molécula,Transformado,Frutal,suelto,Transformado,,FIG,baja,#8a8a8a,#8a8a8a
381,88-15-3,2-Acetylthiophene,molécula,Transformado,Frutal,suelto,Transformado,,FIG,baja,#8a8a8a,#8a8a8a
382,551-93-9,2-Aminoacetophenone,molécula,Floral,Frutal,claro con toque,Floral,,FIG,alta,#c475aa,#975482
383,4740-79-8,"2-Benzyl-1,3-dioxan-5-ol",molécula,Verde,Floral,con matiz,Verde,,FIG,media,#43cd99,#4aa781
384,97384-48-0,2-Benzyl-2-methylbut-3-enenitrile,molécula,Cítrico,Verde,con matiz,Verde,symrise:Cítrico,catálogos,media,#c3b503,#a19500
385,92368-90-6,2-Benzylheptanol,molécula,Floral,,claro,Floral,,FIG,alta,#c475aa,#975482
386,20279-25-8,2-Bornyl propionate,molécula,Amaderado,Frutal,con matiz,Amaderado,,FIG,media,#923002,#944e00
387,78-92-2,2-Butanol,molécula,Frutal,Transformado,claro con toque,Frutal,,FIG,alta,#896ffb,#915fd8
388,78-93-3,2-Butanone,molécula,Frutal,,claro,Frutal,,FIG,alta,#896ffb,#915fd8
389,1129-62-0,"2-Butanone, phenylhydrazone",molécula,Animal,Especiado,claro con toque,Animal,,FIG,alta,#d22c50,#ca224a
390,71048-83-4,"2-Buten-1-one, 1-(2,6,6-trimethyl-3-cyclohexen-1-yl)-, [1alpha(E),alpha]- (9CI)",molécula,Floral,Frutal,claro con toque,Floral,,FIG,alta,#c475aa,#975482
391,3724-65-0,2-Butenoic acid,molécula,Transformado,Verde,suelto,Transformado,,FIG,baja,#8a8a8a,#8a8a8a
392,54546-26-8,"2-Butyl-4,4,6-trimethyl-1,3-dioxane",molécula,Verde,Floral,claro con toque,Verde,pa:Verde,FIG y catálogos,alta,#43cd99,#4aa781
393,62062-85-5,"2-Butyl-5,6-dihydro-2,4-dimethyl-2H-pyran",molécula,Verde,Floral,con matiz,Verde,,FIG,media,#43cd99,#4aa781
394,90-42-6,2-Cyclohexylcyclohexanone,molécula,Floral,Especiado,claro con toque,Floral,,FIG,alta,#c475aa,#975482
395,4442-79-9,2-Cyclohexylethyl alcohol,molécula,Floral,Verde,con matiz,Floral,,FIG,media,#c475aa,#975482
396,916887-53-1,2-Cyclohexylidene-2-o-tolylacetonitrile,molécula,Floral,,claro,Floral,,FIG,alta,#c475aa,#975482
397,2109-22-0,2-Cyclohexylpropanal,molécula,Verde,Ozónico,con matiz,Verde,,FIG,media,#43cd99,#4aa781
398,21835-00-7,"2-Cyclopenten-1-one, 2-hydroxy-3,4-dimethyl-",molécula,Frutal,Especiado,claro con toque,Frutal,,FIG,alta,#896ffb,#915fd8
399,4884-24-6,2-Cyclopentylcyclopentanone,molécula,Floral,Animal,con matiz,Floral,,FIG,media,#c475aa,#975482
400,693-54-9,2-Decanone,molécula,Floral,Frutal,claro con toque,Floral,,FIG,alta,#c475aa,#975482
401,3913-71-1,2-Decenal,molécula,Ozónico,Floral,con matiz,Ozónico,,FIG,media,#2db9f3,#237da9
402,6175-49-1,2-Dodecanone,molécula,Frutal,Cítrico,ambiguo,Frutal,,FIG,baja,#896ffb,#915fd8
403,4826-62-4,2-Dodecenal,molécula,Cítrico,Ozónico,con matiz,Cítrico,,FIG,media,#c3b503,#a19500
404,68845-00-1,"2-Ethoxy-2,6,6-trimethyl-9-methylenebicyclo[3.3.1]nonane",molécula,Amaderado,Especiado,claro con toque,Amaderado,pa:Amaderado,FIG y catálogos,alta,#923002,#944e00
405,5595-79-9,2-Ethoxy-4-(methoxymethyl)phenol,molécula,Especiado,Floral,con matiz,Floral,givaudan:Especiado;pa:Especiado,catálogos,alta,#d86f0d,#bb704e
406,96840-56-1,2-Ethoxy-4-[(1-methylethoxy)methyl] phenol,molécula,Especiado,Floral,con matiz,Especiado,,FIG,media,#d86f0d,#bb704e
407,2563-07-7,2-Ethoxy-4-methylphenol,molécula,Frutal,,claro,Frutal,givaudan:Frutal,FIG y catálogos,alta,#896ffb,#915fd8
408,18368-91-7,"2-Ethyl-1,3,3-trimethyl-2-norbornanol",molécula,Amaderado,Verde,claro con toque,Amaderado,,FIG,alta,#923002,#944e00
409,97-95-0,2-Ethyl-1-butanol,molécula,Frutal,,claro,Frutal,,FIG,alta,#896ffb,#915fd8
410,104-76-7,2-Ethyl-1-hexanol,molécula,Verde,Ozónico,con matiz,Verde,,FIG,media,#43cd99,#4aa781
411,15707-23-0,2-Ethyl-3-methylpyrazine,molécula,Transformado,Frutal,suelto,Transformado,symrise:Verde,"FIG, catálogo en contra",baja,#8a8a8a,#8a8a8a
412,28219-61-6,"2-Ethyl-4-(2,2,3-trimethyl-3-cyclopenten-1-yl)-2-buten-1-ol",sin estructura,Amaderado,Frutal,claro con toque,Amaderado,pa:Amaderado;symrise:Amaderado,FIG y catálogos,alta,#923002,#944e00
413,27538-09-6,2-Ethyl-4-hydroxy-5-methyl-3(2H)-furanone,molécula,Frutal,,claro,Frutal,,FIG,alta,#896ffb,#915fd8
414,27538-10-9,2-Ethyl-4-hydroxy-5-methylfuran-3(2H)-one,molécula,Frutal,,claro,Frutal,,FIG,alta,#896ffb,#915fd8
415,15679-12-6,2-Ethyl-4-methylthiazole,molécula,Transformado,Verde,suelto,Transformado,,FIG,baja,#8a8a8a,#8a8a8a
416,122795-41-9,2-Ethyl-5-methoxybicyclo[2.2.1]heptane,molécula,Cítrico,Verde,ambiguo,Cítrico,,FIG,baja,#c3b503,#a19500
417,13360-64-0,2-Ethyl-5-methylpyrazine,molécula,Transformado,Frutal,suelto,Transformado,,FIG,baja,#8a8a8a,#8a8a8a
418,10031-87-5,2-Ethylbutyl acetate,molécula,Frutal,Floral,claro con toque,Frutal,,FIG,alta,#896ffb,#915fd8
419,88-09-5,2-Ethylbutyric acid,molécula,Transformado,,suelto,Transformado,,FIG,baja,#8a8a8a,#8a8a8a
420,27043-05-6,2-Ethyl-dimethylpyrazine (isomer unspecified),sin estructura,Frutal,,claro,Frutal,,FIG,alta,#896ffb,#915fd8
421,3208-16-0,2-Ethylfuran,molécula,Frutal,,claro,Frutal,,FIG,alta,#896ffb,#915fd8
422,123-05-7,2-Ethylhexanal,molécula,Frutal,Verde,con matiz,Frutal,,FIG,media,#896ffb,#915fd8
423,103-09-3,2-Ethylhexyl acetate,molécula,Frutal,,claro,Frutal,,FIG,alta,#896ffb,#915fd8
424,64825-20-3,2-Ethylidenedecan-1-al,molécula,Ozónico,Cítrico,claro con toque,Ozónico,,FIG,alta,#2db9f3,#237da9
425,13925-00-3,2-Ethylpyrazine,molécula,Transformado,Frutal,suelto,Transformado,,FIG,baja,#8a8a8a,#8a8a8a
426,564-94-3,"2-Formyl-6,6-dimethylbicyclo(3.1.1)hept-2-ene",molécula,Especiado,Frutal,claro con toque,Especiado,,FIG,alta,#d86f0d,#bb704e
427,59020-90-5,2-Furanmethanethiol formate,molécula,Transformado,Frutal,suelto,Transformado,,FIG,baja,#8a8a8a,#8a8a8a
428,1192-62-7,2-Furyl methyl ketone,molécula,Frutal,,claro,Frutal,,FIG,alta,#896ffb,#915fd8
429,1392277-05-2,"2H-​2,​4a-​Methanonaphthalen-​1(5H)​-​one, hexahydro-​5,​5-​dimethyl-​2-​propyl-",molécula,Amaderado,Especiado,con matiz,Amaderado,,FIG,media,#923002,#944e00
430,676125-00-1,"2H-​2,​4a-​Methanonaphthalene, 1,​3,​4,​5,​6,​7-​hexahydro-​7-​methoxy-​1,​1,​5,​5-​tetramethyl-",molécula,Amaderado,Cítrico,claro con toque,Amaderado,,FIG,alta,#923002,#944e00
431,1127890-59-8,"2H-​Cyclopenta[b]​furan, hexahydro-​6,​6,​6a-​trimethyl-​2-​(1-​methylpropyl)​-",sin estructura,Frutal,Amaderado,con matiz,Frutal,,FIG,media,#896ffb,#915fd8
432,875471-31-1,"2H-​Pyran-​2-​one, tetrahydro-​5-​pentyl-",molécula,Cítrico,Verde,claro con toque,Cítrico,,FIG,alta,#c3b503,#a19500
433,214335-70-3,"2H-​Pyran-​2-​one, tetrahydro-​5-​propyl-",molécula,Frutal,Amaderado,claro con toque,Frutal,,FIG,alta,#896ffb,#915fd8
434,1099648-69-7,"2H-​Pyran-​4-​ol, 2-​(1-​ethylpropyl)​tetrahydro-​4-​methyl-",molécula,Verde,Floral,con matiz,Verde,,FIG,media,#43cd99,#4aa781
435,854737-09-0,"2H-​Pyran, 3-​heptyltetrahydro-",molécula,Verde,Especiado,con matiz,Verde,,FIG,media,#43cd99,#4aa781
436,60335-74-2,"2H-​Pyran, tetrahydro-​4-​methylene-​2-​phenyl-",molécula,Floral,Verde,con matiz,Floral,,FIG,media,#c475aa,#975482
437,950919-28-5,"2H-1,5-Benzodioxepin-3(4H)-one, 7-(1-methylethyl)-",molécula,Floral,Verde,con matiz,Floral,pa:Ozónico,"FIG, catálogo en contra",baja,#c475aa,#975482
438,543-49-7,2-Heptanol,molécula,Verde,Cítrico,claro con toque,Verde,,FIG,alta,#43cd99,#4aa781
439,110-43-0,2-Heptanone,molécula,Verde,Frutal,ambiguo,Verde,,FIG,baja,#43cd99,#4aa781
440,5921-82-4,2-Heptyl acetate,molécula,Frutal,Especiado,con matiz,Frutal,,FIG,media,#896ffb,#915fd8
441,4359-57-3,"2-Heptyl-1,3-dioxolane",molécula,Cítrico,Ozónico,claro con toque,Cítrico,,FIG,alta,#c3b503,#a19500
442,137-03-1,2-Heptylcyclopentanone,molécula,Floral,Frutal,claro con toque,Floral,symrise:Floral,FIG y catálogos,alta,#c475aa,#975482
443,39189-74-7,2-Heptylidenecyclopentan-1-one,molécula,Floral,Frutal,con matiz,Floral,,FIG,media,#c475aa,#975482
444,2435-16-7,2-Heptyltetrahydrofuran,molécula,Verde,Floral,ambiguo,Verde,,FIG,baja,#43cd99,#4aa781
445,7541-49-3,"2-Hexadecen-1-ol, 3,7,11,15-tetramethyl-",molécula,Floral,Verde,con matiz,Floral,,FIG,media,#c475aa,#975482
446,626-93-7,2-Hexanol,molécula,Verde,Frutal,con matiz,Verde,,FIG,media,#43cd99,#4aa781
447,2305-21-7,2-Hexen-1-ol,molécula,Verde,,claro,Verde,,FIG,alta,#43cd99,#4aa781
448,341017-24-1,"2-Hexen-1-ol, 3-methyl-, 1-acetate",molécula,Frutal,,claro,Frutal,,FIG,alta,#896ffb,#915fd8
449,505-57-7,2-Hexenal,molécula,Verde,Ozónico,con matiz,Verde,,FIG,media,#43cd99,#4aa781
450,165184-98-5,2-Hexyl-(E)-cinnamaldehyde,molécula,Floral,Cítrico,claro con toque,Floral,,FIG,alta,#c475aa,#975482
451,1708-34-5,"2-Hexyl-1,3-dioxolane",molécula,Frutal,Verde,claro con toque,Frutal,,FIG,alta,#896ffb,#915fd8
452,13074-65-2,2-Hexylcyclopentanone,molécula,Floral,Frutal,claro con toque,Floral,givaudan:Floral;pa:Floral,FIG y catálogos,alta,#c475aa,#975482
453,17373-89-6,2-Hexylidene cyclopentanone,molécula,Floral,Verde,claro con toque,Floral,,FIG,alta,#c475aa,#975482
454,16429-07-5,2-Hexylidenecyclohexan-1-one,molécula,Verde,Floral,ambiguo,Verde,,FIG,baja,#43cd99,#4aa781
455,476332-65-7,"2H-Indeno[4,5b] furan, decahydro-2,2,6,6,7,8,8-heptamethyl",molécula,Especiado,Amaderado,con matiz,Especiado,pa:Especiado,FIG y catálogos,alta,#d86f0d,#bb704e
456,149713-24-6,"2H-Pyran, tetrahydro-4-methyl-2-phenyl-, (2R,4R)-rel-",molécula,Floral,Verde,claro con toque,Floral,,FIG,alta,#c475aa,#975482
457,149713-23-5,"2H-Pyran, tetrahydro-4-methyl-2-phenyl-,(2R,4S)-rel",molécula,Floral,Verde,claro con toque,Floral,pa:Floral,FIG y catálogos,alta,#c475aa,#975482
458,118-93-4,2-Hydroxyacetophenone,molécula,Especiado,Amaderado,con matiz,Especiado,,FIG,media,#d86f0d,#bb704e
459,42822-86-6,"2-Hydroxy-alpha,alpha,4-trimethylcyclohexanemethanol",molécula,Floral,,claro,Floral,givaudan:Floral,FIG y catálogos,alta,#c475aa,#975482
460,1984-60-7,2-Hydroxyethyl phenoxyacetate,molécula,Floral,Verde,con matiz,Floral,,FIG,media,#c475aa,#975482
461,87-41-2,2-Hydroxymethylbenzoic acid gamma lactone,molécula,Amaderado,Verde,con matiz,Amaderado,,FIG,media,#923002,#944e00
462,24683-00-9,2-Isobutyl-3-methoxypyrazine,molécula,Verde,,claro,Verde,,FIG,alta,#43cd99,#4aa781
463,13925-06-9,2-Isobutyl-3-methylpyrazine,molécula,Frutal,Verde,claro con toque,Frutal,,FIG,alta,#896ffb,#915fd8
464,63500-71-0,2-Isobutyl-4-methyltetrahydro-2H-pyran-4-ol (Pyranol),molécula,Floral,,claro,Floral,givaudan:Floral;symrise:Floral,FIG y catálogos,alta,#c475aa,#975482
465,93-19-6,2-Isobutylquinoline,molécula,Amaderado,Especiado,con matiz,Amaderado,,FIG,media,#923002,#944e00
466,18640-74-9,2-Isobutylthiazole,molécula,Verde,Amaderado,con matiz,Verde,,FIG,media,#43cd99,#4aa781
467,31574-44-4,2-Isopropyl-4-methylanisole,molécula,Verde,,claro,Verde,,FIG,alta,#43cd99,#4aa781
468,15679-13-7,2-Isopropyl-4-methylthiazole,molécula,Frutal,,claro,Frutal,,FIG,alta,#896ffb,#915fd8
469,35158-25-9,2-Isopropyl-5-methyl-2-hexenal,molécula,Verde,Amaderado,claro con toque,Verde,,FIG,alta,#43cd99,#4aa781
470,88-69-7,2-Isopropylphenol,molécula,Animal,Amaderado,ambiguo,Animal,,FIG,baja,#d22c50,#ca224a
471,24168-70-5,2-Methoxy-3-(1-methylpropyl)pyrazine,molécula,Verde,,claro,Verde,,FIG,alta,#43cd99,#4aa781
472,25773-40-4,2-Methoxy-3(5 and 6)-isopropylpyrazine,molécula,Frutal,,claro,Frutal,,FIG,alta,#896ffb,#915fd8
473,2847-30-5,2-Methoxy-3-methylpyrazine,molécula,Verde,Frutal,ambiguo,Verde,,FIG,baja,#43cd99,#4aa781
474,93-51-6,2-Methoxy-4-methylphenol,molécula,Especiado,Amaderado,con matiz,Especiado,givaudan:Especiado;symrise:Animal,"FIG, catálogo en contra",baja,#d86f0d,#bb704e
475,2785-87-7,2-Methoxy-4-propylphenol,molécula,Especiado,Verde,claro con toque,Especiado,,FIG,alta,#d86f0d,#bb704e
476,7786-61-0,2-Methoxy-4-vinylphenol,molécula,Especiado,,claro,Especiado,,FIG,alta,#d86f0d,#bb704e
477,91-63-4,2-Methyl quinoline,molécula,Verde,Amaderado,con matiz,Verde,,FIG,media,#43cd99,#4aa781
478,1569-60-4,2-Methyl-2-hepten-6-ol,molécula,Verde,Floral,con matiz,Verde,,FIG,media,#43cd99,#4aa781
479,623-36-9,2-Methyl-2-pentenal,molécula,Verde,Floral,claro con toque,Verde,,FIG,alta,#43cd99,#4aa781
480,16957-70-3,2-Methyl-2-pentenoic acid,molécula,Frutal,Amaderado,claro con toque,Frutal,,FIG,alta,#896ffb,#915fd8
481,75-65-0,2-Methyl-2-propanol,molécula,Verde,,claro,Verde,,FIG,alta,#43cd99,#4aa781
482,68555-63-5,2-Methyl-3-(1-oxopropoxy)-4H-pyran-4-one,molécula,Frutal,,claro,Frutal,,FIG,alta,#896ffb,#915fd8
483,103-95-7,2-Methyl-3-(p-isopropylphenyl)propionaldehyde,molécula,Floral,Verde,con matiz,Floral,givaudan:Floral;pa:Floral,FIG y catálogos,alta,#c475aa,#975482
484,32737-14-7,"2-Methyl-3,5 or 6-ethoxypyrazine",molécula,Frutal,,claro,Frutal,,FIG,alta,#896ffb,#915fd8
485,115-18-4,2-Methyl-3-buten-2-ol,molécula,Verde,Amaderado,con matiz,Verde,,FIG,media,#43cd99,#4aa781
486,41496-43-9,2-Methyl-3-tolylpropionaldehyde,molécula,Floral,Cítrico,con matiz,Floral,,FIG,media,#c475aa,#975482
487,28219-60-5,"2-Methyl-4-(2,2,3-trimethyl-3-cyclopenten-1-yl)-2-buten-1-ol",molécula,Amaderado,Frutal,claro con toque,Amaderado,pa:Amaderado,FIG y catálogos,alta,#923002,#944e00
488,104864-90-6,"2-Methyl-4-(2,2,3-trimethyl-3-cyclopenten-1-yl)-4-penten-1-ol",molécula,Amaderado,,claro,Amaderado,pa:Amaderado,FIG y catálogos,alta,#923002,#944e00
489,72089-08-8,"2-Methyl-4(2,2,3-trimethyl-3-cyclopentenyl)butanol",molécula,Amaderado,,claro,Amaderado,pa:Amaderado;symrise:Amaderado,FIG y catálogos,alta,#923002,#944e00
490,3155-71-3,"2-Methyl-4-(2,6,6-trimethylcyclohex-1-en-1-yl)-2-butenal",molécula,Floral,,claro,Floral,pa:Floral;symrise:Floral,FIG y catálogos,alta,#c475aa,#975482
491,68901-22-4,2-Methyl-4-(camphenyl-8)-cyclohexanone,molécula,Animal,Amaderado,con matiz,Animal,pa:Animal;symrise:Animal,FIG y catálogos,alta,#d22c50,#ca224a
492,33941-99-0,"2-Methyl-4-phenyl-1,3-dioxolane",molécula,Floral,Animal,ambiguo,Animal,symrise:Floral,catálogos,media,#c475aa,#975482
493,103-05-9,2-Methyl-4-phenyl-2-butanol,molécula,Floral,Cítrico,claro con toque,Floral,pa:Floral,FIG y catálogos,alta,#c475aa,#975482
494,103-07-1,2-Methyl-4-phenyl-2-butyl acetate,molécula,Floral,Verde,claro con toque,Floral,,FIG,alta,#c475aa,#975482
495,10031-71-7,2-Methyl-4-phenyl-2-butyl isobutyrate,molécula,Frutal,,claro,Frutal,,FIG,alta,#896ffb,#915fd8
496,40654-82-8,2-Methyl-4-phenylbutyraldehyde,molécula,Floral,Amaderado,ambiguo,Floral,,FIG,baja,#c475aa,#975482
497,92585-24-5,2-Methyl-4-phenylpentanol,molécula,Cítrico,,claro,Cítrico,pa:Cítrico,FIG y catálogos,alta,#c3b503,#a19500
498,67715-80-4,"2-Methyl-4-propyl-1,3-oxathiane",molécula,Verde,Frutal,con matiz,Verde,,FIG,media,#43cd99,#4aa781
499,13678-59-6,2-Methyl-5-(methylthio)furan,molécula,Transformado,Frutal,suelto,Transformado,,FIG,baja,#8a8a8a,#8a8a8a
500,25634-93-9,2-Methyl-5-phenylpentanol,molécula,Floral,,claro,Floral,symrise:Floral,FIG y catálogos,alta,#c475aa,#975482
501,137-32-6,2-Methylbutanol,molécula,Frutal,Verde,claro con toque,Frutal,,FIG,alta,#896ffb,#915fd8
502,2445-78-5,2-Methylbutyl 2-methylbutyrate,molécula,Frutal,,claro,Frutal,,FIG,alta,#896ffb,#915fd8
503,2445-77-4,2-Methylbutyl 3-methylbutanoate,molécula,Frutal,,claro,Frutal,,FIG,alta,#896ffb,#915fd8
504,624-41-9,2-Methylbutyl acetate,molécula,Frutal,,claro,Frutal,,FIG,alta,#896ffb,#915fd8
505,51115-64-1,2-Methylbutyl butyrate,molécula,Frutal,Floral,claro con toque,Frutal,,FIG,alta,#896ffb,#915fd8
506,96-17-3,2-Methylbutyraldehyde,molécula,Frutal,,claro,Frutal,,FIG,alta,#896ffb,#915fd8
507,19009-56-4,2-Methyldecanal,molécula,Ozónico,Cítrico,con matiz,Ozónico,symrise:Ozónico,FIG y catálogos,alta,#2db9f3,#237da9
508,69300-15-8,2-Methyldecanenitrile,molécula,Frutal,Floral,claro con toque,Frutal,givaudan:Frutal,FIG y catálogos,alta,#896ffb,#915fd8
509,1188-02-9,2-Methylheptanoic acid,molécula,Transformado,Ozónico,suelto,Transformado,,FIG,baja,#8a8a8a,#8a8a8a
510,91-57-6,2-Methylnaphthalene,molécula,Floral,Amaderado,claro con toque,Floral,,FIG,alta,#c475aa,#975482
511,7786-29-0,2-Methyloctanal,molécula,Floral,,claro,Floral,,FIG,alta,#c475aa,#975482
512,3142-72-1,2-Methylpent-2-en-1-oic acid,molécula,Frutal,,claro,Frutal,,FIG,alta,#896ffb,#915fd8
513,1838-88-6,2-Methylpent-2-en-1-yl acetate,molécula,Frutal,,claro,Frutal,,FIG,alta,#896ffb,#915fd8
514,123-15-9,2-Methylpentanal,molécula,Frutal,Verde,claro con toque,Frutal,,FIG,alta,#896ffb,#915fd8
515,50607-64-2,2-Methylpentanal-methyl anthranilate (Schiff base),molécula,Verde,Cítrico,con matiz,Verde,,FIG,media,#43cd99,#4aa781
516,90397-38-9,2-Methylpentyl 2-methylvalerate,molécula,Frutal,Verde,con matiz,Frutal,,FIG,media,#896ffb,#915fd8
517,2445-67-2,2-Methylpropyl 2-methylbutyrate,molécula,Frutal,,claro,Frutal,,FIG,alta,#896ffb,#915fd8
518,589-59-3,2-Methylpropyl 3-methylbutyrate,molécula,Frutal,,claro,Frutal,pa:Frutal,FIG y catálogos,alta,#896ffb,#915fd8
519,5461-06-3,2-Methylpropyl octanoate,molécula,Frutal,Verde,con matiz,Frutal,,FIG,media,#896ffb,#915fd8
520,10588-10-0,2-Methylpropyl pentanoate,molécula,Frutal,,claro,Frutal,,FIG,alta,#896ffb,#915fd8
521,109-08-0,2-Methylpyrazine,molécula,Transformado,Frutal,suelto,Transformado,,FIG,baja,#8a8a8a,#8a8a8a
522,3188-00-9,2-Methyltetrahydrofuran-3-one,molécula,Frutal,,claro,Frutal,,FIG,alta,#896ffb,#915fd8
523,80-59-1,2-Methyl-trans-2-butenoic acid,molécula,Especiado,Amaderado,con matiz,Especiado,,FIG,media,#d86f0d,#bb704e
524,110-41-8,2-Methylundecanal,molécula,Ozónico,Cítrico,ambiguo,Ozónico,pa:Ozónico,FIG y catálogos,alta,#2db9f3,#237da9
525,68141-17-3,2-Methylundecanal dimethyl acetal,molécula,Ozónico,Cítrico,con matiz,Ozónico,,FIG,media,#2db9f3,#237da9
526,24323-25-9,2-Methylundecanoic acid,molécula,Frutal,Ozónico,con matiz,Frutal,,FIG,media,#896ffb,#915fd8
527,97-61-0,2-Methylvaleric acid,molécula,Transformado,,suelto,Transformado,,FIG,baja,#8a8a8a,#8a8a8a
528,127459-79-4,"2-Naphthalenecarboxaldehyde, 5,6,7,8-tetrahydro-3,5,5,6,7,8,8-heptamethyl-",molécula,Animal,Amaderado,con matiz,Animal,,FIG,media,#d22c50,#ca224a
529,821-55-6,2-Nonanone,molécula,Frutal,Floral,con matiz,Frutal,,FIG,media,#896ffb,#915fd8
530,22104-79-6,2-Nonen-1-ol,molécula,Frutal,,claro,Frutal,,FIG,alta,#896ffb,#915fd8
531,2463-53-8,2-Nonenal,molécula,Verde,,claro,Verde,,FIG,alta,#43cd99,#4aa781
532,21963-26-8,2-Nonenoic acid gamma-lactone,molécula,Frutal,Verde,con matiz,Frutal,,FIG,media,#896ffb,#915fd8
533,13257-44-8,2-Nonyn-1-al dimethylacetal,molécula,Verde,Floral,ambiguo,Verde,,FIG,baja,#43cd99,#4aa781
534,123-96-6,2-Octanol,molécula,Verde,Floral,con matiz,Verde,,FIG,media,#43cd99,#4aa781
535,111-13-7,2-Octanone,molécula,Verde,Amaderado,con matiz,Verde,,FIG,media,#43cd99,#4aa781
536,4643-27-0,2-Octen-4-one,molécula,Frutal,,claro,Frutal,,FIG,alta,#896ffb,#915fd8
537,2363-89-5,2-Octenal,molécula,Ozónico,Verde,ambiguo,Ozónico,,FIG,baja,#2db9f3,#237da9
538,60308-76-1,"2-Octenoic acid, 4-ethyl-, (2E)-",molécula,Animal,,claro,Animal,,FIG,alta,#d22c50,#ca224a
539,2345-28-0,2-Pentadecanone,molécula,Floral,,claro,Floral,,FIG,alta,#c475aa,#975482
540,6032-29-7,2-Pentanol,molécula,Frutal,Transformado,con matiz,Frutal,,FIG,media,#896ffb,#915fd8
541,107-87-9,2-Pentanone,molécula,Frutal,Transformado,claro con toque,Frutal,,FIG,alta,#896ffb,#915fd8
542,21016-46-6,"2-Pentenoic acid, 2,4-dimethyl-, ethyl ester, (2E)-",molécula,Verde,Frutal,con matiz,Verde,,FIG,media,#43cd99,#4aa781
543,84560-00-9,2-Pentylcyclopentan-1-ol,molécula,Floral,Frutal,claro con toque,Floral,pa:Floral,FIG y catálogos,alta,#c475aa,#975482
544,4819-67-4,2-Pentylcyclopentan-1-one,molécula,Floral,Verde,claro con toque,Floral,pa:Floral,FIG y catálogos,alta,#c475aa,#975482
545,3777-69-3,2-Pentylfuran,molécula,Frutal,Verde,con matiz,Frutal,,FIG,media,#896ffb,#915fd8
546,68141-20-8,2-Phenethyl crotonate,molécula,Floral,,claro,Floral,,FIG,alta,#c475aa,#975482
547,122-99-6,2-Phenoxyethanol,molécula,Floral,Especiado,claro con toque,Floral,symrise:Floral,FIG y catálogos,alta,#c475aa,#975482
548,103-60-6,2-Phenoxyethyl isobutyrate,molécula,Floral,Frutal,con matiz,Floral,pa:Frutal;symrise:Floral,FIG y catálogos,alta,#c475aa,#975482
549,23495-12-7,2-Phenoxyethyl propionate,molécula,Frutal,Especiado,ambiguo,Frutal,,FIG,baja,#896ffb,#915fd8
550,4411-89-6,2-Phenyl-2-butenal,molécula,Frutal,Floral,ambiguo,Frutal,,FIG,baja,#896ffb,#915fd8
551,617-94-7,2-Phenyl-2-propanol,molécula,Especiado,Verde,con matiz,Especiado,,FIG,media,#d86f0d,#bb704e
552,67662-96-8,2-Phenylethyl pivalate,molécula,Floral,Frutal,claro con toque,Floral,givaudan:Floral,FIG y catálogos,alta,#c475aa,#975482
553,7460-74-4,2-Phenylethyl valerate,molécula,Floral,Frutal,con matiz,Floral,,FIG,media,#c475aa,#975482
554,3508-98-3,2-Phenylhexanenitrile,molécula,Verde,Especiado,con matiz,Verde,,FIG,media,#43cd99,#4aa781
555,93-53-8,2-Phenylpropionaldehyde,molécula,Verde,Floral,ambiguo,Verde,,FIG,baja,#43cd99,#4aa781
556,90-87-9,2-Phenylpropionaldehyde dimethyl acetal,molécula,Floral,Verde,con matiz,Floral,,FIG,media,#c475aa,#975482
557,2520-60-7,2-Prenylcyclopentanone,molécula,Floral,,claro,Floral,,FIG,alta,#c475aa,#975482
558,90530-04-4,"2-Propanol, reaction products with boron trifluoride and 5-ethylidenebicyclo[2.2.1]hept-",molécula,Verde,Cítrico,con matiz,Verde,,FIG,media,#43cd99,#4aa781
559,56138-10-4,"2-Propen-1-ol, 2-methyl-3-(4-methylphenyl)-, (2E)-",molécula,Floral,Especiado,con matiz,Floral,,FIG,media,#c475aa,#975482
560,820975-49-3,"2-Propenoic acid, 2-[1-(3,3-dimethylcyclohexyl)ethoxy]-2-methylpropyl ester",molécula,Animal,Frutal,ambiguo,Animal,,FIG,baja,#d22c50,#ca224a
561,208041-98-9,2-Propyl heptanenitrile,molécula,Floral,Frutal,con matiz,Floral,,FIG,media,#c475aa,#975482
562,699-02-5,2-p-Tolylethanol,molécula,Floral,,claro,Floral,,FIG,alta,#c475aa,#975482
563,14765-30-1,2-sec-Butylcyclohexanone,molécula,Verde,,claro,Verde,givaudan:Verde;pa:Verde;symrise:Verde,FIG y catálogos,alta,#43cd99,#4aa781
564,13491-79-7,2-tert-Butylcyclohexanol,molécula,Verde,,claro,Verde,,FIG,alta,#43cd99,#4aa781
565,1728-46-7,2-tert-Butylcyclohexanone,molécula,Amaderado,Verde,con matiz,Amaderado,,FIG,media,#923002,#944e00
566,88-41-5,2-tert-Butylcyclohexyl acetate,molécula,Frutal,Amaderado,claro con toque,Frutal,,FIG,alta,#896ffb,#915fd8
567,21662-13-5,2-trans-6-cis-Dodecadienal,molécula,Cítrico,Verde,con matiz,Cítrico,,FIG,media,#c3b503,#a19500
568,56767-18-1,2-trans-6-trans-Octadienal,molécula,Ozónico,Cítrico,con matiz,Ozónico,,FIG,media,#2db9f3,#237da9
569,20407-84-5,2-trans-Dodecenal,molécula,Ozónico,Cítrico,con matiz,Ozónico,symrise:Ozónico,FIG y catálogos,alta,#2db9f3,#237da9
570,593-08-8,2-Tridecanone,molécula,Verde,Frutal,con matiz,Verde,,FIG,media,#43cd99,#4aa781
571,7774-82-5,2-Tridecenal,molécula,Ozónico,Cítrico,ambiguo,Ozónico,,FIG,baja,#2db9f3,#237da9
572,1653-30-1,2-Undecanol,molécula,Frutal,,claro,Frutal,,FIG,alta,#896ffb,#915fd8
573,112-12-9,2-Undecanone,molécula,Verde,Floral,con matiz,Verde,,FIG,media,#43cd99,#4aa781
574,2463-77-6,2-Undecenal,molécula,Cítrico,Verde,con matiz,Cítrico,,FIG,media,#c3b503,#a19500
575,22629-48-7,2-Undecenenitrile,molécula,Verde,Cítrico,con matiz,Verde,,FIG,media,#43cd99,#4aa781
576,31906-04-4,3 and 4-(4-Hydroxy-4-methylpentyl)-3-cyclohexene-1-carboxaldehyde,molécula,Floral,,claro,Floral,,FIG,alta,#c475aa,#975482
577,1577-18-0,"3-​Hexenoic acid, (3E)​-",molécula,Transformado,Frutal,suelto,Transformado,,FIG,baja,#8a8a8a,#8a8a8a
578,85508-08-3,"3-​Pentenoic acid, 2-​methyl-​, hexyl ester",molécula,Frutal,,claro,Frutal,,FIG,alta,#896ffb,#915fd8
579,40942-73-2,3-(2-Oxopropyl)-2-pentylcyclopentanone,molécula,Floral,,claro,Floral,,FIG,alta,#c475aa,#975482
580,68804-00-2,"3-(4,7,7-Trimethylbicyclo[4.1.0]hept-3-yl)acrylonitrile",molécula,Floral,,claro,Floral,,FIG,alta,#c475aa,#975482
581,68804-02-4,"3-(4,7,7-Trimethylbicyclo[4.1.0]hept-3-ylidene)propiononitrile",molécula,Floral,,claro,Floral,,FIG,alta,#c475aa,#975482
582,51414-25-6,3-(4-Hydroxy-4-methylpentyl)cyclohex-3-ene-1-carbaldehyde,molécula,Floral,Ozónico,claro con toque,Floral,,FIG,alta,#c475aa,#975482
583,15760-18-6,3-(4-Methyl-3-cyclohexenyl)butanol,molécula,Floral,,claro,Floral,pa:Floral,FIG y catálogos,alta,#c475aa,#975482
584,68084-04-8,3-(4-Methyl-3-pentenyl)-3-cyclohexene-1-carbonitrile,molécula,Ozónico,Verde,con matiz,Ozónico,,FIG,media,#2db9f3,#237da9
585,52475-89-5,3-(4-Methyl-3-pentenyl)cyclohex-3-ene-1-carbaldehyde,molécula,Ozónico,Verde,claro con toque,Ozónico,,FIG,alta,#2db9f3,#237da9
586,6819-19-8,3-(4-Methylcyclohex-3-enyl)-3-butenyl acetate,molécula,Floral,Verde,ambiguo,Floral,,FIG,baja,#c475aa,#975482
587,3407-42-9,"3-(5,5,6-Trimethylbicyclo[2.2.1]hept-2-yl)cyclohexan-1-ol",molécula,Amaderado,,claro,Amaderado,givaudan:Amaderado,FIG y catálogos,alta,#923002,#944e00
588,53253-09-1,3-(cis-3-hexenyl)-2-cyclopentenone,molécula,Floral,Cítrico,con matiz,Floral,,FIG,media,#c475aa,#975482
589,142653-61-0,3-(cis-3-Hexenyloxy)propanenitrile,molécula,Verde,Floral,ambiguo,Verde,symrise:Verde,FIG y catálogos,alta,#43cd99,#4aa781
590,59191-78-5,3-(Hydroxymethyl)-2-octanone,molécula,Verde,,claro,Verde,,FIG,alta,#43cd99,#4aa781
591,67801-33-6,3-(Hydroxymethyl)nonan-2-one,molécula,Verde,,claro,Verde,,FIG,alta,#43cd99,#4aa781
592,51755-66-9,3-(Methylthio)-1-hexanol,molécula,Frutal,,claro,Frutal,,FIG,alta,#896ffb,#915fd8
593,51755-85-2,3-(Methylthio)hexyl acetate,molécula,Transformado,,suelto,Transformado,,FIG,baja,#8a8a8a,#8a8a8a
594,505-10-2,3-(Methylthio)propanol,molécula,Transformado,,suelto,Transformado,,FIG,baja,#8a8a8a,#8a8a8a
595,3268-49-3,3-(Methylthio)propionaldehyde,molécula,Transformado,Verde,suelto,Transformado,,FIG,baja,#8a8a8a,#8a8a8a
596,62518-65-4,3-(m-tert-Butylphenyl)-2-methylpropionaldehyde,molécula,Floral,,claro,Floral,,FIG,alta,#c475aa,#975482
597,67634-14-4,"3-(o-Ethylphenyl)-2,2-dimethylpropionaldehyde",molécula,Floral,Ozónico,ambiguo,Floral,,FIG,baja,#c475aa,#975482
598,130066-44-3,3(or 4)-(4-Hydroxy-4-methylpentyl)-3-cyclohexene-1-carboxaldehyde,molécula,Floral,,claro,Floral,,FIG,alta,#c475aa,#975482
599,7775-00-0,3-(p-Isopropylphenyl)propionaldehyde,molécula,Floral,,claro,Floral,pa:Floral,FIG y catálogos,alta,#c475aa,#975482
600,56107-04-1,3-(p-tert-Butylphenyl)-2-methylpropanol,molécula,Floral,,claro,Floral,,FIG,alta,#c475aa,#975482
601,76649-26-8,"3,​6-​Nonadien-​1-​ol, 1-​acetate",molécula,Verde,Floral,claro con toque,Verde,,FIG,alta,#43cd99,#4aa781
602,134769-33-8,"3,12-Tridecadienenitrile",molécula,Cítrico,,claro,Cítrico,,FIG,alta,#c3b503,#a19500
603,124071-42-7,"3,12-Tridecadienenitrile, (3E)-",molécula,Cítrico,,claro,Cítrico,,FIG,alta,#c3b503,#a19500
604,36306-87-3,"3,3,5,5-Tetramethyl-4-ethoxyvinylcyclohexanone",molécula,Amaderado,Especiado,con matiz,Amaderado,givaudan:Amaderado;pa:Amaderado,FIG y catálogos,alta,#923002,#944e00
605,67859-96-5,"3,3,5-Trimethylcyclohexyl acetate",molécula,Verde,Floral,con matiz,Verde,pa:Verde;symrise:Verde,FIG y catálogos,alta,#43cd99,#4aa781
606,67583-77-1,"3,3,5-Trimethylcyclohexyl ethyl ether",molécula,Verde,Ozónico,claro con toque,Verde,,FIG,alta,#43cd99,#4aa781
607,107898-54-4,"3,3-Dimethyl-5-(2,2,3-trimethyl-3-cyclopenten-1-yl)-4-penten-2-ol",molécula,Amaderado,Floral,claro con toque,Amaderado,pa:Amaderado,FIG y catálogos,alta,#923002,#944e00
608,72429-08-4,"3,4,4a,5,8,8a(Or 3,4,4a,7,8,8a)-Hexahydro-3,3,6,7-tetramethyl-1H-2-benzopyran",molécula,Cítrico,,claro,Cítrico,,FIG,alta,#c3b503,#a19500
609,41723-98-2,"3,4,4a,5,8,8a-Hexahydro-3',6-dimethylspiro[1,4-methanonaphtalene-2(1H),2'-oxirane]",molécula,Frutal,Verde,con matiz,Frutal,,FIG,media,#896ffb,#915fd8
610,41816-03-9,"3,4,4a,5,8,8a-Hexahydro-3',7-dimethylspiro[1,4-methanonaphthalene-2(1H),2'-oxirane]",molécula,Frutal,Amaderado,con matiz,Frutal,pa:Frutal,FIG y catálogos,alta,#896ffb,#915fd8
611,86115-11-9,"3,4,5,6,6-Pentamethylhept-3-en-2-one",molécula,Amaderado,Floral,con matiz,Amaderado,,FIG,media,#923002,#944e00
612,87118-95-4,"3,4,5,6,6-Pentamethylheptan-2-ol",molécula,Amaderado,Especiado,con matiz,Amaderado,pa:Amaderado,FIG y catálogos,alta,#923002,#944e00
613,13494-06-9,"3,4-Dimethyl-1,2-cyclopentadione",molécula,Frutal,Especiado,claro con toque,Frutal,,FIG,alta,#896ffb,#915fd8
614,632-15-5,"3,4-Dimethylthiophene",molécula,Transformado,Frutal,suelto,Transformado,,FIG,baja,#8a8a8a,#8a8a8a
615,4437-51-8,"3,4-Hexanedione",molécula,Frutal,,claro,Frutal,,FIG,alta,#896ffb,#915fd8
616,95-65-8,"3,4-Xylenol",molécula,Amaderado,Frutal,con matiz,Amaderado,,FIG,media,#923002,#944e00
617,3452-97-9,"3,5,5-Trimethyl-1-hexanol",molécula,Verde,Floral,claro con toque,Verde,,FIG,alta,#43cd99,#4aa781
618,116-02-9,"3,5,5-Trimethylcyclohexanol",molécula,Verde,Amaderado,claro con toque,Verde,,FIG,alta,#43cd99,#4aa781
619,5435-64-3,"3,5,5-Trimethylhexanal",molécula,Verde,Floral,con matiz,Verde,,FIG,media,#43cd99,#4aa781
620,58430-94-7,"3,5,5-Trimethylhexyl acetate",molécula,Cítrico,Verde,ambiguo,Cítrico,symrise:Cítrico,FIG y catálogos,alta,#c3b503,#a19500
621,81787-06-6,"3,5,6,6-Tetramethyl-4-methyleneheptan-2-ol",molécula,Amaderado,Especiado,con matiz,Amaderado,,FIG,media,#923002,#944e00
622,81786-75-6,"3,5,6,6-Tetramethyl-4-methyleneheptan-2-one",molécula,Amaderado,Floral,con matiz,Amaderado,,FIG,media,#923002,#944e00
623,65416-17-3,"3,5-Diethyl-2,6-dimethylcyclohex-2-en-1-one",molécula,Verde,Amaderado,claro con toque,Verde,,FIG,alta,#43cd99,#4aa781
624,4179-19-5,"3,5-Dimethoxytoluene",molécula,Amaderado,Frutal,con matiz,Amaderado,,FIG,media,#923002,#944e00
625,13494-07-0,"3,5-Dimethyl-1,2-cyclopentadione",molécula,Frutal,Amaderado,claro con toque,Frutal,,FIG,alta,#896ffb,#915fd8
626,68039-48-5,"3,5-Dimethylcyclohex-3-ene-1-carbaldehyde",molécula,Verde,Cítrico,claro con toque,Verde,,FIG,alta,#43cd99,#4aa781
627,67634-25-7,"3,5-Dimethylcyclohex-3-ene-1-methyl acetate",molécula,Frutal,Cítrico,ambiguo,Frutal,,FIG,baja,#896ffb,#915fd8
628,67634-16-6,"3,5-Dimethylcyclohexene-1-methanol",molécula,Floral,Verde,ambiguo,Floral,,FIG,baja,#c475aa,#975482
629,68213-86-5,"3,5-Dimethylcyclohexylmethyl acetate",molécula,Floral,Verde,con matiz,Floral,,FIG,media,#c475aa,#975482
630,108-68-9,"3,5-Dimethylphenol",molécula,Transformado,Frutal,suelto,Transformado,,FIG,baja,#8a8a8a,#8a8a8a
631,68039-40-7,"3,6-Dihydro-2,4-dimethyl-6-phenyl-2H-pyran",molécula,Floral,,claro,Floral,,FIG,alta,#c475aa,#975482
632,68039-41-8,"3,6-Dihydro-4,6-dimethyl-2-phenyl-2H-pyran",molécula,Verde,,claro,Verde,,FIG,alta,#43cd99,#4aa781
633,60335-71-9,"3,6-Dihydro-4-methyl-2-phenyl-2H-pyran",molécula,Floral,Verde,ambiguo,Verde,givaudan:Floral;pa:Floral,catálogos,alta,#c475aa,#975482
634,67801-65-4,"3,6-Dimethyl-3-cyclohexene-1-carboxaldehyde",molécula,Verde,Cítrico,claro con toque,Verde,,FIG,alta,#43cd99,#4aa781
635,60763-42-0,"3,6-Dimethyl-3-octanyl acetate",molécula,Floral,Frutal,claro con toque,Floral,,FIG,alta,#c475aa,#975482
636,76649-25-7,"3,6-Nonadien-1-ol",molécula,Verde,Floral,claro con toque,Verde,,FIG,alta,#43cd99,#4aa781
637,6753-98-6,"3,7,10-Humulatriene",molécula,Amaderado,Especiado,con matiz,Amaderado,,FIG,media,#923002,#944e00
638,13877-91-3,"3,7-Dimethyl-1,3,6-octatriene",molécula,Verde,Ozónico,con matiz,Verde,,FIG,media,#43cd99,#4aa781
639,10339-55-6,"3,7-Dimethyl-1,6-nonadien-3-ol (Ethyllinalool)",molécula,Floral,Verde,claro con toque,Floral,givaudan:Floral;pa:Floral,FIG y catálogos,alta,#c475aa,#975482
640,61931-80-4,"3,7-Dimethyl-1,6-nonadien-3-yl acetate",molécula,Cítrico,Floral,con matiz,Floral,pa:Cítrico,catálogos,media,#c3b503,#a19500
641,106-21-8,"3,7-Dimethyl-1-octanol",molécula,Floral,Cítrico,claro con toque,Floral,,FIG,alta,#c475aa,#975482
642,20780-49-8,"3,7-Dimethyl-1-octanyl acetate",molécula,Frutal,Floral,claro con toque,Frutal,,FIG,alta,#896ffb,#915fd8
643,61792-11-8,"3,7-Dimethyl-2,6-nonadienenitrile",molécula,Cítrico,Verde,claro con toque,Cítrico,givaudan:Cítrico;pa:Cítrico,FIG y catálogos,alta,#c3b503,#a19500
644,624-15-7,"3,7-Dimethyl-2,6-octadien-1-ol",molécula,Floral,,claro,Floral,,FIG,alta,#c475aa,#975482
645,22418-66-2,"3,7-Dimethyl-2-methylenocta-6-enal",molécula,Cítrico,Floral,claro con toque,Cítrico,pa:Cítrico,FIG y catálogos,alta,#c3b503,#a19500
646,55722-59-3,"3,7-Dimethyl-3,6-octadienal",molécula,Cítrico,Floral,claro con toque,Cítrico,,FIG,alta,#c3b503,#a19500
647,18479-54-4,"3,7-Dimethyl-4,6-octadien-3-ol",molécula,Floral,,claro,Floral,,FIG,alta,#c475aa,#975482
648,502-47-6,"3,7-Dimethyl-6-octenoic acid",molécula,Verde,Floral,claro con toque,Verde,,FIG,alta,#43cd99,#4aa781
649,41890-92-0,"3,7-Dimethyl-7-methoxyoctan-2-ol",molécula,Amaderado,,claro,Amaderado,pa:Amaderado,FIG y catálogos,alta,#923002,#944e00
650,18479-49-7,"3,7-Dimethyloct-1-en-3-ol",molécula,Verde,Floral,con matiz,Verde,,FIG,media,#43cd99,#4aa781
651,18479-51-1,"3,7-Dimethyloct-6-en-3-ol",molécula,Floral,Cítrico,con matiz,Floral,,FIG,media,#c475aa,#975482
652,67601-05-2,"3,7-Dimethyloct-6-enyl acetate",molécula,Cítrico,Frutal,con matiz,Cítrico,,FIG,media,#c3b503,#a19500
653,141-25-3,"3,7-Dimethyloct-7-en-1-ol",molécula,Floral,,claro,Floral,,FIG,alta,#c475aa,#975482
654,22460-95-3,"3,7-Dimethyloct-7-ene-1,6-diol",molécula,Floral,,claro,Floral,,FIG,alta,#c475aa,#975482
655,40188-41-8,"3,7-Dimethyloctanenitrile",molécula,Cítrico,Ozónico,claro con toque,Cítrico,,FIG,alta,#c3b503,#a19500
656,22810-10-2,"3,7-Dimethyloctyl ethyl ether",molécula,Floral,Cítrico,claro con toque,Floral,,FIG,alta,#c475aa,#975482
657,831213-72-0,"3,9-Dimethyl-6-(1-methylethyl)-1,4-dioxaspiro[4.5]decan-2-one",molécula,Verde,,claro,Verde,,FIG,alta,#43cd99,#4aa781
658,1315250-65-7,3-[cis-4-(2-methylpropyl)cyclohexyl]propanal,molécula,Floral,Ozónico,claro con toque,Floral,,FIG,alta,#c475aa,#975482
659,1315250-67-9,3-[trans-4-(2-methylpropyl)cyclohexyl]propanal,molécula,Floral,Ozónico,claro con toque,Floral,,FIG,alta,#c475aa,#975482
660,7158-25-0,"3a,4,4a,5,8,8a,9,9a-Octahydro-4,9:5,8-dimethano-1H-benz[f]indene",molécula,Amaderado,Especiado,con matiz,Amaderado,,FIG,media,#923002,#944e00
661,94248-21-2,"3a,4,5,6,7,7a-Hexahydro-2,6(or 3,6)-dimethyl-4,7-methano-1H-inden-5-ol",sin estructura,Verde,,claro,Verde,,FIG,alta,#43cd99,#4aa781
662,67634-20-2,"3a,4,5,6,7,7a-Hexahydro-4,7-methano-1H-inden-5-yl isobutyrate",molécula,Frutal,,claro,Frutal,,FIG,alta,#896ffb,#915fd8
663,68039-45-2,"3a,4,5,6,7,7a-Hexahydro-4,7-methano-1H-inden-5-yl pivalate",molécula,Verde,Floral,con matiz,Verde,,FIG,media,#43cd99,#4aa781
664,68039-39-4,"3a,4,5,6,7,7a-Hexahydro-4,7-methano-1H-inden-6-yl isobutyrate",molécula,Frutal,,claro,Frutal,,FIG,alta,#896ffb,#915fd8
665,68039-44-1,"3a,4,5,6,7,7a-Hexahydro-4,7-methano-1H-inden-6-yl pivalate",molécula,Frutal,,claro,Frutal,,FIG,alta,#896ffb,#915fd8
666,68912-13-0,"3a,4,5,6,7,7a-Hexahydro-4,7-methano-1H-indenyl propionate (mixture of isomers)",molécula,Frutal,Floral,con matiz,Frutal,,FIG,media,#896ffb,#915fd8
667,53018-24-9,"3a,4,5,6,7,7a-Hexahydro-5-methoxy-4,7-methano-1H-indene",molécula,Verde,,claro,Verde,,FIG,alta,#43cd99,#4aa781
668,27135-90-6,"3a,4,5,6,7,7a-Hexahydromethoxy-4,7-methano-1H-indene (isomer unspecified)",molécula,Verde,Floral,ambiguo,Verde,,FIG,baja,#43cd99,#4aa781
669,58096-47-2,"3a,7-Methano-3aH-cyclopentacycloocten-3-ol, decahydro-1,1,7-trimethyl-, formate",molécula,Amaderado,,claro,Amaderado,,FIG,alta,#923002,#944e00
670,10599-70-9,"3-Acetyl-2,5-dimethylfuran",molécula,Frutal,,claro,Frutal,,FIG,alta,#896ffb,#915fd8
671,136954-25-1,3-Acetylmercaptohexyl acetate,molécula,Frutal,Transformado,con matiz,Frutal,,FIG,media,#896ffb,#915fd8
672,350-03-8,3-Acetylpyridine,molécula,Transformado,Frutal,suelto,Transformado,,FIG,baja,#8a8a8a,#8a8a8a
673,60466-73-1,3-Benzyltetrahydropyran,molécula,Cítrico,Verde,ambiguo,Cítrico,,FIG,baja,#c3b503,#a19500
674,54992-90-4,"3-Buten-2-one, 4-(2,2,3,6-tetramethylcyclohexyl)-",molécula,Amaderado,Floral,con matiz,Amaderado,,FIG,media,#923002,#944e00
675,54992-91-5,"3-Buten-2-one, 4-[2,5,6,6-tetramethyl-1(or 2)-cyclohexen-1-yl]-",molécula,Floral,Amaderado,claro con toque,Floral,,FIG,alta,#c475aa,#975482
676,551-08-6,3-Butylidenephthalide,molécula,Verde,,claro,Verde,,FIG,alta,#43cd99,#4aa781
677,66848-40-6,"3-Cyclohexene-1-carbonitrile, 3,5(2,4)-dimethyl-",molécula,Amaderado,Verde,claro con toque,Amaderado,,FIG,alta,#923002,#944e00
678,21690-43-7,"3-Cyclohexene-1-carbonitrile, 4-(4-methyl-3-pentenyl)-",molécula,Ozónico,Cítrico,claro con toque,Ozónico,,FIG,alta,#2db9f3,#237da9
679,815580-59-7,"3-Cyclohexene-1-carboxylic acid, 2,6,6-trimethyl-, methyl ester",molécula,Floral,Frutal,claro con toque,Floral,pa:Floral,FIG y catálogos,alta,#c475aa,#975482
680,426218-78-2,"3-Cyclohexene-1-methanol, 3(or 4)-methyl-1-(2,2,3-trimethyl-3-cyclopenten-1-yl)-,",sin estructura,Frutal,,claro,Frutal,,FIG,alta,#896ffb,#915fd8
681,166432-53-7,"3-Cyclopentene-1-butanal, alpha,2,2,3-tetramethyl-.gamma.-methylene",molécula,Amaderado,,claro,Amaderado,,FIG,alta,#923002,#944e00
682,10519-33-2,3-Decen-2-one,molécula,Verde,Frutal,claro con toque,Verde,,FIG,alta,#43cd99,#4aa781
683,68083-57-8,3-Dodecenal,molécula,Cítrico,,claro,Cítrico,,FIG,alta,#c3b503,#a19500
684,13360-65-1,"3-Ethyl-2,5-dimethylpyrazine",molécula,Transformado,Frutal,suelto,Transformado,,FIG,baja,#8a8a8a,#8a8a8a
685,13925-07-0,"3-Ethyl-2,6-dimethylpyrazine",molécula,Transformado,Frutal,suelto,Transformado,,FIG,baja,#8a8a8a,#8a8a8a
686,21835-01-8,3-Ethyl-2-hydroxy-2-cyclopenten-1-one,molécula,Frutal,,claro,Frutal,,FIG,alta,#896ffb,#915fd8
687,54491-17-7,3-Ethylhexahydro-2(3H)-benzofuranone,molécula,Amaderado,Verde,con matiz,Amaderado,,FIG,media,#923002,#944e00
688,620-17-7,3-Ethylphenol,molécula,Transformado,Frutal,suelto,Transformado,,FIG,baja,#8a8a8a,#8a8a8a
689,536-78-7,3-Ethylpyridine,molécula,Verde,Animal,con matiz,Verde,,FIG,media,#43cd99,#4aa781
690,106-35-4,3-Heptanone,molécula,Frutal,Verde,con matiz,Frutal,,FIG,media,#896ffb,#915fd8
691,589-38-8,3-Hexanone,molécula,Frutal,,claro,Frutal,,FIG,alta,#896ffb,#915fd8
692,86460-54-0,"3-Hexanone, 2-methyl-, oxime",molécula,Verde,Frutal,ambiguo,Verde,,FIG,baja,#43cd99,#4aa781
693,851768-51-9,"3-Hexanone, 5-mercapto-5-methyl-",molécula,Frutal,,claro,Frutal,,FIG,alta,#896ffb,#915fd8
694,544-12-7,3-Hexen-1-ol (isomer unspecified),molécula,Verde,Floral,claro con toque,Verde,,FIG,alta,#43cd99,#4aa781
695,4440-65-7,3-Hexenal,molécula,Verde,Frutal,con matiz,Verde,,FIG,media,#43cd99,#4aa781
696,888744-18-1,"3-Hexene, 1-(2-buten-1-yloxy)-, (3Z)-",molécula,Verde,Floral,claro con toque,Verde,,FIG,alta,#43cd99,#4aa781
697,292605-05-1,"3-Hexene, 1-[(2-methyl-2-propenyl)oxy]- (3Z)-",molécula,Verde,Floral,claro con toque,Verde,,FIG,alta,#43cd99,#4aa781
698,10094-41-4,3-Hexenyl 2-methylbutanoate,molécula,Frutal,Verde,claro con toque,Frutal,,FIG,alta,#896ffb,#915fd8
699,68133-76-6,3-Hexenyl 2-oxopropionate,molécula,Verde,Frutal,claro con toque,Verde,,FIG,alta,#43cd99,#4aa781
700,42436-07-7,3-Hexenyl phenylacetate,molécula,Verde,Floral,ambiguo,Verde,,FIG,baja,#43cd99,#4aa781
701,18436-37-8,3-Hexyldihydrofuran-2(3H)-one,molécula,Frutal,Floral,con matiz,Frutal,,FIG,media,#896ffb,#915fd8
702,67633-97-0,3-Mercapto-2-pentanone,molécula,Transformado,Verde,suelto,Transformado,,FIG,baja,#8a8a8a,#8a8a8a
703,34300-94-2,3-Mercapto-3-methyl-1-butanol,molécula,Transformado,Frutal,suelto,Transformado,,FIG,baja,#8a8a8a,#8a8a8a
704,75832-79-0,3-Mercapto-4-methyl-2-pentanone,molécula,Frutal,,claro,Frutal,,FIG,alta,#896ffb,#915fd8
705,51755-83-0,3-Mercaptohexanol,molécula,Frutal,Cítrico,claro con toque,Frutal,,FIG,alta,#896ffb,#915fd8
706,136954-20-6,3-Mercaptohexyl acetate,molécula,Frutal,Floral,claro con toque,Frutal,,FIG,alta,#896ffb,#915fd8
707,3209-13-0,3-Methoxy-5-cresol,molécula,Amaderado,Verde,claro con toque,Amaderado,pa:Amaderado,FIG y catálogos,alta,#923002,#944e00
708,541-91-3,3-Methyl-1-cyclopentadecanone,molécula,Animal,Floral,con matiz,Animal,pa:Animal,FIG y catálogos,alta,#d22c50,#ca224a
709,1128-08-1,3-Methyl-2-(n-pentanyl)-2-cyclopenten-1-one,molécula,Floral,Especiado,claro con toque,Floral,,FIG,alta,#c475aa,#975482
710,68922-13-4,3-Methyl-2-(pentyloxy)cyclopent-2-en-1-one,molécula,Floral,Verde,claro con toque,Floral,,FIG,alta,#c475aa,#975482
711,113486-29-6,"3-Methyl-2,4-nonedione",molécula,Frutal,Amaderado,claro con toque,Frutal,,FIG,alta,#896ffb,#915fd8
712,556-82-1,3-Methyl-2-buten-1-ol,molécula,Verde,Frutal,con matiz,Verde,,FIG,media,#43cd99,#4aa781
713,107-86-8,3-Methyl-2-butenal,molécula,Ozónico,Frutal,ambiguo,Ozónico,,FIG,baja,#2db9f3,#237da9
714,1191-16-8,3-Methyl-2-butenyl acetate,molécula,Frutal,Verde,claro con toque,Frutal,pa:Frutal;symrise:Floral,"FIG, catálogo en contra",baja,#896ffb,#915fd8
715,5205-11-8,3-Methyl-2-butenyl benzoate,molécula,Floral,Frutal,con matiz,Floral,,FIG,media,#c475aa,#975482
716,68555-58-8,3-Methyl-2-butenyl salicylate,molécula,Floral,Verde,ambiguo,Floral,symrise:Floral,FIG y catálogos,alta,#c475aa,#975482
717,1193-18-6,3-Methyl-2-cyclohexen-1-one,molécula,Frutal,,claro,Frutal,,FIG,alta,#896ffb,#915fd8
718,13074-63-0,3-Methyl-2-pentylcyclopentan-1-one,molécula,Floral,Frutal,con matiz,Floral,,FIG,media,#c475aa,#975482
719,5205-07-2,3-Methyl-3-butenyl acetate,molécula,Frutal,,claro,Frutal,,FIG,alta,#896ffb,#915fd8
720,67801-29-0,"3-Methyl-4-(2,4,6-trimethyl-3-cyclohexen-1-yl)-3-buten-2-one",molécula,Verde,,claro,Verde,,FIG,alta,#43cd99,#4aa781
721,65113-95-3,"3-Methyl-5-(2,2,3-trimethyl-3-cyclopenten-1-yl)pent-3-en-2-one",molécula,Amaderado,Floral,ambiguo,Amaderado,,FIG,baja,#923002,#944e00
722,67801-20-1,"3-Methyl-5-(2,2,3-trimethyl-3-cyclopenten-1-yl)pent-4-en-2-ol",molécula,Amaderado,Frutal,claro con toque,Amaderado,givaudan:Amaderado;pa:Amaderado,FIG y catálogos,alta,#923002,#944e00
723,63314-79-4,3-Methyl-5-cyclopentadecen-1-one,molécula,Animal,Floral,ambiguo,Animal,,FIG,baja,#d22c50,#ca224a
724,93893-89-1,3-Methyl-5-phenylpent-2-enenitrile,molécula,Cítrico,Floral,con matiz,Cítrico,symrise:Cítrico,FIG y catálogos,alta,#c3b503,#a19500
725,54089-83-7,3-Methyl-5-phenylpentanenitrile,molécula,Cítrico,Floral,con matiz,Cítrico,symrise:Cítrico,FIG y catálogos,alta,#c3b503,#a19500
726,55066-48-3,3-Methyl-5-phenylpentanol,molécula,Floral,Verde,claro con toque,Floral,pa:Floral;symrise:Floral,FIG y catálogos,alta,#c475aa,#975482
727,3720-16-9,3-Methyl-5-propyl-2-cyclohexen-1-one,molécula,Verde,Especiado,con matiz,Verde,givaudan:Verde,FIG y catálogos,alta,#43cd99,#4aa781
728,3842-03-3,3-Methylbutanal diethyl acetal,molécula,Frutal,,claro,Frutal,,FIG,alta,#896ffb,#915fd8
729,19329-89-6,3-Methylbutyl 2-hydroxypropionate,molécula,Frutal,,claro,Frutal,,FIG,alta,#896ffb,#915fd8
730,10482-55-0,3-Methylbutyl 2-methyl-2-butenoate,molécula,Floral,Verde,con matiz,Floral,,FIG,media,#c475aa,#975482
731,27625-35-0,3-Methylbutyl 2-methylbutanoate,molécula,Frutal,Cítrico,claro con toque,Frutal,,FIG,alta,#896ffb,#915fd8
732,2050-01-3,3-Methylbutyl 2-methylpropanoate,molécula,Frutal,,claro,Frutal,,FIG,alta,#896ffb,#915fd8
733,2050-09-1,3-Methylbutyl valerate,molécula,Frutal,Verde,con matiz,Frutal,,FIG,media,#896ffb,#915fd8
734,590-86-3,3-Methylbutyraldehyde,molécula,Ozónico,Frutal,ambiguo,Ozónico,,FIG,baja,#2db9f3,#237da9
735,541-47-9,3-Methylcrotonic acid,molécula,Verde,Amaderado,con matiz,Verde,,FIG,media,#43cd99,#4aa781
736,82356-51-2,3-Methylcyclopentadecenone,molécula,Floral,Animal,claro con toque,Floral,,FIG,alta,#c475aa,#975482
737,765-70-8,"3-Methylcyclopentane-1,2-dione",molécula,Frutal,Especiado,con matiz,Frutal,,FIG,media,#896ffb,#915fd8
738,85351-07-1,3-Methyldodecanonitrile,molécula,Cítrico,Ozónico,claro con toque,Cítrico,,FIG,alta,#c3b503,#a19500
739,105-43-1,3-Methylpentanoic acid,molécula,Transformado,,suelto,Transformado,,FIG,baja,#8a8a8a,#8a8a8a
740,53082-58-9,3-Methylpentyl 2-methylisocrotonate,molécula,Amaderado,Floral,con matiz,Amaderado,,FIG,media,#923002,#944e00
741,624-51-1,3-Nonanol,molécula,Verde,,claro,Verde,,FIG,alta,#43cd99,#4aa781
742,925-78-0,3-Nonanone,molécula,Frutal,Floral,con matiz,Frutal,,FIG,media,#896ffb,#915fd8
743,14309-57-0,3-Nonen-2-one,molécula,Frutal,Especiado,claro con toque,Frutal,,FIG,alta,#896ffb,#915fd8
744,589-98-0,3-Octanol,molécula,Amaderado,,claro,Amaderado,,FIG,alta,#923002,#944e00
745,106-68-3,3-Octanone,molécula,Verde,Frutal,con matiz,Verde,,FIG,media,#43cd99,#4aa781
746,1669-44-9,3-Octen-2-one,molécula,Amaderado,,claro,Amaderado,,FIG,alta,#923002,#944e00
747,4864-61-3,3-Octyl acetate,molécula,Frutal,Cítrico,con matiz,Frutal,,FIG,media,#896ffb,#915fd8
748,40785-62-4,3-Oxabicyclo[10.3.0]pentadec-6-ene,molécula,Animal,Amaderado,con matiz,Animal,,FIG,media,#d22c50,#ca224a
749,68611-23-4,"3-Pentanone, 1-(2,6,6-trimethyl-2-cyclohexen-1-yl)-, reaction products with 2-propyn-1-",molécula,Especiado,Animal,con matiz,Animal,pa:Especiado,catálogos,media,#d86f0d,#bb704e
750,122-97-4,3-Phenyl-1-propanol,molécula,Floral,Especiado,con matiz,Floral,symrise:Floral,FIG y catálogos,alta,#c475aa,#975482
751,7306-12-9,3-Phenyl-3-buten-1-yl acetate,molécula,Especiado,Floral,con matiz,Especiado,,FIG,media,#d86f0d,#bb704e
752,16251-77-7,3-Phenylbutanal,molécula,Verde,,claro,Verde,pa:Verde,FIG y catálogos,alta,#43cd99,#4aa781
753,104-53-0,3-Phenylpropionaldehyde,molécula,Verde,Frutal,con matiz,Verde,,FIG,media,#43cd99,#4aa781
754,501-52-0,3-Phenylpropionic acid,molécula,Floral,Especiado,claro con toque,Floral,,FIG,alta,#c475aa,#975482
755,122-72-5,3-Phenylpropyl acetate,molécula,Especiado,,claro,Especiado,,FIG,alta,#d86f0d,#bb704e
756,122-68-9,3-Phenylpropyl cinnamate,molécula,Especiado,Frutal,claro con toque,Especiado,,FIG,alta,#d86f0d,#bb704e
757,103-58-2,3-Phenylpropyl isobutyrate,molécula,Frutal,Especiado,claro con toque,Frutal,,FIG,alta,#896ffb,#915fd8
758,39067-39-5,3-Propylbicyclo[2.2.1]hept-5-ene-2-carboxaldehyde,molécula,Verde,Ozónico,con matiz,Verde,,FIG,media,#43cd99,#4aa781
759,17369-59-4,3-Propylidenephthalide,molécula,Verde,,claro,Verde,,FIG,alta,#43cd99,#4aa781
760,31846-06-7,3-tert-Butylcyclohexyl acetate,molécula,Frutal,Amaderado,claro con toque,Frutal,,FIG,alta,#896ffb,#915fd8
761,23267-57-4,"4-(1,2-Epoxy-2,6,6-trimethylcyclohexyl)-3-buten-2-one",molécula,Floral,,claro,Floral,pa:Amaderado,"FIG, catálogo en contra",baja,#c475aa,#975482
762,66072-32-0,"4-(1,7,7-Trimethylbicyclo[2.2.1]hept-2-yl)-cyclohexanol",molécula,Amaderado,Especiado,claro con toque,Amaderado,,FIG,alta,#923002,#944e00
763,14576-08-0,4-(1-Methoxy-1-methylethyl)-1-methylcyclohexene,molécula,Cítrico,Floral,claro con toque,Floral,pa:Cítrico,catálogos,media,#c3b503,#a19500
764,67801-38-1,"4-(2,4,6-Trimethyl-3-cyclohexen-1-yl)-3-buten-2-one",molécula,Floral,Amaderado,claro con toque,Floral,,FIG,alta,#c475aa,#975482
765,65405-84-7,"4-(2,6,6-Trimethyl-2-cyclohexen)-2-methylbutanal",molécula,Floral,Amaderado,con matiz,Amaderado,givaudan:Floral,catálogos,media,#c475aa,#975482
766,60241-53-4,"4-(2,6,6-Trimethylcyclohexyl)-3-methylbutan-2-ol",molécula,Amaderado,Floral,con matiz,Amaderado,,FIG,media,#923002,#944e00
767,13215-88-8,"4-(2-Butenylidene)-3,5,5-trimethylcyclohex-2-en-1-one",molécula,Amaderado,Frutal,claro con toque,Amaderado,symrise:Especiado,"FIG, catálogo en contra",baja,#923002,#944e00
768,55418-52-5,"4-(3,4-Methylenedioxyphenyl)-2-butanone",molécula,Frutal,,claro,Frutal,,FIG,alta,#896ffb,#915fd8
769,2057-49-0,4-(3-Phenylpropyl)pyridine,molécula,Especiado,Verde,claro con toque,Especiado,,FIG,alta,#d86f0d,#bb704e
770,38462-23-6,"4-(4,8-Dimethylnona-3,7-dienyl)pyridine",molécula,Ozónico,,claro,Ozónico,pa:Ozónico,FIG y catálogos,alta,#2db9f3,#237da9
771,67634-03-1,4-(Isopropyl)-.beta.-methylcyclohexanethanol,molécula,Floral,,claro,Floral,,FIG,alta,#c475aa,#975482
772,63449-95-6,4-(Isopropyl)cyclohexyl propionate,molécula,Verde,Frutal,claro con toque,Verde,,FIG,alta,#43cd99,#4aa781
773,23550-40-5,4-(Methylthio)-4-methyl-2-pentanone,molécula,Frutal,Verde,claro con toque,Frutal,,FIG,alta,#896ffb,#915fd8
774,5471-51-2,4-(p-Hydroxyphenyl)-2-butanone,molécula,Frutal,Floral,con matiz,Frutal,,FIG,media,#896ffb,#915fd8
775,104-20-1,4-(p-Methoxyphenyl)-2-butanone,molécula,Frutal,,claro,Frutal,pa:Frutal;symrise:Frutal,FIG y catálogos,alta,#896ffb,#915fd8
776,934534-30-2,"4,​7-​Decadienal",molécula,Cítrico,Ozónico,con matiz,Cítrico,,FIG,media,#c3b503,#a19500
777,1338815-87-4,"4,​7-​Methano-​1H-​indene-​5-​carboxaldehyde, octahydro-​6-​methyl-",molécula,Floral,Verde,claro con toque,Floral,,FIG,alta,#c475aa,#975482
778,129520-41-8,"4,​7-​Methano-​3aH-​indene-​3a-​carboxylic acid, octahydro-​, ethyl ester",molécula,Frutal,Cítrico,con matiz,Frutal,,FIG,media,#896ffb,#915fd8
779,1958027-35-4,"4,​8-​Decadienal, (4Z,​8Z)​-",molécula,Ozónico,Cítrico,con matiz,Ozónico,,FIG,media,#2db9f3,#237da9
780,1882830-62-7,"4,​8-​Undecadienal, (4Z,​8Z)​-",sin estructura,Ozónico,Especiado,con matiz,Ozónico,,FIG,media,#2db9f3,#237da9
781,1882830-61-6,"4,​8-​Undecadienenitrile, (4Z,​8Z)​-",sin estructura,Ozónico,Cítrico,claro con toque,Ozónico,,FIG,alta,#2db9f3,#237da9
782,1801275-28-4,"4,​9-​Dodecadienal, (4Z,​9Z)​-",molécula,Ozónico,Cítrico,con matiz,Ozónico,,FIG,media,#2db9f3,#237da9
783,1882830-66-1,"4,​9-​Dodecadienenitrile, (4Z,​9Z)​-",sin estructura,Ozónico,Cítrico,claro con toque,Ozónico,,FIG,alta,#2db9f3,#237da9
784,58096-46-1,"4,4,8-Trimethyltricyclo[6.3.1.02,5]dodecan-1-yl formate",molécula,Amaderado,Especiado,ambiguo,Amaderado,,FIG,baja,#923002,#944e00
785,18096-62-3,"4,4a,5,9b-Tetrahydroindeno[1,2-d]-1,3-dioxine",molécula,Animal,Amaderado,con matiz,Floral,pa:Animal;symrise:Animal,catálogos,alta,#d22c50,#ca224a
786,51519-65-4,"4,4a,6,7,8,8a-Hexahydro-1,4-methanonaphthalen-5(1H)-one",molécula,Verde,,claro,Verde,,FIG,alta,#43cd99,#4aa781
787,494-90-6,"4,5,6,7-Tetrahydro-3,6-dimethylbenzofuran",molécula,Amaderado,Frutal,con matiz,Amaderado,,FIG,media,#923002,#944e00
788,76788-46-0,"4,5-Dimethyl-2-ethyl-3-thiazoline",molécula,Transformado,Frutal,suelto,Transformado,,FIG,baja,#8a8a8a,#8a8a8a
789,53498-32-1,"4,5-Dimethyl-2-isobutylthiazole",molécula,Floral,Verde,con matiz,Floral,,FIG,media,#c475aa,#975482
790,28664-35-9,"4,5-Dimethyl-3-hydroxy-2,5-dihydrofuran-2-one",molécula,Frutal,,claro,Frutal,pa:Frutal,FIG y catálogos,alta,#896ffb,#915fd8
791,675-09-2,"4,6-Dimethyl-2H-pyran-2-one",molécula,Frutal,Especiado,claro con toque,Frutal,,FIG,alta,#896ffb,#915fd8
792,36635-35-5,"4,6-Dimethylcyclohex-3-ene-1-carbaldehyde",molécula,Verde,Cítrico,claro con toque,Verde,,FIG,alta,#43cd99,#4aa781
793,74499-58-4,"4,7,7-Trimethyl-2-(3-methyl-2-butenyl)bicyclo[4.1.0]heptan-3-one",molécula,Floral,Verde,claro con toque,Floral,,FIG,alta,#c475aa,#975482
794,6784-08-3,"4,7,7-Trimethyl-6-thiabicyclo[3.2.1]oct-3-ene",molécula,Frutal,Cítrico,ambiguo,Frutal,,FIG,baja,#896ffb,#915fd8
795,68398-18-5,"4,7,7-Trimethyl-6-thiabicyclo[3.2.1]octane",molécula,Transformado,Cítrico,suelto,Transformado,,FIG,baja,#8a8a8a,#8a8a8a
796,2550-11-0,"4,7-Dimethyloct-6-en-3-one",molécula,Cítrico,,claro,Cítrico,pa:Cítrico,FIG y catálogos,alta,#c3b503,#a19500
797,79771-15-6,"4,7-Methano-1H-inden-5-ol, 3a,4,5,6,7,7a-hexahydrodimethyl-",molécula,Verde,,claro,Verde,,FIG,alta,#43cd99,#4aa781
798,26912-64-1,"4,7-Methano-1H-indene, 3a,4,5,6,7,7a-hexahydro- 5(or 6)-(2-propenyloxy)-",molécula,Floral,Especiado,con matiz,Floral,,FIG,media,#c475aa,#975482
799,1339119-15-1,"4,7-Methano-1H-indene-5-acetaldehyde, octahydro-",molécula,Floral,Verde,claro con toque,Floral,,FIG,alta,#c475aa,#975482
800,727414-17-7,"4,7-Methano-1H-indenecarboxaldehyde, 3a,4,5,6,7,7a-hexahydro-, reaction product",sin estructura,Amaderado,,claro,Amaderado,,FIG,alta,#923002,#944e00
801,67845-50-5,"4,8-Dimethyl-3-7-nonadien-2-ol",molécula,Floral,Cítrico,claro con toque,Floral,,FIG,alta,#c475aa,#975482
802,71077-31-1,"4,8-Dimethyl-4,9-decadienal",molécula,Floral,,claro,Floral,,FIG,alta,#c475aa,#975482
803,40596-76-7,"4,8-Dimethyl-7-nonen-2-ol",molécula,Cítrico,,claro,Cítrico,,FIG,alta,#c3b503,#a19500
804,4166-20-5,"4-Acetoxy-2,5-dimethyl-3(2H)furanone",molécula,Frutal,,claro,Frutal,,FIG,alta,#896ffb,#915fd8
805,72207-94-4,4-Acetoxy-3-ethoxybenzaldehyde,molécula,Floral,Frutal,ambiguo,Floral,,FIG,baja,#c475aa,#975482
806,18871-14-2,4-Acetoxy-3-pentyltetrahydropyran,molécula,Floral,Verde,claro con toque,Floral,givaudan:Floral,FIG y catálogos,alta,#c475aa,#975482
807,13171-00-1,"4-Acetyl-6-t-butyl-1,1-dimethylindan",molécula,Animal,Floral,con matiz,Animal,pa:Animal,FIG y catálogos,alta,#d22c50,#ca224a
808,57371-42-3,4-Allyl-2-methoxyphenyl benzyl ether,molécula,Especiado,Floral,claro con toque,Especiado,,FIG,alta,#d86f0d,#bb704e
809,501-92-8,4-Allylphenol,molécula,Verde,Especiado,claro con toque,Verde,,FIG,alta,#43cd99,#4aa781
810,562-74-3,4-Carvomenthenol,molécula,Verde,Amaderado,ambiguo,Verde,,FIG,baja,#43cd99,#4aa781
811,83926-73-2,4-Cyclohexyl-2-methyl-2-butanol,molécula,Floral,Especiado,con matiz,Floral,pa:Floral,FIG y catálogos,alta,#c475aa,#975482
812,35720-57-1,4-Cyclopentadecen-1-one,molécula,Animal,Floral,con matiz,Animal,,FIG,media,#d22c50,#ca224a
813,14595-54-1,"4-Cyclopentadecen-1-one, (Z)-",molécula,Animal,Floral,con matiz,Animal,pa:Animal,FIG y catálogos,alta,#d22c50,#ca224a
814,90411-73-7,"4-Ethyl-6-(2,6,6-trimethylyclohex-2-en-1-yl)hex-2-ene-1,4-diol, cyclized",molécula,Verde,Cítrico,claro con toque,Verde,,FIG,alta,#43cd99,#4aa781
815,4748-78-1,4-Ethylbenzaldehyde,molécula,Especiado,Frutal,ambiguo,Especiado,,FIG,baja,#d86f0d,#bb704e
816,2785-89-9,4-Ethylguaiacol,molécula,Especiado,Amaderado,ambiguo,Especiado,,FIG,baja,#d86f0d,#bb704e
817,1373821-23-8,"4H-​1,​3-​Benzodioxin, hexahydro-​4-​methyl-​2-​(phenylmethyl)​-",molécula,Floral,Verde,con matiz,Floral,,FIG,media,#c475aa,#975482
818,211299-54-6,"4H-4a,9-Methanoazuleno[5,6-d]-1,3-dioxole, octahydro-2,2,5,8,8,9a-hexamethyl-,",molécula,Especiado,Amaderado,con matiz,Amaderado,pa:Especiado;symrise:Especiado,catálogos,alta,#d86f0d,#bb704e
819,10250-45-0,"4-Heptanol, 2,6-dimethyl-,acetate",molécula,Verde,,claro,Verde,,FIG,alta,#43cd99,#4aa781
820,123-19-3,4-Heptanone,molécula,Frutal,Transformado,con matiz,Frutal,,FIG,media,#896ffb,#915fd8
821,6728-31-0,4-Heptenal,molécula,Verde,Ozónico,con matiz,Verde,,FIG,media,#43cd99,#4aa781
822,18492-65-4,4-Heptenal diethyl acetal,molécula,Verde,,claro,Verde,,FIG,alta,#43cd99,#4aa781
823,928-91-6,"4-Hexen-1-ol, (4Z)-",molécula,Verde,,claro,Verde,,FIG,alta,#43cd99,#4aa781
824,58461-27-1,"4-Hexen-1-ol, 5-methyl-2-(1-methylethenyl)-",molécula,Floral,Ozónico,con matiz,Floral,,FIG,media,#c475aa,#975482
825,498-16-8,"4-Hexen-1-ol, 5-methyl-2-(1-methylethenyl)-, (R)-",molécula,Verde,Floral,claro con toque,Verde,,FIG,alta,#43cd99,#4aa781
826,97384-47-9,"4-Hexenenitrile, 2-ethenyl-2,5-dimethyl-",molécula,Cítrico,Verde,claro con toque,Cítrico,,FIG,alta,#c3b503,#a19500
827,823178-41-2,"4H-Indeno[4,5-D]-1,3-dioxole, 3a,5,6,7,8,8b-hexahydro-2,2,6,6,7,8,8-heptamethyl-",molécula,Especiado,Amaderado,con matiz,Especiado,pa:Especiado,FIG y catálogos,alta,#d86f0d,#bb704e
828,3658-77-3,"4-Hydroxy-2,5-dimethyl-3(2H)-furanone",molécula,Frutal,,claro,Frutal,,FIG,alta,#896ffb,#915fd8
829,498-02-2,4'-Hydroxy-3'-methoxyacetophenone,molécula,Especiado,Frutal,claro con toque,Especiado,,FIG,alta,#d86f0d,#bb704e
830,39212-23-2,4-Hydroxy-3-methyloctanoic acid lactone,molécula,Amaderado,Verde,claro con toque,Amaderado,,FIG,alta,#923002,#944e00
831,591-12-8,4-Hydroxy-3-pentenoic acid lactone,molécula,Verde,Especiado,claro con toque,Verde,,FIG,alta,#43cd99,#4aa781
832,123-08-0,4-Hydroxybenzaldehyde,molécula,Amaderado,Frutal,claro con toque,Amaderado,,FIG,alta,#923002,#944e00
833,96-48-0,4-Hydroxybutanoic acid lactone,molécula,Frutal,,claro,Frutal,,FIG,alta,#896ffb,#915fd8
834,831-97-0,4-Isopropyl-.alpha.-methylcinnamaldehyde,molécula,Floral,Verde,con matiz,Floral,,FIG,media,#c475aa,#975482
835,14374-92-6,4-Isopropyl-1-methyl-2-propenylbenzene,molécula,Verde,,claro,Verde,givaudan:Verde,FIG y catálogos,alta,#43cd99,#4aa781
836,6379-73-3,4-Isopropyl-2-methoxy-1-methylbenzene,molécula,Verde,Especiado,con matiz,Verde,,FIG,media,#43cd99,#4aa781
837,3583-00-4,"4-Isopropyl-5,5-dimethyl-1,3-dioxane",molécula,Verde,,claro,Verde,,FIG,alta,#43cd99,#4aa781
838,4621-04-9,4-Isopropylcyclohexanol,molécula,Verde,Floral,ambiguo,Animal,pa:Verde,catálogos,media,#43cd99,#4aa781
839,94087-83-9,4-Methoxy-2-methyl-2-butanethiol,molécula,Frutal,Transformado,con matiz,Frutal,,FIG,media,#896ffb,#915fd8
840,5462-06-6,4-Methoxy-alpha-methylbenzenepropanal,molécula,Especiado,Verde,claro con toque,Especiado,pa:Verde;symrise:Floral,"FIG, catálogo en contra",baja,#d86f0d,#bb704e
841,2403-58-9,4-Methoxybenzaldehyde diethyl acetal,molécula,Floral,,claro,Floral,,FIG,alta,#c475aa,#975482
842,100-09-4,4-Methoxybenzoic acid,molécula,Animal,,claro,Animal,,FIG,alta,#d22c50,#ca224a
843,57094-40-3,4-Methyl-1-oxaspiro[5.5]undecan-4-ol,molécula,Verde,,claro,Verde,,FIG,alta,#43cd99,#4aa781
844,68228-06-8,4-Methyl-1-oxaspiro[5.5]undecene,molécula,Verde,,claro,Verde,,FIG,alta,#43cd99,#4aa781
845,67634-23-5,"4-Methyl-2-(1-phenylethyl)-1,3-dioxolane",molécula,Verde,,claro,Verde,,FIG,alta,#43cd99,#4aa781
846,108-10-1,4-Methyl-2-pentanone,molécula,Verde,Frutal,claro con toque,Verde,,FIG,alta,#43cd99,#4aa781
847,26643-91-4,4-Methyl-2-phenyl-2-pentenal,molécula,Frutal,,claro,Frutal,,FIG,alta,#896ffb,#915fd8
848,81782-77-6,4-Methyl-3-decen-5-ol,molécula,Verde,Floral,con matiz,Verde,pa:Verde,FIG y catálogos,alta,#43cd99,#4aa781
849,141-79-7,4-Methyl-3-penten-2-one,molécula,Verde,Amaderado,con matiz,Verde,,FIG,media,#43cd99,#4aa781
850,7403-42-1,4-Methyl-4-phenyl-2-pentanone,molécula,Amaderado,,claro,Amaderado,pa:Amaderado;symrise:Amaderado,FIG y catálogos,alta,#923002,#944e00
851,137-00-8,4-Methyl-5-thiazoleethanol,molécula,Frutal,,claro,Frutal,pa:Animal,"FIG, catálogo en contra",baja,#896ffb,#915fd8
852,1759-28-0,4-Methyl-5-vinylthiazole,molécula,Frutal,Amaderado,claro con toque,Frutal,,FIG,alta,#896ffb,#915fd8
853,122760-85-4,"4-Methyl-8-methylenetricyclo[3.3.1.(3,7)]decan-2-yl acetate",molécula,Amaderado,Especiado,con matiz,Amaderado,,FIG,media,#923002,#944e00
854,122-00-9,4'-Methylacetophenone,molécula,Floral,,claro,Floral,pa:Floral;symrise:Floral,FIG y catálogos,alta,#c475aa,#975482
855,2216-45-7,4-Methylbenzyl acetate,molécula,Floral,Verde,claro con toque,Floral,,FIG,alta,#c475aa,#975482
856,45019-28-1,4-Methylnonanoic acid,molécula,Transformado,Animal,suelto,Transformado,,FIG,baja,#8a8a8a,#8a8a8a
857,54947-74-9,4-Methyloctanoic acid,molécula,Transformado,Animal,suelto,Transformado,,FIG,baja,#8a8a8a,#8a8a8a
858,646-07-1,4-Methylpentanoic acid,molécula,Transformado,Frutal,suelto,Transformado,,FIG,baja,#8a8a8a,#8a8a8a
859,224031-71-4,"4-Penten-1-one, 1-spiro[4.5]dec-6-en-7-yl-",molécula,Verde,Frutal,claro con toque,Verde,,FIG,alta,#43cd99,#4aa781
860,224031-70-3,"4-Penten-1-one, 1-spiro[4.5]dec-7-en-7-yl-",molécula,Verde,Frutal,claro con toque,Verde,givaudan:Verde,FIG y catálogos,alta,#43cd99,#4aa781
861,20962-70-3,"4-Pentenoic acid, 2-acetyl-4-methyl-, ethyl ester",molécula,Frutal,Floral,con matiz,Frutal,,FIG,media,#896ffb,#915fd8
862,2344-70-9,4-Phenyl-2-butanol,molécula,Floral,,claro,Floral,,FIG,alta,#c475aa,#975482
863,17488-65-2,4-Phenyl-3-buten-2-ol,molécula,Especiado,Floral,con matiz,Especiado,,FIG,media,#d86f0d,#bb704e
864,16587-71-6,4-t-Amylcyclohexanone,molécula,Amaderado,Floral,con matiz,Amaderado,,FIG,media,#923002,#944e00
865,2040-10-0,"4'-tert-Butyl-2',6'-dimethylacetophenone",molécula,Amaderado,Floral,con matiz,Amaderado,pa:Amaderado,FIG y catálogos,alta,#923002,#944e00
866,98-52-2,4-tert-Butylcyclohexanol,molécula,Amaderado,Verde,con matiz,Amaderado,,FIG,media,#923002,#944e00
867,32210-23-4,4-tert-Butylcyclohexyl acetate,molécula,Amaderado,Frutal,claro con toque,Frutal,pa:Amaderado,catálogos,media,#923002,#944e00
868,546-79-2,4-Thujanol,molécula,Verde,,claro,Verde,,FIG,alta,#43cd99,#4aa781
869,30168-23-1,4-Tricyclodecylidene butanal,molécula,Floral,Ozónico,claro con toque,Floral,pa:Floral,FIG y catálogos,alta,#c475aa,#975482
870,72881-27-7,5- and 6-Decenoic acid,molécula,Frutal,,claro,Frutal,,FIG,alta,#896ffb,#915fd8
871,65113-99-7,"5-(2,2,3-Trimethyl-3-cyclopentenyl)-3-methylpentan-2-ol",molécula,Amaderado,Especiado,claro con toque,Amaderado,givaudan:Amaderado;pa:Amaderado,FIG y catálogos,alta,#923002,#944e00
872,70851-61-5,5-(cis-3-Hexenyl)dihydro-5-methyl-2(3H)furanone,molécula,Frutal,,claro,Frutal,,FIG,alta,#896ffb,#915fd8
873,67633-92-5,"5-(Diethoxymethyl)-3a,4,5,6,7,7a-hexahydro-4,7-methano-1H-indene",molécula,Especiado,Frutal,con matiz,Especiado,,FIG,media,#d86f0d,#bb704e
874,68259-31-4,5(Or 6)-Methyl-7(or 8)-(1-methylethyl)bicyclo[2.2.2]oct-5-ene-2-carbaldehyde,molécula,Verde,Ozónico,con matiz,Verde,,FIG,media,#43cd99,#4aa781
875,85700-02-3,"5,​8-​Methano-​2H-​1-​benzopyran, 6-​ethylideneoctahydro-​, (4aα,​5β,​6E,​8β,​8aα)​-",molécula,Frutal,Verde,con matiz,Frutal,,FIG,media,#896ffb,#915fd8
876,34413-35-9,"5,6,7,8-Tetrahydroquinoxaline",molécula,Transformado,Frutal,suelto,Transformado,,FIG,baja,#8a8a8a,#8a8a8a
877,358331-95-0,"5,6,7-Trimethylocta-2,5-dien-4-one",sin estructura,Frutal,,claro,Frutal,,FIG,alta,#896ffb,#915fd8
878,36267-71-7,"5,7-Dihydro-2-methylthieno(3,4-d)pyrimidine",molécula,Transformado,Frutal,suelto,Transformado,,FIG,baja,#8a8a8a,#8a8a8a
879,943723-15-7,"5,8-Methano-2H-1-benzopyran, 6(or 7)-ethylideneoctahydro-, [4aR,5S,8S,8aS(or",sin estructura,Frutal,Verde,con matiz,Frutal,,FIG,media,#896ffb,#915fd8
880,85633-08-5,"5,8-Methano-2H-1-benzopyran, 6-ethylideneoctahydro-,",molécula,Frutal,Verde,con matiz,Frutal,,FIG,media,#896ffb,#915fd8
881,85700-01-2,"5,8-Methano-2H-1-benzopyran, 6-ethylideneoctahydro-,",molécula,Frutal,Verde,con matiz,Frutal,,FIG,media,#896ffb,#915fd8
882,85633-07-4,"5,8-Methano-2H-1-benzopyran, 6-ethylideneoctahydro-,",molécula,Frutal,Verde,con matiz,Frutal,,FIG,media,#896ffb,#915fd8
883,69486-14-2,"5,8-Methano-2H-1-benzopyran-2-one, 6- ethylideneoctahydro-",molécula,Frutal,Floral,con matiz,Frutal,,FIG,media,#896ffb,#915fd8
884,762-26-5,"5,9-Dimethyl-4,8-decadienal",molécula,Ozónico,Floral,claro con toque,Ozónico,,FIG,alta,#2db9f3,#237da9
885,91482-37-0,"5,9-Undecadien-2-ol,6,10-dimethyl-,acetate",molécula,Cítrico,Frutal,con matiz,Cítrico,givaudan:Cítrico;pa:Cítrico,FIG y catálogos,alta,#c3b503,#a19500
886,15323-35-0,"5-Acetyl-1,1,2,3,3,6-hexamethylindan",molécula,Animal,Especiado,con matiz,Animal,,FIG,media,#d22c50,#ca224a
887,68140-48-7,"5-Acetyl-3-isopropyl-1,1,2,6-tetramethylindane",molécula,Animal,Frutal,con matiz,Animal,pa:Animal,FIG y catálogos,alta,#d22c50,#ca224a
888,68188-98-7,5-Butyl-5-ethyldihydrofuran-2(3H)-one,molécula,Frutal,,claro,Frutal,,FIG,alta,#896ffb,#915fd8
889,67770-79-0,5-Butyl-5-ethyltetrahydro-2H-pyran-2-one,molécula,Verde,Animal,claro con toque,Verde,,FIG,alta,#43cd99,#4aa781
890,37609-25-9,5-Cyclohexadecen-1-one,molécula,Animal,Floral,ambiguo,Animal,pa:Animal,FIG y catálogos,alta,#d22c50,#ca224a
891,259854-71-2,"5-Cyclotetradecen-1-one, 3-methyl-, (5Z)-",molécula,Animal,Floral,claro con toque,Animal,,FIG,alta,#d22c50,#ca224a
892,259854-70-1,"5-Cyclotetradecen-1-one, 3-methyl-,(5E)-",molécula,Animal,Floral,claro con toque,Animal,pa:Animal,FIG y catálogos,alta,#d22c50,#ca224a
893,17369-60-7,"5-Ethyl-2,3,4,5-tetramethylcyclohexen-1-one",molécula,Frutal,Floral,claro con toque,Frutal,,FIG,alta,#896ffb,#915fd8
894,104-90-5,5-Ethyl-2-methylpyridine,molécula,Transformado,Frutal,suelto,Transformado,,FIG,baja,#8a8a8a,#8a8a8a
895,698-10-2,5-Ethyl-3-hydroxy-4-methyl-2(5H)-furanone,molécula,Frutal,,claro,Frutal,,FIG,alta,#896ffb,#915fd8
896,73347-77-0,5-Ethylidenebicyclo[2.2.1]hept-2-yl propionate,molécula,Floral,,claro,Floral,,FIG,alta,#c475aa,#975482
897,23747-48-0,"5H-5-Methyl-6,7-dihydrocyclopenta(b)pyrazine",molécula,Amaderado,Frutal,claro con toque,Amaderado,,FIG,alta,#923002,#944e00
898,109-49-9,5-Hexen-2-one,molécula,Floral,Verde,con matiz,Floral,,FIG,media,#c475aa,#975482
899,27593-23-3,"5-Hydroxy-2,4-decadienoic acid delta-lactone",molécula,Amaderado,Verde,con matiz,Amaderado,,FIG,media,#923002,#944e00
900,10413-18-0,5-Hydroxy-4-methylhexanoic acid delta-lactone,molécula,Verde,Frutal,claro con toque,Verde,,FIG,alta,#43cd99,#4aa781
901,25524-95-2,5-Hydroxy-7-decenoic acid delta-lactone,molécula,Frutal,Floral,con matiz,Frutal,pa:Frutal,FIG y catálogos,alta,#896ffb,#915fd8
902,13679-86-2,5-Isopropenyl-2-methyl-2-vinyltetrahydrofuran,molécula,Verde,,claro,Verde,,FIG,alta,#43cd99,#4aa781
903,139539-66-5,"5-Methyl-1-(2,2,3-trimethyl-3-cyclopenten-1-yl)-6-oxabicyclo[3.2.1]octane",molécula,Frutal,Verde,claro con toque,Frutal,,FIG,alta,#896ffb,#915fd8
904,17162-29-7,5-Methyl-2-(1-methylethyl)cyclohexyl lactate,molécula,Verde,,claro,Verde,,FIG,alta,#43cd99,#4aa781
905,81925-81-7,5-Methyl-2-hepten-4-one,molécula,Transformado,Frutal,suelto,Transformado,symrise:Frutal,"FIG, catálogo en contra",baja,#8a8a8a,#8a8a8a
906,21834-92-4,5-Methyl-2-phenyl-2-hexenal,molécula,Frutal,,claro,Frutal,pa:Frutal,FIG y catálogos,alta,#896ffb,#915fd8
907,13679-70-4,5-Methyl-2-thiophenecarboxaldehyde,molécula,Frutal,,claro,Frutal,,FIG,alta,#896ffb,#915fd8
908,38285-49-3,5-Methyl-3-butyltetrahydropyran-4-yl acetate,molécula,Floral,Verde,claro con toque,Floral,pa:Floral,FIG y catálogos,alta,#c475aa,#975482
909,541-85-5,5-Methyl-3-heptanone,molécula,Verde,Frutal,claro con toque,Verde,,FIG,alta,#43cd99,#4aa781
910,22457-23-4,5-Methyl-3-heptanone oxime,molécula,Verde,,claro,Verde,givaudan:Verde;pa:Verde,FIG y catálogos,alta,#43cd99,#4aa781
911,4927-36-0,5-Methyl-5-phenyl-3-hexanone,molécula,Floral,Amaderado,claro con toque,Floral,pa:Floral,FIG y catálogos,alta,#c475aa,#975482
912,80480-24-6,"5-Methyl-5-propyl-2-(1-methylbutyl)-1,3-dioxan",molécula,Verde,Transformado,con matiz,Verde,,FIG,media,#43cd99,#4aa781
913,620-02-0,5-Methylfurfural,molécula,Frutal,,claro,Frutal,pa:Frutal,FIG y catálogos,alta,#896ffb,#915fd8
914,13708-12-8,5-Methylquinoxaline,molécula,Frutal,,claro,Frutal,,FIG,alta,#896ffb,#915fd8
915,2277-20-5,"6-​Nonenal, (6E)​-",molécula,Ozónico,Verde,con matiz,Ozónico,,FIG,media,#2db9f3,#237da9
916,80639-54-9,"6-​Nonenenitrile, (Z)​- (9CI)",sin estructura,Verde,,claro,Verde,,FIG,alta,#43cd99,#4aa781
917,68959-28-4,"6-(3Z)-3-hexen-1-yltetrahydro-2H-Pyran-2-one,",molécula,Frutal,Floral,claro con toque,Frutal,,FIG,alta,#896ffb,#915fd8
918,502-69-2,"6,10,14-Trimethyl-2-pentadecanone",molécula,Floral,Verde,con matiz,Floral,,FIG,media,#c475aa,#975482
919,3796-70-1,"6,10-Dimethyl-5,9-undecadien-2-one",molécula,Floral,Verde,con matiz,Floral,,FIG,media,#c475aa,#975482
920,689-67-8,"6,10-Dimethylundeca-5,9-dien-2-one",molécula,Floral,,claro,Floral,pa:Floral,FIG y catálogos,alta,#c475aa,#975482
921,62406-73-9,"6,10-Dioxaspiro[4.5]decane, 8,8-dimethyl-7-(1-methylethyl)-",molécula,Amaderado,Floral,con matiz,Amaderado,,FIG,media,#923002,#944e00
922,67674-46-8,"6,6-Dimethoxy-2,5,5-trimethylhex-2-ene",molécula,Cítrico,Verde,claro con toque,Cítrico,givaudan:Cítrico;pa:Cítrico;symrise:Cítrico,FIG y catálogos,alta,#c3b503,#a19500
923,33885-51-7,"6,6-Dimethylbicyclo[3.1.1]hept-2-ene-2-propionaldehyde",molécula,Ozónico,Verde,claro con toque,Ozónico,pa:Ozónico,FIG y catálogos,alta,#2db9f3,#237da9
924,33704-61-9,"6,7-Dihydro-1,1,2,3,3-pentamethyl-4(5H)-indanone",molécula,Especiado,Amaderado,con matiz,Especiado,pa:Especiado,FIG y catálogos,alta,#d86f0d,#bb704e
925,70214-77-6,"6,8-Dimethylnonan-2-ol",molécula,Floral,Verde,con matiz,Floral,,FIG,media,#c475aa,#975482
926,21145-77-7,"6-Acetyl-1,1,2,4,4,7-hexamethyltetraline",molécula,Animal,Amaderado,con matiz,Animal,,FIG,media,#d22c50,#ca224a
927,24237-00-1,"6-Butyl-2,4-dimethyldihydropyrane",molécula,Floral,Verde,claro con toque,Floral,givaudan:Floral,FIG y catálogos,alta,#c475aa,#975482
928,26330-65-4,6-Ethyl-3-methyloct-6-en-1-ol,molécula,Floral,Verde,claro con toque,Floral,,FIG,alta,#c475aa,#975482
929,93939-86-7,"6-Ethylideneoctahydro-5,8-methano-2H-benzo-1-pyran",molécula,Frutal,Verde,con matiz,Frutal,,FIG,media,#896ffb,#915fd8
930,34131-98-1,6-Isopropyl-2(1H)-octahydronaphthalenone,molécula,Cítrico,Amaderado,claro con toque,Cítrico,givaudan:Cítrico,FIG y catálogos,alta,#c3b503,#a19500
931,135-79-5,6-Isopropylquinoline,molécula,Verde,Amaderado,ambiguo,Verde,,FIG,baja,#43cd99,#4aa781
932,62439-41-2,"6-Methoxy-2,6-dimethylheptan-1-al",molécula,Ozónico,Frutal,claro con toque,Ozónico,,FIG,alta,#2db9f3,#237da9
933,79-70-9,6-Methyl-.beta.-ionone,molécula,Floral,,claro,Floral,,FIG,alta,#c475aa,#975482
934,1604-28-0,"6-Methyl-3,5-heptadien-2-one",molécula,Especiado,Frutal,claro con toque,Especiado,,FIG,alta,#d86f0d,#bb704e
935,110-93-0,6-Methyl-5-hepten-2-one,molécula,Verde,,claro,Verde,givaudan:Cítrico,"FIG, catálogo en contra",baja,#43cd99,#4aa781
936,91-62-3,6-Methylquinoline,molécula,Animal,Amaderado,claro con toque,Animal,,FIG,alta,#d22c50,#ca224a
937,5949-05-3,"6-Octenal, 3,7-dimethyl-, (3S)-",molécula,Cítrico,,claro,Cítrico,,FIG,alta,#c3b503,#a19500
938,65442-31-1,6-sec-Butylquinoline,molécula,Verde,Animal,con matiz,Verde,pa:Animal;symrise:Verde,FIG y catálogos,alta,#43cd99,#4aa781
939,21661-97-2,"7-​Decenal, (7Z)​-",molécula,Ozónico,Verde,con matiz,Ozónico,,FIG,media,#2db9f3,#237da9
940,899810-84-5,"7-​Nonenal, 6,​8-​dimethyl-",molécula,Ozónico,Verde,con matiz,Ozónico,,FIG,media,#2db9f3,#237da9
941,2550-59-6,7-Cyclohexadecen-1-one,molécula,Animal,Especiado,con matiz,Animal,,FIG,media,#d22c50,#ca224a
942,68311-05-7,7-Isopropyl-5-methylbicyclo[2.2.2]oct-5-ene-2-carbonitrile,molécula,Verde,Amaderado,con matiz,Verde,,FIG,media,#43cd99,#4aa781
943,53767-86-5,"7-Methoxy-3,7-dimethyloct-1-ene",molécula,Floral,Cítrico,claro con toque,Floral,,FIG,alta,#c475aa,#975482
944,28940-11-6,"7-Methyl-2H-benzo-1,5-dioxepin-3(4H)-one",molécula,Ozónico,,claro,Ozónico,pa:Ozónico,FIG y catálogos,alta,#2db9f3,#237da9
945,55050-40-3,7-Methyl-3-methyleneoct-6-enal,molécula,Cítrico,,claro,Cítrico,,FIG,alta,#c3b503,#a19500
946,53219-21-9,"7-Octen-2-ol, 2-methyl-6-methylene-, dihydro deriv.",molécula,Cítrico,Floral,claro con toque,Cítrico,,FIG,alta,#c3b503,#a19500
947,207228-93-1,"7-Propyl-2H-1,5-benzodioxepin-3(4H)-one",molécula,Ozónico,,claro,Ozónico,,FIG,alta,#2db9f3,#237da9
948,67634-06-4,8-(sec-Butyl)quinoline,molécula,Amaderado,Animal,con matiz,Amaderado,,FIG,media,#923002,#944e00
949,57566-26-4,"8aH-2, 4a-Methanonaphthalen-8a-ol, octahydro-1,1,5,5-tetramethyl-(2S,4aR,8aS)-",molécula,Amaderado,,claro,Amaderado,symrise:Amaderado,FIG y catálogos,alta,#923002,#944e00
950,88644-30-8,"8aH-2,4a-Methanonaphthalen-8a-ol, octahydro-1,1,5,5-tetramethyl-",molécula,Amaderado,,claro,Amaderado,,FIG,alta,#923002,#944e00
951,84681-92-5,"8-Ethyl-1,5-dimethylbicyclo[3.2.1]octan-8-ol",molécula,Amaderado,,claro,Amaderado,,FIG,alta,#923002,#944e00
952,338735-71-0,"8H-Indeno(4,5-B)furan,2,3,3a,4,5,5a,6,7,8a,9-decahydro-2,6,6,7,8,8-hexamethyl Mixture",molécula,Amaderado,Especiado,con matiz,Amaderado,pa:Amaderado,FIG y catálogos,alta,#923002,#944e00
953,67845-30-1,8-Isopropyl-6-methylbicyclo[2.2.2]oct-5-ene-2-carbaldehyde,molécula,Verde,Especiado,claro con toque,Verde,,FIG,alta,#43cd99,#4aa781
954,39770-04-2,8-Nonenal,molécula,Verde,Ozónico,con matiz,Verde,,FIG,media,#43cd99,#4aa781
955,58296-81-4,8-Undecenal,molécula,Ozónico,Floral,con matiz,Ozónico,,FIG,media,#2db9f3,#237da9
956,542-46-1,9-Cycloheptadecen-1-one,molécula,Animal,,claro,Animal,,FIG,alta,#d22c50,#ca224a
957,13019-22-2,9-Decen-1-ol,molécula,Floral,Ozónico,con matiz,Floral,pa:Floral,FIG y catálogos,alta,#c475aa,#975482
958,35194-30-0,9-Decen-2-one,molécula,Frutal,Verde,con matiz,Frutal,,FIG,media,#896ffb,#915fd8
959,39770-05-3,9-Decenal,molécula,Ozónico,Verde,con matiz,Ozónico,,FIG,media,#2db9f3,#237da9
960,14436-32-9,9-Decenoic acid,molécula,Verde,Frutal,con matiz,Verde,,FIG,media,#43cd99,#4aa781
961,50816-18-7,9-Decenyl acetate,molécula,Floral,,claro,Floral,,FIG,alta,#c475aa,#975482
962,68480-06-8,9-Decenyl propionate,molécula,Floral,Frutal,claro con toque,Floral,,FIG,alta,#c475aa,#975482
963,143-14-6,9-Undecenal,molécula,Ozónico,Verde,con matiz,Ozónico,pa:Ozónico,FIG y catálogos,alta,#2db9f3,#237da9
964,131379-26-5,"9-Undecenenitrile, (E)-",molécula,Floral,Cítrico,con matiz,Floral,,FIG,media,#c475aa,#975482
965,362467-67-2,"a2H-1,5-Benzodioxepin-3(4H)-one,7-7-(3-methylbutyl)-",molécula,Ozónico,Cítrico,claro con toque,Ozónico,,FIG,alta,#2db9f3,#237da9
966,8021-27-0,Abies alba needle oil,natural o mezcla,Verde,Amaderado,claro con toque,Verde,,FIG,alta,#43cd99,#4aa781
967,8021-28-1,Abies sachalinensis oil,natural o mezcla,Amaderado,Especiado,claro con toque,Amaderado,,FIG,alta,#923002,#944e00
968,105-57-7,Acetal,molécula,Frutal,Cítrico,claro con toque,Frutal,pa:Frutal,FIG y catálogos,alta,#896ffb,#915fd8
969,75-07-0,Acetaldehyde,molécula,Frutal,Ozónico,claro con toque,Frutal,,FIG,alta,#896ffb,#915fd8
970,3390-12-3,Acetaldehyde cyclic propylene glycol acetal,molécula,Verde,Frutal,con matiz,Verde,,FIG,media,#43cd99,#4aa781
971,5405-58-3,Acetaldehyde dihexyl acetal,molécula,Verde,Floral,claro con toque,Verde,,FIG,alta,#43cd99,#4aa781
972,28069-74-1,Acetaldehyde ethyl cis-3-hexenyl acetal,molécula,Verde,,claro,Verde,,FIG,alta,#43cd99,#4aa781
973,54484-73-0,Acetaldehyde ethyl hexyl acetal,molécula,Floral,Verde,con matiz,Floral,,FIG,media,#c475aa,#975482
974,40910-49-4,Acetaldehyde ethyl linalyl acetal,molécula,Floral,Frutal,con matiz,Floral,givaudan:Floral,FIG y catálogos,alta,#c475aa,#975482
975,2556-10-7,Acetaldehyde ethyl phenylethyl acetal,molécula,Verde,Floral,claro con toque,Verde,symrise:Verde,FIG y catálogos,alta,#43cd99,#4aa781
976,72927-85-6,"Acetaldehyde, [(3a,4,5,6,7,7a-hexahydro-4,7-methano-1H-inden-6-yl)oxy]-",molécula,Frutal,Verde,con matiz,Frutal,,FIG,media,#896ffb,#915fd8
977,122-71-4,"Acetaldehyde, diphenethyl acetal",molécula,Verde,Floral,ambiguo,Verde,,FIG,baja,#43cd99,#4aa781
978,100-06-1,Acetanisole,molécula,Floral,,claro,Floral,symrise:Floral,FIG y catálogos,alta,#c475aa,#975482
979,236391-76-7,"Acetic acid, (1-oxopropoxy)-, 1-(3,3-dimethylcyclohexyl)ethyl ester",molécula,Animal,Floral,claro con toque,Animal,pa:Animal;symrise:Animal,FIG y catálogos,alta,#d22c50,#ca224a
980,71549-77-4,"Acetic acid, anhydride, reaction products with (1S,3aR,4S,8aS)-decahydro-4,8,8-",sin estructura,Amaderado,,claro,Amaderado,,FIG,alta,#923002,#944e00
981,144020-22-4,"Acetic acid, anhydride, reaction products with 1,5,10-trimethyl-1,5,9-cyclododecatriene",sin estructura,Amaderado,Especiado,con matiz,Amaderado,,FIG,media,#923002,#944e00
982,862107-86-6,"Acetic acid, anhydride, reaction products with 2-methylbutene dimer, hydrogenated",sin estructura,Amaderado,Especiado,con matiz,Amaderado,,FIG,media,#923002,#944e00
983,108419-33-6,"Acetic acid, C8-10-branched alkyl esters, C9-rich",sin estructura,Frutal,Verde,con matiz,Frutal,,FIG,media,#896ffb,#915fd8
984,124358-45-8,"Acetic acid, cyano-, reaction products with 10-undecenal",sin estructura,Cítrico,,claro,Cítrico,symrise:Cítrico,FIG y catálogos,alta,#c3b503,#a19500
985,68478-36-4,"Acetic acid, decyl ester, branched",sin estructura,Frutal,Floral,con matiz,Frutal,,FIG,media,#896ffb,#915fd8
986,69103-01-1,"Acetic acid, esters with turpentine-oil myrcene fraction terpene alcs.",natural o mezcla,Verde,,claro,Verde,,FIG,alta,#43cd99,#4aa781
987,513-86-0,Acetoin,molécula,Transformado,Frutal,suelto,Transformado,,FIG,baja,#8a8a8a,#8a8a8a
988,1392276-61-7,"Acetonitrile, 2-​(2,​4,​4-​trimethylcyclopentyl​idene)​-",molécula,Especiado,Animal,claro con toque,Especiado,,FIG,alta,#d86f0d,#bb704e
989,98-86-2,Acetophenone,molécula,Floral,,claro,Floral,symrise:Frutal,"FIG, catálogo en contra",baja,#c475aa,#975482
990,54830-99-8,Acetoxydihydrodicyclopentadiene (Mixture of Isomers),molécula,Frutal,Verde,con matiz,Frutal,,FIG,media,#896ffb,#915fd8
991,32388-55-9,Acetyl cedrene,molécula,Amaderado,Animal,con matiz,Amaderado,,FIG,media,#923002,#944e00
992,600-14-6,Acetyl propionyl,molécula,Frutal,,claro,Frutal,,FIG,alta,#896ffb,#915fd8
993,3608-11-5,Acetylcarene,molécula,Verde,Amaderado,con matiz,Verde,,FIG,media,#43cd99,#4aa781
994,22047-25-2,Acetylpyrazine,molécula,Frutal,,claro,Frutal,,FIG,alta,#896ffb,#915fd8
995,85480-47-3,"Acorus calamus, ext., hydrogenated",sin estructura,Especiado,Verde,con matiz,Especiado,,FIG,media,#d86f0d,#bb704e
996,94350-09-1,Agarwood extract,natural o mezcla,Amaderado,Animal,con matiz,Amaderado,,FIG,media,#923002,#944e00
997,958663-49-5,"Agarwood extract, Vietnamese",natural o mezcla,Amaderado,Animal,con matiz,Amaderado,,FIG,media,#923002,#944e00
998,94350-09-1,Agarwood oil,natural o mezcla,Amaderado,Animal,con matiz,Amaderado,,FIG,media,#923002,#944e00
999,1333524-00-7,"Agarwood oil, Indonesia",natural o mezcla,Amaderado,Animal,con matiz,Amaderado,,FIG,media,#923002,#944e00
1000,958663-49-5,"Agarwood oil, Vietnamese",natural o mezcla,Amaderado,Animal,con matiz,Amaderado,,FIG,media,#923002,#944e00
1001,8001-99-8,Ajowan oil,natural o mezcla,Verde,Amaderado,claro con toque,Verde,pa:Verde,FIG y catálogos,alta,#43cd99,#4aa781
1002,943609-24-3,"Alcoholic beverages, rum, CO2 extract, nonalc.",natural o mezcla,Frutal,,claro,Frutal,,FIG,alta,#896ffb,#915fd8
1003,943609-24-3,"Alcoholic beverages, rum, extract, nonalc.",natural o mezcla,Frutal,,claro,Frutal,,FIG,alta,#896ffb,#915fd8
1004,943609-24-3,"Alcoholic beverages, rum, nonalc., distillate",natural o mezcla,Frutal,,claro,Frutal,,FIG,alta,#896ffb,#915fd8
1005,93821-11-5,"Alcohols, C9-11-branched and linear, C10-rich",sin estructura,Floral,Ozónico,con matiz,Floral,,FIG,media,#c475aa,#975482
1006,68526-85-2,"Alcohols, C9-11-iso-, C10-rich",sin estructura,Floral,Ozónico,con matiz,Floral,,FIG,media,#c475aa,#975482
1007,73049-35-1,"Alcohols, sesquiterpenoidal, citronella-oil",natural o mezcla,Cítrico,Floral,con matiz,Cítrico,,FIG,media,#c3b503,#a19500
1008,130169-57-2,"Aldehydes, C13-15-branched and linear",sin estructura,Ozónico,Cítrico,con matiz,Ozónico,,FIG,media,#2db9f3,#237da9
1009,84082-36-0,Alfalfa extract,natural o mezcla,Verde,Ozónico,con matiz,Verde,,FIG,media,#43cd99,#4aa781
1010,8006-77-7,Allspice oil,natural o mezcla,Especiado,,claro,Especiado,pa:Especiado,FIG y catálogos,alta,#d86f0d,#bb704e
1011,67634-01-9,Allyl (2-methylbutoxy)acetate,molécula,Frutal,Verde,claro con toque,Frutal,,FIG,alta,#896ffb,#915fd8
1012,67634-00-8,Allyl (3-methylbutoxy)acetate,molécula,Frutal,Verde,con matiz,Frutal,,FIG,media,#896ffb,#915fd8
1013,68901-15-5,Allyl (cyclohexyloxy)acetate,molécula,Verde,,claro,Verde,symrise:Verde,FIG y catálogos,alta,#43cd99,#4aa781
1014,79-78-7,Allyl alpha-ionone,molécula,Floral,,claro,Floral,givaudan:Floral;pa:Frutal;symrise:Floral,FIG y catálogos,alta,#c475aa,#975482
1015,2051-78-7,Allyl butyrate,molécula,Frutal,Verde,claro con toque,Frutal,,FIG,alta,#896ffb,#915fd8
1016,1866-31-5,Allyl cinnamate,molécula,Especiado,,claro,Especiado,,FIG,alta,#d86f0d,#bb704e
1017,4728-82-9,Allyl cyclohexaneacetate,molécula,Frutal,,claro,Frutal,,FIG,alta,#896ffb,#915fd8
1018,2705-87-5,Allyl cyclohexanepropionate,molécula,Frutal,,claro,Frutal,symrise:Frutal,FIG y catálogos,alta,#896ffb,#915fd8
1019,57856-81-2,Allyl decanoate,molécula,Frutal,,claro,Frutal,,FIG,alta,#896ffb,#915fd8
1020,2179-57-9,Allyl disulfide,molécula,Transformado,,suelto,Transformado,,FIG,baja,#8a8a8a,#8a8a8a
1021,142-19-8,Allyl heptanoate,molécula,Frutal,Verde,claro con toque,Frutal,pa:Frutal;symrise:Frutal,FIG y catálogos,alta,#896ffb,#915fd8
1022,123-68-2,Allyl hexanoate,molécula,Frutal,,claro,Frutal,pa:Frutal;symrise:Frutal,FIG y catálogos,alta,#896ffb,#915fd8
1023,4230-97-1,Allyl octanoate,molécula,Frutal,Ozónico,claro con toque,Frutal,,FIG,alta,#896ffb,#915fd8
1024,7493-74-5,Allyl phenoxyacetate,molécula,Frutal,Verde,con matiz,Verde,symrise:Frutal,catálogos,media,#896ffb,#915fd8
1025,1797-74-6,Allyl phenylacetate,molécula,Frutal,Floral,con matiz,Frutal,,FIG,media,#896ffb,#915fd8
1026,2408-20-0,Allyl propionate,molécula,Frutal,,claro,Frutal,,FIG,alta,#896ffb,#915fd8
1027,592-88-1,Allyl sulfide,molécula,Transformado,,suelto,Transformado,,FIG,baja,#8a8a8a,#8a8a8a
1028,68132-80-9,Allyl trimethylhexanoate,molécula,Frutal,Especiado,claro con toque,Frutal,,FIG,alta,#896ffb,#915fd8
1029,8013-76-1,"Almond oil, bitter",natural o mezcla,Frutal,,claro,Frutal,,FIG,alta,#896ffb,#915fd8
1030,65114-03-6,"alpha,2,2,3-tetramethylcyclopent-3-ene-1-butyraldehyde",molécula,Amaderado,Floral,claro con toque,Amaderado,,FIG,alta,#923002,#944e00
1031,67634-15-5,"alpha,alpha-Dimethyl-p-ethylphenylpropanal",molécula,Ozónico,Floral,con matiz,Ozónico,symrise:Ozónico,FIG y catálogos,alta,#2db9f3,#237da9
1032,100-86-7,"alpha,alpha-Dimethylphenethyl alcohol",molécula,Floral,,claro,Floral,,FIG,alta,#c475aa,#975482
1033,10094-34-5,"alpha,alpha-Dimethylphenethyl butyrate",molécula,Frutal,Floral,con matiz,Frutal,,FIG,media,#896ffb,#915fd8
1034,10058-43-2,"alpha,alpha-Dimethylphenethyl formate",molécula,Floral,Verde,ambiguo,Floral,,FIG,baja,#c475aa,#975482
1035,67785-77-7,"alpha,alpha-Dimethylphenylethyl propionate",molécula,Floral,,claro,Floral,,FIG,alta,#c475aa,#975482
1036,43052-87-5,"alpha-1-(2,6,6-Trimethyl-2-cyclohexen-1-yl)-2-buten-1-one",molécula,Floral,Frutal,claro con toque,Floral,,FIG,alta,#c475aa,#975482
1037,60763-41-9,alpha-Amyl cinnamic aldehyde diethyl acetal,molécula,Floral,Frutal,con matiz,Floral,,FIG,media,#c475aa,#975482
1038,78605-96-6,alpha-Amyl trans-Cinnamaldehyde,molécula,Floral,Cítrico,claro con toque,Floral,,FIG,alta,#c475aa,#975482
1039,122-40-7,alpha-Amylcinnamaldehyde,molécula,Floral,Especiado,claro con toque,Floral,pa:Floral,FIG y catálogos,alta,#c475aa,#975482
1040,91-87-2,alpha-Amylcinnamaldehyde dimethyl acetal,molécula,Floral,Frutal,claro con toque,Floral,,FIG,alta,#c475aa,#975482
1041,68527-78-6,alpha-Amylcinnamaldehyde-methyl anthranilate (Schiff base),molécula,Floral,,claro,Floral,,FIG,alta,#c475aa,#975482
1042,101-85-9,alpha-Amylcinnamyl alcohol,molécula,Floral,Cítrico,claro con toque,Floral,,FIG,alta,#c475aa,#975482
1043,17627-44-0,alpha-Bisabolene,molécula,Floral,Especiado,claro con toque,Floral,,FIG,alta,#c475aa,#975482
1044,7492-44-6,alpha-Butylcinnamaldehyde,molécula,Floral,Frutal,con matiz,Floral,,FIG,media,#c475aa,#975482
1045,469-61-4,alpha-Cedrene,molécula,Amaderado,Verde,claro con toque,Amaderado,,FIG,alta,#923002,#944e00
1046,10461-98-0,alpha-Cyclohexylidene benzeneacetonitrile,molécula,Floral,,claro,Floral,pa:Floral;symrise:Floral,FIG y catálogos,alta,#c475aa,#975482
1047,502-61-4,alpha-Farnesene,molécula,Floral,Amaderado,con matiz,Floral,,FIG,media,#c475aa,#975482
1048,3691-12-1,alpha-Guaiene,molécula,Amaderado,Especiado,ambiguo,Amaderado,,FIG,baja,#923002,#944e00
1049,101-86-0,alpha-Hexylcinnamaldehyde,molécula,Floral,Cítrico,claro con toque,Floral,,FIG,alta,#c475aa,#975482
1050,25312-34-9,alpha-Ionol,molécula,Floral,Frutal,claro con toque,Floral,,FIG,alta,#c475aa,#975482
1051,127-41-3,alpha-Ionone,molécula,Floral,Frutal,claro con toque,Floral,pa:Amaderado,"FIG, catálogo en contra",baja,#c475aa,#975482
1052,79-69-6,alpha-Irone,molécula,Floral,,claro,Floral,pa:Floral,FIG y catálogos,alta,#c475aa,#975482
1053,7779-78-4,alpha-Isobutylphenethyl alcohol,molécula,Especiado,Floral,con matiz,Especiado,,FIG,media,#d86f0d,#bb704e
1054,127-51-5,alpha-iso-Methylionone,molécula,Floral,Amaderado,claro con toque,Floral,,FIG,alta,#c475aa,#975482
1055,1205-17-0,"alpha-Methyl-1,3-benzodioxole-5-propionaldehyde",molécula,Floral,Verde,con matiz,Floral,pa:Floral,FIG y catálogos,alta,#c475aa,#975482
1056,93-92-5,alpha-Methylbenzyl acetate,molécula,Verde,Frutal,con matiz,Verde,symrise:Floral,"FIG, catálogo en contra",baja,#43cd99,#4aa781
1057,98-85-1,alpha-Methylbenzyl alcohol,molécula,Floral,Frutal,con matiz,Floral,,FIG,media,#c475aa,#975482
1058,3460-44-4,alpha-Methylbenzyl butyrate,molécula,Frutal,,claro,Frutal,,FIG,alta,#896ffb,#915fd8
1059,7775-39-5,alpha-Methylbenzyl isobutyrate,molécula,Frutal,Floral,con matiz,Frutal,,FIG,media,#896ffb,#915fd8
1060,120-45-6,alpha-Methylbenzyl propionate,molécula,Frutal,Floral,con matiz,Frutal,,FIG,media,#896ffb,#915fd8
1061,101-39-3,alpha-Methylcinnamaldehyde,molécula,Especiado,,claro,Especiado,,FIG,alta,#d86f0d,#bb704e
1062,1504-55-8,alpha-Methylcinnamic alcohol,molécula,Floral,Especiado,claro con toque,Floral,,FIG,alta,#c475aa,#975482
1063,10528-67-3,alpha-Methyl-cyclohexanepropanol,molécula,Floral,Verde,claro con toque,Floral,symrise:Floral,FIG y catálogos,alta,#c475aa,#975482
1064,99-83-2,alpha-Phellandrene,molécula,Cítrico,Verde,claro con toque,Cítrico,,FIG,alta,#c3b503,#a19500
1065,80-56-8,alpha-Pinene,molécula,Verde,,claro,Verde,,FIG,alta,#43cd99,#4aa781
1066,705-73-7,alpha-Propylphenethyl alcohol,molécula,Verde,Frutal,con matiz,Verde,,FIG,media,#43cd99,#4aa781
1067,98-55-5,alpha-Terpineol,molécula,Floral,Verde,con matiz,Verde,symrise:Floral,catálogos,media,#c475aa,#975482
1068,80-26-2,alpha-Terpineol acetate,molécula,Cítrico,Verde,claro con toque,Cítrico,,FIG,alta,#c3b503,#a19500
1069,8038-65-1,Ambergris tincture,natural o mezcla,Especiado,Amaderado,claro con toque,Especiado,,FIG,alta,#d86f0d,#bb704e
1070,8015-62-1,Ambrette seed absolute,natural o mezcla,Animal,Frutal,con matiz,Animal,pa:Animal,FIG y catálogos,alta,#d22c50,#ca224a
1071,8015-62-1,Ambrette seed extract,natural o mezcla,Animal,Frutal,con matiz,Animal,pa:Animal,FIG y catálogos,alta,#d22c50,#ca224a
1072,8015-62-1,Ambrette seed oil,natural o mezcla,Animal,Frutal,con matiz,Animal,pa:Animal,FIG y catálogos,alta,#d22c50,#ca224a
1073,8015-62-1,Ambrette seed oil,natural o mezcla,Animal,Frutal,con matiz,Animal,pa:Animal,FIG y catálogos,alta,#d22c50,#ca224a
1074,8015-62-1,Ambrette tincture,natural o mezcla,Animal,Frutal,con matiz,Animal,pa:Animal,FIG y catálogos,alta,#d22c50,#ca224a
1075,71-41-0,Amyl alcohol,molécula,Especiado,Frutal,con matiz,Especiado,,FIG,media,#d86f0d,#bb704e
1076,540-18-1,Amyl butyrate,molécula,Frutal,,claro,Frutal,,FIG,alta,#896ffb,#915fd8
1077,3487-99-8,Amyl cinnamate,molécula,Amaderado,Especiado,con matiz,Amaderado,,FIG,media,#923002,#944e00
1078,638-49-3,Amyl formate,molécula,Frutal,Verde,claro con toque,Frutal,,FIG,alta,#896ffb,#915fd8
1079,540-07-8,Amyl hexanoate,molécula,Frutal,Verde,claro con toque,Frutal,,FIG,alta,#896ffb,#915fd8
1080,2445-72-9,Amyl isobutyrate,molécula,Frutal,,claro,Frutal,,FIG,alta,#896ffb,#915fd8
1081,638-25-5,Amyl octanoate,molécula,Frutal,Verde,claro con toque,Frutal,,FIG,alta,#896ffb,#915fd8
1082,2050-08-0,Amyl salicylate,molécula,Floral,Verde,con matiz,Floral,givaudan:Floral;symrise:Floral,FIG y catálogos,alta,#c475aa,#975482
1083,2173-56-0,Amyl valerate,molécula,Frutal,,claro,Frutal,,FIG,alta,#896ffb,#915fd8
1084,67874-72-0,Amylcyclohexyl acetate (mixed isomers),molécula,Amaderado,Verde,ambiguo,Amaderado,pa:Amaderado,FIG y catálogos,alta,#923002,#944e00
1085,8015-65-4,Amyris oil,natural o mezcla,Amaderado,,claro,Amaderado,,FIG,alta,#923002,#944e00
1086,68916-14-3,"Amyris oil, acetylated",natural o mezcla,Amaderado,,claro,Amaderado,,FIG,alta,#923002,#944e00
1087,8015-65-4,"Amyris oil, rectified",natural o mezcla,Amaderado,,claro,Amaderado,,FIG,alta,#923002,#944e00
1088,104-46-1,Anethole (isomer unspecified),molécula,Especiado,Verde,ambiguo,Especiado,,FIG,baja,#d86f0d,#bb704e
1089,8015-64-3,Angelica root oil,natural o mezcla,Verde,Especiado,con matiz,Especiado,pa:Verde,catálogos,media,#43cd99,#4aa781
1090,8015-64-3,Angelica seed absolute,natural o mezcla,Especiado,Amaderado,claro con toque,Especiado,pa:Verde,"FIG, catálogo en contra",baja,#d86f0d,#bb704e
1091,8015-64-3,Angelica seed extract,natural o mezcla,Especiado,,claro,Especiado,pa:Verde,"FIG, catálogo en contra",baja,#d86f0d,#bb704e
1092,8015-64-3,Angelica seed oil,natural o mezcla,Especiado,,claro,Especiado,pa:Verde,"FIG, catálogo en contra",baja,#d86f0d,#bb704e
1093,8007-70-3,Anise seed oil,natural o mezcla,Especiado,Verde,con matiz,Especiado,,FIG,media,#d86f0d,#bb704e
1094,100-66-3,Anisole,molécula,Floral,,claro,Floral,,FIG,alta,#c475aa,#975482
1095,1331-83-5,Anisyl acetate (isomer unspecified),sin estructura,Frutal,Especiado,claro con toque,Frutal,,FIG,alta,#896ffb,#915fd8
1096,105-13-5,Anisyl alcohol,molécula,Especiado,,claro,Especiado,givaudan:Verde;symrise:Floral,"FIG, catálogo en contra",baja,#d86f0d,#bb704e
1097,1331-81-3,"Anisyl alcohol (o-,m-,p-)",molécula,Especiado,,claro,Especiado,,FIG,alta,#d86f0d,#bb704e
1098,122-91-8,Anisyl formate,molécula,Especiado,Floral,con matiz,Especiado,,FIG,media,#d86f0d,#bb704e
1099,102-17-0,Anisyl phenylacetate,molécula,Frutal,Especiado,con matiz,Frutal,,FIG,media,#896ffb,#915fd8
1100,7549-33-9,Anisyl propionate,molécula,Frutal,Especiado,con matiz,Frutal,,FIG,media,#896ffb,#915fd8
1101,883111-87-3,Apple alcoholate,sin estructura,Frutal,,claro,Frutal,,FIG,alta,#896ffb,#915fd8
1102,883111-87-3,Apple distillate,sin estructura,Frutal,,claro,Frutal,,FIG,alta,#896ffb,#915fd8
1103,883111-87-3,Apple essence oil,sin estructura,Frutal,Verde,claro con toque,Frutal,,FIG,alta,#896ffb,#915fd8
1104,883111-87-3,Apple extract,sin estructura,Frutal,,claro,Frutal,,FIG,alta,#896ffb,#915fd8
1105,883111-87-3,"Apple oil, rectified",sin estructura,Frutal,,claro,Frutal,,FIG,alta,#896ffb,#915fd8
1106,883111-87-3,Apple tincture,sin estructura,Frutal,,claro,Frutal,,FIG,alta,#896ffb,#915fd8
1107,72869-69-3,Apricot absolute,natural o mezcla,Frutal,,claro,Frutal,,FIG,alta,#896ffb,#915fd8
1108,68991-20-8,Armoise vulgaris oil,natural o mezcla,Verde,,claro,Verde,,FIG,alta,#43cd99,#4aa781
1109,84775-75-7,Artemisia herba-alba oil,natural o mezcla,Verde,,claro,Verde,,FIG,alta,#43cd99,#4aa781
1110,9000-04-8,Asafetida oil,natural o mezcla,Verde,Transformado,ambiguo,Verde,,FIG,baja,#43cd99,#4aa781
1111,68916-62-1,Baccartol,sin estructura,Cítrico,Floral,con matiz,Cítrico,,FIG,media,#c3b503,#a19500
1112,84082-61-1,Balm leaves extract,natural o mezcla,Cítrico,,claro,Cítrico,,FIG,alta,#c3b503,#a19500
1113,8007-00-9,"Balsam absolute, Peru",natural o mezcla,Amaderado,Especiado,con matiz,Amaderado,,FIG,media,#923002,#944e00
1114,8007-00-9,"Balsam absolute, Peru, pyrogenated",natural o mezcla,Amaderado,Especiado,con matiz,Amaderado,,FIG,media,#923002,#944e00
1115,8007-00-9,"Balsam extract, Peru",natural o mezcla,Amaderado,Especiado,con matiz,Amaderado,,FIG,media,#923002,#944e00
1116,85085-34-3,Balsam fir oleoresin,natural o mezcla,Amaderado,Especiado,con matiz,Amaderado,,FIG,media,#923002,#944e00
1117,8007-00-9,"Balsam oil, Peru",natural o mezcla,Amaderado,Especiado,con matiz,Amaderado,,FIG,media,#923002,#944e00
1118,8007-00-9,"Balsam oil, Peru",natural o mezcla,Amaderado,Especiado,con matiz,Amaderado,,FIG,media,#923002,#944e00
1119,8007-00-9,"Balsam resinoid, Peru",natural o mezcla,Amaderado,Especiado,con matiz,Amaderado,,FIG,media,#923002,#944e00
1120,8007-00-9,"Balsam, Peru",natural o mezcla,Amaderado,Especiado,con matiz,Amaderado,,FIG,media,#923002,#944e00
1121,8007-47-4,"Balsams, Canada",sin estructura,Especiado,Amaderado,claro con toque,Especiado,,FIG,alta,#d86f0d,#bb704e
1122,8015-73-4,"Basil absolute, chemotype linalool",natural o mezcla,Verde,Especiado,claro con toque,Verde,pa:Verde,FIG y catálogos,alta,#43cd99,#4aa781
1123,8015-73-4,"Basil oil, chemotype estragole",natural o mezcla,Verde,,claro,Verde,pa:Verde,FIG y catálogos,alta,#43cd99,#4aa781
1124,8015-73-4,"Basil oil, chemotype estragole, rectified",natural o mezcla,Verde,,claro,Verde,pa:Verde,FIG y catálogos,alta,#43cd99,#4aa781
1125,8015-73-4,"Basil oil, chemotype linalool",natural o mezcla,Verde,Floral,claro con toque,Verde,pa:Verde,FIG y catálogos,alta,#43cd99,#4aa781
1126,8015-73-4,"Basil oleoresin, chemotype estragole",natural o mezcla,Verde,Floral,claro con toque,Verde,pa:Verde,FIG y catálogos,alta,#43cd99,#4aa781
1127,8006-78-8,"Bay leaves oil, West Indian, rectified",natural o mezcla,Especiado,,claro,Especiado,pa:Especiado,FIG y catálogos,alta,#d86f0d,#bb704e
1128,8006-78-8,"Bay leaves, West Indian, CO2 extract",natural o mezcla,Especiado,,claro,Especiado,pa:Especiado,FIG y catálogos,alta,#d86f0d,#bb704e
1129,8006-78-8,"Bay leaves, West Indian, extract",natural o mezcla,Especiado,,claro,Especiado,pa:Especiado,FIG y catálogos,alta,#d86f0d,#bb704e
1130,8006-78-8,"Bay leaves, West Indian, oil",natural o mezcla,Especiado,,claro,Especiado,pa:Especiado,FIG y catálogos,alta,#d86f0d,#bb704e
1131,68916-05-2,"Bay leaves, West Indian, oil",natural o mezcla,Especiado,,claro,Especiado,,FIG,alta,#d86f0d,#bb704e
1132,68916-05-2,"Bay oil, terpeneless",natural o mezcla,Especiado,,claro,Especiado,,FIG,alta,#d86f0d,#bb704e
1133,8021-39-4,Beechwood creosote,molécula,Amaderado,,claro,Amaderado,,FIG,alta,#923002,#944e00
1134,8012-89-3,Beeswax absolute,natural o mezcla,Floral,Especiado,con matiz,Floral,,FIG,media,#c475aa,#975482
1135,8012-89-3,Beeswax CO2 extract,natural o mezcla,Floral,Especiado,con matiz,Floral,,FIG,media,#c475aa,#975482
1136,8012-89-3,Beeswax concrete,natural o mezcla,Floral,Especiado,con matiz,Floral,,FIG,media,#c475aa,#975482
1137,8012-89-3,Beeswax resinoid,natural o mezcla,Floral,Especiado,con matiz,Floral,,FIG,media,#c475aa,#975482
1138,100-52-7,Benzaldehyde,molécula,Frutal,,claro,Frutal,symrise:Frutal,FIG y catálogos,alta,#896ffb,#915fd8
1139,1125-88-8,Benzaldehyde dimethyl acetal,molécula,Floral,Frutal,ambiguo,Floral,,FIG,baja,#c475aa,#975482
1140,37837-44-8,Benzaldehyde methyl anthranilate (Schiff base),sin estructura,Floral,Frutal,con matiz,Floral,,FIG,media,#c475aa,#975482
1141,2568-25-4,Benzaldehyde propylene glycol acetal,molécula,Floral,,claro,Floral,,FIG,alta,#c475aa,#975482
1142,2186-92-7,"Benzene, 1-​(dimethoxymethyl)​-​4-​methoxy-",molécula,Floral,,claro,Floral,,FIG,alta,#c475aa,#975482
1143,637-69-4,"Benzene, 1-​ethenyl-​4-​methoxy-",molécula,Especiado,Floral,con matiz,Especiado,,FIG,media,#d86f0d,#bb704e
1144,68844-97-3,"Benzeneacetaldehyde, 3,4-dimethyl-",molécula,Verde,Floral,con matiz,Verde,,FIG,media,#43cd99,#4aa781
1145,130786-09-3,"Benzeneacetonitrile, a-butylidene-, (Z)",molécula,Floral,Verde,ambiguo,Floral,pa:Floral,FIG y catálogos,alta,#c475aa,#975482
1146,2206-94-2,"Benzenemethanol, alpha-methylene-, acetate",molécula,Floral,Verde,claro con toque,Floral,pa:Animal,"FIG, catálogo en contra",baja,#c475aa,#975482
1147,134123-93-6,"Benzenepropanenitrile, 4-ethyl-.alpha.,.alpha.-dimethyl-",molécula,Verde,Ozónico,ambiguo,Verde,,FIG,baja,#43cd99,#4aa781
1148,56836-93-2,"Benzenepropanol, a,ß-dimethyl-",molécula,Floral,,claro,Floral,pa:Floral,FIG y catálogos,alta,#c475aa,#975482
1149,65-85-0,Benzoic acid,molécula,Verde,Especiado,con matiz,Verde,,FIG,media,#43cd99,#4aa781
1150,67785-76-6,"Benzoic acid, 2-​[(2-​phenylethylidene)​amino]​-​, methyl ester",molécula,Verde,Floral,ambiguo,Verde,,FIG,baja,#43cd99,#4aa781
1151,111753-60-7,"Benzoic acid, 2-((3-(1,3-benzodioxol-5-yl)-2-methylpropylidene)amino)-, methyl ester",molécula,Floral,,claro,Floral,,FIG,alta,#c475aa,#975482
1152,14735-72-9,"Benzoic acid, 2-.(..(.(4-methoxyphenyl)methylene.).amino.).-,methyl ester",molécula,Floral,,claro,Floral,,FIG,alta,#c475aa,#975482
1153,144761-91-1,"Benzoic acid, 2-[(1-hydroxy-3-phenylbutyl)amino], methyl ester",molécula,Floral,Verde,claro con toque,Floral,,FIG,alta,#c475aa,#975482
1154,68039-34-9,"Benzoic acid, 2-[[[3-(4-hydroxy-4-methylpentyl)-3-cyclohexen-1-",molécula,Floral,,claro,Floral,,FIG,alta,#c475aa,#975482
1155,111753-62-9,"Benzoic acid, 2-[[3-(4-methoxyphenyl)-2-methylpropylidene]amino]-, methyl ester",molécula,Floral,Ozónico,claro con toque,Floral,,FIG,alta,#c475aa,#975482
1156,873888-84-7,"Benzoic acid, 2-hydroxy-, (3Z)-1-methyl-3-hexen-1-yl ester",molécula,Floral,Verde,con matiz,Floral,,FIG,media,#c475aa,#975482
1157,51115-63-0,"Benzoic acid, 2-hydroxy-, 2-methylbutyl ester",molécula,Floral,Verde,con matiz,Floral,,FIG,media,#c475aa,#975482
1158,22717-57-3,"Benzoic acid, 2-hydroxy-5-methyl-, methyl ester",molécula,Frutal,Verde,claro con toque,Frutal,,FIG,alta,#896ffb,#915fd8
1159,89-71-4,"Benzoic acid, 2-methyl-, methyl ester",molécula,Floral,Cítrico,claro con toque,Floral,,FIG,alta,#c475aa,#975482
1160,96682-10-9,"Benzoic acid, 4-​(benzoyloxy)​-​, phenylmethyl ester",molécula,Floral,Especiado,con matiz,Floral,,FIG,media,#c475aa,#975482
1161,119-53-9,Benzoin,molécula,Especiado,Frutal,claro con toque,Especiado,,FIG,alta,#d86f0d,#bb704e
1162,9000-72-0,"Benzoin CO2 extract, Siam",natural o mezcla,Especiado,Frutal,claro con toque,Especiado,,FIG,alta,#d86f0d,#bb704e
1163,9000-72-0,"Benzoin extract, Siam",natural o mezcla,Especiado,Frutal,claro con toque,Especiado,,FIG,alta,#d86f0d,#bb704e
1164,9000-05-9,"Benzoin extract, Sumatra",natural o mezcla,Especiado,Frutal,claro con toque,Especiado,,FIG,alta,#d86f0d,#bb704e
1165,9000-72-0,"Benzoin gum, Siam",natural o mezcla,Especiado,Frutal,claro con toque,Especiado,,FIG,alta,#d86f0d,#bb704e
1166,9000-05-9,"Benzoin gum, Sumatra",natural o mezcla,Especiado,Frutal,claro con toque,Especiado,,FIG,alta,#d86f0d,#bb704e
1167,9000-05-9,Benzoin infusion,natural o mezcla,Especiado,Frutal,claro con toque,Especiado,,FIG,alta,#d86f0d,#bb704e
1168,9000-72-0,"Benzoin resinoid, Siam",natural o mezcla,Especiado,Frutal,claro con toque,Especiado,,FIG,alta,#d86f0d,#bb704e
1169,9000-05-9,"Benzoin resinoid, Sumatra",natural o mezcla,Especiado,Frutal,claro con toque,Especiado,,FIG,alta,#d86f0d,#bb704e
1170,100-47-0,Benzonitrile,molécula,Frutal,,claro,Frutal,,FIG,alta,#896ffb,#915fd8
1171,119-61-9,Benzophenone,molécula,Floral,Verde,claro con toque,Floral,,FIG,alta,#c475aa,#975482
1172,95-16-9,Benzothiazole,molécula,Transformado,Frutal,suelto,Transformado,,FIG,baja,#8a8a8a,#8a8a8a
1173,2094-69-1,"Benzyl 2,2-dimethylpropanoate",molécula,Floral,Verde,ambiguo,Floral,,FIG,baja,#c475aa,#975482
1174,2051-96-9,Benzyl 2-hydroxypropionate,molécula,Floral,Frutal,con matiz,Floral,,FIG,media,#c475aa,#975482
1175,56423-40-6,Benzyl 2-methylbutyrate,molécula,Floral,Frutal,con matiz,Floral,,FIG,media,#c475aa,#975482
1176,140-11-4,Benzyl acetate,molécula,Floral,Frutal,ambiguo,Frutal,symrise:Floral,catálogos,media,#c475aa,#975482
1177,2550-26-7,Benzyl acetone,molécula,Floral,Verde,con matiz,Floral,,FIG,media,#c475aa,#975482
1178,100-51-6,Benzyl alcohol,molécula,Frutal,Especiado,con matiz,Especiado,symrise:Frutal,catálogos,media,#896ffb,#915fd8
1179,120-51-4,Benzyl benzoate,molécula,Especiado,Frutal,con matiz,Especiado,symrise:Floral,"FIG, catálogo en contra",baja,#d86f0d,#bb704e
1180,103-37-7,Benzyl butyrate,molécula,Frutal,,claro,Frutal,,FIG,alta,#896ffb,#915fd8
1181,103-41-3,Benzyl cinnamate,molécula,Especiado,,claro,Especiado,symrise:Especiado,FIG y catálogos,alta,#d86f0d,#bb704e
1182,104-57-4,Benzyl formate,molécula,Floral,Frutal,ambiguo,Floral,symrise:Floral,FIG y catálogos,alta,#c475aa,#975482
1183,6938-45-0,Benzyl hexanoate,molécula,Floral,Frutal,claro con toque,Floral,,FIG,alta,#c475aa,#975482
1184,122-73-6,Benzyl isoamyl ether,molécula,Especiado,Frutal,claro con toque,Especiado,,FIG,alta,#d86f0d,#bb704e
1185,103-28-6,Benzyl isobutyrate,molécula,Frutal,,claro,Frutal,,FIG,alta,#896ffb,#915fd8
1186,103-38-8,Benzyl isovalerate,molécula,Floral,Frutal,con matiz,Floral,,FIG,media,#c475aa,#975482
1187,140-25-0,Benzyl laurate,molécula,Ozónico,,claro,Ozónico,,FIG,alta,#2db9f3,#237da9
1188,100-53-8,Benzyl mercaptan,molécula,Transformado,Verde,suelto,Transformado,,FIG,baja,#8a8a8a,#8a8a8a
1189,538-86-3,Benzyl methyl ether,molécula,Floral,Verde,claro con toque,Floral,,FIG,alta,#c475aa,#975482
1190,10276-85-4,Benzyl octanoate,molécula,Verde,Frutal,ambiguo,Verde,,FIG,baja,#43cd99,#4aa781
1191,102-16-9,Benzyl phenylacetate,molécula,Floral,,claro,Floral,,FIG,alta,#c475aa,#975482
1192,122-63-4,Benzyl propionate,molécula,Floral,Frutal,ambiguo,Frutal,givaudan:Floral;symrise:Floral,catálogos,alta,#c475aa,#975482
1193,118-58-1,Benzyl salicylate,molécula,Floral,Especiado,con matiz,Floral,pa:Floral,FIG y catálogos,alta,#c475aa,#975482
1194,37526-88-8,Benzyl trans-2-methyl-2-butenoate,molécula,Amaderado,Especiado,claro con toque,Amaderado,,FIG,alta,#923002,#944e00
1195,10361-39-4,Benzyl valerate,molécula,Frutal,Floral,con matiz,Frutal,,FIG,media,#896ffb,#915fd8
1196,622-78-6,Benzylisothiocyanate,molécula,Especiado,Transformado,claro con toque,Especiado,,FIG,alta,#d86f0d,#bb704e
1197,8007-75-8,Bergamot oil,natural o mezcla,Cítrico,Floral,claro con toque,Cítrico,,FIG,alta,#c3b503,#a19500
1198,68917-80-6,Bergamot oil terpenes,natural o mezcla,Cítrico,Floral,con matiz,Cítrico,,FIG,media,#c3b503,#a19500
1199,8007-75-8,"Bergamot oil, expressed",natural o mezcla,Cítrico,Floral,claro con toque,Cítrico,,FIG,alta,#c3b503,#a19500
1200,68648-33-9,"Bergamot oil, furocoumarin free",natural o mezcla,Cítrico,Floral,claro con toque,Cítrico,,FIG,alta,#c3b503,#a19500
1201,8007-75-8,"Bergamot oil, rectified",natural o mezcla,Cítrico,Floral,claro con toque,Cítrico,,FIG,alta,#c3b503,#a19500
1202,8007-75-8,"Bergamot oil, terpeneless",natural o mezcla,Cítrico,Floral,claro con toque,Cítrico,,FIG,alta,#c3b503,#a19500
1203,35044-68-9,"beta-1-(2,6,6-Trimethyl-1-cyclohexen-1-yl)-2-buten-1-one",molécula,Floral,Frutal,claro con toque,Floral,,FIG,alta,#c475aa,#975482
1204,87-44-5,beta-Caryophyllene,molécula,Especiado,Amaderado,con matiz,Especiado,,FIG,media,#d86f0d,#bb704e
1205,18794-84-8,beta-Farnesene,molécula,Floral,Amaderado,con matiz,Floral,,FIG,media,#c475aa,#975482
1206,88-84-6,beta-Guaiene,molécula,Amaderado,,claro,Amaderado,,FIG,alta,#923002,#944e00
1207,22029-76-1,beta-Ionol,molécula,Floral,Verde,con matiz,Verde,pa:Floral,catálogos,media,#c475aa,#975482
1208,14901-07-6,beta-Ionone,molécula,Floral,Amaderado,con matiz,Floral,,FIG,media,#c475aa,#975482
1209,22030-19-9,beta-Ionyl acetate,molécula,Frutal,Floral,claro con toque,Frutal,,FIG,alta,#896ffb,#915fd8
1210,55066-49-4,beta-Methyl-benzenepentanal,molécula,Floral,Ozónico,con matiz,Floral,givaudan:Cítrico,"FIG, catálogo en contra",baja,#c475aa,#975482
1211,1123-85-9,beta-Methylphenethyl alcohol,molécula,Floral,Verde,con matiz,Floral,,FIG,media,#c475aa,#975482
1212,63449-68-3,beta-Naphthyl anthranilate,molécula,Floral,Frutal,claro con toque,Floral,,FIG,alta,#c475aa,#975482
1213,93-18-5,beta-Naphthyl ethyl ether,molécula,Floral,,claro,Floral,,FIG,alta,#c475aa,#975482
1214,2173-57-1,beta-Naphthyl isobutyl ether,molécula,Frutal,Floral,con matiz,Frutal,,FIG,media,#896ffb,#915fd8
1215,93-04-9,beta-Naphthyl methyl ether,molécula,Floral,,claro,Floral,pa:Floral,FIG y catálogos,alta,#c475aa,#975482
1216,514-51-2,beta-Patchoulene,molécula,Amaderado,Verde,claro con toque,Amaderado,,FIG,alta,#923002,#944e00
1217,555-10-2,beta-Phellandrene,molécula,Especiado,Cítrico,claro con toque,Especiado,,FIG,alta,#d86f0d,#bb704e
1218,127-91-3,beta-Pinene,molécula,Verde,Cítrico,claro con toque,Verde,,FIG,alta,#43cd99,#4aa781
1219,60066-88-8,beta-Sinensal,molécula,Cítrico,Ozónico,claro con toque,Cítrico,,FIG,alta,#c3b503,#a19500
1220,464-48-2,"Bicyclo(2.2.1)heptan-2-one, 1,7,7-trimethyl-, (1S)-",molécula,Verde,,claro,Verde,,FIG,alta,#43cd99,#4aa781
1221,116126-82-0,"Bicyclo[2.2.1]hept-5-ene-2-carboxylic acid, 3-(1-methylethyl)-, ethyl ester, (2-exo,3-",molécula,Frutal,,claro,Frutal,,FIG,alta,#896ffb,#915fd8
1222,55066-54-1,"Bicyclo[2.2.1]heptan-2-ol, 1,3,3-trimethyl-, benzoate",molécula,Verde,Ozónico,claro con toque,Verde,,FIG,alta,#43cd99,#4aa781
1223,137255-07-3,"Bicyclo[2.2.1]heptan-2-ol, 2-ethyl-1,3,3-trimethyl-, (1R,2R,4S)-",molécula,Verde,Amaderado,con matiz,Verde,,FIG,media,#43cd99,#4aa781
1224,67800-86-6,"Bicyclo[2.2.1]heptane, 2-ethoxy-1,3,3-trimethyl-",molécula,Verde,Amaderado,claro con toque,Verde,,FIG,alta,#43cd99,#4aa781
1225,862111-34-0,"Bicyclo[2.2.1]heptane, 2-ethyl-6-methoxy-",molécula,Cítrico,Verde,ambiguo,Cítrico,,FIG,baja,#c3b503,#a19500
1226,4747-61-9,"Bicyclo[3.1.1]​heptane-​2-​ethanol, 6,​6-​dimethyl-",molécula,Floral,Verde,con matiz,Floral,,FIG,media,#c475aa,#975482
1227,30897-75-7,"Bicyclo[3.1.1]hept-2-ene-2-acetaldehyde, 6,6-dimethyl-",molécula,Verde,Amaderado,claro con toque,Verde,,FIG,alta,#43cd99,#4aa781
1228,1196-01-6,"Bicyclo[3.1.1]hept-3-en-2-one, 4,6,6-trimethyl-, (1S,5S)-",molécula,Verde,,claro,Verde,,FIG,alta,#43cd99,#4aa781
1229,216970-21-7,"Bicyclo[4,3,1]decane, 3-methoxy-7,7-dimethyl-10-methylene",molécula,Amaderado,Cítrico,con matiz,Amaderado,,FIG,media,#923002,#944e00
1230,92-52-4,Biphenyl,molécula,Verde,Floral,ambiguo,Verde,,FIG,baja,#43cd99,#4aa781
1231,8001-88-5,"Birch tar oil, rectified",natural o mezcla,Amaderado,,claro,Amaderado,pa:Amaderado,FIG y catálogos,alta,#923002,#944e00
1232,26160-83-8,"Bis(hydroxymethyl)tricyclo[5.2.1.02,6]decane",molécula,Amaderado,Animal,con matiz,Amaderado,,FIG,media,#923002,#944e00
1233,1618-26-4,bis-(Methylthio)methane,molécula,Transformado,Amaderado,suelto,Transformado,,FIG,baja,#8a8a8a,#8a8a8a
1234,495-62-5,Bisabolene,molécula,Especiado,,claro,Especiado,givaudan:Floral;pa:Frutal,"FIG, catálogo en contra",baja,#d86f0d,#bb704e
1235,507-70-0,Borneol,molécula,Verde,,claro,Verde,,FIG,alta,#43cd99,#4aa781
1236,76-49-3,Bornyl acetate,molécula,Amaderado,Verde,con matiz,Amaderado,,FIG,media,#923002,#944e00
1237,76-50-6,Bornyl isovalerate,molécula,Amaderado,Verde,con matiz,Amaderado,,FIG,media,#923002,#944e00
1238,8053-33-6,Boronia absolute,natural o mezcla,Frutal,,claro,Frutal,,FIG,alta,#896ffb,#915fd8
1239,68916-76-7,Bran absolute,natural o mezcla,Especiado,Frutal,con matiz,Especiado,pa:Especiado,FIG y catálogos,alta,#d86f0d,#bb704e
1240,68650-46-4,"Bucchu absolute, betulina",natural o mezcla,Frutal,Verde,ambiguo,Frutal,,FIG,baja,#896ffb,#915fd8
1241,68650-46-4,"Bucchu oil, betulina",natural o mezcla,Frutal,Verde,ambiguo,Frutal,,FIG,baja,#896ffb,#915fd8
1242,92346-85-5,"Bucchu oil, crenulata",natural o mezcla,Verde,Frutal,claro con toque,Verde,,FIG,alta,#43cd99,#4aa781
1243,68650-46-4,"Bucchu oil, rectified, betulina",natural o mezcla,Frutal,Verde,ambiguo,Frutal,,FIG,baja,#896ffb,#915fd8
1244,68650-46-4,"Bucchu resinoid, betulina",natural o mezcla,Frutal,Verde,ambiguo,Frutal,,FIG,baja,#896ffb,#915fd8
1245,94333-88-7,"Bulnesia sarmienti, ext., acetate",sin estructura,Amaderado,,claro,Amaderado,,FIG,alta,#923002,#944e00
1246,959130-05-3,Bursera graveolens wood oil,natural o mezcla,Verde,Cítrico,con matiz,Verde,pa:Amaderado,"FIG, catálogo en contra",baja,#43cd99,#4aa781
1247,406488-30-0,"Butanamide, 2-ethyl-N-methyl-N-(3-methylphenyl)-",molécula,Frutal,Cítrico,claro con toque,Frutal,,FIG,alta,#896ffb,#915fd8
1248,155514-23-1,"Butanoic acid, 2-​methyl-​, 5-​hexen-​1-​yl ester",molécula,Verde,Frutal,ambiguo,Verde,,FIG,baja,#43cd99,#4aa781
1249,1266606-26-1,"Butanoic acid, 2-​methyl-​5-​(1-​methylethyl)​cyclopentyl ester",molécula,Frutal,Verde,con matiz,Frutal,,FIG,media,#896ffb,#915fd8
1250,68039-26-9,"Butanoic acid, 2-methyl-, pentyl ester",molécula,Frutal,,claro,Frutal,,FIG,alta,#896ffb,#915fd8
1251,34322-08-2,"Butanoic acid, 2-methyl, S-(1-methylpropyl) ester",molécula,Frutal,Transformado,con matiz,Frutal,,FIG,media,#896ffb,#915fd8
1252,113889-23-9,"Butanoic acid, 3a,4,5,6,7,7a-hexahydro-4,7-methano-1H-indenyl ester",molécula,Frutal,Amaderado,claro con toque,Frutal,pa:Frutal,FIG y catálogos,alta,#896ffb,#915fd8
1253,91745-88-9,Butter acids,sin estructura,Transformado,Frutal,suelto,Transformado,,FIG,baja,#8a8a8a,#8a8a8a
1254,97926-23-3,Butter esters,sin estructura,Frutal,,claro,Frutal,,FIG,alta,#896ffb,#915fd8
1255,109-42-2,Butyl 10-undecenoate,molécula,Frutal,,claro,Frutal,,FIG,alta,#896ffb,#915fd8
1256,7785-66-2,Butyl 2-methylcrotonate (E),molécula,Floral,Frutal,con matiz,Floral,,FIG,media,#c475aa,#975482
1257,7785-64-0,Butyl 2-methylcrotonate (Z),molécula,Frutal,Floral,con matiz,Frutal,,FIG,media,#896ffb,#915fd8
1258,6297-41-2,Butyl 2-methylvalerate,molécula,Verde,Floral,claro con toque,Verde,,FIG,alta,#43cd99,#4aa781
1259,123-86-4,Butyl acetate,molécula,Frutal,,claro,Frutal,pa:Frutal,FIG y catálogos,alta,#896ffb,#915fd8
1260,71-36-3,Butyl alcohol,molécula,Frutal,,claro,Frutal,,FIG,alta,#896ffb,#915fd8
1261,7756-96-9,Butyl anthranilate,molécula,Floral,Verde,claro con toque,Floral,,FIG,alta,#c475aa,#975482
1262,136-60-7,Butyl benzoate,molécula,Floral,Especiado,con matiz,Floral,,FIG,media,#c475aa,#975482
1263,109-21-7,Butyl butyrate,molécula,Frutal,,claro,Frutal,,FIG,alta,#896ffb,#915fd8
1264,7492-70-8,Butyl butyryllactate,molécula,Frutal,,claro,Frutal,,FIG,alta,#896ffb,#915fd8
1265,538-65-8,Butyl cinnamate,molécula,Especiado,Frutal,claro con toque,Especiado,,FIG,alta,#d86f0d,#bb704e
1266,592-84-7,Butyl formate,molécula,Frutal,Transformado,claro con toque,Frutal,,FIG,alta,#896ffb,#915fd8
1267,626-82-4,Butyl hexanoate,molécula,Frutal,,claro,Frutal,,FIG,alta,#896ffb,#915fd8
1268,97-87-0,Butyl isobutyrate,molécula,Frutal,,claro,Frutal,,FIG,alta,#896ffb,#915fd8
1269,109-19-3,Butyl isovalerate,molécula,Frutal,,claro,Frutal,,FIG,alta,#896ffb,#915fd8
1270,138-22-7,Butyl lactate,molécula,Frutal,Ozónico,claro con toque,Frutal,,FIG,alta,#896ffb,#915fd8
1271,2052-15-5,Butyl levulinate,molécula,Frutal,Ozónico,con matiz,Frutal,,FIG,media,#896ffb,#915fd8
1272,589-75-3,Butyl octanoate,molécula,Frutal,Verde,claro con toque,Frutal,,FIG,alta,#896ffb,#915fd8
1273,122-43-0,Butyl phenylacetate,molécula,Floral,Frutal,ambiguo,Floral,,FIG,baja,#c475aa,#975482
1274,590-01-2,Butyl propionate,molécula,Frutal,,claro,Frutal,,FIG,alta,#896ffb,#915fd8
1275,2052-14-4,Butyl salicylate,molécula,Floral,Frutal,claro con toque,Floral,,FIG,alta,#c475aa,#975482
1276,544-40-1,Butyl sulfide,molécula,Frutal,Floral,ambiguo,Frutal,,FIG,baja,#896ffb,#915fd8
1277,123-72-8,Butyraldehyde,molécula,Frutal,,claro,Frutal,,FIG,alta,#896ffb,#915fd8
1278,107-92-6,Butyric acid,molécula,Transformado,Frutal,suelto,Transformado,pa:Frutal,"FIG, catálogo en contra",baja,#8a8a8a,#8a8a8a
1279,84012-17-9,Buxus sempervirens absolute,natural o mezcla,Amaderado,Especiado,claro con toque,Amaderado,,FIG,alta,#923002,#944e00
1280,68188-03-4,Cabreuva oil,natural o mezcla,Amaderado,Especiado,claro con toque,Amaderado,,FIG,alta,#923002,#944e00
1281,8002-31-1,Cacao absolute,natural o mezcla,Frutal,Floral,claro con toque,Frutal,,FIG,alta,#896ffb,#915fd8
1282,8002-31-1,Cacao extract,natural o mezcla,Frutal,Floral,claro con toque,Frutal,,FIG,alta,#896ffb,#915fd8
1283,8002-31-1,Cacao infusion and tincture,natural o mezcla,Frutal,Floral,claro con toque,Frutal,,FIG,alta,#896ffb,#915fd8
1284,8002-31-1,Cacao oil,natural o mezcla,Frutal,Floral,claro con toque,Frutal,,FIG,alta,#896ffb,#915fd8
1285,8013-10-3,Cade oil,natural o mezcla,Amaderado,Animal,claro con toque,Amaderado,,FIG,alta,#923002,#944e00
1286,8013-10-3,Cade oil,natural o mezcla,Amaderado,Animal,claro con toque,Amaderado,,FIG,alta,#923002,#944e00
1287,8013-10-3,"Cade oil, rectified",natural o mezcla,Amaderado,Animal,claro con toque,Amaderado,,FIG,alta,#923002,#944e00
1288,29350-73-0,Cadinene,molécula,Amaderado,,claro,Amaderado,,FIG,alta,#923002,#944e00
1289,8008-98-8,Cajuput oil,natural o mezcla,Verde,,claro,Verde,,FIG,alta,#43cd99,#4aa781
1290,8015-79-0,Calamus oil,natural o mezcla,Amaderado,Especiado,claro con toque,Amaderado,,FIG,alta,#923002,#944e00
1291,1069136-34-0,Callitropsis nootkatensis oil,natural o mezcla,Amaderado,,claro,Amaderado,,FIG,alta,#923002,#944e00
1292,1069136-34-0,"Callitropsis nootkatensis oil, rectified",natural o mezcla,Amaderado,,claro,Amaderado,,FIG,alta,#923002,#944e00
1293,68916-73-4,Camellia leaf extract,natural o mezcla,Floral,Verde,ambiguo,Floral,,FIG,baja,#c475aa,#975482
1294,68916-73-4,Camillia leaf concentrate,natural o mezcla,Floral,Verde,ambiguo,Floral,,FIG,baja,#c475aa,#975482
1295,68916-73-4,Camillia leaf distillate,natural o mezcla,Floral,Verde,ambiguo,Floral,,FIG,baja,#c475aa,#975482
1296,79-92-5,Camphene,molécula,Verde,Amaderado,claro con toque,Verde,,FIG,alta,#43cd99,#4aa781
1297,8008-51-3,"Camphor oil, white",natural o mezcla,Verde,,claro,Verde,,FIG,alta,#43cd99,#4aa781
1298,8008-51-3,"Camphor oil, white, rectified",natural o mezcla,Verde,,claro,Verde,,FIG,alta,#43cd99,#4aa781
1299,68606-83-7,Cananga oil,natural o mezcla,Floral,Especiado,con matiz,Floral,,FIG,media,#c475aa,#975482
1300,8023-77-6,Capsicum oleoresin,natural o mezcla,Especiado,Verde,con matiz,Especiado,,FIG,media,#d86f0d,#bb704e
1301,97675-54-2,Carambola alcoholate,sin estructura,Frutal,,claro,Frutal,,FIG,alta,#896ffb,#915fd8
1302,8000-42-8,Caraway seed oil,natural o mezcla,Verde,Especiado,con matiz,Verde,,FIG,media,#43cd99,#4aa781
1303,8000-42-8,"Caraway seed oil, rectified",natural o mezcla,Verde,Especiado,con matiz,Verde,,FIG,media,#43cd99,#4aa781
1304,67643-70-3,"Carbamic acid, N,N-dimethyl-, 1-ethenyl-1,5-dimethyl-4-hexen-1-yl ester",molécula,Especiado,,claro,Especiado,,FIG,alta,#d86f0d,#bb704e
1305,8000-66-6,Cardamom seed absolute,natural o mezcla,Especiado,Verde,con matiz,Especiado,pa:Especiado,FIG y catálogos,alta,#d86f0d,#bb704e
1306,8000-66-6,Cardamom seed CO2 extract,natural o mezcla,Especiado,Verde,con matiz,Especiado,pa:Especiado,FIG y catálogos,alta,#d86f0d,#bb704e
1307,8000-66-6,Cardamom seed distillate,natural o mezcla,Especiado,Verde,con matiz,Especiado,pa:Especiado,FIG y catálogos,alta,#d86f0d,#bb704e
1308,8000-66-6,Cardamom seed extract,natural o mezcla,Especiado,Verde,con matiz,Especiado,pa:Especiado,FIG y catálogos,alta,#d86f0d,#bb704e
1309,8000-66-6,Cardamom seed oil,natural o mezcla,Especiado,Verde,con matiz,Especiado,pa:Especiado,FIG y catálogos,alta,#d86f0d,#bb704e
1310,8000-66-6,Cardamon seed,natural o mezcla,Especiado,Verde,con matiz,Especiado,pa:Especiado,FIG y catálogos,alta,#d86f0d,#bb704e
1311,8021-43-0,Carnation absolute,natural o mezcla,Floral,Especiado,claro con toque,Floral,,FIG,alta,#c475aa,#975482
1312,79070-15-8,Carob absolute,natural o mezcla,Amaderado,Frutal,claro con toque,Amaderado,,FIG,alta,#923002,#944e00
1313,79070-15-8,Carob bean extract,natural o mezcla,Amaderado,Frutal,claro con toque,Amaderado,,FIG,alta,#923002,#944e00
1314,8015-88-1,Carrot seed,natural o mezcla,Floral,Frutal,claro con toque,Floral,,FIG,alta,#c475aa,#975482
1315,8015-88-1,Carrot seed absolute,natural o mezcla,Floral,Frutal,claro con toque,Floral,,FIG,alta,#c475aa,#975482
1316,8015-88-1,Carrot seed oil,natural o mezcla,Floral,Frutal,claro con toque,Floral,,FIG,alta,#c475aa,#975482
1317,8015-88-1,Carrot seed oil terpenless,natural o mezcla,Floral,Frutal,claro con toque,Floral,,FIG,alta,#c475aa,#975482
1318,8015-88-1,"Carrot seed oil, rectified",natural o mezcla,Floral,Frutal,claro con toque,Floral,,FIG,alta,#c475aa,#975482
1319,499-75-2,Carvacrol,molécula,Verde,,claro,Verde,,FIG,alta,#43cd99,#4aa781
1320,99-48-9,Carveol,molécula,Verde,,claro,Verde,,FIG,alta,#43cd99,#4aa781
1321,97-42-7,Carvyl acetate,molécula,Verde,,claro,Verde,,FIG,alta,#43cd99,#4aa781
1322,97-45-0,Carvyl propionate,molécula,Verde,,claro,Verde,,FIG,alta,#43cd99,#4aa781
1323,57082-24-3,Caryophyllene acetate,molécula,Amaderado,Frutal,con matiz,Amaderado,,FIG,media,#923002,#944e00
1324,75975-83-6,Caryophyllene acetylated,sin estructura,Amaderado,Especiado,con matiz,Amaderado,,FIG,media,#923002,#944e00
1325,32214-91-8,Caryophyllene alcohol acetate,molécula,Especiado,Frutal,con matiz,Especiado,,FIG,media,#d86f0d,#bb704e
1326,1139-30-6,Caryophyllene oxide,molécula,Amaderado,Verde,con matiz,Amaderado,,FIG,media,#923002,#944e00
1327,8007-06-5,Cascarilla bark extract,natural o mezcla,Especiado,Amaderado,con matiz,Especiado,,FIG,media,#d86f0d,#bb704e
1328,8007-06-5,Cascarilla bark oil,natural o mezcla,Especiado,Amaderado,con matiz,Especiado,,FIG,media,#d86f0d,#bb704e
1329,8007-80-5,Cassia backs terpenes,natural o mezcla,Especiado,,claro,Especiado,,FIG,alta,#d86f0d,#bb704e
1330,8007-80-5,Cassia bark extract,natural o mezcla,Especiado,,claro,Especiado,,FIG,alta,#d86f0d,#bb704e
1331,8007-80-5,Cassia bark oil,natural o mezcla,Especiado,Amaderado,con matiz,Especiado,,FIG,media,#d86f0d,#bb704e
1332,8007-80-5,Cassia oil,natural o mezcla,Especiado,,claro,Especiado,,FIG,alta,#d86f0d,#bb704e
1333,8007-80-5,"Cassia oil, (low coumarin)",natural o mezcla,Especiado,,claro,Especiado,,FIG,alta,#d86f0d,#bb704e
1334,8007-80-5,"Cassia oil, rectified",natural o mezcla,Especiado,,claro,Especiado,,FIG,alta,#d86f0d,#bb704e
1335,8023-82-3,Cassie absolute,natural o mezcla,Floral,Especiado,claro con toque,Floral,pa:Floral,FIG y catálogos,alta,#c475aa,#975482
1336,97676-19-2,Cassis bud absolute,natural o mezcla,Frutal,Verde,claro con toque,Frutal,pa:Frutal,FIG y catálogos,alta,#896ffb,#915fd8
1337,97676-19-2,Cassis bud CO2 extract,natural o mezcla,Frutal,Verde,claro con toque,Frutal,pa:Frutal,FIG y catálogos,alta,#896ffb,#915fd8
1338,97676-19-2,Cassis bud oil,natural o mezcla,Frutal,Verde,claro con toque,Frutal,pa:Frutal,FIG y catálogos,alta,#896ffb,#915fd8
1339,97676-19-2,"Cassis bud oil, terpeneless",natural o mezcla,Frutal,Verde,claro con toque,Frutal,pa:Frutal,FIG y catálogos,alta,#896ffb,#915fd8
1340,97676-19-2,Cassis essence oil,natural o mezcla,Frutal,Verde,claro con toque,Frutal,pa:Frutal,FIG y catálogos,alta,#896ffb,#915fd8
1341,97676-19-2,Cassis tincture,natural o mezcla,Frutal,Verde,con matiz,Frutal,pa:Frutal,FIG y catálogos,alta,#896ffb,#915fd8
1342,871465-49-5,Cassyrane,molécula,Frutal,,claro,Frutal,,FIG,alta,#896ffb,#915fd8
1343,8023-83-4,Castoreum absolute,natural o mezcla,Animal,Amaderado,claro con toque,Animal,,FIG,alta,#d22c50,#ca224a
1344,8023-83-4,Castoreum concrete,natural o mezcla,Animal,Amaderado,claro con toque,Animal,,FIG,alta,#d22c50,#ca224a
1345,8023-83-4,Castoreum extract,natural o mezcla,Animal,Amaderado,claro con toque,Animal,,FIG,alta,#d22c50,#ca224a
1346,8023-83-4,Castoreum resinoid,natural o mezcla,Animal,Amaderado,claro con toque,Animal,,FIG,alta,#d22c50,#ca224a
1347,8023-83-4,Castoreum tincture,natural o mezcla,Animal,Amaderado,claro con toque,Animal,,FIG,alta,#d22c50,#ca224a
1348,8007-20-3,Cedar leaf oil,natural o mezcla,Verde,Amaderado,con matiz,Verde,,FIG,media,#43cd99,#4aa781
1349,91770-83-1,"Cedar leaf oil, China",natural o mezcla,Verde,,claro,Verde,,FIG,alta,#43cd99,#4aa781
1350,68917-35-1,"Cedar leaf oil, East Canada",natural o mezcla,Verde,,claro,Verde,,FIG,alta,#43cd99,#4aa781
1351,8007-20-3,"Cedar leaf oil, rectified",natural o mezcla,Verde,Amaderado,claro con toque,Verde,,FIG,alta,#43cd99,#4aa781
1352,68990-83-0,"Cedarwood extract, Texas",natural o mezcla,Amaderado,Floral,claro con toque,Amaderado,,FIG,alta,#923002,#944e00
1353,8023-85-6,"Cedarwood extract, Atlas",natural o mezcla,Amaderado,Frutal,claro con toque,Amaderado,,FIG,alta,#923002,#944e00
1354,68990-83-0,"Cedarwood oil (low cedrol), Texas",natural o mezcla,Amaderado,Floral,claro con toque,Amaderado,,FIG,alta,#923002,#944e00
1355,61789-42-2,Cedarwood oil acetylated,natural o mezcla,Amaderado,Especiado,claro con toque,Amaderado,,FIG,alta,#923002,#944e00
1356,68608-32-2,Cedarwood oil terpenes,natural o mezcla,Amaderado,,claro,Amaderado,pa:Amaderado,FIG y catálogos,alta,#923002,#944e00
1357,8023-85-6,"Cedarwood oil, Atlas",natural o mezcla,Amaderado,Frutal,claro con toque,Amaderado,,FIG,alta,#923002,#944e00
1358,8023-85-6,"Cedarwood oil, Atlas, rectified",natural o mezcla,Amaderado,Frutal,claro con toque,Amaderado,,FIG,alta,#923002,#944e00
1359,1159574-01-2,"Cedarwood oil, Chinese",natural o mezcla,Amaderado,,claro,Amaderado,,FIG,alta,#923002,#944e00
1360,1159574-01-2,"Cedarwood oil, Chinese, rectified",natural o mezcla,Amaderado,,claro,Amaderado,,FIG,alta,#923002,#944e00
1361,68648-34-0,"Cedarwood oil, epoxidized",natural o mezcla,Amaderado,Especiado,claro con toque,Amaderado,,FIG,alta,#923002,#944e00
1362,68991-36-6,"Cedarwood oil, Himalaya",natural o mezcla,Amaderado,,claro,Amaderado,,FIG,alta,#923002,#944e00
1363,68916-71-2,"Cedarwood oil, oxidized",natural o mezcla,Amaderado,,claro,Amaderado,,FIG,alta,#923002,#944e00
1364,68603-22-5,"Cedarwood oil, terpeneless",natural o mezcla,Amaderado,,claro,Amaderado,,FIG,alta,#923002,#944e00
1365,68990-83-0,"Cedarwood oil, Texas",natural o mezcla,Amaderado,Floral,claro con toque,Amaderado,,FIG,alta,#923002,#944e00
1366,68990-83-0,"Cedarwood oil, Texas, rectified",natural o mezcla,Amaderado,Floral,claro con toque,Amaderado,,FIG,alta,#923002,#944e00
1367,8000-27-9,"Cedarwood oil, Virginian",natural o mezcla,Amaderado,Frutal,claro con toque,Amaderado,pa:Amaderado,FIG y catálogos,alta,#923002,#944e00
1368,8000-27-9,"Cedarwood oil, Virginian, rectified",natural o mezcla,Amaderado,Frutal,claro con toque,Amaderado,pa:Amaderado,FIG y catálogos,alta,#923002,#944e00
1369,1159574-01-2,"Cedarwood terpenes, Chinese",natural o mezcla,Amaderado,Especiado,con matiz,Amaderado,,FIG,media,#923002,#944e00
1370,8000-27-9,"Cedarwood terpenes, Virginia",natural o mezcla,Amaderado,Frutal,claro con toque,Amaderado,pa:Amaderado,FIG y catálogos,alta,#923002,#944e00
1371,13567-39-0,Cedr-8-ene epoxide,molécula,Amaderado,Especiado,con matiz,Amaderado,pa:Amaderado,FIG y catálogos,alta,#923002,#944e00
1372,11028-42-5,Cedrene,molécula,Amaderado,Especiado,claro con toque,Amaderado,,FIG,alta,#923002,#944e00
1373,28231-03-0,Cedrenol,molécula,Amaderado,Especiado,claro con toque,Amaderado,,FIG,alta,#923002,#944e00
1374,30960-39-5,Cedrenone,molécula,Amaderado,Floral,claro con toque,Amaderado,,FIG,alta,#923002,#944e00
1375,1405-92-1,Cedrenyl acetate,molécula,Amaderado,,claro,Amaderado,,FIG,alta,#923002,#944e00
1376,39900-38-4,Cedrenyl formate,molécula,Amaderado,Floral,claro con toque,Amaderado,,FIG,alta,#923002,#944e00
1377,77-53-2,Cedrol,molécula,Amaderado,,claro,Amaderado,pa:Amaderado,FIG y catálogos,alta,#923002,#944e00
1378,19870-74-7,Cedrol methyl ether,molécula,Amaderado,Especiado,claro con toque,Amaderado,,FIG,alta,#923002,#944e00
1379,77-54-3,Cedryl acetate,molécula,Amaderado,,claro,Amaderado,pa:Amaderado,FIG y catálogos,alta,#923002,#944e00
1380,39900-38-4,Cedryl formate,molécula,Amaderado,Floral,claro con toque,Amaderado,,FIG,alta,#923002,#944e00
1381,67874-81-1,Cedryl methyl ether,molécula,Amaderado,Especiado,con matiz,Amaderado,,FIG,media,#923002,#944e00
1382,8015-90-5,Celery seed absolute,natural o mezcla,Verde,Especiado,con matiz,Verde,,FIG,media,#43cd99,#4aa781
1383,8015-90-5,Celery seed CO2 extract,natural o mezcla,Verde,Especiado,con matiz,Verde,,FIG,media,#43cd99,#4aa781
1384,8015-90-5,Celery seed extract,natural o mezcla,Verde,Especiado,con matiz,Verde,,FIG,media,#43cd99,#4aa781
1385,8015-90-5,Celery seed oil,natural o mezcla,Verde,Especiado,con matiz,Verde,,FIG,media,#43cd99,#4aa781
1386,8015-90-5,Celery seed oleoresin,natural o mezcla,Verde,Especiado,con matiz,Verde,,FIG,media,#43cd99,#4aa781
1387,8002-66-2,Chamomile flower absolute,natural o mezcla,Verde,,claro,Verde,pa:Verde,FIG y catálogos,alta,#43cd99,#4aa781
1388,8002-66-2,"Chamomile flower oil, blue",natural o mezcla,Verde,Frutal,con matiz,Verde,pa:Verde,FIG y catálogos,alta,#43cd99,#4aa781
1389,8002-66-2,"Chamomile flower oil, blue",natural o mezcla,Verde,Amaderado,con matiz,Verde,pa:Verde,FIG y catálogos,alta,#43cd99,#4aa781
1390,8015-92-7,"Chamomile flower oil, Roman",natural o mezcla,Verde,Frutal,claro con toque,Verde,pa:Verde,FIG y catálogos,alta,#43cd99,#4aa781
1391,8015-92-7,"Chamomile flower, English, oil",natural o mezcla,Verde,,claro,Verde,pa:Verde,FIG y catálogos,alta,#43cd99,#4aa781
1392,68916-68-7,"Chamomile oil, Moroccan",natural o mezcla,Verde,Frutal,claro con toque,Verde,,FIG,alta,#43cd99,#4aa781
1393,8006-76-6,Champaca absolute,natural o mezcla,Floral,Frutal,con matiz,Floral,,FIG,media,#c475aa,#975482
1394,8006-76-6,Champaca leaf oil,natural o mezcla,Floral,,claro,Floral,,FIG,alta,#c475aa,#975482
1395,8006-76-6,Champaca oil,natural o mezcla,Floral,Verde,con matiz,Floral,,FIG,media,#c475aa,#975482
1396,68990-12-5,Cinchona bark red extract,natural o mezcla,Amaderado,Verde,con matiz,Amaderado,,FIG,media,#923002,#944e00
1397,104-55-2,Cinnamaldehyde,molécula,Especiado,,claro,Especiado,symrise:Especiado,FIG y catálogos,alta,#d86f0d,#bb704e
1398,621-82-9,Cinnamic acid,molécula,Especiado,,claro,Especiado,,FIG,alta,#d86f0d,#bb704e
1399,4364-06-1,Cinnamic aldehyde dimethyl acetal,molécula,Verde,Especiado,con matiz,Verde,,FIG,media,#43cd99,#4aa781
1400,8015-91-6,Cinnamon bark CO2 extract,natural o mezcla,Especiado,,claro,Especiado,,FIG,alta,#d86f0d,#bb704e
1401,8015-91-6,Cinnamon bark extract,natural o mezcla,Especiado,,claro,Especiado,,FIG,alta,#d86f0d,#bb704e
1402,8015-91-6,Cinnamon bark oil,natural o mezcla,Especiado,,claro,Especiado,,FIG,alta,#d86f0d,#bb704e
1403,97659-68-2,"Cinnamon bark oil, Laos",natural o mezcla,Especiado,,claro,Especiado,,FIG,alta,#d86f0d,#bb704e
1404,8015-91-6,Cinnamon leaf oil,natural o mezcla,Especiado,,claro,Especiado,,FIG,alta,#d86f0d,#bb704e
1405,8015-91-6,"Cinnamon leaf oil, rectified",natural o mezcla,Especiado,,claro,Especiado,,FIG,alta,#d86f0d,#bb704e
1406,8015-91-6,Cinnamon leaf oleoresin,natural o mezcla,Especiado,,claro,Especiado,,FIG,alta,#d86f0d,#bb704e
1407,4360-47-8,Cinnamonitrile (isomer unspecified),molécula,Especiado,Floral,claro con toque,Especiado,,FIG,alta,#d86f0d,#bb704e
1408,103-54-8,Cinnamyl acetate,molécula,Especiado,Floral,con matiz,Especiado,symrise:Especiado,FIG y catálogos,alta,#d86f0d,#bb704e
1409,104-54-1,Cinnamyl alcohol,molécula,Especiado,,claro,Especiado,symrise:Especiado,FIG y catálogos,alta,#d86f0d,#bb704e
1410,5320-75-2,Cinnamyl benzoate,molécula,Especiado,,claro,Especiado,,FIG,alta,#d86f0d,#bb704e
1411,103-61-7,Cinnamyl butyrate,molécula,Frutal,Especiado,con matiz,Frutal,,FIG,media,#896ffb,#915fd8
1412,122-69-0,Cinnamyl cinnamate,molécula,Especiado,Frutal,claro con toque,Especiado,pa:Especiado,FIG y catálogos,alta,#d86f0d,#bb704e
1413,104-65-4,Cinnamyl formate,molécula,Especiado,Frutal,claro con toque,Especiado,,FIG,alta,#d86f0d,#bb704e
1414,103-59-3,Cinnamyl isobutyrate,molécula,Frutal,Especiado,ambiguo,Frutal,,FIG,baja,#896ffb,#915fd8
1415,140-27-2,Cinnamyl isovalerate,molécula,Frutal,Especiado,con matiz,Frutal,,FIG,media,#896ffb,#915fd8
1416,1885-38-7,Cinnamyl nitrile,molécula,Especiado,Ozónico,claro con toque,Especiado,,FIG,alta,#d86f0d,#bb704e
1417,103-56-0,Cinnamyl propionate,molécula,Especiado,Frutal,claro con toque,Especiado,,FIG,alta,#d86f0d,#bb704e
1418,71660-03-2,"cis- and trans-p-1(7),8-Menthadien-2-yl acetate",molécula,Verde,,claro,Verde,,FIG,alta,#43cd99,#4aa781
1419,23726-94-5,"cis-1-(2,6,6-Trimethyl-2-cyclohexen-1-yl)-2-Buten-1-one",molécula,Floral,Frutal,claro con toque,Floral,,FIG,alta,#c475aa,#975482
1420,59323-76-1,"cis-2-Methyl-4-propyl-1,3-oxathiane",molécula,Frutal,Cítrico,con matiz,Frutal,symrise:Frutal,FIG y catálogos,alta,#896ffb,#915fd8
1421,7214-18-8,cis-2-tert-Butylcyclohexan-1-ol,molécula,Amaderado,Verde,ambiguo,Amaderado,,FIG,baja,#923002,#944e00
1422,20298-69-5,cis-2-tert-Butylcyclohexyl acetate,molécula,Frutal,Amaderado,claro con toque,Frutal,,FIG,alta,#896ffb,#915fd8
1423,933-48-2,"cis-3,5,5-Trimethylcyclohexan-1-ol",molécula,Verde,Amaderado,con matiz,Verde,,FIG,media,#43cd99,#4aa781
1424,1576-78-9,cis-3-Heptenyl acetate,molécula,Frutal,Verde,con matiz,Frutal,,FIG,media,#896ffb,#915fd8
1425,3681-71-8,cis-3-Hexen-1-yl acetate,molécula,Verde,Frutal,ambiguo,Verde,symrise:Verde,FIG y catálogos,alta,#43cd99,#4aa781
1426,6789-80-6,cis-3-Hexenal,molécula,Verde,Frutal,claro con toque,Verde,,FIG,alta,#43cd99,#4aa781
1427,928-96-1,cis-3-Hexenol,molécula,Verde,,claro,Verde,pa:Verde,FIG y catálogos,alta,#43cd99,#4aa781
1428,65405-76-7,cis-3-Hexenyl anthranilate,molécula,Frutal,Verde,con matiz,Frutal,,FIG,media,#896ffb,#915fd8
1429,25152-85-6,cis-3-Hexenyl benzoate,molécula,Verde,Floral,con matiz,Floral,pa:Verde,catálogos,media,#43cd99,#4aa781
1430,16491-36-4,cis-3-Hexenyl butyrate,molécula,Verde,Frutal,ambiguo,Verde,,FIG,baja,#43cd99,#4aa781
1431,68133-75-5,cis-3-Hexenyl cinnamate,molécula,Verde,Especiado,con matiz,Verde,,FIG,media,#43cd99,#4aa781
1432,61444-38-0,cis-3-Hexenyl cis-3-hexenoate,molécula,Frutal,Verde,con matiz,Frutal,,FIG,media,#896ffb,#915fd8
1433,33467-73-1,Cis-3-Hexenyl Formate,molécula,Verde,Frutal,claro con toque,Verde,,FIG,alta,#43cd99,#4aa781
1434,31501-11-8,cis-3-Hexenyl hexanoate,molécula,Frutal,Verde,con matiz,Frutal,,FIG,media,#896ffb,#915fd8
1435,41519-23-7,cis-3-Hexenyl isobutyrate,molécula,Verde,Frutal,ambiguo,Verde,,FIG,baja,#43cd99,#4aa781
1436,35154-45-1,cis-3-Hexenyl isovalerate,molécula,Verde,Frutal,ambiguo,Verde,,FIG,baja,#43cd99,#4aa781
1437,61931-81-5,cis-3-Hexenyl lactate,molécula,Verde,Frutal,ambiguo,Verde,,FIG,baja,#43cd99,#4aa781
1438,67633-96-9,cis-3-Hexenyl methyl carbonate,molécula,Verde,Floral,claro con toque,Verde,pa:Verde;symrise:Verde,FIG y catálogos,alta,#43cd99,#4aa781
1439,33467-74-2,cis-3-Hexenyl propionate,molécula,Verde,Frutal,ambiguo,Verde,,FIG,baja,#43cd99,#4aa781
1440,65405-77-8,cis-3-Hexenyl salicylate,molécula,Floral,Verde,con matiz,Floral,symrise:Floral,FIG y catálogos,alta,#c475aa,#975482
1441,67883-79-8,cis-3-Hexenyl tiglate,molécula,Verde,Amaderado,claro con toque,Verde,pa:Verde,FIG y catálogos,alta,#43cd99,#4aa781
1442,35852-46-1,cis-3-Hexenyl valerate,molécula,Verde,Frutal,ambiguo,Verde,,FIG,baja,#43cd99,#4aa781
1443,10340-23-5,cis-3-Nonen-1-ol,molécula,Verde,,claro,Verde,,FIG,alta,#43cd99,#4aa781
1444,13049-88-2,cis-3-Nonenyl acetate,molécula,Verde,,claro,Verde,,FIG,alta,#43cd99,#4aa781
1445,20125-84-2,cis-3-Octen-1-ol,molécula,Frutal,,claro,Frutal,,FIG,alta,#896ffb,#915fd8
1446,94134-03-9,cis-3-Octenyl propionate,molécula,Frutal,,claro,Frutal,,FIG,alta,#896ffb,#915fd8
1447,13828-37-0,cis-4-(Isopropyl)cyclohexanemethanol,molécula,Floral,,claro,Floral,pa:Floral,FIG y catálogos,alta,#c475aa,#975482
1448,21662-09-9,cis-4-Decen-1-al,molécula,Ozónico,Cítrico,con matiz,Ozónico,,FIG,media,#2db9f3,#237da9
1449,57074-37-0,cis-4-Decenol,molécula,Verde,Frutal,con matiz,Verde,,FIG,media,#43cd99,#4aa781
1450,4634-89-3,cis-4-Hexenal,molécula,Ozónico,Verde,con matiz,Ozónico,,FIG,media,#2db9f3,#237da9
1451,10411-92-4,cis-4-tert-Butylcyclohexyl acetate,molécula,Floral,Amaderado,con matiz,Floral,,FIG,media,#c475aa,#975482
1452,64275-73-6,cis-5-Octen-1-ol,molécula,Verde,Frutal,con matiz,Verde,,FIG,media,#43cd99,#4aa781
1453,41547-22-2,cis-5-Octenal,molécula,Frutal,Verde,con matiz,Frutal,,FIG,media,#896ffb,#915fd8
1454,35854-86-5,cis-6-Nonen-1-ol,molécula,Verde,Frutal,claro con toque,Frutal,pa:Verde,catálogos,media,#43cd99,#4aa781
1455,2277-19-2,cis-6-Nonenal,molécula,Verde,Frutal,claro con toque,Verde,,FIG,alta,#43cd99,#4aa781
1456,115-71-9,cis-alpha-Santalol,molécula,Amaderado,,claro,Amaderado,,FIG,alta,#923002,#944e00
1457,77-42-9,cis-beta Santalol,molécula,Amaderado,,claro,Amaderado,,FIG,alta,#923002,#944e00
1458,3338-55-4,cis-beta-Ocimene,molécula,Floral,Verde,con matiz,Floral,,FIG,media,#c475aa,#975482
1459,488-10-8,cis-Jasmone,molécula,Floral,Especiado,claro con toque,Floral,pa:Floral,FIG y catálogos,alta,#c475aa,#975482
1460,5989-33-3,"cis-Linalool oxide 3,6-oxide",molécula,Amaderado,Floral,con matiz,Amaderado,,FIG,media,#923002,#944e00
1461,65418-69-1,cis-Tetrahydro-2-isobutyl-4-methylpyran-4-ol,molécula,Floral,Verde,claro con toque,Floral,,FIG,alta,#c475aa,#975482
1462,8016-26-0,Cistus absolute,natural o mezcla,Especiado,Amaderado,con matiz,Especiado,,FIG,media,#d86f0d,#bb704e
1463,8016-26-0,Cistus CO2 extract,natural o mezcla,Especiado,Amaderado,con matiz,Especiado,,FIG,media,#d86f0d,#bb704e
1464,8016-26-0,Cistus concrete,natural o mezcla,Especiado,Amaderado,con matiz,Especiado,,FIG,media,#d86f0d,#bb704e
1465,8016-26-0,Cistus extract,natural o mezcla,Especiado,Amaderado,con matiz,Especiado,,FIG,media,#d86f0d,#bb704e
1466,8016-26-0,Cistus oil,natural o mezcla,Especiado,Amaderado,con matiz,Especiado,,FIG,media,#d86f0d,#bb704e
1467,8016-26-0,Cistus oil,natural o mezcla,Especiado,Amaderado,con matiz,Especiado,,FIG,media,#d86f0d,#bb704e
1468,8016-26-0,"Cistus oil, pyrogenated",natural o mezcla,Especiado,Amaderado,con matiz,Especiado,,FIG,media,#d86f0d,#bb704e
1469,5392-40-5,Citral,molécula,Cítrico,,claro,Cítrico,symrise:Cítrico,FIG y catálogos,alta,#c3b503,#a19500
1470,7492-66-2,Citral diethyl acetal,molécula,Cítrico,Verde,claro con toque,Cítrico,givaudan:Cítrico,FIG y catálogos,alta,#c3b503,#a19500
1471,7549-37-3,Citral dimethyl acetal,molécula,Cítrico,Verde,claro con toque,Cítrico,pa:Cítrico,FIG y catálogos,alta,#c3b503,#a19500
1472,10444-50-5,Citral propylene glycol acetal,molécula,Cítrico,,claro,Cítrico,,FIG,alta,#c3b503,#a19500
1473,67801-47-2,Citral-methylanthranilate (Schiff base),molécula,Frutal,Cítrico,claro con toque,Frutal,,FIG,alta,#896ffb,#915fd8
1474,68991-25-3,Citron oil,natural o mezcla,Cítrico,,claro,Cítrico,,FIG,alta,#c3b503,#a19500
1475,68991-25-3,Citron oil,natural o mezcla,Cítrico,,claro,Cítrico,,FIG,alta,#c3b503,#a19500
1476,68991-25-3,"Citron oil, rectified",natural o mezcla,Cítrico,,claro,Cítrico,,FIG,alta,#c3b503,#a19500
1477,8000-29-1,Citronella oil terpenes,natural o mezcla,Cítrico,Verde,claro con toque,Cítrico,,FIG,alta,#c3b503,#a19500
1478,8000-29-1,"Citronella oil, Ceylon type",natural o mezcla,Cítrico,Verde,claro con toque,Cítrico,,FIG,alta,#c3b503,#a19500
1479,8000-29-1,"Citronella oil, Java type",natural o mezcla,Cítrico,Verde,claro con toque,Cítrico,,FIG,alta,#c3b503,#a19500
1480,68916-56-3,"Citronella oil, reduced",natural o mezcla,Cítrico,Verde,claro con toque,Cítrico,,FIG,alta,#c3b503,#a19500
1481,106-23-0,Citronellal,molécula,Cítrico,Verde,claro con toque,Cítrico,,FIG,alta,#c3b503,#a19500
1482,67845-42-5,Citronellal methylanthranilate Schiff base,varios componentes,Cítrico,Floral,con matiz,Cítrico,,FIG,media,#c3b503,#a19500
1483,7492-67-3,Citronelloxyacetaldehyde,molécula,Ozónico,Floral,ambiguo,Ozónico,,FIG,baja,#2db9f3,#237da9
1484,150-84-5,Citronellyl acetate,molécula,Floral,Cítrico,con matiz,Floral,,FIG,media,#c475aa,#975482
1485,141-16-2,Citronellyl butyrate,molécula,Floral,Cítrico,claro con toque,Floral,,FIG,alta,#c475aa,#975482
1486,68039-38-3,Citronellyl crotonate,molécula,Floral,Cítrico,claro con toque,Floral,,FIG,alta,#c475aa,#975482
1487,60788-25-2,Citronellyl ethyl oxalate,molécula,Floral,,claro,Floral,,FIG,alta,#c475aa,#975482
1488,105-85-1,Citronellyl formate,molécula,Frutal,Floral,con matiz,Frutal,pa:Frutal;symrise:Floral,"FIG, catálogo en contra",baja,#896ffb,#915fd8
1489,10580-25-3,Citronellyl hexanoate,molécula,Floral,Verde,con matiz,Floral,,FIG,media,#c475aa,#975482
1490,97-89-2,Citronellyl isobutyrate,molécula,Frutal,Floral,con matiz,Frutal,,FIG,media,#896ffb,#915fd8
1491,68922-10-1,Citronellyl isovalerate,molécula,Floral,,claro,Floral,,FIG,alta,#c475aa,#975482
1492,51566-62-2,Citronellyl nitrile,molécula,Cítrico,Floral,con matiz,Cítrico,pa:Cítrico,FIG y catálogos,alta,#c3b503,#a19500
1493,139-70-8,Citronellyl phenylacetate,molécula,Floral,,claro,Floral,,FIG,alta,#c475aa,#975482
1494,141-14-0,Citronellyl propionate,molécula,Floral,Frutal,claro con toque,Floral,,FIG,alta,#c475aa,#975482
1495,24717-85-9,Citronellyl tiglate,molécula,Floral,Frutal,con matiz,Floral,symrise:Floral,FIG y catálogos,alta,#c475aa,#975482
1496,7540-53-6,Citronellyl valerate,molécula,Floral,Verde,claro con toque,Floral,,FIG,alta,#c475aa,#975482
1497,91771-50-5,Citrus hystrix extract,natural o mezcla,Cítrico,Frutal,claro con toque,Cítrico,,FIG,alta,#c3b503,#a19500
1498,233683-84-6,Citrus junos oil,natural o mezcla,Cítrico,Frutal,con matiz,Cítrico,pa:Cítrico,FIG y catálogos,alta,#c3b503,#a19500
1499,94266-47-4,Citrus peels extract,natural o mezcla,Cítrico,Frutal,con matiz,Cítrico,,FIG,media,#c3b503,#a19500
1500,68608-34-4,Citrus terpenes,natural o mezcla,Cítrico,,claro,Cítrico,,FIG,alta,#c3b503,#a19500
1501,68916-26-7,Civet absolute,natural o mezcla,Animal,Floral,con matiz,Animal,,FIG,media,#d22c50,#ca224a
1502,68916-26-7,Civet tincture,natural o mezcla,Animal,Floral,con matiz,Animal,,FIG,media,#d22c50,#ca224a
1503,8016-63-5,Clary sage absolute,natural o mezcla,Verde,Amaderado,claro con toque,Verde,pa:Especiado,"FIG, catálogo en contra",baja,#43cd99,#4aa781
1504,8016-63-5,Clary sage absolute,natural o mezcla,Verde,Amaderado,claro con toque,Verde,pa:Especiado,"FIG, catálogo en contra",baja,#43cd99,#4aa781
1505,8016-63-5,Clary sage extract,natural o mezcla,Verde,Amaderado,claro con toque,Verde,pa:Especiado,"FIG, catálogo en contra",baja,#43cd99,#4aa781
1506,8016-63-5,Clary sage oil,natural o mezcla,Verde,Amaderado,claro con toque,Verde,pa:Especiado,"FIG, catálogo en contra",baja,#43cd99,#4aa781
1507,68917-29-3,Clove bud oil terpenes,natural o mezcla,Especiado,,claro,Especiado,,FIG,alta,#d86f0d,#bb704e
1508,8000-34-8,Clove bud absolute,natural o mezcla,Especiado,Amaderado,claro con toque,Especiado,,FIG,alta,#d86f0d,#bb704e
1509,8000-34-8,Clove bud extract,natural o mezcla,Especiado,Amaderado,claro con toque,Especiado,,FIG,alta,#d86f0d,#bb704e
1510,8000-34-8,Clove bud oil,natural o mezcla,Especiado,Floral,claro con toque,Especiado,,FIG,alta,#d86f0d,#bb704e
1511,8000-34-8,Clove leaf oil,natural o mezcla,Especiado,Amaderado,con matiz,Especiado,,FIG,media,#d86f0d,#bb704e
1512,68917-29-3,Clove leaf oil terpenes,natural o mezcla,Especiado,,claro,Especiado,,FIG,alta,#d86f0d,#bb704e
1513,8000-34-8,"Clove leaf oil, rectified",natural o mezcla,Especiado,Amaderado,con matiz,Especiado,,FIG,media,#d86f0d,#bb704e
1514,8000-34-8,Clove stem oil,natural o mezcla,Especiado,Amaderado,con matiz,Especiado,,FIG,media,#d86f0d,#bb704e
1515,91771-52-7,"Clove, extract, acetylated",natural o mezcla,Amaderado,Especiado,ambiguo,Amaderado,,FIG,baja,#923002,#944e00
1516,8001-31-8,Coconut absolute,natural o mezcla,Frutal,,claro,Frutal,pa:Frutal,FIG y catálogos,alta,#896ffb,#915fd8
1517,8001-31-8,Coconut extract,natural o mezcla,Frutal,,claro,Frutal,pa:Frutal,FIG y catálogos,alta,#896ffb,#915fd8
1518,8001-31-8,Coconut infusion,natural o mezcla,Frutal,,claro,Frutal,pa:Frutal,FIG y catálogos,alta,#896ffb,#915fd8
1519,8001-67-0,"Coffee bean, roasted, absolute",natural o mezcla,Transformado,Frutal,suelto,Transformado,,FIG,baja,#8a8a8a,#8a8a8a
1520,8001-67-0,"Coffee bean, roasted, CO2 extract",natural o mezcla,Transformado,Frutal,suelto,Transformado,,FIG,baja,#8a8a8a,#8a8a8a
1521,68916-18-7,"Coffee bean, roasted, extract",natural o mezcla,Transformado,Frutal,suelto,Transformado,,FIG,baja,#8a8a8a,#8a8a8a
1522,8001-67-0,Coffee oil,natural o mezcla,Frutal,,claro,Frutal,,FIG,alta,#896ffb,#915fd8
1523,84650-00-0,"Coffee, Coffea arabica, extract",natural o mezcla,Transformado,Frutal,suelto,Transformado,,FIG,baja,#8a8a8a,#8a8a8a
1524,8013-97-6,Copaiba balsam,natural o mezcla,Amaderado,Especiado,ambiguo,Amaderado,,FIG,baja,#923002,#944e00
1525,8013-97-6,Copaiba balsam oil,natural o mezcla,Amaderado,Especiado,ambiguo,Amaderado,,FIG,baja,#923002,#944e00
1526,8013-97-6,Copaiba balsam oleoresin,natural o mezcla,Amaderado,Especiado,con matiz,Amaderado,,FIG,media,#923002,#944e00
1527,8013-97-6,Copaiba oil,natural o mezcla,Amaderado,Especiado,con matiz,Amaderado,,FIG,media,#923002,#944e00
1528,8013-97-6,"Copaiba oil, rectified",natural o mezcla,Amaderado,Especiado,con matiz,Amaderado,,FIG,media,#923002,#944e00
1529,8008-52-4,Coriander herb oil,natural o mezcla,Especiado,Verde,claro con toque,Especiado,,FIG,alta,#d86f0d,#bb704e
1530,8008-52-4,Coriander herb oil terpenless,natural o mezcla,Especiado,Verde,claro con toque,Especiado,,FIG,alta,#d86f0d,#bb704e
1531,8008-52-4,"Coriander herb oil, rectified",natural o mezcla,Especiado,Verde,claro con toque,Especiado,,FIG,alta,#d86f0d,#bb704e
1532,8008-52-4,Coriander oleoresin,natural o mezcla,Especiado,Verde,claro con toque,Especiado,,FIG,alta,#d86f0d,#bb704e
1533,8008-52-4,Coriander seed oil,natural o mezcla,Especiado,Verde,claro con toque,Especiado,,FIG,alta,#d86f0d,#bb704e
1534,91-64-5,Coumarin,molécula,Floral,Frutal,claro con toque,Floral,,FIG,alta,#c475aa,#975482
1535,1319-77-3,Cresol (mixed isomers),sin estructura,Floral,Amaderado,claro con toque,Floral,,FIG,alta,#c475aa,#975482
1536,8007-87-2,Cubeb oil,natural o mezcla,Especiado,,claro,Especiado,,FIG,alta,#d86f0d,#bb704e
1537,8007-87-2,"Cubeb oil, rectified",natural o mezcla,Especiado,,claro,Especiado,,FIG,alta,#d86f0d,#bb704e
1538,89998-01-6,Cucumber distillate,natural o mezcla,Verde,,claro,Verde,,FIG,alta,#43cd99,#4aa781
1539,89998-01-6,Cucumber extract,natural o mezcla,Verde,,claro,Verde,,FIG,alta,#43cd99,#4aa781
1540,8014-13-9,Cumin seed oil,natural o mezcla,Especiado,Amaderado,con matiz,Especiado,,FIG,media,#d86f0d,#bb704e
1541,1335-44-0,Cuminacetaldehyde,molécula,Verde,Amaderado,claro con toque,Verde,,FIG,alta,#43cd99,#4aa781
1542,122-03-2,Cuminaldehyde,molécula,Especiado,Verde,ambiguo,Verde,givaudan:Especiado;pa:Especiado,catálogos,alta,#d86f0d,#bb704e
1543,13816-33-6,Cuminyl nitrile,molécula,Especiado,Verde,claro con toque,Especiado,givaudan:Especiado,FIG y catálogos,alta,#d86f0d,#bb704e
1544,876068-15-4,Curry leaf absolute,natural o mezcla,Especiado,Verde,ambiguo,Especiado,,FIG,baja,#d86f0d,#bb704e
1545,91-50-9,Cyclamen aldehyde-methyl anthranilate (Schiff base),molécula,Floral,,claro,Floral,,FIG,alta,#c475aa,#975482
1546,118562-73-5,"Cyclododecaneethanol, .beta.-methyl-",molécula,Especiado,Amaderado,claro con toque,Especiado,,FIG,alta,#d86f0d,#bb704e
1547,59052-82-3,Cyclododecyl formate,molécula,Amaderado,Ozónico,claro con toque,Amaderado,,FIG,alta,#923002,#944e00
1548,5120-20-7,cyclohexadec-8-en-1-one,sin estructura,Animal,Especiado,con matiz,Animal,,FIG,media,#d22c50,#ca224a
1549,3100-36-5,Cyclohexadec-8-en-1-one mixture of cis and trans isomer,molécula,Animal,Floral,claro con toque,Animal,pa:Animal;symrise:Animal,FIG y catálogos,alta,#d22c50,#ca224a
1550,5365-06-0,cyclohexadec-8-enone,sin estructura,Animal,Especiado,con matiz,Animal,,FIG,media,#d22c50,#ca224a
1551,2550-52-9,Cyclohexadecanone,molécula,Animal,Floral,claro con toque,Animal,symrise:Animal,FIG y catálogos,alta,#d22c50,#ca224a
1552,88642-03-9,Cyclohexadecenone,molécula,Animal,Especiado,con matiz,Animal,symrise:Animal,FIG y catálogos,alta,#d22c50,#ca224a
1553,33880-83-0,"Cyclohexane, 1-​ethenyl-​1-​methyl-​2,​4-​bis(1-​methylethenyl)​-​, (1R,​2R,​4S)​-​rel-",molécula,Verde,Ozónico,con matiz,Verde,,FIG,media,#43cd99,#4aa781
1554,99-82-1,"Cyclohexane, 1-​methyl-​4-​(1-​methylethyl)​-",molécula,Verde,Amaderado,con matiz,Verde,,FIG,media,#43cd99,#4aa781
1555,181258-87-7,"Cyclohexane, 1-(1,1-dimethylpropyl)-4-ethoxy-, cis-",molécula,Ozónico,Floral,con matiz,Floral,pa:Ozónico,catálogos,media,#2db9f3,#237da9
1556,181258-89-9,"Cyclohexane, 1-(1,1-dimethylpropyl)-4-ethoxy-, trans-",molécula,Ozónico,,claro,Ozónico,,FIG,alta,#2db9f3,#237da9
1557,68845-33-0,"Cyclohexane, 1-ethenyl-1-methyl-2-(1-methylethenyl)-4-(1-methylethyl)-, didehydro",molécula,Amaderado,Especiado,con matiz,Amaderado,,FIG,media,#923002,#944e00
1558,5292-21-7,Cyclohexaneacetic acid,molécula,Transformado,,suelto,Transformado,,FIG,baja,#8a8a8a,#8a8a8a
1559,2511-00-4,"Cyclohexaneacetic acid, .alpha.-methyl-, ethyl ester",molécula,Frutal,Verde,con matiz,Frutal,,FIG,media,#896ffb,#915fd8
1560,23059-38-3,"Cyclohexanecarboxylic acid, 1,4-dimethyl-, methyl ester, cis-",molécula,Verde,,claro,Verde,,FIG,alta,#43cd99,#4aa781
1561,23250-42-2,"Cyclohexanecarboxylic acid, 1,4-dimethyl-, methyl ester, trans-",molécula,Verde,,claro,Verde,,FIG,alta,#43cd99,#4aa781
1562,22471-55-2,"Cyclohexanecarboxylic acid, 2,2,6-trimethyl-, ethyl ester, (1R,6S)-rel-",molécula,Frutal,Floral,con matiz,Frutal,,FIG,media,#896ffb,#915fd8
1563,7605-52-9,"Cyclohexanecarboxylic acid, 3-methyl, methyl ester, (1R,3S)-rel-",molécula,Frutal,Verde,claro con toque,Frutal,,FIG,alta,#896ffb,#915fd8
1564,4802-20-4,"Cyclohexaneethanethiol, 3-mercapto-b,4-dimethyl-",molécula,Transformado,Cítrico,suelto,Transformado,,FIG,baja,#8a8a8a,#8a8a8a
1565,21722-83-8,Cyclohexaneethyl acetate,molécula,Floral,Frutal,claro con toque,Floral,,FIG,alta,#c475aa,#975482
1566,68480-15-9,"Cyclohexanemethanol, 2,4-dimethyl-",molécula,Floral,Verde,con matiz,Floral,,FIG,media,#c475aa,#975482
1567,20009-20-5,"Cyclohexanemethanol, 4-(acetyloxy)-a,a,4-trimethyl-, acetate",molécula,Cítrico,Amaderado,con matiz,Cítrico,,FIG,media,#c3b503,#a19500
1568,95851-08-4,"Cyclohexanepropanol, 2,2,3,6-tetramethyl-a-propyl-",molécula,Amaderado,Especiado,con matiz,Amaderado,,FIG,media,#923002,#944e00
1569,60241-52-3,"Cyclohexanepropanol, a-ethyl-2,2,6-trimethyl-",molécula,Amaderado,Floral,claro con toque,Amaderado,pa:Amaderado;symrise:Amaderado,FIG y catálogos,alta,#923002,#944e00
1570,699-61-6,"Cyclohexanepropionic acid, 1-hydroxy-, g-lactone",molécula,Frutal,Verde,con matiz,Frutal,,FIG,media,#896ffb,#915fd8
1571,108-93-0,Cyclohexanol,molécula,Verde,Amaderado,claro con toque,Verde,,FIG,alta,#43cd99,#4aa781
1572,23950-98-3,"Cyclohexanol, 2-methoxy-4-propyl-",molécula,Verde,,claro,Verde,,FIG,alta,#43cd99,#4aa781
1573,38649-18-2,"Cyclohexanol, 5-methyl-2-(1-methylethyl)-, 1-benzoate, (1R,2S,5R)-rel-",molécula,Floral,,claro,Floral,,FIG,alta,#c475aa,#975482
1574,2230-87-7,"Cyclohexanol, 5-methyl-2-(1-methylethyl)-, acetate, (1a,2a,5b)-",molécula,Verde,,claro,Verde,,FIG,alta,#43cd99,#4aa781
1575,830322-14-0,"Cyclohexanol,4-(3-methylbutyl)-",molécula,Floral,Cítrico,claro con toque,Floral,,FIG,alta,#c475aa,#975482
1576,108-94-1,Cyclohexanone,molécula,Verde,Floral,claro con toque,Verde,,FIG,alta,#43cd99,#4aa781
1577,6413-26-9,"Cyclohexanone 1,3-butylene glycol ketal",molécula,Verde,,claro,Verde,,FIG,alta,#43cd99,#4aa781
1578,1670-47-9,Cyclohexanone diethyl ketal,molécula,Frutal,Amaderado,ambiguo,Frutal,pa:Frutal,FIG y catálogos,alta,#896ffb,#915fd8
1579,59471-80-6,"Cyclohexanone, 2-​methyl-​5-​(1-​methylethyl)​-",molécula,Verde,Especiado,con matiz,Verde,,FIG,media,#43cd99,#4aa781
1580,55739-89-4,"Cyclohexanone, 2-ethyl-4,4-dimethyl-",molécula,Verde,,claro,Verde,,FIG,alta,#43cd99,#4aa781
1581,5524-05-0,"Cyclohexanone, 2-methyl-5-(1-methylethenyl)-, (2R,5R)-",molécula,Verde,,claro,Verde,,FIG,alta,#43cd99,#4aa781
1582,19096-86-7,"Cyclohexanone,5-methyl-2-(1-methylethyl)-,oxime",molécula,Floral,Verde,con matiz,Floral,,FIG,media,#c475aa,#975482
1583,68084-52-6,"Cyclohexenecarboxaldehyde, dimethyl-",molécula,Verde,Cítrico,claro con toque,Verde,,FIG,alta,#43cd99,#4aa781
1584,622-45-7,Cyclohexyl acetate,molécula,Frutal,Floral,con matiz,Frutal,,FIG,media,#896ffb,#915fd8
1585,1551-44-6,Cyclohexyl butyrate,molécula,Frutal,,claro,Frutal,,FIG,alta,#896ffb,#915fd8
1586,65405-69-8,Cyclohexyl cyclopent-2-ene-1-acetate,molécula,Amaderado,Cítrico,claro con toque,Amaderado,,FIG,alta,#923002,#944e00
1587,4927-39-3,Cyclohexyl methyl pentanone,molécula,Amaderado,,claro,Amaderado,symrise:Amaderado,FIG y catálogos,alta,#923002,#944e00
1588,42288-75-5,Cyclohexyl phenylacetate,molécula,Floral,,claro,Floral,,FIG,alta,#c475aa,#975482
1589,25485-88-5,Cyclohexyl salicylate,molécula,Floral,Verde,claro con toque,Floral,givaudan:Floral;pa:Especiado;symrise:Floral,FIG y catálogos,alta,#c475aa,#975482
1590,87731-18-8,Cyclooct-4-en-1-yl methyl carbonate,molécula,Floral,Verde,claro con toque,Floral,pa:Floral,FIG y catálogos,alta,#c475aa,#975482
1591,502-72-7,Cyclopentadecanone,molécula,Animal,Floral,con matiz,Animal,pa:Animal,FIG y catálogos,alta,#d22c50,#ca224a
1592,1266606-13-6,"Cyclopentaneacetonit​rile, 2,​4,​4-​trimethyl-​α-​methylene-",sin estructura,Frutal,Verde,con matiz,Frutal,,FIG,media,#896ffb,#915fd8
1593,72402-00-7,"Cyclopentanol, 1,2-dimethyl-3-(1-methylethenyl)-",molécula,Verde,Cítrico,claro con toque,Verde,,FIG,alta,#43cd99,#4aa781
1594,94346-09-5,"Cyclopentanol, 1,2-dimethyl-3-(1-methylethenyl)-, acetate",molécula,Verde,Amaderado,con matiz,Verde,,FIG,media,#43cd99,#4aa781
1595,1245725-35-2,"Cyclopentanol, 2-​methyl-​5-​(1-​methylethyl)​-​, 1-​propanoate",molécula,Frutal,Floral,con matiz,Frutal,,FIG,media,#896ffb,#915fd8
1596,34686-67-4,"Cyclopentanol, 2-(2-hexen-1-yl)-",molécula,Floral,Frutal,claro con toque,Floral,,FIG,alta,#c475aa,#975482
1597,120-92-3,Cyclopentanone,molécula,Verde,Floral,con matiz,Verde,,FIG,media,#43cd99,#4aa781
1598,188570-78-7,"Cyclopropanecarboxylic acid, (3Z)-3-hexenyl ester",molécula,Verde,Frutal,claro con toque,Verde,,FIG,alta,#43cd99,#4aa781
1599,477218-42-1,"Cyclopropanecarboxylic acid, 2-[1-(3,3-dimethylcyclohexyl)ethoxy]-2-methylpropyl",molécula,Animal,Frutal,con matiz,Animal,,FIG,media,#d22c50,#ca224a
1600,676532-44-8,"Cyclopropanecarboxylic acid, 2-methyl-2-[(1,2,4-trimethyl-2-penten-1-yl)oxy]propyl",molécula,Animal,Frutal,ambiguo,Animal,,FIG,baja,#d22c50,#ca224a
1601,198404-98-7,"Cyclopropanemethanol, 1-methyl-2-[(1,2,2-trimethylbicyclo[3.1.0]hex-3-yl)methyl]-",sin estructura,Amaderado,Frutal,claro con toque,Amaderado,pa:Amaderado,FIG y catálogos,alta,#923002,#944e00
1602,94333-69-4,"Cymbopogon nardus, ext., reaction products with acetone",sin estructura,Cítrico,Verde,claro con toque,Cítrico,,FIG,alta,#c3b503,#a19500
1603,84238-19-7,"Cymbopogon, ext., oxidized",sin estructura,Especiado,Floral,claro con toque,Especiado,,FIG,alta,#d86f0d,#bb704e
1604,8013-86-3,Cypress,sin estructura,Amaderado,Verde,claro con toque,Amaderado,,FIG,alta,#923002,#944e00
1605,8013-86-3,Cypress oil,sin estructura,Amaderado,Verde,ambiguo,Amaderado,,FIG,baja,#923002,#944e00
1606,68916-59-6,"Cypress oil, terpene-free",natural o mezcla,Amaderado,Especiado,ambiguo,Amaderado,,FIG,baja,#923002,#944e00
1607,68916-60-9,Cypriol oil,natural o mezcla,Amaderado,Especiado,claro con toque,Amaderado,,FIG,alta,#923002,#944e00
1608,68916-60-9,"Cypriol oil, rectified",natural o mezcla,Amaderado,Especiado,claro con toque,Amaderado,,FIG,alta,#923002,#944e00
1609,69-79-4,"D-​Glucose, 4-​O-​α-​D-​glucopyranosyl-",molécula,Frutal,,claro,Frutal,,FIG,alta,#896ffb,#915fd8
1610,491-07-6,"d,l-Isomenthone",molécula,Verde,,claro,Verde,symrise:Verde,FIG y catálogos,alta,#43cd99,#4aa781
1611,7705-14-8,"d,l-Limonene (isomer unspecified)",molécula,Cítrico,Verde,claro con toque,Cítrico,,FIG,alta,#c3b503,#a19500
1612,1490-04-6,"d,l-Menthol (isomer unspecified)",molécula,Verde,,claro,Verde,,FIG,alta,#43cd99,#4aa781
1613,63187-91-7,"d,l-Menthone 1,2-glycerol ketal",molécula,Verde,,claro,Verde,,FIG,alta,#43cd99,#4aa781
1614,59-51-8,"D,L-Methionine",molécula,Transformado,,suelto,Transformado,,FIG,baja,#8a8a8a,#8a8a8a
1615,7785-70-8,d-.alpha.-Pinene,molécula,Verde,,claro,Verde,,FIG,alta,#43cd99,#4aa781
1616,7785-53-7,d-.alpha.-Terpineol,molécula,Verde,Floral,con matiz,Verde,,FIG,media,#43cd99,#4aa781
1617,1195-92-2,"d-8-p-Menthene-1,2-epoxide",molécula,Cítrico,Verde,con matiz,Cítrico,,FIG,media,#c3b503,#a19500
1618,7785-54-8,d-alpha-Terpineol acetate,molécula,Floral,,claro,Floral,,FIG,alta,#c475aa,#975482
1619,8016-03-3,Davana oil,natural o mezcla,Frutal,Verde,claro con toque,Frutal,,FIG,alta,#896ffb,#915fd8
1620,464-49-3,d-Camphor,molécula,Verde,,claro,Verde,,FIG,alta,#43cd99,#4aa781
1621,2244-16-8,d-Carvone,molécula,Verde,Especiado,claro con toque,Verde,,FIG,alta,#43cd99,#4aa781
1622,25225-10-9,d-Cyclocitronellene acetate,molécula,Floral,Frutal,claro con toque,Floral,pa:Floral;symrise:Floral,FIG y catálogos,alta,#c475aa,#975482
1623,825-51-4,Decahydro-beta-naphthol,molécula,Floral,Ozónico,claro con toque,Floral,,FIG,alta,#c475aa,#975482
1624,10519-11-6,Decahydro-beta-naphthyl acetate,molécula,Amaderado,Frutal,con matiz,Amaderado,,FIG,media,#923002,#944e00
1625,10519-12-7,Decahydro-beta-naphthyl formate,molécula,Amaderado,Floral,claro con toque,Amaderado,,FIG,alta,#923002,#944e00
1626,68480-11-5,"Decahydrospiro[furan-2(3H),5'-[4,7]methano[5H]indene]",molécula,Cítrico,,claro,Cítrico,,FIG,alta,#c3b503,#a19500
1627,112-31-2,Decanal,molécula,Ozónico,Cítrico,con matiz,Ozónico,,FIG,media,#2db9f3,#237da9
1628,7779-41-1,Decanal dimethyl acetal,molécula,Floral,Ozónico,con matiz,Floral,,FIG,media,#c475aa,#975482
1629,67874-67-3,Decanal-methylanthranilate (Schiff base),molécula,Floral,,claro,Floral,,FIG,alta,#c475aa,#975482
1630,1975-78-6,Decanenitrile,molécula,Cítrico,Frutal,con matiz,Cítrico,,FIG,media,#c3b503,#a19500
1631,334-48-5,Decanoic acid,molécula,Transformado,Frutal,suelto,Transformado,,FIG,baja,#8a8a8a,#8a8a8a
1632,112-17-4,Decyl acetate,molécula,Frutal,Floral,con matiz,Frutal,,FIG,media,#896ffb,#915fd8
1633,7289-52-3,Decyl methyl ether,molécula,Ozónico,,claro,Ozónico,,FIG,alta,#2db9f3,#237da9
1634,5454-19-3,Decyl propionate,molécula,Frutal,,claro,Frutal,,FIG,alta,#896ffb,#915fd8
1635,68606-82-6,Deer tongue pyrogenated,sin estructura,Floral,Frutal,con matiz,Floral,,FIG,media,#c475aa,#975482
1636,68606-82-6,Deertongue leaf absolute,sin estructura,Floral,Frutal,con matiz,Floral,,FIG,media,#c475aa,#975482
1637,68606-82-6,Deertongue leaf extract,sin estructura,Floral,Frutal,con matiz,Floral,,FIG,media,#c475aa,#975482
1638,68606-82-6,Deertongue leaf incolore,sin estructura,Floral,Frutal,con matiz,Floral,,FIG,media,#c475aa,#975482
1639,57378-68-4,"delta-1-(2,6,6-Trimethyl-3-cyclohexen-1-yl)-2-buten-1-one",molécula,Frutal,Floral,claro con toque,Frutal,,FIG,alta,#896ffb,#915fd8
1640,13466-78-9,delta-3-Carene,molécula,Verde,,claro,Verde,,FIG,alta,#43cd99,#4aa781
1641,705-86-2,delta-Decalactone,molécula,Frutal,,claro,Frutal,pa:Frutal,FIG y catálogos,alta,#896ffb,#915fd8
1642,713-95-1,delta-Dodecalactone,molécula,Frutal,,claro,Frutal,pa:Frutal,FIG y catálogos,alta,#896ffb,#915fd8
1643,823-22-3,delta-Hexalactone,molécula,Frutal,,claro,Frutal,,FIG,alta,#896ffb,#915fd8
1644,698-76-0,delta-Octalactone,molécula,Frutal,Verde,claro con toque,Frutal,,FIG,alta,#896ffb,#915fd8
1645,2721-22-4,delta-Tetradecalactone,molécula,Frutal,,claro,Frutal,,FIG,alta,#896ffb,#915fd8
1646,710-04-3,delta-Undecalactone,molécula,Frutal,,claro,Frutal,pa:Frutal,FIG y catálogos,alta,#896ffb,#915fd8
1647,4695-62-9,d-Fenchone,molécula,Verde,,claro,Verde,,FIG,alta,#43cd99,#4aa781
1648,431-03-8,Diacetyl,molécula,Transformado,Frutal,suelto,Transformado,,FIG,baja,#8a8a8a,#8a8a8a
1649,103-50-4,Dibenzyl ether,molécula,Floral,,claro,Floral,,FIG,alta,#c475aa,#975482
1650,72903-27-6,"Diethyl 1,4-cyclohexane dicarboxylate",molécula,Frutal,,claro,Frutal,pa:Frutal,FIG y catálogos,alta,#896ffb,#915fd8
1651,96-22-0,Diethyl ketone,molécula,Frutal,,claro,Frutal,,FIG,alta,#896ffb,#915fd8
1652,105-53-3,Diethyl malonate,molécula,Frutal,Verde,con matiz,Frutal,pa:Frutal,FIG y catálogos,alta,#896ffb,#915fd8
1653,123-25-1,Diethyl succinate,molécula,Frutal,,claro,Frutal,,FIG,alta,#896ffb,#915fd8
1654,68845-36-3,Diethyldimethylcyclohex-2-en-1-one,molécula,Verde,Amaderado,claro con toque,Verde,pa:Frutal,"FIG, catálogo en contra",baja,#43cd99,#4aa781
1655,19139-31-2,Dihexyl fumarate,molécula,Floral,Verde,con matiz,Floral,,FIG,media,#c475aa,#975482
1656,32480-08-3,Dihydro farnesal,molécula,Ozónico,Verde,con matiz,Ozónico,,FIG,media,#2db9f3,#237da9
1657,26252-11-9,Dihydro-.beta.-terpinyl acetate,molécula,Verde,,claro,Verde,,FIG,alta,#43cd99,#4aa781
1658,13720-12-2,Dihydro-.gamma.-ionone,molécula,Amaderado,Especiado,con matiz,Amaderado,,FIG,media,#923002,#944e00
1659,33673-62-0,Dihydro-4-methyl-5-pentylfuran-2(3H)-one,molécula,Floral,Frutal,con matiz,Floral,,FIG,media,#c475aa,#975482
1660,31499-72-6,Dihydro-alpha-ionone,molécula,Floral,Amaderado,claro con toque,Floral,pa:Floral,FIG y catálogos,alta,#c475aa,#975482
1661,498-81-7,Dihydro-alpha-terpineol,molécula,Floral,Cítrico,con matiz,Floral,,FIG,media,#c475aa,#975482
1662,80-25-1,Dihydro-alpha-terpinyl acetate,molécula,Cítrico,Floral,con matiz,Cítrico,,FIG,media,#c3b503,#a19500
1663,3293-47-8,Dihydro-beta-ionol,molécula,Amaderado,Floral,con matiz,Amaderado,,FIG,media,#923002,#944e00
1664,17283-81-7,Dihydro-beta-ionone,molécula,Amaderado,Floral,claro con toque,Floral,pa:Amaderado,catálogos,media,#923002,#944e00
1665,619-01-2,Dihydrocarveol (isomer unspecified),molécula,Verde,,claro,Verde,,FIG,alta,#43cd99,#4aa781
1666,38049-26-2,"Dihydrocarveol (R,R,R)",molécula,Amaderado,Especiado,claro con toque,Amaderado,,FIG,alta,#923002,#944e00
1667,20777-49-5,Dihydrocarvyl acetate,molécula,Floral,Especiado,claro con toque,Floral,,FIG,alta,#c475aa,#975482
1668,119-84-6,Dihydrocoumarin,molécula,Amaderado,Frutal,ambiguo,Amaderado,,FIG,baja,#923002,#944e00
1669,1209-61-6,Dihydroisocaryophyllene epoxide,molécula,Amaderado,Especiado,con matiz,Amaderado,pa:Amaderado,FIG y catálogos,alta,#923002,#944e00
1670,95-41-0,Dihydroisojasmone,molécula,Floral,Verde,claro con toque,Floral,,FIG,alta,#c475aa,#975482
1671,2436-90-0,Dihydromyrcene,molécula,Verde,Cítrico,ambiguo,Verde,,FIG,baja,#43cd99,#4aa781
1672,18479-58-8,Dihydromyrcenol,molécula,Cítrico,Floral,claro con toque,Cítrico,,FIG,alta,#c3b503,#a19500
1673,53767-93-4,Dihydromyrcenyl acetate,molécula,Cítrico,,claro,Cítrico,,FIG,alta,#c3b503,#a19500
1674,20489-53-6,Dihydronootkatone,molécula,Cítrico,Frutal,con matiz,Cítrico,,FIG,media,#c3b503,#a19500
1675,473-55-2,Dihydropinene,molécula,Verde,,claro,Verde,,FIG,alta,#43cd99,#4aa781
1676,94-58-6,Dihydrosafrole,molécula,Especiado,Floral,claro con toque,Especiado,,FIG,alta,#d86f0d,#bb704e
1677,58985-18-5,Dihydroterpinyl acetate,molécula,Verde,Cítrico,claro con toque,Verde,,FIG,alta,#43cd99,#4aa781
1678,8006-75-5,Dill seed oil,natural o mezcla,Verde,Especiado,claro con toque,Verde,,FIG,alta,#43cd99,#4aa781
1679,8006-75-5,Dill seed oleoresin,natural o mezcla,Verde,,claro,Verde,,FIG,alta,#43cd99,#4aa781
1680,8006-75-5,Dill weed,natural o mezcla,Verde,Especiado,claro con toque,Verde,,FIG,alta,#43cd99,#4aa781
1681,8006-75-5,Dill weed oil,natural o mezcla,Verde,Especiado,claro con toque,Verde,,FIG,alta,#43cd99,#4aa781
1682,624-92-0,Dimethyl disulfide,molécula,Transformado,Verde,suelto,Transformado,,FIG,baja,#8a8a8a,#8a8a8a
1683,106-65-0,Dimethyl succinate,molécula,Frutal,Floral,claro con toque,Frutal,,FIG,alta,#896ffb,#915fd8
1684,75-18-3,Dimethyl sulfide,molécula,Transformado,Verde,suelto,Transformado,,FIG,baja,#8a8a8a,#8a8a8a
1685,3658-80-8,Dimethyl trisulfide,molécula,Transformado,,suelto,Transformado,,FIG,baja,#8a8a8a,#8a8a8a
1686,68737-61-1,Dimethylcyclohex-3-ene-1-carbaldehyde (isomer mixture),molécula,Verde,Cítrico,claro con toque,Verde,,FIG,alta,#43cd99,#4aa781
1687,27939-60-2,Dimethylcyclohex-3-ene-1-carbaldehyde (isomer unspecified),molécula,Verde,Cítrico,claro con toque,Verde,,FIG,alta,#43cd99,#4aa781
1688,532-87-6,Dimyrcene,molécula,Verde,Cítrico,claro con toque,Verde,,FIG,alta,#43cd99,#4aa781
1689,101-84-8,Diphenyl ether,molécula,Floral,Verde,claro con toque,Floral,,FIG,alta,#c475aa,#975482
1690,101-81-5,Diphenylmethane,molécula,Verde,Floral,con matiz,Verde,,FIG,media,#43cd99,#4aa781
1691,629-19-6,Dipropyl disulfide,molécula,Transformado,Verde,suelto,Transformado,,FIG,baja,#8a8a8a,#8a8a8a
1692,21368-68-3,dl-Camphor,molécula,Verde,,claro,Verde,,FIG,alta,#43cd99,#4aa781
1693,106-22-9,dl-Citronellol,molécula,Floral,Cítrico,claro con toque,Floral,symrise:Floral,FIG y catálogos,alta,#c475aa,#975482
1694,5989-27-5,d-Limonene,molécula,Cítrico,Verde,claro con toque,Cítrico,symrise:Cítrico,FIG y catálogos,alta,#c3b503,#a19500
1695,126-90-9,d-Linalool,molécula,Floral,Verde,con matiz,Floral,,FIG,media,#c475aa,#975482
1696,138-86-3,dl-Limonene (racemic),molécula,Cítrico,Verde,claro con toque,Cítrico,,FIG,alta,#c3b503,#a19500
1697,1074-95-9,dl-Menthone,molécula,Verde,,claro,Verde,,FIG,alta,#43cd99,#4aa781
1698,29066-34-0,dl-Menthyl acetate,molécula,Verde,,claro,Verde,,FIG,alta,#43cd99,#4aa781
1699,3623-51-6,dl-Neomenthol,molécula,Verde,,claro,Verde,,FIG,alta,#43cd99,#4aa781
1700,15356-60-2,d-Menthol,molécula,Verde,,claro,Verde,,FIG,alta,#43cd99,#4aa781
1701,57345-19-4,"Dodecahydro-3,8,8,11a-tetramethyl-5H-3,5a-epoxynaphth[2,1-c]oxepin",molécula,Amaderado,Especiado,con matiz,Amaderado,,FIG,media,#923002,#944e00
1702,14620-52-1,Dodecanal dimethyl acetal,molécula,Verde,Ozónico,claro con toque,Verde,,FIG,alta,#43cd99,#4aa781
1703,2437-25-4,Dodecanenitrile,molécula,Cítrico,,claro,Cítrico,pa:Cítrico,FIG y catálogos,alta,#c3b503,#a19500
1704,68527-06-0,"Dodecene, hydroformylation products",sin estructura,Ozónico,Verde,claro con toque,Ozónico,,FIG,alta,#2db9f3,#237da9
1705,6283-92-7,Dodecyl lactate,molécula,Frutal,,claro,Frutal,,FIG,alta,#896ffb,#915fd8
1706,6091-50-5,d-Piperitone,molécula,Verde,,claro,Verde,,FIG,alta,#43cd99,#4aa781
1707,89-82-7,d-Pulegone,molécula,Verde,,claro,Verde,,FIG,alta,#43cd99,#4aa781
1708,8023-89-0,Elemi absolute,natural o mezcla,Especiado,Cítrico,claro con toque,Cítrico,pa:Especiado,catálogos,media,#d86f0d,#bb704e
1709,8023-89-0,Elemi CO2 extract,natural o mezcla,Especiado,Cítrico,claro con toque,Cítrico,pa:Especiado,catálogos,media,#d86f0d,#bb704e
1710,8023-89-0,Elemi gum,natural o mezcla,Especiado,Cítrico,claro con toque,Cítrico,pa:Especiado,catálogos,media,#d86f0d,#bb704e
1711,8023-89-0,Elemi oil,natural o mezcla,Especiado,Cítrico,claro con toque,Cítrico,pa:Especiado,catálogos,media,#d86f0d,#bb704e
1712,8023-89-0,ELEMI oil (low methyleugenol),natural o mezcla,Especiado,Cítrico,claro con toque,Cítrico,pa:Especiado,catálogos,media,#d86f0d,#bb704e
1713,8023-89-0,"Elemi oil, rectified",natural o mezcla,Especiado,Cítrico,claro con toque,Cítrico,pa:Especiado,catálogos,media,#d86f0d,#bb704e
1714,8023-89-0,Elemi resinoid,natural o mezcla,Especiado,Cítrico,claro con toque,Cítrico,pa:Especiado,catálogos,media,#d86f0d,#bb704e
1715,639-99-6,Elemol,molécula,Amaderado,Especiado,ambiguo,Amaderado,,FIG,baja,#923002,#944e00
1716,28462-85-3,"endo-1,2,3,3-Tetramethylbicyclo[2.2.1]heptan-2-ol",molécula,Verde,Amaderado,ambiguo,Verde,,FIG,baja,#43cd99,#4aa781
1717,5579-78-2,epsilon-Decalactone,molécula,Frutal,,claro,Frutal,,FIG,alta,#896ffb,#915fd8
1718,140-67-0,Estragole,molécula,Verde,Especiado,con matiz,Verde,,FIG,media,#43cd99,#4aa781
1719,111850-00-1,"Ethaneperoxoic acid, reaction products with aluminum isopropoxide and 1,5,10-",sin estructura,Amaderado,Especiado,claro con toque,Amaderado,,FIG,alta,#923002,#944e00
1720,854737-10-3,"Ethanone, 1-​(2,​3-​dimethylbicyclo[2.2.​1]​hept-​2-​yl)​-",molécula,Verde,Amaderado,con matiz,Verde,,FIG,media,#43cd99,#4aa781
1721,32669-00-4,"Ethanone, 1-(3-cycloocten-1-yl)-",molécula,Verde,Frutal,con matiz,Verde,,FIG,media,#43cd99,#4aa781
1722,70801-04-6,"Ethanone, 1-(4,11,11,-trimethyl-8-methylenebicyclo[7.2.0]undec-4-enyl)-[1R-(1a,4E,9b]",molécula,Amaderado,Verde,claro con toque,Amaderado,,FIG,alta,#923002,#944e00
1723,185429-83-8,"Ethanone, 1-[(1R,2S)-1,2,3,4,5,6,7,8-octahydro-1,2,8,8-tetramethyl-2-naphthalenyl]-,",molécula,Amaderado,Especiado,con matiz,Amaderado,,FIG,media,#923002,#944e00
1724,80657-64-3,"Ethyl (3a.alpha.,4.alpha.,7.alpha.,7a.alpha.)-Octahydro-4,7-methano-3aH-indene-3a-",molécula,Frutal,,claro,Frutal,,FIG,alta,#896ffb,#915fd8
1725,80623-07-0,"Ethyl (3a.alpha.,4.beta.,7.beta.,7a.alpha.)-Octahydro-4,7-methano-3aH-indene-3a-",molécula,Frutal,Floral,claro con toque,Frutal,,FIG,alta,#896ffb,#915fd8
1726,26553-46-8,Ethyl (E)hex-3-enoate,molécula,Frutal,,claro,Frutal,,FIG,alta,#896ffb,#915fd8
1727,687-47-8,Ethyl (L)-lactate,molécula,Frutal,,claro,Frutal,,FIG,alta,#896ffb,#915fd8
1728,67028-40-4,Ethyl (p-tolyloxy)acetate,molécula,Frutal,,claro,Frutal,,FIG,alta,#896ffb,#915fd8
1729,692-86-4,Ethyl 10-undecenoate,molécula,Frutal,Ozónico,con matiz,Frutal,pa:Frutal,FIG y catálogos,alta,#896ffb,#915fd8
1730,97-41-6,"Ethyl 2,2,-dimethyl-3-(2-methylprop-1-enyl)cyclopropane-1-carboxylate",molécula,Verde,Frutal,con matiz,Verde,,FIG,media,#43cd99,#4aa781
1731,77851-07-1,"Ethyl 2,3,6,6-tetramethylcyclohex-2-ene-1-carboxylate",molécula,Frutal,Floral,con matiz,Frutal,,FIG,media,#896ffb,#915fd8
1732,93981-50-1,"Ethyl 2,3,6-trimethylcyclohexyl carbonate",molécula,Floral,Animal,claro con toque,Floral,symrise:Floral,FIG y catálogos,alta,#c475aa,#975482
1733,78417-28-4,"Ethyl 2,4,7-decatrienoate",molécula,Verde,Ozónico,con matiz,Verde,,FIG,media,#43cd99,#4aa781
1734,6290-17-1,"Ethyl 2,4-dimethyldioxolane-2-acetate",molécula,Frutal,,claro,Frutal,pa:Frutal;symrise:Frutal,FIG y catálogos,alta,#896ffb,#915fd8
1735,35044-59-8,"Ethyl 2,6,6-trimethylcyclohexa-1,3-ene-1-carboxylate",molécula,Floral,Verde,con matiz,Verde,pa:Floral,catálogos,media,#c475aa,#975482
1736,68228-09-1,"Ethyl 2-[[[2,4(or3,5)-dimethyl-3-cyclohexen-1-yl]methyl]amino]benzoate",molécula,Verde,,claro,Verde,,FIG,alta,#43cd99,#4aa781
1737,94108-09-5,"Ethyl 2-[[[4-(1,1-dimethylethyl)phenyl]methylene]amino]benzoate",molécula,Ozónico,Floral,con matiz,Ozónico,,FIG,media,#2db9f3,#237da9
1738,94333-50-3,"Ethyl 2-ethyl-3,6,6-trimethylcyclohexenecarboxylate",molécula,Frutal,Floral,con matiz,Frutal,,FIG,media,#896ffb,#915fd8
1739,57934-97-1,"Ethyl 2-ethyl-6,6-dimethylcyclohex-2-ene-1-carboxylate",molécula,Floral,Especiado,con matiz,Floral,pa:Floral,FIG y catálogos,alta,#c475aa,#975482
1740,2983-37-1,Ethyl 2-ethylhexanoate,molécula,Amaderado,Floral,con matiz,Amaderado,,FIG,media,#923002,#944e00
1741,29214-60-6,Ethyl 2-hexylacetoacetate,molécula,Floral,Verde,claro con toque,Floral,,FIG,alta,#c475aa,#975482
1742,19788-49-9,Ethyl 2-mercaptopropionate,molécula,Transformado,Verde,suelto,Transformado,,FIG,baja,#8a8a8a,#8a8a8a
1743,7335-26-4,Ethyl 2-methoxybenzoate,molécula,Floral,Frutal,claro con toque,Floral,,FIG,alta,#c475aa,#975482
1744,64988-06-3,Ethyl 2-methoxybenzyl ether,molécula,Verde,Especiado,con matiz,Verde,symrise:Floral,"FIG, catálogo en contra",baja,#43cd99,#4aa781
1745,6413-10-1,"Ethyl 2-methyl-1,3-dioxolane-2-acetate",molécula,Frutal,,claro,Frutal,symrise:Frutal,FIG y catálogos,alta,#896ffb,#915fd8
1746,55514-48-2,Ethyl 2-methyl-2-butenoate,molécula,Verde,Frutal,ambiguo,Verde,,FIG,baja,#43cd99,#4aa781
1747,60523-21-9,"Ethyl 2-methyl-3,4-pentadienoate",molécula,Frutal,,claro,Frutal,,FIG,alta,#896ffb,#915fd8
1748,1617-23-8,Ethyl 2-methyl-3-pentenoate,molécula,Frutal,Verde,claro con toque,Frutal,pa:Frutal,FIG y catálogos,alta,#896ffb,#915fd8
1749,59151-19-8,Ethyl 2-methyl-4-oxo-6-pentylcyclohex-2-ene-1-carboxylate,molécula,Floral,,claro,Floral,,FIG,alta,#c475aa,#975482
1750,53399-81-8,Ethyl 2-methyl-4-pentenoate,molécula,Frutal,,claro,Frutal,,FIG,alta,#896ffb,#915fd8
1751,7452-79-1,Ethyl 2-methylbutyrate,molécula,Frutal,,claro,Frutal,pa:Frutal;symrise:Frutal,FIG y catálogos,alta,#896ffb,#915fd8
1752,39255-32-8,Ethyl 2-methylpentanoate,molécula,Frutal,,claro,Frutal,givaudan:Frutal,FIG y catálogos,alta,#896ffb,#915fd8
1753,67801-64-3,Ethyl 2-tert-butylcyclohexyl carbonate,molécula,Especiado,Amaderado,con matiz,Especiado,,FIG,media,#d86f0d,#bb704e
1754,10031-90-0,Ethyl 3(2-furyl)propanoate,molécula,Frutal,Especiado,claro con toque,Frutal,,FIG,alta,#896ffb,#915fd8
1755,67707-75-9,"Ethyl 3,5,5-trimethylhexanoate",molécula,Frutal,Verde,claro con toque,Frutal,,FIG,alta,#896ffb,#915fd8
1756,13058-12-3,"Ethyl 3,7-dimethylocta-2,6-dienoate",molécula,Floral,Frutal,con matiz,Floral,,FIG,media,#c475aa,#975482
1757,2396-83-0,Ethyl 3-hexenoate,molécula,Frutal,Verde,claro con toque,Frutal,,FIG,alta,#896ffb,#915fd8
1758,5764-85-2,Ethyl 3-hydroxy-3-phenylpropionate,molécula,Frutal,,claro,Frutal,,FIG,alta,#896ffb,#915fd8
1759,5405-41-4,Ethyl 3-hydroxybutyrate,molécula,Frutal,Verde,con matiz,Frutal,pa:Frutal,FIG y catálogos,alta,#896ffb,#915fd8
1760,2305-25-1,Ethyl 3-hydroxyhexanoate,molécula,Frutal,Cítrico,claro con toque,Frutal,,FIG,alta,#896ffb,#915fd8
1761,13327-56-5,Ethyl 3-methylthiopropionate,molécula,Frutal,Transformado,con matiz,Frutal,,FIG,media,#896ffb,#915fd8
1762,121-39-1,Ethyl 3-phenylglycidate,molécula,Frutal,,claro,Frutal,,FIG,alta,#896ffb,#915fd8
1763,2021-28-5,Ethyl 3-phenylpropionate,molécula,Floral,,claro,Floral,,FIG,alta,#c475aa,#975482
1764,1968-40-7,Ethyl 4-pentenoate,molécula,Frutal,Verde,ambiguo,Frutal,,FIG,baja,#896ffb,#915fd8
1765,35044-58-7,"Ethyl 6,6-dimethyl-2-methylenecyclohex-3-enecarboxylate",molécula,Frutal,Amaderado,claro con toque,Frutal,,FIG,alta,#896ffb,#915fd8
1766,141-78-6,Ethyl acetate,molécula,Frutal,,claro,Frutal,,FIG,alta,#896ffb,#915fd8
1767,141-97-9,Ethyl acetoacetate,molécula,Frutal,Verde,con matiz,Frutal,symrise:Frutal,FIG y catálogos,alta,#896ffb,#915fd8
1768,87-25-2,Ethyl anthranilate,molécula,Floral,Frutal,con matiz,Floral,,FIG,media,#c475aa,#975482
1769,93-89-0,Ethyl benzoate,molécula,Floral,Frutal,claro con toque,Floral,pa:Floral;symrise:Floral,FIG y catálogos,alta,#c475aa,#975482
1770,94-02-0,Ethyl benzoylacetate,molécula,Frutal,Floral,claro con toque,Frutal,,FIG,alta,#896ffb,#915fd8
1771,105-54-4,Ethyl butyrate,molécula,Frutal,,claro,Frutal,symrise:Frutal,FIG y catálogos,alta,#896ffb,#915fd8
1772,103-36-6,Ethyl cinnamate,molécula,Especiado,,claro,Especiado,symrise:Especiado,FIG y catálogos,alta,#d86f0d,#bb704e
1773,34495-71-1,Ethyl cis-4-octenoate,molécula,Frutal,,claro,Frutal,,FIG,alta,#896ffb,#915fd8
1774,5452-75-5,Ethyl cyclohexylacetate,molécula,Floral,Frutal,ambiguo,Floral,,FIG,baja,#c475aa,#975482
1775,110-38-3,Ethyl decanoate,molécula,Frutal,,claro,Frutal,pa:Frutal,FIG y catálogos,alta,#896ffb,#915fd8
1776,109-94-4,Ethyl formate,molécula,Frutal,,claro,Frutal,,FIG,alta,#896ffb,#915fd8
1777,32659-21-5,Ethyl geranate,molécula,Amaderado,Floral,con matiz,Amaderado,,FIG,media,#923002,#944e00
1778,106-30-9,Ethyl heptanoate,molécula,Frutal,,claro,Frutal,symrise:Frutal,FIG y catálogos,alta,#896ffb,#915fd8
1779,123-66-0,Ethyl hexanoate,molécula,Frutal,,claro,Frutal,pa:Frutal;symrise:Frutal,FIG y catálogos,alta,#896ffb,#915fd8
1780,118-60-5,Ethyl hexyl salicylate,molécula,Floral,Verde,con matiz,Floral,,FIG,media,#c475aa,#975482
1781,97-62-1,Ethyl isobutyrate,molécula,Frutal,,claro,Frutal,pa:Frutal,FIG y catálogos,alta,#896ffb,#915fd8
1782,108-64-5,Ethyl isovalerate,molécula,Frutal,,claro,Frutal,pa:Frutal;symrise:Frutal,FIG y catálogos,alta,#896ffb,#915fd8
1783,97-64-3,Ethyl lactate,molécula,Frutal,,claro,Frutal,,FIG,alta,#896ffb,#915fd8
1784,106-33-2,Ethyl laurate,molécula,Floral,Ozónico,con matiz,Floral,,FIG,media,#c475aa,#975482
1785,539-88-8,Ethyl levulinate,molécula,Frutal,Verde,claro con toque,Frutal,,FIG,alta,#896ffb,#915fd8
1786,544-35-4,Ethyl linoleate,molécula,Frutal,Ozónico,claro con toque,Frutal,,FIG,alta,#896ffb,#915fd8
1787,4940-11-8,Ethyl maltol,molécula,Frutal,,claro,Frutal,,FIG,alta,#896ffb,#915fd8
1788,77-83-8,Ethyl methylphenylglycidate,molécula,Frutal,Floral,claro con toque,Frutal,,FIG,alta,#896ffb,#915fd8
1789,124-06-1,Ethyl myristate,molécula,Floral,Ozónico,con matiz,Floral,,FIG,media,#c475aa,#975482
1790,123-29-5,Ethyl nonanoate,molécula,Frutal,Floral,con matiz,Frutal,,FIG,media,#896ffb,#915fd8
1791,2351-90-8,Ethyl oct-2-enoate,molécula,Frutal,Verde,con matiz,Frutal,,FIG,media,#896ffb,#915fd8
1792,106-32-1,Ethyl octanoate,molécula,Frutal,,claro,Frutal,pa:Frutal;symrise:Frutal,FIG y catálogos,alta,#896ffb,#915fd8
1793,111-62-6,Ethyl oleate,molécula,Transformado,Ozónico,suelto,Transformado,,FIG,baja,#8a8a8a,#8a8a8a
1794,628-97-7,Ethyl palmitate,molécula,Frutal,Ozónico,con matiz,Frutal,,FIG,media,#896ffb,#915fd8
1795,94-30-4,Ethyl p-anisate,molécula,Especiado,Floral,claro con toque,Especiado,,FIG,alta,#d86f0d,#bb704e
1796,1817-90-9,Ethyl phenethyl ether,molécula,Floral,Verde,con matiz,Floral,,FIG,media,#c475aa,#975482
1797,2555-49-9,Ethyl phenoxyacetate,molécula,Floral,Verde,con matiz,Floral,,FIG,media,#c475aa,#975482
1798,2114-29-6,Ethyl phenyl carbinyl acetate,molécula,Floral,Verde,con matiz,Floral,,FIG,media,#c475aa,#975482
1799,101-97-3,Ethyl phenylacetate,molécula,Floral,Frutal,claro con toque,Frutal,symrise:Floral,catálogos,media,#c475aa,#975482
1800,105-37-3,Ethyl propionate,molécula,Frutal,,claro,Frutal,symrise:Frutal,FIG y catálogos,alta,#896ffb,#915fd8
1801,22719-81-9,Ethyl p-tolyl carbonate,molécula,Floral,,claro,Floral,,FIG,alta,#c475aa,#975482
1802,617-35-6,Ethyl pyruvate,molécula,Frutal,,claro,Frutal,,FIG,alta,#896ffb,#915fd8
1803,35044-57-6,Ethyl safranate,molécula,Floral,Frutal,claro con toque,Floral,givaudan:Floral,FIG y catálogos,alta,#c475aa,#975482
1804,118-61-6,Ethyl salicylate,molécula,Floral,Frutal,con matiz,Floral,symrise:Floral,FIG y catálogos,alta,#c475aa,#975482
1805,2396-84-1,Ethyl sorbate,molécula,Frutal,Verde,claro con toque,Frutal,,FIG,alta,#896ffb,#915fd8
1806,5837-78-5,Ethyl tiglate,molécula,Frutal,,claro,Frutal,,FIG,alta,#896ffb,#915fd8
1807,3025-30-7,"Ethyl trans-2,cis-4-decadienoate",molécula,Frutal,,claro,Frutal,pa:Frutal,FIG y catálogos,alta,#896ffb,#915fd8
1808,623-70-1,Ethyl trans-2-butenoate,molécula,Frutal,,claro,Frutal,,FIG,alta,#896ffb,#915fd8
1809,10544-63-5,Ethyl trans-2-butenoate,molécula,Frutal,,claro,Frutal,,FIG,alta,#896ffb,#915fd8
1810,7367-88-6,Ethyl trans-2-decenoate,molécula,Frutal,Verde,con matiz,Frutal,,FIG,media,#896ffb,#915fd8
1811,27829-72-7,Ethyl trans-2-hexenoate,molécula,Frutal,Verde,claro con toque,Frutal,,FIG,alta,#896ffb,#915fd8
1812,76649-16-6,Ethyl trans-4-decenoate,molécula,Verde,Frutal,con matiz,Verde,,FIG,media,#43cd99,#4aa781
1813,539-82-2,Ethyl valerate,molécula,Frutal,,claro,Frutal,,FIG,alta,#896ffb,#915fd8
1814,121-32-4,Ethyl vanillin,molécula,Frutal,,claro,Frutal,,FIG,alta,#896ffb,#915fd8
1815,188417-26-7,Ethyl vanillin isobutyrate,molécula,Frutal,,claro,Frutal,,FIG,alta,#896ffb,#915fd8
1816,68527-76-4,Ethyl vanillin propylene glycol acetal,molécula,Frutal,Especiado,con matiz,Frutal,,FIG,media,#896ffb,#915fd8
1817,67952-68-5,"Ethyl-1,3,3-trimethylbicyclo[2.2.1]heptan-2-ol",molécula,Amaderado,,claro,Amaderado,,FIG,alta,#923002,#944e00
1818,105-95-3,Ethylene brassylate,molécula,Animal,Floral,claro con toque,Animal,,FIG,alta,#d22c50,#ca224a
1819,54982-83-1,Ethylene dodecanedioate,molécula,Animal,Floral,con matiz,Animal,pa:Animal,FIG y catálogos,alta,#d22c50,#ca224a
1820,470-82-6,Eucalyptol,molécula,Verde,,claro,Verde,symrise:Verde,FIG y catálogos,alta,#43cd99,#4aa781
1821,8000-48-4,Eucalyptus absolute,natural o mezcla,Verde,,claro,Verde,,FIG,alta,#43cd99,#4aa781
1822,85203-56-1,Eucalyptus citriodora oil,natural o mezcla,Verde,Cítrico,claro con toque,Verde,,FIG,alta,#43cd99,#4aa781
1823,68991-29-7,"Eucalyptus citriodora oil, acetylated",natural o mezcla,Verde,Cítrico,claro con toque,Verde,,FIG,alta,#43cd99,#4aa781
1824,85203-56-1,Eucalyptus citriodora terpenes,natural o mezcla,Verde,Cítrico,claro con toque,Verde,,FIG,alta,#43cd99,#4aa781
1825,8000-48-4,Eucalyptus dives extract,natural o mezcla,Verde,,claro,Verde,,FIG,alta,#43cd99,#4aa781
1826,8000-48-4,Eucalyptus dives oil,natural o mezcla,Verde,,claro,Verde,,FIG,alta,#43cd99,#4aa781
1827,8000-48-4,"Eucalyptus dives oil, rectified",natural o mezcla,Verde,,claro,Verde,,FIG,alta,#43cd99,#4aa781
1828,97926-40-4,Eucalyptus globulus absolute,natural o mezcla,Verde,,claro,Verde,,FIG,alta,#43cd99,#4aa781
1829,97926-40-4,Eucalyptus globulus oil,natural o mezcla,Verde,,claro,Verde,,FIG,alta,#43cd99,#4aa781
1830,97926-40-4,"Eucalyptus globulus oil, rectified",natural o mezcla,Verde,,claro,Verde,,FIG,alta,#43cd99,#4aa781
1831,8000-48-4,Eucalyptus oil,natural o mezcla,Verde,,claro,Verde,,FIG,alta,#43cd99,#4aa781
1832,8000-48-4,"Eucalyptus oil, rectified",natural o mezcla,Verde,,claro,Verde,,FIG,alta,#43cd99,#4aa781
1833,92201-64-4,Eucalyptus radiata oil,natural o mezcla,Verde,,claro,Verde,,FIG,alta,#43cd99,#4aa781
1834,97-53-0,Eugenol,molécula,Especiado,Floral,claro con toque,Especiado,,FIG,alta,#d86f0d,#bb704e
1835,93-28-7,Eugenyl acetate,molécula,Floral,Especiado,con matiz,Floral,,FIG,media,#c475aa,#975482
1836,93-15-2,Eugenyl methyl ether,molécula,Especiado,Verde,claro con toque,Especiado,pa:Especiado,FIG y catálogos,alta,#d86f0d,#bb704e
1837,10402-33-2,Eugenyl phenylacetate,molécula,Especiado,Floral,ambiguo,Especiado,,FIG,baja,#d86f0d,#bb704e
1838,1137739-11-7,Evodia rutaecarpa oil,natural o mezcla,Verde,Frutal,claro con toque,Verde,,FIG,alta,#43cd99,#4aa781
1839,7070-15-7,"exo-2-[(1,7,7-Trimethylbicyclo[2.2.1]hept-2-yl)oxy]ethanol",molécula,Amaderado,Verde,claro con toque,Amaderado,,FIG,alta,#923002,#944e00
1840,19317-11-4,Farnesal,molécula,Verde,Floral,con matiz,Verde,,FIG,media,#43cd99,#4aa781
1841,4602-84-0,Farnesol,molécula,Floral,,claro,Floral,symrise:Floral,FIG y catálogos,alta,#c475aa,#975482
1842,29548-30-9,Farnesyl acetate,molécula,Floral,Verde,claro con toque,Floral,,FIG,alta,#c475aa,#975482
1843,1195-79-5,Fenchone,molécula,Verde,Amaderado,con matiz,Verde,,FIG,media,#43cd99,#4aa781
1844,1632-73-1,Fenchyl alcohol,molécula,Verde,Amaderado,con matiz,Verde,,FIG,media,#43cd99,#4aa781
1845,8006-84-6,Fennel bitter oleoresin,natural o mezcla,Especiado,Verde,con matiz,Especiado,,FIG,media,#d86f0d,#bb704e
1846,8006-84-6,"Fennel oil, bitter",natural o mezcla,Especiado,Verde,con matiz,Especiado,,FIG,media,#d86f0d,#bb704e
1847,8006-84-6,"Fennel oil, sweet",natural o mezcla,Especiado,Verde,con matiz,Especiado,,FIG,media,#d86f0d,#bb704e
1848,8006-84-6,Fennel sweet oleoresin,natural o mezcla,Especiado,Verde,con matiz,Especiado,,FIG,media,#d86f0d,#bb704e
1849,68990-15-8,Fenugreek absolute,natural o mezcla,Especiado,Verde,con matiz,Especiado,,FIG,media,#d86f0d,#bb704e
1850,68990-15-8,Fenugreek extract,natural o mezcla,Especiado,Verde,con matiz,Especiado,,FIG,media,#d86f0d,#bb704e
1851,68990-15-8,Fenugreek oleoresin,natural o mezcla,Especiado,Verde,con matiz,Especiado,,FIG,media,#d86f0d,#bb704e
1852,68990-15-8,Fenugreek tincture,natural o mezcla,Especiado,Verde,con matiz,Especiado,,FIG,media,#d86f0d,#bb704e
1853,8021-28-1,Fir absolute,natural o mezcla,Amaderado,Especiado,claro con toque,Amaderado,,FIG,alta,#923002,#944e00
1854,8024-15-5,Fir balsam,natural o mezcla,Especiado,Amaderado,claro con toque,Especiado,,FIG,alta,#d86f0d,#bb704e
1855,8024-15-5,Fir balsam absolute,natural o mezcla,Amaderado,Especiado,claro con toque,Amaderado,,FIG,alta,#923002,#944e00
1856,8024-15-5,Fir balsam resinoid,natural o mezcla,Amaderado,Especiado,claro con toque,Amaderado,,FIG,alta,#923002,#944e00
1857,8021-28-1,Fir balsam resinoid from needles,natural o mezcla,Amaderado,Especiado,claro con toque,Amaderado,,FIG,alta,#923002,#944e00
1858,8024-15-5,"Fir needle oil, Canadian",natural o mezcla,Amaderado,Especiado,claro con toque,Amaderado,,FIG,alta,#923002,#944e00
1859,8021-28-1,"Fir needle oil, Chinese",natural o mezcla,Amaderado,Especiado,claro con toque,Amaderado,,FIG,alta,#923002,#944e00
1860,8021-29-2,"Fir needle oil, Siberian",natural o mezcla,Verde,Amaderado,claro con toque,Verde,,FIG,alta,#43cd99,#4aa781
1861,8021-29-2,"Fir needle oil, Siberian, rectified",natural o mezcla,Verde,Amaderado,claro con toque,Verde,,FIG,alta,#43cd99,#4aa781
1862,85085-34-3,"Fir, Abies balsamea extract",natural o mezcla,Amaderado,Verde,ambiguo,Amaderado,,FIG,baja,#923002,#944e00
1863,8021-28-1,"Fir, Abies balsamea, absolute",natural o mezcla,Amaderado,Especiado,claro con toque,Amaderado,,FIG,alta,#923002,#944e00
1864,92128-34-2,"Fir, Abies pectinata, concrete",natural o mezcla,Amaderado,Verde,ambiguo,Amaderado,,FIG,baja,#923002,#944e00
1865,68916-09-6,Flouve absolute,natural o mezcla,Amaderado,Frutal,con matiz,Amaderado,,FIG,media,#923002,#944e00
1866,68916-09-6,Flouve oil,natural o mezcla,Amaderado,,claro,Amaderado,,FIG,alta,#923002,#944e00
1867,58567-11-6,Formaldehyde cyclododecyl ethyl acetal,molécula,Amaderado,Especiado,con matiz,Amaderado,symrise:Amaderado,FIG y catálogos,alta,#923002,#944e00
1868,64-18-6,Formic acid,molécula,Transformado,Frutal,suelto,Transformado,,FIG,baja,#8a8a8a,#8a8a8a
1869,68855-38-9,"Formic acid, reaction products with boron trifluoride and [1S-",sin estructura,Transformado,,suelto,Transformado,,FIG,baja,#8a8a8a,#8a8a8a
1870,68917-51-1,Fucus vesiculosus absolute,natural o mezcla,Ozónico,Verde,claro con toque,Ozónico,,FIG,alta,#2db9f3,#237da9
1871,68917-51-1,Fucus vesiculosus resinoid,natural o mezcla,Ozónico,Verde,claro con toque,Ozónico,,FIG,alta,#2db9f3,#237da9
1872,99343-90-5,"Furan, tetrahydro-2,4-dimethyl-4-phenyl-, (2R,4R)-rel-",molécula,Cítrico,Verde,ambiguo,Cítrico,,FIG,baja,#c3b503,#a19500
1873,98-01-1,Furfural,molécula,Transformado,Frutal,suelto,Transformado,,FIG,baja,#8a8a8a,#8a8a8a
1874,623-17-6,Furfuryl acetate,molécula,Frutal,,claro,Frutal,,FIG,alta,#896ffb,#915fd8
1875,98-02-2,Furfuryl mercaptan,molécula,Transformado,Frutal,suelto,Transformado,,FIG,baja,#8a8a8a,#8a8a8a
1876,1438-91-1,Furfuryl methyl sulfide,molécula,Transformado,Verde,suelto,Transformado,,FIG,baja,#8a8a8a,#8a8a8a
1877,13678-68-7,Furfuryl thioacetate,molécula,Transformado,Frutal,suelto,Transformado,,FIG,baja,#8a8a8a,#8a8a8a
1878,8013-75-0,"Fusel oil, refined",natural o mezcla,Frutal,Amaderado,claro con toque,Frutal,,FIG,alta,#896ffb,#915fd8
1879,8024-40-6,Galangal root extract,natural o mezcla,Especiado,Verde,claro con toque,Especiado,,FIG,alta,#d86f0d,#bb704e
1880,8024-40-6,Galangal root oleoresin,natural o mezcla,Especiado,Verde,claro con toque,Especiado,,FIG,alta,#d86f0d,#bb704e
1881,8023-91-4,Galbanum absolute,natural o mezcla,Verde,,claro,Verde,,FIG,alta,#43cd99,#4aa781
1882,8023-91-4,Galbanum CO2 extract,natural o mezcla,Verde,,claro,Verde,,FIG,alta,#43cd99,#4aa781
1883,8023-91-4,Galbanum gum,natural o mezcla,Verde,,claro,Verde,,FIG,alta,#43cd99,#4aa781
1884,8023-91-4,Galbanum oil,natural o mezcla,Verde,,claro,Verde,,FIG,alta,#43cd99,#4aa781
1885,8023-91-4,"Galbanum oil, rectified",natural o mezcla,Verde,,claro,Verde,,FIG,alta,#43cd99,#4aa781
1886,8023-91-4,Galbanum resin,natural o mezcla,Verde,,claro,Verde,,FIG,alta,#43cd99,#4aa781
1887,8023-91-4,Galbanum resinoid,natural o mezcla,Verde,,claro,Verde,,FIG,alta,#43cd99,#4aa781
1888,706-14-9,gamma-Decalactone,molécula,Frutal,,claro,Frutal,pa:Frutal,FIG y catálogos,alta,#896ffb,#915fd8
1889,2305-05-7,gamma-Dodecalactone,molécula,Frutal,,claro,Frutal,pa:Frutal,FIG y catálogos,alta,#896ffb,#915fd8
1890,105-21-5,gamma-Heptalactone,molécula,Frutal,,claro,Frutal,,FIG,alta,#896ffb,#915fd8
1891,695-06-7,gamma-Hexalactone,molécula,Frutal,Verde,claro con toque,Frutal,,FIG,alta,#896ffb,#915fd8
1892,79-76-5,gamma-Ionone,molécula,Amaderado,Floral,ambiguo,Amaderado,,FIG,baja,#923002,#944e00
1893,7011-83-8,gamma-Methyldecalactone,molécula,Floral,Frutal,claro con toque,Floral,symrise:Floral,FIG y catálogos,alta,#c475aa,#975482
1894,104-61-0,gamma-Nonalactone,molécula,Frutal,,claro,Frutal,symrise:Frutal,FIG y catálogos,alta,#896ffb,#915fd8
1895,104-50-7,gamma-Octalactone,molécula,Frutal,Especiado,claro con toque,Frutal,,FIG,alta,#896ffb,#915fd8
1896,104-67-6,gamma-Undecalactone,molécula,Frutal,,claro,Frutal,,FIG,alta,#896ffb,#915fd8
1897,108-29-2,gamma-Valerolactone,molécula,Verde,Amaderado,claro con toque,Verde,,FIG,alta,#43cd99,#4aa781
1898,683748-01-8,Gardenia tahitensis absolute,natural o mezcla,Floral,Frutal,claro con toque,Floral,,FIG,alta,#c475aa,#975482
1899,683748-01-8,Gardenia tahitensis oil,natural o mezcla,Floral,Frutal,claro con toque,Floral,,FIG,alta,#c475aa,#975482
1900,8000-78-0,Garlic oil,natural o mezcla,Transformado,Verde,suelto,Transformado,,FIG,baja,#8a8a8a,#8a8a8a
1901,129316-65-0,Genet absolute,natural o mezcla,Especiado,Floral,claro con toque,Especiado,,FIG,alta,#d86f0d,#bb704e
1902,97676-22-7,Gentian absolute,natural o mezcla,Verde,Amaderado,claro con toque,Verde,,FIG,alta,#43cd99,#4aa781
1903,97676-22-7,Gentian root extract,natural o mezcla,Verde,Amaderado,claro con toque,Verde,,FIG,alta,#43cd99,#4aa781
1904,141-27-5,Geranial,molécula,Cítrico,,claro,Cítrico,,FIG,alta,#c3b503,#a19500
1905,459-80-3,Geranic acid,molécula,Verde,Floral,con matiz,Verde,,FIG,media,#43cd99,#4aa781
1906,106-24-1,Geraniol,molécula,Floral,,claro,Floral,symrise:Floral,FIG y catálogos,alta,#c475aa,#975482
1907,8000-46-2,Geranium absolute,natural o mezcla,Floral,Verde,claro con toque,Floral,,FIG,alta,#c475aa,#975482
1908,68916-42-7,"Geranium absolute, bourbon",natural o mezcla,Floral,Verde,claro con toque,Floral,,FIG,alta,#c475aa,#975482
1909,8000-46-2,Geranium concrete,natural o mezcla,Floral,Verde,claro con toque,Floral,,FIG,alta,#c475aa,#975482
1910,8000-46-2,Geranium oil,natural o mezcla,Floral,Verde,claro con toque,Floral,,FIG,alta,#c475aa,#975482
1911,68917-31-7,Geranium oil terpenes,natural o mezcla,Floral,,claro,Floral,,FIG,alta,#c475aa,#975482
1912,8000-46-2,"Geranium oil, African",natural o mezcla,Floral,Verde,claro con toque,Floral,,FIG,alta,#c475aa,#975482
1913,68916-42-7,"Geranium oil, bourbon, distn. residues",natural o mezcla,Floral,Verde,claro con toque,Floral,,FIG,alta,#c475aa,#975482
1914,68916-44-9,"Geranium oil, rectified",natural o mezcla,Floral,Verde,claro con toque,Floral,,FIG,alta,#c475aa,#975482
1915,8000-46-2,"Geranium oil, rectified",natural o mezcla,Floral,Verde,claro con toque,Floral,,FIG,alta,#c475aa,#975482
1916,68916-43-8,"Geranium oil, saponified",natural o mezcla,Floral,,claro,Floral,,FIG,alta,#c475aa,#975482
1917,105-87-3,Geranyl acetate,molécula,Floral,Frutal,claro con toque,Floral,symrise:Floral,FIG y catálogos,alta,#c475aa,#975482
1918,94-48-4,Geranyl benzoate,molécula,Floral,Verde,con matiz,Floral,,FIG,media,#c475aa,#975482
1919,106-29-6,Geranyl butyrate,molécula,Frutal,,claro,Frutal,,FIG,alta,#896ffb,#915fd8
1920,56172-46-4,Geranyl crotonate,molécula,Frutal,,claro,Frutal,,FIG,alta,#896ffb,#915fd8
1921,70851-60-4,Geranyl dihydrolinalool,molécula,Floral,Especiado,claro con toque,Floral,,FIG,alta,#c475aa,#975482
1922,40267-72-9,Geranyl ethyl ether,molécula,Frutal,Verde,con matiz,Frutal,,FIG,media,#896ffb,#915fd8
1923,105-86-2,Geranyl formate,molécula,Floral,Verde,con matiz,Floral,,FIG,media,#c475aa,#975482
1924,10032-02-7,Geranyl hexanoate,molécula,Floral,,claro,Floral,,FIG,alta,#c475aa,#975482
1925,2345-26-8,Geranyl isobutyrate,molécula,Floral,Frutal,con matiz,Floral,,FIG,media,#c475aa,#975482
1926,109-20-6,Geranyl isovalerate,molécula,Frutal,Verde,con matiz,Verde,pa:Frutal,catálogos,media,#896ffb,#915fd8
1927,1113-21-9,Geranyl linalool,molécula,Floral,,claro,Floral,,FIG,alta,#c475aa,#975482
1928,2565-82-4,Geranyl methyl ether,molécula,Floral,Verde,claro con toque,Floral,,FIG,alta,#c475aa,#975482
1929,65405-73-4,Geranyl oxyacetaldehyde,molécula,Floral,Ozónico,claro con toque,Floral,,FIG,alta,#c475aa,#975482
1930,10402-47-8,Geranyl pentanoate,molécula,Frutal,Floral,ambiguo,Frutal,,FIG,baja,#896ffb,#915fd8
1931,102-22-7,Geranyl phenylacetate,molécula,Floral,Frutal,con matiz,Frutal,pa:Floral,catálogos,media,#c475aa,#975482
1932,105-90-8,Geranyl propionate,molécula,Floral,Frutal,ambiguo,Floral,,FIG,baja,#c475aa,#975482
1933,7785-33-3,Geranyl tiglate,molécula,Floral,Verde,claro con toque,Floral,symrise:Floral,FIG y catálogos,alta,#c475aa,#975482
1934,8007-08-7,Ginger,sin estructura,Especiado,Cítrico,claro con toque,Especiado,pa:Especiado,FIG y catálogos,alta,#d86f0d,#bb704e
1935,8007-08-7,Ginger absolute,sin estructura,Especiado,Cítrico,claro con toque,Especiado,pa:Especiado,FIG y catálogos,alta,#d86f0d,#bb704e
1936,8007-08-7,Ginger CO2 extract,sin estructura,Especiado,Cítrico,claro con toque,Especiado,pa:Especiado,FIG y catálogos,alta,#d86f0d,#bb704e
1937,8007-08-7,Ginger extract,sin estructura,Especiado,Cítrico,claro con toque,Especiado,pa:Especiado,FIG y catálogos,alta,#d86f0d,#bb704e
1938,8007-08-7,Ginger oil,sin estructura,Especiado,Cítrico,claro con toque,Especiado,pa:Especiado,FIG y catálogos,alta,#d86f0d,#bb704e
1939,8007-08-7,"Ginger oil, rectified",sin estructura,Especiado,Cítrico,claro con toque,Especiado,pa:Especiado,FIG y catálogos,alta,#d86f0d,#bb704e
1940,8007-08-7,Ginger oleoresin,sin estructura,Especiado,Cítrico,claro con toque,Especiado,pa:Especiado,FIG y catálogos,alta,#d86f0d,#bb704e
1941,8007-08-7,Ginger terpeneless,sin estructura,Especiado,Cítrico,claro con toque,Especiado,pa:Especiado,FIG y catálogos,alta,#d86f0d,#bb704e
1942,8023-92-5,Gingergrass oil,natural o mezcla,Verde,Amaderado,claro con toque,Verde,,FIG,alta,#43cd99,#4aa781
1943,68990-07-8,"Glycerides, wheat germ-oil mono-, di- and tri-",natural o mezcla,Verde,Floral,claro con toque,Verde,,FIG,alta,#43cd99,#4aa781
1944,39668-74-1,"Glycine, N-​[[5-​methyl-​2-​(1-​methylethyl)​cyclohexyl]​carbonyl]​-​, ethyl ester",molécula,Verde,,claro,Verde,,FIG,alta,#43cd99,#4aa781
1945,90320-21-1,Grains of paradise extract,natural o mezcla,Especiado,,claro,Especiado,,FIG,alta,#d86f0d,#bb704e
1946,8016-20-4,"Grapefruit absolute, white",natural o mezcla,Cítrico,,claro,Cítrico,,FIG,alta,#c3b503,#a19500
1947,8016-20-4,Grapefruit essence oil,natural o mezcla,Cítrico,,claro,Cítrico,,FIG,alta,#c3b503,#a19500
1948,8016-20-4,Grapefruit extract,natural o mezcla,Cítrico,,claro,Cítrico,,FIG,alta,#c3b503,#a19500
1949,8016-20-4,Grapefruit flower oil,natural o mezcla,Cítrico,,claro,Cítrico,,FIG,alta,#c3b503,#a19500
1950,8016-20-4,Grapefruit oil,natural o mezcla,Cítrico,,claro,Cítrico,,FIG,alta,#c3b503,#a19500
1951,8016-20-4,Grapefruit oil,natural o mezcla,Cítrico,,claro,Cítrico,,FIG,alta,#c3b503,#a19500
1952,68917-32-8,Grapefruit oil terpenes,natural o mezcla,Cítrico,,claro,Cítrico,,FIG,alta,#c3b503,#a19500
1953,8016-20-4,"Grapefruit oil, (low furocoumarins)",natural o mezcla,Cítrico,,claro,Cítrico,,FIG,alta,#c3b503,#a19500
1954,68916-46-1,"Grapefruit oil, folded",natural o mezcla,Cítrico,Frutal,claro con toque,Cítrico,,FIG,alta,#c3b503,#a19500
1955,8016-20-4,"Grapefruit oil, rectified",natural o mezcla,Cítrico,,claro,Cítrico,,FIG,alta,#c3b503,#a19500
1956,68916-46-1,"Grapefruit oil, terpeneless",natural o mezcla,Cítrico,Frutal,claro con toque,Cítrico,,FIG,alta,#c3b503,#a19500
1957,8016-23-7,Guaiac wood oil,natural o mezcla,Amaderado,Especiado,claro con toque,Amaderado,pa:Amaderado,FIG y catálogos,alta,#923002,#944e00
1958,90244-88-5,Guaiac wood oil saponified,natural o mezcla,Amaderado,Especiado,claro con toque,Amaderado,,FIG,alta,#923002,#944e00
1959,8016-23-7,"Guaiac wood oil, rectified",natural o mezcla,Amaderado,Especiado,claro con toque,Amaderado,pa:Amaderado,FIG y catálogos,alta,#923002,#944e00
1960,90-05-1,Guaiacol,molécula,Especiado,Amaderado,con matiz,Especiado,,FIG,media,#d86f0d,#bb704e
1961,4125-43-3,Guaiacol allyl ether,molécula,Especiado,Amaderado,ambiguo,Especiado,,FIG,baja,#d86f0d,#bb704e
1962,61789-17-1,Guaiacwood acetate,sin estructura,Amaderado,Floral,con matiz,Amaderado,,FIG,media,#923002,#944e00
1963,613-70-7,Guaiacyl acetate,molécula,Especiado,Amaderado,ambiguo,Especiado,,FIG,baja,#d86f0d,#bb704e
1964,134-28-1,Guaiyl acetate,molécula,Amaderado,Frutal,con matiz,Amaderado,,FIG,media,#923002,#944e00
1965,8030-55-5,Gurjun balsam,natural o mezcla,Amaderado,Floral,claro con toque,Amaderado,,FIG,alta,#923002,#944e00
1966,8030-55-5,Gurjun balsam oil,natural o mezcla,Amaderado,Floral,claro con toque,Amaderado,,FIG,alta,#923002,#944e00
1967,8030-55-5,Gurjun extract,natural o mezcla,Amaderado,Floral,claro con toque,Amaderado,,FIG,alta,#923002,#944e00
1968,8030-55-5,Gurjun oil,natural o mezcla,Amaderado,Floral,claro con toque,Amaderado,,FIG,alta,#923002,#944e00
1969,8030-55-5,"Gurjun oil, rectified",natural o mezcla,Amaderado,Floral,claro con toque,Amaderado,,FIG,alta,#923002,#944e00
1970,8031-00-3,Hay absolute,natural o mezcla,Verde,,claro,Verde,pa:Verde,FIG y catálogos,alta,#43cd99,#4aa781
1971,8031-00-3,Hay oil,natural o mezcla,Verde,,claro,Verde,pa:Verde,FIG y catálogos,alta,#43cd99,#4aa781
1972,8023-95-8,Helichrysum absolute,natural o mezcla,Amaderado,Floral,con matiz,Amaderado,,FIG,media,#923002,#944e00
1973,85665-35-6,"Helichrysum arenarium, ext.",sin estructura,Floral,Frutal,con matiz,Floral,,FIG,media,#c475aa,#975482
1974,8023-95-8,Helichrysum extract,natural o mezcla,Amaderado,Floral,con matiz,Amaderado,,FIG,media,#923002,#944e00
1975,8023-95-8,Helichrysum oil,natural o mezcla,Amaderado,Floral,con matiz,Amaderado,,FIG,media,#923002,#944e00
1976,8023-95-8,"Helichrysum oil, pyrogenated",natural o mezcla,Amaderado,Floral,con matiz,Amaderado,,FIG,media,#923002,#944e00
1977,111-71-7,Heptanal,molécula,Ozónico,Verde,claro con toque,Ozónico,,FIG,alta,#2db9f3,#237da9
1978,10032-05-0,Heptanal dimethyl acetal,molécula,Verde,Frutal,con matiz,Verde,,FIG,media,#43cd99,#4aa781
1979,111-14-8,Heptanoic acid,molécula,Transformado,Ozónico,suelto,Transformado,,FIG,baja,#8a8a8a,#8a8a8a
1980,112-06-1,Heptyl acetate,molécula,Frutal,Verde,con matiz,Frutal,,FIG,media,#896ffb,#915fd8
1981,111-70-6,Heptyl alcohol,molécula,Ozónico,Verde,con matiz,Ozónico,,FIG,media,#2db9f3,#237da9
1982,5870-93-9,Heptyl butyrate,molécula,Frutal,,claro,Frutal,,FIG,alta,#896ffb,#915fd8
1983,10094-40-3,Hex-2-enyl acetate (isomer unspecified),molécula,Verde,Frutal,claro con toque,Verde,,FIG,alta,#43cd99,#4aa781
1984,1708-82-3,Hex-3-enyl acetate,molécula,Verde,Floral,con matiz,Verde,,FIG,media,#43cd99,#4aa781
1985,109-29-5,Hexadecanolide,molécula,Animal,Floral,claro con toque,Animal,pa:Animal,FIG y catálogos,alta,#d22c50,#ca224a
1986,6051-03-2,Hexahydro-3H-benzofuran-2-one,molécula,Amaderado,Verde,con matiz,Amaderado,,FIG,media,#923002,#944e00
1987,66-25-1,Hexanal,molécula,Verde,Ozónico,con matiz,Ozónico,pa:Verde,catálogos,media,#43cd99,#4aa781
1988,1429808-42-3,"Hexanal, 6-​(2,​4,​4-​trimethylcyclopentyl​idene)​-​, (6E)​-",sin estructura,Ozónico,Verde,claro con toque,Ozónico,,FIG,alta,#2db9f3,#237da9
1989,142-62-1,Hexanoic acid,molécula,Transformado,,suelto,Transformado,pa:Frutal,"FIG, catálogo en contra",baja,#8a8a8a,#8a8a8a
1990,816-19-3,"Hexanoic acid, 2-ethyl-, methyl ester",molécula,Frutal,Floral,ambiguo,Frutal,,FIG,baja,#896ffb,#915fd8
1991,104986-28-9,"Hexanoic acid, 6-(acetyloxy)-, ethyl ester",molécula,Frutal,Floral,ambiguo,Floral,givaudan:Frutal;pa:Frutal,catálogos,alta,#896ffb,#915fd8
1992,6728-26-3,Hexen-2-al,molécula,Verde,Ozónico,con matiz,Verde,,FIG,media,#43cd99,#4aa781
1993,5434-57-1,"Hexyl 2,2-dimethylpropanoate",molécula,Floral,Verde,claro con toque,Floral,,FIG,alta,#c475aa,#975482
1994,10032-15-2,Hexyl 2-methylbutyrate,molécula,Frutal,Verde,con matiz,Frutal,,FIG,media,#896ffb,#915fd8
1995,142-92-7,Hexyl acetate,molécula,Frutal,Verde,con matiz,Frutal,givaudan:Frutal;pa:Frutal;symrise:Frutal,FIG y catálogos,alta,#896ffb,#915fd8
1996,111-27-3,Hexyl alcohol,molécula,Frutal,Verde,con matiz,Frutal,pa:Floral,"FIG, catálogo en contra",baja,#896ffb,#915fd8
1997,6789-88-4,Hexyl benzoate,molécula,Especiado,Amaderado,claro con toque,Amaderado,pa:Especiado,catálogos,media,#d86f0d,#bb704e
1998,2639-63-6,Hexyl butyrate,molécula,Frutal,Verde,con matiz,Frutal,,FIG,media,#896ffb,#915fd8
1999,629-33-4,Hexyl formate,molécula,Frutal,,claro,Frutal,,FIG,alta,#896ffb,#915fd8
2000,6378-65-0,Hexyl hexanoate,molécula,Frutal,Floral,con matiz,Frutal,,FIG,media,#896ffb,#915fd8
2001,2349-07-7,Hexyl isobutyrate,molécula,Frutal,,claro,Frutal,,FIG,alta,#896ffb,#915fd8
2002,10032-13-0,Hexyl isovalerate,molécula,Frutal,Verde,claro con toque,Frutal,,FIG,alta,#896ffb,#915fd8
2003,1117-55-1,Hexyl octanoate,molécula,Frutal,Verde,con matiz,Frutal,,FIG,media,#896ffb,#915fd8
2004,5421-17-0,Hexyl phenylacetate,molécula,Floral,Verde,claro con toque,Floral,,FIG,alta,#c475aa,#975482
2005,2445-76-3,Hexyl propionate,molécula,Frutal,Verde,con matiz,Frutal,,FIG,media,#896ffb,#915fd8
2006,6259-76-3,Hexyl salicylate,molécula,Floral,Verde,claro con toque,Floral,givaudan:Floral;pa:Floral;symrise:Floral,FIG y catálogos,alta,#c475aa,#975482
2007,16930-96-4,Hexyl tiglate,molécula,Frutal,Verde,claro con toque,Frutal,,FIG,alta,#896ffb,#915fd8
2008,68917-43-1,Hibawood oil,natural o mezcla,Amaderado,,claro,Amaderado,,FIG,alta,#923002,#944e00
2009,91745-97-0,Hinoki wood oil,natural o mezcla,Verde,Especiado,con matiz,Verde,,FIG,media,#43cd99,#4aa781
2010,91745-97-0,Hinoki leaf oil,natural o mezcla,Verde,Especiado,con matiz,Verde,,FIG,media,#43cd99,#4aa781
2011,8022-91-1,Ho bark oil,natural o mezcla,Floral,Amaderado,con matiz,Floral,,FIG,media,#c475aa,#975482
2012,8022-91-1,Ho leaf oil,natural o mezcla,Floral,Amaderado,con matiz,Floral,,FIG,media,#c475aa,#975482
2013,8022-91-1,Ho wood,natural o mezcla,Floral,Amaderado,con matiz,Floral,,FIG,media,#c475aa,#975482
2014,8022-91-1,Ho wood oil,natural o mezcla,Floral,Amaderado,con matiz,Floral,,FIG,media,#c475aa,#975482
2015,91052-92-5,Honey distillate,natural o mezcla,Frutal,Floral,con matiz,Frutal,,FIG,media,#896ffb,#915fd8
2016,8023-93-6,Honeysuckle absolute,natural o mezcla,Floral,,claro,Floral,,FIG,alta,#c475aa,#975482
2017,8060-28-4,Hop extract,natural o mezcla,Verde,Frutal,con matiz,Verde,,FIG,media,#43cd99,#4aa781
2018,8060-28-4,Hop extract solid,natural o mezcla,Verde,Frutal,con matiz,Verde,,FIG,media,#43cd99,#4aa781
2019,8007-04-3,Hop oil,natural o mezcla,Verde,Especiado,con matiz,Verde,,FIG,media,#43cd99,#4aa781
2020,68956-56-9,"Hydrocarbons, terpene processing by-products",sin estructura,Cítrico,Verde,claro con toque,Cítrico,,FIG,alta,#c3b503,#a19500
2021,107-75-5,Hydroxycitronellal,molécula,Floral,Ozónico,claro con toque,Floral,pa:Floral,FIG y catálogos,alta,#c475aa,#975482
2022,7779-94-4,Hydroxycitronellal diethyl acetal,molécula,Floral,Verde,claro con toque,Floral,,FIG,alta,#c475aa,#975482
2023,141-92-4,Hydroxycitronellal dimethyl acetal,molécula,Floral,,claro,Floral,,FIG,alta,#c475aa,#975482
2024,68908-82-7,"Hydroxycitronellal, indole condensation products",sin estructura,Floral,,claro,Floral,pa:Floral,FIG y catálogos,alta,#c475aa,#975482
2025,68527-79-7,Hydroxycitronellal-Indole (Schiff base),molécula,Floral,Animal,claro con toque,Floral,,FIG,alta,#c475aa,#975482
2026,89-43-0,Hydroxycitronellal-methyl anthranilate (Schiff base),molécula,Floral,,claro,Floral,givaudan:Floral;pa:Floral,FIG y catálogos,alta,#c475aa,#975482
2027,107-74-4,Hydroxycitronellol,molécula,Floral,Verde,con matiz,Floral,,FIG,media,#c475aa,#975482
2028,3301-94-8,"Hydroxynonanoic acid, delta-lactone",molécula,Frutal,Especiado,claro con toque,Frutal,,FIG,alta,#896ffb,#915fd8
2029,8006-83-5,Hyssop oil,natural o mezcla,Verde,,claro,Verde,,FIG,alta,#43cd99,#4aa781
2030,647828-16-8,"Indeno[4,3a-b]furan,decahydro-2,2,7,7,8,9,9-heptamethyl-",molécula,Especiado,Amaderado,con matiz,Especiado,,FIG,media,#d86f0d,#bb704e
2031,365411-50-3,"Indeno[4,5-d]-1,3-dioxin,4,4a,5,6,7,8,9,9b-octahydro-7,7,8,9,9-pentamethyl-",molécula,Animal,Floral,con matiz,Animal,,FIG,media,#d22c50,#ca224a
2032,120-72-9,Indole,molécula,Animal,Floral,claro con toque,Floral,pa:Animal,catálogos,media,#d22c50,#ca224a
2033,8013-90-9,Ionone (mixed isomers),molécula,Floral,,claro,Floral,givaudan:Floral,FIG y catálogos,alta,#c475aa,#975482
2034,1048028-77-8,Iris germanica absolute,natural o mezcla,Floral,,claro,Floral,,FIG,alta,#c475aa,#975482
2035,1048028-77-8,Iris germanica CO2 extract,natural o mezcla,Floral,,claro,Floral,,FIG,alta,#c475aa,#975482
2036,1048028-77-8,Iris germanica concrete,natural o mezcla,Floral,,claro,Floral,,FIG,alta,#c475aa,#975482
2037,1048028-77-8,Iris germanica extract,natural o mezcla,Floral,,claro,Floral,,FIG,alta,#c475aa,#975482
2038,1048028-77-8,Iris germanica resinoid,natural o mezcla,Floral,,claro,Floral,,FIG,alta,#c475aa,#975482
2039,8002-73-1,Iris pallida absolute,natural o mezcla,Floral,,claro,Floral,,FIG,alta,#c475aa,#975482
2040,8002-73-1,Iris pallida concrete,natural o mezcla,Floral,,claro,Floral,,FIG,alta,#c475aa,#975482
2041,8002-73-1,Iris pallida oil,natural o mezcla,Floral,,claro,Floral,,FIG,alta,#c475aa,#975482
2042,8002-73-1,"Iris pallida oil, rectified",natural o mezcla,Floral,,claro,Floral,,FIG,alta,#c475aa,#975482
2043,8002-73-1,Iris pallida resinoid,natural o mezcla,Floral,,claro,Floral,,FIG,alta,#c475aa,#975482
2044,8002-73-1,Iris pallida tincture,natural o mezcla,Floral,,claro,Floral,,FIG,alta,#c475aa,#975482
2045,90045-91-3,Iris pseudacorus extract,natural o mezcla,Floral,,claro,Floral,,FIG,alta,#c475aa,#975482
2046,1335-94-0,Irone,sin estructura,Floral,Amaderado,claro con toque,Floral,,FIG,alta,#c475aa,#975482
2047,123-92-2,Isoamyl acetate,molécula,Frutal,,claro,Frutal,pa:Frutal,FIG y catálogos,alta,#896ffb,#915fd8
2048,123-51-3,Isoamyl alcohol,molécula,Frutal,,claro,Frutal,,FIG,alta,#896ffb,#915fd8
2049,94-46-2,Isoamyl benzoate,molécula,Frutal,Especiado,con matiz,Frutal,,FIG,media,#896ffb,#915fd8
2050,106-27-4,Isoamyl butyrate,molécula,Frutal,,claro,Frutal,symrise:Frutal,FIG y catálogos,alta,#896ffb,#915fd8
2051,7779-65-9,Isoamyl cinnamate,molécula,Especiado,,claro,Especiado,,FIG,alta,#d86f0d,#bb704e
2052,110-45-2,Isoamyl formate,molécula,Frutal,Verde,con matiz,Frutal,,FIG,media,#896ffb,#915fd8
2053,2198-61-0,Isoamyl hexanoate,molécula,Frutal,Verde,claro con toque,Frutal,,FIG,alta,#896ffb,#915fd8
2054,659-70-1,Isoamyl isovalerate,molécula,Frutal,,claro,Frutal,symrise:Frutal,FIG y catálogos,alta,#896ffb,#915fd8
2055,2035-99-6,Isoamyl octanoate,molécula,Frutal,,claro,Frutal,,FIG,alta,#896ffb,#915fd8
2056,102-19-2,Isoamyl phenylacetate,molécula,Frutal,Floral,claro con toque,Frutal,,FIG,alta,#896ffb,#915fd8
2057,105-68-0,Isoamyl propionate,molécula,Frutal,,claro,Frutal,,FIG,alta,#896ffb,#915fd8
2058,87-20-7,Isoamyl salicylate,molécula,Floral,Especiado,con matiz,Floral,symrise:Floral,FIG y catálogos,alta,#c475aa,#975482
2059,124-76-5,Isoborneol,molécula,Verde,,claro,Verde,,FIG,alta,#43cd99,#4aa781
2060,85586-67-0,Isobornyl 2-methylpropionate,molécula,Verde,Frutal,claro con toque,Verde,,FIG,alta,#43cd99,#4aa781
2061,125-12-2,Isobornyl acetate,molécula,Verde,,claro,Verde,pa:Especiado,"FIG, catálogo en contra",baja,#43cd99,#4aa781
2062,1200-67-5,Isobornyl formate,molécula,Amaderado,Verde,ambiguo,Amaderado,,FIG,baja,#923002,#944e00
2063,7779-73-9,Isobornyl isovalerate,molécula,Amaderado,Frutal,con matiz,Amaderado,,FIG,media,#923002,#944e00
2064,5331-32-8,Isobornyl methyl ether,molécula,Verde,Amaderado,claro con toque,Verde,,FIG,alta,#43cd99,#4aa781
2065,2756-56-1,Isobornyl propionate,molécula,Verde,,claro,Verde,,FIG,alta,#43cd99,#4aa781
2066,589-66-2,Isobutyl 2-butenoate,molécula,Frutal,,claro,Frutal,,FIG,alta,#896ffb,#915fd8
2067,105-01-1,Isobutyl 3-(2-furan)propionate,molécula,Frutal,,claro,Frutal,,FIG,alta,#896ffb,#915fd8
2068,110-19-0,Isobutyl acetate,molécula,Frutal,,claro,Frutal,,FIG,alta,#896ffb,#915fd8
2069,78-83-1,Isobutyl alcohol,molécula,Frutal,,claro,Frutal,,FIG,alta,#896ffb,#915fd8
2070,7779-81-9,Isobutyl angelate,molécula,Verde,Especiado,claro con toque,Verde,,FIG,alta,#43cd99,#4aa781
2071,7779-77-3,Isobutyl anthranilate,molécula,Frutal,Floral,claro con toque,Frutal,,FIG,alta,#896ffb,#915fd8
2072,120-50-3,Isobutyl benzoate,molécula,Floral,Frutal,claro con toque,Floral,,FIG,alta,#c475aa,#975482
2073,539-90-2,Isobutyl butyrate,molécula,Frutal,,claro,Frutal,,FIG,alta,#896ffb,#915fd8
2074,122-67-8,Isobutyl cinnamate,molécula,Frutal,Especiado,claro con toque,Frutal,,FIG,alta,#896ffb,#915fd8
2075,105-79-3,Isobutyl hexanoate,molécula,Frutal,,claro,Frutal,,FIG,alta,#896ffb,#915fd8
2076,97-85-8,Isobutyl isobutyrate,molécula,Frutal,,claro,Frutal,,FIG,alta,#896ffb,#915fd8
2077,65505-24-0,Isobutyl N-methylanthranilate,molécula,Frutal,Cítrico,con matiz,Frutal,,FIG,media,#896ffb,#915fd8
2078,102-13-6,Isobutyl phenylacetate,molécula,Floral,,claro,Floral,,FIG,alta,#c475aa,#975482
2079,540-42-1,Isobutyl propionate,molécula,Frutal,Transformado,claro con toque,Frutal,,FIG,alta,#896ffb,#915fd8
2080,87-19-4,Isobutyl salicylate,molécula,Floral,Verde,con matiz,Floral,symrise:Floral,FIG y catálogos,alta,#c475aa,#975482
2081,78-84-2,Isobutyraldehyde,molécula,Verde,Floral,con matiz,Verde,,FIG,media,#43cd99,#4aa781
2082,79-31-2,Isobutyric acid,molécula,Transformado,Frutal,suelto,Transformado,pa:Frutal,"FIG, catálogo en contra",baja,#8a8a8a,#8a8a8a
2083,66068-84-6,"Isocamphenyl cyclohexanol, mixed isomers",molécula,Amaderado,Especiado,con matiz,Amaderado,,FIG,media,#923002,#944e00
2084,13794-73-5,Isocedranone,molécula,Amaderado,Especiado,claro con toque,Amaderado,,FIG,alta,#923002,#944e00
2085,1335-66-6,Isocyclocitral,varios componentes,Verde,,claro,Verde,,FIG,alta,#43cd99,#4aa781
2086,69103-24-8,Isodecyl acetate,molécula,Verde,Cítrico,con matiz,Verde,,FIG,media,#43cd99,#4aa781
2087,97-54-1,Isoeugenol,molécula,Especiado,Floral,claro con toque,Especiado,,FIG,alta,#d86f0d,#bb704e
2088,4194-00-7,Isoeugenol benzoate,molécula,Especiado,Floral,claro con toque,Especiado,,FIG,alta,#d86f0d,#bb704e
2089,93-29-8,Isoeugenyl acetate,molécula,Especiado,Floral,con matiz,Especiado,pa:Especiado,FIG y catálogos,alta,#d86f0d,#bb704e
2090,120-11-6,Isoeugenyl benzyl ether,molécula,Especiado,Floral,ambiguo,Especiado,,FIG,baja,#d86f0d,#bb704e
2091,93-16-3,Isoeugenyl methyl ether,molécula,Especiado,Floral,claro con toque,Especiado,pa:Especiado,FIG y catálogos,alta,#d86f0d,#bb704e
2092,120-24-1,Isoeugenyl phenylacetate,molécula,Verde,Especiado,claro con toque,Verde,,FIG,alta,#43cd99,#4aa781
2093,37677-14-8,Isohexenyl cyclohexenyl carboxaldehyde,molécula,Ozónico,Cítrico,ambiguo,Ozónico,,FIG,baja,#2db9f3,#237da9
2094,11050-62-7,Isojasmone,molécula,Floral,Ozónico,con matiz,Floral,,FIG,media,#c475aa,#975482
2095,14727-47-0,Isolongifolanone,molécula,Amaderado,,claro,Amaderado,givaudan:Amaderado,FIG y catálogos,alta,#923002,#944e00
2096,1135-66-6,Isolongifolene,molécula,Amaderado,Especiado,ambiguo,Amaderado,,FIG,baja,#923002,#944e00
2097,23787-90-8,Isolongifolene ketone,molécula,Amaderado,Especiado,claro con toque,Amaderado,pa:Amaderado,FIG y catálogos,alta,#923002,#944e00
2098,33407-62-4,Isolongifolene ketone,molécula,Amaderado,Especiado,claro con toque,Amaderado,,FIG,alta,#923002,#944e00
2099,26619-69-2,Isolongifolene oxide,molécula,Amaderado,,claro,Amaderado,,FIG,alta,#923002,#944e00
2100,79-89-0,iso-Methyl-beta-ionone,molécula,Floral,,claro,Floral,,FIG,alta,#c475aa,#975482
2101,40379-24-6,Isononyl acetate (isomer unspecified),molécula,Floral,Verde,con matiz,Floral,,FIG,media,#c475aa,#975482
2102,27458-94-2,Isononyl alcohol (isomer unspecified),molécula,Verde,Floral,con matiz,Verde,,FIG,media,#43cd99,#4aa781
2103,65155-45-5,Isononyl propionate,molécula,Floral,Verde,ambiguo,Floral,,FIG,baja,#c475aa,#975482
2104,41519-18-0,Isopentyl 2-methylcrotonate (E),molécula,Floral,Verde,con matiz,Floral,,FIG,media,#c475aa,#975482
2105,505-32-8,Isophytol,molécula,Floral,,claro,Floral,,FIG,alta,#c475aa,#975482
2106,79915-74-5,Isopropoxy ethyl salicylate,molécula,Floral,Especiado,con matiz,Floral,,FIG,media,#c475aa,#975482
2107,66576-71-4,Isopropyl 2-methylbutyrate,molécula,Frutal,,claro,Frutal,,FIG,alta,#896ffb,#915fd8
2108,108-21-4,Isopropyl acetate,molécula,Frutal,,claro,Frutal,,FIG,alta,#896ffb,#915fd8
2109,939-48-0,Isopropyl benzoate,molécula,Frutal,Floral,claro con toque,Frutal,,FIG,alta,#896ffb,#915fd8
2110,638-11-9,Isopropyl butyrate,molécula,Frutal,,claro,Frutal,,FIG,alta,#896ffb,#915fd8
2111,7780-06-5,Isopropyl cinnamate,molécula,Especiado,Frutal,con matiz,Especiado,,FIG,media,#d86f0d,#bb704e
2112,2311-46-8,Isopropyl hexanoate,molécula,Frutal,,claro,Frutal,,FIG,alta,#896ffb,#915fd8
2113,32665-23-9,Isopropyl isovalerate,molécula,Frutal,,claro,Frutal,,FIG,alta,#896ffb,#915fd8
2114,125109-85-5,Isopropylphenylbutanal,molécula,Floral,Ozónico,claro con toque,Floral,givaudan:Floral;pa:Floral,FIG y catálogos,alta,#c475aa,#975482
2115,1333-53-5,Isopropylquinoline,molécula,Verde,,claro,Verde,givaudan:Animal,"FIG, catálogo en contra",baja,#43cd99,#4aa781
2116,89-79-2,Isopulegol,molécula,Verde,,claro,Verde,,FIG,alta,#43cd99,#4aa781
2117,57576-09-7,Isopulegyl acetate,molécula,Verde,,claro,Verde,,FIG,alta,#43cd99,#4aa781
2118,120-58-1,Isosafrole,molécula,Especiado,Verde,claro con toque,Especiado,,FIG,alta,#d86f0d,#bb704e
2119,27458-92-0,Isotridecan-1-ol,molécula,Floral,,claro,Floral,,FIG,alta,#c475aa,#975482
2120,69103-23-7,Isotridecyl acetate,molécula,Floral,Frutal,claro con toque,Floral,,FIG,alta,#c475aa,#975482
2121,503-74-2,Isovaleric acid,molécula,Transformado,Frutal,suelto,Transformado,pa:Frutal,"FIG, catálogo en contra",baja,#8a8a8a,#8a8a8a
2122,90131-24-1,Jambu oleoresin,natural o mezcla,Cítrico,Verde,con matiz,Cítrico,,FIG,media,#c3b503,#a19500
2123,8022-96-6,Jasmine absolute,natural o mezcla,Floral,,claro,Floral,pa:Floral,FIG y catálogos,alta,#c475aa,#975482
2124,8022-96-6,Jasmine CO2 extract,natural o mezcla,Floral,,claro,Floral,pa:Floral,FIG y catálogos,alta,#c475aa,#975482
2125,8022-96-6,Jasmine concrete,natural o mezcla,Floral,,claro,Floral,pa:Floral,FIG y catálogos,alta,#c475aa,#975482
2126,8022-96-6,Jasmine concrete (waxes twice extracted),natural o mezcla,Floral,,claro,Floral,pa:Floral,FIG y catálogos,alta,#c475aa,#975482
2127,8022-96-6,Jasmine oil,natural o mezcla,Floral,,claro,Floral,pa:Floral,FIG y catálogos,alta,#c475aa,#975482
2128,1034798-23-6,Jasmine sambac absolute,natural o mezcla,Floral,,claro,Floral,,FIG,alta,#c475aa,#975482
2129,1034798-23-6,Jasmine sambac CO2 extract,natural o mezcla,Floral,,claro,Floral,,FIG,alta,#c475aa,#975482
2130,1034798-23-6,Jasmine sambac oil,natural o mezcla,Floral,,claro,Floral,,FIG,alta,#c475aa,#975482
2131,1034798-23-6,Jasmine sambac tincture,natural o mezcla,Floral,,claro,Floral,,FIG,alta,#c475aa,#975482
2132,8022-96-6,Jasmine spiritus,natural o mezcla,Floral,,claro,Floral,pa:Floral,FIG y catálogos,alta,#c475aa,#975482
2133,8002-68-4,Juniper berry absolute,natural o mezcla,Especiado,Amaderado,claro con toque,Especiado,,FIG,alta,#d86f0d,#bb704e
2134,8002-68-4,Juniper berry CO2 extract,natural o mezcla,Especiado,Amaderado,claro con toque,Especiado,,FIG,alta,#d86f0d,#bb704e
2135,8002-68-4,Juniper berry extract,natural o mezcla,Especiado,Amaderado,claro con toque,Especiado,,FIG,alta,#d86f0d,#bb704e
2136,8002-68-4,Juniper berry oil,natural o mezcla,Especiado,Amaderado,claro con toque,Especiado,,FIG,alta,#d86f0d,#bb704e
2137,8002-68-4,"Juniper berry oil, rectified",natural o mezcla,Especiado,Amaderado,claro con toque,Especiado,,FIG,alta,#d86f0d,#bb704e
2138,91053-31-5,"Juniper, Juniperus mexicana, ext., acetylated",sin estructura,Especiado,Amaderado,claro con toque,Especiado,,FIG,alta,#d86f0d,#bb704e
2139,100209-33-4,"Juniper, Juniperus virginiana, ext., epoxidized",sin estructura,Amaderado,Especiado,ambiguo,Amaderado,,FIG,baja,#923002,#944e00
2140,936843-30-0,Kaempferia galanga root CO2 extract,natural o mezcla,Especiado,Cítrico,claro con toque,Especiado,,FIG,alta,#d86f0d,#bb704e
2141,7785-26-4,l-.alpha.-Pinene,molécula,Verde,Amaderado,claro con toque,Verde,,FIG,alta,#43cd99,#4aa781
2142,18172-67-3,l-.beta.-Pinene,molécula,Verde,Amaderado,claro con toque,Verde,,FIG,alta,#43cd99,#4aa781
2143,8016-26-0,Labdanum absolute,natural o mezcla,Especiado,Amaderado,con matiz,Especiado,,FIG,media,#d86f0d,#bb704e
2144,8016-26-0,"Labdanum absolute, pyrogenated",natural o mezcla,Especiado,Amaderado,con matiz,Especiado,,FIG,media,#d86f0d,#bb704e
2145,8016-26-0,Labdanum concrete,natural o mezcla,Especiado,Amaderado,con matiz,Especiado,,FIG,media,#d86f0d,#bb704e
2146,8016-26-0,Labdanum distillate,natural o mezcla,Especiado,Amaderado,con matiz,Especiado,,FIG,media,#d86f0d,#bb704e
2147,8016-26-0,Labdanum extract,natural o mezcla,Especiado,Amaderado,con matiz,Especiado,,FIG,media,#d86f0d,#bb704e
2148,68917-77-1,Labdanum extract ambreine,natural o mezcla,Especiado,,claro,Especiado,,FIG,alta,#d86f0d,#bb704e
2149,8016-26-0,Labdanum gum,natural o mezcla,Especiado,Amaderado,con matiz,Especiado,,FIG,media,#d86f0d,#bb704e
2150,8016-26-0,Labdanum oil,natural o mezcla,Especiado,Amaderado,con matiz,Especiado,,FIG,media,#d86f0d,#bb704e
2151,8016-26-0,Labdanum oleoresin,natural o mezcla,Especiado,Amaderado,con matiz,Especiado,,FIG,media,#d86f0d,#bb704e
2152,8016-26-0,Labdanum resinoid,natural o mezcla,Especiado,Amaderado,con matiz,Especiado,,FIG,media,#d86f0d,#bb704e
2153,73138-66-6,"Labdanum, ext., Et esters",sin estructura,Especiado,Amaderado,con matiz,Especiado,pa:Animal,"FIG, catálogo en contra",baja,#d86f0d,#bb704e
2154,21280-29-5,Lactoscatone,molécula,Animal,Frutal,con matiz,Animal,symrise:Animal,FIG y catálogos,alta,#d22c50,#ca224a
2155,5655-61-8,laevo-Bornyl acetate,molécula,Amaderado,Verde,ambiguo,Amaderado,,FIG,baja,#923002,#944e00
2156,2102-59-2,laevo-Carveol,molécula,Verde,Especiado,claro con toque,Verde,,FIG,alta,#43cd99,#4aa781
2157,1205-42-1,laevo-Carvyl acetate,molécula,Verde,,claro,Verde,,FIG,alta,#43cd99,#4aa781
2158,90046-17-6,Lantana camara oil,natural o mezcla,Floral,Frutal,ambiguo,Floral,,FIG,baja,#c475aa,#975482
2159,8007-48-5,Laurel leaf absolute,natural o mezcla,Verde,Especiado,con matiz,Verde,,FIG,media,#43cd99,#4aa781
2160,8007-48-5,Laurel leaf oil,natural o mezcla,Verde,Especiado,con matiz,Verde,,FIG,media,#43cd99,#4aa781
2161,112-54-9,Lauric aldehyde,molécula,Cítrico,,claro,Cítrico,,FIG,alta,#c3b503,#a19500
2162,112-66-3,Lauryl acetate,molécula,Floral,Cítrico,con matiz,Floral,,FIG,media,#c475aa,#975482
2163,112-53-8,Lauryl alcohol,molécula,Floral,Ozónico,claro con toque,Floral,,FIG,alta,#c475aa,#975482
2164,8022-15-9,Lavandin abrailis oil (low coumarin),natural o mezcla,Floral,Verde,ambiguo,Floral,,FIG,baja,#c475aa,#975482
2165,8022-15-9,Lavandin abrialis,natural o mezcla,Floral,Verde,ambiguo,Floral,,FIG,baja,#c475aa,#975482
2166,8022-15-9,Lavandin abrialis oil,natural o mezcla,Floral,Verde,ambiguo,Floral,,FIG,baja,#c475aa,#975482
2167,8022-15-9,Lavandin absolute,natural o mezcla,Floral,Verde,ambiguo,Floral,,FIG,baja,#c475aa,#975482
2168,8022-15-9,Lavandin concrete,natural o mezcla,Floral,Verde,ambiguo,Floral,,FIG,baja,#c475aa,#975482
2169,8022-15-9,Lavandin extract,natural o mezcla,Floral,Verde,ambiguo,Floral,,FIG,baja,#c475aa,#975482
2170,8022-15-9,Lavandin grosso,natural o mezcla,Floral,Verde,ambiguo,Floral,,FIG,baja,#c475aa,#975482
2171,8022-15-9,Lavandin grosso absolute,natural o mezcla,Floral,Verde,ambiguo,Floral,,FIG,baja,#c475aa,#975482
2172,8022-15-9,Lavandin grosso concrete,natural o mezcla,Floral,Verde,ambiguo,Floral,,FIG,baja,#c475aa,#975482
2173,8022-15-9,Lavandin grosso oil,natural o mezcla,Floral,Verde,ambiguo,Floral,,FIG,baja,#c475aa,#975482
2174,8022-15-9,Lavandin oil,natural o mezcla,Floral,Verde,ambiguo,Floral,,FIG,baja,#c475aa,#975482
2175,8022-15-9,Lavandin oil (super low coumarins),natural o mezcla,Floral,Verde,ambiguo,Floral,,FIG,baja,#c475aa,#975482
2176,68916-93-8,Lavandin oil acetylated,natural o mezcla,Verde,Floral,ambiguo,Verde,,FIG,baja,#43cd99,#4aa781
2177,25905-14-0,Lavandulyl acetate,molécula,Cítrico,Verde,claro con toque,Cítrico,,FIG,alta,#c3b503,#a19500
2178,93165-50-5,Lavendar oil,natural o mezcla,Verde,,claro,Verde,,FIG,alta,#43cd99,#4aa781
2179,8000-28-0,Lavender,sin estructura,Verde,,claro,Verde,pa:Verde,FIG y catálogos,alta,#43cd99,#4aa781
2180,8000-28-0,Lavender absolute,sin estructura,Verde,,claro,Verde,pa:Verde,FIG y catálogos,alta,#43cd99,#4aa781
2181,8000-28-0,Lavender concrete,sin estructura,Verde,,claro,Verde,pa:Verde,FIG y catálogos,alta,#43cd99,#4aa781
2182,8000-28-0,Lavender extract,sin estructura,Verde,,claro,Verde,pa:Verde,FIG y catálogos,alta,#43cd99,#4aa781
2183,8000-28-0,Lavender oil,sin estructura,Verde,,claro,Verde,pa:Verde,FIG y catálogos,alta,#43cd99,#4aa781
2184,8000-28-0,Lavender oil (low coumarin),sin estructura,Verde,Floral,con matiz,Floral,pa:Verde,catálogos,media,#43cd99,#4aa781
2185,8000-28-0,"Lavender oil, rectified",sin estructura,Verde,,claro,Verde,pa:Verde,FIG y catálogos,alta,#43cd99,#4aa781
2186,464-45-9,l-Borneol,molécula,Verde,,claro,Verde,,FIG,alta,#43cd99,#4aa781
2187,5794-04-7,l-Camphene,molécula,Verde,Amaderado,con matiz,Verde,,FIG,media,#43cd99,#4aa781
2188,6485-40-1,L-Carvone,molécula,Verde,,claro,Verde,symrise:Verde,FIG y catálogos,alta,#43cd99,#4aa781
2189,7540-51-4,l-Citronellol,molécula,Floral,,claro,Floral,,FIG,alta,#c475aa,#975482
2190,25225-08-5,l-Cyclocitronellene formate,molécula,Amaderado,Verde,con matiz,Amaderado,symrise:Floral,"FIG, catálogo en contra",baja,#923002,#944e00
2191,8008-56-8,Lemon absolute folded (5X),natural o mezcla,Cítrico,Frutal,claro con toque,Cítrico,,FIG,alta,#c3b503,#a19500
2192,8008-56-8,Lemon essence oil,natural o mezcla,Cítrico,Frutal,claro con toque,Cítrico,,FIG,alta,#c3b503,#a19500
2193,8008-56-8,Lemon oil,natural o mezcla,Cítrico,Frutal,claro con toque,Cítrico,,FIG,alta,#c3b503,#a19500
2194,8008-56-8,Lemon oil folded (10x),natural o mezcla,Cítrico,Frutal,claro con toque,Cítrico,,FIG,alta,#c3b503,#a19500
2195,8008-56-8,Lemon oil folded (5X),natural o mezcla,Cítrico,Frutal,claro con toque,Cítrico,,FIG,alta,#c3b503,#a19500
2196,68917-33-9,Lemon oil terpenes,natural o mezcla,Cítrico,,claro,Cítrico,,FIG,alta,#c3b503,#a19500
2197,8008-56-8,"Lemon oil, distilled",natural o mezcla,Cítrico,Frutal,claro con toque,Cítrico,,FIG,alta,#c3b503,#a19500
2198,8008-56-8,"Lemon oil, expressed",natural o mezcla,Cítrico,Frutal,claro con toque,Cítrico,,FIG,alta,#c3b503,#a19500
2199,68916-89-2,"Lemon oil, furocoumarin free",natural o mezcla,Cítrico,Frutal,claro con toque,Cítrico,,FIG,alta,#c3b503,#a19500
2200,68648-39-5,"Lemon oil, terpeneless",natural o mezcla,Cítrico,Frutal,claro con toque,Cítrico,,FIG,alta,#c3b503,#a19500
2201,8008-56-8,"Lemon oil, washed",natural o mezcla,Cítrico,Frutal,claro con toque,Cítrico,,FIG,alta,#c3b503,#a19500
2202,102242-62-6,Lemon pepper CO2 Extract,natural o mezcla,Especiado,Cítrico,claro con toque,Cítrico,pa:Especiado,catálogos,media,#d86f0d,#bb704e
2203,102242-62-6,Lemon pepper extract,natural o mezcla,Especiado,Cítrico,claro con toque,Cítrico,pa:Especiado,catálogos,media,#d86f0d,#bb704e
2204,72869-82-0,Lemongrass oil terpenes,natural o mezcla,Cítrico,Verde,claro con toque,Cítrico,,FIG,alta,#c3b503,#a19500
2205,8007-02-1,"Lemongrass oil, East Indian",natural o mezcla,Cítrico,Verde,claro con toque,Cítrico,,FIG,alta,#c3b503,#a19500
2206,8007-02-1,"Lemongrass oil, rectified",natural o mezcla,Cítrico,Verde,claro con toque,Cítrico,,FIG,alta,#c3b503,#a19500
2207,8007-02-1,"Lemongrass oil, West Indian",natural o mezcla,Cítrico,Verde,claro con toque,Cítrico,,FIG,alta,#c3b503,#a19500
2208,123-76-2,Levulinic acid,molécula,Frutal,,claro,Frutal,,FIG,alta,#896ffb,#915fd8
2209,7787-20-4,l-Fenchone,molécula,Verde,Amaderado,con matiz,Verde,,FIG,media,#43cd99,#4aa781
2210,97676-23-8,Licorice root absolute,natural o mezcla,Frutal,Especiado,con matiz,Frutal,,FIG,media,#896ffb,#915fd8
2211,97676-23-8,Licorice root extract,natural o mezcla,Especiado,Amaderado,claro con toque,Especiado,,FIG,alta,#d86f0d,#bb704e
2212,91-51-0,Lilial-methyl anthranilate (Schiff base),molécula,Floral,,claro,Floral,,FIG,alta,#c475aa,#975482
2213,8008-26-2,Lime oil,natural o mezcla,Cítrico,Verde,claro con toque,Cítrico,,FIG,alta,#c3b503,#a19500
2214,8008-26-2,Lime oil folded,natural o mezcla,Cítrico,Verde,claro con toque,Cítrico,,FIG,alta,#c3b503,#a19500
2215,68917-71-5,Lime oil terpenes,natural o mezcla,Cítrico,,claro,Cítrico,,FIG,alta,#c3b503,#a19500
2216,68916-83-6,"Lime oil, cold pressed, furocoumarin free",natural o mezcla,Cítrico,Verde,claro con toque,Cítrico,,FIG,alta,#c3b503,#a19500
2217,8008-26-2,"Lime oil, expressed",natural o mezcla,Cítrico,Verde,claro con toque,Cítrico,,FIG,alta,#c3b503,#a19500
2218,8008-26-2,"Lime oil, expressed, rectified",natural o mezcla,Cítrico,,claro,Cítrico,,FIG,alta,#c3b503,#a19500
2219,68916-84-7,"Lime oil, terpeneless",natural o mezcla,Cítrico,Verde,claro con toque,Cítrico,,FIG,alta,#c3b503,#a19500
2220,78-70-6,Linalool,molécula,Floral,Verde,claro con toque,Floral,symrise:Floral,FIG y catálogos,alta,#c475aa,#975482
2221,1365-19-1,Linalool oxide,molécula,Verde,Amaderado,con matiz,Verde,givaudan:Verde;pa:Verde,FIG y catálogos,alta,#43cd99,#4aa781
2222,14049-11-7,Linalool oxide pyranoid,molécula,Floral,,claro,Floral,,FIG,alta,#c475aa,#975482
2223,115-95-7,Linalyl acetate,molécula,Cítrico,Floral,con matiz,Floral,symrise:Cítrico,catálogos,media,#c3b503,#a19500
2224,7149-26-0,Linalyl anthranilate,molécula,Floral,,claro,Floral,,FIG,alta,#c475aa,#975482
2225,126-64-7,Linalyl benzoate,molécula,Floral,,claro,Floral,givaudan:Floral,FIG y catálogos,alta,#c475aa,#975482
2226,78-36-4,Linalyl butyrate,molécula,Frutal,Cítrico,con matiz,Frutal,,FIG,media,#896ffb,#915fd8
2227,78-37-5,Linalyl cinnamate,molécula,Floral,,claro,Floral,givaudan:Floral,FIG y catálogos,alta,#c475aa,#975482
2228,115-99-1,Linalyl formate,molécula,Cítrico,Verde,claro con toque,Cítrico,givaudan:Cítrico,FIG y catálogos,alta,#c3b503,#a19500
2229,7779-23-9,Linalyl hexanoate,molécula,Frutal,Transformado,con matiz,Frutal,,FIG,media,#896ffb,#915fd8
2230,78-35-3,Linalyl isobutyrate,molécula,Frutal,Verde,con matiz,Verde,givaudan:Frutal,catálogos,media,#896ffb,#915fd8
2231,1118-27-0,Linalyl isovalerate,molécula,Cítrico,Verde,claro con toque,Cítrico,,FIG,alta,#c3b503,#a19500
2232,7143-69-3,Linalyl phenylacetate,molécula,Floral,,claro,Floral,,FIG,alta,#c475aa,#975482
2233,144-39-8,Linalyl propionate,molécula,Cítrico,Floral,con matiz,Cítrico,givaudan:Verde,"FIG, catálogo en contra",baja,#c3b503,#a19500
2234,90063-53-9,Linden flowers,sin estructura,Floral,Especiado,con matiz,Floral,,FIG,media,#c475aa,#975482
2235,8001-26-1,Linseed,sin estructura,Floral,,claro,Floral,,FIG,alta,#c475aa,#975482
2236,8001-26-1,Linseed absolute,sin estructura,Floral,Especiado,claro con toque,Floral,,FIG,alta,#c475aa,#975482
2237,8001-26-1,Linseed extract,sin estructura,Floral,,claro,Floral,,FIG,alta,#c475aa,#975482
2238,8001-26-1,Linseed oil,sin estructura,Floral,,claro,Floral,,FIG,alta,#c475aa,#975482
2239,8001-26-1,"Linseed oil, fixed",sin estructura,Floral,,claro,Floral,,FIG,alta,#c475aa,#975482
2240,68855-99-2,Litsea cubeba oil,natural o mezcla,Cítrico,,claro,Cítrico,,FIG,alta,#c3b503,#a19500
2241,68855-99-2,"Litsea cubeba oil, rectified",natural o mezcla,Cítrico,,claro,Cítrico,,FIG,alta,#c3b503,#a19500
2242,68855-99-2,Litsea cubeba terpenes,natural o mezcla,Cítrico,,claro,Cítrico,,FIG,alta,#c3b503,#a19500
2243,5989-54-8,l-Limonene,molécula,Cítrico,Verde,claro con toque,Cítrico,,FIG,alta,#c3b503,#a19500
2244,126-91-0,l-Linalool,molécula,Floral,Verde,con matiz,Floral,,FIG,media,#c475aa,#975482
2245,6915-15-7,l-Malic acid,molécula,Frutal,Transformado,claro con toque,Frutal,,FIG,alta,#896ffb,#915fd8
2246,2216-51-5,l-Menthol,molécula,Verde,,claro,Verde,symrise:Verde,FIG y catálogos,alta,#43cd99,#4aa781
2247,14073-97-3,l-Menthone,molécula,Verde,,claro,Verde,,FIG,alta,#43cd99,#4aa781
2248,108766-16-1,"l-Menthyl (R,S)-3-hydroxybutyrate",molécula,Verde,,claro,Verde,,FIG,alta,#43cd99,#4aa781
2249,2623-23-6,"l-Menthyl acetate (1alpha,2beta,5alpha)",molécula,Verde,Floral,claro con toque,Verde,symrise:Verde,FIG y catálogos,alta,#43cd99,#4aa781
2250,475-20-7,Longifolene,molécula,Amaderado,Verde,claro con toque,Amaderado,,FIG,alta,#923002,#944e00
2251,8016-31-7,Lovage leaf oil,natural o mezcla,Verde,Especiado,con matiz,Verde,,FIG,media,#43cd99,#4aa781
2252,8016-31-7,Lovage root oil,natural o mezcla,Verde,Especiado,claro con toque,Verde,,FIG,alta,#43cd99,#4aa781
2253,4573-50-6,l-Piperitone,molécula,Verde,,claro,Verde,,FIG,alta,#43cd99,#4aa781
2254,8007-12-3,Mace absolute,natural o mezcla,Especiado,Amaderado,claro con toque,Especiado,,FIG,alta,#d86f0d,#bb704e
2255,8007-12-3,Mace oil,natural o mezcla,Especiado,Amaderado,claro con toque,Especiado,,FIG,alta,#d86f0d,#bb704e
2256,8007-12-3,Mace oleoresin,natural o mezcla,Especiado,Amaderado,claro con toque,Especiado,,FIG,alta,#d86f0d,#bb704e
2257,246536-69-6,Magnolia liliflora extract,natural o mezcla,Floral,Frutal,con matiz,Floral,,FIG,media,#c475aa,#975482
2258,8002-48-0,Malt absolute,natural o mezcla,Frutal,,claro,Frutal,,FIG,alta,#896ffb,#915fd8
2259,118-71-8,Maltol,molécula,Frutal,,claro,Frutal,,FIG,alta,#896ffb,#915fd8
2260,65416-14-0,Maltyl isobutyrate,molécula,Frutal,,claro,Frutal,,FIG,alta,#896ffb,#915fd8
2261,8008-31-9,Mandarin oil,natural o mezcla,Cítrico,,claro,Cítrico,pa:Cítrico,FIG y catálogos,alta,#c3b503,#a19500
2262,8008-31-9,Mandarin oil,natural o mezcla,Cítrico,,claro,Cítrico,pa:Cítrico,FIG y catálogos,alta,#c3b503,#a19500
2263,8008-31-9,Mandarin oil folded,natural o mezcla,Cítrico,,claro,Cítrico,pa:Cítrico,FIG y catálogos,alta,#c3b503,#a19500
2264,68953-04-8,Mandarin oil terpenes,natural o mezcla,Cítrico,Floral,claro con toque,Cítrico,,FIG,alta,#c3b503,#a19500
2265,8008-31-9,"Mandarin oil, rectified",natural o mezcla,Cítrico,,claro,Cítrico,pa:Cítrico,FIG y catálogos,alta,#c3b503,#a19500
2266,68917-20-4,"Mandarin oil, terpeneless",natural o mezcla,Cítrico,Floral,claro con toque,Cítrico,,FIG,alta,#c3b503,#a19500
2267,90063-86-8,Mango alcoholate,sin estructura,Frutal,Floral,claro con toque,Frutal,,FIG,alta,#896ffb,#915fd8
2268,8016-33-9,"Marjoram oil, Spanish",natural o mezcla,Verde,Especiado,con matiz,Verde,,FIG,media,#43cd99,#4aa781
2269,8015-01-8,"Marjoram oil, sweet",natural o mezcla,Verde,,claro,Verde,,FIG,alta,#43cd99,#4aa781
2270,84012-24-8,"Marjoram, pot",sin estructura,Verde,,claro,Verde,,FIG,alta,#43cd99,#4aa781
2271,336185-21-8,"Marjoram, pot, oil",natural o mezcla,Verde,,claro,Verde,,FIG,alta,#43cd99,#4aa781
2272,68991-39-9,Mastic absolute,natural o mezcla,Amaderado,Verde,claro con toque,Amaderado,,FIG,alta,#923002,#944e00
2273,68991-39-9,Mastic extract,natural o mezcla,Amaderado,Verde,claro con toque,Amaderado,,FIG,alta,#923002,#944e00
2274,68991-39-9,Mastic oil,natural o mezcla,Amaderado,Verde,claro con toque,Amaderado,,FIG,alta,#923002,#944e00
2275,68991-39-9,Mastic resinoid,natural o mezcla,Amaderado,Verde,claro con toque,Amaderado,,FIG,alta,#923002,#944e00
2276,68916-96-1,Mate absolute,natural o mezcla,Verde,Amaderado,con matiz,Verde,,FIG,media,#43cd99,#4aa781
2277,68916-96-1,Mate extract,natural o mezcla,Verde,,claro,Verde,,FIG,alta,#43cd99,#4aa781
2278,68916-96-1,Mate oil,natural o mezcla,Verde,Amaderado,con matiz,Verde,,FIG,media,#43cd99,#4aa781
2279,108-39-4,m-Cresol,molécula,Amaderado,Animal,claro con toque,Amaderado,,FIG,alta,#923002,#944e00
2280,151-10-0,m-Dimethoxybenzene,molécula,Frutal,Especiado,con matiz,Frutal,,FIG,media,#896ffb,#915fd8
2281,8023-73-2,Melilotus officinalis absolute,natural o mezcla,Floral,Verde,con matiz,Floral,,FIG,media,#c475aa,#975482
2282,8023-73-2,"Melilotus officinalis absolute, pyrogenated",natural o mezcla,Floral,Verde,con matiz,Floral,,FIG,media,#c475aa,#975482
2283,8023-73-2,Melilotus officinalis tincture,natural o mezcla,Floral,Verde,con matiz,Floral,,FIG,media,#c475aa,#975482
2284,68917-18-0,Mentha arvensis,sin estructura,Verde,,claro,Verde,,FIG,alta,#43cd99,#4aa781
2285,68917-18-0,Mentha arvensis oil,sin estructura,Verde,,claro,Verde,,FIG,alta,#43cd99,#4aa781
2286,68917-18-0,Mentha arvensis oil (low menthol),sin estructura,Verde,,claro,Verde,,FIG,alta,#43cd99,#4aa781
2287,68608-35-5,Mentha arvensis oil terpenes,natural o mezcla,Verde,,claro,Verde,,FIG,alta,#43cd99,#4aa781
2288,68917-18-0,"Mentha arvensis oil, distilled",sin estructura,Verde,,claro,Verde,,FIG,alta,#43cd99,#4aa781
2289,68917-14-6,"Mentha arvensis oil, terpeneless",natural o mezcla,Verde,,claro,Verde,,FIG,alta,#43cd99,#4aa781
2290,68917-18-0,"Mentha arvensis, 3X",sin estructura,Verde,,claro,Verde,,FIG,alta,#43cd99,#4aa781
2291,68917-15-7,Mentha citrata oil,natural o mezcla,Verde,,claro,Verde,pa:Verde,FIG y catálogos,alta,#43cd99,#4aa781
2292,68683-20-5,Menthadiene-7-methyl formate,molécula,Cítrico,Verde,ambiguo,Cítrico,,FIG,baja,#c3b503,#a19500
2293,89-78-1,Menthol,molécula,Verde,,claro,Verde,symrise:Verde,FIG y catálogos,alta,#43cd99,#4aa781
2294,15356-70-4,Menthol racemic,molécula,Verde,,claro,Verde,,FIG,alta,#43cd99,#4aa781
2295,10458-14-7,Menthone,molécula,Verde,,claro,Verde,,FIG,alta,#43cd99,#4aa781
2296,89-48-5,"Menthyl acetate (1alpha,2beta,5alpha)",molécula,Verde,,claro,Verde,symrise:Verde,FIG y catálogos,alta,#43cd99,#4aa781
2297,16409-45-3,Menthyl acetate (isomer unspecified),molécula,Verde,,claro,Verde,,FIG,alta,#43cd99,#4aa781
2298,16409-46-4,Menthyl isovalerate,molécula,Frutal,Amaderado,claro con toque,Frutal,,FIG,alta,#896ffb,#915fd8
2299,86803-90-9,Methoxy dicyclopentadiene carboxaldehyde,molécula,Ozónico,Floral,claro con toque,Ozónico,pa:Ozónico,FIG y catálogos,alta,#2db9f3,#237da9
2300,3613-30-7,Methoxycitronellal,molécula,Floral,,claro,Floral,,FIG,alta,#c475aa,#975482
2301,2986-54-1,Methoxycyclododecane,molécula,Amaderado,,claro,Amaderado,symrise:Amaderado,FIG y catálogos,alta,#923002,#944e00
2302,63450-30-6,Methoxymethylpyrazine,molécula,Frutal,,claro,Frutal,,FIG,alta,#896ffb,#915fd8
2303,3149-28-8,Methoxypyrazine,molécula,Frutal,,claro,Frutal,,FIG,alta,#896ffb,#915fd8
2304,67634-12-2,Methyl 2-(((4-(4-hydroxy-4-methylpentyl)-3-cyclohexenyl)methylene)amino)benzoate,molécula,Floral,,claro,Floral,,FIG,alta,#c475aa,#975482
2305,41270-80-8,Methyl 2-(formylamino)benzoate,molécula,Floral,,claro,Floral,,FIG,alta,#c475aa,#975482
2306,67801-44-9,Methyl 2-(octylideneamino)benzoate,molécula,Floral,Frutal,con matiz,Floral,,FIG,media,#c475aa,#975482
2307,33662-58-7,"Methyl 2,4-dihydroxy-m-toluate",molécula,Ozónico,Amaderado,con matiz,Ozónico,,FIG,media,#2db9f3,#237da9
2308,28371-99-5,"Methyl 2,6,10-trimethylcyclododeca-2,5,9-trien-1-yl ketone",molécula,Especiado,Amaderado,ambiguo,Especiado,,FIG,baja,#d86f0d,#bb704e
2309,28043-10-9,"Methyl 2,6,6-trimethylcyclohex-2-ene-1-carboxylate",molécula,Floral,Frutal,con matiz,Floral,,FIG,media,#c475aa,#975482
2310,67800-80-0,Methyl 2-[(2-methylundecylidene)amino]benzoate,molécula,Floral,Verde,claro con toque,Floral,,FIG,alta,#c475aa,#975482
2311,67801-42-7,"Methyl 2-[(3,5,5-trimethylhexylidene)amino]benzoate",molécula,Cítrico,Ozónico,claro con toque,Cítrico,,FIG,alta,#c3b503,#a19500
2312,39129-16-3,Methyl 2-[(phenylmethylene)amino]benzoate,molécula,Frutal,,claro,Frutal,,FIG,alta,#896ffb,#915fd8
2313,68738-99-8,"Methyl 2-[[[2,4(or 3,5)-dimethyl-3-cyclohexen-1-yl]methylene]amino]benzoate",molécula,Verde,Cítrico,con matiz,Verde,symrise:Verde,FIG y catálogos,alta,#43cd99,#4aa781
2314,67924-13-4,Methyl 2-[[2-(phenylmethylene)octylidene]amino]benzoate,molécula,Floral,Ozónico,claro con toque,Floral,,FIG,alta,#c475aa,#975482
2315,104037-85-6,"Methyl 2-[[3-(1,3-benzodioxol-5-yl)-2-methyl-1-propenyl]amino]benzoate",molécula,Floral,Verde,con matiz,Floral,,FIG,media,#c475aa,#975482
2316,611-13-2,Methyl 2-furoate,molécula,Frutal,,claro,Frutal,,FIG,alta,#896ffb,#915fd8
2317,2396-77-2,Methyl 2-hexenoate,molécula,Frutal,Verde,con matiz,Frutal,,FIG,media,#896ffb,#915fd8
2318,868-57-5,Methyl 2-methylbutyrate,molécula,Frutal,Verde,con matiz,Frutal,,FIG,media,#896ffb,#915fd8
2319,111-79-5,Methyl 2-nonenoate,molécula,Verde,Frutal,claro con toque,Verde,givaudan:Verde;pa:Verde,FIG y catálogos,alta,#43cd99,#4aa781
2320,111-80-8,Methyl 2-nonynoate,molécula,Floral,Verde,claro con toque,Floral,givaudan:Floral;pa:Verde,FIG y catálogos,alta,#c475aa,#975482
2321,111-12-6,Methyl 2-octynoate,molécula,Verde,Floral,con matiz,Verde,givaudan:Verde;pa:Verde,FIG y catálogos,alta,#43cd99,#4aa781
2322,1072-83-9,Methyl 2-pyrrolyl ketone,molécula,Frutal,,claro,Frutal,,FIG,alta,#896ffb,#915fd8
2323,52557-97-8,"Methyl 3,3-dimethylbicyclo[2.2.1]heptane-2-carboxylate",molécula,Verde,Cítrico,claro con toque,Verde,,FIG,alta,#43cd99,#4aa781
2324,2270-60-2,"Methyl 3,7-dimethyl-6-octenoate",molécula,Floral,,claro,Floral,,FIG,alta,#c475aa,#975482
2325,72175-33-8,Methyl 3-bicyclo[2.2.1]hept-5-en-2-yl-3-methyloxirane-2-carboxylate,molécula,Floral,Frutal,con matiz,Floral,,FIG,media,#c475aa,#975482
2326,2396-78-3,Methyl 3-hexenoate,molécula,Amaderado,Frutal,claro con toque,Amaderado,,FIG,alta,#923002,#944e00
2327,21188-58-9,Methyl 3-hydroxyhexanoate,molécula,Frutal,,claro,Frutal,,FIG,alta,#896ffb,#915fd8
2328,13532-18-8,Methyl 3-methylthiopropionate,molécula,Frutal,Cítrico,claro con toque,Frutal,,FIG,alta,#896ffb,#915fd8
2329,13481-87-3,Methyl 3-nonenoate,molécula,Frutal,,claro,Frutal,,FIG,alta,#896ffb,#915fd8
2330,39924-52-2,Methyl 3-oxo-2-(pent-2-enyl)cyclopentaneacetate,molécula,Floral,,claro,Floral,pa:Floral,FIG y catálogos,alta,#c475aa,#975482
2331,68966-86-9,Methyl 4(or 1)-isopropyl-1(or 4)-methylbicyclo[2.2.2]oct-5-ene-2-carboxylate,sin estructura,Amaderado,Especiado,ambiguo,Amaderado,pa:Amaderado;symrise:Especiado,"FIG, catálogo en contra",baja,#923002,#944e00
2332,5760-50-9,Methyl 9-undecenoate,molécula,Especiado,Amaderado,ambiguo,Especiado,,FIG,baja,#d86f0d,#bb704e
2333,79-20-9,Methyl acetate,molécula,Frutal,Floral,claro con toque,Frutal,,FIG,alta,#896ffb,#915fd8
2334,105-45-3,Methyl acetoacetate,molécula,Frutal,Cítrico,con matiz,Frutal,,FIG,media,#896ffb,#915fd8
2335,67905-40-2,Methyl alpha-ionone glycidate,molécula,Amaderado,Floral,ambiguo,Amaderado,,FIG,baja,#923002,#944e00
2336,121-98-2,Methyl anisate,molécula,Especiado,,claro,Especiado,,FIG,alta,#d86f0d,#bb704e
2337,134-20-3,Methyl anthranilate,molécula,Floral,Frutal,claro con toque,Floral,givaudan:Floral,FIG y catálogos,alta,#c475aa,#975482
2338,4707-47-5,Methyl atrarate,molécula,Amaderado,,claro,Amaderado,pa:Amaderado,FIG y catálogos,alta,#923002,#944e00
2339,93-58-3,Methyl benzoate,molécula,Floral,,claro,Floral,pa:Frutal;symrise:Floral,FIG y catálogos,alta,#c475aa,#975482
2340,93-08-3,Methyl beta-naphthyl ketone,molécula,Floral,,claro,Floral,symrise:Floral,FIG y catálogos,alta,#c475aa,#975482
2341,37161-74-3,Methyl beta-phenylglycidate,molécula,Frutal,,claro,Frutal,,FIG,alta,#896ffb,#915fd8
2342,623-42-7,Methyl butyrate,molécula,Frutal,,claro,Frutal,,FIG,alta,#896ffb,#915fd8
2343,103-26-4,Methyl cinnamate,molécula,Especiado,,claro,Especiado,symrise:Especiado,FIG y catálogos,alta,#d86f0d,#bb704e
2344,13894-62-7,Methyl cis-3-hexenoate,molécula,Frutal,Floral,con matiz,Frutal,,FIG,media,#896ffb,#915fd8
2345,41654-15-3,Methyl cis-5-octenoate,molécula,Frutal,Amaderado,claro con toque,Frutal,,FIG,alta,#896ffb,#915fd8
2346,30640-46-1,Methyl cyclohexadiene (mixture of isomers),molécula,Cítrico,,claro,Cítrico,pa:Cítrico,FIG y catálogos,alta,#c3b503,#a19500
2347,14352-61-5,Methyl cyclohexylacetate,molécula,Frutal,,claro,Frutal,,FIG,alta,#896ffb,#915fd8
2348,40203-73-4,Methyl cyclopentylideneacetate,molécula,Floral,Frutal,con matiz,Floral,pa:Floral,FIG y catálogos,alta,#c475aa,#975482
2349,110-42-9,Methyl decanoate,molécula,Frutal,Floral,claro con toque,Frutal,,FIG,alta,#896ffb,#915fd8
2350,811412-48-3,Methyl decenone,molécula,Verde,Ozónico,claro con toque,Verde,,FIG,alta,#43cd99,#4aa781
2351,24851-98-7,Methyl dihydrojasmonate,molécula,Floral,,claro,Floral,pa:Floral,FIG y catálogos,alta,#c475aa,#975482
2352,8050-15-5,Methyl ester of rosin (partially hydrogenated),sin estructura,Amaderado,Especiado,claro con toque,Amaderado,,FIG,alta,#923002,#944e00
2353,106-73-0,Methyl heptanoate,molécula,Frutal,,claro,Frutal,,FIG,alta,#896ffb,#915fd8
2354,112-39-0,Methyl hexadecanoate,molécula,Especiado,Ozónico,con matiz,Especiado,,FIG,media,#d86f0d,#bb704e
2355,106-70-7,Methyl hexanoate,molécula,Frutal,,claro,Frutal,,FIG,alta,#896ffb,#915fd8
2356,37172-53-5,Methyl hexyl oxo cyclopentanone carboxylate,molécula,Floral,Verde,claro con toque,Floral,pa:Floral,FIG y catálogos,alta,#c475aa,#975482
2357,1335-46-2,Methyl ionone (mixture of isomers),molécula,Floral,Amaderado,claro con toque,Floral,pa:Floral,FIG y catálogos,alta,#c475aa,#975482
2358,68937-31-5,Methyl ionone tails,sin estructura,Floral,Amaderado,con matiz,Floral,,FIG,media,#c475aa,#975482
2359,547-63-7,Methyl isobutyrate,molécula,Frutal,,claro,Frutal,,FIG,alta,#896ffb,#915fd8
2360,556-24-1,Methyl isovalerate,molécula,Frutal,,claro,Frutal,,FIG,alta,#896ffb,#915fd8
2361,1211-29-6,Methyl jasmonate,molécula,Floral,,claro,Floral,,FIG,alta,#c475aa,#975482
2362,111-82-0,Methyl laurate,molécula,Ozónico,Frutal,claro con toque,Ozónico,,FIG,alta,#2db9f3,#237da9
2363,67633-95-8,Methyl lavender ketone,molécula,Verde,,claro,Verde,,FIG,alta,#43cd99,#4aa781
2364,301-00-8,Methyl linoleate (48%) methyl linolenate (52%) mixture,molécula,Floral,Frutal,con matiz,Floral,,FIG,media,#c475aa,#975482
2365,74-93-1,Methyl mercaptan,molécula,Transformado,Verde,suelto,Transformado,,FIG,baja,#8a8a8a,#8a8a8a
2366,124-10-7,Methyl myristate,molécula,Floral,,claro,Floral,,FIG,alta,#c475aa,#975482
2367,2719-08-6,Methyl N-acetylanthranilate,molécula,Frutal,,claro,Frutal,,FIG,alta,#896ffb,#915fd8
2368,93-60-7,Methyl nicotinate,molécula,Especiado,Verde,con matiz,Especiado,,FIG,media,#d86f0d,#bb704e
2369,85-91-6,Methyl N-methylanthranilate,molécula,Floral,,claro,Floral,givaudan:Floral,FIG y catálogos,alta,#c475aa,#975482
2370,111-11-5,Methyl octanoate,molécula,Frutal,Cítrico,con matiz,Frutal,,FIG,media,#896ffb,#915fd8
2371,606-45-1,Methyl o-methoxybenzoate,molécula,Floral,Verde,con matiz,Floral,,FIG,media,#c475aa,#975482
2372,3558-60-9,Methyl phenethyl ether,molécula,Floral,,claro,Floral,,FIG,alta,#c475aa,#975482
2373,101-41-7,Methyl phenylacetate,molécula,Floral,,claro,Floral,symrise:Frutal,"FIG, catálogo en contra",baja,#c475aa,#975482
2374,99-75-2,Methyl p-methylbenzoate,molécula,Floral,Especiado,claro con toque,Floral,,FIG,alta,#c475aa,#975482
2375,554-12-1,Methyl propionate,molécula,Frutal,Transformado,con matiz,Frutal,,FIG,media,#896ffb,#915fd8
2376,3549-23-3,Methyl p-tert-butylphenylacetate,molécula,Frutal,Floral,con matiz,Frutal,,FIG,media,#896ffb,#915fd8
2377,119-36-8,Methyl salicylate,molécula,Verde,Floral,claro con toque,Verde,,FIG,alta,#43cd99,#4aa781
2378,2432-51-1,Methyl thiobutyrate,molécula,Frutal,Verde,claro con toque,Frutal,,FIG,alta,#896ffb,#915fd8
2379,2396-85-2,Methyl trans-2-octenoate,molécula,Verde,Frutal,ambiguo,Verde,,FIG,baja,#43cd99,#4aa781
2380,111-81-9,Methyl undec-10-enoate,molécula,Cítrico,Ozónico,claro con toque,Cítrico,,FIG,alta,#c3b503,#a19500
2381,624-24-8,Methyl valerate,molécula,Frutal,Verde,con matiz,Frutal,,FIG,media,#896ffb,#915fd8
2382,5533-03-9,Methyl vanillyl ether,molécula,Frutal,,claro,Frutal,,FIG,alta,#896ffb,#915fd8
2383,81752-87-6,"Methyl-2,2-dimethyl-6-methylene-1-cyclohexanecarboxylate",molécula,Floral,Frutal,claro con toque,Floral,pa:Floral,FIG y catálogos,alta,#c475aa,#975482
2384,68845-02-3,"Methyl-2-[[(2,4-dimethyl-3-cyclohexen-1-yl)methylene]amino]benzoate",molécula,Verde,Floral,con matiz,Verde,,FIG,media,#43cd99,#4aa781
2385,127-42-4,Methyl-alpha-ionone,molécula,Amaderado,Floral,ambiguo,Amaderado,,FIG,baja,#923002,#944e00
2386,127-43-5,Methyl-beta-ionone,molécula,Floral,Frutal,claro con toque,Floral,pa:Amaderado,"FIG, catálogo en contra",baja,#c475aa,#975482
2387,61699-38-5,Methylcyclooctyl carbonate,molécula,Verde,Floral,claro con toque,Verde,,FIG,alta,#43cd99,#4aa781
2388,80-71-7,Methylcyclopentenolone,molécula,Frutal,,claro,Frutal,,FIG,alta,#896ffb,#915fd8
2389,1335-09-7,Methylheptenol,sin estructura,Verde,Floral,con matiz,Verde,,FIG,media,#43cd99,#4aa781
2390,409-02-9,Methylheptenone (isomer unspecified),molécula,Frutal,,claro,Frutal,,FIG,alta,#896ffb,#915fd8
2391,92457-18-6,Michelia alba extract,natural o mezcla,Floral,Frutal,ambiguo,Floral,pa:Floral,FIG y catálogos,alta,#c475aa,#975482
2392,8006-76-6,Michelia alba flower oil,natural o mezcla,Floral,Frutal,ambiguo,Floral,,FIG,baja,#c475aa,#975482
2393,8006-76-6,Michelia alba leaf extract,natural o mezcla,Floral,Frutal,ambiguo,Floral,,FIG,baja,#c475aa,#975482
2394,8006-76-6,Michelia alba leaf oil,natural o mezcla,Floral,Frutal,ambiguo,Floral,,FIG,baja,#c475aa,#975482
2395,8006-76-6,"Michelia alba oil, rectified",natural o mezcla,Floral,Frutal,ambiguo,Floral,,FIG,baja,#c475aa,#975482
2396,8031-03-6,Mimosa absolute,natural o mezcla,Floral,Verde,claro con toque,Floral,,FIG,alta,#c475aa,#975482
2397,8031-03-6,Mimosa concrete,natural o mezcla,Floral,Verde,claro con toque,Floral,,FIG,alta,#c475aa,#975482
2398,13341-72-5,Mintlactone,molécula,Frutal,,claro,Frutal,,FIG,alta,#896ffb,#915fd8
2399,8052-35-5,"Molasses, blackstrap",sin estructura,Frutal,,claro,Frutal,,FIG,alta,#896ffb,#915fd8
2400,84649-97-8,Mushroom absolute,natural o mezcla,Amaderado,,claro,Amaderado,,FIG,alta,#923002,#944e00
2401,84649-97-8,Mushroom resinoid,natural o mezcla,Amaderado,,claro,Amaderado,,FIG,alta,#923002,#944e00
2402,81-14-1,Musk ketone,molécula,Animal,Floral,claro con toque,Animal,,FIG,alta,#d22c50,#ca224a
2403,72403-67-9,Myraldyl acetate,molécula,Floral,Frutal,claro con toque,Floral,givaudan:Floral;pa:Floral,FIG y catálogos,alta,#c475aa,#975482
2404,123-35-3,Myrcene,molécula,Cítrico,Verde,con matiz,Cítrico,,FIG,media,#c3b503,#a19500
2405,543-39-5,Myrcenol,molécula,Cítrico,Floral,claro con toque,Cítrico,,FIG,alta,#c3b503,#a19500
2406,1118-39-4,Myrcenyl acetate,molécula,Cítrico,Verde,claro con toque,Cítrico,givaudan:Cítrico,FIG y catálogos,alta,#c3b503,#a19500
2407,124-25-4,Myristaldehyde,molécula,Ozónico,Especiado,claro con toque,Ozónico,,FIG,alta,#2db9f3,#237da9
2408,629-63-0,Myristo nitrile,molécula,Ozónico,Floral,con matiz,Ozónico,,FIG,media,#2db9f3,#237da9
2409,8016-37-3,Myrrh,sin estructura,Especiado,,claro,Especiado,,FIG,alta,#d86f0d,#bb704e
2410,8016-37-3,Myrrh absolute,sin estructura,Especiado,,claro,Especiado,,FIG,alta,#d86f0d,#bb704e
2411,8016-37-3,Myrrh CO2 extract,sin estructura,Especiado,,claro,Especiado,,FIG,alta,#d86f0d,#bb704e
2412,8016-37-3,Myrrh extract,sin estructura,Especiado,,claro,Especiado,,FIG,alta,#d86f0d,#bb704e
2413,9000-45-7,Myrrh gum,natural o mezcla,Especiado,Amaderado,con matiz,Especiado,,FIG,media,#d86f0d,#bb704e
2414,8016-37-3,Myrrh oil,sin estructura,Especiado,,claro,Especiado,,FIG,alta,#d86f0d,#bb704e
2415,8016-37-3,Myrrh oil rectified,sin estructura,Especiado,,claro,Especiado,,FIG,alta,#d86f0d,#bb704e
2416,8016-37-3,Myrrh resinoid,sin estructura,Especiado,,claro,Especiado,,FIG,alta,#d86f0d,#bb704e
2417,515-00-4,Myrtenol,molécula,Verde,,claro,Verde,,FIG,alta,#43cd99,#4aa781
2418,1079-01-2,Myrtenyl acetate,molécula,Verde,Floral,ambiguo,Verde,,FIG,baja,#43cd99,#4aa781
2419,8008-46-6,Myrtle oil,natural o mezcla,Verde,,claro,Verde,,FIG,alta,#43cd99,#4aa781
2420,8008-46-6,Myrtle oil (low methyleugenol),natural o mezcla,Verde,,claro,Verde,,FIG,alta,#43cd99,#4aa781
2421,8008-46-6,Myrtle oil terpeneless,natural o mezcla,Verde,,claro,Verde,,FIG,alta,#43cd99,#4aa781
2422,8008-46-6,"Myrtle oil, rectified",natural o mezcla,Verde,,claro,Verde,,FIG,alta,#43cd99,#4aa781
2423,84434-18-4,"N,2-Dimethyl-N-phenylbutyramide",molécula,Cítrico,Verde,claro con toque,Cítrico,givaudan:Cítrico,FIG y catálogos,alta,#c3b503,#a19500
2424,996-97-4,"N,N-Diethyloctamide",molécula,Especiado,Amaderado,claro con toque,Especiado,,FIG,alta,#d86f0d,#bb704e
2425,68489-14-5,N-[(Ethoxycarbonyl)methyl)-p-menthane-3-carboxamide,molécula,Verde,,claro,Verde,,FIG,alta,#43cd99,#4aa781
2426,3738-00-9,"Naphtho[2,1-b]furan, dodecahydro-3a,6,6,9a-tetramethyl-",molécula,Especiado,Amaderado,con matiz,Especiado,pa:Especiado,FIG y catálogos,alta,#d86f0d,#bb704e
2427,6790-58-5,"Naphtho[2,1-b]furan, dodecahydro-3a,6,6,9a-tetramethyl-, (3aR,5aS,9aS,9bR)-",molécula,Especiado,Amaderado,con matiz,Especiado,givaudan:Especiado;pa:Especiado;symrise:Especiado,FIG y catálogos,alta,#d86f0d,#bb704e
2428,8023-75-4,Narcissus absolute,natural o mezcla,Floral,Verde,con matiz,Floral,,FIG,media,#c475aa,#975482
2429,8023-75-4,Narcissus jonquilla absolute,natural o mezcla,Floral,Verde,con matiz,Floral,,FIG,media,#c475aa,#975482
2430,68917-12-4,Narcissus poeticus absolute,natural o mezcla,Floral,Verde,con matiz,Floral,,FIG,media,#c475aa,#975482
2431,15706-73-7,n-Butyl 2-methylbutyrate,molécula,Frutal,Verde,con matiz,Frutal,,FIG,media,#896ffb,#915fd8
2432,106-26-3,Neral,molécula,Cítrico,,claro,Cítrico,,FIG,alta,#c3b503,#a19500
2433,106-25-2,Nerol,molécula,Floral,Cítrico,claro con toque,Floral,symrise:Floral,FIG y catálogos,alta,#c475aa,#975482
2434,1786-08-9,Nerol oxide,molécula,Floral,Verde,ambiguo,Verde,pa:Floral,catálogos,media,#c475aa,#975482
2435,142-50-7,Nerolidol (cis),molécula,Floral,Amaderado,claro con toque,Floral,,FIG,alta,#c475aa,#975482
2436,7212-44-4,Nerolidol (isomer unspecified),molécula,Floral,Amaderado,claro con toque,Floral,,FIG,alta,#c475aa,#975482
2437,2306-78-7,Nerolidyl acetate (isomer unspecified),molécula,Floral,Cítrico,claro con toque,Floral,,FIG,alta,#c475aa,#975482
2438,56001-43-5,"Nerolidyl acetate (S,Z)",molécula,Floral,Cítrico,claro con toque,Floral,,FIG,alta,#c475aa,#975482
2439,141-12-8,Neryl acetate,molécula,Floral,Cítrico,con matiz,Floral,pa:Floral,FIG y catálogos,alta,#c475aa,#975482
2440,999-40-6,Neryl butyrate,molécula,Floral,Frutal,claro con toque,Floral,,FIG,alta,#c475aa,#975482
2441,2142-94-1,Neryl formate,molécula,Frutal,Verde,con matiz,Frutal,,FIG,media,#896ffb,#915fd8
2442,2345-24-6,Neryl isobutyrate,molécula,Frutal,,claro,Frutal,,FIG,alta,#896ffb,#915fd8
2443,3915-83-1,Neryl isovalerate,molécula,Floral,Verde,claro con toque,Floral,,FIG,alta,#c475aa,#975482
2444,105-91-9,Neryl propionate,molécula,Frutal,Floral,claro con toque,Frutal,,FIG,alta,#896ffb,#915fd8
2445,39711-79-0,N-Ethyl-2-isopropyl-5-methylcyclohexane carboxamide,molécula,Verde,,claro,Verde,,FIG,alta,#43cd99,#4aa781
2446,179911-08-1,N-Ethyl-N-(3-methylphenyl)propionamide,molécula,Amaderado,,claro,Amaderado,,FIG,alta,#923002,#944e00
2447,1438-94-4,N-Furfurylpyrrole,molécula,Verde,Transformado,con matiz,Verde,,FIG,media,#43cd99,#4aa781
2448,19089-92-0,n-Hexyl 2-butenoate,molécula,Frutal,Verde,claro con toque,Frutal,,FIG,alta,#896ffb,#915fd8
2449,8014-68-4,Niaouli oil,natural o mezcla,Verde,,claro,Verde,pa:Verde,FIG y catálogos,alta,#43cd99,#4aa781
2450,73507-35-4,Nigella Damascena absolute,natural o mezcla,Floral,Especiado,claro con toque,Floral,,FIG,alta,#c475aa,#975482
2451,73507-35-4,Nigella Damascena CO2 Extract,natural o mezcla,Floral,Especiado,claro con toque,Floral,,FIG,alta,#c475aa,#975482
2452,18836-52-7,N-Isobutyldeca-trans-2-trans-4-dienamide,molécula,Especiado,Verde,ambiguo,Especiado,,FIG,baja,#d86f0d,#bb704e
2453,557-48-2,Nona-2-trans-6-cis-dienal,molécula,Verde,Ozónico,claro con toque,Verde,,FIG,alta,#43cd99,#4aa781
2454,124-19-6,Nonanal,molécula,Ozónico,Cítrico,claro con toque,Ozónico,pa:Verde,"FIG, catálogo en contra",baja,#2db9f3,#237da9
2455,18824-63-0,Nonanal dimethyl acetal,molécula,Frutal,Verde,claro con toque,Frutal,,FIG,alta,#896ffb,#915fd8
2456,54815-13-3,"Nonane, 1,1-diethoxy-",molécula,Ozónico,Floral,ambiguo,Ozónico,,FIG,baja,#2db9f3,#237da9
2457,39864-15-8,Nonanediyl diacetate,molécula,Floral,Amaderado,claro con toque,Floral,givaudan:Floral,FIG y catálogos,alta,#c475aa,#975482
2458,112-05-0,Nonanoic acid,molécula,Floral,Verde,claro con toque,Floral,,FIG,alta,#c475aa,#975482
2459,2444-46-4,Nonanoyl 4-hydroxy-3-methoxybenzylamide,molécula,Especiado,,claro,Especiado,,FIG,alta,#d86f0d,#bb704e
2460,29127-83-1,Nonen acid nitrile,molécula,Verde,Floral,con matiz,Verde,pa:Verde;symrise:Floral,"FIG, catálogo en contra",baja,#43cd99,#4aa781
2461,68526-90-9,"Nonene, hydroformylation products, high-boiling",sin estructura,Floral,Amaderado,con matiz,Floral,,FIG,media,#c475aa,#975482
2462,143-13-5,Nonyl acetate,molécula,Cítrico,Ozónico,con matiz,Cítrico,,FIG,media,#c3b503,#a19500
2463,143-08-8,Nonyl alcohol,molécula,Floral,,claro,Floral,symrise:Ozónico,"FIG, catálogo en contra",baja,#c475aa,#975482
2464,4674-50-4,Nootkatone,molécula,Cítrico,Amaderado,claro con toque,Cítrico,,FIG,alta,#c3b503,#a19500
2465,128-50-7,Nopol,molécula,Verde,,claro,Verde,,FIG,alta,#43cd99,#4aa781
2466,128-51-8,Nopyl acetate,molécula,Amaderado,Floral,con matiz,Amaderado,,FIG,media,#923002,#944e00
2467,8008-45-5,Nutmeg,sin estructura,Especiado,,claro,Especiado,,FIG,alta,#d86f0d,#bb704e
2468,8008-45-5,Nutmeg absolute,sin estructura,Especiado,,claro,Especiado,,FIG,alta,#d86f0d,#bb704e
2469,8008-45-5,Nutmeg CO2 extract,sin estructura,Especiado,,claro,Especiado,,FIG,alta,#d86f0d,#bb704e
2470,8008-45-5,Nutmeg distillate,sin estructura,Especiado,,claro,Especiado,,FIG,alta,#d86f0d,#bb704e
2471,8008-45-5,Nutmeg extract,sin estructura,Especiado,,claro,Especiado,,FIG,alta,#d86f0d,#bb704e
2472,8008-45-5,Nutmeg oil,sin estructura,Especiado,,claro,Especiado,,FIG,alta,#d86f0d,#bb704e
2473,8008-45-5,Nutmeg oil (low safrol),sin estructura,Especiado,,claro,Especiado,,FIG,alta,#d86f0d,#bb704e
2474,8008-45-5,"Nutmeg oil terpeneless, JAVA",sin estructura,Especiado,,claro,Especiado,,FIG,alta,#d86f0d,#bb704e
2475,8008-45-5,"Nutmeg oil, rectified",sin estructura,Especiado,,claro,Especiado,,FIG,alta,#d86f0d,#bb704e
2476,8008-45-5,Nutmeg oleoresin,sin estructura,Especiado,,claro,Especiado,,FIG,alta,#d86f0d,#bb704e
2477,97676-29-4,Oak chips (white) extract,natural o mezcla,Amaderado,,claro,Amaderado,,FIG,alta,#923002,#944e00
2478,97676-30-7,Oak chips CO2 extract,natural o mezcla,Amaderado,,claro,Amaderado,,FIG,alta,#923002,#944e00
2479,97676-30-7,Oak chips extract,natural o mezcla,Amaderado,,claro,Amaderado,,FIG,alta,#923002,#944e00
2480,9000-50-4,Oakmoss absolute,natural o mezcla,Amaderado,,claro,Amaderado,,FIG,alta,#923002,#944e00
2481,9000-50-4,Oakmoss absolute (low atranol & chloratranol),natural o mezcla,Amaderado,,claro,Amaderado,,FIG,alta,#923002,#944e00
2482,68917-10-2,Oakmoss extract,natural o mezcla,Amaderado,,claro,Amaderado,,FIG,alta,#923002,#944e00
2483,5986-38-9,Ocimenol,molécula,Frutal,Cítrico,con matiz,Frutal,,FIG,media,#896ffb,#915fd8
2484,72214-23-4,Ocimenyl acetate,molécula,Verde,Cítrico,claro con toque,Verde,,FIG,alta,#43cd99,#4aa781
2485,95-48-7,o-Cresol,molécula,Animal,Amaderado,con matiz,Animal,,FIG,media,#d22c50,#ca224a
2486,33704-60-8,"Octahydro-1,1,2,3,3-pentamethyl-1H-indene",molécula,Animal,Floral,claro con toque,Animal,,FIG,alta,#d22c50,#ca224a
2487,71832-76-3,"Octahydro-2,5,5-trimethyl-2-naphthol",molécula,Animal,Especiado,claro con toque,Animal,pa:Animal,FIG y catálogos,alta,#d22c50,#ca224a
2488,30772-79-3,"Octahydro-4,7-methano-1H-indenecarbaldehyde",molécula,Verde,Frutal,con matiz,Verde,,FIG,media,#43cd99,#4aa781
2489,30772-69-1,"Octahydro-4,7-methano-1H-indenemethyl acetate",molécula,Amaderado,Frutal,con matiz,Amaderado,symrise:Amaderado,FIG y catálogos,alta,#923002,#944e00
2490,23333-91-7,"Octahydro-4,8a-dimethyl-4a(2H)-naphthol",molécula,Amaderado,Frutal,con matiz,Frutal,pa:Amaderado,catálogos,media,#923002,#944e00
2491,68738-96-5,"Octahydro-5,5-dimethylnaphthalene-2-carbaldehyde",molécula,Floral,Ozónico,con matiz,Floral,,FIG,media,#c475aa,#975482
2492,59056-64-3,"Octahydro-7,7,8,8-tetramethyl-2,3b-methano-3bH-",molécula,Especiado,Verde,con matiz,Especiado,,FIG,media,#d86f0d,#bb704e
2493,59056-62-1,"Octahydro-7,7,8,8-tetramethyl-2,3b-methano-3bH-",molécula,Amaderado,Especiado,con matiz,Amaderado,,FIG,media,#923002,#944e00
2494,41724-19-0,"Octahydro-7-methyl-1,4-methanonaphtalen-6(2H)-one",molécula,Verde,Amaderado,claro con toque,Verde,,FIG,alta,#43cd99,#4aa781
2495,68738-94-3,"Octahydro-8,8-dimethylnaphthalene-2-carbaldehyde",molécula,Ozónico,Verde,con matiz,Ozónico,,FIG,media,#2db9f3,#237da9
2496,4430-31-3,Octahydrocoumarin,molécula,Especiado,Frutal,con matiz,Especiado,pa:Floral,"FIG, catálogo en contra",baja,#d86f0d,#bb704e
2497,124-13-0,Octanal,molécula,Ozónico,Cítrico,con matiz,Ozónico,,FIG,media,#2db9f3,#237da9
2498,54889-48-4,Octanal diethyl acetal,molécula,Verde,Cítrico,con matiz,Verde,,FIG,media,#43cd99,#4aa781
2499,10022-28-3,Octanal dimethyl acetal,molécula,Verde,Floral,con matiz,Verde,,FIG,media,#43cd99,#4aa781
2500,929253-05-4,"Octanal, 6-methoxy-2,6-dimethyl-",molécula,Ozónico,Verde,con matiz,Ozónico,,FIG,media,#2db9f3,#237da9
2501,69102-96-1,"Octanal, 7-hydroxy-3,7-dimethyl-, distn. residues, nonvolatile",sin estructura,Floral,Cítrico,claro con toque,Floral,,FIG,alta,#c475aa,#975482
2502,124-12-9,Octanenitrile,molécula,Verde,Ozónico,con matiz,Verde,,FIG,media,#43cd99,#4aa781
2503,112-14-1,Octyl acetate,molécula,Frutal,Verde,ambiguo,Frutal,,FIG,baja,#896ffb,#915fd8
2504,110-39-4,Octyl butyrate,molécula,Frutal,Verde,con matiz,Frutal,,FIG,media,#896ffb,#915fd8
2505,22874-79-9,Octyl crotonate,molécula,Frutal,Amaderado,con matiz,Frutal,,FIG,media,#896ffb,#915fd8
2506,112-32-3,Octyl formate,molécula,Frutal,Floral,con matiz,Frutal,,FIG,media,#896ffb,#915fd8
2507,109-15-9,Octyl isobutyrate,molécula,Frutal,Amaderado,con matiz,Frutal,,FIG,media,#896ffb,#915fd8
2508,7786-58-5,Octyl isovalerate,molécula,Floral,,claro,Floral,,FIG,alta,#c475aa,#975482
2509,68916-40-5,"Oils, geranium, acetylated",natural o mezcla,Floral,Cítrico,con matiz,Floral,,FIG,media,#c475aa,#975482
2510,1450625-49-6,"Oils, Patchouli, patchoulol synthase-modified Saccharomyces cerevisiae-fermented,",natural o mezcla,Amaderado,,claro,Amaderado,,FIG,alta,#923002,#944e00
2511,8016-36-2,Olibanum absolute,natural o mezcla,Especiado,Amaderado,con matiz,Amaderado,pa:Especiado,catálogos,media,#d86f0d,#bb704e
2512,8016-36-2,Olibanum carterii absolute,natural o mezcla,Especiado,Amaderado,con matiz,Amaderado,pa:Especiado,catálogos,media,#d86f0d,#bb704e
2513,8016-36-2,Olibanum carterii CO2 extract,natural o mezcla,Especiado,Amaderado,con matiz,Amaderado,pa:Especiado,catálogos,media,#d86f0d,#bb704e
2514,8016-36-2,Olibanum carterii extract,natural o mezcla,Especiado,Amaderado,con matiz,Amaderado,pa:Especiado,catálogos,media,#d86f0d,#bb704e
2515,8016-36-2,Olibanum carterii oil,natural o mezcla,Especiado,Amaderado,con matiz,Amaderado,pa:Especiado,catálogos,media,#d86f0d,#bb704e
2516,8016-36-2,Olibanum carterii oil,natural o mezcla,Especiado,Amaderado,con matiz,Amaderado,pa:Especiado,catálogos,media,#d86f0d,#bb704e
2517,8016-36-2,"Olibanum carterii oil, rectified",natural o mezcla,Especiado,Amaderado,con matiz,Amaderado,pa:Especiado,catálogos,media,#d86f0d,#bb704e
2518,8016-36-2,Olibanum carterii pyrogenated oil,natural o mezcla,Especiado,Amaderado,con matiz,Amaderado,pa:Especiado,catálogos,media,#d86f0d,#bb704e
2519,8016-36-2,Olibanum carterii resinoid,natural o mezcla,Especiado,Amaderado,con matiz,Amaderado,pa:Especiado,catálogos,media,#d86f0d,#bb704e
2520,8016-36-2,Olibanum extract,natural o mezcla,Especiado,Amaderado,con matiz,Amaderado,pa:Especiado,catálogos,media,#d86f0d,#bb704e
2521,8016-36-2,Olibanum oil,natural o mezcla,Especiado,Amaderado,con matiz,Amaderado,pa:Especiado,catálogos,media,#d86f0d,#bb704e
2522,8016-36-2,"Olibanum oil, rectified",natural o mezcla,Especiado,Amaderado,con matiz,Amaderado,pa:Especiado,catálogos,media,#d86f0d,#bb704e
2523,8016-36-2,Olibanum resinoid,natural o mezcla,Especiado,Amaderado,con matiz,Amaderado,pa:Especiado,catálogos,media,#d86f0d,#bb704e
2524,8016-36-2,"Olibanum serrata oil, Indian",natural o mezcla,Especiado,Amaderado,con matiz,Amaderado,pa:Especiado,catálogos,media,#d86f0d,#bb704e
2525,7779-50-2,omega-6-Hexadecenlactone,molécula,Animal,Floral,con matiz,Animal,pa:Animal,FIG y catálogos,alta,#d22c50,#ca224a
2526,106-02-5,omega-Pentadecalactone,molécula,Animal,Floral,con matiz,Animal,pa:Animal;symrise:Animal,FIG y catálogos,alta,#d22c50,#ca224a
2527,135-02-4,o-Methoxybenzaldehyde,molécula,Frutal,,claro,Frutal,,FIG,alta,#896ffb,#915fd8
2528,1504-74-1,o-Methoxycinnamaldehyde,molécula,Especiado,Amaderado,claro con toque,Especiado,,FIG,alta,#d86f0d,#bb704e
2529,86-26-0,o-Phenyl anisole,molécula,Floral,Frutal,con matiz,Floral,,FIG,media,#c475aa,#975482
2530,8021-36-1,Opoponax absolute,natural o mezcla,Especiado,Amaderado,claro con toque,Especiado,,FIG,alta,#d86f0d,#bb704e
2531,8021-36-1,Opoponax CO2 extract,natural o mezcla,Especiado,Amaderado,claro con toque,Especiado,,FIG,alta,#d86f0d,#bb704e
2532,8021-36-1,Opoponax extract,natural o mezcla,Especiado,Amaderado,claro con toque,Especiado,,FIG,alta,#d86f0d,#bb704e
2533,8021-36-1,Opoponax oil,natural o mezcla,Especiado,Amaderado,claro con toque,Especiado,,FIG,alta,#d86f0d,#bb704e
2534,8021-36-1,Opoponax resinoid,natural o mezcla,Especiado,Frutal,con matiz,Especiado,,FIG,media,#d86f0d,#bb704e
2535,644-35-9,o-Propylphenol,molécula,Amaderado,,claro,Amaderado,,FIG,alta,#923002,#944e00
2536,8030-28-2,Orange blossoms absolute,natural o mezcla,Floral,,claro,Floral,,FIG,alta,#c475aa,#975482
2537,68514-75-0,Orange essence oil,natural o mezcla,Cítrico,,claro,Cítrico,,FIG,alta,#c3b503,#a19500
2538,8016-38-4,"Orange flower absolute, bitter (Neroli and Neroli Bigarade)",natural o mezcla,Floral,,claro,Floral,,FIG,alta,#c475aa,#975482
2539,8016-38-4,"Orange flower oil, bitter (Neroli and Neroli bigarade)",natural o mezcla,Floral,,claro,Floral,,FIG,alta,#c475aa,#975482
2540,8030-28-2,Orange flower water absolute,natural o mezcla,Floral,,claro,Floral,,FIG,alta,#c475aa,#975482
2541,8016-38-4,"Orange flower, bitter, absolute",natural o mezcla,Floral,,claro,Floral,,FIG,alta,#c475aa,#975482
2542,8016-38-4,"Orange flower, bitter, CO2 extract",natural o mezcla,Floral,,claro,Floral,,FIG,alta,#c475aa,#975482
2543,8016-38-4,"Orange flower, bitter, concrete",natural o mezcla,Floral,,claro,Floral,,FIG,alta,#c475aa,#975482
2544,8016-38-4,"Orange flower, bitter, extract",natural o mezcla,Floral,,claro,Floral,,FIG,alta,#c475aa,#975482
2545,8030-28-2,Orange flowers,natural o mezcla,Floral,,claro,Floral,,FIG,alta,#c475aa,#975482
2546,8030-28-2,Orange leaf absolute,natural o mezcla,Floral,,claro,Floral,,FIG,alta,#c475aa,#975482
2547,68916-04-1,"Orange oil, bitter",natural o mezcla,Cítrico,Frutal,claro con toque,Cítrico,,FIG,alta,#c3b503,#a19500
2548,68916-04-1,"Orange oil, bitter",natural o mezcla,Cítrico,Frutal,claro con toque,Cítrico,,FIG,alta,#c3b503,#a19500
2549,68916-04-1,"Orange oil, bitter washed, rectified",natural o mezcla,Cítrico,,claro,Cítrico,,FIG,alta,#c3b503,#a19500
2550,8016-38-4,"Orange oil, peel, bitter",natural o mezcla,Cítrico,Frutal,claro con toque,Cítrico,,FIG,alta,#c3b503,#a19500
2551,8008-57-9,"Orange oil, sweet",natural o mezcla,Cítrico,Frutal,claro con toque,Cítrico,,FIG,alta,#c3b503,#a19500
2552,68606-94-0,"Orange oil, sweet terpeneless",natural o mezcla,Cítrico,Frutal,claro con toque,Cítrico,,FIG,alta,#c3b503,#a19500
2553,68917-07-7,"Orange oil, sweet, psoralen-free",natural o mezcla,Cítrico,Frutal,claro con toque,Cítrico,,FIG,alta,#c3b503,#a19500
2554,8008-57-9,"Orange oil, sweet, rectified",natural o mezcla,Cítrico,Frutal,claro con toque,Cítrico,,FIG,alta,#c3b503,#a19500
2555,68647-72-3,"Orange oil, sweet, terpenes",natural o mezcla,Cítrico,Frutal,con matiz,Cítrico,,FIG,media,#c3b503,#a19500
2556,68606-94-0,"Orange peel oil, sweet terpeneless",natural o mezcla,Cítrico,,claro,Cítrico,,FIG,alta,#c3b503,#a19500
2557,8008-57-9,"Orange peel, sweet oil",natural o mezcla,Cítrico,Frutal,claro con toque,Cítrico,,FIG,alta,#c3b503,#a19500
2558,8028-48-6,"Orange peel, sweet, extract",natural o mezcla,Cítrico,,claro,Cítrico,,FIG,alta,#c3b503,#a19500
2559,8008-57-9,Orange sweet oil folded,natural o mezcla,Cítrico,Frutal,claro con toque,Cítrico,,FIG,alta,#c3b503,#a19500
2560,8008-57-9,"Orange sweet, Valencia oil",natural o mezcla,Cítrico,Frutal,claro con toque,Cítrico,,FIG,alta,#c3b503,#a19500
2561,91079-33-3,"Orange, sour, ext., sapond.",sin estructura,Cítrico,Floral,claro con toque,Cítrico,,FIG,alta,#c3b503,#a19500
2562,8008-57-9,"Orange, sweet, oil",natural o mezcla,Cítrico,,claro,Cítrico,,FIG,alta,#c3b503,#a19500
2563,8008-57-9,"Orange, sweet, oil fixed",natural o mezcla,Cítrico,Frutal,claro con toque,Cítrico,,FIG,alta,#c3b503,#a19500
2564,8008-57-9,"Orange, sweet, resinoid",natural o mezcla,Cítrico,Frutal,claro con toque,Cítrico,,FIG,alta,#c3b503,#a19500
2565,8007-11-2,Origanum oil,natural o mezcla,Verde,,claro,Verde,,FIG,alta,#43cd99,#4aa781
2566,8007-11-2,Origanum oil (extractive),natural o mezcla,Verde,,claro,Verde,,FIG,alta,#43cd99,#4aa781
2567,68917-05-5,Osmanthus absolute,natural o mezcla,Frutal,Floral,claro con toque,Frutal,pa:Frutal,FIG y catálogos,alta,#896ffb,#915fd8
2568,68917-05-5,Osmanthus concrete,natural o mezcla,Frutal,Floral,claro con toque,Frutal,pa:Frutal,FIG y catálogos,alta,#896ffb,#915fd8
2569,68917-05-5,Osmanthus tincture,natural o mezcla,Frutal,Floral,claro con toque,Frutal,pa:Frutal,FIG y catálogos,alta,#896ffb,#915fd8
2570,137-06-4,o-Toluenethiol,molécula,Transformado,,suelto,Transformado,,FIG,baja,#8a8a8a,#8a8a8a
2571,533-18-6,o-Tolyl acetate,molécula,Floral,Frutal,claro con toque,Floral,,FIG,alta,#c475aa,#975482
2572,19819-98-8,o-Tolylethanol,molécula,Floral,,claro,Floral,pa:Floral,FIG y catálogos,alta,#c475aa,#975482
2573,28645-51-4,Oxacycloheptadec-10-ene-2-one,molécula,Animal,Frutal,claro con toque,Animal,pa:Animal;symrise:Animal,FIG y catálogos,alta,#d22c50,#ca224a
2574,111879-80-2,"Oxacyclohexadec-12-en-2-one, (12E)-",molécula,Animal,Floral,claro con toque,Animal,pa:Animal,FIG y catálogos,alta,#d22c50,#ca224a
2575,111879-79-9,"Oxacyclohexadec-12-en-2-one, (12Z)-",molécula,Animal,Floral,claro con toque,Animal,,FIG,alta,#d22c50,#ca224a
2576,99219-32-6,"Oxacyclohexadec-13-en-2-one, (13E)-",molécula,Animal,Floral,claro con toque,Animal,,FIG,alta,#d22c50,#ca224a
2577,111879-81-3,"Oxacyclohexadec-13-en-2-one, (13Z)-",molécula,Animal,Floral,claro con toque,Animal,,FIG,alta,#d22c50,#ca224a
2578,38223-29-9,"Oxacyclohexadecane-2,13-dione",molécula,Animal,Floral,claro con toque,Animal,,FIG,alta,#d22c50,#ca224a
2579,34902-57-3,Oxacyclohexadecen-2-one,molécula,Animal,Floral,claro con toque,Animal,symrise:Animal,FIG y catálogos,alta,#d22c50,#ca224a
2580,329925-33-9,"Oxacyclopentadec-10-en-2-one, 13-methyl-",molécula,Animal,Frutal,con matiz,Animal,,FIG,media,#d22c50,#ca224a
2581,6324-78-3,"p-(2,2-Dimethoxyethoxy)toluene",molécula,Floral,Verde,con matiz,Floral,,FIG,media,#c475aa,#975482
2582,42866-91-1,"p-(2,2-Dimethoxyethyl)toluene",molécula,Verde,Floral,con matiz,Verde,,FIG,media,#43cd99,#4aa781
2583,1195-32-0,"p,alpha-Dimethylstyrene",molécula,Verde,Especiado,ambiguo,Amaderado,pa:Verde,catálogos,media,#43cd99,#4aa781
2584,8014-19-5,Palmarosa oil,natural o mezcla,Floral,Verde,ambiguo,Floral,,FIG,baja,#c475aa,#975482
2585,1197-01-9,"p-alpha,alpha-Trimethylbenzyl alcohol",molécula,Frutal,,claro,Frutal,,FIG,alta,#896ffb,#915fd8
2586,104-21-2,p-Anisyl acetate,molécula,Floral,Especiado,con matiz,Floral,givaudan:Verde;pa:Verde;symrise:Floral,"FIG, catálogo en contra",baja,#c475aa,#975482
2587,84625-29-6,Paprika oleoresin,natural o mezcla,Especiado,,claro,Especiado,,FIG,alta,#d86f0d,#bb704e
2588,123-63-7,Paraldehyde,molécula,Frutal,Verde,claro con toque,Frutal,,FIG,alta,#896ffb,#915fd8
2589,8000-68-8,Parsley herb oil,natural o mezcla,Verde,,claro,Verde,,FIG,alta,#43cd99,#4aa781
2590,8025-95-4,Parsley oleoresin,natural o mezcla,Especiado,Verde,con matiz,Especiado,,FIG,media,#d86f0d,#bb704e
2591,8000-68-8,Parsley seed oil,natural o mezcla,Verde,,claro,Verde,,FIG,alta,#43cd99,#4aa781
2592,854535-37-8,Passionflower extract,natural o mezcla,Frutal,Cítrico,claro con toque,Frutal,,FIG,alta,#896ffb,#915fd8
2593,8014-09-3,Patchouli,sin estructura,Amaderado,,claro,Amaderado,,FIG,alta,#923002,#944e00
2594,8014-09-3,Patchouli,sin estructura,Amaderado,,claro,Amaderado,,FIG,alta,#923002,#944e00
2595,8014-09-3,Patchouli absolute,sin estructura,Amaderado,,claro,Amaderado,,FIG,alta,#923002,#944e00
2596,5986-55-0,Patchouli alcohol,molécula,Amaderado,,claro,Amaderado,pa:Amaderado,FIG y catálogos,alta,#923002,#944e00
2597,8014-09-3,Patchouli CO2 extract,sin estructura,Amaderado,,claro,Amaderado,,FIG,alta,#923002,#944e00
2598,8014-09-3,Patchouli extract,sin estructura,Amaderado,,claro,Amaderado,,FIG,alta,#923002,#944e00
2599,8014-09-3,Patchouli oil,sin estructura,Amaderado,,claro,Amaderado,,FIG,alta,#923002,#944e00
2600,8014-09-3,Patchouli oil,sin estructura,Amaderado,,claro,Amaderado,,FIG,alta,#923002,#944e00
2601,8014-09-3,Patchouli oil (low Fe),sin estructura,Amaderado,,claro,Amaderado,,FIG,alta,#923002,#944e00
2602,8014-09-3,"Patchouli oil, rectified",sin estructura,Amaderado,,claro,Amaderado,,FIG,alta,#923002,#944e00
2603,73049-67-9,"Patchouli oil, terpene-free",natural o mezcla,Amaderado,,claro,Amaderado,,FIG,alta,#923002,#944e00
2604,106-44-5,p-Cresol,molécula,Floral,,claro,Floral,,FIG,alta,#c475aa,#975482
2605,614-34-6,p-Cresyl benzoate,molécula,Amaderado,Floral,claro con toque,Amaderado,,FIG,alta,#923002,#944e00
2606,607-88-5,p-Cresyl salicylate,molécula,Especiado,Floral,con matiz,Especiado,,FIG,media,#d86f0d,#bb704e
2607,99-87-6,p-Cymene,molécula,Cítrico,Verde,claro con toque,Cítrico,symrise:Cítrico,FIG y catálogos,alta,#c3b503,#a19500
2608,150-78-7,p-Dimethoxybenzene,molécula,Verde,Especiado,ambiguo,Floral,pa:Verde,catálogos,media,#43cd99,#4aa781
2609,1429493-82-2,Peach extract,natural o mezcla,Frutal,,claro,Frutal,,FIG,alta,#896ffb,#915fd8
2610,90082-43-2,Pear distillate,natural o mezcla,Frutal,,claro,Frutal,,FIG,alta,#896ffb,#915fd8
2611,94333-77-4,"Pelargonium graveolens, ext., sapond.",sin estructura,Floral,,claro,Floral,,FIG,alta,#c475aa,#975482
2612,8013-99-8,"Pennyroyal oil, Europe",natural o mezcla,Verde,,claro,Verde,,FIG,alta,#43cd99,#4aa781
2613,68917-60-2,"Pennyroyal oil, terpenes",natural o mezcla,Verde,,claro,Verde,,FIG,alta,#43cd99,#4aa781
2614,55590-83-5,"Pentanoic acid, 2-​methylbutyl ester",molécula,Frutal,Amaderado,con matiz,Frutal,,FIG,media,#896ffb,#915fd8
2615,26516-27-8,"Pentanoic acid, 3-methyl-2-oxo-, ethyl ester",molécula,Transformado,Frutal,suelto,Transformado,pa:Frutal,"FIG, catálogo en contra",baja,#8a8a8a,#8a8a8a
2616,628-63-7,Pentyl acetate,molécula,Frutal,,claro,Frutal,,FIG,alta,#896ffb,#915fd8
2617,2049-96-9,Pentyl benzoate,molécula,Floral,,claro,Floral,,FIG,alta,#c475aa,#975482
2618,25415-62-7,Pentyl isovalerate,molécula,Frutal,,claro,Frutal,,FIG,alta,#896ffb,#915fd8
2619,5137-52-0,Pentyl phenylacetate,molécula,Especiado,Floral,claro con toque,Especiado,,FIG,alta,#d86f0d,#bb704e
2620,624-54-4,Pentyl propionate,molécula,Frutal,,claro,Frutal,,FIG,alta,#896ffb,#915fd8
2621,68917-24-8,"Pepper oil black, terpene-free",natural o mezcla,Especiado,,claro,Especiado,,FIG,alta,#d86f0d,#bb704e
2622,8006-82-4,"Pepper, black, absolute",natural o mezcla,Especiado,,claro,Especiado,pa:Especiado,FIG y catálogos,alta,#d86f0d,#bb704e
2623,8006-82-4,"Pepper, black, CO2 extract",natural o mezcla,Especiado,,claro,Especiado,pa:Especiado,FIG y catálogos,alta,#d86f0d,#bb704e
2624,8006-82-4,"Pepper, black, oil",natural o mezcla,Especiado,,claro,Especiado,pa:Especiado,FIG y catálogos,alta,#d86f0d,#bb704e
2625,8006-82-4,"Pepper, black, oil, rectified",natural o mezcla,Especiado,,claro,Especiado,pa:Especiado,FIG y catálogos,alta,#d86f0d,#bb704e
2626,8002-56-0,"Pepper, black, oleoresin",natural o mezcla,Especiado,,claro,Especiado,,FIG,alta,#d86f0d,#bb704e
2627,72869-79-5,"Pepper, black, terpenes",natural o mezcla,Especiado,,claro,Especiado,,FIG,alta,#d86f0d,#bb704e
2628,8006-82-4,"Pepper, white, CO2 extract",natural o mezcla,Especiado,,claro,Especiado,pa:Especiado,FIG y catálogos,alta,#d86f0d,#bb704e
2629,8006-82-4,"Pepper, white, oil",natural o mezcla,Especiado,,claro,Especiado,pa:Especiado,FIG y catálogos,alta,#d86f0d,#bb704e
2630,68606-97-3,"Peppermint oil, terpeneless",natural o mezcla,Verde,,claro,Verde,,FIG,alta,#43cd99,#4aa781
2631,8006-90-4,Peppermint absolute,natural o mezcla,Verde,,claro,Verde,,FIG,alta,#43cd99,#4aa781
2632,8006-90-4,Peppermint CO2 extract,natural o mezcla,Verde,,claro,Verde,,FIG,alta,#43cd99,#4aa781
2633,8006-90-4,Peppermint leaves,natural o mezcla,Verde,,claro,Verde,,FIG,alta,#43cd99,#4aa781
2634,8006-90-4,Peppermint oil,natural o mezcla,Verde,,claro,Verde,,FIG,alta,#43cd99,#4aa781
2635,8006-90-4,"Peppermint oil, rectified",natural o mezcla,Verde,,claro,Verde,,FIG,alta,#43cd99,#4aa781
2636,68608-37-7,"Peppermint oil, terpenes",natural o mezcla,Verde,,claro,Verde,,FIG,alta,#43cd99,#4aa781
2637,68606-96-2,"Peppermint oils, reaction products with hydrogen sulfide",natural o mezcla,Verde,,claro,Verde,,FIG,alta,#43cd99,#4aa781
2638,68132-21-8,Perilla oil,natural o mezcla,Verde,Especiado,claro con toque,Verde,,FIG,alta,#43cd99,#4aa781
2639,8008-26-2,"Persian lime oil, expressed",natural o mezcla,Cítrico,Verde,claro con toque,Cítrico,,FIG,alta,#c3b503,#a19500
2640,444085-42-1,Persicaria odorata oil,natural o mezcla,Especiado,Floral,claro con toque,Especiado,,FIG,alta,#d86f0d,#bb704e
2641,8007-00-9,Peru balsam distillate,natural o mezcla,Amaderado,Especiado,con matiz,Amaderado,,FIG,media,#923002,#944e00
2642,123-07-9,p-Ethylphenol,molécula,Amaderado,Animal,con matiz,Amaderado,,FIG,media,#923002,#944e00
2643,8007-75-8,Petitgrain bergamot oil,natural o mezcla,Cítrico,Floral,claro con toque,Cítrico,,FIG,alta,#c3b503,#a19500
2644,8014-17-3,Petitgrain bigarade oil,natural o mezcla,Floral,Especiado,con matiz,Floral,,FIG,media,#c475aa,#975482
2645,8048-51-9,Petitgrain lemon oil,natural o mezcla,Floral,Verde,con matiz,Floral,,FIG,media,#c475aa,#975482
2646,8014-17-3,Petitgrain mandarin oil,natural o mezcla,Floral,Especiado,con matiz,Floral,,FIG,media,#c475aa,#975482
2647,68915-85-5,"Petitgrain oil terpeneless, Paraguay",natural o mezcla,Floral,Verde,claro con toque,Floral,,FIG,alta,#c475aa,#975482
2648,68917-61-3,"Petitgrain oil terpenes, Paraguay",natural o mezcla,Verde,Cítrico,con matiz,Verde,,FIG,media,#43cd99,#4aa781
2649,8014-17-3,"Petitgrain oil, Paraguay",natural o mezcla,Verde,Cítrico,con matiz,Verde,,FIG,media,#43cd99,#4aa781
2650,8014-17-3,"Petitgrain oil, rectified, Paraguay",natural o mezcla,Verde,Cítrico,con matiz,Verde,,FIG,media,#43cd99,#4aa781
2651,68606-99-5,"Petitgrain oils, saponified",natural o mezcla,Cítrico,Floral,claro con toque,Cítrico,,FIG,alta,#c3b503,#a19500
2652,8014-17-3,"Petitgrain orange leaf oil, bitter, rectified",natural o mezcla,Floral,Especiado,con matiz,Floral,,FIG,media,#c475aa,#975482
2653,8014-17-3,"Petitgrain water absolute, Paraguay",natural o mezcla,Cítrico,Floral,con matiz,Cítrico,,FIG,media,#c3b503,#a19500
2654,1329-99-3,Phellandrene,sin estructura,Verde,Especiado,claro con toque,Verde,,FIG,alta,#43cd99,#4aa781
2655,6315-04-4,Phenethyl 2-ethylbutyrate,molécula,Frutal,Verde,con matiz,Frutal,,FIG,media,#896ffb,#915fd8
2656,103-45-7,Phenethyl acetate,molécula,Floral,,claro,Floral,symrise:Floral,FIG y catálogos,alta,#c475aa,#975482
2657,60-12-8,Phenethyl alcohol,molécula,Floral,,claro,Floral,symrise:Floral,FIG y catálogos,alta,#c475aa,#975482
2658,94-47-3,Phenethyl benzoate,molécula,Floral,Especiado,claro con toque,Floral,,FIG,alta,#c475aa,#975482
2659,103-52-6,Phenethyl butyrate,molécula,Frutal,Floral,con matiz,Frutal,,FIG,media,#896ffb,#915fd8
2660,103-53-7,Phenethyl cinnamate,molécula,Especiado,Floral,ambiguo,Floral,symrise:Especiado,catálogos,media,#d86f0d,#bb704e
2661,104-62-1,Phenethyl formate,molécula,Floral,,claro,Floral,pa:Floral,FIG y catálogos,alta,#c475aa,#975482
2662,6290-37-5,Phenethyl hexanoate,molécula,Frutal,Floral,claro con toque,Frutal,,FIG,alta,#896ffb,#915fd8
2663,103-48-0,Phenethyl isobutyrate,molécula,Floral,Frutal,ambiguo,Frutal,symrise:Floral,catálogos,media,#c475aa,#975482
2664,2257-09-2,Phenethyl isothiocyanate,molécula,Verde,Frutal,con matiz,Verde,,FIG,media,#43cd99,#4aa781
2665,140-26-1,Phenethyl isovalerate,molécula,Frutal,,claro,Frutal,,FIG,alta,#896ffb,#915fd8
2666,5457-70-5,Phenethyl octanoate,molécula,Floral,Verde,con matiz,Floral,,FIG,media,#c475aa,#975482
2667,102-20-5,Phenethyl phenylacetate,molécula,Floral,Especiado,claro con toque,Floral,symrise:Floral,FIG y catálogos,alta,#c475aa,#975482
2668,122-70-3,Phenethyl propionate,molécula,Verde,Floral,ambiguo,Verde,,FIG,baja,#43cd99,#4aa781
2669,87-22-9,Phenethyl salicylate,molécula,Floral,,claro,Floral,pa:Floral,FIG y catálogos,alta,#c475aa,#975482
2670,55719-85-2,Phenethyl tiglate,molécula,Floral,Verde,con matiz,Floral,,FIG,media,#c475aa,#975482
2671,108-95-2,Phenol,molécula,Animal,Amaderado,con matiz,Animal,,FIG,media,#d22c50,#ca224a
2672,52514-67-7,"Phenol, 2-​ethoxy-​4-​(4,​4,​6-​trimethyl-​1,​3-​dioxan-​2-​yl)​-",molécula,Frutal,,claro,Frutal,,FIG,alta,#896ffb,#915fd8
2673,71119-07-8,"Phenol, 2-​ethoxy-​4-​(ethoxymethyl)​-",molécula,Especiado,Frutal,con matiz,Especiado,,FIG,media,#d86f0d,#bb704e
2674,52514-66-6,"Phenol, 2-​methoxy-​4-​(4,​4,​6-​trimethyl-​1,​3-​dioxan-​2-​yl)​-",molécula,Frutal,,claro,Frutal,,FIG,alta,#896ffb,#915fd8
2675,70955-71-4,"Phenol, 2-methoxy-, reaction products with 2,2-dimethyl-3-",sin estructura,Amaderado,,claro,Amaderado,,FIG,alta,#923002,#944e00
2676,2120-70-9,Phenoxyacetaldehyde,molécula,Verde,Floral,con matiz,Verde,,FIG,media,#43cd99,#4aa781
2677,118-55-8,Phenyl salicylate,molécula,Especiado,Floral,ambiguo,Especiado,,FIG,baja,#d86f0d,#bb704e
2678,122-78-1,Phenylacetaldehyde,molécula,Floral,Verde,claro con toque,Floral,givaudan:Floral;symrise:Verde,"FIG, catálogo en contra",baja,#c475aa,#975482
2679,67633-94-7,"Phenylacetaldehyde 2,4-dihydroxy-2-methylpentane acetal",molécula,Floral,Verde,claro con toque,Floral,,FIG,alta,#c475aa,#975482
2680,6314-97-2,Phenylacetaldehyde diethyl acetal,molécula,Verde,Floral,con matiz,Verde,,FIG,media,#43cd99,#4aa781
2681,101-48-4,Phenylacetaldehyde dimethyl acetal,molécula,Floral,Verde,con matiz,Floral,symrise:Floral,FIG y catálogos,alta,#c475aa,#975482
2682,101-49-5,Phenylacetaldehyde ethylene glycol acetal,molécula,Verde,Floral,ambiguo,Verde,,FIG,baja,#43cd99,#4aa781
2683,29895-73-6,Phenylacetaldehyde glyceryl acetal,molécula,Floral,Verde,con matiz,Floral,,FIG,media,#c475aa,#975482
2684,7028-48-0,Phenylacetaldehyde oxime,molécula,Verde,Floral,ambiguo,Verde,,FIG,baja,#43cd99,#4aa781
2685,103-82-2,Phenylacetic acid,molécula,Floral,,claro,Floral,,FIG,alta,#c475aa,#975482
2686,24817-51-4,Phenylethyl 2-methylbutyrate,molécula,Floral,Verde,con matiz,Floral,,FIG,media,#c475aa,#975482
2687,133-18-6,Phenylethyl anthranilate,molécula,Floral,,claro,Floral,,FIG,alta,#c475aa,#975482
2688,56011-02-0,Phenylethyl isoamyl ether,molécula,Verde,Frutal,con matiz,Verde,givaudan:Verde;pa:Verde,FIG y catálogos,alta,#43cd99,#4aa781
2689,1335-10-0,Phenylpropionaldehyde,molécula,Verde,Ozónico,con matiz,Verde,,FIG,media,#43cd99,#4aa781
2690,150-86-7,Phytol,molécula,Floral,Ozónico,con matiz,Floral,,FIG,media,#c475aa,#975482
2691,10236-16-5,Phytyl acetate,molécula,Especiado,Frutal,con matiz,Especiado,,FIG,media,#d86f0d,#bb704e
2692,8006-77-7,Pimenta leaf oil,natural o mezcla,Especiado,,claro,Especiado,pa:Especiado,FIG y catálogos,alta,#d86f0d,#bb704e
2693,8006-77-7,Pimenta leaf oil (low methyleugenol),natural o mezcla,Especiado,,claro,Especiado,pa:Especiado,FIG y catálogos,alta,#d86f0d,#bb704e
2694,8021-29-2,Pine needle oil,natural o mezcla,Verde,Amaderado,claro con toque,Verde,,FIG,alta,#43cd99,#4aa781
2695,8000-26-8,"Pine needle, dwarf, oil",natural o mezcla,Verde,Amaderado,claro con toque,Verde,,FIG,alta,#43cd99,#4aa781
2696,8002-09-3,Pine oil,natural o mezcla,Verde,,claro,Verde,,FIG,alta,#43cd99,#4aa781
2697,68440-45-9,"Pine oils, acetylated",natural o mezcla,Verde,Amaderado,claro con toque,Verde,,FIG,alta,#43cd99,#4aa781
2698,8023-99-2,Pine Scotch absolute,natural o mezcla,Verde,Amaderado,con matiz,Verde,,FIG,media,#43cd99,#4aa781
2699,8023-99-2,Pine Scotch oil,natural o mezcla,Verde,Amaderado,con matiz,Verde,,FIG,media,#43cd99,#4aa781
2700,8023-99-2,Pine Scotch resinoid,natural o mezcla,Verde,Amaderado,con matiz,Verde,,FIG,media,#43cd99,#4aa781
2701,8023-99-2,"Pine Scotch, concrete",natural o mezcla,Verde,Amaderado,con matiz,Verde,,FIG,media,#43cd99,#4aa781
2702,8023-99-2,"Pine Scotch, extract",natural o mezcla,Verde,Amaderado,con matiz,Verde,,FIG,media,#43cd99,#4aa781
2703,8023-99-2,"Pine Scotch, pyrogenated oil",natural o mezcla,Verde,Amaderado,con matiz,Verde,,FIG,media,#43cd99,#4aa781
2704,8011-48-1,Pine tar oil,natural o mezcla,Verde,Cítrico,claro con toque,Verde,,FIG,alta,#43cd99,#4aa781
2705,8011-48-1,"Pine tar oil, rectified",natural o mezcla,Verde,Cítrico,claro con toque,Verde,,FIG,alta,#43cd99,#4aa781
2706,73049-71-5,"Pine, extract",natural o mezcla,Verde,Amaderado,claro con toque,Verde,,FIG,alta,#43cd99,#4aa781
2707,8000-26-8,"Pine, Pinus maritima, sawdust oil",natural o mezcla,Verde,Amaderado,claro con toque,Verde,,FIG,alta,#43cd99,#4aa781
2708,8000-26-8,"Pine, Pinus pinaster, absolute",natural o mezcla,Verde,Amaderado,claro con toque,Verde,,FIG,alta,#43cd99,#4aa781
2709,8000-26-8,"Pine, Pinus pinaster, extract",natural o mezcla,Verde,Amaderado,claro con toque,Verde,,FIG,alta,#43cd99,#4aa781
2710,97676-05-6,"Pine, Pinus pumila, extract",natural o mezcla,Verde,,claro,Verde,,FIG,alta,#43cd99,#4aa781
2711,68917-26-0,Pineapple alcoholate,sin estructura,Frutal,,claro,Frutal,,FIG,alta,#896ffb,#915fd8
2712,97676-27-2,Pineapple extract,natural o mezcla,Frutal,Verde,claro con toque,Frutal,,FIG,alta,#896ffb,#915fd8
2713,1078-95-1,Pinocarvyl acetate,molécula,Verde,,claro,Verde,,FIG,alta,#43cd99,#4aa781
2714,8000-26-8,Pinus nigra oil,natural o mezcla,Verde,Amaderado,claro con toque,Verde,,FIG,alta,#43cd99,#4aa781
2715,90082-60-3,Piper longum CO2 extract,natural o mezcla,Especiado,,claro,Especiado,,FIG,alta,#d86f0d,#bb704e
2716,90082-60-3,Piper longum extract,natural o mezcla,Especiado,,claro,Especiado,,FIG,alta,#d86f0d,#bb704e
2717,90082-60-3,Piper longum oil,natural o mezcla,Especiado,,claro,Especiado,,FIG,alta,#d86f0d,#bb704e
2718,110-89-4,Piperidine,molécula,Floral,Animal,claro con toque,Floral,,FIG,alta,#c475aa,#975482
2719,94-62-2,Piperine,molécula,Especiado,Animal,con matiz,Especiado,,FIG,media,#d86f0d,#bb704e
2720,89-81-6,Piperitone,molécula,Verde,,claro,Verde,,FIG,alta,#43cd99,#4aa781
2721,120-57-0,Piperonal,molécula,Especiado,Floral,ambiguo,Especiado,,FIG,baja,#d86f0d,#bb704e
2722,326-61-4,Piperonyl acetate,molécula,Frutal,Floral,claro con toque,Frutal,,FIG,alta,#896ffb,#915fd8
2723,6658-48-6,p-Isobutyl-alpha-methyl hydrocinnamaldehyde,molécula,Floral,Cítrico,claro con toque,Floral,pa:Floral,FIG y catálogos,alta,#c475aa,#975482
2724,4395-92-0,p-Isopropyl phenylacetaldehyde,molécula,Verde,Amaderado,claro con toque,Verde,,FIG,alta,#43cd99,#4aa781
2725,59230-57-8,p-Isopropylbenzyl acetate,molécula,Verde,Cítrico,con matiz,Verde,pa:Frutal,"FIG, catálogo en contra",baja,#43cd99,#4aa781
2726,536-60-7,p-Isopropylbenzyl alcohol,molécula,Especiado,Verde,claro con toque,Especiado,,FIG,alta,#d86f0d,#bb704e
2727,92457-29-9,Plumeria absolute,natural o mezcla,Floral,,claro,Floral,,FIG,alta,#c475aa,#975482
2728,10482-56-1,p-Menth-1-en-8-ol (S),molécula,Verde,Floral,con matiz,Verde,,FIG,media,#43cd99,#4aa781
2729,138-87-4,p-Menth-8-en-1-ol,molécula,Amaderado,Verde,ambiguo,Amaderado,,FIG,baja,#923002,#944e00
2730,7764-50-3,p-Menth-8-en-2-one,molécula,Verde,,claro,Verde,,FIG,alta,#43cd99,#4aa781
2731,99-86-5,"p-Mentha-1,3-diene",molécula,Cítrico,Verde,claro con toque,Cítrico,,FIG,alta,#c3b503,#a19500
2732,99-85-4,"p-Mentha-1,4-diene",molécula,Verde,Cítrico,con matiz,Verde,symrise:Verde,FIG y catálogos,alta,#43cd99,#4aa781
2733,2111-75-3,"p-Mentha-1,8-dien-7-al",molécula,Verde,,claro,Verde,,FIG,alta,#43cd99,#4aa781
2734,536-59-4,"p-Mentha-1,8-dien-7-ol",molécula,Floral,Especiado,con matiz,Floral,,FIG,media,#c475aa,#975482
2735,15111-96-3,"p-Mentha-1,8-dien-7-yl acetate",molécula,Frutal,Amaderado,con matiz,Frutal,,FIG,media,#896ffb,#915fd8
2736,38462-22-5,p-Mentha-8-thiol-3-one,molécula,Frutal,Cítrico,claro con toque,Frutal,,FIG,alta,#896ffb,#915fd8
2737,499-70-7,p-Menthan-2-one,molécula,Verde,,claro,Verde,,FIG,alta,#43cd99,#4aa781
2738,68921-26-6,p-Menthylene sulfide 1% in limonene,sin estructura,Cítrico,Especiado,claro con toque,Cítrico,,FIG,alta,#c3b503,#a19500
2739,123-11-5,p-Methoxybenzaldehyde,molécula,Frutal,Floral,con matiz,Floral,pa:Frutal,catálogos,media,#896ffb,#915fd8
2740,874-90-8,p-Methoxybenzonitrile,molécula,Floral,Frutal,claro con toque,Floral,,FIG,alta,#c475aa,#975482
2741,1963-36-6,p-Methoxycinnamaldehyde,molécula,Especiado,,claro,Especiado,,FIG,alta,#d86f0d,#bb704e
2742,84697-09-6,p-Methyl-alpha-amyl cinnamic aldehyde,molécula,Floral,,claro,Floral,,FIG,alta,#c475aa,#975482
2743,104-93-8,p-Methylanisole,molécula,Floral,,claro,Floral,,FIG,alta,#c475aa,#975482
2744,91-61-2,p-Methyltetrahydroquinoline,molécula,Animal,Especiado,con matiz,Animal,,FIG,media,#d22c50,#ca224a
2745,104-45-0,p-Propylanisole,molécula,Verde,Especiado,con matiz,Verde,,FIG,media,#43cd99,#4aa781
2746,76649-23-5,Prenyl isobutyrate,molécula,Frutal,,claro,Frutal,,FIG,alta,#896ffb,#915fd8
2747,1005328-84-6,Procavia capensis extract,natural o mezcla,Animal,Amaderado,claro con toque,Animal,,FIG,alta,#d22c50,#ca224a
2748,1005328-84-6,"Procavia capensis, tincture",natural o mezcla,Animal,Amaderado,claro con toque,Animal,,FIG,alta,#d22c50,#ca224a
2749,478695-70-4,"Propanedioic acid, 1-(3,3-dimethylcyclohexyl) ethyl, ethyl ester",molécula,Animal,Frutal,con matiz,Animal,pa:Animal,FIG y catálogos,alta,#d22c50,#ca224a
2750,107-03-9,Propanethiol,molécula,Verde,Transformado,con matiz,Verde,,FIG,media,#43cd99,#4aa781
2751,25265-77-4,"Propanoic acid, 2-​methyl-​, monoester with 2,​2,​4-​trimethyl-​1,​3-​pentanediol",molécula,Frutal,Floral,claro con toque,Frutal,,FIG,alta,#896ffb,#915fd8
2752,34451-19-9,"Propanoic acid, 2-hydroxy-, butyl ester, (2S)-",molécula,Frutal,Transformado,claro con toque,Frutal,,FIG,alta,#896ffb,#915fd8
2753,94-86-0,Propenylguaethol,molécula,Frutal,,claro,Frutal,,FIG,alta,#896ffb,#915fd8
2754,123-38-6,Propionaldehyde,molécula,Frutal,Amaderado,con matiz,Frutal,,FIG,media,#896ffb,#915fd8
2755,79-09-4,Propionic acid,molécula,Transformado,,suelto,Transformado,pa:Frutal,"FIG, catálogo en contra",baja,#8a8a8a,#8a8a8a
2756,319002-92-1,"Propyl (2S)-2-(1,1-dimethylpropoxy)-propanoate",molécula,Verde,,claro,Verde,,FIG,alta,#43cd99,#4aa781
2757,37064-20-3,Propyl 2-methylbutyrate,molécula,Frutal,Transformado,con matiz,Frutal,,FIG,media,#896ffb,#915fd8
2758,109-60-4,Propyl acetate,molécula,Frutal,,claro,Frutal,,FIG,alta,#896ffb,#915fd8
2759,71-23-8,Propyl alcohol,molécula,Frutal,Amaderado,con matiz,Frutal,,FIG,media,#896ffb,#915fd8
2760,105-66-8,Propyl butyrate,molécula,Frutal,,claro,Frutal,,FIG,alta,#896ffb,#915fd8
2761,626-77-7,Propyl hexanoate,molécula,Frutal,Verde,claro con toque,Frutal,,FIG,alta,#896ffb,#915fd8
2762,557-00-6,Propyl isovalerate,molécula,Frutal,,claro,Frutal,,FIG,alta,#896ffb,#915fd8
2763,7493-57-4,Propyl phenethyl acetal,molécula,Floral,Verde,con matiz,Floral,symrise:Floral,FIG y catálogos,alta,#c475aa,#975482
2764,4606-15-9,Propyl phenylacetate,molécula,Floral,,claro,Floral,,FIG,alta,#c475aa,#975482
2765,106-36-5,Propyl propionate,molécula,Frutal,,claro,Frutal,,FIG,alta,#896ffb,#915fd8
2766,68412-04-4,Pseudo linalyl acetate,sin estructura,Cítrico,Floral,claro con toque,Cítrico,,FIG,alta,#c3b503,#a19500
2767,80-54-6,p-t-Butyl-alpha-methylhydrocinnamic aldehyde,molécula,Floral,Ozónico,claro con toque,Floral,,FIG,alta,#c475aa,#975482
2768,943-27-1,p-tert-Butylacetophenone,molécula,Floral,Animal,con matiz,Floral,,FIG,media,#c475aa,#975482
2769,98-53-3,p-tert-Butylcyclohexanone,molécula,Amaderado,Verde,ambiguo,Amaderado,,FIG,baja,#923002,#944e00
2770,18127-01-0,p-tert-Butyldihydrocinnamaldehyde,molécula,Floral,Ozónico,claro con toque,Floral,givaudan:Floral;pa:Floral,FIG y catálogos,alta,#c475aa,#975482
2771,104-87-0,p-Tolualdehyde,molécula,Frutal,Especiado,ambiguo,Especiado,pa:Frutal,catálogos,media,#896ffb,#915fd8
2772,55066-56-3,p-Tolyl 3-methylbutyrate,molécula,Amaderado,Especiado,con matiz,Amaderado,,FIG,media,#923002,#944e00
2773,140-39-6,p-Tolyl acetate,molécula,Floral,Amaderado,claro con toque,Floral,,FIG,alta,#c475aa,#975482
2774,589-18-4,p-Tolyl alcohol,molécula,Especiado,Floral,claro con toque,Especiado,,FIG,alta,#d86f0d,#bb704e
2775,103-93-5,p-Tolyl isobutyrate,molécula,Floral,Frutal,claro con toque,Floral,,FIG,alta,#c475aa,#975482
2776,59558-23-5,p-Tolyl octanoate,molécula,Floral,Animal,con matiz,Floral,,FIG,media,#c475aa,#975482
2777,101-94-0,p-Tolyl phenylacetate,molécula,Floral,,claro,Floral,pa:Animal,"FIG, catálogo en contra",baja,#c475aa,#975482
2778,104-09-6,p-Tolylacetaldehyde,molécula,Verde,Floral,con matiz,Verde,symrise:Verde,FIG y catálogos,alta,#43cd99,#4aa781
2779,89-82-7,Pulegone,molécula,Verde,,claro,Verde,,FIG,alta,#43cd99,#4aa781
2780,2882-20-4,"Pyrazine, 2-methyl-3-(methylthio)-",molécula,Transformado,Frutal,suelto,Transformado,,FIG,baja,#8a8a8a,#8a8a8a
2781,67952-65-2,"Pyrazine, methyl (methylthio)-",molécula,Transformado,Frutal,suelto,Transformado,,FIG,baja,#8a8a8a,#8a8a8a
2782,90145-47-4,"Pyridine, 3-(2,2-dimethylpropyl)-",molécula,Frutal,Floral,con matiz,Frutal,,FIG,media,#896ffb,#915fd8
2783,862079-91-2,"Pyridine, 4-[1(4-,5 or 6)-methylbicyclo[2.2.1]hept-5-en-2-yl]-",molécula,Verde,Transformado,con matiz,Verde,,FIG,media,#43cd99,#4aa781
2784,125352-06-9,"Pyridine, 4-ethenyl-, reaction products with 3a,4,7,7a-tetrahydrodimethyl-4,7-methano-",sin estructura,Floral,,claro,Floral,,FIG,alta,#c475aa,#975482
2785,8030-97-5,Pyroligneous acid,sin estructura,Amaderado,,claro,Amaderado,,FIG,alta,#923002,#944e00
2786,8028-47-5,Pyroligneous acid extract,natural o mezcla,Amaderado,,claro,Amaderado,,FIG,alta,#923002,#944e00
2787,127-17-3,Pyruvic acid,molécula,Transformado,,suelto,Transformado,,FIG,baja,#8a8a8a,#8a8a8a
2788,68917-78-2,"Resins, oleo-, paprika",sin estructura,Especiado,Verde,claro con toque,Especiado,,FIG,alta,#d86f0d,#bb704e
2789,108-46-3,Resorcinol,molécula,Especiado,Floral,ambiguo,Especiado,,FIG,baja,#d86f0d,#bb704e
2790,6812-78-8,Rhodinol,molécula,Floral,,claro,Floral,,FIG,alta,#c475aa,#975482
2791,141-11-7,Rhodinyl acetate,molécula,Floral,Cítrico,claro con toque,Floral,,FIG,alta,#c475aa,#975482
2792,141-15-1,Rhodinyl butyrate,molécula,Frutal,Floral,con matiz,Frutal,,FIG,media,#896ffb,#915fd8
2793,141-09-3,Rhodinyl formate,molécula,Floral,Cítrico,con matiz,Floral,,FIG,media,#c475aa,#975482
2794,10486-14-3,Rhodinyl phenylacetate,molécula,Floral,,claro,Floral,,FIG,alta,#c475aa,#975482
2795,105-89-5,Rhodinyl propionate,molécula,Floral,,claro,Floral,,FIG,alta,#c475aa,#975482
2796,68553-81-1,Rice absolute,natural o mezcla,Transformado,Frutal,suelto,Transformado,,FIG,baja,#8a8a8a,#8a8a8a
2797,8007-01-0,Rose,sin estructura,Floral,Verde,claro con toque,Floral,,FIG,alta,#c475aa,#975482
2798,90106-38-0,Rose absolute,natural o mezcla,Floral,Frutal,claro con toque,Floral,,FIG,alta,#c475aa,#975482
2799,8007-01-0,Rose absolute,sin estructura,Floral,Verde,claro con toque,Floral,,FIG,alta,#c475aa,#975482
2800,8007-01-0,Rose centifolia alcoholate,sin estructura,Floral,Verde,claro con toque,Floral,,FIG,alta,#c475aa,#975482
2801,8007-01-0,Rose centifolia CO2 extract,sin estructura,Floral,Verde,claro con toque,Floral,,FIG,alta,#c475aa,#975482
2802,8007-01-0,Rose centifolia oil expressed (low methyleugenol),sin estructura,Floral,Verde,claro con toque,Floral,,FIG,alta,#c475aa,#975482
2803,8007-01-0,Rose CO2 extract,sin estructura,Floral,Verde,claro con toque,Floral,,FIG,alta,#c475aa,#975482
2804,8007-01-0,Rose concrete,sin estructura,Floral,,claro,Floral,,FIG,alta,#c475aa,#975482
2805,8007-01-0,Rose extract,sin estructura,Floral,Verde,claro con toque,Floral,,FIG,alta,#c475aa,#975482
2806,8007-01-0,Rose extract,sin estructura,Floral,Verde,claro con toque,Floral,,FIG,alta,#c475aa,#975482
2807,8007-01-0,Rose oil,sin estructura,Floral,Verde,claro con toque,Floral,,FIG,alta,#c475aa,#975482
2808,8007-01-0,Rose oil,sin estructura,Floral,Verde,claro con toque,Floral,,FIG,alta,#c475aa,#975482
2809,8007-01-0,Rose oil (low methyleugenol),sin estructura,Floral,Verde,claro con toque,Floral,,FIG,alta,#c475aa,#975482
2810,8007-01-0,"Rose oil, folded",sin estructura,Floral,Verde,claro con toque,Floral,,FIG,alta,#c475aa,#975482
2811,3033-23-6,Rose oxide levo,molécula,Floral,Amaderado,con matiz,Floral,,FIG,media,#c475aa,#975482
2812,8007-01-0,Rose tincture,sin estructura,Floral,Verde,claro con toque,Floral,,FIG,alta,#c475aa,#975482
2813,8007-01-0,Rose tincture,sin estructura,Floral,Verde,claro con toque,Floral,,FIG,alta,#c475aa,#975482
2814,8007-01-0,Rose water oil,sin estructura,Floral,Verde,claro con toque,Floral,,FIG,alta,#c475aa,#975482
2815,8000-25-7,Rosemary absolute,natural o mezcla,Verde,,claro,Verde,,FIG,alta,#43cd99,#4aa781
2816,8000-25-7,Rosemary extract,natural o mezcla,Verde,,claro,Verde,,FIG,alta,#43cd99,#4aa781
2817,8000-25-7,Rosemary oil,natural o mezcla,Verde,,claro,Verde,,FIG,alta,#43cd99,#4aa781
2818,8000-25-7,"Rosemary oil, rectified",natural o mezcla,Verde,,claro,Verde,,FIG,alta,#43cd99,#4aa781
2819,68917-54-4,"Rosemary oils, terpene-free",natural o mezcla,Verde,,claro,Verde,,FIG,alta,#43cd99,#4aa781
2820,8015-77-8,Rosewood oil,natural o mezcla,Floral,Cítrico,con matiz,Floral,,FIG,media,#c475aa,#975482
2821,72379-31-8,Rubus idaeus absolute,natural o mezcla,Frutal,Verde,claro con toque,Frutal,,FIG,alta,#896ffb,#915fd8
2822,72379-31-8,Rubus idaeus alcoholate,natural o mezcla,Frutal,Verde,claro con toque,Frutal,,FIG,alta,#896ffb,#915fd8
2823,72379-31-8,Rubus idaeus extract,natural o mezcla,Frutal,,claro,Frutal,,FIG,alta,#896ffb,#915fd8
2824,8014-29-7,Rue oil,natural o mezcla,Verde,Frutal,con matiz,Verde,,FIG,media,#43cd99,#4aa781
2825,943609-24-3,Rum (non-concentrated) extract,natural o mezcla,Frutal,,claro,Frutal,,FIG,alta,#896ffb,#915fd8
2826,943609-24-3,Rum absolute,natural o mezcla,Frutal,,claro,Frutal,,FIG,alta,#896ffb,#915fd8
2827,943609-24-3,Rum CO2 extract,natural o mezcla,Frutal,,claro,Frutal,,FIG,alta,#896ffb,#915fd8
2828,943609-24-3,Rum CO2 extract,natural o mezcla,Frutal,,claro,Frutal,,FIG,alta,#896ffb,#915fd8
2829,8030-89-5,Rum ether,varios componentes,Frutal,Transformado,con matiz,Frutal,pa:Frutal,FIG y catálogos,alta,#896ffb,#915fd8
2830,943609-24-3,Rum extract,natural o mezcla,Frutal,,claro,Frutal,,FIG,alta,#896ffb,#915fd8
2831,34322-09-3,S-(1-Methylpropyl) 3-methylbut-2-enethioate,molécula,Verde,Especiado,claro con toque,Verde,,FIG,alta,#43cd99,#4aa781
2832,34365-79-2,S-1-Methylethyl 3-methylbut-2-enethioate,molécula,Verde,,claro,Verde,,FIG,alta,#43cd99,#4aa781
2833,2432-91-9,S-2-Butyl 3-methylbutanethioate,molécula,Verde,,claro,Verde,,FIG,alta,#43cd99,#4aa781
2834,3387-41-5,Sabinene,molécula,Especiado,Amaderado,con matiz,Especiado,,FIG,media,#d86f0d,#bb704e
2835,8022-19-3,Saffron absolute,natural o mezcla,Especiado,,claro,Especiado,,FIG,alta,#d86f0d,#bb704e
2836,8022-19-3,Saffron distillate,natural o mezcla,Especiado,,claro,Especiado,,FIG,alta,#d86f0d,#bb704e
2837,8022-19-3,Saffron extract,natural o mezcla,Especiado,Verde,claro con toque,Especiado,,FIG,alta,#d86f0d,#bb704e
2838,8022-56-8,Sage Dalmatian oil,natural o mezcla,Verde,,claro,Verde,,FIG,alta,#43cd99,#4aa781
2839,8022-56-8,"Sage oil, Spanish",natural o mezcla,Verde,,claro,Verde,,FIG,alta,#43cd99,#4aa781
2840,90-02-8,Salicylaldehyde,molécula,Especiado,,claro,Especiado,,FIG,alta,#d86f0d,#bb704e
2841,1070895-66-7,Sandalwood absolute,natural o mezcla,Amaderado,,claro,Amaderado,,FIG,alta,#923002,#944e00
2842,1070895-66-7,Sandalwood extract,natural o mezcla,Amaderado,Frutal,con matiz,Amaderado,,FIG,media,#923002,#944e00
2843,8006-87-9,Sandalwood oil,natural o mezcla,Amaderado,,claro,Amaderado,,FIG,alta,#923002,#944e00
2844,68917-53-3,"Sandalwood oil, acetylated",natural o mezcla,Amaderado,,claro,Amaderado,,FIG,alta,#923002,#944e00
2845,8024-35-9,"Sandalwood oil, Australian",natural o mezcla,Amaderado,Frutal,claro con toque,Amaderado,pa:Amaderado,FIG y catálogos,alta,#923002,#944e00
2846,8024-35-9,"Sandalwood oil, Australian, rectified",natural o mezcla,Amaderado,Frutal,claro con toque,Amaderado,pa:Amaderado,FIG y catálogos,alta,#923002,#944e00
2847,1070895-66-7,"Sandalwood oil, rectified",natural o mezcla,Amaderado,Frutal,con matiz,Amaderado,,FIG,media,#923002,#944e00
2848,11031-45-1,Santalol,molécula,Amaderado,Frutal,claro con toque,Amaderado,,FIG,alta,#923002,#944e00
2849,1323-00-8,Santalyl acetate,varios componentes,Amaderado,,claro,Amaderado,,FIG,alta,#923002,#944e00
2850,1365254-19-8,Sarcocaulon mossamedense extract,natural o mezcla,Amaderado,Especiado,ambiguo,Amaderado,,FIG,baja,#923002,#944e00
2851,85085-28-5,Sarcodactylis oil,natural o mezcla,Cítrico,Frutal,claro con toque,Cítrico,,FIG,alta,#c3b503,#a19500
2852,8006-80-2,Sassafras oil,natural o mezcla,Especiado,Verde,con matiz,Especiado,,FIG,media,#d86f0d,#bb704e
2853,8016-68-0,Savory summer oil,natural o mezcla,Verde,,claro,Verde,,FIG,alta,#43cd99,#4aa781
2854,90106-57-3,Savory winter oil,natural o mezcla,Verde,,claro,Verde,,FIG,alta,#43cd99,#4aa781
2855,68917-52-2,Schinus molle oil,natural o mezcla,Especiado,Verde,con matiz,Especiado,,FIG,media,#d86f0d,#bb704e
2856,68917-52-2,Schinus molle oil CO2 extract,natural o mezcla,Especiado,Verde,con matiz,Especiado,,FIG,media,#d86f0d,#bb704e
2857,68917-52-2,Schinus molle oil terpenless,natural o mezcla,Especiado,Verde,con matiz,Especiado,,FIG,media,#d86f0d,#bb704e
2858,68917-52-2,"Schinus molle oil, rectified",natural o mezcla,Especiado,Verde,con matiz,Especiado,,FIG,media,#d86f0d,#bb704e
2859,949495-68-5,Schinus terebenthifolius CO2 extract,natural o mezcla,Especiado,Floral,claro con toque,Especiado,pa:Especiado,FIG y catálogos,alta,#d86f0d,#bb704e
2860,949495-68-5,Schinus terebinthifolius oil,natural o mezcla,Especiado,,claro,Especiado,pa:Especiado,FIG y catálogos,alta,#d86f0d,#bb704e
2861,515-03-7,Sclareol,molécula,Especiado,Verde,claro con toque,Especiado,,FIG,alta,#d86f0d,#bb704e
2862,564-20-5,Sclareolide,molécula,Amaderado,Especiado,claro con toque,Amaderado,,FIG,alta,#923002,#944e00
2863,8023-80-1,Scotch broom absolute,natural o mezcla,Floral,,claro,Floral,,FIG,alta,#c475aa,#975482
2864,8023-80-1,Scotch broom oil,natural o mezcla,Floral,Verde,con matiz,Floral,,FIG,media,#c475aa,#975482
2865,2679-87-0,sec-Butyl ethyl ether,molécula,Frutal,,claro,Frutal,,FIG,alta,#896ffb,#915fd8
2866,68198-80-1,sec-Butylquinoline,molécula,Verde,Animal,claro con toque,Animal,symrise:Verde,catálogos,media,#43cd99,#4aa781
2867,8008-74-0,Sesame seed CO2 extract,natural o mezcla,Transformado,Frutal,suelto,Transformado,,FIG,baja,#8a8a8a,#8a8a8a
2868,8008-74-0,Sesame seed distillate,natural o mezcla,Transformado,Frutal,suelto,Transformado,,FIG,baja,#8a8a8a,#8a8a8a
2869,8008-74-0,Sesame seed extract,natural o mezcla,Transformado,Frutal,suelto,Transformado,,FIG,baja,#8a8a8a,#8a8a8a
2870,8008-74-0,Sesame seed oil,natural o mezcla,Transformado,Frutal,suelto,Transformado,,FIG,baja,#8a8a8a,#8a8a8a
2871,102242-62-6,Sichuan pepper CO2 extract,natural o mezcla,Especiado,Cítrico,con matiz,Cítrico,pa:Especiado,catálogos,media,#d86f0d,#bb704e
2872,34322-06-0,S-Isopropyl 3-methylthiobutyrate,molécula,Verde,Transformado,claro con toque,Verde,,FIG,alta,#43cd99,#4aa781
2873,83-34-1,Skatole,molécula,Animal,Floral,ambiguo,Animal,,FIG,baja,#d22c50,#ca224a
2874,91770-24-0,"Spearmint oil, 60%",natural o mezcla,Verde,,claro,Verde,,FIG,alta,#43cd99,#4aa781
2875,91770-24-0,"Spearmint oil, Scotch",natural o mezcla,Verde,,claro,Verde,,FIG,alta,#43cd99,#4aa781
2876,91770-24-0,"Spearmint oil, Scotch, rectified",natural o mezcla,Verde,,claro,Verde,,FIG,alta,#43cd99,#4aa781
2877,8008-79-5,Spearminty absolute,natural o mezcla,Verde,,claro,Verde,,FIG,alta,#43cd99,#4aa781
2878,8008-79-5,Spearminty CO2 extract,natural o mezcla,Verde,,claro,Verde,,FIG,alta,#43cd99,#4aa781
2879,8008-79-5,Spearminty extract,natural o mezcla,Verde,,claro,Verde,,FIG,alta,#43cd99,#4aa781
2880,8008-79-5,Spearminty oil,natural o mezcla,Verde,,claro,Verde,,FIG,alta,#43cd99,#4aa781
2881,8008-79-5,Spearminty oil terpenes,natural o mezcla,Verde,,claro,Verde,,FIG,alta,#43cd99,#4aa781
2882,8008-79-5,"Spearminty oil, rectified",natural o mezcla,Verde,,claro,Verde,,FIG,alta,#43cd99,#4aa781
2883,68917-46-4,"Spearminty oil, terpeneless",natural o mezcla,Verde,,claro,Verde,,FIG,alta,#43cd99,#4aa781
2884,8016-78-2,Spike lavender oil,natural o mezcla,Floral,Verde,ambiguo,Floral,,FIG,baja,#c475aa,#975482
2885,8022-22-8,Spikenard oil,natural o mezcla,Especiado,Amaderado,claro con toque,Especiado,,FIG,alta,#d86f0d,#bb704e
2886,154171-76-3,"Spiro[1,3-dioxolane-2,8'(5'H)-[2H-2,4a]methanonaphthalene], hexahydro-1',1',5',5'-",molécula,Amaderado,Especiado,con matiz,Amaderado,pa:Amaderado,FIG y catálogos,alta,#923002,#944e00
2887,154171-77-4,"Spiro[1,3-dioxolane-2,8'(5'H)-[2H-2,4a]methanonaphthalene],hexahydro-1',1',5',5'-",molécula,Amaderado,,claro,Amaderado,symrise:Amaderado,FIG y catálogos,alta,#923002,#944e00
2888,502847-01-0,"Spiro[5.5]undec-8-en-1-one, 2,2,7,9-tetramethyl-",molécula,Verde,Cítrico,claro con toque,Verde,,FIG,alta,#43cd99,#4aa781
2889,188199-50-0,"Spiro[bicyclo[2.2.1]heptane-s,4'-[1,2]dioxane], 1,7,7-trimethyl-2'-(methylethyl)-,",molécula,Amaderado,Especiado,ambiguo,Amaderado,,FIG,baja,#923002,#944e00
2890,121251-67-0,"Spiro[bicyclo[4.1.0]heptane-2,5'-[1,3]dioxane], 2',2',3,7,7-pentamethyl-,",molécula,Amaderado,Especiado,con matiz,Amaderado,,FIG,media,#923002,#944e00
2891,121251-68-1,"Spiro[bicyclo[4.1.0]heptane-2,5'-[1,3]dioxane], 2',2',3,7,7-pentamethyl-,",molécula,Especiado,Amaderado,con matiz,Especiado,,FIG,media,#d86f0d,#bb704e
2892,678981-31-2,"Spiro{5.5}undec-8-en-1-ol,2,2,9,11-tetramethyl-,1-acetate",molécula,Amaderado,Especiado,con matiz,Amaderado,,FIG,media,#923002,#944e00
2893,8008-80-8,"Spruce oil, Black",natural o mezcla,Verde,Amaderado,claro con toque,Verde,,FIG,alta,#43cd99,#4aa781
2894,68952-43-2,Star anise CO2 extract,natural o mezcla,Especiado,,claro,Especiado,pa:Especiado,FIG y catálogos,alta,#d86f0d,#bb704e
2895,68952-43-2,Star anise extract,natural o mezcla,Especiado,,claro,Especiado,pa:Especiado,FIG y catálogos,alta,#d86f0d,#bb704e
2896,68952-43-2,Star anise oil,natural o mezcla,Especiado,,claro,Especiado,pa:Especiado,FIG y catálogos,alta,#d86f0d,#bb704e
2897,72869-72-8,Star anise oil terpeneless,natural o mezcla,Especiado,,claro,Especiado,,FIG,alta,#d86f0d,#bb704e
2898,68952-43-2,Star anise oil terpenes,natural o mezcla,Especiado,,claro,Especiado,pa:Especiado,FIG y catálogos,alta,#d86f0d,#bb704e
2899,90131-36-5,Strawberry extract,natural o mezcla,Frutal,,claro,Frutal,,FIG,alta,#896ffb,#915fd8
2900,91845-51-1,"Styrax (balsam), American, saponified",natural o mezcla,Especiado,Animal,claro con toque,Especiado,,FIG,alta,#d86f0d,#bb704e
2901,8024-01-9,Styrax absolute,natural o mezcla,Especiado,Floral,claro con toque,Especiado,,FIG,alta,#d86f0d,#bb704e
2902,8046-19-3,Styrax absolute (low sytrene),natural o mezcla,Especiado,Floral,claro con toque,Especiado,,FIG,alta,#d86f0d,#bb704e
2903,8046-19-3,"Styrax absolute, Honduras",natural o mezcla,Especiado,Floral,claro con toque,Especiado,,FIG,alta,#d86f0d,#bb704e
2904,8024-01-9,Styrax distillate,natural o mezcla,Especiado,Floral,claro con toque,Especiado,,FIG,alta,#d86f0d,#bb704e
2905,8046-19-3,Styrax essence pyrogenated,natural o mezcla,Especiado,Animal,claro con toque,Especiado,,FIG,alta,#d86f0d,#bb704e
2906,8046-19-3,Styrax extract,natural o mezcla,Especiado,Floral,claro con toque,Especiado,,FIG,alta,#d86f0d,#bb704e
2907,8046-19-3,Styrax oil,natural o mezcla,Especiado,Floral,claro con toque,Especiado,,FIG,alta,#d86f0d,#bb704e
2908,8046-19-3,"Styrax oil, Honduras",natural o mezcla,Especiado,Floral,claro con toque,Especiado,,FIG,alta,#d86f0d,#bb704e
2909,8024-01-9,"Styrax oil, Oriental",natural o mezcla,Especiado,Floral,claro con toque,Especiado,,FIG,alta,#d86f0d,#bb704e
2910,8024-01-9,"Styrax oil, Oriental",natural o mezcla,Especiado,Floral,claro con toque,Especiado,,FIG,alta,#d86f0d,#bb704e
2911,8024-01-9,"Styrax oil, pyrogenated",natural o mezcla,Especiado,Floral,claro con toque,Especiado,,FIG,alta,#d86f0d,#bb704e
2912,8024-01-9,"Styrax oil, pyrogenated, distilled",natural o mezcla,Especiado,Floral,claro con toque,Especiado,,FIG,alta,#d86f0d,#bb704e
2913,8046-19-3,Styrax resin,natural o mezcla,Especiado,Floral,claro con toque,Especiado,,FIG,alta,#d86f0d,#bb704e
2914,8046-19-3,Styrax resinoid,natural o mezcla,Especiado,Floral,claro con toque,Especiado,,FIG,alta,#d86f0d,#bb704e
2915,100-42-5,Styrene,molécula,Floral,Especiado,con matiz,Floral,,FIG,media,#c475aa,#975482
2916,10521-96-7,Styryl acetate,molécula,Frutal,,claro,Frutal,,FIG,alta,#896ffb,#915fd8
2917,8016-84-0,Tagetes erecta absolute,natural o mezcla,Verde,Floral,con matiz,Verde,,FIG,media,#43cd99,#4aa781
2918,8016-84-0,Tagetes erecta extract,natural o mezcla,Verde,Floral,con matiz,Verde,,FIG,media,#43cd99,#4aa781
2919,8016-84-0,Tagetes erecta oil,natural o mezcla,Verde,Floral,con matiz,Verde,,FIG,media,#43cd99,#4aa781
2920,8016-84-0,Tagetes minuta absolute,natural o mezcla,Verde,Floral,con matiz,Verde,,FIG,media,#43cd99,#4aa781
2921,8016-84-0,Tagetes minuta oil,natural o mezcla,Verde,Floral,con matiz,Verde,,FIG,media,#43cd99,#4aa781
2922,8016-84-0,"Tagetes minuta oil, rectified",natural o mezcla,Verde,Floral,con matiz,Verde,,FIG,media,#43cd99,#4aa781
2923,91722-29-1,Tagetes patula absolute,natural o mezcla,Especiado,Frutal,con matiz,Especiado,,FIG,media,#d86f0d,#bb704e
2924,72968-49-1,Tamarind extract,natural o mezcla,Frutal,Verde,con matiz,Frutal,,FIG,media,#896ffb,#915fd8
2925,39386-78-2,Tamarind seed gum,natural o mezcla,Verde,Frutal,con matiz,Verde,,FIG,media,#43cd99,#4aa781
2926,72869-73-9,"Tangelo oil, expressed",natural o mezcla,Cítrico,,claro,Cítrico,,FIG,alta,#c3b503,#a19500
2927,8016-85-1,Tangerine oil,natural o mezcla,Cítrico,,claro,Cítrico,,FIG,alta,#c3b503,#a19500
2928,8016-85-1,Tangerine oil,natural o mezcla,Cítrico,,claro,Cítrico,,FIG,alta,#c3b503,#a19500
2929,68608-38-8,Tangerine oil terpenes,natural o mezcla,Cítrico,,claro,Cítrico,,FIG,alta,#c3b503,#a19500
2930,8016-85-1,"Tangerine oil, folded",natural o mezcla,Cítrico,,claro,Cítrico,,FIG,alta,#c3b503,#a19500
2931,8016-87-3,Tansy oil,natural o mezcla,Verde,Cítrico,claro con toque,Verde,,FIG,alta,#43cd99,#4aa781
2932,93924-73-3,"Tar wood oil, distilled",natural o mezcla,Amaderado,,claro,Amaderado,,FIG,alta,#923002,#944e00
2933,8016-88-4,Tarragon oil,natural o mezcla,Especiado,Verde,ambiguo,Especiado,,FIG,baja,#d86f0d,#bb704e
2934,8016-88-4,Tarragon oil (low methyleugenol),natural o mezcla,Especiado,Verde,claro con toque,Especiado,,FIG,alta,#d86f0d,#bb704e
2935,950854-40-7,Tea leaf absolute,natural o mezcla,Frutal,Verde,ambiguo,Frutal,,FIG,baja,#896ffb,#915fd8
2936,950854-40-7,Tea leaf oil,natural o mezcla,Frutal,Verde,ambiguo,Frutal,,FIG,baja,#896ffb,#915fd8
2937,68647-73-4,Tea tree oil,natural o mezcla,Verde,,claro,Verde,,FIG,alta,#43cd99,#4aa781
2938,15356-74-8,Tealactone,molécula,Frutal,,claro,Frutal,,FIG,alta,#896ffb,#915fd8
2939,68188-04-5,"Terpenes and terpenoids, clove-oil, reaction products with formaldehyde",natural o mezcla,Especiado,Floral,claro con toque,Especiado,,FIG,alta,#d86f0d,#bb704e
2940,72230-85-4,"Terpenes and terpenoids, copaiba-oil, hydroxy, acetates",natural o mezcla,Floral,Frutal,con matiz,Floral,,FIG,media,#c475aa,#975482
2941,68608-36-6,"Terpenes and terpenoids, litsea cubeba-oil, hydrogenated",natural o mezcla,Cítrico,Verde,con matiz,Cítrico,,FIG,media,#c3b503,#a19500
2942,68917-57-7,"Terpenes and terpenoids, mixed sour and sweet orange oil",natural o mezcla,Cítrico,,claro,Cítrico,,FIG,alta,#c3b503,#a19500
2943,1442462-94-3,"Terpenes and Terpenoids, patchouli-oil, a-guaiene fraction, oxidized",natural o mezcla,Amaderado,Verde,claro con toque,Amaderado,,FIG,alta,#923002,#944e00
2944,68917-63-5,"Terpenes and Terpenoids, sinpine",natural o mezcla,Verde,,claro,Verde,,FIG,alta,#43cd99,#4aa781
2945,68938-00-1,"Terpenes and terpenoids, turpentine-oil residues",natural o mezcla,Verde,Cítrico,claro con toque,Verde,,FIG,alta,#43cd99,#4aa781
2946,8000-41-7,Terpineol,molécula,Verde,Floral,con matiz,Verde,,FIG,media,#43cd99,#4aa781
2947,58985-02-7,"Terpineol, dihydro-",molécula,Verde,Cítrico,claro con toque,Verde,,FIG,alta,#43cd99,#4aa781
2948,8006-39-1,Terpinol,molécula,Verde,Floral,con matiz,Verde,,FIG,media,#43cd99,#4aa781
2949,586-62-9,Terpinolene,molécula,Cítrico,Verde,ambiguo,Cítrico,,FIG,baja,#c3b503,#a19500
2950,8007-35-0,Terpinyl acetate (Isomer mixture),sin estructura,Verde,Floral,claro con toque,Verde,,FIG,alta,#43cd99,#4aa781
2951,2153-28-8,Terpinyl butyrate,molécula,Especiado,Frutal,con matiz,Especiado,,FIG,media,#d86f0d,#bb704e
2952,2153-26-6,Terpinyl formate,molécula,Floral,Verde,con matiz,Floral,,FIG,media,#c475aa,#975482
2953,7774-65-4,Terpinyl isobutyrate,molécula,Especiado,Frutal,con matiz,Especiado,,FIG,media,#d86f0d,#bb704e
2954,80-27-3,Terpinyl propionate,molécula,Verde,Frutal,claro con toque,Verde,,FIG,alta,#43cd99,#4aa781
2955,67634-08-6,Tetrahydro-.alpha.-pentylfurfuryl acetate,molécula,Floral,Cítrico,claro con toque,Floral,,FIG,alta,#c475aa,#975482
2956,13481-09-9,Tetrahydro-2-(p-tolyloxy)-2H-pyrane,molécula,Floral,Verde,claro con toque,Floral,,FIG,alta,#c475aa,#975482
2957,13477-62-8,Tetrahydro-2-isobutyl-4-methyl-2H-pyrane,molécula,Verde,Floral,ambiguo,Verde,,FIG,baja,#43cd99,#4aa781
2958,30310-41-9,Tetrahydro-2-methyl-4-methylene-6-phenyl-2H-pyrane,molécula,Floral,Verde,con matiz,Floral,,FIG,media,#c475aa,#975482
2959,16409-43-1,Tetrahydro-4-methyl-2-(2-methylpropen-1-yl)pyran,molécula,Floral,,claro,Floral,pa:Floral;symrise:Floral,FIG y catálogos,alta,#c475aa,#975482
2960,94201-73-7,Tetrahydro-4-methyl-2-phenyl-2H-pyran,molécula,Floral,Verde,claro con toque,Floral,symrise:Floral,FIG y catálogos,alta,#c475aa,#975482
2961,131766-73-9,Tetrahydro-4-methyl-2-propyl-2H-pyran-4-yl acetate,molécula,Verde,,claro,Verde,,FIG,alta,#43cd99,#4aa781
2962,34686-71-0,Tetrahydro-6-(2-pentenyl)-2H-pyran-2-one,molécula,Frutal,Floral,con matiz,Frutal,,FIG,media,#896ffb,#915fd8
2963,32764-98-0,Tetrahydro-6-(3-pentenyl)-2H-pyran-2-one,molécula,Frutal,Floral,ambiguo,Frutal,,FIG,baja,#896ffb,#915fd8
2964,97-99-4,Tetrahydrofurfuryl alcohol,molécula,Frutal,,claro,Frutal,,FIG,alta,#896ffb,#915fd8
2965,5988-91-0,Tetrahydrogeranial,molécula,Cítrico,Ozónico,claro con toque,Cítrico,,FIG,alta,#c3b503,#a19500
2966,78-69-3,Tetrahydrolinalool,molécula,Floral,Verde,con matiz,Verde,symrise:Floral,catálogos,media,#c475aa,#975482
2967,20780-48-7,Tetrahydrolinalyl acetate,molécula,Cítrico,Verde,con matiz,Cítrico,,FIG,media,#c3b503,#a19500
2968,41678-36-8,Tetrahydromuguol,molécula,Cítrico,Floral,claro con toque,Cítrico,,FIG,alta,#c3b503,#a19500
2969,18479-57-7,Tetrahydromyrcenol,molécula,Cítrico,,claro,Cítrico,symrise:Floral,"FIG, catálogo en contra",baja,#c3b503,#a19500
2970,1322-58-3,Tetrahydro-pseudo-ionone,molécula,Floral,Especiado,con matiz,Floral,,FIG,media,#c475aa,#975482
2971,61920-45-4,Tetramethyl isopropyl dioxane,molécula,Amaderado,Frutal,claro con toque,Amaderado,,FIG,alta,#923002,#944e00
2972,36431-72-8,Theaspirane,molécula,Verde,Amaderado,claro con toque,Verde,pa:Verde,FIG y catálogos,alta,#43cd99,#4aa781
2973,39067-80-6,Thiogeraniol,molécula,Frutal,Verde,claro con toque,Frutal,,FIG,alta,#896ffb,#915fd8
2974,8007-46-3,Thyme absolute,natural o mezcla,Verde,Especiado,claro con toque,Verde,,FIG,alta,#43cd99,#4aa781
2975,8007-46-3,"Thyme oil, red",natural o mezcla,Verde,Especiado,claro con toque,Verde,,FIG,alta,#43cd99,#4aa781
2976,8007-46-3,"Thyme oil, white",natural o mezcla,Verde,Especiado,claro con toque,Verde,,FIG,alta,#43cd99,#4aa781
2977,85085-75-2,"Thyme, Thymus zygis, absolute",natural o mezcla,Verde,,claro,Verde,,FIG,alta,#43cd99,#4aa781
2978,85085-75-2,"Thyme, Thymus zygis, oil",natural o mezcla,Verde,,claro,Verde,,FIG,alta,#43cd99,#4aa781
2979,89-83-8,Thymol,molécula,Verde,Amaderado,claro con toque,Verde,pa:Verde;symrise:Verde,FIG y catálogos,alta,#43cd99,#4aa781
2980,8037-19-2,Tobacco extract,natural o mezcla,Amaderado,,claro,Amaderado,,FIG,alta,#923002,#944e00
2981,73138-76-8,"Tobacco extract, nicotine-free",natural o mezcla,Amaderado,,claro,Amaderado,,FIG,alta,#923002,#944e00
2982,8037-19-2,Tobacco leaf absolute,natural o mezcla,Amaderado,,claro,Amaderado,,FIG,alta,#923002,#944e00
2983,73138-76-8,"Tobacco oils, nicotine-free",natural o mezcla,Amaderado,,claro,Amaderado,,FIG,alta,#923002,#944e00
2984,8037-19-2,Tobacco oleoresin,natural o mezcla,Amaderado,,claro,Amaderado,,FIG,alta,#923002,#944e00
2985,8024-03-1,"Tolu, balsam, extract",natural o mezcla,Especiado,Frutal,con matiz,Especiado,,FIG,media,#d86f0d,#bb704e
2986,8024-03-1,"Tolu, balsam, gum",natural o mezcla,Especiado,Frutal,con matiz,Especiado,,FIG,media,#d86f0d,#bb704e
2987,8024-03-1,"Tolu, balsam, resinoid",natural o mezcla,Especiado,Frutal,con matiz,Especiado,,FIG,media,#d86f0d,#bb704e
2988,1334-78-7,"Tolualdehydes (mixed o,m,p)",sin estructura,Especiado,Frutal,ambiguo,Especiado,,FIG,baja,#d86f0d,#bb704e
2989,8024-04-2,Tonka bean absolute,natural o mezcla,Floral,Verde,con matiz,Floral,,FIG,media,#c475aa,#975482
2990,8024-04-2,Tonka bean extract,natural o mezcla,Floral,Verde,con matiz,Floral,,FIG,media,#c475aa,#975482
2991,8024-04-2,Tonka bean resinoid,natural o mezcla,Floral,Verde,con matiz,Floral,,FIG,media,#c475aa,#975482
2992,8024-04-2,Tonka bean tincture,natural o mezcla,Floral,Verde,con matiz,Floral,,FIG,media,#c475aa,#975482
2993,6876-12-6,trans-1-Methyl-4-(1-methylvinyl)cyclohexene,molécula,Cítrico,Especiado,con matiz,Cítrico,,FIG,media,#c3b503,#a19500
2994,3913-81-3,trans-2-Decenal,molécula,Ozónico,Amaderado,con matiz,Ozónico,,FIG,media,#2db9f3,#237da9
2995,13419-69-7,trans-2-Hexenoic acid,molécula,Verde,Frutal,con matiz,Verde,,FIG,media,#43cd99,#4aa781
2996,928-95-0,trans-2-Hexenol,molécula,Frutal,Verde,ambiguo,Frutal,,FIG,baja,#896ffb,#915fd8
2997,2497-18-9,trans-2-Hexenyl acetate,molécula,Verde,Frutal,claro con toque,Verde,,FIG,alta,#43cd99,#4aa781
2998,53398-83-7,trans-2-Hexenyl butyrate,molécula,Verde,Frutal,ambiguo,Verde,,FIG,baja,#43cd99,#4aa781
2999,53398-86-0,trans-2-Hexenyl hexanoate,molécula,Verde,Frutal,ambiguo,Verde,,FIG,baja,#43cd99,#4aa781
3000,68698-59-9,trans-2-Hexenyl isovalerate,molécula,Verde,Frutal,ambiguo,Verde,,FIG,baja,#43cd99,#4aa781
3001,56922-74-8,trans-2-Hexenyl pentanoate,molécula,Verde,Frutal,ambiguo,Verde,,FIG,baja,#43cd99,#4aa781
3002,53398-80-4,trans-2-Hexenyl propionate,molécula,Verde,Frutal,ambiguo,Verde,,FIG,baja,#43cd99,#4aa781
3003,68133-77-7,trans-2-Hexenyl salicylate,molécula,Floral,Amaderado,con matiz,Floral,,FIG,media,#c475aa,#975482
3004,59324-17-3,"trans-2-Methyl-4-propyl-1,3-oxathiane",molécula,Frutal,Verde,claro con toque,Frutal,,FIG,alta,#896ffb,#915fd8
3005,31502-14-4,trans-2-Nonen-1-ol,molécula,Verde,Floral,con matiz,Verde,,FIG,media,#43cd99,#4aa781
3006,18829-56-6,trans-2-Nonenal,molécula,Verde,,claro,Verde,,FIG,alta,#43cd99,#4aa781
3007,2548-87-0,trans-2-Octenal,molécula,Verde,,claro,Verde,,FIG,alta,#43cd99,#4aa781
3008,5448-22-6,trans-2-tert-Butylcyclohexan-1-ol,molécula,Verde,Frutal,con matiz,Verde,,FIG,media,#43cd99,#4aa781
3009,20298-70-8,trans-2-tert-Butylcyclohexyl acetate,molécula,Frutal,Amaderado,claro con toque,Frutal,,FIG,alta,#896ffb,#915fd8
3010,7069-41-2,trans-2-Tridecenal,molécula,Ozónico,Cítrico,con matiz,Ozónico,,FIG,media,#2db9f3,#237da9
3011,53448-07-0,trans-2-Undecenal,molécula,Frutal,Cítrico,con matiz,Frutal,,FIG,media,#896ffb,#915fd8
3012,67801-45-0,trans-3-Heptenyl 2-methylpropanoate,molécula,Verde,Floral,con matiz,Verde,,FIG,media,#43cd99,#4aa781
3013,69112-21-6,trans-3-Hexenal,molécula,Verde,Frutal,ambiguo,Verde,,FIG,baja,#43cd99,#4aa781
3014,3681-82-1,trans-3-Hexenyl acetate,molécula,Verde,Frutal,con matiz,Frutal,pa:Verde,catálogos,media,#43cd99,#4aa781
3015,65405-70-1,trans-4-Decen-1-al,molécula,Ozónico,Cítrico,con matiz,Ozónico,,FIG,media,#2db9f3,#237da9
3016,1900-69-2,trans-4-tert-Butylcyclohexyl acetate,molécula,Frutal,Especiado,claro con toque,Frutal,,FIG,alta,#896ffb,#915fd8
3017,4180-23-8,trans-Anethole,molécula,Especiado,Verde,ambiguo,Verde,symrise:Especiado,catálogos,media,#d86f0d,#bb704e
3018,140-10-3,trans-Cinnamic acid,molécula,Especiado,,claro,Especiado,,FIG,alta,#d86f0d,#bb704e
3019,928-97-2,trans-Hex-3-en-1-ol,molécula,Verde,Floral,claro con toque,Verde,,FIG,alta,#43cd99,#4aa781
3020,5932-68-3,trans-Isoeugenol,molécula,Especiado,Floral,claro con toque,Especiado,,FIG,alta,#d86f0d,#bb704e
3021,1189-09-9,trans-Methylgeranate,molécula,Floral,Frutal,con matiz,Floral,,FIG,media,#c475aa,#975482
3022,40716-66-3,trans-Nerolidol,molécula,Floral,Amaderado,claro con toque,Floral,,FIG,alta,#c475aa,#975482
3023,89-80-5,trans-p-Menthan-3-one,molécula,Verde,,claro,Verde,symrise:Verde,FIG y catálogos,alta,#43cd99,#4aa781
3024,65418-70-4,trans-Tetrahydro-2-isobutyl-4-methylpyran-4-ol,sin estructura,Floral,Verde,claro con toque,Floral,,FIG,alta,#c475aa,#975482
3025,68648-41-9,"Tree moss oil, atranol, chloratranol-less",natural o mezcla,Amaderado,,claro,Amaderado,,FIG,alta,#923002,#944e00
3026,68648-41-9,Treemoss absolute,natural o mezcla,Amaderado,,claro,Amaderado,,FIG,alta,#923002,#944e00
3027,84696-53-7,Treemoss extract,natural o mezcla,Amaderado,,claro,Amaderado,,FIG,alta,#923002,#944e00
3028,90-17-5,Trichloromethyl phenyl carbinyl acetate,molécula,Floral,Especiado,con matiz,Floral,,FIG,media,#c475aa,#975482
3029,122760-84-3,"Tricyclo[3.3.1.1.(3.7)]decan-2-ol, 4-methyl-8-methylene-",molécula,Especiado,Verde,ambiguo,Especiado,pa:Especiado,FIG y catálogos,alta,#d86f0d,#bb704e
3030,2500-83-6,"Tricyclo[5.2.1.02,6]dec-4-en-8-yl acetate",molécula,Floral,Verde,ambiguo,Floral,,FIG,baja,#c475aa,#975482
3031,13380-94-4,"Tricyclo[5.2.1.02,6]decan-8-one",molécula,Especiado,Amaderado,con matiz,Especiado,,FIG,media,#d86f0d,#bb704e
3032,26896-48-0,"Tricyclo[5.2.1.02,7]decane-4,8-dimethanol",molécula,Animal,Especiado,con matiz,Animal,,FIG,media,#d22c50,#ca224a
3033,64001-15-6,Tricyclodecanyl acetate,molécula,Verde,,claro,Verde,,FIG,alta,#43cd99,#4aa781
3034,5413-60-5,Tricyclodecenyl acetate,molécula,Floral,Frutal,claro con toque,Verde,givaudan:Floral;pa:Floral,catálogos,alta,#c475aa,#975482
3035,17511-60-3,Tricyclodecenyl propionate,molécula,Floral,Frutal,ambiguo,Verde,givaudan:Floral,catálogos,media,#c475aa,#975482
3036,7370-92-5,"Trideca-1,5-lactone",molécula,Frutal,,claro,Frutal,,FIG,alta,#896ffb,#915fd8
3037,10486-19-8,Tridecanal,molécula,Ozónico,Cítrico,con matiz,Ozónico,,FIG,media,#2db9f3,#237da9
3038,22629-49-8,Tridecene-2-nitrile,molécula,Cítrico,Verde,ambiguo,Cítrico,givaudan:Cítrico;symrise:Ozónico,"FIG, catálogo en contra",baja,#c3b503,#a19500
3039,71735-79-0,"Trimethyl-13-oxabicyclo[10.1.0]trideca-4,8-diene",molécula,Amaderado,,claro,Amaderado,pa:Amaderado,FIG y catálogos,alta,#923002,#944e00
3040,133636-82-5,Trimethyl-bicyclo-heptane-spirocyclohexenone,molécula,Amaderado,,claro,Amaderado,,FIG,alta,#923002,#944e00
3041,20662-84-4,Trimethyloxazole,molécula,Transformado,Frutal,suelto,Transformado,,FIG,baja,#8a8a8a,#8a8a8a
3042,828-26-2,Trithioacetone,molécula,Frutal,Transformado,claro con toque,Frutal,,FIG,alta,#896ffb,#915fd8
3043,8024-05-3,Tuberose absolute,natural o mezcla,Floral,,claro,Floral,,FIG,alta,#c475aa,#975482
3044,8024-05-3,Tuberose concrete,natural o mezcla,Floral,,claro,Floral,,FIG,alta,#c475aa,#975482
3045,8024-05-3,Tuberose oil,natural o mezcla,Floral,Frutal,con matiz,Floral,,FIG,media,#c475aa,#975482
3046,8024-05-3,Tuberose tincture,natural o mezcla,Floral,Frutal,con matiz,Floral,,FIG,media,#c475aa,#975482
3047,8024-37-1,Turmeric,sin estructura,Especiado,Amaderado,claro con toque,Especiado,,FIG,alta,#d86f0d,#bb704e
3048,8024-37-1,Turmeric oleoresin,sin estructura,Especiado,Amaderado,claro con toque,Especiado,,FIG,alta,#d86f0d,#bb704e
3049,9005-90-7,Turpentine gum,natural o mezcla,Verde,,claro,Verde,,FIG,alta,#43cd99,#4aa781
3050,8006-64-2,Turpentine oil,natural o mezcla,Verde,Amaderado,con matiz,Verde,,FIG,media,#43cd99,#4aa781
3051,8006-64-2,"Turpentine oil, rectified",natural o mezcla,Verde,Amaderado,con matiz,Verde,,FIG,media,#43cd99,#4aa781
3052,112-44-7,Undecanal,molécula,Ozónico,Cítrico,con matiz,Ozónico,,FIG,media,#2db9f3,#237da9
3053,2244-07-7,Undecanenitrile,molécula,Verde,Floral,con matiz,Verde,,FIG,media,#43cd99,#4aa781
3054,112-37-8,Undecanoic acid,molécula,Frutal,Ozónico,con matiz,Frutal,,FIG,media,#896ffb,#915fd8
3055,30207-98-8,Undecanol,molécula,Verde,Floral,ambiguo,Verde,,FIG,baja,#43cd99,#4aa781
3056,112-43-6,Undecen-1-ol,molécula,Floral,Ozónico,claro con toque,Floral,,FIG,alta,#c475aa,#975482
3057,1337-83-3,Undecenal,molécula,Ozónico,Cítrico,con matiz,Ozónico,symrise:Ozónico,FIG y catálogos,alta,#2db9f3,#237da9
3058,12262-03-2,"Undecenoic acid, 3-methylbutyl ester",molécula,Floral,,claro,Floral,,FIG,alta,#c475aa,#975482
3059,112-42-5,Undecyl alcohol,molécula,Floral,Cítrico,con matiz,Floral,,FIG,media,#c475aa,#975482
3060,4630-07-3,Valencene,molécula,Cítrico,Verde,claro con toque,Cítrico,,FIG,alta,#c3b503,#a19500
3061,110-62-3,Valeraldehyde,molécula,Frutal,,claro,Frutal,,FIG,alta,#896ffb,#915fd8
3062,8008-88-6,Valerian root extract,natural o mezcla,Verde,,claro,Verde,,FIG,alta,#43cd99,#4aa781
3063,8008-88-6,Valerian root oil,natural o mezcla,Verde,,claro,Verde,,FIG,alta,#43cd99,#4aa781
3064,109-52-4,Valeric acid,molécula,Transformado,Frutal,suelto,Transformado,pa:Frutal,"FIG, catálogo en contra",baja,#8a8a8a,#8a8a8a
3065,8024-06-4,Vanilla absolute,natural o mezcla,Especiado,Frutal,ambiguo,Especiado,,FIG,baja,#d86f0d,#bb704e
3066,8024-06-4,Vanilla CO2 extract,natural o mezcla,Especiado,Frutal,ambiguo,Especiado,,FIG,baja,#d86f0d,#bb704e
3067,8024-06-4,Vanilla extract,natural o mezcla,Especiado,Frutal,ambiguo,Especiado,,FIG,baja,#d86f0d,#bb704e
3068,8024-06-4,Vanilla oleoresin,natural o mezcla,Especiado,Frutal,ambiguo,Especiado,,FIG,baja,#d86f0d,#bb704e
3069,953789-39-4,Vanilla tahitensis absolute,natural o mezcla,Especiado,Frutal,con matiz,Especiado,,FIG,media,#d86f0d,#bb704e
3070,953789-39-4,Vanilla tahitensis CO2 extract,natural o mezcla,Especiado,Frutal,con matiz,Especiado,,FIG,media,#d86f0d,#bb704e
3071,953789-39-4,Vanilla tahitensis extract,natural o mezcla,Especiado,Frutal,con matiz,Especiado,,FIG,media,#d86f0d,#bb704e
3072,8047-24-3,Vanilla tincture,natural o mezcla,Especiado,Frutal,con matiz,Especiado,,FIG,media,#d86f0d,#bb704e
3073,121-34-6,Vanillic acid,molécula,Frutal,,claro,Frutal,,FIG,alta,#896ffb,#915fd8
3074,121-33-5,Vanillin,molécula,Frutal,Floral,claro con toque,Frutal,,FIG,alta,#896ffb,#915fd8
3075,20665-85-4,Vanillin isobutyrate,molécula,Frutal,,claro,Frutal,givaudan:Frutal,FIG y catálogos,alta,#896ffb,#915fd8
3076,68527-74-2,Vanillin propylene glycol acetal,molécula,Frutal,,claro,Frutal,,FIG,alta,#896ffb,#915fd8
3077,82654-98-6,Vanillyl butyl ether,molécula,Frutal,,claro,Frutal,,FIG,alta,#896ffb,#915fd8
3078,13184-86-6,Vanillyl ethyl ether,molécula,Frutal,,claro,Frutal,,FIG,alta,#896ffb,#915fd8
3079,120-14-9,Veratraldehyde,molécula,Floral,Frutal,claro con toque,Floral,,FIG,alta,#c475aa,#975482
3080,473-67-6,Verbenol,molécula,Cítrico,Verde,con matiz,Cítrico,,FIG,media,#c3b503,#a19500
3081,8016-96-4,Vetiver CO2 extract,natural o mezcla,Amaderado,Frutal,claro con toque,Amaderado,pa:Amaderado,FIG y catálogos,alta,#923002,#944e00
3082,8016-96-4,Vetiver extract,natural o mezcla,Amaderado,Frutal,claro con toque,Amaderado,pa:Amaderado,FIG y catálogos,alta,#923002,#944e00
3083,8016-96-4,Vetiver oil,natural o mezcla,Amaderado,Frutal,claro con toque,Amaderado,pa:Amaderado,FIG y catálogos,alta,#923002,#944e00
3084,68917-65-7,Vetiver oil terpenes,natural o mezcla,Amaderado,,claro,Amaderado,,FIG,alta,#923002,#944e00
3085,68917-34-0,"Vetiver oil, acetylated, distilled.",natural o mezcla,Amaderado,Especiado,claro con toque,Amaderado,,FIG,alta,#923002,#944e00
3086,8016-96-4,"Vetiver oil, JAVA (low Furfural)",natural o mezcla,Amaderado,Frutal,claro con toque,Amaderado,pa:Amaderado,FIG y catálogos,alta,#923002,#944e00
3087,8016-96-4,"Vetiver oil, rectified",natural o mezcla,Amaderado,Frutal,claro con toque,Amaderado,pa:Amaderado,FIG y catálogos,alta,#923002,#944e00
3088,84082-84-8,"Vetiveria zizanioides, ext., acetylated",sin estructura,Amaderado,Especiado,claro con toque,Amaderado,,FIG,alta,#923002,#944e00
3089,68129-81-7,Vetiverol,molécula,Amaderado,Cítrico,claro con toque,Amaderado,,FIG,alta,#923002,#944e00
3090,73246-97-6,"Vetiverol acetate, distilled",sin estructura,Amaderado,Especiado,claro con toque,Amaderado,,FIG,alta,#923002,#944e00
3091,62563-80-8,"Vetiverol, acetate",molécula,Amaderado,Especiado,claro con toque,Amaderado,,FIG,alta,#923002,#944e00
3092,117-98-6,Vetiveryl acetate,molécula,Amaderado,Especiado,claro con toque,Amaderado,,FIG,alta,#923002,#944e00
3093,8024-08-6,Violet leaf absolute,natural o mezcla,Verde,,claro,Verde,pa:Verde,FIG y catálogos,alta,#43cd99,#4aa781
3094,8024-08-6,Violet leaf extract,natural o mezcla,Verde,,claro,Verde,pa:Verde,FIG y catálogos,alta,#43cd99,#4aa781
3095,8016-21-5,Wine lees oil CO2 extract,natural o mezcla,Frutal,Verde,con matiz,Frutal,,FIG,media,#896ffb,#915fd8
3096,8016-21-5,"Wine lees oil, green",natural o mezcla,Frutal,Verde,con matiz,Frutal,,FIG,media,#896ffb,#915fd8
3097,8016-21-5,"Wine lees oil, white",natural o mezcla,Frutal,Verde,claro con toque,Frutal,,FIG,alta,#896ffb,#915fd8
3098,8016-21-5,"Wine lees oil, white, rectified",natural o mezcla,Frutal,Verde,con matiz,Frutal,,FIG,media,#896ffb,#915fd8
3099,68917-75-9,Wintergreen extract,natural o mezcla,Verde,Floral,claro con toque,Verde,,FIG,alta,#43cd99,#4aa781
3100,68917-75-9,Wintergreen oil,natural o mezcla,Verde,Floral,claro con toque,Verde,,FIG,alta,#43cd99,#4aa781
3101,8008-93-3,Wormwood oil,natural o mezcla,Verde,Especiado,con matiz,Verde,,FIG,media,#43cd99,#4aa781
3102,73138-77-9,"Wormwood oil, terpeneless",natural o mezcla,Verde,Especiado,con matiz,Verde,,FIG,media,#43cd99,#4aa781
3103,8002-09-3,Yarmor pine oil terpenes,natural o mezcla,Verde,,claro,Verde,,FIG,alta,#43cd99,#4aa781
3104,8002-09-3,"Yarmor Pine oil, synthetic",natural o mezcla,Verde,,claro,Verde,,FIG,alta,#43cd99,#4aa781
3105,8022-07-9,Yarrow oil,natural o mezcla,Verde,Especiado,claro con toque,Verde,,FIG,alta,#43cd99,#4aa781
3106,8006-81-3,Ylang ylang absolute,natural o mezcla,Floral,Verde,con matiz,Floral,pa:Floral,FIG y catálogos,alta,#c475aa,#975482
3107,8006-81-3,Ylang ylang oil,natural o mezcla,Floral,Verde,con matiz,Floral,pa:Floral,FIG y catálogos,alta,#c475aa,#975482
3108,8006-81-3,Ylang ylang oil (low para cresol methylether),natural o mezcla,Floral,Verde,con matiz,Floral,pa:Floral,FIG y catálogos,alta,#c475aa,#975482
3109,8006-81-3,Ylang ylang oil extra,natural o mezcla,Floral,Verde,con matiz,Floral,pa:Floral,FIG y catálogos,alta,#c475aa,#975482
3110,8006-81-3,Ylang ylang oil I,natural o mezcla,Floral,Verde,con matiz,Floral,pa:Floral,FIG y catálogos,alta,#c475aa,#975482
3111,8006-81-3,Ylang ylang oil II,natural o mezcla,Floral,Verde,con matiz,Floral,pa:Floral,FIG y catálogos,alta,#c475aa,#975482
3112,8006-81-3,Ylang ylang oil III,natural o mezcla,Floral,Verde,con matiz,Floral,pa:Floral,FIG y catálogos,alta,#c475aa,#975482
3113,8006-81-3,"Ylang ylang oil, rectified",natural o mezcla,Floral,Verde,con matiz,Floral,pa:Floral,FIG y catálogos,alta,#c475aa,#975482
3114,68952-44-3,"Ylang ylang oil, terpene-free",natural o mezcla,Floral,Frutal,claro con toque,Floral,,FIG,alta,#c475aa,#975482
3115,8006-81-3,Ylang-ylang extract,natural o mezcla,Floral,Verde,con matiz,Floral,pa:Floral,FIG y catálogos,alta,#c475aa,#975482
3116,1009814-14-5,Yuzunone,sin estructura,Frutal,Floral,con matiz,Frutal,,FIG,media,#896ffb,#915fd8
3117,102242-62-6,Zanthoxylum piperitum extract,natural o mezcla,Especiado,Cítrico,claro con toque,Cítrico,pa:Especiado,catálogos,media,#d86f0d,#bb704e
3118,122-48-5,Zingerone,molécula,Especiado,Frutal,con matiz,Frutal,pa:Especiado,catálogos,media,#d86f0d,#bb704e
3119,546-80-5,α-Thujone,molécula,Verde,Frutal,claro con toque,Verde,,FIG,alta,#43cd99,#4aa781
