material,codigo,variante,coincidencia,cas_constituyente,constituyente,estandar,concentracion_pct,fuente,aviso
ncs:balm-oil,BalO,Balm oil,nombre,72203-98-6,"(E) 3,7-Dimethyl-3,6-octadienal (iso-Geranial)",IFRA_STD_205,0.85,anexo,
ncs:balm-oil,BalO,Balm oil,nombre,72203-97-5,"(Z) 3,7-Dimethyl-3,6-octadienal (iso-Neral)",IFRA_STD_205,0.4,anexo,
ncs:balm-oil,BalO,Balm oil,nombre,106-23-0,Citronellal,IFRA_STD_206,6.88,anexo,
ncs:balm-oil,BalO,Balm oil,nombre,150-84-5,Citronellyl acetate,IFRA_STD_248,1.35,anexo,
ncs:balm-oil,BalO,Balm oil,nombre,106-22-9,dl-Citronellol,IFRA_STD_022,7.49,anexo,
ncs:balm-oil,BalO,Balm oil,nombre,141-27-5,Geranial,IFRA_STD_021,29.6,anexo,
ncs:balm-oil,BalO,Balm oil,nombre,106-24-1,Geraniol,IFRA_STD_037,3.79,anexo,
ncs:balm-oil,BalO,Balm oil,nombre,106-26-3,Neral,IFRA_STD_021,16.68,anexo,
fig:2205,LIO,"Lemongrass oil, East Indian",nombre,72203-98-6,"(E) 3,7-Dimethyl-3,6-octadienal (iso-Geranial)",IFRA_STD_205,1.3,anexo,
fig:2205,LIO,"Lemongrass oil, East Indian",nombre,72203-97-5,"(Z) 3,7-Dimethyl-3,6-octadienal (iso-Neral)",IFRA_STD_205,0.78,anexo,
fig:2205,LIO,"Lemongrass oil, East Indian",nombre,106-23-0,Citronellal,IFRA_STD_206,0.51,anexo,
fig:2205,LIO,"Lemongrass oil, East Indian",nombre,150-84-5,Citronellyl acetate,IFRA_STD_248,0.23,anexo,
fig:2205,LIO,"Lemongrass oil, East Indian",nombre,106-22-9,dl-Citronellol,IFRA_STD_022,0.25,anexo,
fig:2205,LIO,"Lemongrass oil, East Indian",nombre,97-53-0,Eugenol,IFRA_STD_035,0.08,anexo,
fig:2205,LIO,"Lemongrass oil, East Indian",nombre,141-27-5,Geranial,IFRA_STD_021,41.42,anexo,
fig:2205,LIO,"Lemongrass oil, East Indian",nombre,106-24-1,Geraniol,IFRA_STD_037,5.25,anexo,
fig:2205,LIO,"Lemongrass oil, East Indian",nombre,97-54-1,Isoeugenol,IFRA_STD_048,0.47,anexo,
fig:2205,LIO,"Lemongrass oil, East Indian",nombre,93-15-2,Methyl eugenol,IFRA_STD_100,0.05,anexo,
fig:2205,LIO,"Lemongrass oil, East Indian",nombre,106-26-3,Neral,IFRA_STD_021,30.54,anexo,
fig:2207,LWIO,"Lemongrass oil, West Indian",nombre,72203-98-6,"(E) 3,7-Dimethyl-3,6-octadienal (iso-Geranial)",IFRA_STD_205,1.2,anexo,
fig:2207,LWIO,"Lemongrass oil, West Indian",nombre,72203-97-5,"(Z) 3,7-Dimethyl-3,6-octadienal (iso-Neral)",IFRA_STD_205,1,anexo,
fig:2207,LWIO,"Lemongrass oil, West Indian",nombre,5392-40-5,Citral,IFRA_STD_021,73,anexo,
fig:2207,LWIO,"Lemongrass oil, West Indian",nombre,106-23-0,Citronellal,IFRA_STD_206,0.3,anexo,
fig:2207,LWIO,"Lemongrass oil, West Indian",nombre,97-53-0,Eugenol,IFRA_STD_035,0.2,anexo,
fig:2207,LWIO,"Lemongrass oil, West Indian",nombre,106-24-1,Geraniol,IFRA_STD_037,2.3,anexo,
fig:2207,LWIO,"Lemongrass oil, West Indian",nombre,97-54-1,Isoeugenol,IFRA_STD_048,0.5,anexo,
fig:2240,LICO,Litsea cubeba oil,nombre,72203-98-6,"(E) 3,7-Dimethyl-3,6-octadienal (iso-Geranial)",IFRA_STD_205,1,anexo,
fig:2240,LICO,Litsea cubeba oil,nombre,72203-97-5,"(Z) 3,7-Dimethyl-3,6-octadienal (iso-Neral)",IFRA_STD_205,0.4,anexo,
fig:2240,LICO,Litsea cubeba oil,nombre,5392-40-5,Citral,IFRA_STD_021,69,anexo,
fig:2240,LICO,Litsea cubeba oil,nombre,106-23-0,Citronellal,IFRA_STD_206,1.1,anexo,
fig:2240,LICO,Litsea cubeba oil,nombre,106-22-9,dl-Citronellol,IFRA_STD_022,0.15,anexo,
fig:2240,LICO,Litsea cubeba oil,nombre,106-24-1,Geraniol,IFRA_STD_037,1.1,anexo,
fig:2240,LICO,Litsea cubeba oil,nombre,475-20-7,Longifolene,IFRA_STD_199,0.2,anexo,
fig:2240,LICO,Litsea cubeba oil,nombre,94-59-7,Safrole,IFRA_STD_179,0.05,anexo,
fig:2645,PELO,Petitgrain lemon oil,nombre,72203-98-6,"(E) 3,7-Dimethyl-3,6-octadienal (iso-Geranial)",IFRA_STD_205,0.5,anexo,
fig:2645,PELO,Petitgrain lemon oil,nombre,72203-97-5,"(Z) 3,7-Dimethyl-3,6-octadienal (iso-Neral)",IFRA_STD_205,0.2,anexo,
fig:2645,PELO,Petitgrain lemon oil,nombre,5392-40-5,Citral,IFRA_STD_021,23,anexo,
fig:2645,PELO,Petitgrain lemon oil,nombre,106-23-0,Citronellal,IFRA_STD_206,1,anexo,
fig:2645,PELO,Petitgrain lemon oil,nombre,150-84-5,Citronellyl acetate,IFRA_STD_248,0.2,anexo,
fig:2645,PELO,Petitgrain lemon oil,nombre,106-24-1,Geraniol,IFRA_STD_037,2,anexo,
ncs:bay-leaf-west-indian-oil,BaLO,"Bay leaf, West Indian, oil",nombre,2442-10-6,1-Octen-3-yl acetate,IFRA_STD_069,0.3,anexo,
ncs:bay-leaf-west-indian-oil,BaLO,"Bay leaf, West Indian, oil",nombre,140-67-0,Estragole,IFRA_STD_099,0.1,anexo,
ncs:bay-leaf-west-indian-oil,BaLO,"Bay leaf, West Indian, oil",nombre,97-53-0,Eugenol,IFRA_STD_035,51,anexo,
ncs:bay-leaf-west-indian-oil,BaLO,"Bay leaf, West Indian, oil",nombre,141-27-5,Geranial,IFRA_STD_021,0.25,anexo,
ncs:bay-leaf-west-indian-oil,BaLO,"Bay leaf, West Indian, oil",nombre,93-15-2,Methyl eugenol,IFRA_STD_100,2,anexo,
ncs:bay-leaf-west-indian-oil,BaLO,"Bay leaf, West Indian, oil",nombre,106-26-3,Neral,IFRA_STD_021,0.2,anexo,
ncs:erospicata-oil-mentha-spicata-erospicata,ErO,"Erospicata oil, Mentha spicata 'Erospicata'",nombre,2442-10-6,1-Octen-3-yl acetate,IFRA_STD_069,0.06,anexo,
ncs:erospicata-oil-mentha-spicata-erospicata,ErO,"Erospicata oil, Mentha spicata 'Erospicata'",nombre,35154-45-1,cis-3-Hexenyl isovalerate,IFRA_STD_245,0.16,anexo,
ncs:erospicata-oil-mentha-spicata-erospicata,ErO,"Erospicata oil, Mentha spicata 'Erospicata'",nombre,6728-26-3,Hexen-2-al,IFRA_STD_039,0.07,anexo,
ncs:erospicata-oil-mentha-spicata-erospicata,ErO,"Erospicata oil, Mentha spicata 'Erospicata'",nombre,6485-40-1,l-Carvone,IFRA_STD_016,67,anexo,
fig:2166,LAAO,Lavandin abrialis oil,nombre,2442-10-6,1-Octen-3-yl acetate,IFRA_STD_069,0.2,anexo,
fig:2166,LAAO,Lavandin abrialis oil,nombre,505-57-7,2-Hexenal,IFRA_STD_039,0.02,anexo,
fig:2166,LAAO,Lavandin abrialis oil,nombre,531-59-9,7-Methoxycoumarin,IFRA_STD_158,0.01,anexo,
fig:2166,LAAO,Lavandin abrialis oil,nombre,91-64-5,Coumarin,IFRA_STD_023,0.2,anexo,
fig:2166,LAAO,Lavandin abrialis oil,nombre,106-24-1,Geraniol,IFRA_STD_037,0.3,anexo,
fig:2167,LvA,Lavandin absolute,nombre,2442-10-6,1-Octen-3-yl acetate,IFRA_STD_069,1.09,anexo,
fig:2167,LvA,Lavandin absolute,nombre,531-59-9,7-Methoxycoumarin,IFRA_STD_158,0.62,anexo,
fig:2167,LvA,Lavandin absolute,nombre,515-69-5,alpha-Bisabolol,IFRA_STD_192,0.64,anexo,
fig:2167,LvA,Lavandin absolute,nombre,91-64-5,Coumarin,IFRA_STD_023,1.77,anexo,
fig:2167,LvA,Lavandin absolute,nombre,106-24-1,Geraniol,IFRA_STD_037,0.08,anexo,
fig:2171,LGA,Lavandin grosso absolute,nombre,2442-10-6,1-Octen-3-yl acetate,IFRA_STD_069,0.14,anexo,
fig:2171,LGA,Lavandin grosso absolute,nombre,531-59-9,7-Methoxycoumarin,IFRA_STD_158,2,anexo,
fig:2171,LGA,Lavandin grosso absolute,nombre,515-69-5,alpha-Bisabolol,IFRA_STD_192,0.7,anexo,
fig:2171,LGA,Lavandin grosso absolute,nombre,100-51-6,Benzyl alcohol,IFRA_STD_008,0.02,anexo,
fig:2171,LGA,Lavandin grosso absolute,nombre,91-64-5,Coumarin,IFRA_STD_023,4.09,anexo,
fig:2171,LGA,Lavandin grosso absolute,nombre,97-53-0,Eugenol,IFRA_STD_035,0.04,anexo,
fig:2171,LGA,Lavandin grosso absolute,nombre,106-24-1,Geraniol,IFRA_STD_037,0.2,anexo,
fig:2173,LGO,Lavandin grosso oil,nombre,2442-10-6,1-Octen-3-yl acetate,IFRA_STD_069,0.3,anexo,
fig:2173,LGO,Lavandin grosso oil,nombre,515-69-5,alpha-Bisabolol,IFRA_STD_192,0.35,anexo,
fig:2174,LvO,Lavandin oil,nombre,2442-10-6,1-Octen-3-yl acetate,IFRA_STD_069,0.3,anexo,
fig:2174,LvO,Lavandin oil,nombre,531-59-9,7-Methoxycoumarin,IFRA_STD_158,0.01,anexo,
fig:2174,LvO,Lavandin oil,nombre,515-69-5,alpha-Bisabolol,IFRA_STD_192,0.03,anexo,
fig:2174,LvO,Lavandin oil,nombre,106-24-1,Geraniol,IFRA_STD_037,0.2,anexo,
ncs:lavandin-super-oil,LaSO,Lavandin super oil,nombre,2442-10-6,1-Octen-3-yl acetate,IFRA_STD_069,0.3,anexo,
ncs:lavandin-super-oil,LaSO,Lavandin super oil,nombre,515-69-5,alpha-Bisabolol,IFRA_STD_192,0.3,anexo,
ncs:lavandin-super-oil,LaSO,Lavandin super oil,nombre,91-64-5,Coumarin,IFRA_STD_023,0.1,anexo,
ncs:lavandin-super-oil,LaSO,Lavandin super oil,nombre,106-24-1,Geraniol,IFRA_STD_037,0.5,anexo,
fig:2180,LeA,Lavender absolute,nombre,2442-10-6,1-Octen-3-yl acetate,IFRA_STD_069,0.31,anexo,
fig:2180,LeA,Lavender absolute,nombre,531-59-9,7-Methoxycoumarin,IFRA_STD_158,3.8,anexo,
fig:2180,LeA,Lavender absolute,nombre,91-64-5,Coumarin,IFRA_STD_023,5.98,anexo,
fig:2180,LeA,Lavender absolute,nombre,122-03-2,Cuminaldehyde,IFRA_STD_024,0.06,anexo,
fig:2181,LeC,Lavender concrete,nombre,2442-10-6,1-Octen-3-yl acetate,IFRA_STD_069,0.5,anexo,
fig:2181,LeC,Lavender concrete,nombre,531-59-9,7-Methoxycoumarin,IFRA_STD_158,8,anexo,
fig:2181,LeC,Lavender concrete,nombre,106-24-1,Geraniol,IFRA_STD_037,0.1,anexo,
fig:2183,LnO,Lavender oil,nombre,2442-10-6,1-Octen-3-yl acetate,IFRA_STD_069,1.04,anexo,
fig:2183,LnO,Lavender oil,nombre,505-57-7,2-Hexenal,IFRA_STD_039,0.01,anexo,
fig:2183,LnO,Lavender oil,nombre,106-24-1,Geraniol,IFRA_STD_037,0.48,anexo,
ncs:lavender-oil-dentata,LDO,Lavender oil dentata,nombre,2442-10-6,1-Octen-3-yl acetate,IFRA_STD_069,0,anexo,
ncs:lavender-oil-dentata,LDO,Lavender oil dentata,nombre,91-64-5,Coumarin,IFRA_STD_023,0.35,anexo,
ncs:lavender-oil-dentata,LDO,Lavender oil dentata,nombre,122-03-2,Cuminaldehyde,IFRA_STD_024,0.2,anexo,
ncs:lavender-oil-dentata,LDO,Lavender oil dentata,nombre,106-24-1,Geraniol,IFRA_STD_037,0,anexo,
ncs:lavender-oil-dentata,LDO,Lavender oil dentata,nombre,6485-40-1,l-Carvone,IFRA_STD_016,0.3,anexo,
ncs:lavender-oil-dentata,LDO,Lavender oil dentata,nombre,536-60-7,p-Isopropylbenzyl alcohol,IFRA_STD_194,0.2,anexo,
fig:2291,MECO,Mentha citrata oil,nombre,2442-10-6,1-Octen-3-yl acetate,IFRA_STD_069,0.25,anexo,
fig:2291,MECO,Mentha citrata oil,nombre,5392-40-5,Citral,IFRA_STD_021,0.03,anexo,
fig:2291,MECO,Mentha citrata oil,nombre,140-67-0,Estragole,IFRA_STD_099,0.3,anexo,
fig:2291,MECO,Mentha citrata oil,nombre,97-53-0,Eugenol,IFRA_STD_035,0.01,anexo,
fig:2291,MECO,Mentha citrata oil,nombre,106-24-1,Geraniol,IFRA_STD_037,1.17,anexo,
ncs:spearmint-oil,SpeaO,Spearmint oil,nombre,2442-10-6,1-Octen-3-yl acetate,IFRA_STD_069,0.06,anexo,
ncs:spearmint-oil,SpeaO,Spearmint oil,nombre,6728-26-3,Hexen-2-al,IFRA_STD_039,0.02,anexo,
ncs:spearmint-oil,SpeaO,Spearmint oil,nombre,6485-40-1,l-Carvone,IFRA_STD_016,66.07,anexo,
fig:2875,SPSO,"Spearmint oil, Scotch",nombre,2442-10-6,1-Octen-3-yl acetate,IFRA_STD_069,0.06,anexo,
fig:2875,SPSO,"Spearmint oil, Scotch",nombre,97-42-7,Carvyl acetate,IFRA_STD_243,0.15,anexo,
fig:2875,SPSO,"Spearmint oil, Scotch",nombre,6485-40-1,l-Carvone,IFRA_STD_016,64.12,anexo,
fig:1093,ASO2,Anise seed oil,nombre,505-57-7,2-Hexenal,IFRA_STD_039,0.5,anexo,
fig:1093,ASO2,Anise seed oil,nombre,140-67-0,Estragole,IFRA_STD_099,2.39,anexo,
fig:1093,ASO2,Anise seed oil,nombre,123-11-5,p-Methoxybenzaldehyde,IFRA_STD_054,0.43,anexo,
fig:1503,CLSA,Clary sage absolute,nombre,505-57-7,2-Hexenal,IFRA_STD_039,0.04,anexo,
fig:1503,CLSA,Clary sage absolute,nombre,106-24-1,Geraniol,IFRA_STD_037,0.19,anexo,
fig:1504,CSAA,Clary sage absolute,nombre,505-57-7,2-Hexenal,IFRA_STD_039,0.04,anexo,
fig:1504,CSAA,Clary sage absolute,nombre,106-24-1,Geraniol,IFRA_STD_037,0.19,anexo,
fig:1512,CLP,Clove leaf oil terpenes,nombre,505-57-7,2-Hexenal,IFRA_STD_039,0.01,anexo,
fig:1512,CLP,Clove leaf oil terpenes,nombre,97-53-0,Eugenol,IFRA_STD_035,0.77,anexo,
fig:1529,COHO,Coriander herb oil,nombre,505-57-7,2-Hexenal,IFRA_STD_039,0.02,anexo,
fig:1529,COHO,Coriander herb oil,nombre,106-24-1,Geraniol,IFRA_STD_037,0.8,anexo,
fig:1950,GpO,Grapefruit oil,nombre,505-57-7,2-Hexenal,IFRA_STD_039,0.03,anexo,
fig:1950,GpO,Grapefruit oil,nombre,5392-40-5,Citral,IFRA_STD_021,0.1,anexo,
fig:1950,GpO,Grapefruit oil,nombre,106-23-0,Citronellal,IFRA_STD_206,0.1,anexo,
fig:1950,GpO,Grapefruit oil,nombre,106-23-0,Citronellal,IFRA_STD_206,0.1,anexo,
fig:1950,GpO,Grapefruit oil,nombre,141-27-5,Geranial,IFRA_STD_021,0.06,anexo,
fig:1950,GpO,Grapefruit oil,nombre,106-26-3,Neral,IFRA_STD_021,0.04,anexo,
fig:1951,GraO,Grapefruit oil,nombre,505-57-7,2-Hexenal,IFRA_STD_039,0.03,anexo,
fig:1951,GraO,Grapefruit oil,nombre,5392-40-5,Citral,IFRA_STD_021,0.1,anexo,
fig:1951,GraO,Grapefruit oil,nombre,106-23-0,Citronellal,IFRA_STD_206,0.1,anexo,
fig:1951,GraO,Grapefruit oil,nombre,106-23-0,Citronellal,IFRA_STD_206,0.1,anexo,
fig:1951,GraO,Grapefruit oil,nombre,141-27-5,Geranial,IFRA_STD_021,0.06,anexo,
fig:1951,GraO,Grapefruit oil,nombre,106-26-3,Neral,IFRA_STD_021,0.04,anexo,
fig:2128,JSA,Jasmine sambac absolute,nombre,505-57-7,2-Hexenal,IFRA_STD_039,0.1,anexo,
fig:2128,JSA,Jasmine sambac absolute,nombre,100-51-6,Benzyl alcohol,IFRA_STD_008,4.2,anexo,
fig:2128,JSA,Jasmine sambac absolute,nombre,120-51-4,Benzyl benzoate,IFRA_STD_009,0.75,anexo,
fig:2128,JSA,Jasmine sambac absolute,nombre,140-29-4,Benzyl cyanide,IFRA_STD_112,1.2,anexo,
fig:2128,JSA,Jasmine sambac absolute,nombre,118-58-1,Benzyl salicylate,IFRA_STD_011,0.2,anexo,
fig:2128,JSA,Jasmine sambac absolute,nombre,104-54-1,Cinnamic alcohol,IFRA_STD_017,0.15,anexo,
fig:2128,JSA,Jasmine sambac absolute,nombre,41270-80-8,Methyl N-formylanthranilate,IFRA_STD_101,0.05,anexo,
fig:2128,JSA,Jasmine sambac absolute,nombre,106-28-5,trans-trans-Farnesol,IFRA_STD_036,0.6,anexo,
fig:2129,JSE,Jasmine sambac CO2 extract,nombre,505-57-7,2-Hexenal,IFRA_STD_039,0.01,anexo,
fig:2129,JSE,Jasmine sambac CO2 extract,nombre,100-51-6,Benzyl alcohol,IFRA_STD_008,4.2,anexo,
fig:2129,JSE,Jasmine sambac CO2 extract,nombre,120-51-4,Benzyl benzoate,IFRA_STD_009,0.75,anexo,
fig:2129,JSE,Jasmine sambac CO2 extract,nombre,140-29-4,Benzyl cyanide,IFRA_STD_112,1.2,anexo,
fig:2129,JSE,Jasmine sambac CO2 extract,nombre,118-58-1,Benzyl salicylate,IFRA_STD_011,0.15,anexo,
fig:2129,JSE,Jasmine sambac CO2 extract,nombre,104-54-1,Cinnamic alcohol,IFRA_STD_017,0.15,anexo,
fig:2129,JSE,Jasmine sambac CO2 extract,nombre,41270-80-8,Methyl N-formylanthranilate,IFRA_STD_101,0.05,anexo,
fig:2129,JSE,Jasmine sambac CO2 extract,nombre,106-28-5,trans-trans-Farnesol,IFRA_STD_036,0.6,anexo,
fig:2160,LLO,Laurel leaf oil,nombre,505-57-7,2-Hexenal,IFRA_STD_039,0.03,anexo,
fig:2160,LLO,Laurel leaf oil,nombre,140-67-0,Estragole,IFRA_STD_099,0.16,anexo,
fig:2160,LLO,Laurel leaf oil,nombre,97-53-0,Eugenol,IFRA_STD_035,1.33,anexo,
fig:2160,LLO,Laurel leaf oil,nombre,106-24-1,Geraniol,IFRA_STD_037,0.05,anexo,
fig:2160,LLO,Laurel leaf oil,nombre,93-15-2,Methyl eugenol,IFRA_STD_100,3.22,anexo,
fig:2644,PBIO,Petitgrain bigarade oil,nombre,505-57-7,2-Hexenal,IFRA_STD_039,0.09,anexo,
fig:2644,PBIO,Petitgrain bigarade oil,nombre,5392-40-5,Citral,IFRA_STD_021,0.65,anexo,
fig:2644,PBIO,Petitgrain bigarade oil,nombre,106-23-0,Citronellal,IFRA_STD_206,0.05,anexo,
fig:2644,PBIO,Petitgrain bigarade oil,nombre,106-24-1,Geraniol,IFRA_STD_037,2.4,anexo,
fig:2699,PISO,"Pine Scotch, oil",nombre,505-57-7,2-Hexenal,IFRA_STD_039,0.02,anexo,
fig:2699,PISO,"Pine Scotch, oil",nombre,475-20-7,Longifolene,IFRA_STD_199,0.09,anexo,
fig:2807,RoO,Rose oil,nombre,505-57-7,2-Hexenal,IFRA_STD_039,0.02,anexo,
fig:2807,RoO,Rose oil,nombre,100-52-7,Benzaldehyde,IFRA_STD_007,0.04,anexo,
fig:2807,RoO,Rose oil,nombre,100-51-6,Benzyl alcohol,IFRA_STD_008,0.02,anexo,
fig:2807,RoO,Rose oil,nombre,120-51-4,Benzyl benzoate,IFRA_STD_009,0.07,anexo,
fig:2807,RoO,Rose oil,nombre,106-23-0,Citronellal,IFRA_STD_206,0.51,anexo,
fig:2807,RoO,Rose oil,nombre,150-84-5,Citronellyl acetate,IFRA_STD_248,0.55,anexo,
fig:2807,RoO,Rose oil,nombre,106-22-9,dl-Citronellol,IFRA_STD_022,32.5,anexo,
fig:2807,RoO,Rose oil,nombre,97-53-0,Eugenol,IFRA_STD_035,1.14,anexo,
fig:2807,RoO,Rose oil,nombre,141-27-5,Geranial,IFRA_STD_021,1.06,anexo,
fig:2807,RoO,Rose oil,nombre,106-24-1,Geraniol,IFRA_STD_037,17.7,anexo,
fig:2807,RoO,Rose oil,nombre,93-15-2,Methyl eugenol,IFRA_STD_100,2,anexo,
fig:2807,RoO,Rose oil,nombre,106-26-3,Neral,IFRA_STD_021,0.79,anexo,
fig:2807,RoO,Rose oil,nombre,106-28-5,trans-trans-Farnesol,IFRA_STD_036,1.37,anexo,
fig:2808,RsO,Rose oil,nombre,505-57-7,2-Hexenal,IFRA_STD_039,0.02,anexo,
fig:2808,RsO,Rose oil,nombre,100-52-7,Benzaldehyde,IFRA_STD_007,0.04,anexo,
fig:2808,RsO,Rose oil,nombre,100-51-6,Benzyl alcohol,IFRA_STD_008,0.02,anexo,
fig:2808,RsO,Rose oil,nombre,120-51-4,Benzyl benzoate,IFRA_STD_009,0.07,anexo,
fig:2808,RsO,Rose oil,nombre,106-23-0,Citronellal,IFRA_STD_206,0.51,anexo,
fig:2808,RsO,Rose oil,nombre,150-84-5,Citronellyl acetate,IFRA_STD_248,0.55,anexo,
fig:2808,RsO,Rose oil,nombre,106-22-9,dl-Citronellol,IFRA_STD_022,32.5,anexo,
fig:2808,RsO,Rose oil,nombre,97-53-0,Eugenol,IFRA_STD_035,1.14,anexo,
fig:2808,RsO,Rose oil,nombre,141-27-5,Geranial,IFRA_STD_021,1.06,anexo,
fig:2808,RsO,Rose oil,nombre,106-24-1,Geraniol,IFRA_STD_037,17.7,anexo,
fig:2808,RsO,Rose oil,nombre,93-15-2,Methyl eugenol,IFRA_STD_100,2,anexo,
fig:2808,RsO,Rose oil,nombre,106-26-3,Neral,IFRA_STD_021,0.79,anexo,
fig:2808,RsO,Rose oil,nombre,106-28-5,trans-trans-Farnesol,IFRA_STD_036,1.37,anexo,
fig:2884,SLO,Spike lavender oil,nombre,505-57-7,2-Hexenal,IFRA_STD_039,0.01,anexo,
fig:2884,SLO,Spike lavender oil,nombre,106-24-1,Geraniol,IFRA_STD_037,0.2,anexo,
fig:2896,STAO,Star anise oil,nombre,505-57-7,2-Hexenal,IFRA_STD_039,0.01,anexo,
fig:2896,STAO,Star anise oil,nombre,140-67-0,Estragole,IFRA_STD_099,3.3,anexo,
fig:2896,STAO,Star anise oil,nombre,123-11-5,p-Methoxybenzaldehyde,IFRA_STD_054,0.2,anexo,
fig:2933,TrO,Tarragon oil,nombre,505-57-7,2-Hexenal,IFRA_STD_039,0.01,anexo,
fig:2933,TrO,Tarragon oil,nombre,531-59-9,7-Methoxycoumarin,IFRA_STD_158,0.07,anexo,
fig:2933,TrO,Tarragon oil,nombre,140-67-0,Estragole,IFRA_STD_099,80,anexo,
fig:2933,TrO,Tarragon oil,nombre,97-53-0,Eugenol,IFRA_STD_035,0.6,anexo,
fig:2933,TrO,Tarragon oil,nombre,93-15-2,Methyl eugenol,IFRA_STD_100,0.3,anexo,
fig:3093,VLA,Violet leaf absolute,nombre,505-57-7,2-Hexenal,IFRA_STD_039,0.02,anexo,
fig:3093,VLA,Violet leaf absolute,nombre,100-51-6,Benzyl alcohol,IFRA_STD_008,0.1,anexo,
fig:3101,WoO,Wormwood oil,nombre,505-57-7,2-Hexenal,IFRA_STD_039,0.06,anexo,
fig:3101,WoO,Wormwood oil,nombre,546-80-5,alpha-Thujone,IFRA_STD_102,3,anexo,
fig:3101,WoO,Wormwood oil,nombre,471-15-8,beta-Thujone,IFRA_STD_102,42,anexo,
fig:3101,WoO,Wormwood oil,nombre,106-24-1,Geraniol,IFRA_STD_037,0.1,anexo,
fig:3105,YaO,Yarrow oil,nombre,505-57-7,2-Hexenal,IFRA_STD_039,0.02,anexo,
fig:3105,YaO,Yarrow oil,nombre,515-69-5,alpha-Bisabolol,IFRA_STD_192,0.3,anexo,
fig:3105,YaO,Yarrow oil,nombre,546-80-5,alpha-Thujone,IFRA_STD_102,2,anexo,
fig:3105,YaO,Yarrow oil,nombre,471-15-8,beta-Thujone,IFRA_STD_102,0.6,anexo,
fig:3105,YaO,Yarrow oil,nombre,4602-84-0,Farnesol,IFRA_STD_036,0.1,anexo,
fig:3105,YaO,Yarrow oil,nombre,6485-40-1,l-Carvone,IFRA_STD_016,0.2,anexo,
fig:1231,BTO,"Birch tar oil, rectified",nombre,623-36-9,2-Methyl-2-pentenal,IFRA_STD_228,0.05,anexo,
fig:1231,BTO,"Birch tar oil, rectified",nombre,1319-77-3,Cresol (unspecified),IFRA_STD_260,1.8,anexo,
fig:2168,LvC,Lavandin concrete,nombre,531-59-9,7-Methoxycoumarin,IFRA_STD_158,0.37,anexo,
fig:2168,LvC,Lavandin concrete,nombre,515-69-5,alpha-Bisabolol,IFRA_STD_192,1.91,anexo,
fig:2168,LvC,Lavandin concrete,nombre,515-69-5,alpha-Bisabolol,IFRA_STD_192,1.91,anexo,
fig:2168,LvC,Lavandin concrete,nombre,91-64-5,Coumarin,IFRA_STD_023,1.21,anexo,
fig:2198,LEEO,"Lemon oil, expressed",nombre,531-59-9,7-Methoxycoumarin,IFRA_STD_158,0.05,anexo,
fig:2198,LEEO,"Lemon oil, expressed",nombre,5392-40-5,Citral,IFRA_STD_021,3.5,anexo,
fig:2198,LEEO,"Lemon oil, expressed",nombre,106-23-0,Citronellal,IFRA_STD_206,0.1,anexo,
fig:2198,LEEO,"Lemon oil, expressed",nombre,106-24-1,Geraniol,IFRA_STD_037,0.1,anexo,
fig:2217,LIEO,"Lime oil, expressed",nombre,531-59-9,7-Methoxycoumarin,IFRA_STD_158,0.21,anexo,
fig:2217,LIEO,"Lime oil, expressed",nombre,106-23-0,Citronellal,IFRA_STD_206,0.5,anexo,
fig:2217,LIEO,"Lime oil, expressed",nombre,141-27-5,Geranial,IFRA_STD_021,2.6,anexo,
fig:2217,LIEO,"Lime oil, expressed",nombre,106-24-1,Geraniol,IFRA_STD_037,0.15,anexo,
fig:2217,LIEO,"Lime oil, expressed",nombre,106-26-3,Neral,IFRA_STD_021,1.7,anexo,
fig:2217,LIEO,"Lime oil, expressed",nombre,1134-95-8,trans-Carvyl acetate,IFRA_STD_243,0.2,anexo,
fig:2639,PLEO,"Persian lime oil, expressed",nombre,531-59-9,7-Methoxycoumarin,IFRA_STD_158,0.28,anexo,
fig:2639,PLEO,"Persian lime oil, expressed",nombre,106-23-0,Citronellal,IFRA_STD_206,1.39,anexo,
fig:2639,PLEO,"Persian lime oil, expressed",nombre,141-27-5,Geranial,IFRA_STD_021,2.45,anexo,
fig:2639,PLEO,"Persian lime oil, expressed",nombre,106-24-1,Geraniol,IFRA_STD_037,0.12,anexo,
fig:2639,PLEO,"Persian lime oil, expressed",nombre,106-26-3,Neral,IFRA_STD_021,1.61,anexo,
ncs:horseradish-oil,HorO,Horseradish oil,nombre,57-06-7,Allyl isothiocyanate,IFRA_STD_107,45,anexo,
fig:1092,ANSO,Angelica seed oil,nombre,515-69-5,alpha-Bisabolol,IFRA_STD_192,0.2,anexo,
fig:1092,ANSO,Angelica seed oil,nombre,106-02-5,Cyclopentadecanolide/omega-Pentadecalatone,IFRA_STD_026,0.29,anexo,
fig:1092,ANSO,Angelica seed oil,nombre,475-20-7,Longifolene,IFRA_STD_199,0.5,anexo,
ncs:arnica-absolute,ArA,Arnica absolute,nombre,515-69-5,alpha-Bisabolol,IFRA_STD_192,0.15,anexo,
ncs:arnica-absolute,ArA,Arnica absolute,nombre,4602-84-0,Farnesol,IFRA_STD_036,1.2,anexo,
ncs:arnica-oils-montana,AOO,"Arnica oils, montana",nombre,515-69-5,alpha-Bisabolol,IFRA_STD_192,0.6,anexo,
ncs:arnica-oils-montana,AOO,"Arnica oils, montana",nombre,4602-84-0,Farnesol,IFRA_STD_036,5,anexo,
ncs:baccharis-dracunculifolia-oil,BaDO,Baccharis dracunculifolia oil,nombre,515-69-5,alpha-Bisabolol,IFRA_STD_192,1.4,anexo,
ncs:baccharis-dracunculifolia-oil,BaDO,Baccharis dracunculifolia oil,nombre,4602-84-0,Farnesol,IFRA_STD_036,0.2,anexo,
fig:1125,BLO,"Basil oil, chemotype linalool",nombre,515-69-5,alpha-Bisabolol,IFRA_STD_192,0.2,anexo,
fig:1125,BLO,"Basil oil, chemotype linalool",nombre,150-84-5,Citronellyl acetate,IFRA_STD_248,0.1,anexo,
fig:1125,BLO,"Basil oil, chemotype linalool",nombre,140-67-0,Estragole,IFRA_STD_099,0.95,anexo,
fig:1125,BLO,"Basil oil, chemotype linalool",nombre,97-53-0,Eugenol,IFRA_STD_035,7.9,anexo,
fig:1125,BLO,"Basil oil, chemotype linalool",nombre,106-24-1,Geraniol,IFRA_STD_037,0.2,anexo,
fig:1125,BLO,"Basil oil, chemotype linalool",nombre,93-15-2,Methyl eugenol,IFRA_STD_100,0.2,anexo,
fig:1280,CaO,Cabreuva oil,nombre,515-69-5,alpha-Bisabolol,IFRA_STD_192,2,anexo,
fig:1280,CaO,Cabreuva oil,nombre,4602-84-0,Farnesol,IFRA_STD_036,0.1,anexo,
fig:1316,CSO2,Carrot seed oil,nombre,515-69-5,alpha-Bisabolol,IFRA_STD_192,0.28,anexo,
fig:1316,CSO2,Carrot seed oil,nombre,5273-86-9,cis-Asarone/beta-Asarone,IFRA_STD_110,0.05,anexo,
fig:1316,CSO2,Carrot seed oil,nombre,4602-84-0,Farnesol,IFRA_STD_036,2.18,anexo,
fig:1316,CSO2,Carrot seed oil,nombre,141-27-5,Geranial,IFRA_STD_021,0.03,anexo,
fig:1316,CSO2,Carrot seed oil,nombre,106-24-1,Geraniol,IFRA_STD_037,1.43,anexo,
fig:1316,CSO2,Carrot seed oil,nombre,6485-40-1,l-Carvone,IFRA_STD_016,0.05,anexo,
fig:1316,CSO2,Carrot seed oil,nombre,106-26-3,Neral,IFRA_STD_021,0.01,anexo,
fig:1316,CSO2,Carrot seed oil,nombre,536-60-7,p-Isopropylbenzyl alcohol,IFRA_STD_194,0.06,anexo,
fig:1316,CSO2,Carrot seed oil,nombre,2883-98-9,trans-Asarone/alpha-Asarone,IFRA_STD_110,0.19,anexo,
fig:1359,CECO,"Cedarwood oil, Chinese",nombre,515-69-5,alpha-Bisabolol,IFRA_STD_192,0.6,anexo,
fig:1359,CECO,"Cedarwood oil, Chinese",nombre,469-61-4,alpha-Cedrene,IFRA_STD_197,19.1,anexo,
fig:1359,CECO,"Cedarwood oil, Chinese",nombre,546-28-1,beta-Cedrene,IFRA_STD_197,6,anexo,
fig:1365,CETO,"Cedarwood oil, Texas",nombre,515-69-5,alpha-Bisabolol,IFRA_STD_192,0.15,anexo,
fig:1365,CETO,"Cedarwood oil, Texas",nombre,469-61-4,alpha-Cedrene,IFRA_STD_197,12,anexo,
fig:1365,CETO,"Cedarwood oil, Texas",nombre,546-28-1,beta-Cedrene,IFRA_STD_197,3,anexo,
fig:1365,CETO,"Cedarwood oil, Texas",nombre,475-20-7,Longifolene,IFRA_STD_199,0.4,anexo,
fig:1367,CVO,"Cedarwood oil, Virginian",nombre,515-69-5,alpha-Bisabolol,IFRA_STD_192,0.6,anexo,
fig:1367,CVO,"Cedarwood oil, Virginian",nombre,469-61-4,alpha-Cedrene,IFRA_STD_197,24.3,anexo,
fig:1367,CVO,"Cedarwood oil, Virginian",nombre,546-28-1,beta-Cedrene,IFRA_STD_197,5.9,anexo,
fig:1388,CFBO,"Chamomile flower oil, blue",nombre,515-69-5,alpha-Bisabolol,IFRA_STD_192,4,anexo,
fig:1389,CHFO,"Chamomile flower oil, blue",nombre,515-69-5,alpha-Bisabolol,IFRA_STD_192,4,anexo,
fig:1860,FNSO,"Fir needle oil, Siberian",nombre,515-69-5,alpha-Bisabolol,IFRA_STD_192,0.2,anexo,
fig:1860,FNSO,"Fir needle oil, Siberian",nombre,106-24-1,Geraniol,IFRA_STD_037,0.03,anexo,
fig:2274,MsO,Mastic oil,nombre,515-69-5,alpha-Bisabolol,IFRA_STD_192,0.08,anexo,
fig:2274,MsO,Mastic oil,nombre,106-24-1,Geraniol,IFRA_STD_037,0.05,anexo,
fig:2274,MsO,Mastic oil,nombre,93-15-2,Methyl eugenol,IFRA_STD_100,0.02,anexo,
ncs:populus-nigra-absolute,PNA,Populus nigra absolute,nombre,515-69-5,alpha-Bisabolol,IFRA_STD_192,0.2,anexo,
fig:2843,SaO,Sandalwood oil,nombre,515-69-5,alpha-Bisabolol,IFRA_STD_192,0.22,anexo,
fig:2845,SAAO,"Sandalwood oil, Australian",nombre,515-69-5,alpha-Bisabolol,IFRA_STD_192,3.02,anexo,
fig:2845,SAAO,"Sandalwood oil, Australian",nombre,106-28-5,trans-trans-Farnesol,IFRA_STD_036,8.38,anexo,
ncs:sandalwood-oil-new-caledonian,SNO,"Sandalwood oil, New Caledonian",nombre,515-69-5,alpha-Bisabolol,IFRA_STD_192,0.47,anexo,
ncs:sandalwood-oil-new-caledonian,SNO,"Sandalwood oil, New Caledonian",nombre,106-28-5,trans-trans-Farnesol,IFRA_STD_036,0.85,anexo,
fig:2859,STE,Schinus terebenthifolius CO2 extract,nombre,515-69-5,alpha-Bisabolol,IFRA_STD_192,0.3,anexo,
fig:2859,STE,Schinus terebenthifolius CO2 extract,nombre,150-84-5,Citronellyl acetate,IFRA_STD_248,0.25,anexo,
ncs:turmeric-oil,TurO,Turmeric oil,nombre,515-69-5,alpha-Bisabolol,IFRA_STD_192,0.1,anexo,
ncs:turmeric-oil,TurO,Turmeric oil,nombre,97-53-0,Eugenol,IFRA_STD_035,1,anexo,
ncs:zdravetz-oil,ZdO,Zdravetz oil,nombre,515-69-5,alpha-Bisabolol,IFRA_STD_192,2,anexo,
fig:1299,CnO,Cananga oil,nombre,469-61-4,alpha-Cedrene,IFRA_STD_197,0.4,anexo,
fig:1299,CnO,Cananga oil,nombre,120-51-4,Benzyl benzoate,IFRA_STD_009,4.2,anexo,
fig:1299,CnO,Cananga oil,nombre,118-58-1,Benzyl salicylate,IFRA_STD_011,0.4,anexo,
fig:1299,CnO,Cananga oil,nombre,97-53-0,Eugenol,IFRA_STD_035,0.4,anexo,
fig:1299,CnO,Cananga oil,nombre,4602-84-0,Farnesol,IFRA_STD_036,2,anexo,
fig:1299,CnO,Cananga oil,nombre,106-24-1,Geraniol,IFRA_STD_037,0.7,anexo,
fig:1299,CnO,Cananga oil,nombre,93-15-2,Methyl eugenol,IFRA_STD_100,0.2,anexo,
fig:1357,CATO,"Cedarwood oil, Atlas",nombre,469-61-4,alpha-Cedrene,IFRA_STD_197,1.5,anexo,
fig:1357,CATO,"Cedarwood oil, Atlas",nombre,475-20-7,Longifolene,IFRA_STD_199,0.6,anexo,
fig:1605,CyO,Cypress oil,nombre,469-61-4,alpha-Cedrene,IFRA_STD_197,0.36,anexo,
fig:1605,CyO,Cypress oil,nombre,546-28-1,beta-Cedrene,IFRA_STD_197,0.38,anexo,
fig:1972,HeA,Helichrysum absolute,nombre,469-61-4,alpha-Cedrene,IFRA_STD_197,0.08,anexo,
fig:1972,HeA,Helichrysum absolute,nombre,106-24-1,Geraniol,IFRA_STD_037,0.03,anexo,
fig:2136,JBO,Juniper berry oil,nombre,469-61-4,alpha-Cedrene,IFRA_STD_197,0.4,anexo,
fig:2136,JBO,Juniper berry oil,nombre,471-15-8,beta-Thujone,IFRA_STD_102,0.05,anexo,
fig:2136,JBO,Juniper berry oil,nombre,150-84-5,Citronellyl acetate,IFRA_STD_248,0.19,anexo,
fig:2136,JBO,Juniper berry oil,nombre,106-24-1,Geraniol,IFRA_STD_037,0.1,anexo,
fig:2136,JBO,Juniper berry oil,nombre,475-20-7,Longifolene,IFRA_STD_199,0.1,anexo,
fig:2695,PDO,"Pine needle, dwarf, oil",nombre,469-61-4,alpha-Cedrene,IFRA_STD_197,0.25,anexo,
fig:2695,PDO,"Pine needle, dwarf, oil",nombre,475-20-7,Longifolene,IFRA_STD_199,0.15,anexo,
ncs:verbena-absolute,VerA,Verbena absolute,nombre,469-61-4,alpha-Cedrene,IFRA_STD_197,0.5,anexo,
ncs:verbena-absolute,VerA,Verbena absolute,nombre,546-28-1,beta-Cedrene,IFRA_STD_197,0.1,anexo,
ncs:verbena-absolute,VerA,Verbena absolute,nombre,5273-86-9,cis-Asarone/beta-Asarone,IFRA_STD_110,0.01,anexo,
ncs:verbena-absolute,VerA,Verbena absolute,nombre,5392-40-5,Citral,IFRA_STD_021,25.6,anexo,
ncs:verbena-absolute,VerA,Verbena absolute,nombre,106-22-9,dl-Citronellol,IFRA_STD_022,0.45,anexo,
ncs:verbena-absolute,VerA,Verbena absolute,nombre,97-53-0,Eugenol,IFRA_STD_035,0.55,anexo,
ncs:verbena-absolute,VerA,Verbena absolute,nombre,106-24-1,Geraniol,IFRA_STD_037,4.1,anexo,
ncs:verbena-absolute,VerA,Verbena absolute,nombre,93-15-2,Methyl eugenol,IFRA_STD_100,0.1,anexo,
ncs:verbena-absolute,VerA,Verbena absolute,nombre,2883-98-9,trans-Asarone/alpha-Asarone,IFRA_STD_110,0.1,anexo,
ncs:vetiver-oil-all-origins,VeAO,Vetiver oil (all origins),nombre,469-61-4,alpha-Cedrene,IFRA_STD_197,0.2,anexo,
ncs:vetiver-oil-all-origins,VeAO,Vetiver oil (all origins),nombre,546-28-1,beta-Cedrene,IFRA_STD_197,0.1,anexo,
fig:1108,ARVO,Armoise vulgaris oil,nombre,546-80-5,alpha-Thujone,IFRA_STD_102,50,anexo,
fig:1108,ARVO,Armoise vulgaris oil,nombre,471-15-8,beta-Thujone,IFRA_STD_102,7.5,anexo,
fig:1108,ARVO,Armoise vulgaris oil,nombre,97-53-0,Eugenol,IFRA_STD_035,1,anexo,
fig:1108,ARVO,Armoise vulgaris oil,nombre,106-24-1,Geraniol,IFRA_STD_037,1,anexo,
ncs:artemesia-afra-oil,ArO,Artemesia afra oil,nombre,546-80-5,alpha-Thujone,IFRA_STD_102,50,anexo,
ncs:artemesia-afra-oil,ArO,Artemesia afra oil,nombre,471-15-8,beta-Thujone,IFRA_STD_102,10,anexo,
fig:1109,AHO,Artemisia herba-alba oil,nombre,546-80-5,alpha-Thujone,IFRA_STD_102,39,anexo,
fig:1109,AHO,Artemisia herba-alba oil,nombre,471-15-8,beta-Thujone,IFRA_STD_102,10,anexo,
fig:1348,CELO,Cedar leaf oil,nombre,546-80-5,alpha-Thujone,IFRA_STD_102,55,anexo,
fig:1348,CELO,Cedar leaf oil,nombre,471-15-8,beta-Thujone,IFRA_STD_102,10,anexo,
fig:1349,CCO,"Cedar leaf oil, China",nombre,546-80-5,alpha-Thujone,IFRA_STD_102,2.3,anexo,
fig:1349,CCO,"Cedar leaf oil, China",nombre,471-15-8,beta-Thujone,IFRA_STD_102,10,anexo,
fig:2029,HyO,Hyssop oil,nombre,546-80-5,alpha-Thujone,IFRA_STD_102,0.2,anexo,
fig:2029,HyO,Hyssop oil,nombre,471-15-8,beta-Thujone,IFRA_STD_102,0.2,anexo,
fig:2029,HyO,Hyssop oil,nombre,140-67-0,Estragole,IFRA_STD_099,0.17,anexo,
fig:2029,HyO,Hyssop oil,nombre,6728-26-3,Hexen-2-al,IFRA_STD_039,0.2,anexo,
fig:2029,HyO,Hyssop oil,nombre,93-15-2,Methyl eugenol,IFRA_STD_100,0.2,anexo,
ncs:mentha-longifolia-oil,MeO,Mentha longifolia oil,nombre,546-80-5,alpha-Thujone,IFRA_STD_102,7.1,anexo,
ncs:mentha-longifolia-oil,MeO,Mentha longifolia oil,nombre,471-15-8,beta-Thujone,IFRA_STD_102,1,anexo,
ncs:mentha-longifolia-oil,MeO,Mentha longifolia oil,nombre,99-49-0,Carvone,IFRA_STD_016,1,anexo,
fig:2521,OlO,Olibanum oil,nombre,546-80-5,alpha-Thujone,IFRA_STD_102,0.1,anexo,
fig:2521,OlO,Olibanum oil,nombre,471-15-8,beta-Thujone,IFRA_STD_102,0.4,anexo,
ncs:olibanum-sacra-oil,OlSO,Olibanum sacra oil,nombre,546-80-5,alpha-Thujone,IFRA_STD_102,0.1,anexo,
ncs:olibanum-sacra-oil,OlSO,Olibanum sacra oil,nombre,471-15-8,beta-Thujone,IFRA_STD_102,0.2,anexo,
ncs:olibanum-sacra-oil,OlSO,Olibanum sacra oil,nombre,99-49-0,Carvone,IFRA_STD_016,0.3,anexo,
fig:2838,SDO,Sage Dalmatian oil,nombre,546-80-5,alpha-Thujone,IFRA_STD_102,25,anexo,
fig:2838,SDO,Sage Dalmatian oil,nombre,471-15-8,beta-Thujone,IFRA_STD_102,8,anexo,
ncs:sage-dalmatian-oleoresin,SDL,Sage Dalmatian oleoresin,nombre,546-80-5,alpha-Thujone,IFRA_STD_102,7.3,anexo,
ncs:sage-dalmatian-oleoresin,SDL,Sage Dalmatian oleoresin,nombre,471-15-8,beta-Thujone,IFRA_STD_102,2.7,anexo,
fig:2839,SSO,"Sage oil, Spanish",nombre,546-80-5,alpha-Thujone,IFRA_STD_102,0.01,anexo,
fig:2839,SSO,"Sage oil, Spanish",nombre,471-15-8,beta-Thujone,IFRA_STD_102,0.02,anexo,
fig:2839,SSO,"Sage oil, Spanish",nombre,106-24-1,Geraniol,IFRA_STD_037,0.3,anexo,
ncs:sage-oleoresin,SaL,Sage oleoresin,nombre,546-80-5,alpha-Thujone,IFRA_STD_102,7.5,anexo,
ncs:sage-oleoresin,SaL,Sage oleoresin,nombre,471-15-8,beta-Thujone,IFRA_STD_102,2.5,anexo,
fig:2853,SASO,Savory summer oil,nombre,546-80-5,alpha-Thujone,IFRA_STD_102,1.5,anexo,
fig:2853,SASO,Savory summer oil,nombre,471-15-8,beta-Thujone,IFRA_STD_102,0.5,anexo,
fig:2893,SPBO,"Spruce oil, Black",nombre,546-80-5,alpha-Thujone,IFRA_STD_102,0.17,anexo,
fig:2893,SPBO,"Spruce oil, Black",nombre,106-22-9,dl-Citronellol,IFRA_STD_022,0.2,anexo,
fig:2893,SPBO,"Spruce oil, Black",nombre,475-20-7,Longifolene,IFRA_STD_199,0.25,anexo,
fig:2931,TsO,Tansy oil,nombre,546-80-5,alpha-Thujone,IFRA_STD_102,0.5,anexo,
fig:2931,TsO,Tansy oil,nombre,471-15-8,beta-Thujone,IFRA_STD_102,71,anexo,
fig:1335,CsA,Cassie absolute,nombre,105-13-5,Anisyl alcohol,IFRA_STD_006,0.8,anexo,
fig:1335,CsA,Cassie absolute,nombre,100-52-7,Benzaldehyde,IFRA_STD_007,0.3,anexo,
fig:1335,CsA,Cassie absolute,nombre,100-51-6,Benzyl alcohol,IFRA_STD_008,2.7,anexo,
fig:1335,CsA,Cassie absolute,nombre,120-51-4,Benzyl benzoate,IFRA_STD_009,0.05,anexo,
fig:1335,CsA,Cassie absolute,nombre,118-58-1,Benzyl salicylate,IFRA_STD_011,0.03,anexo,
fig:1335,CsA,Cassie absolute,nombre,5392-40-5,Citral,IFRA_STD_021,0.03,anexo,
fig:1335,CsA,Cassie absolute,nombre,97-53-0,Eugenol,IFRA_STD_035,0.06,anexo,
fig:1335,CsA,Cassie absolute,nombre,106-24-1,Geraniol,IFRA_STD_037,1,anexo,
fig:1335,CsA,Cassie absolute,nombre,123-11-5,p-Methoxybenzaldehyde,IFRA_STD_054,1,anexo,
fig:2396,MiA,Mimosa absolute,nombre,105-13-5,Anisyl alcohol,IFRA_STD_006,0.12,anexo,
fig:2396,MiA,Mimosa absolute,nombre,100-52-7,Benzaldehyde,IFRA_STD_007,0.08,anexo,
fig:2396,MiA,Mimosa absolute,nombre,100-51-6,Benzyl alcohol,IFRA_STD_008,0.19,anexo,
fig:2396,MiA,Mimosa absolute,nombre,120-51-4,Benzyl benzoate,IFRA_STD_009,0.12,anexo,
fig:2396,MiA,Mimosa absolute,nombre,118-58-1,Benzyl salicylate,IFRA_STD_011,0.02,anexo,
fig:2396,MiA,Mimosa absolute,nombre,97-53-0,Eugenol,IFRA_STD_035,0.02,anexo,
fig:2396,MiA,Mimosa absolute,nombre,123-11-5,p-Methoxybenzaldehyde,IFRA_STD_054,0.1,anexo,
fig:3065,VaA,Vanilla absolute,nombre,105-13-5,Anisyl alcohol,IFRA_STD_006,0.03,anexo,
fig:3065,VaA,Vanilla absolute,nombre,123-11-5,p-Methoxybenzaldehyde,IFRA_STD_054,0.03,anexo,
fig:3066,VCE,Vanilla CO2 extract,nombre,105-13-5,Anisyl alcohol,IFRA_STD_006,0.02,anexo,
fig:3066,VCE,Vanilla CO2 extract,nombre,123-11-5,p-Methoxybenzaldehyde,IFRA_STD_054,0,anexo,
fig:3068,VaL,Vanilla oleoresin,nombre,105-13-5,Anisyl alcohol,IFRA_STD_006,0.7,anexo,
fig:3068,VaL,Vanilla oleoresin,nombre,123-11-5,p-Methoxybenzaldehyde,IFRA_STD_054,0.03,anexo,
fig:3069,VTA,Vanilla tahitensis absolute,nombre,105-13-5,Anisyl alcohol,IFRA_STD_006,0.07,anexo,
fig:3069,VTA,Vanilla tahitensis absolute,nombre,123-11-5,p-Methoxybenzaldehyde,IFRA_STD_054,0,anexo,
fig:3070,VTE,Vanilla tahitensis CO2 extract,nombre,105-13-5,Anisyl alcohol,IFRA_STD_006,0,anexo,
fig:3070,VTE,Vanilla tahitensis CO2 extract,nombre,123-11-5,p-Methoxybenzaldehyde,IFRA_STD_054,0,anexo,
fig:3072,VaT,Vanilla tincture,nombre,105-13-5,Anisyl alcohol,IFRA_STD_006,0.01,anexo,
fig:1029,ABO,"Almond oil, bitter",nombre,100-52-7,Benzaldehyde,IFRA_STD_007,99,anexo,
ncs:benzoin-infusion-sumatra,BIT,"Benzoin infusion, Sumatra",nombre,100-52-7,Benzaldehyde,IFRA_STD_007,0.001,anexo,
ncs:benzoin-infusion-sumatra,BIT,"Benzoin infusion, Sumatra",nombre,120-51-4,Benzyl benzoate,IFRA_STD_009,0.018,anexo,
ncs:benzoin-infusion-sumatra,BIT,"Benzoin infusion, Sumatra",nombre,103-41-3,Benzyl cinnamate,IFRA_STD_010,0.4,anexo,
ncs:benzoin-infusion-sumatra,BIT,"Benzoin infusion, Sumatra",nombre,104-54-1,Cinnamic alcohol,IFRA_STD_017,0.006,anexo,
ncs:benzoin-infusion-sumatra,BIT,"Benzoin infusion, Sumatra",nombre,97-53-0,Eugenol,IFRA_STD_035,0.001,anexo,
fig:1289,CjO,Cajuput oil,nombre,100-52-7,Benzaldehyde,IFRA_STD_007,0.1,anexo,
fig:1289,CjO,Cajuput oil,nombre,106-24-1,Geraniol,IFRA_STD_037,0.2,anexo,
fig:1331,CABO,Cassia  bark oil,nombre,100-52-7,Benzaldehyde,IFRA_STD_007,1.3,anexo,
fig:1331,CABO,Cassia  bark oil,nombre,120-51-4,Benzyl benzoate,IFRA_STD_009,0.08,anexo,
fig:1331,CABO,Cassia  bark oil,nombre,104-54-1,Cinnamic alcohol,IFRA_STD_017,0.3,anexo,IFRA escribe «0..3»; se lee 0.3
fig:1331,CABO,Cassia  bark oil,nombre,104-55-2,Cinnamic aldehyde,IFRA_STD_018,78.85,anexo,
fig:1331,CABO,Cassia  bark oil,nombre,91-64-5,Coumarin,IFRA_STD_023,2.85,anexo,
fig:1331,CABO,Cassia  bark oil,nombre,97-53-0,Eugenol,IFRA_STD_035,0.1,anexo,
fig:1331,CABO,Cassia  bark oil,nombre,97-54-1,Isoeugenol,IFRA_STD_048,0.1,anexo,
fig:1331,CABO,Cassia  bark oil,nombre,1504-74-1,o-Methoxycinnamaldehyde,IFRA_STD_055,0.7,anexo,
ncs:cassia-bark-oleoresin,CaBL,Cassia bark oleoresin,nombre,100-52-7,Benzaldehyde,IFRA_STD_007,0.95,anexo,
ncs:cassia-bark-oleoresin,CaBL,Cassia bark oleoresin,nombre,120-51-4,Benzyl benzoate,IFRA_STD_009,0.06,anexo,
ncs:cassia-bark-oleoresin,CaBL,Cassia bark oleoresin,nombre,104-54-1,Cinnamic alcohol,IFRA_STD_017,0.37,anexo,
ncs:cassia-bark-oleoresin,CaBL,Cassia bark oleoresin,nombre,104-55-2,Cinnamic aldehyde,IFRA_STD_018,46.23,anexo,
ncs:cassia-bark-oleoresin,CaBL,Cassia bark oleoresin,nombre,91-64-5,Coumarin,IFRA_STD_023,3.27,anexo,
ncs:cassia-bark-oleoresin,CaBL,Cassia bark oleoresin,nombre,97-53-0,Eugenol,IFRA_STD_035,0.02,anexo,
ncs:cassia-bark-oleoresin,CaBL,Cassia bark oleoresin,nombre,1504-74-1,o-Methoxycinnamaldehyde,IFRA_STD_055,0.94,anexo,
fig:1332,CsO,Cassia oil,nombre,100-52-7,Benzaldehyde,IFRA_STD_007,1,anexo,
fig:1332,CsO,Cassia oil,nombre,120-51-4,Benzyl benzoate,IFRA_STD_009,0.1,anexo,
fig:1332,CsO,Cassia oil,nombre,104-54-1,Cinnamic alcohol,IFRA_STD_017,0.2,anexo,
fig:1332,CsO,Cassia oil,nombre,104-55-2,Cinnamic aldehyde,IFRA_STD_018,79.5,anexo,
fig:1332,CsO,Cassia oil,nombre,91-64-5,Coumarin,IFRA_STD_023,2,anexo,
fig:1332,CsO,Cassia oil,nombre,97-53-0,Eugenol,IFRA_STD_035,0.1,anexo,
fig:1332,CsO,Cassia oil,nombre,97-54-1,Isoeugenol,IFRA_STD_048,0.1,anexo,
fig:1332,CsO,Cassia oil,nombre,1504-74-1,o-Methoxycinnamaldehyde,IFRA_STD_055,9,anexo,
fig:1400,CBCE,Cinnamon bark CO2 extract,nombre,100-52-7,Benzaldehyde,IFRA_STD_007,0.1,anexo,
fig:1400,CBCE,Cinnamon bark CO2 extract,nombre,120-51-4,Benzyl benzoate,IFRA_STD_009,1.8,anexo,
fig:1400,CBCE,Cinnamon bark CO2 extract,nombre,104-54-1,Cinnamic alcohol,IFRA_STD_017,1.1,anexo,
fig:1400,CBCE,Cinnamon bark CO2 extract,nombre,104-55-2,Cinnamic aldehyde,IFRA_STD_018,77.5,anexo,
fig:1400,CBCE,Cinnamon bark CO2 extract,nombre,91-64-5,Coumarin,IFRA_STD_023,0.1,anexo,
fig:1400,CBCE,Cinnamon bark CO2 extract,nombre,97-53-0,Eugenol,IFRA_STD_035,2.5,anexo,
fig:1400,CBCE,Cinnamon bark CO2 extract,nombre,97-54-1,Isoeugenol,IFRA_STD_048,0.05,anexo,
fig:1402,CIBO,Cinnamon bark oil,nombre,100-52-7,Benzaldehyde,IFRA_STD_007,0.2,anexo,
fig:1402,CIBO,Cinnamon bark oil,nombre,120-51-4,Benzyl benzoate,IFRA_STD_009,0.6,anexo,
fig:1402,CIBO,Cinnamon bark oil,nombre,104-54-1,Cinnamic alcohol,IFRA_STD_017,0.3,anexo,
fig:1402,CIBO,Cinnamon bark oil,nombre,104-55-2,Cinnamic aldehyde,IFRA_STD_018,75,anexo,
fig:1402,CIBO,Cinnamon bark oil,nombre,91-64-5,Coumarin,IFRA_STD_023,0.6,anexo,
fig:1402,CIBO,Cinnamon bark oil,nombre,97-53-0,Eugenol,IFRA_STD_035,2,anexo,
fig:1402,CIBO,Cinnamon bark oil,nombre,97-54-1,Isoeugenol,IFRA_STD_048,0.02,anexo,
fig:1402,CIBO,Cinnamon bark oil,nombre,1504-74-1,o-Methoxycinnamaldehyde,IFRA_STD_055,0.5,anexo,
fig:1402,CIBO,Cinnamon bark oil,nombre,94-59-7,Safrole,IFRA_STD_179,0.2,anexo,
fig:1403,CBLO,"Cinnamon bark oil, Laos",nombre,100-52-7,Benzaldehyde,IFRA_STD_007,0.5,anexo,
fig:1403,CBLO,"Cinnamon bark oil, Laos",nombre,120-51-4,Benzyl benzoate,IFRA_STD_009,0.01,anexo,
fig:1403,CBLO,"Cinnamon bark oil, Laos",nombre,104-54-1,Cinnamic alcohol,IFRA_STD_017,0.5,anexo,
fig:1403,CBLO,"Cinnamon bark oil, Laos",nombre,104-55-2,Cinnamic aldehyde,IFRA_STD_018,95,anexo,
fig:1403,CBLO,"Cinnamon bark oil, Laos",nombre,91-64-5,Coumarin,IFRA_STD_023,3,anexo,
fig:1403,CBLO,"Cinnamon bark oil, Laos",nombre,4602-84-0,Farnesol,IFRA_STD_036,0.01,anexo,
fig:1404,CILO,Cinnamon leaf oil,nombre,100-52-7,Benzaldehyde,IFRA_STD_007,0.16,anexo,
fig:1404,CILO,Cinnamon leaf oil,nombre,100-51-6,Benzyl alcohol,IFRA_STD_008,0.1,anexo,
fig:1404,CILO,Cinnamon leaf oil,nombre,120-51-4,Benzyl benzoate,IFRA_STD_009,3.5,anexo,
fig:1404,CILO,Cinnamon leaf oil,nombre,104-55-2,Cinnamic aldehyde,IFRA_STD_018,1.5,anexo,
fig:1404,CILO,Cinnamon leaf oil,nombre,91-64-5,Coumarin,IFRA_STD_023,0.3,anexo,
fig:1404,CILO,Cinnamon leaf oil,nombre,97-53-0,Eugenol,IFRA_STD_035,74,anexo,
fig:1404,CILO,Cinnamon leaf oil,nombre,4602-84-0,Farnesol,IFRA_STD_036,0.12,anexo,
fig:1404,CILO,Cinnamon leaf oil,nombre,97-54-1,Isoeugenol,IFRA_STD_048,0.13,anexo,
fig:1404,CILO,Cinnamon leaf oil,nombre,93-15-2,Methyl eugenol,IFRA_STD_100,0.01,anexo,
fig:1404,CILO,Cinnamon leaf oil,nombre,94-59-7,Safrole,IFRA_STD_179,1.2,anexo,
fig:1462,CiA,Cistus absolute,nombre,100-52-7,Benzaldehyde,IFRA_STD_007,0.6,anexo,
fig:1462,CiA,Cistus absolute,nombre,104-54-1,Cinnamic alcohol,IFRA_STD_017,0.03,anexo,
fig:1462,CiA,Cistus absolute,nombre,97-53-0,Eugenol,IFRA_STD_035,0.06,anexo,
fig:1462,CiA,Cistus absolute,nombre,106-24-1,Geraniol,IFRA_STD_037,0.01,anexo,
fig:1464,CiC,Cistus concrete,nombre,100-52-7,Benzaldehyde,IFRA_STD_007,0.6,anexo,
fig:1466,CtO,Cistus oil,nombre,100-52-7,Benzaldehyde,IFRA_STD_007,0.9,anexo,
fig:1466,CtO,Cistus oil,nombre,97-42-7,Carvyl acetate,IFRA_STD_243,0.18,anexo,
fig:1466,CtO,Cistus oil,nombre,97-53-0,Eugenol,IFRA_STD_035,0.4,anexo,
fig:1466,CtO,Cistus oil,nombre,78-59-1,Isophorone,IFRA_STD_154,0.2,anexo,
fig:1466,CtO,Cistus oil,nombre,6485-40-1,l-Carvone,IFRA_STD_016,0.6,anexo,
fig:1467,CuO,Cistus oil,nombre,100-52-7,Benzaldehyde,IFRA_STD_007,0.9,anexo,
fig:1467,CuO,Cistus oil,nombre,97-42-7,Carvyl acetate,IFRA_STD_243,0.18,anexo,
fig:1467,CuO,Cistus oil,nombre,97-53-0,Eugenol,IFRA_STD_035,0.4,anexo,
fig:1467,CuO,Cistus oil,nombre,78-59-1,Isophorone,IFRA_STD_154,0.2,anexo,
fig:1467,CuO,Cistus oil,nombre,6485-40-1,l-Carvone,IFRA_STD_016,0.6,anexo,
fig:1619,DaO,Davana oil,nombre,100-52-7,Benzaldehyde,IFRA_STD_007,0.2,anexo,
ncs:hyacinth-absolute,HyaA,Hyacinth absolute,nombre,100-52-7,Benzaldehyde,IFRA_STD_007,0.1,anexo,
ncs:hyacinth-absolute,HyaA,Hyacinth absolute,nombre,100-51-6,Benzyl alcohol,IFRA_STD_008,40,anexo,
ncs:hyacinth-absolute,HyaA,Hyacinth absolute,nombre,120-51-4,Benzyl benzoate,IFRA_STD_009,6,anexo,
ncs:hyacinth-absolute,HyaA,Hyacinth absolute,nombre,118-58-1,Benzyl salicylate,IFRA_STD_011,0.2,anexo,
ncs:hyacinth-absolute,HyaA,Hyacinth absolute,nombre,104-54-1,Cinnamic alcohol,IFRA_STD_017,11.2,anexo,
ncs:hyacinth-absolute,HyaA,Hyacinth absolute,nombre,104-55-2,Cinnamic aldehyde,IFRA_STD_018,0.3,anexo,
ncs:hyacinth-absolute,HyaA,Hyacinth absolute,nombre,97-53-0,Eugenol,IFRA_STD_035,0.2,anexo,
ncs:hyacinth-absolute,HyaA,Hyacinth absolute,nombre,106-24-1,Geraniol,IFRA_STD_037,0.03,anexo,
ncs:hyacinth-absolute,HyaA,Hyacinth absolute,nombre,93-15-2,Methyl eugenol,IFRA_STD_100,1.5,anexo,
ncs:jasmine-grandiflorum-absolute,JasmA,Jasmine grandiflorum absolute,nombre,100-52-7,Benzaldehyde,IFRA_STD_007,0.02,anexo,
ncs:jasmine-grandiflorum-absolute,JasmA,Jasmine grandiflorum absolute,nombre,140-29-4,Benzyl cyanide,IFRA_STD_112,0.02,anexo,
ncs:jasmine-grandiflorum-absolute,JasmA,Jasmine grandiflorum absolute,nombre,1319-77-3,Cresol (unspecified),IFRA_STD_260,0.7,anexo,
ncs:jasmine-grandiflorum-absolute,JasmA,Jasmine grandiflorum absolute,nombre,106-24-1,Geraniol,IFRA_STD_037,0.02,anexo,
ncs:jasmine-grandiflorum-absolute,JasmA,Jasmine grandiflorum absolute,nombre,97-54-1,Isoeugenol,IFRA_STD_048,0.12,anexo,
fig:2148,LAE,Labdanum extract ambreine,nombre,100-52-7,Benzaldehyde,IFRA_STD_007,0.8,anexo,
fig:2149,LG,Labdanum gum,nombre,100-52-7,Benzaldehyde,IFRA_STD_007,0.2,anexo,
fig:2150,LaO,Labdanum oil,nombre,100-52-7,Benzaldehyde,IFRA_STD_007,0.38,anexo,
fig:2150,LaO,Labdanum oil,nombre,99-49-0,Carvone,IFRA_STD_016,0.25,anexo,
fig:2150,LaO,Labdanum oil,nombre,97-53-0,Eugenol,IFRA_STD_035,0.5,anexo,
fig:2150,LaO,Labdanum oil,nombre,106-24-1,Geraniol,IFRA_STD_037,0.12,anexo,
fig:2150,LaO,Labdanum oil,nombre,93-15-2,Methyl eugenol,IFRA_STD_100,0.05,anexo,
fig:2151,LaL,Labdanum oleoresin,nombre,100-52-7,Benzaldehyde,IFRA_STD_007,0.2,anexo,
fig:2152,LaR,Labdanum resinoid,nombre,100-52-7,Benzaldehyde,IFRA_STD_007,0.03,anexo,
fig:2449,NiO,Niaouli oil,nombre,100-52-7,Benzaldehyde,IFRA_STD_007,0.2,anexo,
fig:2449,NiO,Niaouli oil,nombre,106-22-9,dl-Citronellol,IFRA_STD_022,0.1,anexo,
fig:2638,PrO,Perilla oil,nombre,100-52-7,Benzaldehyde,IFRA_STD_007,0.33,anexo,
fig:2638,PrO,Perilla oil,nombre,5392-40-5,Citral,IFRA_STD_021,0.17,anexo,
fig:2638,PrO,Perilla oil,nombre,122-03-2,Cuminaldehyde,IFRA_STD_024,0.24,anexo,
fig:2638,PrO,Perilla oil,nombre,2111-75-3,Perilla aldehyde,IFRA_STD_052,53.78,anexo,
fig:2798,RoA,Rose absolute,nombre,100-52-7,Benzaldehyde,IFRA_STD_007,0.02,anexo,
fig:2798,RoA,Rose absolute,nombre,100-51-6,Benzyl alcohol,IFRA_STD_008,0.54,anexo,
fig:2798,RoA,Rose absolute,nombre,120-51-4,Benzyl benzoate,IFRA_STD_009,0.02,anexo,
fig:2798,RoA,Rose absolute,nombre,150-84-5,Citronellyl acetate,IFRA_STD_248,0.13,anexo,
fig:2798,RoA,Rose absolute,nombre,106-22-9,dl-Citronellol,IFRA_STD_022,4.02,anexo,
fig:2798,RoA,Rose absolute,nombre,97-53-0,Eugenol,IFRA_STD_035,0.65,anexo,
fig:2798,RoA,Rose absolute,nombre,4602-84-0,Farnesol,IFRA_STD_036,0.32,anexo,
fig:2798,RoA,Rose absolute,nombre,141-27-5,Geranial,IFRA_STD_021,0.07,anexo,
fig:2798,RoA,Rose absolute,nombre,106-24-1,Geraniol,IFRA_STD_037,1.64,anexo,
fig:2798,RoA,Rose absolute,nombre,93-15-2,Methyl eugenol,IFRA_STD_100,0.43,anexo,
fig:2798,RoA,Rose absolute,nombre,106-26-3,Neral,IFRA_STD_021,0.08,anexo,
fig:2804,RoC,Rose concrete,nombre,100-52-7,Benzaldehyde,IFRA_STD_007,0.5,anexo,
fig:2804,RoC,Rose concrete,nombre,5392-40-5,Citral,IFRA_STD_021,0.16,anexo,
fig:2804,RoC,Rose concrete,nombre,150-84-5,Citronellyl acetate,IFRA_STD_248,0.03,anexo,
fig:2804,RoC,Rose concrete,nombre,106-22-9,dl-Citronellol,IFRA_STD_022,4.7,anexo,
fig:2804,RoC,Rose concrete,nombre,97-53-0,Eugenol,IFRA_STD_035,1,anexo,
fig:2804,RoC,Rose concrete,nombre,106-24-1,Geraniol,IFRA_STD_037,2.7,anexo,
fig:2804,RoC,Rose concrete,nombre,93-15-2,Methyl eugenol,IFRA_STD_100,0.5,anexo,
fig:2906,SyE,Styrax extract,nombre,100-52-7,Benzaldehyde,IFRA_STD_007,0.05,anexo,
fig:2906,SyE,Styrax extract,nombre,78277-23-3,Benzyl trans-cinnamate,,1,anexo,
fig:2906,SyE,Styrax extract,nombre,104-54-1,Cinnamic alcohol,IFRA_STD_017,0.8,anexo,
fig:2906,SyE,Styrax extract,nombre,104-55-2,Cinnamic aldehyde,IFRA_STD_018,0.05,anexo,
fig:2906,SyE,Styrax extract,nombre,1319-77-3,Cresol (unspecified),IFRA_STD_260,0.39,anexo,
fig:2907,StO,Styrax oil,nombre,100-52-7,Benzaldehyde,IFRA_STD_007,0.03,anexo,
fig:2907,StO,Styrax oil,nombre,100-51-6,Benzyl alcohol,IFRA_STD_008,0.07,anexo,
fig:2907,StO,Styrax oil,nombre,120-51-4,Benzyl benzoate,IFRA_STD_009,0.02,anexo,
fig:2907,StO,Styrax oil,nombre,78277-23-3,Benzyl trans-cinnamate,,1.75,anexo,
fig:2907,StO,Styrax oil,nombre,104-54-1,Cinnamic alcohol,IFRA_STD_017,1.85,anexo,
fig:2907,StO,Styrax oil,nombre,104-55-2,Cinnamic aldehyde,IFRA_STD_018,0.03,anexo,
fig:2908,SHO,"Styrax oil, Honduras",nombre,100-52-7,Benzaldehyde,IFRA_STD_007,0.1,anexo,
fig:2908,SHO,"Styrax oil, Honduras",nombre,103-41-3,Benzyl cinnamate,IFRA_STD_010,2.1,anexo,
fig:2908,SHO,"Styrax oil, Honduras",nombre,104-54-1,Cinnamic alcohol,IFRA_STD_017,1.5,anexo,
fig:2908,SHO,"Styrax oil, Honduras",nombre,104-55-2,Cinnamic aldehyde,IFRA_STD_018,0.1,anexo,
fig:2911,SPO,"Styrax oil, pyrogenated",nombre,100-52-7,Benzaldehyde,IFRA_STD_007,0.1,anexo,
fig:2911,SPO,"Styrax oil, pyrogenated",nombre,104-54-1,Cinnamic alcohol,IFRA_STD_017,0.3,anexo,
fig:2911,SPO,"Styrax oil, pyrogenated",nombre,106-44-5,p-Cresol,IFRA_STD_260,0.3,anexo,
fig:2914,StR,Styrax resinoid,nombre,100-52-7,Benzaldehyde,IFRA_STD_007,0.04,anexo,
fig:2914,StR,Styrax resinoid,nombre,78277-23-3,Benzyl trans-cinnamate,,0.93,anexo,
fig:2914,StR,Styrax resinoid,nombre,104-54-1,Cinnamic alcohol,IFRA_STD_017,1.4,anexo,
fig:2914,StR,Styrax resinoid,nombre,104-55-2,Cinnamic aldehyde,IFRA_STD_018,0.04,anexo,
fig:1113,BPA,"Balsam absolute, Peru",nombre,100-51-6,Benzyl alcohol,IFRA_STD_008,0.43,anexo,
fig:1113,BPA,"Balsam absolute, Peru",nombre,120-51-4,Benzyl benzoate,IFRA_STD_009,32.5,anexo,
fig:1113,BPA,"Balsam absolute, Peru",nombre,103-41-3,Benzyl cinnamate,IFRA_STD_010,9.95,anexo,
fig:1117,BPO,"Balsam oil, Peru",nombre,100-51-6,Benzyl alcohol,IFRA_STD_008,1.57,anexo,
fig:1117,BPO,"Balsam oil, Peru",nombre,120-51-4,Benzyl benzoate,IFRA_STD_009,59.17,anexo,
fig:1117,BPO,"Balsam oil, Peru",nombre,103-41-3,Benzyl cinnamate,IFRA_STD_010,16.38,anexo,
fig:1118,BAPO,"Balsam oil, Peru",nombre,100-51-6,Benzyl alcohol,IFRA_STD_008,1.57,anexo,
fig:1118,BAPO,"Balsam oil, Peru",nombre,120-51-4,Benzyl benzoate,IFRA_STD_009,59.17,anexo,
fig:1118,BAPO,"Balsam oil, Peru",nombre,103-41-3,Benzyl cinnamate,IFRA_STD_010,16.38,anexo,
fig:1119,BPR,"Balsam resinoid, Peru",nombre,100-51-6,Benzyl alcohol,IFRA_STD_008,0.17,anexo,
fig:1119,BPR,"Balsam resinoid, Peru",nombre,120-51-4,Benzyl benzoate,IFRA_STD_009,14.16,anexo,
fig:1119,BPR,"Balsam resinoid, Peru",nombre,103-41-3,Benzyl cinnamate,IFRA_STD_010,9.02,anexo,
fig:1311,CrA,Carnation absolute,nombre,100-51-6,Benzyl alcohol,IFRA_STD_008,0.2,anexo,
fig:1311,CrA,Carnation absolute,nombre,120-51-4,Benzyl benzoate,IFRA_STD_009,13,anexo,
fig:1311,CrA,Carnation absolute,nombre,118-58-1,Benzyl salicylate,IFRA_STD_011,7,anexo,
fig:1311,CrA,Carnation absolute,nombre,97-53-0,Eugenol,IFRA_STD_035,18,anexo,
fig:1393,ChA,Champaca absolute,nombre,100-51-6,Benzyl alcohol,IFRA_STD_008,0.64,anexo,
fig:1393,ChA,Champaca absolute,nombre,120-51-4,Benzyl benzoate,IFRA_STD_009,0.53,anexo,
fig:1393,ChA,Champaca absolute,nombre,140-29-4,Benzyl cyanide,IFRA_STD_112,1,anexo,
fig:1393,ChA,Champaca absolute,nombre,104-54-1,Cinnamic alcohol,IFRA_STD_017,0.02,anexo,
fig:1393,ChA,Champaca absolute,nombre,97-53-0,Eugenol,IFRA_STD_035,0.55,anexo,
fig:1393,ChA,Champaca absolute,nombre,97-54-1,Isoeugenol,IFRA_STD_048,0.03,anexo,
fig:1393,ChA,Champaca absolute,nombre,93-15-2,Methyl eugenol,IFRA_STD_100,0.01,anexo,
fig:1393,ChA,Champaca absolute,nombre,106-28-5,trans-trans-Farnesol,IFRA_STD_036,0.01,anexo,
fig:1507,CLBP,Clove bud oil terpenes,nombre,100-51-6,Benzyl alcohol,IFRA_STD_008,0.01,anexo,
fig:1507,CLBP,Clove bud oil terpenes,nombre,97-53-0,Eugenol,IFRA_STD_035,27,anexo,
fig:1507,CLBP,Clove bud oil terpenes,nombre,106-24-1,Geraniol,IFRA_STD_037,0.05,anexo,
fig:1507,CLBP,Clove bud oil terpenes,nombre,93-15-2,Methyl eugenol,IFRA_STD_100,0.1,anexo,
fig:2123,JaA,Jasmine absolute,nombre,100-51-6,Benzyl alcohol,IFRA_STD_008,1.08,anexo,
fig:2123,JaA,Jasmine absolute,nombre,120-51-4,Benzyl benzoate,IFRA_STD_009,10.07,anexo,
fig:2123,JaA,Jasmine absolute,nombre,140-29-4,Benzyl cyanide,IFRA_STD_112,0.02,anexo,
fig:2123,JaA,Jasmine absolute,nombre,118-58-1,Benzyl salicylate,IFRA_STD_011,0.17,anexo,
fig:2123,JaA,Jasmine absolute,nombre,97-53-0,Eugenol,IFRA_STD_035,1.53,anexo,
fig:2125,JaC,Jasmine concrete,nombre,100-51-6,Benzyl alcohol,IFRA_STD_008,1.08,anexo,
fig:2125,JaC,Jasmine concrete,nombre,120-51-4,Benzyl benzoate,IFRA_STD_009,10.07,anexo,
fig:2125,JaC,Jasmine concrete,nombre,118-58-1,Benzyl salicylate,IFRA_STD_011,0.17,anexo,
fig:2125,JaC,Jasmine concrete,nombre,97-53-0,Eugenol,IFRA_STD_035,1.53,anexo,
ncs:jasmine-officinale-absolute,JOA,Jasmine officinale absolute,nombre,100-51-6,Benzyl alcohol,IFRA_STD_008,3,anexo,
ncs:jasmine-officinale-absolute,JOA,Jasmine officinale absolute,nombre,120-51-4,Benzyl benzoate,IFRA_STD_009,10,anexo,
ncs:jasmine-officinale-absolute,JOA,Jasmine officinale absolute,nombre,118-58-1,Benzyl salicylate,IFRA_STD_011,0.2,anexo,
ncs:jasmine-officinale-absolute,JOA,Jasmine officinale absolute,nombre,1319-77-3,Cresol (unspecified),IFRA_STD_260,0.01,anexo,
ncs:jasmine-officinale-absolute,JOA,Jasmine officinale absolute,nombre,97-53-0,Eugenol,IFRA_STD_035,2,anexo,
ncs:jasmine-officinale-absolute,JOA,Jasmine officinale absolute,nombre,106-24-1,Geraniol,IFRA_STD_037,0.1,anexo,
ncs:jasmine-officinale-absolute,JOA,Jasmine officinale absolute,nombre,97-54-1,Isoeugenol,IFRA_STD_048,0.1,anexo,
fig:2397,MiC,Mimosa concrete,nombre,100-51-6,Benzyl alcohol,IFRA_STD_008,0.04,anexo,
fig:2430,NPA,Narcissus poeticus absolute,nombre,100-51-6,Benzyl alcohol,IFRA_STD_008,2.8,anexo,
fig:2430,NPA,Narcissus poeticus absolute,nombre,120-51-4,Benzyl benzoate,IFRA_STD_009,8.9,anexo,
fig:2430,NPA,Narcissus poeticus absolute,nombre,91-64-5,Coumarin,IFRA_STD_023,1.2,anexo,
fig:2901,StA,Styrax absolute,nombre,100-51-6,Benzyl alcohol,IFRA_STD_008,2.5,anexo,
fig:2901,StA,Styrax absolute,nombre,103-41-3,Benzyl cinnamate,IFRA_STD_010,0.17,anexo,
fig:2901,StA,Styrax absolute,nombre,104-54-1,Cinnamic alcohol,IFRA_STD_017,0.82,anexo,
fig:2901,StA,Styrax absolute,nombre,5932-68-3,trans-Isoeugenol,IFRA_STD_048,0.03,anexo,
fig:2905,SEP,Styrax essence pyrogenated,nombre,100-51-6,Benzyl alcohol,IFRA_STD_008,0.15,anexo,
fig:2905,SEP,Styrax essence pyrogenated,nombre,103-41-3,Benzyl cinnamate,IFRA_STD_010,0.15,anexo,
fig:2905,SEP,Styrax essence pyrogenated,nombre,104-54-1,Cinnamic alcohol,IFRA_STD_017,0.25,anexo,
fig:2905,SEP,Styrax essence pyrogenated,nombre,106-44-5,p-Cresol,IFRA_STD_260,0.35,anexo,
fig:2974,ThA,Thyme absolute,nombre,100-51-6,Benzyl alcohol,IFRA_STD_008,0.3,anexo,
fig:2974,ThA,Thyme absolute,nombre,97-53-0,Eugenol,IFRA_STD_035,0.12,anexo,
fig:2974,ThA,Thyme absolute,nombre,4602-84-0,Farnesol,IFRA_STD_036,0.02,anexo,
fig:2974,ThA,Thyme absolute,nombre,106-24-1,Geraniol,IFRA_STD_037,0.03,anexo,
fig:2974,ThA,Thyme absolute,nombre,6485-40-1,l-Carvone,IFRA_STD_016,0.05,anexo,
fig:2974,ThA,Thyme absolute,nombre,93-15-2,Methyl eugenol,IFRA_STD_100,0.01,anexo,
fig:3043,TuA,Tuberose absolute,nombre,100-51-6,Benzyl alcohol,IFRA_STD_008,0.5,anexo,
fig:3043,TuA,Tuberose absolute,nombre,120-51-4,Benzyl benzoate,IFRA_STD_009,5.5,anexo,
fig:3043,TuA,Tuberose absolute,nombre,140-29-4,Benzyl cyanide,IFRA_STD_112,0.8,anexo,
fig:3043,TuA,Tuberose absolute,nombre,118-58-1,Benzyl salicylate,IFRA_STD_011,3.6,anexo,
fig:3043,TuA,Tuberose absolute,nombre,97-53-0,Eugenol,IFRA_STD_035,0.5,anexo,
fig:3043,TuA,Tuberose absolute,nombre,4602-84-0,Farnesol,IFRA_STD_036,0.3,anexo,
fig:3043,TuA,Tuberose absolute,nombre,106-24-1,Geraniol,IFRA_STD_037,0.1,anexo,
fig:3043,TuA,Tuberose absolute,nombre,97-54-1,Isoeugenol,IFRA_STD_048,1.5,anexo,
fig:3043,TuA,Tuberose absolute,nombre,93-15-2,Methyl eugenol,IFRA_STD_100,1.8,anexo,
fig:3044,TuC,Tuberose concrete,nombre,100-51-6,Benzyl alcohol,IFRA_STD_008,0.5,anexo,
fig:3044,TuC,Tuberose concrete,nombre,120-51-4,Benzyl benzoate,IFRA_STD_009,0.72,anexo,
fig:3044,TuC,Tuberose concrete,nombre,118-58-1,Benzyl salicylate,IFRA_STD_011,2.1,anexo,
fig:3044,TuC,Tuberose concrete,nombre,97-53-0,Eugenol,IFRA_STD_035,0.48,anexo,
fig:3044,TuC,Tuberose concrete,nombre,4602-84-0,Farnesol,IFRA_STD_036,0.3,anexo,
fig:3044,TuC,Tuberose concrete,nombre,106-24-1,Geraniol,IFRA_STD_037,0.1,anexo,
fig:3044,TuC,Tuberose concrete,nombre,97-54-1,Isoeugenol,IFRA_STD_048,1.5,anexo,
fig:3044,TuC,Tuberose concrete,nombre,93-15-2,Methyl eugenol,IFRA_STD_100,1.07,anexo,
fig:3110,YgO,Ylang ylang oil I,nombre,100-51-6,Benzyl alcohol,IFRA_STD_008,0.09,anexo,
fig:3110,YgO,Ylang ylang oil I,nombre,120-51-4,Benzyl benzoate,IFRA_STD_009,5.86,anexo,
fig:3110,YgO,Ylang ylang oil I,nombre,103-41-3,Benzyl cinnamate,IFRA_STD_010,0.03,anexo,
fig:3110,YgO,Ylang ylang oil I,nombre,140-29-4,Benzyl cyanide,IFRA_STD_112,0.05,anexo,
fig:3110,YgO,Ylang ylang oil I,nombre,118-58-1,Benzyl salicylate,IFRA_STD_011,2.58,anexo,
fig:3110,YgO,Ylang ylang oil I,nombre,104-54-1,Cinnamic alcohol,IFRA_STD_017,0.01,anexo,
fig:3110,YgO,Ylang ylang oil I,nombre,5392-40-5,Citral,IFRA_STD_021,0.12,anexo,
fig:3110,YgO,Ylang ylang oil I,nombre,1319-77-3,Cresol (unspecified),IFRA_STD_260,0.03,anexo,
fig:3110,YgO,Ylang ylang oil I,nombre,140-67-0,Estragole,IFRA_STD_099,0.2,anexo,
fig:3110,YgO,Ylang ylang oil I,nombre,97-53-0,Eugenol,IFRA_STD_035,0.58,anexo,
fig:3110,YgO,Ylang ylang oil I,nombre,106-24-1,Geraniol,IFRA_STD_037,1.38,anexo,
fig:3110,YgO,Ylang ylang oil I,nombre,97-54-1,Isoeugenol,IFRA_STD_048,0.51,anexo,
fig:3110,YgO,Ylang ylang oil I,nombre,93-29-8,Isoeugenyl acetate,IFRA_STD_255,0.07,anexo,
fig:3110,YgO,Ylang ylang oil I,nombre,93-15-2,Methyl eugenol,IFRA_STD_100,0.04,anexo,
fig:3110,YgO,Ylang ylang oil I,nombre,106-28-5,trans-trans-Farnesol,IFRA_STD_036,1.82,anexo,
fig:3111,YIO,Ylang ylang oil II,nombre,100-51-6,Benzyl alcohol,IFRA_STD_008,0.09,anexo,
fig:3111,YIO,Ylang ylang oil II,nombre,120-51-4,Benzyl benzoate,IFRA_STD_009,7.81,anexo,
fig:3111,YIO,Ylang ylang oil II,nombre,140-29-4,Benzyl cyanide,IFRA_STD_112,0.02,anexo,
fig:3111,YIO,Ylang ylang oil II,nombre,118-58-1,Benzyl salicylate,IFRA_STD_011,2.36,anexo,
fig:3111,YIO,Ylang ylang oil II,nombre,104-54-1,Cinnamic alcohol,IFRA_STD_017,0.02,anexo,
fig:3111,YIO,Ylang ylang oil II,nombre,5392-40-5,Citral,IFRA_STD_021,0.09,anexo,
fig:3111,YIO,Ylang ylang oil II,nombre,1319-77-3,Cresol (unspecified),IFRA_STD_260,0.03,anexo,
fig:3111,YIO,Ylang ylang oil II,nombre,140-67-0,Estragole,IFRA_STD_099,0.13,anexo,
fig:3111,YIO,Ylang ylang oil II,nombre,97-53-0,Eugenol,IFRA_STD_035,0.69,anexo,
fig:3111,YIO,Ylang ylang oil II,nombre,106-24-1,Geraniol,IFRA_STD_037,1.43,anexo,
fig:3111,YIO,Ylang ylang oil II,nombre,97-54-1,Isoeugenol,IFRA_STD_048,0.24,anexo,
fig:3111,YIO,Ylang ylang oil II,nombre,93-29-8,Isoeugenyl acetate,IFRA_STD_255,0.05,anexo,
fig:3111,YIO,Ylang ylang oil II,nombre,93-15-2,Methyl eugenol,IFRA_STD_100,0.03,anexo,
fig:3111,YIO,Ylang ylang oil II,nombre,106-28-5,trans-trans-Farnesol,IFRA_STD_036,2.35,anexo,
fig:3112,YLIO,Ylang ylang oil III,nombre,100-51-6,Benzyl alcohol,IFRA_STD_008,0.04,anexo,
fig:3112,YLIO,Ylang ylang oil III,nombre,120-51-4,Benzyl benzoate,IFRA_STD_009,6.23,anexo,
fig:3112,YLIO,Ylang ylang oil III,nombre,103-41-3,Benzyl cinnamate,IFRA_STD_010,0.02,anexo,
fig:3112,YLIO,Ylang ylang oil III,nombre,140-29-4,Benzyl cyanide,IFRA_STD_112,0.02,anexo,
fig:3112,YLIO,Ylang ylang oil III,nombre,118-58-1,Benzyl salicylate,IFRA_STD_011,2.48,anexo,
fig:3112,YLIO,Ylang ylang oil III,nombre,104-54-1,Cinnamic alcohol,IFRA_STD_017,0.02,anexo,
fig:3112,YLIO,Ylang ylang oil III,nombre,5392-40-5,Citral,IFRA_STD_021,0.02,anexo,
fig:3112,YLIO,Ylang ylang oil III,nombre,140-67-0,Estragole,IFRA_STD_099,0.03,anexo,
fig:3112,YLIO,Ylang ylang oil III,nombre,97-53-0,Eugenol,IFRA_STD_035,0.45,anexo,
fig:3112,YLIO,Ylang ylang oil III,nombre,106-24-1,Geraniol,IFRA_STD_037,0.32,anexo,
fig:3112,YLIO,Ylang ylang oil III,nombre,97-54-1,Isoeugenol,IFRA_STD_048,0.54,anexo,
fig:3112,YLIO,Ylang ylang oil III,nombre,93-29-8,Isoeugenyl acetate,IFRA_STD_255,0.03,anexo,
fig:3112,YLIO,Ylang ylang oil III,nombre,93-15-2,Methyl eugenol,IFRA_STD_100,0.04,anexo,
fig:3112,YLIO,Ylang ylang oil III,nombre,106-28-5,trans-trans-Farnesol,IFRA_STD_036,1.76,anexo,
ncs:ylang-ylang-oil-complete,YYO,"Ylang, Ylang oil complete",nombre,100-51-6,Benzyl alcohol,IFRA_STD_008,0.25,anexo,
ncs:ylang-ylang-oil-complete,YYO,"Ylang, Ylang oil complete",nombre,120-51-4,Benzyl benzoate,IFRA_STD_009,6.32,anexo,
ncs:ylang-ylang-oil-complete,YYO,"Ylang, Ylang oil complete",nombre,118-58-1,Benzyl salicylate,IFRA_STD_011,3.11,anexo,
ncs:ylang-ylang-oil-complete,YYO,"Ylang, Ylang oil complete",nombre,97-53-0,Eugenol,IFRA_STD_035,0.31,anexo,
ncs:ylang-ylang-oil-complete,YYO,"Ylang, Ylang oil complete",nombre,4602-84-0,Farnesol,IFRA_STD_036,1.5,anexo,
ncs:ylang-ylang-oil-complete,YYO,"Ylang, Ylang oil complete",nombre,106-24-1,Geraniol,IFRA_STD_037,0.67,anexo,
ncs:ylang-ylang-oil-complete,YYO,"Ylang, Ylang oil complete",nombre,97-54-1,Isoeugenol,IFRA_STD_048,0.52,anexo,
ncs:ylang-ylang-oil-complete,YYO,"Ylang, Ylang oil complete",nombre,93-29-8,Isoeugenyl acetate,IFRA_STD_255,0.12,anexo,
fig:3109,YnO,"Ylang, Ylang oil extra",nombre,100-51-6,Benzyl alcohol,IFRA_STD_008,0.24,anexo,
fig:3109,YnO,"Ylang, Ylang oil extra",nombre,120-51-4,Benzyl benzoate,IFRA_STD_009,5.73,anexo,
fig:3109,YnO,"Ylang, Ylang oil extra",nombre,140-29-4,Benzyl cyanide,IFRA_STD_112,0.02,anexo,
fig:3109,YnO,"Ylang, Ylang oil extra",nombre,118-58-1,Benzyl salicylate,IFRA_STD_011,3.35,anexo,
fig:3109,YnO,"Ylang, Ylang oil extra",nombre,5392-40-5,Citral,IFRA_STD_021,0.01,anexo,
fig:3109,YnO,"Ylang, Ylang oil extra",nombre,140-67-0,Estragole,IFRA_STD_099,0.02,anexo,
fig:3109,YnO,"Ylang, Ylang oil extra",nombre,97-53-0,Eugenol,IFRA_STD_035,0.34,anexo,
fig:3109,YnO,"Ylang, Ylang oil extra",nombre,4602-84-0,Farnesol,IFRA_STD_036,1.36,anexo,
fig:3109,YnO,"Ylang, Ylang oil extra",nombre,106-24-1,Geraniol,IFRA_STD_037,0.64,anexo,
fig:3109,YnO,"Ylang, Ylang oil extra",nombre,97-54-1,Isoeugenol,IFRA_STD_048,0.99,anexo,
fig:3109,YnO,"Ylang, Ylang oil extra",nombre,93-29-8,Isoeugenyl acetate,IFRA_STD_255,0.12,anexo,
fig:3106,YlA,Ylang-ylang absolute,nombre,100-51-6,Benzyl alcohol,IFRA_STD_008,0.5,anexo,
fig:3106,YlA,Ylang-ylang absolute,nombre,120-51-4,Benzyl benzoate,IFRA_STD_009,7,anexo,
fig:3106,YlA,Ylang-ylang absolute,nombre,118-58-1,Benzyl salicylate,IFRA_STD_011,3.5,anexo,
fig:3106,YlA,Ylang-ylang absolute,nombre,1319-77-3,Cresol (unspecified),IFRA_STD_260,0.31,anexo,
fig:3106,YlA,Ylang-ylang absolute,nombre,97-53-0,Eugenol,IFRA_STD_035,0.5,anexo,
fig:3106,YlA,Ylang-ylang absolute,nombre,106-24-1,Geraniol,IFRA_STD_037,1,anexo,
fig:3106,YlA,Ylang-ylang absolute,nombre,97-54-1,Isoeugenol,IFRA_STD_048,0.5,anexo,
fig:3106,YlA,Ylang-ylang absolute,nombre,93-29-8,Isoeugenyl acetate,IFRA_STD_255,0.05,anexo,
fig:3106,YlA,Ylang-ylang absolute,nombre,106-28-5,trans-trans-Farnesol,IFRA_STD_036,1.5,anexo,
fig:1168,BSR,"Benzoin resinoid, Siam",nombre,120-51-4,Benzyl benzoate,IFRA_STD_009,0.25,anexo,
fig:1168,BSR,"Benzoin resinoid, Siam",nombre,103-41-3,Benzyl cinnamate,IFRA_STD_010,0.36,anexo,
fig:1168,BSR,"Benzoin resinoid, Siam",nombre,104-54-1,Cinnamic alcohol,IFRA_STD_017,0.36,anexo,
fig:1168,BSR,"Benzoin resinoid, Siam",nombre,104-55-2,Cinnamic aldehyde,IFRA_STD_018,0.01,anexo,
fig:1168,BSR,"Benzoin resinoid, Siam",nombre,97-54-1,Isoeugenol,IFRA_STD_048,0.1,anexo,
fig:1169,BESR,"Benzoin resinoid, Sumatra",nombre,120-51-4,Benzyl benzoate,IFRA_STD_009,0.04,anexo,
fig:1169,BESR,"Benzoin resinoid, Sumatra",nombre,103-41-3,Benzyl cinnamate,IFRA_STD_010,0.45,anexo,
fig:1169,BESR,"Benzoin resinoid, Sumatra",nombre,104-54-1,Cinnamic alcohol,IFRA_STD_017,0.01,anexo,
fig:1169,BESR,"Benzoin resinoid, Sumatra",nombre,1319-77-3,Cresol (unspecified),IFRA_STD_260,0.01,anexo,
fig:1169,BESR,"Benzoin resinoid, Sumatra",nombre,97-54-1,Isoeugenol,IFRA_STD_048,0.01,anexo,
fig:1508,CLBA,Clove bud absolute,nombre,120-51-4,Benzyl benzoate,IFRA_STD_009,0.07,anexo,
fig:1508,CLBA,Clove bud absolute,nombre,118-58-1,Benzyl salicylate,IFRA_STD_011,0.04,anexo,
fig:1508,CLBA,Clove bud absolute,nombre,97-53-0,Eugenol,IFRA_STD_035,69.08,anexo,
fig:1508,CLBA,Clove bud absolute,nombre,97-54-1,Isoeugenol,IFRA_STD_048,0.01,anexo,
fig:1508,CLBA,Clove bud absolute,nombre,93-29-8,Isoeugenyl acetate,IFRA_STD_255,0.01,anexo,
fig:2124,JCE,Jasmine CO2 extract,nombre,120-51-4,Benzyl benzoate,IFRA_STD_009,5,anexo,
fig:2124,JCE,Jasmine CO2 extract,nombre,1319-77-3,Cresol (unspecified),IFRA_STD_260,0.016,anexo,
fig:2124,JCE,Jasmine CO2 extract,nombre,97-53-0,Eugenol,IFRA_STD_035,1,anexo,
fig:2820,RwO,Rosewood oil,nombre,120-51-4,Benzyl benzoate,IFRA_STD_009,1.2,anexo,
fig:2820,RwO,Rosewood oil,nombre,106-24-1,Geraniol,IFRA_STD_037,0.8,anexo,
fig:1901,GeA,Genet absolute,nombre,140-29-4,Benzyl cyanide,IFRA_STD_112,0.1,anexo,
fig:1901,GeA,Genet absolute,nombre,97-53-0,Eugenol,IFRA_STD_035,0.02,anexo,
fig:1901,GeA,Genet absolute,nombre,106-24-1,Geraniol,IFRA_STD_037,0.13,anexo,
fig:1901,GeA,Genet absolute,nombre,85-91-6,Methyl N-methylanthranilate,IFRA_STD_094,0.34,anexo,
ncs:karo-karunde-absolute,KKA,Karo karunde absolute,nombre,140-29-4,Benzyl cyanide,IFRA_STD_112,5,anexo,
ncs:magnolia-flower-oil,MaFO,Magnolia flower oil,nombre,140-29-4,Benzyl cyanide,IFRA_STD_112,0.09,anexo,
fig:2536,OBA,Orange blossoms absolute,nombre,140-29-4,Benzyl cyanide,IFRA_STD_112,0.52,anexo,
fig:2536,OBA,Orange blossoms absolute,nombre,4602-84-0,Farnesol,IFRA_STD_036,3.72,anexo,
fig:2536,OBA,Orange blossoms absolute,nombre,106-24-1,Geraniol,IFRA_STD_037,0.49,anexo,
fig:2539,OFO,"Orange flower oil, bitter (neroli and neroli bigarade)",nombre,140-29-4,Benzyl cyanide,IFRA_STD_112,0.16,anexo,
fig:2539,OFO,"Orange flower oil, bitter (neroli and neroli bigarade)",nombre,106-22-9,dl-Citronellol,IFRA_STD_022,0.04,anexo,
fig:2539,OFO,"Orange flower oil, bitter (neroli and neroli bigarade)",nombre,141-27-5,Geranial,IFRA_STD_021,0.1,anexo,
fig:2539,OFO,"Orange flower oil, bitter (neroli and neroli bigarade)",nombre,106-24-1,Geraniol,IFRA_STD_037,2.66,anexo,
fig:2539,OFO,"Orange flower oil, bitter (neroli and neroli bigarade)",nombre,106-26-3,Neral,IFRA_STD_021,0.04,anexo,
fig:2539,OFO,"Orange flower oil, bitter (neroli and neroli bigarade)",nombre,106-28-5,trans-trans-Farnesol,IFRA_STD_036,2.18,anexo,
fig:2540,OWA,Orange flower water absolute,nombre,140-29-4,Benzyl cyanide,IFRA_STD_112,0.83,anexo,
fig:2540,OWA,Orange flower water absolute,nombre,106-22-9,dl-Citronellol,IFRA_STD_022,0.02,anexo,
fig:2540,OWA,Orange flower water absolute,nombre,4602-84-0,Farnesol,IFRA_STD_036,1.08,anexo,
fig:2540,OWA,Orange flower water absolute,nombre,141-27-5,Geranial,IFRA_STD_021,0.02,anexo,
fig:2540,OWA,Orange flower water absolute,nombre,106-24-1,Geraniol,IFRA_STD_037,8.84,anexo,
fig:2540,OWA,Orange flower water absolute,nombre,106-26-3,Neral,IFRA_STD_021,0.01,anexo,
fig:2543,OFC,"Orange flower, bitter, concrete",nombre,140-29-4,Benzyl cyanide,IFRA_STD_112,0.31,anexo,
fig:2543,OFC,"Orange flower, bitter, concrete",nombre,4602-84-0,Farnesol,IFRA_STD_036,1.95,anexo,
fig:2543,OFC,"Orange flower, bitter, concrete",nombre,106-24-1,Geraniol,IFRA_STD_037,0.23,anexo,
fig:3045,TuO,Tuberose oil,nombre,140-29-4,Benzyl cyanide,IFRA_STD_112,0.17,anexo,
fig:2937,TETO,Tea tree oil,nombre,546-28-1,beta-Cedrene,IFRA_STD_197,0.03,anexo,
fig:2937,TETO,Tea tree oil,nombre,93-15-2,Methyl eugenol,IFRA_STD_100,0.05,anexo,
fig:2511,OlA,Olibanum absolute,nombre,471-15-8,beta-Thujone,IFRA_STD_102,0.2,anexo,
fig:2515,OLCO,Olibanum carterii oil,nombre,471-15-8,beta-Thujone,IFRA_STD_102,0.4,anexo,
fig:2516,OCAO,Olibanum carterii oil,nombre,471-15-8,beta-Thujone,IFRA_STD_102,0.4,anexo,
fig:2919,TEO,Tagetes erecta oil,nombre,471-15-8,beta-Thujone,IFRA_STD_102,0.5,anexo,
fig:2921,TAMO,Tagetes minuta oil,nombre,471-15-8,beta-Thujone,IFRA_STD_102,0.5,anexo,
fig:2921,TAMO,Tagetes minuta oil,nombre,150-84-5,Citronellyl acetate,IFRA_STD_248,0.43,anexo,
ncs:thyme-oil-wild,ThO,"Thyme oil, wild",nombre,471-15-8,beta-Thujone,IFRA_STD_102,0.2,anexo,
fig:1242,BUCO,"Bucchu oil, crenulata",nombre,99-49-0,Carvone,IFRA_STD_016,0.19,anexo,
fig:1242,BUCO,"Bucchu oil, crenulata",nombre,93-15-2,Methyl eugenol,IFRA_STD_100,0.19,anexo,
fig:1942,GinO,Gingergrass oil,nombre,99-49-0,Carvone,IFRA_STD_016,4,anexo,
fig:1942,GinO,Gingergrass oil,nombre,106-24-1,Geraniol,IFRA_STD_037,0.04,anexo,
fig:1942,GinO,Gingergrass oil,nombre,2111-75-3,Perilla aldehyde,IFRA_STD_052,0.2,anexo,
fig:1952,GrP,Grapefruit oil terpenes,nombre,99-49-0,Carvone,IFRA_STD_016,0.09,anexo,
fig:1952,GrP,Grapefruit oil terpenes,nombre,5392-40-5,Citral,IFRA_STD_021,0.01,anexo,
fig:1952,GrP,Grapefruit oil terpenes,nombre,106-23-0,Citronellal,IFRA_STD_206,0.01,anexo,
fig:2269,MASO,"Marjoram oil, sweet",nombre,99-49-0,Carvone,IFRA_STD_016,0.4,anexo,
fig:2269,MASO,"Marjoram oil, sweet",nombre,106-24-1,Geraniol,IFRA_STD_037,0.3,anexo,
ncs:nigella-sativa-oil,NSO,Nigella sativa oil,nombre,99-49-0,Carvone,IFRA_STD_016,8,anexo,
ncs:nigella-sativa-oil,NSO,Nigella sativa oil,nombre,475-20-7,Longifolene,IFRA_STD_199,1.8,anexo,
fig:2547,OBO,"Orange oil, bitter",nombre,99-49-0,Carvone,IFRA_STD_016,0.05,anexo,
fig:2547,OBO,"Orange oil, bitter",nombre,141-27-5,Geranial,IFRA_STD_021,0.05,anexo,
fig:2547,OBO,"Orange oil, bitter",nombre,106-24-1,Geraniol,IFRA_STD_037,0.02,anexo,
fig:2547,OBO,"Orange oil, bitter",nombre,106-26-3,Neral,IFRA_STD_021,0.03,anexo,
fig:2547,OBO,"Orange oil, bitter",nombre,2111-75-3,Perilla aldehyde,IFRA_STD_052,0.02,anexo,
fig:2548,ORBO,"Orange oil, bitter",nombre,99-49-0,Carvone,IFRA_STD_016,0.05,anexo,
fig:2548,ORBO,"Orange oil, bitter",nombre,141-27-5,Geranial,IFRA_STD_021,0.05,anexo,
fig:2548,ORBO,"Orange oil, bitter",nombre,106-24-1,Geraniol,IFRA_STD_037,0.02,anexo,
fig:2548,ORBO,"Orange oil, bitter",nombre,106-26-3,Neral,IFRA_STD_021,0.03,anexo,
fig:2548,ORBO,"Orange oil, bitter",nombre,2111-75-3,Perilla aldehyde,IFRA_STD_052,0.02,anexo,
fig:2555,OSP,"Orange oil, sweet, terpenes",nombre,99-49-0,Carvone,IFRA_STD_016,0.08,anexo,
fig:2555,OSP,"Orange oil, sweet, terpenes",nombre,5392-40-5,Citral,IFRA_STD_021,0.01,anexo,
fig:2555,OSP,"Orange oil, sweet, terpenes",nombre,2111-75-3,Perilla aldehyde,IFRA_STD_052,0.01,anexo,
fig:2565,OrO,Origanum oil,nombre,99-49-0,Carvone,IFRA_STD_016,0.1,anexo,
fig:2565,OrO,Origanum oil,nombre,97-53-0,Eugenol,IFRA_STD_035,0.08,anexo,
fig:2634,PpO,Peppermint oil,nombre,99-49-0,Carvone,IFRA_STD_016,0.1,anexo,
fig:2634,PpO,Peppermint oil,nombre,35154-45-1,cis-3-Hexenyl isovalerate,IFRA_STD_245,0.1,anexo,
fig:3063,VRO,Valerian root oil,nombre,97-42-7,Carvyl acetate,IFRA_STD_243,0.05,anexo,
fig:1910,GeO,Geranium oil,nombre,35154-45-1,cis-3-Hexenyl isovalerate,IFRA_STD_245,0.1,anexo,
fig:1910,GeO,Geranium oil,nombre,5392-40-5,Citral,IFRA_STD_021,0.5,anexo,
fig:1910,GeO,Geranium oil,nombre,106-23-0,Citronellal,IFRA_STD_206,0.15,anexo,
fig:1910,GeO,Geranium oil,nombre,150-84-5,Citronellyl acetate,IFRA_STD_248,0.5,anexo,
fig:1910,GeO,Geranium oil,nombre,106-24-1,Geraniol,IFRA_STD_037,17.7,anexo,
fig:1910,GeO,Geranium oil,nombre,7540-51-4,l-Citronellol,IFRA_STD_022,21.1,anexo,
fig:2285,MAO,Mentha arvensis oil,nombre,35154-45-1,cis-3-Hexenyl isovalerate,IFRA_STD_245,0.98,anexo,
fig:2285,MAO,Mentha arvensis oil,nombre,6485-40-1,l-Carvone,IFRA_STD_016,0.25,anexo,
fig:1290,ClO,Calamus oil,nombre,5273-86-9,cis-Asarone/beta-Asarone,IFRA_STD_110,70,anexo,
fig:1290,ClO,Calamus oil,nombre,97-53-0,Eugenol,IFRA_STD_035,0.2,anexo,
fig:1290,ClO,Calamus oil,nombre,4602-84-0,Farnesol,IFRA_STD_036,0.5,anexo,
fig:1290,ClO,Calamus oil,nombre,93-15-2,Methyl eugenol,IFRA_STD_100,0.3,anexo,
fig:1290,ClO,Calamus oil,nombre,2883-98-9,trans-Asarone/alpha-Asarone,IFRA_STD_110,0.7,anexo,
fig:1536,CbO,Cubeb oil,nombre,5273-86-9,cis-Asarone/beta-Asarone,IFRA_STD_110,2.98,anexo,
fig:1536,CbO,Cubeb oil,nombre,122-03-2,Cuminaldehyde,IFRA_STD_024,0.09,anexo,
fig:1536,CbO,Cubeb oil,nombre,94-59-7,Safrole,IFRA_STD_179,0.04,anexo,
fig:1536,CbO,Cubeb oil,nombre,2883-98-9,trans-Asarone/alpha-Asarone,IFRA_STD_110,1.55,anexo,
fig:1305,CSA,Cardamom seed absolute,nombre,5392-40-5,Citral,IFRA_STD_021,0.88,anexo,
fig:1305,CSA,Cardamom seed absolute,nombre,106-24-1,Geraniol,IFRA_STD_037,0.83,anexo,
fig:1306,CSE,Cardamom seed CO2 extract,nombre,5392-40-5,Citral,IFRA_STD_021,0.88,anexo,
fig:1306,CSE,Cardamom seed CO2 extract,nombre,106-24-1,Geraniol,IFRA_STD_037,0.8,anexo,
fig:1309,CSEO,Cardamom seed oil,nombre,5392-40-5,Citral,IFRA_STD_021,0.5,anexo,
fig:1309,CSEO,Cardamom seed oil,nombre,106-24-1,Geraniol,IFRA_STD_037,1,anexo,
fig:1478,CCTO,"Citronella oil, Ceylon type",nombre,5392-40-5,Citral,IFRA_STD_021,0.8,anexo,
fig:1478,CCTO,"Citronella oil, Ceylon type",nombre,106-23-0,Citronellal,IFRA_STD_206,4.5,anexo,
fig:1478,CCTO,"Citronella oil, Ceylon type",nombre,150-84-5,Citronellyl acetate,IFRA_STD_248,0.9,anexo,
fig:1478,CCTO,"Citronella oil, Ceylon type",nombre,106-22-9,dl-Citronellol,IFRA_STD_022,6,anexo,
fig:1478,CCTO,"Citronella oil, Ceylon type",nombre,97-53-0,Eugenol,IFRA_STD_035,0.2,anexo,
fig:1478,CCTO,"Citronella oil, Ceylon type",nombre,19317-11-4,Farnesal,IFRA_STD_202,0.01,anexo,
fig:1478,CCTO,"Citronella oil, Ceylon type",nombre,106-24-1,Geraniol,IFRA_STD_037,17.7,anexo,
fig:1479,CJO,"Citronella oil, Java type",nombre,5392-40-5,Citral,IFRA_STD_021,0.8,anexo,
fig:1479,CJO,"Citronella oil, Java type",nombre,106-23-0,Citronellal,IFRA_STD_206,36,anexo,
fig:1479,CJO,"Citronella oil, Java type",nombre,150-84-5,Citronellyl acetate,IFRA_STD_248,3,anexo,
fig:1479,CJO,"Citronella oil, Java type",nombre,106-22-9,dl-Citronellol,IFRA_STD_022,11,anexo,
fig:1479,CJO,"Citronella oil, Java type",nombre,97-53-0,Eugenol,IFRA_STD_035,0.9,anexo,
fig:1479,CJO,"Citronella oil, Java type",nombre,19317-11-4,Farnesal,IFRA_STD_202,0.01,anexo,
fig:1479,CJO,"Citronella oil, Java type",nombre,106-24-1,Geraniol,IFRA_STD_037,22,anexo,
fig:1479,CJO,"Citronella oil, Java type",nombre,93-15-2,Methyl eugenol,IFRA_STD_100,0.1,anexo,
fig:1498,CIJO,Citrus junos oil,nombre,5392-40-5,Citral,IFRA_STD_021,0.01,anexo,
ncs:clementine-oil,CleO,Clementine oil,nombre,5392-40-5,Citral,IFRA_STD_021,0.15,anexo,
ncs:clementine-oil,CleO,Clementine oil,nombre,106-23-0,Citronellal,IFRA_STD_206,0.1,anexo,
ncs:clementine-oil,CleO,Clementine oil,nombre,85-91-6,Methyl N-methylanthranilate,IFRA_STD_094,0.03,anexo,
ncs:cyperus-articulatus-oil,CyAO,Cyperus articulatus oil,nombre,5392-40-5,Citral,IFRA_STD_021,0.7,anexo,
fig:1833,ERO,Eucalyptus radiata oil,nombre,5392-40-5,Citral,IFRA_STD_021,1.5,anexo,
fig:1833,ERO,Eucalyptus radiata oil,nombre,106-24-1,Geraniol,IFRA_STD_037,0.16,anexo,
fig:1912,GAO,Geranium oil African,nombre,5392-40-5,Citral,IFRA_STD_021,0.5,anexo,
fig:1912,GAO,Geranium oil African,nombre,150-84-5,Citronellyl acetate,IFRA_STD_248,0.8,anexo,
fig:1912,GAO,Geranium oil African,nombre,106-24-1,Geraniol,IFRA_STD_037,17,anexo,
fig:1912,GAO,Geranium oil African,nombre,7540-51-4,l-Citronellol,IFRA_STD_022,33,anexo,
fig:1938,GiO,Ginger oil,nombre,5392-40-5,Citral,IFRA_STD_021,2.8,anexo,
fig:1938,GiO,Ginger oil,nombre,106-23-0,Citronellal,IFRA_STD_206,0.4,anexo,
fig:1938,GiO,Ginger oil,nombre,19317-11-4,Farnesal,IFRA_STD_202,0.2,anexo,
fig:1938,GiO,Ginger oil,nombre,106-24-1,Geraniol,IFRA_STD_037,0.5,anexo,
fig:1940,GiL,Ginger oleoresin,nombre,5392-40-5,Citral,IFRA_STD_021,0.8,anexo,
fig:1940,GiL,Ginger oleoresin,nombre,106-24-1,Geraniol,IFRA_STD_037,0.1,anexo,
fig:1956,GrO3,"Grapefruit oil, terpeneless",nombre,5392-40-5,Citral,IFRA_STD_021,10,anexo,
fig:1956,GrO3,"Grapefruit oil, terpeneless",nombre,106-23-0,Citronellal,IFRA_STD_206,3.2,anexo,
fig:1956,GrO3,"Grapefruit oil, terpeneless",nombre,150-84-5,Citronellyl acetate,IFRA_STD_248,0.31,anexo,
fig:1956,GrO3,"Grapefruit oil, terpeneless",nombre,106-24-1,Geraniol,IFRA_STD_037,0.1,anexo,
fig:1956,GrO3,"Grapefruit oil, terpeneless",nombre,2111-75-3,Perilla aldehyde,IFRA_STD_052,1,anexo,
ncs:kumquat-oil-fortunella-margarita,KFO,"Kumquat oil, Fortunella margarita",nombre,5392-40-5,Citral,IFRA_STD_021,10,anexo,
ncs:kumquat-oil-fortunella-margarita,KFO,"Kumquat oil, Fortunella margarita",nombre,106-23-0,Citronellal,IFRA_STD_206,3,anexo,
ncs:kumquat-oil-fortunella-margarita,KFO,"Kumquat oil, Fortunella margarita",nombre,106-24-1,Geraniol,IFRA_STD_037,0.2,anexo,
fig:2192,LEO,Lemon essence oil,nombre,5392-40-5,Citral,IFRA_STD_021,2.03,anexo,
fig:2192,LEO,Lemon essence oil,nombre,106-23-0,Citronellal,IFRA_STD_206,0.06,anexo,
fig:2192,LEO,Lemon essence oil,nombre,106-24-1,Geraniol,IFRA_STD_037,0.09,anexo,
fig:2200,LemO,"Lemon oil, terpeneless",nombre,5392-40-5,Citral,IFRA_STD_021,40,anexo,
fig:2200,LemO,"Lemon oil, terpeneless",nombre,106-23-0,Citronellal,IFRA_STD_206,3,anexo,
fig:2200,LemO,"Lemon oil, terpeneless",nombre,150-84-5,Citronellyl acetate,IFRA_STD_248,1.72,anexo,
fig:2200,LemO,"Lemon oil, terpeneless",nombre,106-24-1,Geraniol,IFRA_STD_037,2,anexo,
ncs:meyer-lemon-oil-cold-pressed,MeLO,Meyer lemon oil. cold pressed,nombre,5392-40-5,Citral,IFRA_STD_021,5,anexo,
ncs:meyer-lemon-oil-cold-pressed,MeLO,Meyer lemon oil. cold pressed,nombre,106-23-0,Citronellal,IFRA_STD_206,0.2,anexo,
ncs:murcote-oil-expressed,MuO,"Murcote oil, expressed",nombre,5392-40-5,Citral,IFRA_STD_021,0.1,anexo,
ncs:murcote-oil-expressed,MuO,"Murcote oil, expressed",nombre,106-23-0,Citronellal,IFRA_STD_206,0.1,anexo,
fig:2537,OEO,Orange essence oil,nombre,5392-40-5,Citral,IFRA_STD_021,0.15,anexo,
fig:2560,OVO,"Orange, sweet, Valencia oil",nombre,5392-40-5,Citral,IFRA_STD_021,0.15,anexo,
fig:2584,PaO,Palmarosa oil,nombre,5392-40-5,Citral,IFRA_STD_021,0.6,anexo,
fig:2584,PaO,Palmarosa oil,nombre,4602-84-0,Farnesol,IFRA_STD_036,1,anexo,
fig:2584,PaO,Palmarosa oil,nombre,106-24-1,Geraniol,IFRA_STD_037,82.4,anexo,
ncs:petitgrain-bigarade-absolute,PeBA,Petitgrain bigarade absolute,nombre,5392-40-5,Citral,IFRA_STD_021,0.2,anexo,
ncs:petitgrain-bigarade-absolute,PeBA,Petitgrain bigarade absolute,nombre,4602-84-0,Farnesol,IFRA_STD_036,0.11,anexo,
ncs:petitgrain-bigarade-absolute,PeBA,Petitgrain bigarade absolute,nombre,106-24-1,Geraniol,IFRA_STD_037,0.85,anexo,
fig:2646,PMO,Petitgrain mandarin oil,nombre,5392-40-5,Citral,IFRA_STD_021,0.14,anexo,
fig:2646,PMO,Petitgrain mandarin oil,nombre,106-23-0,Citronellal,IFRA_STD_206,0.05,anexo,
fig:2646,PMO,Petitgrain mandarin oil,nombre,85-91-6,Methyl N-methylanthranilate,IFRA_STD_094,50.13,anexo,
fig:2926,TAEO,"Tangelo oil, expressed",nombre,5392-40-5,Citral,IFRA_STD_021,0.1,anexo,
fig:2926,TAEO,"Tangelo oil, expressed",nombre,106-23-0,Citronellal,IFRA_STD_206,0.1,anexo,
fig:2927,TaO,Tangerine oil,nombre,5392-40-5,Citral,IFRA_STD_021,0.1,anexo,
fig:2927,TaO,Tangerine oil,nombre,106-23-0,Citronellal,IFRA_STD_206,0.1,anexo,
fig:2928,TnO,Tangerine oil,nombre,5392-40-5,Citral,IFRA_STD_021,0.1,anexo,
fig:2928,TnO,Tangerine oil,nombre,106-23-0,Citronellal,IFRA_STD_206,0.1,anexo,
ncs:tangor-oil-expressed,TanO,"Tangor oil, expressed",nombre,5392-40-5,Citral,IFRA_STD_021,0.1,anexo,
ncs:tangor-oil-expressed,TanO,"Tangor oil, expressed",nombre,106-23-0,Citronellal,IFRA_STD_206,0.1,anexo,
fig:1474,CoO,Citron oil,nombre,106-23-0,Citronellal,IFRA_STD_206,0.15,anexo,
fig:1474,CoO,Citron oil,nombre,106-22-9,dl-Citronellol,IFRA_STD_022,0.12,anexo,
fig:1474,CoO,Citron oil,nombre,97-53-0,Eugenol,IFRA_STD_035,0.01,anexo,
fig:1474,CoO,Citron oil,nombre,4602-84-0,Farnesol,IFRA_STD_036,0.01,anexo,
fig:1474,CoO,Citron oil,nombre,141-27-5,Geranial,IFRA_STD_021,2.63,anexo,
fig:1474,CoO,Citron oil,nombre,106-24-1,Geraniol,IFRA_STD_037,0.71,anexo,
fig:1474,CoO,Citron oil,nombre,106-26-3,Neral,IFRA_STD_021,1.57,anexo,
fig:1475,CitO,Citron oil,nombre,106-23-0,Citronellal,IFRA_STD_206,0.15,anexo,
fig:1475,CitO,Citron oil,nombre,106-22-9,dl-Citronellol,IFRA_STD_022,0.12,anexo,
fig:1475,CitO,Citron oil,nombre,97-53-0,Eugenol,IFRA_STD_035,0.01,anexo,
fig:1475,CitO,Citron oil,nombre,4602-84-0,Farnesol,IFRA_STD_036,0.01,anexo,
fig:1475,CitO,Citron oil,nombre,141-27-5,Geranial,IFRA_STD_021,2.63,anexo,
fig:1475,CitO,Citron oil,nombre,106-24-1,Geraniol,IFRA_STD_037,0.71,anexo,
fig:1475,CitO,Citron oil,nombre,106-26-3,Neral,IFRA_STD_021,1.57,anexo,
fig:1497,CHE,Citrus hystrix extract,nombre,106-23-0,Citronellal,IFRA_STD_206,11.7,anexo,
fig:1497,CHE,Citrus hystrix extract,nombre,150-84-5,Citronellyl acetate,IFRA_STD_248,0.4,anexo,
fig:1497,CHE,Citrus hystrix extract,nombre,106-22-9,dl-Citronellol,IFRA_STD_022,3,anexo,
fig:1497,CHE,Citrus hystrix extract,nombre,106-24-1,Geraniol,IFRA_STD_037,0.7,anexo,
fig:1822,ECO,Eucalyptus citriodora oil,nombre,106-23-0,Citronellal,IFRA_STD_206,71.77,anexo,
fig:1822,ECO,Eucalyptus citriodora oil,nombre,150-84-5,Citronellyl acetate,IFRA_STD_248,1.81,anexo,
fig:1822,ECO,Eucalyptus citriodora oil,nombre,106-22-9,dl-Citronellol,IFRA_STD_022,7.37,anexo,
fig:1822,ECO,Eucalyptus citriodora oil,nombre,97-53-0,Eugenol,IFRA_STD_035,0.12,anexo,
fig:1822,ECO,Eucalyptus citriodora oil,nombre,141-27-5,Geranial,IFRA_STD_021,0.05,anexo,
fig:1822,ECO,Eucalyptus citriodora oil,nombre,106-24-1,Geraniol,IFRA_STD_037,0.11,anexo,
fig:1822,ECO,Eucalyptus citriodora oil,nombre,475-20-7,Longifolene,IFRA_STD_199,0.21,anexo,
fig:1822,ECO,Eucalyptus citriodora oil,nombre,106-26-3,Neral,IFRA_STD_021,0.03,anexo,
fig:1947,GEO,Grapefruit essence oil,nombre,106-23-0,Citronellal,IFRA_STD_206,0.07,anexo,
fig:1947,GEO,Grapefruit essence oil,nombre,141-27-5,Geranial,IFRA_STD_021,0.06,anexo,
fig:1947,GEO,Grapefruit essence oil,nombre,106-26-3,Neral,IFRA_STD_021,0.04,anexo,
ncs:lemon-oil-steam-distilled,LeSO,Lemon oil steam distilled,nombre,106-23-0,Citronellal,IFRA_STD_206,0.07,anexo,
ncs:lemon-oil-steam-distilled,LeSO,Lemon oil steam distilled,nombre,141-27-5,Geranial,IFRA_STD_021,1.36,anexo,
ncs:lemon-oil-steam-distilled,LeSO,Lemon oil steam distilled,nombre,106-24-1,Geraniol,IFRA_STD_037,0.07,anexo,
ncs:lemon-oil-steam-distilled,LeSO,Lemon oil steam distilled,nombre,106-26-3,Neral,IFRA_STD_021,0.81,anexo,
ncs:abies-alba-cone-oil,AbO,Abies alba cone oil,nombre,150-84-5,Citronellyl acetate,IFRA_STD_248,0.05,anexo,
ncs:abies-alba-cone-oil,AbO,Abies alba cone oil,nombre,475-20-7,Longifolene,IFRA_STD_199,0.3,anexo,
fig:1240,BBA,"Bucchu absolute, betulina",nombre,150-84-5,Citronellyl acetate,IFRA_STD_248,0.15,anexo,
fig:1240,BBA,"Bucchu absolute, betulina",nombre,106-22-9,dl-Citronellol,IFRA_STD_022,0.19,anexo,
fig:1240,BBA,"Bucchu absolute, betulina",nombre,93-15-2,Methyl eugenol,IFRA_STD_100,0.02,anexo,
fig:1907,GrA,Geranium absolute,nombre,150-84-5,Citronellyl acetate,IFRA_STD_248,0.41,anexo,
fig:1907,GrA,Geranium absolute,nombre,106-24-1,Geraniol,IFRA_STD_037,9,anexo,
fig:1907,GrA,Geranium absolute,nombre,7540-51-4,l-Citronellol,IFRA_STD_022,10.6,anexo,
fig:1936,GICE,Ginger CO2 extract,nombre,150-84-5,Citronellyl acetate,IFRA_STD_248,0.17,anexo,
fig:1936,GICE,Ginger CO2 extract,nombre,141-27-5,Geranial,IFRA_STD_021,0.9,anexo,
fig:1936,GICE,Ginger CO2 extract,nombre,106-24-1,Geraniol,IFRA_STD_037,0.27,anexo,
fig:1936,GICE,Ginger CO2 extract,nombre,106-26-3,Neral,IFRA_STD_021,0.57,anexo,
fig:2472,NuO,Nutmeg oil,nombre,150-84-5,Citronellyl acetate,IFRA_STD_248,0.13,anexo,
fig:2472,NuO,Nutmeg oil,nombre,1319-77-3,Cresol (unspecified),IFRA_STD_260,0.1,anexo,
fig:2472,NuO,Nutmeg oil,nombre,97-53-0,Eugenol,IFRA_STD_035,0.2,anexo,
fig:2472,NuO,Nutmeg oil,nombre,97-54-1,Isoeugenol,IFRA_STD_048,0.5,anexo,
fig:2472,NuO,Nutmeg oil,nombre,93-15-2,Methyl eugenol,IFRA_STD_100,1.2,anexo,
fig:2472,NuO,Nutmeg oil,nombre,94-59-7,Safrole,IFRA_STD_179,1.5,anexo,
ncs:rose-water-stronger,RW,Rose water stronger,nombre,150-84-5,Citronellyl acetate,IFRA_STD_248,0.02,anexo,
ncs:rose-water-stronger,RW,Rose water stronger,nombre,106-22-9,dl-Citronellol,IFRA_STD_022,1.2,anexo,
ncs:rose-water-stronger,RW,Rose water stronger,nombre,106-24-1,Geraniol,IFRA_STD_037,0.5,anexo,
ncs:rose-water-stronger,RW,Rose water stronger,nombre,93-15-2,Methyl eugenol,IFRA_STD_100,0.04,anexo,
fig:2855,SMO,Schinus molle oil,nombre,150-84-5,Citronellyl acetate,IFRA_STD_248,0.14,anexo,
fig:2855,SMO,Schinus molle oil,nombre,106-22-9,dl-Citronellol,IFRA_STD_022,0.02,anexo,
fig:2855,SMO,Schinus molle oil,nombre,4602-84-0,Farnesol,IFRA_STD_036,0.03,anexo,
fig:2855,SMO,Schinus molle oil,nombre,106-24-1,Geraniol,IFRA_STD_037,0.1,anexo,
fig:1636,DLA,Deertongue leaf absolute,nombre,91-64-5,Coumarin,IFRA_STD_023,25,anexo,
fig:1636,DLA,Deertongue leaf absolute,nombre,119-84-6,Dihydrocoumarin,IFRA_STD_029,2,anexo,
fig:1865,FlA,Flouve absolute,nombre,91-64-5,Coumarin,IFRA_STD_023,2,anexo,
fig:1970,HaA,Hay absolute,nombre,91-64-5,Coumarin,IFRA_STD_023,8,anexo,
fig:2567,OsA,Osmanthus absolute,nombre,91-64-5,Coumarin,IFRA_STD_023,0.02,anexo,
fig:2567,OsA,Osmanthus absolute,nombre,97-53-0,Eugenol,IFRA_STD_035,0.07,anexo,
fig:2567,OsA,Osmanthus absolute,nombre,106-24-1,Geraniol,IFRA_STD_037,1.2,anexo,
fig:2568,OsC,Osmanthus concrete,nombre,91-64-5,Coumarin,IFRA_STD_023,0.02,anexo,
fig:2568,OsC,Osmanthus concrete,nombre,97-53-0,Eugenol,IFRA_STD_035,0.06,anexo,
fig:2568,OsC,Osmanthus concrete,nombre,106-24-1,Geraniol,IFRA_STD_037,1.2,anexo,
fig:2989,TBA,Tonka Bean absolute,nombre,91-64-5,Coumarin,IFRA_STD_023,56.77,anexo,
fig:2989,TBA,Tonka Bean absolute,nombre,119-84-6,Dihydrocoumarin,IFRA_STD_029,1.85,anexo,
fig:2705,PITO,"Pine tar oil, rectified",nombre,1319-77-3,Cresol (unspecified),IFRA_STD_260,0.68,anexo,
fig:1540,CUSO,Cumin seed oil,nombre,122-03-2,Cuminaldehyde,IFRA_STD_024,21,anexo,
fig:1540,CUSO,Cumin seed oil,nombre,536-60-7,p-Isopropylbenzyl alcohol,IFRA_STD_194,0.2,anexo,
fig:1089,ARO,Angelica root oil,nombre,106-02-5,Cyclopentadecanolide/omega-Pentadecalatone,IFRA_STD_026,1.6,anexo,
fig:1884,GaO,Galbanum oil,nombre,106-02-5,Cyclopentadecanolide/omega-Pentadecalatone,IFRA_STD_026,0.1,anexo,
fig:1302,CSO,Caraway seed oil,nombre,2244-16-8,d-Carvone,IFRA_STD_016,59,anexo,
fig:1302,CSO,Caraway seed oil,nombre,2111-75-3,Perilla aldehyde,IFRA_STD_052,0.1,anexo,
fig:1385,CESO,Celery seed oil,nombre,2244-16-8,d-Carvone,IFRA_STD_016,0.2,anexo,
fig:1386,CSL,Celery seed oleoresin,nombre,2244-16-8,d-Carvone,IFRA_STD_016,0.1,anexo,
fig:1678,DSO,Dill seed oil,nombre,2244-16-8,d-Carvone,IFRA_STD_016,51,anexo,
fig:1681,DWO,Dill weed oil,nombre,2244-16-8,d-Carvone,IFRA_STD_016,31.5,anexo,
fig:2854,SWO,Savory winter oil,nombre,2244-16-8,d-Carvone,IFRA_STD_016,0.85,anexo,
fig:2854,SWO,Savory winter oil,nombre,97-53-0,Eugenol,IFRA_STD_035,3.32,anexo,
fig:2854,SWO,Savory winter oil,nombre,106-24-1,Geraniol,IFRA_STD_037,0.33,anexo,
fig:2854,SWO,Savory winter oil,nombre,93-15-2,Methyl eugenol,IFRA_STD_100,0.13,anexo,
fig:2008,HiO,Hibawood oil,nombre,106-22-9,dl-Citronellol,IFRA_STD_022,0.38,anexo,
ncs:lime-oil-distilled,LiO2,Lime oil distilled,nombre,106-22-9,dl-Citronellol,IFRA_STD_022,0.01,anexo,
ncs:lime-oil-distilled,LiO2,Lime oil distilled,nombre,141-27-5,Geranial,IFRA_STD_021,0.32,anexo,
ncs:lime-oil-distilled,LiO2,Lime oil distilled,nombre,106-24-1,Geraniol,IFRA_STD_037,0.02,anexo,
ncs:lime-oil-distilled,LiO2,Lime oil distilled,nombre,106-26-3,Neral,IFRA_STD_021,0.26,anexo,
ncs:lime-oil-distilled,LiO2,Lime oil distilled,nombre,106-28-5,trans-trans-Farnesol,IFRA_STD_036,0.02,anexo,
fig:2268,MSO,"Marjoram oil, Spanish",nombre,106-22-9,dl-Citronellol,IFRA_STD_022,0.09,anexo,
fig:2268,MSO,"Marjoram oil, Spanish",nombre,141-27-5,Geranial,IFRA_STD_021,0.1,anexo,
fig:2268,MSO,"Marjoram oil, Spanish",nombre,106-24-1,Geraniol,IFRA_STD_037,0.13,anexo,
fig:2268,MSO,"Marjoram oil, Spanish",nombre,106-26-3,Neral,IFRA_STD_021,0.07,anexo,
fig:2710,PPPE,"Pine, Pinus pumila, extract",nombre,106-22-9,dl-Citronellol,IFRA_STD_022,0.1,anexo,
fig:2710,PPPE,"Pine, Pinus pumila, extract",nombre,475-20-7,Longifolene,IFRA_STD_199,0.1,anexo,
ncs:spruce-oil-white,SpWO,"Spruce oil, White",nombre,106-22-9,dl-Citronellol,IFRA_STD_022,0.28,anexo,
ncs:spruce-oil-white,SpWO,"Spruce oil, White",nombre,475-20-7,Longifolene,IFRA_STD_199,0.22,anexo,
fig:2975,THRO,"Thyme oil, red",nombre,106-22-9,dl-Citronellol,IFRA_STD_022,0.02,anexo,
fig:2975,THRO,"Thyme oil, red",nombre,97-53-0,Eugenol,IFRA_STD_035,0.12,anexo,
fig:2975,THRO,"Thyme oil, red",nombre,141-27-5,Geranial,IFRA_STD_021,0.1,anexo,
fig:2975,THRO,"Thyme oil, red",nombre,106-24-1,Geraniol,IFRA_STD_037,0.06,anexo,
fig:2975,THRO,"Thyme oil, red",nombre,93-15-2,Methyl eugenol,IFRA_STD_100,0.01,anexo,
fig:2975,THRO,"Thyme oil, red",nombre,106-26-3,Neral,IFRA_STD_021,0.06,anexo,
fig:1123,BCO,"Basil oil, chemotype estragole",nombre,140-67-0,Estragole,IFRA_STD_099,81.87,anexo,
fig:1123,BCO,"Basil oil, chemotype estragole",nombre,97-53-0,Eugenol,IFRA_STD_035,0.34,anexo,
fig:1123,BCO,"Basil oil, chemotype estragole",nombre,141-27-5,Geranial,IFRA_STD_021,0.07,anexo,
fig:1123,BCO,"Basil oil, chemotype estragole",nombre,6485-40-1,l-Carvone,IFRA_STD_016,0.49,anexo,
fig:1123,BCO,"Basil oil, chemotype estragole",nombre,93-15-2,Methyl eugenol,IFRA_STD_100,0.39,anexo,
fig:1123,BCO,"Basil oil, chemotype estragole",nombre,106-26-3,Neral,IFRA_STD_021,0.02,anexo,
fig:1123,BCO,"Basil oil, chemotype estragole",nombre,123-11-5,p-Methoxybenzaldehyde,IFRA_STD_054,0.1,anexo,
fig:1126,BCL,"Basil oleoresin, chemotype estragole",nombre,140-67-0,Estragole,IFRA_STD_099,34,anexo,
fig:1126,BCL,"Basil oleoresin, chemotype estragole",nombre,97-53-0,Eugenol,IFRA_STD_035,0.2,anexo,
fig:1126,BCL,"Basil oleoresin, chemotype estragole",nombre,93-15-2,Methyl eugenol,IFRA_STD_100,0.2,anexo,
ncs:fennel-oil-bitter-phellandrene-type,FeBO,"Fennel oil, bitter, phellandrene type",nombre,140-67-0,Estragole,IFRA_STD_099,4.7,anexo,
ncs:fennel-oil-bitter-phellandrene-type,FeBO,"Fennel oil, bitter, phellandrene type",nombre,123-11-5,p-Methoxybenzaldehyde,IFRA_STD_054,0.2,anexo,
ncs:fennel-oil-bitter-anethole-type,FeO,"Fennel oil, bitter,anethole type",nombre,140-67-0,Estragole,IFRA_STD_099,2.1,anexo,
ncs:fennel-oil-bitter-anethole-type,FeO,"Fennel oil, bitter,anethole type",nombre,123-11-5,p-Methoxybenzaldehyde,IFRA_STD_054,0.3,anexo,
fig:1847,FSO,"Fennel oil, sweet",nombre,140-67-0,Estragole,IFRA_STD_099,2.32,anexo,
fig:1847,FSO,"Fennel oil, sweet",nombre,123-11-5,p-Methoxybenzaldehyde,IFRA_STD_054,0.47,anexo,
fig:1858,FNO,"Fir needle oil, Canadian",nombre,140-67-0,Estragole,IFRA_STD_099,0.04,anexo,
fig:1858,FNO,"Fir needle oil, Canadian",nombre,475-20-7,Longifolene,IFRA_STD_199,0.22,anexo,
fig:2419,MlO,Myrtle oil,nombre,140-67-0,Estragole,IFRA_STD_099,0.1,anexo,
fig:2419,MlO,Myrtle oil,nombre,106-24-1,Geraniol,IFRA_STD_037,0.4,anexo,
fig:2419,MlO,Myrtle oil,nombre,6485-40-1,l-Carvone,IFRA_STD_016,0.2,anexo,
fig:2419,MlO,Myrtle oil,nombre,93-15-2,Methyl eugenol,IFRA_STD_100,1,anexo,
ncs:ravensara-aromatica-oil,RAO,Ravensara aromatica oil,nombre,140-67-0,Estragole,IFRA_STD_099,8,anexo,
ncs:ravensara-aromatica-oil,RAO,Ravensara aromatica oil,nombre,94-59-7,Safrole,IFRA_STD_179,0.03,anexo,
fig:1010,AlO,Allspice oil,nombre,97-53-0,Eugenol,IFRA_STD_035,69,anexo,
fig:1010,AlO,Allspice oil,nombre,93-15-2,Methyl eugenol,IFRA_STD_100,8.5,anexo,
ncs:allspice-oleoresin,AlL,Allspice oleoresin,nombre,97-53-0,Eugenol,IFRA_STD_035,41.4,anexo,
ncs:allspice-oleoresin,AlL,Allspice oleoresin,nombre,93-15-2,Methyl eugenol,IFRA_STD_100,5.1,anexo,
fig:1328,CBO,Cascarilla bark oil,nombre,97-53-0,Eugenol,IFRA_STD_035,0.4,anexo,
fig:1510,CLBO,Clove bud oil,nombre,97-53-0,Eugenol,IFRA_STD_035,82,anexo,
fig:1510,CLBO,Clove bud oil,nombre,93-15-2,Methyl eugenol,IFRA_STD_100,0.1,anexo,
fig:1511,CLLO,Clove leaf oil,nombre,97-53-0,Eugenol,IFRA_STD_035,85.3,anexo,
fig:1511,CLLO,Clove leaf oil,nombre,97-54-1,Isoeugenol,IFRA_STD_048,0.1,anexo,
fig:1511,CLLO,Clove leaf oil,nombre,93-15-2,Methyl eugenol,IFRA_STD_100,0.1,anexo,
fig:1514,CSTO,Clove stem oil,nombre,97-53-0,Eugenol,IFRA_STD_035,88,anexo,
fig:1514,CSTO,Clove stem oil,nombre,93-15-2,Methyl eugenol,IFRA_STD_100,0.06,anexo,
fig:2255,MaO,Mace oil,nombre,97-53-0,Eugenol,IFRA_STD_035,0.7,anexo,
fig:2255,MaO,Mace oil,nombre,93-15-2,Methyl eugenol,IFRA_STD_100,1.2,anexo,
fig:2255,MaO,Mace oil,nombre,94-59-7,Safrole,IFRA_STD_179,1.7,anexo,
fig:2256,MaL,Mace oleoresin,nombre,97-53-0,Eugenol,IFRA_STD_035,0.4,anexo,
fig:2256,MaL,Mace oleoresin,nombre,93-15-2,Methyl eugenol,IFRA_STD_100,0.6,anexo,
fig:2256,MaL,Mace oleoresin,nombre,94-59-7,Safrole,IFRA_STD_179,1.6,anexo,
fig:2476,NuL,Nutmeg oleoresin,nombre,97-53-0,Eugenol,IFRA_STD_035,0.1,anexo,
fig:2476,NuL,Nutmeg oleoresin,nombre,93-15-2,Methyl eugenol,IFRA_STD_100,0.6,anexo,
fig:2476,NuL,Nutmeg oleoresin,nombre,94-59-7,Safrole,IFRA_STD_179,1,anexo,
ncs:ocatea-cymbarum-oil,OcCO,Ocatea cymbarum oil,nombre,97-53-0,Eugenol,IFRA_STD_035,0.36,anexo,
ncs:ocatea-cymbarum-oil,OcCO,Ocatea cymbarum oil,nombre,93-15-2,Methyl eugenol,IFRA_STD_100,0.3,anexo,
ncs:ocatea-cymbarum-oil,OcCO,Ocatea cymbarum oil,nombre,94-59-7,Safrole,IFRA_STD_179,92,anexo,
fig:2692,PILO,Pimenta leaf oil,nombre,97-53-0,Eugenol,IFRA_STD_035,83,anexo,
fig:2692,PILO,Pimenta leaf oil,nombre,93-15-2,Methyl eugenol,IFRA_STD_100,6,anexo,
fig:2700,PSR,"Pine Scotch, resinoid",nombre,97-53-0,Eugenol,IFRA_STD_035,0.02,anexo,
fig:2700,PSR,"Pine Scotch, resinoid",nombre,97-54-1,Isoeugenol,IFRA_STD_048,0.01,anexo,
fig:2700,PSR,"Pine Scotch, resinoid",nombre,6485-40-1,l-Carvone,IFRA_STD_016,0.001,anexo,
ncs:sassafras-bark-oil,SaBO,Sassafras bark oil,nombre,97-53-0,Eugenol,IFRA_STD_035,0.36,anexo,
ncs:sassafras-bark-oil,SaBO,Sassafras bark oil,nombre,93-15-2,Methyl eugenol,IFRA_STD_100,0.3,anexo,
ncs:sassafras-bark-oil,SaBO,Sassafras bark oil,nombre,94-59-7,Safrole,IFRA_STD_179,92,anexo,
ncs:snakeroot-oil,SnaO,Snakeroot oil,nombre,97-53-0,Eugenol,IFRA_STD_035,1,anexo,
ncs:snakeroot-oil,SnaO,Snakeroot oil,nombre,106-24-1,Geraniol,IFRA_STD_037,1,anexo,
ncs:snakeroot-oil,SnaO,Snakeroot oil,nombre,93-15-2,Methyl eugenol,IFRA_STD_100,40,anexo,
fig:2976,THWO,"Thyme oil, white",nombre,97-53-0,Eugenol,IFRA_STD_035,0.1,anexo,
fig:2976,THWO,"Thyme oil, white",nombre,106-24-1,Geraniol,IFRA_STD_037,0.1,anexo,
fig:2976,THWO,"Thyme oil, white",nombre,93-15-2,Methyl eugenol,IFRA_STD_100,0.03,anexo,
fig:1070,ASA,Ambrette seed absolute,nombre,19317-11-4,Farnesal,IFRA_STD_202,0.5,anexo,
fig:1070,ASA,Ambrette seed absolute,nombre,4602-84-0,Farnesol,IFRA_STD_036,5,anexo,
fig:1072,AMSO,Ambrette seed oil,nombre,19317-11-4,Farnesal,IFRA_STD_202,0.2,anexo,
fig:1072,AMSO,Ambrette seed oil,nombre,4602-84-0,Farnesol,IFRA_STD_036,3,anexo,
fig:1073,ASEO,Ambrette seed oil,nombre,19317-11-4,Farnesal,IFRA_STD_202,0.2,anexo,
fig:1073,ASEO,Ambrette seed oil,nombre,4602-84-0,Farnesol,IFRA_STD_036,3,anexo,
fig:1074,AbT,Ambrette tincture,nombre,4602-84-0,Farnesol,IFRA_STD_036,0.2,anexo,
fig:2542,OFE,"Orange flower, bitter, CO2 extract",nombre,4602-84-0,Farnesol,IFRA_STD_036,6.5,anexo,
fig:2542,OFE,"Orange flower, bitter, CO2 extract",nombre,106-24-1,Geraniol,IFRA_STD_037,0.45,anexo,
fig:1199,BEEO,Bergamot oil expressed,nombre,141-27-5,Geranial,IFRA_STD_021,0.28,anexo,
fig:1199,BEEO,Bergamot oil expressed,nombre,106-24-1,Geraniol,IFRA_STD_037,0.04,anexo,
fig:1199,BEEO,Bergamot oil expressed,nombre,106-26-3,Neral,IFRA_STD_021,0.2,anexo,
fig:2649,PPAO,"Petitgrain oil, Paraguay",nombre,141-27-5,Geranial,IFRA_STD_021,0.18,anexo,
fig:2649,PPAO,"Petitgrain oil, Paraguay",nombre,106-24-1,Geraniol,IFRA_STD_037,2.77,anexo,
fig:2649,PPAO,"Petitgrain oil, Paraguay",nombre,85-91-6,Methyl N-methylanthranilate,IFRA_STD_094,0.06,anexo,
fig:2649,PPAO,"Petitgrain oil, Paraguay",nombre,106-26-3,Neral,IFRA_STD_021,0.08,anexo,
fig:2649,PPAO,"Petitgrain oil, Paraguay",nombre,106-28-5,trans-trans-Farnesol,IFRA_STD_036,0.03,anexo,
fig:2929,TaP,Tangerine oil terpenes,nombre,141-27-5,Geranial,IFRA_STD_021,0.02,anexo,
fig:2929,TaP,Tangerine oil terpenes,nombre,106-26-3,Neral,IFRA_STD_021,0.01,anexo,
fig:2929,TaP,Tangerine oil terpenes,nombre,2111-75-3,Perilla aldehyde,IFRA_STD_052,0.01,anexo,
ncs:clary-sage-concrete,CSC,Clary sage concrete,nombre,106-24-1,Geraniol,IFRA_STD_037,0.2,anexo,
fig:1506,CLSO,Clary sage oil,nombre,106-24-1,Geraniol,IFRA_STD_037,1.2,anexo,
fig:1533,COSO,Coriander seed oil,nombre,106-24-1,Geraniol,IFRA_STD_037,1.6,anexo,
fig:1826,EUDO,Eucalyptus dives oil,nombre,106-24-1,Geraniol,IFRA_STD_037,0.13,anexo,
fig:1975,HeO,Helichrysum oil,nombre,106-24-1,Geraniol,IFRA_STD_037,0.05,anexo,
fig:2011,HOBO,Ho bark oil,nombre,106-24-1,Geraniol,IFRA_STD_037,0.03,anexo,
fig:2012,HOLO,Ho Leaf oil,nombre,106-24-1,Geraniol,IFRA_STD_037,0.4,anexo,
fig:2019,HoO,Hop oil,nombre,106-24-1,Geraniol,IFRA_STD_037,0.2,anexo,
ncs:linaloe-wood-oil,LiWO,Linaloe wood oil,nombre,106-24-1,Geraniol,IFRA_STD_037,1,anexo,
fig:2252,LRO,Lovage root oil,nombre,106-24-1,Geraniol,IFRA_STD_037,0.92,anexo,
fig:2252,LRO,Lovage root oil,nombre,97-54-1,Isoeugenol,IFRA_STD_048,0.06,anexo,
fig:2252,LRO,Lovage root oil,nombre,6485-40-1,l-Carvone,IFRA_STD_016,0.02,anexo,
fig:2252,LRO,Lovage root oil,nombre,93-15-2,Methyl eugenol,IFRA_STD_100,0.13,anexo,
ncs:marjoram-oleoresin,MarL,Marjoram oleoresin,nombre,106-24-1,Geraniol,IFRA_STD_037,0.1,anexo,
fig:2392,MAFO,Michelia alba flower oil,nombre,106-24-1,Geraniol,IFRA_STD_037,0.32,anexo,
fig:2392,MAFO,Michelia alba flower oil,nombre,93-15-2,Methyl eugenol,IFRA_STD_100,2.06,anexo,
fig:2394,MALO,Michelia alba leaf oil,nombre,106-24-1,Geraniol,IFRA_STD_037,0.24,anexo,
fig:2394,MALO,Michelia alba leaf oil,nombre,93-15-2,Methyl eugenol,IFRA_STD_100,0.33,anexo,
ncs:spearmint-oil-terpenes,SpeP,Spearmint oil terpenes,nombre,6728-26-3,Hexen-2-al,IFRA_STD_039,0.25,anexo,
ncs:spearmint-oil-terpenes,SpeP,Spearmint oil terpenes,nombre,6485-40-1,l-Carvone,IFRA_STD_016,8.51,anexo,
fig:1957,GUWO,Guaiac wood oil,nombre,93-29-8,Isoeugenyl acetate,IFRA_STD_255,0.12,anexo,
fig:2589,PHO,Parsley herb oil,nombre,6485-40-1,l-Carvone,IFRA_STD_016,0.2,anexo,
fig:966,AAO,Abies alba needle oil,nombre,475-20-7,Longifolene,IFRA_STD_199,0.3,anexo,
fig:1362,CHO,"Cedarwood oil, Himalaya",nombre,475-20-7,Longifolene,IFRA_STD_199,0.7,anexo,
fig:2010,HLO,Hinoki leaf oil,nombre,475-20-7,Longifolene,IFRA_STD_199,32,anexo,
fig:2009,HWO,Hinoki wood oil,nombre,475-20-7,Longifolene,IFRA_STD_199,0.7,anexo,
fig:2694,PNO,Pine needle oil,nombre,475-20-7,Longifolene,IFRA_STD_199,0.09,anexo,
ncs:pine-pinus-pinaster-oil,PiPO,"Pine, Pinus pinaster, oil",nombre,475-20-7,Longifolene,IFRA_STD_199,3.71,anexo,
fig:3049,TUG,Turpentine gum,nombre,475-20-7,Longifolene,IFRA_STD_199,4.39,anexo,
fig:3050,TpO,Turpentine oil,nombre,475-20-7,Longifolene,IFRA_STD_199,0.12,anexo,
fig:1711,ElO,Elemi oil,nombre,93-15-2,Methyl eugenol,IFRA_STD_100,0.4,anexo,
fig:1714,ElR,Elemi resinoid,nombre,93-15-2,Methyl eugenol,IFRA_STD_100,0.09,anexo,
fig:2272,MsA,Mastic absolute,nombre,93-15-2,Methyl eugenol,IFRA_STD_100,0.01,anexo,
fig:2539,OFO,"Orange flower oil, bitter (Neroli and Neroli bigarade)",nombre,41270-80-8,Methyl N-formylanthranilate,IFRA_STD_101,0.03,anexo,
fig:2261,MnO,Mandarin oil,nombre,85-91-6,Methyl N-methylanthranilate,IFRA_STD_094,0.4,anexo,
fig:2262,MdO,Mandarin oil,nombre,85-91-6,Methyl N-methylanthranilate,IFRA_STD_094,0.4,anexo,
fig:1336,CBA,Cassis bud absolute,nombre,536-60-7,p-Isopropylbenzyl alcohol,IFRA_STD_194,0.1,anexo,
ncs:camphor-oil-brown,CaBO,"Camphor oil, brown",nombre,94-59-7,Safrole,IFRA_STD_179,80,anexo,
ncs:camphor-oil-yellow,CaYO,"Camphor oil, yellow",nombre,94-59-7,Safrole,IFRA_STD_179,50,anexo,
fig:1071,ASE,Ambrette seed absolute,cas,19317-11-4,Farnesal,IFRA_STD_202,0.5,anexo,
fig:1071,ASE,Ambrette seed absolute,cas,4602-84-0,Farnesol,IFRA_STD_036,5,anexo,
fig:1071,ASE,Ambrette seed oil,cas,19317-11-4,Farnesal,IFRA_STD_202,0.2,anexo,
fig:1071,ASE,Ambrette seed oil,cas,4602-84-0,Farnesol,IFRA_STD_036,3,anexo,
fig:1071,ASE,Ambrette tincture,cas,4602-84-0,Farnesol,IFRA_STD_036,0.2,anexo,
fig:1090,ANSA,Angelica seed oil,cas,515-69-5,alpha-Bisabolol,IFRA_STD_192,0.2,anexo,
fig:1090,ANSA,Angelica seed oil,cas,106-02-5,Cyclopentadecanolide/omega-Pentadecalatone,IFRA_STD_026,0.29,anexo,
fig:1090,ANSA,Angelica seed oil,cas,475-20-7,Longifolene,IFRA_STD_199,0.5,anexo,
fig:1090,ANSA,Angelica root oil,cas,106-02-5,Cyclopentadecanolide/omega-Pentadecalatone,IFRA_STD_026,1.6,anexo,
fig:1091,ANSE,Angelica seed oil,cas,515-69-5,alpha-Bisabolol,IFRA_STD_192,0.2,anexo,
fig:1091,ANSE,Angelica seed oil,cas,106-02-5,Cyclopentadecanolide/omega-Pentadecalatone,IFRA_STD_026,0.29,anexo,
fig:1091,ANSE,Angelica seed oil,cas,475-20-7,Longifolene,IFRA_STD_199,0.5,anexo,
fig:1091,ANSE,Angelica root oil,cas,106-02-5,Cyclopentadecanolide/omega-Pentadecalatone,IFRA_STD_026,1.6,anexo,
fig:1114,BPPA,"Balsam absolute, Peru",cas,100-51-6,Benzyl alcohol,IFRA_STD_008,0.43,anexo,
fig:1114,BPPA,"Balsam absolute, Peru",cas,120-51-4,Benzyl benzoate,IFRA_STD_009,32.5,anexo,
fig:1114,BPPA,"Balsam absolute, Peru",cas,103-41-3,Benzyl cinnamate,IFRA_STD_010,9.95,anexo,
fig:1114,BPPA,"Balsam oil, Peru",cas,100-51-6,Benzyl alcohol,IFRA_STD_008,1.57,anexo,
fig:1114,BPPA,"Balsam oil, Peru",cas,120-51-4,Benzyl benzoate,IFRA_STD_009,59.17,anexo,
fig:1114,BPPA,"Balsam oil, Peru",cas,103-41-3,Benzyl cinnamate,IFRA_STD_010,16.38,anexo,
fig:1114,BPPA,"Balsam resinoid, Peru",cas,100-51-6,Benzyl alcohol,IFRA_STD_008,0.17,anexo,
fig:1114,BPPA,"Balsam resinoid, Peru",cas,120-51-4,Benzyl benzoate,IFRA_STD_009,14.16,anexo,
fig:1114,BPPA,"Balsam resinoid, Peru",cas,103-41-3,Benzyl cinnamate,IFRA_STD_010,9.02,anexo,
fig:1115,BPE,"Balsam absolute, Peru",cas,100-51-6,Benzyl alcohol,IFRA_STD_008,0.43,anexo,
fig:1115,BPE,"Balsam absolute, Peru",cas,120-51-4,Benzyl benzoate,IFRA_STD_009,32.5,anexo,
fig:1115,BPE,"Balsam absolute, Peru",cas,103-41-3,Benzyl cinnamate,IFRA_STD_010,9.95,anexo,
fig:1115,BPE,"Balsam oil, Peru",cas,100-51-6,Benzyl alcohol,IFRA_STD_008,1.57,anexo,
fig:1115,BPE,"Balsam oil, Peru",cas,120-51-4,Benzyl benzoate,IFRA_STD_009,59.17,anexo,
fig:1115,BPE,"Balsam oil, Peru",cas,103-41-3,Benzyl cinnamate,IFRA_STD_010,16.38,anexo,
fig:1115,BPE,"Balsam resinoid, Peru",cas,100-51-6,Benzyl alcohol,IFRA_STD_008,0.17,anexo,
fig:1115,BPE,"Balsam resinoid, Peru",cas,120-51-4,Benzyl benzoate,IFRA_STD_009,14.16,anexo,
fig:1115,BPE,"Balsam resinoid, Peru",cas,103-41-3,Benzyl cinnamate,IFRA_STD_010,9.02,anexo,
fig:1120,BAP,"Balsam absolute, Peru",cas,100-51-6,Benzyl alcohol,IFRA_STD_008,0.43,anexo,
fig:1120,BAP,"Balsam absolute, Peru",cas,120-51-4,Benzyl benzoate,IFRA_STD_009,32.5,anexo,
fig:1120,BAP,"Balsam absolute, Peru",cas,103-41-3,Benzyl cinnamate,IFRA_STD_010,9.95,anexo,
fig:1120,BAP,"Balsam oil, Peru",cas,100-51-6,Benzyl alcohol,IFRA_STD_008,1.57,anexo,
fig:1120,BAP,"Balsam oil, Peru",cas,120-51-4,Benzyl benzoate,IFRA_STD_009,59.17,anexo,
fig:1120,BAP,"Balsam oil, Peru",cas,103-41-3,Benzyl cinnamate,IFRA_STD_010,16.38,anexo,
fig:1120,BAP,"Balsam resinoid, Peru",cas,100-51-6,Benzyl alcohol,IFRA_STD_008,0.17,anexo,
fig:1120,BAP,"Balsam resinoid, Peru",cas,120-51-4,Benzyl benzoate,IFRA_STD_009,14.16,anexo,
fig:1120,BAP,"Balsam resinoid, Peru",cas,103-41-3,Benzyl cinnamate,IFRA_STD_010,9.02,anexo,
fig:1122,BLA,"Basil oil, chemotype linalool",cas,515-69-5,alpha-Bisabolol,IFRA_STD_192,0.2,anexo,
fig:1122,BLA,"Basil oil, chemotype linalool",cas,150-84-5,Citronellyl acetate,IFRA_STD_248,0.1,anexo,
fig:1122,BLA,"Basil oil, chemotype linalool",cas,140-67-0,Estragole,IFRA_STD_099,0.95,anexo,
fig:1122,BLA,"Basil oil, chemotype linalool",cas,97-53-0,Eugenol,IFRA_STD_035,7.9,anexo,
fig:1122,BLA,"Basil oil, chemotype linalool",cas,106-24-1,Geraniol,IFRA_STD_037,0.2,anexo,
fig:1122,BLA,"Basil oil, chemotype linalool",cas,93-15-2,Methyl eugenol,IFRA_STD_100,0.2,anexo,
fig:1122,BLA,"Basil oil, chemotype estragole",cas,140-67-0,Estragole,IFRA_STD_099,81.87,anexo,
fig:1122,BLA,"Basil oil, chemotype estragole",cas,97-53-0,Eugenol,IFRA_STD_035,0.34,anexo,
fig:1122,BLA,"Basil oil, chemotype estragole",cas,141-27-5,Geranial,IFRA_STD_021,0.07,anexo,
fig:1122,BLA,"Basil oil, chemotype estragole",cas,6485-40-1,l-Carvone,IFRA_STD_016,0.49,anexo,
fig:1122,BLA,"Basil oil, chemotype estragole",cas,93-15-2,Methyl eugenol,IFRA_STD_100,0.39,anexo,
fig:1122,BLA,"Basil oil, chemotype estragole",cas,106-26-3,Neral,IFRA_STD_021,0.02,anexo,
fig:1122,BLA,"Basil oil, chemotype estragole",cas,123-11-5,p-Methoxybenzaldehyde,IFRA_STD_054,0.1,anexo,
fig:1122,BLA,"Basil oleoresin, chemotype estragole",cas,140-67-0,Estragole,IFRA_STD_099,34,anexo,
fig:1122,BLA,"Basil oleoresin, chemotype estragole",cas,97-53-0,Eugenol,IFRA_STD_035,0.2,anexo,
fig:1122,BLA,"Basil oleoresin, chemotype estragole",cas,93-15-2,Methyl eugenol,IFRA_STD_100,0.2,anexo,
fig:1124,BCEO,"Basil oil, chemotype linalool",cas,515-69-5,alpha-Bisabolol,IFRA_STD_192,0.2,anexo,
fig:1124,BCEO,"Basil oil, chemotype linalool",cas,150-84-5,Citronellyl acetate,IFRA_STD_248,0.1,anexo,
fig:1124,BCEO,"Basil oil, chemotype linalool",cas,140-67-0,Estragole,IFRA_STD_099,0.95,anexo,
fig:1124,BCEO,"Basil oil, chemotype linalool",cas,97-53-0,Eugenol,IFRA_STD_035,7.9,anexo,
fig:1124,BCEO,"Basil oil, chemotype linalool",cas,106-24-1,Geraniol,IFRA_STD_037,0.2,anexo,
fig:1124,BCEO,"Basil oil, chemotype linalool",cas,93-15-2,Methyl eugenol,IFRA_STD_100,0.2,anexo,
fig:1124,BCEO,"Basil oil, chemotype estragole",cas,140-67-0,Estragole,IFRA_STD_099,81.87,anexo,
fig:1124,BCEO,"Basil oil, chemotype estragole",cas,97-53-0,Eugenol,IFRA_STD_035,0.34,anexo,
fig:1124,BCEO,"Basil oil, chemotype estragole",cas,141-27-5,Geranial,IFRA_STD_021,0.07,anexo,
fig:1124,BCEO,"Basil oil, chemotype estragole",cas,6485-40-1,l-Carvone,IFRA_STD_016,0.49,anexo,
fig:1124,BCEO,"Basil oil, chemotype estragole",cas,93-15-2,Methyl eugenol,IFRA_STD_100,0.39,anexo,
fig:1124,BCEO,"Basil oil, chemotype estragole",cas,106-26-3,Neral,IFRA_STD_021,0.02,anexo,
fig:1124,BCEO,"Basil oil, chemotype estragole",cas,123-11-5,p-Methoxybenzaldehyde,IFRA_STD_054,0.1,anexo,
fig:1124,BCEO,"Basil oleoresin, chemotype estragole",cas,140-67-0,Estragole,IFRA_STD_099,34,anexo,
fig:1124,BCEO,"Basil oleoresin, chemotype estragole",cas,97-53-0,Eugenol,IFRA_STD_035,0.2,anexo,
fig:1124,BCEO,"Basil oleoresin, chemotype estragole",cas,93-15-2,Methyl eugenol,IFRA_STD_100,0.2,anexo,
fig:1127,BWO,"Bay leaf, West Indian, oil",cas,2442-10-6,1-Octen-3-yl acetate,IFRA_STD_069,0.3,anexo,
fig:1127,BWO,"Bay leaf, West Indian, oil",cas,140-67-0,Estragole,IFRA_STD_099,0.1,anexo,
fig:1127,BWO,"Bay leaf, West Indian, oil",cas,97-53-0,Eugenol,IFRA_STD_035,51,anexo,
fig:1127,BWO,"Bay leaf, West Indian, oil",cas,141-27-5,Geranial,IFRA_STD_021,0.25,anexo,
fig:1127,BWO,"Bay leaf, West Indian, oil",cas,93-15-2,Methyl eugenol,IFRA_STD_100,2,anexo,
fig:1127,BWO,"Bay leaf, West Indian, oil",cas,106-26-3,Neral,IFRA_STD_021,0.2,anexo,
fig:1128,BWE,"Bay leaf, West Indian, oil",cas,2442-10-6,1-Octen-3-yl acetate,IFRA_STD_069,0.3,anexo,
fig:1128,BWE,"Bay leaf, West Indian, oil",cas,140-67-0,Estragole,IFRA_STD_099,0.1,anexo,
fig:1128,BWE,"Bay leaf, West Indian, oil",cas,97-53-0,Eugenol,IFRA_STD_035,51,anexo,
fig:1128,BWE,"Bay leaf, West Indian, oil",cas,141-27-5,Geranial,IFRA_STD_021,0.25,anexo,
fig:1128,BWE,"Bay leaf, West Indian, oil",cas,93-15-2,Methyl eugenol,IFRA_STD_100,2,anexo,
fig:1128,BWE,"Bay leaf, West Indian, oil",cas,106-26-3,Neral,IFRA_STD_021,0.2,anexo,
fig:1129,BIE,"Bay leaf, West Indian, oil",cas,2442-10-6,1-Octen-3-yl acetate,IFRA_STD_069,0.3,anexo,
fig:1129,BIE,"Bay leaf, West Indian, oil",cas,140-67-0,Estragole,IFRA_STD_099,0.1,anexo,
fig:1129,BIE,"Bay leaf, West Indian, oil",cas,97-53-0,Eugenol,IFRA_STD_035,51,anexo,
fig:1129,BIE,"Bay leaf, West Indian, oil",cas,141-27-5,Geranial,IFRA_STD_021,0.25,anexo,
fig:1129,BIE,"Bay leaf, West Indian, oil",cas,93-15-2,Methyl eugenol,IFRA_STD_100,2,anexo,
fig:1129,BIE,"Bay leaf, West Indian, oil",cas,106-26-3,Neral,IFRA_STD_021,0.2,anexo,
fig:1130,BIO,"Bay leaf, West Indian, oil",cas,2442-10-6,1-Octen-3-yl acetate,IFRA_STD_069,0.3,anexo,
fig:1130,BIO,"Bay leaf, West Indian, oil",cas,140-67-0,Estragole,IFRA_STD_099,0.1,anexo,
fig:1130,BIO,"Bay leaf, West Indian, oil",cas,97-53-0,Eugenol,IFRA_STD_035,51,anexo,
fig:1130,BIO,"Bay leaf, West Indian, oil",cas,141-27-5,Geranial,IFRA_STD_021,0.25,anexo,
fig:1130,BIO,"Bay leaf, West Indian, oil",cas,93-15-2,Methyl eugenol,IFRA_STD_100,2,anexo,
fig:1130,BIO,"Bay leaf, West Indian, oil",cas,106-26-3,Neral,IFRA_STD_021,0.2,anexo,
fig:1197,BeO,Bergamot oil expressed,cas,141-27-5,Geranial,IFRA_STD_021,0.28,anexo,
fig:1197,BeO,Bergamot oil expressed,cas,106-24-1,Geraniol,IFRA_STD_037,0.04,anexo,
fig:1197,BeO,Bergamot oil expressed,cas,106-26-3,Neral,IFRA_STD_021,0.2,anexo,
fig:1201,BrO,Bergamot oil expressed,cas,141-27-5,Geranial,IFRA_STD_021,0.28,anexo,
fig:1201,BrO,Bergamot oil expressed,cas,106-24-1,Geraniol,IFRA_STD_037,0.04,anexo,
fig:1201,BrO,Bergamot oil expressed,cas,106-26-3,Neral,IFRA_STD_021,0.2,anexo,
fig:1202,BgO,Bergamot oil expressed,cas,141-27-5,Geranial,IFRA_STD_021,0.28,anexo,
fig:1202,BgO,Bergamot oil expressed,cas,106-24-1,Geraniol,IFRA_STD_037,0.04,anexo,
fig:1202,BgO,Bergamot oil expressed,cas,106-26-3,Neral,IFRA_STD_021,0.2,anexo,
fig:1297,CWO,"Camphor oil, brown",cas,94-59-7,Safrole,IFRA_STD_179,80,anexo,
fig:1297,CWO,"Camphor oil, yellow",cas,94-59-7,Safrole,IFRA_STD_179,50,anexo,
fig:1298,CAWO,"Camphor oil, brown",cas,94-59-7,Safrole,IFRA_STD_179,80,anexo,
fig:1298,CAWO,"Camphor oil, yellow",cas,94-59-7,Safrole,IFRA_STD_179,50,anexo,
fig:1303,CASO,Caraway seed oil,cas,2244-16-8,d-Carvone,IFRA_STD_016,59,anexo,
fig:1303,CASO,Caraway seed oil,cas,2111-75-3,Perilla aldehyde,IFRA_STD_052,0.1,anexo,
fig:1307,CSD,Cardamom seed oil,cas,5392-40-5,Citral,IFRA_STD_021,0.5,anexo,
fig:1307,CSD,Cardamom seed oil,cas,106-24-1,Geraniol,IFRA_STD_037,1,anexo,
fig:1308,CASE,Cardamom seed oil,cas,5392-40-5,Citral,IFRA_STD_021,0.5,anexo,
fig:1308,CASE,Cardamom seed oil,cas,106-24-1,Geraniol,IFRA_STD_037,1,anexo,
fig:1310,CS,Cardamom seed oil,cas,5392-40-5,Citral,IFRA_STD_021,0.5,anexo,
fig:1310,CS,Cardamom seed oil,cas,106-24-1,Geraniol,IFRA_STD_037,1,anexo,
fig:1314,CAS,Carrot seed oil,cas,515-69-5,alpha-Bisabolol,IFRA_STD_192,0.28,anexo,
fig:1314,CAS,Carrot seed oil,cas,5273-86-9,cis-Asarone/beta-Asarone,IFRA_STD_110,0.05,anexo,
fig:1314,CAS,Carrot seed oil,cas,4602-84-0,Farnesol,IFRA_STD_036,2.18,anexo,
fig:1314,CAS,Carrot seed oil,cas,141-27-5,Geranial,IFRA_STD_021,0.03,anexo,
fig:1314,CAS,Carrot seed oil,cas,106-24-1,Geraniol,IFRA_STD_037,1.43,anexo,
fig:1314,CAS,Carrot seed oil,cas,6485-40-1,l-Carvone,IFRA_STD_016,0.05,anexo,
fig:1314,CAS,Carrot seed oil,cas,106-26-3,Neral,IFRA_STD_021,0.01,anexo,
fig:1314,CAS,Carrot seed oil,cas,536-60-7,p-Isopropylbenzyl alcohol,IFRA_STD_194,0.06,anexo,
fig:1314,CAS,Carrot seed oil,cas,2883-98-9,trans-Asarone/alpha-Asarone,IFRA_STD_110,0.19,anexo,
fig:1315,CASA,Carrot seed oil,cas,515-69-5,alpha-Bisabolol,IFRA_STD_192,0.28,anexo,
fig:1315,CASA,Carrot seed oil,cas,5273-86-9,cis-Asarone/beta-Asarone,IFRA_STD_110,0.05,anexo,
fig:1315,CASA,Carrot seed oil,cas,4602-84-0,Farnesol,IFRA_STD_036,2.18,anexo,
fig:1315,CASA,Carrot seed oil,cas,141-27-5,Geranial,IFRA_STD_021,0.03,anexo,
fig:1315,CASA,Carrot seed oil,cas,106-24-1,Geraniol,IFRA_STD_037,1.43,anexo,
fig:1315,CASA,Carrot seed oil,cas,6485-40-1,l-Carvone,IFRA_STD_016,0.05,anexo,
fig:1315,CASA,Carrot seed oil,cas,106-26-3,Neral,IFRA_STD_021,0.01,anexo,
fig:1315,CASA,Carrot seed oil,cas,536-60-7,p-Isopropylbenzyl alcohol,IFRA_STD_194,0.06,anexo,
fig:1315,CASA,Carrot seed oil,cas,2883-98-9,trans-Asarone/alpha-Asarone,IFRA_STD_110,0.19,anexo,
fig:1317,CTO,Carrot seed oil,cas,515-69-5,alpha-Bisabolol,IFRA_STD_192,0.28,anexo,
fig:1317,CTO,Carrot seed oil,cas,5273-86-9,cis-Asarone/beta-Asarone,IFRA_STD_110,0.05,anexo,
fig:1317,CTO,Carrot seed oil,cas,4602-84-0,Farnesol,IFRA_STD_036,2.18,anexo,
fig:1317,CTO,Carrot seed oil,cas,141-27-5,Geranial,IFRA_STD_021,0.03,anexo,
fig:1317,CTO,Carrot seed oil,cas,106-24-1,Geraniol,IFRA_STD_037,1.43,anexo,
fig:1317,CTO,Carrot seed oil,cas,6485-40-1,l-Carvone,IFRA_STD_016,0.05,anexo,
fig:1317,CTO,Carrot seed oil,cas,106-26-3,Neral,IFRA_STD_021,0.01,anexo,
fig:1317,CTO,Carrot seed oil,cas,536-60-7,p-Isopropylbenzyl alcohol,IFRA_STD_194,0.06,anexo,
fig:1317,CTO,Carrot seed oil,cas,2883-98-9,trans-Asarone/alpha-Asarone,IFRA_STD_110,0.19,anexo,
fig:1318,CSO3,Carrot seed oil,cas,515-69-5,alpha-Bisabolol,IFRA_STD_192,0.28,anexo,
fig:1318,CSO3,Carrot seed oil,cas,5273-86-9,cis-Asarone/beta-Asarone,IFRA_STD_110,0.05,anexo,
fig:1318,CSO3,Carrot seed oil,cas,4602-84-0,Farnesol,IFRA_STD_036,2.18,anexo,
fig:1318,CSO3,Carrot seed oil,cas,141-27-5,Geranial,IFRA_STD_021,0.03,anexo,
fig:1318,CSO3,Carrot seed oil,cas,106-24-1,Geraniol,IFRA_STD_037,1.43,anexo,
fig:1318,CSO3,Carrot seed oil,cas,6485-40-1,l-Carvone,IFRA_STD_016,0.05,anexo,
fig:1318,CSO3,Carrot seed oil,cas,106-26-3,Neral,IFRA_STD_021,0.01,anexo,
fig:1318,CSO3,Carrot seed oil,cas,536-60-7,p-Isopropylbenzyl alcohol,IFRA_STD_194,0.06,anexo,
fig:1318,CSO3,Carrot seed oil,cas,2883-98-9,trans-Asarone/alpha-Asarone,IFRA_STD_110,0.19,anexo,
fig:1327,CABE,Cascarilla bark oil,cas,97-53-0,Eugenol,IFRA_STD_035,0.4,anexo,
fig:1329,CBP,Cassia  bark oil,cas,100-52-7,Benzaldehyde,IFRA_STD_007,1.3,anexo,
fig:1329,CBP,Cassia  bark oil,cas,120-51-4,Benzyl benzoate,IFRA_STD_009,0.08,anexo,
fig:1329,CBP,Cassia  bark oil,cas,104-54-1,Cinnamic alcohol,IFRA_STD_017,0.3,anexo,IFRA escribe «0..3»; se lee 0.3
fig:1329,CBP,Cassia  bark oil,cas,104-55-2,Cinnamic aldehyde,IFRA_STD_018,78.85,anexo,
fig:1329,CBP,Cassia  bark oil,cas,91-64-5,Coumarin,IFRA_STD_023,2.85,anexo,
fig:1329,CBP,Cassia  bark oil,cas,97-53-0,Eugenol,IFRA_STD_035,0.1,anexo,
fig:1329,CBP,Cassia  bark oil,cas,97-54-1,Isoeugenol,IFRA_STD_048,0.1,anexo,
fig:1329,CBP,Cassia  bark oil,cas,1504-74-1,o-Methoxycinnamaldehyde,IFRA_STD_055,0.7,anexo,
fig:1329,CBP,Cassia bark oleoresin,cas,100-52-7,Benzaldehyde,IFRA_STD_007,0.95,anexo,
fig:1329,CBP,Cassia bark oleoresin,cas,120-51-4,Benzyl benzoate,IFRA_STD_009,0.06,anexo,
fig:1329,CBP,Cassia bark oleoresin,cas,104-54-1,Cinnamic alcohol,IFRA_STD_017,0.37,anexo,
fig:1329,CBP,Cassia bark oleoresin,cas,104-55-2,Cinnamic aldehyde,IFRA_STD_018,46.23,anexo,
fig:1329,CBP,Cassia bark oleoresin,cas,91-64-5,Coumarin,IFRA_STD_023,3.27,anexo,
fig:1329,CBP,Cassia bark oleoresin,cas,97-53-0,Eugenol,IFRA_STD_035,0.02,anexo,
fig:1329,CBP,Cassia bark oleoresin,cas,1504-74-1,o-Methoxycinnamaldehyde,IFRA_STD_055,0.94,anexo,
fig:1329,CBP,Cassia oil,cas,100-52-7,Benzaldehyde,IFRA_STD_007,1,anexo,
fig:1329,CBP,Cassia oil,cas,120-51-4,Benzyl benzoate,IFRA_STD_009,0.1,anexo,
fig:1329,CBP,Cassia oil,cas,104-54-1,Cinnamic alcohol,IFRA_STD_017,0.2,anexo,
fig:1329,CBP,Cassia oil,cas,104-55-2,Cinnamic aldehyde,IFRA_STD_018,79.5,anexo,
fig:1329,CBP,Cassia oil,cas,91-64-5,Coumarin,IFRA_STD_023,2,anexo,
fig:1329,CBP,Cassia oil,cas,97-53-0,Eugenol,IFRA_STD_035,0.1,anexo,
fig:1329,CBP,Cassia oil,cas,97-54-1,Isoeugenol,IFRA_STD_048,0.1,anexo,
fig:1329,CBP,Cassia oil,cas,1504-74-1,o-Methoxycinnamaldehyde,IFRA_STD_055,9,anexo,
fig:1330,CBAE,Cassia  bark oil,cas,100-52-7,Benzaldehyde,IFRA_STD_007,1.3,anexo,
fig:1330,CBAE,Cassia  bark oil,cas,120-51-4,Benzyl benzoate,IFRA_STD_009,0.08,anexo,
fig:1330,CBAE,Cassia  bark oil,cas,104-54-1,Cinnamic alcohol,IFRA_STD_017,0.3,anexo,IFRA escribe «0..3»; se lee 0.3
fig:1330,CBAE,Cassia  bark oil,cas,104-55-2,Cinnamic aldehyde,IFRA_STD_018,78.85,anexo,
fig:1330,CBAE,Cassia  bark oil,cas,91-64-5,Coumarin,IFRA_STD_023,2.85,anexo,
fig:1330,CBAE,Cassia  bark oil,cas,97-53-0,Eugenol,IFRA_STD_035,0.1,anexo,
fig:1330,CBAE,Cassia  bark oil,cas,97-54-1,Isoeugenol,IFRA_STD_048,0.1,anexo,
fig:1330,CBAE,Cassia  bark oil,cas,1504-74-1,o-Methoxycinnamaldehyde,IFRA_STD_055,0.7,anexo,
fig:1330,CBAE,Cassia bark oleoresin,cas,100-52-7,Benzaldehyde,IFRA_STD_007,0.95,anexo,
fig:1330,CBAE,Cassia bark oleoresin,cas,120-51-4,Benzyl benzoate,IFRA_STD_009,0.06,anexo,
fig:1330,CBAE,Cassia bark oleoresin,cas,104-54-1,Cinnamic alcohol,IFRA_STD_017,0.37,anexo,
fig:1330,CBAE,Cassia bark oleoresin,cas,104-55-2,Cinnamic aldehyde,IFRA_STD_018,46.23,anexo,
fig:1330,CBAE,Cassia bark oleoresin,cas,91-64-5,Coumarin,IFRA_STD_023,3.27,anexo,
fig:1330,CBAE,Cassia bark oleoresin,cas,97-53-0,Eugenol,IFRA_STD_035,0.02,anexo,
fig:1330,CBAE,Cassia bark oleoresin,cas,1504-74-1,o-Methoxycinnamaldehyde,IFRA_STD_055,0.94,anexo,
fig:1330,CBAE,Cassia oil,cas,100-52-7,Benzaldehyde,IFRA_STD_007,1,anexo,
fig:1330,CBAE,Cassia oil,cas,120-51-4,Benzyl benzoate,IFRA_STD_009,0.1,anexo,
fig:1330,CBAE,Cassia oil,cas,104-54-1,Cinnamic alcohol,IFRA_STD_017,0.2,anexo,
fig:1330,CBAE,Cassia oil,cas,104-55-2,Cinnamic aldehyde,IFRA_STD_018,79.5,anexo,
fig:1330,CBAE,Cassia oil,cas,91-64-5,Coumarin,IFRA_STD_023,2,anexo,
fig:1330,CBAE,Cassia oil,cas,97-53-0,Eugenol,IFRA_STD_035,0.1,anexo,
fig:1330,CBAE,Cassia oil,cas,97-54-1,Isoeugenol,IFRA_STD_048,0.1,anexo,
fig:1330,CBAE,Cassia oil,cas,1504-74-1,o-Methoxycinnamaldehyde,IFRA_STD_055,9,anexo,
fig:1333,CLO,Cassia  bark oil,cas,100-52-7,Benzaldehyde,IFRA_STD_007,1.3,anexo,
fig:1333,CLO,Cassia  bark oil,cas,120-51-4,Benzyl benzoate,IFRA_STD_009,0.08,anexo,
fig:1333,CLO,Cassia  bark oil,cas,104-54-1,Cinnamic alcohol,IFRA_STD_017,0.3,anexo,IFRA escribe «0..3»; se lee 0.3
fig:1333,CLO,Cassia  bark oil,cas,104-55-2,Cinnamic aldehyde,IFRA_STD_018,78.85,anexo,
fig:1333,CLO,Cassia  bark oil,cas,91-64-5,Coumarin,IFRA_STD_023,2.85,anexo,
fig:1333,CLO,Cassia  bark oil,cas,97-53-0,Eugenol,IFRA_STD_035,0.1,anexo,
fig:1333,CLO,Cassia  bark oil,cas,97-54-1,Isoeugenol,IFRA_STD_048,0.1,anexo,
fig:1333,CLO,Cassia  bark oil,cas,1504-74-1,o-Methoxycinnamaldehyde,IFRA_STD_055,0.7,anexo,
fig:1333,CLO,Cassia bark oleoresin,cas,100-52-7,Benzaldehyde,IFRA_STD_007,0.95,anexo,
fig:1333,CLO,Cassia bark oleoresin,cas,120-51-4,Benzyl benzoate,IFRA_STD_009,0.06,anexo,
fig:1333,CLO,Cassia bark oleoresin,cas,104-54-1,Cinnamic alcohol,IFRA_STD_017,0.37,anexo,
fig:1333,CLO,Cassia bark oleoresin,cas,104-55-2,Cinnamic aldehyde,IFRA_STD_018,46.23,anexo,
fig:1333,CLO,Cassia bark oleoresin,cas,91-64-5,Coumarin,IFRA_STD_023,3.27,anexo,
fig:1333,CLO,Cassia bark oleoresin,cas,97-53-0,Eugenol,IFRA_STD_035,0.02,anexo,
fig:1333,CLO,Cassia bark oleoresin,cas,1504-74-1,o-Methoxycinnamaldehyde,IFRA_STD_055,0.94,anexo,
fig:1333,CLO,Cassia oil,cas,100-52-7,Benzaldehyde,IFRA_STD_007,1,anexo,
fig:1333,CLO,Cassia oil,cas,120-51-4,Benzyl benzoate,IFRA_STD_009,0.1,anexo,
fig:1333,CLO,Cassia oil,cas,104-54-1,Cinnamic alcohol,IFRA_STD_017,0.2,anexo,
fig:1333,CLO,Cassia oil,cas,104-55-2,Cinnamic aldehyde,IFRA_STD_018,79.5,anexo,
fig:1333,CLO,Cassia oil,cas,91-64-5,Coumarin,IFRA_STD_023,2,anexo,
fig:1333,CLO,Cassia oil,cas,97-53-0,Eugenol,IFRA_STD_035,0.1,anexo,
fig:1333,CLO,Cassia oil,cas,97-54-1,Isoeugenol,IFRA_STD_048,0.1,anexo,
fig:1333,CLO,Cassia oil,cas,1504-74-1,o-Methoxycinnamaldehyde,IFRA_STD_055,9,anexo,
fig:1334,CiO,Cassia  bark oil,cas,100-52-7,Benzaldehyde,IFRA_STD_007,1.3,anexo,
fig:1334,CiO,Cassia  bark oil,cas,120-51-4,Benzyl benzoate,IFRA_STD_009,0.08,anexo,
fig:1334,CiO,Cassia  bark oil,cas,104-54-1,Cinnamic alcohol,IFRA_STD_017,0.3,anexo,IFRA escribe «0..3»; se lee 0.3
fig:1334,CiO,Cassia  bark oil,cas,104-55-2,Cinnamic aldehyde,IFRA_STD_018,78.85,anexo,
fig:1334,CiO,Cassia  bark oil,cas,91-64-5,Coumarin,IFRA_STD_023,2.85,anexo,
fig:1334,CiO,Cassia  bark oil,cas,97-53-0,Eugenol,IFRA_STD_035,0.1,anexo,
fig:1334,CiO,Cassia  bark oil,cas,97-54-1,Isoeugenol,IFRA_STD_048,0.1,anexo,
fig:1334,CiO,Cassia  bark oil,cas,1504-74-1,o-Methoxycinnamaldehyde,IFRA_STD_055,0.7,anexo,
fig:1334,CiO,Cassia bark oleoresin,cas,100-52-7,Benzaldehyde,IFRA_STD_007,0.95,anexo,
fig:1334,CiO,Cassia bark oleoresin,cas,120-51-4,Benzyl benzoate,IFRA_STD_009,0.06,anexo,
fig:1334,CiO,Cassia bark oleoresin,cas,104-54-1,Cinnamic alcohol,IFRA_STD_017,0.37,anexo,
fig:1334,CiO,Cassia bark oleoresin,cas,104-55-2,Cinnamic aldehyde,IFRA_STD_018,46.23,anexo,
fig:1334,CiO,Cassia bark oleoresin,cas,91-64-5,Coumarin,IFRA_STD_023,3.27,anexo,
fig:1334,CiO,Cassia bark oleoresin,cas,97-53-0,Eugenol,IFRA_STD_035,0.02,anexo,
fig:1334,CiO,Cassia bark oleoresin,cas,1504-74-1,o-Methoxycinnamaldehyde,IFRA_STD_055,0.94,anexo,
fig:1334,CiO,Cassia oil,cas,100-52-7,Benzaldehyde,IFRA_STD_007,1,anexo,
fig:1334,CiO,Cassia oil,cas,120-51-4,Benzyl benzoate,IFRA_STD_009,0.1,anexo,
fig:1334,CiO,Cassia oil,cas,104-54-1,Cinnamic alcohol,IFRA_STD_017,0.2,anexo,
fig:1334,CiO,Cassia oil,cas,104-55-2,Cinnamic aldehyde,IFRA_STD_018,79.5,anexo,
fig:1334,CiO,Cassia oil,cas,91-64-5,Coumarin,IFRA_STD_023,2,anexo,
fig:1334,CiO,Cassia oil,cas,97-53-0,Eugenol,IFRA_STD_035,0.1,anexo,
fig:1334,CiO,Cassia oil,cas,97-54-1,Isoeugenol,IFRA_STD_048,0.1,anexo,
fig:1334,CiO,Cassia oil,cas,1504-74-1,o-Methoxycinnamaldehyde,IFRA_STD_055,9,anexo,
fig:1337,CCE,Cassis bud absolute,cas,536-60-7,p-Isopropylbenzyl alcohol,IFRA_STD_194,0.1,anexo,
fig:1338,CBUO,Cassis bud absolute,cas,536-60-7,p-Isopropylbenzyl alcohol,IFRA_STD_194,0.1,anexo,
fig:1339,CBO2,Cassis bud absolute,cas,536-60-7,p-Isopropylbenzyl alcohol,IFRA_STD_194,0.1,anexo,
fig:1340,CEO,Cassis bud absolute,cas,536-60-7,p-Isopropylbenzyl alcohol,IFRA_STD_194,0.1,anexo,
fig:1341,CaT,Cassis bud absolute,cas,536-60-7,p-Isopropylbenzyl alcohol,IFRA_STD_194,0.1,anexo,
fig:1351,CLO2,Cedar leaf oil,cas,546-80-5,alpha-Thujone,IFRA_STD_102,55,anexo,
fig:1351,CLO2,Cedar leaf oil,cas,471-15-8,beta-Thujone,IFRA_STD_102,10,anexo,
fig:1352,CTE,"Cedarwood oil, Texas",cas,515-69-5,alpha-Bisabolol,IFRA_STD_192,0.15,anexo,
fig:1352,CTE,"Cedarwood oil, Texas",cas,469-61-4,alpha-Cedrene,IFRA_STD_197,12,anexo,
fig:1352,CTE,"Cedarwood oil, Texas",cas,546-28-1,beta-Cedrene,IFRA_STD_197,3,anexo,
fig:1352,CTE,"Cedarwood oil, Texas",cas,475-20-7,Longifolene,IFRA_STD_199,0.4,anexo,
fig:1353,CAE,"Cedarwood oil, Atlas",cas,469-61-4,alpha-Cedrene,IFRA_STD_197,1.5,anexo,
fig:1353,CAE,"Cedarwood oil, Atlas",cas,475-20-7,Longifolene,IFRA_STD_199,0.6,anexo,
fig:1354,CLCO,"Cedarwood oil, Texas",cas,515-69-5,alpha-Bisabolol,IFRA_STD_192,0.15,anexo,
fig:1354,CLCO,"Cedarwood oil, Texas",cas,469-61-4,alpha-Cedrene,IFRA_STD_197,12,anexo,
fig:1354,CLCO,"Cedarwood oil, Texas",cas,546-28-1,beta-Cedrene,IFRA_STD_197,3,anexo,
fig:1354,CLCO,"Cedarwood oil, Texas",cas,475-20-7,Longifolene,IFRA_STD_199,0.4,anexo,
fig:1358,CAO2,"Cedarwood oil, Atlas",cas,469-61-4,alpha-Cedrene,IFRA_STD_197,1.5,anexo,
fig:1358,CAO2,"Cedarwood oil, Atlas",cas,475-20-7,Longifolene,IFRA_STD_199,0.6,anexo,
fig:1360,CCHO,"Cedarwood oil, Chinese",cas,515-69-5,alpha-Bisabolol,IFRA_STD_192,0.6,anexo,
fig:1360,CCHO,"Cedarwood oil, Chinese",cas,469-61-4,alpha-Cedrene,IFRA_STD_197,19.1,anexo,
fig:1360,CCHO,"Cedarwood oil, Chinese",cas,546-28-1,beta-Cedrene,IFRA_STD_197,6,anexo,
fig:1366,CTEO,"Cedarwood oil, Texas",cas,515-69-5,alpha-Bisabolol,IFRA_STD_192,0.15,anexo,
fig:1366,CTEO,"Cedarwood oil, Texas",cas,469-61-4,alpha-Cedrene,IFRA_STD_197,12,anexo,
fig:1366,CTEO,"Cedarwood oil, Texas",cas,546-28-1,beta-Cedrene,IFRA_STD_197,3,anexo,
fig:1366,CTEO,"Cedarwood oil, Texas",cas,475-20-7,Longifolene,IFRA_STD_199,0.4,anexo,
fig:1368,CEVO,"Cedarwood oil, Virginian",cas,515-69-5,alpha-Bisabolol,IFRA_STD_192,0.6,anexo,
fig:1368,CEVO,"Cedarwood oil, Virginian",cas,469-61-4,alpha-Cedrene,IFRA_STD_197,24.3,anexo,
fig:1368,CEVO,"Cedarwood oil, Virginian",cas,546-28-1,beta-Cedrene,IFRA_STD_197,5.9,anexo,
fig:1369,CCP,"Cedarwood oil, Chinese",cas,515-69-5,alpha-Bisabolol,IFRA_STD_192,0.6,anexo,
fig:1369,CCP,"Cedarwood oil, Chinese",cas,469-61-4,alpha-Cedrene,IFRA_STD_197,19.1,anexo,
fig:1369,CCP,"Cedarwood oil, Chinese",cas,546-28-1,beta-Cedrene,IFRA_STD_197,6,anexo,
fig:1370,CVP,"Cedarwood oil, Virginian",cas,515-69-5,alpha-Bisabolol,IFRA_STD_192,0.6,anexo,
fig:1370,CVP,"Cedarwood oil, Virginian",cas,469-61-4,alpha-Cedrene,IFRA_STD_197,24.3,anexo,
fig:1370,CVP,"Cedarwood oil, Virginian",cas,546-28-1,beta-Cedrene,IFRA_STD_197,5.9,anexo,
fig:1382,CESA,Celery seed oil,cas,2244-16-8,d-Carvone,IFRA_STD_016,0.2,anexo,
fig:1382,CESA,Celery seed oleoresin,cas,2244-16-8,d-Carvone,IFRA_STD_016,0.1,anexo,
fig:1383,CSCE,Celery seed oil,cas,2244-16-8,d-Carvone,IFRA_STD_016,0.2,anexo,
fig:1383,CSCE,Celery seed oleoresin,cas,2244-16-8,d-Carvone,IFRA_STD_016,0.1,anexo,
fig:1384,CESE,Celery seed oil,cas,2244-16-8,d-Carvone,IFRA_STD_016,0.2,anexo,
fig:1384,CESE,Celery seed oleoresin,cas,2244-16-8,d-Carvone,IFRA_STD_016,0.1,anexo,
fig:1387,CFA,"Chamomile flower oil, blue",cas,515-69-5,alpha-Bisabolol,IFRA_STD_192,4,anexo,
fig:1394,CHLO,Champaca absolute,cas,100-51-6,Benzyl alcohol,IFRA_STD_008,0.64,anexo,
fig:1394,CHLO,Champaca absolute,cas,120-51-4,Benzyl benzoate,IFRA_STD_009,0.53,anexo,
fig:1394,CHLO,Champaca absolute,cas,140-29-4,Benzyl cyanide,IFRA_STD_112,1,anexo,
fig:1394,CHLO,Champaca absolute,cas,104-54-1,Cinnamic alcohol,IFRA_STD_017,0.02,anexo,
fig:1394,CHLO,Champaca absolute,cas,97-53-0,Eugenol,IFRA_STD_035,0.55,anexo,
fig:1394,CHLO,Champaca absolute,cas,97-54-1,Isoeugenol,IFRA_STD_048,0.03,anexo,
fig:1394,CHLO,Champaca absolute,cas,93-15-2,Methyl eugenol,IFRA_STD_100,0.01,anexo,
fig:1394,CHLO,Champaca absolute,cas,106-28-5,trans-trans-Farnesol,IFRA_STD_036,0.01,anexo,
fig:1395,ChO,Champaca absolute,cas,100-51-6,Benzyl alcohol,IFRA_STD_008,0.64,anexo,
fig:1395,ChO,Champaca absolute,cas,120-51-4,Benzyl benzoate,IFRA_STD_009,0.53,anexo,
fig:1395,ChO,Champaca absolute,cas,140-29-4,Benzyl cyanide,IFRA_STD_112,1,anexo,
fig:1395,ChO,Champaca absolute,cas,104-54-1,Cinnamic alcohol,IFRA_STD_017,0.02,anexo,
fig:1395,ChO,Champaca absolute,cas,97-53-0,Eugenol,IFRA_STD_035,0.55,anexo,
fig:1395,ChO,Champaca absolute,cas,97-54-1,Isoeugenol,IFRA_STD_048,0.03,anexo,
fig:1395,ChO,Champaca absolute,cas,93-15-2,Methyl eugenol,IFRA_STD_100,0.01,anexo,
fig:1395,ChO,Champaca absolute,cas,106-28-5,trans-trans-Farnesol,IFRA_STD_036,0.01,anexo,
fig:1401,CIBE,Cinnamon bark CO2 extract,cas,100-52-7,Benzaldehyde,IFRA_STD_007,0.1,anexo,
fig:1401,CIBE,Cinnamon bark CO2 extract,cas,120-51-4,Benzyl benzoate,IFRA_STD_009,1.8,anexo,
fig:1401,CIBE,Cinnamon bark CO2 extract,cas,104-54-1,Cinnamic alcohol,IFRA_STD_017,1.1,anexo,
fig:1401,CIBE,Cinnamon bark CO2 extract,cas,104-55-2,Cinnamic aldehyde,IFRA_STD_018,77.5,anexo,
fig:1401,CIBE,Cinnamon bark CO2 extract,cas,91-64-5,Coumarin,IFRA_STD_023,0.1,anexo,
fig:1401,CIBE,Cinnamon bark CO2 extract,cas,97-53-0,Eugenol,IFRA_STD_035,2.5,anexo,
fig:1401,CIBE,Cinnamon bark CO2 extract,cas,97-54-1,Isoeugenol,IFRA_STD_048,0.05,anexo,
fig:1401,CIBE,Cinnamon bark oil,cas,100-52-7,Benzaldehyde,IFRA_STD_007,0.2,anexo,
fig:1401,CIBE,Cinnamon bark oil,cas,120-51-4,Benzyl benzoate,IFRA_STD_009,0.6,anexo,
fig:1401,CIBE,Cinnamon bark oil,cas,104-54-1,Cinnamic alcohol,IFRA_STD_017,0.3,anexo,
fig:1401,CIBE,Cinnamon bark oil,cas,104-55-2,Cinnamic aldehyde,IFRA_STD_018,75,anexo,
fig:1401,CIBE,Cinnamon bark oil,cas,91-64-5,Coumarin,IFRA_STD_023,0.6,anexo,
fig:1401,CIBE,Cinnamon bark oil,cas,97-53-0,Eugenol,IFRA_STD_035,2,anexo,
fig:1401,CIBE,Cinnamon bark oil,cas,97-54-1,Isoeugenol,IFRA_STD_048,0.02,anexo,
fig:1401,CIBE,Cinnamon bark oil,cas,1504-74-1,o-Methoxycinnamaldehyde,IFRA_STD_055,0.5,anexo,
fig:1401,CIBE,Cinnamon bark oil,cas,94-59-7,Safrole,IFRA_STD_179,0.2,anexo,
fig:1401,CIBE,Cinnamon leaf oil,cas,100-52-7,Benzaldehyde,IFRA_STD_007,0.16,anexo,
fig:1401,CIBE,Cinnamon leaf oil,cas,100-51-6,Benzyl alcohol,IFRA_STD_008,0.1,anexo,
fig:1401,CIBE,Cinnamon leaf oil,cas,120-51-4,Benzyl benzoate,IFRA_STD_009,3.5,anexo,
fig:1401,CIBE,Cinnamon leaf oil,cas,104-55-2,Cinnamic aldehyde,IFRA_STD_018,1.5,anexo,
fig:1401,CIBE,Cinnamon leaf oil,cas,91-64-5,Coumarin,IFRA_STD_023,0.3,anexo,
fig:1401,CIBE,Cinnamon leaf oil,cas,97-53-0,Eugenol,IFRA_STD_035,74,anexo,
fig:1401,CIBE,Cinnamon leaf oil,cas,4602-84-0,Farnesol,IFRA_STD_036,0.12,anexo,
fig:1401,CIBE,Cinnamon leaf oil,cas,97-54-1,Isoeugenol,IFRA_STD_048,0.13,anexo,
fig:1401,CIBE,Cinnamon leaf oil,cas,93-15-2,Methyl eugenol,IFRA_STD_100,0.01,anexo,
fig:1401,CIBE,Cinnamon leaf oil,cas,94-59-7,Safrole,IFRA_STD_179,1.2,anexo,
fig:1405,CLO3,Cinnamon bark CO2 extract,cas,100-52-7,Benzaldehyde,IFRA_STD_007,0.1,anexo,
fig:1405,CLO3,Cinnamon bark CO2 extract,cas,120-51-4,Benzyl benzoate,IFRA_STD_009,1.8,anexo,
fig:1405,CLO3,Cinnamon bark CO2 extract,cas,104-54-1,Cinnamic alcohol,IFRA_STD_017,1.1,anexo,
fig:1405,CLO3,Cinnamon bark CO2 extract,cas,104-55-2,Cinnamic aldehyde,IFRA_STD_018,77.5,anexo,
fig:1405,CLO3,Cinnamon bark CO2 extract,cas,91-64-5,Coumarin,IFRA_STD_023,0.1,anexo,
fig:1405,CLO3,Cinnamon bark CO2 extract,cas,97-53-0,Eugenol,IFRA_STD_035,2.5,anexo,
fig:1405,CLO3,Cinnamon bark CO2 extract,cas,97-54-1,Isoeugenol,IFRA_STD_048,0.05,anexo,
fig:1405,CLO3,Cinnamon bark oil,cas,100-52-7,Benzaldehyde,IFRA_STD_007,0.2,anexo,
fig:1405,CLO3,Cinnamon bark oil,cas,120-51-4,Benzyl benzoate,IFRA_STD_009,0.6,anexo,
fig:1405,CLO3,Cinnamon bark oil,cas,104-54-1,Cinnamic alcohol,IFRA_STD_017,0.3,anexo,
fig:1405,CLO3,Cinnamon bark oil,cas,104-55-2,Cinnamic aldehyde,IFRA_STD_018,75,anexo,
fig:1405,CLO3,Cinnamon bark oil,cas,91-64-5,Coumarin,IFRA_STD_023,0.6,anexo,
fig:1405,CLO3,Cinnamon bark oil,cas,97-53-0,Eugenol,IFRA_STD_035,2,anexo,
fig:1405,CLO3,Cinnamon bark oil,cas,97-54-1,Isoeugenol,IFRA_STD_048,0.02,anexo,
fig:1405,CLO3,Cinnamon bark oil,cas,1504-74-1,o-Methoxycinnamaldehyde,IFRA_STD_055,0.5,anexo,
fig:1405,CLO3,Cinnamon bark oil,cas,94-59-7,Safrole,IFRA_STD_179,0.2,anexo,
fig:1405,CLO3,Cinnamon leaf oil,cas,100-52-7,Benzaldehyde,IFRA_STD_007,0.16,anexo,
fig:1405,CLO3,Cinnamon leaf oil,cas,100-51-6,Benzyl alcohol,IFRA_STD_008,0.1,anexo,
fig:1405,CLO3,Cinnamon leaf oil,cas,120-51-4,Benzyl benzoate,IFRA_STD_009,3.5,anexo,
fig:1405,CLO3,Cinnamon leaf oil,cas,104-55-2,Cinnamic aldehyde,IFRA_STD_018,1.5,anexo,
fig:1405,CLO3,Cinnamon leaf oil,cas,91-64-5,Coumarin,IFRA_STD_023,0.3,anexo,
fig:1405,CLO3,Cinnamon leaf oil,cas,97-53-0,Eugenol,IFRA_STD_035,74,anexo,
fig:1405,CLO3,Cinnamon leaf oil,cas,4602-84-0,Farnesol,IFRA_STD_036,0.12,anexo,
fig:1405,CLO3,Cinnamon leaf oil,cas,97-54-1,Isoeugenol,IFRA_STD_048,0.13,anexo,
fig:1405,CLO3,Cinnamon leaf oil,cas,93-15-2,Methyl eugenol,IFRA_STD_100,0.01,anexo,
fig:1405,CLO3,Cinnamon leaf oil,cas,94-59-7,Safrole,IFRA_STD_179,1.2,anexo,
fig:1406,CLL,Cinnamon bark CO2 extract,cas,100-52-7,Benzaldehyde,IFRA_STD_007,0.1,anexo,
fig:1406,CLL,Cinnamon bark CO2 extract,cas,120-51-4,Benzyl benzoate,IFRA_STD_009,1.8,anexo,
fig:1406,CLL,Cinnamon bark CO2 extract,cas,104-54-1,Cinnamic alcohol,IFRA_STD_017,1.1,anexo,
fig:1406,CLL,Cinnamon bark CO2 extract,cas,104-55-2,Cinnamic aldehyde,IFRA_STD_018,77.5,anexo,
fig:1406,CLL,Cinnamon bark CO2 extract,cas,91-64-5,Coumarin,IFRA_STD_023,0.1,anexo,
fig:1406,CLL,Cinnamon bark CO2 extract,cas,97-53-0,Eugenol,IFRA_STD_035,2.5,anexo,
fig:1406,CLL,Cinnamon bark CO2 extract,cas,97-54-1,Isoeugenol,IFRA_STD_048,0.05,anexo,
fig:1406,CLL,Cinnamon bark oil,cas,100-52-7,Benzaldehyde,IFRA_STD_007,0.2,anexo,
fig:1406,CLL,Cinnamon bark oil,cas,120-51-4,Benzyl benzoate,IFRA_STD_009,0.6,anexo,
fig:1406,CLL,Cinnamon bark oil,cas,104-54-1,Cinnamic alcohol,IFRA_STD_017,0.3,anexo,
fig:1406,CLL,Cinnamon bark oil,cas,104-55-2,Cinnamic aldehyde,IFRA_STD_018,75,anexo,
fig:1406,CLL,Cinnamon bark oil,cas,91-64-5,Coumarin,IFRA_STD_023,0.6,anexo,
fig:1406,CLL,Cinnamon bark oil,cas,97-53-0,Eugenol,IFRA_STD_035,2,anexo,
fig:1406,CLL,Cinnamon bark oil,cas,97-54-1,Isoeugenol,IFRA_STD_048,0.02,anexo,
fig:1406,CLL,Cinnamon bark oil,cas,1504-74-1,o-Methoxycinnamaldehyde,IFRA_STD_055,0.5,anexo,
fig:1406,CLL,Cinnamon bark oil,cas,94-59-7,Safrole,IFRA_STD_179,0.2,anexo,
fig:1406,CLL,Cinnamon leaf oil,cas,100-52-7,Benzaldehyde,IFRA_STD_007,0.16,anexo,
fig:1406,CLL,Cinnamon leaf oil,cas,100-51-6,Benzyl alcohol,IFRA_STD_008,0.1,anexo,
fig:1406,CLL,Cinnamon leaf oil,cas,120-51-4,Benzyl benzoate,IFRA_STD_009,3.5,anexo,
fig:1406,CLL,Cinnamon leaf oil,cas,104-55-2,Cinnamic aldehyde,IFRA_STD_018,1.5,anexo,
fig:1406,CLL,Cinnamon leaf oil,cas,91-64-5,Coumarin,IFRA_STD_023,0.3,anexo,
fig:1406,CLL,Cinnamon leaf oil,cas,97-53-0,Eugenol,IFRA_STD_035,74,anexo,
fig:1406,CLL,Cinnamon leaf oil,cas,4602-84-0,Farnesol,IFRA_STD_036,0.12,anexo,
fig:1406,CLL,Cinnamon leaf oil,cas,97-54-1,Isoeugenol,IFRA_STD_048,0.13,anexo,
fig:1406,CLL,Cinnamon leaf oil,cas,93-15-2,Methyl eugenol,IFRA_STD_100,0.01,anexo,
fig:1406,CLL,Cinnamon leaf oil,cas,94-59-7,Safrole,IFRA_STD_179,1.2,anexo,
fig:1463,CICE,Cistus absolute,cas,100-52-7,Benzaldehyde,IFRA_STD_007,0.6,anexo,
fig:1463,CICE,Cistus absolute,cas,104-54-1,Cinnamic alcohol,IFRA_STD_017,0.03,anexo,
fig:1463,CICE,Cistus absolute,cas,97-53-0,Eugenol,IFRA_STD_035,0.06,anexo,
fig:1463,CICE,Cistus absolute,cas,106-24-1,Geraniol,IFRA_STD_037,0.01,anexo,
fig:1463,CICE,Cistus concrete,cas,100-52-7,Benzaldehyde,IFRA_STD_007,0.6,anexo,
fig:1463,CICE,Cistus oil,cas,100-52-7,Benzaldehyde,IFRA_STD_007,0.9,anexo,
fig:1463,CICE,Cistus oil,cas,97-42-7,Carvyl acetate,IFRA_STD_243,0.18,anexo,
fig:1463,CICE,Cistus oil,cas,97-53-0,Eugenol,IFRA_STD_035,0.4,anexo,
fig:1463,CICE,Cistus oil,cas,78-59-1,Isophorone,IFRA_STD_154,0.2,anexo,
fig:1463,CICE,Cistus oil,cas,6485-40-1,l-Carvone,IFRA_STD_016,0.6,anexo,
fig:1463,CICE,Labdanum gum,cas,100-52-7,Benzaldehyde,IFRA_STD_007,0.2,anexo,
fig:1463,CICE,Labdanum oil,cas,100-52-7,Benzaldehyde,IFRA_STD_007,0.38,anexo,
fig:1463,CICE,Labdanum oil,cas,99-49-0,Carvone,IFRA_STD_016,0.25,anexo,
fig:1463,CICE,Labdanum oil,cas,97-53-0,Eugenol,IFRA_STD_035,0.5,anexo,
fig:1463,CICE,Labdanum oil,cas,106-24-1,Geraniol,IFRA_STD_037,0.12,anexo,
fig:1463,CICE,Labdanum oil,cas,93-15-2,Methyl eugenol,IFRA_STD_100,0.05,anexo,
fig:1463,CICE,Labdanum oleoresin,cas,100-52-7,Benzaldehyde,IFRA_STD_007,0.2,anexo,
fig:1465,CiE,Cistus absolute,cas,100-52-7,Benzaldehyde,IFRA_STD_007,0.6,anexo,
fig:1465,CiE,Cistus absolute,cas,104-54-1,Cinnamic alcohol,IFRA_STD_017,0.03,anexo,
fig:1465,CiE,Cistus absolute,cas,97-53-0,Eugenol,IFRA_STD_035,0.06,anexo,
fig:1465,CiE,Cistus absolute,cas,106-24-1,Geraniol,IFRA_STD_037,0.01,anexo,
fig:1465,CiE,Cistus concrete,cas,100-52-7,Benzaldehyde,IFRA_STD_007,0.6,anexo,
fig:1465,CiE,Cistus oil,cas,100-52-7,Benzaldehyde,IFRA_STD_007,0.9,anexo,
fig:1465,CiE,Cistus oil,cas,97-42-7,Carvyl acetate,IFRA_STD_243,0.18,anexo,
fig:1465,CiE,Cistus oil,cas,97-53-0,Eugenol,IFRA_STD_035,0.4,anexo,
fig:1465,CiE,Cistus oil,cas,78-59-1,Isophorone,IFRA_STD_154,0.2,anexo,
fig:1465,CiE,Cistus oil,cas,6485-40-1,l-Carvone,IFRA_STD_016,0.6,anexo,
fig:1465,CiE,Labdanum gum,cas,100-52-7,Benzaldehyde,IFRA_STD_007,0.2,anexo,
fig:1465,CiE,Labdanum oil,cas,100-52-7,Benzaldehyde,IFRA_STD_007,0.38,anexo,
fig:1465,CiE,Labdanum oil,cas,99-49-0,Carvone,IFRA_STD_016,0.25,anexo,
fig:1465,CiE,Labdanum oil,cas,97-53-0,Eugenol,IFRA_STD_035,0.5,anexo,
fig:1465,CiE,Labdanum oil,cas,106-24-1,Geraniol,IFRA_STD_037,0.12,anexo,
fig:1465,CiE,Labdanum oil,cas,93-15-2,Methyl eugenol,IFRA_STD_100,0.05,anexo,
fig:1465,CiE,Labdanum oleoresin,cas,100-52-7,Benzaldehyde,IFRA_STD_007,0.2,anexo,
fig:1468,CPO,Cistus absolute,cas,100-52-7,Benzaldehyde,IFRA_STD_007,0.6,anexo,
fig:1468,CPO,Cistus absolute,cas,104-54-1,Cinnamic alcohol,IFRA_STD_017,0.03,anexo,
fig:1468,CPO,Cistus absolute,cas,97-53-0,Eugenol,IFRA_STD_035,0.06,anexo,
fig:1468,CPO,Cistus absolute,cas,106-24-1,Geraniol,IFRA_STD_037,0.01,anexo,
fig:1468,CPO,Cistus concrete,cas,100-52-7,Benzaldehyde,IFRA_STD_007,0.6,anexo,
fig:1468,CPO,Cistus oil,cas,100-52-7,Benzaldehyde,IFRA_STD_007,0.9,anexo,
fig:1468,CPO,Cistus oil,cas,97-42-7,Carvyl acetate,IFRA_STD_243,0.18,anexo,
fig:1468,CPO,Cistus oil,cas,97-53-0,Eugenol,IFRA_STD_035,0.4,anexo,
fig:1468,CPO,Cistus oil,cas,78-59-1,Isophorone,IFRA_STD_154,0.2,anexo,
fig:1468,CPO,Cistus oil,cas,6485-40-1,l-Carvone,IFRA_STD_016,0.6,anexo,
fig:1468,CPO,Labdanum gum,cas,100-52-7,Benzaldehyde,IFRA_STD_007,0.2,anexo,
fig:1468,CPO,Labdanum oil,cas,100-52-7,Benzaldehyde,IFRA_STD_007,0.38,anexo,
fig:1468,CPO,Labdanum oil,cas,99-49-0,Carvone,IFRA_STD_016,0.25,anexo,
fig:1468,CPO,Labdanum oil,cas,97-53-0,Eugenol,IFRA_STD_035,0.5,anexo,
fig:1468,CPO,Labdanum oil,cas,106-24-1,Geraniol,IFRA_STD_037,0.12,anexo,
fig:1468,CPO,Labdanum oil,cas,93-15-2,Methyl eugenol,IFRA_STD_100,0.05,anexo,
fig:1468,CPO,Labdanum oleoresin,cas,100-52-7,Benzaldehyde,IFRA_STD_007,0.2,anexo,
fig:1476,CiO2,Citron oil,cas,106-23-0,Citronellal,IFRA_STD_206,0.15,anexo,
fig:1476,CiO2,Citron oil,cas,106-22-9,dl-Citronellol,IFRA_STD_022,0.12,anexo,
fig:1476,CiO2,Citron oil,cas,97-53-0,Eugenol,IFRA_STD_035,0.01,anexo,
fig:1476,CiO2,Citron oil,cas,4602-84-0,Farnesol,IFRA_STD_036,0.01,anexo,
fig:1476,CiO2,Citron oil,cas,141-27-5,Geranial,IFRA_STD_021,2.63,anexo,
fig:1476,CiO2,Citron oil,cas,106-24-1,Geraniol,IFRA_STD_037,0.71,anexo,
fig:1476,CiO2,Citron oil,cas,106-26-3,Neral,IFRA_STD_021,1.57,anexo,
fig:1477,CiP,"Citronella oil, Ceylon type",cas,5392-40-5,Citral,IFRA_STD_021,0.8,anexo,
fig:1477,CiP,"Citronella oil, Ceylon type",cas,106-23-0,Citronellal,IFRA_STD_206,4.5,anexo,
fig:1477,CiP,"Citronella oil, Ceylon type",cas,150-84-5,Citronellyl acetate,IFRA_STD_248,0.9,anexo,
fig:1477,CiP,"Citronella oil, Ceylon type",cas,106-22-9,dl-Citronellol,IFRA_STD_022,6,anexo,
fig:1477,CiP,"Citronella oil, Ceylon type",cas,97-53-0,Eugenol,IFRA_STD_035,0.2,anexo,
fig:1477,CiP,"Citronella oil, Ceylon type",cas,19317-11-4,Farnesal,IFRA_STD_202,0.01,anexo,
fig:1477,CiP,"Citronella oil, Ceylon type",cas,106-24-1,Geraniol,IFRA_STD_037,17.7,anexo,
fig:1477,CiP,"Citronella oil, Java type",cas,5392-40-5,Citral,IFRA_STD_021,0.8,anexo,
fig:1477,CiP,"Citronella oil, Java type",cas,106-23-0,Citronellal,IFRA_STD_206,36,anexo,
fig:1477,CiP,"Citronella oil, Java type",cas,150-84-5,Citronellyl acetate,IFRA_STD_248,3,anexo,
fig:1477,CiP,"Citronella oil, Java type",cas,106-22-9,dl-Citronellol,IFRA_STD_022,11,anexo,
fig:1477,CiP,"Citronella oil, Java type",cas,97-53-0,Eugenol,IFRA_STD_035,0.9,anexo,
fig:1477,CiP,"Citronella oil, Java type",cas,19317-11-4,Farnesal,IFRA_STD_202,0.01,anexo,
fig:1477,CiP,"Citronella oil, Java type",cas,106-24-1,Geraniol,IFRA_STD_037,22,anexo,
fig:1477,CiP,"Citronella oil, Java type",cas,93-15-2,Methyl eugenol,IFRA_STD_100,0.1,anexo,
fig:1505,CLSE,Clary sage absolute,cas,505-57-7,2-Hexenal,IFRA_STD_039,0.04,anexo,
fig:1505,CLSE,Clary sage absolute,cas,106-24-1,Geraniol,IFRA_STD_037,0.19,anexo,
fig:1505,CLSE,Clary sage concrete,cas,106-24-1,Geraniol,IFRA_STD_037,0.2,anexo,
fig:1505,CLSE,Clary sage oil,cas,106-24-1,Geraniol,IFRA_STD_037,1.2,anexo,
fig:1509,CLBE,Clove bud oil terpenes,cas,100-51-6,Benzyl alcohol,IFRA_STD_008,0.01,anexo,
fig:1509,CLBE,Clove bud oil terpenes,cas,97-53-0,Eugenol,IFRA_STD_035,27,anexo,
fig:1509,CLBE,Clove bud oil terpenes,cas,106-24-1,Geraniol,IFRA_STD_037,0.05,anexo,
fig:1509,CLBE,Clove bud oil terpenes,cas,93-15-2,Methyl eugenol,IFRA_STD_100,0.1,anexo,
fig:1509,CLBE,Clove bud oil,cas,97-53-0,Eugenol,IFRA_STD_035,82,anexo,
fig:1509,CLBE,Clove bud oil,cas,93-15-2,Methyl eugenol,IFRA_STD_100,0.1,anexo,
fig:1509,CLBE,Clove leaf oil,cas,97-53-0,Eugenol,IFRA_STD_035,85.3,anexo,
fig:1509,CLBE,Clove leaf oil,cas,97-54-1,Isoeugenol,IFRA_STD_048,0.1,anexo,
fig:1509,CLBE,Clove leaf oil,cas,93-15-2,Methyl eugenol,IFRA_STD_100,0.1,anexo,
fig:1509,CLBE,Clove stem oil,cas,97-53-0,Eugenol,IFRA_STD_035,88,anexo,
fig:1509,CLBE,Clove stem oil,cas,93-15-2,Methyl eugenol,IFRA_STD_100,0.06,anexo,
fig:1513,CLO4,Clove bud oil terpenes,cas,100-51-6,Benzyl alcohol,IFRA_STD_008,0.01,anexo,
fig:1513,CLO4,Clove bud oil terpenes,cas,97-53-0,Eugenol,IFRA_STD_035,27,anexo,
fig:1513,CLO4,Clove bud oil terpenes,cas,106-24-1,Geraniol,IFRA_STD_037,0.05,anexo,
fig:1513,CLO4,Clove bud oil terpenes,cas,93-15-2,Methyl eugenol,IFRA_STD_100,0.1,anexo,
fig:1513,CLO4,Clove bud oil,cas,97-53-0,Eugenol,IFRA_STD_035,82,anexo,
fig:1513,CLO4,Clove bud oil,cas,93-15-2,Methyl eugenol,IFRA_STD_100,0.1,anexo,
fig:1513,CLO4,Clove leaf oil,cas,97-53-0,Eugenol,IFRA_STD_035,85.3,anexo,
fig:1513,CLO4,Clove leaf oil,cas,97-54-1,Isoeugenol,IFRA_STD_048,0.1,anexo,
fig:1513,CLO4,Clove leaf oil,cas,93-15-2,Methyl eugenol,IFRA_STD_100,0.1,anexo,
fig:1513,CLO4,Clove stem oil,cas,97-53-0,Eugenol,IFRA_STD_035,88,anexo,
fig:1513,CLO4,Clove stem oil,cas,93-15-2,Methyl eugenol,IFRA_STD_100,0.06,anexo,
fig:1530,CHTO,Coriander herb oil,cas,505-57-7,2-Hexenal,IFRA_STD_039,0.02,anexo,
fig:1530,CHTO,Coriander herb oil,cas,106-24-1,Geraniol,IFRA_STD_037,0.8,anexo,
fig:1530,CHTO,Coriander seed oil,cas,106-24-1,Geraniol,IFRA_STD_037,1.6,anexo,
fig:1531,CHEO,Coriander herb oil,cas,505-57-7,2-Hexenal,IFRA_STD_039,0.02,anexo,
fig:1531,CHEO,Coriander herb oil,cas,106-24-1,Geraniol,IFRA_STD_037,0.8,anexo,
fig:1531,CHEO,Coriander seed oil,cas,106-24-1,Geraniol,IFRA_STD_037,1.6,anexo,
fig:1532,CoL,Coriander herb oil,cas,505-57-7,2-Hexenal,IFRA_STD_039,0.02,anexo,
fig:1532,CoL,Coriander herb oil,cas,106-24-1,Geraniol,IFRA_STD_037,0.8,anexo,
fig:1532,CoL,Coriander seed oil,cas,106-24-1,Geraniol,IFRA_STD_037,1.6,anexo,
fig:1537,CubO,Cubeb oil,cas,5273-86-9,cis-Asarone/beta-Asarone,IFRA_STD_110,2.98,anexo,
fig:1537,CubO,Cubeb oil,cas,122-03-2,Cuminaldehyde,IFRA_STD_024,0.09,anexo,
fig:1537,CubO,Cubeb oil,cas,94-59-7,Safrole,IFRA_STD_179,0.04,anexo,
fig:1537,CubO,Cubeb oil,cas,2883-98-9,trans-Asarone/alpha-Asarone,IFRA_STD_110,1.55,anexo,
fig:1604,Cp,Cypress oil,cas,469-61-4,alpha-Cedrene,IFRA_STD_197,0.36,anexo,
fig:1604,Cp,Cypress oil,cas,546-28-1,beta-Cedrene,IFRA_STD_197,0.38,anexo,
fig:1635,DTP,Deertongue leaf absolute,cas,91-64-5,Coumarin,IFRA_STD_023,25,anexo,
fig:1635,DTP,Deertongue leaf absolute,cas,119-84-6,Dihydrocoumarin,IFRA_STD_029,2,anexo,
fig:1637,DLE,Deertongue leaf absolute,cas,91-64-5,Coumarin,IFRA_STD_023,25,anexo,
fig:1637,DLE,Deertongue leaf absolute,cas,119-84-6,Dihydrocoumarin,IFRA_STD_029,2,anexo,
fig:1638,DL,Deertongue leaf absolute,cas,91-64-5,Coumarin,IFRA_STD_023,25,anexo,
fig:1638,DL,Deertongue leaf absolute,cas,119-84-6,Dihydrocoumarin,IFRA_STD_029,2,anexo,
fig:1679,DSL,Dill seed oil,cas,2244-16-8,d-Carvone,IFRA_STD_016,51,anexo,
fig:1679,DSL,Dill weed oil,cas,2244-16-8,d-Carvone,IFRA_STD_016,31.5,anexo,
fig:1680,DW,Dill seed oil,cas,2244-16-8,d-Carvone,IFRA_STD_016,51,anexo,
fig:1680,DW,Dill weed oil,cas,2244-16-8,d-Carvone,IFRA_STD_016,31.5,anexo,
fig:1708,ElA,Elemi oil,cas,93-15-2,Methyl eugenol,IFRA_STD_100,0.4,anexo,
fig:1708,ElA,Elemi resinoid,cas,93-15-2,Methyl eugenol,IFRA_STD_100,0.09,anexo,
fig:1709,ECE,Elemi oil,cas,93-15-2,Methyl eugenol,IFRA_STD_100,0.4,anexo,
fig:1709,ECE,Elemi resinoid,cas,93-15-2,Methyl eugenol,IFRA_STD_100,0.09,anexo,
fig:1710,EG,Elemi oil,cas,93-15-2,Methyl eugenol,IFRA_STD_100,0.4,anexo,
fig:1710,EG,Elemi resinoid,cas,93-15-2,Methyl eugenol,IFRA_STD_100,0.09,anexo,
fig:1712,ELO,Elemi oil,cas,93-15-2,Methyl eugenol,IFRA_STD_100,0.4,anexo,
fig:1712,ELO,Elemi resinoid,cas,93-15-2,Methyl eugenol,IFRA_STD_100,0.09,anexo,
fig:1713,EeO,Elemi oil,cas,93-15-2,Methyl eugenol,IFRA_STD_100,0.4,anexo,
fig:1713,EeO,Elemi resinoid,cas,93-15-2,Methyl eugenol,IFRA_STD_100,0.09,anexo,
fig:1821,EuA,Eucalyptus dives oil,cas,106-24-1,Geraniol,IFRA_STD_037,0.13,anexo,
fig:1824,ECP,Eucalyptus citriodora oil,cas,106-23-0,Citronellal,IFRA_STD_206,71.77,anexo,
fig:1824,ECP,Eucalyptus citriodora oil,cas,150-84-5,Citronellyl acetate,IFRA_STD_248,1.81,anexo,
fig:1824,ECP,Eucalyptus citriodora oil,cas,106-22-9,dl-Citronellol,IFRA_STD_022,7.37,anexo,
fig:1824,ECP,Eucalyptus citriodora oil,cas,97-53-0,Eugenol,IFRA_STD_035,0.12,anexo,
fig:1824,ECP,Eucalyptus citriodora oil,cas,141-27-5,Geranial,IFRA_STD_021,0.05,anexo,
fig:1824,ECP,Eucalyptus citriodora oil,cas,106-24-1,Geraniol,IFRA_STD_037,0.11,anexo,
fig:1824,ECP,Eucalyptus citriodora oil,cas,475-20-7,Longifolene,IFRA_STD_199,0.21,anexo,
fig:1824,ECP,Eucalyptus citriodora oil,cas,106-26-3,Neral,IFRA_STD_021,0.03,anexo,
fig:1825,EUDE,Eucalyptus dives oil,cas,106-24-1,Geraniol,IFRA_STD_037,0.13,anexo,
fig:1827,EDIO,Eucalyptus dives oil,cas,106-24-1,Geraniol,IFRA_STD_037,0.13,anexo,
fig:1831,EuO,Eucalyptus dives oil,cas,106-24-1,Geraniol,IFRA_STD_037,0.13,anexo,
fig:1832,EcO,Eucalyptus dives oil,cas,106-24-1,Geraniol,IFRA_STD_037,0.13,anexo,
fig:1845,FBL,"Fennel oil, bitter,anethole type",cas,140-67-0,Estragole,IFRA_STD_099,2.1,anexo,
fig:1845,FBL,"Fennel oil, bitter,anethole type",cas,123-11-5,p-Methoxybenzaldehyde,IFRA_STD_054,0.3,anexo,
fig:1845,FBL,"Fennel oil, sweet",cas,140-67-0,Estragole,IFRA_STD_099,2.32,anexo,
fig:1845,FBL,"Fennel oil, sweet",cas,123-11-5,p-Methoxybenzaldehyde,IFRA_STD_054,0.47,anexo,
fig:1846,FBO,"Fennel oil, bitter,anethole type",cas,140-67-0,Estragole,IFRA_STD_099,2.1,anexo,
fig:1846,FBO,"Fennel oil, bitter,anethole type",cas,123-11-5,p-Methoxybenzaldehyde,IFRA_STD_054,0.3,anexo,
fig:1846,FBO,"Fennel oil, sweet",cas,140-67-0,Estragole,IFRA_STD_099,2.32,anexo,
fig:1846,FBO,"Fennel oil, sweet",cas,123-11-5,p-Methoxybenzaldehyde,IFRA_STD_054,0.47,anexo,
fig:1848,FSL,"Fennel oil, bitter,anethole type",cas,140-67-0,Estragole,IFRA_STD_099,2.1,anexo,
fig:1848,FSL,"Fennel oil, bitter,anethole type",cas,123-11-5,p-Methoxybenzaldehyde,IFRA_STD_054,0.3,anexo,
fig:1848,FSL,"Fennel oil, sweet",cas,140-67-0,Estragole,IFRA_STD_099,2.32,anexo,
fig:1848,FSL,"Fennel oil, sweet",cas,123-11-5,p-Methoxybenzaldehyde,IFRA_STD_054,0.47,anexo,
fig:1854,FB,"Fir needle oil, Canadian",cas,140-67-0,Estragole,IFRA_STD_099,0.04,anexo,
fig:1854,FB,"Fir needle oil, Canadian",cas,475-20-7,Longifolene,IFRA_STD_199,0.22,anexo,
fig:1855,FBA,"Fir needle oil, Canadian",cas,140-67-0,Estragole,IFRA_STD_099,0.04,anexo,
fig:1855,FBA,"Fir needle oil, Canadian",cas,475-20-7,Longifolene,IFRA_STD_199,0.22,anexo,
fig:1856,FBR,"Fir needle oil, Canadian",cas,140-67-0,Estragole,IFRA_STD_099,0.04,anexo,
fig:1856,FBR,"Fir needle oil, Canadian",cas,475-20-7,Longifolene,IFRA_STD_199,0.22,anexo,
fig:1861,FINO,"Fir needle oil, Siberian",cas,515-69-5,alpha-Bisabolol,IFRA_STD_192,0.2,anexo,
fig:1861,FINO,"Fir needle oil, Siberian",cas,106-24-1,Geraniol,IFRA_STD_037,0.03,anexo,
fig:1861,FINO,Pine needle oil,cas,475-20-7,Longifolene,IFRA_STD_199,0.09,anexo,
fig:1866,FlO,Flouve absolute,cas,91-64-5,Coumarin,IFRA_STD_023,2,anexo,
fig:1881,GaA,Galbanum oil,cas,106-02-5,Cyclopentadecanolide/omega-Pentadecalatone,IFRA_STD_026,0.1,anexo,
fig:1882,GCE,Galbanum oil,cas,106-02-5,Cyclopentadecanolide/omega-Pentadecalatone,IFRA_STD_026,0.1,anexo,
fig:1883,GG,Galbanum oil,cas,106-02-5,Cyclopentadecanolide/omega-Pentadecalatone,IFRA_STD_026,0.1,anexo,
fig:1885,GlO,Galbanum oil,cas,106-02-5,Cyclopentadecanolide/omega-Pentadecalatone,IFRA_STD_026,0.1,anexo,
fig:1886,GR,Galbanum oil,cas,106-02-5,Cyclopentadecanolide/omega-Pentadecalatone,IFRA_STD_026,0.1,anexo,
fig:1887,GaR,Galbanum oil,cas,106-02-5,Cyclopentadecanolide/omega-Pentadecalatone,IFRA_STD_026,0.1,anexo,
fig:1909,GeC,Geranium oil,cas,35154-45-1,cis-3-Hexenyl isovalerate,IFRA_STD_245,0.1,anexo,
fig:1909,GeC,Geranium oil,cas,5392-40-5,Citral,IFRA_STD_021,0.5,anexo,
fig:1909,GeC,Geranium oil,cas,106-23-0,Citronellal,IFRA_STD_206,0.15,anexo,
fig:1909,GeC,Geranium oil,cas,150-84-5,Citronellyl acetate,IFRA_STD_248,0.5,anexo,
fig:1909,GeC,Geranium oil,cas,106-24-1,Geraniol,IFRA_STD_037,17.7,anexo,
fig:1909,GeC,Geranium oil,cas,7540-51-4,l-Citronellol,IFRA_STD_022,21.1,anexo,
fig:1909,GeC,Geranium oil African,cas,5392-40-5,Citral,IFRA_STD_021,0.5,anexo,
fig:1909,GeC,Geranium oil African,cas,150-84-5,Citronellyl acetate,IFRA_STD_248,0.8,anexo,
fig:1909,GeC,Geranium oil African,cas,106-24-1,Geraniol,IFRA_STD_037,17,anexo,
fig:1909,GeC,Geranium oil African,cas,7540-51-4,l-Citronellol,IFRA_STD_022,33,anexo,
fig:1909,GeC,Geranium absolute,cas,150-84-5,Citronellyl acetate,IFRA_STD_248,0.41,anexo,
fig:1909,GeC,Geranium absolute,cas,106-24-1,Geraniol,IFRA_STD_037,9,anexo,
fig:1909,GeC,Geranium absolute,cas,7540-51-4,l-Citronellol,IFRA_STD_022,10.6,anexo,
fig:1915,GerO,Geranium oil,cas,35154-45-1,cis-3-Hexenyl isovalerate,IFRA_STD_245,0.1,anexo,
fig:1915,GerO,Geranium oil,cas,5392-40-5,Citral,IFRA_STD_021,0.5,anexo,
fig:1915,GerO,Geranium oil,cas,106-23-0,Citronellal,IFRA_STD_206,0.15,anexo,
fig:1915,GerO,Geranium oil,cas,150-84-5,Citronellyl acetate,IFRA_STD_248,0.5,anexo,
fig:1915,GerO,Geranium oil,cas,106-24-1,Geraniol,IFRA_STD_037,17.7,anexo,
fig:1915,GerO,Geranium oil,cas,7540-51-4,l-Citronellol,IFRA_STD_022,21.1,anexo,
fig:1915,GerO,Geranium oil African,cas,5392-40-5,Citral,IFRA_STD_021,0.5,anexo,
fig:1915,GerO,Geranium oil African,cas,150-84-5,Citronellyl acetate,IFRA_STD_248,0.8,anexo,
fig:1915,GerO,Geranium oil African,cas,106-24-1,Geraniol,IFRA_STD_037,17,anexo,
fig:1915,GerO,Geranium oil African,cas,7540-51-4,l-Citronellol,IFRA_STD_022,33,anexo,
fig:1915,GerO,Geranium absolute,cas,150-84-5,Citronellyl acetate,IFRA_STD_248,0.41,anexo,
fig:1915,GerO,Geranium absolute,cas,106-24-1,Geraniol,IFRA_STD_037,9,anexo,
fig:1915,GerO,Geranium absolute,cas,7540-51-4,l-Citronellol,IFRA_STD_022,10.6,anexo,
fig:1934,Gi,Ginger oil,cas,5392-40-5,Citral,IFRA_STD_021,2.8,anexo,
fig:1934,Gi,Ginger oil,cas,106-23-0,Citronellal,IFRA_STD_206,0.4,anexo,
fig:1934,Gi,Ginger oil,cas,19317-11-4,Farnesal,IFRA_STD_202,0.2,anexo,
fig:1934,Gi,Ginger oil,cas,106-24-1,Geraniol,IFRA_STD_037,0.5,anexo,
fig:1934,Gi,Ginger oleoresin,cas,5392-40-5,Citral,IFRA_STD_021,0.8,anexo,
fig:1934,Gi,Ginger oleoresin,cas,106-24-1,Geraniol,IFRA_STD_037,0.1,anexo,
fig:1934,Gi,Ginger CO2 extract,cas,150-84-5,Citronellyl acetate,IFRA_STD_248,0.17,anexo,
fig:1934,Gi,Ginger CO2 extract,cas,141-27-5,Geranial,IFRA_STD_021,0.9,anexo,
fig:1934,Gi,Ginger CO2 extract,cas,106-24-1,Geraniol,IFRA_STD_037,0.27,anexo,
fig:1934,Gi,Ginger CO2 extract,cas,106-26-3,Neral,IFRA_STD_021,0.57,anexo,
fig:1935,GiA,Ginger oil,cas,5392-40-5,Citral,IFRA_STD_021,2.8,anexo,
fig:1935,GiA,Ginger oil,cas,106-23-0,Citronellal,IFRA_STD_206,0.4,anexo,
fig:1935,GiA,Ginger oil,cas,19317-11-4,Farnesal,IFRA_STD_202,0.2,anexo,
fig:1935,GiA,Ginger oil,cas,106-24-1,Geraniol,IFRA_STD_037,0.5,anexo,
fig:1935,GiA,Ginger oleoresin,cas,5392-40-5,Citral,IFRA_STD_021,0.8,anexo,
fig:1935,GiA,Ginger oleoresin,cas,106-24-1,Geraniol,IFRA_STD_037,0.1,anexo,
fig:1935,GiA,Ginger CO2 extract,cas,150-84-5,Citronellyl acetate,IFRA_STD_248,0.17,anexo,
fig:1935,GiA,Ginger CO2 extract,cas,141-27-5,Geranial,IFRA_STD_021,0.9,anexo,
fig:1935,GiA,Ginger CO2 extract,cas,106-24-1,Geraniol,IFRA_STD_037,0.27,anexo,
fig:1935,GiA,Ginger CO2 extract,cas,106-26-3,Neral,IFRA_STD_021,0.57,anexo,
fig:1937,GiE,Ginger oil,cas,5392-40-5,Citral,IFRA_STD_021,2.8,anexo,
fig:1937,GiE,Ginger oil,cas,106-23-0,Citronellal,IFRA_STD_206,0.4,anexo,
fig:1937,GiE,Ginger oil,cas,19317-11-4,Farnesal,IFRA_STD_202,0.2,anexo,
fig:1937,GiE,Ginger oil,cas,106-24-1,Geraniol,IFRA_STD_037,0.5,anexo,
fig:1937,GiE,Ginger oleoresin,cas,5392-40-5,Citral,IFRA_STD_021,0.8,anexo,
fig:1937,GiE,Ginger oleoresin,cas,106-24-1,Geraniol,IFRA_STD_037,0.1,anexo,
fig:1937,GiE,Ginger CO2 extract,cas,150-84-5,Citronellyl acetate,IFRA_STD_248,0.17,anexo,
fig:1937,GiE,Ginger CO2 extract,cas,141-27-5,Geranial,IFRA_STD_021,0.9,anexo,
fig:1937,GiE,Ginger CO2 extract,cas,106-24-1,Geraniol,IFRA_STD_037,0.27,anexo,
fig:1937,GiE,Ginger CO2 extract,cas,106-26-3,Neral,IFRA_STD_021,0.57,anexo,
fig:1939,GgO,Ginger oil,cas,5392-40-5,Citral,IFRA_STD_021,2.8,anexo,
fig:1939,GgO,Ginger oil,cas,106-23-0,Citronellal,IFRA_STD_206,0.4,anexo,
fig:1939,GgO,Ginger oil,cas,19317-11-4,Farnesal,IFRA_STD_202,0.2,anexo,
fig:1939,GgO,Ginger oil,cas,106-24-1,Geraniol,IFRA_STD_037,0.5,anexo,
fig:1939,GgO,Ginger oleoresin,cas,5392-40-5,Citral,IFRA_STD_021,0.8,anexo,
fig:1939,GgO,Ginger oleoresin,cas,106-24-1,Geraniol,IFRA_STD_037,0.1,anexo,
fig:1939,GgO,Ginger CO2 extract,cas,150-84-5,Citronellyl acetate,IFRA_STD_248,0.17,anexo,
fig:1939,GgO,Ginger CO2 extract,cas,141-27-5,Geranial,IFRA_STD_021,0.9,anexo,
fig:1939,GgO,Ginger CO2 extract,cas,106-24-1,Geraniol,IFRA_STD_037,0.27,anexo,
fig:1939,GgO,Ginger CO2 extract,cas,106-26-3,Neral,IFRA_STD_021,0.57,anexo,
fig:1941,Gn,Ginger oil,cas,5392-40-5,Citral,IFRA_STD_021,2.8,anexo,
fig:1941,Gn,Ginger oil,cas,106-23-0,Citronellal,IFRA_STD_206,0.4,anexo,
fig:1941,Gn,Ginger oil,cas,19317-11-4,Farnesal,IFRA_STD_202,0.2,anexo,
fig:1941,Gn,Ginger oil,cas,106-24-1,Geraniol,IFRA_STD_037,0.5,anexo,
fig:1941,Gn,Ginger oleoresin,cas,5392-40-5,Citral,IFRA_STD_021,0.8,anexo,
fig:1941,Gn,Ginger oleoresin,cas,106-24-1,Geraniol,IFRA_STD_037,0.1,anexo,
fig:1941,Gn,Ginger CO2 extract,cas,150-84-5,Citronellyl acetate,IFRA_STD_248,0.17,anexo,
fig:1941,Gn,Ginger CO2 extract,cas,141-27-5,Geranial,IFRA_STD_021,0.9,anexo,
fig:1941,Gn,Ginger CO2 extract,cas,106-24-1,Geraniol,IFRA_STD_037,0.27,anexo,
fig:1941,Gn,Ginger CO2 extract,cas,106-26-3,Neral,IFRA_STD_021,0.57,anexo,
fig:1946,GWA,Grapefruit oil,cas,505-57-7,2-Hexenal,IFRA_STD_039,0.03,anexo,
fig:1946,GWA,Grapefruit oil,cas,5392-40-5,Citral,IFRA_STD_021,0.1,anexo,
fig:1946,GWA,Grapefruit oil,cas,106-23-0,Citronellal,IFRA_STD_206,0.1,anexo,
fig:1946,GWA,Grapefruit oil,cas,106-23-0,Citronellal,IFRA_STD_206,0.1,anexo,
fig:1946,GWA,Grapefruit oil,cas,141-27-5,Geranial,IFRA_STD_021,0.06,anexo,
fig:1946,GWA,Grapefruit oil,cas,106-26-3,Neral,IFRA_STD_021,0.04,anexo,
fig:1946,GWA,Grapefruit essence oil,cas,106-23-0,Citronellal,IFRA_STD_206,0.07,anexo,
fig:1946,GWA,Grapefruit essence oil,cas,141-27-5,Geranial,IFRA_STD_021,0.06,anexo,
fig:1946,GWA,Grapefruit essence oil,cas,106-26-3,Neral,IFRA_STD_021,0.04,anexo,
fig:1948,GrE,Grapefruit oil,cas,505-57-7,2-Hexenal,IFRA_STD_039,0.03,anexo,
fig:1948,GrE,Grapefruit oil,cas,5392-40-5,Citral,IFRA_STD_021,0.1,anexo,
fig:1948,GrE,Grapefruit oil,cas,106-23-0,Citronellal,IFRA_STD_206,0.1,anexo,
fig:1948,GrE,Grapefruit oil,cas,106-23-0,Citronellal,IFRA_STD_206,0.1,anexo,
fig:1948,GrE,Grapefruit oil,cas,141-27-5,Geranial,IFRA_STD_021,0.06,anexo,
fig:1948,GrE,Grapefruit oil,cas,106-26-3,Neral,IFRA_STD_021,0.04,anexo,
fig:1948,GrE,Grapefruit essence oil,cas,106-23-0,Citronellal,IFRA_STD_206,0.07,anexo,
fig:1948,GrE,Grapefruit essence oil,cas,141-27-5,Geranial,IFRA_STD_021,0.06,anexo,
fig:1948,GrE,Grapefruit essence oil,cas,106-26-3,Neral,IFRA_STD_021,0.04,anexo,
fig:1949,GFO,Grapefruit oil,cas,505-57-7,2-Hexenal,IFRA_STD_039,0.03,anexo,
fig:1949,GFO,Grapefruit oil,cas,5392-40-5,Citral,IFRA_STD_021,0.1,anexo,
fig:1949,GFO,Grapefruit oil,cas,106-23-0,Citronellal,IFRA_STD_206,0.1,anexo,
fig:1949,GFO,Grapefruit oil,cas,106-23-0,Citronellal,IFRA_STD_206,0.1,anexo,
fig:1949,GFO,Grapefruit oil,cas,141-27-5,Geranial,IFRA_STD_021,0.06,anexo,
fig:1949,GFO,Grapefruit oil,cas,106-26-3,Neral,IFRA_STD_021,0.04,anexo,
fig:1949,GFO,Grapefruit essence oil,cas,106-23-0,Citronellal,IFRA_STD_206,0.07,anexo,
fig:1949,GFO,Grapefruit essence oil,cas,141-27-5,Geranial,IFRA_STD_021,0.06,anexo,
fig:1949,GFO,Grapefruit essence oil,cas,106-26-3,Neral,IFRA_STD_021,0.04,anexo,
fig:1953,GLO,Grapefruit oil,cas,505-57-7,2-Hexenal,IFRA_STD_039,0.03,anexo,
fig:1953,GLO,Grapefruit oil,cas,5392-40-5,Citral,IFRA_STD_021,0.1,anexo,
fig:1953,GLO,Grapefruit oil,cas,106-23-0,Citronellal,IFRA_STD_206,0.1,anexo,
fig:1953,GLO,Grapefruit oil,cas,106-23-0,Citronellal,IFRA_STD_206,0.1,anexo,
fig:1953,GLO,Grapefruit oil,cas,141-27-5,Geranial,IFRA_STD_021,0.06,anexo,
fig:1953,GLO,Grapefruit oil,cas,106-26-3,Neral,IFRA_STD_021,0.04,anexo,
fig:1953,GLO,Grapefruit essence oil,cas,106-23-0,Citronellal,IFRA_STD_206,0.07,anexo,
fig:1953,GLO,Grapefruit essence oil,cas,141-27-5,Geranial,IFRA_STD_021,0.06,anexo,
fig:1953,GLO,Grapefruit essence oil,cas,106-26-3,Neral,IFRA_STD_021,0.04,anexo,
fig:1954,GRFO,"Grapefruit oil, terpeneless",cas,5392-40-5,Citral,IFRA_STD_021,10,anexo,
fig:1954,GRFO,"Grapefruit oil, terpeneless",cas,106-23-0,Citronellal,IFRA_STD_206,3.2,anexo,
fig:1954,GRFO,"Grapefruit oil, terpeneless",cas,150-84-5,Citronellyl acetate,IFRA_STD_248,0.31,anexo,
fig:1954,GRFO,"Grapefruit oil, terpeneless",cas,106-24-1,Geraniol,IFRA_STD_037,0.1,anexo,
fig:1954,GRFO,"Grapefruit oil, terpeneless",cas,2111-75-3,Perilla aldehyde,IFRA_STD_052,1,anexo,
fig:1955,GrO2,Grapefruit oil,cas,505-57-7,2-Hexenal,IFRA_STD_039,0.03,anexo,
fig:1955,GrO2,Grapefruit oil,cas,5392-40-5,Citral,IFRA_STD_021,0.1,anexo,
fig:1955,GrO2,Grapefruit oil,cas,106-23-0,Citronellal,IFRA_STD_206,0.1,anexo,
fig:1955,GrO2,Grapefruit oil,cas,106-23-0,Citronellal,IFRA_STD_206,0.1,anexo,
fig:1955,GrO2,Grapefruit oil,cas,141-27-5,Geranial,IFRA_STD_021,0.06,anexo,
fig:1955,GrO2,Grapefruit oil,cas,106-26-3,Neral,IFRA_STD_021,0.04,anexo,
fig:1955,GrO2,Grapefruit essence oil,cas,106-23-0,Citronellal,IFRA_STD_206,0.07,anexo,
fig:1955,GrO2,Grapefruit essence oil,cas,141-27-5,Geranial,IFRA_STD_021,0.06,anexo,
fig:1955,GrO2,Grapefruit essence oil,cas,106-26-3,Neral,IFRA_STD_021,0.04,anexo,
fig:1959,GWOO,Guaiac wood oil,cas,93-29-8,Isoeugenyl acetate,IFRA_STD_255,0.12,anexo,
fig:1971,HaO,Hay absolute,cas,91-64-5,Coumarin,IFRA_STD_023,8,anexo,
fig:1974,HeE,Helichrysum absolute,cas,469-61-4,alpha-Cedrene,IFRA_STD_197,0.08,anexo,
fig:1974,HeE,Helichrysum absolute,cas,106-24-1,Geraniol,IFRA_STD_037,0.03,anexo,
fig:1974,HeE,Helichrysum oil,cas,106-24-1,Geraniol,IFRA_STD_037,0.05,anexo,
fig:1976,HPO,Helichrysum absolute,cas,469-61-4,alpha-Cedrene,IFRA_STD_197,0.08,anexo,
fig:1976,HPO,Helichrysum absolute,cas,106-24-1,Geraniol,IFRA_STD_037,0.03,anexo,
fig:1976,HPO,Helichrysum oil,cas,106-24-1,Geraniol,IFRA_STD_037,0.05,anexo,
fig:2013,HW,Ho bark oil,cas,106-24-1,Geraniol,IFRA_STD_037,0.03,anexo,
fig:2013,HW,Ho Leaf oil,cas,106-24-1,Geraniol,IFRA_STD_037,0.4,anexo,
fig:2014,HOWO,Ho bark oil,cas,106-24-1,Geraniol,IFRA_STD_037,0.03,anexo,
fig:2014,HOWO,Ho Leaf oil,cas,106-24-1,Geraniol,IFRA_STD_037,0.4,anexo,
fig:2126,JWC,Jasmine grandiflorum absolute,cas,100-52-7,Benzaldehyde,IFRA_STD_007,0.02,anexo,
fig:2126,JWC,Jasmine grandiflorum absolute,cas,140-29-4,Benzyl cyanide,IFRA_STD_112,0.02,anexo,
fig:2126,JWC,Jasmine grandiflorum absolute,cas,1319-77-3,Cresol (unspecified),IFRA_STD_260,0.7,anexo,
fig:2126,JWC,Jasmine grandiflorum absolute,cas,106-24-1,Geraniol,IFRA_STD_037,0.02,anexo,
fig:2126,JWC,Jasmine grandiflorum absolute,cas,97-54-1,Isoeugenol,IFRA_STD_048,0.12,anexo,
fig:2126,JWC,Jasmine absolute,cas,100-51-6,Benzyl alcohol,IFRA_STD_008,1.08,anexo,
fig:2126,JWC,Jasmine absolute,cas,120-51-4,Benzyl benzoate,IFRA_STD_009,10.07,anexo,
fig:2126,JWC,Jasmine absolute,cas,140-29-4,Benzyl cyanide,IFRA_STD_112,0.02,anexo,
fig:2126,JWC,Jasmine absolute,cas,118-58-1,Benzyl salicylate,IFRA_STD_011,0.17,anexo,
fig:2126,JWC,Jasmine absolute,cas,97-53-0,Eugenol,IFRA_STD_035,1.53,anexo,
fig:2126,JWC,Jasmine concrete,cas,100-51-6,Benzyl alcohol,IFRA_STD_008,1.08,anexo,
fig:2126,JWC,Jasmine concrete,cas,120-51-4,Benzyl benzoate,IFRA_STD_009,10.07,anexo,
fig:2126,JWC,Jasmine concrete,cas,118-58-1,Benzyl salicylate,IFRA_STD_011,0.17,anexo,
fig:2126,JWC,Jasmine concrete,cas,97-53-0,Eugenol,IFRA_STD_035,1.53,anexo,
fig:2126,JWC,Jasmine CO2 extract,cas,120-51-4,Benzyl benzoate,IFRA_STD_009,5,anexo,
fig:2126,JWC,Jasmine CO2 extract,cas,1319-77-3,Cresol (unspecified),IFRA_STD_260,0.016,anexo,
fig:2126,JWC,Jasmine CO2 extract,cas,97-53-0,Eugenol,IFRA_STD_035,1,anexo,
fig:2127,JaO,Jasmine grandiflorum absolute,cas,100-52-7,Benzaldehyde,IFRA_STD_007,0.02,anexo,
fig:2127,JaO,Jasmine grandiflorum absolute,cas,140-29-4,Benzyl cyanide,IFRA_STD_112,0.02,anexo,
fig:2127,JaO,Jasmine grandiflorum absolute,cas,1319-77-3,Cresol (unspecified),IFRA_STD_260,0.7,anexo,
fig:2127,JaO,Jasmine grandiflorum absolute,cas,106-24-1,Geraniol,IFRA_STD_037,0.02,anexo,
fig:2127,JaO,Jasmine grandiflorum absolute,cas,97-54-1,Isoeugenol,IFRA_STD_048,0.12,anexo,
fig:2127,JaO,Jasmine absolute,cas,100-51-6,Benzyl alcohol,IFRA_STD_008,1.08,anexo,
fig:2127,JaO,Jasmine absolute,cas,120-51-4,Benzyl benzoate,IFRA_STD_009,10.07,anexo,
fig:2127,JaO,Jasmine absolute,cas,140-29-4,Benzyl cyanide,IFRA_STD_112,0.02,anexo,
fig:2127,JaO,Jasmine absolute,cas,118-58-1,Benzyl salicylate,IFRA_STD_011,0.17,anexo,
fig:2127,JaO,Jasmine absolute,cas,97-53-0,Eugenol,IFRA_STD_035,1.53,anexo,
fig:2127,JaO,Jasmine concrete,cas,100-51-6,Benzyl alcohol,IFRA_STD_008,1.08,anexo,
fig:2127,JaO,Jasmine concrete,cas,120-51-4,Benzyl benzoate,IFRA_STD_009,10.07,anexo,
fig:2127,JaO,Jasmine concrete,cas,118-58-1,Benzyl salicylate,IFRA_STD_011,0.17,anexo,
fig:2127,JaO,Jasmine concrete,cas,97-53-0,Eugenol,IFRA_STD_035,1.53,anexo,
fig:2127,JaO,Jasmine CO2 extract,cas,120-51-4,Benzyl benzoate,IFRA_STD_009,5,anexo,
fig:2127,JaO,Jasmine CO2 extract,cas,1319-77-3,Cresol (unspecified),IFRA_STD_260,0.016,anexo,
fig:2127,JaO,Jasmine CO2 extract,cas,97-53-0,Eugenol,IFRA_STD_035,1,anexo,
fig:2132,JS,Jasmine grandiflorum absolute,cas,100-52-7,Benzaldehyde,IFRA_STD_007,0.02,anexo,
fig:2132,JS,Jasmine grandiflorum absolute,cas,140-29-4,Benzyl cyanide,IFRA_STD_112,0.02,anexo,
fig:2132,JS,Jasmine grandiflorum absolute,cas,1319-77-3,Cresol (unspecified),IFRA_STD_260,0.7,anexo,
fig:2132,JS,Jasmine grandiflorum absolute,cas,106-24-1,Geraniol,IFRA_STD_037,0.02,anexo,
fig:2132,JS,Jasmine grandiflorum absolute,cas,97-54-1,Isoeugenol,IFRA_STD_048,0.12,anexo,
fig:2132,JS,Jasmine absolute,cas,100-51-6,Benzyl alcohol,IFRA_STD_008,1.08,anexo,
fig:2132,JS,Jasmine absolute,cas,120-51-4,Benzyl benzoate,IFRA_STD_009,10.07,anexo,
fig:2132,JS,Jasmine absolute,cas,140-29-4,Benzyl cyanide,IFRA_STD_112,0.02,anexo,
fig:2132,JS,Jasmine absolute,cas,118-58-1,Benzyl salicylate,IFRA_STD_011,0.17,anexo,
fig:2132,JS,Jasmine absolute,cas,97-53-0,Eugenol,IFRA_STD_035,1.53,anexo,
fig:2132,JS,Jasmine concrete,cas,100-51-6,Benzyl alcohol,IFRA_STD_008,1.08,anexo,
fig:2132,JS,Jasmine concrete,cas,120-51-4,Benzyl benzoate,IFRA_STD_009,10.07,anexo,
fig:2132,JS,Jasmine concrete,cas,118-58-1,Benzyl salicylate,IFRA_STD_011,0.17,anexo,
fig:2132,JS,Jasmine concrete,cas,97-53-0,Eugenol,IFRA_STD_035,1.53,anexo,
fig:2132,JS,Jasmine CO2 extract,cas,120-51-4,Benzyl benzoate,IFRA_STD_009,5,anexo,
fig:2132,JS,Jasmine CO2 extract,cas,1319-77-3,Cresol (unspecified),IFRA_STD_260,0.016,anexo,
fig:2132,JS,Jasmine CO2 extract,cas,97-53-0,Eugenol,IFRA_STD_035,1,anexo,
fig:2133,JBA,Juniper berry oil,cas,469-61-4,alpha-Cedrene,IFRA_STD_197,0.4,anexo,
fig:2133,JBA,Juniper berry oil,cas,471-15-8,beta-Thujone,IFRA_STD_102,0.05,anexo,
fig:2133,JBA,Juniper berry oil,cas,150-84-5,Citronellyl acetate,IFRA_STD_248,0.19,anexo,
fig:2133,JBA,Juniper berry oil,cas,106-24-1,Geraniol,IFRA_STD_037,0.1,anexo,
fig:2133,JBA,Juniper berry oil,cas,475-20-7,Longifolene,IFRA_STD_199,0.1,anexo,
fig:2134,JBE,Juniper berry oil,cas,469-61-4,alpha-Cedrene,IFRA_STD_197,0.4,anexo,
fig:2134,JBE,Juniper berry oil,cas,471-15-8,beta-Thujone,IFRA_STD_102,0.05,anexo,
fig:2134,JBE,Juniper berry oil,cas,150-84-5,Citronellyl acetate,IFRA_STD_248,0.19,anexo,
fig:2134,JBE,Juniper berry oil,cas,106-24-1,Geraniol,IFRA_STD_037,0.1,anexo,
fig:2134,JBE,Juniper berry oil,cas,475-20-7,Longifolene,IFRA_STD_199,0.1,anexo,
fig:2135,JUBE,Juniper berry oil,cas,469-61-4,alpha-Cedrene,IFRA_STD_197,0.4,anexo,
fig:2135,JUBE,Juniper berry oil,cas,471-15-8,beta-Thujone,IFRA_STD_102,0.05,anexo,
fig:2135,JUBE,Juniper berry oil,cas,150-84-5,Citronellyl acetate,IFRA_STD_248,0.19,anexo,
fig:2135,JUBE,Juniper berry oil,cas,106-24-1,Geraniol,IFRA_STD_037,0.1,anexo,
fig:2135,JUBE,Juniper berry oil,cas,475-20-7,Longifolene,IFRA_STD_199,0.1,anexo,
fig:2137,JUBO,Juniper berry oil,cas,469-61-4,alpha-Cedrene,IFRA_STD_197,0.4,anexo,
fig:2137,JUBO,Juniper berry oil,cas,471-15-8,beta-Thujone,IFRA_STD_102,0.05,anexo,
fig:2137,JUBO,Juniper berry oil,cas,150-84-5,Citronellyl acetate,IFRA_STD_248,0.19,anexo,
fig:2137,JUBO,Juniper berry oil,cas,106-24-1,Geraniol,IFRA_STD_037,0.1,anexo,
fig:2137,JUBO,Juniper berry oil,cas,475-20-7,Longifolene,IFRA_STD_199,0.1,anexo,
fig:2143,LaA,Cistus absolute,cas,100-52-7,Benzaldehyde,IFRA_STD_007,0.6,anexo,
fig:2143,LaA,Cistus absolute,cas,104-54-1,Cinnamic alcohol,IFRA_STD_017,0.03,anexo,
fig:2143,LaA,Cistus absolute,cas,97-53-0,Eugenol,IFRA_STD_035,0.06,anexo,
fig:2143,LaA,Cistus absolute,cas,106-24-1,Geraniol,IFRA_STD_037,0.01,anexo,
fig:2143,LaA,Cistus concrete,cas,100-52-7,Benzaldehyde,IFRA_STD_007,0.6,anexo,
fig:2143,LaA,Cistus oil,cas,100-52-7,Benzaldehyde,IFRA_STD_007,0.9,anexo,
fig:2143,LaA,Cistus oil,cas,97-42-7,Carvyl acetate,IFRA_STD_243,0.18,anexo,
fig:2143,LaA,Cistus oil,cas,97-53-0,Eugenol,IFRA_STD_035,0.4,anexo,
fig:2143,LaA,Cistus oil,cas,78-59-1,Isophorone,IFRA_STD_154,0.2,anexo,
fig:2143,LaA,Cistus oil,cas,6485-40-1,l-Carvone,IFRA_STD_016,0.6,anexo,
fig:2143,LaA,Labdanum gum,cas,100-52-7,Benzaldehyde,IFRA_STD_007,0.2,anexo,
fig:2143,LaA,Labdanum oil,cas,100-52-7,Benzaldehyde,IFRA_STD_007,0.38,anexo,
fig:2143,LaA,Labdanum oil,cas,99-49-0,Carvone,IFRA_STD_016,0.25,anexo,
fig:2143,LaA,Labdanum oil,cas,97-53-0,Eugenol,IFRA_STD_035,0.5,anexo,
fig:2143,LaA,Labdanum oil,cas,106-24-1,Geraniol,IFRA_STD_037,0.12,anexo,
fig:2143,LaA,Labdanum oil,cas,93-15-2,Methyl eugenol,IFRA_STD_100,0.05,anexo,
fig:2143,LaA,Labdanum oleoresin,cas,100-52-7,Benzaldehyde,IFRA_STD_007,0.2,anexo,
fig:2144,LPA,Cistus absolute,cas,100-52-7,Benzaldehyde,IFRA_STD_007,0.6,anexo,
fig:2144,LPA,Cistus absolute,cas,104-54-1,Cinnamic alcohol,IFRA_STD_017,0.03,anexo,
fig:2144,LPA,Cistus absolute,cas,97-53-0,Eugenol,IFRA_STD_035,0.06,anexo,
fig:2144,LPA,Cistus absolute,cas,106-24-1,Geraniol,IFRA_STD_037,0.01,anexo,
fig:2144,LPA,Cistus concrete,cas,100-52-7,Benzaldehyde,IFRA_STD_007,0.6,anexo,
fig:2144,LPA,Cistus oil,cas,100-52-7,Benzaldehyde,IFRA_STD_007,0.9,anexo,
fig:2144,LPA,Cistus oil,cas,97-42-7,Carvyl acetate,IFRA_STD_243,0.18,anexo,
fig:2144,LPA,Cistus oil,cas,97-53-0,Eugenol,IFRA_STD_035,0.4,anexo,
fig:2144,LPA,Cistus oil,cas,78-59-1,Isophorone,IFRA_STD_154,0.2,anexo,
fig:2144,LPA,Cistus oil,cas,6485-40-1,l-Carvone,IFRA_STD_016,0.6,anexo,
fig:2144,LPA,Labdanum gum,cas,100-52-7,Benzaldehyde,IFRA_STD_007,0.2,anexo,
fig:2144,LPA,Labdanum oil,cas,100-52-7,Benzaldehyde,IFRA_STD_007,0.38,anexo,
fig:2144,LPA,Labdanum oil,cas,99-49-0,Carvone,IFRA_STD_016,0.25,anexo,
fig:2144,LPA,Labdanum oil,cas,97-53-0,Eugenol,IFRA_STD_035,0.5,anexo,
fig:2144,LPA,Labdanum oil,cas,106-24-1,Geraniol,IFRA_STD_037,0.12,anexo,
fig:2144,LPA,Labdanum oil,cas,93-15-2,Methyl eugenol,IFRA_STD_100,0.05,anexo,
fig:2144,LPA,Labdanum oleoresin,cas,100-52-7,Benzaldehyde,IFRA_STD_007,0.2,anexo,
fig:2145,LaC,Cistus absolute,cas,100-52-7,Benzaldehyde,IFRA_STD_007,0.6,anexo,
fig:2145,LaC,Cistus absolute,cas,104-54-1,Cinnamic alcohol,IFRA_STD_017,0.03,anexo,
fig:2145,LaC,Cistus absolute,cas,97-53-0,Eugenol,IFRA_STD_035,0.06,anexo,
fig:2145,LaC,Cistus absolute,cas,106-24-1,Geraniol,IFRA_STD_037,0.01,anexo,
fig:2145,LaC,Cistus concrete,cas,100-52-7,Benzaldehyde,IFRA_STD_007,0.6,anexo,
fig:2145,LaC,Cistus oil,cas,100-52-7,Benzaldehyde,IFRA_STD_007,0.9,anexo,
fig:2145,LaC,Cistus oil,cas,97-42-7,Carvyl acetate,IFRA_STD_243,0.18,anexo,
fig:2145,LaC,Cistus oil,cas,97-53-0,Eugenol,IFRA_STD_035,0.4,anexo,
fig:2145,LaC,Cistus oil,cas,78-59-1,Isophorone,IFRA_STD_154,0.2,anexo,
fig:2145,LaC,Cistus oil,cas,6485-40-1,l-Carvone,IFRA_STD_016,0.6,anexo,
fig:2145,LaC,Labdanum gum,cas,100-52-7,Benzaldehyde,IFRA_STD_007,0.2,anexo,
fig:2145,LaC,Labdanum oil,cas,100-52-7,Benzaldehyde,IFRA_STD_007,0.38,anexo,
fig:2145,LaC,Labdanum oil,cas,99-49-0,Carvone,IFRA_STD_016,0.25,anexo,
fig:2145,LaC,Labdanum oil,cas,97-53-0,Eugenol,IFRA_STD_035,0.5,anexo,
fig:2145,LaC,Labdanum oil,cas,106-24-1,Geraniol,IFRA_STD_037,0.12,anexo,
fig:2145,LaC,Labdanum oil,cas,93-15-2,Methyl eugenol,IFRA_STD_100,0.05,anexo,
fig:2145,LaC,Labdanum oleoresin,cas,100-52-7,Benzaldehyde,IFRA_STD_007,0.2,anexo,
fig:2146,LaD,Cistus absolute,cas,100-52-7,Benzaldehyde,IFRA_STD_007,0.6,anexo,
fig:2146,LaD,Cistus absolute,cas,104-54-1,Cinnamic alcohol,IFRA_STD_017,0.03,anexo,
fig:2146,LaD,Cistus absolute,cas,97-53-0,Eugenol,IFRA_STD_035,0.06,anexo,
fig:2146,LaD,Cistus absolute,cas,106-24-1,Geraniol,IFRA_STD_037,0.01,anexo,
fig:2146,LaD,Cistus concrete,cas,100-52-7,Benzaldehyde,IFRA_STD_007,0.6,anexo,
fig:2146,LaD,Cistus oil,cas,100-52-7,Benzaldehyde,IFRA_STD_007,0.9,anexo,
fig:2146,LaD,Cistus oil,cas,97-42-7,Carvyl acetate,IFRA_STD_243,0.18,anexo,
fig:2146,LaD,Cistus oil,cas,97-53-0,Eugenol,IFRA_STD_035,0.4,anexo,
fig:2146,LaD,Cistus oil,cas,78-59-1,Isophorone,IFRA_STD_154,0.2,anexo,
fig:2146,LaD,Cistus oil,cas,6485-40-1,l-Carvone,IFRA_STD_016,0.6,anexo,
fig:2146,LaD,Labdanum gum,cas,100-52-7,Benzaldehyde,IFRA_STD_007,0.2,anexo,
fig:2146,LaD,Labdanum oil,cas,100-52-7,Benzaldehyde,IFRA_STD_007,0.38,anexo,
fig:2146,LaD,Labdanum oil,cas,99-49-0,Carvone,IFRA_STD_016,0.25,anexo,
fig:2146,LaD,Labdanum oil,cas,97-53-0,Eugenol,IFRA_STD_035,0.5,anexo,
fig:2146,LaD,Labdanum oil,cas,106-24-1,Geraniol,IFRA_STD_037,0.12,anexo,
fig:2146,LaD,Labdanum oil,cas,93-15-2,Methyl eugenol,IFRA_STD_100,0.05,anexo,
fig:2146,LaD,Labdanum oleoresin,cas,100-52-7,Benzaldehyde,IFRA_STD_007,0.2,anexo,
fig:2147,LaE,Cistus absolute,cas,100-52-7,Benzaldehyde,IFRA_STD_007,0.6,anexo,
fig:2147,LaE,Cistus absolute,cas,104-54-1,Cinnamic alcohol,IFRA_STD_017,0.03,anexo,
fig:2147,LaE,Cistus absolute,cas,97-53-0,Eugenol,IFRA_STD_035,0.06,anexo,
fig:2147,LaE,Cistus absolute,cas,106-24-1,Geraniol,IFRA_STD_037,0.01,anexo,
fig:2147,LaE,Cistus concrete,cas,100-52-7,Benzaldehyde,IFRA_STD_007,0.6,anexo,
fig:2147,LaE,Cistus oil,cas,100-52-7,Benzaldehyde,IFRA_STD_007,0.9,anexo,
fig:2147,LaE,Cistus oil,cas,97-42-7,Carvyl acetate,IFRA_STD_243,0.18,anexo,
fig:2147,LaE,Cistus oil,cas,97-53-0,Eugenol,IFRA_STD_035,0.4,anexo,
fig:2147,LaE,Cistus oil,cas,78-59-1,Isophorone,IFRA_STD_154,0.2,anexo,
fig:2147,LaE,Cistus oil,cas,6485-40-1,l-Carvone,IFRA_STD_016,0.6,anexo,
fig:2147,LaE,Labdanum gum,cas,100-52-7,Benzaldehyde,IFRA_STD_007,0.2,anexo,
fig:2147,LaE,Labdanum oil,cas,100-52-7,Benzaldehyde,IFRA_STD_007,0.38,anexo,
fig:2147,LaE,Labdanum oil,cas,99-49-0,Carvone,IFRA_STD_016,0.25,anexo,
fig:2147,LaE,Labdanum oil,cas,97-53-0,Eugenol,IFRA_STD_035,0.5,anexo,
fig:2147,LaE,Labdanum oil,cas,106-24-1,Geraniol,IFRA_STD_037,0.12,anexo,
fig:2147,LaE,Labdanum oil,cas,93-15-2,Methyl eugenol,IFRA_STD_100,0.05,anexo,
fig:2147,LaE,Labdanum oleoresin,cas,100-52-7,Benzaldehyde,IFRA_STD_007,0.2,anexo,
fig:2159,LLA,Laurel leaf oil,cas,505-57-7,2-Hexenal,IFRA_STD_039,0.03,anexo,
fig:2159,LLA,Laurel leaf oil,cas,140-67-0,Estragole,IFRA_STD_099,0.16,anexo,
fig:2159,LLA,Laurel leaf oil,cas,97-53-0,Eugenol,IFRA_STD_035,1.33,anexo,
fig:2159,LLA,Laurel leaf oil,cas,106-24-1,Geraniol,IFRA_STD_037,0.05,anexo,
fig:2159,LLA,Laurel leaf oil,cas,93-15-2,Methyl eugenol,IFRA_STD_100,3.22,anexo,
fig:2164,LAO,Lavandin abrialis oil,cas,2442-10-6,1-Octen-3-yl acetate,IFRA_STD_069,0.2,anexo,
fig:2164,LAO,Lavandin abrialis oil,cas,505-57-7,2-Hexenal,IFRA_STD_039,0.02,anexo,
fig:2164,LAO,Lavandin abrialis oil,cas,531-59-9,7-Methoxycoumarin,IFRA_STD_158,0.01,anexo,
fig:2164,LAO,Lavandin abrialis oil,cas,91-64-5,Coumarin,IFRA_STD_023,0.2,anexo,
fig:2164,LAO,Lavandin abrialis oil,cas,106-24-1,Geraniol,IFRA_STD_037,0.3,anexo,
fig:2164,LAO,Lavandin absolute,cas,2442-10-6,1-Octen-3-yl acetate,IFRA_STD_069,1.09,anexo,
fig:2164,LAO,Lavandin absolute,cas,531-59-9,7-Methoxycoumarin,IFRA_STD_158,0.62,anexo,
fig:2164,LAO,Lavandin absolute,cas,515-69-5,alpha-Bisabolol,IFRA_STD_192,0.64,anexo,
fig:2164,LAO,Lavandin absolute,cas,91-64-5,Coumarin,IFRA_STD_023,1.77,anexo,
fig:2164,LAO,Lavandin absolute,cas,106-24-1,Geraniol,IFRA_STD_037,0.08,anexo,
fig:2164,LAO,Lavandin grosso oil,cas,2442-10-6,1-Octen-3-yl acetate,IFRA_STD_069,0.3,anexo,
fig:2164,LAO,Lavandin grosso oil,cas,515-69-5,alpha-Bisabolol,IFRA_STD_192,0.35,anexo,
fig:2164,LAO,Lavandin oil,cas,2442-10-6,1-Octen-3-yl acetate,IFRA_STD_069,0.3,anexo,
fig:2164,LAO,Lavandin oil,cas,531-59-9,7-Methoxycoumarin,IFRA_STD_158,0.01,anexo,
fig:2164,LAO,Lavandin oil,cas,515-69-5,alpha-Bisabolol,IFRA_STD_192,0.03,anexo,
fig:2164,LAO,Lavandin oil,cas,106-24-1,Geraniol,IFRA_STD_037,0.2,anexo,
fig:2164,LAO,Lavandin concrete,cas,531-59-9,7-Methoxycoumarin,IFRA_STD_158,0.37,anexo,
fig:2164,LAO,Lavandin concrete,cas,515-69-5,alpha-Bisabolol,IFRA_STD_192,1.91,anexo,
fig:2164,LAO,Lavandin concrete,cas,515-69-5,alpha-Bisabolol,IFRA_STD_192,1.91,anexo,
fig:2164,LAO,Lavandin concrete,cas,91-64-5,Coumarin,IFRA_STD_023,1.21,anexo,
fig:2165,LAB,Lavandin abrialis oil,cas,2442-10-6,1-Octen-3-yl acetate,IFRA_STD_069,0.2,anexo,
fig:2165,LAB,Lavandin abrialis oil,cas,505-57-7,2-Hexenal,IFRA_STD_039,0.02,anexo,
fig:2165,LAB,Lavandin abrialis oil,cas,531-59-9,7-Methoxycoumarin,IFRA_STD_158,0.01,anexo,
fig:2165,LAB,Lavandin abrialis oil,cas,91-64-5,Coumarin,IFRA_STD_023,0.2,anexo,
fig:2165,LAB,Lavandin abrialis oil,cas,106-24-1,Geraniol,IFRA_STD_037,0.3,anexo,
fig:2165,LAB,Lavandin absolute,cas,2442-10-6,1-Octen-3-yl acetate,IFRA_STD_069,1.09,anexo,
fig:2165,LAB,Lavandin absolute,cas,531-59-9,7-Methoxycoumarin,IFRA_STD_158,0.62,anexo,
fig:2165,LAB,Lavandin absolute,cas,515-69-5,alpha-Bisabolol,IFRA_STD_192,0.64,anexo,
fig:2165,LAB,Lavandin absolute,cas,91-64-5,Coumarin,IFRA_STD_023,1.77,anexo,
fig:2165,LAB,Lavandin absolute,cas,106-24-1,Geraniol,IFRA_STD_037,0.08,anexo,
fig:2165,LAB,Lavandin grosso oil,cas,2442-10-6,1-Octen-3-yl acetate,IFRA_STD_069,0.3,anexo,
fig:2165,LAB,Lavandin grosso oil,cas,515-69-5,alpha-Bisabolol,IFRA_STD_192,0.35,anexo,
fig:2165,LAB,Lavandin oil,cas,2442-10-6,1-Octen-3-yl acetate,IFRA_STD_069,0.3,anexo,
fig:2165,LAB,Lavandin oil,cas,531-59-9,7-Methoxycoumarin,IFRA_STD_158,0.01,anexo,
fig:2165,LAB,Lavandin oil,cas,515-69-5,alpha-Bisabolol,IFRA_STD_192,0.03,anexo,
fig:2165,LAB,Lavandin oil,cas,106-24-1,Geraniol,IFRA_STD_037,0.2,anexo,
fig:2165,LAB,Lavandin concrete,cas,531-59-9,7-Methoxycoumarin,IFRA_STD_158,0.37,anexo,
fig:2165,LAB,Lavandin concrete,cas,515-69-5,alpha-Bisabolol,IFRA_STD_192,1.91,anexo,
fig:2165,LAB,Lavandin concrete,cas,515-69-5,alpha-Bisabolol,IFRA_STD_192,1.91,anexo,
fig:2165,LAB,Lavandin concrete,cas,91-64-5,Coumarin,IFRA_STD_023,1.21,anexo,
fig:2169,LvE,Lavandin abrialis oil,cas,2442-10-6,1-Octen-3-yl acetate,IFRA_STD_069,0.2,anexo,
fig:2169,LvE,Lavandin abrialis oil,cas,505-57-7,2-Hexenal,IFRA_STD_039,0.02,anexo,
fig:2169,LvE,Lavandin abrialis oil,cas,531-59-9,7-Methoxycoumarin,IFRA_STD_158,0.01,anexo,
fig:2169,LvE,Lavandin abrialis oil,cas,91-64-5,Coumarin,IFRA_STD_023,0.2,anexo,
fig:2169,LvE,Lavandin abrialis oil,cas,106-24-1,Geraniol,IFRA_STD_037,0.3,anexo,
fig:2169,LvE,Lavandin absolute,cas,2442-10-6,1-Octen-3-yl acetate,IFRA_STD_069,1.09,anexo,
fig:2169,LvE,Lavandin absolute,cas,531-59-9,7-Methoxycoumarin,IFRA_STD_158,0.62,anexo,
fig:2169,LvE,Lavandin absolute,cas,515-69-5,alpha-Bisabolol,IFRA_STD_192,0.64,anexo,
fig:2169,LvE,Lavandin absolute,cas,91-64-5,Coumarin,IFRA_STD_023,1.77,anexo,
fig:2169,LvE,Lavandin absolute,cas,106-24-1,Geraniol,IFRA_STD_037,0.08,anexo,
fig:2169,LvE,Lavandin grosso oil,cas,2442-10-6,1-Octen-3-yl acetate,IFRA_STD_069,0.3,anexo,
fig:2169,LvE,Lavandin grosso oil,cas,515-69-5,alpha-Bisabolol,IFRA_STD_192,0.35,anexo,
fig:2169,LvE,Lavandin oil,cas,2442-10-6,1-Octen-3-yl acetate,IFRA_STD_069,0.3,anexo,
fig:2169,LvE,Lavandin oil,cas,531-59-9,7-Methoxycoumarin,IFRA_STD_158,0.01,anexo,
fig:2169,LvE,Lavandin oil,cas,515-69-5,alpha-Bisabolol,IFRA_STD_192,0.03,anexo,
fig:2169,LvE,Lavandin oil,cas,106-24-1,Geraniol,IFRA_STD_037,0.2,anexo,
fig:2169,LvE,Lavandin concrete,cas,531-59-9,7-Methoxycoumarin,IFRA_STD_158,0.37,anexo,
fig:2169,LvE,Lavandin concrete,cas,515-69-5,alpha-Bisabolol,IFRA_STD_192,1.91,anexo,
fig:2169,LvE,Lavandin concrete,cas,515-69-5,alpha-Bisabolol,IFRA_STD_192,1.91,anexo,
fig:2169,LvE,Lavandin concrete,cas,91-64-5,Coumarin,IFRA_STD_023,1.21,anexo,
fig:2170,LAG,Lavandin abrialis oil,cas,2442-10-6,1-Octen-3-yl acetate,IFRA_STD_069,0.2,anexo,
fig:2170,LAG,Lavandin abrialis oil,cas,505-57-7,2-Hexenal,IFRA_STD_039,0.02,anexo,
fig:2170,LAG,Lavandin abrialis oil,cas,531-59-9,7-Methoxycoumarin,IFRA_STD_158,0.01,anexo,
fig:2170,LAG,Lavandin abrialis oil,cas,91-64-5,Coumarin,IFRA_STD_023,0.2,anexo,
fig:2170,LAG,Lavandin abrialis oil,cas,106-24-1,Geraniol,IFRA_STD_037,0.3,anexo,
fig:2170,LAG,Lavandin absolute,cas,2442-10-6,1-Octen-3-yl acetate,IFRA_STD_069,1.09,anexo,
fig:2170,LAG,Lavandin absolute,cas,531-59-9,7-Methoxycoumarin,IFRA_STD_158,0.62,anexo,
fig:2170,LAG,Lavandin absolute,cas,515-69-5,alpha-Bisabolol,IFRA_STD_192,0.64,anexo,
fig:2170,LAG,Lavandin absolute,cas,91-64-5,Coumarin,IFRA_STD_023,1.77,anexo,
fig:2170,LAG,Lavandin absolute,cas,106-24-1,Geraniol,IFRA_STD_037,0.08,anexo,
fig:2170,LAG,Lavandin grosso oil,cas,2442-10-6,1-Octen-3-yl acetate,IFRA_STD_069,0.3,anexo,
fig:2170,LAG,Lavandin grosso oil,cas,515-69-5,alpha-Bisabolol,IFRA_STD_192,0.35,anexo,
fig:2170,LAG,Lavandin oil,cas,2442-10-6,1-Octen-3-yl acetate,IFRA_STD_069,0.3,anexo,
fig:2170,LAG,Lavandin oil,cas,531-59-9,7-Methoxycoumarin,IFRA_STD_158,0.01,anexo,
fig:2170,LAG,Lavandin oil,cas,515-69-5,alpha-Bisabolol,IFRA_STD_192,0.03,anexo,
fig:2170,LAG,Lavandin oil,cas,106-24-1,Geraniol,IFRA_STD_037,0.2,anexo,
fig:2170,LAG,Lavandin concrete,cas,531-59-9,7-Methoxycoumarin,IFRA_STD_158,0.37,anexo,
fig:2170,LAG,Lavandin concrete,cas,515-69-5,alpha-Bisabolol,IFRA_STD_192,1.91,anexo,
fig:2170,LAG,Lavandin concrete,cas,515-69-5,alpha-Bisabolol,IFRA_STD_192,1.91,anexo,
fig:2170,LAG,Lavandin concrete,cas,91-64-5,Coumarin,IFRA_STD_023,1.21,anexo,
fig:2172,LGC,Lavandin abrialis oil,cas,2442-10-6,1-Octen-3-yl acetate,IFRA_STD_069,0.2,anexo,
fig:2172,LGC,Lavandin abrialis oil,cas,505-57-7,2-Hexenal,IFRA_STD_039,0.02,anexo,
fig:2172,LGC,Lavandin abrialis oil,cas,531-59-9,7-Methoxycoumarin,IFRA_STD_158,0.01,anexo,
fig:2172,LGC,Lavandin abrialis oil,cas,91-64-5,Coumarin,IFRA_STD_023,0.2,anexo,
fig:2172,LGC,Lavandin abrialis oil,cas,106-24-1,Geraniol,IFRA_STD_037,0.3,anexo,
fig:2172,LGC,Lavandin absolute,cas,2442-10-6,1-Octen-3-yl acetate,IFRA_STD_069,1.09,anexo,
fig:2172,LGC,Lavandin absolute,cas,531-59-9,7-Methoxycoumarin,IFRA_STD_158,0.62,anexo,
fig:2172,LGC,Lavandin absolute,cas,515-69-5,alpha-Bisabolol,IFRA_STD_192,0.64,anexo,
fig:2172,LGC,Lavandin absolute,cas,91-64-5,Coumarin,IFRA_STD_023,1.77,anexo,
fig:2172,LGC,Lavandin absolute,cas,106-24-1,Geraniol,IFRA_STD_037,0.08,anexo,
fig:2172,LGC,Lavandin grosso oil,cas,2442-10-6,1-Octen-3-yl acetate,IFRA_STD_069,0.3,anexo,
fig:2172,LGC,Lavandin grosso oil,cas,515-69-5,alpha-Bisabolol,IFRA_STD_192,0.35,anexo,
fig:2172,LGC,Lavandin oil,cas,2442-10-6,1-Octen-3-yl acetate,IFRA_STD_069,0.3,anexo,
fig:2172,LGC,Lavandin oil,cas,531-59-9,7-Methoxycoumarin,IFRA_STD_158,0.01,anexo,
fig:2172,LGC,Lavandin oil,cas,515-69-5,alpha-Bisabolol,IFRA_STD_192,0.03,anexo,
fig:2172,LGC,Lavandin oil,cas,106-24-1,Geraniol,IFRA_STD_037,0.2,anexo,
fig:2172,LGC,Lavandin concrete,cas,531-59-9,7-Methoxycoumarin,IFRA_STD_158,0.37,anexo,
fig:2172,LGC,Lavandin concrete,cas,515-69-5,alpha-Bisabolol,IFRA_STD_192,1.91,anexo,
fig:2172,LGC,Lavandin concrete,cas,515-69-5,alpha-Bisabolol,IFRA_STD_192,1.91,anexo,
fig:2172,LGC,Lavandin concrete,cas,91-64-5,Coumarin,IFRA_STD_023,1.21,anexo,
fig:2175,LSO,Lavandin abrialis oil,cas,2442-10-6,1-Octen-3-yl acetate,IFRA_STD_069,0.2,anexo,
fig:2175,LSO,Lavandin abrialis oil,cas,505-57-7,2-Hexenal,IFRA_STD_039,0.02,anexo,
fig:2175,LSO,Lavandin abrialis oil,cas,531-59-9,7-Methoxycoumarin,IFRA_STD_158,0.01,anexo,
fig:2175,LSO,Lavandin abrialis oil,cas,91-64-5,Coumarin,IFRA_STD_023,0.2,anexo,
fig:2175,LSO,Lavandin abrialis oil,cas,106-24-1,Geraniol,IFRA_STD_037,0.3,anexo,
fig:2175,LSO,Lavandin absolute,cas,2442-10-6,1-Octen-3-yl acetate,IFRA_STD_069,1.09,anexo,
fig:2175,LSO,Lavandin absolute,cas,531-59-9,7-Methoxycoumarin,IFRA_STD_158,0.62,anexo,
fig:2175,LSO,Lavandin absolute,cas,515-69-5,alpha-Bisabolol,IFRA_STD_192,0.64,anexo,
fig:2175,LSO,Lavandin absolute,cas,91-64-5,Coumarin,IFRA_STD_023,1.77,anexo,
fig:2175,LSO,Lavandin absolute,cas,106-24-1,Geraniol,IFRA_STD_037,0.08,anexo,
fig:2175,LSO,Lavandin grosso oil,cas,2442-10-6,1-Octen-3-yl acetate,IFRA_STD_069,0.3,anexo,
fig:2175,LSO,Lavandin grosso oil,cas,515-69-5,alpha-Bisabolol,IFRA_STD_192,0.35,anexo,
fig:2175,LSO,Lavandin oil,cas,2442-10-6,1-Octen-3-yl acetate,IFRA_STD_069,0.3,anexo,
fig:2175,LSO,Lavandin oil,cas,531-59-9,7-Methoxycoumarin,IFRA_STD_158,0.01,anexo,
fig:2175,LSO,Lavandin oil,cas,515-69-5,alpha-Bisabolol,IFRA_STD_192,0.03,anexo,
fig:2175,LSO,Lavandin oil,cas,106-24-1,Geraniol,IFRA_STD_037,0.2,anexo,
fig:2175,LSO,Lavandin concrete,cas,531-59-9,7-Methoxycoumarin,IFRA_STD_158,0.37,anexo,
fig:2175,LSO,Lavandin concrete,cas,515-69-5,alpha-Bisabolol,IFRA_STD_192,1.91,anexo,
fig:2175,LSO,Lavandin concrete,cas,515-69-5,alpha-Bisabolol,IFRA_STD_192,1.91,anexo,
fig:2175,LSO,Lavandin concrete,cas,91-64-5,Coumarin,IFRA_STD_023,1.21,anexo,
fig:2178,LeO,Lavender oil dentata,cas,2442-10-6,1-Octen-3-yl acetate,IFRA_STD_069,0,anexo,
fig:2178,LeO,Lavender oil dentata,cas,91-64-5,Coumarin,IFRA_STD_023,0.35,anexo,
fig:2178,LeO,Lavender oil dentata,cas,122-03-2,Cuminaldehyde,IFRA_STD_024,0.2,anexo,
fig:2178,LeO,Lavender oil dentata,cas,106-24-1,Geraniol,IFRA_STD_037,0,anexo,
fig:2178,LeO,Lavender oil dentata,cas,6485-40-1,l-Carvone,IFRA_STD_016,0.3,anexo,
fig:2178,LeO,Lavender oil dentata,cas,536-60-7,p-Isopropylbenzyl alcohol,IFRA_STD_194,0.2,anexo,
fig:2179,Lv,Lavender absolute,cas,2442-10-6,1-Octen-3-yl acetate,IFRA_STD_069,0.31,anexo,
fig:2179,Lv,Lavender absolute,cas,531-59-9,7-Methoxycoumarin,IFRA_STD_158,3.8,anexo,
fig:2179,Lv,Lavender absolute,cas,91-64-5,Coumarin,IFRA_STD_023,5.98,anexo,
fig:2179,Lv,Lavender absolute,cas,122-03-2,Cuminaldehyde,IFRA_STD_024,0.06,anexo,
fig:2179,Lv,Lavender concrete,cas,2442-10-6,1-Octen-3-yl acetate,IFRA_STD_069,0.5,anexo,
fig:2179,Lv,Lavender concrete,cas,531-59-9,7-Methoxycoumarin,IFRA_STD_158,8,anexo,
fig:2179,Lv,Lavender concrete,cas,106-24-1,Geraniol,IFRA_STD_037,0.1,anexo,
fig:2179,Lv,Lavender oil,cas,2442-10-6,1-Octen-3-yl acetate,IFRA_STD_069,1.04,anexo,
fig:2179,Lv,Lavender oil,cas,505-57-7,2-Hexenal,IFRA_STD_039,0.01,anexo,
fig:2179,Lv,Lavender oil,cas,106-24-1,Geraniol,IFRA_STD_037,0.48,anexo,
fig:2182,LeE,Lavender absolute,cas,2442-10-6,1-Octen-3-yl acetate,IFRA_STD_069,0.31,anexo,
fig:2182,LeE,Lavender absolute,cas,531-59-9,7-Methoxycoumarin,IFRA_STD_158,3.8,anexo,
fig:2182,LeE,Lavender absolute,cas,91-64-5,Coumarin,IFRA_STD_023,5.98,anexo,
fig:2182,LeE,Lavender absolute,cas,122-03-2,Cuminaldehyde,IFRA_STD_024,0.06,anexo,
fig:2182,LeE,Lavender concrete,cas,2442-10-6,1-Octen-3-yl acetate,IFRA_STD_069,0.5,anexo,
fig:2182,LeE,Lavender concrete,cas,531-59-9,7-Methoxycoumarin,IFRA_STD_158,8,anexo,
fig:2182,LeE,Lavender concrete,cas,106-24-1,Geraniol,IFRA_STD_037,0.1,anexo,
fig:2182,LeE,Lavender oil,cas,2442-10-6,1-Octen-3-yl acetate,IFRA_STD_069,1.04,anexo,
fig:2182,LeE,Lavender oil,cas,505-57-7,2-Hexenal,IFRA_STD_039,0.01,anexo,
fig:2182,LeE,Lavender oil,cas,106-24-1,Geraniol,IFRA_STD_037,0.48,anexo,
fig:2184,LLCO,Lavender absolute,cas,2442-10-6,1-Octen-3-yl acetate,IFRA_STD_069,0.31,anexo,
fig:2184,LLCO,Lavender absolute,cas,531-59-9,7-Methoxycoumarin,IFRA_STD_158,3.8,anexo,
fig:2184,LLCO,Lavender absolute,cas,91-64-5,Coumarin,IFRA_STD_023,5.98,anexo,
fig:2184,LLCO,Lavender absolute,cas,122-03-2,Cuminaldehyde,IFRA_STD_024,0.06,anexo,
fig:2184,LLCO,Lavender concrete,cas,2442-10-6,1-Octen-3-yl acetate,IFRA_STD_069,0.5,anexo,
fig:2184,LLCO,Lavender concrete,cas,531-59-9,7-Methoxycoumarin,IFRA_STD_158,8,anexo,
fig:2184,LLCO,Lavender concrete,cas,106-24-1,Geraniol,IFRA_STD_037,0.1,anexo,
fig:2184,LLCO,Lavender oil,cas,2442-10-6,1-Octen-3-yl acetate,IFRA_STD_069,1.04,anexo,
fig:2184,LLCO,Lavender oil,cas,505-57-7,2-Hexenal,IFRA_STD_039,0.01,anexo,
fig:2184,LLCO,Lavender oil,cas,106-24-1,Geraniol,IFRA_STD_037,0.48,anexo,
fig:2185,LavO,Lavender absolute,cas,2442-10-6,1-Octen-3-yl acetate,IFRA_STD_069,0.31,anexo,
fig:2185,LavO,Lavender absolute,cas,531-59-9,7-Methoxycoumarin,IFRA_STD_158,3.8,anexo,
fig:2185,LavO,Lavender absolute,cas,91-64-5,Coumarin,IFRA_STD_023,5.98,anexo,
fig:2185,LavO,Lavender absolute,cas,122-03-2,Cuminaldehyde,IFRA_STD_024,0.06,anexo,
fig:2185,LavO,Lavender concrete,cas,2442-10-6,1-Octen-3-yl acetate,IFRA_STD_069,0.5,anexo,
fig:2185,LavO,Lavender concrete,cas,531-59-9,7-Methoxycoumarin,IFRA_STD_158,8,anexo,
fig:2185,LavO,Lavender concrete,cas,106-24-1,Geraniol,IFRA_STD_037,0.1,anexo,
fig:2185,LavO,Lavender oil,cas,2442-10-6,1-Octen-3-yl acetate,IFRA_STD_069,1.04,anexo,
fig:2185,LavO,Lavender oil,cas,505-57-7,2-Hexenal,IFRA_STD_039,0.01,anexo,
fig:2185,LavO,Lavender oil,cas,106-24-1,Geraniol,IFRA_STD_037,0.48,anexo,
fig:2191,LFA,"Lemon oil, expressed",cas,531-59-9,7-Methoxycoumarin,IFRA_STD_158,0.05,anexo,
fig:2191,LFA,"Lemon oil, expressed",cas,5392-40-5,Citral,IFRA_STD_021,3.5,anexo,
fig:2191,LFA,"Lemon oil, expressed",cas,106-23-0,Citronellal,IFRA_STD_206,0.1,anexo,
fig:2191,LFA,"Lemon oil, expressed",cas,106-24-1,Geraniol,IFRA_STD_037,0.1,anexo,
fig:2191,LFA,Lemon essence oil,cas,5392-40-5,Citral,IFRA_STD_021,2.03,anexo,
fig:2191,LFA,Lemon essence oil,cas,106-23-0,Citronellal,IFRA_STD_206,0.06,anexo,
fig:2191,LFA,Lemon essence oil,cas,106-24-1,Geraniol,IFRA_STD_037,0.09,anexo,
fig:2191,LFA,Lemon oil steam distilled,cas,106-23-0,Citronellal,IFRA_STD_206,0.07,anexo,
fig:2191,LFA,Lemon oil steam distilled,cas,141-27-5,Geranial,IFRA_STD_021,1.36,anexo,
fig:2191,LFA,Lemon oil steam distilled,cas,106-24-1,Geraniol,IFRA_STD_037,0.07,anexo,
fig:2191,LFA,Lemon oil steam distilled,cas,106-26-3,Neral,IFRA_STD_021,0.81,anexo,
fig:2193,LmO,"Lemon oil, expressed",cas,531-59-9,7-Methoxycoumarin,IFRA_STD_158,0.05,anexo,
fig:2193,LmO,"Lemon oil, expressed",cas,5392-40-5,Citral,IFRA_STD_021,3.5,anexo,
fig:2193,LmO,"Lemon oil, expressed",cas,106-23-0,Citronellal,IFRA_STD_206,0.1,anexo,
fig:2193,LmO,"Lemon oil, expressed",cas,106-24-1,Geraniol,IFRA_STD_037,0.1,anexo,
fig:2193,LmO,Lemon essence oil,cas,5392-40-5,Citral,IFRA_STD_021,2.03,anexo,
fig:2193,LmO,Lemon essence oil,cas,106-23-0,Citronellal,IFRA_STD_206,0.06,anexo,
fig:2193,LmO,Lemon essence oil,cas,106-24-1,Geraniol,IFRA_STD_037,0.09,anexo,
fig:2193,LmO,Lemon oil steam distilled,cas,106-23-0,Citronellal,IFRA_STD_206,0.07,anexo,
fig:2193,LmO,Lemon oil steam distilled,cas,141-27-5,Geranial,IFRA_STD_021,1.36,anexo,
fig:2193,LmO,Lemon oil steam distilled,cas,106-24-1,Geraniol,IFRA_STD_037,0.07,anexo,
fig:2193,LmO,Lemon oil steam distilled,cas,106-26-3,Neral,IFRA_STD_021,0.81,anexo,
fig:2194,LFO,"Lemon oil, expressed",cas,531-59-9,7-Methoxycoumarin,IFRA_STD_158,0.05,anexo,
fig:2194,LFO,"Lemon oil, expressed",cas,5392-40-5,Citral,IFRA_STD_021,3.5,anexo,
fig:2194,LFO,"Lemon oil, expressed",cas,106-23-0,Citronellal,IFRA_STD_206,0.1,anexo,
fig:2194,LFO,"Lemon oil, expressed",cas,106-24-1,Geraniol,IFRA_STD_037,0.1,anexo,
fig:2194,LFO,Lemon essence oil,cas,5392-40-5,Citral,IFRA_STD_021,2.03,anexo,
fig:2194,LFO,Lemon essence oil,cas,106-23-0,Citronellal,IFRA_STD_206,0.06,anexo,
fig:2194,LFO,Lemon essence oil,cas,106-24-1,Geraniol,IFRA_STD_037,0.09,anexo,
fig:2194,LFO,Lemon oil steam distilled,cas,106-23-0,Citronellal,IFRA_STD_206,0.07,anexo,
fig:2194,LFO,Lemon oil steam distilled,cas,141-27-5,Geranial,IFRA_STD_021,1.36,anexo,
fig:2194,LFO,Lemon oil steam distilled,cas,106-24-1,Geraniol,IFRA_STD_037,0.07,anexo,
fig:2194,LFO,Lemon oil steam distilled,cas,106-26-3,Neral,IFRA_STD_021,0.81,anexo,
fig:2195,LEFO,"Lemon oil, expressed",cas,531-59-9,7-Methoxycoumarin,IFRA_STD_158,0.05,anexo,
fig:2195,LEFO,"Lemon oil, expressed",cas,5392-40-5,Citral,IFRA_STD_021,3.5,anexo,
fig:2195,LEFO,"Lemon oil, expressed",cas,106-23-0,Citronellal,IFRA_STD_206,0.1,anexo,
fig:2195,LEFO,"Lemon oil, expressed",cas,106-24-1,Geraniol,IFRA_STD_037,0.1,anexo,
fig:2195,LEFO,Lemon essence oil,cas,5392-40-5,Citral,IFRA_STD_021,2.03,anexo,
fig:2195,LEFO,Lemon essence oil,cas,106-23-0,Citronellal,IFRA_STD_206,0.06,anexo,
fig:2195,LEFO,Lemon essence oil,cas,106-24-1,Geraniol,IFRA_STD_037,0.09,anexo,
fig:2195,LEFO,Lemon oil steam distilled,cas,106-23-0,Citronellal,IFRA_STD_206,0.07,anexo,
fig:2195,LEFO,Lemon oil steam distilled,cas,141-27-5,Geranial,IFRA_STD_021,1.36,anexo,
fig:2195,LEFO,Lemon oil steam distilled,cas,106-24-1,Geraniol,IFRA_STD_037,0.07,anexo,
fig:2195,LEFO,Lemon oil steam distilled,cas,106-26-3,Neral,IFRA_STD_021,0.81,anexo,
fig:2197,LoO,"Lemon oil, expressed",cas,531-59-9,7-Methoxycoumarin,IFRA_STD_158,0.05,anexo,
fig:2197,LoO,"Lemon oil, expressed",cas,5392-40-5,Citral,IFRA_STD_021,3.5,anexo,
fig:2197,LoO,"Lemon oil, expressed",cas,106-23-0,Citronellal,IFRA_STD_206,0.1,anexo,
fig:2197,LoO,"Lemon oil, expressed",cas,106-24-1,Geraniol,IFRA_STD_037,0.1,anexo,
fig:2197,LoO,Lemon essence oil,cas,5392-40-5,Citral,IFRA_STD_021,2.03,anexo,
fig:2197,LoO,Lemon essence oil,cas,106-23-0,Citronellal,IFRA_STD_206,0.06,anexo,
fig:2197,LoO,Lemon essence oil,cas,106-24-1,Geraniol,IFRA_STD_037,0.09,anexo,
fig:2197,LoO,Lemon oil steam distilled,cas,106-23-0,Citronellal,IFRA_STD_206,0.07,anexo,
fig:2197,LoO,Lemon oil steam distilled,cas,141-27-5,Geranial,IFRA_STD_021,1.36,anexo,
fig:2197,LoO,Lemon oil steam distilled,cas,106-24-1,Geraniol,IFRA_STD_037,0.07,anexo,
fig:2197,LoO,Lemon oil steam distilled,cas,106-26-3,Neral,IFRA_STD_021,0.81,anexo,
fig:2201,LWO,"Lemon oil, expressed",cas,531-59-9,7-Methoxycoumarin,IFRA_STD_158,0.05,anexo,
fig:2201,LWO,"Lemon oil, expressed",cas,5392-40-5,Citral,IFRA_STD_021,3.5,anexo,
fig:2201,LWO,"Lemon oil, expressed",cas,106-23-0,Citronellal,IFRA_STD_206,0.1,anexo,
fig:2201,LWO,"Lemon oil, expressed",cas,106-24-1,Geraniol,IFRA_STD_037,0.1,anexo,
fig:2201,LWO,Lemon essence oil,cas,5392-40-5,Citral,IFRA_STD_021,2.03,anexo,
fig:2201,LWO,Lemon essence oil,cas,106-23-0,Citronellal,IFRA_STD_206,0.06,anexo,
fig:2201,LWO,Lemon essence oil,cas,106-24-1,Geraniol,IFRA_STD_037,0.09,anexo,
fig:2201,LWO,Lemon oil steam distilled,cas,106-23-0,Citronellal,IFRA_STD_206,0.07,anexo,
fig:2201,LWO,Lemon oil steam distilled,cas,141-27-5,Geranial,IFRA_STD_021,1.36,anexo,
fig:2201,LWO,Lemon oil steam distilled,cas,106-24-1,Geraniol,IFRA_STD_037,0.07,anexo,
fig:2201,LWO,Lemon oil steam distilled,cas,106-26-3,Neral,IFRA_STD_021,0.81,anexo,
fig:2206,LeO2,"Lemongrass oil, East Indian",cas,72203-98-6,"(E) 3,7-Dimethyl-3,6-octadienal (iso-Geranial)",IFRA_STD_205,1.3,anexo,
fig:2206,LeO2,"Lemongrass oil, East Indian",cas,72203-97-5,"(Z) 3,7-Dimethyl-3,6-octadienal (iso-Neral)",IFRA_STD_205,0.78,anexo,
fig:2206,LeO2,"Lemongrass oil, East Indian",cas,106-23-0,Citronellal,IFRA_STD_206,0.51,anexo,
fig:2206,LeO2,"Lemongrass oil, East Indian",cas,150-84-5,Citronellyl acetate,IFRA_STD_248,0.23,anexo,
fig:2206,LeO2,"Lemongrass oil, East Indian",cas,106-22-9,dl-Citronellol,IFRA_STD_022,0.25,anexo,
fig:2206,LeO2,"Lemongrass oil, East Indian",cas,97-53-0,Eugenol,IFRA_STD_035,0.08,anexo,
fig:2206,LeO2,"Lemongrass oil, East Indian",cas,141-27-5,Geranial,IFRA_STD_021,41.42,anexo,
fig:2206,LeO2,"Lemongrass oil, East Indian",cas,106-24-1,Geraniol,IFRA_STD_037,5.25,anexo,
fig:2206,LeO2,"Lemongrass oil, East Indian",cas,97-54-1,Isoeugenol,IFRA_STD_048,0.47,anexo,
fig:2206,LeO2,"Lemongrass oil, East Indian",cas,93-15-2,Methyl eugenol,IFRA_STD_100,0.05,anexo,
fig:2206,LeO2,"Lemongrass oil, East Indian",cas,106-26-3,Neral,IFRA_STD_021,30.54,anexo,
fig:2206,LeO2,"Lemongrass oil, West Indian",cas,72203-98-6,"(E) 3,7-Dimethyl-3,6-octadienal (iso-Geranial)",IFRA_STD_205,1.2,anexo,
fig:2206,LeO2,"Lemongrass oil, West Indian",cas,72203-97-5,"(Z) 3,7-Dimethyl-3,6-octadienal (iso-Neral)",IFRA_STD_205,1,anexo,
fig:2206,LeO2,"Lemongrass oil, West Indian",cas,5392-40-5,Citral,IFRA_STD_021,73,anexo,
fig:2206,LeO2,"Lemongrass oil, West Indian",cas,106-23-0,Citronellal,IFRA_STD_206,0.3,anexo,
fig:2206,LeO2,"Lemongrass oil, West Indian",cas,97-53-0,Eugenol,IFRA_STD_035,0.2,anexo,
fig:2206,LeO2,"Lemongrass oil, West Indian",cas,106-24-1,Geraniol,IFRA_STD_037,2.3,anexo,
fig:2206,LeO2,"Lemongrass oil, West Indian",cas,97-54-1,Isoeugenol,IFRA_STD_048,0.5,anexo,
fig:2213,LiO,"Lime oil, expressed",cas,531-59-9,7-Methoxycoumarin,IFRA_STD_158,0.21,anexo,
fig:2213,LiO,"Lime oil, expressed",cas,106-23-0,Citronellal,IFRA_STD_206,0.5,anexo,
fig:2213,LiO,"Lime oil, expressed",cas,141-27-5,Geranial,IFRA_STD_021,2.6,anexo,
fig:2213,LiO,"Lime oil, expressed",cas,106-24-1,Geraniol,IFRA_STD_037,0.15,anexo,
fig:2213,LiO,"Lime oil, expressed",cas,106-26-3,Neral,IFRA_STD_021,1.7,anexo,
fig:2213,LiO,"Lime oil, expressed",cas,1134-95-8,trans-Carvyl acetate,IFRA_STD_243,0.2,anexo,
fig:2213,LiO,"Persian lime oil, expressed",cas,531-59-9,7-Methoxycoumarin,IFRA_STD_158,0.28,anexo,
fig:2213,LiO,"Persian lime oil, expressed",cas,106-23-0,Citronellal,IFRA_STD_206,1.39,anexo,
fig:2213,LiO,"Persian lime oil, expressed",cas,141-27-5,Geranial,IFRA_STD_021,2.45,anexo,
fig:2213,LiO,"Persian lime oil, expressed",cas,106-24-1,Geraniol,IFRA_STD_037,0.12,anexo,
fig:2213,LiO,"Persian lime oil, expressed",cas,106-26-3,Neral,IFRA_STD_021,1.61,anexo,
fig:2213,LiO,Lime oil distilled,cas,106-22-9,dl-Citronellol,IFRA_STD_022,0.01,anexo,
fig:2213,LiO,Lime oil distilled,cas,141-27-5,Geranial,IFRA_STD_021,0.32,anexo,
fig:2213,LiO,Lime oil distilled,cas,106-24-1,Geraniol,IFRA_STD_037,0.02,anexo,
fig:2213,LiO,Lime oil distilled,cas,106-26-3,Neral,IFRA_STD_021,0.26,anexo,
fig:2213,LiO,Lime oil distilled,cas,106-28-5,trans-trans-Farnesol,IFRA_STD_036,0.02,anexo,
fig:2214,LIFO,"Lime oil, expressed",cas,531-59-9,7-Methoxycoumarin,IFRA_STD_158,0.21,anexo,
fig:2214,LIFO,"Lime oil, expressed",cas,106-23-0,Citronellal,IFRA_STD_206,0.5,anexo,
fig:2214,LIFO,"Lime oil, expressed",cas,141-27-5,Geranial,IFRA_STD_021,2.6,anexo,
fig:2214,LIFO,"Lime oil, expressed",cas,106-24-1,Geraniol,IFRA_STD_037,0.15,anexo,
fig:2214,LIFO,"Lime oil, expressed",cas,106-26-3,Neral,IFRA_STD_021,1.7,anexo,
fig:2214,LIFO,"Lime oil, expressed",cas,1134-95-8,trans-Carvyl acetate,IFRA_STD_243,0.2,anexo,
fig:2214,LIFO,"Persian lime oil, expressed",cas,531-59-9,7-Methoxycoumarin,IFRA_STD_158,0.28,anexo,
fig:2214,LIFO,"Persian lime oil, expressed",cas,106-23-0,Citronellal,IFRA_STD_206,1.39,anexo,
fig:2214,LIFO,"Persian lime oil, expressed",cas,141-27-5,Geranial,IFRA_STD_021,2.45,anexo,
fig:2214,LIFO,"Persian lime oil, expressed",cas,106-24-1,Geraniol,IFRA_STD_037,0.12,anexo,
fig:2214,LIFO,"Persian lime oil, expressed",cas,106-26-3,Neral,IFRA_STD_021,1.61,anexo,
fig:2214,LIFO,Lime oil distilled,cas,106-22-9,dl-Citronellol,IFRA_STD_022,0.01,anexo,
fig:2214,LIFO,Lime oil distilled,cas,141-27-5,Geranial,IFRA_STD_021,0.32,anexo,
fig:2214,LIFO,Lime oil distilled,cas,106-24-1,Geraniol,IFRA_STD_037,0.02,anexo,
fig:2214,LIFO,Lime oil distilled,cas,106-26-3,Neral,IFRA_STD_021,0.26,anexo,
fig:2214,LIFO,Lime oil distilled,cas,106-28-5,trans-trans-Farnesol,IFRA_STD_036,0.02,anexo,
fig:2218,LEXO,"Lime oil, expressed",cas,531-59-9,7-Methoxycoumarin,IFRA_STD_158,0.21,anexo,
fig:2218,LEXO,"Lime oil, expressed",cas,106-23-0,Citronellal,IFRA_STD_206,0.5,anexo,
fig:2218,LEXO,"Lime oil, expressed",cas,141-27-5,Geranial,IFRA_STD_021,2.6,anexo,
fig:2218,LEXO,"Lime oil, expressed",cas,106-24-1,Geraniol,IFRA_STD_037,0.15,anexo,
fig:2218,LEXO,"Lime oil, expressed",cas,106-26-3,Neral,IFRA_STD_021,1.7,anexo,
fig:2218,LEXO,"Lime oil, expressed",cas,1134-95-8,trans-Carvyl acetate,IFRA_STD_243,0.2,anexo,
fig:2218,LEXO,"Persian lime oil, expressed",cas,531-59-9,7-Methoxycoumarin,IFRA_STD_158,0.28,anexo,
fig:2218,LEXO,"Persian lime oil, expressed",cas,106-23-0,Citronellal,IFRA_STD_206,1.39,anexo,
fig:2218,LEXO,"Persian lime oil, expressed",cas,141-27-5,Geranial,IFRA_STD_021,2.45,anexo,
fig:2218,LEXO,"Persian lime oil, expressed",cas,106-24-1,Geraniol,IFRA_STD_037,0.12,anexo,
fig:2218,LEXO,"Persian lime oil, expressed",cas,106-26-3,Neral,IFRA_STD_021,1.61,anexo,
fig:2218,LEXO,Lime oil distilled,cas,106-22-9,dl-Citronellol,IFRA_STD_022,0.01,anexo,
fig:2218,LEXO,Lime oil distilled,cas,141-27-5,Geranial,IFRA_STD_021,0.32,anexo,
fig:2218,LEXO,Lime oil distilled,cas,106-24-1,Geraniol,IFRA_STD_037,0.02,anexo,
fig:2218,LEXO,Lime oil distilled,cas,106-26-3,Neral,IFRA_STD_021,0.26,anexo,
fig:2218,LEXO,Lime oil distilled,cas,106-28-5,trans-trans-Farnesol,IFRA_STD_036,0.02,anexo,
fig:2241,LCUO,Litsea cubeba oil,cas,72203-98-6,"(E) 3,7-Dimethyl-3,6-octadienal (iso-Geranial)",IFRA_STD_205,1,anexo,
fig:2241,LCUO,Litsea cubeba oil,cas,72203-97-5,"(Z) 3,7-Dimethyl-3,6-octadienal (iso-Neral)",IFRA_STD_205,0.4,anexo,
fig:2241,LCUO,Litsea cubeba oil,cas,5392-40-5,Citral,IFRA_STD_021,69,anexo,
fig:2241,LCUO,Litsea cubeba oil,cas,106-23-0,Citronellal,IFRA_STD_206,1.1,anexo,
fig:2241,LCUO,Litsea cubeba oil,cas,106-22-9,dl-Citronellol,IFRA_STD_022,0.15,anexo,
fig:2241,LCUO,Litsea cubeba oil,cas,106-24-1,Geraniol,IFRA_STD_037,1.1,anexo,
fig:2241,LCUO,Litsea cubeba oil,cas,475-20-7,Longifolene,IFRA_STD_199,0.2,anexo,
fig:2241,LCUO,Litsea cubeba oil,cas,94-59-7,Safrole,IFRA_STD_179,0.05,anexo,
fig:2242,LCP,Litsea cubeba oil,cas,72203-98-6,"(E) 3,7-Dimethyl-3,6-octadienal (iso-Geranial)",IFRA_STD_205,1,anexo,
fig:2242,LCP,Litsea cubeba oil,cas,72203-97-5,"(Z) 3,7-Dimethyl-3,6-octadienal (iso-Neral)",IFRA_STD_205,0.4,anexo,
fig:2242,LCP,Litsea cubeba oil,cas,5392-40-5,Citral,IFRA_STD_021,69,anexo,
fig:2242,LCP,Litsea cubeba oil,cas,106-23-0,Citronellal,IFRA_STD_206,1.1,anexo,
fig:2242,LCP,Litsea cubeba oil,cas,106-22-9,dl-Citronellol,IFRA_STD_022,0.15,anexo,
fig:2242,LCP,Litsea cubeba oil,cas,106-24-1,Geraniol,IFRA_STD_037,1.1,anexo,
fig:2242,LCP,Litsea cubeba oil,cas,475-20-7,Longifolene,IFRA_STD_199,0.2,anexo,
fig:2242,LCP,Litsea cubeba oil,cas,94-59-7,Safrole,IFRA_STD_179,0.05,anexo,
fig:2251,LOLO,Lovage root oil,cas,106-24-1,Geraniol,IFRA_STD_037,0.92,anexo,
fig:2251,LOLO,Lovage root oil,cas,97-54-1,Isoeugenol,IFRA_STD_048,0.06,anexo,
fig:2251,LOLO,Lovage root oil,cas,6485-40-1,l-Carvone,IFRA_STD_016,0.02,anexo,
fig:2251,LOLO,Lovage root oil,cas,93-15-2,Methyl eugenol,IFRA_STD_100,0.13,anexo,
fig:2254,MaA,Mace oil,cas,97-53-0,Eugenol,IFRA_STD_035,0.7,anexo,
fig:2254,MaA,Mace oil,cas,93-15-2,Methyl eugenol,IFRA_STD_100,1.2,anexo,
fig:2254,MaA,Mace oil,cas,94-59-7,Safrole,IFRA_STD_179,1.7,anexo,
fig:2254,MaA,Mace oleoresin,cas,97-53-0,Eugenol,IFRA_STD_035,0.4,anexo,
fig:2254,MaA,Mace oleoresin,cas,93-15-2,Methyl eugenol,IFRA_STD_100,0.6,anexo,
fig:2254,MaA,Mace oleoresin,cas,94-59-7,Safrole,IFRA_STD_179,1.6,anexo,
fig:2263,MFO,Mandarin oil,cas,85-91-6,Methyl N-methylanthranilate,IFRA_STD_094,0.4,anexo,
fig:2265,ManO,Mandarin oil,cas,85-91-6,Methyl N-methylanthranilate,IFRA_STD_094,0.4,anexo,
fig:2273,MaE,Mastic oil,cas,515-69-5,alpha-Bisabolol,IFRA_STD_192,0.08,anexo,
fig:2273,MaE,Mastic oil,cas,106-24-1,Geraniol,IFRA_STD_037,0.05,anexo,
fig:2273,MaE,Mastic oil,cas,93-15-2,Methyl eugenol,IFRA_STD_100,0.02,anexo,
fig:2273,MaE,Mastic absolute,cas,93-15-2,Methyl eugenol,IFRA_STD_100,0.01,anexo,
fig:2275,MaR,Mastic oil,cas,515-69-5,alpha-Bisabolol,IFRA_STD_192,0.08,anexo,
fig:2275,MaR,Mastic oil,cas,106-24-1,Geraniol,IFRA_STD_037,0.05,anexo,
fig:2275,MaR,Mastic oil,cas,93-15-2,Methyl eugenol,IFRA_STD_100,0.02,anexo,
fig:2275,MaR,Mastic absolute,cas,93-15-2,Methyl eugenol,IFRA_STD_100,0.01,anexo,
fig:2284,MAR,Mentha arvensis oil,cas,35154-45-1,cis-3-Hexenyl isovalerate,IFRA_STD_245,0.98,anexo,
fig:2284,MAR,Mentha arvensis oil,cas,6485-40-1,l-Carvone,IFRA_STD_016,0.25,anexo,
fig:2286,MLO,Mentha arvensis oil,cas,35154-45-1,cis-3-Hexenyl isovalerate,IFRA_STD_245,0.98,anexo,
fig:2286,MLO,Mentha arvensis oil,cas,6485-40-1,l-Carvone,IFRA_STD_016,0.25,anexo,
fig:2288,MEAO,Mentha arvensis oil,cas,35154-45-1,cis-3-Hexenyl isovalerate,IFRA_STD_245,0.98,anexo,
fig:2288,MEAO,Mentha arvensis oil,cas,6485-40-1,l-Carvone,IFRA_STD_016,0.25,anexo,
fig:2290,MA12,Mentha arvensis oil,cas,35154-45-1,cis-3-Hexenyl isovalerate,IFRA_STD_245,0.98,anexo,
fig:2290,MA12,Mentha arvensis oil,cas,6485-40-1,l-Carvone,IFRA_STD_016,0.25,anexo,
fig:2393,MALE,Champaca absolute,cas,100-51-6,Benzyl alcohol,IFRA_STD_008,0.64,anexo,
fig:2393,MALE,Champaca absolute,cas,120-51-4,Benzyl benzoate,IFRA_STD_009,0.53,anexo,
fig:2393,MALE,Champaca absolute,cas,140-29-4,Benzyl cyanide,IFRA_STD_112,1,anexo,
fig:2393,MALE,Champaca absolute,cas,104-54-1,Cinnamic alcohol,IFRA_STD_017,0.02,anexo,
fig:2393,MALE,Champaca absolute,cas,97-53-0,Eugenol,IFRA_STD_035,0.55,anexo,
fig:2393,MALE,Champaca absolute,cas,97-54-1,Isoeugenol,IFRA_STD_048,0.03,anexo,
fig:2393,MALE,Champaca absolute,cas,93-15-2,Methyl eugenol,IFRA_STD_100,0.01,anexo,
fig:2393,MALE,Champaca absolute,cas,106-28-5,trans-trans-Farnesol,IFRA_STD_036,0.01,anexo,
fig:2395,MIAO,Champaca absolute,cas,100-51-6,Benzyl alcohol,IFRA_STD_008,0.64,anexo,
fig:2395,MIAO,Champaca absolute,cas,120-51-4,Benzyl benzoate,IFRA_STD_009,0.53,anexo,
fig:2395,MIAO,Champaca absolute,cas,140-29-4,Benzyl cyanide,IFRA_STD_112,1,anexo,
fig:2395,MIAO,Champaca absolute,cas,104-54-1,Cinnamic alcohol,IFRA_STD_017,0.02,anexo,
fig:2395,MIAO,Champaca absolute,cas,97-53-0,Eugenol,IFRA_STD_035,0.55,anexo,
fig:2395,MIAO,Champaca absolute,cas,97-54-1,Isoeugenol,IFRA_STD_048,0.03,anexo,
fig:2395,MIAO,Champaca absolute,cas,93-15-2,Methyl eugenol,IFRA_STD_100,0.01,anexo,
fig:2395,MIAO,Champaca absolute,cas,106-28-5,trans-trans-Farnesol,IFRA_STD_036,0.01,anexo,
fig:2420,MMO,Myrtle oil,cas,140-67-0,Estragole,IFRA_STD_099,0.1,anexo,
fig:2420,MMO,Myrtle oil,cas,106-24-1,Geraniol,IFRA_STD_037,0.4,anexo,
fig:2420,MMO,Myrtle oil,cas,6485-40-1,l-Carvone,IFRA_STD_016,0.2,anexo,
fig:2420,MMO,Myrtle oil,cas,93-15-2,Methyl eugenol,IFRA_STD_100,1,anexo,
fig:2421,MyrO,Myrtle oil,cas,140-67-0,Estragole,IFRA_STD_099,0.1,anexo,
fig:2421,MyrO,Myrtle oil,cas,106-24-1,Geraniol,IFRA_STD_037,0.4,anexo,
fig:2421,MyrO,Myrtle oil,cas,6485-40-1,l-Carvone,IFRA_STD_016,0.2,anexo,
fig:2421,MyrO,Myrtle oil,cas,93-15-2,Methyl eugenol,IFRA_STD_100,1,anexo,
fig:2422,MyO2,Myrtle oil,cas,140-67-0,Estragole,IFRA_STD_099,0.1,anexo,
fig:2422,MyO2,Myrtle oil,cas,106-24-1,Geraniol,IFRA_STD_037,0.4,anexo,
fig:2422,MyO2,Myrtle oil,cas,6485-40-1,l-Carvone,IFRA_STD_016,0.2,anexo,
fig:2422,MyO2,Myrtle oil,cas,93-15-2,Methyl eugenol,IFRA_STD_100,1,anexo,
fig:2467,Nu,Nutmeg oil,cas,150-84-5,Citronellyl acetate,IFRA_STD_248,0.13,anexo,
fig:2467,Nu,Nutmeg oil,cas,1319-77-3,Cresol (unspecified),IFRA_STD_260,0.1,anexo,
fig:2467,Nu,Nutmeg oil,cas,97-53-0,Eugenol,IFRA_STD_035,0.2,anexo,
fig:2467,Nu,Nutmeg oil,cas,97-54-1,Isoeugenol,IFRA_STD_048,0.5,anexo,
fig:2467,Nu,Nutmeg oil,cas,93-15-2,Methyl eugenol,IFRA_STD_100,1.2,anexo,
fig:2467,Nu,Nutmeg oil,cas,94-59-7,Safrole,IFRA_STD_179,1.5,anexo,
fig:2467,Nu,Nutmeg oleoresin,cas,97-53-0,Eugenol,IFRA_STD_035,0.1,anexo,
fig:2467,Nu,Nutmeg oleoresin,cas,93-15-2,Methyl eugenol,IFRA_STD_100,0.6,anexo,
fig:2467,Nu,Nutmeg oleoresin,cas,94-59-7,Safrole,IFRA_STD_179,1,anexo,
fig:2468,NuA,Nutmeg oil,cas,150-84-5,Citronellyl acetate,IFRA_STD_248,0.13,anexo,
fig:2468,NuA,Nutmeg oil,cas,1319-77-3,Cresol (unspecified),IFRA_STD_260,0.1,anexo,
fig:2468,NuA,Nutmeg oil,cas,97-53-0,Eugenol,IFRA_STD_035,0.2,anexo,
fig:2468,NuA,Nutmeg oil,cas,97-54-1,Isoeugenol,IFRA_STD_048,0.5,anexo,
fig:2468,NuA,Nutmeg oil,cas,93-15-2,Methyl eugenol,IFRA_STD_100,1.2,anexo,
fig:2468,NuA,Nutmeg oil,cas,94-59-7,Safrole,IFRA_STD_179,1.5,anexo,
fig:2468,NuA,Nutmeg oleoresin,cas,97-53-0,Eugenol,IFRA_STD_035,0.1,anexo,
fig:2468,NuA,Nutmeg oleoresin,cas,93-15-2,Methyl eugenol,IFRA_STD_100,0.6,anexo,
fig:2468,NuA,Nutmeg oleoresin,cas,94-59-7,Safrole,IFRA_STD_179,1,anexo,
fig:2469,NCE,Nutmeg oil,cas,150-84-5,Citronellyl acetate,IFRA_STD_248,0.13,anexo,
fig:2469,NCE,Nutmeg oil,cas,1319-77-3,Cresol (unspecified),IFRA_STD_260,0.1,anexo,
fig:2469,NCE,Nutmeg oil,cas,97-53-0,Eugenol,IFRA_STD_035,0.2,anexo,
fig:2469,NCE,Nutmeg oil,cas,97-54-1,Isoeugenol,IFRA_STD_048,0.5,anexo,
fig:2469,NCE,Nutmeg oil,cas,93-15-2,Methyl eugenol,IFRA_STD_100,1.2,anexo,
fig:2469,NCE,Nutmeg oil,cas,94-59-7,Safrole,IFRA_STD_179,1.5,anexo,
fig:2469,NCE,Nutmeg oleoresin,cas,97-53-0,Eugenol,IFRA_STD_035,0.1,anexo,
fig:2469,NCE,Nutmeg oleoresin,cas,93-15-2,Methyl eugenol,IFRA_STD_100,0.6,anexo,
fig:2469,NCE,Nutmeg oleoresin,cas,94-59-7,Safrole,IFRA_STD_179,1,anexo,
fig:2470,NuD,Nutmeg oil,cas,150-84-5,Citronellyl acetate,IFRA_STD_248,0.13,anexo,
fig:2470,NuD,Nutmeg oil,cas,1319-77-3,Cresol (unspecified),IFRA_STD_260,0.1,anexo,
fig:2470,NuD,Nutmeg oil,cas,97-53-0,Eugenol,IFRA_STD_035,0.2,anexo,
fig:2470,NuD,Nutmeg oil,cas,97-54-1,Isoeugenol,IFRA_STD_048,0.5,anexo,
fig:2470,NuD,Nutmeg oil,cas,93-15-2,Methyl eugenol,IFRA_STD_100,1.2,anexo,
fig:2470,NuD,Nutmeg oil,cas,94-59-7,Safrole,IFRA_STD_179,1.5,anexo,
fig:2470,NuD,Nutmeg oleoresin,cas,97-53-0,Eugenol,IFRA_STD_035,0.1,anexo,
fig:2470,NuD,Nutmeg oleoresin,cas,93-15-2,Methyl eugenol,IFRA_STD_100,0.6,anexo,
fig:2470,NuD,Nutmeg oleoresin,cas,94-59-7,Safrole,IFRA_STD_179,1,anexo,
fig:2471,NuE,Nutmeg oil,cas,150-84-5,Citronellyl acetate,IFRA_STD_248,0.13,anexo,
fig:2471,NuE,Nutmeg oil,cas,1319-77-3,Cresol (unspecified),IFRA_STD_260,0.1,anexo,
fig:2471,NuE,Nutmeg oil,cas,97-53-0,Eugenol,IFRA_STD_035,0.2,anexo,
fig:2471,NuE,Nutmeg oil,cas,97-54-1,Isoeugenol,IFRA_STD_048,0.5,anexo,
fig:2471,NuE,Nutmeg oil,cas,93-15-2,Methyl eugenol,IFRA_STD_100,1.2,anexo,
fig:2471,NuE,Nutmeg oil,cas,94-59-7,Safrole,IFRA_STD_179,1.5,anexo,
fig:2471,NuE,Nutmeg oleoresin,cas,97-53-0,Eugenol,IFRA_STD_035,0.1,anexo,
fig:2471,NuE,Nutmeg oleoresin,cas,93-15-2,Methyl eugenol,IFRA_STD_100,0.6,anexo,
fig:2471,NuE,Nutmeg oleoresin,cas,94-59-7,Safrole,IFRA_STD_179,1,anexo,
fig:2473,NLO,Nutmeg oil,cas,150-84-5,Citronellyl acetate,IFRA_STD_248,0.13,anexo,
fig:2473,NLO,Nutmeg oil,cas,1319-77-3,Cresol (unspecified),IFRA_STD_260,0.1,anexo,
fig:2473,NLO,Nutmeg oil,cas,97-53-0,Eugenol,IFRA_STD_035,0.2,anexo,
fig:2473,NLO,Nutmeg oil,cas,97-54-1,Isoeugenol,IFRA_STD_048,0.5,anexo,
fig:2473,NLO,Nutmeg oil,cas,93-15-2,Methyl eugenol,IFRA_STD_100,1.2,anexo,
fig:2473,NLO,Nutmeg oil,cas,94-59-7,Safrole,IFRA_STD_179,1.5,anexo,
fig:2473,NLO,Nutmeg oleoresin,cas,97-53-0,Eugenol,IFRA_STD_035,0.1,anexo,
fig:2473,NLO,Nutmeg oleoresin,cas,93-15-2,Methyl eugenol,IFRA_STD_100,0.6,anexo,
fig:2473,NLO,Nutmeg oleoresin,cas,94-59-7,Safrole,IFRA_STD_179,1,anexo,
fig:2474,NJO,Nutmeg oil,cas,150-84-5,Citronellyl acetate,IFRA_STD_248,0.13,anexo,
fig:2474,NJO,Nutmeg oil,cas,1319-77-3,Cresol (unspecified),IFRA_STD_260,0.1,anexo,
fig:2474,NJO,Nutmeg oil,cas,97-53-0,Eugenol,IFRA_STD_035,0.2,anexo,
fig:2474,NJO,Nutmeg oil,cas,97-54-1,Isoeugenol,IFRA_STD_048,0.5,anexo,
fig:2474,NJO,Nutmeg oil,cas,93-15-2,Methyl eugenol,IFRA_STD_100,1.2,anexo,
fig:2474,NJO,Nutmeg oil,cas,94-59-7,Safrole,IFRA_STD_179,1.5,anexo,
fig:2474,NJO,Nutmeg oleoresin,cas,97-53-0,Eugenol,IFRA_STD_035,0.1,anexo,
fig:2474,NJO,Nutmeg oleoresin,cas,93-15-2,Methyl eugenol,IFRA_STD_100,0.6,anexo,
fig:2474,NJO,Nutmeg oleoresin,cas,94-59-7,Safrole,IFRA_STD_179,1,anexo,
fig:2475,NtO,Nutmeg oil,cas,150-84-5,Citronellyl acetate,IFRA_STD_248,0.13,anexo,
fig:2475,NtO,Nutmeg oil,cas,1319-77-3,Cresol (unspecified),IFRA_STD_260,0.1,anexo,
fig:2475,NtO,Nutmeg oil,cas,97-53-0,Eugenol,IFRA_STD_035,0.2,anexo,
fig:2475,NtO,Nutmeg oil,cas,97-54-1,Isoeugenol,IFRA_STD_048,0.5,anexo,
fig:2475,NtO,Nutmeg oil,cas,93-15-2,Methyl eugenol,IFRA_STD_100,1.2,anexo,
fig:2475,NtO,Nutmeg oil,cas,94-59-7,Safrole,IFRA_STD_179,1.5,anexo,
fig:2475,NtO,Nutmeg oleoresin,cas,97-53-0,Eugenol,IFRA_STD_035,0.1,anexo,
fig:2475,NtO,Nutmeg oleoresin,cas,93-15-2,Methyl eugenol,IFRA_STD_100,0.6,anexo,
fig:2475,NtO,Nutmeg oleoresin,cas,94-59-7,Safrole,IFRA_STD_179,1,anexo,
fig:2512,OLCA,Olibanum oil,cas,546-80-5,alpha-Thujone,IFRA_STD_102,0.1,anexo,
fig:2512,OLCA,Olibanum oil,cas,471-15-8,beta-Thujone,IFRA_STD_102,0.4,anexo,
fig:2512,OLCA,Olibanum absolute,cas,471-15-8,beta-Thujone,IFRA_STD_102,0.2,anexo,
fig:2512,OLCA,Olibanum carterii oil,cas,471-15-8,beta-Thujone,IFRA_STD_102,0.4,anexo,
fig:2513,OLCE,Olibanum oil,cas,546-80-5,alpha-Thujone,IFRA_STD_102,0.1,anexo,
fig:2513,OLCE,Olibanum oil,cas,471-15-8,beta-Thujone,IFRA_STD_102,0.4,anexo,
fig:2513,OLCE,Olibanum absolute,cas,471-15-8,beta-Thujone,IFRA_STD_102,0.2,anexo,
fig:2513,OLCE,Olibanum carterii oil,cas,471-15-8,beta-Thujone,IFRA_STD_102,0.4,anexo,
fig:2514,OCAE,Olibanum oil,cas,546-80-5,alpha-Thujone,IFRA_STD_102,0.1,anexo,
fig:2514,OCAE,Olibanum oil,cas,471-15-8,beta-Thujone,IFRA_STD_102,0.4,anexo,
fig:2514,OCAE,Olibanum absolute,cas,471-15-8,beta-Thujone,IFRA_STD_102,0.2,anexo,
fig:2514,OCAE,Olibanum carterii oil,cas,471-15-8,beta-Thujone,IFRA_STD_102,0.4,anexo,
fig:2517,OCO2,Olibanum oil,cas,546-80-5,alpha-Thujone,IFRA_STD_102,0.1,anexo,
fig:2517,OCO2,Olibanum oil,cas,471-15-8,beta-Thujone,IFRA_STD_102,0.4,anexo,
fig:2517,OCO2,Olibanum absolute,cas,471-15-8,beta-Thujone,IFRA_STD_102,0.2,anexo,
fig:2517,OCO2,Olibanum carterii oil,cas,471-15-8,beta-Thujone,IFRA_STD_102,0.4,anexo,
fig:2518,OPO,Olibanum oil,cas,546-80-5,alpha-Thujone,IFRA_STD_102,0.1,anexo,
fig:2518,OPO,Olibanum oil,cas,471-15-8,beta-Thujone,IFRA_STD_102,0.4,anexo,
fig:2518,OPO,Olibanum absolute,cas,471-15-8,beta-Thujone,IFRA_STD_102,0.2,anexo,
fig:2518,OPO,Olibanum carterii oil,cas,471-15-8,beta-Thujone,IFRA_STD_102,0.4,anexo,
fig:2519,OCR,Olibanum oil,cas,546-80-5,alpha-Thujone,IFRA_STD_102,0.1,anexo,
fig:2519,OCR,Olibanum oil,cas,471-15-8,beta-Thujone,IFRA_STD_102,0.4,anexo,
fig:2519,OCR,Olibanum absolute,cas,471-15-8,beta-Thujone,IFRA_STD_102,0.2,anexo,
fig:2519,OCR,Olibanum carterii oil,cas,471-15-8,beta-Thujone,IFRA_STD_102,0.4,anexo,
fig:2520,OlE,Olibanum oil,cas,546-80-5,alpha-Thujone,IFRA_STD_102,0.1,anexo,
fig:2520,OlE,Olibanum oil,cas,471-15-8,beta-Thujone,IFRA_STD_102,0.4,anexo,
fig:2520,OlE,Olibanum absolute,cas,471-15-8,beta-Thujone,IFRA_STD_102,0.2,anexo,
fig:2520,OlE,Olibanum carterii oil,cas,471-15-8,beta-Thujone,IFRA_STD_102,0.4,anexo,
fig:2522,OiO,Olibanum oil,cas,546-80-5,alpha-Thujone,IFRA_STD_102,0.1,anexo,
fig:2522,OiO,Olibanum oil,cas,471-15-8,beta-Thujone,IFRA_STD_102,0.4,anexo,
fig:2522,OiO,Olibanum absolute,cas,471-15-8,beta-Thujone,IFRA_STD_102,0.2,anexo,
fig:2522,OiO,Olibanum carterii oil,cas,471-15-8,beta-Thujone,IFRA_STD_102,0.4,anexo,
fig:2523,OlR,Olibanum oil,cas,546-80-5,alpha-Thujone,IFRA_STD_102,0.1,anexo,
fig:2523,OlR,Olibanum oil,cas,471-15-8,beta-Thujone,IFRA_STD_102,0.4,anexo,
fig:2523,OlR,Olibanum absolute,cas,471-15-8,beta-Thujone,IFRA_STD_102,0.2,anexo,
fig:2523,OlR,Olibanum carterii oil,cas,471-15-8,beta-Thujone,IFRA_STD_102,0.4,anexo,
fig:2524,OSO,Olibanum oil,cas,546-80-5,alpha-Thujone,IFRA_STD_102,0.1,anexo,
fig:2524,OSO,Olibanum oil,cas,471-15-8,beta-Thujone,IFRA_STD_102,0.4,anexo,
fig:2524,OSO,Olibanum absolute,cas,471-15-8,beta-Thujone,IFRA_STD_102,0.2,anexo,
fig:2524,OSO,Olibanum carterii oil,cas,471-15-8,beta-Thujone,IFRA_STD_102,0.4,anexo,
fig:2538,OFA,Orange blossoms absolute,cas,140-29-4,Benzyl cyanide,IFRA_STD_112,0.52,anexo,
fig:2538,OFA,Orange blossoms absolute,cas,4602-84-0,Farnesol,IFRA_STD_036,3.72,anexo,
fig:2538,OFA,Orange blossoms absolute,cas,106-24-1,Geraniol,IFRA_STD_037,0.49,anexo,
fig:2538,OFA,"Orange flower oil, bitter (neroli and neroli bigarade)",cas,140-29-4,Benzyl cyanide,IFRA_STD_112,0.16,anexo,
fig:2538,OFA,"Orange flower oil, bitter (neroli and neroli bigarade)",cas,106-22-9,dl-Citronellol,IFRA_STD_022,0.04,anexo,
fig:2538,OFA,"Orange flower oil, bitter (neroli and neroli bigarade)",cas,141-27-5,Geranial,IFRA_STD_021,0.1,anexo,
fig:2538,OFA,"Orange flower oil, bitter (neroli and neroli bigarade)",cas,106-24-1,Geraniol,IFRA_STD_037,2.66,anexo,
fig:2538,OFA,"Orange flower oil, bitter (neroli and neroli bigarade)",cas,106-26-3,Neral,IFRA_STD_021,0.04,anexo,
fig:2538,OFA,"Orange flower oil, bitter (neroli and neroli bigarade)",cas,106-28-5,trans-trans-Farnesol,IFRA_STD_036,2.18,anexo,
fig:2538,OFA,"Orange flower oil, bitter (Neroli and Neroli bigarade)",cas,41270-80-8,Methyl N-formylanthranilate,IFRA_STD_101,0.03,anexo,
fig:2541,OFBA,Orange blossoms absolute,cas,140-29-4,Benzyl cyanide,IFRA_STD_112,0.52,anexo,
fig:2541,OFBA,Orange blossoms absolute,cas,4602-84-0,Farnesol,IFRA_STD_036,3.72,anexo,
fig:2541,OFBA,Orange blossoms absolute,cas,106-24-1,Geraniol,IFRA_STD_037,0.49,anexo,
fig:2541,OFBA,"Orange flower oil, bitter (neroli and neroli bigarade)",cas,140-29-4,Benzyl cyanide,IFRA_STD_112,0.16,anexo,
fig:2541,OFBA,"Orange flower oil, bitter (neroli and neroli bigarade)",cas,106-22-9,dl-Citronellol,IFRA_STD_022,0.04,anexo,
fig:2541,OFBA,"Orange flower oil, bitter (neroli and neroli bigarade)",cas,141-27-5,Geranial,IFRA_STD_021,0.1,anexo,
fig:2541,OFBA,"Orange flower oil, bitter (neroli and neroli bigarade)",cas,106-24-1,Geraniol,IFRA_STD_037,2.66,anexo,
fig:2541,OFBA,"Orange flower oil, bitter (neroli and neroli bigarade)",cas,106-26-3,Neral,IFRA_STD_021,0.04,anexo,
fig:2541,OFBA,"Orange flower oil, bitter (neroli and neroli bigarade)",cas,106-28-5,trans-trans-Farnesol,IFRA_STD_036,2.18,anexo,
fig:2541,OFBA,"Orange flower oil, bitter (Neroli and Neroli bigarade)",cas,41270-80-8,Methyl N-formylanthranilate,IFRA_STD_101,0.03,anexo,
fig:2544,OBE,Orange blossoms absolute,cas,140-29-4,Benzyl cyanide,IFRA_STD_112,0.52,anexo,
fig:2544,OBE,Orange blossoms absolute,cas,4602-84-0,Farnesol,IFRA_STD_036,3.72,anexo,
fig:2544,OBE,Orange blossoms absolute,cas,106-24-1,Geraniol,IFRA_STD_037,0.49,anexo,
fig:2544,OBE,"Orange flower oil, bitter (neroli and neroli bigarade)",cas,140-29-4,Benzyl cyanide,IFRA_STD_112,0.16,anexo,
fig:2544,OBE,"Orange flower oil, bitter (neroli and neroli bigarade)",cas,106-22-9,dl-Citronellol,IFRA_STD_022,0.04,anexo,
fig:2544,OBE,"Orange flower oil, bitter (neroli and neroli bigarade)",cas,141-27-5,Geranial,IFRA_STD_021,0.1,anexo,
fig:2544,OBE,"Orange flower oil, bitter (neroli and neroli bigarade)",cas,106-24-1,Geraniol,IFRA_STD_037,2.66,anexo,
fig:2544,OBE,"Orange flower oil, bitter (neroli and neroli bigarade)",cas,106-26-3,Neral,IFRA_STD_021,0.04,anexo,
fig:2544,OBE,"Orange flower oil, bitter (neroli and neroli bigarade)",cas,106-28-5,trans-trans-Farnesol,IFRA_STD_036,2.18,anexo,
fig:2544,OBE,"Orange flower oil, bitter (Neroli and Neroli bigarade)",cas,41270-80-8,Methyl N-formylanthranilate,IFRA_STD_101,0.03,anexo,
fig:2545,ORF,Orange flower water absolute,cas,140-29-4,Benzyl cyanide,IFRA_STD_112,0.83,anexo,
fig:2545,ORF,Orange flower water absolute,cas,106-22-9,dl-Citronellol,IFRA_STD_022,0.02,anexo,
fig:2545,ORF,Orange flower water absolute,cas,4602-84-0,Farnesol,IFRA_STD_036,1.08,anexo,
fig:2545,ORF,Orange flower water absolute,cas,141-27-5,Geranial,IFRA_STD_021,0.02,anexo,
fig:2545,ORF,Orange flower water absolute,cas,106-24-1,Geraniol,IFRA_STD_037,8.84,anexo,
fig:2545,ORF,Orange flower water absolute,cas,106-26-3,Neral,IFRA_STD_021,0.01,anexo,
fig:2545,ORF,Petitgrain bigarade absolute,cas,5392-40-5,Citral,IFRA_STD_021,0.2,anexo,
fig:2545,ORF,Petitgrain bigarade absolute,cas,4602-84-0,Farnesol,IFRA_STD_036,0.11,anexo,
fig:2545,ORF,Petitgrain bigarade absolute,cas,106-24-1,Geraniol,IFRA_STD_037,0.85,anexo,
fig:2545,ORF,"Orange flower, bitter, CO2 extract",cas,4602-84-0,Farnesol,IFRA_STD_036,6.5,anexo,
fig:2545,ORF,"Orange flower, bitter, CO2 extract",cas,106-24-1,Geraniol,IFRA_STD_037,0.45,anexo,
fig:2546,ORLA,Orange flower water absolute,cas,140-29-4,Benzyl cyanide,IFRA_STD_112,0.83,anexo,
fig:2546,ORLA,Orange flower water absolute,cas,106-22-9,dl-Citronellol,IFRA_STD_022,0.02,anexo,
fig:2546,ORLA,Orange flower water absolute,cas,4602-84-0,Farnesol,IFRA_STD_036,1.08,anexo,
fig:2546,ORLA,Orange flower water absolute,cas,141-27-5,Geranial,IFRA_STD_021,0.02,anexo,
fig:2546,ORLA,Orange flower water absolute,cas,106-24-1,Geraniol,IFRA_STD_037,8.84,anexo,
fig:2546,ORLA,Orange flower water absolute,cas,106-26-3,Neral,IFRA_STD_021,0.01,anexo,
fig:2546,ORLA,Petitgrain bigarade absolute,cas,5392-40-5,Citral,IFRA_STD_021,0.2,anexo,
fig:2546,ORLA,Petitgrain bigarade absolute,cas,4602-84-0,Farnesol,IFRA_STD_036,0.11,anexo,
fig:2546,ORLA,Petitgrain bigarade absolute,cas,106-24-1,Geraniol,IFRA_STD_037,0.85,anexo,
fig:2546,ORLA,"Orange flower, bitter, CO2 extract",cas,4602-84-0,Farnesol,IFRA_STD_036,6.5,anexo,
fig:2546,ORLA,"Orange flower, bitter, CO2 extract",cas,106-24-1,Geraniol,IFRA_STD_037,0.45,anexo,
fig:2549,OWO,"Orange oil, bitter",cas,99-49-0,Carvone,IFRA_STD_016,0.05,anexo,
fig:2549,OWO,"Orange oil, bitter",cas,141-27-5,Geranial,IFRA_STD_021,0.05,anexo,
fig:2549,OWO,"Orange oil, bitter",cas,106-24-1,Geraniol,IFRA_STD_037,0.02,anexo,
fig:2549,OWO,"Orange oil, bitter",cas,106-26-3,Neral,IFRA_STD_021,0.03,anexo,
fig:2549,OWO,"Orange oil, bitter",cas,2111-75-3,Perilla aldehyde,IFRA_STD_052,0.02,anexo,
fig:2550,OPBO,Orange blossoms absolute,cas,140-29-4,Benzyl cyanide,IFRA_STD_112,0.52,anexo,
fig:2550,OPBO,Orange blossoms absolute,cas,4602-84-0,Farnesol,IFRA_STD_036,3.72,anexo,
fig:2550,OPBO,Orange blossoms absolute,cas,106-24-1,Geraniol,IFRA_STD_037,0.49,anexo,
fig:2550,OPBO,"Orange flower oil, bitter (neroli and neroli bigarade)",cas,140-29-4,Benzyl cyanide,IFRA_STD_112,0.16,anexo,
fig:2550,OPBO,"Orange flower oil, bitter (neroli and neroli bigarade)",cas,106-22-9,dl-Citronellol,IFRA_STD_022,0.04,anexo,
fig:2550,OPBO,"Orange flower oil, bitter (neroli and neroli bigarade)",cas,141-27-5,Geranial,IFRA_STD_021,0.1,anexo,
fig:2550,OPBO,"Orange flower oil, bitter (neroli and neroli bigarade)",cas,106-24-1,Geraniol,IFRA_STD_037,2.66,anexo,
fig:2550,OPBO,"Orange flower oil, bitter (neroli and neroli bigarade)",cas,106-26-3,Neral,IFRA_STD_021,0.04,anexo,
fig:2550,OPBO,"Orange flower oil, bitter (neroli and neroli bigarade)",cas,106-28-5,trans-trans-Farnesol,IFRA_STD_036,2.18,anexo,
fig:2550,OPBO,"Orange flower oil, bitter (Neroli and Neroli bigarade)",cas,41270-80-8,Methyl N-formylanthranilate,IFRA_STD_101,0.03,anexo,
fig:2551,ORSO,"Orange, sweet, Valencia oil",cas,5392-40-5,Citral,IFRA_STD_021,0.15,anexo,
fig:2554,OSO2,"Orange, sweet, Valencia oil",cas,5392-40-5,Citral,IFRA_STD_021,0.15,anexo,
fig:2557,ORPO,"Orange, sweet, Valencia oil",cas,5392-40-5,Citral,IFRA_STD_021,0.15,anexo,
fig:2559,OSFO,"Orange, sweet, Valencia oil",cas,5392-40-5,Citral,IFRA_STD_021,0.15,anexo,
fig:2562,OSO3,"Orange, sweet, Valencia oil",cas,5392-40-5,Citral,IFRA_STD_021,0.15,anexo,
fig:2563,OSO4,"Orange, sweet, Valencia oil",cas,5392-40-5,Citral,IFRA_STD_021,0.15,anexo,
fig:2564,OSR,"Orange, sweet, Valencia oil",cas,5392-40-5,Citral,IFRA_STD_021,0.15,anexo,
fig:2566,OREO,Origanum oil,cas,99-49-0,Carvone,IFRA_STD_016,0.1,anexo,
fig:2566,OREO,Origanum oil,cas,97-53-0,Eugenol,IFRA_STD_035,0.08,anexo,
fig:2569,OsT,Osmanthus absolute,cas,91-64-5,Coumarin,IFRA_STD_023,0.02,anexo,
fig:2569,OsT,Osmanthus absolute,cas,97-53-0,Eugenol,IFRA_STD_035,0.07,anexo,
fig:2569,OsT,Osmanthus absolute,cas,106-24-1,Geraniol,IFRA_STD_037,1.2,anexo,
fig:2569,OsT,Osmanthus concrete,cas,91-64-5,Coumarin,IFRA_STD_023,0.02,anexo,
fig:2569,OsT,Osmanthus concrete,cas,97-53-0,Eugenol,IFRA_STD_035,0.06,anexo,
fig:2569,OsT,Osmanthus concrete,cas,106-24-1,Geraniol,IFRA_STD_037,1.2,anexo,
fig:2591,PSO,Parsley herb oil,cas,6485-40-1,l-Carvone,IFRA_STD_016,0.2,anexo,
fig:2631,PeA,Peppermint oil,cas,99-49-0,Carvone,IFRA_STD_016,0.1,anexo,
fig:2631,PeA,Peppermint oil,cas,35154-45-1,cis-3-Hexenyl isovalerate,IFRA_STD_245,0.1,anexo,
fig:2632,PECE,Peppermint oil,cas,99-49-0,Carvone,IFRA_STD_016,0.1,anexo,
fig:2632,PECE,Peppermint oil,cas,35154-45-1,cis-3-Hexenyl isovalerate,IFRA_STD_245,0.1,anexo,
fig:2633,PL,Peppermint oil,cas,99-49-0,Carvone,IFRA_STD_016,0.1,anexo,
fig:2633,PL,Peppermint oil,cas,35154-45-1,cis-3-Hexenyl isovalerate,IFRA_STD_245,0.1,anexo,
fig:2635,PepO,Peppermint oil,cas,99-49-0,Carvone,IFRA_STD_016,0.1,anexo,
fig:2635,PepO,Peppermint oil,cas,35154-45-1,cis-3-Hexenyl isovalerate,IFRA_STD_245,0.1,anexo,
fig:2641,PBD,"Balsam absolute, Peru",cas,100-51-6,Benzyl alcohol,IFRA_STD_008,0.43,anexo,
fig:2641,PBD,"Balsam absolute, Peru",cas,120-51-4,Benzyl benzoate,IFRA_STD_009,32.5,anexo,
fig:2641,PBD,"Balsam absolute, Peru",cas,103-41-3,Benzyl cinnamate,IFRA_STD_010,9.95,anexo,
fig:2641,PBD,"Balsam oil, Peru",cas,100-51-6,Benzyl alcohol,IFRA_STD_008,1.57,anexo,
fig:2641,PBD,"Balsam oil, Peru",cas,120-51-4,Benzyl benzoate,IFRA_STD_009,59.17,anexo,
fig:2641,PBD,"Balsam oil, Peru",cas,103-41-3,Benzyl cinnamate,IFRA_STD_010,16.38,anexo,
fig:2641,PBD,"Balsam resinoid, Peru",cas,100-51-6,Benzyl alcohol,IFRA_STD_008,0.17,anexo,
fig:2641,PBD,"Balsam resinoid, Peru",cas,120-51-4,Benzyl benzoate,IFRA_STD_009,14.16,anexo,
fig:2641,PBD,"Balsam resinoid, Peru",cas,103-41-3,Benzyl cinnamate,IFRA_STD_010,9.02,anexo,
fig:2643,PBEO,Bergamot oil expressed,cas,141-27-5,Geranial,IFRA_STD_021,0.28,anexo,
fig:2643,PBEO,Bergamot oil expressed,cas,106-24-1,Geraniol,IFRA_STD_037,0.04,anexo,
fig:2643,PBEO,Bergamot oil expressed,cas,106-26-3,Neral,IFRA_STD_021,0.2,anexo,
fig:2650,PPO2,Petitgrain bigarade oil,cas,505-57-7,2-Hexenal,IFRA_STD_039,0.09,anexo,
fig:2650,PPO2,Petitgrain bigarade oil,cas,5392-40-5,Citral,IFRA_STD_021,0.65,anexo,
fig:2650,PPO2,Petitgrain bigarade oil,cas,106-23-0,Citronellal,IFRA_STD_206,0.05,anexo,
fig:2650,PPO2,Petitgrain bigarade oil,cas,106-24-1,Geraniol,IFRA_STD_037,2.4,anexo,
fig:2650,PPO2,Petitgrain mandarin oil,cas,5392-40-5,Citral,IFRA_STD_021,0.14,anexo,
fig:2650,PPO2,Petitgrain mandarin oil,cas,106-23-0,Citronellal,IFRA_STD_206,0.05,anexo,
fig:2650,PPO2,Petitgrain mandarin oil,cas,85-91-6,Methyl N-methylanthranilate,IFRA_STD_094,50.13,anexo,
fig:2650,PPO2,"Petitgrain oil, Paraguay",cas,141-27-5,Geranial,IFRA_STD_021,0.18,anexo,
fig:2650,PPO2,"Petitgrain oil, Paraguay",cas,106-24-1,Geraniol,IFRA_STD_037,2.77,anexo,
fig:2650,PPO2,"Petitgrain oil, Paraguay",cas,85-91-6,Methyl N-methylanthranilate,IFRA_STD_094,0.06,anexo,
fig:2650,PPO2,"Petitgrain oil, Paraguay",cas,106-26-3,Neral,IFRA_STD_021,0.08,anexo,
fig:2650,PPO2,"Petitgrain oil, Paraguay",cas,106-28-5,trans-trans-Farnesol,IFRA_STD_036,0.03,anexo,
fig:2652,POLO,Petitgrain bigarade oil,cas,505-57-7,2-Hexenal,IFRA_STD_039,0.09,anexo,
fig:2652,POLO,Petitgrain bigarade oil,cas,5392-40-5,Citral,IFRA_STD_021,0.65,anexo,
fig:2652,POLO,Petitgrain bigarade oil,cas,106-23-0,Citronellal,IFRA_STD_206,0.05,anexo,
fig:2652,POLO,Petitgrain bigarade oil,cas,106-24-1,Geraniol,IFRA_STD_037,2.4,anexo,
fig:2652,POLO,Petitgrain mandarin oil,cas,5392-40-5,Citral,IFRA_STD_021,0.14,anexo,
fig:2652,POLO,Petitgrain mandarin oil,cas,106-23-0,Citronellal,IFRA_STD_206,0.05,anexo,
fig:2652,POLO,Petitgrain mandarin oil,cas,85-91-6,Methyl N-methylanthranilate,IFRA_STD_094,50.13,anexo,
fig:2652,POLO,"Petitgrain oil, Paraguay",cas,141-27-5,Geranial,IFRA_STD_021,0.18,anexo,
fig:2652,POLO,"Petitgrain oil, Paraguay",cas,106-24-1,Geraniol,IFRA_STD_037,2.77,anexo,
fig:2652,POLO,"Petitgrain oil, Paraguay",cas,85-91-6,Methyl N-methylanthranilate,IFRA_STD_094,0.06,anexo,
fig:2652,POLO,"Petitgrain oil, Paraguay",cas,106-26-3,Neral,IFRA_STD_021,0.08,anexo,
fig:2652,POLO,"Petitgrain oil, Paraguay",cas,106-28-5,trans-trans-Farnesol,IFRA_STD_036,0.03,anexo,
fig:2653,PWA,Petitgrain bigarade oil,cas,505-57-7,2-Hexenal,IFRA_STD_039,0.09,anexo,
fig:2653,PWA,Petitgrain bigarade oil,cas,5392-40-5,Citral,IFRA_STD_021,0.65,anexo,
fig:2653,PWA,Petitgrain bigarade oil,cas,106-23-0,Citronellal,IFRA_STD_206,0.05,anexo,
fig:2653,PWA,Petitgrain bigarade oil,cas,106-24-1,Geraniol,IFRA_STD_037,2.4,anexo,
fig:2653,PWA,Petitgrain mandarin oil,cas,5392-40-5,Citral,IFRA_STD_021,0.14,anexo,
fig:2653,PWA,Petitgrain mandarin oil,cas,106-23-0,Citronellal,IFRA_STD_206,0.05,anexo,
fig:2653,PWA,Petitgrain mandarin oil,cas,85-91-6,Methyl N-methylanthranilate,IFRA_STD_094,50.13,anexo,
fig:2653,PWA,"Petitgrain oil, Paraguay",cas,141-27-5,Geranial,IFRA_STD_021,0.18,anexo,
fig:2653,PWA,"Petitgrain oil, Paraguay",cas,106-24-1,Geraniol,IFRA_STD_037,2.77,anexo,
fig:2653,PWA,"Petitgrain oil, Paraguay",cas,85-91-6,Methyl N-methylanthranilate,IFRA_STD_094,0.06,anexo,
fig:2653,PWA,"Petitgrain oil, Paraguay",cas,106-26-3,Neral,IFRA_STD_021,0.08,anexo,
fig:2653,PWA,"Petitgrain oil, Paraguay",cas,106-28-5,trans-trans-Farnesol,IFRA_STD_036,0.03,anexo,
fig:2693,PLLO,Allspice oil,cas,97-53-0,Eugenol,IFRA_STD_035,69,anexo,
fig:2693,PLLO,Allspice oil,cas,93-15-2,Methyl eugenol,IFRA_STD_100,8.5,anexo,
fig:2693,PLLO,Allspice oleoresin,cas,97-53-0,Eugenol,IFRA_STD_035,41.4,anexo,
fig:2693,PLLO,Allspice oleoresin,cas,93-15-2,Methyl eugenol,IFRA_STD_100,5.1,anexo,
fig:2693,PLLO,Pimenta leaf oil,cas,97-53-0,Eugenol,IFRA_STD_035,83,anexo,
fig:2693,PLLO,Pimenta leaf oil,cas,93-15-2,Methyl eugenol,IFRA_STD_100,6,anexo,
fig:2698,PISA,"Pine Scotch, oil",cas,505-57-7,2-Hexenal,IFRA_STD_039,0.02,anexo,
fig:2698,PISA,"Pine Scotch, oil",cas,475-20-7,Longifolene,IFRA_STD_199,0.09,anexo,
fig:2701,PSC,"Pine Scotch, oil",cas,505-57-7,2-Hexenal,IFRA_STD_039,0.02,anexo,
fig:2701,PSC,"Pine Scotch, oil",cas,475-20-7,Longifolene,IFRA_STD_199,0.09,anexo,
fig:2702,PSE,"Pine Scotch, oil",cas,505-57-7,2-Hexenal,IFRA_STD_039,0.02,anexo,
fig:2702,PSE,"Pine Scotch, oil",cas,475-20-7,Longifolene,IFRA_STD_199,0.09,anexo,
fig:2703,PSPO,"Pine Scotch, oil",cas,505-57-7,2-Hexenal,IFRA_STD_039,0.02,anexo,
fig:2703,PSPO,"Pine Scotch, oil",cas,475-20-7,Longifolene,IFRA_STD_199,0.09,anexo,
fig:2707,PPMO,"Pine needle, dwarf, oil",cas,469-61-4,alpha-Cedrene,IFRA_STD_197,0.25,anexo,
fig:2707,PPMO,"Pine needle, dwarf, oil",cas,475-20-7,Longifolene,IFRA_STD_199,0.15,anexo,
fig:2707,PPMO,"Pine, Pinus pinaster, oil",cas,475-20-7,Longifolene,IFRA_STD_199,3.71,anexo,
fig:2708,PPA,"Pine needle, dwarf, oil",cas,469-61-4,alpha-Cedrene,IFRA_STD_197,0.25,anexo,
fig:2708,PPA,"Pine needle, dwarf, oil",cas,475-20-7,Longifolene,IFRA_STD_199,0.15,anexo,
fig:2708,PPA,"Pine, Pinus pinaster, oil",cas,475-20-7,Longifolene,IFRA_STD_199,3.71,anexo,
fig:2709,PPE,"Pine needle, dwarf, oil",cas,469-61-4,alpha-Cedrene,IFRA_STD_197,0.25,anexo,
fig:2709,PPE,"Pine needle, dwarf, oil",cas,475-20-7,Longifolene,IFRA_STD_199,0.15,anexo,
fig:2709,PPE,"Pine, Pinus pinaster, oil",cas,475-20-7,Longifolene,IFRA_STD_199,3.71,anexo,
fig:2714,PINO,"Pine needle, dwarf, oil",cas,469-61-4,alpha-Cedrene,IFRA_STD_197,0.25,anexo,
fig:2714,PINO,"Pine needle, dwarf, oil",cas,475-20-7,Longifolene,IFRA_STD_199,0.15,anexo,
fig:2714,PINO,"Pine, Pinus pinaster, oil",cas,475-20-7,Longifolene,IFRA_STD_199,3.71,anexo,
fig:2797,Ro,Rose oil,cas,505-57-7,2-Hexenal,IFRA_STD_039,0.02,anexo,
fig:2797,Ro,Rose oil,cas,100-52-7,Benzaldehyde,IFRA_STD_007,0.04,anexo,
fig:2797,Ro,Rose oil,cas,100-51-6,Benzyl alcohol,IFRA_STD_008,0.02,anexo,
fig:2797,Ro,Rose oil,cas,120-51-4,Benzyl benzoate,IFRA_STD_009,0.07,anexo,
fig:2797,Ro,Rose oil,cas,106-23-0,Citronellal,IFRA_STD_206,0.51,anexo,
fig:2797,Ro,Rose oil,cas,150-84-5,Citronellyl acetate,IFRA_STD_248,0.55,anexo,
fig:2797,Ro,Rose oil,cas,106-22-9,dl-Citronellol,IFRA_STD_022,32.5,anexo,
fig:2797,Ro,Rose oil,cas,97-53-0,Eugenol,IFRA_STD_035,1.14,anexo,
fig:2797,Ro,Rose oil,cas,141-27-5,Geranial,IFRA_STD_021,1.06,anexo,
fig:2797,Ro,Rose oil,cas,106-24-1,Geraniol,IFRA_STD_037,17.7,anexo,
fig:2797,Ro,Rose oil,cas,93-15-2,Methyl eugenol,IFRA_STD_100,2,anexo,
fig:2797,Ro,Rose oil,cas,106-26-3,Neral,IFRA_STD_021,0.79,anexo,
fig:2797,Ro,Rose oil,cas,106-28-5,trans-trans-Farnesol,IFRA_STD_036,1.37,anexo,
fig:2797,Ro,Rose water stronger,cas,150-84-5,Citronellyl acetate,IFRA_STD_248,0.02,anexo,
fig:2797,Ro,Rose water stronger,cas,106-22-9,dl-Citronellol,IFRA_STD_022,1.2,anexo,
fig:2797,Ro,Rose water stronger,cas,106-24-1,Geraniol,IFRA_STD_037,0.5,anexo,
fig:2797,Ro,Rose water stronger,cas,93-15-2,Methyl eugenol,IFRA_STD_100,0.04,anexo,
fig:2799,RsA,Rose oil,cas,505-57-7,2-Hexenal,IFRA_STD_039,0.02,anexo,
fig:2799,RsA,Rose oil,cas,100-52-7,Benzaldehyde,IFRA_STD_007,0.04,anexo,
fig:2799,RsA,Rose oil,cas,100-51-6,Benzyl alcohol,IFRA_STD_008,0.02,anexo,
fig:2799,RsA,Rose oil,cas,120-51-4,Benzyl benzoate,IFRA_STD_009,0.07,anexo,
fig:2799,RsA,Rose oil,cas,106-23-0,Citronellal,IFRA_STD_206,0.51,anexo,
fig:2799,RsA,Rose oil,cas,150-84-5,Citronellyl acetate,IFRA_STD_248,0.55,anexo,
fig:2799,RsA,Rose oil,cas,106-22-9,dl-Citronellol,IFRA_STD_022,32.5,anexo,
fig:2799,RsA,Rose oil,cas,97-53-0,Eugenol,IFRA_STD_035,1.14,anexo,
fig:2799,RsA,Rose oil,cas,141-27-5,Geranial,IFRA_STD_021,1.06,anexo,
fig:2799,RsA,Rose oil,cas,106-24-1,Geraniol,IFRA_STD_037,17.7,anexo,
fig:2799,RsA,Rose oil,cas,93-15-2,Methyl eugenol,IFRA_STD_100,2,anexo,
fig:2799,RsA,Rose oil,cas,106-26-3,Neral,IFRA_STD_021,0.79,anexo,
fig:2799,RsA,Rose oil,cas,106-28-5,trans-trans-Farnesol,IFRA_STD_036,1.37,anexo,
fig:2799,RsA,Rose water stronger,cas,150-84-5,Citronellyl acetate,IFRA_STD_248,0.02,anexo,
fig:2799,RsA,Rose water stronger,cas,106-22-9,dl-Citronellol,IFRA_STD_022,1.2,anexo,
fig:2799,RsA,Rose water stronger,cas,106-24-1,Geraniol,IFRA_STD_037,0.5,anexo,
fig:2799,RsA,Rose water stronger,cas,93-15-2,Methyl eugenol,IFRA_STD_100,0.04,anexo,
fig:2800,RC,Rose oil,cas,505-57-7,2-Hexenal,IFRA_STD_039,0.02,anexo,
fig:2800,RC,Rose oil,cas,100-52-7,Benzaldehyde,IFRA_STD_007,0.04,anexo,
fig:2800,RC,Rose oil,cas,100-51-6,Benzyl alcohol,IFRA_STD_008,0.02,anexo,
fig:2800,RC,Rose oil,cas,120-51-4,Benzyl benzoate,IFRA_STD_009,0.07,anexo,
fig:2800,RC,Rose oil,cas,106-23-0,Citronellal,IFRA_STD_206,0.51,anexo,
fig:2800,RC,Rose oil,cas,150-84-5,Citronellyl acetate,IFRA_STD_248,0.55,anexo,
fig:2800,RC,Rose oil,cas,106-22-9,dl-Citronellol,IFRA_STD_022,32.5,anexo,
fig:2800,RC,Rose oil,cas,97-53-0,Eugenol,IFRA_STD_035,1.14,anexo,
fig:2800,RC,Rose oil,cas,141-27-5,Geranial,IFRA_STD_021,1.06,anexo,
fig:2800,RC,Rose oil,cas,106-24-1,Geraniol,IFRA_STD_037,17.7,anexo,
fig:2800,RC,Rose oil,cas,93-15-2,Methyl eugenol,IFRA_STD_100,2,anexo,
fig:2800,RC,Rose oil,cas,106-26-3,Neral,IFRA_STD_021,0.79,anexo,
fig:2800,RC,Rose oil,cas,106-28-5,trans-trans-Farnesol,IFRA_STD_036,1.37,anexo,
fig:2800,RC,Rose water stronger,cas,150-84-5,Citronellyl acetate,IFRA_STD_248,0.02,anexo,
fig:2800,RC,Rose water stronger,cas,106-22-9,dl-Citronellol,IFRA_STD_022,1.2,anexo,
fig:2800,RC,Rose water stronger,cas,106-24-1,Geraniol,IFRA_STD_037,0.5,anexo,
fig:2800,RC,Rose water stronger,cas,93-15-2,Methyl eugenol,IFRA_STD_100,0.04,anexo,
fig:2801,RCE,Rose oil,cas,505-57-7,2-Hexenal,IFRA_STD_039,0.02,anexo,
fig:2801,RCE,Rose oil,cas,100-52-7,Benzaldehyde,IFRA_STD_007,0.04,anexo,
fig:2801,RCE,Rose oil,cas,100-51-6,Benzyl alcohol,IFRA_STD_008,0.02,anexo,
fig:2801,RCE,Rose oil,cas,120-51-4,Benzyl benzoate,IFRA_STD_009,0.07,anexo,
fig:2801,RCE,Rose oil,cas,106-23-0,Citronellal,IFRA_STD_206,0.51,anexo,
fig:2801,RCE,Rose oil,cas,150-84-5,Citronellyl acetate,IFRA_STD_248,0.55,anexo,
fig:2801,RCE,Rose oil,cas,106-22-9,dl-Citronellol,IFRA_STD_022,32.5,anexo,
fig:2801,RCE,Rose oil,cas,97-53-0,Eugenol,IFRA_STD_035,1.14,anexo,
fig:2801,RCE,Rose oil,cas,141-27-5,Geranial,IFRA_STD_021,1.06,anexo,
fig:2801,RCE,Rose oil,cas,106-24-1,Geraniol,IFRA_STD_037,17.7,anexo,
fig:2801,RCE,Rose oil,cas,93-15-2,Methyl eugenol,IFRA_STD_100,2,anexo,
fig:2801,RCE,Rose oil,cas,106-26-3,Neral,IFRA_STD_021,0.79,anexo,
fig:2801,RCE,Rose oil,cas,106-28-5,trans-trans-Farnesol,IFRA_STD_036,1.37,anexo,
fig:2801,RCE,Rose water stronger,cas,150-84-5,Citronellyl acetate,IFRA_STD_248,0.02,anexo,
fig:2801,RCE,Rose water stronger,cas,106-22-9,dl-Citronellol,IFRA_STD_022,1.2,anexo,
fig:2801,RCE,Rose water stronger,cas,106-24-1,Geraniol,IFRA_STD_037,0.5,anexo,
fig:2801,RCE,Rose water stronger,cas,93-15-2,Methyl eugenol,IFRA_STD_100,0.04,anexo,
fig:2802,RCO,Rose oil,cas,505-57-7,2-Hexenal,IFRA_STD_039,0.02,anexo,
fig:2802,RCO,Rose oil,cas,100-52-7,Benzaldehyde,IFRA_STD_007,0.04,anexo,
fig:2802,RCO,Rose oil,cas,100-51-6,Benzyl alcohol,IFRA_STD_008,0.02,anexo,
fig:2802,RCO,Rose oil,cas,120-51-4,Benzyl benzoate,IFRA_STD_009,0.07,anexo,
fig:2802,RCO,Rose oil,cas,106-23-0,Citronellal,IFRA_STD_206,0.51,anexo,
fig:2802,RCO,Rose oil,cas,150-84-5,Citronellyl acetate,IFRA_STD_248,0.55,anexo,
fig:2802,RCO,Rose oil,cas,106-22-9,dl-Citronellol,IFRA_STD_022,32.5,anexo,
fig:2802,RCO,Rose oil,cas,97-53-0,Eugenol,IFRA_STD_035,1.14,anexo,
fig:2802,RCO,Rose oil,cas,141-27-5,Geranial,IFRA_STD_021,1.06,anexo,
fig:2802,RCO,Rose oil,cas,106-24-1,Geraniol,IFRA_STD_037,17.7,anexo,
fig:2802,RCO,Rose oil,cas,93-15-2,Methyl eugenol,IFRA_STD_100,2,anexo,
fig:2802,RCO,Rose oil,cas,106-26-3,Neral,IFRA_STD_021,0.79,anexo,
fig:2802,RCO,Rose oil,cas,106-28-5,trans-trans-Farnesol,IFRA_STD_036,1.37,anexo,
fig:2802,RCO,Rose water stronger,cas,150-84-5,Citronellyl acetate,IFRA_STD_248,0.02,anexo,
fig:2802,RCO,Rose water stronger,cas,106-22-9,dl-Citronellol,IFRA_STD_022,1.2,anexo,
fig:2802,RCO,Rose water stronger,cas,106-24-1,Geraniol,IFRA_STD_037,0.5,anexo,
fig:2802,RCO,Rose water stronger,cas,93-15-2,Methyl eugenol,IFRA_STD_100,0.04,anexo,
fig:2803,ROCE,Rose oil,cas,505-57-7,2-Hexenal,IFRA_STD_039,0.02,anexo,
fig:2803,ROCE,Rose oil,cas,100-52-7,Benzaldehyde,IFRA_STD_007,0.04,anexo,
fig:2803,ROCE,Rose oil,cas,100-51-6,Benzyl alcohol,IFRA_STD_008,0.02,anexo,
fig:2803,ROCE,Rose oil,cas,120-51-4,Benzyl benzoate,IFRA_STD_009,0.07,anexo,
fig:2803,ROCE,Rose oil,cas,106-23-0,Citronellal,IFRA_STD_206,0.51,anexo,
fig:2803,ROCE,Rose oil,cas,150-84-5,Citronellyl acetate,IFRA_STD_248,0.55,anexo,
fig:2803,ROCE,Rose oil,cas,106-22-9,dl-Citronellol,IFRA_STD_022,32.5,anexo,
fig:2803,ROCE,Rose oil,cas,97-53-0,Eugenol,IFRA_STD_035,1.14,anexo,
fig:2803,ROCE,Rose oil,cas,141-27-5,Geranial,IFRA_STD_021,1.06,anexo,
fig:2803,ROCE,Rose oil,cas,106-24-1,Geraniol,IFRA_STD_037,17.7,anexo,
fig:2803,ROCE,Rose oil,cas,93-15-2,Methyl eugenol,IFRA_STD_100,2,anexo,
fig:2803,ROCE,Rose oil,cas,106-26-3,Neral,IFRA_STD_021,0.79,anexo,
fig:2803,ROCE,Rose oil,cas,106-28-5,trans-trans-Farnesol,IFRA_STD_036,1.37,anexo,
fig:2803,ROCE,Rose water stronger,cas,150-84-5,Citronellyl acetate,IFRA_STD_248,0.02,anexo,
fig:2803,ROCE,Rose water stronger,cas,106-22-9,dl-Citronellol,IFRA_STD_022,1.2,anexo,
fig:2803,ROCE,Rose water stronger,cas,106-24-1,Geraniol,IFRA_STD_037,0.5,anexo,
fig:2803,ROCE,Rose water stronger,cas,93-15-2,Methyl eugenol,IFRA_STD_100,0.04,anexo,
fig:2805,RoE,Rose oil,cas,505-57-7,2-Hexenal,IFRA_STD_039,0.02,anexo,
fig:2805,RoE,Rose oil,cas,100-52-7,Benzaldehyde,IFRA_STD_007,0.04,anexo,
fig:2805,RoE,Rose oil,cas,100-51-6,Benzyl alcohol,IFRA_STD_008,0.02,anexo,
fig:2805,RoE,Rose oil,cas,120-51-4,Benzyl benzoate,IFRA_STD_009,0.07,anexo,
fig:2805,RoE,Rose oil,cas,106-23-0,Citronellal,IFRA_STD_206,0.51,anexo,
fig:2805,RoE,Rose oil,cas,150-84-5,Citronellyl acetate,IFRA_STD_248,0.55,anexo,
fig:2805,RoE,Rose oil,cas,106-22-9,dl-Citronellol,IFRA_STD_022,32.5,anexo,
fig:2805,RoE,Rose oil,cas,97-53-0,Eugenol,IFRA_STD_035,1.14,anexo,
fig:2805,RoE,Rose oil,cas,141-27-5,Geranial,IFRA_STD_021,1.06,anexo,
fig:2805,RoE,Rose oil,cas,106-24-1,Geraniol,IFRA_STD_037,17.7,anexo,
fig:2805,RoE,Rose oil,cas,93-15-2,Methyl eugenol,IFRA_STD_100,2,anexo,
fig:2805,RoE,Rose oil,cas,106-26-3,Neral,IFRA_STD_021,0.79,anexo,
fig:2805,RoE,Rose oil,cas,106-28-5,trans-trans-Farnesol,IFRA_STD_036,1.37,anexo,
fig:2805,RoE,Rose water stronger,cas,150-84-5,Citronellyl acetate,IFRA_STD_248,0.02,anexo,
fig:2805,RoE,Rose water stronger,cas,106-22-9,dl-Citronellol,IFRA_STD_022,1.2,anexo,
fig:2805,RoE,Rose water stronger,cas,106-24-1,Geraniol,IFRA_STD_037,0.5,anexo,
fig:2805,RoE,Rose water stronger,cas,93-15-2,Methyl eugenol,IFRA_STD_100,0.04,anexo,
fig:2806,RsE,Rose oil,cas,505-57-7,2-Hexenal,IFRA_STD_039,0.02,anexo,
fig:2806,RsE,Rose oil,cas,100-52-7,Benzaldehyde,IFRA_STD_007,0.04,anexo,
fig:2806,RsE,Rose oil,cas,100-51-6,Benzyl alcohol,IFRA_STD_008,0.02,anexo,
fig:2806,RsE,Rose oil,cas,120-51-4,Benzyl benzoate,IFRA_STD_009,0.07,anexo,
fig:2806,RsE,Rose oil,cas,106-23-0,Citronellal,IFRA_STD_206,0.51,anexo,
fig:2806,RsE,Rose oil,cas,150-84-5,Citronellyl acetate,IFRA_STD_248,0.55,anexo,
fig:2806,RsE,Rose oil,cas,106-22-9,dl-Citronellol,IFRA_STD_022,32.5,anexo,
fig:2806,RsE,Rose oil,cas,97-53-0,Eugenol,IFRA_STD_035,1.14,anexo,
fig:2806,RsE,Rose oil,cas,141-27-5,Geranial,IFRA_STD_021,1.06,anexo,
fig:2806,RsE,Rose oil,cas,106-24-1,Geraniol,IFRA_STD_037,17.7,anexo,
fig:2806,RsE,Rose oil,cas,93-15-2,Methyl eugenol,IFRA_STD_100,2,anexo,
fig:2806,RsE,Rose oil,cas,106-26-3,Neral,IFRA_STD_021,0.79,anexo,
fig:2806,RsE,Rose oil,cas,106-28-5,trans-trans-Farnesol,IFRA_STD_036,1.37,anexo,
fig:2806,RsE,Rose water stronger,cas,150-84-5,Citronellyl acetate,IFRA_STD_248,0.02,anexo,
fig:2806,RsE,Rose water stronger,cas,106-22-9,dl-Citronellol,IFRA_STD_022,1.2,anexo,
fig:2806,RsE,Rose water stronger,cas,106-24-1,Geraniol,IFRA_STD_037,0.5,anexo,
fig:2806,RsE,Rose water stronger,cas,93-15-2,Methyl eugenol,IFRA_STD_100,0.04,anexo,
fig:2809,RLO,Rose oil,cas,505-57-7,2-Hexenal,IFRA_STD_039,0.02,anexo,
fig:2809,RLO,Rose oil,cas,100-52-7,Benzaldehyde,IFRA_STD_007,0.04,anexo,
fig:2809,RLO,Rose oil,cas,100-51-6,Benzyl alcohol,IFRA_STD_008,0.02,anexo,
fig:2809,RLO,Rose oil,cas,120-51-4,Benzyl benzoate,IFRA_STD_009,0.07,anexo,
fig:2809,RLO,Rose oil,cas,106-23-0,Citronellal,IFRA_STD_206,0.51,anexo,
fig:2809,RLO,Rose oil,cas,150-84-5,Citronellyl acetate,IFRA_STD_248,0.55,anexo,
fig:2809,RLO,Rose oil,cas,106-22-9,dl-Citronellol,IFRA_STD_022,32.5,anexo,
fig:2809,RLO,Rose oil,cas,97-53-0,Eugenol,IFRA_STD_035,1.14,anexo,
fig:2809,RLO,Rose oil,cas,141-27-5,Geranial,IFRA_STD_021,1.06,anexo,
fig:2809,RLO,Rose oil,cas,106-24-1,Geraniol,IFRA_STD_037,17.7,anexo,
fig:2809,RLO,Rose oil,cas,93-15-2,Methyl eugenol,IFRA_STD_100,2,anexo,
fig:2809,RLO,Rose oil,cas,106-26-3,Neral,IFRA_STD_021,0.79,anexo,
fig:2809,RLO,Rose oil,cas,106-28-5,trans-trans-Farnesol,IFRA_STD_036,1.37,anexo,
fig:2809,RLO,Rose water stronger,cas,150-84-5,Citronellyl acetate,IFRA_STD_248,0.02,anexo,
fig:2809,RLO,Rose water stronger,cas,106-22-9,dl-Citronellol,IFRA_STD_022,1.2,anexo,
fig:2809,RLO,Rose water stronger,cas,106-24-1,Geraniol,IFRA_STD_037,0.5,anexo,
fig:2809,RLO,Rose water stronger,cas,93-15-2,Methyl eugenol,IFRA_STD_100,0.04,anexo,
fig:2810,RFO,Rose oil,cas,505-57-7,2-Hexenal,IFRA_STD_039,0.02,anexo,
fig:2810,RFO,Rose oil,cas,100-52-7,Benzaldehyde,IFRA_STD_007,0.04,anexo,
fig:2810,RFO,Rose oil,cas,100-51-6,Benzyl alcohol,IFRA_STD_008,0.02,anexo,
fig:2810,RFO,Rose oil,cas,120-51-4,Benzyl benzoate,IFRA_STD_009,0.07,anexo,
fig:2810,RFO,Rose oil,cas,106-23-0,Citronellal,IFRA_STD_206,0.51,anexo,
fig:2810,RFO,Rose oil,cas,150-84-5,Citronellyl acetate,IFRA_STD_248,0.55,anexo,
fig:2810,RFO,Rose oil,cas,106-22-9,dl-Citronellol,IFRA_STD_022,32.5,anexo,
fig:2810,RFO,Rose oil,cas,97-53-0,Eugenol,IFRA_STD_035,1.14,anexo,
fig:2810,RFO,Rose oil,cas,141-27-5,Geranial,IFRA_STD_021,1.06,anexo,
fig:2810,RFO,Rose oil,cas,106-24-1,Geraniol,IFRA_STD_037,17.7,anexo,
fig:2810,RFO,Rose oil,cas,93-15-2,Methyl eugenol,IFRA_STD_100,2,anexo,
fig:2810,RFO,Rose oil,cas,106-26-3,Neral,IFRA_STD_021,0.79,anexo,
fig:2810,RFO,Rose oil,cas,106-28-5,trans-trans-Farnesol,IFRA_STD_036,1.37,anexo,
fig:2810,RFO,Rose water stronger,cas,150-84-5,Citronellyl acetate,IFRA_STD_248,0.02,anexo,
fig:2810,RFO,Rose water stronger,cas,106-22-9,dl-Citronellol,IFRA_STD_022,1.2,anexo,
fig:2810,RFO,Rose water stronger,cas,106-24-1,Geraniol,IFRA_STD_037,0.5,anexo,
fig:2810,RFO,Rose water stronger,cas,93-15-2,Methyl eugenol,IFRA_STD_100,0.04,anexo,
fig:2812,RoT,Rose oil,cas,505-57-7,2-Hexenal,IFRA_STD_039,0.02,anexo,
fig:2812,RoT,Rose oil,cas,100-52-7,Benzaldehyde,IFRA_STD_007,0.04,anexo,
fig:2812,RoT,Rose oil,cas,100-51-6,Benzyl alcohol,IFRA_STD_008,0.02,anexo,
fig:2812,RoT,Rose oil,cas,120-51-4,Benzyl benzoate,IFRA_STD_009,0.07,anexo,
fig:2812,RoT,Rose oil,cas,106-23-0,Citronellal,IFRA_STD_206,0.51,anexo,
fig:2812,RoT,Rose oil,cas,150-84-5,Citronellyl acetate,IFRA_STD_248,0.55,anexo,
fig:2812,RoT,Rose oil,cas,106-22-9,dl-Citronellol,IFRA_STD_022,32.5,anexo,
fig:2812,RoT,Rose oil,cas,97-53-0,Eugenol,IFRA_STD_035,1.14,anexo,
fig:2812,RoT,Rose oil,cas,141-27-5,Geranial,IFRA_STD_021,1.06,anexo,
fig:2812,RoT,Rose oil,cas,106-24-1,Geraniol,IFRA_STD_037,17.7,anexo,
fig:2812,RoT,Rose oil,cas,93-15-2,Methyl eugenol,IFRA_STD_100,2,anexo,
fig:2812,RoT,Rose oil,cas,106-26-3,Neral,IFRA_STD_021,0.79,anexo,
fig:2812,RoT,Rose oil,cas,106-28-5,trans-trans-Farnesol,IFRA_STD_036,1.37,anexo,
fig:2812,RoT,Rose water stronger,cas,150-84-5,Citronellyl acetate,IFRA_STD_248,0.02,anexo,
fig:2812,RoT,Rose water stronger,cas,106-22-9,dl-Citronellol,IFRA_STD_022,1.2,anexo,
fig:2812,RoT,Rose water stronger,cas,106-24-1,Geraniol,IFRA_STD_037,0.5,anexo,
fig:2812,RoT,Rose water stronger,cas,93-15-2,Methyl eugenol,IFRA_STD_100,0.04,anexo,
fig:2813,RsT,Rose oil,cas,505-57-7,2-Hexenal,IFRA_STD_039,0.02,anexo,
fig:2813,RsT,Rose oil,cas,100-52-7,Benzaldehyde,IFRA_STD_007,0.04,anexo,
fig:2813,RsT,Rose oil,cas,100-51-6,Benzyl alcohol,IFRA_STD_008,0.02,anexo,
fig:2813,RsT,Rose oil,cas,120-51-4,Benzyl benzoate,IFRA_STD_009,0.07,anexo,
fig:2813,RsT,Rose oil,cas,106-23-0,Citronellal,IFRA_STD_206,0.51,anexo,
fig:2813,RsT,Rose oil,cas,150-84-5,Citronellyl acetate,IFRA_STD_248,0.55,anexo,
fig:2813,RsT,Rose oil,cas,106-22-9,dl-Citronellol,IFRA_STD_022,32.5,anexo,
fig:2813,RsT,Rose oil,cas,97-53-0,Eugenol,IFRA_STD_035,1.14,anexo,
fig:2813,RsT,Rose oil,cas,141-27-5,Geranial,IFRA_STD_021,1.06,anexo,
fig:2813,RsT,Rose oil,cas,106-24-1,Geraniol,IFRA_STD_037,17.7,anexo,
fig:2813,RsT,Rose oil,cas,93-15-2,Methyl eugenol,IFRA_STD_100,2,anexo,
fig:2813,RsT,Rose oil,cas,106-26-3,Neral,IFRA_STD_021,0.79,anexo,
fig:2813,RsT,Rose oil,cas,106-28-5,trans-trans-Farnesol,IFRA_STD_036,1.37,anexo,
fig:2813,RsT,Rose water stronger,cas,150-84-5,Citronellyl acetate,IFRA_STD_248,0.02,anexo,
fig:2813,RsT,Rose water stronger,cas,106-22-9,dl-Citronellol,IFRA_STD_022,1.2,anexo,
fig:2813,RsT,Rose water stronger,cas,106-24-1,Geraniol,IFRA_STD_037,0.5,anexo,
fig:2813,RsT,Rose water stronger,cas,93-15-2,Methyl eugenol,IFRA_STD_100,0.04,anexo,
fig:2814,RWO,Rose oil,cas,505-57-7,2-Hexenal,IFRA_STD_039,0.02,anexo,
fig:2814,RWO,Rose oil,cas,100-52-7,Benzaldehyde,IFRA_STD_007,0.04,anexo,
fig:2814,RWO,Rose oil,cas,100-51-6,Benzyl alcohol,IFRA_STD_008,0.02,anexo,
fig:2814,RWO,Rose oil,cas,120-51-4,Benzyl benzoate,IFRA_STD_009,0.07,anexo,
fig:2814,RWO,Rose oil,cas,106-23-0,Citronellal,IFRA_STD_206,0.51,anexo,
fig:2814,RWO,Rose oil,cas,150-84-5,Citronellyl acetate,IFRA_STD_248,0.55,anexo,
fig:2814,RWO,Rose oil,cas,106-22-9,dl-Citronellol,IFRA_STD_022,32.5,anexo,
fig:2814,RWO,Rose oil,cas,97-53-0,Eugenol,IFRA_STD_035,1.14,anexo,
fig:2814,RWO,Rose oil,cas,141-27-5,Geranial,IFRA_STD_021,1.06,anexo,
fig:2814,RWO,Rose oil,cas,106-24-1,Geraniol,IFRA_STD_037,17.7,anexo,
fig:2814,RWO,Rose oil,cas,93-15-2,Methyl eugenol,IFRA_STD_100,2,anexo,
fig:2814,RWO,Rose oil,cas,106-26-3,Neral,IFRA_STD_021,0.79,anexo,
fig:2814,RWO,Rose oil,cas,106-28-5,trans-trans-Farnesol,IFRA_STD_036,1.37,anexo,
fig:2814,RWO,Rose water stronger,cas,150-84-5,Citronellyl acetate,IFRA_STD_248,0.02,anexo,
fig:2814,RWO,Rose water stronger,cas,106-22-9,dl-Citronellol,IFRA_STD_022,1.2,anexo,
fig:2814,RWO,Rose water stronger,cas,106-24-1,Geraniol,IFRA_STD_037,0.5,anexo,
fig:2814,RWO,Rose water stronger,cas,93-15-2,Methyl eugenol,IFRA_STD_100,0.04,anexo,
fig:2846,SAUO,"Sandalwood oil, Australian",cas,515-69-5,alpha-Bisabolol,IFRA_STD_192,3.02,anexo,
fig:2846,SAUO,"Sandalwood oil, Australian",cas,106-28-5,trans-trans-Farnesol,IFRA_STD_036,8.38,anexo,
fig:2852,SsO,Sassafras bark oil,cas,97-53-0,Eugenol,IFRA_STD_035,0.36,anexo,
fig:2852,SsO,Sassafras bark oil,cas,93-15-2,Methyl eugenol,IFRA_STD_100,0.3,anexo,
fig:2852,SsO,Sassafras bark oil,cas,94-59-7,Safrole,IFRA_STD_179,92,anexo,
fig:2856,SCE,Schinus molle oil,cas,150-84-5,Citronellyl acetate,IFRA_STD_248,0.14,anexo,
fig:2856,SCE,Schinus molle oil,cas,106-22-9,dl-Citronellol,IFRA_STD_022,0.02,anexo,
fig:2856,SCE,Schinus molle oil,cas,4602-84-0,Farnesol,IFRA_STD_036,0.03,anexo,
fig:2856,SCE,Schinus molle oil,cas,106-24-1,Geraniol,IFRA_STD_037,0.1,anexo,
fig:2857,STO,Schinus molle oil,cas,150-84-5,Citronellyl acetate,IFRA_STD_248,0.14,anexo,
fig:2857,STO,Schinus molle oil,cas,106-22-9,dl-Citronellol,IFRA_STD_022,0.02,anexo,
fig:2857,STO,Schinus molle oil,cas,4602-84-0,Farnesol,IFRA_STD_036,0.03,anexo,
fig:2857,STO,Schinus molle oil,cas,106-24-1,Geraniol,IFRA_STD_037,0.1,anexo,
fig:2858,SCMO,Schinus molle oil,cas,150-84-5,Citronellyl acetate,IFRA_STD_248,0.14,anexo,
fig:2858,SCMO,Schinus molle oil,cas,106-22-9,dl-Citronellol,IFRA_STD_022,0.02,anexo,
fig:2858,SCMO,Schinus molle oil,cas,4602-84-0,Farnesol,IFRA_STD_036,0.03,anexo,
fig:2858,SCMO,Schinus molle oil,cas,106-24-1,Geraniol,IFRA_STD_037,0.1,anexo,
fig:2860,SCTO,Schinus terebenthifolius CO2 extract,cas,515-69-5,alpha-Bisabolol,IFRA_STD_192,0.3,anexo,
fig:2860,SCTO,Schinus terebenthifolius CO2 extract,cas,150-84-5,Citronellyl acetate,IFRA_STD_248,0.25,anexo,
fig:2877,SpA,Spearmint oil,cas,2442-10-6,1-Octen-3-yl acetate,IFRA_STD_069,0.06,anexo,
fig:2877,SpA,Spearmint oil,cas,6728-26-3,Hexen-2-al,IFRA_STD_039,0.02,anexo,
fig:2877,SpA,Spearmint oil,cas,6485-40-1,l-Carvone,IFRA_STD_016,66.07,anexo,
fig:2878,SPCE,Spearmint oil,cas,2442-10-6,1-Octen-3-yl acetate,IFRA_STD_069,0.06,anexo,
fig:2878,SPCE,Spearmint oil,cas,6728-26-3,Hexen-2-al,IFRA_STD_039,0.02,anexo,
fig:2878,SPCE,Spearmint oil,cas,6485-40-1,l-Carvone,IFRA_STD_016,66.07,anexo,
fig:2879,SpE,Spearmint oil,cas,2442-10-6,1-Octen-3-yl acetate,IFRA_STD_069,0.06,anexo,
fig:2879,SpE,Spearmint oil,cas,6728-26-3,Hexen-2-al,IFRA_STD_039,0.02,anexo,
fig:2879,SpE,Spearmint oil,cas,6485-40-1,l-Carvone,IFRA_STD_016,66.07,anexo,
fig:2880,SeO,Spearmint oil,cas,2442-10-6,1-Octen-3-yl acetate,IFRA_STD_069,0.06,anexo,
fig:2880,SeO,Spearmint oil,cas,6728-26-3,Hexen-2-al,IFRA_STD_039,0.02,anexo,
fig:2880,SeO,Spearmint oil,cas,6485-40-1,l-Carvone,IFRA_STD_016,66.07,anexo,
fig:2881,SpP,Spearmint oil,cas,2442-10-6,1-Octen-3-yl acetate,IFRA_STD_069,0.06,anexo,
fig:2881,SpP,Spearmint oil,cas,6728-26-3,Hexen-2-al,IFRA_STD_039,0.02,anexo,
fig:2881,SpP,Spearmint oil,cas,6485-40-1,l-Carvone,IFRA_STD_016,66.07,anexo,
fig:2882,SpeO,Spearmint oil,cas,2442-10-6,1-Octen-3-yl acetate,IFRA_STD_069,0.06,anexo,
fig:2882,SpeO,Spearmint oil,cas,6728-26-3,Hexen-2-al,IFRA_STD_039,0.02,anexo,
fig:2882,SpeO,Spearmint oil,cas,6485-40-1,l-Carvone,IFRA_STD_016,66.07,anexo,
fig:2894,SAE,Star anise oil,cas,505-57-7,2-Hexenal,IFRA_STD_039,0.01,anexo,
fig:2894,SAE,Star anise oil,cas,140-67-0,Estragole,IFRA_STD_099,3.3,anexo,
fig:2894,SAE,Star anise oil,cas,123-11-5,p-Methoxybenzaldehyde,IFRA_STD_054,0.2,anexo,
fig:2895,STAE,Star anise oil,cas,505-57-7,2-Hexenal,IFRA_STD_039,0.01,anexo,
fig:2895,STAE,Star anise oil,cas,140-67-0,Estragole,IFRA_STD_099,3.3,anexo,
fig:2895,STAE,Star anise oil,cas,123-11-5,p-Methoxybenzaldehyde,IFRA_STD_054,0.2,anexo,
fig:2898,SAP,Star anise oil,cas,505-57-7,2-Hexenal,IFRA_STD_039,0.01,anexo,
fig:2898,SAP,Star anise oil,cas,140-67-0,Estragole,IFRA_STD_099,3.3,anexo,
fig:2898,SAP,Star anise oil,cas,123-11-5,p-Methoxybenzaldehyde,IFRA_STD_054,0.2,anexo,
fig:2902,SLA,Styrax extract,cas,100-52-7,Benzaldehyde,IFRA_STD_007,0.05,anexo,
fig:2902,SLA,Styrax extract,cas,78277-23-3,Benzyl trans-cinnamate,,1,anexo,
fig:2902,SLA,Styrax extract,cas,104-54-1,Cinnamic alcohol,IFRA_STD_017,0.8,anexo,
fig:2902,SLA,Styrax extract,cas,104-55-2,Cinnamic aldehyde,IFRA_STD_018,0.05,anexo,
fig:2902,SLA,Styrax extract,cas,1319-77-3,Cresol (unspecified),IFRA_STD_260,0.39,anexo,
fig:2902,SLA,Styrax oil,cas,100-52-7,Benzaldehyde,IFRA_STD_007,0.03,anexo,
fig:2902,SLA,Styrax oil,cas,100-51-6,Benzyl alcohol,IFRA_STD_008,0.07,anexo,
fig:2902,SLA,Styrax oil,cas,120-51-4,Benzyl benzoate,IFRA_STD_009,0.02,anexo,
fig:2902,SLA,Styrax oil,cas,78277-23-3,Benzyl trans-cinnamate,,1.75,anexo,
fig:2902,SLA,Styrax oil,cas,104-54-1,Cinnamic alcohol,IFRA_STD_017,1.85,anexo,
fig:2902,SLA,Styrax oil,cas,104-55-2,Cinnamic aldehyde,IFRA_STD_018,0.03,anexo,
fig:2902,SLA,"Styrax oil, Honduras",cas,100-52-7,Benzaldehyde,IFRA_STD_007,0.1,anexo,
fig:2902,SLA,"Styrax oil, Honduras",cas,103-41-3,Benzyl cinnamate,IFRA_STD_010,2.1,anexo,
fig:2902,SLA,"Styrax oil, Honduras",cas,104-54-1,Cinnamic alcohol,IFRA_STD_017,1.5,anexo,
fig:2902,SLA,"Styrax oil, Honduras",cas,104-55-2,Cinnamic aldehyde,IFRA_STD_018,0.1,anexo,
fig:2902,SLA,Styrax resinoid,cas,100-52-7,Benzaldehyde,IFRA_STD_007,0.04,anexo,
fig:2902,SLA,Styrax resinoid,cas,78277-23-3,Benzyl trans-cinnamate,,0.93,anexo,
fig:2902,SLA,Styrax resinoid,cas,104-54-1,Cinnamic alcohol,IFRA_STD_017,1.4,anexo,
fig:2902,SLA,Styrax resinoid,cas,104-55-2,Cinnamic aldehyde,IFRA_STD_018,0.04,anexo,
fig:2902,SLA,Styrax absolute,cas,100-51-6,Benzyl alcohol,IFRA_STD_008,2.5,anexo,
fig:2902,SLA,Styrax absolute,cas,103-41-3,Benzyl cinnamate,IFRA_STD_010,0.17,anexo,
fig:2902,SLA,Styrax absolute,cas,104-54-1,Cinnamic alcohol,IFRA_STD_017,0.82,anexo,
fig:2902,SLA,Styrax absolute,cas,5932-68-3,trans-Isoeugenol,IFRA_STD_048,0.03,anexo,
fig:2902,SLA,Styrax essence pyrogenated,cas,100-51-6,Benzyl alcohol,IFRA_STD_008,0.15,anexo,
fig:2902,SLA,Styrax essence pyrogenated,cas,103-41-3,Benzyl cinnamate,IFRA_STD_010,0.15,anexo,
fig:2902,SLA,Styrax essence pyrogenated,cas,104-54-1,Cinnamic alcohol,IFRA_STD_017,0.25,anexo,
fig:2902,SLA,Styrax essence pyrogenated,cas,106-44-5,p-Cresol,IFRA_STD_260,0.35,anexo,
fig:2903,SHA,Styrax extract,cas,100-52-7,Benzaldehyde,IFRA_STD_007,0.05,anexo,
fig:2903,SHA,Styrax extract,cas,78277-23-3,Benzyl trans-cinnamate,,1,anexo,
fig:2903,SHA,Styrax extract,cas,104-54-1,Cinnamic alcohol,IFRA_STD_017,0.8,anexo,
fig:2903,SHA,Styrax extract,cas,104-55-2,Cinnamic aldehyde,IFRA_STD_018,0.05,anexo,
fig:2903,SHA,Styrax extract,cas,1319-77-3,Cresol (unspecified),IFRA_STD_260,0.39,anexo,
fig:2903,SHA,Styrax oil,cas,100-52-7,Benzaldehyde,IFRA_STD_007,0.03,anexo,
fig:2903,SHA,Styrax oil,cas,100-51-6,Benzyl alcohol,IFRA_STD_008,0.07,anexo,
fig:2903,SHA,Styrax oil,cas,120-51-4,Benzyl benzoate,IFRA_STD_009,0.02,anexo,
fig:2903,SHA,Styrax oil,cas,78277-23-3,Benzyl trans-cinnamate,,1.75,anexo,
fig:2903,SHA,Styrax oil,cas,104-54-1,Cinnamic alcohol,IFRA_STD_017,1.85,anexo,
fig:2903,SHA,Styrax oil,cas,104-55-2,Cinnamic aldehyde,IFRA_STD_018,0.03,anexo,
fig:2903,SHA,"Styrax oil, Honduras",cas,100-52-7,Benzaldehyde,IFRA_STD_007,0.1,anexo,
fig:2903,SHA,"Styrax oil, Honduras",cas,103-41-3,Benzyl cinnamate,IFRA_STD_010,2.1,anexo,
fig:2903,SHA,"Styrax oil, Honduras",cas,104-54-1,Cinnamic alcohol,IFRA_STD_017,1.5,anexo,
fig:2903,SHA,"Styrax oil, Honduras",cas,104-55-2,Cinnamic aldehyde,IFRA_STD_018,0.1,anexo,
fig:2903,SHA,Styrax resinoid,cas,100-52-7,Benzaldehyde,IFRA_STD_007,0.04,anexo,
fig:2903,SHA,Styrax resinoid,cas,78277-23-3,Benzyl trans-cinnamate,,0.93,anexo,
fig:2903,SHA,Styrax resinoid,cas,104-54-1,Cinnamic alcohol,IFRA_STD_017,1.4,anexo,
fig:2903,SHA,Styrax resinoid,cas,104-55-2,Cinnamic aldehyde,IFRA_STD_018,0.04,anexo,
fig:2903,SHA,Styrax absolute,cas,100-51-6,Benzyl alcohol,IFRA_STD_008,2.5,anexo,
fig:2903,SHA,Styrax absolute,cas,103-41-3,Benzyl cinnamate,IFRA_STD_010,0.17,anexo,
fig:2903,SHA,Styrax absolute,cas,104-54-1,Cinnamic alcohol,IFRA_STD_017,0.82,anexo,
fig:2903,SHA,Styrax absolute,cas,5932-68-3,trans-Isoeugenol,IFRA_STD_048,0.03,anexo,
fig:2903,SHA,Styrax essence pyrogenated,cas,100-51-6,Benzyl alcohol,IFRA_STD_008,0.15,anexo,
fig:2903,SHA,Styrax essence pyrogenated,cas,103-41-3,Benzyl cinnamate,IFRA_STD_010,0.15,anexo,
fig:2903,SHA,Styrax essence pyrogenated,cas,104-54-1,Cinnamic alcohol,IFRA_STD_017,0.25,anexo,
fig:2903,SHA,Styrax essence pyrogenated,cas,106-44-5,p-Cresol,IFRA_STD_260,0.35,anexo,
fig:2904,StD,"Styrax oil, pyrogenated",cas,100-52-7,Benzaldehyde,IFRA_STD_007,0.1,anexo,
fig:2904,StD,"Styrax oil, pyrogenated",cas,104-54-1,Cinnamic alcohol,IFRA_STD_017,0.3,anexo,
fig:2904,StD,"Styrax oil, pyrogenated",cas,106-44-5,p-Cresol,IFRA_STD_260,0.3,anexo,
fig:2909,SOO,"Styrax oil, pyrogenated",cas,100-52-7,Benzaldehyde,IFRA_STD_007,0.1,anexo,
fig:2909,SOO,"Styrax oil, pyrogenated",cas,104-54-1,Cinnamic alcohol,IFRA_STD_017,0.3,anexo,
fig:2909,SOO,"Styrax oil, pyrogenated",cas,106-44-5,p-Cresol,IFRA_STD_260,0.3,anexo,
fig:2910,STOO,"Styrax oil, pyrogenated",cas,100-52-7,Benzaldehyde,IFRA_STD_007,0.1,anexo,
fig:2910,STOO,"Styrax oil, pyrogenated",cas,104-54-1,Cinnamic alcohol,IFRA_STD_017,0.3,anexo,
fig:2910,STOO,"Styrax oil, pyrogenated",cas,106-44-5,p-Cresol,IFRA_STD_260,0.3,anexo,
fig:2912,STPO,"Styrax oil, pyrogenated",cas,100-52-7,Benzaldehyde,IFRA_STD_007,0.1,anexo,
fig:2912,STPO,"Styrax oil, pyrogenated",cas,104-54-1,Cinnamic alcohol,IFRA_STD_017,0.3,anexo,
fig:2912,STPO,"Styrax oil, pyrogenated",cas,106-44-5,p-Cresol,IFRA_STD_260,0.3,anexo,
fig:2913,SR,Styrax extract,cas,100-52-7,Benzaldehyde,IFRA_STD_007,0.05,anexo,
fig:2913,SR,Styrax extract,cas,78277-23-3,Benzyl trans-cinnamate,,1,anexo,
fig:2913,SR,Styrax extract,cas,104-54-1,Cinnamic alcohol,IFRA_STD_017,0.8,anexo,
fig:2913,SR,Styrax extract,cas,104-55-2,Cinnamic aldehyde,IFRA_STD_018,0.05,anexo,
fig:2913,SR,Styrax extract,cas,1319-77-3,Cresol (unspecified),IFRA_STD_260,0.39,anexo,
fig:2913,SR,Styrax oil,cas,100-52-7,Benzaldehyde,IFRA_STD_007,0.03,anexo,
fig:2913,SR,Styrax oil,cas,100-51-6,Benzyl alcohol,IFRA_STD_008,0.07,anexo,
fig:2913,SR,Styrax oil,cas,120-51-4,Benzyl benzoate,IFRA_STD_009,0.02,anexo,
fig:2913,SR,Styrax oil,cas,78277-23-3,Benzyl trans-cinnamate,,1.75,anexo,
fig:2913,SR,Styrax oil,cas,104-54-1,Cinnamic alcohol,IFRA_STD_017,1.85,anexo,
fig:2913,SR,Styrax oil,cas,104-55-2,Cinnamic aldehyde,IFRA_STD_018,0.03,anexo,
fig:2913,SR,"Styrax oil, Honduras",cas,100-52-7,Benzaldehyde,IFRA_STD_007,0.1,anexo,
fig:2913,SR,"Styrax oil, Honduras",cas,103-41-3,Benzyl cinnamate,IFRA_STD_010,2.1,anexo,
fig:2913,SR,"Styrax oil, Honduras",cas,104-54-1,Cinnamic alcohol,IFRA_STD_017,1.5,anexo,
fig:2913,SR,"Styrax oil, Honduras",cas,104-55-2,Cinnamic aldehyde,IFRA_STD_018,0.1,anexo,
fig:2913,SR,Styrax resinoid,cas,100-52-7,Benzaldehyde,IFRA_STD_007,0.04,anexo,
fig:2913,SR,Styrax resinoid,cas,78277-23-3,Benzyl trans-cinnamate,,0.93,anexo,
fig:2913,SR,Styrax resinoid,cas,104-54-1,Cinnamic alcohol,IFRA_STD_017,1.4,anexo,
fig:2913,SR,Styrax resinoid,cas,104-55-2,Cinnamic aldehyde,IFRA_STD_018,0.04,anexo,
fig:2913,SR,Styrax absolute,cas,100-51-6,Benzyl alcohol,IFRA_STD_008,2.5,anexo,
fig:2913,SR,Styrax absolute,cas,103-41-3,Benzyl cinnamate,IFRA_STD_010,0.17,anexo,
fig:2913,SR,Styrax absolute,cas,104-54-1,Cinnamic alcohol,IFRA_STD_017,0.82,anexo,
fig:2913,SR,Styrax absolute,cas,5932-68-3,trans-Isoeugenol,IFRA_STD_048,0.03,anexo,
fig:2913,SR,Styrax essence pyrogenated,cas,100-51-6,Benzyl alcohol,IFRA_STD_008,0.15,anexo,
fig:2913,SR,Styrax essence pyrogenated,cas,103-41-3,Benzyl cinnamate,IFRA_STD_010,0.15,anexo,
fig:2913,SR,Styrax essence pyrogenated,cas,104-54-1,Cinnamic alcohol,IFRA_STD_017,0.25,anexo,
fig:2913,SR,Styrax essence pyrogenated,cas,106-44-5,p-Cresol,IFRA_STD_260,0.35,anexo,
fig:2917,TEA,Tagetes erecta oil,cas,471-15-8,beta-Thujone,IFRA_STD_102,0.5,anexo,
fig:2918,TAEE,Tagetes erecta oil,cas,471-15-8,beta-Thujone,IFRA_STD_102,0.5,anexo,
fig:2920,TMA,Tagetes erecta oil,cas,471-15-8,beta-Thujone,IFRA_STD_102,0.5,anexo,
fig:2922,TMIO,Tagetes erecta oil,cas,471-15-8,beta-Thujone,IFRA_STD_102,0.5,anexo,
fig:2930,TFO,Tangerine oil,cas,5392-40-5,Citral,IFRA_STD_021,0.1,anexo,
fig:2930,TFO,Tangerine oil,cas,106-23-0,Citronellal,IFRA_STD_206,0.1,anexo,
fig:2934,TLO,Tarragon oil,cas,505-57-7,2-Hexenal,IFRA_STD_039,0.01,anexo,
fig:2934,TLO,Tarragon oil,cas,531-59-9,7-Methoxycoumarin,IFRA_STD_158,0.07,anexo,
fig:2934,TLO,Tarragon oil,cas,140-67-0,Estragole,IFRA_STD_099,80,anexo,
fig:2934,TLO,Tarragon oil,cas,97-53-0,Eugenol,IFRA_STD_035,0.6,anexo,
fig:2934,TLO,Tarragon oil,cas,93-15-2,Methyl eugenol,IFRA_STD_100,0.3,anexo,
fig:2990,TOBE,Tonka Bean absolute,cas,91-64-5,Coumarin,IFRA_STD_023,56.77,anexo,
fig:2990,TOBE,Tonka Bean absolute,cas,119-84-6,Dihydrocoumarin,IFRA_STD_029,1.85,anexo,
fig:2991,TOBR,Tonka Bean absolute,cas,91-64-5,Coumarin,IFRA_STD_023,56.77,anexo,
fig:2991,TOBR,Tonka Bean absolute,cas,119-84-6,Dihydrocoumarin,IFRA_STD_029,1.85,anexo,
fig:2992,TBT,Tonka Bean absolute,cas,91-64-5,Coumarin,IFRA_STD_023,56.77,anexo,
fig:2992,TBT,Tonka Bean absolute,cas,119-84-6,Dihydrocoumarin,IFRA_STD_029,1.85,anexo,
fig:3046,TuT,Tuberose absolute,cas,100-51-6,Benzyl alcohol,IFRA_STD_008,0.5,anexo,
fig:3046,TuT,Tuberose absolute,cas,120-51-4,Benzyl benzoate,IFRA_STD_009,5.5,anexo,
fig:3046,TuT,Tuberose absolute,cas,140-29-4,Benzyl cyanide,IFRA_STD_112,0.8,anexo,
fig:3046,TuT,Tuberose absolute,cas,118-58-1,Benzyl salicylate,IFRA_STD_011,3.6,anexo,
fig:3046,TuT,Tuberose absolute,cas,97-53-0,Eugenol,IFRA_STD_035,0.5,anexo,
fig:3046,TuT,Tuberose absolute,cas,4602-84-0,Farnesol,IFRA_STD_036,0.3,anexo,
fig:3046,TuT,Tuberose absolute,cas,106-24-1,Geraniol,IFRA_STD_037,0.1,anexo,
fig:3046,TuT,Tuberose absolute,cas,97-54-1,Isoeugenol,IFRA_STD_048,1.5,anexo,
fig:3046,TuT,Tuberose absolute,cas,93-15-2,Methyl eugenol,IFRA_STD_100,1.8,anexo,
fig:3046,TuT,Tuberose concrete,cas,100-51-6,Benzyl alcohol,IFRA_STD_008,0.5,anexo,
fig:3046,TuT,Tuberose concrete,cas,120-51-4,Benzyl benzoate,IFRA_STD_009,0.72,anexo,
fig:3046,TuT,Tuberose concrete,cas,118-58-1,Benzyl salicylate,IFRA_STD_011,2.1,anexo,
fig:3046,TuT,Tuberose concrete,cas,97-53-0,Eugenol,IFRA_STD_035,0.48,anexo,
fig:3046,TuT,Tuberose concrete,cas,4602-84-0,Farnesol,IFRA_STD_036,0.3,anexo,
fig:3046,TuT,Tuberose concrete,cas,106-24-1,Geraniol,IFRA_STD_037,0.1,anexo,
fig:3046,TuT,Tuberose concrete,cas,97-54-1,Isoeugenol,IFRA_STD_048,1.5,anexo,
fig:3046,TuT,Tuberose concrete,cas,93-15-2,Methyl eugenol,IFRA_STD_100,1.07,anexo,
fig:3046,TuT,Tuberose oil,cas,140-29-4,Benzyl cyanide,IFRA_STD_112,0.17,anexo,
fig:3047,Tur,Turmeric oil,cas,515-69-5,alpha-Bisabolol,IFRA_STD_192,0.1,anexo,
fig:3047,Tur,Turmeric oil,cas,97-53-0,Eugenol,IFRA_STD_035,1,anexo,
fig:3048,TuL,Turmeric oil,cas,515-69-5,alpha-Bisabolol,IFRA_STD_192,0.1,anexo,
fig:3048,TuL,Turmeric oil,cas,97-53-0,Eugenol,IFRA_STD_035,1,anexo,
fig:3051,TeO,Turpentine oil,cas,475-20-7,Longifolene,IFRA_STD_199,0.12,anexo,
fig:3062,VRE,Valerian root oil,cas,97-42-7,Carvyl acetate,IFRA_STD_243,0.05,anexo,
fig:3067,VaE,Vanilla absolute,cas,105-13-5,Anisyl alcohol,IFRA_STD_006,0.03,anexo,
fig:3067,VaE,Vanilla absolute,cas,123-11-5,p-Methoxybenzaldehyde,IFRA_STD_054,0.03,anexo,
fig:3067,VaE,Vanilla CO2 extract,cas,105-13-5,Anisyl alcohol,IFRA_STD_006,0.02,anexo,
fig:3067,VaE,Vanilla CO2 extract,cas,123-11-5,p-Methoxybenzaldehyde,IFRA_STD_054,0,anexo,
fig:3067,VaE,Vanilla oleoresin,cas,105-13-5,Anisyl alcohol,IFRA_STD_006,0.7,anexo,
fig:3067,VaE,Vanilla oleoresin,cas,123-11-5,p-Methoxybenzaldehyde,IFRA_STD_054,0.03,anexo,
fig:3071,VATE,Vanilla tahitensis absolute,cas,105-13-5,Anisyl alcohol,IFRA_STD_006,0.07,anexo,
fig:3071,VATE,Vanilla tahitensis absolute,cas,123-11-5,p-Methoxybenzaldehyde,IFRA_STD_054,0,anexo,
fig:3071,VATE,Vanilla tahitensis CO2 extract,cas,105-13-5,Anisyl alcohol,IFRA_STD_006,0,anexo,
fig:3071,VATE,Vanilla tahitensis CO2 extract,cas,123-11-5,p-Methoxybenzaldehyde,IFRA_STD_054,0,anexo,
fig:3081,VECE,Vetiver oil (all origins),cas,469-61-4,alpha-Cedrene,IFRA_STD_197,0.2,anexo,
fig:3081,VECE,Vetiver oil (all origins),cas,546-28-1,beta-Cedrene,IFRA_STD_197,0.1,anexo,
fig:3082,VeE,Vetiver oil (all origins),cas,469-61-4,alpha-Cedrene,IFRA_STD_197,0.2,anexo,
fig:3082,VeE,Vetiver oil (all origins),cas,546-28-1,beta-Cedrene,IFRA_STD_197,0.1,anexo,
fig:3083,VeO,Vetiver oil (all origins),cas,469-61-4,alpha-Cedrene,IFRA_STD_197,0.2,anexo,
fig:3083,VeO,Vetiver oil (all origins),cas,546-28-1,beta-Cedrene,IFRA_STD_197,0.1,anexo,
fig:3086,VJO,Vetiver oil (all origins),cas,469-61-4,alpha-Cedrene,IFRA_STD_197,0.2,anexo,
fig:3086,VJO,Vetiver oil (all origins),cas,546-28-1,beta-Cedrene,IFRA_STD_197,0.1,anexo,
fig:3087,VtO,Vetiver oil (all origins),cas,469-61-4,alpha-Cedrene,IFRA_STD_197,0.2,anexo,
fig:3087,VtO,Vetiver oil (all origins),cas,546-28-1,beta-Cedrene,IFRA_STD_197,0.1,anexo,
fig:3094,VLE,Violet leaf absolute,cas,505-57-7,2-Hexenal,IFRA_STD_039,0.02,anexo,
fig:3094,VLE,Violet leaf absolute,cas,100-51-6,Benzyl alcohol,IFRA_STD_008,0.1,anexo,
fig:3107,YlO,Ylang ylang oil I,cas,100-51-6,Benzyl alcohol,IFRA_STD_008,0.09,anexo,
fig:3107,YlO,Ylang ylang oil I,cas,120-51-4,Benzyl benzoate,IFRA_STD_009,5.86,anexo,
fig:3107,YlO,Ylang ylang oil I,cas,103-41-3,Benzyl cinnamate,IFRA_STD_010,0.03,anexo,
fig:3107,YlO,Ylang ylang oil I,cas,140-29-4,Benzyl cyanide,IFRA_STD_112,0.05,anexo,
fig:3107,YlO,Ylang ylang oil I,cas,118-58-1,Benzyl salicylate,IFRA_STD_011,2.58,anexo,
fig:3107,YlO,Ylang ylang oil I,cas,104-54-1,Cinnamic alcohol,IFRA_STD_017,0.01,anexo,
fig:3107,YlO,Ylang ylang oil I,cas,5392-40-5,Citral,IFRA_STD_021,0.12,anexo,
fig:3107,YlO,Ylang ylang oil I,cas,1319-77-3,Cresol (unspecified),IFRA_STD_260,0.03,anexo,
fig:3107,YlO,Ylang ylang oil I,cas,140-67-0,Estragole,IFRA_STD_099,0.2,anexo,
fig:3107,YlO,Ylang ylang oil I,cas,97-53-0,Eugenol,IFRA_STD_035,0.58,anexo,
fig:3107,YlO,Ylang ylang oil I,cas,106-24-1,Geraniol,IFRA_STD_037,1.38,anexo,
fig:3107,YlO,Ylang ylang oil I,cas,97-54-1,Isoeugenol,IFRA_STD_048,0.51,anexo,
fig:3107,YlO,Ylang ylang oil I,cas,93-29-8,Isoeugenyl acetate,IFRA_STD_255,0.07,anexo,
fig:3107,YlO,Ylang ylang oil I,cas,93-15-2,Methyl eugenol,IFRA_STD_100,0.04,anexo,
fig:3107,YlO,Ylang ylang oil I,cas,106-28-5,trans-trans-Farnesol,IFRA_STD_036,1.82,anexo,
fig:3107,YlO,Ylang ylang oil II,cas,100-51-6,Benzyl alcohol,IFRA_STD_008,0.09,anexo,
fig:3107,YlO,Ylang ylang oil II,cas,120-51-4,Benzyl benzoate,IFRA_STD_009,7.81,anexo,
fig:3107,YlO,Ylang ylang oil II,cas,140-29-4,Benzyl cyanide,IFRA_STD_112,0.02,anexo,
fig:3107,YlO,Ylang ylang oil II,cas,118-58-1,Benzyl salicylate,IFRA_STD_011,2.36,anexo,
fig:3107,YlO,Ylang ylang oil II,cas,104-54-1,Cinnamic alcohol,IFRA_STD_017,0.02,anexo,
fig:3107,YlO,Ylang ylang oil II,cas,5392-40-5,Citral,IFRA_STD_021,0.09,anexo,
fig:3107,YlO,Ylang ylang oil II,cas,1319-77-3,Cresol (unspecified),IFRA_STD_260,0.03,anexo,
fig:3107,YlO,Ylang ylang oil II,cas,140-67-0,Estragole,IFRA_STD_099,0.13,anexo,
fig:3107,YlO,Ylang ylang oil II,cas,97-53-0,Eugenol,IFRA_STD_035,0.69,anexo,
fig:3107,YlO,Ylang ylang oil II,cas,106-24-1,Geraniol,IFRA_STD_037,1.43,anexo,
fig:3107,YlO,Ylang ylang oil II,cas,97-54-1,Isoeugenol,IFRA_STD_048,0.24,anexo,
fig:3107,YlO,Ylang ylang oil II,cas,93-29-8,Isoeugenyl acetate,IFRA_STD_255,0.05,anexo,
fig:3107,YlO,Ylang ylang oil II,cas,93-15-2,Methyl eugenol,IFRA_STD_100,0.03,anexo,
fig:3107,YlO,Ylang ylang oil II,cas,106-28-5,trans-trans-Farnesol,IFRA_STD_036,2.35,anexo,
fig:3107,YlO,Ylang ylang oil III,cas,100-51-6,Benzyl alcohol,IFRA_STD_008,0.04,anexo,
fig:3107,YlO,Ylang ylang oil III,cas,120-51-4,Benzyl benzoate,IFRA_STD_009,6.23,anexo,
fig:3107,YlO,Ylang ylang oil III,cas,103-41-3,Benzyl cinnamate,IFRA_STD_010,0.02,anexo,
fig:3107,YlO,Ylang ylang oil III,cas,140-29-4,Benzyl cyanide,IFRA_STD_112,0.02,anexo,
fig:3107,YlO,Ylang ylang oil III,cas,118-58-1,Benzyl salicylate,IFRA_STD_011,2.48,anexo,
fig:3107,YlO,Ylang ylang oil III,cas,104-54-1,Cinnamic alcohol,IFRA_STD_017,0.02,anexo,
fig:3107,YlO,Ylang ylang oil III,cas,5392-40-5,Citral,IFRA_STD_021,0.02,anexo,
fig:3107,YlO,Ylang ylang oil III,cas,140-67-0,Estragole,IFRA_STD_099,0.03,anexo,
fig:3107,YlO,Ylang ylang oil III,cas,97-53-0,Eugenol,IFRA_STD_035,0.45,anexo,
fig:3107,YlO,Ylang ylang oil III,cas,106-24-1,Geraniol,IFRA_STD_037,0.32,anexo,
fig:3107,YlO,Ylang ylang oil III,cas,97-54-1,Isoeugenol,IFRA_STD_048,0.54,anexo,
fig:3107,YlO,Ylang ylang oil III,cas,93-29-8,Isoeugenyl acetate,IFRA_STD_255,0.03,anexo,
fig:3107,YlO,Ylang ylang oil III,cas,93-15-2,Methyl eugenol,IFRA_STD_100,0.04,anexo,
fig:3107,YlO,Ylang ylang oil III,cas,106-28-5,trans-trans-Farnesol,IFRA_STD_036,1.76,anexo,
fig:3107,YlO,"Ylang, Ylang oil complete",cas,100-51-6,Benzyl alcohol,IFRA_STD_008,0.25,anexo,
fig:3107,YlO,"Ylang, Ylang oil complete",cas,120-51-4,Benzyl benzoate,IFRA_STD_009,6.32,anexo,
fig:3107,YlO,"Ylang, Ylang oil complete",cas,118-58-1,Benzyl salicylate,IFRA_STD_011,3.11,anexo,
fig:3107,YlO,"Ylang, Ylang oil complete",cas,97-53-0,Eugenol,IFRA_STD_035,0.31,anexo,
fig:3107,YlO,"Ylang, Ylang oil complete",cas,4602-84-0,Farnesol,IFRA_STD_036,1.5,anexo,
fig:3107,YlO,"Ylang, Ylang oil complete",cas,106-24-1,Geraniol,IFRA_STD_037,0.67,anexo,
fig:3107,YlO,"Ylang, Ylang oil complete",cas,97-54-1,Isoeugenol,IFRA_STD_048,0.52,anexo,
fig:3107,YlO,"Ylang, Ylang oil complete",cas,93-29-8,Isoeugenyl acetate,IFRA_STD_255,0.12,anexo,
fig:3107,YlO,"Ylang, Ylang oil extra",cas,100-51-6,Benzyl alcohol,IFRA_STD_008,0.24,anexo,
fig:3107,YlO,"Ylang, Ylang oil extra",cas,120-51-4,Benzyl benzoate,IFRA_STD_009,5.73,anexo,
fig:3107,YlO,"Ylang, Ylang oil extra",cas,140-29-4,Benzyl cyanide,IFRA_STD_112,0.02,anexo,
fig:3107,YlO,"Ylang, Ylang oil extra",cas,118-58-1,Benzyl salicylate,IFRA_STD_011,3.35,anexo,
fig:3107,YlO,"Ylang, Ylang oil extra",cas,5392-40-5,Citral,IFRA_STD_021,0.01,anexo,
fig:3107,YlO,"Ylang, Ylang oil extra",cas,140-67-0,Estragole,IFRA_STD_099,0.02,anexo,
fig:3107,YlO,"Ylang, Ylang oil extra",cas,97-53-0,Eugenol,IFRA_STD_035,0.34,anexo,
fig:3107,YlO,"Ylang, Ylang oil extra",cas,4602-84-0,Farnesol,IFRA_STD_036,1.36,anexo,
fig:3107,YlO,"Ylang, Ylang oil extra",cas,106-24-1,Geraniol,IFRA_STD_037,0.64,anexo,
fig:3107,YlO,"Ylang, Ylang oil extra",cas,97-54-1,Isoeugenol,IFRA_STD_048,0.99,anexo,
fig:3107,YlO,"Ylang, Ylang oil extra",cas,93-29-8,Isoeugenyl acetate,IFRA_STD_255,0.12,anexo,
fig:3108,YLO,Ylang ylang oil I,cas,100-51-6,Benzyl alcohol,IFRA_STD_008,0.09,anexo,
fig:3108,YLO,Ylang ylang oil I,cas,120-51-4,Benzyl benzoate,IFRA_STD_009,5.86,anexo,
fig:3108,YLO,Ylang ylang oil I,cas,103-41-3,Benzyl cinnamate,IFRA_STD_010,0.03,anexo,
fig:3108,YLO,Ylang ylang oil I,cas,140-29-4,Benzyl cyanide,IFRA_STD_112,0.05,anexo,
fig:3108,YLO,Ylang ylang oil I,cas,118-58-1,Benzyl salicylate,IFRA_STD_011,2.58,anexo,
fig:3108,YLO,Ylang ylang oil I,cas,104-54-1,Cinnamic alcohol,IFRA_STD_017,0.01,anexo,
fig:3108,YLO,Ylang ylang oil I,cas,5392-40-5,Citral,IFRA_STD_021,0.12,anexo,
fig:3108,YLO,Ylang ylang oil I,cas,1319-77-3,Cresol (unspecified),IFRA_STD_260,0.03,anexo,
fig:3108,YLO,Ylang ylang oil I,cas,140-67-0,Estragole,IFRA_STD_099,0.2,anexo,
fig:3108,YLO,Ylang ylang oil I,cas,97-53-0,Eugenol,IFRA_STD_035,0.58,anexo,
fig:3108,YLO,Ylang ylang oil I,cas,106-24-1,Geraniol,IFRA_STD_037,1.38,anexo,
fig:3108,YLO,Ylang ylang oil I,cas,97-54-1,Isoeugenol,IFRA_STD_048,0.51,anexo,
fig:3108,YLO,Ylang ylang oil I,cas,93-29-8,Isoeugenyl acetate,IFRA_STD_255,0.07,anexo,
fig:3108,YLO,Ylang ylang oil I,cas,93-15-2,Methyl eugenol,IFRA_STD_100,0.04,anexo,
fig:3108,YLO,Ylang ylang oil I,cas,106-28-5,trans-trans-Farnesol,IFRA_STD_036,1.82,anexo,
fig:3108,YLO,Ylang ylang oil II,cas,100-51-6,Benzyl alcohol,IFRA_STD_008,0.09,anexo,
fig:3108,YLO,Ylang ylang oil II,cas,120-51-4,Benzyl benzoate,IFRA_STD_009,7.81,anexo,
fig:3108,YLO,Ylang ylang oil II,cas,140-29-4,Benzyl cyanide,IFRA_STD_112,0.02,anexo,
fig:3108,YLO,Ylang ylang oil II,cas,118-58-1,Benzyl salicylate,IFRA_STD_011,2.36,anexo,
fig:3108,YLO,Ylang ylang oil II,cas,104-54-1,Cinnamic alcohol,IFRA_STD_017,0.02,anexo,
fig:3108,YLO,Ylang ylang oil II,cas,5392-40-5,Citral,IFRA_STD_021,0.09,anexo,
fig:3108,YLO,Ylang ylang oil II,cas,1319-77-3,Cresol (unspecified),IFRA_STD_260,0.03,anexo,
fig:3108,YLO,Ylang ylang oil II,cas,140-67-0,Estragole,IFRA_STD_099,0.13,anexo,
fig:3108,YLO,Ylang ylang oil II,cas,97-53-0,Eugenol,IFRA_STD_035,0.69,anexo,
fig:3108,YLO,Ylang ylang oil II,cas,106-24-1,Geraniol,IFRA_STD_037,1.43,anexo,
fig:3108,YLO,Ylang ylang oil II,cas,97-54-1,Isoeugenol,IFRA_STD_048,0.24,anexo,
fig:3108,YLO,Ylang ylang oil II,cas,93-29-8,Isoeugenyl acetate,IFRA_STD_255,0.05,anexo,
fig:3108,YLO,Ylang ylang oil II,cas,93-15-2,Methyl eugenol,IFRA_STD_100,0.03,anexo,
fig:3108,YLO,Ylang ylang oil II,cas,106-28-5,trans-trans-Farnesol,IFRA_STD_036,2.35,anexo,
fig:3108,YLO,Ylang ylang oil III,cas,100-51-6,Benzyl alcohol,IFRA_STD_008,0.04,anexo,
fig:3108,YLO,Ylang ylang oil III,cas,120-51-4,Benzyl benzoate,IFRA_STD_009,6.23,anexo,
fig:3108,YLO,Ylang ylang oil III,cas,103-41-3,Benzyl cinnamate,IFRA_STD_010,0.02,anexo,
fig:3108,YLO,Ylang ylang oil III,cas,140-29-4,Benzyl cyanide,IFRA_STD_112,0.02,anexo,
fig:3108,YLO,Ylang ylang oil III,cas,118-58-1,Benzyl salicylate,IFRA_STD_011,2.48,anexo,
fig:3108,YLO,Ylang ylang oil III,cas,104-54-1,Cinnamic alcohol,IFRA_STD_017,0.02,anexo,
fig:3108,YLO,Ylang ylang oil III,cas,5392-40-5,Citral,IFRA_STD_021,0.02,anexo,
fig:3108,YLO,Ylang ylang oil III,cas,140-67-0,Estragole,IFRA_STD_099,0.03,anexo,
fig:3108,YLO,Ylang ylang oil III,cas,97-53-0,Eugenol,IFRA_STD_035,0.45,anexo,
fig:3108,YLO,Ylang ylang oil III,cas,106-24-1,Geraniol,IFRA_STD_037,0.32,anexo,
fig:3108,YLO,Ylang ylang oil III,cas,97-54-1,Isoeugenol,IFRA_STD_048,0.54,anexo,
fig:3108,YLO,Ylang ylang oil III,cas,93-29-8,Isoeugenyl acetate,IFRA_STD_255,0.03,anexo,
fig:3108,YLO,Ylang ylang oil III,cas,93-15-2,Methyl eugenol,IFRA_STD_100,0.04,anexo,
fig:3108,YLO,Ylang ylang oil III,cas,106-28-5,trans-trans-Farnesol,IFRA_STD_036,1.76,anexo,
fig:3108,YLO,"Ylang, Ylang oil complete",cas,100-51-6,Benzyl alcohol,IFRA_STD_008,0.25,anexo,
fig:3108,YLO,"Ylang, Ylang oil complete",cas,120-51-4,Benzyl benzoate,IFRA_STD_009,6.32,anexo,
fig:3108,YLO,"Ylang, Ylang oil complete",cas,118-58-1,Benzyl salicylate,IFRA_STD_011,3.11,anexo,
fig:3108,YLO,"Ylang, Ylang oil complete",cas,97-53-0,Eugenol,IFRA_STD_035,0.31,anexo,
fig:3108,YLO,"Ylang, Ylang oil complete",cas,4602-84-0,Farnesol,IFRA_STD_036,1.5,anexo,
fig:3108,YLO,"Ylang, Ylang oil complete",cas,106-24-1,Geraniol,IFRA_STD_037,0.67,anexo,
fig:3108,YLO,"Ylang, Ylang oil complete",cas,97-54-1,Isoeugenol,IFRA_STD_048,0.52,anexo,
fig:3108,YLO,"Ylang, Ylang oil complete",cas,93-29-8,Isoeugenyl acetate,IFRA_STD_255,0.12,anexo,
fig:3108,YLO,"Ylang, Ylang oil extra",cas,100-51-6,Benzyl alcohol,IFRA_STD_008,0.24,anexo,
fig:3108,YLO,"Ylang, Ylang oil extra",cas,120-51-4,Benzyl benzoate,IFRA_STD_009,5.73,anexo,
fig:3108,YLO,"Ylang, Ylang oil extra",cas,140-29-4,Benzyl cyanide,IFRA_STD_112,0.02,anexo,
fig:3108,YLO,"Ylang, Ylang oil extra",cas,118-58-1,Benzyl salicylate,IFRA_STD_011,3.35,anexo,
fig:3108,YLO,"Ylang, Ylang oil extra",cas,5392-40-5,Citral,IFRA_STD_021,0.01,anexo,
fig:3108,YLO,"Ylang, Ylang oil extra",cas,140-67-0,Estragole,IFRA_STD_099,0.02,anexo,
fig:3108,YLO,"Ylang, Ylang oil extra",cas,97-53-0,Eugenol,IFRA_STD_035,0.34,anexo,
fig:3108,YLO,"Ylang, Ylang oil extra",cas,4602-84-0,Farnesol,IFRA_STD_036,1.36,anexo,
fig:3108,YLO,"Ylang, Ylang oil extra",cas,106-24-1,Geraniol,IFRA_STD_037,0.64,anexo,
fig:3108,YLO,"Ylang, Ylang oil extra",cas,97-54-1,Isoeugenol,IFRA_STD_048,0.99,anexo,
fig:3108,YLO,"Ylang, Ylang oil extra",cas,93-29-8,Isoeugenyl acetate,IFRA_STD_255,0.12,anexo,
fig:3113,YlaO,Ylang ylang oil I,cas,100-51-6,Benzyl alcohol,IFRA_STD_008,0.09,anexo,
fig:3113,YlaO,Ylang ylang oil I,cas,120-51-4,Benzyl benzoate,IFRA_STD_009,5.86,anexo,
fig:3113,YlaO,Ylang ylang oil I,cas,103-41-3,Benzyl cinnamate,IFRA_STD_010,0.03,anexo,
fig:3113,YlaO,Ylang ylang oil I,cas,140-29-4,Benzyl cyanide,IFRA_STD_112,0.05,anexo,
fig:3113,YlaO,Ylang ylang oil I,cas,118-58-1,Benzyl salicylate,IFRA_STD_011,2.58,anexo,
fig:3113,YlaO,Ylang ylang oil I,cas,104-54-1,Cinnamic alcohol,IFRA_STD_017,0.01,anexo,
fig:3113,YlaO,Ylang ylang oil I,cas,5392-40-5,Citral,IFRA_STD_021,0.12,anexo,
fig:3113,YlaO,Ylang ylang oil I,cas,1319-77-3,Cresol (unspecified),IFRA_STD_260,0.03,anexo,
fig:3113,YlaO,Ylang ylang oil I,cas,140-67-0,Estragole,IFRA_STD_099,0.2,anexo,
fig:3113,YlaO,Ylang ylang oil I,cas,97-53-0,Eugenol,IFRA_STD_035,0.58,anexo,
fig:3113,YlaO,Ylang ylang oil I,cas,106-24-1,Geraniol,IFRA_STD_037,1.38,anexo,
fig:3113,YlaO,Ylang ylang oil I,cas,97-54-1,Isoeugenol,IFRA_STD_048,0.51,anexo,
fig:3113,YlaO,Ylang ylang oil I,cas,93-29-8,Isoeugenyl acetate,IFRA_STD_255,0.07,anexo,
fig:3113,YlaO,Ylang ylang oil I,cas,93-15-2,Methyl eugenol,IFRA_STD_100,0.04,anexo,
fig:3113,YlaO,Ylang ylang oil I,cas,106-28-5,trans-trans-Farnesol,IFRA_STD_036,1.82,anexo,
fig:3113,YlaO,Ylang ylang oil II,cas,100-51-6,Benzyl alcohol,IFRA_STD_008,0.09,anexo,
fig:3113,YlaO,Ylang ylang oil II,cas,120-51-4,Benzyl benzoate,IFRA_STD_009,7.81,anexo,
fig:3113,YlaO,Ylang ylang oil II,cas,140-29-4,Benzyl cyanide,IFRA_STD_112,0.02,anexo,
fig:3113,YlaO,Ylang ylang oil II,cas,118-58-1,Benzyl salicylate,IFRA_STD_011,2.36,anexo,
fig:3113,YlaO,Ylang ylang oil II,cas,104-54-1,Cinnamic alcohol,IFRA_STD_017,0.02,anexo,
fig:3113,YlaO,Ylang ylang oil II,cas,5392-40-5,Citral,IFRA_STD_021,0.09,anexo,
fig:3113,YlaO,Ylang ylang oil II,cas,1319-77-3,Cresol (unspecified),IFRA_STD_260,0.03,anexo,
fig:3113,YlaO,Ylang ylang oil II,cas,140-67-0,Estragole,IFRA_STD_099,0.13,anexo,
fig:3113,YlaO,Ylang ylang oil II,cas,97-53-0,Eugenol,IFRA_STD_035,0.69,anexo,
fig:3113,YlaO,Ylang ylang oil II,cas,106-24-1,Geraniol,IFRA_STD_037,1.43,anexo,
fig:3113,YlaO,Ylang ylang oil II,cas,97-54-1,Isoeugenol,IFRA_STD_048,0.24,anexo,
fig:3113,YlaO,Ylang ylang oil II,cas,93-29-8,Isoeugenyl acetate,IFRA_STD_255,0.05,anexo,
fig:3113,YlaO,Ylang ylang oil II,cas,93-15-2,Methyl eugenol,IFRA_STD_100,0.03,anexo,
fig:3113,YlaO,Ylang ylang oil II,cas,106-28-5,trans-trans-Farnesol,IFRA_STD_036,2.35,anexo,
fig:3113,YlaO,Ylang ylang oil III,cas,100-51-6,Benzyl alcohol,IFRA_STD_008,0.04,anexo,
fig:3113,YlaO,Ylang ylang oil III,cas,120-51-4,Benzyl benzoate,IFRA_STD_009,6.23,anexo,
fig:3113,YlaO,Ylang ylang oil III,cas,103-41-3,Benzyl cinnamate,IFRA_STD_010,0.02,anexo,
fig:3113,YlaO,Ylang ylang oil III,cas,140-29-4,Benzyl cyanide,IFRA_STD_112,0.02,anexo,
fig:3113,YlaO,Ylang ylang oil III,cas,118-58-1,Benzyl salicylate,IFRA_STD_011,2.48,anexo,
fig:3113,YlaO,Ylang ylang oil III,cas,104-54-1,Cinnamic alcohol,IFRA_STD_017,0.02,anexo,
fig:3113,YlaO,Ylang ylang oil III,cas,5392-40-5,Citral,IFRA_STD_021,0.02,anexo,
fig:3113,YlaO,Ylang ylang oil III,cas,140-67-0,Estragole,IFRA_STD_099,0.03,anexo,
fig:3113,YlaO,Ylang ylang oil III,cas,97-53-0,Eugenol,IFRA_STD_035,0.45,anexo,
fig:3113,YlaO,Ylang ylang oil III,cas,106-24-1,Geraniol,IFRA_STD_037,0.32,anexo,
fig:3113,YlaO,Ylang ylang oil III,cas,97-54-1,Isoeugenol,IFRA_STD_048,0.54,anexo,
fig:3113,YlaO,Ylang ylang oil III,cas,93-29-8,Isoeugenyl acetate,IFRA_STD_255,0.03,anexo,
fig:3113,YlaO,Ylang ylang oil III,cas,93-15-2,Methyl eugenol,IFRA_STD_100,0.04,anexo,
fig:3113,YlaO,Ylang ylang oil III,cas,106-28-5,trans-trans-Farnesol,IFRA_STD_036,1.76,anexo,
fig:3113,YlaO,"Ylang, Ylang oil complete",cas,100-51-6,Benzyl alcohol,IFRA_STD_008,0.25,anexo,
fig:3113,YlaO,"Ylang, Ylang oil complete",cas,120-51-4,Benzyl benzoate,IFRA_STD_009,6.32,anexo,
fig:3113,YlaO,"Ylang, Ylang oil complete",cas,118-58-1,Benzyl salicylate,IFRA_STD_011,3.11,anexo,
fig:3113,YlaO,"Ylang, Ylang oil complete",cas,97-53-0,Eugenol,IFRA_STD_035,0.31,anexo,
fig:3113,YlaO,"Ylang, Ylang oil complete",cas,4602-84-0,Farnesol,IFRA_STD_036,1.5,anexo,
fig:3113,YlaO,"Ylang, Ylang oil complete",cas,106-24-1,Geraniol,IFRA_STD_037,0.67,anexo,
fig:3113,YlaO,"Ylang, Ylang oil complete",cas,97-54-1,Isoeugenol,IFRA_STD_048,0.52,anexo,
fig:3113,YlaO,"Ylang, Ylang oil complete",cas,93-29-8,Isoeugenyl acetate,IFRA_STD_255,0.12,anexo,
fig:3113,YlaO,"Ylang, Ylang oil extra",cas,100-51-6,Benzyl alcohol,IFRA_STD_008,0.24,anexo,
fig:3113,YlaO,"Ylang, Ylang oil extra",cas,120-51-4,Benzyl benzoate,IFRA_STD_009,5.73,anexo,
fig:3113,YlaO,"Ylang, Ylang oil extra",cas,140-29-4,Benzyl cyanide,IFRA_STD_112,0.02,anexo,
fig:3113,YlaO,"Ylang, Ylang oil extra",cas,118-58-1,Benzyl salicylate,IFRA_STD_011,3.35,anexo,
fig:3113,YlaO,"Ylang, Ylang oil extra",cas,5392-40-5,Citral,IFRA_STD_021,0.01,anexo,
fig:3113,YlaO,"Ylang, Ylang oil extra",cas,140-67-0,Estragole,IFRA_STD_099,0.02,anexo,
fig:3113,YlaO,"Ylang, Ylang oil extra",cas,97-53-0,Eugenol,IFRA_STD_035,0.34,anexo,
fig:3113,YlaO,"Ylang, Ylang oil extra",cas,4602-84-0,Farnesol,IFRA_STD_036,1.36,anexo,
fig:3113,YlaO,"Ylang, Ylang oil extra",cas,106-24-1,Geraniol,IFRA_STD_037,0.64,anexo,
fig:3113,YlaO,"Ylang, Ylang oil extra",cas,97-54-1,Isoeugenol,IFRA_STD_048,0.99,anexo,
fig:3113,YlaO,"Ylang, Ylang oil extra",cas,93-29-8,Isoeugenyl acetate,IFRA_STD_255,0.12,anexo,
fig:3115,YlE,Ylang ylang oil I,cas,100-51-6,Benzyl alcohol,IFRA_STD_008,0.09,anexo,
fig:3115,YlE,Ylang ylang oil I,cas,120-51-4,Benzyl benzoate,IFRA_STD_009,5.86,anexo,
fig:3115,YlE,Ylang ylang oil I,cas,103-41-3,Benzyl cinnamate,IFRA_STD_010,0.03,anexo,
fig:3115,YlE,Ylang ylang oil I,cas,140-29-4,Benzyl cyanide,IFRA_STD_112,0.05,anexo,
fig:3115,YlE,Ylang ylang oil I,cas,118-58-1,Benzyl salicylate,IFRA_STD_011,2.58,anexo,
fig:3115,YlE,Ylang ylang oil I,cas,104-54-1,Cinnamic alcohol,IFRA_STD_017,0.01,anexo,
fig:3115,YlE,Ylang ylang oil I,cas,5392-40-5,Citral,IFRA_STD_021,0.12,anexo,
fig:3115,YlE,Ylang ylang oil I,cas,1319-77-3,Cresol (unspecified),IFRA_STD_260,0.03,anexo,
fig:3115,YlE,Ylang ylang oil I,cas,140-67-0,Estragole,IFRA_STD_099,0.2,anexo,
fig:3115,YlE,Ylang ylang oil I,cas,97-53-0,Eugenol,IFRA_STD_035,0.58,anexo,
fig:3115,YlE,Ylang ylang oil I,cas,106-24-1,Geraniol,IFRA_STD_037,1.38,anexo,
fig:3115,YlE,Ylang ylang oil I,cas,97-54-1,Isoeugenol,IFRA_STD_048,0.51,anexo,
fig:3115,YlE,Ylang ylang oil I,cas,93-29-8,Isoeugenyl acetate,IFRA_STD_255,0.07,anexo,
fig:3115,YlE,Ylang ylang oil I,cas,93-15-2,Methyl eugenol,IFRA_STD_100,0.04,anexo,
fig:3115,YlE,Ylang ylang oil I,cas,106-28-5,trans-trans-Farnesol,IFRA_STD_036,1.82,anexo,
fig:3115,YlE,Ylang ylang oil II,cas,100-51-6,Benzyl alcohol,IFRA_STD_008,0.09,anexo,
fig:3115,YlE,Ylang ylang oil II,cas,120-51-4,Benzyl benzoate,IFRA_STD_009,7.81,anexo,
fig:3115,YlE,Ylang ylang oil II,cas,140-29-4,Benzyl cyanide,IFRA_STD_112,0.02,anexo,
fig:3115,YlE,Ylang ylang oil II,cas,118-58-1,Benzyl salicylate,IFRA_STD_011,2.36,anexo,
fig:3115,YlE,Ylang ylang oil II,cas,104-54-1,Cinnamic alcohol,IFRA_STD_017,0.02,anexo,
fig:3115,YlE,Ylang ylang oil II,cas,5392-40-5,Citral,IFRA_STD_021,0.09,anexo,
fig:3115,YlE,Ylang ylang oil II,cas,1319-77-3,Cresol (unspecified),IFRA_STD_260,0.03,anexo,
fig:3115,YlE,Ylang ylang oil II,cas,140-67-0,Estragole,IFRA_STD_099,0.13,anexo,
fig:3115,YlE,Ylang ylang oil II,cas,97-53-0,Eugenol,IFRA_STD_035,0.69,anexo,
fig:3115,YlE,Ylang ylang oil II,cas,106-24-1,Geraniol,IFRA_STD_037,1.43,anexo,
fig:3115,YlE,Ylang ylang oil II,cas,97-54-1,Isoeugenol,IFRA_STD_048,0.24,anexo,
fig:3115,YlE,Ylang ylang oil II,cas,93-29-8,Isoeugenyl acetate,IFRA_STD_255,0.05,anexo,
fig:3115,YlE,Ylang ylang oil II,cas,93-15-2,Methyl eugenol,IFRA_STD_100,0.03,anexo,
fig:3115,YlE,Ylang ylang oil II,cas,106-28-5,trans-trans-Farnesol,IFRA_STD_036,2.35,anexo,
fig:3115,YlE,Ylang ylang oil III,cas,100-51-6,Benzyl alcohol,IFRA_STD_008,0.04,anexo,
fig:3115,YlE,Ylang ylang oil III,cas,120-51-4,Benzyl benzoate,IFRA_STD_009,6.23,anexo,
fig:3115,YlE,Ylang ylang oil III,cas,103-41-3,Benzyl cinnamate,IFRA_STD_010,0.02,anexo,
fig:3115,YlE,Ylang ylang oil III,cas,140-29-4,Benzyl cyanide,IFRA_STD_112,0.02,anexo,
fig:3115,YlE,Ylang ylang oil III,cas,118-58-1,Benzyl salicylate,IFRA_STD_011,2.48,anexo,
fig:3115,YlE,Ylang ylang oil III,cas,104-54-1,Cinnamic alcohol,IFRA_STD_017,0.02,anexo,
fig:3115,YlE,Ylang ylang oil III,cas,5392-40-5,Citral,IFRA_STD_021,0.02,anexo,
fig:3115,YlE,Ylang ylang oil III,cas,140-67-0,Estragole,IFRA_STD_099,0.03,anexo,
fig:3115,YlE,Ylang ylang oil III,cas,97-53-0,Eugenol,IFRA_STD_035,0.45,anexo,
fig:3115,YlE,Ylang ylang oil III,cas,106-24-1,Geraniol,IFRA_STD_037,0.32,anexo,
fig:3115,YlE,Ylang ylang oil III,cas,97-54-1,Isoeugenol,IFRA_STD_048,0.54,anexo,
fig:3115,YlE,Ylang ylang oil III,cas,93-29-8,Isoeugenyl acetate,IFRA_STD_255,0.03,anexo,
fig:3115,YlE,Ylang ylang oil III,cas,93-15-2,Methyl eugenol,IFRA_STD_100,0.04,anexo,
fig:3115,YlE,Ylang ylang oil III,cas,106-28-5,trans-trans-Farnesol,IFRA_STD_036,1.76,anexo,
fig:3115,YlE,"Ylang, Ylang oil complete",cas,100-51-6,Benzyl alcohol,IFRA_STD_008,0.25,anexo,
fig:3115,YlE,"Ylang, Ylang oil complete",cas,120-51-4,Benzyl benzoate,IFRA_STD_009,6.32,anexo,
fig:3115,YlE,"Ylang, Ylang oil complete",cas,118-58-1,Benzyl salicylate,IFRA_STD_011,3.11,anexo,
fig:3115,YlE,"Ylang, Ylang oil complete",cas,97-53-0,Eugenol,IFRA_STD_035,0.31,anexo,
fig:3115,YlE,"Ylang, Ylang oil complete",cas,4602-84-0,Farnesol,IFRA_STD_036,1.5,anexo,
fig:3115,YlE,"Ylang, Ylang oil complete",cas,106-24-1,Geraniol,IFRA_STD_037,0.67,anexo,
fig:3115,YlE,"Ylang, Ylang oil complete",cas,97-54-1,Isoeugenol,IFRA_STD_048,0.52,anexo,
fig:3115,YlE,"Ylang, Ylang oil complete",cas,93-29-8,Isoeugenyl acetate,IFRA_STD_255,0.12,anexo,
fig:3115,YlE,"Ylang, Ylang oil extra",cas,100-51-6,Benzyl alcohol,IFRA_STD_008,0.24,anexo,
fig:3115,YlE,"Ylang, Ylang oil extra",cas,120-51-4,Benzyl benzoate,IFRA_STD_009,5.73,anexo,
fig:3115,YlE,"Ylang, Ylang oil extra",cas,140-29-4,Benzyl cyanide,IFRA_STD_112,0.02,anexo,
fig:3115,YlE,"Ylang, Ylang oil extra",cas,118-58-1,Benzyl salicylate,IFRA_STD_011,3.35,anexo,
fig:3115,YlE,"Ylang, Ylang oil extra",cas,5392-40-5,Citral,IFRA_STD_021,0.01,anexo,
fig:3115,YlE,"Ylang, Ylang oil extra",cas,140-67-0,Estragole,IFRA_STD_099,0.02,anexo,
fig:3115,YlE,"Ylang, Ylang oil extra",cas,97-53-0,Eugenol,IFRA_STD_035,0.34,anexo,
fig:3115,YlE,"Ylang, Ylang oil extra",cas,4602-84-0,Farnesol,IFRA_STD_036,1.36,anexo,
fig:3115,YlE,"Ylang, Ylang oil extra",cas,106-24-1,Geraniol,IFRA_STD_037,0.64,anexo,
fig:3115,YlE,"Ylang, Ylang oil extra",cas,97-54-1,Isoeugenol,IFRA_STD_048,0.99,anexo,
fig:3115,YlE,"Ylang, Ylang oil extra",cas,93-29-8,Isoeugenyl acetate,IFRA_STD_255,0.12,anexo,
fig:1041,αAM,"α-Amylcinnamaldehyde-methyl anthranilate (or Jasmea, Seringone)",cas,122-40-7,α-Amylcinnamaldehyde,IFRA_STD_005,60.3,bases-schiff,
fig:2312,MPAB,Benzaldehyde methyl anthranilate ; Methyl 2-[(phenylmethylene)amino]benzoate; Methyl 2-(benzylideneamino)benzoate (or Amandolene),cas,100-52-7,Benzaldehyde,IFRA_STD_007,44.4,bases-schiff,
fig:1140,BS,Benzaldehyde methyl anthranilate ; Methyl 2-[(phenylmethylene)amino]benzoate; Methyl 2-(benzylideneamino)benzoate (or Amandolene),cas,100-52-7,Benzaldehyde,IFRA_STD_007,44.4,bases-schiff,
fig:2212,LM,Lysmeral-methyl anthranilate (or Verdantiol),cas,80-54-6,p-t-Butyl-α-methylhydrocinnamic aldehyde (Lysmeral),IFRA_STD_015,60.6,bases-schiff,
tl:94386-48-8,CA23,Cinnamic aldehyde methyl anthranilate,cas,104-55-2,Cinnamic aldehyde,IFRA_STD_018,49.8,bases-schiff,
fig:1473,CMS,Citral-methyl anthranilate,cas,5392-40-5,Citral,IFRA_STD_021,53.3,bases-schiff,
fig:2313,MOD,"Triplal-methyl anthranilate (or Vertosine, Ligantraal, Agrumea)",cas,68039-49-6,"2,4-Dimethylcyclohex-3-ene-1-carbaldehyde (Triplal)",IFRA_STD_030,50.9,bases-schiff,
fig:2314,MPOA,α-Hexylcinnamic aldehyde methyl anthranilate (or Jasmea H),cas,101-86-0,α-Hexylcinnamaldehyde,IFRA_STD_040,61.8,bases-schiff,
fig:2025,HYI,Hydroxycitronellal-Indole (or Indolene 50%),cas,107-75-5,Hydroxycitronellal,IFRA_STD_043,63.5,bases-schiff,
fig:2026,HMA,"Hydroxycitronellal methyl anthranilate (or Aurantiol, Aurantium, Aurantoin)",cas,107-75-5,Hydroxycitronellal,IFRA_STD_043,56.4,bases-schiff,
fig:2304,MHMC,Lyral-methyl anthranilate (or Lyrantion),cas,31906-04-4 51414-25-6,3 and 4-(4-Hydroxy-4-methylpentyl)-3-cyclohexene-1-carboxaldehyde (Lyral),IFRA_STD_044,61.3,bases-schiff,
fig:1155,BAMM,"Canthoxal-methyl anthranilate (or Canthalide, Anthranolene)",cas,5462-06-6,"4-Methoxy-α-methylbenzeneproponal (Canthoxal, Fennaldehyde)",IFRA_STD_057,57.3,bases-schiff,
fig:1151,BAB,Helional-methyl anthranilate (or Helioforte),cas,1205-17-0,"α-Methyl-1,3-benzodioxole-5-propionaldehyde (Helional, MMDHCA)",IFRA_STD_059,59.1,bases-schiff,
fig:1545,CAM,Methyl 2-{[3-(4-isopropylphenyl)-2-methylpropylidene]amino}benzoate; Cyclamen aldehyde-methyl anthranilate,cas,103-95-7,Cyclamen aldehyde,IFRA_STD_025,58.8,bases-schiff,
fig:1482,CIM,"Citronellal methylanthranilate; Methyl 2-[(3,7-dimethyl-6-octenylidene)amino]benzoate (or Citronama)",cas,106-23-0,Citronellal,IFRA_STD_206,53.7,bases-schiff,
fig:1737,EDP,"Ethyl 2-[[[4-(1,1-dimethylethyl)phenyl]methylene]amino]benzoate",cas,122-03-2,Cuminaldehyde,IFRA_STD_024,50.2,bases-schiff,
fig:1152,BAM,Methyl 2-[(4-methoxybenzylidene)amino]benzoate (or Anisimea),cas,123-11-5,p-Methoxybenzaldehyde,IFRA_STD_054,50.6,bases-schiff,
cas:5502-75-0,Isop,proveedor,proveedor,,Mayol (13828-37-0),IFRA_STD_208,100,proveedor,declarado; C-004: PerfumersWorld: certificado de conformidad de «mayol» (3MG11691)
cas:9000-78-6,Op,proveedor,proveedor,,Opoponax (93384-32-8),IFRA_STD_070,100,proveedor,declarado; C-004: PerfumersWorld: certificado de conformidad de «opoponax resinoid» (2QC00337)
cas:91770-14-8,JaSA,proveedor,proveedor,,Benzaldehyde (100-52-7),IFRA_STD_007,0.0047,proveedor,declarado; C-004: PerfumersWorld: certificado de conformidad de «jasmine sambac absolute» (8JN00256)
cas:91770-14-8,JaSA,proveedor,proveedor,,Benzyl Alcohol (100-51-6),IFRA_STD_008,10.0788,proveedor,declarado; C-004: PerfumersWorld: certificado de conformidad de «jasmine sambac blossoms» (6JN07707)
cas:91770-14-8,JaSA,proveedor,proveedor,,Benzyl Benzoate (120-51-4),IFRA_STD_009,1.0958,proveedor,declarado; C-004: PerfumersWorld: certificado de conformidad de «jasmine sambac absolute» (8JN00256)
cas:91770-14-8,JaSA,proveedor,proveedor,,Benzyl Salicylate (118-58-1),IFRA_STD_011,0.0635,proveedor,declarado; C-004: PerfumersWorld: certificado de conformidad de «jasmine sambac absolute» (8JN00256)
cas:91770-14-8,JaSA,proveedor,proveedor,,Coumarin (91-64-5),IFRA_STD_023,0.0028,proveedor,declarado; C-004: PerfumersWorld: certificado de conformidad de «jasmine sambac absolute» (8JN00256)
cas:91770-14-8,JaSA,proveedor,proveedor,,Eugenol (97-53-0),IFRA_STD_035,0.101,proveedor,declarado; C-004: PerfumersWorld: certificado de conformidad de «jasmine sambac absolute» (8JN00256)
cas:91770-14-8,JaSA,proveedor,proveedor,,Geraniol (106-24-1),IFRA_STD_037,0.0736,proveedor,declarado; C-004: PerfumersWorld: certificado de conformidad de «jasmine sambac absolute» (8JN00256)
cas:91770-14-8,JaSA,proveedor,proveedor,,Alpha-Hexyl Cinnamic Aldehyde (101-86-0),IFRA_STD_040,0.8097,proveedor,declarado; C-004: PerfumersWorld: certificado de conformidad de «jasmine sambac blossoms» (6JN07707)
cas:91770-14-8,JaSA,proveedor,proveedor,,Hexyl Salicylate (6259-76-3),IFRA_STD_042,20.318,proveedor,declarado; C-004: PerfumersWorld: certificado de conformidad de «jasmine sambac blossoms» (6JN07707)
cas:91770-14-8,JaSA,proveedor,proveedor,,Methyl N-Methylanthranilate (85-91-6),IFRA_STD_094,0.15,proveedor,declarado; C-004: PerfumersWorld: certificado de conformidad de «jasmine sambac absolute» (8JN00256)
cas:91770-14-8,JaSA,proveedor,proveedor,,Methyl N-Formylanthranilate (41270-80-8),IFRA_STD_101,0.0971,proveedor,declarado; C-004: PerfumersWorld: certificado de conformidad de «jasmine sambac blossoms» (6JN07707)
cas:91770-14-8,JaSA,proveedor,proveedor,,Benzyl Cyanide (140-29-4),IFRA_STD_112,0.0012,proveedor,declarado; C-004: PerfumersWorld: certificado de conformidad de «jasmine sambac absolute» (8JN00256)
cas:91770-14-8,JaSA,proveedor,proveedor,,Linalool (78-70-6),IFRA_STD_187,32.9921,proveedor,declarado; C-004: PerfumersWorld: certificado de conformidad de «jasmine sambac blossoms» (6JN07707)
fig:1039,αAm,proveedor,proveedor,,Amylcinnamyl Alcohol (101-85-9),IFRA_STD_004,0.5,proveedor,máximo; C-003: Perfumiarz: lista de alérgenos EU_Fragrance_Allergens_ALDEHIDO_ALFA-N-AMILCINAMICO_KALPSUTRA.pdf
fig:1039,αAm,proveedor,proveedor,,Benzaldehyde (100-52-7),IFRA_STD_007,0.05,proveedor,máximo; C-003: Perfumiarz: lista de alérgenos EU_Fragrance_Allergens_ALDEHIDO_ALFA-N-AMILCINAMICO_KALPSUTRA.pdf
fig:1039,αAm,proveedor,proveedor,,Benzyl Alcohol (100-51-6),IFRA_STD_008,0.2,proveedor,máximo; C-003: Perfumiarz: lista de alérgenos EU_Fragrance_Allergens_ALDEHIDO_ALFA-N-AMILCINAMICO_KALPSUTRA.pdf
fig:1039,αAm,proveedor,proveedor,,Hexyl Cinnamal (101-86-0),IFRA_STD_040,0.5,proveedor,máximo; C-003: Perfumiarz: lista de alérgenos EU_Fragrance_Allergens_ALDEHIDO_ALFA-N-AMILCINAMICO_KALPSUTRA.pdf
fig:1067,αTe,proveedor,proveedor,,Geraniol (106-24-1),IFRA_STD_037,0.03,proveedor,típico; C-003: Perfumiarz: lista de alérgenos H12065_ALG_10-24.pdf
fig:1067,αTe,proveedor,proveedor,,Limonene (138-86-3),IFRA_STD_186,0.025,proveedor,típico; C-003: Perfumiarz: lista de alérgenos H12065_ALG_10-24.pdf
fig:1093,ASO2,proveedor,proveedor,,D-Limonene (5989-27-5),IFRA_STD_186,0.2512,proveedor,declarado; C-004: PerfumersWorld: certificado de conformidad de «anise essential oil china» (7SB00041)
fig:1093,ASO2,proveedor,proveedor,,Linalool (78-70-6),IFRA_STD_187,1.114,proveedor,declarado; C-004: PerfumersWorld: certificado de conformidad de «anise essential oil china» (7SB00041)
fig:1119,BPR,proveedor,proveedor,,Benzaldehyde (100-52-7),IFRA_STD_007,0.036,proveedor,máximo; C-003: Perfumiarz: lista de alérgenos W16295_ALG_09-23.pdf
fig:1119,BPR,proveedor,proveedor,,Benzyl Salicylate (118-58-1),IFRA_STD_011,0.0132,proveedor,máximo; C-003: Perfumiarz: lista de alérgenos W16295_ALG_09-23.pdf
fig:1119,BPR,proveedor,proveedor,,Cinnamyl Alcohol (104-54-1),IFRA_STD_017,0.0024,proveedor,máximo; C-003: Perfumiarz: lista de alérgenos W16295_ALG_09-23.pdf
fig:1119,BPR,proveedor,proveedor,,Cinnamal (104-55-2),IFRA_STD_018,0.0048,proveedor,máximo; C-003: Perfumiarz: lista de alérgenos W16295_ALG_09-23.pdf
fig:1119,BPR,proveedor,proveedor,,Coumarin (91-64-5),IFRA_STD_023,0.0348,proveedor,máximo; C-003: Perfumiarz: lista de alérgenos W16295_ALG_09-23.pdf
fig:1119,BPR,proveedor,proveedor,,Eugenol (97-53-0),IFRA_STD_035,0.0372,proveedor,máximo; C-003: Perfumiarz: lista de alérgenos W16295_ALG_09-23.pdf
fig:1119,BPR,proveedor,proveedor,,Farnesol (4602-84-0),IFRA_STD_036,0.0406,proveedor,máximo; C-003: Perfumiarz: lista de alérgenos W16295_ALG_09-23.pdf
fig:1119,BPR,proveedor,proveedor,,Isoeugenol (5932-68-3),IFRA_STD_048,0.0995,proveedor,máximo; C-003: Perfumiarz: lista de alérgenos W16295_ALG_09-23.pdf
fig:1119,BPR,proveedor,proveedor,,Limonene (138-86-3),IFRA_STD_186,0.003,proveedor,máximo; C-003: Perfumiarz: lista de alérgenos W16295_ALG_09-23.pdf
fig:1125,BLO,proveedor,proveedor,,Benzaldehyde (100-52-7),IFRA_STD_007,0.0153,proveedor,declarado; C-004: PerfumersWorld: certificado de conformidad de «basil linalool oil egypt» (7PL24627)
fig:1125,BLO,proveedor,proveedor,,Carvone (99-49-0),IFRA_STD_016,0.0435,proveedor,declarado; C-004: PerfumersWorld: certificado de conformidad de «basil linalool oil egypt» (7PL24627)
fig:1125,BLO,proveedor,proveedor,,Linalool (78-70-6),IFRA_STD_187,18.8408,proveedor,declarado; C-004: PerfumersWorld: certificado de conformidad de «basil linalool oil egypt» (7PL24627)
fig:1138,Bz,proveedor,proveedor,,Benzene (71-43-2),IFRA_STD_111,0.0005,proveedor,típico; C-003: Perfumiarz: lista de alérgenos ALDB1S_COSM2.pdf
fig:1138,Bz,proveedor,proveedor,,Toluene (108-88-3),IFRA_STD_182,0.0003,proveedor,típico; C-003: Perfumiarz: lista de alérgenos ALDB1S_COSM2.pdf
fig:114,THN,proveedor,proveedor,,"5-Acetyl-1,1,2,3,3,6-hexamethylindan (15323-35-0)",IFRA_STD_085,1,proveedor,típico; C-003: Perfumiarz: lista de alérgenos TOD2P_COSM2.pdf
fig:1168,BSR,proveedor,proveedor,,Benzyl Alcohol (100-51-6),IFRA_STD_008,0.0293,proveedor,declarado; C-004: PerfumersWorld: certificado de conformidad de «benzoin siam resinoid» (2QV00050)
fig:1168,BSR,proveedor,proveedor,,Propenylguaethol (94-86-0),IFRA_STD_190,1.7952,proveedor,declarado; C-004: PerfumersWorld: certificado de conformidad de «benzoin siam resinoid» (2QV00050)
fig:1168,BSR,proveedor,proveedor,,2-Methoxy-4-Propylphenol (2785-87-7),IFRA_STD_191,0.1212,proveedor,declarado; C-004: PerfumersWorld: certificado de conformidad de «benzoin siam resinoid» (2QV00050)
fig:1169,BESR,proveedor,proveedor,,Benzaldehyde (100-52-7),IFRA_STD_007,0.0211,proveedor,declarado; C-004: PerfumersWorld: certificado de conformidad de «benzoin sumatra resinoid» (2QV08253)
fig:1169,BESR,proveedor,proveedor,,Benzyl Alcohol (100-51-6),IFRA_STD_008,0.0892,proveedor,declarado; C-004: PerfumersWorld: certificado de conformidad de «benzoin sumatra resinoid» (2QV08253)
fig:1177,BA9,proveedor,proveedor,,Anise Alcohol (105-13-5),IFRA_STD_006,0.1,proveedor,típico; C-003: Perfumiarz: lista de alérgenos BENZA1V_COSM2.pdf
fig:1177,BA9,proveedor,proveedor,,Benzaldehyde (100-52-7),IFRA_STD_007,0.1,proveedor,típico; C-003: Perfumiarz: lista de alérgenos BENZA1V_COSM2.pdf
fig:1177,BA9,proveedor,proveedor,,Benzyl Alcohol (100-51-6),IFRA_STD_008,0.05,proveedor,típico; C-003: Perfumiarz: lista de alérgenos BENZA1V_COSM2.pdf
fig:1177,BA9,proveedor,proveedor,,Benzylidene acetone (122-57-6),IFRA_STD_113,0.02,proveedor,típico; C-003: Perfumiarz: lista de alérgenos BENZA1V_COSM2.pdf
fig:1177,BA9,proveedor,proveedor,,Limonene (5989-27-5),IFRA_STD_186,0.01,proveedor,típico; C-003: Perfumiarz: lista de alérgenos BENZA1V_COSM2.pdf
fig:1179,BBE,proveedor,proveedor,,Benzaldehyde (100-52-7),IFRA_STD_007,0.05,proveedor,típico; C-003: Perfumiarz: lista de alérgenos BDB2L_COSM2.pdf
fig:1179,BBE,proveedor,proveedor,,Benzyl Alcohol (100-51-6),IFRA_STD_008,0.1,proveedor,típico; C-003: Perfumiarz: lista de alérgenos BDB2L_COSM2.pdf
fig:1193,BES,proveedor,proveedor,,Benzyl Alcohol (100-51-6),IFRA_STD_008,0.1,proveedor,típico; C-003: Perfumiarz: lista de alérgenos BENZYL_SALICYLATE_SBE1E_CO.pdf
fig:1193,BES,proveedor,proveedor,,Benzyl Benzoate (120-51-4),IFRA_STD_009,0.1,proveedor,típico; C-003: Perfumiarz: lista de alérgenos BENZYL_SALICYLATE_SBE1E_CO.pdf
fig:1197,BeO,proveedor,proveedor,,Limonene (5989-27-5),IFRA_STD_186,33.0406,proveedor,declarado; C-004: PerfumersWorld: certificado de conformidad de «bergamot essential oil» (7CL00061)
fig:1197,BeO,proveedor,proveedor,,Linalool (78-70-6),IFRA_STD_187,14.4754,proveedor,declarado; C-004: PerfumersWorld: certificado de conformidad de «bergamot essential oil» (7CL00061)
fig:1200,BFO,proveedor,proveedor,,Carvone (99-49-0),IFRA_STD_016,0.0013,proveedor,"típico; C-001: SoapQueen Europe: declaración de alérgenos EO003, 2024-10-18"
fig:1200,BFO,proveedor,proveedor,,Citral (5392-40-5),IFRA_STD_021,0.8698,proveedor,declarado; C-004: PerfumersWorld: certificado de conformidad de «bergamot fcf oil sicilian» (7CL24020)
fig:1200,BFO,proveedor,proveedor,,Limonene (5989-27-5),IFRA_STD_186,47,proveedor,"máximo; C-001: Opella AB: MSDS Bergamot (FCF) essential oil, organic, E1004"
fig:1200,BFO,proveedor,proveedor,,Linalool (78-70-6),IFRA_STD_187,17.49,proveedor,"típico; C-001: SoapQueen Europe: declaración de alérgenos EO003, 2024-10-18"
fig:1203,βTY,proveedor,proveedor,,Rose Ketones (23696-85-7),IFRA_STD_077,100,proveedor,típico; C-003: Perfumiarz: lista de alérgenos Lista_alergenow_Damascone_Beta_23_08_2026.pdf
fig:1210,βMB,proveedor,proveedor,,Benzaldehyde (100-52-7),IFRA_STD_007,0.005,proveedor,típico; C-003: Perfumiarz: lista de alérgenos 0010593_MEFRANAL_Allergen_Extended_List_Ingredient_20240503.pdf
fig:1210,βMB,proveedor,proveedor,,Hydroxycitronellal (107-75-5),IFRA_STD_043,0.012,proveedor,típico; C-003: Perfumiarz: lista de alérgenos 0010593_MEFRANAL_Allergen_Extended_List_Ingredient_20240503.pdf
fig:1218,βPi,proveedor,proveedor,,Limonene (138-86-3),IFRA_STD_186,0.1,proveedor,máximo; C-003: Perfumiarz: lista de alérgenos T02150_ALG_02-24.pdf
fig:1231,BTO,proveedor,proveedor,,Eugenol (97-53-0),IFRA_STD_035,1.5,proveedor,típico; C-003: Perfumiarz: lista de alérgenos BOUR1L_COSM2.pdf
fig:1231,BTO,proveedor,proveedor,,Isoeugenol (5932-68-3) · Isoeugenol (97-54-1),IFRA_STD_048,6.5,proveedor,típico; C-003: Perfumiarz: lista de alérgenos BOUR1L_COSM2.pdf
fig:1231,BTO,proveedor,proveedor,,Limonene (5989-27-5),IFRA_STD_186,4.5,proveedor,típico; C-003: Perfumiarz: lista de alérgenos BOUR1L_COSM2.pdf
fig:1239,BrA,proveedor,proveedor,,Benzyl Benzoate (120-51-4),IFRA_STD_009,0.002,proveedor,típico; C-003: Perfumiarz: lista de alérgenos H19146_ALG_04-24.pdf
fig:1239,BrA,proveedor,proveedor,,Limonene (138-86-3),IFRA_STD_186,0.006,proveedor,típico; C-003: Perfumiarz: lista de alérgenos H19146_ALG_04-24.pdf
fig:1239,BrA,proveedor,proveedor,,Linalool (78-70-6),IFRA_STD_187,0.015,proveedor,típico; C-003: Perfumiarz: lista de alérgenos H19146_ALG_04-24.pdf
fig:1245,BUS,proveedor,proveedor,,Limonene (138-86-3),IFRA_STD_186,0.002,proveedor,típico; C-003: Perfumiarz: lista de alérgenos H01120_ALG_04-24.pdf
fig:1280,CaO,proveedor,proveedor,,Benzyl Alcohol (100-51-6),IFRA_STD_008,0.1,proveedor,típico; C-003: Perfumiarz: lista de alérgenos CABREUVA_ESSENCE_-_CABREUVA_WOOD_EO_-_CABESS1Q_-_COSM2_-_2022-03.pdf
fig:1280,CaO,proveedor,proveedor,,Benzyl Benzoate (120-51-4),IFRA_STD_009,70.1,proveedor,típico; C-003: Perfumiarz: lista de alérgenos CABREUVA_ESSENCE_-_CABREUVA_WOOD_EO_-_CABESS1Q_-_COSM2_-_2022-03.pdf
fig:1280,CaO,proveedor,proveedor,,Benzyl Cinnamate (103-41-3),IFRA_STD_010,33,proveedor,típico; C-003: Perfumiarz: lista de alérgenos CABREUVA_ESSENCE_-_CABREUVA_WOOD_EO_-_CABESS1Q_-_COSM2_-_2022-03.pdf
fig:1280,CaO,proveedor,proveedor,,Citral (5392-40-5),IFRA_STD_021,0.0859,proveedor,declarado; C-004: PerfumersWorld: certificado de conformidad de «cabreuva essential oil» (7LW00863)
fig:1280,CaO,proveedor,proveedor,,Citronellol (106-22-9),IFRA_STD_022,0.2,proveedor,típico; C-003: Perfumiarz: lista de alérgenos CABREUVA_ESSENCE_-_CABREUVA_WOOD_EO_-_CABESS1Q_-_COSM2_-_2022-03.pdf
fig:1280,CaO,proveedor,proveedor,,Eugenol (97-53-0),IFRA_STD_035,0.01,proveedor,típico; C-003: Perfumiarz: lista de alérgenos CABREUVA_ESSENCE_-_CABREUVA_WOOD_EO_-_CABESS1Q_-_COSM2_-_2022-03.pdf
fig:1280,CaO,proveedor,proveedor,,Geraniol (106-24-1),IFRA_STD_037,0.01,proveedor,típico; C-003: Perfumiarz: lista de alérgenos CABREUVA_ESSENCE_-_CABREUVA_WOOD_EO_-_CABESS1Q_-_COSM2_-_2022-03.pdf
fig:1280,CaO,proveedor,proveedor,,D-Limonene (5989-27-5) · Limonene (5989-27-5),IFRA_STD_186,0.0118,proveedor,declarado; C-004: PerfumersWorld: certificado de conformidad de «cabreuva essential oil» (7LW00863)
fig:1289,CjO,proveedor,proveedor,,L-Carvone (99-49-0),IFRA_STD_016,0.2291,proveedor,declarado; C-004: PerfumersWorld: certificado de conformidad de «cajuput essential oil» (7BH00912)
fig:1289,CjO,proveedor,proveedor,,Citral (5392-40-5),IFRA_STD_021,0.0338,proveedor,declarado; C-004: PerfumersWorld: certificado de conformidad de «cajuput essential oil» (7BH00912)
fig:1289,CjO,proveedor,proveedor,,Safranal (116-26-7),IFRA_STD_082,0.014,proveedor,declarado; C-004: PerfumersWorld: certificado de conformidad de «cajuput essential oil» (7BH00912)
fig:1289,CjO,proveedor,proveedor,,D-Limonene (5989-27-5),IFRA_STD_186,1.0558,proveedor,declarado; C-004: PerfumersWorld: certificado de conformidad de «cajuput essential oil» (7BH00912)
fig:1289,CjO,proveedor,proveedor,,Linalool (78-70-6),IFRA_STD_187,5.8164,proveedor,declarado; C-004: PerfumersWorld: certificado de conformidad de «cajuput essential oil» (7BH00912)
fig:1297,CWO,proveedor,proveedor,,L-Carvone (99-49-0),IFRA_STD_016,0.0523,proveedor,declarado; C-004: PerfumersWorld: certificado de conformidad de «camphor white essential oil» (7BH00079)
fig:1297,CWO,proveedor,proveedor,,D-Limonene (5989-27-5),IFRA_STD_186,25.0014,proveedor,declarado; C-004: PerfumersWorld: certificado de conformidad de «camphor white essential oil» (7BH00079)
fig:1297,CWO,proveedor,proveedor,,Isocitral (55722-59-3),IFRA_STD_205,0.0411,proveedor,declarado; C-004: PerfumersWorld: certificado de conformidad de «camphor white essential oil» (7BH00079)
fig:1299,CnO,proveedor,proveedor,,Citral (5392-40-5),IFRA_STD_021,0.0258,proveedor,declarado; C-004: PerfumersWorld: certificado de conformidad de «cananga essential oil» (7NJ00081)
fig:1299,CnO,proveedor,proveedor,,Estragole (140-67-0),IFRA_STD_099,0.0521,proveedor,declarado; C-004: PerfumersWorld: certificado de conformidad de «cananga essential oil» (7NJ00081)
fig:1299,CnO,proveedor,proveedor,,Linalool (78-70-6),IFRA_STD_187,1.3013,proveedor,declarado; C-004: PerfumersWorld: certificado de conformidad de «cananga essential oil» (7NJ00081)
fig:1302,CSO,proveedor,proveedor,,Citral (5392-40-5),IFRA_STD_021,0.0245,proveedor,declarado; C-004: PerfumersWorld: certificado de conformidad de «caraway seed essential oil» (7SE00083)
fig:1302,CSO,proveedor,proveedor,,D-Limonene (5989-27-5),IFRA_STD_186,26.3871,proveedor,declarado; C-004: PerfumersWorld: certificado de conformidad de «caraway seed essential oil» (7SE00083)
fig:1302,CSO,proveedor,proveedor,,Linalool (78-70-6),IFRA_STD_187,0.038,proveedor,declarado; C-004: PerfumersWorld: certificado de conformidad de «caraway seed essential oil» (7SE00083)
fig:1309,CSEO,proveedor,proveedor,,L-Carvone (99-49-0),IFRA_STD_016,0.0113,proveedor,declarado; C-004: PerfumersWorld: certificado de conformidad de «cardamom essential oil» (7SC00084)
fig:1309,CSEO,proveedor,proveedor,,D-Limonene (5989-27-5),IFRA_STD_186,3.0061,proveedor,declarado; C-004: PerfumersWorld: certificado de conformidad de «cardamom essential oil» (7SC00084)
fig:1309,CSEO,proveedor,proveedor,,Linalool (78-70-6),IFRA_STD_187,1.381,proveedor,declarado; C-004: PerfumersWorld: certificado de conformidad de «cardamom essential oil» (7SC00084)
fig:1316,CSO2,proveedor,proveedor,,Linalool (78-70-6),IFRA_STD_187,0.104,proveedor,declarado; C-004: PerfumersWorld: certificado de conformidad de «carrot seed essential oil» (7IS00086)
fig:1332,CsO,proveedor,proveedor,,Benzyl Alcohol (100-51-6),IFRA_STD_008,0.0239,proveedor,declarado; C-004: PerfumersWorld: certificado de conformidad de «cassia essential oil» (7SV00091)
fig:1332,CsO,proveedor,proveedor,,Benzyl Cinnamate (103-41-3),IFRA_STD_010,0.0073,proveedor,declarado; C-004: PerfumersWorld: certificado de conformidad de «cassia essential oil» (7SV00091)
fig:1332,CsO,proveedor,proveedor,,Phenylacetaldehyde (122-78-1),IFRA_STD_073,0.0036,proveedor,declarado; C-004: PerfumersWorld: certificado de conformidad de «cassia essential oil» (7SV00091)
fig:1332,CsO,proveedor,proveedor,,Safrole (94-59-7),IFRA_STD_179,0.013,proveedor,declarado; C-004: PerfumersWorld: certificado de conformidad de «cassia essential oil» (7SV00091)
fig:1335,CsA,proveedor,proveedor,,Benzyl Cinnamate (103-41-3),IFRA_STD_010,0.009,proveedor,típico; C-003: Perfumiarz: lista de alérgenos H03053_ALG_12-23.pdf
fig:1335,CsA,proveedor,proveedor,,Cinnamal (104-55-2),IFRA_STD_018,0.003,proveedor,típico; C-003: Perfumiarz: lista de alérgenos H03053_ALG_12-23.pdf
fig:1335,CsA,proveedor,proveedor,,Citronellol (106-22-9),IFRA_STD_022,0.019,proveedor,típico; C-003: Perfumiarz: lista de alérgenos H03053_ALG_12-23.pdf
fig:1335,CsA,proveedor,proveedor,,Farnesol (4602-84-0),IFRA_STD_036,0.012,proveedor,típico; C-003: Perfumiarz: lista de alérgenos H03053_ALG_12-23.pdf
fig:1335,CsA,proveedor,proveedor,,Limonene (138-86-3),IFRA_STD_186,0.005,proveedor,típico; C-003: Perfumiarz: lista de alérgenos H03053_ALG_12-23.pdf
fig:1335,CsA,proveedor,proveedor,,Linalool (78-70-6),IFRA_STD_187,0.095,proveedor,típico; C-003: Perfumiarz: lista de alérgenos H03053_ALG_12-23.pdf
fig:1336,CBA,proveedor,proveedor,,Citral (5392-40-5),IFRA_STD_021,0.3364,proveedor,declarado; C-004: PerfumersWorld: certificado de conformidad de «blackcurrant absolute» (8FB00063)
fig:1336,CBA,proveedor,proveedor,,Phenyl Acetaldehyde (122-78-1),IFRA_STD_073,0.1039,proveedor,declarado; C-004: PerfumersWorld: certificado de conformidad de «blackcurrant absolute» (8FB00063)
fig:1336,CBA,proveedor,proveedor,,D-Limonene (5989-27-5),IFRA_STD_186,0.4905,proveedor,declarado; C-004: PerfumersWorld: certificado de conformidad de «blackcurrant absolute» (8FB00063)
fig:1385,CESO,proveedor,proveedor,,1-Octen-3-Yl Acetate (2442-10-6),IFRA_STD_069,0.0171,proveedor,declarado; C-004: PerfumersWorld: certificado de conformidad de «celery seed essential oil» (7SH00100)
fig:1385,CESO,proveedor,proveedor,,Linalool (78-70-6),IFRA_STD_187,0.0604,proveedor,declarado; C-004: PerfumersWorld: certificado de conformidad de «celery seed essential oil» (7SH00100)
fig:1388,CFBO,proveedor,proveedor,,Benzyl Benzoate (120-51-4),IFRA_STD_009,0.1499,proveedor,declarado; C-004: PerfumersWorld: certificado de conformidad de «blue chamomile essential oil» (7HF00102)
fig:1388,CFBO,proveedor,proveedor,,Citral (5392-40-5),IFRA_STD_021,0.2121,proveedor,declarado; C-004: PerfumersWorld: certificado de conformidad de «blue chamomile essential oil» (7HF00102)
fig:1388,CFBO,proveedor,proveedor,,Citronellol (106-22-9),IFRA_STD_022,0.868,proveedor,declarado; C-004: PerfumersWorld: certificado de conformidad de «blue chamomile essential oil» (7HF00102)
fig:1388,CFBO,proveedor,proveedor,,Geraniol (106-24-1),IFRA_STD_037,0.5829,proveedor,declarado; C-004: PerfumersWorld: certificado de conformidad de «blue chamomile essential oil» (7HF00102)
fig:1388,CFBO,proveedor,proveedor,,Alpha-Thujone (546-80-5),IFRA_STD_102,0.924,proveedor,declarado; C-004: PerfumersWorld: certificado de conformidad de «blue chamomile essential oil» (7HF00102)
fig:1388,CFBO,proveedor,proveedor,,Linalool (78-70-6),IFRA_STD_187,38.6365,proveedor,declarado; C-004: PerfumersWorld: certificado de conformidad de «blue chamomile essential oil» (7HF00102)
fig:1389,CHFO,proveedor,proveedor,,Benzyl Benzoate (120-51-4),IFRA_STD_009,0.1499,proveedor,declarado; C-004: PerfumersWorld: certificado de conformidad de «blue chamomile essential oil» (7HF00102)
fig:1389,CHFO,proveedor,proveedor,,Citral (5392-40-5),IFRA_STD_021,0.2121,proveedor,declarado; C-004: PerfumersWorld: certificado de conformidad de «blue chamomile essential oil» (7HF00102)
fig:1389,CHFO,proveedor,proveedor,,Citronellol (106-22-9),IFRA_STD_022,0.868,proveedor,declarado; C-004: PerfumersWorld: certificado de conformidad de «blue chamomile essential oil» (7HF00102)
fig:1389,CHFO,proveedor,proveedor,,Geraniol (106-24-1),IFRA_STD_037,0.5829,proveedor,declarado; C-004: PerfumersWorld: certificado de conformidad de «blue chamomile essential oil» (7HF00102)
fig:1389,CHFO,proveedor,proveedor,,Alpha-Thujone (546-80-5),IFRA_STD_102,0.924,proveedor,declarado; C-004: PerfumersWorld: certificado de conformidad de «blue chamomile essential oil» (7HF00102)
fig:1389,CHFO,proveedor,proveedor,,Linalool (78-70-6),IFRA_STD_187,38.6365,proveedor,declarado; C-004: PerfumersWorld: certificado de conformidad de «blue chamomile essential oil» (7HF00102)
fig:1390,CRO,proveedor,proveedor,,Carvone (99-49-0),IFRA_STD_016,0.0465,proveedor,declarado; C-004: PerfumersWorld: certificado de conformidad de «roman chamomile essential oil» (7HH00104)
fig:1390,CRO,proveedor,proveedor,,Citronellyl Acetate (150-84-5),IFRA_STD_248,0.0134,proveedor,declarado; C-004: PerfumersWorld: certificado de conformidad de «roman chamomile essential oil» (7HH00104)
fig:1404,CILO,proveedor,proveedor,,Cinnamic Alcohol (104-54-1),IFRA_STD_017,0.0827,proveedor,declarado; C-004: PerfumersWorld: certificado de conformidad de «cinnamon leaf essential oil» (7SV00108)
fig:1404,CILO,proveedor,proveedor,,D-Limonene (5989-27-5),IFRA_STD_186,0.2284,proveedor,declarado; C-004: PerfumersWorld: certificado de conformidad de «cinnamon leaf essential oil» (7SV00108)
fig:1404,CILO,proveedor,proveedor,,Linalool (78-70-6),IFRA_STD_187,2.5778,proveedor,declarado; C-004: PerfumersWorld: certificado de conformidad de «cinnamon leaf essential oil» (7SV00108)
fig:1416,CN,proveedor,proveedor,,Benzaldehyde (100-52-7),IFRA_STD_007,0.078,proveedor,típico; C-003: Perfumiarz: lista de alérgenos H03180_ALG_07-24.pdf
fig:1416,CN,proveedor,proveedor,,Benzyl Alcohol (100-51-6),IFRA_STD_008,0.014,proveedor,típico; C-003: Perfumiarz: lista de alérgenos H03180_ALG_07-24.pdf
fig:1484,CA7,proveedor,proveedor,,Citral (5392-40-5),IFRA_STD_021,0.028,proveedor,típico; C-003: Perfumiarz: lista de alérgenos H01052_ALG_10-24.pdf
fig:1484,CA7,proveedor,proveedor,,Citronellol (106-22-9),IFRA_STD_022,1.225,proveedor,típico; C-003: Perfumiarz: lista de alérgenos H01052_ALG_10-24.pdf
fig:1484,CA7,proveedor,proveedor,,Geraniol (106-24-1),IFRA_STD_037,0.381,proveedor,típico; C-003: Perfumiarz: lista de alérgenos H01052_ALG_10-24.pdf
fig:1484,CA7,proveedor,proveedor,,Limonene (138-86-3),IFRA_STD_186,0.019,proveedor,típico; C-003: Perfumiarz: lista de alérgenos H01052_ALG_10-24.pdf
fig:1497,CHE,proveedor,proveedor,,L-Carvone (99-49-0),IFRA_STD_016,0.0524,proveedor,declarado; C-004: PerfumersWorld: certificado de conformidad de «citrus hystrix lime essential oil» (7CK01152)
fig:1497,CHE,proveedor,proveedor,,Estragole (140-67-0),IFRA_STD_099,0.0436,proveedor,declarado; C-004: PerfumersWorld: certificado de conformidad de «citrus hystrix lime leaf essential oil» (7CK01077)
fig:1497,CHE,proveedor,proveedor,,D-Limonene (5989-27-5),IFRA_STD_186,21.7608,proveedor,declarado; C-004: PerfumersWorld: certificado de conformidad de «citrus hystrix lime essential oil» (7CK01152)
fig:1497,CHE,proveedor,proveedor,,Linalool (78-70-6),IFRA_STD_187,2.9272,proveedor,declarado; C-004: PerfumersWorld: certificado de conformidad de «citrus hystrix lime leaf essential oil» (7CK01077)
fig:1506,CLSO,proveedor,proveedor,,Citral (5392-40-5),IFRA_STD_021,0.2525,proveedor,declarado; C-004: PerfumersWorld: certificado de conformidad de «clary sage essential oil» (7HH00121)
fig:1506,CLSO,proveedor,proveedor,,Beta-Caryophyllene (91-64-5) · Coumarin (91-64-5),IFRA_STD_023,0.0354,proveedor,declarado; C-004: PerfumersWorld: certificado de conformidad de «clary sage essential oil» (7HH00121)
fig:1506,CLSO,proveedor,proveedor,,Sclareol (515-03-7),IFRA_STD_183,0.5147,proveedor,declarado; C-004: PerfumersWorld: certificado de conformidad de «clary sage essential oil» (7HH00121)
fig:1506,CLSO,proveedor,proveedor,,Limonene (5989-27-5),IFRA_STD_186,0.1372,proveedor,declarado; C-004: PerfumersWorld: certificado de conformidad de «clary sage essential oil» (7HH00121)
fig:1506,CLSO,proveedor,proveedor,,Linalool (78-70-6),IFRA_STD_187,22.5743,proveedor,declarado; C-004: PerfumersWorld: certificado de conformidad de «clary sage essential oil» (7HH00121)
fig:1510,CLBO,proveedor,proveedor,,Isoeugenol (97-54-1),IFRA_STD_048,0.0871,proveedor,declarado; C-004: PerfumersWorld: certificado de conformidad de «clove bud essential oil» (7SP00122)
fig:1510,CLBO,proveedor,proveedor,,2-Methoxy-4-Propylphenol (2785-87-7),IFRA_STD_191,0.0238,proveedor,declarado; C-004: PerfumersWorld: certificado de conformidad de «clove bud essential oil» (7SP00122)
fig:1540,CUSO,proveedor,proveedor,,D-Limonene (5989-27-5),IFRA_STD_186,0.0391,proveedor,declarado; C-004: PerfumersWorld: certificado de conformidad de «cumin seed essential oil» (7SU00130)
fig:1540,CUSO,proveedor,proveedor,,Linalool (78-70-6),IFRA_STD_187,0.0419,proveedor,declarado; C-004: PerfumersWorld: certificado de conformidad de «cumin seed essential oil» (7SU00130)
fig:1603,CEX,proveedor,proveedor,,Citral (5392-40-5),IFRA_STD_021,60.4651,proveedor,declarado; C-004: PerfumersWorld: certificado de conformidad de «lemongrass essential oil» (7CC00272)
fig:1603,CEX,proveedor,proveedor,,Citronellol (106-22-9),IFRA_STD_022,0.0981,proveedor,declarado; C-004: PerfumersWorld: certificado de conformidad de «lemongrass essential oil» (7CC00272)
fig:1603,CEX,proveedor,proveedor,,Geraniol (106-24-1),IFRA_STD_037,4.0874,proveedor,declarado; C-004: PerfumersWorld: certificado de conformidad de «lemongrass essential oil» (7CC00272)
fig:1603,CEX,proveedor,proveedor,,"2,6,6-Trimethylcyclohex-1,3-Dienyl Methanal (116-26-7)",IFRA_STD_082,0.0067,proveedor,declarado; C-004: PerfumersWorld: certificado de conformidad de «lemongrass essential oil» (7CC00272)
fig:1603,CEX,proveedor,proveedor,,Limonene (5989-27-5),IFRA_STD_186,4.91,proveedor,declarado; C-004: PerfumersWorld: certificado de conformidad de «lemongrass essential oil» (7CC00272)
fig:1603,CEX,proveedor,proveedor,,Linalool (78-70-6),IFRA_STD_187,3.0387,proveedor,declarado; C-004: PerfumersWorld: certificado de conformidad de «lemongrass essential oil» (7CC00272)
fig:1603,CEX,proveedor,proveedor,,"3,7-Dimethyl-3,6-Octadienal (55722-59-3)",IFRA_STD_205,0.5433,proveedor,declarado; C-004: PerfumersWorld: certificado de conformidad de «lemongrass essential oil» (7CC00272)
fig:1603,CEX,proveedor,proveedor,,Citronellal (106-23-0),IFRA_STD_206,0.1936,proveedor,declarado; C-004: PerfumersWorld: certificado de conformidad de «lemongrass essential oil» (7CC00272)
fig:1607,CyO2,proveedor,proveedor,,D-Limonene (5989-27-5),IFRA_STD_186,0.0551,proveedor,declarado; C-004: PerfumersWorld: certificado de conformidad de «nagarmotha oil » (7WU09815)
fig:1619,DaO,proveedor,proveedor,,Benzyl Alcohol (100-51-6),IFRA_STD_008,0.02,proveedor,típico; C-003: Perfumiarz: lista de alérgenos 81ALL_20250227_E2230.pdf
fig:1619,DaO,proveedor,proveedor,,Carvone (2244-16-8),IFRA_STD_016,0.001,proveedor,típico; C-003: Perfumiarz: lista de alérgenos 81ALL_20250227_E2230.pdf
fig:1619,DaO,proveedor,proveedor,,Citral (106-26-3),IFRA_STD_021,0.07,proveedor,típico; C-003: Perfumiarz: lista de alérgenos 81ALL_20250227_E2230.pdf
fig:1619,DaO,proveedor,proveedor,,Citronellol (106-22-9),IFRA_STD_022,0.07,proveedor,típico; C-003: Perfumiarz: lista de alérgenos 81ALL_20250227_E2230.pdf
fig:1619,DaO,proveedor,proveedor,,Eugenol (97-53-0),IFRA_STD_035,0.08,proveedor,típico; C-003: Perfumiarz: lista de alérgenos 81ALL_20250227_E2230.pdf
fig:1619,DaO,proveedor,proveedor,,Geraniol (106-24-1),IFRA_STD_037,0.04,proveedor,típico; C-003: Perfumiarz: lista de alérgenos 81ALL_20250227_E2230.pdf
fig:1619,DaO,proveedor,proveedor,,Limonene (138-86-3),IFRA_STD_186,0.02,proveedor,típico; C-003: Perfumiarz: lista de alérgenos 81ALL_20250227_E2230.pdf
fig:1619,DaO,proveedor,proveedor,,Linalool (78-70-6),IFRA_STD_187,0.7,proveedor,típico; C-003: Perfumiarz: lista de alérgenos 81ALL_20250227_E2230.pdf
fig:168,OA,proveedor,proveedor,,Benzyl Alcohol (100-51-6),IFRA_STD_008,0.001,proveedor,máximo; C-003: Perfumiarz: lista de alérgenos EU_Fragrance_Allergens_OXIDO_DE_LIMA_II.pdf
fig:168,OA,proveedor,proveedor,,Limonene (138-86-3),IFRA_STD_186,20,proveedor,máximo; C-003: Perfumiarz: lista de alérgenos EU_Fragrance_Allergens_OXIDO_DE_LIMA_II.pdf
fig:168,OA,proveedor,proveedor,,Linalool (78-70-6),IFRA_STD_187,0.05,proveedor,máximo; C-003: Perfumiarz: lista de alérgenos EU_Fragrance_Allergens_OXIDO_DE_LIMA_II.pdf
fig:1701,DOT,proveedor,proveedor,,Benzyl Alcohol (100-51-6),IFRA_STD_008,0.0009,proveedor,máximo; C-003: Perfumiarz: lista de alérgenos W26050_ALG_03-20.pdf
fig:1703,Do8,proveedor,proveedor,,Limonene (138-86-3),IFRA_STD_186,0.001,proveedor,típico; C-003: Perfumiarz: lista de alérgenos H03240_ALG_03-24.pdf
fig:1711,ElO,proveedor,proveedor,,Carvone (99-49-0),IFRA_STD_016,0.123,proveedor,declarado; C-004: PerfumersWorld: certificado de conformidad de «elemi essential oil» (7QC00902)
fig:1711,ElO,proveedor,proveedor,,Citral (141-27-5),IFRA_STD_021,0.0359,proveedor,declarado; C-004: PerfumersWorld: certificado de conformidad de «elemi essential oil» (7QC00902)
fig:1711,ElO,proveedor,proveedor,,Limonene (5989-27-5),IFRA_STD_186,45.0869,proveedor,declarado; C-004: PerfumersWorld: certificado de conformidad de «elemi essential oil» (7QC00902)
fig:1831,EuO,proveedor,proveedor,,Carvone (99-49-0),IFRA_STD_016,0.2804,proveedor,declarado; C-004: PerfumersWorld: certificado de conformidad de «eucalyptus globulus essential oil» (7BH00182)
fig:1831,EuO,proveedor,proveedor,,Citronellol (106-22-9),IFRA_STD_022,7.8245,proveedor,declarado; C-004: PerfumersWorld: certificado de conformidad de «eucalyptus citriodora essential oil» (7CC00914)
fig:1831,EuO,proveedor,proveedor,,Methyl Eugenol (93-15-2),IFRA_STD_100,0.0327,proveedor,declarado; C-004: PerfumersWorld: certificado de conformidad de «eucalyptus citriodora essential oil» (7CC00914)
fig:1831,EuO,proveedor,proveedor,,D-Limonene (138-86-3) · Limonene (5989-27-5),IFRA_STD_186,4.0063,proveedor,declarado; C-004: PerfumersWorld: certificado de conformidad de «eucalyptus globulus essential oil» (7BH00182)
fig:1831,EuO,proveedor,proveedor,,Linalool (78-70-6),IFRA_STD_187,0.2653,proveedor,declarado; C-004: PerfumersWorld: certificado de conformidad de «eucalyptus citriodora essential oil» (7CC00914)
fig:1831,EuO,proveedor,proveedor,,Citronellal (106-23-0),IFRA_STD_206,38.4365,proveedor,declarado; C-004: PerfumersWorld: certificado de conformidad de «eucalyptus citriodora essential oil» (7CC00914)
fig:1841,Fr,proveedor,proveedor,,Citral (5392-40-5),IFRA_STD_021,0.005,proveedor,típico; C-003: Perfumiarz: lista de alérgenos 5052003_FARNESOL_SYNTHETIC_Allergen_Extended_List_Ingredient_20231019.pdf
fig:1859,FCO,proveedor,proveedor,,Benzyl Alcohol (100-51-6),IFRA_STD_008,0.0201,proveedor,declarado; C-004: PerfumersWorld: certificado de conformidad de «fir essential oil» (7KG07758)
fig:1859,FCO,proveedor,proveedor,,L-Carvone (99-49-0),IFRA_STD_016,0.0274,proveedor,declarado; C-004: PerfumersWorld: certificado de conformidad de «fir essential oil» (7KG07758)
fig:1859,FCO,proveedor,proveedor,,Cuminaldehyde (122-03-2),IFRA_STD_024,0.0314,proveedor,declarado; C-004: PerfumersWorld: certificado de conformidad de «fir essential oil» (7KG07758)
fig:1859,FCO,proveedor,proveedor,,D-Limonene (5989-27-5),IFRA_STD_186,6.3682,proveedor,declarado; C-004: PerfumersWorld: certificado de conformidad de «fir essential oil» (7KG07758)
fig:1859,FCO,proveedor,proveedor,,Alpha-Bisabolol (515-69-5),IFRA_STD_192,0.514,proveedor,declarado; C-004: PerfumersWorld: certificado de conformidad de «fir essential oil» (7KG07758)
fig:1884,GaO,proveedor,proveedor,,D-Limonene (5989-27-5),IFRA_STD_186,1.2616,proveedor,declarado; C-004: PerfumersWorld: certificado de conformidad de «galbanum essential oil» (7GQ00200)
fig:1884,GaO,proveedor,proveedor,,Isocitral (55722-59-3),IFRA_STD_205,0.0535,proveedor,declarado; C-004: PerfumersWorld: certificado de conformidad de «galbanum essential oil» (7GQ00200)
fig:1906,Ga,proveedor,proveedor,,Citral (5392-40-5),IFRA_STD_021,0.09,proveedor,típico; C-003: Perfumiarz: lista de alérgenos H07112_ALG_03-24.pdf
fig:1906,Ga,proveedor,proveedor,,Citronellol (106-22-9),IFRA_STD_022,0.5,proveedor,típico; C-003: Perfumiarz: lista de alérgenos H07112_ALG_03-24.pdf
fig:1906,Ga,proveedor,proveedor,,Linalool (78-70-6),IFRA_STD_187,0.001,proveedor,típico; C-003: Perfumiarz: lista de alérgenos H07112_ALG_03-24.pdf
fig:1910,GeO,proveedor,proveedor,,D-Limonene (5989-27-5),IFRA_STD_186,0.0955,proveedor,declarado; C-004: PerfumersWorld: certificado de conformidad de «geranium bourbon essential oil» (7RB00930)
fig:1910,GeO,proveedor,proveedor,,Linalool (78-70-6),IFRA_STD_187,4.5194,proveedor,declarado; C-004: PerfumersWorld: certificado de conformidad de «geranium essential oil» (7RB00205)
fig:1916,GSO,proveedor,proveedor,,Citral (5392-40-5),IFRA_STD_021,0.0101,proveedor,declarado; C-004: PerfumersWorld: certificado de conformidad de «rhodinol ex citronella» (3RB07724)
fig:1916,GSO,proveedor,proveedor,,Citronellol (106-22-9),IFRA_STD_022,47.0646,proveedor,declarado; C-004: PerfumersWorld: certificado de conformidad de «rhodinol ex citronella» (3RB07724)
fig:1916,GSO,proveedor,proveedor,,Geraniol (106-24-1),IFRA_STD_037,47.1666,proveedor,declarado; C-004: PerfumersWorld: certificado de conformidad de «rhodinol ex citronella» (3RB07724)
fig:1916,GSO,proveedor,proveedor,,Hydroxycitronellal (107-75-5),IFRA_STD_043,0.2673,proveedor,declarado; C-004: PerfumersWorld: certificado de conformidad de «rhodinol ex citronella» (3RB07724)
fig:1916,GSO,proveedor,proveedor,,D-Limonene (5989-27-5),IFRA_STD_186,0.0008,proveedor,declarado; C-004: PerfumersWorld: certificado de conformidad de «rhodinol ex citronella» (3RB07724)
fig:1916,GSO,proveedor,proveedor,,Linalool (78-70-6),IFRA_STD_187,0.0452,proveedor,declarado; C-004: PerfumersWorld: certificado de conformidad de «rhodinol ex citronella» (3RB07724)
fig:1916,GSO,proveedor,proveedor,,Citronellal (106-23-0),IFRA_STD_206,0.0303,proveedor,declarado; C-004: PerfumersWorld: certificado de conformidad de «rhodinol ex citronella» (3RB07724)
fig:1950,GpO,proveedor,proveedor,,Carvone (99-49-0) · L-Carvone (99-49-0),IFRA_STD_016,0.5263,proveedor,declarado; C-004: PerfumersWorld: certificado de conformidad de «grapefruit white essential oil» (7CA00868)
fig:1950,GpO,proveedor,proveedor,,Perilla Aldehyde (2111-75-3),IFRA_STD_052,0.0234,proveedor,declarado; C-004: PerfumersWorld: certificado de conformidad de «grapefruit pink essential oil» (7CN00210)
fig:1950,GpO,proveedor,proveedor,,D-Limonene (5989-27-5) · Limonene (5989-27-5),IFRA_STD_186,77.9384,proveedor,declarado; C-004: PerfumersWorld: certificado de conformidad de «grapefruit pink essential oil» (7CN00210)
fig:1950,GpO,proveedor,proveedor,,Linalool (78-70-6),IFRA_STD_187,0.886,proveedor,declarado; C-004: PerfumersWorld: certificado de conformidad de «grapefruit pink essential oil» (7CN00210)
fig:1951,GraO,proveedor,proveedor,,Carvone (99-49-0) · L-Carvone (99-49-0),IFRA_STD_016,0.5263,proveedor,declarado; C-004: PerfumersWorld: certificado de conformidad de «grapefruit white essential oil» (7CA00868)
fig:1951,GraO,proveedor,proveedor,,Perilla Aldehyde (2111-75-3),IFRA_STD_052,0.0234,proveedor,declarado; C-004: PerfumersWorld: certificado de conformidad de «grapefruit pink essential oil» (7CN00210)
fig:1951,GraO,proveedor,proveedor,,D-Limonene (5989-27-5) · Limonene (5989-27-5),IFRA_STD_186,77.9384,proveedor,declarado; C-004: PerfumersWorld: certificado de conformidad de «grapefruit pink essential oil» (7CN00210)
fig:1951,GraO,proveedor,proveedor,,Linalool (78-70-6),IFRA_STD_187,0.886,proveedor,declarado; C-004: PerfumersWorld: certificado de conformidad de «grapefruit pink essential oil» (7CN00210)
fig:1957,GUWO,proveedor,proveedor,,Eugenol (97-53-0),IFRA_STD_035,0.003,proveedor,declarado; C-004: PerfumersWorld: certificado de conformidad de «guaiacwood essential oil» (7RW00214)
fig:1970,HaA,proveedor,proveedor,,Benzyl Alcohol (100-51-6),IFRA_STD_008,0.018,proveedor,típico; C-003: Perfumiarz: lista de alérgenos H06130_ALG_05-23.pdf
fig:1970,HaA,proveedor,proveedor,,Benzyl Benzoate (120-51-4),IFRA_STD_009,0.027,proveedor,típico; C-003: Perfumiarz: lista de alérgenos H06130_ALG_05-23.pdf
fig:1970,HaA,proveedor,proveedor,,Citronellol (106-22-9),IFRA_STD_022,0.007,proveedor,típico; C-003: Perfumiarz: lista de alérgenos H06130_ALG_05-23.pdf
fig:1970,HaA,proveedor,proveedor,,Eugenol (97-53-0),IFRA_STD_035,0.009,proveedor,típico; C-003: Perfumiarz: lista de alérgenos H06130_ALG_05-23.pdf
fig:1970,HaA,proveedor,proveedor,,Limonene (138-86-3),IFRA_STD_186,0.007,proveedor,típico; C-003: Perfumiarz: lista de alérgenos H06130_ALG_05-23.pdf
fig:1970,HaA,proveedor,proveedor,,Linalool (78-70-6),IFRA_STD_187,0.043,proveedor,típico; C-003: Perfumiarz: lista de alérgenos H06130_ALG_05-23.pdf
fig:2029,HyO,proveedor,proveedor,,L-Carvone (99-49-0),IFRA_STD_016,0.0262,proveedor,declarado; C-004: PerfumersWorld: certificado de conformidad de «hyssop essential oil» (7HS00870)
fig:2029,HyO,proveedor,proveedor,,D-Limonene (5989-27-5),IFRA_STD_186,0.5607,proveedor,declarado; C-004: PerfumersWorld: certificado de conformidad de «hyssop essential oil» (7HS00870)
fig:2029,HyO,proveedor,proveedor,,Linalool (78-70-6),IFRA_STD_187,1.1059,proveedor,declarado; C-004: PerfumersWorld: certificado de conformidad de «hyssop essential oil» (7HS00870)
fig:2043,IPR,proveedor,proveedor,,Benzyl Alcohol (100-51-6),IFRA_STD_008,0.003,proveedor,típico; C-003: Perfumiarz: lista de alérgenos H09128_ALG_09-23.pdf
fig:2043,IPR,proveedor,proveedor,,Citral (5392-40-5),IFRA_STD_021,0.002,proveedor,típico; C-003: Perfumiarz: lista de alérgenos H09128_ALG_09-23.pdf
fig:2043,IPR,proveedor,proveedor,,Coumarin (91-64-5),IFRA_STD_023,0.003,proveedor,típico; C-003: Perfumiarz: lista de alérgenos H09128_ALG_09-23.pdf
fig:2043,IPR,proveedor,proveedor,,Limonene (138-86-3),IFRA_STD_186,0.008,proveedor,típico; C-003: Perfumiarz: lista de alérgenos H09128_ALG_09-23.pdf
fig:2043,IPR,proveedor,proveedor,,Linalool (78-70-6),IFRA_STD_187,0.006,proveedor,típico; C-003: Perfumiarz: lista de alérgenos H09128_ALG_09-23.pdf
fig:2078,IP4,proveedor,proveedor,,Benzaldehyde (100-52-7),IFRA_STD_007,0.023,proveedor,típico; C-003: Perfumiarz: lista de alérgenos H16110_ALG_03-22.pdf
fig:2123,JaA,proveedor,proveedor,,Geraniol (106-24-1),IFRA_STD_037,0.0846,proveedor,declarado; C-004: PerfumersWorld: certificado de conformidad de «jasmine absolute» (8JN00254)
fig:2123,JaA,proveedor,proveedor,,2-Hexenal (6728-26-3),IFRA_STD_039,0.1226,proveedor,declarado; C-004: PerfumersWorld: certificado de conformidad de «jasmine absolute» (8JN00254)
fig:2123,JaA,proveedor,proveedor,,Methyl N-Methylanthranilate (85-91-6),IFRA_STD_094,0.2795,proveedor,declarado; C-004: PerfumersWorld: certificado de conformidad de «jasmine absolute» (8JN00254)
fig:2123,JaA,proveedor,proveedor,,Linalool (78-70-6),IFRA_STD_187,9.8925,proveedor,declarado; C-004: PerfumersWorld: certificado de conformidad de «jasmine absolute» (8JN00254)
fig:2143,LaA,proveedor,proveedor,,D-Limonene (5989-27-5),IFRA_STD_186,0.679,proveedor,declarado; C-004: PerfumersWorld: certificado de conformidad de «labdanum absolute» (8UQ08219)
fig:2167,LvA,proveedor,proveedor,,Benzaldehyde (100-52-7),IFRA_STD_007,0.006,proveedor,declarado; C-004: PerfumersWorld: certificado de conformidad de «lavandin absolute» (8HY00554)
fig:2167,LvA,proveedor,proveedor,,Benzyl Alcohol (100-51-6),IFRA_STD_008,0.017,proveedor,declarado; C-004: PerfumersWorld: certificado de conformidad de «lavandin absolute» (8HY00554)
fig:2167,LvA,proveedor,proveedor,,Benzyl Benzoate (120-51-4),IFRA_STD_009,0.002,proveedor,declarado; C-004: PerfumersWorld: certificado de conformidad de «lavandin absolute» (8HY00554)
fig:2167,LvA,proveedor,proveedor,,L-Carvone (99-49-0),IFRA_STD_016,0.012,proveedor,declarado; C-004: PerfumersWorld: certificado de conformidad de «lavandin absolute» (8HY00554)
fig:2167,LvA,proveedor,proveedor,,Cuminaldehyde (122-03-2),IFRA_STD_024,0.006,proveedor,declarado; C-004: PerfumersWorld: certificado de conformidad de «lavandin absolute» (8HY00554)
fig:2167,LvA,proveedor,proveedor,,Eugenol (97-53-0),IFRA_STD_035,0.025,proveedor,declarado; C-004: PerfumersWorld: certificado de conformidad de «lavandin absolute» (8HY00554)
fig:2167,LvA,proveedor,proveedor,,Hexenal Trans-2 (6728-26-3),IFRA_STD_039,0.004,proveedor,declarado; C-004: PerfumersWorld: certificado de conformidad de «lavandin absolute» (8HY00554)
fig:2174,LvO,proveedor,proveedor,,D-Carvone (2244-16-8),IFRA_STD_016,0.0062,proveedor,declarado; C-004: PerfumersWorld: certificado de conformidad de «lavandin essential oil» (7HB00265)
fig:2174,LvO,proveedor,proveedor,,Coumarin (91-64-5),IFRA_STD_023,0.0706,proveedor,declarado; C-004: PerfumersWorld: certificado de conformidad de «lavandin essential oil» (7HB00265)
fig:2174,LvO,proveedor,proveedor,,D-Limonene (5989-27-5),IFRA_STD_186,0.5605,proveedor,declarado; C-004: PerfumersWorld: certificado de conformidad de «lavandin essential oil» (7HB00265)
fig:2174,LvO,proveedor,proveedor,,Linalool (78-70-6),IFRA_STD_187,34.6668,proveedor,declarado; C-004: PerfumersWorld: certificado de conformidad de «lavandin essential oil» (7HB00265)
fig:2180,LeA,proveedor,proveedor,,Anise Alcohol (105-13-5),IFRA_STD_006,0.004,proveedor,típico; C-003: Perfumiarz: lista de alérgenos H12009_ALG_09-23.pdf
fig:2180,LeA,proveedor,proveedor,,Benzaldehyde (100-52-7),IFRA_STD_007,0.008,proveedor,típico; C-003: Perfumiarz: lista de alérgenos H12009_ALG_09-23.pdf
fig:2180,LeA,proveedor,proveedor,,Benzyl Alcohol (100-51-6),IFRA_STD_008,0.024,proveedor,típico; C-003: Perfumiarz: lista de alérgenos H12009_ALG_09-23.pdf
fig:2180,LeA,proveedor,proveedor,,Benzyl Benzoate (120-51-4),IFRA_STD_009,0.039,proveedor,típico; C-003: Perfumiarz: lista de alérgenos H12009_ALG_09-23.pdf
fig:2180,LeA,proveedor,proveedor,,Benzyl Salicylate (118-58-1),IFRA_STD_011,0.008,proveedor,típico; C-003: Perfumiarz: lista de alérgenos H12009_ALG_09-23.pdf
fig:2180,LeA,proveedor,proveedor,,Carvone (99-49-0),IFRA_STD_016,0.014,proveedor,típico; C-003: Perfumiarz: lista de alérgenos H12009_ALG_09-23.pdf
fig:2180,LeA,proveedor,proveedor,,Citral (5392-40-5),IFRA_STD_021,0.011,proveedor,típico; C-003: Perfumiarz: lista de alérgenos H12009_ALG_09-23.pdf
fig:2180,LeA,proveedor,proveedor,,Eugenol (97-53-0),IFRA_STD_035,0.018,proveedor,típico; C-003: Perfumiarz: lista de alérgenos H12009_ALG_09-23.pdf
fig:2180,LeA,proveedor,proveedor,,Farnesol (4602-84-0),IFRA_STD_036,0.037,proveedor,típico; C-003: Perfumiarz: lista de alérgenos H12009_ALG_09-23.pdf
fig:2180,LeA,proveedor,proveedor,,Geraniol (106-24-1),IFRA_STD_037,0.263,proveedor,típico; C-003: Perfumiarz: lista de alérgenos H12009_ALG_09-23.pdf
fig:2180,LeA,proveedor,proveedor,,Sclareol (515-03-7),IFRA_STD_183,0.353,proveedor,típico; C-003: Perfumiarz: lista de alérgenos H12009_ALG_09-23.pdf
fig:2180,LeA,proveedor,proveedor,,Limonene (138-86-3),IFRA_STD_186,0.109,proveedor,típico; C-003: Perfumiarz: lista de alérgenos H12009_ALG_09-23.pdf
fig:2180,LeA,proveedor,proveedor,,Linalool (78-70-6),IFRA_STD_187,30.537,proveedor,típico; C-003: Perfumiarz: lista de alérgenos H12009_ALG_09-23.pdf
fig:2183,LnO,proveedor,proveedor,,Coumarin (91-64-5),IFRA_STD_023,0.0446,proveedor,declarado; C-004: PerfumersWorld: certificado de conformidad de «lavender essential oil» (7HL00267)
fig:2183,LnO,proveedor,proveedor,,Limonene (5989-27-5),IFRA_STD_186,0.7341,proveedor,declarado; C-004: PerfumersWorld: certificado de conformidad de «lavender essential oil» (7HL00267)
fig:2183,LnO,proveedor,proveedor,,Linalool (78-70-6),IFRA_STD_187,35.8969,proveedor,declarado; C-004: PerfumersWorld: certificado de conformidad de «lavender essential oil» (7HL00267)
fig:2183,LnO,proveedor,proveedor,,Alpha-Bisabolol (515-69-5),IFRA_STD_192,0.1111,proveedor,declarado; C-004: PerfumersWorld: certificado de conformidad de «lavender essential oil» (7HL00267)
fig:2190,lCF,proveedor,proveedor,,Benzyl Alcohol (100-51-6),IFRA_STD_008,0.005,proveedor,típico; C-003: Perfumiarz: lista de alérgenos H01420_ALG_08-23.pdf
fig:2220,Li,proveedor,proveedor,,Citral (5392-40-5),IFRA_STD_021,0.0171,proveedor,declarado; C-004: PerfumersWorld: certificado de conformidad de «champaca leaf essential oil» (7LN08199)
fig:2220,Li,proveedor,proveedor,,Geraniol (106-24-1),IFRA_STD_037,0.3303,proveedor,declarado; C-004: PerfumersWorld: certificado de conformidad de «champaca leaf essential oil» (7LN08199)
fig:2220,Li,proveedor,proveedor,,"Damascone, Beta (23726-91-2)",IFRA_STD_077,0.0432,proveedor,declarado; C-004: PerfumersWorld: certificado de conformidad de «champaca leaf essential oil» (7LN08199)
fig:2220,Li,proveedor,proveedor,,Methyl Eugenol (93-15-2),IFRA_STD_100,0.4972,proveedor,declarado; C-004: PerfumersWorld: certificado de conformidad de «champaca leaf essential oil» (7LN08199)
fig:2220,Li,proveedor,proveedor,,Safrole (94-59-7),IFRA_STD_179,0.037,proveedor,declarado; C-004: PerfumersWorld: certificado de conformidad de «champaca leaf essential oil» (7LN08199)
fig:2220,Li,proveedor,proveedor,,D-Limonene (5989-27-5),IFRA_STD_186,0.1123,proveedor,declarado; C-004: PerfumersWorld: certificado de conformidad de «champaca leaf essential oil» (7LN08199)
fig:2223,LIA,proveedor,proveedor,,Limonene (138-86-3),IFRA_STD_186,0.01,proveedor,máximo; C-003: Perfumiarz: lista de alérgenos EU_Fragrance_Allergens_LINALYL_ACETATE_BASF.pdf
fig:2223,LIA,proveedor,proveedor,,Linalool (78-70-6),IFRA_STD_187,0.07,proveedor,máximo; C-003: Perfumiarz: lista de alérgenos EU_Fragrance_Allergens_LINALYL_ACETATE_BASF.pdf
fig:2240,LICO,proveedor,proveedor,,L-Carvone (99-49-0),IFRA_STD_016,0.0381,proveedor,declarado; C-004: PerfumersWorld: certificado de conformidad de «litsea cubeba essential oil» (7CC00280)
fig:2240,LICO,proveedor,proveedor,,D-Limonene (5989-27-5),IFRA_STD_186,13.3938,proveedor,declarado; C-004: PerfumersWorld: certificado de conformidad de «litsea cubeba essential oil» (7CC00280)
fig:2240,LICO,proveedor,proveedor,,Linalool (78-70-6),IFRA_STD_187,1.2836,proveedor,declarado; C-004: PerfumersWorld: certificado de conformidad de «litsea cubeba essential oil» (7CC00280)
fig:2261,MnO,proveedor,proveedor,,Carvone (99-49-0) · L-Carvone (99-49-0),IFRA_STD_016,0.0177,proveedor,declarado; C-004: PerfumersWorld: certificado de conformidad de «tangerine essential oil» (7CA00857)
fig:2261,MnO,proveedor,proveedor,,Citral (141-27-5) · Citral (5392-40-5),IFRA_STD_021,0.1144,proveedor,declarado; C-004: PerfumersWorld: certificado de conformidad de «mandarin essential oil» (7CA00285)
fig:2261,MnO,proveedor,proveedor,,Perilla Aldehyde (2111-75-3),IFRA_STD_052,0.0355,proveedor,declarado; C-004: PerfumersWorld: certificado de conformidad de «tangerine essential oil» (7CA00857)
fig:2261,MnO,proveedor,proveedor,,Methyl N-Formylanthranilate (41270-80-8),IFRA_STD_101,0.0036,proveedor,declarado; C-004: PerfumersWorld: certificado de conformidad de «mandarin essential oil» (7CA00285)
fig:2261,MnO,proveedor,proveedor,,D-Limonene (5989-27-5) · Limonene (5989-27-5),IFRA_STD_186,84.5798,proveedor,declarado; C-004: PerfumersWorld: certificado de conformidad de «tangerine essential oil» (7CA00857)
fig:2261,MnO,proveedor,proveedor,,Linalool (78-70-6),IFRA_STD_187,1.1293,proveedor,declarado; C-004: PerfumersWorld: certificado de conformidad de «tangerine essential oil» (7CA00857)
fig:2261,MnO,proveedor,proveedor,,Citronellal (106-23-0),IFRA_STD_206,0.122,proveedor,declarado; C-004: PerfumersWorld: certificado de conformidad de «tangerine essential oil» (7CA00857)
fig:2262,MdO,proveedor,proveedor,,Carvone (99-49-0) · L-Carvone (99-49-0),IFRA_STD_016,0.0177,proveedor,declarado; C-004: PerfumersWorld: certificado de conformidad de «tangerine essential oil» (7CA00857)
fig:2262,MdO,proveedor,proveedor,,Citral (141-27-5) · Citral (5392-40-5),IFRA_STD_021,0.1144,proveedor,declarado; C-004: PerfumersWorld: certificado de conformidad de «mandarin essential oil» (7CA00285)
fig:2262,MdO,proveedor,proveedor,,Perilla Aldehyde (2111-75-3),IFRA_STD_052,0.0355,proveedor,declarado; C-004: PerfumersWorld: certificado de conformidad de «tangerine essential oil» (7CA00857)
fig:2262,MdO,proveedor,proveedor,,Methyl N-Formylanthranilate (41270-80-8),IFRA_STD_101,0.0036,proveedor,declarado; C-004: PerfumersWorld: certificado de conformidad de «mandarin essential oil» (7CA00285)
fig:2262,MdO,proveedor,proveedor,,D-Limonene (5989-27-5) · Limonene (5989-27-5),IFRA_STD_186,84.5798,proveedor,declarado; C-004: PerfumersWorld: certificado de conformidad de «tangerine essential oil» (7CA00857)
fig:2262,MdO,proveedor,proveedor,,Linalool (78-70-6),IFRA_STD_187,1.1293,proveedor,declarado; C-004: PerfumersWorld: certificado de conformidad de «tangerine essential oil» (7CA00857)
fig:2262,MdO,proveedor,proveedor,,Citronellal (106-23-0),IFRA_STD_206,0.122,proveedor,declarado; C-004: PerfumersWorld: certificado de conformidad de «tangerine essential oil» (7CA00857)
fig:2270,MAP,proveedor,proveedor,,L-Carvone (99-49-0),IFRA_STD_016,0.0233,proveedor,declarado; C-004: PerfumersWorld: certificado de conformidad de «oregano essential oil» (7PS00342)
fig:2270,MAP,proveedor,proveedor,,Safranal (116-26-7),IFRA_STD_082,7.4679,proveedor,declarado; C-004: PerfumersWorld: certificado de conformidad de «oregano essential oil» (7PS00342)
fig:2270,MAP,proveedor,proveedor,,Linalool (78-70-6),IFRA_STD_187,5.0836,proveedor,declarado; C-004: PerfumersWorld: certificado de conformidad de «oregano essential oil» (7PS00342)
fig:2276,MtA,proveedor,proveedor,,Benzaldehyde (100-52-7),IFRA_STD_007,0.0036,proveedor,máximo; C-003: Perfumiarz: lista de alérgenos W13044_ALG_09-23.pdf
fig:2276,MtA,proveedor,proveedor,,Benzyl Alcohol (100-51-6),IFRA_STD_008,0.008,proveedor,máximo; C-003: Perfumiarz: lista de alérgenos W13044_ALG_09-23.pdf
fig:2276,MtA,proveedor,proveedor,,Benzyl Benzoate (120-51-4),IFRA_STD_009,0.0036,proveedor,máximo; C-003: Perfumiarz: lista de alérgenos W13044_ALG_09-23.pdf
fig:2276,MtA,proveedor,proveedor,,Benzyl Salicylate (118-58-1),IFRA_STD_011,0.0047,proveedor,máximo; C-003: Perfumiarz: lista de alérgenos W13044_ALG_09-23.pdf
fig:2276,MtA,proveedor,proveedor,,Carvone (2244-16-8),IFRA_STD_016,0.0032,proveedor,máximo; C-003: Perfumiarz: lista de alérgenos W13044_ALG_09-23.pdf
fig:2276,MtA,proveedor,proveedor,,Citral (106-26-3),IFRA_STD_021,0.0084,proveedor,máximo; C-003: Perfumiarz: lista de alérgenos W13044_ALG_09-23.pdf
fig:2276,MtA,proveedor,proveedor,,Coumarin (91-64-5),IFRA_STD_023,0.008,proveedor,máximo; C-003: Perfumiarz: lista de alérgenos W13044_ALG_09-23.pdf
fig:2276,MtA,proveedor,proveedor,,Eugenol (97-53-0),IFRA_STD_035,0.0117,proveedor,máximo; C-003: Perfumiarz: lista de alérgenos W13044_ALG_09-23.pdf
fig:2276,MtA,proveedor,proveedor,,Geraniol (106-24-1),IFRA_STD_037,0.006,proveedor,máximo; C-003: Perfumiarz: lista de alérgenos W13044_ALG_09-23.pdf
fig:2276,MtA,proveedor,proveedor,,Isoeugenol (5932-68-3),IFRA_STD_048,0.0129,proveedor,máximo; C-003: Perfumiarz: lista de alérgenos W13044_ALG_09-23.pdf
fig:2276,MtA,proveedor,proveedor,,Methyl Heptadienone (1604-28-0),IFRA_STD_061,0.2256,proveedor,declarado; C-004: PerfumersWorld: certificado de conformidad de «mate absolute» (8HE00557)
fig:2276,MtA,proveedor,proveedor,,Rose Ketones (23696-85-7),IFRA_STD_077,0.0048,proveedor,máximo; C-003: Perfumiarz: lista de alérgenos W13044_ALG_09-23.pdf
fig:2276,MtA,proveedor,proveedor,,Limonene (138-86-3),IFRA_STD_186,0.0036,proveedor,máximo; C-003: Perfumiarz: lista de alérgenos W13044_ALG_09-23.pdf
fig:2276,MtA,proveedor,proveedor,,Linalool (78-70-6),IFRA_STD_187,0.012,proveedor,máximo; C-003: Perfumiarz: lista de alérgenos W13044_ALG_09-23.pdf
fig:2285,MAO,proveedor,proveedor,,D-Limonene (5989-27-5),IFRA_STD_186,2.6475,proveedor,declarado; C-004: PerfumersWorld: certificado de conformidad de «cornmint essential oil china» (7BB00832)
fig:2285,MAO,proveedor,proveedor,,Linalool (78-70-6),IFRA_STD_187,0.1942,proveedor,declarado; C-004: PerfumersWorld: certificado de conformidad de «cornmint essential oil china» (7BB00832)
fig:2313,MOD,proveedor,proveedor,,Benzyl Alcohol (100-51-6),IFRA_STD_008,0.006,proveedor,típico; C-003: Perfumiarz: lista de alérgenos H01209_ALG_08-23.pdf
fig:2320,MN2,proveedor,proveedor,,Methyl 2-octynoate (111-12-6),IFRA_STD_062,0.25,proveedor,máximo; C-003: Perfumiarz: lista de alérgenos V13078_ALG_10-24.pdf
fig:2357,MIM,proveedor,proveedor,,L-Carvone (99-49-0),IFRA_STD_016,0.0002,proveedor,declarado; C-004: PerfumersWorld: certificado de conformidad de «ultralia» (6II13551)
fig:2357,MIM,proveedor,proveedor,,Citral (5392-40-5),IFRA_STD_021,0.0003,proveedor,declarado; C-004: PerfumersWorld: certificado de conformidad de «ultralia» (6II13551)
fig:2357,MIM,proveedor,proveedor,,Geraniol (106-24-1),IFRA_STD_037,0.0035,proveedor,declarado; C-004: PerfumersWorld: certificado de conformidad de «ultralia» (6II13551)
fig:2357,MIM,proveedor,proveedor,,Alpha-Isomethyl Ionone (127-51-5),IFRA_STD_063,52,proveedor,máximo; C-003: Perfumiarz: lista de alérgenos W09020_ALG_05-22.pdf
fig:2357,MIM,proveedor,proveedor,,Alpha-Thujone (546-80-5),IFRA_STD_102,0.0028,proveedor,declarado; C-004: PerfumersWorld: certificado de conformidad de «ultralia» (6II13551)
fig:2357,MIM,proveedor,proveedor,,Linalool (78-70-6),IFRA_STD_187,0.001,proveedor,declarado; C-004: PerfumersWorld: certificado de conformidad de «ultralia» (6II13551)
fig:2402,MUK,proveedor,proveedor,,Musk xylene (81-15-2),IFRA_STD_170,0.099,proveedor,típico; C-003: Perfumiarz: lista de alérgenos MC1H_COSM2.pdf
fig:2404,Mc,proveedor,proveedor,,Limonene (5989-27-5),IFRA_STD_186,1.5,proveedor,típico; C-003: Perfumiarz: lista de alérgenos MYRCENE_MYRC1M_COSM2.pdf
fig:2410,MyA,proveedor,proveedor,,Limonene (138-86-3),IFRA_STD_186,0.018,proveedor,máximo; C-003: Perfumiarz: lista de alérgenos W13905_ALG_10-23.pdf
fig:2415,MrO,proveedor,proveedor,,Benzyl Benzoate (120-51-4),IFRA_STD_009,0.0029,proveedor,máximo; C-003: Perfumiarz: lista de alérgenos W13900_ALG_01-24.pdf
fig:2415,MrO,proveedor,proveedor,,Eugenol (97-53-0),IFRA_STD_035,0.0029,proveedor,máximo; C-003: Perfumiarz: lista de alérgenos W13900_ALG_01-24.pdf
fig:2415,MrO,proveedor,proveedor,,Limonene (138-86-3),IFRA_STD_186,0.0276,proveedor,máximo; C-003: Perfumiarz: lista de alérgenos W13900_ALG_01-24.pdf
fig:2430,NPA,proveedor,proveedor,,Benzaldehyde (100-52-7),IFRA_STD_007,0.007,proveedor,típico; C-003: Perfumiarz: lista de alérgenos H14083_ALG_08-23.pdf
fig:2430,NPA,proveedor,proveedor,,Benzyl Cinnamate (103-41-3),IFRA_STD_010,0.008,proveedor,típico; C-003: Perfumiarz: lista de alérgenos H14083_ALG_08-23.pdf
fig:2430,NPA,proveedor,proveedor,,Benzyl Salicylate (118-58-1),IFRA_STD_011,0.206,proveedor,típico; C-003: Perfumiarz: lista de alérgenos H14083_ALG_08-23.pdf
fig:2430,NPA,proveedor,proveedor,,Cinnamyl Alcohol (104-54-1),IFRA_STD_017,0.147,proveedor,típico; C-003: Perfumiarz: lista de alérgenos H14083_ALG_08-23.pdf
fig:2430,NPA,proveedor,proveedor,,Citronellol (106-22-9),IFRA_STD_022,0.014,proveedor,típico; C-003: Perfumiarz: lista de alérgenos H14083_ALG_08-23.pdf
fig:2430,NPA,proveedor,proveedor,,Eugenol (97-53-0),IFRA_STD_035,0.053,proveedor,típico; C-003: Perfumiarz: lista de alérgenos H14083_ALG_08-23.pdf
fig:2430,NPA,proveedor,proveedor,,Geraniol (106-24-1),IFRA_STD_037,0.032,proveedor,típico; C-003: Perfumiarz: lista de alérgenos H14083_ALG_08-23.pdf
fig:2430,NPA,proveedor,proveedor,,Isoeugenol (97-54-1),IFRA_STD_048,0.227,proveedor,típico; C-003: Perfumiarz: lista de alérgenos H14083_ALG_08-23.pdf
fig:2430,NPA,proveedor,proveedor,,Limonene (138-86-3),IFRA_STD_186,0.118,proveedor,típico; C-003: Perfumiarz: lista de alérgenos H14083_ALG_08-23.pdf
fig:2430,NPA,proveedor,proveedor,,Linalool (78-70-6),IFRA_STD_187,0.169,proveedor,típico; C-003: Perfumiarz: lista de alérgenos H14083_ALG_08-23.pdf
fig:2433,Nl,proveedor,proveedor,,Citral (5392-40-5),IFRA_STD_021,0.3,proveedor,típico; C-003: Perfumiarz: lista de alérgenos H14107_ALG_04-23.pdf
fig:2433,Nl,proveedor,proveedor,,Citronellol (106-22-9),IFRA_STD_022,2.5,proveedor,típico; C-003: Perfumiarz: lista de alérgenos H14107_ALG_04-23.pdf
fig:2433,Nl,proveedor,proveedor,,Geraniol (106-24-1),IFRA_STD_037,3.8,proveedor,típico; C-003: Perfumiarz: lista de alérgenos H14107_ALG_04-23.pdf
fig:2472,NuO,proveedor,proveedor,,D-Limonene (5989-27-5),IFRA_STD_186,2.9033,proveedor,declarado; C-004: PerfumersWorld: certificado de conformidad de «nutmeg essential oil» (7SC00327)
fig:2480,OaA,proveedor,proveedor,,Treemoss Extracts (90028-67-4),IFRA_STD_080,100,proveedor,declarado; C-004: PerfumersWorld: certificado de conformidad de «treemoss absolute» (8YT00576)
fig:2510,OS,proveedor,proveedor,,Farnesol (4602-84-0),IFRA_STD_036,0.2,proveedor,máximo; C-003: Perfumiarz: lista de alérgenos W03207_ALG_10-23.pdf
fig:2521,OlO,proveedor,proveedor,,Benzyl Benzoate (120-51-4),IFRA_STD_009,0.0073,proveedor,declarado; C-004: PerfumersWorld: certificado de conformidad de «olibanum essential oil» (7QK00333)
fig:2521,OlO,proveedor,proveedor,,Carvone (99-49-0),IFRA_STD_016,0.1853,proveedor,declarado; C-004: PerfumersWorld: certificado de conformidad de «olibanum essential oil» (7QK00333)
fig:2521,OlO,proveedor,proveedor,,Linalool (78-70-6),IFRA_STD_187,0.1814,proveedor,declarado; C-004: PerfumersWorld: certificado de conformidad de «olibanum essential oil» (7QK00333)
fig:2533,OpO,proveedor,proveedor,,Opoponax (93384-32-8),IFRA_STD_070,100,proveedor,declarado; C-004: PerfumersWorld: certificado de conformidad de «opoponax essential oil» (7QC00336)
fig:2538,OFA,proveedor,proveedor,,Benzaldehyde (100-52-7),IFRA_STD_007,0.0061,proveedor,declarado; C-004: PerfumersWorld: certificado de conformidad de «orange flower absolute» (8NC00338)
fig:2538,OFA,proveedor,proveedor,,Methyl N-Methylanthranilate (85-91-6),IFRA_STD_094,0.0026,proveedor,declarado; C-004: PerfumersWorld: certificado de conformidad de «orange flower absolute» (8NC00338)
fig:2538,OFA,proveedor,proveedor,,7-Methoxycoumarin (531-59-9),IFRA_STD_158,0.0017,proveedor,declarado; C-004: PerfumersWorld: certificado de conformidad de «orange flower absolute» (8NC00338)
fig:2538,OFA,proveedor,proveedor,,D-Limonene (5989-27-5),IFRA_STD_186,0.1722,proveedor,declarado; C-004: PerfumersWorld: certificado de conformidad de «orange flower absolute» (8NC00338)
fig:2538,OFA,proveedor,proveedor,,Linalool (78-70-6),IFRA_STD_187,14.2295,proveedor,declarado; C-004: PerfumersWorld: certificado de conformidad de «orange flower absolute» (8NC00338)
fig:2540,OWA,proveedor,proveedor,,Benzaldehyde (100-52-7),IFRA_STD_007,0.0061,proveedor,declarado; C-004: PerfumersWorld: certificado de conformidad de «orange flower absolute» (8NC00338)
fig:2540,OWA,proveedor,proveedor,,Methyl N-Methylanthranilate (85-91-6),IFRA_STD_094,0.0026,proveedor,declarado; C-004: PerfumersWorld: certificado de conformidad de «orange flower absolute» (8NC00338)
fig:2540,OWA,proveedor,proveedor,,Methyl N-Formylanthranilate (41270-80-8),IFRA_STD_101,0.0385,proveedor,declarado; C-004: PerfumersWorld: certificado de conformidad de «orange flower absolute» (8NC00338)
fig:2540,OWA,proveedor,proveedor,,7-Methoxycoumarin (531-59-9),IFRA_STD_158,0.0017,proveedor,declarado; C-004: PerfumersWorld: certificado de conformidad de «orange flower absolute» (8NC00338)
fig:2540,OWA,proveedor,proveedor,,D-Limonene (5989-27-5),IFRA_STD_186,0.1722,proveedor,declarado; C-004: PerfumersWorld: certificado de conformidad de «orange flower absolute» (8NC00338)
fig:2540,OWA,proveedor,proveedor,,Linalool (78-70-6),IFRA_STD_187,14.2295,proveedor,declarado; C-004: PerfumersWorld: certificado de conformidad de «orange flower absolute» (8NC00338)
fig:2541,OFBA,proveedor,proveedor,,Benzaldehyde (100-52-7),IFRA_STD_007,0.0061,proveedor,declarado; C-004: PerfumersWorld: certificado de conformidad de «orange flower absolute» (8NC00338)
fig:2541,OFBA,proveedor,proveedor,,Methyl N-Methylanthranilate (85-91-6),IFRA_STD_094,0.0026,proveedor,declarado; C-004: PerfumersWorld: certificado de conformidad de «orange flower absolute» (8NC00338)
fig:2541,OFBA,proveedor,proveedor,,7-Methoxycoumarin (531-59-9),IFRA_STD_158,0.0017,proveedor,declarado; C-004: PerfumersWorld: certificado de conformidad de «orange flower absolute» (8NC00338)
fig:2541,OFBA,proveedor,proveedor,,D-Limonene (5989-27-5),IFRA_STD_186,0.1722,proveedor,declarado; C-004: PerfumersWorld: certificado de conformidad de «orange flower absolute» (8NC00338)
fig:2541,OFBA,proveedor,proveedor,,Linalool (78-70-6),IFRA_STD_187,14.2295,proveedor,declarado; C-004: PerfumersWorld: certificado de conformidad de «orange flower absolute» (8NC00338)
fig:2547,OBO,proveedor,proveedor,,D-Limonene (5989-27-5),IFRA_STD_186,73.8329,proveedor,declarado; C-004: PerfumersWorld: certificado de conformidad de «bitter orange essential oil» (7CA00849)
fig:2547,OBO,proveedor,proveedor,,Linalool (78-70-6),IFRA_STD_187,0.0968,proveedor,declarado; C-004: PerfumersWorld: certificado de conformidad de «bitter orange essential oil» (7CA00849)
fig:2548,ORBO,proveedor,proveedor,,D-Limonene (5989-27-5),IFRA_STD_186,73.8329,proveedor,declarado; C-004: PerfumersWorld: certificado de conformidad de «bitter orange essential oil» (7CA00849)
fig:2548,ORBO,proveedor,proveedor,,Linalool (78-70-6),IFRA_STD_187,0.0968,proveedor,declarado; C-004: PerfumersWorld: certificado de conformidad de «bitter orange essential oil» (7CA00849)
fig:2567,OsA,proveedor,proveedor,,Benzyl Alcohol (100-51-6),IFRA_STD_008,0.038,proveedor,típico; C-003: Perfumiarz: lista de alérgenos H15096_ALG_09-22.pdf
fig:2567,OsA,proveedor,proveedor,,Citronellol (106-22-9),IFRA_STD_022,0.032,proveedor,típico; C-003: Perfumiarz: lista de alérgenos H15096_ALG_09-22.pdf
fig:2567,OsA,proveedor,proveedor,,Farnesol (4602-84-0),IFRA_STD_036,0.006,proveedor,típico; C-003: Perfumiarz: lista de alérgenos H15096_ALG_09-22.pdf
fig:2567,OsA,proveedor,proveedor,,Limonene (5989-27-5),IFRA_STD_186,0.006,proveedor,típico; C-003: Perfumiarz: lista de alérgenos H15096_ALG_09-22.pdf
fig:2567,OsA,proveedor,proveedor,,Linalool (78-70-6),IFRA_STD_187,1.7148,proveedor,declarado; C-004: PerfumersWorld: certificado de conformidad de «osmanthus absolute» (8ND00346)
fig:2584,PaO,proveedor,proveedor,,Linalool (78-70-6),IFRA_STD_187,2.6405,proveedor,declarado; C-004: PerfumersWorld: certificado de conformidad de «palmarosa essential oil» (7RL00353)
fig:259,DOC,proveedor,proveedor,,Geraniol (106-24-1),IFRA_STD_037,0.006,proveedor,máximo; C-003: Perfumiarz: lista de alérgenos V01060_ALG_08-23.pdf
fig:259,DOC,proveedor,proveedor,,Rose Ketones (23726-91-2),IFRA_STD_077,0.0282,proveedor,típico; C-003: Perfumiarz: lista de alérgenos V01060_ALG_08-23.pdf
fig:259,DOC,proveedor,proveedor,,Linalool (78-70-6),IFRA_STD_187,0.005,proveedor,máximo; C-003: Perfumiarz: lista de alérgenos V01060_ALG_08-23.pdf
fig:2622,PBA,proveedor,proveedor,,Benzaldehyde (100-52-7),IFRA_STD_007,0.0001,proveedor,máximo; C-003: Perfumiarz: lista de alérgenos Lista_alergenow_Black_Pepper_Absolute.pdf
fig:2622,PBA,proveedor,proveedor,,Eugenol (97-53-0),IFRA_STD_035,0.0045,proveedor,máximo; C-003: Perfumiarz: lista de alérgenos Lista_alergenow_Black_Pepper_Absolute.pdf
fig:2622,PBA,proveedor,proveedor,,Limonene (138-86-3),IFRA_STD_186,0.3206,proveedor,máximo; C-003: Perfumiarz: lista de alérgenos Lista_alergenow_Black_Pepper_Absolute.pdf
fig:2622,PBA,proveedor,proveedor,,Linalool (78-70-6),IFRA_STD_187,0.0492,proveedor,máximo; C-003: Perfumiarz: lista de alérgenos Lista_alergenow_Black_Pepper_Absolute.pdf
fig:2634,PpO,proveedor,proveedor,,Limonene (5989-27-5),IFRA_STD_186,7.4137,proveedor,declarado; C-004: PerfumersWorld: certificado de conformidad de «peppermint essential oil» (7BB00360)
fig:2634,PpO,proveedor,proveedor,,Linalool (78-70-6),IFRA_STD_187,0.0346,proveedor,declarado; C-004: PerfumersWorld: certificado de conformidad de «peppermint essential oil» (7BB00360)
fig:2649,PPAO,proveedor,proveedor,,Coumarin (91-64-5),IFRA_STD_023,0.0036,proveedor,declarado; C-004: PerfumersWorld: certificado de conformidad de «petitgrain essential oil paraguay» (7CN00364)
fig:2649,PPAO,proveedor,proveedor,,Limonene (5989-27-5),IFRA_STD_186,0.6955,proveedor,declarado; C-004: PerfumersWorld: certificado de conformidad de «petitgrain essential oil paraguay» (7CN00364)
fig:2649,PPAO,proveedor,proveedor,,Linalool (78-70-6),IFRA_STD_187,27.8019,proveedor,declarado; C-004: PerfumersWorld: certificado de conformidad de «petitgrain essential oil paraguay» (7CN00364)
fig:2656,PA4,proveedor,proveedor,,Benzaldehyde (100-52-7),IFRA_STD_007,0.02,proveedor,máximo; C-003: Perfumiarz: lista de alérgenos EU_Fragrance_Allergens_PHENYL_ETHYL_ACETATE.pdf
fig:2679,PDM,proveedor,proveedor,,Citronellol (106-22-9),IFRA_STD_022,0.1,proveedor,típico; C-003: Perfumiarz: lista de alérgenos H16195_ALG_01-23_dd8261e7-7fe8-4635-9a1c-558812500e07.pdf
fig:2679,PDM,proveedor,proveedor,,Geraniol (106-24-1),IFRA_STD_037,0.1,proveedor,típico; C-003: Perfumiarz: lista de alérgenos H16195_ALG_01-23_dd8261e7-7fe8-4635-9a1c-558812500e07.pdf
fig:2679,PDM,proveedor,proveedor,,Limonene (138-86-3),IFRA_STD_186,0.1,proveedor,típico; C-003: Perfumiarz: lista de alérgenos H16195_ALG_01-23_dd8261e7-7fe8-4635-9a1c-558812500e07.pdf
fig:2681,PDI,proveedor,proveedor,,Phenyl Acetaldehyde (122-78-1),IFRA_STD_073,100,proveedor,declarado; C-004: PerfumersWorld: certificado de conformidad de «phenyl acetaldehyde dimethyl acetal (padma)» (4GN00382)
fig:2683,PGA,proveedor,proveedor,,Benzaldehyde (100-52-7),IFRA_STD_007,0.01,proveedor,típico; C-003: Perfumiarz: lista de alérgenos H07120_ALG_08-24.pdf
fig:2683,PGA,proveedor,proveedor,,Benzyl Alcohol (100-51-6),IFRA_STD_008,0.006,proveedor,típico; C-003: Perfumiarz: lista de alérgenos H07120_ALG_08-24.pdf
fig:2688,PIE,proveedor,proveedor,,Benzaldehyde (100-52-7),IFRA_STD_007,0.01,proveedor,típico; C-003: Perfumiarz: lista de alérgenos 5846393_ANTHER_Allergen_Extended_List_Ingredient_20240206.pdf
fig:2721,Pi3,proveedor,proveedor,,Benzyl Alcohol (100-51-6),IFRA_STD_008,1.8012,proveedor,declarado; C-004: PerfumersWorld: certificado de conformidad de «heliotrope base - heliotropin replacement» (6VN21659)
fig:2721,Pi3,proveedor,proveedor,,Benzyl Benzoate (120-51-4),IFRA_STD_009,9.0067,proveedor,declarado; C-004: PerfumersWorld: certificado de conformidad de «heliotrope base - heliotropin replacement» (6VN21659)
fig:2721,Pi3,proveedor,proveedor,,Cinnamic Alcohol (104-54-1),IFRA_STD_017,0.0361,proveedor,declarado; C-004: PerfumersWorld: certificado de conformidad de «heliotrope base - heliotropin replacement» (6VN21659)
fig:2721,Pi3,proveedor,proveedor,,Coumarin (91-64-5),IFRA_STD_023,4.3232,proveedor,declarado; C-004: PerfumersWorld: certificado de conformidad de «heliotrope base - heliotropin replacement» (6VN21659)
fig:2721,Pi3,proveedor,proveedor,,Anis Aldehyde (123-11-5) · P-Methoxybenzaldehyde (123-11-5),IFRA_STD_054,3.6027,proveedor,declarado; C-004: PerfumersWorld: certificado de conformidad de «heliotrope base - heliotropin replacement» (6VN21659)
fig:2721,Pi3,proveedor,proveedor,,Isoeugenyl Acetate (93-29-8),IFRA_STD_255,0.0721,proveedor,declarado; C-004: PerfumersWorld: certificado de conformidad de «heliotrope base - heliotropin replacement» (6VN21659)
fig:273,TM,proveedor,proveedor,,Linalool (78-70-6),IFRA_STD_187,0.044,proveedor,máximo; C-003: Perfumiarz: lista de alérgenos T15900_ALG_02-24.pdf
fig:2739,Me23,proveedor,proveedor,,Anise Alcohol (105-13-5),IFRA_STD_006,0.1,proveedor,típico; C-003: Perfumiarz: lista de alérgenos AA2I_COSM2.pdf
fig:2739,Me23,proveedor,proveedor,,Toluene (108-88-3),IFRA_STD_182,0.01,proveedor,típico; C-003: Perfumiarz: lista de alérgenos AA2I_COSM2.pdf
fig:2777,TP4,proveedor,proveedor,,Toluene (108-88-3),IFRA_STD_182,0.064,proveedor,típico; C-003: Perfumiarz: lista de alérgenos Paracresyl_phenylacetate_-_PPA1G_-_COSM2_-_2020--10.pdf
fig:2799,RsA,proveedor,proveedor,,Linalool (78-70-6),IFRA_STD_187,0.0403,proveedor,declarado; C-004: PerfumersWorld: certificado de conformidad de «rose de mai absolute» (8RM00395)
fig:2817,ReO,proveedor,proveedor,,Carvone (99-49-0),IFRA_STD_016,0.0387,proveedor,declarado; C-004: PerfumersWorld: certificado de conformidad de «rosemary essential oil» (7HB00400)
fig:2817,ReO,proveedor,proveedor,,Limonene (5989-27-5),IFRA_STD_186,0.9959,proveedor,declarado; C-004: PerfumersWorld: certificado de conformidad de «rosemary essential oil» (7HB00400)
fig:2817,ReO,proveedor,proveedor,,Linalool (78-70-6),IFRA_STD_187,1.1018,proveedor,declarado; C-004: PerfumersWorld: certificado de conformidad de «rosemary essential oil» (7HB00400)
fig:2817,ReO,proveedor,proveedor,,"3,7-Dimethyl-3,6-Octadienal (72203-97-5)",IFRA_STD_205,0.1432,proveedor,declarado; C-004: PerfumersWorld: certificado de conformidad de «rosemary essential oil» (7HB00400)
fig:2847,SnO,proveedor,proveedor,,Citronellol (106-22-9),IFRA_STD_022,0.003,proveedor,típico; C-003: Perfumiarz: lista de alérgenos H19078_ALG_04-24.pdf
fig:2847,SnO,proveedor,proveedor,,Eugenol (97-53-0),IFRA_STD_035,0.006,proveedor,típico; C-003: Perfumiarz: lista de alérgenos H19078_ALG_04-24.pdf
fig:2847,SnO,proveedor,proveedor,,Limonene (138-86-3),IFRA_STD_186,0.007,proveedor,típico; C-003: Perfumiarz: lista de alérgenos H19078_ALG_04-24.pdf
fig:2847,SnO,proveedor,proveedor,,Linalool (78-70-6),IFRA_STD_187,0.004,proveedor,típico; C-003: Perfumiarz: lista de alérgenos H19078_ALG_04-24.pdf
fig:2855,SMO,proveedor,proveedor,,D-Limonene (5989-27-5),IFRA_STD_186,8.3302,proveedor,declarado; C-004: PerfumersWorld: certificado de conformidad de «pink pepper essential oil» (7SC00941)
fig:2859,STE,proveedor,proveedor,,Benzaldehyde (100-52-7),IFRA_STD_007,0.0024,proveedor,máximo; C-003: Perfumiarz: lista de alérgenos W16092_ALG_09-23.pdf
fig:2859,STE,proveedor,proveedor,,Carvone (2244-16-8),IFRA_STD_016,0.0084,proveedor,máximo; C-003: Perfumiarz: lista de alérgenos W16092_ALG_09-23.pdf
fig:2859,STE,proveedor,proveedor,,Citronellol (106-22-9),IFRA_STD_022,0.05,proveedor,máximo; C-003: Perfumiarz: lista de alérgenos W16092_ALG_09-23.pdf
fig:2859,STE,proveedor,proveedor,,Eugenol (97-53-0),IFRA_STD_035,0.0048,proveedor,máximo; C-003: Perfumiarz: lista de alérgenos W16092_ALG_09-23.pdf
fig:2859,STE,proveedor,proveedor,,Geraniol (106-24-1),IFRA_STD_037,0.006,proveedor,máximo; C-003: Perfumiarz: lista de alérgenos W16092_ALG_09-23.pdf
fig:2859,STE,proveedor,proveedor,,Isoeugenol (5932-68-3),IFRA_STD_048,0.0096,proveedor,máximo; C-003: Perfumiarz: lista de alérgenos W16092_ALG_09-23.pdf
fig:2859,STE,proveedor,proveedor,,Limonene (138-86-3),IFRA_STD_186,12.5,proveedor,máximo; C-003: Perfumiarz: lista de alérgenos W16092_ALG_09-23.pdf
fig:2859,STE,proveedor,proveedor,,Linalool (78-70-6),IFRA_STD_187,0.02,proveedor,máximo; C-003: Perfumiarz: lista de alérgenos W16092_ALG_09-23.pdf
fig:2867,SSE,proveedor,proveedor,,Benzaldehyde (100-52-7),IFRA_STD_007,0.0108,proveedor,máximo; C-003: Perfumiarz: lista de alérgenos W19050_ALG_09-23.pdf
fig:2867,SSE,proveedor,proveedor,,Eugenol (97-53-0),IFRA_STD_035,0.0036,proveedor,máximo; C-003: Perfumiarz: lista de alérgenos W19050_ALG_09-23.pdf
fig:2867,SSE,proveedor,proveedor,,Isoeugenol (5932-68-3),IFRA_STD_048,0.0012,proveedor,máximo; C-003: Perfumiarz: lista de alérgenos W19050_ALG_09-23.pdf
fig:2867,SSE,proveedor,proveedor,,Limonene (138-86-3),IFRA_STD_186,0.0012,proveedor,máximo; C-003: Perfumiarz: lista de alérgenos W19050_ALG_09-23.pdf
fig:2867,SSE,proveedor,proveedor,,Linalool (78-70-6),IFRA_STD_187,0.0012,proveedor,máximo; C-003: Perfumiarz: lista de alérgenos W19050_ALG_09-23.pdf
fig:2884,SLO,proveedor,proveedor,,Carvone (99-49-0),IFRA_STD_016,0.0527,proveedor,declarado; C-004: PerfumersWorld: certificado de conformidad de «lavender spike essential oil» (7HB00269)
fig:2884,SLO,proveedor,proveedor,,Limonene (5989-27-5),IFRA_STD_186,6.7996,proveedor,declarado; C-004: PerfumersWorld: certificado de conformidad de «lavender spike essential oil» (7HB00269)
fig:2884,SLO,proveedor,proveedor,,Linalool (78-70-6),IFRA_STD_187,13.3117,proveedor,declarado; C-004: PerfumersWorld: certificado de conformidad de «lavender spike essential oil» (7HB00269)
fig:2884,SLO,proveedor,proveedor,,Longifolene (475-20-7),IFRA_STD_199,0.5359,proveedor,declarado; C-004: PerfumersWorld: certificado de conformidad de «lavender spike essential oil» (7HB00269)
fig:2884,SLO,proveedor,proveedor,,"3,7-Dimethyl-3,6-Octadienal (55722-59-3)",IFRA_STD_205,0.0128,proveedor,declarado; C-004: PerfumersWorld: certificado de conformidad de «lavender spike essential oil» (7HB00269)
fig:2914,StR,proveedor,proveedor,,Benzyl Alcohol (100-51-6),IFRA_STD_008,0.22,proveedor,máximo; C-003: Perfumiarz: lista de alérgenos W19840_ALG_09-23.pdf
fig:2914,StR,proveedor,proveedor,,Benzyl Benzoate (120-51-4),IFRA_STD_009,0.052,proveedor,máximo; C-003: Perfumiarz: lista de alérgenos W19840_ALG_09-23.pdf
fig:2914,StR,proveedor,proveedor,,Benzyl Cinnamate (103-41-3),IFRA_STD_010,6,proveedor,máximo; C-003: Perfumiarz: lista de alérgenos W19840_ALG_09-23.pdf
fig:2914,StR,proveedor,proveedor,,Benzyl Salicylate (118-58-1),IFRA_STD_011,0.002,proveedor,máximo; C-003: Perfumiarz: lista de alérgenos W19840_ALG_09-23.pdf
fig:2914,StR,proveedor,proveedor,,Coumarin (91-64-5),IFRA_STD_023,0.004,proveedor,máximo; C-003: Perfumiarz: lista de alérgenos W19840_ALG_09-23.pdf
fig:2914,StR,proveedor,proveedor,,Eugenol (97-53-0),IFRA_STD_035,0.007,proveedor,máximo; C-003: Perfumiarz: lista de alérgenos W19840_ALG_09-23.pdf
fig:2914,StR,proveedor,proveedor,,Isoeugenol (5932-68-3),IFRA_STD_048,0.008,proveedor,máximo; C-003: Perfumiarz: lista de alérgenos W19840_ALG_09-23.pdf
fig:2914,StR,proveedor,proveedor,,Limonene (138-86-3),IFRA_STD_186,0.006,proveedor,máximo; C-003: Perfumiarz: lista de alérgenos W19840_ALG_09-23.pdf
fig:2914,StR,proveedor,proveedor,,Linalool (78-70-6),IFRA_STD_187,0.008,proveedor,máximo; C-003: Perfumiarz: lista de alérgenos W19840_ALG_09-23.pdf
fig:2933,TrO,proveedor,proveedor,,L-Carvone (99-49-0),IFRA_STD_016,0.0405,proveedor,declarado; C-004: PerfumersWorld: certificado de conformidad de «estragon oil» (7PH00170)
fig:2933,TrO,proveedor,proveedor,,Anis Aldehyde (123-11-5),IFRA_STD_054,0.6558,proveedor,declarado; C-004: PerfumersWorld: certificado de conformidad de «estragon oil» (7PH00170)
fig:2933,TrO,proveedor,proveedor,,D-Limonene (5989-27-5),IFRA_STD_186,0.0418,proveedor,declarado; C-004: PerfumersWorld: certificado de conformidad de «estragon oil» (7PH00170)
fig:2933,TrO,proveedor,proveedor,,Linalool (78-70-6),IFRA_STD_187,0.0213,proveedor,declarado; C-004: PerfumersWorld: certificado de conformidad de «estragon oil» (7PH00170)
fig:295,Te,proveedor,proveedor,,Benzyl Alcohol (100-51-6),IFRA_STD_008,0.007,proveedor,típico; C-003: Perfumiarz: lista de alérgenos 0015893_SAFRALEINE_Allergen_Extended_List_Ingredient_20250416.pdf
fig:2950,TAI,proveedor,proveedor,,Limonene (138-86-3),IFRA_STD_186,0.8782,proveedor,máximo; C-003: Perfumiarz: lista de alérgenos T01220_ALG_11-23.pdf
fig:2976,THWO,proveedor,proveedor,,L-Carvone (99-49-0),IFRA_STD_016,0.0116,proveedor,declarado; C-004: PerfumersWorld: certificado de conformidad de «white thyme essential oil» (7PS00441)
fig:2976,THWO,proveedor,proveedor,,D-Limonene (5989-27-5),IFRA_STD_186,2.4653,proveedor,declarado; C-004: PerfumersWorld: certificado de conformidad de «white thyme essential oil» (7PS00441)
fig:2976,THWO,proveedor,proveedor,,Linalool (78-70-6),IFRA_STD_187,5.7073,proveedor,declarado; C-004: PerfumersWorld: certificado de conformidad de «white thyme essential oil» (7PS00441)
fig:2982,TOLA,proveedor,proveedor,,Coumarin (91-64-5),IFRA_STD_023,0.1561,proveedor,declarado; C-004: PerfumersWorld: certificado de conformidad de «tobacco absolute» (8TH08212)
fig:3017,Ah,proveedor,proveedor,,Geraniol (106-24-1),IFRA_STD_037,0.001,proveedor,típico; C-003: Perfumiarz: lista de alérgenos ANETNAT1J_COSM2.pdf
fig:3017,Ah,proveedor,proveedor,,Estragole (140-67-0),IFRA_STD_099,0.19,proveedor,típico; C-003: Perfumiarz: lista de alérgenos ANETNAT1J_COSM2.pdf
fig:3017,Ah,proveedor,proveedor,,Linalool (78-70-6),IFRA_STD_187,0.0012,proveedor,típico; C-003: Perfumiarz: lista de alérgenos ANETNAT1J_COSM2.pdf
fig:3028,TPC,proveedor,proveedor,,Benzaldehyde (100-52-7),IFRA_STD_007,0.005,proveedor,típico; C-003: Perfumiarz: lista de alérgenos ROS1T_COSM2.pdf
fig:3050,TpO,proveedor,proveedor,,L-Carvone (99-49-0),IFRA_STD_016,0.0486,proveedor,declarado; C-004: PerfumersWorld: certificado de conformidad de «turpentine oil» (7KQ00453)
fig:3050,TpO,proveedor,proveedor,,D-Limonene (5989-27-5),IFRA_STD_186,4,proveedor,declarado; C-004: PerfumersWorld: certificado de conformidad de «turpentine oil» (7KQ00453)
fig:3050,TpO,proveedor,proveedor,,Linalool (78-70-6),IFRA_STD_187,0.116,proveedor,declarado; C-004: PerfumersWorld: certificado de conformidad de «turpentine oil» (7KQ00453)
fig:3050,TpO,proveedor,proveedor,,Cuminyl Alcohol (536-60-7),IFRA_STD_194,0.0676,proveedor,declarado; C-004: PerfumersWorld: certificado de conformidad de «turpentine oil» (7KQ00453)
fig:3050,TpO,proveedor,proveedor,,Para-Cresol (106-44-5),IFRA_STD_260,0.0081,proveedor,declarado; C-004: PerfumersWorld: certificado de conformidad de «turpentine oil» (7KQ00453)
fig:3083,VeO,proveedor,proveedor,,Longifolene (475-20-7),IFRA_STD_199,2.4991,proveedor,declarado; C-004: PerfumersWorld: certificado de conformidad de «vetiver essential oil» (7WY00466)
fig:3091,VAC,proveedor,proveedor,,Benzaldehyde (100-52-7),IFRA_STD_007,0.007,proveedor,típico; C-003: Perfumiarz: lista de alérgenos H01203_ALG_09-23.pdf
fig:3091,VAC,proveedor,proveedor,,Isoeugenol (97-54-1),IFRA_STD_048,0.005,proveedor,típico; C-003: Perfumiarz: lista de alérgenos H01203_ALG_09-23.pdf
fig:3091,VAC,proveedor,proveedor,,Isoeugenyl Acetate (93-29-8),IFRA_STD_255,0.093,proveedor,típico; C-003: Perfumiarz: lista de alérgenos H01203_ALG_09-23.pdf
fig:3093,VLA,proveedor,proveedor,,Linalool (78-70-6),IFRA_STD_187,0.35,proveedor,típico; C-003: Perfumiarz: lista de alérgenos F22500_ALG_05-25.pdf
fig:3101,WoO,proveedor,proveedor,,Citral (106-26-3),IFRA_STD_021,0.6,proveedor,típico; C-003: Perfumiarz: lista de alérgenos ABS1R_COSM2.pdf
fig:3101,WoO,proveedor,proveedor,,Citronellol (106-22-9),IFRA_STD_022,0.4,proveedor,típico; C-003: Perfumiarz: lista de alérgenos ABS1R_COSM2.pdf
fig:3101,WoO,proveedor,proveedor,,Eugenol (97-53-0),IFRA_STD_035,0.1,proveedor,típico; C-003: Perfumiarz: lista de alérgenos ABS1R_COSM2.pdf
fig:3101,WoO,proveedor,proveedor,,Estragole (140-67-0),IFRA_STD_099,0.3,proveedor,típico; C-003: Perfumiarz: lista de alérgenos ABS1R_COSM2.pdf
fig:3101,WoO,proveedor,proveedor,,Limonene (5989-27-5),IFRA_STD_186,2,proveedor,típico; C-003: Perfumiarz: lista de alérgenos ABS1R_COSM2.pdf
fig:3101,WoO,proveedor,proveedor,,Linalool (78-70-6),IFRA_STD_187,4,proveedor,típico; C-003: Perfumiarz: lista de alérgenos ABS1R_COSM2.pdf
fig:3107,YlO,proveedor,proveedor,,Linalool (78-70-6),IFRA_STD_187,3.1754,proveedor,declarado; C-004: PerfumersWorld: certificado de conformidad de «ylang ylang essential oil» (7NJ00472)
fig:3109,YnO,proveedor,proveedor,,Benzaldehyde (100-52-7),IFRA_STD_007,0.0199,proveedor,declarado; C-004: PerfumersWorld: certificado de conformidad de «ylang ylang essential oil extra» (7NJ07496)
fig:3109,YnO,proveedor,proveedor,,Linalool (78-70-6),IFRA_STD_187,9.7197,proveedor,declarado; C-004: PerfumersWorld: certificado de conformidad de «ylang ylang essential oil extra» (7NJ07496)
fig:320,DCC,proveedor,proveedor,,Benzaldehyde (100-52-7),IFRA_STD_007,0.002,proveedor,típico; C-003: Perfumiarz: lista de alérgenos H20162_ALG_07-24.pdf
fig:487,MTC,proveedor,proveedor,,Tetramethyl Acetyloctahydronaphthalenes (54464-57-2),IFRA_STD_068,0.018,proveedor,típico; C-003: Perfumiarz: lista de alérgenos H19102_ALG_02-24.pdf
fig:583,MCB,proveedor,proveedor,,Limonene (138-86-3),IFRA_STD_186,0.01,proveedor,máximo; C-003: Perfumiarz: lista de alérgenos W03280_ALG_03-24.pdf
fig:607,DTR,proveedor,proveedor,,Benzaldehyde (100-52-7),IFRA_STD_007,0.005,proveedor,máximo; C-003: Perfumiarz: lista de alérgenos W16070_ALG_09-23_dedaef5f-2556-41d2-9b49-9f30bc068adb.pdf
fig:638,DO4,proveedor,proveedor,,Limonene (138-86-3),IFRA_STD_186,3,proveedor,típico; C-003: Perfumiarz: lista de alérgenos H15025_ALG_04-24.pdf
fig:638,DO4,proveedor,proveedor,,Linalool (78-70-6),IFRA_STD_187,0.022,proveedor,típico; C-003: Perfumiarz: lista de alérgenos H15025_ALG_04-24.pdf
fig:639,DNO,proveedor,proveedor,,Linalool (78-70-6),IFRA_STD_187,0.01,proveedor,máximo; C-003: Perfumiarz: lista de alérgenos 5011728_ETHYL_LINALOOL_Fragrance_Allergen_Statement.pdf
fig:726,MP17,proveedor,proveedor,,Benzaldehyde (100-52-7),IFRA_STD_007,0.005,proveedor,máximo; C-003: Perfumiarz: lista de alérgenos W16070_ALG_09-23.pdf
fig:796,DE8,proveedor,proveedor,,Limonene (138-86-3),IFRA_STD_186,0.003,proveedor,típico; C-003: Perfumiarz: lista de alérgenos 4591003_DIMETHYL_OCTENONE_Allergen_Extended_List_Ingredient_20231019.pdf
fig:84,BY,proveedor,proveedor,,Benzaldehyde (100-52-7),IFRA_STD_007,0.036,proveedor,máximo; C-003: Perfumiarz: lista de alérgenos W16295_ALG_09-23_678c1293-3c90-4735-9bbf-eeca4b943ab0.pdf
fig:84,BY,proveedor,proveedor,,Benzyl Alcohol (100-51-6),IFRA_STD_008,0.544,proveedor,máximo; C-003: Perfumiarz: lista de alérgenos W16295_ALG_09-23_678c1293-3c90-4735-9bbf-eeca4b943ab0.pdf
fig:84,BY,proveedor,proveedor,,Benzyl Benzoate (120-51-4),IFRA_STD_009,34.1637,proveedor,máximo; C-003: Perfumiarz: lista de alérgenos W16295_ALG_09-23_678c1293-3c90-4735-9bbf-eeca4b943ab0.pdf
fig:84,BY,proveedor,proveedor,,Benzyl Cinnamate (103-41-3),IFRA_STD_010,17.028,proveedor,máximo; C-003: Perfumiarz: lista de alérgenos W16295_ALG_09-23_678c1293-3c90-4735-9bbf-eeca4b943ab0.pdf
fig:84,BY,proveedor,proveedor,,Benzyl Salicylate (118-58-1),IFRA_STD_011,0.0132,proveedor,máximo; C-003: Perfumiarz: lista de alérgenos W16295_ALG_09-23_678c1293-3c90-4735-9bbf-eeca4b943ab0.pdf
fig:84,BY,proveedor,proveedor,,Cinnamyl Alcohol (104-54-1),IFRA_STD_017,0.0024,proveedor,máximo; C-003: Perfumiarz: lista de alérgenos W16295_ALG_09-23_678c1293-3c90-4735-9bbf-eeca4b943ab0.pdf
fig:84,BY,proveedor,proveedor,,Cinnamal (104-55-2),IFRA_STD_018,0.0048,proveedor,máximo; C-003: Perfumiarz: lista de alérgenos W16295_ALG_09-23_678c1293-3c90-4735-9bbf-eeca4b943ab0.pdf
fig:84,BY,proveedor,proveedor,,Coumarin (91-64-5),IFRA_STD_023,0.0348,proveedor,máximo; C-003: Perfumiarz: lista de alérgenos W16295_ALG_09-23_678c1293-3c90-4735-9bbf-eeca4b943ab0.pdf
fig:84,BY,proveedor,proveedor,,Eugenol (97-53-0),IFRA_STD_035,0.0372,proveedor,máximo; C-003: Perfumiarz: lista de alérgenos W16295_ALG_09-23_678c1293-3c90-4735-9bbf-eeca4b943ab0.pdf
fig:84,BY,proveedor,proveedor,,Farnesol (4602-84-0),IFRA_STD_036,0.0406,proveedor,máximo; C-003: Perfumiarz: lista de alérgenos W16295_ALG_09-23_678c1293-3c90-4735-9bbf-eeca4b943ab0.pdf
fig:84,BY,proveedor,proveedor,,Isoeugenol (5932-68-3),IFRA_STD_048,0.0995,proveedor,máximo; C-003: Perfumiarz: lista de alérgenos W16295_ALG_09-23_678c1293-3c90-4735-9bbf-eeca4b943ab0.pdf
fig:84,BY,proveedor,proveedor,,Myroxylon Pereirae Oil/Extract (8007-00-9),IFRA_STD_071,100,proveedor,máximo; C-003: Perfumiarz: lista de alérgenos W16295_ALG_09-23_678c1293-3c90-4735-9bbf-eeca4b943ab0.pdf
fig:84,BY,proveedor,proveedor,,Limonene (138-86-3),IFRA_STD_186,0.003,proveedor,máximo; C-003: Perfumiarz: lista de alérgenos W16295_ALG_09-23_678c1293-3c90-4735-9bbf-eeca4b943ab0.pdf
fig:840,αMEM,proveedor,proveedor,,Anise Alcohol (105-13-5),IFRA_STD_006,0.048,proveedor,típico; C-003: Perfumiarz: lista de alérgenos H03039_ALG_01-24.pdf
fig:866,Bu3,proveedor,proveedor,,p-tert-Butylphenol (98-54-4),IFRA_STD_118,0.01,proveedor,típico; C-003: Perfumiarz: lista de alérgenos PATCH1E_-_COSM2_-_2025-08.pdf
fig:935,MH6,proveedor,proveedor,,Limonene (138-86-3),IFRA_STD_186,0.045,proveedor,típico; C-003: Perfumiarz: lista de alérgenos 6937003_METHYL_HEPTENONE_PURE_Allergen_Extended_List_Ingredient_20231019.pdf
fig:936,Me14,proveedor,proveedor,,Benzaldehyde (100-52-7),IFRA_STD_007,0.007,proveedor,típico; C-003: Perfumiarz: lista de alérgenos 7989003_METHYL_QUINOLINE_PARA_Allergen_Extended_List_Ingredient_20231019.pdf
fig:975,AEP,proveedor,proveedor,,Benzaldehyde (100-52-7),IFRA_STD_007,0.002,proveedor,típico; C-003: Perfumiarz: lista de alérgenos H03262_ALG_02-24.pdf
fig:998,AgO,proveedor,proveedor,,Benzaldehyde (100-52-7),IFRA_STD_007,0.0557,proveedor,declarado; C-004: PerfumersWorld: certificado de conformidad de «agarwood oil siam» (7WU09890)
ncs:bay-leaf-west-indian-oil,BaLO,proveedor,proveedor,,Geraniol (106-24-1),IFRA_STD_037,0.0283,proveedor,declarado; C-004: PerfumersWorld: certificado de conformidad de «bay west indies essential oil» (7SP00048)
ncs:bay-leaf-west-indian-oil,BaLO,proveedor,proveedor,,D-Limonene (5989-27-5),IFRA_STD_186,2.1054,proveedor,declarado; C-004: PerfumersWorld: certificado de conformidad de «bay west indies essential oil» (7SP00048)
ncs:bay-leaf-west-indian-oil,BaLO,proveedor,proveedor,,Linalool (78-70-6),IFRA_STD_187,3.4236,proveedor,declarado; C-004: PerfumersWorld: certificado de conformidad de «bay west indies essential oil» (7SP00048)
ncs:lime-oil-distilled,LiO2,proveedor,proveedor,,L-Carvone (99-49-0),IFRA_STD_016,0.0094,proveedor,declarado; C-004: PerfumersWorld: certificado de conformidad de «lime distilled essential oil» (7CK00274)
ncs:lime-oil-distilled,LiO2,proveedor,proveedor,,D-Limonene (5989-27-5),IFRA_STD_186,47.9454,proveedor,declarado; C-004: PerfumersWorld: certificado de conformidad de «lime distilled essential oil» (7CK00274)
ncs:marjoram-oleoresin,MarL,proveedor,proveedor,,"D,L-Carvone (6485-40-1)",IFRA_STD_016,0.4,proveedor,declarado; C-004: PerfumersWorld: certificado de conformidad de «sweet marjoram essential oil» (7HS00288)
ncs:olibanum-sacra-oil,OlSO,proveedor,proveedor,,Benzaldehyde (100-52-7),IFRA_STD_007,0.005,proveedor,máximo; C-003: Perfumiarz: lista de alérgenos W15028_ALG_10-23.pdf
ncs:olibanum-sacra-oil,OlSO,proveedor,proveedor,,Benzyl Alcohol (100-51-6),IFRA_STD_008,0.0045,proveedor,máximo; C-003: Perfumiarz: lista de alérgenos W15028_ALG_10-23.pdf
ncs:olibanum-sacra-oil,OlSO,proveedor,proveedor,,Benzyl Benzoate (120-51-4),IFRA_STD_009,0.06,proveedor,máximo; C-003: Perfumiarz: lista de alérgenos W15028_ALG_10-23.pdf
ncs:olibanum-sacra-oil,OlSO,proveedor,proveedor,,Limonene (138-86-3),IFRA_STD_186,1.516,proveedor,máximo; C-003: Perfumiarz: lista de alérgenos W15028_ALG_10-23.pdf
ncs:olibanum-sacra-oil,OlSO,proveedor,proveedor,,Linalool (78-70-6),IFRA_STD_187,0.0777,proveedor,máximo; C-003: Perfumiarz: lista de alérgenos W15028_ALG_10-23.pdf
ncs:vetiver-oil-all-origins,VeAO,proveedor,proveedor,,Isoeugenol (97-54-1),IFRA_STD_048,0.021,proveedor,típico; C-003: Perfumiarz: lista de alérgenos H22148_ALG_08-23.pdf
tl:50373-36-9,αCM,proveedor,proveedor,,Benzyl Alcohol (100-51-6),IFRA_STD_008,0.008,proveedor,típico; C-003: Perfumiarz: lista de alérgenos 5464203_GERANODYLE_Allergen_Extended_List_Ingredient_20240827.pdf
tl:50373-36-9,αCM,proveedor,proveedor,,Citral (5392-40-5),IFRA_STD_021,0.068,proveedor,típico; C-003: Perfumiarz: lista de alérgenos 5464203_GERANODYLE_Allergen_Extended_List_Ingredient_20240827.pdf
tl:50373-36-9,αCM,proveedor,proveedor,,Citronellol (106-22-9),IFRA_STD_022,9.855,proveedor,típico; C-003: Perfumiarz: lista de alérgenos 5464203_GERANODYLE_Allergen_Extended_List_Ingredient_20240827.pdf
tl:50373-36-9,αCM,proveedor,proveedor,,Eugenol (97-53-0),IFRA_STD_035,0.071,proveedor,típico; C-003: Perfumiarz: lista de alérgenos 5464203_GERANODYLE_Allergen_Extended_List_Ingredient_20240827.pdf
tl:50373-36-9,αCM,proveedor,proveedor,,Geraniol (106-24-1),IFRA_STD_037,0.143,proveedor,típico; C-003: Perfumiarz: lista de alérgenos 5464203_GERANODYLE_Allergen_Extended_List_Ingredient_20240827.pdf
tl:50373-36-9,αCM,proveedor,proveedor,,Limonene (138-86-3),IFRA_STD_186,0.506,proveedor,típico; C-003: Perfumiarz: lista de alérgenos 5464203_GERANODYLE_Allergen_Extended_List_Ingredient_20240827.pdf
tl:50373-36-9,αCM,proveedor,proveedor,,Linalool (78-70-6),IFRA_STD_187,0.37,proveedor,típico; C-003: Perfumiarz: lista de alérgenos 5464203_GERANODYLE_Allergen_Extended_List_Ingredient_20240827.pdf
tl:champaca-leaf-oil-low-methyeugenol,ChLO,proveedor,proveedor,,Benzyl Alcohol (100-51-6),IFRA_STD_008,0.013,proveedor,típico; C-003: Perfumiarz: lista de alérgenos H13007_ALG_05-23.pdf
tl:champaca-leaf-oil-low-methyeugenol,ChLO,proveedor,proveedor,,Benzyl Benzoate (120-51-4),IFRA_STD_009,0.009,proveedor,típico; C-003: Perfumiarz: lista de alérgenos H13007_ALG_05-23.pdf
tl:champaca-leaf-oil-low-methyeugenol,ChLO,proveedor,proveedor,,Benzyl Salicylate (118-58-1),IFRA_STD_011,0.006,proveedor,típico; C-003: Perfumiarz: lista de alérgenos H13007_ALG_05-23.pdf
tl:champaca-leaf-oil-low-methyeugenol,ChLO,proveedor,proveedor,,Citral (5392-40-5),IFRA_STD_021,0.02,proveedor,típico; C-003: Perfumiarz: lista de alérgenos H13007_ALG_05-23.pdf
tl:champaca-leaf-oil-low-methyeugenol,ChLO,proveedor,proveedor,,Citronellol (106-22-9),IFRA_STD_022,0.007,proveedor,típico; C-003: Perfumiarz: lista de alérgenos H13007_ALG_05-23.pdf
tl:champaca-leaf-oil-low-methyeugenol,ChLO,proveedor,proveedor,,Eugenol (97-53-0),IFRA_STD_035,0.008,proveedor,típico; C-003: Perfumiarz: lista de alérgenos H13007_ALG_05-23.pdf
tl:champaca-leaf-oil-low-methyeugenol,ChLO,proveedor,proveedor,,Farnesol (4602-84-0),IFRA_STD_036,0.042,proveedor,típico; C-003: Perfumiarz: lista de alérgenos H13007_ALG_05-23.pdf
tl:champaca-leaf-oil-low-methyeugenol,ChLO,proveedor,proveedor,,Geraniol (106-24-1),IFRA_STD_037,0.502,proveedor,típico; C-003: Perfumiarz: lista de alérgenos H13007_ALG_05-23.pdf
tl:champaca-leaf-oil-low-methyeugenol,ChLO,proveedor,proveedor,,Limonene (138-86-3),IFRA_STD_186,0.045,proveedor,típico; C-003: Perfumiarz: lista de alérgenos H13007_ALG_05-23.pdf
tl:champaca-leaf-oil-low-methyeugenol,ChLO,proveedor,proveedor,,Linalool (78-70-6),IFRA_STD_187,82.883,proveedor,típico; C-003: Perfumiarz: lista de alérgenos H13007_ALG_05-23.pdf
tl:frangipani-absolute,FrA,proveedor,proveedor,,Benzaldehyde (100-52-7),IFRA_STD_007,0.0501,proveedor,declarado; C-004: PerfumersWorld: certificado de conformidad de «frangipani absolute» (8ON00534)
tl:frangipani-absolute,FrA,proveedor,proveedor,,Benzyl Alcohol (100-51-6),IFRA_STD_008,0.2475,proveedor,declarado; C-004: PerfumersWorld: certificado de conformidad de «frangipani absolute» (8ON00534)
tl:frangipani-absolute,FrA,proveedor,proveedor,,Benzyl Benzoate (120-51-4),IFRA_STD_009,1.6552,proveedor,declarado; C-004: PerfumersWorld: certificado de conformidad de «frangipani absolute» (8ON00534)
tl:frangipani-absolute,FrA,proveedor,proveedor,,Benzyl Salicylate (118-58-1),IFRA_STD_011,9.0958,proveedor,declarado; C-004: PerfumersWorld: certificado de conformidad de «frangipani absolute» (8ON00534)
tl:frangipani-absolute,FrA,proveedor,proveedor,,Citral (5392-40-5),IFRA_STD_021,0.0785,proveedor,declarado; C-004: PerfumersWorld: certificado de conformidad de «frangipani absolute» (8ON00534)
tl:frangipani-absolute,FrA,proveedor,proveedor,,Citronellol (106-22-9),IFRA_STD_022,0.3794,proveedor,declarado; C-004: PerfumersWorld: certificado de conformidad de «frangipani absolute» (8ON00534)
tl:frangipani-absolute,FrA,proveedor,proveedor,,Linalool (78-70-6),IFRA_STD_187,0.7789,proveedor,declarado; C-004: PerfumersWorld: certificado de conformidad de «frangipani absolute» (8ON00534)
tl:lavender-oil-lavandula-angustifolia-lavandula-angustifolia-a,LaLO,proveedor,proveedor,,Coumarin (91-64-5),IFRA_STD_023,0.0446,proveedor,declarado; C-004: PerfumersWorld: certificado de conformidad de «lavender essential oil» (7HL00267)
tl:lavender-oil-lavandula-angustifolia-lavandula-angustifolia-a,LaLO,proveedor,proveedor,,Geraniol (106-24-1),IFRA_STD_037,0.0804,proveedor,declarado; C-004: PerfumersWorld: certificado de conformidad de «lavender essential oil» (7HL00267)
tl:lavender-oil-lavandula-angustifolia-lavandula-angustifolia-a,LaLO,proveedor,proveedor,,Limonene (5989-27-5),IFRA_STD_186,0.7341,proveedor,declarado; C-004: PerfumersWorld: certificado de conformidad de «lavender essential oil» (7HL00267)
tl:lavender-oil-lavandula-angustifolia-lavandula-angustifolia-a,LaLO,proveedor,proveedor,,Linalool (78-70-6),IFRA_STD_187,35.8969,proveedor,declarado; C-004: PerfumersWorld: certificado de conformidad de «lavender essential oil» (7HL00267)
tl:lavender-oil-lavandula-angustifolia-lavandula-angustifolia-a,LaLO,proveedor,proveedor,,Alpha-Bisabolol (515-69-5),IFRA_STD_192,0.1111,proveedor,declarado; C-004: PerfumersWorld: certificado de conformidad de «lavender essential oil» (7HL00267)
tl:natural-hickory-smoke-flavor,NaH,proveedor,proveedor,,Benzaldehyde (100-52-7),IFRA_STD_007,0.0014,proveedor,máximo; C-003: Perfumiarz: lista de alérgenos W03267_ALG_01-24.pdf
tl:natural-hickory-smoke-flavor,NaH,proveedor,proveedor,,Benzyl Alcohol (100-51-6),IFRA_STD_008,0.0012,proveedor,máximo; C-003: Perfumiarz: lista de alérgenos W03267_ALG_01-24.pdf
tl:natural-hickory-smoke-flavor,NaH,proveedor,proveedor,,Cinnamal (104-55-2),IFRA_STD_018,0.0179,proveedor,máximo; C-003: Perfumiarz: lista de alérgenos W03267_ALG_01-24.pdf
tl:natural-hickory-smoke-flavor,NaH,proveedor,proveedor,,Coumarin (91-64-5),IFRA_STD_023,0.003,proveedor,máximo; C-003: Perfumiarz: lista de alérgenos W03267_ALG_01-24.pdf
tl:natural-hickory-smoke-flavor,NaH,proveedor,proveedor,,Eugenol (97-53-0),IFRA_STD_035,0.1377,proveedor,máximo; C-003: Perfumiarz: lista de alérgenos W03267_ALG_01-24.pdf
tl:natural-hickory-smoke-flavor,NaH,proveedor,proveedor,,Isoeugenol (5932-68-3),IFRA_STD_048,0.3327,proveedor,máximo; C-003: Perfumiarz: lista de alérgenos W03267_ALG_01-24.pdf
tl:sichuan-pepper-co2-extract-schinifolium,SiPE,proveedor,proveedor,,Benzyl Alcohol (100-51-6),IFRA_STD_008,0.0072,proveedor,máximo; C-003: Perfumiarz: lista de alérgenos W16095_ALG_09-23.pdf
tl:sichuan-pepper-co2-extract-schinifolium,SiPE,proveedor,proveedor,,Carvone (2244-16-8),IFRA_STD_016,0.1164,proveedor,máximo; C-003: Perfumiarz: lista de alérgenos W16095_ALG_09-23.pdf
tl:sichuan-pepper-co2-extract-schinifolium,SiPE,proveedor,proveedor,,Citronellol (106-22-9),IFRA_STD_022,0.0264,proveedor,máximo; C-003: Perfumiarz: lista de alérgenos W16095_ALG_09-23.pdf
tl:sichuan-pepper-co2-extract-schinifolium,SiPE,proveedor,proveedor,,Farnesol (4602-84-0),IFRA_STD_036,0.0168,proveedor,máximo; C-003: Perfumiarz: lista de alérgenos W16095_ALG_09-23.pdf
tl:sichuan-pepper-co2-extract-schinifolium,SiPE,proveedor,proveedor,,Geraniol (106-24-1),IFRA_STD_037,0.0096,proveedor,máximo; C-003: Perfumiarz: lista de alérgenos W16095_ALG_09-23.pdf
tl:sichuan-pepper-co2-extract-schinifolium,SiPE,proveedor,proveedor,,Limonene (138-86-3),IFRA_STD_186,20,proveedor,máximo; C-003: Perfumiarz: lista de alérgenos W16095_ALG_09-23.pdf
tl:sichuan-pepper-co2-extract-schinifolium,SiPE,proveedor,proveedor,,Linalool (78-70-6),IFRA_STD_187,55,proveedor,máximo; C-003: Perfumiarz: lista de alérgenos W16095_ALG_09-23.pdf
cert:firmenich-296985,BlA,certificado,certificado,54464-57-2,Acetyltetramethyloctaline,IFRA_STD_068,9.9000,certificado,"sección 2.2; Firmenich, certificado 22504074, revisado 25-Aug-2023"
cert:firmenich-296985,BlA,certificado,certificado,100-52-7,Benzaldehyde,IFRA_STD_007,0.0002,certificado,"sección 2.2; Firmenich, certificado 22504074, revisado 25-Aug-2023"
cert:firmenich-296985,BlA,certificado,certificado,100-51-6,Benzyl Alcohol,IFRA_STD_008,0.0021,certificado,"sección 2.2; Firmenich, certificado 22504074, revisado 25-Aug-2023"
cert:firmenich-296985,BlA,certificado,certificado,103-41-3,Benzyl Cinnamate,IFRA_STD_010,0.4998,certificado,"sección 2.2; Firmenich, certificado 22504074, revisado 25-Aug-2023"
cert:firmenich-296985,BlA,certificado,certificado,99-49-0,Carvone,IFRA_STD_016,0.0017,certificado,"sección 2.2; Firmenich, certificado 22504074, revisado 25-Aug-2023"
cert:firmenich-296985,BlA,certificado,certificado,106-22-9,Citronellol,IFRA_STD_022,0.0002,certificado,"sección 2.2; Firmenich, certificado 22504074, revisado 25-Aug-2023"
cert:firmenich-296985,BlA,certificado,certificado,93-51-6,Creosol,IFRA_STD_058,0.0200,certificado,"sección 2.2; Firmenich, certificado 22504074, revisado 25-Aug-2023"
cert:firmenich-296985,BlA,certificado,certificado,140-67-0,Estragole,IFRA_STD_099,0.0001,certificado,"sección 2.2; Firmenich, certificado 22504074, revisado 25-Aug-2023"
cert:firmenich-296985,BlA,certificado,certificado,97-53-0,Eugenol,IFRA_STD_035,0.0117,certificado,"sección 2.2; Firmenich, certificado 22504074, revisado 25-Aug-2023"
cert:firmenich-296985,BlA,certificado,certificado,4602-84-0,Farnesol,IFRA_STD_036,0.0025,certificado,"sección 2.2; Firmenich, certificado 22504074, revisado 25-Aug-2023"
cert:firmenich-296985,BlA,certificado,certificado,98-01-1,Furfural,IFRA_STD_098,0.0005,certificado,"sección 2.2; Firmenich, certificado 22504074, revisado 25-Aug-2023"
cert:firmenich-296985,BlA,certificado,certificado,106-24-1,Geraniol,IFRA_STD_037,0.0002,certificado,"sección 2.2; Firmenich, certificado 22504074, revisado 25-Aug-2023"
cert:firmenich-296985,BlA,certificado,certificado,97-54-1,Isoeugenol,IFRA_STD_048,0.0014,certificado,"sección 2.2; Firmenich, certificado 22504074, revisado 25-Aug-2023"
cert:firmenich-296985,BlA,certificado,certificado,93-15-2,Methyleugenol,IFRA_STD_100,0.0134,certificado,"sección 2.2; Firmenich, certificado 22504074, revisado 25-Aug-2023"
cert:firmenich-296985,BlA,certificado,certificado,70788-30-6,Trimethylcyclohexylhexanol,IFRA_STD_221,13.5000,certificado,"sección 2.2; Firmenich, certificado 22504074, revisado 25-Aug-2023"
cert:firmenich-184004,CaS,certificado,certificado,1604-28-0,"6-Methyl-3,5-Heptadienone",IFRA_STD_061,0.0005,certificado,"sección 2.2; Firmenich, certificado 22504185, revisado 25-Aug-2023"
cert:firmenich-184004,CaS,certificado,certificado,105-13-5,Anisyl Alcohol,IFRA_STD_006,0.0013,certificado,"sección 2.2; Firmenich, certificado 22504185, revisado 25-Aug-2023"
cert:firmenich-184004,CaS,certificado,certificado,100-52-7,Benzaldehyde,IFRA_STD_007,0.0003,certificado,"sección 2.2; Firmenich, certificado 22504185, revisado 25-Aug-2023"
cert:firmenich-184004,CaS,certificado,certificado,100-51-6,Benzyl Alcohol,IFRA_STD_008,0.0008,certificado,"sección 2.2; Firmenich, certificado 22504185, revisado 25-Aug-2023"
cert:firmenich-184004,CaS,certificado,certificado,103-41-3,Benzyl Cinnamate,IFRA_STD_010,0.0140,certificado,"sección 2.2; Firmenich, certificado 22504185, revisado 25-Aug-2023"
cert:firmenich-184004,CaS,certificado,certificado,515-69-5,Bisabolol,IFRA_STD_192,0.0036,certificado,"sección 2.2; Firmenich, certificado 22504185, revisado 25-Aug-2023"
cert:firmenich-184004,CaS,certificado,certificado,99-49-0,Carvone,IFRA_STD_016,0.0007,certificado,"sección 2.2; Firmenich, certificado 22504185, revisado 25-Aug-2023"
cert:firmenich-184004,CaS,certificado,certificado,11028-42-5,Cedrene,IFRA_STD_197,0.1635,certificado,"sección 2.2; Firmenich, certificado 22504185, revisado 25-Aug-2023"
cert:firmenich-184004,CaS,certificado,certificado,104-55-2,Cinnamic Aldehyde,IFRA_STD_018,0.0003,certificado,"sección 2.2; Firmenich, certificado 22504185, revisado 25-Aug-2023"
cert:firmenich-184004,CaS,certificado,certificado,104-54-1,Cinnamyl Alcohol,IFRA_STD_017,0.0351,certificado,"sección 2.2; Firmenich, certificado 22504185, revisado 25-Aug-2023"
cert:firmenich-184004,CaS,certificado,certificado,93-51-6,Creosol,IFRA_STD_058,0.0350,certificado,"sección 2.2; Firmenich, certificado 22504185, revisado 25-Aug-2023"
cert:firmenich-184004,CaS,certificado,certificado,97-53-0,Eugenol,IFRA_STD_035,0.0017,certificado,"sección 2.2; Firmenich, certificado 22504185, revisado 25-Aug-2023"
cert:firmenich-184004,CaS,certificado,certificado,98-01-1,Furfural,IFRA_STD_098,0.0004,certificado,"sección 2.2; Firmenich, certificado 22504185, revisado 25-Aug-2023"
cert:firmenich-184004,CaS,certificado,certificado,6259-76-3,Hexyl Salicylate,IFRA_STD_042,0.1000,certificado,"sección 2.2; Firmenich, certificado 22504185, revisado 25-Aug-2023"
cert:firmenich-184004,CaS,certificado,certificado,97-54-1,Isoeugenol,IFRA_STD_048,0.0004,certificado,"sección 2.2; Firmenich, certificado 22504185, revisado 25-Aug-2023"
cert:firmenich-184004,CaS,certificado,certificado,475-20-7,Longifolene,IFRA_STD_199,0.0042,certificado,"sección 2.2; Firmenich, certificado 22504185, revisado 25-Aug-2023"
cert:firmenich-184004,CaS,certificado,certificado,93-15-2,Methyleugenol,IFRA_STD_100,0.0004,certificado,"sección 2.2; Firmenich, certificado 22504185, revisado 25-Aug-2023"
cert:firmenich-184004,CaS,certificado,certificado,106-44-5,P-Cresol,IFRA_STD_260,0.0015,certificado,"sección 2.2; Firmenich, certificado 22504185, revisado 25-Aug-2023"
cert:firmenich-184004,CaS,certificado,certificado,5471-51-2,P-Hydroxy-Benzylacetone,IFRA_STD_217,0.0200,certificado,"sección 2.2; Firmenich, certificado 22504185, revisado 25-Aug-2023"
cert:firmenich-184004,CaS,certificado,certificado,546-80-5,Thuyone,IFRA_STD_102,0.0025,certificado,"sección 2.2; Firmenich, certificado 22504185, revisado 25-Aug-2023"
