id,codigo,codigo_origen,icono,icono_distintivo,icono_tipo,nombre_comercial,sigla_comercial,nombre,cas,otros_cas,otros_nombres_comerciales,casa_comercial,fuente_comercial,confianza_comercial,clase,tipo_natural,isomero,descriptor_1,descriptor_2,descriptor_3,actualizado_fig,fuentes,estandares,nombre_ifra,estado,condiciones,constituyentes,coincidencia_anexo,cat_1,cat_2,cat_3,cat_4,cat_5a,cat_5b,cat_5c,cat_5d,cat_6,cat_7a,cat_7b,cat_8,cat_9,cat_10a,cat_10b,cat_11a,cat_11b,cat_12,limite_nota,sinonimos
fig:1,αPh,usuario,αPh,,,,,(-)-(R)-.alpha.-Phellandrene,4221-98-1,,,,,,molécula,,alpha,Aromatic,Medicinal,Citrus,,fig,,,sin-estandar,,,,,,,,,,,,,,,,,,,,,,,
fig:2,αFe,usuario,αFe,,,,,(-)-.alpha.-Fenchol,512-13-0,,,,,,molécula,,alpha,Earthy,Woody,Camphoraceous,,fig,,,sin-estandar,,,,,,,,,,,,,,,,,,,,,,,
fig:3,αGu,usuario,αGu,,,,,(-)-.alpha.-Gurjunene,489-40-7,,,,,,molécula,,alpha,Woody,Balsamic,Nutty,,fig,,,sin-estandar,,,,,,,,,,,,,,,,,,,,,,,
fig:4,Ge,usuario,Ge,,,,,(-)-Germacrene D,23986-74-5,,,,,,molécula,,,Woody,Spicy,Dry,,fig,,,sin-estandar,,,,,,,,,,,,,,,,,,,,,,,
fig:5,Gu,usuario,Gu,,,,,(-)-Guaiol,489-86-1,,,,,,molécula,,,Woody,Smoky,Rose,,fig,,,sin-estandar,,,,,,,,,,,,,,,,,,,,,,,
fig:6,TT,usuario,TT,,,,,"(.+-.)-Tetrahydro-2,6,6-trimethyl-2-vinyl-2H-pyrane",13837-56-4,,,,,,molécula,,,Citrus,Fresh,Camphoraceous,,fig,,,sin-estandar,,,,,,,,,,,,,,,,,,,,,,,
fig:7,Ci,usuario,Ci,,,,,(+)-(R)-Citronellol,1117-61-9,,,,,,molécula,,,Floral,Rose,Geranium,,fig ifra-estandar,IFRA_STD_022,Citronellol,con-techo,,,,2.2,0.67,13,12,3.2,3.2,3.2,3.2,7.3,25,25,1.3,24,87,87,48,48,sin-restriccion,,"3,7-Dimethyloct-6-en-1-ol | 6-Octen-1-ol, 3,7-dimethyl-, (R)- | (R)-3,7-Dimethyloct-6-en-1-ol | (+)-ß-Citronellol | (+)-(R)-Citronellol"
fig:8,RO,usuario,RO,,,,,(+)-cis-Rose oxide,4610-11-1,,,,,,molécula,,,Green,Floral,Rose,,fig,,,sin-estandar,,,,,,,,,,,,,,,,,,,,,,,
fig:9,EM,usuario,EM,,,,,(+-)-Ethyl 3-mercapto-2-methylbutanoate,888021-82-7,,,,,,molécula,,,Fruity,Food Like,Pungent,,fig,,,sin-estandar,,,,,,,,,,,,,,,,,,,,,,,
fig:10,Me,usuario,Me,,,,,(+)-Menthofuran,17957-94-7,,,,,,molécula,,,Minty,Leafy,Herbal,,fig,,,sin-estandar,,,,,,,,,,,,,,,,,,,,,,,
fig:11,Ne,usuario,Ne,,,,,(+)-Neomenthol,2216-52-6,,,,,,molécula,,,Minty,Fresh,Aromatic,,fig,,,sin-estandar,,,,,,,,,,,,,,,,,,,,,,,
fig:12,γMD,usuario,γMD,,,,,(+/-) 3-Methyl-gamma-decalactone,67663-01-8,,,,,,molécula,,gamma,Fruity,Peach,Milky,,fig,,,sin-estandar,,,,,,,,,,,,,,,,,,,,,,,
fig:13,ETM,usuario,ETM,,,,,(+/-) Ethyl 3-mercaptobutyrate,156472-94-5,,,,,,molécula,,,Sulfurous,Roasted,Sweet,,fig,,,sin-estandar,,,,,,,,,,,,,,,,,,,,,,,
fig:14,MM,usuario,MM,,,,,(+/-)2-Mercapto-2-methylpentan-1-ol,258823-39-1,,,,,,molécula,,,Sulfurous,Garlic,Onion,,fig,,,sin-estandar,,,,,,,,,,,,,,,,,,,,,,,
fig:15,Et,usuario,Et,,,,,(+/-)-4-Ethyloctanal,58475-04-0,,,,,,molécula,,,Floral,Milky,Fruity,,fig,,,sin-estandar,,,,,,,,,,,,,,,,,,,,,,,
fig:16,BO,usuario,BO,,,,,(+/-)-Butan-2-ol,15892-23-6,,,,,,molécula,,,Fruity,Sweet,Fermented,,fig,,,sin-estandar,,,,,,,,,,,,,,,,,,,,,,,
fig:17,Pu,usuario,Pu,,,,,(+/-)-Pulegone,15932-80-6,,,,,,molécula,,,Minty,Spearmint,Sweet,,fig,,,sin-estandar,,,,,,,,,,,,,,,,,,,,,,,
fig:18,BH,usuario,BH,,,,,"(±)-Bicyclo[2.2.1]hept-5-ene-2-carboxylic acid, ethyl ester",10138-32-6,,,,,,molécula,,,Fruity,Tropical-Fruit,Floral,,fig,,,sin-estandar,,,,,,,,,,,,,,,,,,,,,,,
fig:19,TH,usuario,TH,,,,,"(1,7,7-Trimethylbicyclo[2.2.1]hept-2-yl)cyclohexan-1-ol",68877-29-2,,,,,,molécula,,,Woody,Warm,Sandalwood,,fig,,,sin-estandar,,,,,,,,,,,,,,,,,,,,,,,
fig:20,DE,usuario,DE,,,,,"(1a,2a,5a)-2,5-dimethylcyclohex-3-ene-1-carbaldehyde",35145-02-9,,,,,,molécula,,,Green,Grassy,Citrus,,fig ifra-estandar,IFRA_STD_030,Dimethylcyclohex-3-ene-1-carbaldehyde (mixed isomers),con-techo,,,,0.45,0.14,2.7,2.5,0.64,0.64,0.64,0.64,1.5,5.2,5.2,0.27,4.9,18,18,9.8,9.8,sin-restriccion,,
fig:21,αAH,usuario,αAH,,,,,"(1a.alpha.,4.alpha.,7a.alpha.)-1a,3,3,4,6,6-Hexamethyl-1a,2,3,4,5,6,7,7a-",94400-98-3,,,,,,molécula,,alpha,Musk like,Warm,"Floral octahydronapth[3,3-b]oxirene",,fig,,,sin-estandar,,,,,,,,,,,,,,,,,,,,,,,
fig:22,EC,usuario,EC,,,,,(1-Ethoxyethoxy)-cyclododecane,389083-83-4,,,,,,molécula,,,Woody,Amber,Dry,,fig,,,sin-estandar,,,,,,,,,,,,,,,,,,,,,,,
fig:23,No,usuario,No,,,,,(1R)-Nopol,35836-73-8,,,,,,molécula,,,Herbal,Pine,Camphoraceous,,fig,,,sin-estandar,,,,,,,,,,,,,,,,,,,,,,,
fig:24,NA,usuario,NA,,,,,(1R)-Nopyl acetate,35836-72-7,,,,,,molécula,,,Woody,Floral,Fruity,,fig,,,sin-estandar,,,,,,,,,,,,,,,,,,,,,,,
fig:25,MC,usuario,MC,,,,,"(1R,2S,5R)-N-(4-Methoxyphenyl)-5-methyl-2-(1-methylethyl)cyclohexanecarboxamide",68489-09-8,,,,,,molécula,,,Minty,Fresh,Green,,fig,,,sin-estandar,,,,,,,,,,,,,,,,,,,,,,,
fig:26,αAB,usuario,αAB,,,,,"(2.alpha.,4a.alpha.,8.beta.)-Hexahydro-1,1,5,5-tetramethyl-2H-2,4a-",29461-13-0,,,,,,molécula,,alpha,Woody,Patchouli,Earthy methanonaphthalene-8(5H)-one,,fig,,,sin-estandar,,,,,,,,,,,,,,,,,,,,,,,
fig:27,BB,usuario,BB,,,,,(2-Butoxyethyl)benzene,5331-14-6,,,,,,molécula,,,Green,Apple,Herbal,,fig,,,sin-estandar,,,,,,,,,,,,,,,,,,,,,,,
fig:28,TC,usuario,TC,,,,,"(2E)-1-(2,6,6-Trimethyl-1,3-cyclohexadien-1-yl)-2-buten-1-one",23726-93-4,,,,,,molécula,,,Floral,Rose,Plum,,fig ifra-estandar,IFRA_STD_077,Rose ketones,con-techo,,,,0.0077,0.0023,0.046,0.043,0.011,0.011,0.011,0.011,0.025,0.088,0.088,0.0045,0.084,0.3,0.3,0.17,0.17,sin-restriccion,,
fig:29,TY,usuario,TY,,,,,"(2E)-1-(2,6,6-Trimethyl-1-cyclohexen-1-yl)-2-buten-1-one",23726-91-2,,,,,,molécula,,,Floral,Rose,Plum,,fig ifra-estandar,IFRA_STD_077,Rose ketones,con-techo,,,,0.0077,0.0023,0.046,0.043,0.011,0.011,0.011,0.011,0.025,0.088,0.088,0.0045,0.084,0.3,0.3,0.17,0.17,sin-restriccion,,
fig:30,ND,usuario,ND,,,,,"(2E,6E)-Nona-2,6-dienyl acetate",67674-47-9,,,,,,molécula,,,Green,Floral,Violet,,fig,,,sin-estandar,,,,,,,,,,,,,,,,,,,,,,,
fig:31,NO,usuario,NO,,,,,"(2E,6Z)-Nona-2,6-dien-1-ol",28069-72-9,,,,,,molécula,,,Green,Cucumber,Oily,,fig,,,sin-estandar,,,,,,,,,,,,,,,,,,,,,,,
fig:32,EB,usuario,EB,,,,,"(2-endo,3-exo)-Ethyl 3-(1-methylethyl)bicyclo[2.2.1]hept-5-ene-2-carboxylate",116044-44-1,,,,,,molécula,,,Herbal,Fruity,Green,,fig ifra-estandar,IFRA_STD_219,Ethyl isopropyl bicycloheptene-2-carboxylate,con-techo,,,,0.15,0.05,0.45,0.94,0.24,0.24,0.24,0.08,0.15,0.61,0.61,0.08,1.8,3,0.15,0.08,0.08,sin-restriccion,,
fig:33,TB,usuario,TB,,,,,"(2Z)-1-(2,6,6-trimethyl-1,3-cyclohexadien-1-yl)-2-Buten-1-one,",59739-63-8,,,,,,molécula,,,Floral,Rose,Plum,,fig ifra-estandar,IFRA_STD_077,Rose ketones,con-techo,,,,0.0077,0.0023,0.046,0.043,0.011,0.011,0.011,0.011,0.025,0.088,0.088,0.0045,0.084,0.3,0.3,0.17,0.17,sin-restriccion,,
fig:34,αAA,usuario,αAA,,,,,"(3a.alpha.,4.alpha.,6.alpha.,7.alpha.,7a.alpha.)-3a,4,5,6,7,7a-Hexahydro-3-methyl-5-",81836-13-7,,,,,,molécula,,alpha,Green,Fresh,"Floral methylene-4,7-methano-1H-inden-6-yl acetate",,fig,,,sin-estandar,,,,,,,,,,,,,,,,,,,,,,,
fig:35,MB,usuario,MB,,,,,(3-Methoxy-2-methylpropyl)benzene,120811-92-9,,,,,,molécula,,,Floral,Green,Rose,,fig,,,sin-estandar,,,,,,,,,,,,,,,,,,,,,,,
fig:36,Tr,usuario,Tr,,,,,"(3-Z)-3,12-Tridecadienenitrile",124071-43-8,,,,,,molécula,,,Citrus,Sweet,Tangerine,,fig,,,sin-estandar,,,,,,,,,,,,,,,,,,,,,,,
fig:37,EH,usuario,EH,,,,,(4-Ethylbicyclo[2.2.1]hept-2-yl)-cyclohexanol,92046-48-5,,,,,,molécula,,,Floral,Magnolia,Muguet,,fig,,,sin-estandar,,,,,,,,,,,,,,,,,,,,,,,
fig:38,MI,usuario,MI,,,,,(4-Methoxyphenyl)methyl isobutyrate,71172-26-4,,,,,,molécula,,,Fruity,Berry,Honey,,fig,,,sin-estandar,,,,,,,,,,,,,,,,,,,,,,,
fig:39,MA,usuario,MA,,,,,(4-Methylphenoxy)acetaldehyde,67845-46-9,,,,,,molécula,,,Marine,Aldehydic,Seaweed,,fig,,,sin-estandar,,,,,,,,,,,,,,,,,,,,,,,
fig:40,BA,usuario,BA,,,,,(4-tert-Butylphenyl)acetonitrile,3288-99-1,,,,,,molécula,,,Marine,Floral,Ozonic,,fig,,,sin-estandar,,,,,,,,,,,,,,,,,,,,,,,
fig:41,MH,usuario,MH,,,,,(E)-1-(1-Methoxypropoxy)hex-3-ene,97358-54-8,,,,,,molécula,,,Green,Fresh,Fruity,,fig,,,sin-estandar,,,,,,,,,,,,,,,,,,,,,,,
fig:42,TO,usuario,TO,,,,,"(E)-1-(2,4,4-Trimethyl-2-cyclohexen-1-yl)-2-buten-1-one",39872-57-6,,,,,,molécula,,,Floral,Plum,Rose,,fig ifra-estandar,IFRA_STD_077,Rose ketones,con-techo,,,,0.0077,0.0023,0.046,0.043,0.011,0.011,0.011,0.011,0.025,0.088,0.088,0.0045,0.084,0.3,0.3,0.17,0.17,sin-restriccion,,
fig:43,TCY,usuario,TCY,,,,,"(E)-1-(2,6,6-Trimethyl-2-cyclohexen-1-yl)-2-buten-1-one",24720-09-0,,,,,,molécula,,,Floral,Rose,Apple,,fig ifra-estandar,IFRA_STD_077,Rose ketones,con-techo,,,,0.0077,0.0023,0.046,0.043,0.011,0.011,0.011,0.011,0.025,0.088,0.088,0.0045,0.084,0.3,0.3,0.17,0.17,sin-restriccion,,
fig:44,ED,usuario,ED,,,,,"(E)-1-Ethoxy-3,7-dimethylocta-2,6-diene",22882-91-3,,,,,,molécula,,,Fruity,Green,Fresh,,fig,,,sin-estandar,,,,,,,,,,,,,,,,,,,,,,,
fig:45,OC,usuario,OC,,,,,(E)-2-(2-Octenyl)cyclopentanone,65737-52-2,,,,,,molécula,,,Fruity,Peach,Jasmin,,fig,,,sin-estandar,,,,,,,,,,,,,,,,,,,,,,,
fig:46,TD,usuario,TD,,,,,"(E)-2,6,10-Trimethylundeca-5,9-dienol",58001-88-0,,,,,,molécula,,,Aldehydic,Waxy,Floral,,fig ifra-estandar,IFRA_STD_195,"2,6,10-Trimethylundeca-5,9-dien-1-ol",con-techo,,,,0.21,0.062,1.2,1.2,0.29,0.29,0.29,0.29,0.68,2.4,2.4,0.12,2.3,8.1,8.1,4.5,4.5,sin-restriccion,,
fig:47,OO,usuario,OO,,,,,(E)-2-Octen-1-ol,18409-17-1,,,,,,molécula,,,Green,Vegetable,Food like,,fig,,,sin-estandar,,,,,,,,,,,,,,,,,,,,,,,
fig:48,PA,usuario,PA,,,,,(E)-2-Phenylpropenyl acetate,37973-51-6,,,,,,molécula,,,Fruity,Green,Rhubarb,,fig,,,sin-estandar,,,,,,,,,,,,,,,,,,,,,,,
fig:49,PE,usuario,PE,,,,,"(E)-3,4,5,6,6-Pentamethylhept-3-en-2-one",81786-74-5,,,,,,molécula,,,Woody,Violet,Cedarwood,,fig ifra-estandar,IFRA_STD_232,"3,4,5,6,6-Pentamethylhept-3-en-2-one",con-techo,,,,0.0095,0.1,0.019,1.9,0.26,0.029,0.0095,0.0032,0.0095,0.086,0.086,0.0032,0.39,0.39,2.6,0.0032,0.0032,sin-restriccion,,
fig:50,BD,usuario,BD,,,,,"(E)-3-Benzo[1,3]dioxol-5-yl-N,N-diphenyl-2-propenamide",1309389-73-8,,,,,,molécula,,,Food Like,Savoury,Roasted,,fig,,,sin-estandar,,,,,,,,,,,,,,,,,,,,,,,
fig:51,MP,usuario,MP,,,,,(E)-3-Methyl-5-phenylpent-2-enenitrile,53243-60-0,,,,,,molécula,,,Citrus,Lemon,Fresh,,fig ifra-estandar,IFRA_STD_233,3-Methyl-5-phenylpent-2-enenitrile,con-techo,,,,0.021,0.0062,0.12,0.12,0.029,0.029,0.029,0.0097,0.065,0.24,0.24,0.0097,0.23,0.81,0.81,0.0097,0.0097,65,,
fig:52,DD,usuario,DD,,,,,"(E)-6,10-Dimethylundeca-5,9-dien-2-yl acetate",3239-35-8,,,,,,molécula,,,Citrus,Tangerine,Fresh,,fig,,,sin-estandar,,,,,,,,,,,,,,,,,,,,,,,
fig:53,MO,usuario,MO,,,,,(E)-7-Methyl-3-octen-2-one,33046-81-0,,,,,,molécula,,,Fruity,Floral,Sweet,,fig,,,sin-estandar,,,,,,,,,,,,,,,,,,,,,,,
fig:54,βIo,usuario,βIo,,,,,(E)-beta-Ionone,79-77-6,,,,,,molécula,,beta,Floral,Violet,Woody,,fig,,,sin-estandar,,,,,,,,,,,,,,,,,,,,,,,
fig:55,NOA,usuario,NOA,,,,,"(E,Z)-2,6-Nonadien-1-ol acetate",68555-65-7,,,,,,molécula,,,Green,Floral,Violet,,fig,,,sin-estandar,,,,,,,,,,,,,,,,,,,,,,,
fig:56,BUO,usuario,BUO,,,,,(R)-Butan-2-ol,14898-79-4,,,,,,molécula,,,Fruity,Sweet,Fermented,,fig,,,sin-estandar,,,,,,,,,,,,,,,,,,,,,,,
fig:57,BOL,usuario,BOL,,,,,(S)-Butan-2-ol,4221-99-2,,,,,,molécula,,,Fruity,Sweet,Fermented,,fig,,,sin-estandar,,,,,,,,,,,,,,,,,,,,,,,
fig:58,MEH,usuario,MEH,,,,,(S1)-Methoxy-3-heptanethiol,400052-49-5,,,,,,molécula,,,Fruity,Blackcurrant,Floral,,fig,,,sin-estandar,,,,,,,,,,,,,,,,,,,,,,,
fig:59,ME,usuario,ME,,,,,(Z)-1-(1-Methoxypropoxy)hex-3-ene,97358-55-9,,,,,,molécula,,,Green,Fresh,Fruity,,fig,,,sin-estandar,,,,,,,,,,,,,,,,,,,,,,,
fig:60,EDD,usuario,EDD,,,,,"(Z)1-Ethoxy-3,7-dimethylocta-2,6-diene",22882-89-9,,,,,,molécula,,,Floral,Fruity,Green,,fig,,,sin-estandar,,,,,,,,,,,,,,,,,,,,,,,
fig:61,PO,usuario,PO,,,,,(Z)-2-Penten-1-ol,1576-95-0,,,,,,molécula,,,Fruity,Cherry,Fresh,,fig,,,sin-estandar,,,,,,,,,,,,,,,,,,,,,,,
fig:62,PHA,usuario,PHA,,,,,(Z)-2-Phenylpropenyl acetate,37973-52-7,,,,,,molécula,,,Green,Fruity,Rhubarb,,fig,,,sin-estandar,,,,,,,,,,,,,,,,,,,,,,,
fig:63,PEO,usuario,PEO,,,,,"(Z)-3,4,5,6,6-Pentamethylhept-3-en-2-one",81786-73-4,,,,,,molécula,,,Woody,Violet,Cedarwood,,fig ifra-estandar,IFRA_STD_232,"3,4,5,6,6-Pentamethylhept-3-en-2-one",con-techo,,,,0.0095,0.1,0.019,1.9,0.26,0.029,0.0095,0.0032,0.0095,0.086,0.086,0.0032,0.39,0.39,2.6,0.0032,0.0032,sin-restriccion,,
fig:64,HA,usuario,HA,,,,,(Z)-3-Hexenyl angelate,84060-80-0,,,,,,molécula,,,Green,Floral,Herbal,,fig,,,sin-estandar,,,,,,,,,,,,,,,,,,,,,,,
fig:65,MPE,usuario,MPE,,,,,(Z)-3-Methyl-5-phenylpent-2-enenitrile,53243-59-7,,,,,,molécula,,,Citrus,Spicy,Floral,,fig ifra-estandar,IFRA_STD_233,3-Methyl-5-phenylpent-2-enenitrile,con-techo,,,,0.021,0.0062,0.12,0.12,0.029,0.029,0.029,0.0097,0.065,0.24,0.24,0.0097,0.23,0.81,0.81,0.0097,0.0097,65,,
fig:66,Do,usuario,Do,,,,,(Z)-4-Dodecenal,21944-98-9,,,,,,molécula,,,Citrus,Aldehydic,Clean,,fig,,,sin-estandar,,,,,,,,,,,,,,,,,,,,,,,
fig:67,HO,usuario,HO,,,,,(Z)-4-Hepten-1-ol,6191-71-5,,,,,,molécula,,,Green,Grassy,Strawberry,,fig,,,sin-estandar,,,,,,,,,,,,,,,,,,,,,,,
fig:68,HD,usuario,HD,,,,,(Z)-5-(3-Hexenyl)dihydrofuran-2(3H)-one,63095-33-0,,,,,,molécula,,,Fruity,Coconut,Buttery,,fig,,,sin-estandar,,,,,,,,,,,,,,,,,,,,,,,
fig:69,DY,usuario,DY,,,,,"(Z)-6,10-Dimethylundeca-5,9-dien-2-yl acetate",3239-37-0,,,,,,molécula,,,Citrus,Tangerine,Fresh,,fig,,,sin-estandar,,,,,,,,,,,,,,,,,,,,,,,
fig:70,βTC,usuario,βTC,,,,,"(Z)-beta-1-(2,6,6-Trimethyl-1-cyclohexen-1-yl)-2-buten-1-one",23726-92-3,,,,,,molécula,,beta,Fruity,Floral,Blackcurrant,,fig ifra-estandar,IFRA_STD_077,Rose ketones,con-techo,,,,0.0077,0.0023,0.046,0.043,0.011,0.011,0.011,0.011,0.025,0.088,0.088,0.0045,0.084,0.3,0.3,0.17,0.17,sin-restriccion,,
fig:71,HE,usuario,HE,,,,,(Z)-Hex-3-enyl 2-methylbutyrate,53398-85-9,,,,,,molécula,,,Green,Fruity,Apple,,fig,,,sin-estandar,,,,,,,,,,,,,,,,,,,,,,,
fig:72,NE,usuario,NE,,,,,(Z)-Non-6-enyl acetate,76238-22-7,,,,,,molécula,,,Fruity,Melon,Honeydew,,fig,,,sin-estandar,,,,,,,,,,,,,,,,,,,,,,,
fig:73,EO,usuario,EO,,,,,"(Z,Z)-1,1'-[Ethylidenebis(oxy)]di(hex-3-ene)",63449-64-9,,,,,,molécula,,,Green,Leafy,Herbal,,fig,,,sin-estandar,,,,,,,,,,,,,,,,,,,,,,,
fig:74,αAT,usuario,αAT,,,,,".alpha.,.alpha.,4-Trimethylphenethyl alcohol",20834-59-7,,,,,,molécula,,alpha,Floral,Green,Muguet,,fig,,,sin-estandar,,,,,,,,,,,,,,,,,,,,,,,
fig:75,αAE,usuario,αAE,,,,,".alpha.,.alpha.,6,6-Tetramethylbicyclo[3.1.1]hept-2-ene-2-propionaldehyde",33885-52-8,,,,,,molécula,,alpha,Herbal,Pine,Ozonic,,fig ifra-estandar,IFRA_STD_220,Tetramethyl bicyclo-2-heptene-2-propionaldehyde,con-techo,,,,0.0014,0.11,0.0014,1.3,0.019,0.0014,0.0014,0.00046,0.0014,0.0041,0.0041,0.00046,0.087,0.0096,0.13,0.00046,0.00046,25,,"Tetramethyl bicyclo-2-heptene-2-propionaldehyde | .alpha.,.alpha.,6,6-Tetramethyl-2-norpinene-2-propionaldehyde | .alpha.,.alpha.,6,6-Tetramethylbicyclo[3.1.1]hept-2-ene-2-propionaldehyde | .α.,.α.,6,6-Tetramethyl-2-norpinene-2-propionaldehyde | .α.,.α.,6,6-Tetramethylbicyclo[3.1.1]hept-2-ene-2-propionaldehyde | 3-(6,6-Dimethylbicyclo[3.1.1]hept-2-en-2-yl)-2,2-dimethylpropanal | Bicyclo[3.1.1]hept-2-ene-2-propanal, .alpha.,.alpha.,6,6-tetramethyl- | Bicyclo[3.1.1]hept-2-ene-2-propanal, .α.,.α.,6,6-tetramethyl- | PIBA  (commercial name) | Pinyl iso butyraldehyde  (commercial name)"
fig:76,αTH,usuario,αTH,,,,,".alpha.,3,3-Trimethylbicyclo[2.2.1]heptane-2-methanol",66062-78-0,,,,,,molécula,,alpha,Woody,Patchouli,Vetiver,,fig,,,sin-estandar,,,,,,,,,,,,,,,,,,,,,,,
fig:77,αBi,usuario,αBi,,,,,.alpha.-Bisabolol,515-69-5,,,,,,molécula,,alpha,Floral,Woody,Balsamic,,fig ifra-estandar,IFRA_STD_192,alpha-Bisabolol,con-techo,,,,0.42,0.13,2.5,2.4,0.6,0.6,0.6,0.2,1.4,3,3,0.2,4.6,4.6,17,0.2,0.2,sin-restriccion,,
fig:78,αMM,usuario,αMM,,,,,.alpha.-Methyl-4-(1-methylethyl)-cyclohexanemethanol,63767-86-2,,,,,,molécula,,alpha,Floral,Muguet,Rose,,fig,,,sin-estandar,,,,,,,,,,,,,,,,,,,,,,,
fig:79,αMA,usuario,αMA,,,,,.alpha.-Methylcyclohexylmethyl acetate,13487-27-9,,,,,,molécula,,alpha,Fruity,Sweet,Pear,,fig,,,sin-estandar,,,,,,,,,,,,,,,,,,,,,,,
fig:80,βBT,usuario,βBT,,,,,".beta.,.beta.,3-Trimethyl benzenepropanol",103694-68-4,,,,,,molécula,,beta,Floral,Fresh,Ozonic,,fig ifra-estandar,IFRA_STD_032,"2,2-Dimethyl-3-(3-tolyl)propan-1-ol",con-techo,especificación (STD 032),,,0.034,0.2,0.025,1.7,0.43,0.061,0.039,0.013,0.0025,0.052,0.052,0.013,0.14,0.14,0.3,0.013,0.013,8.6,,"Benzenepropanol,.ß.,. ß.,3-trimethyl | 2,2-Dimethyl-3-(3-methylphenyl)propanol | Benzene propanol | Majantol (commercial name) | Linlan alcohol (commercial name) | Muguetol B (commercial name)"
fig:81,βDE,usuario,βDE,,,,,".beta.,4-Dimethylcyclohex-3-ene-1-propan-1-al",6784-13-0,,,,,,molécula,,beta,Citrus,Fresh,Lemon,,fig,,,sin-estandar,,,,,,,,,,,,,,,,,,,,,,,
fig:82,βCA,usuario,βCA,,,,,.beta.-Caryophyllene alcohol,472-97-9,,,,,,molécula,,beta,Woody,Spicy,Earthy,,fig,,,sin-estandar,,,,,,,,,,,,,,,,,,,,,,,
fig:83,ηIY,usuario,ηIY,,,,,".Eta.-1H-Indol-1-yl-.alpha.,.alpha.,.epsilon.-trimethyl-1H-indole-1-heptanol",67801-36-9,,,,,,molécula,,eta,Animal like,Jasmin,Floral,,fig,,,sin-estandar,,,,,,,,,,,,,,,,,,,,,,,
fig:84,BY,usuario,BY,,,,,"[1,1'-Bicyclopentyl]-2-yl 2-butenoate",68039-73-6,,,,,,molécula,,,Fruity,Plum,Peach,,fig,,,sin-estandar,,,,,,,,,,,,,,,,,,,,,,,
fig:85,αBT,usuario,αBT,,,,,"[1.alpha.(E),2.beta.]-1-(2,6,6-Trimethyl-3-cyclohexen-1-yl)-2-buten-1-one",71048-82-3,,,,,,molécula,,alpha,Floral,Rose,Apple,,fig ifra-estandar,IFRA_STD_077,Rose ketones,con-techo,,,,0.0077,0.0023,0.046,0.043,0.011,0.011,0.011,0.011,0.025,0.088,0.088,0.0045,0.084,0.3,0.3,0.17,0.17,sin-restriccion,,
fig:86,CE,usuario,CE,,,,,[2-(Cyclohexyloxy)ethyl]benzene,80858-47-5,,,,,,molécula,,,Floral,Green,Hyacinth,,fig,,,sin-estandar,,,,,,,,,,,,,,,,,,,,,,,
fig:87,MEB,usuario,MEB,,,,,"[2,2-Bis(3-methylbutoxy)ethyl]benzene",68555-28-2,,,,,,molécula,,,Floral,Herbal,Green,,fig,,,sin-estandar,,,,,,,,,,,,,,,,,,,,,,,
fig:88,DO,usuario,DO,,,,,"[2,2-Bis[(3,7-dimethyl-2,6-octadienyl)oxy]ethyl]benzene",67634-02-0,,,,,,molécula,,,Floral,Rose,Green,,fig,,,sin-estandar,,,,,,,,,,,,,,,,,,,,,,,
fig:89,DB,usuario,DB,,,,,"[2,2-Bis[(3,7-dimethyloct-6-enyl)oxy]ethyl]benzene",67634-04-2,,,,,,molécula,,,Floral,Rose,Balsamic,,fig,,,sin-estandar,,,,,,,,,,,,,,,,,,,,,,,
fig:90,IB,usuario,IB,,,,,[2-Isopropoxyethyl]benzene,68039-47-4,,,,,,molécula,,,Green,Floral,Hyacinth,,fig,,,sin-estandar,,,,,,,,,,,,,,,,,,,,,,,
fig:91,NM,usuario,NM,,,,,"1-​Nonen-​3-​ol, 8-​methoxy-​4,​8-​dimethyl-",1958027-44-5,,,,,,molécula,,,Woody,Floral,Sandalwood,,fig,,,sin-estandar,,,,,,,,,,,,,,,,,,,,,,,
fig:92,OT,usuario,OT,,,,,"1-(1,2,3,4,5,6,7,8-Octahydro-2,3,8,8-tetramethyl-2-naphthalenyl)ethanone",54464-57-2,,,,,,molécula,,,Woody,Floral,Amber,,fig ifra-estandar,IFRA_STD_068,"1-(1,2,3,4,5,6,7,8 Octahydro-2,3,8,8-tetramethyl-2-naphthalenyl) ethanone (OTNE)",con-techo,,,,0.41,1.1,0.41,20,5.1,0.56,0.76,0.19,0.0093,0.67,0.67,0.19,2.4,2.4,6.6,0.19,0.19,sin-restriccion,,"1-(1,2,3,4,5,6,7,8-Octahydro-2,3,8,8-tetramethyl-2-naphthalenyl)ethanone | 1',2',3',4',5',6',7',8'-Octahydro-2',3',8',8'-tetramethyl-2'-acetonaphthone | 1-(1,2,3,4,5,6,7,8-octahydro-2,3,8,8-tetramethyl-2-naphthyl)ethan-1-one | 1-(2,3,8,8-tetramethyl-1,2,3,4,5,6,7,8-octahydronaphthalen-2-yl)ethanone | 2-acetoxy-2,3,8,8-tetramethyloctahydronaphthalene | 7-Acetyl-1,2,3,4,5,6,7,8-octahydro-1,1,6,7-tetramethylnaphthalene | Ethanone, 1-(1,2,3,4,5,6,7,8-octahydro-2,3,8,8-tetramethyl-2-naphthalenyl)- | Naphthalene, 1,2,3,4,5,6,7,8-octahydro-2,3,8,8-tetramethyl-2-aceto | Ambergris Ketone (commercial name) | Amberonne (commercial name) | Ambralux (commercial name) | Boisvelone (commercial name) | Iso Ambois Super (commercial name) | Iso-E Super (commercial name) | Iso Gamma Super (commercial name) | Isocyclemone E (commercial name) | Orbitone (commercial name) | Orbitone T (commercial name)"
fig:93,ON,usuario,ON,,,,,"1-(1,2,3,4,6,7,8,8a-Octahydro-2,3,8,8-tetramethyl-2-naphthyl)ethan-1-one",68155-67-9,,,,,,molécula,,,Woody,Floral,Amber,,fig ifra-estandar,IFRA_STD_068,"1-(1,2,3,4,5,6,7,8 Octahydro-2,3,8,8-tetramethyl-2-naphthalenyl) ethanone (OTNE)",con-techo,,,,0.41,1.1,0.41,20,5.1,0.56,0.76,0.19,0.0093,0.67,0.67,0.19,2.4,2.4,6.6,0.19,0.19,sin-restriccion,,"1-(1,2,3,4,6,7,8,8a-Octahydro-2,3,8,8-tetramethyl-2-naphthyl)ethan-1-one | 1-(2,3,8,8-Tetramethyl-1,2,3,4,6,7,8,8a-octahydronaphthalen-2-yl)ethanone | Ethanone, 1-(1,2,3,4,6,7,8,8a-octahydro-2,3,8,8-tetramethyl-2-naphthalenyl)- | Decalene, 2-Aceto-2,3,8,8-Tetramethyl(1,2,3,4,6,7,8,8A-Octahydro)-"
fig:94,OE,usuario,OE,,,,,"1-(1,2,3,5,6,7,8,8a-Octahydro-2,3,8,8-tetramethyl-2-naphthyl)ethan-1-one",68155-66-8,,,,,,molécula,,,Woody,Floral,Amber,,fig ifra-estandar,IFRA_STD_068,"1-(1,2,3,4,5,6,7,8 Octahydro-2,3,8,8-tetramethyl-2-naphthalenyl) ethanone (OTNE)",con-techo,,,,0.41,1.1,0.41,20,5.1,0.56,0.76,0.19,0.0093,0.67,0.67,0.19,2.4,2.4,6.6,0.19,0.19,sin-restriccion,,"1-(1,2,3,5,6,7,8,8a-Octahydro-2,3,8,8-tetramethyl-2-naphthyl)ethan-1-one | 1-(2,3,8,8-Tetramethyl-1,2,3,5,6,7,8,8a-octahydronaphthalen-2-yl)ethanone | Ethanone, 1-(1,2,3,5,6,7,8,8a-octahydro-2,3,8,8-tetramethyl-2-naphthalenyl)- | Decalene, 2-Aceto-2,3,8,8-Tetramethyl(1,2,3,5,6,7,8,8A-Octahydro)-"
fig:95,NAE,usuario,NAE,,,,,1-(1-Naphthyl)ethanone,941-98-0,,,,,,molécula,,,Floral,Neroli,Sweet,,fig,,,sin-estandar,,,,,,,,,,,,,,,,,,,,,,,
fig:96,TRH,usuario,TRH,,,,,"1-(2,2,6-Trimethylcyclohexyl)-3-hexanol",70788-30-6,,,,,,molécula,,,Woody,Amber,Dry,,fig ifra-estandar,IFRA_STD_221,"1-(2,2,6-Trimethylcyclohexyl)-3-hexanol",con-techo,,,,0.17,0.071,0.51,1.3,0.34,0.34,0.34,0.11,0.17,0.51,0.51,0.11,2.6,0.68,4.7,0.11,0.11,sin-restriccion,,"1-(2,2,6-Trimethylcyclohexyl)-3-hexanol | 1-(Trimethylcyclohexyl)-hexanol | 2,2,6-Trimethyl-alpha-propylcyclohexanepropanol | 2,2,6-Trimethyl-α-propylcyclohexanepropanol | Cyclohexanepropanol, 2,2,6-trimethyl-.alpha.-propyl- | Cyclohexanepropanol, 2,2,6-trimethyl-.α.-propyl- | Norlimbanol (commercial name) | Norlimbanol Dextrol (commercial name) | Timberol (commercial name) | Karmawood (commercial name)"
fig:97,DM,usuario,DM,,,,,"1-(2,2-Dimethyl-6-methylenecyclohexyl)but-2-en-1-one",35087-49-1,,,,,,molécula,,,Fruity,Floral,Tobacco,,fig ifra-estandar,IFRA_STD_077,Rose ketones,con-techo,,,,0.0077,0.0023,0.046,0.043,0.011,0.011,0.011,0.011,0.025,0.088,0.088,0.0045,0.084,0.3,0.3,0.17,0.17,sin-restriccion,,
fig:98,HT,usuario,HT,,,,,"1-(2,3,4,7,8,8a-Hexahydro-3,6,8,8-tetramethyl-1H-3a,7-methanoazulen-5-yl)ethan-1-",68039-35-0,,,,,,molécula,,,Woody,Cedarwood,Amber one,,fig,,,sin-estandar,,,,,,,,,,,,,,,,,,,,,,,
fig:99,TRC,usuario,TRC,,,,,"1-(2,4,4-Trimethyl-1-cyclohexen-1-yl)-2-buten-1-one",70266-48-7,,,,,,molécula,,,Fruity,Plum,Rose,,fig ifra-estandar,IFRA_STD_077,Rose ketones,con-techo,,,,0.0077,0.0023,0.046,0.043,0.011,0.011,0.011,0.011,0.025,0.088,0.088,0.0045,0.084,0.3,0.3,0.17,0.17,sin-restriccion,,
fig:100,TCYB,usuario,TCYB,,,,,"1-(2,4,4-Trimethyl-2-cyclohexen-1-yl)-2-buten-1-one",33673-71-1,,,,,,molécula,,,Fruity,Plum,Rose,,fig ifra-estandar,IFRA_STD_077,Rose ketones,con-techo,,,,0.0077,0.0023,0.046,0.043,0.011,0.011,0.011,0.011,0.025,0.088,0.088,0.0045,0.084,0.3,0.3,0.17,0.17,sin-restriccion,,
fig:101,DC,usuario,DC,,,,,"1-(2,4-Dimethyl-3-cyclohexenyl)-2,2-dimethylpropan-1-one",69929-17-5,,,,,,molécula,,,Green,Herbal,Grapefruit,,fig,,,sin-estandar,,,,,,,,,,,,,,,,,,,,,,,
fig:102,TP,usuario,TP,,,,,"1-(2,6,6-Trimethyl-2-cyclohexen-1-yl)pent-1-en-3-one",7779-30-8,,,,,,molécula,,,Floral,Violet,oily,,fig ifra-estandar,IFRA_STD_063,"Methyl ionone, mixed isomers",con-techo,especificación (STD 063),,,5.4,1.6,32,30,7.6,7.6,7.6,7.6,18,61,61,3.2,59,100,100,100,100,sin-restriccion,,"1-(2,6,6-Trimethyl-2-cyclohexen-1-yl)pent-1-en-3-one | 1-Penten-3-one, 1-(2,6,6-trimethyl-2-cyclohexen-1-yl)-"
fig:103,TDB,usuario,TDB,,,,,"1-(2,6,6-Trimethylcyclohexa-1,3-dienyl)-2-buten-1-one",23696-85-7,,,,,,molécula,,,Floral,Rose,Plum,,fig ifra-estandar,IFRA_STD_077,Rose ketones,con-techo,,,,0.0077,0.0023,0.046,0.043,0.011,0.011,0.011,0.011,0.025,0.088,0.088,0.0045,0.084,0.3,0.3,0.17,0.17,sin-restriccion,,
fig:104,BE,usuario,BE,,,,,1-(2-Benzofuranyl)ethanone,1646-26-0,,,,,,molécula,,,Powdery,Floral,Hay,,fig,,,sin-estandar,,,,,,,,,,,,,,,,,,,,,,,
fig:105,BC,usuario,BC,,,,,1-(2-tert.-Butyl cyclohexyloxy)-2-butanol,139504-68-0,,,,,,molécula,,,Woody,Amber,Sweet,,fig ifra-estandar,IFRA_STD_222,1-(2-tert.-Butyl cyclohexyloxy)-2-butanol,con-techo,,,,0.24,0.071,1.4,1.3,0.34,0.34,0.34,0.11,0.75,2.7,2.7,0.11,2.6,4.5,9.3,0.11,0.11,sin-restriccion,,1-(2-tert.-Butyl cyclohexyloxy)-2-butanol | 1-(2-tert-Butylcyclohexyl)oxybutan-2-ol | 1-[(2-tert-Butylcyclohexyl)oxy]butan-2-ol | 1-(2-t.-Butyl cyclohexyloxy)-2-butanol | 1-(2-t-Butylcyclohexyl)oxybutan-2-ol | 1-[(2-t-Butylcyclohexyl)oxy]butan-2-ol | Amber Core (commercial name) | Coramber (commercial name)
fig:106,DH,usuario,DH,,,,,"1-(3,3-Dimethylbicyclo[2.2.1]hept-2-yl)ethane-1-one",42370-07-0,,,,,,molécula,,,Herbal,Minty,Camphoraceous,,fig,,,sin-estandar,,,,,,,,,,,,,,,,,,,,,,,
fig:107,DEO,usuario,DEO,,,,,"1-(3,3-Dimethylcyclohexyl)ethan-1-one",25304-14-7,,,,,,molécula,,,Herbal,Woody,Camphoraceous,,fig,,,sin-estandar,,,,,,,,,,,,,,,,,,,,,,,
fig:108,DIE,usuario,DIE,,,,,"1-(3,3-Dimethylcyclohexyl)ethanol",25225-09-6,,,,,,molécula,,,Floral,Minty,Fresh,,fig,,,sin-estandar,,,,,,,,,,,,,,,,,,,,,,,
fig:109,DP,usuario,DP,,,,,"1-(3,3-Dimethylcyclohexyl)pent-4-en-1-one",56973-87-6,,,,,,molécula,,,Herbal,Green,Pineapple,,fig,,,sin-estandar,,,,,,,,,,,,,,,,,,,,,,,
fig:110,TE,usuario,TE,,,,,"1-(3,5,6-Trimethyl-3-cyclohexen-1-yl)ethan-1-one",68480-14-8,,,,,,molécula,,,Green,Floral,Earthy,,fig,,,sin-estandar,,,,,,,,,,,,,,,,,,,,,,,
fig:111,MBE,usuario,MBE,,,,,1-(3-Methyl-2-benzofuranyl)ethanone,23911-56-0,,,,,,molécula,,,Floral,Neroli,Powdery,,fig,,,sin-estandar,,,,,,,,,,,,,,,,,,,,,,,
fig:112,DCY,usuario,DCY,,,,,"1-(5,5-Dimethyl-1-cyclohexen-1-yl)pent-4-en-1-one",56973-85-4,,,,,,molécula,,,Green,Fruity,Galbanum,,fig ifra-estandar,IFRA_STD_031,"1-(5,5-Dimethyl-1-cyclohexen-1-yl)pent-4-en-1-one",con-techo,,,,0.19,0.057,0.18,1.1,0.27,0.27,0.27,0.091,0.54,0.54,0.54,0.091,1.4,1.4,3.4,0.091,0.091,sin-restriccion,,"α-Dynascone | 4-Penten-1-one, 1-(5,5-dimethyl-1-cyclohexen-1-yl)- | Dynascone (commercial name) | Galbanone (commercial name) | Galbascone (commercial name) | Neobutenone (commercial name) | Neogal (commercial name) | Neogalbenum (commercial name)"
fig:113,TN,usuario,TN,,,,,"1-(5,6,7,8-tetrahydro-2-naphthalenyl)ethanone",774-55-0,,,,,,molécula,,,Floral,Neroli,Musk Like,,fig,,,sin-estandar,,,,,,,,,,,,,,,,,,,,,,,
fig:114,THN,usuario,THN,,,,,"1-(5,6,7,8-Tetrahydro-3,5,5,6,8,8-hexamethyl-2-naphthyl)ethan-1-one (Fixolid)",1506-02-1,,,,,,molécula,,,Musk like,Woody,Powdery,,fig,,,sin-estandar,,,,,,,,,,,,,,,,,,,,,,,
fig:115,MEP,usuario,MEP,,,,,1-(Methylthio)-1-propene,10152-77-9,,,,,,molécula,,,Sulfurous,Garlic,Acidic,,fig,,,sin-estandar,,,,,,,,,,,,,,,,,,,,,,,
fig:116,NEO,usuario,NEO,,,,,1-(Naphthyl)ethan-1-one,1333-52-4,,,,,,molécula,,,Floral,Ylang,Green,,fig,,,sin-estandar,,,,,,,,,,,,,,,,,,,,,,,
fig:117,PM,usuario,PM,,,,,1-(para-Menthen-6-yl)-1-propanone,31375-17-4,,,,,,molécula,,,Green,Leafy,Herbal,,fig,,,sin-estandar,,,,,,,,,,,,,,,,,,,,,,,
fig:118,MPR,usuario,MPR,,,,,1-(p-Methoxyphenyl)-2-propanone,122-84-9,,,,,,molécula,,,Balsamic,Anisic,Green,,fig,,,sin-estandar,,,,,,,,,,,,,,,,,,,,,,,
fig:119,CC,usuario,CC,,,,,"1,​3-​Cyclohexadiene-​1-​carboxylic acid, 4,​6,​6-​trimethyl-​, ethyl ester",100520-15-8,,,,,,molécula,,,Herbal,Spicy,Saffron,,fig,,,sin-estandar,,,,,,,,,,,,,,,,,,,,,,,
fig:120,CM,usuario,CM,,,,,"1,​5-​Cyclododecadiene, 9-​methoxy-​1,​6,​10-​trimethyl-",900779-74-0,,,,,,molécula,,,Woody,Amber,Leathery,,fig,,,sin-estandar,,,,,,,,,,,,,,,,,,,,,,,
fig:121,CT,usuario,CT,,,,,"1,​5-​Cyclododecadiene, 9-​methoxy-​1,​6,​10-​trimethyl-",947237-75-4,,,,,,molécula,,,Woody,Amber,Leathery,,fig,,,sin-estandar,,,,,,,,,,,,,,,,,,,,,,,
fig:122,OD,usuario,OD,,,,,"1,​5,​7-​Octatrien-​3-​ol, 3,​7-​dimethyl-​, (5E)​-",53834-70-1,,,,,,molécula,,,Floral,Fruity,Ylang,,fig,,,sin-estandar,,,,,,,,,,,,,,,,,,,,,,,
fig:123,OTD,usuario,OTD,,,,,"1,​6-​Octadiene-​3-​thiol, 3,​7-​dimethyl-",39707-47-6,,,,,,molécula,,,Floral,Citrus,Sulfurous,,fig,,,sin-estandar,,,,,,,,,,,,,,,,,,,,,,,
fig:124,PI,usuario,PI,,,,,"1,1'-(2-Phenylethylidene)bis(1H-indole)",67801-37-0,,,,,,molécula,,,Animal like,Indolic,Phenolic,,fig,,,sin-estandar,,,,,,,,,,,,,,,,,,,,,,,
fig:125,TRP,usuario,TRP,,,,,"1,1,3-Trimethyl-3-phenylindane",3910-35-8,,,,,,molécula,,,Woody,Cedarwood,Musk Like,,fig,,,sin-estandar,,,,,,,,,,,,,,,,,,,,,,,
fig:126,Di,usuario,Di,,,,,"1,1-Diethoxydecane",34764-02-8,,,,,,molécula,,,Aldehydic,Mossy,Green,,fig,,,sin-estandar,,,,,,,,,,,,,,,,,,,,,,,
fig:127,De,usuario,De,,,,,"1,1-Diethoxyheptane",688-82-4,,,,,,molécula,,,Gourmand,Creamy,Buttery,,fig,,,sin-estandar,,,,,,,,,,,,,,,,,,,,,,,
fig:128,Dt,usuario,Dt,,,,,"1,1-Diethoxyhexane",3658-93-3,,,,,,molécula,,,Fruity,Hyacinth,Pear,,fig,,,sin-estandar,,,,,,,,,,,,,,,,,,,,,,,
fig:129,Dh,usuario,Dh,,,,,"1,1-Dihexyloxyhexane",33673-65-3,,,,,,molécula,,,Green,Grassy,Sweet,,fig,,,sin-estandar,,,,,,,,,,,,,,,,,,,,,,,
fig:130,Dm,usuario,Dm,,,,,"1,1-Dimethoxycyclododecane",950-33-4,,,,,,molécula,,,Woody,Cedarwood,Patchouli,,fig,,,sin-estandar,,,,,,,,,,,,,,,,,,,,,,,
fig:131,Dim,usuario,Dim,,,,,"1,1-Dimethoxyethane",534-15-6,,,,,,molécula,,,Green,Hay,Apple,,fig,,,sin-estandar,,,,,,,,,,,,,,,,,,,,,,,
fig:132,DA,usuario,DA,,,,,"1,1-Dimethyl-2-phenylethyl acetate",151-05-3,,,,,,molécula,,,Fruity,Plum,Jasmin,,fig,,,sin-estandar,,,,,,,,,,,,,,,,,,,,,,,
fig:133,DI,usuario,DI,,,,,"1,1-Dimethyl-2-phenylethyl isobutyrate",59354-71-1,,,,,,molécula,,,Fruity,Jasmin,Grape,,fig,,,sin-estandar,,,,,,,,,,,,,,,,,,,,,,,
fig:134,OM,usuario,OM,,,,,"1,2,3,3a,4,5,6,8a-Octahydro-4,8-dimethyl-2-(1-methylethylidene)-6-azulenol",89-88-3,,,,,,molécula,,,Woody,Vetiver,Grapefruit,,fig,,,sin-estandar,,,,,,,,,,,,,,,,,,,,,,,
fig:135,OTN,usuario,OTN,,,,,"1,2,3,4,4a,5,6,7-Octahydro-2,5,5-trimethyl-2-naphthalenol",41199-19-3,,,,,,molécula,,,Amber,Woody,Animal Like,,fig,,,sin-estandar,,,,,,,,,,,,,,,,,,,,,,,
fig:136,OF,usuario,OF,,,,,"1,2,3,4,4a,7,8,8a-Octahydro-2,4a,5,8a-tetramethyl-1-naphthyl formate",65405-72-3,,,,,,molécula,,,Woody,Dry,Amber,,fig,,,sin-estandar,,,,,,,,,,,,,,,,,,,,,,,
fig:137,ODC,usuario,ODC,,,,,"1,2,3,4,5,6,7,8-Octahydro-5,5-dimethylnaphthalene-2-carbaldehyde",68991-96-8,,,,,,molécula,,,Floral,Muguet,Fresh,,fig ifra-estandar,IFRA_STD_259,Octahydro-dimethylnaphthalene-2-carbaldehyde (mixed isomers),con-techo,,,,0.38,0.11,2.3,2.1,0.54,0.54,0.54,0.54,1.3,4.4,4.4,0.23,4.2,15,15,8.3,8.3,sin-restriccion,,
fig:138,ODN,usuario,ODN,,,,,"1,2,3,4,5,6,7,8-Octahydro-8,8-dimethyl-2-naphthaldehyde",68991-97-9,,,,,,molécula,,,Floral,Muguet,Fresh,,fig ifra-estandar,IFRA_STD_259,Octahydro-dimethylnaphthalene-2-carbaldehyde (mixed isomers),con-techo,,,,0.38,0.11,2.3,2.1,0.54,0.54,0.54,0.54,1.3,4.4,4.4,0.23,4.2,15,15,8.3,8.3,sin-restriccion,,
fig:139,DEP,usuario,DEP,,,,,"1,2-Di((1'-ethoxy)ethoxy)propane",67715-79-1,,,,,,molécula,,,Fruity,Fresh,Green,,fig,,,sin-estandar,,,,,,,,,,,,,,,,,,,,,,,
fig:140,Di2,usuario,Di2,,,,,"1,2-Dimethoxybenzene",91-16-7,,,,,,molécula,,,Gourmand,Phenolic,Creamy,,fig,,,sin-estandar,,,,,,,,,,,,,,,,,,,,,,,
fig:141,TA,usuario,TA,,,,,"1,3,3-Trimethyl-2-norbornanyl acetate",13851-11-1,,,,,,molécula,,,Herbal,Pine,Fresh,,fig,,,sin-estandar,,,,,,,,,,,,,,,,,,,,,,,
fig:142,γHH,usuario,γHH,,,,,"1,3,4,6,7,8-Hexahydro-4,6,6,7,8,8-hexamethylcyclopenta-gamma-2-benzopyran",1222-05-5,,,,,,molécula,,gamma,Musk like,Floral,Woody,,fig,,,sin-estandar,,,,,,,,,,,,,,,,,,,,,,,
fig:143,Un,usuario,Un,,,,,"1,3,5-Undecatriene",16356-11-9,,,,,,molécula,,,Green,Citrus,Cucumber,,fig,,,sin-estandar,,,,,,,,,,,,,,,,,,,,,,,
fig:144,BED,usuario,BED,,,,,"1,3-Benzodioxole, 5-(diethoxymethyl)-",40527-42-2,,,,,,molécula,,,Floral,Meadow,Spicy,,fig,,,sin-estandar,,,,,,,,,,,,,,,,,,,,,,,
fig:145,BM,usuario,BM,,,,,"1,3-Benzodioxole-5-methanol",495-76-1,,,,,,molécula,,,Balsamic,Powdery,Vanilla,,fig,,,sin-estandar,,,,,,,,,,,,,,,,,,,,,,,
fig:146,αBP,usuario,αBP,,,,,"1,3-Benzodioxole-5-propanol, alpha-methyl-, 5-acetate",68844-96-2,,,,,,molécula,,alpha,Fruity,Watery,Apple,,fig,,,sin-estandar,,,,,,,,,,,,,,,,,,,,,,,
fig:147,Da,usuario,Da,,,,,"1,3-Diacetoxynonane",63270-14-4,,,,,,molécula,,,Floral,Jasmin,Citrus,,fig,,,sin-estandar,,,,,,,,,,,,,,,,,,,,,,,
fig:148,DS,usuario,DS,,,,,"1,3-Dimethyl-3-butenyl salicylate",80118-10-1,,,,,,molécula,,,Floral,Ylang,Green,,fig,,,sin-estandar,,,,,,,,,,,,,,,,,,,,,,,
fig:149,DPA,usuario,DPA,,,,,"1,3-Dimethyl-3-phenylbutyl acetate",68083-58-9,,,,,,molécula,,,Woody,Vetiver,Rhubarb,,fig,,,sin-estandar,,,,,,,,,,,,,,,,,,,,,,,
fig:150,DEI,usuario,DEI,,,,,"1,3-Dimethylbut-3-enyl isobutyrate",80118-06-5,,,,,,molécula,,,Fruity,Floral,Herbal,,fig,,,sin-estandar,,,,,,,,,,,,,,,,,,,,,,,
fig:151,DIB,usuario,DIB,,,,,"1,3-Dimethylbutyl 2-butenoate",35206-51-0,,,,,,molécula,,,Fruity,Plum,Apple,,fig,,,sin-estandar,,,,,,,,,,,,,,,,,,,,,,,
fig:152,DDC,usuario,DDC,,,,,"1,3-Dioxane, 2-(2,4-dimethyl-3-cyclohexene-1-yl)-5-methyl-5-(1-methylpropyl)-",117933-89-8,,,,,,molécula,,,Amber,Dry,Woody,,fig,,,sin-estandar,,,,,,,,,,,,,,,,,,,,,,,
fig:153,DMM,usuario,DMM,,,,,"1,3-Dioxane, 5-methyl-2-(2-methylpropyl)-cis-",166301-22-0,,,,,,molécula,,,Herbal,Fruity,Fresh,,fig,,,sin-estandar,,,,,,,,,,,,,,,,,,,,,,,
fig:154,DT,usuario,DT,,,,,"1,3-Dioxolane, 2,4-dimethyl-2-(5,6,7,8-tetrahydro-5,5,8,8-tetramethyl-2-naphthalenyl)-,",131812-52-7,,,,,,molécula,,,Amber,Animal Like,Warm trans-,,fig,,,sin-estandar,,,,,,,,,,,,,,,,,,,,,,,
fig:155,DMH,usuario,DMH,,,,,"1,3-Dioxolane-4-methanol, 2-hexyl-",1708-35-6,,,,,,molécula,,,Earthy,Fungal,Sweet,,fig,,,sin-estandar,,,,,,,,,,,,,,,,,,,,,,,
fig:156,NAC,usuario,NAC,,,,,"1,3-Nonanediol acetate (mixed esters)",1322-17-4,,,,,,molécula,,,Floral,Jasmin,Watery,,fig,,,sin-estandar,,,,,,,,,,,,,,,,,,,,,,,
fig:157,OED,usuario,OED,,,,,"1,3-Oxathiane,2-ethyl-4,4-dimethyl-",444880-09-5,,,,,,molécula,,,Herbal,Thyme,Blackcurrant,,fig,,,sin-estandar,,,,,,,,,,,,,,,,,,,,,,,
fig:158,UY,usuario,UY,,,,,"1,3-Undecadien-5-yne",166432-52-6,,,,,,molécula,,,Floral,Green,Violet,,fig,,,sin-estandar,,,,,,,,,,,,,,,,,,,,,,,
fig:159,Cn,usuario,Cn,,,,,"1,4-Cineole",470-67-7,,,,,,molécula,,,Citrus,Lime,Eucalyptus,,fig,,,sin-estandar,,,,,,,,,,,,,,,,,,,,,,,
fig:160,DBU,usuario,DBU,,,,,"1,4-Dimethoxy-2-tert-butylbenzene",21112-37-8,,,,,,molécula,,,Woody,Vetiver,Fresh,,fig,,,sin-estandar,,,,,,,,,,,,,,,,,,,,,,,
fig:161,DOE,usuario,DOE,,,,,"1,4-Dodec-6-enolactone",18679-18-0,,,,,,molécula,,,Gourmand,Waxy,Creamy,,fig,,,sin-estandar,,,,,,,,,,,,,,,,,,,,,,,
fig:162,TTE,usuario,TTE,,,,,"1,5,9-Trimethylcyclododeca-1,5,9-triene epoxide",13786-79-3,,,,,,molécula,,,Woody,Amber,Cedarwood,,fig,,,sin-estandar,,,,,,,,,,,,,,,,,,,,,,,
fig:163,DOO,usuario,DOO,,,,,"1,5-Dimethylbicyclo[3.2.1]octan-8-one-oxime",75147-23-8,,,,,,molécula,,,Fruity,Cassis,Green,,fig,,,sin-estandar,,,,,,,,,,,,,,,,,,,,,,,
fig:164,DIA,usuario,DIA,,,,,"1,5-Dimethylhexyl acetate",67952-57-2,,,,,,molécula,,,Citrus,Orange,Fresh,,fig,,,sin-estandar,,,,,,,,,,,,,,,,,,,,,,,
fig:165,HOT,usuario,HOT,,,,,"1,6,10,14-Hexadecatetraen-3-ol, 3,7,11,15- tetramethyl-",68931-30-6,,,,,,molécula,,,Floral,Rose,Jasmin,,fig,,,sin-estandar,,,,,,,,,,,,,,,,,,,,,,,
fig:166,TI,usuario,TI,,,,,"1,6,7,8-Tetrahydro-1,4,6,6,8,8-hexamethyl-as-indacene-3(2H)-one",68298-33-9,,,,,,molécula,,,Musk like,Animal Like,Woody,,fig,,,sin-estandar,,,,,,,,,,,,,,,,,,,,,,,
fig:167,HC,usuario,HC,,,,,"1,6-Heptadien-3-one, 2-cyclohexyl-",313973-37-4,,,,,,molécula,,,Fruity,Pineapple,Green,,fig,,,sin-estandar,,,,,,,,,,,,,,,,,,,,,,,
fig:168,OA,usuario,OA,,,,,"1,6-Octadien-3-ol, 3,7-dimethyl-, acid-isomerized",73018-51-6,,,,,,molécula,,,Citrus,Lime,Green,,fig,,,sin-estandar,,,,,,,,,,,,,,,,,,,,,,,
fig:169,OH,usuario,OH,,,,,"1,6-Octadiene, 7-methyl-3-methylene-, acid-hydrated, geraniol fractions, distn. residues",70131-51-0,,,,,,molécula,,,Floral,Rose,Geranium,,fig,,,sin-estandar,,,,,,,,,,,,,,,,,,,,,,,
fig:170,THO,usuario,THO,,,,,"1,7,7-Trimethylbicyclo[2.2.1]heptan-2-one",76-22-2,,,,,,molécula,,,Herbal,Camphoraceous,Green,,fig,,,sin-estandar,,,,,,,,,,,,,,,,,,,,,,,
fig:171,TDY,usuario,TDY,,,,,"1,7,7-Trimethylbicyclo[4.4.0]dec-3-yl acetate",24238-95-7,,,,,,molécula,,,Woody,Amber,Powdery,,fig,,,sin-estandar,,,,,,,,,,,,,,,,,,,,,,,
fig:172,αAD,usuario,αAD,,,,,"1.alpha.,5.alpha.-Dihydroguaiol",3526-75-8,,,,,,molécula,,alpha,Woody,Balsamic,Terpenic,,fig,,,sin-estandar,,,,,,,,,,,,,,,,,,,,,,,
fig:173,OB,usuario,OB,,,,,1-[5(Or 6)-Methyl-7(or 8)-(1-methylethyl)bicyclo[2.2.2]oct-5-en-2-yl]ethan-1-one,68259-33-6,,,,,,molécula,,,Woody,Spicy,Balsamic,,fig,,,sin-estandar,,,,,,,,,,,,,,,,,,,,,,,
fig:174,Ox,usuario,Ox,,,,,10-Oxahexadecanolide,1725-01-5,,,,,,molécula,,,Musk like,Animal Like,Floral,,fig,,,sin-estandar,,,,,,,,,,,,,,,,,,,,,,,
fig:175,UA,usuario,UA,,,,,10-Undecen-1-yl acetate,112-19-6,,,,,,molécula,,,Fruity,Rose,Green,,fig,,,sin-estandar,,,,,,,,,,,,,,,,,,,,,,,
fig:176,Ud,usuario,Ud,,,,,10-Undecenal,112-45-8,,,,,,molécula,,,Citrus,Citrus,Ozonic,,fig,,,sin-estandar,,,,,,,,,,,,,,,,,,,,,,,
fig:177,UNA,usuario,UNA,,,,,10-Undecenoic acid,112-38-9,,,,,,molécula,,,Acidic,Woody,Aldehydic,,fig,,,sin-estandar,,,,,,,,,,,,,,,,,,,,,,,
fig:178,UH,usuario,UH,,,,,"10-Undecenoic acid, heptyl ester",68141-27-5,,,,,,molécula,,,Fruity,Floral,Fermented,,fig,,,sin-estandar,,,,,,,,,,,,,,,,,,,,,,,
fig:179,Oa,usuario,Oa,,,,,11-Oxahexadecanolide,3391-83-1,,,,,,molécula,,,Musk like,Powdery,Creamy,,fig,,,sin-estandar,,,,,,,,,,,,,,,,,,,,,,,
fig:180,TOD,usuario,TOD,,,,,"11-Tridecen-6-one, 8,12-dimethyl-",68141-18-4,,,,,,molécula,,,Green,Floral,Citrus,,fig,,,sin-estandar,,,,,,,,,,,,,,,,,,,,,,,
fig:181,Oh,usuario,Oh,,,,,12-Oxahexadecanolide,6707-60-4,,,,,,molécula,,,Musk like,Fruity,Woody,,fig,,,sin-estandar,,,,,,,,,,,,,,,,,,,,,,,
fig:182,MEO,usuario,MEO,,,,,13-Methyloxacyclopentadecan-2-one,868846-58-6,,,,,,molécula,,,Musk like,Animal Like,Floral,,fig,,,sin-estandar,,,,,,,,,,,,,,,,,,,,,,,
fig:183,HH,usuario,HH,,,,,16-Hydroxy-7-hexadecenoic acid lactone,123-69-3,,,,,,molécula,,,Musk like,Powdery,Animal Like,,fig,,,sin-estandar,,,,,,,,,,,,,,,,,,,,,,,
fig:184,BHE,usuario,BHE,,,,,1-Bicyclo[2.2.1]hept-5-en-2-ylethan-1-one-oxime,65416-21-9,,,,,,molécula,,,Green,Floral,Woody,,fig,,,sin-estandar,,,,,,,,,,,,,,,,,,,,,,,
fig:185,CP,usuario,CP,,,,,"1-Cyclohexene-1-propanal, 4,4-dimethyl-",850997-10-3,,,,,,molécula,,,Floral,Green,Muguet,,fig,,,sin-estandar,,,,,,,,,,,,,,,,,,,,,,,
fig:186,Cy,usuario,Cy,,,,,1-Cyclohexylethanol,1193-81-3,,,,,,molécula,,,Herbal,Minty,Fruity,,fig,,,sin-estandar,,,,,,,,,,,,,,,,,,,,,,,
fig:187,CB,usuario,CB,,,,,1-Cyclohexylethyl 2-butenoate,68039-69-0,,,,,,molécula,,,Fruity,Dry,Brandy,,fig,,,sin-estandar,,,,,,,,,,,,,,,,,,,,,,,
fig:188,CYB,usuario,CYB,,,,,1-Cyclohexylethyl butyrate,63449-88-7,,,,,,molécula,,,Fruity,Berry,Leathery,,fig,,,sin-estandar,,,,,,,,,,,,,,,,,,,,,,,
fig:189,CYM,usuario,CYM,,,,,1-Cyclopropylmethyl-4-methoxybenzene,16510-27-3,,,,,,molécula,,,Green,Anisic,Floral,,fig,,,sin-estandar,,,,,,,,,,,,,,,,,,,,,,,
fig:190,Dc,usuario,Dc,,,,,1-Decanol,112-30-1,,,,,,molécula,,,Citrus,Fruity,Orange,,fig,,,sin-estandar,,,,,,,,,,,,,,,,,,,,,,,
fig:191,DOL,usuario,DOL,,,,,1-Decen-3-ol,51100-54-0,,,,,,molécula,,,Food Like,Earthy,Fungal,,fig,,,sin-estandar,,,,,,,,,,,,,,,,,,,,,,,
fig:192,ETD,usuario,ETD,,,,,1-Ethoxy 1-decene,61668-40-4,,,,,,molécula,,,Aldehydic,Fresh,Green,,fig,,,sin-estandar,,,,,,,,,,,,,,,,,,,,,,,
fig:193,EE,usuario,EE,,,,,"1-Ethoxy-4-(1-ethoxyvinyl)-3,3,5,5-tetramethylcyclohexene",36306-86-2,,,,,,molécula,,,Woody,Pine,Amber,,fig,,,sin-estandar,,,,,,,,,,,,,,,,,,,,,,,
fig:194,EMH,usuario,EMH,,,,,"1-Ethyl-3-methoxytricyclo[2.2.1.02,6]heptane",31996-78-8,,,,,,molécula,,,Herbal,Green,Citrus,,fig,,,sin-estandar,,,,,,,,,,,,,,,,,,,,,,,
fig:195,EA,usuario,EA,,,,,1-Ethynylcyclohexyl acetate,5240-32-4,,,,,,molécula,,,Herbal,Hay,Oak,,fig,,,sin-estandar,,,,,,,,,,,,,,,,,,,,,,,
fig:196,FM,usuario,FM,,,,,1-Formyl-1-methyl-4-(4-methyl-pentyl)-3-cyclohexene,66327-54-6,,,,,,molécula,,,Green,Fresh,Aldehydic,,fig,,,sin-estandar,,,,,,,,,,,,,,,,,,,,,,,
fig:197,He,usuario,He,,,,,1-Heptanethiol,1639-09-4,,,,,,molécula,,,Sulfurous,Onion,Garlic,,fig,,,sin-estandar,,,,,,,,,,,,,,,,,,,,,,,
fig:198,HEO,usuario,HEO,,,,,1-Hexen-3-ol,4798-44-1,,,,,,molécula,,,Green,Fresh,Fruity,,fig,,,sin-estandar,,,,,,,,,,,,,,,,,,,,,,,
fig:199,IM,usuario,IM,,,,,"1H-Indende-2-methanol, 2,3-dihydro-2,5-dimethyl-",285977-85-7,,,,,,molécula,,,Floral,Muguet,Aldehydic,,fig,,,sin-estandar,,,,,,,,,,,,,,,,,,,,,,,
fig:200,In,usuario,In,,,,,1H-Indene,95-13-6,,,,,,molécula,,,Animal like,Terpenic,Balsamic,,fig,,,sin-estandar,,,,,,,,,,,,,,,,,,,,,,,
fig:201,IE,usuario,IE,,,,,"1H-Indene, 1-ethyl-2,3-dihydro-1,3,3-trimethyl-",60899-29-8,,,,,,molécula,,,Musk like,Floral,Woody,,fig,,,sin-estandar,,,,,,,,,,,,,,,,,,,,,,,
fig:202,IH,usuario,IH,,,,,"1H-Indene, 2,3,3a,4,5,7a-hexahydro-1,1,2,3,3-pentamethyl-6-(2-propenyl)-",351343-77-6,,,,,,molécula,,,Woody,Amber,Dry,,fig ifra-estandar,IFRA_STD_237,Woody furan,con-techo,,,,0.17,0.05,1,0.94,0.24,0.24,0.24,0.08,0.56,1.9,1.9,0.08,1.8,4.1,6.6,0.08,0.08,sin-restriccion,,
fig:203,ID,usuario,ID,,,,,"1H-Indene, 2,3-dihydro-1,1,2,3,3-pentamethyl-",1203-17-4,,,,,,molécula,,,Musk like,Floral,Woody,,fig,,,sin-estandar,,,,,,,,,,,,,,,,,,,,,,,
fig:204,ηIH,usuario,ηIH,,,,,"1H-Indole,3-heptanol,eta-1H-indol-3-yl-a,a,e-trimethyl ,8-bis-(2,3-dihydroindol)-2,6-",67860-00-8,,,,,,molécula,,eta,Animal like,Indolic,Medicinal dimethyl-2-octanol,,fig,,,sin-estandar,,,,,,,,,,,,,,,,,,,,,,,
fig:205,MEM,usuario,MEM,,,,,1-Menthyl methylether,1565-76-0,,,,,,molécula,,,Herbal,Minty,Fruity,,fig,,,sin-estandar,,,,,,,,,,,,,,,,,,,,,,,
fig:206,Mt,usuario,Mt,,,,,1-Methoxyhexane,4747-07-3,,,,,,molécula,,,Floral,Sweet,Lavender,,fig,,,sin-estandar,,,,,,,,,,,,,,,,,,,,,,,
fig:207,MT,usuario,MT,,,,,1-Methoxyhexane-3-thiol,94291-50-6,,,,,,molécula,,,Herbal,Green,Citrus,,fig,,,sin-estandar,,,,,,,,,,,,,,,,,,,,,,,
fig:208,MMC,usuario,MMC,,,,,1-Methyl-2-(1-methylpropyl)cyclohexyl acetate,72183-75-6,,,,,,molécula,,,Fruity,Tropical-Fruit,Sweet,,fig,,,sin-estandar,,,,,,,,,,,,,,,,,,,,,,,
fig:209,MEC,usuario,MEC,,,,,"1-Methyl-2,3-cyclohexadione",3008-43-3,,,,,,molécula,,,Gourmand,Coffee,Caramel,,fig,,,sin-estandar,,,,,,,,,,,,,,,,,,,,,,,
fig:210,MME,usuario,MME,,,,,1-methyl-3-(2-methylpropyl)cyclohexan-1-ol,215231-33-7,,,,,,molécula,,,Floral,Muguet,Citrus,,fig,,,sin-estandar,,,,,,,,,,,,,,,,,,,,,,,
fig:211,MPC,usuario,MPC,,,,,1-Methyl-3-(4-methyl-3-pentenyl)cyclohex-3-ene-1-carbaldehyde,52474-60-9,,,,,,molécula,,,Ozonic,Fresh,Aldehydic,,fig,,,sin-estandar,,,,,,,,,,,,,,,,,,,,,,,
fig:212,MMI,usuario,MMI,,,,,1-Methyl-3-methoxy-4-isopropylbenzene,1076-56-8,,,,,,molécula,,,Woody,Smoky,Medicinal,,fig,,,sin-estandar,,,,,,,,,,,,,,,,,,,,,,,
fig:213,MMCA,usuario,MMCA,,,,,1-Methyl-4-(1-methylvinyl)cyclohexyl acetate,10198-23-9,,,,,,molécula,,,Floral,Citrus,Dry,,fig,,,sin-estandar,,,,,,,,,,,,,,,,,,,,,,,
fig:214,MY,usuario,MY,,,,,"1-Methyl-4-(2,2,3-trimethyl-3-cyclopenten-1-yl)-2-oxabicyclo[2.2.2]octane",139539-67-6,,,,,,molécula,,,Fruity,Berry,Powdery,,fig,,,sin-estandar,,,,,,,,,,,,,,,,,,,,,,,
fig:215,MPCE,usuario,MPCE,,,,,1-Methyl-4-(4-methyl-3-pentenyl)cyclohex-3-ene-1-carbaldehyde,52475-86-2,,,,,,molécula,,,Aldehydic,Green,Floral,,fig,,,sin-estandar,,,,,,,,,,,,,,,,,,,,,,,
fig:216,MIC,usuario,MIC,,,,,1-Methyl-4-(isopropyl)cyclohexan-1-ol,21129-27-1,,,,,,molécula,,,Floral,Citrus,Pine,,fig,,,sin-estandar,,,,,,,,,,,,,,,,,,,,,,,
fig:217,MM2,usuario,MM2,,,,,1-Methylcyclododecyl methyl ether,37514-30-0,,,,,,molécula,,,Woody,Dry,Amber,,fig,,,sin-estandar,,,,,,,,,,,,,,,,,,,,,,,
fig:218,NT,usuario,NT,,,,,"1-Naphthalenol, 1,2,3,4,4a,5,8,8a-octahydro-2,2,6,8-tetramethyl-",103614-86-4,,,,,,molécula,,,Fruity,Mango,Passionfruit,,fig,,,sin-estandar,,,,,,,,,,,,,,,,,,,,,,,
fig:219,NTA,usuario,NTA,,,,,"1-Nonanol, 2,4,6,8-tetramethyl-,acetate",68922-14-5,,,,,,molécula,,,Floral,Fruity,Green,,fig,,,sin-estandar,,,,,,,,,,,,,,,,,,,,,,,
fig:220,NOO,usuario,NOO,,,,,1-Nonen-3-ol,21964-44-3,,,,,,molécula,,,Green,Cucumber,Violet,,fig,,,sin-estandar,,,,,,,,,,,,,,,,,,,,,,,
fig:221,Oc,usuario,Oc,,,,,1-Octanol,111-87-5,,,,,,molécula,,,Citrus,Waxy,Green,,fig,,,sin-estandar,,,,,,,,,,,,,,,,,,,,,,,
fig:222,OCO,usuario,OCO,,,,,1-Octen-3-ol,3391-86-4,,,,,,molécula,,,Herbal,Floral,Lavender,,fig,,,sin-estandar,,,,,,,,,,,,,,,,,,,,,,,
fig:223,OON,usuario,OON,,,,,1-Octen-3-one,4312-99-6,,,,,,molécula,,,Earthy,Mushroom,Herbal,,fig,,,sin-estandar,,,,,,,,,,,,,,,,,,,,,,,
fig:224,OY,usuario,OY,,,,,1-Octen-3-yl acetate,2442-10-6,,,,,,molécula,,,Herbal,Fruity,Floral,,fig ifra-estandar,IFRA_STD_069,1-Octen-3-yl acetate,con-techo,,,,0.27,0.08,1.6,1.5,0.38,0.38,0.38,0.38,0.88,3.1,3.1,0.16,2.9,11,11,5.8,5.8,sin-restriccion,,"3-Acetoxyoctene | Amyl crotonyl acetate | Amyl vinyl carbinyl acetate | 1-Octen-3-ol, acetate | Octenyl acetate | β-Octenyl acetate | n-Pentyl vinyl carbinol acetate"
fig:225,ODD,usuario,ODD,,,,,"1-Oxaspiro[4.5]deca-3,6-diene, 2,6,9,10-tetramethyl-",71078-31-4,,,,,,molécula,,,Fruity,Blackcurrant,Green,,fig,,,sin-estandar,,,,,,,,,,,,,,,,,,,,,,,
fig:226,OXD,usuario,OXD,,,,,"1-Oxaspiro[4.5]deca-3,6-diene, 2,7-dimethyl-10-(1-methylethyl)-",89079-92-5,,,,,,molécula,,,Fruity,Blackcurrant,Tropical-Fruit,,fig,,,sin-estandar,,,,,,,,,,,,,,,,,,,,,,,
fig:227,ODE,usuario,ODE,,,,,"1-Oxaspiro[4.5]deca-3,6-diene, 6-ethyl-2,10,10-trimethyl-",79893-63-3,,,,,,molécula,,,Fruity,Blackcurrant,Green,,fig,,,sin-estandar,,,,,,,,,,,,,,,,,,,,,,,
fig:228,ODO,usuario,ODO,,,,,"1-Oxaspiro[4.5]decan-2-one, 8-(1-methylethyl)-, trans-",4625-90-5,,,,,,molécula,,,Woody,Herbal,Oily,,fig,,,sin-estandar,,,,,,,,,,,,,,,,,,,,,,,
fig:229,ODOE,usuario,ODOE,,,,,"1-Oxaspiro[4.5]decan-2-one, 8-ethyl-, trans-",91069-40-8,,,,,,molécula,,,Woody,Spicy,Oily,,fig,,,sin-estandar,,,,,,,,,,,,,,,,,,,,,,,
fig:230,ODOM,usuario,ODOM,,,,,"1-Oxaspiro[4.5]decan-2-one, 8-methyl-",94201-19-1,,,,,,molécula,,,Gourmand,Lactonic,Coconut,,fig,,,sin-estandar,,,,,,,,,,,,,,,,,,,,,,,
fig:231,OD2,usuario,OD2,,,,,"1-Oxaspiro[4.5]decan-2-one, 8-methyl-, cis-",91069-37-3,,,,,,molécula,,,Woody,Creamy,Milky,,fig,,,sin-estandar,,,,,,,,,,,,,,,,,,,,,,,
fig:232,OR,usuario,OR,,,,,"1-Oxaspiro[4.5]decan-6-ol, 2,6,10,10-tetramethyl-, (2R,5S,6S)-rel-",57967-68-7,,,,,,molécula,,,Woody,Camphoraceous,Fungal,,fig,,,sin-estandar,,,,,,,,,,,,,,,,,,,,,,,
fig:233,POL,usuario,POL,,,,,1-Penten-3-ol,616-25-1,,,,,,molécula,,,Green,Fruity,Leafy,,fig,,,sin-estandar,,,,,,,,,,,,,,,,,,,,,,,
fig:234,PH,usuario,PH,,,,,"1-Penten-3-ol, 2-methyl-1-(methylbicyclo[2.2.1]hept-5-en-2-yl)-",67739-11-1,,,,,,molécula,,,Woody,Sandalwood,Floral,,fig,,,sin-estandar,,,,,,,,,,,,,,,,,,,,,,,
fig:235,PON,usuario,PON,,,,,1-Penten-3-one,1629-58-9,,,,,,molécula,,,Sulfurous,Garlic,Onion,,fig,,,sin-estandar,,,,,,,,,,,,,,,,,,,,,,,
fig:236,PT,usuario,PT,,,,,"1-Penten-3-one, 2-methyl-1-(2,2,6-trimethylcyclohexenyl)-",68555-94-2,,,,,,molécula,,,Woody,Floral,Violet,,fig,,,sin-estandar,,,,,,,,,,,,,,,,,,,,,,,
fig:237,PP,usuario,PP,,,,,"1-Phenyl-1,2-propanedione",579-07-7,,,,,,molécula,,,Aromatic,Phenolic,Dry,,fig,,,sin-estandar,,,,,,,,,,,,,,,,,,,,,,,
fig:238,PMP,usuario,PMP,,,,,1-Phenyl-3-methyl-3-pentanol,10415-87-9,,,,,,molécula,,,Floral,Green,Anisic,,fig,,,sin-estandar,,,,,,,,,,,,,,,,,,,,,,,
fig:239,PHM,usuario,PHM,,,,,1-Phenyl-3-methyl-3-pentyl acetate,72007-81-9,,,,,,molécula,,,Floral,Green,Hyacinth,,fig,,,sin-estandar,,,,,,,,,,,,,,,,,,,,,,,
fig:240,PPO,usuario,PPO,,,,,1-Phenyl-4-penten-1-one,3240-29-7,,,,,,molécula,,,Balsamic,Sweet,Herbal,,fig,,,sin-estandar,,,,,,,,,,,,,,,,,,,,,,,
fig:241,MET,usuario,MET,,,,,1-p-Menthene-8-thiol,71159-90-5,,,,,,molécula,,,Citrus,Fruity,Grapefruit,,fig,,,sin-estandar,,,,,,,,,,,,,,,,,,,,,,,
fig:242,PY,usuario,PY,,,,,"1-Propanol, 2-methyl-3-[(1,7,7-trimethylbicyclo-[2.2.1]hept-2-yl)oxy]-",128119-70-0,,,,,,molécula,,,Amber,Warm,Woody,,fig,,,sin-estandar,,,,,,,,,,,,,,,,,,,,,,,
fig:243,Ti,usuario,Ti,,,,,1-Tridecanol,112-70-9,,,,,,molécula,,,Floral,Woody,Green,,fig,,,sin-estandar,,,,,,,,,,,,,,,,,,,,,,,
fig:244,PD,usuario,PD,,,,,"2 Propenoic acid, 2-[1-[(1R)-3,3-dimethylcyclohexyl]ethoxy]-2-methylpropyl ester",811436-82-5,,,,,,molécula,,,Musk like,Fruity,Pear,,fig,,,sin-estandar,,,,,,,,,,,,,,,,,,,,,,,
fig:245,BUA,usuario,BUA,,,,,"2-​Butenoic acid, (2E)​-",107-93-7,,,,,,molécula,,,Gourmand,Sweet,Milky,,fig,,,sin-estandar,,,,,,,,,,,,,,,,,,,,,,,
fig:246,CA,usuario,CA,,,,,"2-​Cyclopentene-​1-​acetic acid, ethyl ester",15848-49-4,,,,,,molécula,,,Fruity,Pineapple,Pear,,fig,,,sin-estandar,,,,,,,,,,,,,,,,,,,,,,,
fig:247,OOA,usuario,OOA,,,,,"2-​Octen-​1-​ol, 1-​acetate",2371-13-3,,,,,,molécula,,,Earthy,Mushroom,Lavender,,fig,,,sin-estandar,,,,,,,,,,,,,,,,,,,,,,,
fig:248,PAM,usuario,PAM,,,,,"2-​Pentenoic acid, 2-​methyl-​, (3Z)​-​3-​hexen-​1-​yl ester",76649-17-7,,,,,,molécula,,,Fruity,Fresh,Green,,fig,,,sin-estandar,,,,,,,,,,,,,,,,,,,,,,,
fig:249,TAE,usuario,TAE,,,,,"2-​Thiophenecarboxylic acid, ethyl ester",2810-04-0,,,,,,molécula,,,Fruity,Fermented,Grape,,fig,,,sin-estandar,,,,,,,,,,,,,,,,,,,,,,,
fig:250,TRO,usuario,TRO,,,,,2-​Tridecen-​1-​ol,68480-25-1,,,,,,molécula,,,Green,Fruity,Leafy,,fig,,,sin-estandar,,,,,,,,,,,,,,,,,,,,,,,
fig:251,DCE,usuario,DCE,,,,,"2-(1-(3',3'-Dimethyl-1'-cyclohexyl)ethoxy)-2-methyl propyl propanoate",141773-73-1,,,,,,molécula,,,Musk like,Fruity,Pear,,fig,,,sin-estandar,,,,,,,,,,,,,,,,,,,,,,,
fig:252,PYP,usuario,PYP,,,,,"2-(1,1,2,3,3-Pentamethylindan-5-yl)-1-propanol",1217-08-9,,,,,,molécula,,,Musk like,Floral,Warm,,fig,,,sin-estandar,,,,,,,,,,,,,,,,,,,,,,,
fig:253,DMO,usuario,DMO,,,,,"2-(1,1-Dimethylethyl)-4-methylcyclohexan-1-ol",67634-11-1,,,,,,molécula,,,Woody,Earthy,Fresh,,fig,,,sin-estandar,,,,,,,,,,,,,,,,,,,,,,,
fig:254,PIO,usuario,PIO,,,,,2(10)-Pinen-3-ol,5947-36-4,,,,,,molécula,,,Herbal,Woody,Pine,,fig,,,sin-estandar,,,,,,,,,,,,,,,,,,,,,,,
fig:255,EP,usuario,EP,,,,,2-(1-Ethylpropyl)pyridine,7399-50-0,,,,,,molécula,,,Green,Galbanum,Bell Pepper,,fig,,,sin-estandar,,,,,,,,,,,,,,,,,,,,,,,
fig:256,MV,usuario,MV,,,,,2-(1-Methylpropyl)-1-vinylcyclohexyl acetate,37172-02-4,,,,,,molécula,,,Woody,Amber,Dry,,fig,,,sin-estandar,,,,,,,,,,,,,,,,,,,,,,,
fig:257,TU,usuario,TU,,,,,"2-(2,2,7,7-Tetramethyltricyclo[6.2.1.01,6]undec-5-en-5-yl)propan-1-ol",929625-08-1,,,,,,molécula,,,Amber,Woody,Cedarwood,,fig,,,sin-estandar,,,,,,,,,,,,,,,,,,,,,,,
fig:258,DHY,usuario,DHY,,,,,"2-(3,3-Dimethylbicyclo[2.2.1]hept-2-ylidene)ethanol",2226-05-3,,,,,,molécula,,,Woody,Patchouli,Camphoraceous,,fig,,,sin-estandar,,,,,,,,,,,,,,,,,,,,,,,
fig:259,DOC,usuario,DOC,,,,,"2-(3,7-Dimethyl-2,6-octadienyl)cyclopentanone",68133-79-9,,,,,,molécula,,,Fruity,Peach,Plum,,fig,,,sin-estandar,,,,,,,,,,,,,,,,,,,,,,,
fig:260,BHD,usuario,BHD,,,,,"2(3H)-Benzofuranone, hexahydro-3,6-dimethyl-",92015-65-1,,,,,,molécula,,,Fruity,Coconut,Tropical-Fruit,,fig,,,sin-estandar,,,,,,,,,,,,,,,,,,,,,,,
fig:261,HED,usuario,HED,,,,,"2-(3-Heptyl)-1,3-dioxolane",4359-47-1,,,,,,molécula,,,Green,Fruity,Floral,,fig,,,sin-estandar,,,,,,,,,,,,,,,,,,,,,,,
fig:262,PHP,usuario,PHP,,,,,2-(3-Phenylpropyl)pyridine,2110-18-1,,,,,,molécula,,,Spicy,Fresh,Green,,fig,,,sin-estandar,,,,,,,,,,,,,,,,,,,,,,,
fig:263,PHT,usuario,PHT,,,,,2-(3-Phenylpropyl)tetrahydrofuran,3208-40-0,,,,,,molécula,,,Fruity,Sweet,Green,,fig,,,sin-estandar,,,,,,,,,,,,,,,,,,,,,,,
fig:264,BDD,usuario,BDD,,,,,"2(4H)-Benzofuranone, 5,6-dihydro-3,6-dimethyl-",80417-97-6,,,,,,molécula,,,Gourmand,Sweet,Coconut,,fig,,,sin-estandar,,,,,,,,,,,,,,,,,,,,,,,
fig:265,IP,usuario,IP,,,,,2-(4-Isopropylphenyl)propionaldehyde,34291-99-1,,,,,,molécula,,,Green,Floral,Muguet,,fig,,,sin-estandar,,,,,,,,,,,,,,,,,,,,,,,
fig:266,MPP,usuario,MPP,,,,,2-(4-Methyl-1-phenyl)-2-propanethiol,80819-94-9,,,,,,molécula,,,Fruity,Grapefruit,Sulfurous,,fig,,,sin-estandar,,,,,,,,,,,,,,,,,,,,,,,
fig:267,γMH,usuario,γMH,,,,,2-(4-Methyl-2-hydroxyphenyl)propionic acid-gamma-lactone,65817-24-5,,,,,,molécula,,gamma,Aromatic,Minty,Sweet,,fig,,,sin-estandar,,,,,,,,,,,,,,,,,,,,,,,
fig:268,MTE,usuario,MTE,,,,,2-(4-Methyl-5-thiazolyl)ethyl butanoate,94159-31-6,,,,,,molécula,,,Food Like,Nutty,Savoury,,fig,,,sin-estandar,,,,,,,,,,,,,,,,,,,,,,,
fig:269,MEE,usuario,MEE,,,,,2-(4-Methylphenoxy)ethanol,15149-10-7,,,,,,molécula,,,Floral,Anisic,Honey,,fig,,,sin-estandar,,,,,,,,,,,,,,,,,,,,,,,
fig:270,MQ,usuario,MQ,,,,,2-(Methylpropyl)quinoline,1333-58-0,,,,,,molécula,,,Herbal,Powerful,Leathery,,fig,,,sin-estandar,,,,,,,,,,,,,,,,,,,,,,,
fig:271,MEY,usuario,MEY,,,,,2-(p-Menth-1-ene-10-yl)cyclopentanone,95962-14-4,,,,,,molécula,,,Fruity,Peach,Apricot,,fig,,,sin-estandar,,,,,,,,,,,,,,,,,,,,,,,
fig:272,TOP,usuario,TOP,,,,,2-(p-Tolyl)propionaldehyde,99-72-9,,,,,,molécula,,,Green,Floral,Aldehydic,,fig,,,sin-estandar,,,,,,,,,,,,,,,,,,,,,,,
fig:273,TM,usuario,TM,,,,,2-(Tetrahydro-5-methyl-5-vinyl-2-furyl)propan-2-ol,60047-17-8,,,,,,molécula,,,Herbal,Musty,Camphoraceous,,fig,,,sin-estandar,,,,,,,,,,,,,,,,,,,,,,,
fig:274,PC,usuario,PC,,,,,2-(trans-2-Pentenyl)cyclopentanone,51608-18-5,,,,,,molécula,,,Fruity,Jasmin,Oily,,fig,,,sin-estandar,,,,,,,,,,,,,,,,,,,,,,,
fig:275,OOD,usuario,OOD,,,,,"2,​5,​7-​Octatrien-​1-​ol, 2,​6-​dimethyl-​, 1-​acetate",197098-61-6,,,,,,molécula,,,Fruity,Fresh,Sweet,,fig,,,sin-estandar,,,,,,,,,,,,,,,,,,,,,,,
fig:276,Ot,usuario,Ot,,,,,"2,​6-​Octadienal, (2E,​6Z)​-",76917-23-2,,,,,,molécula,,,Green,Watery,Aldehydic,,fig,,,sin-estandar,,,,,,,,,,,,,,,,,,,,,,,
fig:277,OCT,usuario,OCT,,,,,"2,​6-​Octadienal, 3,​6,​7-​trimethyl-",1891-67-4,,,,,,molécula,,,Citrus,Lemon,Herbal,,fig ifra-estandar,IFRA_STD_223,"3,6,7-Trimethyl-2,6-octadienal",con-techo,,,,0.011,0.032,0.023,0.6,0.15,0.034,0.069,0.011,0.011,0.011,0.011,0.011,0.24,0.011,2.4,0.011,0.011,80,,"3,6,7-Trimethyl-2,6-octadienal | 2,​6-​Octadienal, 3,​6,​7-​trimethyl-"
fig:278,Dd,usuario,Dd,,,,,"2,​7-​Decadienal, (2E,​7Z)​-",52711-52-1,,,,,,molécula,,,Green,Violet,Cucumber,,fig,,,sin-estandar,,,,,,,,,,,,,,,,,,,,,,,
fig:279,Dec,usuario,Dec,,,,,"2,​7-​Decadienenitrile",1801275-25-1,,,,,,molécula,,,Green,Fruity,Floral,,fig,,,sin-estandar,,,,,,,,,,,,,,,,,,,,,,,
fig:280,De2,usuario,De2,,,,,"2,​7-​Decadienenitrile, (2E,​7Z)​-",1801275-26-2,,,,,,molécula,,,Green,Fruity,Floral,,fig,,,sin-estandar,,,,,,,,,,,,,,,,,,,,,,,
fig:281,Nn,usuario,Nn,,,,,"2,​7-​Nonadienal, (2E,​7Z)​-",21662-22-6,,,,,,molécula,,,Green,Violet,Cucumber,,fig,,,sin-estandar,,,,,,,,,,,,,,,,,,,,,,,
fig:282,Ep,usuario,Ep,,,,,"2,10-Epoxypinane",6931-54-0,,,,,,molécula,,,Herbal,Rosemary,Camphoraceous,,fig,,,sin-estandar,,,,,,,,,,,,,,,,,,,,,,,
fig:283,Td,usuario,Td,,,,,"2,12-Tridecadienal",72894-15-6,,,,,,molécula,,,Aldehydic,Fatty,Waxy,,fig,,,sin-estandar,,,,,,,,,,,,,,,,,,,,,,,
fig:284,DID,usuario,DID,,,,,"2,2'-(Dithiodimethylene)-difuran",4437-20-1,,,,,,molécula,,,Sulfurous,Coffee,Onion,,fig,,,sin-estandar,,,,,,,,,,,,,,,,,,,,,,,
fig:285,TCA,usuario,TCA,,,,,"2,2,3-Trimethyl-3-Cyclopentene-1-acetaldehyde",4501-58-0,,,,,,molécula,,,Aldehydic,Green,Herbal,,fig,,,sin-estandar,,,,,,,,,,,,,,,,,,,,,,,
fig:286,TRE,usuario,TRE,,,,,"2,2,3-Trimethylcyclopent-3-enylacetonitrile",15373-31-6,,,,,,molécula,,,Herbal,Aromatic,Juniper,,fig,,,sin-estandar,,,,,,,,,,,,,,,,,,,,,,,
fig:287,TPB,usuario,TPB,,,,,"2,2,4-Trimethyl-4-phenyl-butane-nitrile",75490-39-0,,,,,,molécula,,,Citrus,Grapefruit,Rhubarb,,fig,,,sin-estandar,,,,,,,,,,,,,,,,,,,,,,,
fig:288,TPE,usuario,TPE,,,,,"2,2,5-Trimethyl-5-pentylcyclopentanone",65443-14-3,,,,,,molécula,,,Floral,Jasmin,Peach,,fig,,,sin-estandar,,,,,,,,,,,,,,,,,,,,,,,
fig:289,TV,usuario,TV,,,,,"2,2,6-Trimethyl-6-vinyltetrahydropyran",7392-19-0,,,,,,molécula,,,Citrus,Lime,Woody,,fig,,,sin-estandar,,,,,,,,,,,,,,,,,,,,,,,
fig:290,Tm,usuario,Tm,,,,,"2,2,6-Trimethylcyclohexanone",2408-37-9,,,,,,molécula,,,Citrus,Honey,Labdanum,,fig,,,sin-estandar,,,,,,,,,,,,,,,,,,,,,,,
fig:291,DMP,usuario,DMP,,,,,"2,2-Dimethyl-3-(3-methyl-2,4-pentadienyl)oxirane",69103-20-4,,,,,,molécula,,,Herbal,Floral,Green,,fig,,,sin-estandar,,,,,,,,,,,,,,,,,,,,,,,
fig:292,DMB,usuario,DMB,,,,,"2,2-Dimethyl-3-methyl-3-butenyl propanoate",104468-21-5,,,,,,molécula,,,Herbal,Chamomile,Fruity,,fig,,,sin-estandar,,,,,,,,,,,,,,,,,,,,,,,
fig:293,DIP,usuario,DIP,,,,,"2,2-Dimethyl-3-phenylpropanol",13351-61-6,,,,,,molécula,,,Floral,Rose,Fresh,,fig,,,sin-estandar,,,,,,,,,,,,,,,,,,,,,,,
fig:294,DMY,usuario,DMY,,,,,"2,2-Dimethyl-5-(1-methylpropen-1-yl)tetrahydrofuran",7416-35-5,,,,,,molécula,,,Herbal,Citrus,Green,,fig,,,sin-estandar,,,,,,,,,,,,,,,,,,,,,,,
fig:295,Te,usuario,Te,,,,,"2,3,3-Trimethylindanone",54440-17-4,,,,,,molécula,,,Spicy,Warm,Leathery,,fig,,,sin-estandar,,,,,,,,,,,,,,,,,,,,,,,
fig:296,HM,usuario,HM,,,,,"2,3,4,4a,5,6-hexahydro-2,2-dimethyl-1,3-methanonaphthalen-7(1H)-one",68433-81-8,,,,,,molécula,,,Powdery,Woody,Tobacco,,fig,,,sin-estandar,,,,,,,,,,,,,,,,,,,,,,,
fig:297,TP2,usuario,TP2,,,,,"2,3,4-Trimethyl-3-pentanol",3054-92-0,,,,,,molécula,,,Fruity,Green,Fresh,,fig,,,sin-estandar,,,,,,,,,,,,,,,,,,,,,,,
fig:298,Tt,usuario,Tt,,,,,"2,3,5,6-Tetramethylpyrazine",1124-11-4,,,,,,molécula,,,Gourmand,Nutty,Coffee,,fig,,,sin-estandar,,,,,,,,,,,,,,,,,,,,,,,
fig:299,Tri,usuario,Tri,,,,,"2,3,5-Trimethylpyrazine",14667-55-1,,,,,,molécula,,,Green,Nutty,Earthy,,fig,,,sin-estandar,,,,,,,,,,,,,,,,,,,,,,,
fig:300,Tr2,usuario,Tr2,,,,,"2,3,6-Trimethylphenol",2416-94-6,,,,,,molécula,,,Smoky,Phenolic,Leathery,,fig,,,sin-estandar,,,,,,,,,,,,,,,,,,,,,,,
fig:301,Bu,usuario,Bu,,,,,"2,3-Butanediol",513-85-9,,,,,,molécula,,,Fruity,Creamy,Buttery,,fig,,,sin-estandar,,,,,,,,,,,,,,,,,,,,,,,
fig:302,DIM,usuario,DIM,,,,,"2,3-Diethyl-5-methylpyrazine",18138-04-0,,,,,,molécula,,,Gourmand,Nutty,Nutty,,fig,,,sin-estandar,,,,,,,,,,,,,,,,,,,,,,,
fig:303,Die,usuario,Die,,,,,"2,3-Diethylpyrazine",15707-24-1,,,,,,molécula,,,Food Like,Green,Vegetable,,fig,,,sin-estandar,,,,,,,,,,,,,,,,,,,,,,,
fig:304,DDI,usuario,DDI,,,,,"2,3-Dihydro-1,1-dimethyl-1H-indene-ar-propanal",300371-33-9,,,,,,molécula,,,Green,Aldehydic,Floral,,fig,,,sin-estandar,,,,,,,,,,,,,,,,,,,,,,,
fig:305,DTC,usuario,DTC,,,,,"2,3-Dimethyl-4-(2,6,6-trimethyl-1-cyclohexen-1-yl)-2-butenal",71850-78-7,,,,,,molécula,,,Woody,Floral,Powdery,,fig,,,sin-estandar,,,,,,,,,,,,,,,,,,,,,,,
fig:306,Di3,usuario,Di3,,,,,"2,3-Dimethylbenzofuran",3782-00-1,,,,,,molécula,,,Aromatic,Phenolic,Dry,,fig,,,sin-estandar,,,,,,,,,,,,,,,,,,,,,,,
fig:307,Di4,usuario,Di4,,,,,"2,3-Dimethylphenol",526-75-0,,,,,,molécula,,,Earthy,Phenolic,Musty,,fig,,,sin-estandar,,,,,,,,,,,,,,,,,,,,,,,
fig:308,Di5,usuario,Di5,,,,,"2,3-Dimethylpyrazine",5910-89-4,,,,,,molécula,,,Food Like,Nutty,Roasted,,fig,,,sin-estandar,,,,,,,,,,,,,,,,,,,,,,,
fig:309,Hp,usuario,Hp,,,,,"2,3-Heptanedione",96-04-8,,,,,,molécula,,,Food Like,Buttery,Cheesy,,fig,,,sin-estandar,,,,,,,,,,,,,,,,,,,,,,,
fig:310,Hx,usuario,Hx,,,,,"2,3-Hexanedione",3848-24-6,,,,,,molécula,,,Gourmand,Buttery,Caramel,,fig,,,sin-estandar,,,,,,,,,,,,,,,,,,,,,,,
fig:311,TOO,usuario,TOO,,,,,"2,4,4,7-Tetramethyl-6-octen-3-one",74338-72-0,,,,,,molécula,,,Citrus,Fruity,Floral,,fig ifra-estandar,IFRA_STD_224,"2,4,4,7-Tetramethyl-6-octen-3-one",con-techo,,,,0.34,0.1,2,1.9,0.48,0.48,0.48,0.16,0.45,3.9,3.9,0.16,3.7,10,13,0.16,0.16,sin-restriccion,,"2,4,4,7-Tetramethyl-6-octen-3-one | Claritone (commercial name)"
fig:312,TDO,usuario,TDO,,,,,"2,4,4,7-Tetramethylnona-6,8-diene-3-one-oxime",81783-01-9,,,,,,molécula,,,Fruity,Blackcurrant,Grapefruit,,fig,,,sin-estandar,,,,,,,,,,,,,,,,,,,,,,,
fig:313,Tr3,usuario,Tr3,,,,,"2,4,5-Trimethylthiazole",13623-11-5,,,,,,molécula,,,Gourmand,Nutty,Cocoa,,fig,,,sin-estandar,,,,,,,,,,,,,,,,,,,,,,,
fig:314,TCM,usuario,TCM,,,,,"2,4,6-Trimethyl-3-cyclohexene-1-methanol",68527-77-5,,,,,,molécula,,,Floral,Spicy,Green,,fig ifra-estandar,IFRA_STD_047,Isocyclogeraniol,con-techo,,,,0.29,0.087,1.8,1.6,0.41,0.41,0.41,0.41,0.96,3.3,3.3,0.17,3.2,11,11,6.3,6.3,sin-restriccion,,"3-Cyclohexene-1-methanol, 2,4,6-trimethyl- | 2,4,6-Trimethyl-3-cyclohexene-1-methanol"
fig:315,TPD,usuario,TPD,,,,,"2,4,6-Trimethyl-4-phenyl-1,3-dioxane",5182-36-5,,,,,,molécula,,,Fruity,Citrus,Green,,fig,,,sin-estandar,,,,,,,,,,,,,,,,,,,,,,,
fig:316,TEN,usuario,TEN,,,,,"2,4,6-Trimethylcyclohex-3-enecarbaldehyde",1423-46-7,,,,,,molécula,,,Green,Privet,Dry,,fig ifra-estandar,IFRA_STD_046,Isocyclocitral,con-techo,,,,0.54,0.16,3.2,3,0.76,0.76,0.76,0.76,1.8,6.1,6.1,0.32,5.9,21,21,12,12,sin-restriccion,,"3-Cyclohexene-1-carboxaldehyde, 2,4,6-trimethyl- | Neocyclocitral | 2,4,6-Trimethylcyclohex-3-enecarbaldehyde | 2,4,6-Trimethyl-3-cyclohexenylcarboxaldehyde | 2,4,6-Trimethyl-3-cyclohexene-1-carbaldehyde"
fig:317,Tr4,usuario,Tr4,,,,,"2,4,6-Trimethylphenol",527-60-6,,,,,,molécula,,,Smoky,Phenolic,Coffee,,fig,,,sin-estandar,,,,,,,,,,,,,,,,,,,,,,,
fig:318,DO2,usuario,DO2,,,,,"2,4-Decadien-1-ol",18409-21-7,,,,,,molécula,,,Citrus,Fresh,Green,,fig,,,sin-estandar,,,,,,,,,,,,,,,,,,,,,,,
fig:319,DN,usuario,DN,,,,,"2,4-Dimethyl-2-(5,6,7,8-tetrahydro-5,5,8,8-tetramethyl-2-naphthalenyl)-1,3-dioxolane",131812-67-4,,,,,,molécula,,,Woody,Amber,Warm,,fig,,,sin-estandar,,,,,,,,,,,,,,,,,,,,,,,
fig:320,DCC,usuario,DCC,,,,,"2,4-Dimethyl-3-cyclohexen-1-carboxaldehyde",68039-49-6,,,,,,molécula,,,Green,Grassy,Citrus,,fig ifra-estandar,IFRA_STD_030,Dimethylcyclohex-3-ene-1-carbaldehyde (mixed isomers),con-techo,,,,0.45,0.14,2.7,2.5,0.64,0.64,0.64,0.64,1.5,5.2,5.2,0.27,4.9,18,18,9.8,9.8,sin-restriccion,,
fig:321,DTD,usuario,DTD,,,,,"2,4-Dimethyl-4,4a,5,9b-tetrahydroindeno[1,2-d]-1,3-dioxin",27606-09-3,,,,,,molécula,,,Floral,Muguet,Magnolia,,fig,,,sin-estandar,,,,,,,,,,,,,,,,,,,,,,,
fig:322,DPH,usuario,DPH,,,,,"2,4-Dimethyl-4-phenyltetrahydrofuran",82461-14-1,,,,,,molécula,,,Citrus,Rhubarb,Green,,fig,,,sin-estandar,,,,,,,,,,,,,,,,,,,,,,,
fig:323,DAC,usuario,DAC,,,,,"2,4-Dimethylbenzyl acetate",62346-96-7,,,,,,molécula,,,Floral,Fruity,Fresh,,fig,,,sin-estandar,,,,,,,,,,,,,,,,,,,,,,,
fig:324,DEM,usuario,DEM,,,,,"2,4-Dimethylcyclohex-3-ene-1-methanol",67634-17-7,,,,,,molécula,,,Floral,Fresh,Green,,fig,,,sin-estandar,,,,,,,,,,,,,,,,,,,,,,,
fig:325,DEN,usuario,DEN,,,,,"2,4-Dimethylcyclohex-3-ene-1-methyl acetate",67634-26-8,,,,,,molécula,,,Citrus,Fruity,Grapefruit,,fig,,,sin-estandar,,,,,,,,,,,,,,,,,,,,,,,
fig:326,DA2,usuario,DA2,,,,,"2,4-Dimethylcyclohexylmethyl acetate",67634-22-4,,,,,,molécula,,,Floral,Herbal,Woody,,fig,,,sin-estandar,,,,,,,,,,,,,,,,,,,,,,,
fig:327,Di6,usuario,Di6,,,,,"2,4-Dimethylpyridine",108-47-4,,,,,,molécula,,,Smoky,Phenolic,Animal Like,,fig,,,sin-estandar,,,,,,,,,,,,,,,,,,,,,,,
fig:328,HB,usuario,HB,,,,,"2,4-Hexadienyl butyrate",16930-93-1,,,,,,molécula,,,Green,Grape,Fruity,,fig,,,sin-estandar,,,,,,,,,,,,,,,,,,,,,,,
fig:329,HI,usuario,HI,,,,,"2,4-Hexadienyl isobutyrate",16491-24-0,,,,,,molécula,,,Green,Apple,Galbanum,,fig,,,sin-estandar,,,,,,,,,,,,,,,,,,,,,,,
fig:330,Na,usuario,Na,,,,,"2,4-Nonadienol-1",63450-36-2,,,,,,molécula,,,Green,Violet,Cucumber,,fig,,,sin-estandar,,,,,,,,,,,,,,,,,,,,,,,
fig:331,Xy,usuario,Xy,,,,,"2,4-Xylenol",105-67-9,,,,,,molécula,,,Smoky,Roasted,Balsamic,,fig,,,sin-estandar,,,,,,,,,,,,,,,,,,,,,,,
fig:332,OMM,usuario,OMM,,,,,"2,5 or 6-Methoxy-3-methylpyrazine (mixture of isomers)",68378-13-2,,,,,,molécula,,,Gourmand,Chocolate,Roasted,,fig,,,sin-estandar,,,,,,,,,,,,,,,,,,,,,,,
fig:333,TPH,usuario,TPH,,,,,"2,5,5-Trimethyl-2-phenyl-1,3-dioxane",5406-58-6,,,,,,molécula,,,Woody,Sandalwood,Camphoraceous,,fig,,,sin-estandar,,,,,,,,,,,,,,,,,,,,,,,
fig:334,THE,usuario,THE,,,,,"2,5,6-Trimethyl-4-heptenal",82784-84-7,,,,,,molécula,,,Green,Ozonic,Melon,,fig,,,sin-estandar,,,,,,,,,,,,,,,,,,,,,,,
fig:335,TDD,usuario,TDD,,,,,"2,5,7-Trimethyl-2-decene-6,8-dione",13851-06-4,,,,,,molécula,,,Herbal,Hay,Green,,fig,,,sin-estandar,,,,,,,,,,,,,,,,,,,,,,,
fig:336,Di7,usuario,Di7,,,,,"2,5-Diethyltetrahydrofuran",41239-48-9,,,,,,molécula,,,Gourmand,Caramel,Coffee,,fig,,,sin-estandar,,,,,,,,,,,,,,,,,,,,,,,
fig:337,DF,usuario,DF,,,,,"2,5-Dimethyl-4-methoxy-3(2H)-furanone",4077-47-8,,,,,,molécula,,,Fruity,Vegetable,Sweet,,fig,,,sin-estandar,,,,,,,,,,,,,,,,,,,,,,,
fig:338,Di8,usuario,Di8,,,,,"2,5-Dimethylpyrazine",123-32-0,,,,,,molécula,,,Food Like,Nutty,Roasted,,fig,,,sin-estandar,,,,,,,,,,,,,,,,,,,,,,,
fig:339,OOT,usuario,OOT,,,,,"2,5-Octadien-4-one, 5,6,7-trimethyl-, (2E,5E)-",847144-75-6,,,,,,molécula,,,Fruity,Sweet,Apple,,fig ifra-estandar,IFRA_STD_267,"2,5-Octadien-4-one, 5,6,7-trimethyl-, (2E)-",con-techo,,,,0.019,0.0057,0.12,0.11,0.027,0.027,0.027,0.027,0.063,0.22,0.22,0.011,0.21,0.75,0.75,0.42,0.42,sin-restriccion,,
fig:340,OO2,usuario,OO2,,,,,"2,5-Octadien-4-one, 5,6,7-trimethyl-, (2E,5Z)-",357650-26-1,,,,,,molécula,,,Fruity,Rose,Apple,,fig ifra-estandar,IFRA_STD_267,"2,5-Octadien-4-one, 5,6,7-trimethyl-, (2E)-",con-techo,,,,0.019,0.0057,0.12,0.11,0.027,0.027,0.027,0.027,0.063,0.22,0.22,0.011,0.21,0.75,0.75,0.42,0.42,sin-restriccion,,
fig:341,Xl,usuario,Xl,,,,,"2,5-Xylenol",95-87-4,,,,,,molécula,,,Smoky,Roasted,sweet,,fig,,,sin-estandar,,,,,,,,,,,,,,,,,,,,,,,
fig:342,TRU,usuario,TRU,,,,,"2,6,10-Trimethyl-9-undecenal",141-13-9,,,,,,molécula,,,Green,Ozonic,Aldehydic,,fig,,,sin-estandar,,,,,,,,,,,,,,,,,,,,,,,
fig:343,TRD,usuario,TRD,,,,,"2,6,10-Trimethylundeca-5,9-dienal",54082-68-7,,,,,,molécula,,,Aldehydic,Floral,Marine,,fig,,,sin-estandar,,,,,,,,,,,,,,,,,,,,,,,
fig:344,TDI,usuario,TDI,,,,,"2,6,10-Trimethylundeca-5,9-dienal (dihydroapofarnesal)",24048-13-3,,,,,,molécula,,,Aldehydic,Hyacinth,Muguet,,fig,,,sin-estandar,,,,,,,,,,,,,,,,,,,,,,,
fig:345,TD2,usuario,TD2,,,,,"2,6,10-Trimethylundeca-5,9-dienol",24048-14-4,,,,,,molécula,,,Aldehydic,Waxy,Floral,,fig ifra-estandar,IFRA_STD_195,"2,6,10-Trimethylundeca-5,9-dien-1-ol",con-techo,,,,0.21,0.062,1.2,1.2,0.29,0.29,0.29,0.29,0.68,2.4,2.4,0.12,2.3,8.1,8.1,4.5,4.5,sin-restriccion,,"2,6,10-Trimethylundeca-5,9-dienol | 5,9-Undecadien-1-ol, 2,6,10-trimethyl- | Dihydroapofarnesol | Profarnesol | 185019-19-6 and 58001-88-0: | (E)-2,6,10-Trimethylundeca-5,9-dien-1-ol"
fig:346,TCC,usuario,TCC,,,,,"2,6,6-Trimethyl-1&2-cyclohexen-1-carboxaldehyde",432-25-7,,,,,,molécula,,,Green,Saffron,Rose,,fig,,,sin-estandar,,,,,,,,,,,,,,,,,,,,,,,
fig:347,TC2,usuario,TC2,,,,,"2,6,6-Trimethyl-1-cyclohexen-1-acetaldehyde",472-66-2,,,,,,molécula,,,Herbal,Camphoraceous,Woody,,fig,,,sin-estandar,,,,,,,,,,,,,,,,,,,,,,,
fig:348,TH2,usuario,TH2,,,,,"2,6,6-Trimethylbicyclo[3.1.1]heptan-3-ol",473-54-1,,,,,,molécula,,,Aromatic,Pine,Woody,,fig,,,sin-estandar,,,,,,,,,,,,,,,,,,,,,,,
fig:349,TED,usuario,TED,,,,,"2,6,6-Trimethylcyclohex-2-ene-1,4-dione",1125-21-9,,,,,,molécula,,,Floral,Citrus,Green,,fig,,,sin-estandar,,,,,,,,,,,,,,,,,,,,,,,
fig:350,TDM,usuario,TDM,,,,,"2,6,6-Trimethylcyclohexa-1,3-dienyl methanal",116-26-7,,,,,,molécula,,,Herbal,Aldehydic,Tobacco,,fig ifra-estandar,IFRA_STD_082,"2,6,6-Trimethylcyclohex-1,3-dienyl methanal",con-techo,,,,0.0022,0.00066,0.013,0.012,0.0032,0.0032,0.0032,0.0032,0.0073,0.025,0.025,0.0013,0.024,0.087,0.087,0.048,0.048,sin-restriccion,,"2,6,6-Trimethylcyclohexa-1,3-diene-1-carbaldehyde | 2,6,6-Trimethyl-1,3-cyclohexadienal | 2,6,6-Trimethyl-1,3-cyclohexadien-1-carboxaldehyde | 1,1,3-Trimethyl-2-formylcyclohexa-2,4-diene | Dehydro-β-cyclocitral | Safranal (commercial name)"
fig:351,TON,usuario,TON,,,,,"2,6,8-Trimethylnonan-4-one",123-18-2,,,,,,molécula,,,Balsamic,Fruity,Oily,,fig,,,sin-estandar,,,,,,,,,,,,,,,,,,,,,,,
fig:352,Di9,usuario,Di9,,,,,"2,6-Dimethoxyphenol",91-10-1,,,,,,molécula,,,Food Like,Phenolic,Smoky,,fig,,,sin-estandar,,,,,,,,,,,,,,,,,,,,,,,
fig:353,DMD,usuario,DMD,,,,,"2,6-Dimethyl-10-methylene-2,6,11-dodecatrienal",17909-77-2,,,,,,molécula,,,Citrus,Mandarin,Aldehydic,,fig,,,sin-estandar,,,,,,,,,,,,,,,,,,,,,,,
fig:354,DIO,usuario,DIO,,,,,"2,6-Dimethyl-2,4,6-octatriene",3016-19-1,,,,,,molécula,,,Aromatic,Floral,Fresh,,fig,,,sin-estandar,,,,,,,,,,,,,,,,,,,,,,,
fig:355,DIH,usuario,DIH,,,,,"2,6-Dimethyl-2-heptanol",13254-34-7,,,,,,molécula,,,Floral,Fresh,Lavender,,fig,,,sin-estandar,,,,,,,,,,,,,,,,,,,,,,,
fig:356,DOA,usuario,DOA,,,,,"2,6-Dimethyl-2-octyl acetate",68480-08-0,,,,,,molécula,,,Aromatic,Citrus,Herbal,,fig,,,sin-estandar,,,,,,,,,,,,,,,,,,,,,,,
fig:357,DHE,usuario,DHE,,,,,"2,6-Dimethyl-4-heptanol",108-82-7,,,,,,molécula,,,Food Like,Yeast,Fermented,,fig,,,sin-estandar,,,,,,,,,,,,,,,,,,,,,,,
fig:358,DH2,usuario,DH2,,,,,"2,6-Dimethyl-4-heptanone",108-83-8,,,,,,molécula,,,Fruity,Wine lees*,Pineapple,,fig,,,sin-estandar,,,,,,,,,,,,,,,,,,,,,,,
fig:359,DH3,usuario,DH3,,,,,"2,6-Dimethyl-5-heptenal",106-72-9,,,,,,molécula,,,Aldehydic,Green,Fruity,,fig,,,sin-estandar,,,,,,,,,,,,,,,,,,,,,,,
fig:360,DEY,usuario,DEY,,,,,"2,6-Dimethyloct-7-en-2-yl formate",25279-09-8,,,,,,molécula,,,Citrus,Floral,Fruity,,fig,,,sin-estandar,,,,,,,,,,,,,,,,,,,,,,,
fig:361,DE2,usuario,DE2,,,,,"2,6-Dimethyloct-7-en-4-one",1879-00-1,,,,,,molécula,,,Fruity,Tagetes,Floral,,fig,,,sin-estandar,,,,,,,,,,,,,,,,,,,,,,,
fig:362,DIT,usuario,DIT,,,,,"2,6-Dimethylocta-2,4,6-triene",673-84-7,,,,,,molécula,,,Floral,Peppery,Herbal,,fig,,,sin-estandar,,,,,,,,,,,,,,,,,,,,,,,
fig:363,Di10,usuario,Di10,,,,,"2,6-Dimethylpyrazine",108-50-9,,,,,,molécula,,,Food Like,Nutty,Roasted,,fig,,,sin-estandar,,,,,,,,,,,,,,,,,,,,,,,
fig:364,Di11,usuario,Di11,,,,,"2,6-Dimethylpyridine",108-48-5,,,,,,molécula,,,Food Like,Nutty,Leathery,,fig,,,sin-estandar,,,,,,,,,,,,,,,,,,,,,,,
fig:365,NOL,usuario,NOL,,,,,"2,6-Nonadien-1-ol",7786-44-9,,,,,,molécula,,,Green,Fruity,Cucumber,,fig,,,sin-estandar,,,,,,,,,,,,,,,,,,,,,,,
fig:366,NDA,usuario,NDA,,,,,"2,6-Nonadienal diethyl acetal",67674-36-6,,,,,,molécula,,,Green,Cucumber,Oily,,fig,,,sin-estandar,,,,,,,,,,,,,,,,,,,,,,,
fig:367,Nd,usuario,Nd,,,,,"2,6-Nonadienenitrile",67019-89-0,,,,,,molécula,,,Floral,Violet,Green,,fig,,,sin-estandar,,,,,,,,,,,,,,,,,,,,,,,
fig:368,OI,usuario,OI,,,,,"2,6-Octadienal, 3,7-dimethyl-, acid-isomerized",90480-35-6,,,,,,molécula,,,Citrus,Lime,Fruity,,fig,,,sin-estandar,,,,,,,,,,,,,,,,,,,,,,,
fig:369,OP,usuario,OP,,,,,"2,6-Octadienal, 3,7-dimethyl-, reaction products with Et alc.",147060-73-9,,,,,,molécula,,,Citrus,Verbena,Lime,,fig,,,sin-estandar,,,,,,,,,,,,,,,,,,,,,,,
fig:370,OTH,usuario,OTH,,,,,"2,6-Octadiene-1-thiol, 3,7-dimethyl-",38237-00-2,,,,,,molécula,,,Citrus,Grapefruit,Sulfurous,,fig,,,sin-estandar,,,,,,,,,,,,,,,,,,,,,,,
fig:371,Xe,usuario,Xe,,,,,"2,6-Xylenol",576-26-1,,,,,,molécula,,,Smoky,Phenolic,Neutral,,fig,,,sin-estandar,,,,,,,,,,,,,,,,,,,,,,,
fig:372,DE3,usuario,DE3,,,,,"2,7-Dimethyloct-5-en-4-one",68419-46-5,,,,,,molécula,,,Floral,Chamomile,Marigold,,fig,,,sin-estandar,,,,,,,,,,,,,,,,,,,,,,,
fig:373,TAC,usuario,TAC,,,,,"2-[(3,3,5-Trimethylcyclohexyl)acetyl]cyclopentan-1-one",84642-57-9,,,,,,molécula,,,Woody,Animal Like,Amber,,fig,,,sin-estandar,,,,,,,,,,,,,,,,,,,,,,,
fig:374,IO,usuario,IO,,,,,"2-[7-Isopropyl-5-methylbicyclo[2.2.2]oct-5-en-2-yl]-1,3-dioxolane",94087-23-7,,,,,,molécula,,,Floral,Green,Muguet,,fig,,,sin-estandar,,,,,,,,,,,,,,,,,,,,,,,
fig:375,IY,usuario,IY,,,,,"2-[8-Isopropyl-6-methylbicyclo[2.2.2]oct-5-en-2-yl]-1,3-dioxolane",68901-32-6,,,,,,molécula,,,Green,Floral,Muguet,,fig,,,sin-estandar,,,,,,,,,,,,,,,,,,,,,,,
fig:376,AE,usuario,AE,,,,,2-Acetyl-3-ethylpyrazine,32974-92-8,,,,,,molécula,,,Earthy,Nutty,Popcorn,,fig,,,sin-estandar,,,,,,,,,,,,,,,,,,,,,,,
fig:377,AM,usuario,AM,,,,,2-Acetyl-3-methylpyrazine,23787-80-6,,,,,,molécula,,,Food Like,Nutty,Roasted,,fig,,,sin-estandar,,,,,,,,,,,,,,,,,,,,,,,
fig:378,ACM,usuario,ACM,,,,,2-Acetyl-5-methylfuran,1193-79-9,,,,,,molécula,,,Gourmand,Nutty,Hay,,fig,,,sin-estandar,,,,,,,,,,,,,,,,,,,,,,,
fig:379,Ac,usuario,Ac,,,,,2-Acetylpyridine,1122-62-9,,,,,,molécula,,,Food Like,Roasted,Waxy,,fig,,,sin-estandar,,,,,,,,,,,,,,,,,,,,,,,
fig:380,Ae,usuario,Ae,,,,,2-Acetylthiazole,24295-03-2,,,,,,molécula,,,Food Like,Popcorn,Roasted,,fig,,,sin-estandar,,,,,,,,,,,,,,,,,,,,,,,
fig:381,At,usuario,At,,,,,2-Acetylthiophene,88-15-3,,,,,,molécula,,,Sulfurous,Nutty,Food like,,fig,,,sin-estandar,,,,,,,,,,,,,,,,,,,,,,,
fig:382,Am,usuario,Am,,,,,2-Aminoacetophenone,551-93-9,,,,,,molécula,,,Floral,Neroli,Grape,,fig,,,sin-estandar,,,,,,,,,,,,,,,,,,,,,,,
fig:383,BDO,usuario,BDO,,,,,"2-Benzyl-1,3-dioxan-5-ol",4740-79-8,,,,,,molécula,,,Green,Floral,Aldehydic,,fig,,,sin-estandar,,,,,,,,,,,,,,,,,,,,,,,
fig:384,BME,usuario,BME,,,,,2-Benzyl-2-methylbut-3-enenitrile,97384-48-0,,,,,,molécula,,,Minty,Citrus,Fruity,,fig,,,sin-estandar,,,,,,,,,,,,,,,,,,,,,,,
fig:385,Be,usuario,Be,,,,,2-Benzylheptanol,92368-90-6,,,,,,molécula,,,Floral,Muguet,Jasmin,,fig,,,sin-estandar,,,,,,,,,,,,,,,,,,,,,,,
fig:386,BP,usuario,BP,,,,,2-Bornyl propionate,20279-25-8,,,,,,molécula,,,Woody,Fruity,Pine,,fig,,,sin-estandar,,,,,,,,,,,,,,,,,,,,,,,
fig:387,Bt,usuario,Bt,,,,,2-Butanol,78-92-2,,,,,,molécula,,,Fruity,Sweet,Fermented,,fig,,,sin-estandar,,,,,,,,,,,,,,,,,,,,,,,
fig:388,Ba,usuario,Ba,,,,,2-Butanone,78-93-3,,,,,,molécula,,,Fruity,Pear,Light,,fig,,,sin-estandar,,,,,,,,,,,,,,,,,,,,,,,
fig:389,BUP,usuario,BUP,,,,,"2-Butanone, phenylhydrazone",1129-62-0,,,,,,molécula,,,Animal like,Dry,Balsamic,,fig,,,sin-estandar,,,,,,,,,,,,,,,,,,,,,,,
fig:390,αBO,usuario,αBO,,,,,"2-Buten-1-one, 1-(2,6,6-trimethyl-3-cyclohexen-1-yl)-, [1alpha(E),alpha]- (9CI)",71048-83-4,,,,,,molécula,,alpha,Floral,Rose,Plum,,fig,,,sin-estandar,,,,,,,,,,,,,,,,,,,,,,,
fig:391,BAC,usuario,BAC,,,,,2-Butenoic acid,3724-65-0,,,,,,molécula,,,Acidic,cheesy,Green,,fig,,,sin-estandar,,,,,,,,,,,,,,,,,,,,,,,
fig:392,BT,usuario,BT,,,,,"2-Butyl-4,4,6-trimethyl-1,3-dioxane",54546-26-8,,,,,,molécula,,,Herbal,Green,Floral,,fig,,,sin-estandar,,,,,,,,,,,,,,,,,,,,,,,
fig:393,BUD,usuario,BUD,,,,,"2-Butyl-5,6-dihydro-2,4-dimethyl-2H-pyran",62062-85-5,,,,,,molécula,,,Green,Floral,Spicy,,fig,,,sin-estandar,,,,,,,,,,,,,,,,,,,,,,,
fig:394,Cc,usuario,Cc,,,,,2-Cyclohexylcyclohexanone,90-42-6,,,,,,molécula,,,Floral,Cyclamen,Cumin,,fig,,,sin-estandar,,,,,,,,,,,,,,,,,,,,,,,
fig:395,CYA,usuario,CYA,,,,,2-Cyclohexylethyl alcohol,4442-79-9,,,,,,molécula,,,Floral,Green,Peony,,fig,,,sin-estandar,,,,,,,,,,,,,,,,,,,,,,,
fig:396,CYT,usuario,CYT,,,,,2-Cyclohexylidene-2-o-tolylacetonitrile,916887-53-1,,,,,,molécula,,,Floral,Rose,Powdery,,fig ifra-estandar,IFRA_STD_225,2-Cyclohexylidene-2-ortho-tolylacetonitrile,con-techo,,,,0.066,0.027,0.33,0.52,0.13,0.13,0.13,0.043,0.066,0.99,0.99,0.043,1,0.066,3.6,0.043,0.043,66,,"2-Cyclohexylidene-2-ortho-tolylacetonitrile | 2-Cyclohexylidene-2-o-tolylacetonitrile | Benzeneacetonitrile, alpha-cyclohexylidene-2-methyl- | Benzeneacetonitrile, α-cyclohexylidene-2-methyl- | Petalia (commercial name)"
fig:397,Cl,usuario,Cl,,,,,2-Cyclohexylpropanal,2109-22-0,,,,,,molécula,,,Green,Aldehydic,Floral,,fig,,,sin-estandar,,,,,,,,,,,,,,,,,,,,,,,
fig:398,CO,usuario,CO,,,,,"2-Cyclopenten-1-one, 2-hydroxy-3,4-dimethyl-",21835-00-7,,,,,,molécula,,,Gourmand,Caramel,Anisic,,fig,,,sin-estandar,,,,,,,,,,,,,,,,,,,,,,,
fig:399,Co,usuario,Co,,,,,2-Cyclopentylcyclopentanone,4884-24-6,,,,,,molécula,,,Floral,Animal Like,Indolic,,fig,,,sin-estandar,,,,,,,,,,,,,,,,,,,,,,,
fig:400,Dn,usuario,Dn,,,,,2-Decanone,693-54-9,,,,,,molécula,,,Floral,Neroli,Peach,,fig,,,sin-estandar,,,,,,,,,,,,,,,,,,,,,,,
fig:401,De3,usuario,De3,,,,,2-Decenal,3913-71-1,,,,,,molécula,,,Aldehydic,Floral,Clean,,fig,,,sin-estandar,,,,,,,,,,,,,,,,,,,,,,,
fig:402,Dod,usuario,Dod,,,,,2-Dodecanone,6175-49-1,,,,,,molécula,,,Fruity,Citrus,Orange,,fig,,,sin-estandar,,,,,,,,,,,,,,,,,,,,,,,
fig:403,Do2,usuario,Do2,,,,,2-Dodecenal,4826-62-4,,,,,,molécula,,,Citrus,Aldehydic,Mandarin,,fig,,,sin-estandar,,,,,,,,,,,,,,,,,,,,,,,
fig:404,ET,usuario,ET,,,,,"2-Ethoxy-2,6,6-trimethyl-9-methylenebicyclo[3.3.1]nonane",68845-00-1,,,,,,molécula,,,Woody,Warm,Amber,,fig,,,sin-estandar,,,,,,,,,,,,,,,,,,,,,,,
fig:405,EMP,usuario,EMP,,,,,2-Ethoxy-4-(methoxymethyl)phenol,5595-79-9,,,,,,molécula,,,Floral,Spicy,Carnation,,fig,,,sin-estandar,,,,,,,,,,,,,,,,,,,,,,,
fig:406,EMM,usuario,EMM,,,,,2-Ethoxy-4-[(1-methylethoxy)methyl] phenol,96840-56-1,,,,,,molécula,,,Spicy,Floral,Sweet,,fig,,,sin-estandar,,,,,,,,,,,,,,,,,,,,,,,
fig:407,EME,usuario,EME,,,,,2-Ethoxy-4-methylphenol,2563-07-7,,,,,,molécula,,,Gourmand,Vanilla,Sweet,,fig ifra-estandar,IFRA_STD_033,2-Ethoxy-4-methylphenol,con-techo,,,,0.0087,0.0053,0.017,0.099,0.025,0.017,0.025,0.0058,0.0087,0.044,0.044,0.0058,0.052,0.052,0.052,0.0058,0.0058,4.2,,"2-Ethoxy-p-cresol | 2-Ethoxy-4-methylphenol | 4-Methyl-2-ethoxyphenol | Phenol, 2-ethoxy-4-methyl- | Ultravanil (commercial name) | Supravanil (commercial name)"
fig:408,EN,usuario,EN,,,,,"2-Ethyl-1,3,3-trimethyl-2-norbornanol",18368-91-7,,,,,,molécula,,,Earthy,Rooty,Camphoraceous,,fig,,,sin-estandar,,,,,,,,,,,,,,,,,,,,,,,
fig:409,ETB,usuario,ETB,,,,,2-Ethyl-1-butanol,97-95-0,,,,,,molécula,,,Fruity,Sweet,Berry,,fig,,,sin-estandar,,,,,,,,,,,,,,,,,,,,,,,
fig:410,ETH,usuario,ETH,,,,,2-Ethyl-1-hexanol,104-76-7,,,,,,molécula,,,Camphoraceous,Aldehydic,Sweet,,fig,,,sin-estandar,,,,,,,,,,,,,,,,,,,,,,,
fig:411,EM2,usuario,EM2,,,,,2-Ethyl-3-methylpyrazine,15707-23-0,,,,,,molécula,,,Food Like,Nutty,Corn,,fig,,,sin-estandar,,,,,,,,,,,,,,,,,,,,,,,
fig:412,EY,usuario,EY,,,,,"2-Ethyl-4-(2,2,3-trimethyl-3-cyclopenten-1-yl)-2-buten-1-ol",28219-61-6,,,,,,molécula,,,Woody,Sandalwood,Creamy,,fig,,,sin-estandar,,,,,,,,,,,,,,,,,,,,,,,
fig:413,EF,usuario,EF,,,,,2-Ethyl-4-hydroxy-5-methyl-3(2H)-furanone,27538-09-6,,,,,,molécula,,,Gourmand,Sweet,Maple,,fig ifra-estandar,IFRA_STD_226,Ethyl and Methyl furaneol,con-techo,,,,0.045,0.014,0.27,0.25,0.064,0.064,0.064,0.021,0.15,0.52,0.52,0.021,0.49,0.98,1.8,0.021,0.021,sin-restriccion,,
fig:414,EHM,usuario,EHM,,,,,2-Ethyl-4-hydroxy-5-methylfuran-3(2H)-one,27538-10-9,,,,,,molécula,,,Gourmand,Caramel,Butterscotch,,fig ifra-estandar,IFRA_STD_226,Ethyl and Methyl furaneol,con-techo,,,,0.045,0.014,0.27,0.25,0.064,0.064,0.064,0.021,0.15,0.52,0.52,0.021,0.49,0.98,1.8,0.021,0.021,sin-restriccion,,
fig:415,EM3,usuario,EM3,,,,,2-Ethyl-4-methylthiazole,15679-12-6,,,,,,molécula,,,Food Like,Green,Nutty,,fig,,,sin-estandar,,,,,,,,,,,,,,,,,,,,,,,
fig:416,EM4,usuario,EM4,,,,,2-Ethyl-5-methoxybicyclo[2.2.1]heptane,122795-41-9,,,,,,molécula,,,Citrus,Green,Herbal,,fig,,,sin-estandar,,,,,,,,,,,,,,,,,,,,,,,
fig:417,EM5,usuario,EM5,,,,,2-Ethyl-5-methylpyrazine,13360-64-0,,,,,,molécula,,,Food Like,Coffee,Roasted,,fig,,,sin-estandar,,,,,,,,,,,,,,,,,,,,,,,
fig:418,ETA,usuario,ETA,,,,,2-Ethylbutyl acetate,10031-87-5,,,,,,molécula,,,Fruity,Sweet,Floral,,fig,,,sin-estandar,,,,,,,,,,,,,,,,,,,,,,,
fig:419,EAC,usuario,EAC,,,,,2-Ethylbutyric acid,88-09-5,,,,,,molécula,,,Acidic,Neutral,Pungent,,fig,,,sin-estandar,,,,,,,,,,,,,,,,,,,,,,,
fig:420,EI,usuario,EI,,,,,2-Ethyl-dimethylpyrazine (isomer unspecified),27043-05-6,,,,,,molécula,,,Gourmand,Toasted,Nutty,,fig,,,sin-estandar,,,,,,,,,,,,,,,,,,,,,,,
fig:421,Eh,usuario,Eh,,,,,2-Ethylfuran,3208-16-0,,,,,,molécula,,,Gourmand,Sweet,Malty,,fig,,,sin-estandar,,,,,,,,,,,,,,,,,,,,,,,
fig:422,Ey,usuario,Ey,,,,,2-Ethylhexanal,123-05-7,,,,,,molécula,,,Fruity,Green,Oily,,fig,,,sin-estandar,,,,,,,,,,,,,,,,,,,,,,,
fig:423,EA2,usuario,EA2,,,,,2-Ethylhexyl acetate,103-09-3,,,,,,molécula,,,Fruity,Sweet,Berry,,fig,,,sin-estandar,,,,,,,,,,,,,,,,,,,,,,,
fig:424,EAL,usuario,EAL,,,,,2-Ethylidenedecan-1-al,64825-20-3,,,,,,molécula,,,Aldehydic,Fresh,Mandarin,,fig,,,sin-estandar,,,,,,,,,,,,,,,,,,,,,,,
fig:425,El,usuario,El,,,,,2-Ethylpyrazine,13925-00-3,,,,,,molécula,,,Food Like,Peanut,Cocoa,,fig,,,sin-estandar,,,,,,,,,,,,,,,,,,,,,,,
fig:426,FD,usuario,FD,,,,,"2-Formyl-6,6-dimethylbicyclo(3.1.1)hept-2-ene",564-94-3,,,,,,molécula,,,Spicy,Cinnamon,Tonka,,fig,,,sin-estandar,,,,,,,,,,,,,,,,,,,,,,,
fig:427,FF,usuario,FF,,,,,2-Furanmethanethiol formate,59020-90-5,,,,,,molécula,,,Sulfurous,Nutty,Coffee,,fig,,,sin-estandar,,,,,,,,,,,,,,,,,,,,,,,
fig:428,FK,usuario,FK,,,,,2-Furyl methyl ketone,1192-62-7,,,,,,molécula,,,Gourmand,Sweet,Milky,,fig,,,sin-estandar,,,,,,,,,,,,,,,,,,,,,,,
fig:429,MD,usuario,MD,,,,,"2H-​2,​4a-​Methanonaphthalen-​1(5H)​-​one, hexahydro-​5,​5-​dimethyl-​2-​propyl-",1392277-05-2,,,,,,molécula,,,Woody,Amber,Dry,,fig,,,sin-estandar,,,,,,,,,,,,,,,,,,,,,,,
fig:430,MHM,usuario,MHM,,,,,"2H-​2,​4a-​Methanonaphthalene, 1,​3,​4,​5,​6,​7-​hexahydro-​7-​methoxy-​1,​1,​5,​5-​tetramethyl-",676125-00-1,,,,,,molécula,,,Woody,Vetiver,Grapefruit,,fig,,,sin-estandar,,,,,,,,,,,,,,,,,,,,,,,
fig:431,CF,usuario,CF,,,,,"2H-​Cyclopenta[b]​furan, hexahydro-​6,​6,​6a-​trimethyl-​2-​(1-​methylpropyl)​-",1127890-59-8,,,,,,molécula,,,Fruity,Woody,Green,,fig,,,sin-estandar,,,,,,,,,,,,,,,,,,,,,,,
fig:432,POT,usuario,POT,,,,,"2H-​Pyran-​2-​one, tetrahydro-​5-​pentyl-",875471-31-1,,,,,,molécula,,,Citrus,Verbena,Green,,fig,,,sin-estandar,,,,,,,,,,,,,,,,,,,,,,,
fig:433,PYO,usuario,PYO,,,,,"2H-​Pyran-​2-​one, tetrahydro-​5-​propyl-",214335-70-3,,,,,,molécula,,,Gourmand,Coconut,Tobacco,,fig,,,sin-estandar,,,,,,,,,,,,,,,,,,,,,,,
fig:434,POE,usuario,POE,,,,,"2H-​Pyran-​4-​ol, 2-​(1-​ethylpropyl)​tetrahydro-​4-​methyl-",1099648-69-7,,,,,,molécula,,,Green,Floral,Verbena,,fig,,,sin-estandar,,,,,,,,,,,,,,,,,,,,,,,
fig:435,PYH,usuario,PYH,,,,,"2H-​Pyran, 3-​heptyltetrahydro-",854737-09-0,,,,,,molécula,,,Green,Coriander,Aldehydic,,fig,,,sin-estandar,,,,,,,,,,,,,,,,,,,,,,,
fig:436,PTM,usuario,PTM,,,,,"2H-​Pyran, tetrahydro-​4-​methylene-​2-​phenyl-",60335-74-2,,,,,,molécula,,,Floral,Green,Rose,,fig,,,sin-estandar,,,,,,,,,,,,,,,,,,,,,,,
fig:437,BOM,usuario,BOM,,,,,"2H-1,5-Benzodioxepin-3(4H)-one, 7-(1-methylethyl)-",950919-28-5,,,,,,molécula,,,Floral,Green,Marine,,fig,,,sin-estandar,,,,,,,,,,,,,,,,,,,,,,,
fig:438,Ht,usuario,Ht,,,,,2-Heptanol,543-49-7,,,,,,molécula,,,Herbal,Fresh,Lemongrass,,fig,,,sin-estandar,,,,,,,,,,,,,,,,,,,,,,,
fig:439,Ha,usuario,Ha,,,,,2-Heptanone,110-43-0,,,,,,molécula,,,Herbal,Fruity,Pear,,fig,,,sin-estandar,,,,,,,,,,,,,,,,,,,,,,,
fig:440,HEA,usuario,HEA,,,,,2-Heptyl acetate,5921-82-4,,,,,,molécula,,,Fruity,Fenugreek,Green,,fig,,,sin-estandar,,,,,,,,,,,,,,,,,,,,,,,
fig:441,HDI,usuario,HDI,,,,,"2-Heptyl-1,3-dioxolane",4359-57-3,,,,,,molécula,,,Citrus,Orange,Aldehydic,,fig,,,sin-estandar,,,,,,,,,,,,,,,,,,,,,,,
fig:442,Hy,usuario,Hy,,,,,2-Heptylcyclopentanone,137-03-1,,,,,,molécula,,,Floral,Jasmin,Fruity,,fig,,,sin-estandar,,,,,,,,,,,,,,,,,,,,,,,
fig:443,HON,usuario,HON,,,,,2-Heptylidenecyclopentan-1-one,39189-74-7,,,,,,molécula,,,Floral,Fruity,Jasmin,,fig ifra-estandar,IFRA_STD_038,2-Heptylidene cyclopentan-1-one,con-techo,,,,0.077,0.023,0.46,0.43,0.11,0.11,0.11,0.11,0.25,0.88,0.88,0.045,0.84,3,3,1.7,1.7,sin-restriccion,,"2-Heptylidenecyclopentanone | 2-Heptylidenecyclopentan-1-one | Cyclopentanone, 2-heptylidene-"
fig:444,Hep,usuario,Hep,,,,,2-Heptyltetrahydrofuran,2435-16-7,,,,,,molécula,,,Green,Rose,Floral,,fig,,,sin-estandar,,,,,,,,,,,,,,,,,,,,,,,
fig:445,HOL,usuario,HOL,,,,,"2-Hexadecen-1-ol, 3,7,11,15-tetramethyl-",7541-49-3,,,,,,molécula,,,Floral,Green,Jasmin,,fig,,,sin-estandar,,,,,,,,,,,,,,,,,,,,,,,
fig:446,Hn,usuario,Hn,,,,,2-Hexanol,626-93-7,,,,,,molécula,,,Herbal,Fruity,Green,,fig,,,sin-estandar,,,,,,,,,,,,,,,,,,,,,,,
fig:447,HO2,usuario,HO2,,,,,2-Hexen-1-ol,2305-21-7,,,,,,molécula,,,Green,Sharp,Leafy,,fig,,,sin-estandar,,,,,,,,,,,,,,,,,,,,,,,
fig:448,HOM,usuario,HOM,,,,,"2-Hexen-1-ol, 3-methyl-, 1-acetate",341017-24-1,,,,,,molécula,,,Fruity,Apple,Pear,,fig,,,sin-estandar,,,,,,,,,,,,,,,,,,,,,,,
fig:449,Hex,usuario,Hex,,,,,2-Hexenal,505-57-7,,,,,,molécula,,,Green,Aldehydic,Floral,,fig ifra-estandar,IFRA_STD_039,2-Hexenal,con-techo,,,,0.0014,0.00041,0.0083,0.0077,0.002,0.002,0.002,0.00067,0.0045,0.016,0.016,0.00067,0.015,0.054,0.054,0.00067,0.00067,sin-restriccion,,
fig:450,HEC,usuario,HEC,,,,,2-Hexyl-(E)-cinnamaldehyde,165184-98-5,,,,,,molécula,,,Floral,Jasmin,Citrus,,fig,,,sin-estandar,,,,,,,,,,,,,,,,,,,,,,,
fig:451,HD2,usuario,HD2,,,,,"2-Hexyl-1,3-dioxolane",1708-34-5,,,,,,molécula,,,Fruity,Fresh,Green,,fig,,,sin-estandar,,,,,,,,,,,,,,,,,,,,,,,
fig:452,Hl,usuario,Hl,,,,,2-Hexylcyclopentanone,13074-65-2,,,,,,molécula,,,Floral,Jasmin,Fruity,,fig,,,sin-estandar,,,,,,,,,,,,,,,,,,,,,,,
fig:453,HCY,usuario,HCY,,,,,2-Hexylidene cyclopentanone,17373-89-6,,,,,,molécula,,,Floral,Jasmin,Green,,fig ifra-estandar,IFRA_STD_041,alpha-Hexylidene cyclopentanone,con-techo,,,,0.023,0.0069,0.14,0.13,0.033,0.033,0.033,0.033,0.076,0.26,0.26,0.014,0.25,0.9,0.9,0.5,0.5,sin-restriccion,,"2-Hexylidene cyclopentanone | Cyclopentanone, 2-hexylidene- | 2-Hexylidene cyclopentanone | Jasmalone (commercial name)"
fig:454,HO3,usuario,HO3,,,,,2-Hexylidenecyclohexan-1-one,16429-07-5,,,,,,molécula,,,Green,Floral,Muguet,,fig ifra-estandar,IFRA_STD_227,2-Hexylidenecyclohexan-1-one,con-techo,,,,0.023,0.0069,0.14,0.13,0.033,0.033,0.033,0.033,0.076,0.26,0.26,0.014,0.25,0.9,0.9,0.5,0.5,sin-restriccion,,"2-Hexylidenecyclohexan-1-one | 2-Hexylidenecyclohexanone | Cyclohexanone, 2-hexylidene-"
fig:455,IF,usuario,IF,,,,,"2H-Indeno[4,5b] furan, decahydro-2,2,6,6,7,8,8-heptamethyl",476332-65-7,,,,,,molécula,,,Amber,Woody,Dry,,fig,,,sin-estandar,,,,,,,,,,,,,,,,,,,,,,,
fig:456,PR,usuario,PR,,,,,"2H-Pyran, tetrahydro-4-methyl-2-phenyl-, (2R,4R)-rel-",149713-24-6,,,,,,molécula,,,Floral,Rose,Green,,fig,,,sin-estandar,,,,,,,,,,,,,,,,,,,,,,,
fig:457,PYT,usuario,PYT,,,,,"2H-Pyran, tetrahydro-4-methyl-2-phenyl-,(2R,4S)-rel",149713-23-5,,,,,,molécula,,,Floral,Rose,Green,,fig,,,sin-estandar,,,,,,,,,,,,,,,,,,,,,,,
fig:458,Hd,usuario,Hd,,,,,2-Hydroxyacetophenone,118-93-4,,,,,,molécula,,,Balsamic,Phenolic,Honey,,fig,,,sin-estandar,,,,,,,,,,,,,,,,,,,,,,,
fig:459,αHA,usuario,αHA,,,,,"2-Hydroxy-alpha,alpha,4-trimethylcyclohexanemethanol",42822-86-6,,,,,,molécula,,alpha,Floral,Geranium,Rose,,fig,,,sin-estandar,,,,,,,,,,,,,,,,,,,,,,,
fig:460,HP,usuario,HP,,,,,2-Hydroxyethyl phenoxyacetate,1984-60-7,,,,,,molécula,,,Floral,Green,Rose,,fig,,,sin-estandar,,,,,,,,,,,,,,,,,,,,,,,
fig:461,γHA,usuario,γHA,,,,,2-Hydroxymethylbenzoic acid gamma lactone,87-41-2,,,,,,molécula,,gamma,Tobacco like,Hay,Coconut,,fig,,,sin-estandar,,,,,,,,,,,,,,,,,,,,,,,
fig:462,ISM,usuario,ISM,,,,,2-Isobutyl-3-methoxypyrazine,24683-00-9,,,,,,molécula,,,Green,Galbanum,Pea,,fig,,,sin-estandar,,,,,,,,,,,,,,,,,,,,,,,
fig:463,IME,usuario,IME,,,,,2-Isobutyl-3-methylpyrazine,13925-06-9,,,,,,molécula,,,Gourmand,Caramel,Herbal,,fig,,,sin-estandar,,,,,,,,,,,,,,,,,,,,,,,
fig:464,IMP,usuario,IMP,,,,,2-Isobutyl-4-methyltetrahydro-2H-pyran-4-ol (Pyranol),63500-71-0,,,,,,molécula,,,Floral,Muguet,Soft,,fig,,,sin-estandar,,,,,,,,,,,,,,,,,,,,,,,
fig:465,Is,usuario,Is,,,,,2-Isobutylquinoline,93-19-6,,,,,,molécula,,,Woody,Amber,Dry,,fig,,,sin-estandar,,,,,,,,,,,,,,,,,,,,,,,
fig:466,Io,usuario,Io,,,,,2-Isobutylthiazole,18640-74-9,,,,,,molécula,,,Green,Earthy,Metallic,,fig,,,sin-estandar,,,,,,,,,,,,,,,,,,,,,,,
fig:467,IM2,usuario,IM2,,,,,2-Isopropyl-4-methylanisole,31574-44-4,,,,,,molécula,,,Green,Aromatic,Herbal,,fig,,,sin-estandar,,,,,,,,,,,,,,,,,,,,,,,
fig:468,IM3,usuario,IM3,,,,,2-Isopropyl-4-methylthiazole,15679-13-7,,,,,,molécula,,,Fruity,Apricot,Peach,,fig,,,sin-estandar,,,,,,,,,,,,,,,,,,,,,,,
fig:469,IMH,usuario,IMH,,,,,2-Isopropyl-5-methyl-2-hexenal,35158-25-9,,,,,,molécula,,,Herbal,Lavender,Woody,,fig,,,sin-estandar,,,,,,,,,,,,,,,,,,,,,,,
fig:470,Ip,usuario,Ip,,,,,2-Isopropylphenol,88-69-7,,,,,,molécula,,,Animal like,Phenolic,Woody,,fig,,,sin-estandar,,,,,,,,,,,,,,,,,,,,,,,
fig:471,MMP,usuario,MMP,,,,,2-Methoxy-3-(1-methylpropyl)pyrazine,24168-70-5,,,,,,molécula,,,Green,Galbanum,Pea,,fig,,,sin-estandar,,,,,,,,,,,,,,,,,,,,,,,
fig:472,MAI,usuario,MAI,,,,,2-Methoxy-3(5 and 6)-isopropylpyrazine,25773-40-4,,,,,,molécula,,,Gourmand,Chocolate,Ethereal,,fig,,,sin-estandar,,,,,,,,,,,,,,,,,,,,,,,
fig:473,MM3,usuario,MM3,,,,,2-Methoxy-3-methylpyrazine,2847-30-5,,,,,,molécula,,,Green,Almond,Peanut,,fig,,,sin-estandar,,,,,,,,,,,,,,,,,,,,,,,
fig:474,MM4,usuario,MM4,,,,,2-Methoxy-4-methylphenol,93-51-6,,,,,,molécula,,,Spicy,Smoky,Vanilla,,fig ifra-estandar,IFRA_STD_058,2-Methoxy-4-methylphenol,con-techo,,,,0.0085,0.0025,0.051,0.047,0.012,0.012,0.012,0.012,0.028,0.096,0.096,0.005,0.092,0.33,0.33,0.18,0.18,sin-restriccion,,"Creosol | p-Creosol | p-Cresol, 2-methoxy- | Homoguaiacol | 1-Hydroxy-2-methoxy-4-methylbenzene | 4-Hydroxy-3-methoxytoluene | 2-Methoxy-p-cresol | 3-Methoxy-4-hydroxytoluene | 4-Methylguaiacol | p-Methylguaiacol | 4-Methyl-2-methoxyphenol | Phenol, 2-methoxy-4-methyl- | Valspice (commercial name)"
fig:475,MP2,usuario,MP2,,,,,2-Methoxy-4-propylphenol,2785-87-7,,,,,,molécula,,,Spicy,Dry,Bayleaf,,fig ifra-estandar,IFRA_STD_191,2-Methoxy-4-propylphenol,con-techo,,,,0.13,0.039,0.78,0.73,0.19,0.19,0.19,0.062,0.43,1.5,1.5,0.062,1.4,1.4,5.1,0.062,0.062,sin-restriccion,,"Phenol, 2-methoxy-4-propyl- | 4-Propyl-ortho-methoxyphenol | 4-Propylguaicol | 5-Propyl-ortho-hydroxyanisole | Dihydroeugenol"
fig:476,MEV,usuario,MEV,,,,,2-Methoxy-4-vinylphenol,7786-61-0,,,,,,molécula,,,Spicy,Sweet,Clove,,fig,,,sin-estandar,,,,,,,,,,,,,,,,,,,,,,,
fig:477,MEQ,usuario,MEQ,,,,,2-Methyl quinoline,91-63-4,,,,,,molécula,,,Green,Woody,Medicinal,,fig,,,sin-estandar,,,,,,,,,,,,,,,,,,,,,,,
fig:478,MHO,usuario,MHO,,,,,2-Methyl-2-hepten-6-ol,1569-60-4,,,,,,molécula,,,Green,Floral,Citrus,,fig,,,sin-estandar,,,,,,,,,,,,,,,,,,,,,,,
fig:479,MP3,usuario,MP3,,,,,2-Methyl-2-pentenal,623-36-9,,,,,,molécula,,,Herbal,Fresh,Floral,,fig ifra-estandar,IFRA_STD_228,2-Methyl-2-pentenal,con-techo,,,,0.0014,0.00041,0.0083,0.0077,0.002,0.002,0.002,0.00067,0.0045,0.016,0.016,0.00067,0.015,0.054,0.054,0.00067,0.00067,sin-restriccion,,"2-Methyl-2-pentenal | 2-Methylpent-2-enal | 2-Pentenal, 2-methyl- | 2,4-Dimethylcrotonaldehyde | α-Methyl-β-ethylacrolein | alpha-Methyl-beta-ethylacrolein"
fig:480,MPA,usuario,MPA,,,,,2-Methyl-2-pentenoic acid,16957-70-3,,,,,,molécula,,,Fruity,Strawberry,Woody,,fig,,,sin-estandar,,,,,,,,,,,,,,,,,,,,,,,
fig:481,MP4,usuario,MP4,,,,,2-Methyl-2-propanol,75-65-0,,,,,,molécula,,,Aromatic,Camphoraceous,Herbal,,fig,,,sin-estandar,,,,,,,,,,,,,,,,,,,,,,,
fig:482,MOP,usuario,MOP,,,,,2-Methyl-3-(1-oxopropoxy)-4H-pyran-4-one,68555-63-5,,,,,,molécula,,,Gourmand,Sweet,Strawberry,,fig,,,sin-estandar,,,,,,,,,,,,,,,,,,,,,,,
fig:483,MIP,usuario,MIP,,,,,2-Methyl-3-(p-isopropylphenyl)propionaldehyde,103-95-7,,,,,,molécula,,,Floral,Green,Cyclamen,,fig ifra-estandar,IFRA_STD_025,Cyclamen aldehyde,con-techo,especificación (STD 025),,,0.11,0.14,0.038,0.95,0.45,0.076,0.076,0.025,0.076,0.076,0.076,0.025,0.23,0.23,0.72,0.025,0.025,16,,"Benzenepropanal, α-methyl-4-(1-methylethyl)- | Benzenepropanol, .α.-methyl-4-(1-methylethyl)- | 3-p-Cumenyl-2-methylpropionaldehyde | p-Isopropyl-α-methylhydrocinnamaldehyde | 3-(4-Isopropylphenyl)-2-methylpropanal | 2-Methyl-3-(p-isopropylphenyl)propionaldehyde | α-Methyl-p-isopropylphenylpropylaldehyde | α-Methyl-4-(1-methylethyl)benzenepropanal | Cyclamal (commercial name) | Cyclaviol (commercial name) | Cyclosal (commercial name)"
fig:484,MOE,usuario,MOE,,,,,"2-Methyl-3,5 or 6-ethoxypyrazine",32737-14-7,,,,,,molécula,,,Gourmand,Sweet,Nutty,,fig,,,sin-estandar,,,,,,,,,,,,,,,,,,,,,,,
fig:485,MBO,usuario,MBO,,,,,2-Methyl-3-buten-2-ol,115-18-4,,,,,,molécula,,,Herbal,Earthy,Oily,,fig,,,sin-estandar,,,,,,,,,,,,,,,,,,,,,,,
fig:486,MTO,usuario,MTO,,,,,2-Methyl-3-tolylpropionaldehyde,41496-43-9,,,,,,molécula,,,Floral,Citrus,Balsamic,,fig,,,sin-estandar,,,,,,,,,,,,,,,,,,,,,,,
fig:487,MTC,usuario,MTC,,,,,"2-Methyl-4-(2,2,3-trimethyl-3-cyclopenten-1-yl)-2-buten-1-ol",28219-60-5,,,,,,molécula,,,Woody,Sandalwood,Creamy,,fig,,,sin-estandar,,,,,,,,,,,,,,,,,,,,,,,
fig:488,MTR,usuario,MTR,,,,,"2-Methyl-4-(2,2,3-trimethyl-3-cyclopenten-1-yl)-4-penten-1-ol",104864-90-6,,,,,,molécula,,,Woody,Sandalwood,Pungent,,fig,,,sin-estandar,,,,,,,,,,,,,,,,,,,,,,,
fig:489,MTCB,usuario,MTCB,,,,,"2-Methyl-4(2,2,3-trimethyl-3-cyclopentenyl)butanol",72089-08-8,,,,,,molécula,,,Woody,Sandalwood,Warm,,fig,,,sin-estandar,,,,,,,,,,,,,,,,,,,,,,,
fig:490,MTEY,usuario,MTEY,,,,,"2-Methyl-4-(2,6,6-trimethylcyclohex-1-en-1-yl)-2-butenal",3155-71-3,,,,,,molécula,,,Floral,Violet,Osmanthus,,fig,,,sin-estandar,,,,,,,,,,,,,,,,,,,,,,,
fig:491,MCC,usuario,MCC,,,,,2-Methyl-4-(camphenyl-8)-cyclohexanone,68901-22-4,,,,,,molécula,,,Animal like,Woody,Amber,,fig,,,sin-estandar,,,,,,,,,,,,,,,,,,,,,,,
fig:492,MPD,usuario,MPD,,,,,"2-Methyl-4-phenyl-1,3-dioxolane",33941-99-0,,,,,,molécula,,,Animal like,Floral,Jasmin,,fig,,,sin-estandar,,,,,,,,,,,,,,,,,,,,,,,
fig:493,MPB,usuario,MPB,,,,,2-Methyl-4-phenyl-2-butanol,103-05-9,,,,,,molécula,,,Floral,Rose,Citrus,,fig,,,sin-estandar,,,,,,,,,,,,,,,,,,,,,,,
fig:494,MPH,usuario,MPH,,,,,2-Methyl-4-phenyl-2-butyl acetate,103-07-1,,,,,,molécula,,,Floral,Rose,Tea,,fig,,,sin-estandar,,,,,,,,,,,,,,,,,,,,,,,
fig:495,MPBI,usuario,MPBI,,,,,2-Methyl-4-phenyl-2-butyl isobutyrate,10031-71-7,,,,,,molécula,,,Fruity,Sweet,Tropical-Fruit,,fig,,,sin-estandar,,,,,,,,,,,,,,,,,,,,,,,
fig:496,MP5,usuario,MP5,,,,,2-Methyl-4-phenylbutyraldehyde,40654-82-8,,,,,,molécula,,,Floral,Earthy,Musty,,fig,,,sin-estandar,,,,,,,,,,,,,,,,,,,,,,,
fig:497,MP6,usuario,MP6,,,,,2-Methyl-4-phenylpentanol,92585-24-5,,,,,,molécula,,,Citrus,Grapefruit,Fresh,,fig,,,sin-estandar,,,,,,,,,,,,,,,,,,,,,,,
fig:498,MPO,usuario,MPO,,,,,"2-Methyl-4-propyl-1,3-oxathiane",67715-80-4,,,,,,molécula,,,Green,Tropical-Fruit,Galbanum,,fig,,,sin-estandar,,,,,,,,,,,,,,,,,,,,,,,
fig:499,MF,usuario,MF,,,,,2-Methyl-5-(methylthio)furan,13678-59-6,,,,,,molécula,,,Food Like,Roasted,Coffee,,fig,,,sin-estandar,,,,,,,,,,,,,,,,,,,,,,,
fig:500,MP7,usuario,MP7,,,,,2-Methyl-5-phenylpentanol,25634-93-9,,,,,,molécula,,,Floral,Rose,Powdery,,fig,,,sin-estandar,,,,,,,,,,,,,,,,,,,,,,,
fig:501,Mh,usuario,Mh,,,,,2-Methylbutanol,137-32-6,,,,,,molécula,,,Fruity,Fresh,Green,,fig,,,sin-estandar,,,,,,,,,,,,,,,,,,,,,,,
fig:502,MM5,usuario,MM5,,,,,2-Methylbutyl 2-methylbutyrate,2445-78-5,,,,,,molécula,,,Fruity,Pear,Apple,,fig,,,sin-estandar,,,,,,,,,,,,,,,,,,,,,,,
fig:503,MM6,usuario,MM6,,,,,2-Methylbutyl 3-methylbutanoate,2445-77-4,,,,,,molécula,,,Fruity,Apple,Pear,,fig,,,sin-estandar,,,,,,,,,,,,,,,,,,,,,,,
fig:504,MEA,usuario,MEA,,,,,2-Methylbutyl acetate,624-41-9,,,,,,molécula,,,Fruity,Sweet,Banana,,fig,,,sin-estandar,,,,,,,,,,,,,,,,,,,,,,,
fig:505,MBU,usuario,MBU,,,,,2-Methylbutyl butyrate,51115-64-1,,,,,,molécula,,,Fruity,Apple,Floral,,fig,,,sin-estandar,,,,,,,,,,,,,,,,,,,,,,,
fig:506,My,usuario,My,,,,,2-Methylbutyraldehyde,96-17-3,,,,,,molécula,,,Gourmand,Cocoa,Coffee,,fig,,,sin-estandar,,,,,,,,,,,,,,,,,,,,,,,
fig:507,Met,usuario,Met,,,,,2-Methyldecanal,19009-56-4,,,,,,molécula,,,Aldehydic,Citrus,Floral,,fig,,,sin-estandar,,,,,,,,,,,,,,,,,,,,,,,
fig:508,Me2,usuario,Me2,,,,,2-Methyldecanenitrile,69300-15-8,,,,,,molécula,,,Fruity,Peach,Jasmin,,fig,,,sin-estandar,,,,,,,,,,,,,,,,,,,,,,,
fig:509,MAC,usuario,MAC,,,,,2-Methylheptanoic acid,1188-02-9,,,,,,molécula,,,Food Like,Waxy,Cheesy,,fig,,,sin-estandar,,,,,,,,,,,,,,,,,,,,,,,
fig:510,Me3,usuario,Me3,,,,,2-Methylnaphthalene,91-57-6,,,,,,molécula,,,Floral,Sweet,Woody,,fig,,,sin-estandar,,,,,,,,,,,,,,,,,,,,,,,
fig:511,Me4,usuario,Me4,,,,,2-Methyloctanal,7786-29-0,,,,,,molécula,,,Floral,Rose,Muguet,,fig,,,sin-estandar,,,,,,,,,,,,,,,,,,,,,,,
fig:512,MEN,usuario,MEN,,,,,2-Methylpent-2-en-1-oic acid,3142-72-1,,,,,,molécula,,,Fruity,Sweet,Strawberry,,fig,,,sin-estandar,,,,,,,,,,,,,,,,,,,,,,,
fig:513,MEYA,usuario,MEYA,,,,,2-Methylpent-2-en-1-yl acetate,1838-88-6,,,,,,molécula,,,Fruity,Pear,Melon,,fig,,,sin-estandar,,,,,,,,,,,,,,,,,,,,,,,
fig:514,Me5,usuario,Me5,,,,,2-Methylpentanal,123-15-9,,,,,,molécula,,,Fruity,Fresh,Herbal,,fig,,,sin-estandar,,,,,,,,,,,,,,,,,,,,,,,
fig:515,MS,usuario,MS,,,,,2-Methylpentanal-methyl anthranilate (Schiff base),50607-64-2,,,,,,molécula,,,Green,Citrus,Floral,,fig,,,sin-estandar,,,,,,,,,,,,,,,,,,,,,,,
fig:516,MM7,usuario,MM7,,,,,2-Methylpentyl 2-methylvalerate,90397-38-9,,,,,,molécula,,,Fruity,Green,Pear,,fig,,,sin-estandar,,,,,,,,,,,,,,,,,,,,,,,
fig:517,MM8,usuario,MM8,,,,,2-Methylpropyl 2-methylbutyrate,2445-67-2,,,,,,molécula,,,Fruity,Sweet,Berry,,fig,,,sin-estandar,,,,,,,,,,,,,,,,,,,,,,,
fig:518,MM9,usuario,MM9,,,,,2-Methylpropyl 3-methylbutyrate,589-59-3,,,,,,molécula,,,Fruity,Apple,Raspberry,,fig,,,sin-estandar,,,,,,,,,,,,,,,,,,,,,,,
fig:519,MOC,usuario,MOC,,,,,2-Methylpropyl octanoate,5461-06-3,,,,,,molécula,,,Fruity,Green,Oily,,fig,,,sin-estandar,,,,,,,,,,,,,,,,,,,,,,,
fig:520,MP8,usuario,MP8,,,,,2-Methylpropyl pentanoate,10588-10-0,,,,,,molécula,,,Fruity,Sweet,Tropical-Fruit,,fig,,,sin-estandar,,,,,,,,,,,,,,,,,,,,,,,
fig:521,Me6,usuario,Me6,,,,,2-Methylpyrazine,109-08-0,,,,,,molécula,,,Food Like,Nutty,Earthy,,fig,,,sin-estandar,,,,,,,,,,,,,,,,,,,,,,,
fig:522,MON,usuario,MON,,,,,2-Methyltetrahydrofuran-3-one,3188-00-9,,,,,,molécula,,,Gourmand,Nutty,Caramel,,fig,,,sin-estandar,,,,,,,,,,,,,,,,,,,,,,,
fig:523,MBA,usuario,MBA,,,,,2-Methyl-trans-2-butenoic acid,80-59-1,,,,,,molécula,,,Spicy,Woody,Caramel,,fig,,,sin-estandar,,,,,,,,,,,,,,,,,,,,,,,
fig:524,Me7,usuario,Me7,,,,,2-Methylundecanal,110-41-8,,,,,,molécula,,,Aldehydic,Orange,Citrus,,fig,,,sin-estandar,,,,,,,,,,,,,,,,,,,,,,,
fig:525,MDA,usuario,MDA,,,,,2-Methylundecanal dimethyl acetal,68141-17-3,,,,,,molécula,,,Aldehydic,Lemon,Green,,fig,,,sin-estandar,,,,,,,,,,,,,,,,,,,,,,,
fig:526,MA2,usuario,MA2,,,,,2-Methylundecanoic acid,24323-25-9,,,,,,molécula,,,Fruity,Waxy,Creamy,,fig,,,sin-estandar,,,,,,,,,,,,,,,,,,,,,,,
fig:527,MA3,usuario,MA3,,,,,2-Methylvaleric acid,97-61-0,,,,,,molécula,,,Acidic,Sour,Cheesy,,fig,,,sin-estandar,,,,,,,,,,,,,,,,,,,,,,,
fig:528,NH,usuario,NH,,,,,"2-Naphthalenecarboxaldehyde, 5,6,7,8-tetrahydro-3,5,5,6,7,8,8-heptamethyl-",127459-79-4,,,,,,molécula,,,Musk like,Earthy,Floral,,fig,,,sin-estandar,,,,,,,,,,,,,,,,,,,,,,,
fig:529,Non,usuario,Non,,,,,2-Nonanone,821-55-6,,,,,,molécula,,,Fruity,Floral,Herbal,,fig,,,sin-estandar,,,,,,,,,,,,,,,,,,,,,,,
fig:530,NO2,usuario,NO2,,,,,2-Nonen-1-ol,22104-79-6,,,,,,molécula,,,Fruity,Oily,Melon,,fig,,,sin-estandar,,,,,,,,,,,,,,,,,,,,,,,
fig:531,No2,usuario,No2,,,,,2-Nonenal,2463-53-8,,,,,,molécula,,,Green,Cucumber,Oily,,fig,,,sin-estandar,,,,,,,,,,,,,,,,,,,,,,,
fig:532,γNA,usuario,γNA,,,,,2-Nonenoic acid gamma-lactone,21963-26-8,,,,,,molécula,,gamma,Fruity,Minty,Coconut,,fig,,,sin-estandar,,,,,,,,,,,,,,,,,,,,,,,
fig:533,NAD,usuario,NAD,,,,,2-Nonyn-1-al dimethylacetal,13257-44-8,,,,,,molécula,,,Green,Floral,Violet,,fig ifra-estandar,IFRA_STD_066,2-Nonyn-1-al dimethyl acetal,con-techo,,,,1.8,0.53,11,9.9,2.5,2.5,2.5,2.5,5.8,20,20,1,19,69,69,38,38,sin-restriccion,,"1,1-Dimethoxynon-2-yne | 2-Nonyn-1-al-Dimeth-Acetyl | 2-Nonyne, 1,1-dimethoxy- | Parmavert (commercial name)"
fig:534,On,usuario,On,,,,,2-Octanol,123-96-6,,,,,,molécula,,,Green,Floral,Leafy,,fig,,,sin-estandar,,,,,,,,,,,,,,,,,,,,,,,
fig:535,Oct,usuario,Oct,,,,,2-Octanone,111-13-7,,,,,,molécula,,,Green,Mushroom,Banana,,fig,,,sin-estandar,,,,,,,,,,,,,,,,,,,,,,,
fig:536,OO3,usuario,OO3,,,,,2-Octen-4-one,4643-27-0,,,,,,molécula,,,Fruity,Sweet,Tropical-Fruit,,fig ifra-estandar,IFRA_STD_229,2-Octen-4-one,con-techo,,,,0.0085,0.0025,0.051,0.047,0.012,0.012,0.012,0.012,0.028,0.096,0.096,0.005,0.092,0.33,0.33,0.18,0.18,sin-restriccion,,2-Octen-4-one | Butyl propenyl ketone | Oct-2-en-4-one | Propenyl butyl ketone | Strawbinone (commercial name)
fig:537,Oe,usuario,Oe,,,,,2-Octenal,2363-89-5,,,,,,molécula,,,Aldehydic,Green,Herbal,,fig,,,sin-estandar,,,,,,,,,,,,,,,,,,,,,,,
fig:538,OAE,usuario,OAE,,,,,"2-Octenoic acid, 4-ethyl-, (2E)-",60308-76-1,,,,,,molécula,,,Animal like,Leathery,Warm,,fig,,,sin-estandar,,,,,,,,,,,,,,,,,,,,,,,
fig:539,Pe,usuario,Pe,,,,,2-Pentadecanone,2345-28-0,,,,,,molécula,,,Floral,Oily,Fresh,,fig,,,sin-estandar,,,,,,,,,,,,,,,,,,,,,,,
fig:540,Pn,usuario,Pn,,,,,2-Pentanol,6032-29-7,,,,,,molécula,,,Gourmand,Fermented,Fruity,,fig,,,sin-estandar,,,,,,,,,,,,,,,,,,,,,,,
fig:541,Pt,usuario,Pt,,,,,2-Pentanone,107-87-9,,,,,,molécula,,,Fruity,Sweet,Fermented,,fig,,,sin-estandar,,,,,,,,,,,,,,,,,,,,,,,
fig:542,PAD,usuario,PAD,,,,,"2-Pentenoic acid, 2,4-dimethyl-, ethyl ester, (2E)-",21016-46-6,,,,,,molécula,,,Herbal,Fruity,Green,,fig,,,sin-estandar,,,,,,,,,,,,,,,,,,,,,,,
fig:543,PO2,usuario,PO2,,,,,2-Pentylcyclopentan-1-ol,84560-00-9,,,,,,molécula,,,Floral,Magnolia,Fruity,,fig,,,sin-estandar,,,,,,,,,,,,,,,,,,,,,,,
fig:544,PO3,usuario,PO3,,,,,2-Pentylcyclopentan-1-one,4819-67-4,,,,,,molécula,,,Floral,Jasmin,Green,,fig,,,sin-estandar,,,,,,,,,,,,,,,,,,,,,,,
fig:545,Py,usuario,Py,,,,,2-Pentylfuran,3777-69-3,,,,,,molécula,,,Fruity,Green,Cocoa,,fig,,,sin-estandar,,,,,,,,,,,,,,,,,,,,,,,
fig:546,PHC,usuario,PHC,,,,,2-Phenethyl crotonate,68141-20-8,,,,,,molécula,,,Floral,Rose,Neutral,,fig,,,sin-estandar,,,,,,,,,,,,,,,,,,,,,,,
fig:547,Ph,usuario,Ph,,,,,2-Phenoxyethanol,122-99-6,,,,,,molécula,,,Floral,Rose,Spicy,,fig,,,sin-estandar,,,,,,,,,,,,,,,,,,,,,,,
fig:548,PHI,usuario,PHI,,,,,2-Phenoxyethyl isobutyrate,103-60-6,,,,,,molécula,,,Floral,Fruity,Rose,,fig,,,sin-estandar,,,,,,,,,,,,,,,,,,,,,,,
fig:549,PPR,usuario,PPR,,,,,2-Phenoxyethyl propionate,23495-12-7,,,,,,molécula,,,Fruity,Balsamic,Myrrh,,fig,,,sin-estandar,,,,,,,,,,,,,,,,,,,,,,,
fig:550,PB,usuario,PB,,,,,2-Phenyl-2-butenal,4411-89-6,,,,,,molécula,,,Gourmand,Honey,Rose,,fig,,,sin-estandar,,,,,,,,,,,,,,,,,,,,,,,
fig:551,PP2,usuario,PP2,,,,,2-Phenyl-2-propanol,617-94-7,,,,,,molécula,,,Balsamic,Green,Floral,,fig,,,sin-estandar,,,,,,,,,,,,,,,,,,,,,,,
fig:552,PPI,usuario,PPI,,,,,2-Phenylethyl pivalate,67662-96-8,,,,,,molécula,,,Floral,Rose,Fruity,,fig,,,sin-estandar,,,,,,,,,,,,,,,,,,,,,,,
fig:553,PV,usuario,PV,,,,,2-Phenylethyl valerate,7460-74-4,,,,,,molécula,,,Floral,Fruity,Rose,,fig,,,sin-estandar,,,,,,,,,,,,,,,,,,,,,,,
fig:554,Phe,usuario,Phe,,,,,2-Phenylhexanenitrile,3508-98-3,,,,,,molécula,,,Herbal,Balsamic,Green,,fig,,,sin-estandar,,,,,,,,,,,,,,,,,,,,,,,
fig:555,Ph2,usuario,Ph2,,,,,2-Phenylpropionaldehyde,93-53-8,,,,,,molécula,,,Green,Floral,Rose,,fig ifra-estandar,IFRA_STD_075,2-Phenylpropionaldehyde,con-techo,,,,0.029,0.0087,0.096,0.16,0.041,0.041,0.041,0.014,0.096,0.19,0.19,0.014,0.32,0.32,0.77,0.014,0.014,31,,
fig:556,PDA,usuario,PDA,,,,,2-Phenylpropionaldehyde dimethyl acetal,90-87-9,,,,,,molécula,,,Floral,Green,Watery,,fig,,,sin-estandar,,,,,,,,,,,,,,,,,,,,,,,
fig:557,Pr,usuario,Pr,,,,,2-Prenylcyclopentanone,2520-60-7,,,,,,molécula,,,Floral,Jasmin,Warm,,fig,,,sin-estandar,,,,,,,,,,,,,,,,,,,,,,,
fig:558,PW,usuario,PW,,,,,"2-Propanol, reaction products with boron trifluoride and 5-ethylidenebicyclo[2.2.1]hept-",90530-04-4,,,,,,molécula,,,Herbal,Citrus,Liquorice 2-ene,,fig,,,sin-estandar,,,,,,,,,,,,,,,,,,,,,,,
fig:559,POM,usuario,POM,,,,,"2-Propen-1-ol, 2-methyl-3-(4-methylphenyl)-, (2E)-",56138-10-4,,,,,,molécula,,,Floral,Anisic,Linden,,fig,,,sin-estandar,,,,,,,,,,,,,,,,,,,,,,,
fig:560,PRA,usuario,PRA,,,,,"2-Propenoic acid, 2-[1-(3,3-dimethylcyclohexyl)ethoxy]-2-methylpropyl ester",820975-49-3,,,,,,molécula,,,Musk like,Fruity,Pear,,fig,,,sin-estandar,,,,,,,,,,,,,,,,,,,,,,,
fig:561,PRH,usuario,PRH,,,,,2-Propyl heptanenitrile,208041-98-9,,,,,,molécula,,,Floral,Fruity,Jasmin,,fig,,,sin-estandar,,,,,,,,,,,,,,,,,,,,,,,
fig:562,To,usuario,To,,,,,2-p-Tolylethanol,699-02-5,,,,,,molécula,,,Floral,Rose,Cyclamen,,fig,,,sin-estandar,,,,,,,,,,,,,,,,,,,,,,,
fig:563,By,usuario,By,,,,,2-sec-Butylcyclohexanone,14765-30-1,,,,,,molécula,,,Herbal,Minty,Camphoraceous,,fig,,,sin-estandar,,,,,,,,,,,,,,,,,,,,,,,
fig:564,Bl,usuario,Bl,,,,,2-tert-Butylcyclohexanol,13491-79-7,,,,,,molécula,,,Herbal,Camphoraceous,Minty,,fig,,,sin-estandar,,,,,,,,,,,,,,,,,,,,,,,
fig:565,But,usuario,But,,,,,2-tert-Butylcyclohexanone,1728-46-7,,,,,,molécula,,,Woody,Camphoraceous,Patchouli,,fig,,,sin-estandar,,,,,,,,,,,,,,,,,,,,,,,
fig:566,BA2,usuario,BA2,,,,,2-tert-Butylcyclohexyl acetate,88-41-5,,,,,,molécula,,,Fruity,Apple,Woody,,fig,,,sin-estandar,,,,,,,,,,,,,,,,,,,,,,,
fig:567,Do3,usuario,Do3,,,,,2-trans-6-cis-Dodecadienal,21662-13-5,,,,,,molécula,,,Citrus,Green,Fruity,,fig,,,sin-estandar,,,,,,,,,,,,,,,,,,,,,,,
fig:568,Od,usuario,Od,,,,,2-trans-6-trans-Octadienal,56767-18-1,,,,,,molécula,,,Aldehydic,Citrus,Green,,fig,,,sin-estandar,,,,,,,,,,,,,,,,,,,,,,,
fig:569,Do4,usuario,Do4,,,,,2-trans-Dodecenal,20407-84-5,,,,,,molécula,,,Aldehydic,Citrus,Coriander,,fig,,,sin-estandar,,,,,,,,,,,,,,,,,,,,,,,
fig:570,Tr5,usuario,Tr5,,,,,2-Tridecanone,593-08-8,,,,,,molécula,,,Herbal,Fruity,Floral,,fig,,,sin-estandar,,,,,,,,,,,,,,,,,,,,,,,
fig:571,Tr6,usuario,Tr6,,,,,2-Tridecenal,7774-82-5,,,,,,molécula,,,Aldehydic,Mandarin,Orange,,fig,,,sin-estandar,,,,,,,,,,,,,,,,,,,,,,,
fig:572,Ue,usuario,Ue,,,,,2-Undecanol,1653-30-1,,,,,,molécula,,,Fruity,Oily,Peach,,fig,,,sin-estandar,,,,,,,,,,,,,,,,,,,,,,,
fig:573,Uc,usuario,Uc,,,,,2-Undecanone,112-12-9,,,,,,molécula,,,Herbal,Floral,Citrus,,fig,,,sin-estandar,,,,,,,,,,,,,,,,,,,,,,,
fig:574,Und,usuario,Und,,,,,2-Undecenal,2463-77-6,,,,,,molécula,,,Citrus,Green,Fruity,,fig,,,sin-estandar,,,,,,,,,,,,,,,,,,,,,,,
fig:575,Un2,usuario,Un2,,,,,2-Undecenenitrile,22629-48-7,,,,,,molécula,,,Green,Citrus,Floral,,fig,,,sin-estandar,,,,,,,,,,,,,,,,,,,,,,,
fig:576,AH,usuario,AH,,,,,3 and 4-(4-Hydroxy-4-methylpentyl)-3-cyclohexene-1-carboxaldehyde,31906-04-4,,,,,,molécula,,,Floral,Muguet,Sweet,,fig ifra-estandar,IFRA_STD_044,3 and 4-(4-Hydroxy-4-methylpentyl)-3-cyclohexene-1-carboxaldehyde (HMPCC),con-techo,,,,0.02,0.02,0.1,0.2,0.2,0.2,0.2,0.067,0.2,0.02,0.02,0.067,0.2,0.2,0.2,0.067,0.067,91,,
fig:577,HAC,usuario,HAC,,,,,"3-​Hexenoic acid, (3E)​-",1577-18-0,,,,,,molécula,,,Food Like,Cheesy,Fruity,,fig,,,sin-estandar,,,,,,,,,,,,,,,,,,,,,,,
fig:578,PEA,usuario,PEA,,,,,"3-​Pentenoic acid, 2-​methyl-​, hexyl ester",85508-08-3,,,,,,molécula,,,Fruity,Tropical-Fruit,Sweet,,fig,,,sin-estandar,,,,,,,,,,,,,,,,,,,,,,,
fig:579,OXP,usuario,OXP,,,,,3-(2-Oxopropyl)-2-pentylcyclopentanone,40942-73-2,,,,,,molécula,,,Floral,Jasmin,Fresh,,fig,,,sin-estandar,,,,,,,,,,,,,,,,,,,,,,,
fig:580,THY,usuario,THY,,,,,"3-(4,7,7-Trimethylbicyclo[4.1.0]hept-3-yl)acrylonitrile",68804-00-2,,,,,,molécula,,,Floral,Rose,Fresh,,fig,,,sin-estandar,,,,,,,,,,,,,,,,,,,,,,,
fig:581,THYP,usuario,THYP,,,,,"3-(4,7,7-Trimethylbicyclo[4.1.0]hept-3-ylidene)propiononitrile",68804-02-4,,,,,,molécula,,,Floral,Rose,Fresh,,fig,,,sin-estandar,,,,,,,,,,,,,,,,,,,,,,,
fig:582,HMC,usuario,HMC,,,,,3-(4-Hydroxy-4-methylpentyl)cyclohex-3-ene-1-carbaldehyde,51414-25-6,,,,,,molécula,,,Floral,Muguet,Aldehydic,,fig ifra-estandar,IFRA_STD_044,3 and 4-(4-Hydroxy-4-methylpentyl)-3-cyclohexene-1-carboxaldehyde (HMPCC),con-techo,,,,0.02,0.02,0.1,0.2,0.2,0.2,0.2,0.067,0.2,0.02,0.02,0.067,0.2,0.2,0.2,0.067,0.067,91,,
fig:583,MCB,usuario,MCB,,,,,3-(4-Methyl-3-cyclohexenyl)butanol,15760-18-6,,,,,,molécula,,,Floral,Rose,Muguet,,fig,,,sin-estandar,,,,,,,,,,,,,,,,,,,,,,,
fig:584,MPCC,usuario,MPCC,,,,,3-(4-Methyl-3-pentenyl)-3-cyclohexene-1-carbonitrile,68084-04-8,,,,,,molécula,,,Marine,Cooling,Fresh,,fig,,,sin-estandar,,,,,,,,,,,,,,,,,,,,,,,
fig:585,MP9,usuario,MP9,,,,,3-(4-Methyl-3-pentenyl)cyclohex-3-ene-1-carbaldehyde,52475-89-5,,,,,,molécula,,,Aldehydic,Fresh,Green,,fig,,,sin-estandar,,,,,,,,,,,,,,,,,,,,,,,
fig:586,MEBA,usuario,MEBA,,,,,3-(4-Methylcyclohex-3-enyl)-3-butenyl acetate,6819-19-8,,,,,,molécula,,,Floral,Herbal,Green,,fig,,,sin-estandar,,,,,,,,,,,,,,,,,,,,,,,
fig:587,THYC,usuario,THYC,,,,,"3-(5,5,6-Trimethylbicyclo[2.2.1]hept-2-yl)cyclohexan-1-ol",3407-42-9,,,,,,molécula,,,Woody,Soft,Sweet,,fig,,,sin-estandar,,,,,,,,,,,,,,,,,,,,,,,
fig:588,HC2,usuario,HC2,,,,,3-(cis-3-hexenyl)-2-cyclopentenone,53253-09-1,,,,,,molécula,,,Floral,Citrus,Jasmin,,fig,,,sin-estandar,,,,,,,,,,,,,,,,,,,,,,,
fig:589,HEP,usuario,HEP,,,,,3-(cis-3-Hexenyloxy)propanenitrile,142653-61-0,,,,,,molécula,,,Green,Floral,Violet,,fig,,,sin-estandar,,,,,,,,,,,,,,,,,,,,,,,
fig:590,HYO,usuario,HYO,,,,,3-(Hydroxymethyl)-2-octanone,59191-78-5,,,,,,molécula,,,Herbal,Sweet,Lavender,,fig,,,sin-estandar,,,,,,,,,,,,,,,,,,,,,,,
fig:591,HN,usuario,HN,,,,,3-(Hydroxymethyl)nonan-2-one,67801-33-6,,,,,,molécula,,,Herbal,Lavender,Sweet,,fig ifra-estandar,IFRA_STD_231,Methyl lavender ketone,con-techo,,,,0.015,0.0044,0.088,0.082,0.021,0.021,0.021,0.021,0.048,0.17,0.17,0.0086,0.16,0.57,0.57,0.32,0.32,sin-restriccion,,
fig:592,MHE,usuario,MHE,,,,,3-(Methylthio)-1-hexanol,51755-66-9,,,,,,molécula,,,Fruity,Pineapple,Mango,,fig,,,sin-estandar,,,,,,,,,,,,,,,,,,,,,,,
fig:593,MHA,usuario,MHA,,,,,3-(Methylthio)hexyl acetate,51755-85-2,,,,,,molécula,,,Sulfurous,Garlic,Onion,,fig,,,sin-estandar,,,,,,,,,,,,,,,,,,,,,,,
fig:594,MP10,usuario,MP10,,,,,3-(Methylthio)propanol,505-10-2,,,,,,molécula,,,Sulfurous,Onion,Garlic,,fig,,,sin-estandar,,,,,,,,,,,,,,,,,,,,,,,
fig:595,MP11,usuario,MP11,,,,,3-(Methylthio)propionaldehyde,3268-49-3,,,,,,molécula,,,Food Like,Vegetable,Fatty,,fig,,,sin-estandar,,,,,,,,,,,,,,,,,,,,,,,
fig:596,BUM,usuario,BUM,,,,,3-(m-tert-Butylphenyl)-2-methylpropionaldehyde,62518-65-4,,,,,,molécula,,,Floral,Muguet,Sweet,,fig ifra-estandar,IFRA_STD_013,3-(m-tert-Butylphenyl)-2-methylpropionaldehyde (m-BMHCA),con-techo,,,,0.0086,0.094,0.21,1.8,0.45,0.28,0.42,0.094,0.0086,0.37,0.37,0.094,0.96,0.96,3.1,0.094,0.094,64,,"Benzenepropanal, 3-(1,1-dimethylethyl)-α-methyl- | 3-(3-tert-Butylphenyl)-2-methylpropanal | m-BMHCA"
fig:597,EDI,usuario,EDI,,,,,"3-(o-Ethylphenyl)-2,2-dimethylpropionaldehyde",67634-14-4,,,,,,molécula,,,Floral,Ozonic,Aldehydic,,fig,,,sin-estandar,,,,,,,,,,,,,,,,,,,,,,,
fig:598,OHM,usuario,OHM,,,,,3(or 4)-(4-Hydroxy-4-methylpentyl)-3-cyclohexene-1-carboxaldehyde,130066-44-3,,,,,,molécula,,,Floral,Muguet,Sweet,,fig,,,sin-estandar,,,,,,,,,,,,,,,,,,,,,,,
fig:599,ISP,usuario,ISP,,,,,3-(p-Isopropylphenyl)propionaldehyde,7775-00-0,,,,,,molécula,,,Floral,Muguet,Lily,,fig,,,sin-estandar,,,,,,,,,,,,,,,,,,,,,,,
fig:600,BM2,usuario,BM2,,,,,3-(p-tert-Butylphenyl)-2-methylpropanol,56107-04-1,,,,,,molécula,,,Floral,Lily,Fresh,,fig,,,sin-estandar,,,,,,,,,,,,,,,,,,,,,,,
fig:601,NO3,usuario,NO3,,,,,"3,​6-​Nonadien-​1-​ol, 1-​acetate",76649-26-8,,,,,,molécula,,,Green,Fresh,Floral,,fig,,,sin-estandar,,,,,,,,,,,,,,,,,,,,,,,
fig:602,Tr7,usuario,Tr7,,,,,"3,12-Tridecadienenitrile",134769-33-8,,,,,,molécula,,,Citrus,Mandarin,Orange,,fig,,,sin-estandar,,,,,,,,,,,,,,,,,,,,,,,
fig:603,Tr8,usuario,Tr8,,,,,"3,12-Tridecadienenitrile, (3E)-",124071-42-7,,,,,,molécula,,,Citrus,Mandarin,Orange,,fig,,,sin-estandar,,,,,,,,,,,,,,,,,,,,,,,
fig:604,TEE,usuario,TEE,,,,,"3,3,5,5-Tetramethyl-4-ethoxyvinylcyclohexanone",36306-87-3,,,,,,molécula,,,Woody,Amber,Tobacco,,fig,,,sin-estandar,,,,,,,,,,,,,,,,,,,,,,,
fig:605,TRA,usuario,TRA,,,,,"3,3,5-Trimethylcyclohexyl acetate",67859-96-5,,,,,,molécula,,,Green,Floral,Herbal,,fig,,,sin-estandar,,,,,,,,,,,,,,,,,,,,,,,
fig:606,TET,usuario,TET,,,,,"3,3,5-Trimethylcyclohexyl ethyl ether",67583-77-1,,,,,,molécula,,,Green,Herbal,Watery,,fig,,,sin-estandar,,,,,,,,,,,,,,,,,,,,,,,
fig:607,DTR,usuario,DTR,,,,,"3,3-Dimethyl-5-(2,2,3-trimethyl-3-cyclopenten-1-yl)-4-penten-2-ol",107898-54-4,,,,,,molécula,,,Woody,Sandalwood,Floral,,fig ifra-estandar,IFRA_STD_211,"3,3-Dimethyl-5-(2,2,3-trimethyl-3-cyclopenten-1-yl)-4-penten-2-ol",con-techo,,,,0.031,0.057,0.25,1.1,0.27,0.27,0.27,0.091,0.031,0.63,0.63,0.091,1.7,1.7,4,0.091,0.091,sin-restriccion,,"4-Penten-2-ol, 3,3-dimethyl-5-(2,2,3-trimethyl-3-cyclopenten-1-yl)- | (+/-) trans-3,3-Dimethyl-5-(2,2,3-trimethyl-cyclopent-3-en-1-yl)pent-4-en-2-ol | Mysantol (Commercial name) | Polysantol (Commercial name)"
fig:608,OHT,usuario,OHT,,,,,"3,4,4a,5,8,8a(Or 3,4,4a,7,8,8a)-Hexahydro-3,3,6,7-tetramethyl-1H-2-benzopyran",72429-08-4,,,,,,molécula,,,Citrus,Fresh,Grapefruit,,fig,,,sin-estandar,,,,,,,,,,,,,,,,,,,,,,,
fig:609,HDM,usuario,HDM,,,,,"3,4,4a,5,8,8a-Hexahydro-3',6-dimethylspiro[1,4-methanonaphtalene-2(1H),2'-oxirane]",41723-98-2,,,,,,molécula,,,Fruity,Rhubarb,Woody,,fig,,,sin-estandar,,,,,,,,,,,,,,,,,,,,,,,
fig:610,HDMO,usuario,HDMO,,,,,"3,4,4a,5,8,8a-Hexahydro-3',7-dimethylspiro[1,4-methanonaphthalene-2(1H),2'-oxirane]",41816-03-9,,,,,,molécula,,,Fruity,Woody,Spicy,,fig,,,sin-estandar,,,,,,,,,,,,,,,,,,,,,,,
fig:611,PEE,usuario,PEE,,,,,"3,4,5,6,6-Pentamethylhept-3-en-2-one",86115-11-9,,,,,,molécula,,,Woody,Violet,Cedarwood,,fig ifra-estandar,IFRA_STD_232,"3,4,5,6,6-Pentamethylhept-3-en-2-one",con-techo,,,,0.0095,0.1,0.019,1.9,0.26,0.029,0.0095,0.0032,0.0095,0.086,0.086,0.0032,0.39,0.39,2.6,0.0032,0.0032,sin-restriccion,,
fig:612,PO4,usuario,PO4,,,,,"3,4,5,6,6-Pentamethylheptan-2-ol",87118-95-4,,,,,,molécula,,,Woody,Amber,Vetiver,,fig,,,sin-estandar,,,,,,,,,,,,,,,,,,,,,,,
fig:613,DIC,usuario,DIC,,,,,"3,4-Dimethyl-1,2-cyclopentadione",13494-06-9,,,,,,molécula,,,Gourmand,Caramel,Licorice,,fig,,,sin-estandar,,,,,,,,,,,,,,,,,,,,,,,
fig:614,Di12,usuario,Di12,,,,,"3,4-Dimethylthiophene",632-15-5,,,,,,molécula,,,Sulfurous,Roasted,Onion,,fig,,,sin-estandar,,,,,,,,,,,,,,,,,,,,,,,
fig:615,He2,usuario,He2,,,,,"3,4-Hexanedione",4437-51-8,,,,,,molécula,,,Gourmand,Buttery,Caramel,,fig,,,sin-estandar,,,,,,,,,,,,,,,,,,,,,,,
fig:616,Xn,usuario,Xn,,,,,"3,4-Xylenol",95-65-8,,,,,,molécula,,,Smoky,Roasted,Earthy,,fig,,,sin-estandar,,,,,,,,,,,,,,,,,,,,,,,
fig:617,TH3,usuario,TH3,,,,,"3,5,5-Trimethyl-1-hexanol",3452-97-9,,,,,,molécula,,,Herbal,Green,Geranium,,fig,,,sin-estandar,,,,,,,,,,,,,,,,,,,,,,,
fig:618,Tr9,usuario,Tr9,,,,,"3,5,5-Trimethylcyclohexanol",116-02-9,,,,,,molécula,,,Minty,Cooling,Earthy,,fig,,,sin-estandar,,,,,,,,,,,,,,,,,,,,,,,
fig:619,Tr10,usuario,Tr10,,,,,"3,5,5-Trimethylhexanal",5435-64-3,,,,,,molécula,,,Green,Floral,Aldehydic,,fig,,,sin-estandar,,,,,,,,,,,,,,,,,,,,,,,
fig:620,TA2,usuario,TA2,,,,,"3,5,5-Trimethylhexyl acetate",58430-94-7,,,,,,molécula,,,Citrus,Green,Herbal,,fig,,,sin-estandar,,,,,,,,,,,,,,,,,,,,,,,
fig:621,TMO,usuario,TMO,,,,,"3,5,6,6-Tetramethyl-4-methyleneheptan-2-ol",81787-06-6,,,,,,molécula,,,Woody,Amber,Dry,,fig,,,sin-estandar,,,,,,,,,,,,,,,,,,,,,,,
fig:622,TEM,usuario,TEM,,,,,"3,5,6,6-Tetramethyl-4-methyleneheptan-2-one",81786-75-6,,,,,,molécula,,,Woody,Violet,Cedarwood,,fig ifra-estandar,IFRA_STD_232,"3,4,5,6,6-Pentamethylhept-3-en-2-one",con-techo,,,,0.0095,0.1,0.019,1.9,0.26,0.029,0.0095,0.0032,0.0095,0.086,0.086,0.0032,0.39,0.39,2.6,0.0032,0.0032,sin-restriccion,,
fig:623,DDE,usuario,DDE,,,,,"3,5-Diethyl-2,6-dimethylcyclohex-2-en-1-one",65416-17-3,,,,,,molécula,,,Herbal,Warm,Woody,,fig,,,sin-estandar,,,,,,,,,,,,,,,,,,,,,,,
fig:624,Di13,usuario,Di13,,,,,"3,5-Dimethoxytoluene",4179-19-5,,,,,,molécula,,,Earthy,Nutty,Sweet,,fig,,,sin-estandar,,,,,,,,,,,,,,,,,,,,,,,
fig:625,DC2,usuario,DC2,,,,,"3,5-Dimethyl-1,2-cyclopentadione",13494-07-0,,,,,,molécula,,,Gourmand,Toffee,Burnt,,fig,,,sin-estandar,,,,,,,,,,,,,,,,,,,,,,,
fig:626,DEC,usuario,DEC,,,,,"3,5-Dimethylcyclohex-3-ene-1-carbaldehyde",68039-48-5,,,,,,molécula,,,Green,Grassy,Citrus,,fig ifra-estandar,IFRA_STD_030,Dimethylcyclohex-3-ene-1-carbaldehyde (mixed isomers),con-techo,,,,0.45,0.14,2.7,2.5,0.64,0.64,0.64,0.64,1.5,5.2,5.2,0.27,4.9,18,18,9.8,9.8,sin-restriccion,,
fig:627,DEMA,usuario,DEMA,,,,,"3,5-Dimethylcyclohex-3-ene-1-methyl acetate",67634-25-7,,,,,,molécula,,,Fruity,Citrus,Grapefruit,,fig,,,sin-estandar,,,,,,,,,,,,,,,,,,,,,,,
fig:628,DME,usuario,DME,,,,,"3,5-Dimethylcyclohexene-1-methanol",67634-16-6,,,,,,molécula,,,Floral,Herbal,Green,,fig,,,sin-estandar,,,,,,,,,,,,,,,,,,,,,,,
fig:629,DA3,usuario,DA3,,,,,"3,5-Dimethylcyclohexylmethyl acetate",68213-86-5,,,,,,molécula,,,Floral,Herbal,Woody,,fig,,,sin-estandar,,,,,,,,,,,,,,,,,,,,,,,
fig:630,Di14,usuario,Di14,,,,,"3,5-Dimethylphenol",108-68-9,,,,,,molécula,,,Food Like,Coffee,Smoky,,fig,,,sin-estandar,,,,,,,,,,,,,,,,,,,,,,,
fig:631,DDP,usuario,DDP,,,,,"3,6-Dihydro-2,4-dimethyl-6-phenyl-2H-pyran",68039-40-7,,,,,,molécula,,,Floral,Rose,Geranium,,fig,,,sin-estandar,,,,,,,,,,,,,,,,,,,,,,,
fig:632,DDPP,usuario,DDPP,,,,,"3,6-Dihydro-4,6-dimethyl-2-phenyl-2H-pyran",68039-41-8,,,,,,molécula,,,Herbal,Green,Leafy,,fig,,,sin-estandar,,,,,,,,,,,,,,,,,,,,,,,
fig:633,DMPP,usuario,DMPP,,,,,"3,6-Dihydro-4-methyl-2-phenyl-2H-pyran",60335-71-9,,,,,,molécula,,,Green,Floral,Rose,,fig,,,sin-estandar,,,,,,,,,,,,,,,,,,,,,,,
fig:634,DC3,usuario,DC3,,,,,"3,6-Dimethyl-3-cyclohexene-1-carboxaldehyde",67801-65-4,,,,,,molécula,,,Green,Grassy,Citrus,,fig ifra-estandar,IFRA_STD_030,Dimethylcyclohex-3-ene-1-carbaldehyde (mixed isomers),con-techo,,,,0.45,0.14,2.7,2.5,0.64,0.64,0.64,0.64,1.5,5.2,5.2,0.27,4.9,18,18,9.8,9.8,sin-restriccion,,
fig:635,DO3,usuario,DO3,,,,,"3,6-Dimethyl-3-octanyl acetate",60763-42-0,,,,,,molécula,,,Floral,Sweet,Fruity,,fig,,,sin-estandar,,,,,,,,,,,,,,,,,,,,,,,
fig:636,NO4,usuario,NO4,,,,,"3,6-Nonadien-1-ol",76649-25-7,,,,,,molécula,,,Green,Fresh,Violet,,fig,,,sin-estandar,,,,,,,,,,,,,,,,,,,,,,,
fig:637,Hu,usuario,Hu,,,,,"3,7,10-Humulatriene",6753-98-6,,,,,,molécula,,,Woody,Balsamic,Warm,,fig,,,sin-estandar,,,,,,,,,,,,,,,,,,,,,,,
fig:638,DO4,usuario,DO4,,,,,"3,7-Dimethyl-1,3,6-octatriene",13877-91-3,,,,,,molécula,,,Herbal,Metallic,Citrus,,fig,,,sin-estandar,,,,,,,,,,,,,,,,,,,,,,,
fig:639,DNO,usuario,DNO,,,,,"3,7-Dimethyl-1,6-nonadien-3-ol (Ethyllinalool)",10339-55-6,,,,,,molécula,,,Floral,Fresh,Lavender,,fig,,,sin-estandar,,,,,,,,,,,,,,,,,,,,,,,
fig:640,DNY,usuario,DNY,,,,,"3,7-Dimethyl-1,6-nonadien-3-yl acetate",61931-80-4,,,,,,molécula,,,Floral,Citrus,Fresh,,fig,,,sin-estandar,,,,,,,,,,,,,,,,,,,,,,,
fig:641,DO5,usuario,DO5,,,,,"3,7-Dimethyl-1-octanol",106-21-8,,,,,,molécula,,,Floral,Rose,Citrus,,fig,,,sin-estandar,,,,,,,,,,,,,,,,,,,,,,,
fig:642,DO6,usuario,DO6,,,,,"3,7-Dimethyl-1-octanyl acetate",20780-49-8,,,,,,molécula,,,Fruity,Sweet,Honey,,fig,,,sin-estandar,,,,,,,,,,,,,,,,,,,,,,,
fig:643,DIN,usuario,DIN,,,,,"3,7-Dimethyl-2,6-nonadienenitrile",61792-11-8,,,,,,molécula,,,Citrus,Lemon,Green,,fig,,,sin-estandar,,,,,,,,,,,,,,,,,,,,,,,
fig:644,DO7,usuario,DO7,,,,,"3,7-Dimethyl-2,6-octadien-1-ol",624-15-7,,,,,,molécula,,,Floral,Rose,Geranium,,fig,,,sin-estandar,,,,,,,,,,,,,,,,,,,,,,,
fig:645,DM2,usuario,DM2,,,,,"3,7-Dimethyl-2-methylenocta-6-enal",22418-66-2,,,,,,molécula,,,Citrus,Fresh,Floral,,fig,,,sin-estandar,,,,,,,,,,,,,,,,,,,,,,,
fig:646,DO8,usuario,DO8,,,,,"3,7-Dimethyl-3,6-octadienal",55722-59-3,,,,,,molécula,,,Citrus,Lemon,Rose,,fig ifra-estandar,IFRA_STD_205,"3,7-Dimethyl-3,6-octadienal",con-techo,,,,0.54,0.16,0.03,3,0.76,0.12,0.03,0.01,1.3,0.12,0.12,0.01,0.79,0.79,4.2,0.01,0.01,53,,
fig:647,DO9,usuario,DO9,,,,,"3,7-Dimethyl-4,6-octadien-3-ol",18479-54-4,,,,,,molécula,,,Floral,Muguet,Fresh,,fig,,,sin-estandar,,,,,,,,,,,,,,,,,,,,,,,
fig:648,DO10,usuario,DO10,,,,,"3,7-Dimethyl-6-octenoic acid",502-47-6,,,,,,molécula,,,Green,Oily,Floral,,fig,,,sin-estandar,,,,,,,,,,,,,,,,,,,,,,,
fig:649,DM3,usuario,DM3,,,,,"3,7-Dimethyl-7-methoxyoctan-2-ol",41890-92-0,,,,,,molécula,,,Woody,Soft,Sandalwood,,fig,,,sin-estandar,,,,,,,,,,,,,,,,,,,,,,,
fig:650,DE4,usuario,DE4,,,,,"3,7-Dimethyloct-1-en-3-ol",18479-49-7,,,,,,molécula,,,Herbal,Floral,Lavender,,fig,,,sin-estandar,,,,,,,,,,,,,,,,,,,,,,,
fig:651,DE5,usuario,DE5,,,,,"3,7-Dimethyloct-6-en-3-ol",18479-51-1,,,,,,molécula,,,Floral,Citrus,Woody,,fig,,,sin-estandar,,,,,,,,,,,,,,,,,,,,,,,
fig:652,DEA,usuario,DEA,,,,,"3,7-Dimethyloct-6-enyl acetate",67601-05-2,,,,,,molécula,,,Citrus,Fruity,Geranium,,fig ifra-estandar,IFRA_STD_248,Citronellyl acetate,con-techo,,,,0.49,0.15,2,2.7,0.7,0.7,0.7,0.23,0.82,2.4,2.4,0.23,5.4,0.41,16,0.23,0.23,sin-restriccion,,
fig:653,DE6,usuario,DE6,,,,,"3,7-Dimethyloct-7-en-1-ol",141-25-3,,,,,,molécula,,,Floral,Rose,Geranium,,fig ifra-estandar,IFRA_STD_022,Citronellol,con-techo,,,,2.2,0.67,13,12,3.2,3.2,3.2,3.2,7.3,25,25,1.3,24,87,87,48,48,sin-restriccion,,"3,7-Dimethyloct-7-en-1-ol | 7-Octen-1-ol, 3,7-dimethyl- (isomer unspecified) | α-Citronellol | Rhodinol (commercial name)"
fig:654,DED,usuario,DED,,,,,"3,7-Dimethyloct-7-ene-1,6-diol",22460-95-3,,,,,,molécula,,,Floral,Rose,Geranium,,fig,,,sin-estandar,,,,,,,,,,,,,,,,,,,,,,,
fig:655,Di15,usuario,Di15,,,,,"3,7-Dimethyloctanenitrile",40188-41-8,,,,,,molécula,,,Citrus,Lemon,Aldehydic,,fig,,,sin-estandar,,,,,,,,,,,,,,,,,,,,,,,
fig:656,DEE,usuario,DEE,,,,,"3,7-Dimethyloctyl ethyl ether",22810-10-2,,,,,,molécula,,,Floral,Rose,Citrus,,fig,,,sin-estandar,,,,,,,,,,,,,,,,,,,,,,,
fig:657,DMDD,usuario,DMDD,,,,,"3,9-Dimethyl-6-(1-methylethyl)-1,4-dioxaspiro[4.5]decan-2-one",831213-72-0,,,,,,molécula,,,Minty,Green,Herbal,,fig,,,sin-estandar,,,,,,,,,,,,,,,,,,,,,,,
fig:658,MCP,usuario,MCP,,,,,3-[cis-4-(2-methylpropyl)cyclohexyl]propanal,1315250-65-7,,,,,,molécula,,,Floral,Muguet,Aldehydic,,fig,,,sin-estandar,,,,,,,,,,,,,,,,,,,,,,,
fig:659,MCY,usuario,MCY,,,,,3-[trans-4-(2-methylpropyl)cyclohexyl]propanal,1315250-67-9,,,,,,molécula,,,Floral,Muguet,Aldehydic,,fig,,,sin-estandar,,,,,,,,,,,,,,,,,,,,,,,
fig:660,ODB,usuario,ODB,,,,,"3a,4,4a,5,8,8a,9,9a-Octahydro-4,9:5,8-dimethano-1H-benz[f]indene",7158-25-0,,,,,,molécula,,,Woody,Balsamic,Patchouli,,fig,,,sin-estandar,,,,,,,,,,,,,,,,,,,,,,,
fig:661,HOD,usuario,HOD,,,,,"3a,4,5,6,7,7a-Hexahydro-2,6(or 3,6)-dimethyl-4,7-methano-1H-inden-5-ol",94248-21-2,,,,,,molécula,,,Aromatic,Fresh,Camphoraceous,,fig,,,sin-estandar,,,,,,,,,,,,,,,,,,,,,,,
fig:662,HY,usuario,HY,,,,,"3a,4,5,6,7,7a-Hexahydro-4,7-methano-1H-inden-5-yl isobutyrate",67634-20-2,,,,,,molécula,,,Fruity,Peach,Pineapple,,fig,,,sin-estandar,,,,,,,,,,,,,,,,,,,,,,,
fig:663,HMI,usuario,HMI,,,,,"3a,4,5,6,7,7a-Hexahydro-4,7-methano-1H-inden-5-yl pivalate",68039-45-2,,,,,,molécula,,,Herbal,Floral,Ozonic,,fig,,,sin-estandar,,,,,,,,,,,,,,,,,,,,,,,
fig:664,HEM,usuario,HEM,,,,,"3a,4,5,6,7,7a-Hexahydro-4,7-methano-1H-inden-6-yl isobutyrate",68039-39-4,,,,,,molécula,,,Fruity,Pineapple,Peach,,fig,,,sin-estandar,,,,,,,,,,,,,,,,,,,,,,,
fig:665,HME,usuario,HME,,,,,"3a,4,5,6,7,7a-Hexahydro-4,7-methano-1H-inden-6-yl pivalate",68039-44-1,,,,,,molécula,,,Fruity,Peach,Apricot,,fig,,,sin-estandar,,,,,,,,,,,,,,,,,,,,,,,
fig:666,HMIP,usuario,HMIP,,,,,"3a,4,5,6,7,7a-Hexahydro-4,7-methano-1H-indenyl propionate (mixture of isomers)",68912-13-0,,,,,,molécula,,,Fruity,Floral,Pear,,fig,,,sin-estandar,,,,,,,,,,,,,,,,,,,,,,,
fig:667,HMM,usuario,HMM,,,,,"3a,4,5,6,7,7a-Hexahydro-5-methoxy-4,7-methano-1H-indene",53018-24-9,,,,,,molécula,,,Herbal,Lavender,Green,,fig,,,sin-estandar,,,,,,,,,,,,,,,,,,,,,,,
fig:668,HMII,usuario,HMII,,,,,"3a,4,5,6,7,7a-Hexahydromethoxy-4,7-methano-1H-indene (isomer unspecified)",27135-90-6,,,,,,molécula,,,Green,Nasturtium,Hyacinth,,fig,,,sin-estandar,,,,,,,,,,,,,,,,,,,,,,,
fig:669,MAH,usuario,MAH,,,,,"3a,7-Methano-3aH-cyclopentacycloocten-3-ol, decahydro-1,1,7-trimethyl-, formate",58096-47-2,,,,,,molécula,,,Woody,Cedarwood,Dry,,fig,,,sin-estandar,,,,,,,,,,,,,,,,,,,,,,,
fig:670,AD,usuario,AD,,,,,"3-Acetyl-2,5-dimethylfuran",10599-70-9,,,,,,molécula,,,Gourmand,Coffee,Nutty,,fig ifra-estandar,IFRA_STD_266,"3-Acetyl-2,5-dimethylfuran",prohibido,,,,,,,,,,,,,,,,,,,,,,,"3-Acetyl-2,5-dimethylfuran | 1-(2,5-Dimethyl-3-furyl)ethanone | 2,5-Dimethyl-3-acetylfuran | Ethanone, 1-(2,5-dimethyl-3-furanyl)-"
fig:671,AA,usuario,AA,,,,,3-Acetylmercaptohexyl acetate,136954-25-1,,,,,,molécula,,,Gourmand,Sulfurous,Tropical-Fruit,,fig,,,sin-estandar,,,,,,,,,,,,,,,,,,,,,,,
fig:672,Ay,usuario,Ay,,,,,3-Acetylpyridine,350-03-8,,,,,,molécula,,,Food Like,Roasted,Waxy,,fig,,,sin-estandar,,,,,,,,,,,,,,,,,,,,,,,
fig:673,Bn,usuario,Bn,,,,,3-Benzyltetrahydropyran,60466-73-1,,,,,,molécula,,,Citrus,Rhubarb,Green,,fig,,,sin-estandar,,,,,,,,,,,,,,,,,,,,,,,
fig:674,BOT,usuario,BOT,,,,,"3-Buten-2-one, 4-(2,2,3,6-tetramethylcyclohexyl)-",54992-90-4,,,,,,molécula,,,Woody,Orris,Amber,,fig,,,sin-estandar,,,,,,,,,,,,,,,,,,,,,,,
fig:675,BON,usuario,BON,,,,,"3-Buten-2-one, 4-[2,5,6,6-tetramethyl-1(or 2)-cyclohexen-1-yl]-",54992-91-5,,,,,,molécula,,,Floral,Violet,Woody,,fig,,,sin-estandar,,,,,,,,,,,,,,,,,,,,,,,
fig:676,Bu2,usuario,Bu2,,,,,3-Butylidenephthalide,551-08-6,,,,,,molécula,,,Herbal,Celery,Green,,fig,,,sin-estandar,,,,,,,,,,,,,,,,,,,,,,,
fig:677,CD,usuario,CD,,,,,"3-Cyclohexene-1-carbonitrile, 3,5(2,4)-dimethyl-",66848-40-6,,,,,,molécula,,,Woody,Warm,Green,,fig,,,sin-estandar,,,,,,,,,,,,,,,,,,,,,,,
fig:678,CCM,usuario,CCM,,,,,"3-Cyclohexene-1-carbonitrile, 4-(4-methyl-3-pentenyl)-",21690-43-7,,,,,,molécula,,,Ozonic,Fresh,Citrus,,fig,,,sin-estandar,,,,,,,,,,,,,,,,,,,,,,,
fig:679,CCA,usuario,CCA,,,,,"3-Cyclohexene-1-carboxylic acid, 2,6,6-trimethyl-, methyl ester",815580-59-7,,,,,,molécula,,,Floral,Rose,Fruity,,fig,,,sin-estandar,,,,,,,,,,,,,,,,,,,,,,,
fig:680,CMO,usuario,CMO,,,,,"3-Cyclohexene-1-methanol, 3(or 4)-methyl-1-(2,2,3-trimethyl-3-cyclopenten-1-yl)-,",426218-78-2,,,,,,molécula,,,Fruity,Fresh,Cassis acid-isomerized,,fig,,,sin-estandar,,,,,,,,,,,,,,,,,,,,,,,
fig:681,αCB,usuario,αCB,,,,,"3-Cyclopentene-1-butanal, alpha,2,2,3-tetramethyl-.gamma.-methylene",166432-53-7,,,,,,molécula,,alpha,Woody,Sandalwood,Dry,,fig,,,sin-estandar,,,,,,,,,,,,,,,,,,,,,,,
fig:682,DON,usuario,DON,,,,,3-Decen-2-one,10519-33-2,,,,,,molécula,,,Green,Oily,Fruity,,fig,,,sin-estandar,,,,,,,,,,,,,,,,,,,,,,,
fig:683,Do5,usuario,Do5,,,,,3-Dodecenal,68083-57-8,,,,,,molécula,,,Citrus,Mandarin,Orange,,fig,,,sin-estandar,,,,,,,,,,,,,,,,,,,,,,,
fig:684,ED2,usuario,ED2,,,,,"3-Ethyl-2,5-dimethylpyrazine",13360-65-1,,,,,,molécula,,,Food Like,Nutty,Green,,fig,,,sin-estandar,,,,,,,,,,,,,,,,,,,,,,,
fig:685,ED3,usuario,ED3,,,,,"3-Ethyl-2,6-dimethylpyrazine",13925-07-0,,,,,,molécula,,,Food Like,Peanut,Nutty,,fig,,,sin-estandar,,,,,,,,,,,,,,,,,,,,,,,
fig:686,EHC,usuario,EHC,,,,,3-Ethyl-2-hydroxy-2-cyclopenten-1-one,21835-01-8,,,,,,molécula,,,Gourmand,Coffee,Caramel,,fig,,,sin-estandar,,,,,,,,,,,,,,,,,,,,,,,
fig:687,EBE,usuario,EBE,,,,,3-Ethylhexahydro-2(3H)-benzofuranone,54491-17-7,,,,,,molécula,,,Tobacco like,Hay,Warm,,fig,,,sin-estandar,,,,,,,,,,,,,,,,,,,,,,,
fig:688,Eth,usuario,Eth,,,,,3-Ethylphenol,620-17-7,,,,,,molécula,,,Food Like,Coffee,Phenolic,,fig,,,sin-estandar,,,,,,,,,,,,,,,,,,,,,,,
fig:689,Et2,usuario,Et2,,,,,3-Ethylpyridine,536-78-7,,,,,,molécula,,,Green,Leathery,Tobacco,,fig,,,sin-estandar,,,,,,,,,,,,,,,,,,,,,,,
fig:690,He3,usuario,He3,,,,,3-Heptanone,106-35-4,,,,,,molécula,,,Fruity,Green,Oily,,fig,,,sin-estandar,,,,,,,,,,,,,,,,,,,,,,,
fig:691,He4,usuario,He4,,,,,3-Hexanone,589-38-8,,,,,,molécula,,,Fruity,Sweet,Grape,,fig,,,sin-estandar,,,,,,,,,,,,,,,,,,,,,,,
fig:692,HMO,usuario,HMO,,,,,"3-Hexanone, 2-methyl-, oxime",86460-54-0,,,,,,molécula,,,Green,Fruity,Apple,,fig,,,sin-estandar,,,,,,,,,,,,,,,,,,,,,,,
fig:693,HM2,usuario,HM2,,,,,"3-Hexanone, 5-mercapto-5-methyl-",851768-51-9,,,,,,molécula,,,Fruity,Grape,Cassis,,fig,,,sin-estandar,,,,,,,,,,,,,,,,,,,,,,,
fig:694,HOI,usuario,HOI,,,,,3-Hexen-1-ol (isomer unspecified),544-12-7,,,,,,molécula,,,Green,Fresh,Floral,,fig,,,sin-estandar,,,,,,,,,,,,,,,,,,,,,,,
fig:695,He5,usuario,He5,,,,,3-Hexenal,4440-65-7,,,,,,molécula,,,Green,Fruity,Floral,,fig,,,sin-estandar,,,,,,,,,,,,,,,,,,,,,,,
fig:696,HBY,usuario,HBY,,,,,"3-Hexene, 1-(2-buten-1-yloxy)-, (3Z)-",888744-18-1,,,,,,molécula,,,Green,Fresh,Floral,,fig,,,sin-estandar,,,,,,,,,,,,,,,,,,,,,,,
fig:697,HMP,usuario,HMP,,,,,"3-Hexene, 1-[(2-methyl-2-propenyl)oxy]- (3Z)-",292605-05-1,,,,,,molécula,,,Green,Fresh,Floral,,fig,,,sin-estandar,,,,,,,,,,,,,,,,,,,,,,,
fig:698,HM3,usuario,HM3,,,,,3-Hexenyl 2-methylbutanoate,10094-41-4,,,,,,molécula,,,Fruity,Apple,Green,,fig,,,sin-estandar,,,,,,,,,,,,,,,,,,,,,,,
fig:699,HOX,usuario,HOX,,,,,3-Hexenyl 2-oxopropionate,68133-76-6,,,,,,molécula,,,Green,Oily,Melon,,fig,,,sin-estandar,,,,,,,,,,,,,,,,,,,,,,,
fig:700,HPH,usuario,HPH,,,,,3-Hexenyl phenylacetate,42436-07-7,,,,,,molécula,,,Green,Floral,Honey,,fig,,,sin-estandar,,,,,,,,,,,,,,,,,,,,,,,
fig:701,HO4,usuario,HO4,,,,,3-Hexyldihydrofuran-2(3H)-one,18436-37-8,,,,,,molécula,,,Fruity,Floral,Coconut,,fig,,,sin-estandar,,,,,,,,,,,,,,,,,,,,,,,
fig:702,MP12,usuario,MP12,,,,,3-Mercapto-2-pentanone,67633-97-0,,,,,,molécula,,,Sulfurous,Onion,Vegetable,,fig,,,sin-estandar,,,,,,,,,,,,,,,,,,,,,,,
fig:703,MMB,usuario,MMB,,,,,3-Mercapto-3-methyl-1-butanol,34300-94-2,,,,,,molécula,,,Food Like,Roasted,Sweet,,fig,,,sin-estandar,,,,,,,,,,,,,,,,,,,,,,,
fig:704,MM10,usuario,MM10,,,,,3-Mercapto-4-methyl-2-pentanone,75832-79-0,,,,,,molécula,,,Fruity,Blackcurrant,Berry,,fig,,,sin-estandar,,,,,,,,,,,,,,,,,,,,,,,
fig:705,Mr,usuario,Mr,,,,,3-Mercaptohexanol,51755-83-0,,,,,,molécula,,,Fruity,Tropical-Fruit,Citrus,,fig,,,sin-estandar,,,,,,,,,,,,,,,,,,,,,,,
fig:706,MA4,usuario,MA4,,,,,3-Mercaptohexyl acetate,136954-20-6,,,,,,molécula,,,Fruity,Tropical-Fruit,Floral,,fig,,,sin-estandar,,,,,,,,,,,,,,,,,,,,,,,
fig:707,MCR,usuario,MCR,,,,,3-Methoxy-5-cresol,3209-13-0,,,,,,molécula,,,Woody,Mossy,Hay,,fig,,,sin-estandar,,,,,,,,,,,,,,,,,,,,,,,
fig:708,MC2,usuario,MC2,,,,,3-Methyl-1-cyclopentadecanone,541-91-3,,,,,,molécula,,,Musk like,Powdery,Animal Like,,fig,,,sin-estandar,,,,,,,,,,,,,,,,,,,,,,,
fig:709,MPCO,usuario,MPCO,,,,,3-Methyl-2-(n-pentanyl)-2-cyclopenten-1-one,1128-08-1,,,,,,molécula,,,Floral,Jasmin,Myrrh,,fig,,,sin-estandar,,,,,,,,,,,,,,,,,,,,,,,
fig:710,MP13,usuario,MP13,,,,,3-Methyl-2-(pentyloxy)cyclopent-2-en-1-one,68922-13-4,,,,,,molécula,,,Floral,Jasmin,Green,,fig ifra-estandar,IFRA_STD_065,3-Methyl-2-(pentyloxy)cyclopent-2-en-1-one,con-techo,,,,0.085,0.025,0.51,0.47,0.12,0.12,0.12,0.12,0.28,0.96,0.96,0.05,0.92,3.3,3.3,1.8,1.8,sin-restriccion,,"2-Cyclopenten-1-one, 2-(pentyloxy)-3-methyl- | Pentyloxy cyclopentenone (commercial name)"
fig:711,MN,usuario,MN,,,,,"3-Methyl-2,4-nonedione",113486-29-6,,,,,,molécula,,,Fruity,Caramel,Burnt,,fig,,,sin-estandar,,,,,,,,,,,,,,,,,,,,,,,
fig:712,MB2,usuario,MB2,,,,,3-Methyl-2-buten-1-ol,556-82-1,,,,,,molécula,,,Green,Fruity,Lavender,,fig,,,sin-estandar,,,,,,,,,,,,,,,,,,,,,,,
fig:713,MB3,usuario,MB3,,,,,3-Methyl-2-butenal,107-86-8,,,,,,molécula,,,Aldehydic,Fruity,Nutty,,fig,,,sin-estandar,,,,,,,,,,,,,,,,,,,,,,,
fig:714,MB4,usuario,MB4,,,,,3-Methyl-2-butenyl acetate,1191-16-8,,,,,,molécula,,,Fruity,Pear,Green,,fig,,,sin-estandar,,,,,,,,,,,,,,,,,,,,,,,
fig:715,MBB,usuario,MBB,,,,,3-Methyl-2-butenyl benzoate,5205-11-8,,,,,,molécula,,,Floral,Fruity,Green,,fig,,,sin-estandar,,,,,,,,,,,,,,,,,,,,,,,
fig:716,MBS,usuario,MBS,,,,,3-Methyl-2-butenyl salicylate,68555-58-8,,,,,,molécula,,,Floral,Herbal,Green,,fig,,,sin-estandar,,,,,,,,,,,,,,,,,,,,,,,
fig:717,MCO,usuario,MCO,,,,,3-Methyl-2-cyclohexen-1-one,1193-18-6,,,,,,molécula,,,Gourmand,Nutty,Sweet,,fig,,,sin-estandar,,,,,,,,,,,,,,,,,,,,,,,
fig:718,MP14,usuario,MP14,,,,,3-Methyl-2-pentylcyclopentan-1-one,13074-63-0,,,,,,molécula,,,Floral,Fruity,Jasmin,,fig,,,sin-estandar,,,,,,,,,,,,,,,,,,,,,,,
fig:719,MB5,usuario,MB5,,,,,3-Methyl-3-butenyl acetate,5205-07-2,,,,,,molécula,,,Fruity,Pear,Apple,,fig,,,sin-estandar,,,,,,,,,,,,,,,,,,,,,,,
fig:720,MTCY,usuario,MTCY,,,,,"3-Methyl-4-(2,4,6-trimethyl-3-cyclohexen-1-yl)-3-buten-2-one",67801-29-0,,,,,,molécula,,,Herbal,Fresh,Celery,,fig,,,sin-estandar,,,,,,,,,,,,,,,,,,,,,,,
fig:721,MT2,usuario,MT2,,,,,"3-Methyl-5-(2,2,3-trimethyl-3-cyclopenten-1-yl)pent-3-en-2-one",65113-95-3,,,,,,molécula,,,Woody,Floral,Violet,,fig,,,sin-estandar,,,,,,,,,,,,,,,,,,,,,,,
fig:722,MT3,usuario,MT3,,,,,"3-Methyl-5-(2,2,3-trimethyl-3-cyclopenten-1-yl)pent-4-en-2-ol",67801-20-1,,,,,,molécula,,,Woody,Sandalwood,Milky,,fig,,,sin-estandar,,,,,,,,,,,,,,,,,,,,,,,
fig:723,MC3,usuario,MC3,,,,,3-Methyl-5-cyclopentadecen-1-one,63314-79-4,,,,,,molécula,,,Musk like,Floral,Powdery,,fig,,,sin-estandar,,,,,,,,,,,,,,,,,,,,,,,
fig:724,MP15,usuario,MP15,,,,,3-Methyl-5-phenylpent-2-enenitrile,93893-89-1,,,,,,molécula,,,Citrus,Rose,Cinnamon,,fig ifra-estandar,IFRA_STD_233,3-Methyl-5-phenylpent-2-enenitrile,con-techo,,,,0.021,0.0062,0.12,0.12,0.029,0.029,0.029,0.0097,0.065,0.24,0.24,0.0097,0.23,0.81,0.81,0.0097,0.0097,65,,
fig:725,MP16,usuario,MP16,,,,,3-Methyl-5-phenylpentanenitrile,54089-83-7,,,,,,molécula,,,Citrus,Floral,Waxy,,fig,,,sin-estandar,,,,,,,,,,,,,,,,,,,,,,,
fig:726,MP17,usuario,MP17,,,,,3-Methyl-5-phenylpentanol,55066-48-3,,,,,,molécula,,,Floral,Rose,Green,,fig,,,sin-estandar,,,,,,,,,,,,,,,,,,,,,,,
fig:727,MP18,usuario,MP18,,,,,3-Methyl-5-propyl-2-cyclohexen-1-one,3720-16-9,,,,,,molécula,,,Herbal,Spicy,Celery,,fig,,,sin-estandar,,,,,,,,,,,,,,,,,,,,,,,
fig:728,MED,usuario,MED,,,,,3-Methylbutanal diethyl acetal,3842-03-3,,,,,,molécula,,,Fruity,Oily,Peach,,fig,,,sin-estandar,,,,,,,,,,,,,,,,,,,,,,,
fig:729,MHY,usuario,MHY,,,,,3-Methylbutyl 2-hydroxypropionate,19329-89-6,,,,,,molécula,,,Fruity,Creamy,Nutty,,fig,,,sin-estandar,,,,,,,,,,,,,,,,,,,,,,,
fig:730,MM11,usuario,MM11,,,,,3-Methylbutyl 2-methyl-2-butenoate,10482-55-0,,,,,,molécula,,,Floral,Chamomile,Fruity,,fig,,,sin-estandar,,,,,,,,,,,,,,,,,,,,,,,
fig:731,MM12,usuario,MM12,,,,,3-Methylbutyl 2-methylbutanoate,27625-35-0,,,,,,molécula,,,Fruity,Berry,Citrus,,fig,,,sin-estandar,,,,,,,,,,,,,,,,,,,,,,,
fig:732,MM13,usuario,MM13,,,,,3-Methylbutyl 2-methylpropanoate,2050-01-3,,,,,,molécula,,,Fruity,Sweet,Apricot,,fig,,,sin-estandar,,,,,,,,,,,,,,,,,,,,,,,
fig:733,MVA,usuario,MVA,,,,,3-Methylbutyl valerate,2050-09-1,,,,,,molécula,,,Fruity,Green,Apple,,fig,,,sin-estandar,,,,,,,,,,,,,,,,,,,,,,,
fig:734,Me8,usuario,Me8,,,,,3-Methylbutyraldehyde,590-86-3,,,,,,molécula,,,Aldehydic,Chocolate,Peach,,fig,,,sin-estandar,,,,,,,,,,,,,,,,,,,,,,,
fig:735,MA5,usuario,MA5,,,,,3-Methylcrotonic acid,541-47-9,,,,,,molécula,,,Green,Phenolic,Dairy,,fig,,,sin-estandar,,,,,,,,,,,,,,,,,,,,,,,
fig:736,Me9,usuario,Me9,,,,,3-Methylcyclopentadecenone,82356-51-2,,,,,,molécula,,,Powdery,Warm,Musk Like,,fig,,,sin-estandar,,,,,,,,,,,,,,,,,,,,,,,
fig:737,MDI,usuario,MDI,,,,,"3-Methylcyclopentane-1,2-dione",765-70-8,,,,,,molécula,,,Gourmand,Licorice,Caramel,,fig,,,sin-estandar,,,,,,,,,,,,,,,,,,,,,,,
fig:738,Me10,usuario,Me10,,,,,3-Methyldodecanonitrile,85351-07-1,,,,,,molécula,,,Citrus,Orange,Clean,,fig,,,sin-estandar,,,,,,,,,,,,,,,,,,,,,,,
fig:739,MA6,usuario,MA6,,,,,3-Methylpentanoic acid,105-43-1,,,,,,molécula,,,Acidic,Sharp,Cheesy,,fig,,,sin-estandar,,,,,,,,,,,,,,,,,,,,,,,
fig:740,MM14,usuario,MM14,,,,,3-Methylpentyl 2-methylisocrotonate,53082-58-9,,,,,,molécula,,,Woody,Floral,Celery,,fig,,,sin-estandar,,,,,,,,,,,,,,,,,,,,,,,
fig:741,No3,usuario,No3,,,,,3-Nonanol,624-51-1,,,,,,molécula,,,Green,Herbal,Oily,,fig,,,sin-estandar,,,,,,,,,,,,,,,,,,,,,,,
fig:742,No4,usuario,No4,,,,,3-Nonanone,925-78-0,,,,,,molécula,,,Fruity,Floral,Sweet,,fig,,,sin-estandar,,,,,,,,,,,,,,,,,,,,,,,
fig:743,NON,usuario,NON,,,,,3-Nonen-2-one,14309-57-0,,,,,,molécula,,,Fruity,Berry,Licorice,,fig,,,sin-estandar,,,,,,,,,,,,,,,,,,,,,,,
fig:744,Oc2,usuario,Oc2,,,,,3-Octanol,589-98-0,,,,,,molécula,,,Earthy,Mushroom,Woody,,fig,,,sin-estandar,,,,,,,,,,,,,,,,,,,,,,,
fig:745,Oc3,usuario,Oc3,,,,,3-Octanone,106-68-3,,,,,,molécula,,,Herbal,Fruity,Mushroom,,fig,,,sin-estandar,,,,,,,,,,,,,,,,,,,,,,,
fig:746,OO4,usuario,OO4,,,,,3-Octen-2-one,1669-44-9,,,,,,molécula,,,Earthy,Mushroom,Sweet,,fig ifra-estandar,IFRA_STD_234,3-Octen-2-one,con-techo,,,,0.0085,0.0025,0.051,0.047,0.012,0.012,0.012,0.012,0.028,0.096,0.096,0.005,0.092,0.33,0.33,0.18,0.18,sin-restriccion,,3-Octen-2-one | Oct-3-en-2-one | Methyl hexenyl ketone | 1-Hexenyl methyl ketone
fig:747,OCA,usuario,OCA,,,,,3-Octyl acetate,4864-61-3,,,,,,molécula,,,Fruity,Bergamot,Woody,,fig,,,sin-estandar,,,,,,,,,,,,,,,,,,,,,,,
fig:748,OPE,usuario,OPE,,,,,3-Oxabicyclo[10.3.0]pentadec-6-ene,40785-62-4,,,,,,molécula,,,Musk like,Earthy,Powdery,,fig,,,sin-estandar,,,,,,,,,,,,,,,,,,,,,,,
fig:749,PTC,usuario,PTC,,,,,"3-Pentanone, 1-(2,6,6-trimethyl-2-cyclohexen-1-yl)-, reaction products with 2-propyn-1-",68611-23-4,,,,,,molécula,,,Animal like,Amber,Leathery ol,,fig,,,sin-estandar,,,,,,,,,,,,,,,,,,,,,,,
fig:750,PP3,usuario,PP3,,,,,3-Phenyl-1-propanol,122-97-4,,,,,,molécula,,,Floral,Balsamic,Hyacinth,,fig,,,sin-estandar,,,,,,,,,,,,,,,,,,,,,,,
fig:751,PBY,usuario,PBY,,,,,3-Phenyl-3-buten-1-yl acetate,7306-12-9,,,,,,molécula,,,Anisic,Floral,Balsamic,,fig,,,sin-estandar,,,,,,,,,,,,,,,,,,,,,,,
fig:752,Ph3,usuario,Ph3,,,,,3-Phenylbutanal,16251-77-7,,,,,,molécula,,,Green,Pungent,Foliage,,fig ifra-estandar,IFRA_STD_074,3-Phenylbutanal,con-techo,,,,0.17,0.069,0.023,0.44,0.24,0.023,0.034,0.0076,0.011,0.023,0.023,0.0076,0.08,0.08,0.36,0.0076,0.0076,9.6,,"Benzenepropanal, β-methyl- | 3-Phenylbutyraldehyde | 3-Phenyl-3-methylpropanal | Trifernal (commercial name)"
fig:753,Ph4,usuario,Ph4,,,,,3-Phenylpropionaldehyde,104-53-0,,,,,,molécula,,,Green,Melon,Aldehydic,,fig,,,sin-estandar,,,,,,,,,,,,,,,,,,,,,,,
fig:754,PAC,usuario,PAC,,,,,3-Phenylpropionic acid,501-52-0,,,,,,molécula,,,Floral,Sweet,Spicy,,fig,,,sin-estandar,,,,,,,,,,,,,,,,,,,,,,,
fig:755,PA2,usuario,PA2,,,,,3-Phenylpropyl acetate,122-72-5,,,,,,molécula,,,Spicy,Balsamic,Cinnamon,,fig,,,sin-estandar,,,,,,,,,,,,,,,,,,,,,,,
fig:756,PCI,usuario,PCI,,,,,3-Phenylpropyl cinnamate,122-68-9,,,,,,molécula,,,Balsamic,Spicy,Fruity,,fig,,,sin-estandar,,,,,,,,,,,,,,,,,,,,,,,
fig:757,PIS,usuario,PIS,,,,,3-Phenylpropyl isobutyrate,103-58-2,,,,,,molécula,,,Fruity,Sweet,Balsamic,,fig,,,sin-estandar,,,,,,,,,,,,,,,,,,,,,,,
fig:758,PHE,usuario,PHE,,,,,3-Propylbicyclo[2.2.1]hept-5-ene-2-carboxaldehyde,39067-39-5,,,,,,molécula,,,Green,Aldehydic,Floral,,fig,,,sin-estandar,,,,,,,,,,,,,,,,,,,,,,,
fig:759,Po,usuario,Po,,,,,3-Propylidenephthalide,17369-59-4,,,,,,molécula,,,Herbal,Celery,Sweet,,fig ifra-estandar,IFRA_STD_076,3-Propylidenephthalide,con-techo,,,,0.072,0.022,0.43,0.4,0.1,0.1,0.1,0.1,0.24,0.82,0.82,0.042,0.79,2.8,2.8,1.6,1.6,sin-restriccion,,"3-Propylidenephthalide | 1(3H)-Isobenzofuranone, 3-propylidene- | 3-Propylidene-2-benzofuran-1(3H)-one | Propylidene phthalide"
fig:760,BA3,usuario,BA3,,,,,3-tert-Butylcyclohexyl acetate,31846-06-7,,,,,,molécula,,,Fruity,Apple,Woody,,fig,,,sin-estandar,,,,,,,,,,,,,,,,,,,,,,,
fig:761,EPT,usuario,EPT,,,,,"4-(1,2-Epoxy-2,6,6-trimethylcyclohexyl)-3-buten-2-one",23267-57-4,,,,,,molécula,,,Floral,Violet,Powdery,,fig,,,sin-estandar,,,,,,,,,,,,,,,,,,,,,,,
fig:762,TH4,usuario,TH4,,,,,"4-(1,7,7-Trimethylbicyclo[2.2.1]hept-2-yl)-cyclohexanol",66072-32-0,,,,,,molécula,,,Woody,Sandalwood,Balsamic,,fig,,,sin-estandar,,,,,,,,,,,,,,,,,,,,,,,
fig:763,MMM,usuario,MMM,,,,,4-(1-Methoxy-1-methylethyl)-1-methylcyclohexene,14576-08-0,,,,,,molécula,,,Floral,Neroli,Bergamot,,fig,,,sin-estandar,,,,,,,,,,,,,,,,,,,,,,,
fig:764,TC3,usuario,TC3,,,,,"4-(2,4,6-Trimethyl-3-cyclohexen-1-yl)-3-buten-2-one",67801-38-1,,,,,,molécula,,,Floral,Violet,Woody,,fig,,,sin-estandar,,,,,,,,,,,,,,,,,,,,,,,
fig:765,TC4,usuario,TC4,,,,,"4-(2,6,6-Trimethyl-2-cyclohexen)-2-methylbutanal",65405-84-7,,,,,,molécula,,,Woody,Orris,Leathery,,fig,,,sin-estandar,,,,,,,,,,,,,,,,,,,,,,,
fig:766,TRM,usuario,TRM,,,,,"4-(2,6,6-Trimethylcyclohexyl)-3-methylbutan-2-ol",60241-53-4,,,,,,molécula,,,Woody,Violet,Cedarwood,,fig ifra-estandar,IFRA_STD_251,"1-(2,2,6-Trimethylcyclohexyl)-3-pentanol",con-techo,,,,0.096,0.071,1.4,1.3,0.34,0.34,0.096,0.032,0.096,2.7,2.7,0.032,2.6,3.4,9.3,0.032,0.032,sin-restriccion,,
fig:767,BTE,usuario,BTE,,,,,"4-(2-Butenylidene)-3,5,5-trimethylcyclohex-2-en-1-one",13215-88-8,,,,,,molécula,,,Tobacco like,Warm,Plum,,fig,,,sin-estandar,,,,,,,,,,,,,,,,,,,,,,,
fig:768,MB6,usuario,MB6,,,,,"4-(3,4-Methylenedioxyphenyl)-2-butanone",55418-52-5,,,,,,molécula,,,Fruity,Sweet,Raspberry,,fig,,,sin-estandar,,,,,,,,,,,,,,,,,,,,,,,
fig:769,PPY,usuario,PPY,,,,,4-(3-Phenylpropyl)pyridine,2057-49-0,,,,,,molécula,,,Spicy,Fresh,Green,,fig,,,sin-estandar,,,,,,,,,,,,,,,,,,,,,,,
fig:770,DD2,usuario,DD2,,,,,"4-(4,8-Dimethylnona-3,7-dienyl)pyridine",38462-23-6,,,,,,molécula,,,Marine,Fresh,Clean,,fig,,,sin-estandar,,,,,,,,,,,,,,,,,,,,,,,
fig:771,βIM,usuario,βIM,,,,,4-(Isopropyl)-.beta.-methylcyclohexanethanol,67634-03-1,,,,,,molécula,,beta,Floral,Rose,Fresh,,fig ifra-estandar,IFRA_STD_209,4-(Isopropyl)-.beta.-methylcyclohexanethanol,con-techo,,,,0.26,0.39,0.26,6.4,0.52,0.26,0.26,0.086,0.26,0.26,0.26,0.086,4.9,4.9,1,0.086,0.086,20,,"2-(4-Isopropylcyclohexyl)propan-1-ol | Cyclohexaneethanol, .β.-methyl-4-(1-methylethyl)- | Rodipol C (Commercial name)"
fig:772,IC,usuario,IC,,,,,4-(Isopropyl)cyclohexyl propionate,63449-95-6,,,,,,molécula,,,Herbal,Green,Fruity,,fig,,,sin-estandar,,,,,,,,,,,,,,,,,,,,,,,
fig:773,MM15,usuario,MM15,,,,,4-(Methylthio)-4-methyl-2-pentanone,23550-40-5,,,,,,molécula,,,Fruity,Blackcurrant,Green,,fig,,,sin-estandar,,,,,,,,,,,,,,,,,,,,,,,
fig:774,HYB,usuario,HYB,,,,,4-(p-Hydroxyphenyl)-2-butanone,5471-51-2,,,,,,molécula,,,Fruity,Powdery,Raspberry,,fig ifra-estandar,IFRA_STD_217,4-(4-Hydroxyphenyl)butan-2-one,con-techo,,,,0.68,1,0.27,1,1,0.14,0.27,0.045,0.82,0.41,0.41,0.045,1,1,1,0.045,0.045,78,,"p-Hydroxybenzylacetone | 1-p-Hydroxyphenyl-3-butanone | 2-Butanone, 4-(4-hydroxyphenyl)- | 4-(p-Hydroxyphenyl)-2-butanone | Raspberry ketone | Corps N 112 (commercial name) | Frambinon (commercial name) | Oxanone (commercial name) | Oxyphenylon (commercial name)"
fig:775,MB7,usuario,MB7,,,,,4-(p-Methoxyphenyl)-2-butanone,104-20-1,,,,,,molécula,,,Fruity,Raspberry,Cherry,,fig,,,sin-estandar,,,,,,,,,,,,,,,,,,,,,,,
fig:776,De4,usuario,De4,,,,,"4,​7-​Decadienal",934534-30-2,,,,,,molécula,,,Citrus,Aldehydic,Tangerine,,fig,,,sin-estandar,,,,,,,,,,,,,,,,,,,,,,,
fig:777,MEI,usuario,MEI,,,,,"4,​7-​Methano-​1H-​indene-​5-​carboxaldehyde, octahydro-​6-​methyl-",1338815-87-4,,,,,,molécula,,,Floral,Muguet,Green,,fig,,,sin-estandar,,,,,,,,,,,,,,,,,,,,,,,
fig:778,MAIC,usuario,MAIC,,,,,"4,​7-​Methano-​3aH-​indene-​3a-​carboxylic acid, octahydro-​, ethyl ester",129520-41-8,,,,,,molécula,,,Fruity,Citrus,Floral,,fig,,,sin-estandar,,,,,,,,,,,,,,,,,,,,,,,
fig:779,De5,usuario,De5,,,,,"4,​8-​Decadienal, (4Z,​8Z)​-",1958027-35-4,,,,,,molécula,,,Aldehydic,Mandarin,Oily,,fig,,,sin-estandar,,,,,,,,,,,,,,,,,,,,,,,
fig:780,Un3,usuario,Un3,,,,,"4,​8-​Undecadienal, (4Z,​8Z)​-",1882830-62-7,,,,,,molécula,,,Aldehydic,Coriander,Oily,,fig,,,sin-estandar,,,,,,,,,,,,,,,,,,,,,,,
fig:781,Un4,usuario,Un4,,,,,"4,​8-​Undecadienenitrile, (4Z,​8Z)​-",1882830-61-6,,,,,,molécula,,,Aldehydic,Oily,Citrus,,fig,,,sin-estandar,,,,,,,,,,,,,,,,,,,,,,,
fig:782,Do6,usuario,Do6,,,,,"4,​9-​Dodecadienal, (4Z,​9Z)​-",1801275-28-4,,,,,,molécula,,,Aldehydic,Mandarin,Oily,,fig,,,sin-estandar,,,,,,,,,,,,,,,,,,,,,,,
fig:783,Do7,usuario,Do7,,,,,"4,​9-​Dodecadienenitrile, (4Z,​9Z)​-",1882830-66-1,,,,,,molécula,,,Aldehydic,Waxy,Mandarin,,fig,,,sin-estandar,,,,,,,,,,,,,,,,,,,,,,,
fig:784,TF,usuario,TF,,,,,"4,4,8-Trimethyltricyclo[6.3.1.02,5]dodecan-1-yl formate",58096-46-1,,,,,,molécula,,,Woody,Spicy,Peppery,,fig,,,sin-estandar,,,,,,,,,,,,,,,,,,,,,,,
fig:785,TD3,usuario,TD3,,,,,"4,4a,5,9b-Tetrahydroindeno[1,2-d]-1,3-dioxine",18096-62-3,,,,,,molécula,,,Floral,Earthy,Leathery,,fig,,,sin-estandar,,,,,,,,,,,,,,,,,,,,,,,
fig:786,HM4,usuario,HM4,,,,,"4,4a,6,7,8,8a-Hexahydro-1,4-methanonaphthalen-5(1H)-one",51519-65-4,,,,,,molécula,,,Herbal,Lavender,Pine,,fig,,,sin-estandar,,,,,,,,,,,,,,,,,,,,,,,
fig:787,TD4,usuario,TD4,,,,,"4,5,6,7-Tetrahydro-3,6-dimethylbenzofuran",494-90-6,,,,,,molécula,,,Smoky,Nutty,Earthy,,fig,,,sin-estandar,,,,,,,,,,,,,,,,,,,,,,,
fig:788,DET,usuario,DET,,,,,"4,5-Dimethyl-2-ethyl-3-thiazoline",76788-46-0,,,,,,molécula,,,Sulfurous,nutty,Vegetable,,fig,,,sin-estandar,,,,,,,,,,,,,,,,,,,,,,,
fig:789,DII,usuario,DII,,,,,"4,5-Dimethyl-2-isobutylthiazole",53498-32-1,,,,,,molécula,,,Floral,Green,Geranium,,fig,,,sin-estandar,,,,,,,,,,,,,,,,,,,,,,,
fig:790,DHD,usuario,DHD,,,,,"4,5-Dimethyl-3-hydroxy-2,5-dihydrofuran-2-one",28664-35-9,,,,,,molécula,,,Gourmand,Caramel,Sweet,,fig,,,sin-estandar,,,,,,,,,,,,,,,,,,,,,,,
fig:791,DPO,usuario,DPO,,,,,"4,6-Dimethyl-2H-pyran-2-one",675-09-2,,,,,,molécula,,,Gourmand,Caramel,Anisic,,fig,,,sin-estandar,,,,,,,,,,,,,,,,,,,,,,,
fig:792,DE7,usuario,DE7,,,,,"4,6-Dimethylcyclohex-3-ene-1-carbaldehyde",36635-35-5,,,,,,molécula,,,Green,Grassy,Citrus,,fig ifra-estandar,IFRA_STD_030,Dimethylcyclohex-3-ene-1-carbaldehyde (mixed isomers),con-techo,,,,0.45,0.14,2.7,2.5,0.64,0.64,0.64,0.64,1.5,5.2,5.2,0.27,4.9,18,18,9.8,9.8,sin-restriccion,,
fig:793,TMB,usuario,TMB,,,,,"4,7,7-Trimethyl-2-(3-methyl-2-butenyl)bicyclo[4.1.0]heptan-3-one",74499-58-4,,,,,,molécula,,,Floral,Muguet,Green,,fig,,,sin-estandar,,,,,,,,,,,,,,,,,,,,,,,
fig:794,TTO,usuario,TTO,,,,,"4,7,7-Trimethyl-6-thiabicyclo[3.2.1]oct-3-ene",6784-08-3,,,,,,molécula,,,Fruity,Citrus,Grapefruit,,fig,,,sin-estandar,,,,,,,,,,,,,,,,,,,,,,,
fig:795,TRT,usuario,TRT,,,,,"4,7,7-Trimethyl-6-thiabicyclo[3.2.1]octane",68398-18-5,,,,,,molécula,,,Sulfurous,grapefruit,blackcurrant,,fig,,,sin-estandar,,,,,,,,,,,,,,,,,,,,,,,
fig:796,DE8,usuario,DE8,,,,,"4,7-Dimethyloct-6-en-3-one",2550-11-0,,,,,,molécula,,,Citrus,Grapefruit,Fresh,,fig ifra-estandar,IFRA_STD_235,Dimethyl octenone,con-techo,,,,0.18,0.1,0.37,1.9,0.48,0.37,0.48,0.12,0.18,0.55,0.55,0.12,1.5,0.73,2.4,0.12,0.12,sin-restriccion,,"Dimethyl octenone | 4,7-Dimethyloct-6-en-3-one | 6-Octen-3-one, 4,7-dimethyl-"
fig:797,MIO,usuario,MIO,,,,,"4,7-Methano-1H-inden-5-ol, 3a,4,5,6,7,7a-hexahydrodimethyl-",79771-15-6,,,,,,molécula,,,Aromatic,Fresh,Camphoraceous,,fig,,,sin-estandar,,,,,,,,,,,,,,,,,,,,,,,
fig:798,MIH,usuario,MIH,,,,,"4,7-Methano-1H-indene, 3a,4,5,6,7,7a-hexahydro- 5(or 6)-(2-propenyloxy)-",26912-64-1,,,,,,molécula,,,Floral,Anisic,Fruity,,fig,,,sin-estandar,,,,,,,,,,,,,,,,,,,,,,,
fig:799,MIA,usuario,MIA,,,,,"4,7-Methano-1H-indene-5-acetaldehyde, octahydro-",1339119-15-1,,,,,,molécula,,,Floral,Muguet,Green,,fig,,,sin-estandar,,,,,,,,,,,,,,,,,,,,,,,
fig:800,MR,usuario,MR,,,,,"4,7-Methano-1H-indenecarboxaldehyde, 3a,4,5,6,7,7a-hexahydro-, reaction product",727414-17-7,,,,,,molécula,,,Woody,Sandalwood,"Oily with Me Et ketone, acid-isomerized, reduced",,fig,,,sin-estandar,,,,,,,,,,,,,,,,,,,,,,,
fig:801,DN2,usuario,DN2,,,,,"4,8-Dimethyl-3-7-nonadien-2-ol",67845-50-5,,,,,,molécula,,,Floral,Rose,Lemon,,fig,,,sin-estandar,,,,,,,,,,,,,,,,,,,,,,,
fig:802,DD3,usuario,DD3,,,,,"4,8-Dimethyl-4,9-decadienal",71077-31-1,,,,,,molécula,,,Floral,Cyclamen,Fresh,,fig ifra-estandar,IFRA_STD_207,"4,8-Dimethyl-4,9-decadienal",con-techo,,,,0.042,0.013,0.25,0.24,0.06,0.06,0.06,0.02,0.14,0.48,0.48,0.02,0.46,0.46,1.7,0.02,0.02,sin-restriccion,,"4,9-Decadienal, 4,8-dimethyl- | Aldehyde DMD (Commercial name) | Floral Super (Commercial name)"
fig:803,DN3,usuario,DN3,,,,,"4,8-Dimethyl-7-nonen-2-ol",40596-76-7,,,,,,molécula,,,Citrus,Lemon,Grapefruit,,fig,,,sin-estandar,,,,,,,,,,,,,,,,,,,,,,,
fig:804,AF,usuario,AF,,,,,"4-Acetoxy-2,5-dimethyl-3(2H)furanone",4166-20-5,,,,,,molécula,,,Gourmand,Caramel,Sweet,,fig,,,sin-estandar,,,,,,,,,,,,,,,,,,,,,,,
fig:805,ACE,usuario,ACE,,,,,4-Acetoxy-3-ethoxybenzaldehyde,72207-94-4,,,,,,molécula,,,Powdery,Vanilla,Creamy,,fig,,,sin-estandar,,,,,,,,,,,,,,,,,,,,,,,
fig:806,AP,usuario,AP,,,,,4-Acetoxy-3-pentyltetrahydropyran,18871-14-2,,,,,,molécula,,,Floral,Jasmin,Tea,,fig,,,sin-estandar,,,,,,,,,,,,,,,,,,,,,,,
fig:807,AB,usuario,AB,,,,,"4-Acetyl-6-t-butyl-1,1-dimethylindan",13171-00-1,,,,,,molécula,,,Musk like,Powdery,Clean,,fig,,,sin-estandar,,,,,,,,,,,,,,,,,,,,,,,
fig:808,AMB,usuario,AMB,,,,,4-Allyl-2-methoxyphenyl benzyl ether,57371-42-3,,,,,,molécula,,,Spicy,Clove,Floral,,fig,,,sin-estandar,,,,,,,,,,,,,,,,,,,,,,,
fig:809,Al,usuario,Al,,,,,4-Allylphenol,501-92-8,,,,,,molécula,,,Herbal,Thyme,Spicy,,fig,,,sin-estandar,,,,,,,,,,,,,,,,,,,,,,,
fig:810,Ca,usuario,Ca,,,,,4-Carvomenthenol,562-74-3,,,,,,molécula,,,Herbal,Earthy,Woody,,fig,,,sin-estandar,,,,,,,,,,,,,,,,,,,,,,,
fig:811,CMB,usuario,CMB,,,,,4-Cyclohexyl-2-methyl-2-butanol,83926-73-2,,,,,,molécula,,,Floral,Coriander,Citrus,,fig,,,sin-estandar,,,,,,,,,,,,,,,,,,,,,,,
fig:812,CYO,usuario,CYO,,,,,4-Cyclopentadecen-1-one,35720-57-1,,,,,,molécula,,,Musk like,Powdery,Soft,,fig,,,sin-estandar,,,,,,,,,,,,,,,,,,,,,,,
fig:813,CON,usuario,CON,,,,,"4-Cyclopentadecen-1-one, (Z)-",14595-54-1,,,,,,molécula,,,Musk like,Powdery,Soft,,fig,,,sin-estandar,,,,,,,,,,,,,,,,,,,,,,,
fig:814,ETE,usuario,ETE,,,,,"4-Ethyl-6-(2,6,6-trimethylyclohex-2-en-1-yl)hex-2-ene-1,4-diol, cyclized",90411-73-7,,,,,,molécula,,,Herbal,Fresh,Citrus,,fig,,,sin-estandar,,,,,,,,,,,,,,,,,,,,,,,
fig:815,Et3,usuario,Et3,,,,,4-Ethylbenzaldehyde,4748-78-1,,,,,,molécula,,,Anisic,Almond,Cherry,,fig ifra-estandar,IFRA_STD_034,p-Ethylbenzaldehyde,con-techo,,,,0.085,0.025,0.51,0.47,0.12,0.12,0.12,0.04,0.28,0.96,0.96,0.04,0.92,0.92,3.3,0.04,0.04,sin-restriccion,,"4-Ethylbenzaldehyde | Benzaldehyde, 4-ethyl"
fig:816,Et4,usuario,Et4,,,,,4-Ethylguaiacol,2785-89-9,,,,,,molécula,,,Spicy,Phenolic,Woody,,fig,,,sin-estandar,,,,,,,,,,,,,,,,,,,,,,,
fig:817,BHM,usuario,BHM,,,,,"4H-​1,​3-​Benzodioxin, hexahydro-​4-​methyl-​2-​(phenylmethyl)​-",1373821-23-8,,,,,,molécula,,,Floral,Green,Rose,,fig,,,sin-estandar,,,,,,,,,,,,,,,,,,,,,,,
fig:818,MDO,usuario,MDO,,,,,"4H-4a,9-Methanoazuleno[5,6-d]-1,3-dioxole, octahydro-2,2,5,8,8,9a-hexamethyl-,",211299-54-6,,,,,,molécula,,,Woody,Amber,"Warm (4aR,5R,7aS,9R)-",,fig,,,sin-estandar,,,,,,,,,,,,,,,,,,,,,,,
fig:819,HDA,usuario,HDA,,,,,"4-Heptanol, 2,6-dimethyl-,acetate",10250-45-0,,,,,,molécula,,,Herbal,Galbanum,Bell Pepper,,fig,,,sin-estandar,,,,,,,,,,,,,,,,,,,,,,,
fig:820,He6,usuario,He6,,,,,4-Heptanone,123-19-3,,,,,,molécula,,,Fruity,Fermented,Green,,fig,,,sin-estandar,,,,,,,,,,,,,,,,,,,,,,,
fig:821,He7,usuario,He7,,,,,4-Heptenal,6728-31-0,,,,,,molécula,,,Green,Fatty,Creamy,,fig,,,sin-estandar,,,,,,,,,,,,,,,,,,,,,,,
fig:822,HD3,usuario,HD3,,,,,4-Heptenal diethyl acetal,18492-65-4,,,,,,molécula,,,Green,Oily,Cucumber,,fig,,,sin-estandar,,,,,,,,,,,,,,,,,,,,,,,
fig:823,HO5,usuario,HO5,,,,,"4-Hexen-1-ol, (4Z)-",928-91-6,,,,,,molécula,,,Green,Herbal,Vegetable,,fig,,,sin-estandar,,,,,,,,,,,,,,,,,,,,,,,
fig:824,HOMM,usuario,HOMM,,,,,"4-Hexen-1-ol, 5-methyl-2-(1-methylethenyl)-",58461-27-1,,,,,,molécula,,,Floral,Waxy,Mimosa,,fig,,,sin-estandar,,,,,,,,,,,,,,,,,,,,,,,
fig:825,HO6,usuario,HO6,,,,,"4-Hexen-1-ol, 5-methyl-2-(1-methylethenyl)-, (R)-",498-16-8,,,,,,molécula,,,Herbal,Warm,Rose,,fig,,,sin-estandar,,,,,,,,,,,,,,,,,,,,,,,
fig:826,HEE,usuario,HEE,,,,,"4-Hexenenitrile, 2-ethenyl-2,5-dimethyl-",97384-47-9,,,,,,molécula,,,Citrus,Fresh,Green,,fig,,,sin-estandar,,,,,,,,,,,,,,,,,,,,,,,
fig:827,IDH,usuario,IDH,,,,,"4H-Indeno[4,5-D]-1,3-dioxole, 3a,5,6,7,8,8b-hexahydro-2,2,6,6,7,8,8-heptamethyl-",823178-41-2,,,,,,molécula,,,Amber,Woody,Dry,,fig,,,sin-estandar,,,,,,,,,,,,,,,,,,,,,,,
fig:828,HF,usuario,HF,,,,,"4-Hydroxy-2,5-dimethyl-3(2H)-furanone",3658-77-3,,,,,,molécula,,,Gourmand,Caramel,Strawberry,,fig ifra-estandar,IFRA_STD_201,"4-Hydroxy-2,5-dimethyl-3(2H)-furanone",con-techo,,,,0.045,0.014,0.27,0.25,0.064,0.064,0.064,0.021,0.15,0.52,0.52,0.021,0.49,0.49,1.8,0.021,0.021,sin-restriccion,,"3(2H)-Furanone, 4-hydroxy-2,5-dimethyl- | 2,5-Dimethyl-4-hydroxy-2,3-dihydrofuran-3-one | 4-Hydroxy-2,5-dimethylfuran-3(2H)-one | Dimethylhydroxy furanone | Strawberry furanone | Furaneol (Commercial name) | Neofuraneol (Commercial name) | Pineapple compound (Commercial name)"
fig:829,HYM,usuario,HYM,,,,,4'-Hydroxy-3'-methoxyacetophenone,498-02-2,,,,,,molécula,,,Balsamic,Sweet,Vanilla,,fig,,,sin-estandar,,,,,,,,,,,,,,,,,,,,,,,
fig:830,HL,usuario,HL,,,,,4-Hydroxy-3-methyloctanoic acid lactone,39212-23-2,,,,,,molécula,,,Tobacco like,Woody,Lovage,,fig,,,sin-estandar,,,,,,,,,,,,,,,,,,,,,,,
fig:831,HPA,usuario,HPA,,,,,4-Hydroxy-3-pentenoic acid lactone,591-12-8,,,,,,molécula,,,Herbal,Sweet,Anisic,,fig,,,sin-estandar,,,,,,,,,,,,,,,,,,,,,,,
fig:832,Hr,usuario,Hr,,,,,4-Hydroxybenzaldehyde,123-08-0,,,,,,molécula,,,Woody,Sweet,Almond,,fig,,,sin-estandar,,,,,,,,,,,,,,,,,,,,,,,
fig:833,HAL,usuario,HAL,,,,,4-Hydroxybutanoic acid lactone,96-48-0,,,,,,molécula,,,Fruity,Chocolate,Peach,,fig,,,sin-estandar,,,,,,,,,,,,,,,,,,,,,,,
fig:834,αIM,usuario,αIM,,,,,4-Isopropyl-.alpha.-methylcinnamaldehyde,831-97-0,,,,,,molécula,,alpha,Floral,Green,Spicy,,fig,,,sin-estandar,,,,,,,,,,,,,,,,,,,,,,,
fig:835,IM4,usuario,IM4,,,,,4-Isopropyl-1-methyl-2-propenylbenzene,14374-92-6,,,,,,molécula,,,Green,Carrot,Galbanum,,fig,,,sin-estandar,,,,,,,,,,,,,,,,,,,,,,,
fig:836,IMM,usuario,IMM,,,,,4-Isopropyl-2-methoxy-1-methylbenzene,6379-73-3,,,,,,molécula,,,Herbal,Spicy,Green,,fig,,,sin-estandar,,,,,,,,,,,,,,,,,,,,,,,
fig:837,IDD,usuario,IDD,,,,,"4-Isopropyl-5,5-dimethyl-1,3-dioxane",3583-00-4,,,,,,molécula,,,Herbal,Green,Camphoraceous,,fig,,,sin-estandar,,,,,,,,,,,,,,,,,,,,,,,
fig:838,Ir,usuario,Ir,,,,,4-Isopropylcyclohexanol,4621-04-9,,,,,,molécula,,,Animal like,Floral,Rose,,fig,,,sin-estandar,,,,,,,,,,,,,,,,,,,,,,,
fig:839,MM16,usuario,MM16,,,,,4-Methoxy-2-methyl-2-butanethiol,94087-83-9,,,,,,molécula,,,Fruity,Sulfurous,Mango,,fig,,,sin-estandar,,,,,,,,,,,,,,,,,,,,,,,
fig:840,αMEM,usuario,αMEM,,,,,4-Methoxy-alpha-methylbenzenepropanal,5462-06-6,,,,,,molécula,,alpha,Anisic,Sweet,Herbal,,fig ifra-estandar,IFRA_STD_057,4-Methoxy-alpha-methylbenzenepropanal,con-techo,,,,0.11,0.14,0.75,2.5,0.64,0.64,0.64,0.21,0.11,0.86,0.86,0.21,2.7,0.75,4.1,0.21,0.21,sin-restriccion,,"4-Methoxy-alpha-methylbenzenepropanal | 4-Methoxy-α-methylbenzenepropanal | 2-Anisylpropional | 2-(p-Anisyl)propanal | Benzenepropanal, 4-methoxy-α-methyl- | Benzenepropanal, 4-methoxy-alpha-methyl- | Hydrocinnamaldehyde, p-methoxy-a-methyl | p-Methoxyhydratropaldehyde | 4-Methoxy-α-methylbenzenepropanal | p-Methoxy-α-methylhydrocinnamaldehyde | p-Methoxy-alpha-methylhydrocinnamaldehyde | 3-(4-Methoxyphenyl)-2-methylpropanal | 3-(p-Methoxyphenyl)-2-methylpropionaldehyde | 2-Methyl-3-(p-methoxyphenyl)propanal | 2-Methyl-3-(4-methoxyphenyl)propionaldehyde | Canthoxal (commercial name) | Fennaldehyde (commercial name) | Foliaver (commercial name)"
fig:841,MD2,usuario,MD2,,,,,4-Methoxybenzaldehyde diethyl acetal,2403-58-9,,,,,,molécula,,,Floral,Hawthorn,Powdery,,fig,,,sin-estandar,,,,,,,,,,,,,,,,,,,,,,,
fig:842,MA7,usuario,MA7,,,,,4-Methoxybenzoic acid,100-09-4,,,,,,molécula,,,Animal like,Pungent,Leathery,,fig,,,sin-estandar,,,,,,,,,,,,,,,,,,,,,,,
fig:843,MU,usuario,MU,,,,,4-Methyl-1-oxaspiro[5.5]undecan-4-ol,57094-40-3,,,,,,molécula,,,Minty,Camphoraceous,Fresh,,fig,,,sin-estandar,,,,,,,,,,,,,,,,,,,,,,,
fig:844,MOU,usuario,MOU,,,,,4-Methyl-1-oxaspiro[5.5]undecene,68228-06-8,,,,,,molécula,,,Herbal,Camphoraceous,Lavender,,fig,,,sin-estandar,,,,,,,,,,,,,,,,,,,,,,,
fig:845,MP19,usuario,MP19,,,,,"4-Methyl-2-(1-phenylethyl)-1,3-dioxolane",67634-23-5,,,,,,molécula,,,Green,Hay,Dry,,fig,,,sin-estandar,,,,,,,,,,,,,,,,,,,,,,,
fig:846,MP20,usuario,MP20,,,,,4-Methyl-2-pentanone,108-10-1,,,,,,molécula,,,Green,Herbal,Fruity,,fig,,,sin-estandar,,,,,,,,,,,,,,,,,,,,,,,
fig:847,MP21,usuario,MP21,,,,,4-Methyl-2-phenyl-2-pentenal,26643-91-4,,,,,,molécula,,,Gourmand,Cocoa,Nutty,,fig,,,sin-estandar,,,,,,,,,,,,,,,,,,,,,,,
fig:848,MDE,usuario,MDE,,,,,4-Methyl-3-decen-5-ol,81782-77-6,,,,,,molécula,,,Green,Floral,Fruity,,fig,,,sin-estandar,,,,,,,,,,,,,,,,,,,,,,,
fig:849,MP22,usuario,MP22,,,,,4-Methyl-3-penten-2-one,141-79-7,,,,,,molécula,,,Green,Earthy,Vegetable,,fig,,,sin-estandar,,,,,,,,,,,,,,,,,,,,,,,
fig:850,MP23,usuario,MP23,,,,,4-Methyl-4-phenyl-2-pentanone,7403-42-1,,,,,,molécula,,,Woody,Vetiver,Rooty,,fig,,,sin-estandar,,,,,,,,,,,,,,,,,,,,,,,
fig:851,MTH,usuario,MTH,,,,,4-Methyl-5-thiazoleethanol,137-00-8,,,,,,molécula,,,Gourmand,Milky,Creamy,,fig,,,sin-estandar,,,,,,,,,,,,,,,,,,,,,,,
fig:852,MVI,usuario,MVI,,,,,4-Methyl-5-vinylthiazole,1759-28-0,,,,,,molécula,,,Gourmand,Nutty,Musty,,fig,,,sin-estandar,,,,,,,,,,,,,,,,,,,,,,,
fig:853,MMD,usuario,MMD,,,,,"4-Methyl-8-methylenetricyclo[3.3.1.(3,7)]decan-2-yl acetate",122760-85-4,,,,,,molécula,,,Woody,Amber,Vetiver,,fig,,,sin-estandar,,,,,,,,,,,,,,,,,,,,,,,
fig:854,Me11,usuario,Me11,,,,,4'-Methylacetophenone,122-00-9,,,,,,molécula,,,Floral,Soft,Heliotrope,,fig,,,sin-estandar,,,,,,,,,,,,,,,,,,,,,,,
fig:855,MA8,usuario,MA8,,,,,4-Methylbenzyl acetate,2216-45-7,,,,,,molécula,,,Floral,Hyacinth,Green,,fig,,,sin-estandar,,,,,,,,,,,,,,,,,,,,,,,
fig:856,MA9,usuario,MA9,,,,,4-Methylnonanoic acid,45019-28-1,,,,,,molécula,,,Acidic,Animal Like,Dry,,fig,,,sin-estandar,,,,,,,,,,,,,,,,,,,,,,,
fig:857,MA10,usuario,MA10,,,,,4-Methyloctanoic acid,54947-74-9,,,,,,molécula,,,Acidic,Animal Like,Dry,,fig,,,sin-estandar,,,,,,,,,,,,,,,,,,,,,,,
fig:858,MA11,usuario,MA11,,,,,4-Methylpentanoic acid,646-07-1,,,,,,molécula,,,Acidic,Gourmand,Pungent,,fig,,,sin-estandar,,,,,,,,,,,,,,,,,,,,,,,
fig:859,PS,usuario,PS,,,,,"4-Penten-1-one, 1-spiro[4.5]dec-6-en-7-yl-",224031-71-4,,,,,,molécula,,,Green,Galbanum,Pineapple,,fig,,,sin-estandar,,,,,,,,,,,,,,,,,,,,,,,
fig:860,POS,usuario,POS,,,,,"4-Penten-1-one, 1-spiro[4.5]dec-7-en-7-yl-",224031-70-3,,,,,,molécula,,,Green,Galbanum,Pineapple,,fig,,,sin-estandar,,,,,,,,,,,,,,,,,,,,,,,
fig:861,PAA,usuario,PAA,,,,,"4-Pentenoic acid, 2-acetyl-4-methyl-, ethyl ester",20962-70-3,,,,,,molécula,,,Fruity,Floral,Green,,fig,,,sin-estandar,,,,,,,,,,,,,,,,,,,,,,,
fig:862,PHB,usuario,PHB,,,,,4-Phenyl-2-butanol,2344-70-9,,,,,,molécula,,,Floral,Peony,Mimosa,,fig,,,sin-estandar,,,,,,,,,,,,,,,,,,,,,,,
fig:863,PBO,usuario,PBO,,,,,4-Phenyl-3-buten-2-ol,17488-65-2,,,,,,molécula,,,Balsamic,Floral,Fruity,,fig ifra-estandar,IFRA_STD_198,4-Phenyl-3-buten-2-ol,con-techo,,,,0.22,0.066,1.3,1.2,0.32,0.32,0.32,0.32,0.73,2.5,2.5,0.13,2.4,8.7,8.7,4.8,4.8,sin-restriccion,,"3-Buten-2-ol, 4-phenyl- | 4-Phenylbut-3-en-2-ol | Methyl styryl carbinol"
fig:864,Amy,usuario,Amy,,,,,4-t-Amylcyclohexanone,16587-71-6,,,,,,molécula,,,Woody,Orris,Camphoraceous,,fig ifra-estandar,IFRA_STD_236,Isopentylcyclohexanone,con-techo,,,,0.027,0.008,0.16,0.15,0.038,0.038,0.038,0.013,0.061,0.24,0.24,0.013,0.29,0.061,1.1,0.013,0.013,61,,"Isopentylcyclohexanone | 4-(1,1-Dimethylpropyl)cyclohexanone | 4-t-Amylcyclohexanone | 4-tert-Amylcyclohexanone | 4-tert-Pentylcyclohexanone | Cyclohexanone, 4-(1,1-dimethylpropyl)- | p-tert Amyl cyclohexanone | Orris hexanone | 4-(2-Methylbutan-2-yl)cyclohexan-1-one | Orivone (commercial name)"
fig:865,BDI,usuario,BDI,,,,,"4'-tert-Butyl-2',6'-dimethylacetophenone",2040-10-0,,,,,,molécula,,,Woody,Powdery,Warm,,fig,,,sin-estandar,,,,,,,,,,,,,,,,,,,,,,,
fig:866,Bu3,usuario,Bu3,,,,,4-tert-Butylcyclohexanol,98-52-2,,,,,,molécula,,,Woody,Camphoraceous,Floral,,fig,,,sin-estandar,,,,,,,,,,,,,,,,,,,,,,,
fig:867,BA4,usuario,BA4,,,,,4-tert-Butylcyclohexyl acetate,32210-23-4,,,,,,molécula,,,Fruity,Apple,Woody,,fig,,,sin-estandar,,,,,,,,,,,,,,,,,,,,,,,
fig:868,Th,usuario,Th,,,,,4-Thujanol,546-79-2,,,,,,molécula,,,Herbal,Minty,Eucalyptus,,fig,,,sin-estandar,,,,,,,,,,,,,,,,,,,,,,,
fig:869,TRB,usuario,TRB,,,,,4-Tricyclodecylidene butanal,30168-23-1,,,,,,molécula,,,Floral,Muguet,Aldehydic,,fig,,,sin-estandar,,,,,,,,,,,,,,,,,,,,,,,
fig:870,ADA,usuario,ADA,,,,,5- and 6-Decenoic acid,72881-27-7,,,,,,molécula,,,Gourmand,Sweet,Milky,,fig,,,sin-estandar,,,,,,,,,,,,,,,,,,,,,,,
fig:871,TCMO,usuario,TCMO,,,,,"5-(2,2,3-Trimethyl-3-cyclopentenyl)-3-methylpentan-2-ol",65113-99-7,,,,,,molécula,,,Woody,Sandalwood,Amber,,fig ifra-estandar,IFRA_STD_212,"5-(2,2,3-Trimethyl-3-cyclopentenyl)-3-methylpentan-2-ol",con-techo,,,,0.21,0.062,1.2,1.2,0.29,0.29,0.29,0.29,0.68,2.4,2.4,0.12,2.3,8.1,8.1,4.5,4.5,sin-restriccion,,"3-Cyclopentene-1-butanol, .α.,.β.,2,2,3-pentamethyl- | 3-Methyl-5-(2,2,3-trimethylcyclopent-3-en-1-yl)pentan-2-ol | a,b,2,2,3-Pentamethylcyclopent-3-ene-1-butanol | Sandal Series G (Commercial name) | Sandalore (Commercial name)"
fig:872,HDMF,usuario,HDMF,,,,,5-(cis-3-Hexenyl)dihydro-5-methyl-2(3H)furanone,70851-61-5,,,,,,molécula,,,Gourmand,Milky,Coconut,,fig,,,sin-estandar,,,,,,,,,,,,,,,,,,,,,,,
fig:873,DHM,usuario,DHM,,,,,"5-(Diethoxymethyl)-3a,4,5,6,7,7a-hexahydro-4,7-methano-1H-indene",67633-92-5,,,,,,molécula,,,Anisic,Fruity,Herbal,,fig,,,sin-estandar,,,,,,,,,,,,,,,,,,,,,,,
fig:874,OMO,usuario,OMO,,,,,5(Or 6)-Methyl-7(or 8)-(1-methylethyl)bicyclo[2.2.2]oct-5-ene-2-carbaldehyde,68259-31-4,,,,,,molécula,,,Green,Watery,Leafy,,fig,,,sin-estandar,,,,,,,,,,,,,,,,,,,,,,,
fig:875,MB8,usuario,MB8,,,,,"5,​8-​Methano-​2H-​1-​benzopyran, 6-​ethylideneoctahydro-​, (4aα,​5β,​6E,​8β,​8aα)​-",85700-02-3,,,,,,molécula,,,Fruity,Rhubarb,Woody,,fig,,,sin-estandar,,,,,,,,,,,,,,,,,,,,,,,
fig:876,Ta,usuario,Ta,,,,,"5,6,7,8-Tetrahydroquinoxaline",34413-35-9,,,,,,molécula,,,Food Like,Roasted,Corn,,fig,,,sin-estandar,,,,,,,,,,,,,,,,,,,,,,,
fig:877,TD5,usuario,TD5,,,,,"5,6,7-Trimethylocta-2,5-dien-4-one",358331-95-0,,,,,,molécula,,,Fruity,Apple,Sweet,,fig ifra-estandar,IFRA_STD_267,"2,5-Octadien-4-one, 5,6,7-trimethyl-, (2E)-",con-techo,,,,0.019,0.0057,0.12,0.11,0.027,0.027,0.027,0.027,0.063,0.22,0.22,0.011,0.21,0.75,0.75,0.42,0.42,sin-restriccion,,
fig:878,DM4,usuario,DM4,,,,,"5,7-Dihydro-2-methylthieno(3,4-d)pyrimidine",36267-71-7,,,,,,molécula,,,Food Like,Popcorn,Nutty,,fig,,,sin-estandar,,,,,,,,,,,,,,,,,,,,,,,
fig:879,MBOE,usuario,MBOE,,,,,"5,8-Methano-2H-1-benzopyran, 6(or 7)-ethylideneoctahydro-, [4aR,5S,8S,8aS(or",943723-15-7,,,,,,molécula,,,Fruity,Rhubarb,"Floral 4aR,5R,8S,8aR)]-rel-",,fig,,,sin-estandar,,,,,,,,,,,,,,,,,,,,,,,
fig:880,MB9,usuario,MB9,,,,,"5,8-Methano-2H-1-benzopyran, 6-ethylideneoctahydro-,",85633-08-5,,,,,,molécula,,,Fruity,Rhubarb,"Woody (4aalpha,5beta,6Z,8beta,8aalpha)-",,fig,,,sin-estandar,,,,,,,,,,,,,,,,,,,,,,,
fig:881,MB10,usuario,MB10,,,,,"5,8-Methano-2H-1-benzopyran, 6-ethylideneoctahydro-,",85700-01-2,,,,,,molécula,,,Fruity,Rhubarb,"Woody (4aalpha,5beta,7E,8beta,8aalpha)-",,fig,,,sin-estandar,,,,,,,,,,,,,,,,,,,,,,,
fig:882,MB11,usuario,MB11,,,,,"5,8-Methano-2H-1-benzopyran, 6-ethylideneoctahydro-,",85633-07-4,,,,,,molécula,,,Fruity,Rhubarb,"Woody (4aalpha,5beta,7Z,8beta,8aalpha)-",,fig,,,sin-estandar,,,,,,,,,,,,,,,,,,,,,,,
fig:883,MB12,usuario,MB12,,,,,"5,8-Methano-2H-1-benzopyran-2-one, 6- ethylideneoctahydro-",69486-14-2,,,,,,molécula,,,Fruity,Floral,Hay,,fig,,,sin-estandar,,,,,,,,,,,,,,,,,,,,,,,
fig:884,DD4,usuario,DD4,,,,,"5,9-Dimethyl-4,8-decadienal",762-26-5,,,,,,molécula,,,Aldehydic,Marine,Floral,,fig ifra-estandar,IFRA_STD_204,"5,9-Dimethyl-4,8-decadienal",con-techo,,,,0.074,0.16,0.074,3,0.76,0.15,0.074,0.025,0.074,1.1,1.1,0.025,2.5,2.5,4.6,0.025,0.025,sin-restriccion,,"4,8-Decadienal, 5,9-dimethyl- | 5,9-Dimethyldeca-4,8-dienal | Geraldehyde (Commercial name) | Geranyl Acetaldehyde (Commercial name)"
fig:885,UO,usuario,UO,,,,,"5,9-Undecadien-2-ol,6,10-dimethyl-,acetate",91482-37-0,,,,,,molécula,,,Citrus,Fruity,Marine,,fig,,,sin-estandar,,,,,,,,,,,,,,,,,,,,,,,
fig:886,ACH,usuario,ACH,,,,,"5-Acetyl-1,1,2,3,3,6-hexamethylindan",15323-35-0,,,,,,molécula,,,Musk like,Amber,Powdery,,fig ifra-estandar,IFRA_STD_085,Acetyl hexamethyl indan (AHMI),con-techo,,,,2,2,2,2,2,2,2,2,2,sin-restriccion,2,2,sin-restriccion,sin-restriccion,2,sin-restriccion,2,sin-restriccion,,"5-Acetyl-1,1,2,3,3,6-hexamethyl indan | 6-Acetyl-1,1,2,3,3,5-hexamethylindane | 1-(2,3-Dihydro-1,1,2,3,3,6-hexamethyl-1h-inden-5-yl)ethanone | Ethanone, 1-(2,3-dihydro-1,1,2,3,3,6-hexamethyl-1H-inden-5-yl)- | 1,1,2,3,3,6-Hexamethylindan-5-yl methylketone | Phantolid (commercial name)"
fig:887,AI,usuario,AI,,,,,"5-Acetyl-3-isopropyl-1,1,2,6-tetramethylindane",68140-48-7,,,,,,molécula,,,Musk like,Fruity,Sweet,,fig,,,sin-estandar,,,,,,,,,,,,,,,,,,,,,,,
fig:888,BEO,usuario,BEO,,,,,5-Butyl-5-ethyldihydrofuran-2(3H)-one,68188-98-7,,,,,,molécula,,,Fruity,Oily,Peach,,fig,,,sin-estandar,,,,,,,,,,,,,,,,,,,,,,,
fig:889,BEP,usuario,BEP,,,,,5-Butyl-5-ethyltetrahydro-2H-pyran-2-one,67770-79-0,,,,,,molécula,,,Herbal,Warm,Animal Like,,fig,,,sin-estandar,,,,,,,,,,,,,,,,,,,,,,,
fig:890,CO2,usuario,CO2,,,,,5-Cyclohexadecen-1-one,37609-25-9,,,,,,molécula,,,Musk like,Floral,Powdery,,fig,,,sin-estandar,,,,,,,,,,,,,,,,,,,,,,,
fig:891,COM,usuario,COM,,,,,"5-Cyclotetradecen-1-one, 3-methyl-, (5Z)-",259854-71-2,,,,,,molécula,,,Musk like,Warm,Powdery,,fig,,,sin-estandar,,,,,,,,,,,,,,,,,,,,,,,
fig:892,CO3,usuario,CO3,,,,,"5-Cyclotetradecen-1-one, 3-methyl-,(5E)-",259854-70-1,,,,,,molécula,,,Musk like,Warm,Powdery,,fig,,,sin-estandar,,,,,,,,,,,,,,,,,,,,,,,
fig:893,ETO,usuario,ETO,,,,,"5-Ethyl-2,3,4,5-tetramethylcyclohexen-1-one",17369-60-7,,,,,,molécula,,,Gourmand,Caramel,Honey,,fig,,,sin-estandar,,,,,,,,,,,,,,,,,,,,,,,
fig:894,EM6,usuario,EM6,,,,,5-Ethyl-2-methylpyridine,104-90-5,,,,,,molécula,,,Food Like,Nutty,Potato,,fig,,,sin-estandar,,,,,,,,,,,,,,,,,,,,,,,
fig:895,EHY,usuario,EHY,,,,,5-Ethyl-3-hydroxy-4-methyl-2(5H)-furanone,698-10-2,,,,,,molécula,,,Gourmand,Popcorn,Butterscotch,,fig,,,sin-estandar,,,,,,,,,,,,,,,,,,,,,,,
fig:896,EHE,usuario,EHE,,,,,5-Ethylidenebicyclo[2.2.1]hept-2-yl propionate,73347-77-0,,,,,,molécula,,,Floral,Jasmin,Light,,fig,,,sin-estandar,,,,,,,,,,,,,,,,,,,,,,,
fig:897,MDP,usuario,MDP,,,,,"5H-5-Methyl-6,7-dihydrocyclopenta(b)pyrazine",23747-48-0,,,,,,molécula,,,Earthy,Sweet,Nutty,,fig,,,sin-estandar,,,,,,,,,,,,,,,,,,,,,,,
fig:898,HO7,usuario,HO7,,,,,5-Hexen-2-one,109-49-9,,,,,,molécula,,,Floral,Green,Fresh,,fig,,,sin-estandar,,,,,,,,,,,,,,,,,,,,,,,
fig:899,δHD,usuario,δHD,,,,,"5-Hydroxy-2,4-decadienoic acid delta-lactone",27593-23-3,,,,,,molécula,,delta,Tobacco like,Hay,Coconut,,fig,,,sin-estandar,,,,,,,,,,,,,,,,,,,,,,,
fig:900,δHM,usuario,δHM,,,,,5-Hydroxy-4-methylhexanoic acid delta-lactone,10413-18-0,,,,,,molécula,,delta,Minty,Green,Fruity,,fig,,,sin-estandar,,,,,,,,,,,,,,,,,,,,,,,
fig:901,δHA,usuario,δHA,,,,,5-Hydroxy-7-decenoic acid delta-lactone,25524-95-2,,,,,,molécula,,delta,Fruity,Jasmin,Apricot,,fig,,,sin-estandar,,,,,,,,,,,,,,,,,,,,,,,
fig:902,IV,usuario,IV,,,,,5-Isopropenyl-2-methyl-2-vinyltetrahydrofuran,13679-86-2,,,,,,molécula,,,Green,Herbal,Minty,,fig,,,sin-estandar,,,,,,,,,,,,,,,,,,,,,,,
fig:903,MT4,usuario,MT4,,,,,"5-Methyl-1-(2,2,3-trimethyl-3-cyclopenten-1-yl)-6-oxabicyclo[3.2.1]octane",139539-66-5,,,,,,molécula,,,Fruity,Blackcurrant,Green,,fig,,,sin-estandar,,,,,,,,,,,,,,,,,,,,,,,
fig:904,ML,usuario,ML,,,,,5-Methyl-2-(1-methylethyl)cyclohexyl lactate,17162-29-7,,,,,,molécula,,,Minty,Herbal,Fresh,,fig,,,sin-estandar,,,,,,,,,,,,,,,,,,,,,,,
fig:905,MH2,usuario,MH2,,,,,5-Methyl-2-hepten-4-one,81925-81-7,,,,,,molécula,,,Food Like,Nutty,Roasted,,fig,,,sin-estandar,,,,,,,,,,,,,,,,,,,,,,,
fig:906,MP24,usuario,MP24,,,,,5-Methyl-2-phenyl-2-hexenal,21834-92-4,,,,,,molécula,,,Gourmand,Nutty,Roasted,,fig,,,sin-estandar,,,,,,,,,,,,,,,,,,,,,,,
fig:907,MT5,usuario,MT5,,,,,5-Methyl-2-thiophenecarboxaldehyde,13679-70-4,,,,,,molécula,,,Fruity,Sweet,Almond,,fig,,,sin-estandar,,,,,,,,,,,,,,,,,,,,,,,
fig:908,MBY,usuario,MBY,,,,,5-Methyl-3-butyltetrahydropyran-4-yl acetate,38285-49-3,,,,,,molécula,,,Floral,Jasmin,Green,,fig,,,sin-estandar,,,,,,,,,,,,,,,,,,,,,,,
fig:909,MH3,usuario,MH3,,,,,5-Methyl-3-heptanone,541-85-5,,,,,,molécula,,,Herbal,Lavender,Fruity,,fig,,,sin-estandar,,,,,,,,,,,,,,,,,,,,,,,
fig:910,MH4,usuario,MH4,,,,,5-Methyl-3-heptanone oxime,22457-23-4,,,,,,molécula,,,Green,Leafy,Pungent,,fig,,,sin-estandar,,,,,,,,,,,,,,,,,,,,,,,
fig:911,MP25,usuario,MP25,,,,,5-Methyl-5-phenyl-3-hexanone,4927-36-0,,,,,,molécula,,,Floral,Rose,Woody,,fig,,,sin-estandar,,,,,,,,,,,,,,,,,,,,,,,
fig:912,MPM,usuario,MPM,,,,,"5-Methyl-5-propyl-2-(1-methylbutyl)-1,3-dioxan",80480-24-6,,,,,,molécula,,,Green,Plastic,Floral,,fig,,,sin-estandar,,,,,,,,,,,,,,,,,,,,,,,
fig:913,Me12,usuario,Me12,,,,,5-Methylfurfural,620-02-0,,,,,,molécula,,,Gourmand,Sweet,Caramel,,fig,,,sin-estandar,,,,,,,,,,,,,,,,,,,,,,,
fig:914,Me13,usuario,Me13,,,,,5-Methylquinoxaline,13708-12-8,,,,,,molécula,,,Gourmand,Nutty,Roasted,,fig,,,sin-estandar,,,,,,,,,,,,,,,,,,,,,,,
fig:915,No5,usuario,No5,,,,,"6-​Nonenal, (6E)​-",2277-20-5,,,,,,molécula,,,Aldehydic,Cucumber,Woody,,fig,,,sin-estandar,,,,,,,,,,,,,,,,,,,,,,,
fig:916,NC,usuario,NC,,,,,"6-​Nonenenitrile, (Z)​- (9CI)",80639-54-9,,,,,,molécula,,,Green,Oily,Cucumber,,fig,,,sin-estandar,,,,,,,,,,,,,,,,,,,,,,,
fig:917,HYP,usuario,HYP,,,,,"6-(3Z)-3-hexen-1-yltetrahydro-2H-Pyran-2-one,",68959-28-4,,,,,,molécula,,,Fruity,Peach,Jasmin,,fig,,,sin-estandar,,,,,,,,,,,,,,,,,,,,,,,
fig:918,TP3,usuario,TP3,,,,,"6,10,14-Trimethyl-2-pentadecanone",502-69-2,,,,,,molécula,,,Floral,Herbal,Jasmin,,fig,,,sin-estandar,,,,,,,,,,,,,,,,,,,,,,,
fig:919,DU,usuario,DU,,,,,"6,10-Dimethyl-5,9-undecadien-2-one",3796-70-1,,,,,,molécula,,,Floral,Green,Pear,,fig,,,sin-estandar,,,,,,,,,,,,,,,,,,,,,,,
fig:920,DDO,usuario,DDO,,,,,"6,10-Dimethylundeca-5,9-dien-2-one",689-67-8,,,,,,molécula,,,Floral,Rose,Sweet,,fig,,,sin-estandar,,,,,,,,,,,,,,,,,,,,,,,
fig:921,DDD,usuario,DDD,,,,,"6,10-Dioxaspiro[4.5]decane, 8,8-dimethyl-7-(1-methylethyl)-",62406-73-9,,,,,,molécula,,,Woody,Floral,Fruity,,fig,,,sin-estandar,,,,,,,,,,,,,,,,,,,,,,,
fig:922,DTE,usuario,DTE,,,,,"6,6-Dimethoxy-2,5,5-trimethylhex-2-ene",67674-46-8,,,,,,molécula,,,Citrus,Grapefruit,Green,,fig,,,sin-estandar,,,,,,,,,,,,,,,,,,,,,,,
fig:923,DHEP,usuario,DHEP,,,,,"6,6-Dimethylbicyclo[3.1.1]hept-2-ene-2-propionaldehyde",33885-51-7,,,,,,molécula,,,Marine,Fresh,Herbal,,fig,,,sin-estandar,,,,,,,,,,,,,,,,,,,,,,,
fig:924,DPI,usuario,DPI,,,,,"6,7-Dihydro-1,1,2,3,3-pentamethyl-4(5H)-indanone",33704-61-9,,,,,,molécula,,,Amber,Woody,Aromatic,,fig ifra-estandar,IFRA_STD_028,"6,7-Dihydro-1,1,2,3,3-pentamethyl-4(5H)-indanone (DPMI)",con-techo,,,,0.0063,0.26,0.019,3.8,0.31,0.025,0.038,0.0084,0.0063,0.031,0.031,0.0084,0.13,0.13,0.28,0.0084,0.0084,9.4,,"1,2,3,5,6,7-Hexahydro-1,1,2,3,3-pentamethyl-4H-inden-4-one | 4H-Inden-4-one, 1,2,3,5,6,7-hexahydro-1,1,2,3,3-pentamethyl- | 1,1,2,3,3-Pentamethyl-1,2,3,5,6,7-hexahydro-4H-inden-4-one | Cashmeran (commercial name)"
fig:925,DO11,usuario,DO11,,,,,"6,8-Dimethylnonan-2-ol",70214-77-6,,,,,,molécula,,,Floral,Green,Fruity,,fig,,,sin-estandar,,,,,,,,,,,,,,,,,,,,,,,
fig:926,AHE,usuario,AHE,,,,,"6-Acetyl-1,1,2,4,4,7-hexamethyltetraline",21145-77-7,,,,,,molécula,,,Musk like,Woody,Powdery,,fig,,,sin-estandar,,,,,,,,,,,,,,,,,,,,,,,
fig:927,BD2,usuario,BD2,,,,,"6-Butyl-2,4-dimethyldihydropyrane",24237-00-1,,,,,,molécula,,,Floral,Geranium,Green,,fig,,,sin-estandar,,,,,,,,,,,,,,,,,,,,,,,
fig:928,EMEO,usuario,EMEO,,,,,6-Ethyl-3-methyloct-6-en-1-ol,26330-65-4,,,,,,molécula,,,Floral,Muguet,Green,,fig,,,sin-estandar,,,,,,,,,,,,,,,,,,,,,,,
fig:929,EMB,usuario,EMB,,,,,"6-Ethylideneoctahydro-5,8-methano-2H-benzo-1-pyran",93939-86-7,,,,,,molécula,,,Fruity,Green,Berry,,fig,,,sin-estandar,,,,,,,,,,,,,,,,,,,,,,,
fig:930,ISO,usuario,ISO,,,,,6-Isopropyl-2(1H)-octahydronaphthalenone,34131-98-1,,,,,,molécula,,,Citrus,Grapefruit,Vetiver,,fig,,,sin-estandar,,,,,,,,,,,,,,,,,,,,,,,
fig:931,Iso,usuario,Iso,,,,,6-Isopropylquinoline,135-79-5,,,,,,molécula,,,Green,Woody,Earthy,,fig,,,sin-estandar,,,,,,,,,,,,,,,,,,,,,,,
fig:932,MD3,usuario,MD3,,,,,"6-Methoxy-2,6-dimethylheptan-1-al",62439-41-2,,,,,,molécula,,,Marine,Ozonic,Fruity,,fig,,,sin-estandar,,,,,,,,,,,,,,,,,,,,,,,
fig:933,βMI,usuario,βMI,,,,,6-Methyl-.beta.-ionone,79-70-9,,,,,,molécula,,beta,Floral,Violet,Powdery,,fig,,,sin-estandar,,,,,,,,,,,,,,,,,,,,,,,
fig:934,MH5,usuario,MH5,,,,,"6-Methyl-3,5-heptadien-2-one",1604-28-0,,,,,,molécula,,,Spicy,Cinnamon,Fruity,,fig ifra-estandar,IFRA_STD_061,"6-Methyl-3,5-heptadien-2-one",con-techo,,,,0.0085,0.0025,0.051,0.047,0.012,0.012,0.012,0.012,0.028,0.096,0.096,0.005,0.092,0.33,0.33,0.18,0.18,sin-restriccion,,"3,5-Heptadien-2-one, 6-methyl- | Methylheptadienone | 2-Methylhepta-2,4-dien-6-one | 6-Methylhepta-3,5-dien-2-one"
fig:935,MH6,usuario,MH6,,,,,6-Methyl-5-hepten-2-one,110-93-0,,,,,,molécula,,,Herbal,Green,Lavender,,fig,,,sin-estandar,,,,,,,,,,,,,,,,,,,,,,,
fig:936,Me14,usuario,Me14,,,,,6-Methylquinoline,91-62-3,,,,,,molécula,,,Animal like,Leathery,Tobacco,,fig,,,sin-estandar,,,,,,,,,,,,,,,,,,,,,,,
fig:937,OCD,usuario,OCD,,,,,"6-Octenal, 3,7-dimethyl-, (3S)-",5949-05-3,,,,,,molécula,,,Citrus,Lemongrass,Citronella,,fig ifra-estandar,IFRA_STD_206,Citronellal,con-techo,,,,0.41,0.16,0.026,0.49,0.33,0.051,0.1,0.017,0.82,0.077,0.077,0.017,1.4,1.4,2.3,0.017,0.017,sin-restriccion,,"6-Octenal, 3,7-dimethyl-, (3S)- | I-Citronellal"
fig:938,Bu4,usuario,Bu4,,,,,6-sec-Butylquinoline,65442-31-1,,,,,,molécula,,,Herbal,Leathery,Smoky,,fig,,,sin-estandar,,,,,,,,,,,,,,,,,,,,,,,
fig:939,De6,usuario,De6,,,,,"7-​Decenal, (7Z)​-",21661-97-2,,,,,,molécula,,,Aldehydic,Green,Clean,,fig,,,sin-estandar,,,,,,,,,,,,,,,,,,,,,,,
fig:940,NOD,usuario,NOD,,,,,"7-​Nonenal, 6,​8-​dimethyl-",899810-84-5,,,,,,molécula,,,Aldehydic,Green,Floral,,fig,,,sin-estandar,,,,,,,,,,,,,,,,,,,,,,,
fig:941,CO4,usuario,CO4,,,,,7-Cyclohexadecen-1-one,2550-59-6,,,,,,molécula,,,Musk like,Balsamic,Powdery,,fig ifra-estandar,IFRA_STD_250,Cyclohexadecenone,con-techo,,,,0.43,0.23,2.2,4.3,1.1,1.1,0.43,0.14,0.43,3.5,3.5,0.14,8.4,7.3,30,0.14,0.14,sin-restriccion,,
fig:942,IMO,usuario,IMO,,,,,7-Isopropyl-5-methylbicyclo[2.2.2]oct-5-ene-2-carbonitrile,68311-05-7,,,,,,molécula,,,Green,Woody,Ozonic,,fig,,,sin-estandar,,,,,,,,,,,,,,,,,,,,,,,
fig:943,MD4,usuario,MD4,,,,,"7-Methoxy-3,7-dimethyloct-1-ene",53767-86-5,,,,,,molécula,,,Floral,Sweet,Citrus,,fig ifra-estandar,IFRA_STD_264,"7-Methoxy-3,7-dimethyloct-1-ene",con-techo,,,,0.00001,0.00001,0.00001,0.00001,0.042,0.00001,0.00001,0.0000033,0.00001,0.00001,0.00001,0.0000033,0.0042,0.00001,0.61,0.0000033,0.0000033,0.1,,"7-Methoxy-3,7-dimethyloct-1-ene | 1-Octene, 7-methoxy-3,7-dimethyl-"
fig:944,MBD,usuario,MBD,,,,,"7-Methyl-2H-benzo-1,5-dioxepin-3(4H)-one",28940-11-6,,,,,,molécula,,,Marine,Watery,Fresh,,fig,,,sin-estandar,,,,,,,,,,,,,,,,,,,,,,,
fig:945,MM17,usuario,MM17,,,,,7-Methyl-3-methyleneoct-6-enal,55050-40-3,,,,,,molécula,,,Citrus,Lemon,Verbena,,fig,,,sin-estandar,,,,,,,,,,,,,,,,,,,,,,,
fig:946,OOM,usuario,OOM,,,,,"7-Octen-2-ol, 2-methyl-6-methylene-, dihydro deriv.",53219-21-9,,,,,,molécula,,,Citrus,Fresh,Floral,,fig,,,sin-estandar,,,,,,,,,,,,,,,,,,,,,,,
fig:947,PRB,usuario,PRB,,,,,"7-Propyl-2H-1,5-benzodioxepin-3(4H)-one",207228-93-1,,,,,,molécula,,,Aldehydic,Marine,Ozonic,,fig,,,sin-estandar,,,,,,,,,,,,,,,,,,,,,,,
fig:948,BQ,usuario,BQ,,,,,8-(sec-Butyl)quinoline,67634-06-4,,,,,,molécula,,,Woody,Leathery,Green,,fig,,,sin-estandar,,,,,,,,,,,,,,,,,,,,,,,
fig:949,AO,usuario,AO,,,,,"8aH-2, 4a-Methanonaphthalen-8a-ol, octahydro-1,1,5,5-tetramethyl-(2S,4aR,8aS)-",57566-26-4,,,,,,molécula,,,Earthy,Patchouli,Vetiver,,fig,,,sin-estandar,,,,,,,,,,,,,,,,,,,,,,,
fig:950,AT,usuario,AT,,,,,"8aH-2,4a-Methanonaphthalen-8a-ol, octahydro-1,1,5,5-tetramethyl-",88644-30-8,,,,,,molécula,,,Earthy,Patchouli,Vetiver,,fig,,,sin-estandar,,,,,,,,,,,,,,,,,,,,,,,
fig:951,EDO,usuario,EDO,,,,,"8-Ethyl-1,5-dimethylbicyclo[3.2.1]octan-8-ol",84681-92-5,,,,,,molécula,,,Woody,Patchouli,Dry,,fig,,,sin-estandar,,,,,,,,,,,,,,,,,,,,,,,
fig:952,IFD,usuario,IFD,,,,,"8H-Indeno(4,5-B)furan,2,3,3a,4,5,5a,6,7,8a,9-decahydro-2,6,6,7,8,8-hexamethyl Mixture",338735-71-0,,,,,,molécula,,,Woody,Amber,Dry of isomers,,fig ifra-estandar,IFRA_STD_237,Woody furan,con-techo,,,,0.17,0.05,1,0.94,0.24,0.24,0.24,0.08,0.56,1.9,1.9,0.08,1.8,4.1,6.6,0.08,0.08,sin-restriccion,,
fig:953,IMOE,usuario,IMOE,,,,,8-Isopropyl-6-methylbicyclo[2.2.2]oct-5-ene-2-carbaldehyde,67845-30-1,,,,,,molécula,,,Green,Fresh,Spicy,,fig,,,sin-estandar,,,,,,,,,,,,,,,,,,,,,,,
fig:954,No6,usuario,No6,,,,,8-Nonenal,39770-04-2,,,,,,molécula,,,Green,Aldehydic,Floral,,fig,,,sin-estandar,,,,,,,,,,,,,,,,,,,,,,,
fig:955,Un5,usuario,Un5,,,,,8-Undecenal,58296-81-4,,,,,,molécula,,,Aldehydic,Floral,Waxy,,fig,,,sin-estandar,,,,,,,,,,,,,,,,,,,,,,,
fig:956,CO5,usuario,CO5,,,,,9-Cycloheptadecen-1-one,542-46-1,,,,,,molécula,,,Musk like,Animal Like,Soft,,fig,,,sin-estandar,,,,,,,,,,,,,,,,,,,,,,,
fig:957,DO12,usuario,DO12,,,,,9-Decen-1-ol,13019-22-2,,,,,,molécula,,,Floral,Aldehydic,Rose,,fig,,,sin-estandar,,,,,,,,,,,,,,,,,,,,,,,
fig:958,DO13,usuario,DO13,,,,,9-Decen-2-one,35194-30-0,,,,,,molécula,,,Fruity,Green,Pineapple,,fig,,,sin-estandar,,,,,,,,,,,,,,,,,,,,,,,
fig:959,De7,usuario,De7,,,,,9-Decenal,39770-05-3,,,,,,molécula,,,Aldehydic,Green,Rose,,fig,,,sin-estandar,,,,,,,,,,,,,,,,,,,,,,,
fig:960,DA4,usuario,DA4,,,,,9-Decenoic acid,14436-32-9,,,,,,molécula,,,Green,Fruity,Oily,,fig,,,sin-estandar,,,,,,,,,,,,,,,,,,,,,,,
fig:961,DA5,usuario,DA5,,,,,9-Decenyl acetate,50816-18-7,,,,,,molécula,,,Floral,Rose,Sweet,,fig,,,sin-estandar,,,,,,,,,,,,,,,,,,,,,,,
fig:962,DPR,usuario,DPR,,,,,9-Decenyl propionate,68480-06-8,,,,,,molécula,,,Floral,Rose,Fruity,,fig,,,sin-estandar,,,,,,,,,,,,,,,,,,,,,,,
fig:963,Un6,usuario,Un6,,,,,9-Undecenal,143-14-6,,,,,,molécula,,,Aldehydic,Green,Clean,,fig,,,sin-estandar,,,,,,,,,,,,,,,,,,,,,,,
fig:964,Un7,usuario,Un7,,,,,"9-Undecenenitrile, (E)-",131379-26-5,,,,,,molécula,,,Floral,Citrus,Aldehydic,,fig,,,sin-estandar,,,,,,,,,,,,,,,,,,,,,,,
fig:965,BO2,usuario,BO2,,,,,"a2H-1,5-Benzodioxepin-3(4H)-one,7-7-(3-methylbutyl)-",362467-67-2,,,,,,molécula,,,Marine,Fresh,Citrus,,fig,,,sin-estandar,,,,,,,,,,,,,,,,,,,,,,,
fig:966,AAO,usuario,AAO,,O,,,Abies alba needle oil,8021-27-0,,,,,,natural,oil,,Herbal,Pine,Woody,,fig ifra-anexo,,,por-constituyentes,"familia, por el nombre: pináceas: índice de peróxidos (STD 184)",1,por nombre,,,,,,,,,,,,,,,,,,,,
fig:967,ASO,usuario,ASO,,O,,,Abies sachalinensis oil,8021-28-1,,,,,,natural,oil,,Woody,Fresh,Resinous,,fig,,,sin-dato,"familia, por el nombre: pináceas: índice de peróxidos (STD 184)",,,,,,,,,,,,,,,,,,,,,,
fig:968,Aa,usuario,Aa,,,,,Acetal,105-57-7,,,,,,molécula,,,Fruity,Kiwi,Citrus,,fig,,,sin-estandar,,,,,,,,,,,,,,,,,,,,,,,
fig:969,Ace,usuario,Ace,,,,,Acetaldehyde,75-07-0,,,,,,molécula,,,Fruity,Apple,Aldehydic,,fig,,,sin-estandar,,,,,,,,,,,,,,,,,,,,,,,
fig:970,AC,usuario,AC,,,,,Acetaldehyde cyclic propylene glycol acetal,3390-12-3,,,,,,molécula,,,Green,Fruity,Floral,,fig,,,sin-estandar,,,,,,,,,,,,,,,,,,,,,,,
fig:971,ACD,usuario,ACD,,,,,Acetaldehyde dihexyl acetal,5405-58-3,,,,,,molécula,,,Green,Herbal,Floral,,fig,,,sin-estandar,,,,,,,,,,,,,,,,,,,,,,,
fig:972,AEH,usuario,AEH,,,,,Acetaldehyde ethyl cis-3-hexenyl acetal,28069-74-1,,,,,,molécula,,,Green,Vegetable,Radish,,fig,,,sin-estandar,,,,,,,,,,,,,,,,,,,,,,,
fig:973,AET,usuario,AET,,,,,Acetaldehyde ethyl hexyl acetal,54484-73-0,,,,,,molécula,,,Floral,Green,Muguet,,fig,,,sin-estandar,,,,,,,,,,,,,,,,,,,,,,,
fig:974,AL,usuario,AL,,,,,Acetaldehyde ethyl linalyl acetal,40910-49-4,,,,,,molécula,,,Floral,Tropical-Fruit,Herbal,,fig,,,sin-estandar,,,,,,,,,,,,,,,,,,,,,,,
fig:975,AEP,usuario,AEP,,,,,Acetaldehyde ethyl phenylethyl acetal,2556-10-7,,,,,,molécula,,,Green,Fresh,Floral,,fig,,,sin-estandar,,,,,,,,,,,,,,,,,,,,,,,
fig:976,AY,usuario,AY,,,,,"Acetaldehyde, [(3a,4,5,6,7,7a-hexahydro-4,7-methano-1H-inden-6-yl)oxy]-",72927-85-6,,,,,,molécula,,,Fruity,Green,Aldehydic,,fig,,,sin-estandar,,,,,,,,,,,,,,,,,,,,,,,
fig:977,ADI,usuario,ADI,,,,,"Acetaldehyde, diphenethyl acetal",122-71-4,,,,,,molécula,,,Green,Floral,Rose,,fig,,,sin-estandar,,,,,,,,,,,,,,,,,,,,,,,
fig:978,Ac2,usuario,Ac2,,,,,Acetanisole,100-06-1,,,,,,molécula,,,Powdery,Soft,Mimosa,,fig,,,sin-estandar,,,,,,,,,,,,,,,,,,,,,,,
fig:979,ACA,usuario,ACA,,,,,"Acetic acid, (1-oxopropoxy)-, 1-(3,3-dimethylcyclohexyl)ethyl ester",236391-76-7,,,,,,molécula,,,Musk like,Warm,Floral,,fig,,,sin-estandar,,,,,,,,,,,,,,,,,,,,,,,
fig:980,AR,usuario,AR,,,,,"Acetic acid, anhydride, reaction products with (1S,3aR,4S,8aS)-decahydro-4,8,8-",71549-77-4,,,,,,molécula,,,Woody,Cedarwood,"Sweet trimethyl-9-methylene-1,4-methanoazulene",,fig,,,sin-estandar,,,,,,,,,,,,,,,,,,,,,,,
fig:981,AAA,usuario,AAA,,,,,"Acetic acid, anhydride, reaction products with 1,5,10-trimethyl-1,5,9-cyclododecatriene",144020-22-4,,,,,,molécula,,,Woody,Amber,Smoky,,fig ifra-estandar,IFRA_STD_001,"Acetic acid, anhydride, reaction products with 1,5,10-Trimethyl-1,5,9-cyclododecatriene",con-techo,,,,0.00016,0.13,0.4,2.4,0.6,0.52,0.6,0.17,0.00016,0.87,0.87,0.17,2.2,2.2,4.4,0.17,0.17,sin-restriccion,,
fig:982,AAC,usuario,AAC,,,,,"Acetic acid, anhydride, reaction products with 2-methylbutene dimer, hydrogenated",862107-86-6,,,,,,molécula,,,Woody,Amber,Vetiver,,fig,,,sin-estandar,,,,,,,,,,,,,,,,,,,,,,,
fig:983,AAB,usuario,AAB,,,,,"Acetic acid, C8-10-branched alkyl esters, C9-rich",108419-33-6,,,,,,molécula,,,Fruity,Green,Earthy,,fig,,,sin-estandar,,,,,,,,,,,,,,,,,,,,,,,
fig:984,AACR,usuario,AACR,,,,,"Acetic acid, cyano-, reaction products with 10-undecenal",124358-45-8,,,,,,molécula,,,Citrus,Mandarin,Orange,,fig,,,sin-estandar,,,,,,,,,,,,,,,,,,,,,,,
fig:985,AAD,usuario,AAD,,,,,"Acetic acid, decyl ester, branched",68478-36-4,,,,,,molécula,,,Fruity,Floral,Soapy,,fig,,,sin-estandar,,,,,,,,,,,,,,,,,,,,,,,
fig:986,AEO,usuario,AEO,,O,,,"Acetic acid, esters with turpentine-oil myrcene fraction terpene alcs.",69103-01-1,,,,,,natural,oil,,Herbal,Lavender,Sage,,fig,,,sin-dato,"familia, por el nombre: pináceas: índice de peróxidos (STD 184)",,,,,,,,,,,,,,,,,,,,,,
fig:987,Ao,usuario,Ao,,,,,Acetoin,513-86-0,,,,,,molécula,,,Food Like,Buttery,Milky,,fig,,,sin-estandar,,,,,,,,,,,,,,,,,,,,,,,
fig:988,ATI,usuario,ATI,,,,,"Acetonitrile, 2-​(2,​4,​4-​trimethylcyclopentyl​idene)​-",1392276-61-7,,,,,,molécula,,,Spicy,Saffron,Leathery,,fig,,,sin-estandar,,,,,,,,,,,,,,,,,,,,,,,
fig:989,Ac3,usuario,Ac3,,,,,Acetophenone,98-86-2,,,,,,molécula,,,Floral,Sweet,Powdery,,fig,,,sin-estandar,,,,,,,,,,,,,,,,,,,,,,,
fig:990,AMO,usuario,AMO,,,,,Acetoxydihydrodicyclopentadiene (Mixture of Isomers),54830-99-8,,,,,,molécula,,,Fruity,Green,Anisic,,fig,,,sin-estandar,,,,,,,,,,,,,,,,,,,,,,,
fig:991,ACC,usuario,ACC,,,,,Acetyl cedrene,32388-55-9,,,,,,molécula,,,Woody,Leathery,Vetiver,,fig,,,sin-estandar,,,,,,,,,,,,,,,,,,,,,,,
fig:992,ACP,usuario,ACP,,,,,Acetyl propionyl,600-14-6,,,,,,molécula,,,Gourmand,Caramel,Sweet,,fig,,,sin-estandar,,,,,,,,,,,,,,,,,,,,,,,
fig:993,Ac4,usuario,Ac4,,,,,Acetylcarene,3608-11-5,,,,,,molécula,,,Herbal,Woody,Floral,,fig,,,sin-estandar,,,,,,,,,,,,,,,,,,,,,,,
fig:994,Ac5,usuario,Ac5,,,,,Acetylpyrazine,22047-25-2,,,,,,molécula,,,Gourmand,Buttery,Popcorn,,fig,,,sin-estandar,,,,,,,,,,,,,,,,,,,,,,,
fig:995,ACEH,usuario,ACEH,,,,,"Acorus calamus, ext., hydrogenated",85480-47-3,,,,,,molécula,,,Spicy,Herbal,Medicinal,,fig,,,sin-estandar,,,,,,,,,,,,,,,,,,,,,,,
fig:996,AgE,usuario,AgE,,E,,,Agarwood extract,94350-09-1,,,,,,natural,extract,,Woody,Animal Like,Smoky,,fig,,,sin-dato,,,,,,,,,,,,,,,,,,,,,,,
fig:997,AVE,usuario,AVE,,E,,,"Agarwood extract, Vietnamese",958663-49-5,,,,,,natural,extract,,Woody,Animal Like,Smoky,,fig,,,sin-dato,,,,,,,,,,,,,,,,,,,,,,,
fig:998,AgO,usuario,AgO,,O,,,Agarwood oil,94350-09-1,,,,,,natural,oil,,Woody,Animal Like,Smoky,,fig,,,sin-dato,,,,,,,,,,,,,,,,,,,,,,,
fig:999,AIO,usuario,AIO,,O,,,"Agarwood oil, Indonesia",1333524-00-7,,,,,,natural,oil,,Woody,Animal Like,Smoky,,fig,,,sin-dato,,,,,,,,,,,,,,,,,,,,,,,
fig:1000,AVO,usuario,AVO,,O,,,"Agarwood oil, Vietnamese",958663-49-5,,,,,,natural,oil,,Woody,Animal Like,Smoky,,fig,,,sin-dato,,,,,,,,,,,,,,,,,,,,,,,
fig:1001,AjO,usuario,AjO,,O,,,Ajowan oil,8001-99-8,,,,,,natural,oil,,Herbal,Green,Smoky,,fig,,,sin-dato,,,,,,,,,,,,,,,,,,,,,,,
fig:1002,ABE,usuario,ABE,,E,,,"Alcoholic beverages, rum, CO2 extract, nonalc.",943609-24-3,,,,,,natural,extract,,Fruity,Rum,Fresh,,fig,,,sin-dato,,,,,,,,,,,,,,,,,,,,,,,
fig:1003,ARE,usuario,ARE,,E,,,"Alcoholic beverages, rum, extract, nonalc.",943609-24-3,,,,,,natural,extract,,Fruity,Rum,Ethereal,,fig,,,sin-dato,,,,,,,,,,,,,,,,,,,,,,,
fig:1004,ABD,usuario,ABD,,D,,,"Alcoholic beverages, rum, nonalc., distillate",943609-24-3,,,,,,natural,distillate,,Fruity,Rum,Fresh,,fig,,,sin-dato,,,,,,,,,,,,,,,,,,,,,,,
fig:1005,ABA,usuario,ABA,,,,,"Alcohols, C9-11-branched and linear, C10-rich",93821-11-5,,,,,,molécula,,,Floral,Waxy,Fermented,,fig,,,sin-estandar,,,,,,,,,,,,,,,,,,,,,,,
fig:1006,AIR,usuario,AIR,,,,,"Alcohols, C9-11-iso-, C10-rich",68526-85-2,,,,,,molécula,,,Floral,Fatty,Rose,,fig,,,sin-estandar,,,,,,,,,,,,,,,,,,,,,,,
fig:1007,ACO,usuario,ACO,,O,,,"Alcohols, sesquiterpenoidal, citronella-oil",73049-35-1,,,,,,natural,oil,,Citrus,Floral,Green,,fig,,,sin-dato,,,,,,,,,,,,,,,,,,,,,,,
fig:1008,ALB,usuario,ALB,,,,,"Aldehydes, C13-15-branched and linear",130169-57-2,,,,,,molécula,,,Aldehydic,Orange,Waxy,,fig,,,sin-estandar,,,,,,,,,,,,,,,,,,,,,,,
fig:1009,AlE,usuario,AlE,,E,,,Alfalfa extract,84082-36-0,,,,,,natural,extract,,Green,Seaweed,Grassy,,fig,,,sin-dato,,,,,,,,,,,,,,,,,,,,,,,
fig:1010,AlO,usuario,AlO,,O,,,Allspice oil,8006-77-7,,,,,,natural,oil,,Spicy,Sweet,Balsamic,,fig ifra-anexo,,,por-constituyentes,,2,por nombre,,,,,,,,,,,,,,,,,,,,
fig:1011,AMA,usuario,AMA,,,,,Allyl (2-methylbutoxy)acetate,67634-01-9,,,,,,molécula,,,Fruity,Pineapple,Green,,fig,,,condicion,"familia, por el nombre: ésteres alílicos: alcohol alílico libre (STD 188)",,,,,,,,,,,,,,,,,,,,,,
fig:1012,ALM,usuario,ALM,,,,,Allyl (3-methylbutoxy)acetate,67634-00-8,,,,,,molécula,,,Fruity,Green,Pineapple,,fig,,,condicion,"familia, por el nombre: ésteres alílicos: alcohol alílico libre (STD 188)",,,,,,,,,,,,,,,,,,,,,,
fig:1013,ALC,usuario,ALC,,,,,Allyl (cyclohexyloxy)acetate,68901-15-5,,,,,,molécula,,,Herbal,Green,Galbanum,,fig,,,condicion,"familia, por el nombre: ésteres alílicos: alcohol alílico libre (STD 188)",,,,,,,,,,,,,,,,,,,,,,
fig:1014,αAI,usuario,αAI,,,,,Allyl alpha-ionone,79-78-7,,,,,,molécula,,alpha,Powdery,Floral,Violet,,fig,,,sin-estandar,,,,,,,,,,,,,,,,,,,,,,,
fig:1015,ABU,usuario,ABU,,,,,Allyl butyrate,2051-78-7,,,,,,molécula,,,Fruity,Pineapple,Green,,fig,,,condicion,"familia, por el nombre: ésteres alílicos: alcohol alílico libre (STD 188)",,,,,,,,,,,,,,,,,,,,,,
fig:1016,ACI,usuario,ACI,,,,,Allyl cinnamate,1866-31-5,,,,,,molécula,,,Spicy,Balsamic,Cinnamon,,fig,,,condicion,"familia, por el nombre: ésteres alílicos: alcohol alílico libre (STD 188)",,,,,,,,,,,,,,,,,,,,,,
fig:1017,ACY,usuario,ACY,,,,,Allyl cyclohexaneacetate,4728-82-9,,,,,,molécula,,,Fruity,Sweet,Pineapple,,fig,,,condicion,"familia, por el nombre: ésteres alílicos: alcohol alílico libre (STD 188)",,,,,,,,,,,,,,,,,,,,,,
fig:1018,AC2,usuario,AC2,,,,,Allyl cyclohexanepropionate,2705-87-5,,,,,,molécula,,,Fruity,Pineapple,Apple,,fig ifra-estandar,IFRA_STD_238,Allyl 3-cyclohexylpropionate,con-techo,"especificación (STD 238) · familia, por el nombre: ésteres alílicos: alcohol alílico libre (STD 188)",,,0.085,0.025,0.35,0.47,0.12,0.12,0.12,0.04,0.28,0.7,0.7,0.04,0.92,0.7,3.3,0.04,0.04,sin-restriccion,,"Allyl 3-cyclohexylpropionate | 2-Propen-1-yl cyclohexanepropionate | Allyl 3-cyclohexylpropanoate | Allyl beta-cyclohexylpropionate | Allyl β-cyclohexylpropionate | Allyl cyclohexanepropionate | Allyl cyclohexylpropionate | Allyl hexahydrophenylpropionate | Cyclohexanepropionic acid, 2-propenyl ester | Prop-2-enyl 3-cyclohexylpropanoate | Cyclohexylpropionic acid allyl ester"
fig:1019,ALD,usuario,ALD,,,,,Allyl decanoate,57856-81-2,,,,,,molécula,,,Fruity,Sweet,Pineapple,,fig,,,condicion,"familia, por el nombre: ésteres alílicos: alcohol alílico libre (STD 188)",,,,,,,,,,,,,,,,,,,,,,
fig:1020,AD2,usuario,AD2,,,,,Allyl disulfide,2179-57-9,,,,,,molécula,,,Sulfurous,Onion,Garlic,,fig,,,sin-estandar,,,,,,,,,,,,,,,,,,,,,,,
fig:1021,ALH,usuario,ALH,,,,,Allyl heptanoate,142-19-8,,,,,,molécula,,,Fruity,Pineapple,Green,,fig,,,condicion,"familia, por el nombre: ésteres alílicos: alcohol alílico libre (STD 188)",,,,,,,,,,,,,,,,,,,,,,
fig:1022,AH2,usuario,AH2,,,,,Allyl hexanoate,123-68-2,,,,,,molécula,,,Fruity,Sweet,Pineapple,,fig,,,condicion,"familia, por el nombre: ésteres alílicos: alcohol alílico libre (STD 188)",,,,,,,,,,,,,,,,,,,,,,
fig:1023,ALO,usuario,ALO,,,,,Allyl octanoate,4230-97-1,,,,,,molécula,,,Fruity,Pineapple,Waxy,,fig,,,condicion,"familia, por el nombre: ésteres alílicos: alcohol alílico libre (STD 188)",,,,,,,,,,,,,,,,,,,,,,
fig:1024,ALP,usuario,ALP,,,,,Allyl phenoxyacetate,7493-74-5,,,,,,molécula,,,Green,Fruity,Honey,,fig ifra-estandar,IFRA_STD_003,Allyl phenoxyacetate,con-techo,"especificación (STD 003) · familia, por el nombre: ésteres alílicos: alcohol alílico libre (STD 188)",,,0.054,0.016,0.21,0.3,0.076,0.076,0.076,0.025,0.18,0.41,0.41,0.025,0.59,0.59,1.7,0.025,0.025,52,,
fig:1025,APH,usuario,APH,,,,,Allyl phenylacetate,1797-74-6,,,,,,molécula,,,Fruity,Honey,Rum,,fig,,,condicion,"familia, por el nombre: ésteres alílicos: alcohol alílico libre (STD 188)",,,,,,,,,,,,,,,,,,,,,,
fig:1026,APR,usuario,APR,,,,,Allyl propionate,2408-20-0,,,,,,molécula,,,Fruity,Apple,Apricot,,fig,,,condicion,"familia, por el nombre: ésteres alílicos: alcohol alílico libre (STD 188)",,,,,,,,,,,,,,,,,,,,,,
fig:1027,AS,usuario,AS,,,,,Allyl sulfide,592-88-1,,,,,,molécula,,,Sulfurous,Onion,Garlic,,fig,,,sin-estandar,,,,,,,,,,,,,,,,,,,,,,,
fig:1028,ALT,usuario,ALT,,,,,Allyl trimethylhexanoate,68132-80-9,,,,,,molécula,,,Fruity,Pineapple,Spicy,,fig,,,condicion,"familia, por el nombre: ésteres alílicos: alcohol alílico libre (STD 188)",,,,,,,,,,,,,,,,,,,,,,
fig:1029,ABO,usuario,ABO,,O,,,"Almond oil, bitter",8013-76-1,,,,,,natural,oil,,Gourmand,Cherry,Almond,,fig ifra-anexo,,,por-constituyentes,,1,por nombre,,,,,,,,,,,,,,,,,,,,
fig:1030,αTE,usuario,αTE,,,,,"alpha,2,2,3-tetramethylcyclopent-3-ene-1-butyraldehyde",65114-03-6,,,,,,molécula,,alpha,Woody,Sandalwood,Floral,,fig ifra-estandar,IFRA_STD_213,"alpha,2,2,3-Tetramethylcyclopent-3-ene-1-butyraldehyde",con-techo,,,,0.038,0.011,0.23,0.21,0.054,0.054,0.054,0.054,0.13,0.44,0.44,0.023,0.42,1.5,1.5,0.83,0.83,sin-restriccion,,"2-Methyl-4-(2,2,3-trimethylcyclopent-3-en-1-yl)butanal | 3-Cyclopentene-1-butanal, α,2,2,3-tetramethyl- | Florenza (commercial name) | Santafleur (commercial name)"
fig:1031,αADE,usuario,αADE,,,,,"alpha,alpha-Dimethyl-p-ethylphenylpropanal",67634-15-5,,,,,,molécula,,alpha,Ozonic,Floral,Aldehydic,,fig,,,sin-estandar,,,,,,,,,,,,,,,,,,,,,,,
fig:1032,αADA,usuario,αADA,,,,,"alpha,alpha-Dimethylphenethyl alcohol",100-86-7,,,,,,molécula,,alpha,Floral,Fresh,Rose,,fig,,,sin-estandar,,,,,,,,,,,,,,,,,,,,,,,
fig:1033,αADB,usuario,αADB,,,,,"alpha,alpha-Dimethylphenethyl butyrate",10094-34-5,,,,,,molécula,,alpha,Fruity,Floral,Berry,,fig,,,sin-estandar,,,,,,,,,,,,,,,,,,,,,,,
fig:1034,αAF,usuario,αAF,,,,,"alpha,alpha-Dimethylphenethyl formate",10058-43-2,,,,,,molécula,,alpha,Floral,Herbal,Green,,fig,,,sin-estandar,,,,,,,,,,,,,,,,,,,,,,,
fig:1035,αAP,usuario,αAP,,,,,"alpha,alpha-Dimethylphenylethyl propionate",67785-77-7,,,,,,molécula,,alpha,Floral,Sweet,Jasmin,,fig,,,sin-estandar,,,,,,,,,,,,,,,,,,,,,,,
fig:1036,αTC,usuario,αTC,,,,,"alpha-1-(2,6,6-Trimethyl-2-cyclohexen-1-yl)-2-buten-1-one",43052-87-5,,,,,,molécula,,alpha,Floral,Sweet,Berry,,fig ifra-estandar,IFRA_STD_077,Rose ketones,con-techo,,,,0.0077,0.0023,0.046,0.043,0.011,0.011,0.011,0.011,0.025,0.088,0.088,0.0045,0.084,0.3,0.3,0.17,0.17,sin-restriccion,,
fig:1037,αAC,usuario,αAC,,,,,alpha-Amyl cinnamic aldehyde diethyl acetal,60763-41-9,,,,,,molécula,,alpha,Floral,Fruity,Citrus,,fig ifra-estandar,IFRA_STD_239,alpha-Amylcinnamicaldehyde diethyl acetal,con-techo,,,,0.063,0.019,0.38,0.35,0.089,0.089,0.089,0.089,0.21,0.72,0.72,0.037,0.69,2.5,2.5,1.4,1.4,sin-restriccion,,"alpha-Amylcinnamicaldehyde diethyl acetal | α-Amylcinnamicaldehyde diethyl acetal | [2-(Diethoxymethyl)hept-1-en-1-yl]benzene | 1,1-Diethoxy-2-amyl-3-phenyl-2-propene | 1,1-Diethoxy-2-amyl-3-phenylacrolein | 2-Diethoxymethyl-1-phenylhept-1-ene | Benzene, [2-(diethoxymethyl)-1-heptenyl]- | 2-(Diethoxymethyl)hept-1-enylbenzene"
fig:1038,αAMC,usuario,αAMC,,,,,alpha-Amyl trans-Cinnamaldehyde,78605-96-6,,,,,,molécula,,alpha,Floral,Fresh,Citrus,,fig,,,sin-estandar,,,,,,,,,,,,,,,,,,,,,,,
fig:1039,αAm,usuario,αAm,,,,,alpha-Amylcinnamaldehyde,122-40-7,,,,,,molécula,,alpha,Floral,Jasmin,Balsamic,,fig ifra-estandar,IFRA_STD_005,alpha-Amyl cinnamic aldehyde,con-techo,,,,0.58,0.53,0.26,7,2.5,0.32,0.45,0.11,0.064,0.26,0.26,0.11,1.5,1.5,3.5,0.11,0.11,sin-restriccion,,"Amyl cinnamal | Amyl cinnamic aldehyde | α-Amylcinnamaldehyde | α-Amyl ß-phenylacrolein | Heptanal, 2-(phenylmethylene) | α-Pentylcinnamaldehyde | α-Pentyl-ß-phenylacrolein | 2-(Phenylmethylene)heptanal | Flomine (commercial name)"
fig:1040,αAMD,usuario,αAMD,,,,,alpha-Amylcinnamaldehyde dimethyl acetal,91-87-2,,,,,,molécula,,alpha,Floral,Jasmin,Fruity,,fig ifra-estandar,IFRA_STD_240,alpha-Amylcinnamicaldehyde dimethyl acetal,con-techo,,,,0.063,0.019,0.38,0.35,0.089,0.089,0.089,0.089,0.21,0.72,0.72,0.037,0.69,2.5,2.5,1.4,1.4,sin-restriccion,,"alpha-Amylcinnamicaldehyde dimethyl acetal | α-Amylcinnamicaldehyde dimethyl acetal | alpha-Amylcinnamaldehyde dimethyl acetal | α-Amylcinnamaldehyde dimethyl acetal | [2-(Dimethoxymethyl)hept-1-en-1-yl]benzene | 1,1-Dimethoxy-2-amyl-3-phenyl-2-propene | 1,1-Dimethoxy-2-benzylideneheptane | alpha-Amyl-beta-phenylacrolein dimethyl acetal | α-Amyl-β-phenylacrolein dimethyl acetal | alpha-Pentylcinnamaldehyde dimethyl acetal | α-Pentylcinnamaldehyde dimethyl acetal | Benzene, [2-(dimethoxymethyl)-1-heptenyl]- | [2-(Dimethoxymethyl)-1-heptenyl]benzene"
fig:1041,αAM,usuario,αAM,,,,,alpha-Amylcinnamaldehyde-methyl anthranilate (Schiff base),68527-78-6,,,,,,molécula,,alpha,Floral,Fresh,Jasmin,,fig ifra-schiff,,,por-constituyentes,,1,,,,,,,,,,,,,,,,,,,,,
fig:1042,αAMA,usuario,αAMA,,,,,alpha-Amylcinnamyl alcohol,101-85-9,,,,,,molécula,,alpha,Floral,Jasmin,Citrus,,fig ifra-estandar,IFRA_STD_004,alpha-Amyl cinnamic alcohol,con-techo,,,,0.27,0.08,0.64,1.5,0.38,0.32,0.38,0.11,0.32,0.64,0.64,0.11,1.6,1.6,3.5,0.11,0.11,79,,"Amylcinnamyl alcohol | α-Amylcinnamyl alcohol | 2-Amyl-3-phenyl-2-propen-1-ol | 2-Benzylideneheptanol | 1-Heptanol, 2-(phenylmethylene)- | α-Pentylcinnamyl alcohol"
fig:1043,αBs,usuario,αBs,,,,,alpha-Bisabolene,17627-44-0,,,,,,molécula,,alpha,Floral,Soft,Balsamic,,fig,,,sin-estandar,,,,,,,,,,,,,,,,,,,,,,,
fig:1044,αBu,usuario,αBu,,,,,alpha-Butylcinnamaldehyde,7492-44-6,,,,,,molécula,,alpha,Floral,Fruity,Green,,fig ifra-estandar,IFRA_STD_012,alpha-Butylcinnamaldehyde,con-techo,,,,0.077,0.023,0.46,0.43,0.11,0.11,0.11,0.036,0.25,0.88,0.88,0.036,0.84,0.84,3,0.036,0.036,sin-restriccion,,"2-Benzylidenehexanal | Butyl cinnamic aldehyde | α-Butyl-β-phenylacrolein | Hexanal, 2-(phenylmethylene)- | alpha-butylcinnamaldehyde"
fig:1045,αCe,usuario,αCe,,,,,alpha-Cedrene,469-61-4,,,,,,molécula,,alpha,Woody,Cedarwood,Aromatic,,fig ifra-estandar,IFRA_STD_197,Cedrene,con-techo,,,,0.27,0.08,1.6,1.5,0.38,0.38,0.38,0.38,0.88,3.1,3.1,0.16,2.9,11,11,5.8,5.8,sin-restriccion,,"α-Cedrene | Cedr-8-ene | 1H-3a,7-Methanoazulene, 2,3,4,7,8,8a-hexahydro-3,6,8,8-tetramethyl-, (3R-(3-α,3a-β,8a-α)]"
fig:1046,αCYB,usuario,αCYB,,,,,alpha-Cyclohexylidene benzeneacetonitrile,10461-98-0,,,,,,molécula,,alpha,Floral,Rose,Geranium,,fig ifra-estandar,IFRA_STD_241,alpha-Cyclohexylidene benzeneacetonitrile,con-techo,,,,0.052,0.027,0.47,0.52,0.13,0.13,0.13,0.043,0.052,0.94,0.94,0.043,1,2.9,3.6,0.043,0.043,sin-restriccion,,"alpha-Cyclohexylidene benzeneacetonitrile | α-Cyclohexylidene benzeneacetonitrile | .delta.1,.alpha.-Cyclohexaneacetonitrile, .alpha.-phenyl- | .δ.1,.α.-Cyclohexaneacetonitrile, .α.-phenyl- | 2-Cyclohexylidene-2-phenylacetonitrile | Benzeneacetonitrile, alpha-cyclohexylidene- | Benzeneacetonitrile, α-cyclohexylidene- | Peonile (commercial name) | Rosinile (commercial name) | Sensinile (commercial name)"
fig:1047,αFa,usuario,αFa,,,,,alpha-Farnesene,502-61-4,,,,,,molécula,,alpha,Floral,Woody,Green,,fig,,,sin-estandar,,,,,,,,,,,,,,,,,,,,,,,
fig:1048,αGa,usuario,αGa,,,,,alpha-Guaiene,3691-12-1,,,,,,molécula,,alpha,Woody,Peppery,Balsamic,,fig,,,sin-estandar,,,,,,,,,,,,,,,,,,,,,,,
fig:1049,αHe,usuario,αHe,,,,,alpha-Hexylcinnamaldehyde,101-86-0,,,,,,molécula,,alpha,Floral,Jasmin,Citrus,,fig ifra-estandar,IFRA_STD_040,alpha-Hexyl cinnamic aldehyde,con-techo,,,,1.8,0.53,11,9.9,2.5,2.5,2.5,2.5,5.8,20,20,1,19,69,69,38,38,sin-restriccion,,"2-Benzylideneoctanal | Hexyl cinnamal | α-Hexyl cinnamaldehyde | Hexyl cinnamic aldehyde | α-n-Hexylcinnamic aldehyde | Hexyl cinnamyl | α-n-Hexyl-β-phenylacrolein | Octanal, 2-(phenylmethylene)- | Jasmonal H (commercial name)"
fig:1050,αIo,usuario,αIo,,,,,alpha-Ionol,25312-34-9,,,,,,molécula,,alpha,Powdery,Floral,Gourmand,,fig,,,sin-estandar,,,,,,,,,,,,,,,,,,,,,,,
fig:1051,αIn,usuario,αIn,,,,,alpha-Ionone,127-41-3,,,,,,molécula,,alpha,Floral,Violet,Fruity,,fig,,,sin-estandar,,,,,,,,,,,,,,,,,,,,,,,
fig:1052,αIr,usuario,αIr,,,,,alpha-Irone,79-69-6,,,,,,molécula,,alpha,Floral,Iris,Violet,,fig,,,sin-estandar,,,,,,,,,,,,,,,,,,,,,,,
fig:1053,αIA,usuario,αIA,,,,,alpha-Isobutylphenethyl alcohol,7779-78-4,,,,,,molécula,,alpha,Balsamic,Floral,warm,,fig,,,sin-estandar,,,,,,,,,,,,,,,,,,,,,,,
fig:1054,αISM,usuario,αISM,,,,,alpha-iso-Methylionone,127-51-5,,,,,,molécula,,alpha,Floral,Violet,Woody,,fig ifra-estandar,IFRA_STD_063,"Methyl ionone, mixed isomers",con-techo,especificación (STD 063),,,5.4,1.6,32,30,7.6,7.6,7.6,7.6,18,61,61,3.2,59,100,100,100,100,sin-restriccion,,"α-Isomethylionone | 3-Buten-2-one, 3-methyl-4-(2,6,6-trimethyl-2-cyclohexen-1-yl)- | 3-Methyl-4-(2,6,6-trimethyl-2-cyclohexen-1-yl)-3-buten-2-one | α-Isomethyl ionone | Iraldeine gamma | Isoraldeine 95 (commercial name)"
fig:1055,αMB,usuario,αMB,,,,,"alpha-Methyl-1,3-benzodioxole-5-propionaldehyde",1205-17-0,,,,,,molécula,,alpha,Floral,Green,Cyclamen,,fig ifra-estandar,IFRA_STD_059,"alpha-Methyl-1,3-benzodioxole-5-propionaldehyde (MMDHCA)",con-techo,,,,0.12,0.25,0.039,2.6,0.39,0.077,0.077,0.026,0.62,0.077,0.077,0.026,0.15,0.15,0.62,0.026,0.026,12,,"1,3-Benzodioxole-5-propanal, α-methyl- | 3-(1,3-Benzodioxol-5-yl)-2-methylpropanal | 2-Methyl-3-(3,4-methylenedioxyphenyl)- propionaldehyde | 2-Methyl-3-(3,4-methylenedioxyphenyl)propanal | α-Methyl-3,4-(methylenedioxy)-hydrocinnamaldehyde | α-Methyl-1,3-benzodioxole-5-propanal | α-Methyl-1,3-benzodioxole-5-propionaldehyde | 3-(3,4-Methylenedioxyphenyl)-2-methylpropanal | α-Methyl-3,4-methylene-dioxyhydrocinnamic aldehyde | Heliofolal (commercial name) | Heliogan (commercial name) | Helional (commercial name) | Tropional (commercial name)"
fig:1056,αMEA,usuario,αMEA,,,,,alpha-Methylbenzyl acetate,93-92-5,,,,,,molécula,,alpha,Green,Fruity,Rhubarb,,fig,,,sin-estandar,,,,,,,,,,,,,,,,,,,,,,,
fig:1057,αMAL,usuario,αMAL,,,,,alpha-Methylbenzyl alcohol,98-85-1,,,,,,molécula,,alpha,Floral,Fruity,Woody,,fig,,,sin-estandar,,,,,,,,,,,,,,,,,,,,,,,
fig:1058,αMEB,usuario,αMEB,,,,,alpha-Methylbenzyl butyrate,3460-44-4,,,,,,molécula,,alpha,Fruity,Berry,Juicy,,fig,,,sin-estandar,,,,,,,,,,,,,,,,,,,,,,,
fig:1059,αMI,usuario,αMI,,,,,alpha-Methylbenzyl isobutyrate,7775-39-5,,,,,,molécula,,alpha,Fruity,Floral,Tropical-Fruit,,fig,,,sin-estandar,,,,,,,,,,,,,,,,,,,,,,,
fig:1060,αMP,usuario,αMP,,,,,alpha-Methylbenzyl propionate,120-45-6,,,,,,molécula,,alpha,Fruity,Floral,Green,,fig,,,sin-estandar,,,,,,,,,,,,,,,,,,,,,,,
fig:1061,αMe,usuario,αMe,,,,,alpha-Methylcinnamaldehyde,101-39-3,,,,,,molécula,,alpha,Spicy,Warm,Sweet,,fig ifra-estandar,IFRA_STD_060,alpha-Methyl cinnamic aldehyde,con-techo,,,,0.27,0.08,1.6,1.5,0.38,0.38,0.38,0.38,0.88,3.1,3.1,0.16,2.9,11,11,5.8,5.8,sin-restriccion,,"α-Methylcinnamaldehyde | α-Methylcinnamyl aldehyde | α-Methylcinnamic aldehyde | 2-Methyl-3-phenyl-2-propenal | 3-Phenyl-2-methylacrolein | 2-Propenyl, 2-methyl-3-phenyl-"
fig:1062,αMA2,usuario,αMA2,,,,,alpha-Methylcinnamic alcohol,1504-55-8,,,,,,molécula,,alpha,Floral,Sweet,Oriental,,fig,,,sin-estandar,,,,,,,,,,,,,,,,,,,,,,,
fig:1063,αMC,usuario,αMC,,,,,alpha-Methyl-cyclohexanepropanol,10528-67-3,,,,,,molécula,,alpha,Floral,Muguet,Green,,fig,,,sin-estandar,,,,,,,,,,,,,,,,,,,,,,,
fig:1064,αPe,usuario,αPe,,,,,alpha-Phellandrene,99-83-2,,,,,,molécula,,alpha,Citrus,Lime,Herbal,,fig,,,sin-estandar,,,,,,,,,,,,,,,,,,,,,,,
fig:1065,αPi,usuario,αPi,,,,,alpha-Pinene,80-56-8,,,,,,molécula,,alpha,Herbal,Pine,Camphoraceous,,fig,,,condicion,"familia, por el nombre: pináceas: índice de peróxidos (STD 184)",,,,,,,,,,,,,,,,,,,,,,
fig:1066,αPA,usuario,αPA,,,,,alpha-Propylphenethyl alcohol,705-73-7,,,,,,molécula,,alpha,Green,Fruity,Earthy,,fig,,,sin-estandar,,,,,,,,,,,,,,,,,,,,,,,
fig:1067,αTe,usuario,αTe,,,,,alpha-Terpineol,98-55-5,,,,,,molécula,,alpha,Herbal,Floral,Pine,,fig,,,sin-estandar,,,,,,,,,,,,,,,,,,,,,,,
fig:1068,αTA,usuario,αTA,,,,,alpha-Terpineol acetate,80-26-2,,,,,,molécula,,alpha,Citrus,Bergamot,Herbal,,fig,,,sin-estandar,,,,,,,,,,,,,,,,,,,,,,,
fig:1069,AmT,usuario,AmT,,T,,,Ambergris tincture,8038-65-1,,,,,,natural,tincture,,Amber,Sweet,Mossy,,fig,,,sin-dato,,,,,,,,,,,,,,,,,,,,,,,
fig:1070,ASA,usuario,ASA,,A,,,Ambrette seed absolute,8015-62-1,,,,,,natural,absolute,,Musk like,Fruity,Floral,,fig ifra-anexo,,,por-constituyentes,,2,por nombre,,,,,,,,,,,,,,,,,,,,
fig:1071,ASE,usuario,ASE,,E,,,Ambrette seed extract,8015-62-1,,,,,,natural,extract,,Musk like,Fruity,Floral,,fig ifra-anexo,,,por-constituyentes,variante sin concretar: cuenta la peor de 3 del anexo,2,"por CAS: 3 variantes, cuenta la peor",,,,,,,,,,,,,,,,,,,,
fig:1072,AMSO,usuario,AMSO,,O,,,Ambrette seed oil,8015-62-1,,,,,,natural,oil,,Musk like,Fruity,Floral,,fig ifra-anexo,,,por-constituyentes,,2,por nombre,,,,,,,,,,,,,,,,,,,,
fig:1073,ASEO,usuario,ASEO,,O,,,Ambrette seed oil,8015-62-1,,,,,,natural,oil,,Musk like,Fruity,Floral,,fig ifra-anexo,,,por-constituyentes,variante sin concretar: cuenta la peor de 3 del anexo,2,"por CAS: 3 variantes, cuenta la peor",,,,,,,,,,,,,,,,,,,,
fig:1074,AbT,usuario,AbT,,T,,,Ambrette tincture,8015-62-1,,,,,,natural,tincture,,Musk like,Fruity,Floral,,fig ifra-anexo,,,por-constituyentes,,1,por nombre,,,,,,,,,,,,,,,,,,,,
fig:1075,AAL,usuario,AAL,,,,,Amyl alcohol,71-41-0,,,,,,molécula,,,Balsamic,Fruity,Light,,fig,,,sin-estandar,,,,,,,,,,,,,,,,,,,,,,,
fig:1076,AB2,usuario,AB2,,,,,Amyl butyrate,540-18-1,,,,,,molécula,,,Fruity,Banana,Pineapple,,fig,,,sin-estandar,,,,,,,,,,,,,,,,,,,,,,,
fig:1077,AMC,usuario,AMC,,,,,Amyl cinnamate,3487-99-8,,,,,,molécula,,,Woody,Balsamic,Sweet,,fig,,,sin-estandar,,,,,,,,,,,,,,,,,,,,,,,
fig:1078,AMF,usuario,AMF,,,,,Amyl formate,638-49-3,,,,,,molécula,,,Fruity,Banana,Green,,fig,,,sin-estandar,,,,,,,,,,,,,,,,,,,,,,,
fig:1079,AMH,usuario,AMH,,,,,Amyl hexanoate,540-07-8,,,,,,molécula,,,Fruity,Sweet,Green,,fig,,,sin-estandar,,,,,,,,,,,,,,,,,,,,,,,
fig:1080,AMI,usuario,AMI,,,,,Amyl isobutyrate,2445-72-9,,,,,,molécula,,,Fruity,Apple,Banana,,fig,,,sin-estandar,,,,,,,,,,,,,,,,,,,,,,,
fig:1081,AOC,usuario,AOC,,,,,Amyl octanoate,638-25-5,,,,,,molécula,,,Fruity,Pineapple,Green,,fig,,,sin-estandar,,,,,,,,,,,,,,,,,,,,,,,
fig:1082,AMS,usuario,AMS,,,,,Amyl salicylate,2050-08-0,,,,,,molécula,,,Floral,Green,Balsamic,,fig,,,sin-estandar,,,,,,,,,,,,,,,,,,,,,,,
fig:1083,AV,usuario,AV,,,,,Amyl valerate,2173-56-0,,,,,,molécula,,,Fruity,Banana,Pear,,fig,,,sin-estandar,,,,,,,,,,,,,,,,,,,,,,,
fig:1084,AA2,usuario,AA2,,,,,Amylcyclohexyl acetate (mixed isomers),67874-72-0,,,,,,molécula,,,Woody,Herbal,Pine,,fig,,,sin-estandar,,,,,,,,,,,,,,,,,,,,,,,
fig:1085,AmO,usuario,AmO,,O,,,Amyris oil,8015-65-4,,,,,,natural,oil,,Woody,Sandalwood,Warm,,fig,,,sin-dato,,,,,,,,,,,,,,,,,,,,,,,
fig:1086,AMAO,usuario,AMAO,,O,,,"Amyris oil, acetylated",68916-14-3,,,,,,natural,oil,,Woody,Sandalwood,Smoky,,fig,,,sin-dato,,,,,,,,,,,,,,,,,,,,,,,
fig:1087,AyO,usuario,AyO,,O,,,"Amyris oil, rectified",8015-65-4,,,,,,natural,oil,,Woody,Sandalwood,Warm,,fig,,,sin-dato,,,,,,,,,,,,,,,,,,,,,,,
fig:1088,ANI,usuario,ANI,,,,,Anethole (isomer unspecified),104-46-1,,,,,,molécula,,,Anisic,Green,Herbal,,fig,,,sin-estandar,,,,,,,,,,,,,,,,,,,,,,,
fig:1089,ARO,usuario,ARO,,O,,,Angelica root oil,8015-64-3,,,,,,natural,oil,,Spicy,Herbal,Amber,,fig ifra-anexo ifra-estandar,IFRA_STD_086,Angelica root oil,con-techo,,1,por nombre,0.8,0.8,0.8,0.8,0.8,0.8,0.8,0.8,0.8,sin-restriccion,0.8,0.8,sin-restriccion,sin-restriccion,0.8,sin-restriccion,0.8,sin-restriccion,,
fig:1090,ANSA,usuario,ANSA,,A,,,Angelica seed absolute,8015-64-3,,,,,,natural,absolute,,Spicy,Peppery,Woody,,fig ifra-anexo ifra-estandar,IFRA_STD_086,Angelica root oil,con-techo,mismo CAS que «Angelica root oil» (STD 086): comprobar la variante · variante sin concretar: cuenta la peor de 2 del anexo,3,"por CAS: 2 variantes, cuenta la peor",0.8,0.8,0.8,0.8,0.8,0.8,0.8,0.8,0.8,sin-restriccion,0.8,0.8,sin-restriccion,sin-restriccion,0.8,sin-restriccion,0.8,sin-restriccion,,
fig:1091,ANSE,usuario,ANSE,,E,,,Angelica seed extract,8015-64-3,,,,,,natural,extract,,Spicy,Pungent,Fresh,,fig ifra-anexo ifra-estandar,IFRA_STD_086,Angelica root oil,con-techo,mismo CAS que «Angelica root oil» (STD 086): comprobar la variante · variante sin concretar: cuenta la peor de 2 del anexo,3,"por CAS: 2 variantes, cuenta la peor",0.8,0.8,0.8,0.8,0.8,0.8,0.8,0.8,0.8,sin-restriccion,0.8,0.8,sin-restriccion,sin-restriccion,0.8,sin-restriccion,0.8,sin-restriccion,,
fig:1092,ANSO,usuario,ANSO,,O,,,Angelica seed oil,8015-64-3,,,,,,natural,oil,,Spicy,Pungent,Fresh,,fig ifra-anexo ifra-estandar,IFRA_STD_086,Angelica root oil,con-techo,mismo CAS que «Angelica root oil» (STD 086): comprobar la variante,3,por nombre,0.8,0.8,0.8,0.8,0.8,0.8,0.8,0.8,0.8,sin-restriccion,0.8,0.8,sin-restriccion,sin-restriccion,0.8,sin-restriccion,0.8,sin-restriccion,,
fig:1093,ASO2,usuario,ASO2,,O,,,Anise seed oil,8007-70-3,,,,,,natural,oil,,Anisic,Herbal,Liquorice,,fig ifra-anexo,,,por-constituyentes,,3,por nombre,,,,,,,,,,,,,,,,,,,,
fig:1094,An,usuario,An,,,,,Anisole,100-66-3,,,,,,molécula,,,Floral,Medicinal,Hawthorn,,fig,,,sin-estandar,,,,,,,,,,,,,,,,,,,,,,,
fig:1095,AAI,usuario,AAI,,,,,Anisyl acetate (isomer unspecified),1331-83-5,,,,,,molécula,,,Fruity,Berry,Anisic,,fig,,,sin-estandar,,,,,,,,,,,,,,,,,,,,,,,
fig:1096,ANA,usuario,ANA,,,,,Anisyl alcohol,105-13-5,,,,,,molécula,,,Anisic,Sweet,Licorice,,fig ifra-estandar,IFRA_STD_006,Anisyl alcohol,con-techo,,,,0.0028,0.039,0.025,0.21,0.041,0.0055,0.033,0.002,0.091,0.033,0.033,0.002,0.099,0.099,0.17,0.002,0.002,14,,
fig:1097,AA3,usuario,AA3,,,,,"Anisyl alcohol (o-,m-,p-)",1331-81-3,,,,,,molécula,,,Anisic,Sweet,Liquorice,,fig ifra-estandar,IFRA_STD_006,Anisyl alcohol,con-techo,,,,0.0028,0.039,0.025,0.21,0.041,0.0055,0.033,0.002,0.091,0.033,0.033,0.002,0.099,0.099,0.17,0.002,0.002,14,,
fig:1098,ANF,usuario,ANF,,,,,Anisyl formate,122-91-8,,,,,,molécula,,,Spicy,Powdery,Anisic,,fig,,,sin-estandar,,,,,,,,,,,,,,,,,,,,,,,
fig:1099,ANP,usuario,ANP,,,,,Anisyl phenylacetate,102-17-0,,,,,,molécula,,,Fruity,Anisic,Honey,,fig,,,sin-estandar,,,,,,,,,,,,,,,,,,,,,,,
fig:1100,AP2,usuario,AP2,,,,,Anisyl propionate,7549-33-9,,,,,,molécula,,,Fruity,Anisic,Berry,,fig,,,sin-estandar,,,,,,,,,,,,,,,,,,,,,,,
fig:1101,APA,usuario,APA,,,,,Apple alcoholate,883111-87-3,,,,,,molécula,,,Fruity,Apple,Fresh,,fig,,,sin-estandar,,,,,,,,,,,,,,,,,,,,,,,
fig:1102,ApD,usuario,ApD,,D,,,Apple distillate,883111-87-3,,,,,,natural,distillate,,Fruity,Apple,Fresh,,fig,,,sin-dato,,,,,,,,,,,,,,,,,,,,,,,
fig:1103,APEO,usuario,APEO,,O,,,Apple essence oil,883111-87-3,,,,,,natural,oil,,Fruity,Apple,Green,,fig,,,sin-dato,,,,,,,,,,,,,,,,,,,,,,,
fig:1104,ApE,usuario,ApE,,E,,,Apple extract,883111-87-3,,,,,,natural,extract,,Fruity,Apple,Fresh,,fig,,,sin-dato,,,,,,,,,,,,,,,,,,,,,,,
fig:1105,ApO,usuario,ApO,,O,,,"Apple oil, rectified",883111-87-3,,,,,,natural,oil,,Fruity,Apple,Fresh,,fig,,,sin-dato,,,,,,,,,,,,,,,,,,,,,,,
fig:1106,ApT,usuario,ApT,,T,,,Apple tincture,883111-87-3,,,,,,natural,tincture,,Fruity,Apple,Fresh,,fig,,,sin-dato,,,,,,,,,,,,,,,,,,,,,,,
fig:1107,ApA,usuario,ApA,,A,,,Apricot absolute,72869-69-3,,,,,,natural,absolute,,Gourmand,Fruity,Sweet,,fig,,,sin-dato,,,,,,,,,,,,,,,,,,,,,,,
fig:1108,ARVO,usuario,ARVO,,O,,,Armoise vulgaris oil,68991-20-8,,,,,,natural,oil,,Herbal,Fresh,Camphoraceous,,fig ifra-anexo,,,por-constituyentes,,3,por nombre,,,,,,,,,,,,,,,,,,,,
fig:1109,AHO,usuario,AHO,,O,,,Artemisia herba-alba oil,84775-75-7,,,,,,natural,oil,,Herbal,Thyme,Camphoraceous,,fig ifra-anexo,,,por-constituyentes,,1,por nombre,,,,,,,,,,,,,,,,,,,,
fig:1110,AsO,usuario,AsO,,O,,,Asafetida oil,9000-04-8,,,,,,natural,oil,,Green,Sulfurous,Onion,,fig,,,sin-dato,,,,,,,,,,,,,,,,,,,,,,,
fig:1111,Bc,usuario,Bc,,,,,Baccartol,68916-62-1,,,,,,molécula,,,Citrus,Floral,Fresh,,fig,,,sin-estandar,,,,,,,,,,,,,,,,,,,,,,,
fig:1112,BLE,usuario,BLE,,E,,,Balm leaves extract,84082-61-1,,,,,,natural,extract,,Citrus,Lemon,Fresh,,fig ifra-estandar,IFRA_STD_051,Melissa oil (genuine Melissa officinalis L.),con-techo,mismo CAS que «Melissa oil (genuine Melissa officinalis L.)» (STD 051): comprobar la variante · constituyentes: sin dato en el anexo,,,0.11,0.032,0.65,0.6,0.15,0.15,0.15,0.15,0.35,1.2,1.2,0.063,1.2,4.2,4.2,2.3,2.3,sin-restriccion,,
fig:1113,BPA,usuario,BPA,,A,,,"Balsam absolute, Peru",8007-00-9,,,,,,natural,absolute,,Woody,Balsamic,Vanilla,,fig ifra-anexo ifra-estandar,IFRA_STD_071,Peru balsam,con-techo,una variante está prohibida (STD 071) · mismo CAS que «Peru balsam» (STD 071): comprobar la variante,3,por nombre,0.073,0.022,0.44,0.41,0.1,0.1,0.1,0.034,0.24,0.83,0.83,0.034,0.8,0.8,2.9,0.034,0.034,sin-restriccion,,"Prohibition of Peru balsam crude: | Exudation of Myroxylon pereirae Klotsch | Restriction of Peru balsam extracts and distillates: | Balsam oil, Peru (Myroxylon pereirae Klotzsch) | Myroxylon pereirae (Balsam Peru) oil | Myroxylon pereirae (Balsam Peru) resin | Myroxylon pereirae oil | Peru balsam absolute | Peru balsam anhydrol"
fig:1114,BPPA,usuario,BPPA,,A,,,"Balsam absolute, Peru, pyrogenated",8007-00-9,,,,,,natural,absolute,,Woody,Balsamic,Vanilla,,fig ifra-anexo ifra-estandar,IFRA_STD_071,Peru balsam,con-techo,una variante está prohibida (STD 071) · mismo CAS que «Peru balsam» (STD 071): comprobar la variante · variante sin concretar: cuenta la peor de 3 del anexo,3,"por CAS: 3 variantes, cuenta la peor",0.073,0.022,0.44,0.41,0.1,0.1,0.1,0.034,0.24,0.83,0.83,0.034,0.8,0.8,2.9,0.034,0.034,sin-restriccion,,"Prohibition of Peru balsam crude: | Exudation of Myroxylon pereirae Klotsch | Restriction of Peru balsam extracts and distillates: | Balsam oil, Peru (Myroxylon pereirae Klotzsch) | Myroxylon pereirae (Balsam Peru) oil | Myroxylon pereirae (Balsam Peru) resin | Myroxylon pereirae oil | Peru balsam absolute | Peru balsam anhydrol"
fig:1115,BPE,usuario,BPE,,E,,,"Balsam extract, Peru",8007-00-9,,,,,,natural,extract,,Woody,Balsamic,Vanilla,,fig ifra-anexo ifra-estandar,IFRA_STD_071,Peru balsam,con-techo,una variante está prohibida (STD 071) · mismo CAS que «Peru balsam» (STD 071): comprobar la variante · variante sin concretar: cuenta la peor de 3 del anexo,3,"por CAS: 3 variantes, cuenta la peor",0.073,0.022,0.44,0.41,0.1,0.1,0.1,0.034,0.24,0.83,0.83,0.034,0.8,0.8,2.9,0.034,0.034,sin-restriccion,,"Prohibition of Peru balsam crude: | Exudation of Myroxylon pereirae Klotsch | Restriction of Peru balsam extracts and distillates: | Balsam oil, Peru (Myroxylon pereirae Klotzsch) | Myroxylon pereirae (Balsam Peru) oil | Myroxylon pereirae (Balsam Peru) resin | Myroxylon pereirae oil | Peru balsam absolute | Peru balsam anhydrol"
fig:1116,BFL,usuario,BFL,,L,,,Balsam fir oleoresin,85085-34-3,,,,,,natural,oleoresin,,Woody,Balsamic,Pine,,fig,,,sin-dato,"familia, por el nombre: pináceas: índice de peróxidos (STD 184)",,,,,,,,,,,,,,,,,,,,,,
fig:1117,BPO,usuario,BPO,,O,,,"Balsam oil, Peru",8007-00-9,,,,,,natural,oil,,Woody,Balsamic,Vanilla,,fig ifra-anexo ifra-estandar,IFRA_STD_071,Peru balsam,con-techo,una variante está prohibida (STD 071) · mismo CAS que «Peru balsam» (STD 071): comprobar la variante,3,por nombre,0.073,0.022,0.44,0.41,0.1,0.1,0.1,0.034,0.24,0.83,0.83,0.034,0.8,0.8,2.9,0.034,0.034,sin-restriccion,,"Prohibition of Peru balsam crude: | Exudation of Myroxylon pereirae Klotsch | Restriction of Peru balsam extracts and distillates: | Balsam oil, Peru (Myroxylon pereirae Klotzsch) | Myroxylon pereirae (Balsam Peru) oil | Myroxylon pereirae (Balsam Peru) resin | Myroxylon pereirae oil | Peru balsam absolute | Peru balsam anhydrol"
fig:1118,BAPO,usuario,BAPO,,O,,,"Balsam oil, Peru",8007-00-9,,,,,,natural,oil,,Woody,Balsamic,Vanilla,,fig ifra-anexo ifra-estandar,IFRA_STD_071,Peru balsam,con-techo,una variante está prohibida (STD 071) · mismo CAS que «Peru balsam» (STD 071): comprobar la variante · variante sin concretar: cuenta la peor de 3 del anexo,3,"por CAS: 3 variantes, cuenta la peor",0.073,0.022,0.44,0.41,0.1,0.1,0.1,0.034,0.24,0.83,0.83,0.034,0.8,0.8,2.9,0.034,0.034,sin-restriccion,,"Prohibition of Peru balsam crude: | Exudation of Myroxylon pereirae Klotsch | Restriction of Peru balsam extracts and distillates: | Balsam oil, Peru (Myroxylon pereirae Klotzsch) | Myroxylon pereirae (Balsam Peru) oil | Myroxylon pereirae (Balsam Peru) resin | Myroxylon pereirae oil | Peru balsam absolute | Peru balsam anhydrol"
fig:1119,BPR,usuario,BPR,,R,,,"Balsam resinoid, Peru",8007-00-9,,,,,,natural,resinoid,,Woody,Balsamic,Vanilla,,fig ifra-anexo ifra-estandar,IFRA_STD_071,Peru balsam,con-techo,una variante está prohibida (STD 071) · mismo CAS que «Peru balsam» (STD 071): comprobar la variante,3,por nombre,0.073,0.022,0.44,0.41,0.1,0.1,0.1,0.034,0.24,0.83,0.83,0.034,0.8,0.8,2.9,0.034,0.034,sin-restriccion,,"Prohibition of Peru balsam crude: | Exudation of Myroxylon pereirae Klotsch | Restriction of Peru balsam extracts and distillates: | Balsam oil, Peru (Myroxylon pereirae Klotzsch) | Myroxylon pereirae (Balsam Peru) oil | Myroxylon pereirae (Balsam Peru) resin | Myroxylon pereirae oil | Peru balsam absolute | Peru balsam anhydrol"
fig:1120,BAP,usuario,BAP,,,,,"Balsam, Peru",8007-00-9,,,,,,natural,,,Woody,Balsamic,Vanilla,,fig ifra-anexo ifra-estandar,IFRA_STD_071,Peru balsam,con-techo,una variante está prohibida (STD 071) · mismo CAS que «Peru balsam» (STD 071): comprobar la variante · variante sin concretar: cuenta la peor de 3 del anexo,3,"por CAS: 3 variantes, cuenta la peor",0.073,0.022,0.44,0.41,0.1,0.1,0.1,0.034,0.24,0.83,0.83,0.034,0.8,0.8,2.9,0.034,0.034,sin-restriccion,,"Prohibition of Peru balsam crude: | Exudation of Myroxylon pereirae Klotsch | Restriction of Peru balsam extracts and distillates: | Balsam oil, Peru (Myroxylon pereirae Klotzsch) | Myroxylon pereirae (Balsam Peru) oil | Myroxylon pereirae (Balsam Peru) resin | Myroxylon pereirae oil | Peru balsam absolute | Peru balsam anhydrol"
fig:1121,BCA,usuario,BCA,,,,,"Balsams, Canada",8007-47-4,,,,,,molécula,,,Balsamic,Fresh,Woody,,fig,,,sin-estandar,,,,,,,,,,,,,,,,,,,,,,,
fig:1122,BLA,usuario,BLA,,A,,,"Basil absolute, chemotype linalool",8015-73-4,,,,,,natural,absolute,,Herbal,Aromatic,Spicy,,fig ifra-anexo,,,por-constituyentes,variante sin concretar: cuenta la peor de 3 del anexo,9,"por CAS: 3 variantes, cuenta la peor",,,,,,,,,,,,,,,,,,,,
fig:1123,BCO,usuario,BCO,,O,,,"Basil oil, chemotype estragole",8015-73-4,,,,,,natural,oil,,Herbal,Aromatic,Green,,fig ifra-anexo,,,por-constituyentes,,6,por nombre,,,,,,,,,,,,,,,,,,,,
fig:1124,BCEO,usuario,BCEO,,O,,,"Basil oil, chemotype estragole, rectified",8015-73-4,,,,,,natural,oil,,Herbal,Aromatic,Green,,fig ifra-anexo,,,por-constituyentes,variante sin concretar: cuenta la peor de 3 del anexo,9,"por CAS: 3 variantes, cuenta la peor",,,,,,,,,,,,,,,,,,,,
fig:1125,BLO,usuario,BLO,,O,,,"Basil oil, chemotype linalool",8015-73-4,,,,,,natural,oil,,Herbal,Aromatic,Floral,,fig ifra-anexo,,,por-constituyentes,,6,por nombre,,,,,,,,,,,,,,,,,,,,
fig:1126,BCL,usuario,BCL,,L,,,"Basil oleoresin, chemotype estragole",8015-73-4,,,,,,natural,oleoresin,,Herbal,Aromatic,Floral,,fig ifra-anexo,,,por-constituyentes,,3,por nombre,,,,,,,,,,,,,,,,,,,,
fig:1127,BWO,usuario,BWO,,O,,,"Bay leaves oil, West Indian, rectified",8006-78-8,,,,,,natural,oil,,Spicy,Warm,Sweet,,fig ifra-anexo,,,por-constituyentes,,5,por CAS,,,,,,,,,,,,,,,,,,,,
fig:1128,BWE,usuario,BWE,,E,,,"Bay leaves, West Indian, CO2 extract",8006-78-8,,,,,,natural,extract,,Spicy,Warm,Sweet,,fig ifra-anexo,,,por-constituyentes,,5,por CAS,,,,,,,,,,,,,,,,,,,,
fig:1129,BIE,usuario,BIE,,E,,,"Bay leaves, West Indian, extract",8006-78-8,,,,,,natural,extract,,Spicy,Warm,Sweet,,fig ifra-anexo,,,por-constituyentes,,5,por CAS,,,,,,,,,,,,,,,,,,,,
fig:1130,BIO,usuario,BIO,,O,,,"Bay leaves, West Indian, oil",8006-78-8,,,,,,natural,oil,,Spicy,Warm,Sweet,,fig ifra-anexo,,,por-constituyentes,,5,por CAS,,,,,,,,,,,,,,,,,,,,
fig:1131,BLWO,usuario,BLWO,,O,,,"Bay leaves, West Indian, oil",68916-05-2,,,,,,natural,oil,,Spicy,Sweet,Balsamic,,fig,,,sin-dato,,,,,,,,,,,,,,,,,,,,,,,
fig:1132,BaO,usuario,BaO,,O,,,"Bay oil, terpeneless",68916-05-2,,,,,,natural,oil,,Spicy,Sweet,Balsamic,,fig,,,sin-dato,,,,,,,,,,,,,,,,,,,,,,,
fig:1133,BEC,usuario,BEC,,,,,Beechwood creosote,8021-39-4,,,,,,molécula,,,Woody,Smoky,Burnt,,fig,,,sin-estandar,,,,,,,,,,,,,,,,,,,,,,,
fig:1134,BeA,usuario,BeA,,A,,,Beeswax absolute,8012-89-3,,,,,,natural,absolute,,Floral,Balsamic,Honey,,fig,,,sin-dato,,,,,,,,,,,,,,,,,,,,,,,
fig:1135,BCE,usuario,BCE,,E,,,Beeswax CO2 extract,8012-89-3,,,,,,natural,extract,,Floral,Balsamic,Honey,,fig,,,sin-dato,,,,,,,,,,,,,,,,,,,,,,,
fig:1136,BeC,usuario,BeC,,C,,,Beeswax concrete,8012-89-3,,,,,,natural,concrete,,Floral,Balsamic,Honey,,fig,,,sin-dato,,,,,,,,,,,,,,,,,,,,,,,
fig:1137,BeR,usuario,BeR,,R,,,Beeswax resinoid,8012-89-3,,,,,,natural,resinoid,,Floral,Balsamic,Honey,,fig,,,sin-dato,,,,,,,,,,,,,,,,,,,,,,,
fig:1138,Bz,usuario,Bz,,,,,Benzaldehyde,100-52-7,,,,,,molécula,,,Fruity,Cherry,Almond,,fig ifra-estandar,IFRA_STD_007,Benzaldehyde,con-techo,,,,0.045,0.014,0.27,0.25,0.064,0.064,0.064,0.021,0.15,0.52,0.52,0.021,0.49,0.49,1.8,0.021,0.021,sin-restriccion,,"Benzenecarbonal | Benzene carboxaldehyde | Benzenecarboxaldehyde | Benzenemethylal | Benzoic aldehyde | Bitter almond oil, synthetic | Phenylformaldehyde | Phenylmethanol aldehyde"
fig:1139,BDA,usuario,BDA,,,,,Benzaldehyde dimethyl acetal,1125-88-8,,,,,,molécula,,,Floral,Almond,Fruity,,fig,,,sin-estandar,,,,,,,,,,,,,,,,,,,,,,,
fig:1140,BS,usuario,BS,,,,,Benzaldehyde methyl anthranilate (Schiff base),37837-44-8,,,,,,molécula,,,Floral,Almond,Cherry-Blossom,,fig ifra-schiff,,,por-constituyentes,,1,,,,,,,,,,,,,,,,,,,,,
fig:1141,BG,usuario,BG,,,,,Benzaldehyde propylene glycol acetal,2568-25-4,,,,,,molécula,,,Floral,Narcissus,Sweet,,fig,,,sin-estandar,,,,,,,,,,,,,,,,,,,,,,,
fig:1142,BDM,usuario,BDM,,,,,"Benzene, 1-​(dimethoxymethyl)​-​4-​methoxy-",2186-92-7,,,,,,molécula,,,Floral,Hawthorn,Jasmin,,fig,,,sin-estandar,,,,,,,,,,,,,,,,,,,,,,,
fig:1143,BEM,usuario,BEM,,,,,"Benzene, 1-​ethenyl-​4-​methoxy-",637-69-4,,,,,,molécula,,,Anisic,Floral,Sweet,,fig,,,sin-estandar,,,,,,,,,,,,,,,,,,,,,,,
fig:1144,BD3,usuario,BD3,,,,,"Benzeneacetaldehyde, 3,4-dimethyl-",68844-97-3,,,,,,molécula,,,Green,Floral,Fresh,,fig,,,sin-estandar,,,,,,,,,,,,,,,,,,,,,,,
fig:1145,BEB,usuario,BEB,,,,,"Benzeneacetonitrile, a-butylidene-, (Z)",130786-09-3,,,,,,molécula,,,Floral,Herbal,Green,,fig,,,sin-estandar,,,,,,,,,,,,,,,,,,,,,,,
fig:1146,αBM,usuario,αBM,,,,,"Benzenemethanol, alpha-methylene-, acetate",2206-94-2,,,,,,molécula,,alpha,Floral,Jasmin,Green,,fig,,,sin-estandar,,,,,,,,,,,,,,,,,,,,,,,
fig:1147,αBE,usuario,αBE,,,,,"Benzenepropanenitrile, 4-ethyl-.alpha.,.alpha.-dimethyl-",134123-93-6,,,,,,molécula,,alpha,Herbal,Marine,Ozonic,,fig,,,sin-estandar,,,,,,,,,,,,,,,,,,,,,,,
fig:1148,BD4,usuario,BD4,,,,,"Benzenepropanol, a,ß-dimethyl-",56836-93-2,,,,,,molécula,,,Floral,Muguet,Soft,,fig,,,sin-estandar,,,,,,,,,,,,,,,,,,,,,,,
fig:1149,BEA,usuario,BEA,,,,,Benzoic acid,65-85-0,,,,,,molécula,,,Herbal,Balsamic,Powdery,,fig,,,sin-estandar,,,,,,,,,,,,,,,,,,,,,,,
fig:1150,BAPA,usuario,BAPA,,,,,"Benzoic acid, 2-​[(2-​phenylethylidene)​amino]​-​, methyl ester",67785-76-6,,,,,,molécula,,,Green,Hyacinth,Floral,,fig,,,sin-estandar,,,,,,,,,,,,,,,,,,,,,,,
fig:1151,BAB,usuario,BAB,,,,,"Benzoic acid, 2-((3-(1,3-benzodioxol-5-yl)-2-methylpropylidene)amino)-, methyl ester",111753-60-7,,,,,,molécula,,,Floral,Neroli,Medicinal,,fig ifra-schiff,,,por-constituyentes,,1,,,,,,,,,,,,,,,,,,,,,
fig:1152,BAM,usuario,BAM,,,,,"Benzoic acid, 2-.(..(.(4-methoxyphenyl)methylene.).amino.).-,methyl ester",14735-72-9,,,,,,molécula,,,Floral,Neroli,Sweet,,fig ifra-schiff,,,por-constituyentes,,1,,,,,,,,,,,,,,,,,,,,,
fig:1153,BAH,usuario,BAH,,,,,"Benzoic acid, 2-[(1-hydroxy-3-phenylbutyl)amino], methyl ester",144761-91-1,,,,,,molécula,,,Floral,Neroli,Green,,fig,,,sin-estandar,,,,,,,,,,,,,,,,,,,,,,,
fig:1154,BAHM,usuario,BAHM,,,,,"Benzoic acid, 2-[[[3-(4-hydroxy-4-methylpentyl)-3-cyclohexen-1-",68039-34-9,,,,,,molécula,,,Floral,Sweet,"Neroli yl]methylene]amino],methyl ester",,fig,,,sin-estandar,,,,,,,,,,,,,,,,,,,,,,,
fig:1155,BAMM,usuario,BAMM,,,,,"Benzoic acid, 2-[[3-(4-methoxyphenyl)-2-methylpropylidene]amino]-, methyl ester",111753-62-9,,,,,,molécula,,,Floral,Neroli,Marine,,fig ifra-schiff,,,por-constituyentes,,1,,,,,,,,,,,,,,,,,,,,,
fig:1156,BA5,usuario,BA5,,,,,"Benzoic acid, 2-hydroxy-, (3Z)-1-methyl-3-hexen-1-yl ester",873888-84-7,,,,,,molécula,,,Floral,Green,Muguet,,fig,,,sin-estandar,,,,,,,,,,,,,,,,,,,,,,,
fig:1157,BA6,usuario,BA6,,,,,"Benzoic acid, 2-hydroxy-, 2-methylbutyl ester",51115-63-0,,,,,,molécula,,,Floral,Herbal,Woody,,fig,,,sin-estandar,,,,,,,,,,,,,,,,,,,,,,,
fig:1158,BA7,usuario,BA7,,,,,"Benzoic acid, 2-hydroxy-5-methyl-, methyl ester",22717-57-3,,,,,,molécula,,,Fruity,Fresh,Minty,,fig,,,sin-estandar,,,,,,,,,,,,,,,,,,,,,,,
fig:1159,BAME,usuario,BAME,,,,,"Benzoic acid, 2-methyl-, methyl ester",89-71-4,,,,,,molécula,,,Floral,Neroli,Citrus,,fig,,,sin-estandar,,,,,,,,,,,,,,,,,,,,,,,
fig:1160,BABP,usuario,BABP,,,,,"Benzoic acid, 4-​(benzoyloxy)​-​, phenylmethyl ester",96682-10-9,,,,,,molécula,,,Floral,Balsamic,Sweet,,fig,,,sin-estandar,,,,,,,,,,,,,,,,,,,,,,,
fig:1161,Bo,usuario,Bo,,,,,Benzoin,119-53-9,,,,,,molécula,,,Balsamic,Sweet,Vanilla,,fig,,,sin-estandar,,,,,,,,,,,,,,,,,,,,,,,
fig:1162,BSE,usuario,BSE,,E,,,"Benzoin CO2 extract, Siam",9000-72-0,,,,,,natural,extract,,Balsamic,Sweet,Milky,,fig,,,sin-dato,,,,,,,,,,,,,,,,,,,,,,,
fig:1163,BESE,usuario,BESE,,E,,,"Benzoin extract, Siam",9000-72-0,,,,,,natural,extract,,Balsamic,Sweet,Milky,,fig,,,sin-dato,,,,,,,,,,,,,,,,,,,,,,,
fig:1164,BSUE,usuario,BSUE,,E,,,"Benzoin extract, Sumatra",9000-05-9,,,,,,natural,extract,,Balsamic,Sweet,Vanilla,,fig,,,sin-dato,,,,,,,,,,,,,,,,,,,,,,,
fig:1165,BGS,usuario,BGS,,,,,"Benzoin gum, Siam",9000-72-0,,,,,,molécula,,,Balsamic,Sweet,Milky,,fig,,,sin-estandar,,,,,,,,,,,,,,,,,,,,,,,
fig:1166,BEG,usuario,BEG,,,,,"Benzoin gum, Sumatra",9000-05-9,,,,,,molécula,,,Balsamic,Sweet,Vanilla,,fig,,,sin-estandar,,,,,,,,,,,,,,,,,,,,,,,
fig:1167,BI,usuario,BI,,,,,Benzoin infusion,9000-05-9,,,,,,molécula,,,Balsamic,Sweet,Vanilla,,fig,,,sin-estandar,,,,,,,,,,,,,,,,,,,,,,,
fig:1168,BSR,usuario,BSR,,R,,,"Benzoin resinoid, Siam",9000-72-0,,,,,,natural,resinoid,,Balsamic,Sweet,Milky,,fig ifra-anexo,,,por-constituyentes,,5,por nombre,,,,,,,,,,,,,,,,,,,,
fig:1169,BESR,usuario,BESR,,R,,,"Benzoin resinoid, Sumatra",9000-05-9,,,,,,natural,resinoid,,Balsamic,Sweet,Vanilla,,fig ifra-anexo,,,por-constituyentes,,5,por nombre,,,,,,,,,,,,,,,,,,,,
fig:1170,Ben,usuario,Ben,,,,,Benzonitrile,100-47-0,,,,,,molécula,,,Gourmand,Almond,Nutty,,fig,,,sin-estandar,,,,,,,,,,,,,,,,,,,,,,,
fig:1171,Be2,usuario,Be2,,,,,Benzophenone,119-61-9,,,,,,molécula,,,Floral,Sweet,Herbal,,fig,,,sin-estandar,,,,,,,,,,,,,,,,,,,,,,,
fig:1172,Be3,usuario,Be3,,,,,Benzothiazole,95-16-9,,,,,,molécula,,,Sulfurous,Coffee,Nutty,,fig,,,sin-estandar,,,,,,,,,,,,,,,,,,,,,,,
fig:1173,BD5,usuario,BD5,,,,,"Benzyl 2,2-dimethylpropanoate",2094-69-1,,,,,,molécula,,,Floral,Herbal,Chamomile,,fig,,,sin-estandar,,,,,,,,,,,,,,,,,,,,,,,
fig:1174,BEH,usuario,BEH,,,,,Benzyl 2-hydroxypropionate,2051-96-9,,,,,,molécula,,,Floral,Buttery,Fatty,,fig,,,sin-estandar,,,,,,,,,,,,,,,,,,,,,,,
fig:1175,BM3,usuario,BM3,,,,,Benzyl 2-methylbutyrate,56423-40-6,,,,,,molécula,,,Floral,Fruity,Gardenia,,fig,,,sin-estandar,,,,,,,,,,,,,,,,,,,,,,,
fig:1176,BA8,usuario,BA8,,,,,Benzyl acetate,140-11-4,,,,,,molécula,,,Fruity,Floral,Jasmin,,fig,,,sin-estandar,,,,,,,,,,,,,,,,,,,,,,,
fig:1177,BA9,usuario,BA9,,,,,Benzyl acetone,2550-26-7,,,,,,molécula,,,Floral,Green,Jasmin,,fig,,,sin-estandar,,,,,,,,,,,,,,,,,,,,,,,
fig:1178,BAL,usuario,BAL,,,,,Benzyl alcohol,100-51-6,,,,,,molécula,,,Balsamic,Fruity,Floral,,fig ifra-estandar,IFRA_STD_008,Benzyl alcohol,con-techo,,,,0.45,0.14,0.34,2.5,0.64,0.17,0.34,0.057,1.5,0.68,0.68,0.057,2.2,2.2,8.5,0.057,0.057,sin-restriccion,,Benzenemethanol | Benzylic alcohol | α-Hydroxytoluene | Phenylcarbinol | Phenyl carbinol | Phenylmethanol | Phenylmethyl alcohol | α-Toluenol
fig:1179,BBE,usuario,BBE,,,,,Benzyl benzoate,120-51-4,,,,,,molécula,,,Balsamic,Fruity,Floral,,fig ifra-estandar,IFRA_STD_009,Benzyl benzoate,con-techo,,,,1.7,1.4,0.41,4.8,4.3,0.21,0.83,0.07,0.41,0.41,0.41,0.07,1.9,1.9,12,0.07,0.07,sin-restriccion,,"Benylate | Benzoic acid, benzyl ester | Benzoic acid, phenylmethyl ester | Benzyl phenylformate | Phenylmethyl benzoate"
fig:1180,BBU,usuario,BBU,,,,,Benzyl butyrate,103-37-7,,,,,,molécula,,,Fruity,Apple,Pineapple,,fig,,,sin-estandar,,,,,,,,,,,,,,,,,,,,,,,
fig:1181,BCI,usuario,BCI,,,,,Benzyl cinnamate,103-41-3,,,,,,molécula,,,Spicy,Balsamic,Cinnamon,,fig ifra-estandar,IFRA_STD_010,Benzyl cinnamate,con-techo,,,,0.36,0.11,1.2,2,0.51,0.51,0.51,0.17,1.2,2.4,2.4,0.17,3.9,3.9,14,0.17,0.17,sin-restriccion,,"Benzyl γ-phenylacrylate | Benzyl 3-phenylpropenoate | Cinnamein | Cinnamic acid, benzyl ester | Phenylmethyl 3-phenyl-2-propenoate | 2-Propenoic acid, 3-phenyl-phenylmethyl ester"
fig:1182,BF,usuario,BF,,,,,Benzyl formate,104-57-4,,,,,,molécula,,,Floral,Cherry,Almond,,fig,,,sin-estandar,,,,,,,,,,,,,,,,,,,,,,,
fig:1183,BH2,usuario,BH2,,,,,Benzyl hexanoate,6938-45-0,,,,,,molécula,,,Floral,Jasmin,Apricot,,fig,,,sin-estandar,,,,,,,,,,,,,,,,,,,,,,,
fig:1184,BEI,usuario,BEI,,,,,Benzyl isoamyl ether,122-73-6,,,,,,molécula,,,Balsamic,Anisic,Fruity,,fig,,,sin-estandar,,,,,,,,,,,,,,,,,,,,,,,
fig:1185,BIS,usuario,BIS,,,,,Benzyl isobutyrate,103-28-6,,,,,,molécula,,,Fruity,Apple,Pineapple,,fig,,,sin-estandar,,,,,,,,,,,,,,,,,,,,,,,
fig:1186,BI2,usuario,BI2,,,,,Benzyl isovalerate,103-38-8,,,,,,molécula,,,Floral,Fruity,Animal Like,,fig,,,sin-estandar,,,,,,,,,,,,,,,,,,,,,,,
fig:1187,BL,usuario,BL,,,,,Benzyl laurate,140-25-0,,,,,,molécula,,,Aldehydic,Waxy,Fatty,,fig,,,sin-estandar,,,,,,,,,,,,,,,,,,,,,,,
fig:1188,BM4,usuario,BM4,,,,,Benzyl mercaptan,100-53-8,,,,,,molécula,,,Sulfurous,Garlic,Vegetable,,fig,,,sin-estandar,,,,,,,,,,,,,,,,,,,,,,,
fig:1189,BM5,usuario,BM5,,,,,Benzyl methyl ether,538-86-3,,,,,,molécula,,,Floral,Ylang,Green,,fig,,,sin-estandar,,,,,,,,,,,,,,,,,,,,,,,
fig:1190,BOC,usuario,BOC,,,,,Benzyl octanoate,10276-85-4,,,,,,molécula,,,Herbal,Fruity,Peach,,fig,,,sin-estandar,,,,,,,,,,,,,,,,,,,,,,,
fig:1191,BPH,usuario,BPH,,,,,Benzyl phenylacetate,102-16-9,,,,,,molécula,,,Honey,Sweet,Floral,,fig,,,sin-estandar,,,,,,,,,,,,,,,,,,,,,,,
fig:1192,BP2,usuario,BP2,,,,,Benzyl propionate,122-63-4,,,,,,molécula,,,Fruity,Floral,Jasmin,,fig,,,sin-estandar,,,,,,,,,,,,,,,,,,,,,,,
fig:1193,BES,usuario,BES,,,,,Benzyl salicylate,118-58-1,,,,,,molécula,,,Floral,Balsamic,Dry,,fig ifra-estandar,IFRA_STD_011,Benzyl salicylate,con-techo,,,,1.3,0.39,7.8,7.3,1.9,1.9,1.9,1.9,4.3,15,15,0.77,14,51,51,28,28,sin-restriccion,,"Benzoic acid, 2-hydroxy-, phenylmethyl ester | Benzyl 2-hydroxybenzoate | Benzyl o-hydroxybenzoate | 2-Hydroxybenzoic acid, benzyl ester | Phenylmethyl 2-hydroxybenzoate | Salicylic acid, benzyl ester"
fig:1194,BMB,usuario,BMB,,,,,Benzyl trans-2-methyl-2-butenoate,37526-88-8,,,,,,molécula,,,Earthy,Mushroom,Balsamic,,fig,,,sin-estandar,,,,,,,,,,,,,,,,,,,,,,,
fig:1195,BV,usuario,BV,,,,,Benzyl valerate,10361-39-4,,,,,,molécula,,,Fruity,Floral,Apple,,fig,,,sin-estandar,,,,,,,,,,,,,,,,,,,,,,,
fig:1196,Be4,usuario,Be4,,,,,Benzylisothiocyanate,622-78-6,,,,,,molécula,,,Spicy,Medicinal,Horseradish,,fig,,,sin-estandar,,,,,,,,,,,,,,,,,,,,,,,
fig:1197,BeO,usuario,BeO,,O,,,Bergamot oil,8007-75-8,,,,,,natural,oil,,Citrus,Fresh,Floral,,fig ifra-anexo ifra-estandar,IFRA_STD_087,Bergamot oil expressed,con-techo,"familia, por el nombre: aceites cítricos: furocumarinas, bergapteno total (STD 089)",2,por CAS,0.4,0.4,0.4,0.4,0.4,0.4,0.4,0.4,0.4,sin-restriccion,0.4,0.4,sin-restriccion,sin-restriccion,0.4,sin-restriccion,0.4,sin-restriccion,,
fig:1198,BeP,usuario,BeP,,P,,,Bergamot oil terpenes,68917-80-6,,,,,,natural,terpenes,,Citrus,Floral,Fresh,,fig,,,sin-dato,"familia, por el nombre: aceites cítricos: furocumarinas, bergapteno total (STD 089)",,,,,,,,,,,,,,,,,,,,,,
fig:1199,BEEO,usuario,BEEO,,O,,,"Bergamot oil, expressed",8007-75-8,,,,,,natural,oil,,Citrus,Fresh,Floral,,fig ifra-anexo ifra-estandar,IFRA_STD_087,Bergamot oil expressed,con-techo,"familia, por el nombre: aceites cítricos: furocumarinas, bergapteno total (STD 089)",2,por nombre,0.4,0.4,0.4,0.4,0.4,0.4,0.4,0.4,0.4,sin-restriccion,0.4,0.4,sin-restriccion,sin-restriccion,0.4,sin-restriccion,0.4,sin-restriccion,,
fig:1200,BFO,usuario,BFO,,O,,,"Bergamot oil, furocoumarin free",68648-33-9,,,,,,natural,oil,,Citrus,Fresh,Floral,,fig,,,sin-dato,"familia, por el nombre: aceites cítricos: furocumarinas, bergapteno total (STD 089)",,,,,,,,,,,,,,,,,,,,,,
fig:1201,BrO,usuario,BrO,,O,,,"Bergamot oil, rectified",8007-75-8,,,,,,natural,oil,,Citrus,Fresh,Floral,,fig ifra-anexo ifra-estandar,IFRA_STD_087,Bergamot oil expressed,con-techo,"mismo CAS que «Bergamot oil expressed» (STD 087): comprobar la variante · familia, por el nombre: aceites cítricos: furocumarinas, bergapteno total (STD 089)",2,por CAS,0.4,0.4,0.4,0.4,0.4,0.4,0.4,0.4,0.4,sin-restriccion,0.4,0.4,sin-restriccion,sin-restriccion,0.4,sin-restriccion,0.4,sin-restriccion,,
fig:1202,BgO,usuario,BgO,,O,,,"Bergamot oil, terpeneless",8007-75-8,,,,,,natural,oil,,Citrus,Fresh,Floral,,fig ifra-anexo ifra-estandar,IFRA_STD_087,Bergamot oil expressed,con-techo,"mismo CAS que «Bergamot oil expressed» (STD 087): comprobar la variante · familia, por el nombre: aceites cítricos: furocumarinas, bergapteno total (STD 089)",2,por CAS,0.4,0.4,0.4,0.4,0.4,0.4,0.4,0.4,0.4,sin-restriccion,0.4,0.4,sin-restriccion,sin-restriccion,0.4,sin-restriccion,0.4,sin-restriccion,,
fig:1203,βTY,usuario,βTY,,,,,"beta-1-(2,6,6-Trimethyl-1-cyclohexen-1-yl)-2-buten-1-one",35044-68-9,,,,,,molécula,,beta,Floral,Rose,Plum,,fig ifra-estandar,IFRA_STD_077,Rose ketones,con-techo,,,,0.0077,0.0023,0.046,0.043,0.011,0.011,0.011,0.011,0.025,0.088,0.088,0.0045,0.084,0.3,0.3,0.17,0.17,sin-restriccion,,
fig:1204,βCa,usuario,βCa,,,,,beta-Caryophyllene,87-44-5,,,,,,molécula,,beta,Spicy,Earthy,Carrot,,fig,,,sin-estandar,,,,,,,,,,,,,,,,,,,,,,,
fig:1205,βFa,usuario,βFa,,,,,beta-Farnesene,18794-84-8,,,,,,molécula,,beta,Floral,Woody,Jasmin,,fig,,,sin-estandar,,,,,,,,,,,,,,,,,,,,,,,
fig:1206,βGu,usuario,βGu,,,,,beta-Guaiene,88-84-6,,,,,,molécula,,beta,Woody,Sweet,Guaicwood,,fig,,,sin-estandar,,,,,,,,,,,,,,,,,,,,,,,
fig:1207,βIn,usuario,βIn,,,,,beta-Ionol,22029-76-1,,,,,,molécula,,beta,Herbal,Violet,Balsamic,,fig,,,sin-estandar,,,,,,,,,,,,,,,,,,,,,,,
fig:1208,βIon,usuario,βIon,,,,,beta-Ionone,14901-07-6,,,,,,molécula,,beta,Floral,Woody,Violet,,fig,,,sin-estandar,,,,,,,,,,,,,,,,,,,,,,,
fig:1209,βIA,usuario,βIA,,,,,beta-Ionyl acetate,22030-19-9,,,,,,molécula,,beta,Fruity,Raspberry,Violet,,fig,,,sin-estandar,,,,,,,,,,,,,,,,,,,,,,,
fig:1210,βMB,usuario,βMB,,,,,beta-Methyl-benzenepentanal,55066-49-4,,,,,,molécula,,beta,Floral,Marine,Citrus,,fig,,,sin-estandar,,,,,,,,,,,,,,,,,,,,,,,
fig:1211,βMA,usuario,βMA,,,,,beta-Methylphenethyl alcohol,1123-85-9,,,,,,molécula,,beta,Floral,Green,Spicy,,fig,,,sin-estandar,,,,,,,,,,,,,,,,,,,,,,,
fig:1212,βNA,usuario,βNA,,,,,beta-Naphthyl anthranilate,63449-68-3,,,,,,molécula,,beta,Floral,Neroli,Grape,,fig,,,sin-estandar,,,,,,,,,,,,,,,,,,,,,,,
fig:1213,βNE,usuario,βNE,,,,,beta-Naphthyl ethyl ether,93-18-5,,,,,,molécula,,beta,Floral,Sweet,Neroli,,fig,,,sin-estandar,,,,,,,,,,,,,,,,,,,,,,,
fig:1214,βNI,usuario,βNI,,,,,beta-Naphthyl isobutyl ether,2173-57-1,,,,,,molécula,,beta,Fruity,Neroli,Strawberry,,fig,,,sin-estandar,,,,,,,,,,,,,,,,,,,,,,,
fig:1215,βNM,usuario,βNM,,,,,beta-Naphthyl methyl ether,93-04-9,,,,,,molécula,,beta,Floral,Neroli,Powdery,,fig,,,sin-estandar,,,,,,,,,,,,,,,,,,,,,,,
fig:1216,βPa,usuario,βPa,,,,,beta-Patchoulene,514-51-2,,,,,,molécula,,beta,Woody,Patchouli,Terpenic,,fig,,,sin-estandar,,,,,,,,,,,,,,,,,,,,,,,
fig:1217,βPh,usuario,βPh,,,,,beta-Phellandrene,555-10-2,,,,,,molécula,,beta,Spicy,Peppery,Citrus,,fig,,,sin-estandar,,,,,,,,,,,,,,,,,,,,,,,
fig:1218,βPi,usuario,βPi,,,,,beta-Pinene,127-91-3,,,,,,molécula,,beta,Herbal,Pine,Lime,,fig,,,condicion,"familia, por el nombre: pináceas: índice de peróxidos (STD 184)",,,,,,,,,,,,,,,,,,,,,,
fig:1219,βSi,usuario,βSi,,,,,beta-Sinensal,60066-88-8,,,,,,molécula,,beta,Citrus,Mandarin,Aldehydic,,fig,,,sin-estandar,,,,,,,,,,,,,,,,,,,,,,,
fig:1220,BHO,usuario,BHO,,,,,"Bicyclo(2.2.1)heptan-2-one, 1,7,7-trimethyl-, (1S)-",464-48-2,,,,,,molécula,,,Camphoraceous,Herbal,Fresh,,fig,,,sin-estandar,,,,,,,,,,,,,,,,,,,,,,,
fig:1221,BIH,usuario,BIH,,,,,"Bicyclo[2.2.1]hept-5-ene-2-carboxylic acid, 3-(1-methylethyl)-, ethyl ester, (2-exo,3-",116126-82-0,,,,,,molécula,,,Fruity,Banana,Pineapple endo)-,,fig ifra-estandar,IFRA_STD_219,Ethyl isopropyl bicycloheptene-2-carboxylate,con-techo,,,,0.15,0.05,0.45,0.94,0.24,0.24,0.24,0.08,0.15,0.61,0.61,0.08,1.8,3,0.15,0.08,0.08,sin-restriccion,,
fig:1222,BHOT,usuario,BHOT,,,,,"Bicyclo[2.2.1]heptan-2-ol, 1,3,3-trimethyl-, benzoate",55066-54-1,,,,,,molécula,,,Aromatic,Pine,Waxy,,fig,,,sin-estandar,,,,,,,,,,,,,,,,,,,,,,,
fig:1223,BHOE,usuario,BHOE,,,,,"Bicyclo[2.2.1]heptan-2-ol, 2-ethyl-1,3,3-trimethyl-, (1R,2R,4S)-",137255-07-3,,,,,,molécula,,,Minty,Earthy,Oily,,fig,,,sin-estandar,,,,,,,,,,,,,,,,,,,,,,,
fig:1224,BHET,usuario,BHET,,,,,"Bicyclo[2.2.1]heptane, 2-ethoxy-1,3,3-trimethyl-",67800-86-6,,,,,,molécula,,,Aromatic,Pine,Woody,,fig,,,sin-estandar,,,,,,,,,,,,,,,,,,,,,,,
fig:1225,BHEM,usuario,BHEM,,,,,"Bicyclo[2.2.1]heptane, 2-ethyl-6-methoxy-",862111-34-0,,,,,,molécula,,,Citrus,Green,Herbal,,fig,,,sin-estandar,,,,,,,,,,,,,,,,,,,,,,,
fig:1226,BHED,usuario,BHED,,,,,"Bicyclo[3.1.1]​heptane-​2-​ethanol, 6,​6-​dimethyl-",4747-61-9,,,,,,molécula,,,Floral,Herbal,Ylang,,fig,,,sin-estandar,,,,,,,,,,,,,,,,,,,,,,,
fig:1227,BHEA,usuario,BHEA,,,,,"Bicyclo[3.1.1]hept-2-ene-2-acetaldehyde, 6,6-dimethyl-",30897-75-7,,,,,,molécula,,,Aromatic,Pine,Woody,,fig,,,sin-estandar,,,,,,,,,,,,,,,,,,,,,,,
fig:1228,BHEO,usuario,BHEO,,,,,"Bicyclo[3.1.1]hept-3-en-2-one, 4,6,6-trimethyl-, (1S,5S)-",1196-01-6,,,,,,molécula,,,Herbal,Camphoraceous,Minty,,fig,,,sin-estandar,,,,,,,,,,,,,,,,,,,,,,,
fig:1229,BID,usuario,BID,,,,,"Bicyclo[4,3,1]decane, 3-methoxy-7,7-dimethyl-10-methylene",216970-21-7,,,,,,molécula,,,Woody,Grapefruit,Vetiver,,fig,,,sin-estandar,,,,,,,,,,,,,,,,,,,,,,,
fig:1230,Bi,usuario,Bi,,,,,Biphenyl,92-52-4,,,,,,molécula,,,Green,Rose,Geranium,,fig,,,sin-estandar,,,,,,,,,,,,,,,,,,,,,,,
fig:1231,BTO,usuario,BTO,,O,,,"Birch tar oil, rectified",8001-88-5,,,,,,natural,oil,,Woody,Warm,Smoky,,fig ifra-anexo ifra-estandar,IFRA_STD_114,Birch wood pyrolysate,condicion,especificación (STD 114) · una variante está prohibida (STD 114) · mismo CAS que «Birch wood pyrolysate» (STD 114): comprobar la variante,2,por nombre,,,,,,,,,,,,,,,,,,,,
fig:1232,HTD,usuario,HTD,,,,,"Bis(hydroxymethyl)tricyclo[5.2.1.02,6]decane",26160-83-8,,,,,,molécula,,,Woody,Musk Like,Sandalwood,,fig,,,sin-estandar,,,,,,,,,,,,,,,,,,,,,,,
fig:1233,MM18,usuario,MM18,,,,,bis-(Methylthio)methane,1618-26-4,,,,,,molécula,,,Sulfurous,Truffle,Garlic,,fig,,,sin-estandar,,,,,,,,,,,,,,,,,,,,,,,
fig:1234,Bs,usuario,Bs,,,,,Bisabolene,495-62-5,,,,,,molécula,,,Spicy,Balsamic,Warm,,fig,,,sin-estandar,,,,,,,,,,,,,,,,,,,,,,,
fig:1235,Br,usuario,Br,,,,,Borneol,507-70-0,,,,,,molécula,,,Herbal,Camphoraceous,Pine,,fig,,,sin-estandar,,,,,,,,,,,,,,,,,,,,,,,
fig:1236,BOA,usuario,BOA,,,,,Bornyl acetate,76-49-3,,,,,,molécula,,,Woody,Pine,Fruity,,fig,,,sin-estandar,,,,,,,,,,,,,,,,,,,,,,,
fig:1237,BOI,usuario,BOI,,,,,Bornyl isovalerate,76-50-6,,,,,,molécula,,,Woody,Pine,Fruity,,fig,,,sin-estandar,,,,,,,,,,,,,,,,,,,,,,,
fig:1238,BoA,usuario,BoA,,A,,,Boronia absolute,8053-33-6,,,,,,natural,absolute,,Fruity,Blackcurrant,Sweet,,fig,,,sin-dato,,,,,,,,,,,,,,,,,,,,,,,
fig:1239,BrA,usuario,BrA,,A,,,Bran absolute,68916-76-7,,,,,,natural,absolute,,Amber,Vanilla,Honey,,fig,,,sin-dato,,,,,,,,,,,,,,,,,,,,,,,
fig:1240,BBA,usuario,BBA,,A,,,"Bucchu absolute, betulina",68650-46-4,,,,,,natural,absolute,,Fruity,Green,Minty,,fig ifra-anexo,,,por-constituyentes,,3,por nombre,,,,,,,,,,,,,,,,,,,,
fig:1241,BBO,usuario,BBO,,O,,,"Bucchu oil, betulina",68650-46-4,,,,,,natural,oil,,Fruity,Green,Minty,,fig,,,sin-dato,,,,,,,,,,,,,,,,,,,,,,,
fig:1242,BUCO,usuario,BUCO,,O,,,"Bucchu oil, crenulata",92346-85-5,,,,,,natural,oil,,Green,Minty,Fruity,,fig ifra-anexo,,,por-constituyentes,,2,por nombre,,,,,,,,,,,,,,,,,,,,
fig:1243,BUBO,usuario,BUBO,,O,,,"Bucchu oil, rectified, betulina",68650-46-4,,,,,,natural,oil,,Fruity,Green,Minty,,fig,,,sin-dato,,,,,,,,,,,,,,,,,,,,,,,
fig:1244,BBR,usuario,BBR,,R,,,"Bucchu resinoid, betulina",68650-46-4,,,,,,natural,resinoid,,Fruity,Green,Minty,,fig,,,sin-dato,,,,,,,,,,,,,,,,,,,,,,,
fig:1245,BUS,usuario,BUS,,,,,"Bulnesia sarmienti, ext., acetate",94333-88-7,,,,,,molécula,,,Woody,Vetiver,Cedarwood,,fig,,,sin-estandar,,,,,,,,,,,,,,,,,,,,,,,
fig:1246,BGO,usuario,BGO,,O,,,Bursera graveolens wood oil,959130-05-3,,,,,,natural,oil,,Aromatic,Citrus,Terpenic,,fig,,,sin-dato,,,,,,,,,,,,,,,,,,,,,,,
fig:1247,BUE,usuario,BUE,,,,,"Butanamide, 2-ethyl-N-methyl-N-(3-methylphenyl)-",406488-30-0,,,,,,molécula,,,Fruity,Tropical-Fruit,Grapefruit,,fig,,,sin-estandar,,,,,,,,,,,,,,,,,,,,,,,
fig:1248,BAMH,usuario,BAMH,,,,,"Butanoic acid, 2-​methyl-​, 5-​hexen-​1-​yl ester",155514-23-1,,,,,,molécula,,,Green,Fruity,Pineapple,,fig ifra-estandar,IFRA_STD_242,5-Hexen-1-yl 2-methylbutanoate,con-techo,,,,0.12,0.034,0.69,0.64,0.16,0.16,0.16,0.16,0.38,1.3,1.3,0.068,1.3,4.5,4.5,2.5,2.5,sin-restriccion,,"5-Hexen-1-yl 2-methylbutanoate | Hex-5-en-1-yl 2-methylbutanoate | Butanoic acid, 2-​methyl-​, 5-​hexen-​1-​yl ester | Fructate (commercial name)"
fig:1249,BA10,usuario,BA10,,,,,"Butanoic acid, 2-​methyl-​5-​(1-​methylethyl)​cyclopentyl ester",1266606-26-1,,,,,,molécula,,,Fruity,Green,Apple,,fig,,,sin-estandar,,,,,,,,,,,,,,,,,,,,,,,
fig:1250,BAMP,usuario,BAMP,,,,,"Butanoic acid, 2-methyl-, pentyl ester",68039-26-9,,,,,,molécula,,,Fruity,Apple,Tropical-Fruit,,fig,,,sin-estandar,,,,,,,,,,,,,,,,,,,,,,,
fig:1251,BA11,usuario,BA11,,,,,"Butanoic acid, 2-methyl, S-(1-methylpropyl) ester",34322-08-2,,,,,,molécula,,,Fruity,Sulfurous,Fresh,,fig,,,sin-estandar,,,,,,,,,,,,,,,,,,,,,,,
fig:1252,BA12,usuario,BA12,,,,,"Butanoic acid, 3a,4,5,6,7,7a-hexahydro-4,7-methano-1H-indenyl ester",113889-23-9,,,,,,molécula,,,Fruity,Peach,Woody,,fig,,,sin-estandar,,,,,,,,,,,,,,,,,,,,,,,
fig:1253,BA13,usuario,BA13,,,,,Butter acids,91745-88-9,,,,,,molécula,,,Acidic,Buttery,Waxy,,fig,,,sin-estandar,,,,,,,,,,,,,,,,,,,,,,,
fig:1254,BE2,usuario,BE2,,,,,Butter esters,97926-23-3,,,,,,molécula,,,Gourmand,Creamy,Buttery,,fig,,,sin-estandar,,,,,,,,,,,,,,,,,,,,,,,
fig:1255,BU,usuario,BU,,,,,Butyl 10-undecenoate,109-42-2,,,,,,molécula,,,Fruity,Buttery,Oily,,fig,,,sin-estandar,,,,,,,,,,,,,,,,,,,,,,,
fig:1256,BM6,usuario,BM6,,,,,Butyl 2-methylcrotonate (E),7785-66-2,,,,,,molécula,,,Floral,Fruity,Herbal,,fig,,,sin-estandar,,,,,,,,,,,,,,,,,,,,,,,
fig:1257,BM7,usuario,BM7,,,,,Butyl 2-methylcrotonate (Z),7785-64-0,,,,,,molécula,,,Fruity,Rose,Wine,,fig,,,sin-estandar,,,,,,,,,,,,,,,,,,,,,,,
fig:1258,BM8,usuario,BM8,,,,,Butyl 2-methylvalerate,6297-41-2,,,,,,molécula,,,Herbal,Chamomile,Floral,,fig,,,sin-estandar,,,,,,,,,,,,,,,,,,,,,,,
fig:1259,BA14,usuario,BA14,,,,,Butyl acetate,123-86-4,,,,,,molécula,,,Fruity,Pear,Pineapple,,fig,,,sin-estandar,,,,,,,,,,,,,,,,,,,,,,,
fig:1260,BA15,usuario,BA15,,,,,Butyl alcohol,71-36-3,,,,,,molécula,,,Fruity,Banana,Pear,,fig,,,sin-estandar,,,,,,,,,,,,,,,,,,,,,,,
fig:1261,BAN,usuario,BAN,,,,,Butyl anthranilate,7756-96-9,,,,,,molécula,,,Floral,Neroli,Green,,fig,,,sin-estandar,,,,,,,,,,,,,,,,,,,,,,,
fig:1262,BUB,usuario,BUB,,,,,Butyl benzoate,136-60-7,,,,,,molécula,,,Floral,Balsamic,Fruity,,fig,,,sin-estandar,,,,,,,,,,,,,,,,,,,,,,,
fig:1263,BB2,usuario,BB2,,,,,Butyl butyrate,109-21-7,,,,,,molécula,,,Fruity,Raspberry,Blueberry,,fig,,,sin-estandar,,,,,,,,,,,,,,,,,,,,,,,
fig:1264,BB3,usuario,BB3,,,,,Butyl butyryllactate,7492-70-8,,,,,,molécula,,,Gourmand,Fruity,Milky,,fig,,,sin-estandar,,,,,,,,,,,,,,,,,,,,,,,
fig:1265,BUC,usuario,BUC,,,,,Butyl cinnamate,538-65-8,,,,,,molécula,,,Balsamic,Spicy,Fruity,,fig,,,sin-estandar,,,,,,,,,,,,,,,,,,,,,,,
fig:1266,BUF,usuario,BUF,,,,,Butyl formate,592-84-7,,,,,,molécula,,,Fruity,Plum,Fermented,,fig,,,sin-estandar,,,,,,,,,,,,,,,,,,,,,,,
fig:1267,BUH,usuario,BUH,,,,,Butyl hexanoate,626-82-4,,,,,,molécula,,,Fruity,Pear,Apple,,fig,,,sin-estandar,,,,,,,,,,,,,,,,,,,,,,,
fig:1268,BUI,usuario,BUI,,,,,Butyl isobutyrate,97-87-0,,,,,,molécula,,,Fruity,Apple,Pear,,fig,,,sin-estandar,,,,,,,,,,,,,,,,,,,,,,,
fig:1269,BI3,usuario,BI3,,,,,Butyl isovalerate,109-19-3,,,,,,molécula,,,Fruity,Apple,Pear,,fig,,,sin-estandar,,,,,,,,,,,,,,,,,,,,,,,
fig:1270,BUL,usuario,BUL,,,,,Butyl lactate,138-22-7,,,,,,molécula,,,Gourmand,Milky,Fatty,,fig,,,sin-estandar,,,,,,,,,,,,,,,,,,,,,,,
fig:1271,BL2,usuario,BL2,,,,,Butyl levulinate,2052-15-5,,,,,,molécula,,,Fruity,Waxy,Caramel,,fig,,,sin-estandar,,,,,,,,,,,,,,,,,,,,,,,
fig:1272,BO3,usuario,BO3,,,,,Butyl octanoate,589-75-3,,,,,,molécula,,,Gourmand,Buttery,Herbal,,fig,,,sin-estandar,,,,,,,,,,,,,,,,,,,,,,,
fig:1273,BP3,usuario,BP3,,,,,Butyl phenylacetate,122-43-0,,,,,,molécula,,,Floral,Fruity,Pear,,fig,,,sin-estandar,,,,,,,,,,,,,,,,,,,,,,,
fig:1274,BP4,usuario,BP4,,,,,Butyl propionate,590-01-2,,,,,,molécula,,,Fruity,Sweet,Banana,,fig,,,sin-estandar,,,,,,,,,,,,,,,,,,,,,,,
fig:1275,BSA,usuario,BSA,,,,,Butyl salicylate,2052-14-4,,,,,,molécula,,,Floral,Neroli,Fruity,,fig,,,sin-estandar,,,,,,,,,,,,,,,,,,,,,,,
fig:1276,BSU,usuario,BSU,,,,,Butyl sulfide,544-40-1,,,,,,molécula,,,Fruity,Rose,Geranium,,fig,,,sin-estandar,,,,,,,,,,,,,,,,,,,,,,,
fig:1277,Bu5,usuario,Bu5,,,,,Butyraldehyde,123-72-8,,,,,,molécula,,,Gourmand,Fruity,Chocolate,,fig,,,sin-estandar,,,,,,,,,,,,,,,,,,,,,,,
fig:1278,BA16,usuario,BA16,,,,,Butyric acid,107-92-6,,,,,,molécula,,,Acidic,Gourmand,Cheesy,,fig,,,sin-estandar,,,,,,,,,,,,,,,,,,,,,,,
fig:1279,BUSA,usuario,BUSA,,A,,,Buxus sempervirens absolute,84012-17-9,,,,,,natural,absolute,,Woody,Mossy,Liquorice,,fig,,,sin-dato,,,,,,,,,,,,,,,,,,,,,,,
fig:1280,CaO,usuario,CaO,,O,,,Cabreuva oil,68188-03-4,,,,,,natural,oil,,Woody,Sweet,Balsamic,,fig ifra-anexo,,,por-constituyentes,,2,por nombre,,,,,,,,,,,,,,,,,,,,
fig:1281,CaA,usuario,CaA,,A,,,Cacao absolute,8002-31-1,,,,,,natural,absolute,,Gourmand,Chocolate,Powdery,,fig,,,sin-dato,,,,,,,,,,,,,,,,,,,,,,,
fig:1282,CaE,usuario,CaE,,E,,,Cacao extract,8002-31-1,,,,,,natural,extract,,Gourmand,Chocolate,Powdery,,fig,,,sin-dato,,,,,,,,,,,,,,,,,,,,,,,
fig:1283,CIT,usuario,CIT,,T,,,Cacao infusion and tincture,8002-31-1,,,,,,natural,tincture,,Gourmand,Chocolate,Powdery,,fig,,,sin-dato,,,,,,,,,,,,,,,,,,,,,,,
fig:1284,CcO,usuario,CcO,,O,,,Cacao oil,8002-31-1,,,,,,natural,oil,,Gourmand,Chocolate,Powdery,,fig,,,sin-dato,,,,,,,,,,,,,,,,,,,,,,,
fig:1285,CdO,usuario,CdO,,O,,,Cade oil,8013-10-3,,,,,,natural,oil,,Smoky,Phenolic,Leathery,,fig ifra-estandar,IFRA_STD_119,Cade oil,condicion,especificación (STD 119) · una variante está prohibida (STD 119) · constituyentes: sin dato en el anexo,,,,,,,,,,,,,,,,,,,,,,
fig:1286,CeO,usuario,CeO,,O,,,Cade oil,8013-10-3,,,,,,natural,oil,,Smoky,Phenolic,Leathery,,fig ifra-estandar,IFRA_STD_119,Cade oil,condicion,especificación (STD 119) · una variante está prohibida (STD 119) · constituyentes: sin dato en el anexo,,,,,,,,,,,,,,,,,,,,,,
fig:1287,CadO,usuario,CadO,,O,,,"Cade oil, rectified",8013-10-3,,,,,,natural,oil,,Smoky,Phenolic,Leathery,,fig ifra-estandar,IFRA_STD_119,Cade oil,condicion,especificación (STD 119) · una variante está prohibida (STD 119) · constituyentes: sin dato en el anexo,,,,,,,,,,,,,,,,,,,,,,
fig:1288,Cd,usuario,Cd,,,,,Cadinene,29350-73-0,,,,,,molécula,,,Woody,Cedarwood,Smoky,,fig,,,sin-estandar,,,,,,,,,,,,,,,,,,,,,,,
fig:1289,CjO,usuario,CjO,,O,,,Cajuput oil,8008-98-8,,,,,,natural,oil,,Herbal,Fresh,Aromatic,,fig ifra-anexo,,,por-constituyentes,,2,por nombre,,,,,,,,,,,,,,,,,,,,
fig:1290,ClO,usuario,ClO,,O,,,Calamus oil,8015-79-0,,,,,,natural,oil,,Woody,Warm,Spicy,,fig ifra-anexo,,,por-constituyentes,,4,por nombre,,,,,,,,,,,,,,,,,,,,
fig:1291,CNO,usuario,CNO,,O,,,Callitropsis nootkatensis oil,1069136-34-0,,,,,,natural,oil,,Woody,Fresh,Earthy,,fig,,,sin-dato,,,,,,,,,,,,,,,,,,,,,,,
fig:1292,CANO,usuario,CANO,,O,,,"Callitropsis nootkatensis oil, rectified",1069136-34-0,,,,,,natural,oil,,Woody,Fresh,Earthy,,fig,,,sin-dato,,,,,,,,,,,,,,,,,,,,,,,
fig:1293,CLE,usuario,CLE,,E,,,Camellia leaf extract,68916-73-4,,,,,,natural,extract,,Floral,Green,Tea,,fig,,,sin-dato,,,,,,,,,,,,,,,,,,,,,,,
fig:1294,CL,usuario,CL,,,,,Camillia leaf concentrate,68916-73-4,,,,,,molécula,,,Floral,Green,Tea,,fig,,,sin-estandar,,,,,,,,,,,,,,,,,,,,,,,
fig:1295,CLD,usuario,CLD,,D,,,Camillia leaf distillate,68916-73-4,,,,,,natural,distillate,,Floral,Green,Tea,,fig,,,sin-dato,,,,,,,,,,,,,,,,,,,,,,,
fig:1296,Cm,usuario,Cm,,,,,Camphene,79-92-5,,,,,,molécula,,,Herbal,Camphoraceous,Woody,,fig,,,sin-estandar,,,,,,,,,,,,,,,,,,,,,,,
fig:1297,CWO,usuario,CWO,,O,,,"Camphor oil, white",8008-51-3,,,,,,natural,oil,,Camphoraceous,Fresh,Herbal,,fig ifra-anexo,,,por-constituyentes,variante sin concretar: cuenta la peor de 2 del anexo,1,"por CAS: 2 variantes, cuenta la peor",,,,,,,,,,,,,,,,,,,,
fig:1298,CAWO,usuario,CAWO,,O,,,"Camphor oil, white, rectified",8008-51-3,,,,,,natural,oil,,Camphoraceous,Fresh,Herbal,,fig ifra-anexo,,,por-constituyentes,variante sin concretar: cuenta la peor de 2 del anexo,1,"por CAS: 2 variantes, cuenta la peor",,,,,,,,,,,,,,,,,,,,
fig:1299,CnO,usuario,CnO,,O,,,Cananga oil,68606-83-7,,,,,,natural,oil,,Floral,Spicy,Ylang,,fig ifra-anexo ifra-estandar,IFRA_STD_084,Ylang ylang extracts,con-techo,mismo CAS que «Ylang ylang extracts» (STD 084): comprobar la variante,7,por nombre,0.13,0.039,0.78,0.73,0.18,0.18,0.18,0.18,0.43,1.5,1.5,0.077,1.4,5.1,5.1,2.8,2.8,sin-restriccion,,
fig:1300,CaL,usuario,CaL,,L,,,Capsicum oleoresin,8023-77-6,,,,,,natural,oleoresin,,Spicy,Hay,Tobacco,,fig,,,sin-dato,,,,,,,,,,,,,,,,,,,,,,,
fig:1301,CAA,usuario,CAA,,,,,Carambola alcoholate,97675-54-2,,,,,,molécula,,,Fruity,Tropical-Fruit,Pear,,fig,,,sin-estandar,,,,,,,,,,,,,,,,,,,,,,,
fig:1302,CSO,usuario,CSO,,O,,,Caraway seed oil,8000-42-8,,,,,,natural,oil,,Herbal,Spicy,Fresh,,fig ifra-anexo,,,por-constituyentes,,2,por nombre,,,,,,,,,,,,,,,,,,,,
fig:1303,CASO,usuario,CASO,,O,,,"Caraway seed oil, rectified",8000-42-8,,,,,,natural,oil,,Herbal,Spicy,Fresh,,fig ifra-anexo,,,por-constituyentes,,2,por CAS,,,,,,,,,,,,,,,,,,,,
fig:1304,CAD,usuario,CAD,,,,,"Carbamic acid, N,N-dimethyl-, 1-ethenyl-1,5-dimethyl-4-hexen-1-yl ester",67643-70-3,,,,,,molécula,,,Spicy,Fresh,Peppery,,fig,,,sin-estandar,,,,,,,,,,,,,,,,,,,,,,,
fig:1305,CSA,usuario,CSA,,A,,,Cardamom seed absolute,8000-66-6,,,,,,natural,absolute,,Spicy,Aromatic,Metallic,,fig ifra-anexo,,,por-constituyentes,,2,por nombre,,,,,,,,,,,,,,,,,,,,
fig:1306,CSE,usuario,CSE,,E,,,Cardamom seed CO2 extract,8000-66-6,,,,,,natural,extract,,Spicy,Aromatic,Metallic,,fig ifra-anexo,,,por-constituyentes,,2,por nombre,,,,,,,,,,,,,,,,,,,,
fig:1307,CSD,usuario,CSD,,D,,,Cardamom seed distillate,8000-66-6,,,,,,natural,distillate,,Spicy,Aromatic,Metallic,,fig ifra-anexo,,,por-constituyentes,,2,por CAS,,,,,,,,,,,,,,,,,,,,
fig:1308,CASE,usuario,CASE,,E,,,Cardamom seed extract,8000-66-6,,,,,,natural,extract,,Spicy,Aromatic,Metallic,,fig ifra-anexo,,,por-constituyentes,,2,por CAS,,,,,,,,,,,,,,,,,,,,
fig:1309,CSEO,usuario,CSEO,,O,,,Cardamom seed oil,8000-66-6,,,,,,natural,oil,,Spicy,Aromatic,Metallic,,fig ifra-anexo,,,por-constituyentes,,2,por nombre,,,,,,,,,,,,,,,,,,,,
fig:1310,CS,usuario,CS,,,,,Cardamon seed,8000-66-6,,,,,,natural,,,Spicy,Aromatic,Metallic,,fig ifra-anexo,,,por-constituyentes,,2,por CAS,,,,,,,,,,,,,,,,,,,,
fig:1311,CrA,usuario,CrA,,A,,,Carnation absolute,8021-43-0,,,,,,natural,absolute,,Floral,Carnation,Spicy,,fig ifra-anexo,,,por-constituyentes,,4,por nombre,,,,,,,,,,,,,,,,,,,,
fig:1312,CoA,usuario,CoA,,A,,,Carob absolute,79070-15-8,,,,,,natural,absolute,,Woody,Sweet,Fruity,,fig,,,sin-dato,,,,,,,,,,,,,,,,,,,,,,,
fig:1313,CBE,usuario,CBE,,E,,,Carob bean extract,79070-15-8,,,,,,natural,extract,,Woody,Sweet,Fruity,,fig,,,sin-dato,,,,,,,,,,,,,,,,,,,,,,,
fig:1314,CAS,usuario,CAS,,,,,Carrot seed,8015-88-1,,,,,,natural,,,Powdery,Dry,Fruity,,fig ifra-anexo,,,por-constituyentes,,7,por CAS,,,,,,,,,,,,,,,,,,,,
fig:1315,CASA,usuario,CASA,,A,,,Carrot seed absolute,8015-88-1,,,,,,natural,absolute,,Powdery,Dry,Fruity,,fig ifra-anexo,,,por-constituyentes,,7,por CAS,,,,,,,,,,,,,,,,,,,,
fig:1316,CSO2,usuario,CSO2,,O,,,Carrot seed oil,8015-88-1,,,,,,natural,oil,,Powdery,Dry,Fruity,,fig ifra-anexo,,,por-constituyentes,,7,por nombre,,,,,,,,,,,,,,,,,,,,
fig:1317,CTO,usuario,CTO,,O,,,Carrot seed oil terpenless,8015-88-1,,,,,,natural,oil,,Powdery,Dry,Fruity,,fig ifra-anexo,,,por-constituyentes,,7,por CAS,,,,,,,,,,,,,,,,,,,,
fig:1318,CSO3,usuario,CSO3,,O,,,"Carrot seed oil, rectified",8015-88-1,,,,,,natural,oil,,Powdery,Dry,Fruity,,fig ifra-anexo,,,por-constituyentes,,7,por CAS,,,,,,,,,,,,,,,,,,,,
fig:1319,Cr,usuario,Cr,,,,,Carvacrol,499-75-2,,,,,,molécula,,,Herbal,Camphoraceous,Thyme,,fig,,,sin-estandar,,,,,,,,,,,,,,,,,,,,,,,
fig:1320,Cv,usuario,Cv,,,,,Carveol,99-48-9,,,,,,molécula,,,Minty,Spearmint,Peppermint,,fig,,,sin-estandar,,,,,,,,,,,,,,,,,,,,,,,
fig:1321,CAC,usuario,CAC,,,,,Carvyl acetate,97-42-7,,,,,,molécula,,,Herbal,Minty,Fresh,,fig ifra-estandar,IFRA_STD_243,Carvyl acetate,con-techo,,,,0.042,0.013,0.25,0.24,0.06,0.06,0.06,0.06,0.14,0.48,0.48,0.025,0.46,1.7,1.7,0.92,0.92,sin-restriccion,,
fig:1322,CAP,usuario,CAP,,,,,Carvyl propionate,97-45-0,,,,,,molécula,,,Herbal,Minty,Aromatic,,fig,,,sin-estandar,,,,,,,,,,,,,,,,,,,,,,,
fig:1323,CA2,usuario,CA2,,,,,Caryophyllene acetate,57082-24-3,,,,,,molécula,,,Woody,Fruity,Spicy,,fig,,,sin-estandar,,,,,,,,,,,,,,,,,,,,,,,
fig:1324,CA3,usuario,CA3,,,,,Caryophyllene acetylated,75975-83-6,,,,,,molécula,,,Woody,Amber,Vetiver,,fig,,,sin-estandar,,,,,,,,,,,,,,,,,,,,,,,
fig:1325,CAL,usuario,CAL,,,,,Caryophyllene alcohol acetate,32214-91-8,,,,,,molécula,,,Balsamic,Fruity,Woody,,fig,,,sin-estandar,,,,,,,,,,,,,,,,,,,,,,,
fig:1326,CAO,usuario,CAO,,,,,Caryophyllene oxide,1139-30-6,,,,,,molécula,,,Woody,Carrot,Dry,,fig,,,sin-estandar,,,,,,,,,,,,,,,,,,,,,,,
fig:1327,CABE,usuario,CABE,,E,,,Cascarilla bark extract,8007-06-5,,,,,,natural,extract,,Spicy,Woody,Peppery,,fig ifra-anexo,,,por-constituyentes,,1,por CAS,,,,,,,,,,,,,,,,,,,,
fig:1328,CBO,usuario,CBO,,O,,,Cascarilla bark oil,8007-06-5,,,,,,natural,oil,,Spicy,Woody,Peppery,,fig ifra-anexo,,,por-constituyentes,,1,por nombre,,,,,,,,,,,,,,,,,,,,
fig:1329,CBP,usuario,CBP,,P,,,Cassia backs terpenes,8007-80-5,,,,,,natural,terpenes,,Spicy,Sweet,Cinnamon,,fig ifra-anexo,,,por-constituyentes,variante sin concretar: cuenta la peor de 3 del anexo,8,"por CAS: 3 variantes, cuenta la peor",,,,,,,,,,,,,,,,,,,,
fig:1330,CBAE,usuario,CBAE,,E,,,Cassia bark extract,8007-80-5,,,,,,natural,extract,,Spicy,Sweet,Cinnamon,,fig ifra-anexo,,,por-constituyentes,variante sin concretar: cuenta la peor de 3 del anexo,8,"por CAS: 3 variantes, cuenta la peor",,,,,,,,,,,,,,,,,,,,
fig:1331,CABO,usuario,CABO,,O,,,Cassia bark oil,8007-80-5,,,,,,natural,oil,,Spicy,Woody,Sweet,,fig ifra-anexo,,,por-constituyentes,,8,por nombre,,,,,,,,,,,,,,,,,,,,
fig:1332,CsO,usuario,CsO,,O,,,Cassia oil,8007-80-5,,,,,,natural,oil,,Spicy,Sweet,Cinnamon,,fig ifra-anexo,,,por-constituyentes,,8,por nombre,,,,,,,,,,,,,,,,,,,,
fig:1333,CLO,usuario,CLO,,O,,,"Cassia oil, (low coumarin)",8007-80-5,,,,,,natural,oil,,Spicy,Sweet,Cinnamon,,fig ifra-anexo,,,por-constituyentes,variante sin concretar: cuenta la peor de 3 del anexo,8,"por CAS: 3 variantes, cuenta la peor",,,,,,,,,,,,,,,,,,,,
fig:1334,CiO,usuario,CiO,,O,,,"Cassia oil, rectified",8007-80-5,,,,,,natural,oil,,Spicy,Sweet,Cinnamon,,fig ifra-anexo,,,por-constituyentes,variante sin concretar: cuenta la peor de 3 del anexo,8,"por CAS: 3 variantes, cuenta la peor",,,,,,,,,,,,,,,,,,,,
fig:1335,CsA,usuario,CsA,,A,,,Cassie absolute,8023-82-3,,,,,,natural,absolute,,Floral,Fresh,Spicy,,fig ifra-anexo,,,por-constituyentes,,9,por nombre,,,,,,,,,,,,,,,,,,,,
fig:1336,CBA,usuario,CBA,,A,,,Cassis bud absolute,97676-19-2,,,,,,natural,absolute,,Fruity,Blackcurrant,Green,,fig ifra-anexo,,,por-constituyentes,,1,por nombre,,,,,,,,,,,,,,,,,,,,
fig:1337,CCE,usuario,CCE,,E,,,Cassis bud CO2 extract,97676-19-2,,,,,,natural,extract,,Fruity,Blackcurrant,Green,,fig ifra-anexo,,,por-constituyentes,,1,por CAS,,,,,,,,,,,,,,,,,,,,
fig:1338,CBUO,usuario,CBUO,,O,,,Cassis bud oil,97676-19-2,,,,,,natural,oil,,Fruity,Blackcurrant,Green,,fig ifra-anexo,,,por-constituyentes,,1,por CAS,,,,,,,,,,,,,,,,,,,,
fig:1339,CBO2,usuario,CBO2,,O,,,"Cassis bud oil, terpeneless",97676-19-2,,,,,,natural,oil,,Fruity,Blackcurrant,Green,,fig ifra-anexo,,,por-constituyentes,,1,por CAS,,,,,,,,,,,,,,,,,,,,
fig:1340,CEO,usuario,CEO,,O,,,Cassis essence oil,97676-19-2,,,,,,natural,oil,,Fruity,Blackcurrant,Green,,fig ifra-anexo,,,por-constituyentes,,1,por CAS,,,,,,,,,,,,,,,,,,,,
fig:1341,CaT,usuario,CaT,,T,,,Cassis tincture,97676-19-2,,,,,,natural,tincture,,Fruity,Green,Blackcurrant,,fig ifra-anexo,,,por-constituyentes,,1,por CAS,,,,,,,,,,,,,,,,,,,,
fig:1342,Cs,usuario,Cs,,,,,Cassyrane,871465-49-5,,,,,,molécula,,,Fruity,Juicy,Blackcurrant,,fig,,,sin-estandar,,,,,,,,,,,,,,,,,,,,,,,
fig:1343,CtA,usuario,CtA,,A,,,Castoreum absolute,8023-83-4,,,,,,natural,absolute,,Animal like,Leathery,Phenolic,,fig,,,sin-dato,,,,,,,,,,,,,,,,,,,,,,,
fig:1344,CaC,usuario,CaC,,C,,,Castoreum concrete,8023-83-4,,,,,,natural,concrete,,Animal like,Leathery,Phenolic,,fig,,,sin-dato,,,,,,,,,,,,,,,,,,,,,,,
fig:1345,CsE,usuario,CsE,,E,,,Castoreum extract,8023-83-4,,,,,,natural,extract,,Animal like,Leathery,Phenolic,,fig,,,sin-dato,,,,,,,,,,,,,,,,,,,,,,,
fig:1346,CaR,usuario,CaR,,R,,,Castoreum resinoid,8023-83-4,,,,,,natural,resinoid,,Animal like,Leathery,Phenolic,,fig,,,sin-dato,,,,,,,,,,,,,,,,,,,,,,,
fig:1347,CsT,usuario,CsT,,T,,,Castoreum tincture,8023-83-4,,,,,,natural,tincture,,Animal like,Leathery,Phenolic,,fig,,,sin-dato,,,,,,,,,,,,,,,,,,,,,,,
fig:1348,CELO,usuario,CELO,,O,,,Cedar leaf oil,8007-20-3,,,,,,natural,oil,,Herbal,Cedarwood,Pungent,,fig ifra-anexo,,,por-constituyentes,,1,por nombre,,,,,,,,,,,,,,,,,,,,
fig:1349,CCO,usuario,CCO,,O,,,"Cedar leaf oil, China",91770-83-1,,,,,,natural,oil,,Herbal,Camphoraceous,Pungent,,fig ifra-anexo,,,por-constituyentes,,1,por nombre,,,,,,,,,,,,,,,,,,,,
fig:1350,CLEO,usuario,CLEO,,O,,,"Cedar leaf oil, East Canada",68917-35-1,,,,,,natural,oil,,Herbal,Fresh,Sharp,,fig,,,sin-dato,,,,,,,,,,,,,,,,,,,,,,,
fig:1351,CLO2,usuario,CLO2,,O,,,"Cedar leaf oil, rectified",8007-20-3,,,,,,natural,oil,,Herbal,Aromatic,Woody,,fig ifra-anexo,,,por-constituyentes,,1,por CAS,,,,,,,,,,,,,,,,,,,,
fig:1352,CTE,usuario,CTE,,E,,,"Cedarwood extract, Texas",68990-83-0,,,,,,natural,extract,,Woody,Cedarwood,Powdery,,fig ifra-anexo,,,por-constituyentes,,3,por CAS,,,,,,,,,,,,,,,,,,,,
fig:1353,CAE,usuario,CAE,,E,,,"Cedarwood extract, Atlas",8023-85-6,,,,,,natural,extract,,Woody,Sweet,Milky,,fig ifra-anexo,,,por-constituyentes,"familia, por el nombre: pináceas: índice de peróxidos (STD 184)",2,por CAS,,,,,,,,,,,,,,,,,,,,
fig:1354,CLCO,usuario,CLCO,,O,,,"Cedarwood oil (low cedrol), Texas",68990-83-0,,,,,,natural,oil,,Woody,Cedarwood,Powdery,,fig ifra-anexo,,,por-constituyentes,,3,por CAS,,,,,,,,,,,,,,,,,,,,
fig:1355,CEAO,usuario,CEAO,,O,,,Cedarwood oil acetylated,61789-42-2,,,,,,natural,oil,,Woody,Cedarwood,Amber,,fig,,,sin-dato,,,,,,,,,,,,,,,,,,,,,,,
fig:1356,CeP,usuario,CeP,,P,,,Cedarwood oil terpenes,68608-32-2,,,,,,natural,terpenes,,Woody,Cedarwood,Sandalwood,,fig,,,sin-dato,,,,,,,,,,,,,,,,,,,,,,,
fig:1357,CATO,usuario,CATO,,O,,,"Cedarwood oil, Atlas",8023-85-6,,,,,,natural,oil,,Woody,Sweet,Milky,,fig ifra-anexo,,,por-constituyentes,"familia, por el nombre: pináceas: índice de peróxidos (STD 184)",2,por nombre,,,,,,,,,,,,,,,,,,,,
fig:1358,CAO2,usuario,CAO2,,O,,,"Cedarwood oil, Atlas, rectified",8023-85-6,,,,,,natural,oil,,Woody,Sweet,Milky,,fig ifra-anexo,,,por-constituyentes,"familia, por el nombre: pináceas: índice de peróxidos (STD 184)",2,por CAS,,,,,,,,,,,,,,,,,,,,
fig:1359,CECO,usuario,CECO,,O,,,"Cedarwood oil, Chinese",1159574-01-2,,,,,,natural,oil,,Woody,Cedarwood,Dry,,fig ifra-anexo,,,por-constituyentes,,2,por nombre,,,,,,,,,,,,,,,,,,,,
fig:1360,CCHO,usuario,CCHO,,O,,,"Cedarwood oil, Chinese, rectified",1159574-01-2,,,,,,natural,oil,,Woody,Cedarwood,Dry,,fig ifra-anexo,,,por-constituyentes,,2,por CAS,,,,,,,,,,,,,,,,,,,,
fig:1361,CEEO,usuario,CEEO,,O,,,"Cedarwood oil, epoxidized",68648-34-0,,,,,,natural,oil,,Woody,Cedarwood,Amber,,fig,,,sin-dato,,,,,,,,,,,,,,,,,,,,,,,
fig:1362,CHO,usuario,CHO,,O,,,"Cedarwood oil, Himalaya",68991-36-6,,,,,,natural,oil,,Woody,Cedarwood,Sweet,,fig ifra-anexo,,,por-constituyentes,,1,por nombre,,,,,,,,,,,,,,,,,,,,
fig:1363,COO,usuario,COO,,O,,,"Cedarwood oil, oxidized",68916-71-2,,,,,,natural,oil,,Woody,Cedarwood,Dry,,fig,,,sin-dato,,,,,,,,,,,,,,,,,,,,,,,
fig:1364,CrO,usuario,CrO,,O,,,"Cedarwood oil, terpeneless",68603-22-5,,,,,,natural,oil,,Woody,Cedarwood,Fresh,,fig,,,sin-dato,,,,,,,,,,,,,,,,,,,,,,,
fig:1365,CETO,usuario,CETO,,O,,,"Cedarwood oil, Texas",68990-83-0,,,,,,natural,oil,,Woody,Cedarwood,Powdery,,fig ifra-anexo,,,por-constituyentes,,3,por nombre,,,,,,,,,,,,,,,,,,,,
fig:1366,CTEO,usuario,CTEO,,O,,,"Cedarwood oil, Texas, rectified",68990-83-0,,,,,,natural,oil,,Woody,Cedarwood,Powdery,,fig ifra-anexo,,,por-constituyentes,,3,por CAS,,,,,,,,,,,,,,,,,,,,
fig:1367,CVO,usuario,CVO,,O,,,"Cedarwood oil, Virginian",8000-27-9,,,,,,natural,oil,,Woody,Smoky,Creamy,,fig ifra-anexo,,,por-constituyentes,,2,por nombre,,,,,,,,,,,,,,,,,,,,
fig:1368,CEVO,usuario,CEVO,,O,,,"Cedarwood oil, Virginian, rectified",8000-27-9,,,,,,natural,oil,,Woody,Smoky,Creamy,,fig ifra-anexo,,,por-constituyentes,,2,por CAS,,,,,,,,,,,,,,,,,,,,
fig:1369,CCP,usuario,CCP,,P,,,"Cedarwood terpenes, Chinese",1159574-01-2,,,,,,natural,terpenes,,Woody,Balsamic,Floral,,fig ifra-anexo,,,por-constituyentes,,2,por CAS,,,,,,,,,,,,,,,,,,,,
fig:1370,CVP,usuario,CVP,,P,,,"Cedarwood terpenes, Virginia",8000-27-9,,,,,,natural,terpenes,,Woody,Smoky,Creamy,,fig ifra-anexo,,,por-constituyentes,,2,por CAS,,,,,,,,,,,,,,,,,,,,
fig:1371,CEE,usuario,CEE,,,,,Cedr-8-ene epoxide,13567-39-0,,,,,,molécula,,,Woody,Amber,Cedarwood,,fig,,,sin-estandar,,,,,,,,,,,,,,,,,,,,,,,
fig:1372,Ce,usuario,Ce,,,,,Cedrene,11028-42-5,,,,,,molécula,,,Woody,Cedarwood,Amber,,fig ifra-estandar,IFRA_STD_197,Cedrene,con-techo,,,,0.27,0.08,1.6,1.5,0.38,0.38,0.38,0.38,0.88,3.1,3.1,0.16,2.9,11,11,5.8,5.8,sin-restriccion,,Cedr-8-ene
fig:1373,Ced,usuario,Ced,,,,,Cedrenol,28231-03-0,,,,,,molécula,,,Woody,Cedarwood,Amber,,fig,,,sin-estandar,,,,,,,,,,,,,,,,,,,,,,,
fig:1374,Ce2,usuario,Ce2,,,,,Cedrenone,30960-39-5,,,,,,molécula,,,Woody,Cedarwood,Powdery,,fig,,,sin-estandar,,,,,,,,,,,,,,,,,,,,,,,
fig:1375,CEA,usuario,CEA,,,,,Cedrenyl acetate,1405-92-1,,,,,,molécula,,,Woody,Soft,Cedarwood,,fig,,,sin-estandar,,,,,,,,,,,,,,,,,,,,,,,
fig:1376,CEF,usuario,CEF,,,,,Cedrenyl formate,39900-38-4,,,,,,molécula,,,Woody,Cedarwood,Floral,,fig,,,sin-estandar,,,,,,,,,,,,,,,,,,,,,,,
fig:1377,Ce3,usuario,Ce3,,,,,Cedrol,77-53-2,,,,,,molécula,,,Woody,Soft,Cedarwood,,fig,,,sin-estandar,,,,,,,,,,,,,,,,,,,,,,,
fig:1378,CME,usuario,CME,,,,,Cedrol methyl ether,19870-74-7,,,,,,molécula,,,Woody,Dry,Amber,,fig,,,sin-estandar,,,,,,,,,,,,,,,,,,,,,,,
fig:1379,CA4,usuario,CA4,,,,,Cedryl acetate,77-54-3,,,,,,molécula,,,Woody,Soft,Sweet,,fig,,,sin-estandar,,,,,,,,,,,,,,,,,,,,,,,
fig:1380,CFO,usuario,CFO,,,,,Cedryl formate,39900-38-4,,,,,,molécula,,,Woody,Cedarwood,Floral,,fig,,,sin-estandar,,,,,,,,,,,,,,,,,,,,,,,
fig:1381,CEM,usuario,CEM,,,,,Cedryl methyl ether,67874-81-1,,,,,,molécula,,,Woody,Amber,Cedarwood,,fig,,,sin-estandar,,,,,,,,,,,,,,,,,,,,,,,
fig:1382,CESA,usuario,CESA,,A,,,Celery seed absolute,8015-90-5,,,,,,natural,absolute,,Herbal,Spicy,Green,,fig ifra-anexo,,,por-constituyentes,variante sin concretar: cuenta la peor de 2 del anexo,1,"por CAS: 2 variantes, cuenta la peor",,,,,,,,,,,,,,,,,,,,
fig:1383,CSCE,usuario,CSCE,,E,,,Celery seed CO2 extract,8015-90-5,,,,,,natural,extract,,Herbal,Spicy,Green,,fig ifra-anexo,,,por-constituyentes,variante sin concretar: cuenta la peor de 2 del anexo,1,"por CAS: 2 variantes, cuenta la peor",,,,,,,,,,,,,,,,,,,,
fig:1384,CESE,usuario,CESE,,E,,,Celery seed extract,8015-90-5,,,,,,natural,extract,,Herbal,Spicy,Green,,fig ifra-anexo,,,por-constituyentes,variante sin concretar: cuenta la peor de 2 del anexo,1,"por CAS: 2 variantes, cuenta la peor",,,,,,,,,,,,,,,,,,,,
fig:1385,CESO,usuario,CESO,,O,,,Celery seed oil,8015-90-5,,,,,,natural,oil,,Herbal,Spicy,Green,,fig ifra-anexo,,,por-constituyentes,,1,por nombre,,,,,,,,,,,,,,,,,,,,
fig:1386,CSL,usuario,CSL,,L,,,Celery seed oleoresin,8015-90-5,,,,,,natural,oleoresin,,Herbal,Spicy,Green,,fig ifra-anexo,,,por-constituyentes,,1,por nombre,,,,,,,,,,,,,,,,,,,,
fig:1387,CFA,usuario,CFA,,A,,,Chamomile flower absolute,8002-66-2,,,,,,natural,absolute,,Herbal,Warm,Sweet,,fig ifra-anexo,,,por-constituyentes,,1,por CAS,,,,,,,,,,,,,,,,,,,,
fig:1388,CFBO,usuario,CFBO,,O,,,"Chamomile flower oil, blue",8002-66-2,,,,,,natural,oil,,Herbal,Fruity,Medicinal,,fig ifra-anexo,,,por-constituyentes,,1,por nombre,,,,,,,,,,,,,,,,,,,,
fig:1389,CHFO,usuario,CHFO,,O,,,"Chamomile flower oil, blue",8002-66-2,,,,,,natural,oil,,Herbal,Earthy,Chamomile,,fig ifra-anexo,,,por-constituyentes,,1,por CAS,,,,,,,,,,,,,,,,,,,,
fig:1390,CRO,usuario,CRO,,O,,,"Chamomile flower oil, Roman",8015-92-7,,,,,,natural,oil,,Herbal,Aromatic,Fruity,,fig,,,sin-dato,,,,,,,,,,,,,,,,,,,,,,,
fig:1391,CFEO,usuario,CFEO,,O,,,"Chamomile flower, English, oil",8015-92-7,,,,,,natural,oil,,Herbal,Aromatic,Chamomile,,fig,,,sin-dato,,,,,,,,,,,,,,,,,,,,,,,
fig:1392,CHMO,usuario,CHMO,,O,,,"Chamomile oil, Moroccan",68916-68-7,,,,,,natural,oil,,Herbal,Sweet,Fruity,,fig,,,sin-dato,,,,,,,,,,,,,,,,,,,,,,,
fig:1393,ChA,usuario,ChA,,A,,,Champaca absolute,8006-76-6,,,,,,natural,absolute,,Floral,Fruity,Herbal,,fig ifra-anexo,,,por-constituyentes,,8,por nombre,,,,,,,,,,,,,,,,,,,,
fig:1394,CHLO,usuario,CHLO,,O,,,Champaca leaf oil,8006-76-6,,,,,,natural,oil,,Floral,Fresh,Gardenia,,fig ifra-anexo,,,por-constituyentes,,8,por CAS,,,,,,,,,,,,,,,,,,,,
fig:1395,ChO,usuario,ChO,,O,,,Champaca oil,8006-76-6,,,,,,natural,oil,,Floral,Aromatic,Fresh,,fig ifra-anexo,,,por-constituyentes,,8,por CAS,,,,,,,,,,,,,,,,,,,,
fig:1396,CRE,usuario,CRE,,E,,,Cinchona bark red extract,68990-12-5,,,,,,natural,extract,,Woody,Vegetable,Rooty,,fig,,,sin-dato,,,,,,,,,,,,,,,,,,,,,,,
fig:1397,Cin,usuario,Cin,,,,,Cinnamaldehyde,104-55-2,,,,,,molécula,,,Spicy,Cinnamon,Warm,,fig ifra-estandar,IFRA_STD_018,Cinnamic aldehyde,con-techo,,,,0.045,0.014,0.021,0.25,0.064,0.042,0.064,0.014,0.15,0.17,0.17,0.014,0.49,0.49,1.8,0.014,0.014,sin-restriccion,,Cinnamal | Cinnamaldehyde | Phenylacrolein | 3-Phenyl-2-propena | 3-Phenyl-2-propen-1-a | Cassia aldehyde
fig:1398,CIA,usuario,CIA,,,,,Cinnamic acid,621-82-9,,,,,,molécula,,,Balsamic,Sweet,Cinnamon,,fig,,,sin-estandar,,,,,,,,,,,,,,,,,,,,,,,
fig:1399,CADA,usuario,CADA,,,,,Cinnamic aldehyde dimethyl acetal,4364-06-1,,,,,,molécula,,,Green,Spicy,Herbal,,fig ifra-estandar,IFRA_STD_019,Cinnamic aldehyde dimethyl acetal,con-techo,,,,0.063,0.019,0.38,0.35,0.089,0.089,0.089,0.089,0.21,0.72,0.72,0.037,0.69,2.5,2.5,1.4,1.4,sin-restriccion,,"Benzene, (3,3-dimethoxy-1-propenyl)- | (3,3-Dimethoxypropen-1-yl)benzene | (3,3-Dimethoxyprop-1-en-1-yl)benzene | 3-Phenyl-2-propenal dimethyl acetal"
fig:1400,CBCE,usuario,CBCE,,E,,,Cinnamon bark CO2 extract,8015-91-6,,,,,,natural,extract,,Spicy,Cinnamon,Warm,,fig ifra-anexo,,,por-constituyentes,,7,por nombre,,,,,,,,,,,,,,,,,,,,
fig:1401,CIBE,usuario,CIBE,,E,,,Cinnamon bark extract,8015-91-6,,,,,,natural,extract,,Spicy,Sweet,Warm,,fig ifra-anexo,,,por-constituyentes,variante sin concretar: cuenta la peor de 3 del anexo,12,"por CAS: 3 variantes, cuenta la peor",,,,,,,,,,,,,,,,,,,,
fig:1402,CIBO,usuario,CIBO,,O,,,Cinnamon bark oil,8015-91-6,,,,,,natural,oil,,Spicy,Sweet,Warm,,fig ifra-anexo,,,por-constituyentes,,9,por nombre,,,,,,,,,,,,,,,,,,,,
fig:1403,CBLO,usuario,CBLO,,O,,,"Cinnamon bark oil, Laos",97659-68-2,,,,,,natural,oil,,Spicy,Sweet,Cinnamon,,fig ifra-anexo,,,por-constituyentes,,6,por nombre,,,,,,,,,,,,,,,,,,,,
fig:1404,CILO,usuario,CILO,,O,,,Cinnamon leaf oil,8015-91-6,,,,,,natural,oil,,Spicy,Cinnamon,Warm,,fig ifra-anexo,,,por-constituyentes,,10,por nombre,,,,,,,,,,,,,,,,,,,,
fig:1405,CLO3,usuario,CLO3,,O,,,"Cinnamon leaf oil, rectified",8015-91-6,,,,,,natural,oil,,Spicy,Cinnamon,Warm,,fig ifra-anexo,,,por-constituyentes,variante sin concretar: cuenta la peor de 3 del anexo,12,"por CAS: 3 variantes, cuenta la peor",,,,,,,,,,,,,,,,,,,,
fig:1406,CLL,usuario,CLL,,L,,,Cinnamon leaf oleoresin,8015-91-6,,,,,,natural,oleoresin,,Spicy,Cinnamon,Warm,,fig ifra-anexo,,,por-constituyentes,variante sin concretar: cuenta la peor de 3 del anexo,12,"por CAS: 3 variantes, cuenta la peor",,,,,,,,,,,,,,,,,,,,
fig:1407,CI,usuario,CI,,,,,Cinnamonitrile (isomer unspecified),4360-47-8,,,,,,molécula,,,Spicy,Cinnamon,Floral,,fig ifra-estandar,IFRA_STD_020,Cinnamyl nitrile,con-techo,,,,0.077,0.023,0.46,0.43,0.11,0.11,0.11,0.11,0.25,0.88,0.88,0.045,0.84,3,3,1.7,1.7,sin-restriccion,,
fig:1408,CA5,usuario,CA5,,,,,Cinnamyl acetate,103-54-8,,,,,,molécula,,,Spicy,Floral,Fruity,,fig,,,sin-estandar,,,,,,,,,,,,,,,,,,,,,,,
fig:1409,CA6,usuario,CA6,,,,,Cinnamyl alcohol,104-54-1,,,,,,molécula,,,Spicy,Balsamic,Cinnamon,,fig ifra-estandar,IFRA_STD_017,Cinnamic alcohol,con-techo,,,,0.22,0.067,0.25,1.2,0.32,0.25,0.25,0.085,0.13,0.25,0.25,0.085,0.76,0.76,2,0.085,0.085,51,,"Cinnamyl alcohol | 3-Phenylallyl alcohol | 3-Phenyl-2-propen-1-ol | 2-Propen-1-ol, 3-phenyl- | Styrone | Styryl alcohol | Zimtalcohol | Styryl carbinol"
fig:1410,CIB,usuario,CIB,,,,,Cinnamyl benzoate,5320-75-2,,,,,,molécula,,,Balsamic,Spicy,Cinnamon,,fig,,,sin-estandar,,,,,,,,,,,,,,,,,,,,,,,
fig:1411,CBU,usuario,CBU,,,,,Cinnamyl butyrate,103-61-7,,,,,,molécula,,,Fruity,Balsamic,Floral,,fig,,,sin-estandar,,,,,,,,,,,,,,,,,,,,,,,
fig:1412,CIC,usuario,CIC,,,,,Cinnamyl cinnamate,122-69-0,,,,,,molécula,,,Spicy,Cinnamon,Fruity,,fig,,,sin-estandar,,,,,,,,,,,,,,,,,,,,,,,
fig:1413,CIF,usuario,CIF,,,,,Cinnamyl formate,104-65-4,,,,,,molécula,,,Balsamic,Spicy,Fruity,,fig,,,sin-estandar,,,,,,,,,,,,,,,,,,,,,,,
fig:1414,CII,usuario,CII,,,,,Cinnamyl isobutyrate,103-59-3,,,,,,molécula,,,Fruity,Spicy,Balsamic,,fig,,,sin-estandar,,,,,,,,,,,,,,,,,,,,,,,
fig:1415,CIS,usuario,CIS,,,,,Cinnamyl isovalerate,140-27-2,,,,,,molécula,,,Fruity,Spicy,Ethereal,,fig,,,sin-estandar,,,,,,,,,,,,,,,,,,,,,,,
fig:1416,CN,usuario,CN,,,,,Cinnamyl nitrile,1885-38-7,,,,,,molécula,,,Spicy,Cinnamon,Metallic,,fig ifra-estandar,IFRA_STD_020,Cinnamyl nitrile,con-techo,,,,0.077,0.023,0.46,0.43,0.11,0.11,0.11,0.11,0.25,0.88,0.88,0.045,0.84,3,3,1.7,1.7,sin-restriccion,,
fig:1417,CIP,usuario,CIP,,,,,Cinnamyl propionate,103-56-0,,,,,,molécula,,,Spicy,Balsamic,Fruity,,fig,,,sin-estandar,,,,,,,,,,,,,,,,,,,,,,,
fig:1418,AMY,usuario,AMY,,,,,"cis- and trans-p-1(7),8-Menthadien-2-yl acetate",71660-03-2,,,,,,molécula,,,Minty,Herbal,Fresh,,fig,,,sin-estandar,,,,,,,,,,,,,,,,,,,,,,,
fig:1419,TC5,usuario,TC5,,,,,"cis-1-(2,6,6-Trimethyl-2-cyclohexen-1-yl)-2-Buten-1-one",23726-94-5,,,,,,molécula,,,Floral,Rose,Plum,,fig ifra-estandar,IFRA_STD_077,Rose ketones,con-techo,,,,0.0077,0.0023,0.046,0.043,0.011,0.011,0.011,0.011,0.025,0.088,0.088,0.0045,0.084,0.3,0.3,0.17,0.17,sin-restriccion,,
fig:1420,MP26,usuario,MP26,,,,,"cis-2-Methyl-4-propyl-1,3-oxathiane",59323-76-1,,,,,,molécula,,,Fruity,Citrus,Green,,fig,,,sin-estandar,,,,,,,,,,,,,,,,,,,,,,,
fig:1421,BO4,usuario,BO4,,,,,cis-2-tert-Butylcyclohexan-1-ol,7214-18-8,,,,,,molécula,,,Woody,Camphoraceous,Minty,,fig,,,sin-estandar,,,,,,,,,,,,,,,,,,,,,,,
fig:1422,BA17,usuario,BA17,,,,,cis-2-tert-Butylcyclohexyl acetate,20298-69-5,,,,,,molécula,,,Fruity,Apple,Woody,,fig,,,sin-estandar,,,,,,,,,,,,,,,,,,,,,,,
fig:1423,TOL,usuario,TOL,,,,,"cis-3,5,5-Trimethylcyclohexan-1-ol",933-48-2,,,,,,molécula,,,Green,Earthy,Minty,,fig,,,sin-estandar,,,,,,,,,,,,,,,,,,,,,,,
fig:1424,HA2,usuario,HA2,,,,,cis-3-Heptenyl acetate,1576-78-9,,,,,,molécula,,,Fruity,Green,Tropical-Fruit,,fig ifra-estandar,IFRA_STD_244,cis-3-Heptenyl acetate,con-techo,,,,0.077,0.023,0.46,0.43,0.11,0.11,0.11,0.037,0.25,0.88,0.88,0.037,0.84,3,3,0.037,0.037,sin-restriccion,,"cis-3-Heptenyl acetate | (Z)-Hept-3-enyl acetate | 3-Hepten-1-ol, acetate, (Z)- | Hept-3-en-1-yl acetate | 3-Hepten-1-yl acetate | (Z)-3-hepten-1-yl acetate | Violana (commercial name)"
fig:1425,HYA,usuario,HYA,,,,,cis-3-Hexen-1-yl acetate,3681-71-8,,,,,,molécula,,,Green,Fruity,Pear,,fig,,,sin-estandar,,,,,,,,,,,,,,,,,,,,,,,
fig:1426,He8,usuario,He8,,,,,cis-3-Hexenal,6789-80-6,,,,,,molécula,,,Green,Grassy,Fruity,,fig,,,sin-estandar,,,,,,,,,,,,,,,,,,,,,,,
fig:1427,He9,usuario,He9,,,,,cis-3-Hexenol,928-96-1,,,,,,molécula,,,Green,Grassy,Fresh,,fig,,,sin-estandar,,,,,,,,,,,,,,,,,,,,,,,
fig:1428,HAN,usuario,HAN,,,,,cis-3-Hexenyl anthranilate,65405-76-7,,,,,,molécula,,,Fruity,Green,Grape,,fig,,,sin-estandar,,,,,,,,,,,,,,,,,,,,,,,
fig:1429,HEB,usuario,HEB,,,,,cis-3-Hexenyl benzoate,25152-85-6,,,,,,molécula,,,Floral,Green,Balsamic,,fig,,,sin-estandar,,,,,,,,,,,,,,,,,,,,,,,
fig:1430,HBU,usuario,HBU,,,,,cis-3-Hexenyl butyrate,16491-36-4,,,,,,molécula,,,Green,Apple,Pear,,fig,,,sin-estandar,,,,,,,,,,,,,,,,,,,,,,,
fig:1431,HCI,usuario,HCI,,,,,cis-3-Hexenyl cinnamate,68133-75-5,,,,,,molécula,,,Green,Balsamic,Floral,,fig,,,sin-estandar,,,,,,,,,,,,,,,,,,,,,,,
fig:1432,HEH,usuario,HEH,,,,,cis-3-Hexenyl cis-3-hexenoate,61444-38-0,,,,,,molécula,,,Fruity,Green,Pear,,fig,,,sin-estandar,,,,,,,,,,,,,,,,,,,,,,,
fig:1433,HEF,usuario,HEF,,,,,Cis-3-Hexenyl Formate,33467-73-1,,,,,,molécula,,,Green,Fresh,Apple,,fig,,,sin-estandar,,,,,,,,,,,,,,,,,,,,,,,
fig:1434,HHE,usuario,HHE,,,,,cis-3-Hexenyl hexanoate,31501-11-8,,,,,,molécula,,,Fruity,Green,Fresh,,fig,,,sin-estandar,,,,,,,,,,,,,,,,,,,,,,,
fig:1435,HEI,usuario,HEI,,,,,cis-3-Hexenyl isobutyrate,41519-23-7,,,,,,molécula,,,Green,Apple,Pear,,fig,,,sin-estandar,,,,,,,,,,,,,,,,,,,,,,,
fig:1436,HIS,usuario,HIS,,,,,cis-3-Hexenyl isovalerate,35154-45-1,,,,,,molécula,,,Green,Pear,Pear,,fig ifra-estandar,IFRA_STD_245,cis-3-Hexenyl isovalerate,con-techo,,,,0.077,0.023,0.46,0.43,0.11,0.11,0.11,0.037,0.25,0.88,0.88,0.037,0.84,1.8,3,0.037,0.037,sin-restriccion,,"cis-3-Hexenyl isovalerate | (Z)-Hex-3-enyl isovalerate | Hex-3-en-1-yl 3-methylbutanoate | Isovaleric acid, 3-hexenyl ester, (z)- | (Z)-3-Hexen-1-yl isovalerate"
fig:1437,HEL,usuario,HEL,,,,,cis-3-Hexenyl lactate,61931-81-5,,,,,,molécula,,,Green,Fruity,Tropical-Fruit,,fig,,,sin-estandar,,,,,,,,,,,,,,,,,,,,,,,
fig:1438,HM5,usuario,HM5,,,,,cis-3-Hexenyl methyl carbonate,67633-96-9,,,,,,molécula,,,Green,Fresh,Floral,,fig ifra-estandar,IFRA_STD_246,cis-3-Hexenyl methyl carbonate,con-techo,,,,0.1,0.03,0.6,0.56,0.14,0.14,0.14,0.047,0.33,1.1,1.1,0.047,1.1,3.9,3.9,0.047,0.047,sin-restriccion,,"cis-3-Hexenyl methyl carbonate | Carbonic acid, 3-hexenyl methyl ester, (Z)- | cis-3-Hexenyl carbonate | cis-3-Hexenyl methyl carbonate | Hex-3-en-1-yl methyl carbonate | Methyl cis-3-hexenyl carbonate | (Z)-3-Hexen-1-yl methyl carbonate | Liffarome (commercial name) | Leafovert (commercial name) | Vertelione (commercial name)"
fig:1439,HPR,usuario,HPR,,,,,cis-3-Hexenyl propionate,33467-74-2,,,,,,molécula,,,Green,Apple,Pear,,fig,,,sin-estandar,,,,,,,,,,,,,,,,,,,,,,,
fig:1440,HS,usuario,HS,,,,,cis-3-Hexenyl salicylate,65405-77-8,,,,,,molécula,,,Floral,Green,Balsamic,,fig,,,sin-estandar,,,,,,,,,,,,,,,,,,,,,,,
fig:1441,HET,usuario,HET,,,,,cis-3-Hexenyl tiglate,67883-79-8,,,,,,molécula,,,Green,Vegetable,Earthy,,fig,,,sin-estandar,,,,,,,,,,,,,,,,,,,,,,,
fig:1442,HV,usuario,HV,,,,,cis-3-Hexenyl valerate,35852-46-1,,,,,,molécula,,,Green,Fruity,Apple,,fig,,,sin-estandar,,,,,,,,,,,,,,,,,,,,,,,
fig:1443,NO5,usuario,NO5,,,,,cis-3-Nonen-1-ol,10340-23-5,,,,,,molécula,,,Green,Cucumber,Oily,,fig,,,sin-estandar,,,,,,,,,,,,,,,,,,,,,,,
fig:1444,NA2,usuario,NA2,,,,,cis-3-Nonenyl acetate,13049-88-2,,,,,,molécula,,,Green,Herbal,Pine,,fig ifra-estandar,IFRA_STD_247,cis-3-Nonenyl acetate,con-techo,,,,0.077,0.023,0.46,0.43,0.11,0.11,0.11,0.037,0.25,0.88,0.88,0.037,0.84,3,3,0.037,0.037,sin-restriccion,,"cis-3-Nonenyl acetate | (Z)-3-Nonenyl acetate | 3-Nonen-1-ol, acetate, (3Z)- | (Z)-3-Nonen-1-yl acetate | Acetic acid 3-nonenyl ester | Pear acetate (commercial name)"
fig:1445,OOL,usuario,OOL,,,,,cis-3-Octen-1-ol,20125-84-2,,,,,,molécula,,,Fruity,Fresh,Melon,,fig,,,sin-estandar,,,,,,,,,,,,,,,,,,,,,,,
fig:1446,OCP,usuario,OCP,,,,,cis-3-Octenyl propionate,94134-03-9,,,,,,molécula,,,Fruity,Pear,Melon,,fig,,,sin-estandar,,,,,,,,,,,,,,,,,,,,,,,
fig:1447,ISC,usuario,ISC,,,,,cis-4-(Isopropyl)cyclohexanemethanol,13828-37-0,,,,,,molécula,,,Floral,Muguet,Fresh,,fig ifra-estandar,IFRA_STD_208,"cis,trans-4-(Isopropyl)cyclohexanemethanol",con-techo,,,,0.25,0.39,0.099,4.7,1.2,0.15,0.2,0.049,0.0099,0.13,0.13,0.049,0.39,0.39,1.1,0.049,0.049,28,,
fig:1448,DAL,usuario,DAL,,,,,cis-4-Decen-1-al,21662-09-9,,,,,,molécula,,,Aldehydic,Citrus,Muguet,,fig,,,sin-estandar,,,,,,,,,,,,,,,,,,,,,,,
fig:1449,De8,usuario,De8,,,,,cis-4-Decenol,57074-37-0,,,,,,molécula,,,Green,Fruity,Oily,,fig,,,sin-estandar,,,,,,,,,,,,,,,,,,,,,,,
fig:1450,He10,usuario,He10,,,,,cis-4-Hexenal,4634-89-3,,,,,,molécula,,,Aldehydic,Green,Oily,,fig,,,sin-estandar,,,,,,,,,,,,,,,,,,,,,,,
fig:1451,BA18,usuario,BA18,,,,,cis-4-tert-Butylcyclohexyl acetate,10411-92-4,,,,,,molécula,,,Floral,Woody,Violet,,fig,,,sin-estandar,,,,,,,,,,,,,,,,,,,,,,,
fig:1452,OO5,usuario,OO5,,,,,cis-5-Octen-1-ol,64275-73-6,,,,,,molécula,,,Green,Melon,Mushroom,,fig,,,sin-estandar,,,,,,,,,,,,,,,,,,,,,,,
fig:1453,Oc4,usuario,Oc4,,,,,cis-5-Octenal,41547-22-2,,,,,,molécula,,,Fruity,Green,Apple,,fig,,,sin-estandar,,,,,,,,,,,,,,,,,,,,,,,
fig:1454,NO6,usuario,NO6,,,,,cis-6-Nonen-1-ol,35854-86-5,,,,,,molécula,,,Fruity,Melon,Green,,fig,,,sin-estandar,,,,,,,,,,,,,,,,,,,,,,,
fig:1455,No7,usuario,No7,,,,,cis-6-Nonenal,2277-19-2,,,,,,molécula,,,Green,Cucumber,Melon,,fig,,,sin-estandar,,,,,,,,,,,,,,,,,,,,,,,
fig:1456,αSa,usuario,αSa,,,,,cis-alpha-Santalol,115-71-9,,,,,,molécula,,alpha,Woody,Sandalwood,Dry,,fig,,,sin-estandar,,,,,,,,,,,,,,,,,,,,,,,
fig:1457,βSa,usuario,βSa,,,,,cis-beta Santalol,77-42-9,,,,,,molécula,,beta,Woody,Sandalwood,Oily,,fig,,,sin-estandar,,,,,,,,,,,,,,,,,,,,,,,
fig:1458,βOc,usuario,βOc,,,,,cis-beta-Ocimene,3338-55-4,,,,,,molécula,,beta,Floral,Herbal,Sweet,,fig,,,sin-estandar,,,,,,,,,,,,,,,,,,,,,,,
fig:1459,Ja,usuario,Ja,,,,,cis-Jasmone,488-10-8,,,,,,molécula,,,Floral,Jasmin,Spicy,,fig,,,sin-estandar,,,,,,,,,,,,,,,,,,,,,,,
fig:1460,LO,usuario,LO,,,,,"cis-Linalool oxide 3,6-oxide",5989-33-3,,,,,,molécula,,,Earthy,Floral,Sweet,,fig,,,sin-estandar,,,,,,,,,,,,,,,,,,,,,,,
fig:1461,TIM,usuario,TIM,,,,,cis-Tetrahydro-2-isobutyl-4-methylpyran-4-ol,65418-69-1,,,,,,molécula,,,Floral,Fresh,Green,,fig,,,sin-estandar,,,,,,,,,,,,,,,,,,,,,,,
fig:1462,CiA,usuario,CiA,,A,,,Cistus absolute,8016-26-0,,,,,,natural,absolute,,Amber,Woody,Dry,,fig ifra-anexo,,,por-constituyentes,,4,por nombre,,,,,,,,,,,,,,,,,,,,
fig:1463,CICE,usuario,CICE,,E,,,Cistus CO2 extract,8016-26-0,,,,,,natural,extract,,Amber,Woody,Dry,,fig ifra-anexo,,,por-constituyentes,variante sin concretar: cuenta la peor de 6 del anexo,8,"por CAS: 6 variantes, cuenta la peor",,,,,,,,,,,,,,,,,,,,
fig:1464,CiC,usuario,CiC,,C,,,Cistus concrete,8016-26-0,,,,,,natural,concrete,,Amber,Woody,Dry,,fig ifra-anexo,,,por-constituyentes,,1,por nombre,,,,,,,,,,,,,,,,,,,,
fig:1465,CiE,usuario,CiE,,E,,,Cistus extract,8016-26-0,,,,,,natural,extract,,Amber,Woody,Dry,,fig ifra-anexo,,,por-constituyentes,variante sin concretar: cuenta la peor de 6 del anexo,8,"por CAS: 6 variantes, cuenta la peor",,,,,,,,,,,,,,,,,,,,
fig:1466,CtO,usuario,CtO,,O,,,Cistus oil,8016-26-0,,,,,,natural,oil,,Amber,Woody,Dry,,fig ifra-anexo,,,por-constituyentes,,5,por nombre,,,,,,,,,,,,,,,,,,,,
fig:1467,CuO,usuario,CuO,,O,,,Cistus oil,8016-26-0,,,,,,natural,oil,,Amber,Woody,Dry,,fig ifra-anexo,,,por-constituyentes,variante sin concretar: cuenta la peor de 6 del anexo,8,"por CAS: 6 variantes, cuenta la peor",,,,,,,,,,,,,,,,,,,,
fig:1468,CPO,usuario,CPO,,O,,,"Cistus oil, pyrogenated",8016-26-0,,,,,,natural,oil,,Amber,Woody,Dry,,fig ifra-anexo,,,por-constituyentes,variante sin concretar: cuenta la peor de 6 del anexo,8,"por CAS: 6 variantes, cuenta la peor",,,,,,,,,,,,,,,,,,,,
fig:1469,Ct,usuario,Ct,,,,,Citral,5392-40-5,,,,,,molécula,,,Citrus,Lemon,Verbena,,fig ifra-estandar,IFRA_STD_021,Citral,con-techo,,,,0.11,0.032,0.1,0.6,0.15,0.15,0.15,0.051,0.35,0.2,0.2,0.051,1.2,1.2,4.2,0.051,0.051,sin-restriccion,,
fig:1470,CDA,usuario,CDA,,,,,Citral diethyl acetal,7492-66-2,,,,,,molécula,,,Citrus,Fresh,Green,,fig,,,sin-estandar,,,,,,,,,,,,,,,,,,,,,,,
fig:1471,CID,usuario,CID,,,,,Citral dimethyl acetal,7549-37-3,,,,,,molécula,,,Citrus,Fresh,Green,,fig,,,sin-estandar,,,,,,,,,,,,,,,,,,,,,,,
fig:1472,CG,usuario,CG,,,,,Citral propylene glycol acetal,10444-50-5,,,,,,molécula,,,Citrus,Sweet,Lemon,,fig,,,sin-estandar,,,,,,,,,,,,,,,,,,,,,,,
fig:1473,CMS,usuario,CMS,,,,,Citral-methylanthranilate (Schiff base),67801-47-2,,,,,,molécula,,,Fruity,Sweet,Lemon,,fig ifra-schiff,,,por-constituyentes,,1,,,,,,,,,,,,,,,,,,,,,
fig:1474,CoO,usuario,CoO,,O,,,Citron oil,68991-25-3,,,,,,natural,oil,,Citrus,Zesty,Lemon,,fig ifra-anexo,,,por-constituyentes,"familia, por el nombre: aceites cítricos: furocumarinas, bergapteno total (STD 089)",6,por nombre,,,,,,,,,,,,,,,,,,,,
fig:1475,CitO,usuario,CitO,,O,,,Citron oil,68991-25-3,,,,,,natural,oil,,Citrus,Zesty,Lemon,,fig ifra-anexo,,,por-constituyentes,"familia, por el nombre: aceites cítricos: furocumarinas, bergapteno total (STD 089)",6,por CAS,,,,,,,,,,,,,,,,,,,,
fig:1476,CiO2,usuario,CiO2,,O,,,"Citron oil, rectified",68991-25-3,,,,,,natural,oil,,Citrus,Lemon,Lime,,fig ifra-anexo,,,por-constituyentes,"familia, por el nombre: aceites cítricos: furocumarinas, bergapteno total (STD 089)",6,por CAS,,,,,,,,,,,,,,,,,,,,
fig:1477,CiP,usuario,CiP,,P,,,Citronella oil terpenes,8000-29-1,,,,,,natural,terpenes,,Citrus,Lemon,Herbal,,fig ifra-anexo,,,por-constituyentes,variante sin concretar: cuenta la peor de 2 del anexo,8,"por CAS: 2 variantes, cuenta la peor",,,,,,,,,,,,,,,,,,,,
fig:1478,CCTO,usuario,CCTO,,O,,,"Citronella oil, Ceylon type",8000-29-1,,,,,,natural,oil,,Citrus,Lemon,Herbal,,fig ifra-anexo,,,por-constituyentes,,7,por nombre,,,,,,,,,,,,,,,,,,,,
fig:1479,CJO,usuario,CJO,,O,,,"Citronella oil, Java type",8000-29-1,,,,,,natural,oil,,Citrus,Lemon,Herbal,,fig ifra-anexo,,,por-constituyentes,,8,por nombre,,,,,,,,,,,,,,,,,,,,
fig:1480,CIRO,usuario,CIRO,,O,,,"Citronella oil, reduced",68916-56-3,,,,,,natural,oil,,Citrus,Lemon,Herbal,,fig,,,sin-dato,,,,,,,,,,,,,,,,,,,,,,,
fig:1481,Cit,usuario,Cit,,,,,Citronellal,106-23-0,,,,,,molécula,,,Citrus,Lemon,Herbal,,fig ifra-estandar,IFRA_STD_206,Citronellal,con-techo,,,,0.41,0.16,0.026,0.49,0.33,0.051,0.1,0.017,0.82,0.077,0.077,0.017,1.4,1.4,2.3,0.017,0.017,sin-restriccion,,"2,3-Dihydrocitral | 3,7-Dimethyl-6-octenal | 3,7-Dimethyloct-6-enal | 6-Octenal, 3,7-dimethyl- | Citronellal Extra (Commercial name) | Rhodinal (Commercial name)"
fig:1482,CIM,usuario,CIM,,,,,Citronellal methylanthranilate Schiff base,67845-42-5,,,,,,molécula,,,Citrus,Floral,Lemongrass,,fig ifra-schiff,,,por-constituyentes,,1,,,,,,,,,,,,,,,,,,,,,
fig:1483,Ci2,usuario,Ci2,,,,,Citronelloxyacetaldehyde,7492-67-3,,,,,,molécula,,,Aldehydic,Floral,Muguet,,fig,,,sin-estandar,,,,,,,,,,,,,,,,,,,,,,,
fig:1484,CA7,usuario,CA7,,,,,Citronellyl acetate,150-84-5,,,,,,molécula,,,Floral,Citrus,Fruity,,fig ifra-estandar,IFRA_STD_248,Citronellyl acetate,con-techo,,,,0.49,0.15,2,2.7,0.7,0.7,0.7,0.23,0.82,2.4,2.4,0.23,5.4,0.41,16,0.23,0.23,sin-restriccion,,
fig:1485,CB2,usuario,CB2,,,,,Citronellyl butyrate,141-16-2,,,,,,molécula,,,Floral,Rose,Citrus,,fig,,,sin-estandar,,,,,,,,,,,,,,,,,,,,,,,
fig:1486,CCR,usuario,CCR,,,,,Citronellyl crotonate,68039-38-3,,,,,,molécula,,,Floral,Rose,Citrus,,fig,,,sin-estandar,,,,,,,,,,,,,,,,,,,,,,,
fig:1487,CIE,usuario,CIE,,,,,Citronellyl ethyl oxalate,60788-25-2,,,,,,molécula,,,Floral,Rose,Muguet,,fig,,,sin-estandar,,,,,,,,,,,,,,,,,,,,,,,
fig:1488,CF2,usuario,CF2,,,,,Citronellyl formate,105-85-1,,,,,,molécula,,,Fruity,Rose,Citrus,,fig,,,sin-estandar,,,,,,,,,,,,,,,,,,,,,,,
fig:1489,CH,usuario,CH,,,,,Citronellyl hexanoate,10580-25-3,,,,,,molécula,,,Floral,Green,Rose,,fig,,,sin-estandar,,,,,,,,,,,,,,,,,,,,,,,
fig:1490,CI2,usuario,CI2,,,,,Citronellyl isobutyrate,97-89-2,,,,,,molécula,,,Fruity,Floral,Citrus,,fig,,,sin-estandar,,,,,,,,,,,,,,,,,,,,,,,
fig:1491,CI3,usuario,CI3,,,,,Citronellyl isovalerate,68922-10-1,,,,,,molécula,,,Floral,Honey,Rose,,fig,,,sin-estandar,,,,,,,,,,,,,,,,,,,,,,,
fig:1492,CIN,usuario,CIN,,,,,Citronellyl nitrile,51566-62-2,,,,,,molécula,,,Citrus,Rose,Green,,fig,,,sin-estandar,,,,,,,,,,,,,,,,,,,,,,,
fig:1493,CPH,usuario,CPH,,,,,Citronellyl phenylacetate,139-70-8,,,,,,molécula,,,Floral,Honey,Rose,,fig,,,sin-estandar,,,,,,,,,,,,,,,,,,,,,,,
fig:1494,CPR,usuario,CPR,,,,,Citronellyl propionate,141-14-0,,,,,,molécula,,,Floral,Rose,Fruity,,fig,,,sin-estandar,,,,,,,,,,,,,,,,,,,,,,,
fig:1495,CTI,usuario,CTI,,,,,Citronellyl tiglate,24717-85-9,,,,,,molécula,,,Floral,Fruity,Sweet-Pea,,fig,,,sin-estandar,,,,,,,,,,,,,,,,,,,,,,,
fig:1496,CV,usuario,CV,,,,,Citronellyl valerate,7540-53-6,,,,,,molécula,,,Floral,Rose,Herbal,,fig,,,sin-estandar,,,,,,,,,,,,,,,,,,,,,,,
fig:1497,CHE,usuario,CHE,,E,,,Citrus hystrix extract,91771-50-5,,,,,,natural,extract,,Citrus,Lime,Fruity,,fig ifra-anexo,,,por-constituyentes,"familia, por el nombre: aceites cítricos: furocumarinas, bergapteno total (STD 089)",4,por nombre,,,,,,,,,,,,,,,,,,,,
fig:1498,CIJO,usuario,CIJO,,O,,,Citrus junos oil,233683-84-6,,,,,,natural,oil,,Citrus,Fruity,Zesty,,fig ifra-anexo,,,por-constituyentes,"familia, por el nombre: aceites cítricos: furocumarinas, bergapteno total (STD 089)",1,por nombre,,,,,,,,,,,,,,,,,,,,
fig:1499,CPE,usuario,CPE,,E,,,Citrus peels extract,94266-47-4,,,,,,natural,extract,,Citrus,Fruity,Zesty,,fig,,,sin-dato,"familia, por el nombre: aceites cítricos: furocumarinas, bergapteno total (STD 089)",,,,,,,,,,,,,,,,,,,,,,
fig:1500,CtP,usuario,CtP,,P,,,Citrus terpenes,68608-34-4,,,,,,natural,terpenes,,Citrus,Fresh,Lemon,,fig,,,sin-dato,"familia, por el nombre: aceites cítricos: furocumarinas, bergapteno total (STD 089)",,,,,,,,,,,,,,,,,,,,,,
fig:1501,CvA,usuario,CvA,,A,,,Civet absolute,68916-26-7,,,,,,natural,absolute,,Animal like,Indolic,Warm,,fig,,,sin-dato,,,,,,,,,,,,,,,,,,,,,,,
fig:1502,CiT,usuario,CiT,,T,,,Civet tincture,68916-26-7,,,,,,natural,tincture,,Animal like,Indolic,Warm,,fig,,,sin-dato,,,,,,,,,,,,,,,,,,,,,,,
fig:1503,CLSA,usuario,CLSA,,A,,,Clary sage absolute,8016-63-5,,,,,,natural,absolute,,Herbal,Sage,Woody,,fig ifra-anexo,,,por-constituyentes,,2,por nombre,,,,,,,,,,,,,,,,,,,,
fig:1504,CSAA,usuario,CSAA,,A,,,Clary sage absolute,8016-63-5,,,,,,natural,absolute,,Herbal,Sage,Woody,,fig ifra-anexo,,,por-constituyentes,variante sin concretar: cuenta la peor de 3 del anexo,2,"por CAS: 3 variantes, cuenta la peor",,,,,,,,,,,,,,,,,,,,
fig:1505,CLSE,usuario,CLSE,,E,,,Clary sage extract,8016-63-5,,,,,,natural,extract,,Herbal,Sage,Woody,,fig ifra-anexo,,,por-constituyentes,variante sin concretar: cuenta la peor de 3 del anexo,2,"por CAS: 3 variantes, cuenta la peor",,,,,,,,,,,,,,,,,,,,
fig:1506,CLSO,usuario,CLSO,,O,,,Clary sage oil,8016-63-5,,,,,,natural,oil,,Herbal,Sage,Woody,,fig ifra-anexo,,,por-constituyentes,,1,por nombre,,,,,,,,,,,,,,,,,,,,
fig:1507,CLBP,usuario,CLBP,,P,,,Clove bud oil terpenes,68917-29-3,,,,,,natural,terpenes,,Spicy,Clove,Dry,,fig ifra-anexo,,,por-constituyentes,,4,por nombre,,,,,,,,,,,,,,,,,,,,
fig:1508,CLBA,usuario,CLBA,,A,,,Clove bud absolute,8000-34-8,,,,,,natural,absolute,,Spicy,Warm,Woody,,fig ifra-anexo,,,por-constituyentes,,5,por nombre,,,,,,,,,,,,,,,,,,,,
fig:1509,CLBE,usuario,CLBE,,E,,,Clove bud extract,8000-34-8,,,,,,natural,extract,,Spicy,Warm,Woody,,fig ifra-anexo,,,por-constituyentes,variante sin concretar: cuenta la peor de 4 del anexo,5,"por CAS: 4 variantes, cuenta la peor",,,,,,,,,,,,,,,,,,,,
fig:1510,CLBO,usuario,CLBO,,O,,,Clove bud oil,8000-34-8,,,,,,natural,oil,,Spicy,Clove,Floral,,fig ifra-anexo,,,por-constituyentes,,2,por nombre,,,,,,,,,,,,,,,,,,,,
fig:1511,CLLO,usuario,CLLO,,O,,,Clove leaf oil,8000-34-8,,,,,,natural,oil,,Spicy,Woody,Herbal,,fig ifra-anexo,,,por-constituyentes,,3,por nombre,,,,,,,,,,,,,,,,,,,,
fig:1512,CLP,usuario,CLP,,P,,,Clove leaf oil terpenes,68917-29-3,,,,,,natural,terpenes,,Spicy,Clove,Warm,,fig ifra-anexo,,,por-constituyentes,,2,por nombre,,,,,,,,,,,,,,,,,,,,
fig:1513,CLO4,usuario,CLO4,,O,,,"Clove leaf oil, rectified",8000-34-8,,,,,,natural,oil,,Spicy,Woody,Herbal,,fig ifra-anexo,,,por-constituyentes,variante sin concretar: cuenta la peor de 4 del anexo,5,"por CAS: 4 variantes, cuenta la peor",,,,,,,,,,,,,,,,,,,,
fig:1514,CSTO,usuario,CSTO,,O,,,Clove stem oil,8000-34-8,,,,,,natural,oil,,Spicy,Woody,Herbal,,fig ifra-anexo,,,por-constituyentes,,2,por nombre,,,,,,,,,,,,,,,,,,,,
fig:1515,CLAE,usuario,CLAE,,E,,,"Clove, extract, acetylated",91771-52-7,,,,,,natural,extract,,Woody,Spicy,Clove,,fig,,,sin-dato,,,,,,,,,,,,,,,,,,,,,,,
fig:1516,CcA,usuario,CcA,,A,,,Coconut absolute,8001-31-8,,,,,,natural,absolute,,Gourmand,Coconut,Oily,,fig,,,sin-dato,,,,,,,,,,,,,,,,,,,,,,,
fig:1517,CoE,usuario,CoE,,E,,,Coconut extract,8001-31-8,,,,,,natural,extract,,Gourmand,Coconut,Oily,,fig,,,sin-dato,,,,,,,,,,,,,,,,,,,,,,,
fig:1518,COI,usuario,COI,,,,,Coconut infusion,8001-31-8,,,,,,molécula,,,Gourmand,Coconut,Oily,,fig,,,sin-estandar,,,,,,,,,,,,,,,,,,,,,,,
fig:1519,CRA,usuario,CRA,,A,,,"Coffee bean, roasted, absolute",8001-67-0,,,,,,natural,absolute,,Food Like,Coffee,Nutty,,fig,,,sin-dato,,,,,,,,,,,,,,,,,,,,,,,
fig:1520,CBRE,usuario,CBRE,,E,,,"Coffee bean, roasted, CO2 extract",8001-67-0,,,,,,natural,extract,,Food Like,Coffee,Nutty,,fig,,,sin-dato,,,,,,,,,,,,,,,,,,,,,,,
fig:1521,COBE,usuario,COBE,,E,,,"Coffee bean, roasted, extract",68916-18-7,,,,,,natural,extract,,Food Like,Coffee,Roasted,,fig,,,sin-dato,,,,,,,,,,,,,,,,,,,,,,,
fig:1522,CfO,usuario,CfO,,O,,,Coffee oil,8001-67-0,,,,,,natural,oil,,Gourmand,Nutty,Roasted,,fig,,,sin-dato,,,,,,,,,,,,,,,,,,,,,,,
fig:1523,CCAE,usuario,CCAE,,E,,,"Coffee, Coffea arabica, extract",84650-00-0,,,,,,natural,extract,,Food Like,Coffee,Nutty,,fig,,,sin-dato,,,,,,,,,,,,,,,,,,,,,,,
fig:1524,COB,usuario,COB,,,,,Copaiba balsam,8013-97-6,,,,,,molécula,,,Woody,Balsamic,Spicy,,fig,,,sin-estandar,,,,,,,,,,,,,,,,,,,,,,,
fig:1525,COBO,usuario,COBO,,O,,,Copaiba balsam oil,8013-97-6,,,,,,natural,oil,,Woody,Balsamic,Spicy,,fig,,,sin-dato,,,,,,,,,,,,,,,,,,,,,,,
fig:1526,CBL,usuario,CBL,,L,,,Copaiba balsam oleoresin,8013-97-6,,,,,,natural,oleoresin,,Woody,Balsamic,Smoky,,fig,,,sin-dato,,,,,,,,,,,,,,,,,,,,,,,
fig:1527,CpO,usuario,CpO,,O,,,Copaiba oil,8013-97-6,,,,,,natural,oil,,Woody,Balsamic,Smoky,,fig,,,sin-dato,,,,,,,,,,,,,,,,,,,,,,,
fig:1528,CopO,usuario,CopO,,O,,,"Copaiba oil, rectified",8013-97-6,,,,,,natural,oil,,Woody,Balsamic,Smoky,,fig,,,sin-dato,,,,,,,,,,,,,,,,,,,,,,,
fig:1529,COHO,usuario,COHO,,O,,,Coriander herb oil,8008-52-4,,,,,,natural,oil,,Spicy,Fresh,Green,,fig ifra-anexo,,,por-constituyentes,,2,por nombre,,,,,,,,,,,,,,,,,,,,
fig:1530,CHTO,usuario,CHTO,,O,,,Coriander herb oil terpenless,8008-52-4,,,,,,natural,oil,,Spicy,Fresh,Green,,fig ifra-anexo,,,por-constituyentes,variante sin concretar: cuenta la peor de 2 del anexo,2,"por CAS: 2 variantes, cuenta la peor",,,,,,,,,,,,,,,,,,,,
fig:1531,CHEO,usuario,CHEO,,O,,,"Coriander herb oil, rectified",8008-52-4,,,,,,natural,oil,,Spicy,Fresh,Green,,fig ifra-anexo,,,por-constituyentes,variante sin concretar: cuenta la peor de 2 del anexo,2,"por CAS: 2 variantes, cuenta la peor",,,,,,,,,,,,,,,,,,,,
fig:1532,CoL,usuario,CoL,,L,,,Coriander oleoresin,8008-52-4,,,,,,natural,oleoresin,,Spicy,Fresh,Green,,fig ifra-anexo,,,por-constituyentes,variante sin concretar: cuenta la peor de 2 del anexo,2,"por CAS: 2 variantes, cuenta la peor",,,,,,,,,,,,,,,,,,,,
fig:1533,COSO,usuario,COSO,,O,,,Coriander seed oil,8008-52-4,,,,,,natural,oil,,Spicy,Fresh,Green,,fig ifra-anexo,,,por-constituyentes,,1,por nombre,,,,,,,,,,,,,,,,,,,,
fig:1534,Cu,usuario,Cu,,,,,Coumarin,91-64-5,,,,,,molécula,,,Powdery,Warm,Almond,,fig ifra-estandar,IFRA_STD_023,Coumarin,con-techo,,,,0.089,0.08,0.089,1.5,0.38,0.11,0.16,0.035,0.0024,0.18,0.18,0.035,0.52,0.52,1.6,0.035,0.035,33,,"2H-1-Benzopyran-2-one | 2H-chromen-2-one | 1,2-Benzopyrone | cis-o-Coumaric acid lactone | Coumarinic anhydride | 2-Oxo-1,2-benzopyran | Tonka bean camphor"
fig:1535,Cre,usuario,Cre,,,,,Cresol (mixed isomers),1319-77-3,,,,,,molécula,,,Floral,Ylang,Phenolic,,fig ifra-estandar,IFRA_STD_260,p-Cresol,con-techo,,,,0.005,0.005,0.005,0.005,0.005,0.005,0.005,0.0017,0.005,0.005,0.005,0.0017,0.005,0.005,0.005,0.0017,0.0017,sin-restriccion,,"Cresols | Cresol (mixed isomers) | Cresol, pure | Methylphenol | Mixed cresols | Phenol, methyl-"
fig:1536,CbO,usuario,CbO,,O,,,Cubeb oil,8007-87-2,,,,,,natural,oil,,Spicy,Peppery,Dry,,fig ifra-anexo,,,por-constituyentes,,3,por nombre,,,,,,,,,,,,,,,,,,,,
fig:1537,CubO,usuario,CubO,,O,,,"Cubeb oil, rectified",8007-87-2,,,,,,natural,oil,,Spicy,Peppery,Dry,,fig ifra-anexo,,,por-constituyentes,,3,por CAS,,,,,,,,,,,,,,,,,,,,
fig:1538,CuD,usuario,CuD,,D,,,Cucumber distillate,89998-01-6,,,,,,natural,distillate,,Green,Cucumber,Fresh,,fig,,,sin-dato,,,,,,,,,,,,,,,,,,,,,,,
fig:1539,CuE,usuario,CuE,,E,,,Cucumber extract,89998-01-6,,,,,,natural,extract,,Green,Cucumber,Fresh,,fig,,,sin-dato,,,,,,,,,,,,,,,,,,,,,,,
fig:1540,CUSO,usuario,CUSO,,O,,,Cumin seed oil,8014-13-9,,,,,,natural,oil,,Spicy,Woody,Aromatic,,fig ifra-anexo ifra-estandar,IFRA_STD_090,Cumin oil,con-techo,mismo CAS que «Cumin oil» (STD 090): comprobar la variante,2,por nombre,0.4,0.4,0.4,0.4,0.4,0.4,0.4,0.4,0.4,sin-restriccion,0.4,0.4,sin-restriccion,sin-restriccion,0.4,sin-restriccion,0.4,sin-restriccion,,
fig:1541,Cum,usuario,Cum,,,,,Cuminacetaldehyde,1335-44-0,,,,,,molécula,,,Green,Leafy,Woody,,fig,,,sin-estandar,,,,,,,,,,,,,,,,,,,,,,,
fig:1542,Cu2,usuario,Cu2,,,,,Cuminaldehyde,122-03-2,,,,,,molécula,,,Herbal,Spicy,Cumin,,fig ifra-estandar,IFRA_STD_024,Cuminaldehyde,con-techo,,,,0.085,0.025,0.51,0.47,0.12,0.12,0.12,0.12,0.28,0.96,0.96,0.05,0.92,3.3,3.3,1.8,1.8,sin-restriccion,,"Benzaldehyde, 4-(1-methylethyl)- | Cumaldehyde | Cuminal | Cuminic aldehyde | 4-Isopropylbenzaldehyde | p-Isopropylbenzaldehyde | 4-Isopropylbenzenecarboxaldehyde"
fig:1543,CUN,usuario,CUN,,,,,Cuminyl nitrile,13816-33-6,,,,,,molécula,,,Spicy,Cumin,Green,,fig,,,sin-estandar,,,,,,,,,,,,,,,,,,,,,,,
fig:1544,CLA,usuario,CLA,,A,,,Curry leaf absolute,876068-15-4,,,,,,natural,absolute,,Spicy,Green,Aromatic,,fig,,,sin-dato,,,,,,,,,,,,,,,,,,,,,,,
fig:1545,CAM,usuario,CAM,,,,,Cyclamen aldehyde-methyl anthranilate (Schiff base),91-50-9,,,,,,molécula,,,Floral,Muguet,Neroli,,fig ifra-schiff,,,por-constituyentes,,1,,,,,,,,,,,,,,,,,,,,,
fig:1546,βCM,usuario,βCM,,,,,"Cyclododecaneethanol, .beta.-methyl-",118562-73-5,,,,,,molécula,,beta,Amber,Dry,Woody,,fig,,,sin-estandar,,,,,,,,,,,,,,,,,,,,,,,
fig:1547,CYF,usuario,CYF,,,,,Cyclododecyl formate,59052-82-3,,,,,,molécula,,,Woody,Fresh,Clean,,fig,,,sin-estandar,,,,,,,,,,,,,,,,,,,,,,,
fig:1548,CYE,usuario,CYE,,,,,cyclohexadec-8-en-1-one,5120-20-7,,,,,,molécula,,,Musk like,Balsamic,Powdery,,fig ifra-estandar,IFRA_STD_250,Cyclohexadecenone,con-techo,,,,0.43,0.23,2.2,4.3,1.1,1.1,0.43,0.14,0.43,3.5,3.5,0.14,8.4,7.3,30,0.14,0.14,sin-restriccion,,
fig:1549,CEN,usuario,CEN,,,,,Cyclohexadec-8-en-1-one mixture of cis and trans isomer,3100-36-5,,,,,,molécula,,,Musk like,Fresh,Floral,,fig ifra-estandar,IFRA_STD_250,Cyclohexadecenone,con-techo,,,,0.43,0.23,2.2,4.3,1.1,1.1,0.43,0.14,0.43,3.5,3.5,0.14,8.4,7.3,30,0.14,0.14,sin-restriccion,,
fig:1550,CE2,usuario,CE2,,,,,cyclohexadec-8-enone,5365-06-0,,,,,,molécula,,,Musk like,Balsamic,Powdery,,fig ifra-estandar,IFRA_STD_250,Cyclohexadecenone,con-techo,,,,0.43,0.23,2.2,4.3,1.1,1.1,0.43,0.14,0.43,3.5,3.5,0.14,8.4,7.3,30,0.14,0.14,sin-restriccion,,
fig:1551,Cyc,usuario,Cyc,,,,,Cyclohexadecanone,2550-52-9,,,,,,molécula,,,Musk like,Animal Like,Powdery,,fig ifra-estandar,IFRA_STD_249,Cyclohexadecanone,con-techo,,,,0.25,0.23,4.4,4.3,1.1,1.1,1.1,0.37,0.25,7.4,7.4,0.37,8.4,0.98,13,0.37,0.37,sin-restriccion,,Cyclohexadecanone | Homoexaltone | Isomuscone (commercial name)
fig:1552,Cy2,usuario,Cy2,,,,,Cyclohexadecenone,88642-03-9,,,,,,molécula,,,Musk like,Balsamic,Powdery,,fig ifra-estandar,IFRA_STD_250,Cyclohexadecenone,con-techo,,,,0.43,0.23,2.2,4.3,1.1,1.1,0.43,0.14,0.43,3.5,3.5,0.14,8.4,7.3,30,0.14,0.14,sin-restriccion,,
fig:1553,CR,usuario,CR,,,,,"Cyclohexane, 1-​ethenyl-​1-​methyl-​2,​4-​bis(1-​methylethenyl)​-​, (1R,​2R,​4S)​-​rel-",33880-83-0,,,,,,molécula,,,Herbal,Waxy,Fresh,,fig,,,sin-estandar,,,,,,,,,,,,,,,,,,,,,,,
fig:1554,CMM,usuario,CMM,,,,,"Cyclohexane, 1-​methyl-​4-​(1-​methylethyl)​-",99-82-1,,,,,,molécula,,,Herbal,Woody,Pine,,fig,,,sin-estandar,,,,,,,,,,,,,,,,,,,,,,,
fig:1555,CDE,usuario,CDE,,,,,"Cyclohexane, 1-(1,1-dimethylpropyl)-4-ethoxy-, cis-",181258-87-7,,,,,,molécula,,,Floral,Ozonic,Fresh,,fig,,,sin-estandar,,,,,,,,,,,,,,,,,,,,,,,
fig:1556,CYD,usuario,CYD,,,,,"Cyclohexane, 1-(1,1-dimethylpropyl)-4-ethoxy-, trans-",181258-89-9,,,,,,molécula,,,Ozonic,Metallic,Marine,,fig,,,sin-estandar,,,,,,,,,,,,,,,,,,,,,,,
fig:1557,CET,usuario,CET,,,,,"Cyclohexane, 1-ethenyl-1-methyl-2-(1-methylethenyl)-4-(1-methylethyl)-, didehydro",68845-33-0,,,,,,molécula,,,Woody,Peppery,Dry derivative,,fig,,,sin-estandar,,,,,,,,,,,,,,,,,,,,,,,
fig:1558,CA8,usuario,CA8,,,,,Cyclohexaneacetic acid,5292-21-7,,,,,,molécula,,,Acidic,Cheesy,Food like,,fig,,,sin-estandar,,,,,,,,,,,,,,,,,,,,,,,
fig:1559,αCA,usuario,αCA,,,,,"Cyclohexaneacetic acid, .alpha.-methyl-, ethyl ester",2511-00-4,,,,,,molécula,,alpha,Fruity,Green,Pear,,fig,,,sin-estandar,,,,,,,,,,,,,,,,,,,,,,,
fig:1560,CADM,usuario,CADM,,,,,"Cyclohexanecarboxylic acid, 1,4-dimethyl-, methyl ester, cis-",23059-38-3,,,,,,molécula,,,Herbal,Pine,Minty,,fig,,,sin-estandar,,,,,,,,,,,,,,,,,,,,,,,
fig:1561,CA9,usuario,CA9,,,,,"Cyclohexanecarboxylic acid, 1,4-dimethyl-, methyl ester, trans-",23250-42-2,,,,,,molécula,,,Green,Pine,Herbal,,fig,,,sin-estandar,,,,,,,,,,,,,,,,,,,,,,,
fig:1562,CAT,usuario,CAT,,,,,"Cyclohexanecarboxylic acid, 2,2,6-trimethyl-, ethyl ester, (1R,6S)-rel-",22471-55-2,,,,,,molécula,,,Fruity,Rose,Amber,,fig,,,sin-estandar,,,,,,,,,,,,,,,,,,,,,,,
fig:1563,CAME,usuario,CAME,,,,,"Cyclohexanecarboxylic acid, 3-methyl, methyl ester, (1R,3S)-rel-",7605-52-9,,,,,,molécula,,,Fruity,Raspberry,Green,,fig,,,sin-estandar,,,,,,,,,,,,,,,,,,,,,,,
fig:1564,CMD,usuario,CMD,,,,,"Cyclohexaneethanethiol, 3-mercapto-b,4-dimethyl-",4802-20-4,,,,,,molécula,,,Sulfurous,Grapefruit,Green,,fig,,,sin-estandar,,,,,,,,,,,,,,,,,,,,,,,
fig:1565,CA10,usuario,CA10,,,,,Cyclohexaneethyl acetate,21722-83-8,,,,,,molécula,,,Floral,Rose,Fruity,,fig,,,sin-estandar,,,,,,,,,,,,,,,,,,,,,,,
fig:1566,CDI,usuario,CDI,,,,,"Cyclohexanemethanol, 2,4-dimethyl-",68480-15-9,,,,,,molécula,,,Floral,Minty,Earthy,,fig ifra-estandar,IFRA_STD_210,"Cyclohexanemethanol, 2,4-dimethyl-",con-techo,,,,0.0013,0.39,0.0013,0.0013,1.3,0.0013,0.0013,0.00043,0.0013,0.0013,0.0013,0.00043,3.1,3.1,0.0013,0.00043,0.00043,0.0013,,"(2,4-Dimethylcyclohexyl)methanol | 2,4-Dimethylcyclohexanemethanol"
fig:1567,CATA,usuario,CATA,,,,,"Cyclohexanemethanol, 4-(acetyloxy)-a,a,4-trimethyl-, acetate",20009-20-5,,,,,,molécula,,,Citrus,Woody,Fresh,,fig,,,sin-estandar,,,,,,,,,,,,,,,,,,,,,,,
fig:1568,CTP,usuario,CTP,,,,,"Cyclohexanepropanol, 2,2,3,6-tetramethyl-a-propyl-",95851-08-4,,,,,,molécula,,,Woody,Amber,Warm,,fig,,,sin-estandar,,,,,,,,,,,,,,,,,,,,,,,
fig:1569,CE3,usuario,CE3,,,,,"Cyclohexanepropanol, a-ethyl-2,2,6-trimethyl-",60241-52-3,,,,,,molécula,,,Woody,Cedarwood,Violet,,fig ifra-estandar,IFRA_STD_251,"1-(2,2,6-Trimethylcyclohexyl)-3-pentanol",con-techo,,,,0.096,0.071,1.4,1.3,0.34,0.34,0.096,0.032,0.096,2.7,2.7,0.032,2.6,3.4,9.3,0.032,0.032,sin-restriccion,,
fig:1570,CAH,usuario,CAH,,,,,"Cyclohexanepropionic acid, 1-hydroxy-, g-lactone",699-61-6,,,,,,molécula,,,Fruity,Hay,Floral,,fig,,,sin-estandar,,,,,,,,,,,,,,,,,,,,,,,
fig:1571,Cy3,usuario,Cy3,,,,,Cyclohexanol,108-93-0,,,,,,molécula,,,Camphoraceous,Minty,Earthy,,fig,,,sin-estandar,,,,,,,,,,,,,,,,,,,,,,,
fig:1572,CMP,usuario,CMP,,,,,"Cyclohexanol, 2-methoxy-4-propyl-",23950-98-3,,,,,,molécula,,,Herbal,Basil,Parsley,,fig,,,sin-estandar,,,,,,,,,,,,,,,,,,,,,,,
fig:1573,CMMB,usuario,CMMB,,,,,"Cyclohexanol, 5-methyl-2-(1-methylethyl)-, 1-benzoate, (1R,2S,5R)-rel-",38649-18-2,,,,,,molécula,,,Floral,Ylang,Jasmin,,fig,,,sin-estandar,,,,,,,,,,,,,,,,,,,,,,,
fig:1574,CMMA,usuario,CMMA,,,,,"Cyclohexanol, 5-methyl-2-(1-methylethyl)-, acetate, (1a,2a,5b)-",2230-87-7,,,,,,molécula,,,Minty,Fresh,Green,,fig,,,sin-estandar,,,,,,,,,,,,,,,,,,,,,,,
fig:1575,CM2,usuario,CM2,,,,,"Cyclohexanol,4-(3-methylbutyl)-",830322-14-0,,,,,,molécula,,,Floral,Rose,Citrus,,fig,,,sin-estandar,,,,,,,,,,,,,,,,,,,,,,,
fig:1576,Cy4,usuario,Cy4,,,,,Cyclohexanone,108-94-1,,,,,,molécula,,,Aromatic,Minty,Floral,,fig,,,sin-estandar,,,,,,,,,,,,,,,,,,,,,,,
fig:1577,CK,usuario,CK,,,,,"Cyclohexanone 1,3-butylene glycol ketal",6413-26-9,,,,,,molécula,,,Herbal,Eucalyptus,Artemisia,,fig,,,sin-estandar,,,,,,,,,,,,,,,,,,,,,,,
fig:1578,CDK,usuario,CDK,,,,,Cyclohexanone diethyl ketal,1670-47-9,,,,,,molécula,,,Fruity,Tobacco,Woody,,fig,,,sin-estandar,,,,,,,,,,,,,,,,,,,,,,,
fig:1579,CM3,usuario,CM3,,,,,"Cyclohexanone, 2-​methyl-​5-​(1-​methylethyl)​-",59471-80-6,,,,,,molécula,,,Minty,Caraway,Spearmint,,fig ifra-estandar,IFRA_STD_262,Carvomenthone,con-techo,,,,0.0019,0.0019,0.0019,1.9,0.079,0.0019,0.019,0.00064,0.027,0.0019,0.0019,0.00064,0.054,0.0019,0.0019,0.00064,0.00064,0.0019,,
fig:1580,CED,usuario,CED,,,,,"Cyclohexanone, 2-ethyl-4,4-dimethyl-",55739-89-4,,,,,,molécula,,,Herbal,Lavender,Fresh,,fig,,,sin-estandar,,,,,,,,,,,,,,,,,,,,,,,
fig:1581,CM4,usuario,CM4,,,,,"Cyclohexanone, 2-methyl-5-(1-methylethenyl)-, (2R,5R)-",5524-05-0,,,,,,molécula,,,Minty,Herbal,Menthol,,fig,,,sin-estandar,,,,,,,,,,,,,,,,,,,,,,,
fig:1582,CMMO,usuario,CMMO,,,,,"Cyclohexanone,5-methyl-2-(1-methylethyl)-,oxime",19096-86-7,,,,,,molécula,,,Floral,Green,Aldehydic,,fig,,,sin-estandar,,,,,,,,,,,,,,,,,,,,,,,
fig:1583,CD2,usuario,CD2,,,,,"Cyclohexenecarboxaldehyde, dimethyl-",68084-52-6,,,,,,molécula,,,Green,Grassy,Citrus,,fig ifra-estandar,IFRA_STD_030,Dimethylcyclohex-3-ene-1-carbaldehyde (mixed isomers),con-techo,,,,0.45,0.14,2.7,2.5,0.64,0.64,0.64,0.64,1.5,5.2,5.2,0.27,4.9,18,18,9.8,9.8,sin-restriccion,,
fig:1584,CA11,usuario,CA11,,,,,Cyclohexyl acetate,622-45-7,,,,,,molécula,,,Fruity,Floral,Green,,fig,,,sin-estandar,,,,,,,,,,,,,,,,,,,,,,,
fig:1585,CB3,usuario,CB3,,,,,Cyclohexyl butyrate,1551-44-6,,,,,,molécula,,,Fruity,Apple,Pineapple,,fig,,,sin-estandar,,,,,,,,,,,,,,,,,,,,,,,
fig:1586,CYC,usuario,CYC,,,,,Cyclohexyl cyclopent-2-ene-1-acetate,65405-69-8,,,,,,molécula,,,Woody,Vetiver,Grapefruit,,fig,,,sin-estandar,,,,,,,,,,,,,,,,,,,,,,,
fig:1587,CM5,usuario,CM5,,,,,Cyclohexyl methyl pentanone,4927-39-3,,,,,,molécula,,,Woody,Vetiver,Fresh,,fig,,,sin-estandar,,,,,,,,,,,,,,,,,,,,,,,
fig:1588,CYP,usuario,CYP,,,,,Cyclohexyl phenylacetate,42288-75-5,,,,,,molécula,,,Floral,Honey,Rose,,fig,,,sin-estandar,,,,,,,,,,,,,,,,,,,,,,,
fig:1589,CYS,usuario,CYS,,,,,Cyclohexyl salicylate,25485-88-5,,,,,,molécula,,,Floral,Ylang,Green,,fig,,,sin-estandar,,,,,,,,,,,,,,,,,,,,,,,
fig:1590,CY,usuario,CY,,,,,Cyclooct-4-en-1-yl methyl carbonate,87731-18-8,,,,,,molécula,,,Floral,Violet,Green,,fig,,,sin-estandar,,,,,,,,,,,,,,,,,,,,,,,
fig:1591,Cy5,usuario,Cy5,,,,,Cyclopentadecanone,502-72-7,,,,,,molécula,,,Musk like,Powdery,Animal Like,,fig,,,sin-estandar,,,,,,,,,,,,,,,,,,,,,,,
fig:1592,CRT,usuario,CRT,,,,,"Cyclopentaneacetonit​rile, 2,​4,​4-​trimethyl-​α-​methylene-",1266606-13-6,,,,,,molécula,,,Fruity,Green,Woody,,fig,,,sin-estandar,,,,,,,,,,,,,,,,,,,,,,,
fig:1593,CDM,usuario,CDM,,,,,"Cyclopentanol, 1,2-dimethyl-3-(1-methylethenyl)-",72402-00-7,,,,,,molécula,,,Herbal,Camphoraceous,Citrus,,fig,,,sin-estandar,,,,,,,,,,,,,,,,,,,,,,,
fig:1594,CDMA,usuario,CDMA,,,,,"Cyclopentanol, 1,2-dimethyl-3-(1-methylethenyl)-, acetate",94346-09-5,,,,,,molécula,,,Herbal,Woody,Warm,,fig,,,sin-estandar,,,,,,,,,,,,,,,,,,,,,,,
fig:1595,CMMP,usuario,CMMP,,,,,"Cyclopentanol, 2-​methyl-​5-​(1-​methylethyl)​-​, 1-​propanoate",1245725-35-2,,,,,,molécula,,,Fruity,Floral,Green,,fig,,,sin-estandar,,,,,,,,,,,,,,,,,,,,,,,
fig:1596,CHY,usuario,CHY,,,,,"Cyclopentanol, 2-(2-hexen-1-yl)-",34686-67-4,,,,,,molécula,,,Floral,Jasmin,Banana,,fig,,,sin-estandar,,,,,,,,,,,,,,,,,,,,,,,
fig:1597,Cy6,usuario,Cy6,,,,,Cyclopentanone,120-92-3,,,,,,molécula,,,Minty,Powdery,Dry,,fig,,,sin-estandar,,,,,,,,,,,,,,,,,,,,,,,
fig:1598,CAHE,usuario,CAHE,,,,,"Cyclopropanecarboxylic acid, (3Z)-3-hexenyl ester",188570-78-7,,,,,,molécula,,,Green,Fresh,Fruity,,fig,,,sin-estandar,,,,,,,,,,,,,,,,,,,,,,,
fig:1599,CADE,usuario,CADE,,,,,"Cyclopropanecarboxylic acid, 2-[1-(3,3-dimethylcyclohexyl)ethoxy]-2-methylpropyl",477218-42-1,,,,,,molécula,,,Musk like,Fruity,Sweet ester,,fig,,,sin-estandar,,,,,,,,,,,,,,,,,,,,,,,
fig:1600,CAMT,usuario,CAMT,,,,,"Cyclopropanecarboxylic acid, 2-methyl-2-[(1,2,4-trimethyl-2-penten-1-yl)oxy]propyl",676532-44-8,,,,,,molécula,,,Musk like,Fruity,Berry ester,,fig,,,sin-estandar,,,,,,,,,,,,,,,,,,,,,,,
fig:1601,CMT,usuario,CMT,,,,,"Cyclopropanemethanol, 1-methyl-2-[(1,2,2-trimethylbicyclo[3.1.0]hex-3-yl)methyl]-",198404-98-7,,,,,,molécula,,,Woody,Sandalwood,Creamy,,fig,,,sin-estandar,,,,,,,,,,,,,,,,,,,,,,,
fig:1602,CNE,usuario,CNE,,,,,"Cymbopogon nardus, ext., reaction products with acetone",94333-69-4,,,,,,molécula,,,Citrus,Verbena,Herbal,,fig,,,sin-estandar,,,,,,,,,,,,,,,,,,,,,,,
fig:1603,CEX,usuario,CEX,,,,,"Cymbopogon, ext., oxidized",84238-19-7,,,,,,molécula,,,Spicy,Ginger,Carnation,,fig,,,sin-estandar,,,,,,,,,,,,,,,,,,,,,,,
fig:1604,Cp,usuario,Cp,,,,,Cypress,8013-86-3,,,,,,natural,,,Woody,Fresh,Herbal,,fig ifra-anexo,,,por-constituyentes,,1,por CAS,,,,,,,,,,,,,,,,,,,,
fig:1605,CyO,usuario,CyO,,O,,,Cypress oil,8013-86-3,,,,,,natural,oil,,Woody,Pine,Herbal,,fig ifra-anexo,,,por-constituyentes,,1,por nombre,,,,,,,,,,,,,,,,,,,,
fig:1606,CypO,usuario,CypO,,O,,,"Cypress oil, terpene-free",68916-59-6,,,,,,natural,oil,,Woody,Resinous,Peppery,,fig,,,sin-dato,,,,,,,,,,,,,,,,,,,,,,,
fig:1607,CyO2,usuario,CyO2,,O,,,Cypriol oil,68916-60-9,,,,,,natural,oil,,Woody,Earthy,Amber,,fig,,,sin-dato,,,,,,,,,,,,,,,,,,,,,,,
fig:1608,CyO3,usuario,CyO3,,O,,,"Cypriol oil, rectified",68916-60-9,,,,,,natural,oil,,Woody,Earthy,Amber,,fig,,,sin-dato,,,,,,,,,,,,,,,,,,,,,,,
fig:1609,dGG,usuario,dGG,,,,,"D-​Glucose, 4-​O-​α-​D-​glucopyranosyl-",69-79-4,,,,,,molécula,,d,Gourmand,Sweet,Fruity,,fig,,,sin-estandar,,,,,,,,,,,,,,,,,,,,,,,
fig:1610,dlIs,usuario,dlIs,,,,,"d,l-Isomenthone",491-07-6,,,,,,molécula,,dl,Herbal,Fresh,Minty,,fig,,,sin-estandar,,,,,,,,,,,,,,,,,,,,,,,
fig:1611,dlLI,usuario,dlLI,,,,,"d,l-Limonene (isomer unspecified)",7705-14-8,,,,,,molécula,,dl,Citrus,Fresh,Herbal (6876-12-6),,fig ifra-estandar,IFRA_STD_186,Limonene,condicion,especificación (STD 186),,,,,,,,,,,,,,,,,,,,,,
fig:1612,dlMI,usuario,dlMI,,,,,"d,l-Menthol (isomer unspecified)",1490-04-6,,,,,,molécula,,dl,Minty,Fresh,Cooling,,fig,,,sin-estandar,,,,,,,,,,,,,,,,,,,,,,,
fig:1613,dlMG,usuario,dlMG,,,,,"d,l-Menthone 1,2-glycerol ketal",63187-91-7,,,,,,molécula,,dl,Minty,Cooling,Sweet,,fig,,,sin-estandar,,,,,,,,,,,,,,,,,,,,,,,
fig:1614,dlMe,usuario,dlMe,,,,,"D,L-Methionine",59-51-8,,,,,,molécula,,dl,Sulfurous,Acidic,Dry,,fig,,,sin-estandar,,,,,,,,,,,,,,,,,,,,,,,
fig:1615,dαPi,usuario,dαPi,,,,,d-.alpha.-Pinene,7785-70-8,,,,,,molécula,,dalpha,Herbal,Terpenic,Aromatic,,fig,,,condicion,"familia, por el nombre: pináceas: índice de peróxidos (STD 184)",,,,,,,,,,,,,,,,,,,,,,
fig:1616,dαTe,usuario,dαTe,,,,,d-.alpha.-Terpineol,7785-53-7,,,,,,molécula,,dalpha,Herbal,Floral,Pine,,fig,,,sin-estandar,,,,,,,,,,,,,,,,,,,,,,,
fig:1617,dME,usuario,dME,,,,,"d-8-p-Menthene-1,2-epoxide",1195-92-2,,,,,,molécula,,d,Citrus,Minty,Fresh,,fig,,,sin-estandar,,,,,,,,,,,,,,,,,,,,,,,
fig:1618,dαTA,usuario,dαTA,,,,,d-alpha-Terpineol acetate,7785-54-8,,,,,,molécula,,dalpha,Floral,Sweet,Fresh,,fig,,,sin-estandar,,,,,,,,,,,,,,,,,,,,,,,
fig:1619,DaO,usuario,DaO,,O,,,Davana oil,8016-03-3,,,,,,natural,oil,,Fruity,Sweet,Herbal,,fig ifra-anexo,,,por-constituyentes,,1,por nombre,,,,,,,,,,,,,,,,,,,,
fig:1620,dCa,usuario,dCa,,,,,d-Camphor,464-49-3,,,,,,molécula,,d,Minty,Camphoraceous,Menthol,,fig,,,sin-estandar,,,,,,,,,,,,,,,,,,,,,,,
fig:1621,dCr,usuario,dCr,,,,,d-Carvone,2244-16-8,,,,,,molécula,,d,Herbal,Fresh,Spicy,,fig ifra-estandar,IFRA_STD_016,Carvone,con-techo,,,,0.2,0.06,0.02,0.59,0.2,0.039,0.059,0.013,0.66,0.039,0.039,0.013,0.18,0.18,0.43,0.013,0.013,17,,
fig:1622,dCA,usuario,dCA,,,,,d-Cyclocitronellene acetate,25225-10-9,,,,,,molécula,,d,Floral,Rose,Fruity,,fig,,,sin-estandar,,,,,,,,,,,,,,,,,,,,,,,
fig:1623,βDN,usuario,βDN,,,,,Decahydro-beta-naphthol,825-51-4,,,,,,molécula,,beta,Floral,Muguet,Clean,,fig,,,sin-estandar,,,,,,,,,,,,,,,,,,,,,,,
fig:1624,βDA,usuario,βDA,,,,,Decahydro-beta-naphthyl acetate,10519-11-6,,,,,,molécula,,beta,Woody,Fruity,Floral,,fig,,,sin-estandar,,,,,,,,,,,,,,,,,,,,,,,
fig:1625,βDF,usuario,βDF,,,,,Decahydro-beta-naphthyl formate,10519-12-7,,,,,,molécula,,beta,Woody,Dry,Floral,,fig,,,sin-estandar,,,,,,,,,,,,,,,,,,,,,,,
fig:1626,DFM,usuario,DFM,,,,,"Decahydrospiro[furan-2(3H),5'-[4,7]methano[5H]indene]",68480-11-5,,,,,,molécula,,,Citrus,Dry,Grapefruit,,fig,,,sin-estandar,,,,,,,,,,,,,,,,,,,,,,,
fig:1627,De9,usuario,De9,,,,,Decanal,112-31-2,,,,,,molécula,,,Aldehydic,Orange,Green,,fig,,,sin-estandar,,,,,,,,,,,,,,,,,,,,,,,
fig:1628,DDA,usuario,DDA,,,,,Decanal dimethyl acetal,7779-41-1,,,,,,molécula,,,Floral,Waxy,Citrus,,fig,,,sin-estandar,,,,,,,,,,,,,,,,,,,,,,,
fig:1629,DMS,usuario,DMS,,,,,Decanal-methylanthranilate (Schiff base),67874-67-3,,,,,,molécula,,,Floral,Fresh,Oily,,fig,,,sin-estandar,,,,,,,,,,,,,,,,,,,,,,,
fig:1630,De10,usuario,De10,,,,,Decanenitrile,1975-78-6,,,,,,molécula,,,Citrus,Tropical-Fruit,Green,,fig,,,sin-estandar,,,,,,,,,,,,,,,,,,,,,,,
fig:1631,DA6,usuario,DA6,,,,,Decanoic acid,334-48-5,,,,,,molécula,,,Acidic,Creamy,Buttery,,fig,,,sin-estandar,,,,,,,,,,,,,,,,,,,,,,,
fig:1632,DA7,usuario,DA7,,,,,Decyl acetate,112-17-4,,,,,,molécula,,,Fruity,Floral,Apple,,fig,,,sin-estandar,,,,,,,,,,,,,,,,,,,,,,,
fig:1633,DM5,usuario,DM5,,,,,Decyl methyl ether,7289-52-3,,,,,,molécula,,,Ozonic,Fresh,Clean,,fig,,,sin-estandar,,,,,,,,,,,,,,,,,,,,,,,
fig:1634,DP2,usuario,DP2,,,,,Decyl propionate,5454-19-3,,,,,,molécula,,,Fruity,Oily,Pear,,fig,,,sin-estandar,,,,,,,,,,,,,,,,,,,,,,,
fig:1635,DTP,usuario,DTP,,,,,Deer tongue pyrogenated,68606-82-6,,,,,,natural,,,Powdery,Coumarin,Tobacco,,fig ifra-anexo,,,por-constituyentes,,2,por CAS,,,,,,,,,,,,,,,,,,,,
fig:1636,DLA,usuario,DLA,,A,,,Deertongue leaf absolute,68606-82-6,,,,,,natural,absolute,,Powdery,Coumarin,Tobacco,,fig ifra-anexo,,,por-constituyentes,,2,por nombre,,,,,,,,,,,,,,,,,,,,
fig:1637,DLE,usuario,DLE,,E,,,Deertongue leaf extract,68606-82-6,,,,,,natural,extract,,Powdery,Coumarin,Tobacco,,fig ifra-anexo,,,por-constituyentes,,2,por CAS,,,,,,,,,,,,,,,,,,,,
fig:1638,DL,usuario,DL,,,,,Deertongue leaf incolore,68606-82-6,,,,,,natural,,,Powdery,Coumarin,Tobacco,,fig ifra-anexo,,,por-constituyentes,,2,por CAS,,,,,,,,,,,,,,,,,,,,
fig:1639,δTC,usuario,δTC,,,,,"delta-1-(2,6,6-Trimethyl-3-cyclohexen-1-yl)-2-buten-1-one",57378-68-4,,,,,,molécula,,delta,Fruity,Apple,Rose,,fig ifra-estandar,IFRA_STD_077,Rose ketones,con-techo,,,,0.0077,0.0023,0.046,0.043,0.011,0.011,0.011,0.011,0.025,0.088,0.088,0.0045,0.084,0.3,0.3,0.17,0.17,sin-restriccion,,
fig:1640,δCa,usuario,δCa,,,,,delta-3-Carene,13466-78-9,,,,,,molécula,,delta,Herbal,Green,Pine,,fig,,,condicion,"familia, por el nombre: pináceas: índice de peróxidos (STD 184)",,,,,,,,,,,,,,,,,,,,,,
fig:1641,δDe,usuario,δDe,,,,,delta-Decalactone,705-86-2,,,,,,molécula,,delta,Gourmand,Creamy,Coconut,,fig,,,sin-estandar,,,,,,,,,,,,,,,,,,,,,,,
fig:1642,δDo,usuario,δDo,,,,,delta-Dodecalactone,713-95-1,,,,,,molécula,,delta,Fruity,Milky,Nutty,,fig,,,sin-estandar,,,,,,,,,,,,,,,,,,,,,,,
fig:1643,δHe,usuario,δHe,,,,,delta-Hexalactone,823-22-3,,,,,,molécula,,delta,Fruity,Coconut,Creamy,,fig,,,sin-estandar,,,,,,,,,,,,,,,,,,,,,,,
fig:1644,δOc,usuario,δOc,,,,,delta-Octalactone,698-76-0,,,,,,molécula,,delta,Fruity,Coconut,Minty,,fig,,,sin-estandar,,,,,,,,,,,,,,,,,,,,,,,
fig:1645,δTe,usuario,δTe,,,,,delta-Tetradecalactone,2721-22-4,,,,,,molécula,,delta,Fruity,Creamy,Coconut,,fig,,,sin-estandar,,,,,,,,,,,,,,,,,,,,,,,
fig:1646,δUn,usuario,δUn,,,,,delta-Undecalactone,710-04-3,,,,,,molécula,,delta,Fruity,Peach,Creamy,,fig,,,sin-estandar,,,,,,,,,,,,,,,,,,,,,,,
fig:1647,dFe,usuario,dFe,,,,,d-Fenchone,4695-62-9,,,,,,molécula,,d,Herbal,Camphoraceous,Aromatic,,fig,,,sin-estandar,,,,,,,,,,,,,,,,,,,,,,,
fig:1648,Dia,usuario,Dia,,,,,Diacetyl,431-03-8,,,,,,molécula,,,Food Like,Buttery,Creamy,,fig,,,sin-estandar,,,,,,,,,,,,,,,,,,,,,,,
fig:1649,DE9,usuario,DE9,,,,,Dibenzyl ether,103-50-4,,,,,,molécula,,,Powdery,Sweet,Floral,,fig ifra-estandar,IFRA_STD_027,Dibenzyl ether,con-techo,,,,0.00004,0.0028,0.0002,0.012,0.0023,0.00024,0.00032,0.000081,0.0023,0.00093,0.00093,0.000081,0.0037,0.0037,0.0037,0.000081,0.000081,0.24,,"Phenylmethoxymethylbenzene | Benzene, 1,1'-[oxybis(methylene)]bis- | Benzyl ether | Benzyl oxide | Dibenzyl oxide | 1,1'-[Oxybis(methylene)]dibenzene"
fig:1650,DCD,usuario,DCD,,,,,"Diethyl 1,4-cyclohexane dicarboxylate",72903-27-6,,,,,,molécula,,,Fruity,Raspberry,Apple,,fig,,,sin-estandar,,,,,,,,,,,,,,,,,,,,,,,
fig:1651,DK,usuario,DK,,,,,Diethyl ketone,96-22-0,,,,,,molécula,,,Fruity,Apple,Light,,fig,,,sin-estandar,,,,,,,,,,,,,,,,,,,,,,,
fig:1652,DMA,usuario,DMA,,,,,Diethyl malonate,105-53-3,,,,,,molécula,,,Fruity,Green,Apple,,fig,,,sin-estandar,,,,,,,,,,,,,,,,,,,,,,,
fig:1653,DIS,usuario,DIS,,,,,Diethyl succinate,123-25-1,,,,,,molécula,,,Fruity,Apple,Pear,,fig,,,sin-estandar,,,,,,,,,,,,,,,,,,,,,,,
fig:1654,DE10,usuario,DE10,,,,,Diethyldimethylcyclohex-2-en-1-one,68845-36-3,,,,,,molécula,,,Herbal,Warm,Woody,,fig,,,sin-estandar,,,,,,,,,,,,,,,,,,,,,,,
fig:1655,DIF,usuario,DIF,,,,,Dihexyl fumarate,19139-31-2,,,,,,molécula,,,Floral,Green,Magnolia,,fig,,,sin-estandar,,,,,,,,,,,,,,,,,,,,,,,
fig:1656,DFA,usuario,DFA,,,,,Dihydro farnesal,32480-08-3,,,,,,molécula,,,Aldehydic,Green,Floral,,fig,,,sin-estandar,,,,,,,,,,,,,,,,,,,,,,,
fig:1657,βDT,usuario,βDT,,,,,Dihydro-.beta.-terpinyl acetate,26252-11-9,,,,,,molécula,,beta,Herbal,Pine,Minty,,fig,,,sin-estandar,,,,,,,,,,,,,,,,,,,,,,,
fig:1658,γDI,usuario,γDI,,,,,Dihydro-.gamma.-ionone,13720-12-2,,,,,,molécula,,gamma,Woody,Amber,Earthy,,fig,,,sin-estandar,,,,,,,,,,,,,,,,,,,,,,,
fig:1659,DMPO,usuario,DMPO,,,,,Dihydro-4-methyl-5-pentylfuran-2(3H)-one,33673-62-0,,,,,,molécula,,,Floral,Lactonic,Tuberose,,fig,,,sin-estandar,,,,,,,,,,,,,,,,,,,,,,,
fig:1660,αDI,usuario,αDI,,,,,Dihydro-alpha-ionone,31499-72-6,,,,,,molécula,,alpha,Floral,Orris,Woody,,fig,,,sin-estandar,,,,,,,,,,,,,,,,,,,,,,,
fig:1661,αDT,usuario,αDT,,,,,Dihydro-alpha-terpineol,498-81-7,,,,,,molécula,,alpha,Floral,Citrus,Pine,,fig,,,sin-estandar,,,,,,,,,,,,,,,,,,,,,,,
fig:1662,αDA,usuario,αDA,,,,,Dihydro-alpha-terpinyl acetate,80-25-1,,,,,,molécula,,alpha,Citrus,Floral,Fresh,,fig,,,sin-estandar,,,,,,,,,,,,,,,,,,,,,,,
fig:1663,βDI,usuario,βDI,,,,,Dihydro-beta-ionol,3293-47-8,,,,,,molécula,,beta,Woody,Floral,Amber,,fig,,,sin-estandar,,,,,,,,,,,,,,,,,,,,,,,
fig:1664,βDII,usuario,βDII,,,,,Dihydro-beta-ionone,17283-81-7,,,,,,molécula,,beta,Floral,Orris,Cedarwood,,fig,,,sin-estandar,,,,,,,,,,,,,,,,,,,,,,,
fig:1665,DI2,usuario,DI2,,,,,Dihydrocarveol (isomer unspecified),619-01-2,,,,,,molécula,,,Aromatic,Spearmint,Herbal,,fig,,,sin-estandar,,,,,,,,,,,,,,,,,,,,,,,
fig:1666,Dy,usuario,Dy,,,,,"Dihydrocarveol (R,R,R)",38049-26-2,,,,,,molécula,,,Woody,Sweet,Balsamic,,fig,,,sin-estandar,,,,,,,,,,,,,,,,,,,,,,,
fig:1667,DA8,usuario,DA8,,,,,Dihydrocarvyl acetate,20777-49-5,,,,,,molécula,,,Floral,Rose,Cumin,,fig,,,sin-estandar,,,,,,,,,,,,,,,,,,,,,,,
fig:1668,Dih,usuario,Dih,,,,,Dihydrocoumarin,119-84-6,,,,,,molécula,,,Tobacco like,Coumarin,Coconut,,fig ifra-estandar,IFRA_STD_029,Dihydrocoumarin,con-techo,,,,0.038,0.011,0.23,0.21,0.053,0.053,0.053,0.018,0.12,0.43,0.43,0.018,0.41,1.5,1.5,0.018,0.018,sin-restriccion,,"Dihydrocoumarin | 1,2-Benzodihydropyrone | 2H-1-Benzopyran-2-one, 3,4-dihydro- | Chroman-2-one | 2-Chromanone | 3,4-Dihydro-2H-1-benzopyran-2-one | o-Hydroxydihydrocinnamic acid lactone | Melilotic acid lactone | Melilotic lactone (commercial name)"
fig:1669,DE11,usuario,DE11,,,,,Dihydroisocaryophyllene epoxide,1209-61-6,,,,,,molécula,,,Woody,Spicy,Tobacco,,fig,,,sin-estandar,,,,,,,,,,,,,,,,,,,,,,,
fig:1670,Di16,usuario,Di16,,,,,Dihydroisojasmone,95-41-0,,,,,,molécula,,,Floral,Jasmin,Celery,,fig,,,sin-estandar,,,,,,,,,,,,,,,,,,,,,,,
fig:1671,Di17,usuario,Di17,,,,,Dihydromyrcene,2436-90-0,,,,,,molécula,,,Herbal,Citrus,Lime,,fig,,,sin-estandar,,,,,,,,,,,,,,,,,,,,,,,
fig:1672,Di18,usuario,Di18,,,,,Dihydromyrcenol,18479-58-8,,,,,,molécula,,,Citrus,Fresh,Floral,,fig,,,sin-estandar,,,,,,,,,,,,,,,,,,,,,,,
fig:1673,DA9,usuario,DA9,,,,,Dihydromyrcenyl acetate,53767-93-4,,,,,,molécula,,,Citrus,Bergamot,Lime,,fig,,,sin-estandar,,,,,,,,,,,,,,,,,,,,,,,
fig:1674,Di19,usuario,Di19,,,,,Dihydronootkatone,20489-53-6,,,,,,molécula,,,Citrus,Fruity,Grapefruit,,fig,,,sin-estandar,,,,,,,,,,,,,,,,,,,,,,,
fig:1675,Di20,usuario,Di20,,,,,Dihydropinene,473-55-2,,,,,,molécula,,,Herbal,Pine,Green,,fig,,,sin-estandar,,,,,,,,,,,,,,,,,,,,,,,
fig:1676,Di21,usuario,Di21,,,,,Dihydrosafrole,94-58-6,,,,,,molécula,,,Spicy,Sweet,Floral,,fig ifra-estandar,IFRA_STD_179,"Safrole, Isosafrole and Dihydrosafrole",prohibido,"lo que llega de naturales, hasta 0,01 % (STD 179)",,,ver-nota,ver-nota,ver-nota,ver-nota,ver-nota,ver-nota,ver-nota,ver-nota,ver-nota,ver-nota,ver-nota,ver-nota,ver-nota,ver-nota,ver-nota,ver-nota,ver-nota,ver-nota,0.01,"1,3-Benzodioxole, 5-propyl- | 3,4-Methylenedioxypropylbenzene | 5-Propyl-1,3-benzodioxole"
fig:1677,DA10,usuario,DA10,,,,,Dihydroterpinyl acetate,58985-18-5,,,,,,molécula,,,Herbal,Pine,Citrus,,fig,,,sin-estandar,,,,,,,,,,,,,,,,,,,,,,,
fig:1678,DSO,usuario,DSO,,O,,,Dill seed oil,8006-75-5,,,,,,natural,oil,,Herbal,Green,Anisic,,fig ifra-anexo,,,por-constituyentes,,1,por nombre,,,,,,,,,,,,,,,,,,,,
fig:1679,DSL,usuario,DSL,,L,,,Dill seed oleoresin,8006-75-5,,,,,,natural,oleoresin,,Herbal,Green,Minty,,fig ifra-anexo,,,por-constituyentes,variante sin concretar: cuenta la peor de 2 del anexo,1,"por CAS: 2 variantes, cuenta la peor",,,,,,,,,,,,,,,,,,,,
fig:1680,DW,usuario,DW,,,,,Dill weed,8006-75-5,,,,,,natural,,,Herbal,Green,Anisic,,fig ifra-anexo,,,por-constituyentes,variante sin concretar: cuenta la peor de 2 del anexo,1,"por CAS: 2 variantes, cuenta la peor",,,,,,,,,,,,,,,,,,,,
fig:1681,DWO,usuario,DWO,,O,,,Dill weed oil,8006-75-5,,,,,,natural,oil,,Herbal,Green,Anisic,,fig ifra-anexo,,,por-constituyentes,,1,por nombre,,,,,,,,,,,,,,,,,,,,
fig:1682,DD5,usuario,DD5,,,,,Dimethyl disulfide,624-92-0,,,,,,molécula,,,Sulfurous,Onion,Cabbage,,fig,,,sin-estandar,,,,,,,,,,,,,,,,,,,,,,,
fig:1683,DSU,usuario,DSU,,,,,Dimethyl succinate,106-65-0,,,,,,molécula,,,Fruity,Sweet,Floral,,fig,,,sin-estandar,,,,,,,,,,,,,,,,,,,,,,,
fig:1684,DS2,usuario,DS2,,,,,Dimethyl sulfide,75-18-3,,,,,,molécula,,,Sulfurous,Vegetable,Food like,,fig,,,sin-estandar,,,,,,,,,,,,,,,,,,,,,,,
fig:1685,DT2,usuario,DT2,,,,,Dimethyl trisulfide,3658-80-8,,,,,,molécula,,,Sulfurous,Onion,Savoury,,fig,,,sin-estandar,,,,,,,,,,,,,,,,,,,,,,,
fig:1686,DECI,usuario,DECI,,,,,Dimethylcyclohex-3-ene-1-carbaldehyde (isomer mixture),68737-61-1,,,,,,molécula,,,Green,Grassy,Citrus,,fig ifra-estandar,IFRA_STD_030,Dimethylcyclohex-3-ene-1-carbaldehyde (mixed isomers),con-techo,,,,0.45,0.14,2.7,2.5,0.64,0.64,0.64,0.64,1.5,5.2,5.2,0.27,4.9,18,18,9.8,9.8,sin-restriccion,,
fig:1687,DE12,usuario,DE12,,,,,Dimethylcyclohex-3-ene-1-carbaldehyde (isomer unspecified),27939-60-2,,,,,,molécula,,,Green,Grassy,Citrus,,fig ifra-estandar,IFRA_STD_030,Dimethylcyclohex-3-ene-1-carbaldehyde (mixed isomers),con-techo,,,,0.45,0.14,2.7,2.5,0.64,0.64,0.64,0.64,1.5,5.2,5.2,0.27,4.9,18,18,9.8,9.8,sin-restriccion,,
fig:1688,Dr,usuario,Dr,,,,,Dimyrcene,532-87-6,,,,,,molécula,,,Herbal,Aromatic,Citrus,,fig,,,sin-estandar,,,,,,,,,,,,,,,,,,,,,,,
fig:1689,DE13,usuario,DE13,,,,,Diphenyl ether,101-84-8,,,,,,molécula,,,Floral,Sweet,Green,,fig,,,sin-estandar,,,,,,,,,,,,,,,,,,,,,,,
fig:1690,Dp,usuario,Dp,,,,,Diphenylmethane,101-81-5,,,,,,molécula,,,Green,Floral,Sweet,,fig,,,sin-estandar,,,,,,,,,,,,,,,,,,,,,,,
fig:1691,DD6,usuario,DD6,,,,,Dipropyl disulfide,629-19-6,,,,,,molécula,,,Sulfurous,Onion,Green,,fig,,,sin-estandar,,,,,,,,,,,,,,,,,,,,,,,
fig:1692,dlCa,usuario,dlCa,,,,,dl-Camphor,21368-68-3,,,,,,molécula,,dl,Herbal,Camphoraceous,Rosemary,,fig,,,sin-estandar,,,,,,,,,,,,,,,,,,,,,,,
fig:1693,dlCi,usuario,dlCi,,,,,dl-Citronellol,106-22-9,,,,,,molécula,,dl,Floral,Rose,Citrus,,fig ifra-estandar,IFRA_STD_022,Citronellol,con-techo,,,,2.2,0.67,13,12,3.2,3.2,3.2,3.2,7.3,25,25,1.3,24,87,87,48,48,sin-restriccion,,"3,7-Dimethyl-6-octen-1-ol | 6-Octen-1-ol, 3,7-dimethyl- | Citronellol | dl-Citronellol | Rhodinol pure (commercial name)"
fig:1694,dLi,usuario,dLi,,,,,d-Limonene,5989-27-5,,,,,,molécula,,d,Citrus,Fresh,Herbal,,fig ifra-estandar,IFRA_STD_186,Limonene,condicion,especificación (STD 186),,,,,,,,,,,,,,,,,,,,,,
fig:1695,dLn,usuario,dLn,,,,,d-Linalool,126-90-9,,,,,,molécula,,d,Floral,Lavender,Petitgrain,,fig ifra-estandar,IFRA_STD_187,Linalool,condicion,especificación (STD 187),,,,,,,,,,,,,,,,,,,,,,
fig:1696,dlLi,usuario,dlLi,,,,,dl-Limonene (racemic),138-86-3,,,,,,molécula,,dl,Citrus,Fresh,Herbal,,fig ifra-estandar,IFRA_STD_186,Limonene,condicion,especificación (STD 186),,,,,,,,,,,,,,,,,,,,,,
fig:1697,dlMn,usuario,dlMn,,,,,dl-Menthone,1074-95-9,,,,,,molécula,,dl,Minty,Cooling,Sweet,,fig,,,sin-estandar,,,,,,,,,,,,,,,,,,,,,,,
fig:1698,dlMA,usuario,dlMA,,,,,dl-Menthyl acetate,29066-34-0,,,,,,molécula,,dl,Minty,Sweet,Fresh,,fig,,,sin-estandar,,,,,,,,,,,,,,,,,,,,,,,
fig:1699,dlNe,usuario,dlNe,,,,,dl-Neomenthol,3623-51-6,,,,,,molécula,,dl,Minty,Fresh,Aromatic,,fig,,,sin-estandar,,,,,,,,,,,,,,,,,,,,,,,
fig:1700,dMe,usuario,dMe,,,,,d-Menthol,15356-60-2,,,,,,molécula,,d,Minty,Fresh,Cooling,,fig,,,sin-estandar,,,,,,,,,,,,,,,,,,,,,,,
fig:1701,DOT,usuario,DOT,,,,,"Dodecahydro-3,8,8,11a-tetramethyl-5H-3,5a-epoxynaphth[2,1-c]oxepin",57345-19-4,,,,,,molécula,,,Woody,Amber,Dry,,fig,,,sin-estandar,,,,,,,,,,,,,,,,,,,,,,,
fig:1702,DOD,usuario,DOD,,,,,Dodecanal dimethyl acetal,14620-52-1,,,,,,molécula,,,Green,Fresh,Waxy,,fig,,,sin-estandar,,,,,,,,,,,,,,,,,,,,,,,
fig:1703,Do8,usuario,Do8,,,,,Dodecanenitrile,2437-25-4,,,,,,molécula,,,Citrus,Orange,Mandarin,,fig,,,sin-estandar,,,,,,,,,,,,,,,,,,,,,,,
fig:1704,DHP,usuario,DHP,,,,,"Dodecene, hydroformylation products",68527-06-0,,,,,,molécula,,,Aldehydic,Fresh,Herbal,,fig,,,sin-estandar,,,,,,,,,,,,,,,,,,,,,,,
fig:1705,DL2,usuario,DL2,,,,,Dodecyl lactate,6283-92-7,,,,,,molécula,,,Gourmand,Buttery,Creamy,,fig,,,sin-estandar,,,,,,,,,,,,,,,,,,,,,,,
fig:1706,dPi,usuario,dPi,,,,,d-Piperitone,6091-50-5,,,,,,molécula,,d,Minty,Cooling,Herbal,,fig,,,sin-estandar,,,,,,,,,,,,,,,,,,,,,,,
fig:1707,dPu,usuario,dPu,,,,,d-Pulegone,89-82-7,,,,,,molécula,,d,Minty,Aromatic,Herbal,,fig,,,sin-estandar,,,,,,,,,,,,,,,,,,,,,,,
fig:1708,ElA,usuario,ElA,,A,,,Elemi absolute,8023-89-0,,,,,,natural,absolute,,Citrus,Fresh,Spicy,,fig ifra-anexo,,,por-constituyentes,variante sin concretar: cuenta la peor de 2 del anexo,1,"por CAS: 2 variantes, cuenta la peor",,,,,,,,,,,,,,,,,,,,
fig:1709,ECE,usuario,ECE,,E,,,Elemi CO2 extract,8023-89-0,,,,,,natural,extract,,Citrus,Fresh,Spicy,,fig ifra-anexo,,,por-constituyentes,variante sin concretar: cuenta la peor de 2 del anexo,1,"por CAS: 2 variantes, cuenta la peor",,,,,,,,,,,,,,,,,,,,
fig:1710,EG,usuario,EG,,,,,Elemi gum,8023-89-0,,,,,,natural,,,Citrus,Fresh,Spicy,,fig ifra-anexo,,,por-constituyentes,variante sin concretar: cuenta la peor de 2 del anexo,1,"por CAS: 2 variantes, cuenta la peor",,,,,,,,,,,,,,,,,,,,
fig:1711,ElO,usuario,ElO,,O,,,Elemi oil,8023-89-0,,,,,,natural,oil,,Citrus,Fresh,Spicy,,fig ifra-anexo,,,por-constituyentes,,1,por nombre,,,,,,,,,,,,,,,,,,,,
fig:1712,ELO,usuario,ELO,,O,,,ELEMI oil (low methyleugenol),8023-89-0,,,,,,natural,oil,,Citrus,Fresh,Spicy,,fig ifra-anexo,,,por-constituyentes,variante sin concretar: cuenta la peor de 2 del anexo,1,"por CAS: 2 variantes, cuenta la peor",,,,,,,,,,,,,,,,,,,,
fig:1713,EeO,usuario,EeO,,O,,,"Elemi oil, rectified",8023-89-0,,,,,,natural,oil,,Citrus,Fresh,Spicy,,fig ifra-anexo,,,por-constituyentes,variante sin concretar: cuenta la peor de 2 del anexo,1,"por CAS: 2 variantes, cuenta la peor",,,,,,,,,,,,,,,,,,,,
fig:1714,ElR,usuario,ElR,,R,,,Elemi resinoid,8023-89-0,,,,,,natural,resinoid,,Citrus,Fresh,Spicy,,fig ifra-anexo,,,por-constituyentes,,1,por nombre,,,,,,,,,,,,,,,,,,,,
fig:1715,Ee,usuario,Ee,,,,,Elemol,639-99-6,,,,,,molécula,,,Woody,Resinous,Balsamic,,fig,,,sin-estandar,,,,,,,,,,,,,,,,,,,,,,,
fig:1716,TEH,usuario,TEH,,,,,"endo-1,2,3,3-Tetramethylbicyclo[2.2.1]heptan-2-ol",28462-85-3,,,,,,molécula,,,Green,Mossy,Earthy,,fig,,,sin-estandar,,,,,,,,,,,,,,,,,,,,,,,
fig:1717,εDe,usuario,εDe,,,,,epsilon-Decalactone,5579-78-2,,,,,,molécula,,epsilon,Gourmand,Sweet,Tonka,,fig,,,sin-estandar,,,,,,,,,,,,,,,,,,,,,,,
fig:1718,Es,usuario,Es,,,,,Estragole,140-67-0,,,,,,molécula,,,Herbal,Anisic,Tarragon,,fig ifra-estandar,IFRA_STD_099,Estragole,con-techo,,,,0.00031,0.0025,0.00063,0.014,0.0022,0.00063,0.00063,0.00021,0.0019,0.00063,0.00063,0.00021,0.0041,0.00094,0.0022,0.00021,0.00021,0.11,,
fig:1719,ER,usuario,ER,,,,,"Ethaneperoxoic acid, reaction products with aluminum isopropoxide and 1,5,10-",111850-00-1,,,,,,molécula,,,Woody,Cedarwood,"Amber trimethyl-1,5,9-cyclododecatriene",,fig,,,sin-estandar,,,,,,,,,,,,,,,,,,,,,,,
fig:1720,EDH,usuario,EDH,,,,,"Ethanone, 1-​(2,​3-​dimethylbicyclo[2.2.​1]​hept-​2-​yl)​-",854737-10-3,,,,,,molécula,,,Aromatic,Woody,Camphoraceous,,fig,,,sin-estandar,,,,,,,,,,,,,,,,,,,,,,,
fig:1721,ECY,usuario,ECY,,,,,"Ethanone, 1-(3-cycloocten-1-yl)-",32669-00-4,,,,,,molécula,,,Herbal,Fruity,Artemisia,,fig,,,sin-estandar,,,,,,,,,,,,,,,,,,,,,,,
fig:1722,EU,usuario,EU,,,,,"Ethanone, 1-(4,11,11,-trimethyl-8-methylenebicyclo[7.2.0]undec-4-enyl)-[1R-(1a,4E,9b]",70801-04-6,,,,,,molécula,,,Woody,Earthy,Carrot,,fig,,,sin-estandar,,,,,,,,,,,,,,,,,,,,,,,
fig:1723,EOT,usuario,EOT,,,,,"Ethanone, 1-[(1R,2S)-1,2,3,4,5,6,7,8-octahydro-1,2,8,8-tetramethyl-2-naphthalenyl]-,",185429-83-8,,,,,,molécula,,,Woody,Amber,Floral rel-,,fig,,,sin-estandar,,,,,,,,,,,,,,,,,,,,,,,
fig:1724,αEA,usuario,αEA,,,,,"Ethyl (3a.alpha.,4.alpha.,7.alpha.,7a.alpha.)-Octahydro-4,7-methano-3aH-indene-3a-",80657-64-3,,,,,,molécula,,alpha,Fruity,Sweet,Apple carboxylate,,fig,,,sin-estandar,,,,,,,,,,,,,,,,,,,,,,,
fig:1725,βEA,usuario,βEA,,,,,"Ethyl (3a.alpha.,4.beta.,7.beta.,7a.alpha.)-Octahydro-4,7-methano-3aH-indene-3a-",80623-07-0,,,,,,molécula,,beta,Fruity,Sweet,Floral carboxylate,,fig,,,sin-estandar,,,,,,,,,,,,,,,,,,,,,,,
fig:1726,EH2,usuario,EH2,,,,,Ethyl (E)hex-3-enoate,26553-46-8,,,,,,molécula,,,Fruity,Passionfruit,Pineapple,,fig,,,sin-estandar,,,,,,,,,,,,,,,,,,,,,,,
fig:1727,EL,usuario,EL,,,,,Ethyl (L)-lactate,687-47-8,,,,,,molécula,,,Gourmand,Creamy,Ethereal,,fig,,,sin-estandar,,,,,,,,,,,,,,,,,,,,,,,
fig:1728,ETT,usuario,ETT,,,,,Ethyl (p-tolyloxy)acetate,67028-40-4,,,,,,molécula,,,Fruity,Almond,Cherry,,fig,,,sin-estandar,,,,,,,,,,,,,,,,,,,,,,,
fig:1729,ETU,usuario,ETU,,,,,Ethyl 10-undecenoate,692-86-4,,,,,,molécula,,,Fruity,Waxy,Oily,,fig,,,sin-estandar,,,,,,,,,,,,,,,,,,,,,,,
fig:1730,EDM,usuario,EDM,,,,,"Ethyl 2,2,-dimethyl-3-(2-methylprop-1-enyl)cyclopropane-1-carboxylate",97-41-6,,,,,,molécula,,,Herbal,Fruity,Floral,,fig,,,sin-estandar,,,,,,,,,,,,,,,,,,,,,,,
fig:1731,ETEC,usuario,ETEC,,,,,"Ethyl 2,3,6,6-tetramethylcyclohex-2-ene-1-carboxylate",77851-07-1,,,,,,molécula,,,Fruity,Rose,Spicy,,fig,,,sin-estandar,,,,,,,,,,,,,,,,,,,,,,,
fig:1732,ETC,usuario,ETC,,,,,"Ethyl 2,3,6-trimethylcyclohexyl carbonate",93981-50-1,,,,,,molécula,,,Floral,Rose,Leathery,,fig,,,sin-estandar,,,,,,,,,,,,,,,,,,,,,,,
fig:1733,EDE,usuario,EDE,,,,,"Ethyl 2,4,7-decatrienoate",78417-28-4,,,,,,molécula,,,Green,Fatty,Potato,,fig,,,sin-estandar,,,,,,,,,,,,,,,,,,,,,,,
fig:1734,EDA,usuario,EDA,,,,,"Ethyl 2,4-dimethyldioxolane-2-acetate",6290-17-1,,,,,,molécula,,,Fruity,Strawberry,Apple,,fig,,,sin-estandar,,,,,,,,,,,,,,,,,,,,,,,
fig:1735,ETR,usuario,ETR,,,,,"Ethyl 2,6,6-trimethylcyclohexa-1,3-ene-1-carboxylate",35044-59-8,,,,,,molécula,,,Herbal,Floral,Apple,,fig,,,sin-estandar,,,,,,,,,,,,,,,,,,,,,,,
fig:1736,EOD,usuario,EOD,,,,,"Ethyl 2-[[[2,4(or3,5)-dimethyl-3-cyclohexen-1-yl]methyl]amino]benzoate",68228-09-1,,,,,,molécula,,,Green,Grassy,Fresh,,fig,,,sin-estandar,,,,,,,,,,,,,,,,,,,,,,,
fig:1737,EDP,usuario,EDP,,,,,"Ethyl 2-[[[4-(1,1-dimethylethyl)phenyl]methylene]amino]benzoate",94108-09-5,,,,,,molécula,,,Aldehydic,Floral,Herbal,,fig ifra-schiff,,,por-constituyentes,,1,,,,,,,,,,,,,,,,,,,,,
fig:1738,ET2,usuario,ET2,,,,,"Ethyl 2-ethyl-3,6,6-trimethylcyclohexenecarboxylate",94333-50-3,,,,,,molécula,,,Fruity,Floral,Tropical-Fruit,,fig,,,sin-estandar,,,,,,,,,,,,,,,,,,,,,,,
fig:1739,EDEC,usuario,EDEC,,,,,"Ethyl 2-ethyl-6,6-dimethylcyclohex-2-ene-1-carboxylate",57934-97-1,,,,,,molécula,,,Floral,Spicy,Fruity,,fig,,,sin-estandar,,,,,,,,,,,,,,,,,,,,,,,
fig:1740,EET,usuario,EET,,,,,Ethyl 2-ethylhexanoate,2983-37-1,,,,,,molécula,,,Earthy,Orris,Herbal,,fig,,,sin-estandar,,,,,,,,,,,,,,,,,,,,,,,
fig:1741,EH3,usuario,EH3,,,,,Ethyl 2-hexylacetoacetate,29214-60-6,,,,,,molécula,,,Floral,Jasmin,Green,,fig,,,sin-estandar,,,,,,,,,,,,,,,,,,,,,,,
fig:1742,EM7,usuario,EM7,,,,,Ethyl 2-mercaptopropionate,19788-49-9,,,,,,molécula,,,Sulfurous,green,Onion,,fig,,,sin-estandar,,,,,,,,,,,,,,,,,,,,,,,
fig:1743,EM8,usuario,EM8,,,,,Ethyl 2-methoxybenzoate,7335-26-4,,,,,,molécula,,,Floral,Ylang,Fruity,,fig,,,sin-estandar,,,,,,,,,,,,,,,,,,,,,,,
fig:1744,EM9,usuario,EM9,,,,,Ethyl 2-methoxybenzyl ether,64988-06-3,,,,,,molécula,,,Green,Spicy,Rose,,fig,,,sin-estandar,,,,,,,,,,,,,,,,,,,,,,,
fig:1745,EMD,usuario,EMD,,,,,"Ethyl 2-methyl-1,3-dioxolane-2-acetate",6413-10-1,,,,,,molécula,,,Fruity,Apple,Melon,,fig,,,sin-estandar,,,,,,,,,,,,,,,,,,,,,,,
fig:1746,EM10,usuario,EM10,,,,,Ethyl 2-methyl-2-butenoate,55514-48-2,,,,,,molécula,,,Green,Pear,Grape,,fig,,,sin-estandar,,,,,,,,,,,,,,,,,,,,,,,
fig:1747,EM11,usuario,EM11,,,,,"Ethyl 2-methyl-3,4-pentadienoate",60523-21-9,,,,,,molécula,,,Fruity,Apple,Plum,,fig,,,sin-estandar,,,,,,,,,,,,,,,,,,,,,,,
fig:1748,EM12,usuario,EM12,,,,,Ethyl 2-methyl-3-pentenoate,1617-23-8,,,,,,molécula,,,Fruity,Berry,Green,,fig,,,sin-estandar,,,,,,,,,,,,,,,,,,,,,,,
fig:1749,EMO,usuario,EMO,,,,,Ethyl 2-methyl-4-oxo-6-pentylcyclohex-2-ene-1-carboxylate,59151-19-8,,,,,,molécula,,,Floral,Jasmin,Honeysuckle,,fig,,,sin-estandar,,,,,,,,,,,,,,,,,,,,,,,
fig:1750,EM13,usuario,EM13,,,,,Ethyl 2-methyl-4-pentenoate,53399-81-8,,,,,,molécula,,,Fruity,Banana,Tropical-Fruit,,fig,,,sin-estandar,,,,,,,,,,,,,,,,,,,,,,,
fig:1751,EM14,usuario,EM14,,,,,Ethyl 2-methylbutyrate,7452-79-1,,,,,,molécula,,,Fruity,Strawberry,Peach,,fig,,,sin-estandar,,,,,,,,,,,,,,,,,,,,,,,
fig:1752,EM15,usuario,EM15,,,,,Ethyl 2-methylpentanoate,39255-32-8,,,,,,molécula,,,Fruity,Sweet,Apple,,fig,,,sin-estandar,,,,,,,,,,,,,,,,,,,,,,,
fig:1753,EBC,usuario,EBC,,,,,Ethyl 2-tert-butylcyclohexyl carbonate,67801-64-3,,,,,,molécula,,,Spicy,Woody,Floral,,fig,,,sin-estandar,,,,,,,,,,,,,,,,,,,,,,,
fig:1754,EFP,usuario,EFP,,,,,Ethyl 3(2-furyl)propanoate,10031-90-0,,,,,,molécula,,,Fruity,Sweet,Balsamic,,fig,,,sin-estandar,,,,,,,,,,,,,,,,,,,,,,,
fig:1755,ET3,usuario,ET3,,,,,"Ethyl 3,5,5-trimethylhexanoate",67707-75-9,,,,,,molécula,,,Fruity,Apple,Green,,fig,,,sin-estandar,,,,,,,,,,,,,,,,,,,,,,,
fig:1756,ED4,usuario,ED4,,,,,"Ethyl 3,7-dimethylocta-2,6-dienoate",13058-12-3,,,,,,molécula,,,Floral,Grape,Green,,fig,,,sin-estandar,,,,,,,,,,,,,,,,,,,,,,,
fig:1757,EH4,usuario,EH4,,,,,Ethyl 3-hexenoate,2396-83-0,,,,,,molécula,,,Gourmand,Pineapple,Green,,fig,,,sin-estandar,,,,,,,,,,,,,,,,,,,,,,,
fig:1758,EHP,usuario,EHP,,,,,Ethyl 3-hydroxy-3-phenylpropionate,5764-85-2,,,,,,molécula,,,Fruity,Strawberry,Dry,,fig,,,sin-estandar,,,,,,,,,,,,,,,,,,,,,,,
fig:1759,EH5,usuario,EH5,,,,,Ethyl 3-hydroxybutyrate,5405-41-4,,,,,,molécula,,,Fruity,Green,Grape,,fig,,,sin-estandar,,,,,,,,,,,,,,,,,,,,,,,
fig:1760,EH6,usuario,EH6,,,,,Ethyl 3-hydroxyhexanoate,2305-25-1,,,,,,molécula,,,Fruity,Tropical-Fruit,Citrus,,fig,,,sin-estandar,,,,,,,,,,,,,,,,,,,,,,,
fig:1761,EM16,usuario,EM16,,,,,Ethyl 3-methylthiopropionate,13327-56-5,,,,,,molécula,,,Fruity,Sulfurous,Pineapple,,fig,,,sin-estandar,,,,,,,,,,,,,,,,,,,,,,,
fig:1762,ETP,usuario,ETP,,,,,Ethyl 3-phenylglycidate,121-39-1,,,,,,molécula,,,Fruity,Sweet,Strawberry,,fig,,,sin-estandar,,,,,,,,,,,,,,,,,,,,,,,
fig:1763,EPH,usuario,EPH,,,,,Ethyl 3-phenylpropionate,2021-28-5,,,,,,molécula,,,Floral,Hyacinth,Rose,,fig,,,sin-estandar,,,,,,,,,,,,,,,,,,,,,,,
fig:1764,EPE,usuario,EPE,,,,,Ethyl 4-pentenoate,1968-40-7,,,,,,molécula,,,Fruity,Green,Herbal,,fig,,,sin-estandar,,,,,,,,,,,,,,,,,,,,,,,
fig:1765,EDME,usuario,EDME,,,,,"Ethyl 6,6-dimethyl-2-methylenecyclohex-3-enecarboxylate",35044-58-7,,,,,,molécula,,,Fruity,Plum,Tobacco,,fig,,,sin-estandar,,,,,,,,,,,,,,,,,,,,,,,
fig:1766,EA3,usuario,EA3,,,,,Ethyl acetate,141-78-6,,,,,,molécula,,,Fruity,Pear,Apple,,fig,,,sin-estandar,,,,,,,,,,,,,,,,,,,,,,,
fig:1767,EA4,usuario,EA4,,,,,Ethyl acetoacetate,141-97-9,,,,,,molécula,,,Fruity,Green,Apple,,fig,,,sin-estandar,,,,,,,,,,,,,,,,,,,,,,,
fig:1768,EAN,usuario,EAN,,,,,Ethyl anthranilate,87-25-2,,,,,,molécula,,,Floral,Grape,Neroli,,fig,,,sin-estandar,,,,,,,,,,,,,,,,,,,,,,,
fig:1769,EB2,usuario,EB2,,,,,Ethyl benzoate,93-89-0,,,,,,molécula,,,Floral,Medicinal,Fruity,,fig,,,sin-estandar,,,,,,,,,,,,,,,,,,,,,,,
fig:1770,EB3,usuario,EB3,,,,,Ethyl benzoylacetate,94-02-0,,,,,,molécula,,,Fruity,Sweet,Powdery,,fig,,,sin-estandar,,,,,,,,,,,,,,,,,,,,,,,
fig:1771,EBU,usuario,EBU,,,,,Ethyl butyrate,105-54-4,,,,,,molécula,,,Fruity,Sweet,Raspberry,,fig,,,sin-estandar,,,,,,,,,,,,,,,,,,,,,,,
fig:1772,ECI,usuario,ECI,,,,,Ethyl cinnamate,103-36-6,,,,,,molécula,,,Spicy,Cinnamon,Balsamic,,fig,,,sin-estandar,,,,,,,,,,,,,,,,,,,,,,,
fig:1773,EOC,usuario,EOC,,,,,Ethyl cis-4-octenoate,34495-71-1,,,,,,molécula,,,Fruity,Fresh,Juicy,,fig,,,sin-estandar,,,,,,,,,,,,,,,,,,,,,,,
fig:1774,EC2,usuario,EC2,,,,,Ethyl cyclohexylacetate,5452-75-5,,,,,,molécula,,,Floral,Fruity,Pear,,fig,,,sin-estandar,,,,,,,,,,,,,,,,,,,,,,,
fig:1775,ED5,usuario,ED5,,,,,Ethyl decanoate,110-38-3,,,,,,molécula,,,Fruity,Sweet,Brandy,,fig,,,sin-estandar,,,,,,,,,,,,,,,,,,,,,,,
fig:1776,ETF,usuario,ETF,,,,,Ethyl formate,109-94-4,,,,,,molécula,,,Fruity,Apple,Pineapple,,fig,,,sin-estandar,,,,,,,,,,,,,,,,,,,,,,,
fig:1777,ETG,usuario,ETG,,,,,Ethyl geranate,32659-21-5,,,,,,molécula,,,Woody,Rose,Green,,fig,,,sin-estandar,,,,,,,,,,,,,,,,,,,,,,,
fig:1778,EH7,usuario,EH7,,,,,Ethyl heptanoate,106-30-9,,,,,,molécula,,,Fruity,Sweet,Plum,,fig,,,sin-estandar,,,,,,,,,,,,,,,,,,,,,,,
fig:1779,EH8,usuario,EH8,,,,,Ethyl hexanoate,123-66-0,,,,,,molécula,,,Fruity,Pineapple,Banana,,fig,,,sin-estandar,,,,,,,,,,,,,,,,,,,,,,,
fig:1780,ES,usuario,ES,,,,,Ethyl hexyl salicylate,118-60-5,,,,,,molécula,,,Floral,Aromatic,Balsamic,,fig,,,sin-estandar,,,,,,,,,,,,,,,,,,,,,,,
fig:1781,ETI,usuario,ETI,,,,,Ethyl isobutyrate,97-62-1,,,,,,molécula,,,Fruity,Sweet,Apple,,fig,,,sin-estandar,,,,,,,,,,,,,,,,,,,,,,,
fig:1782,EIS,usuario,EIS,,,,,Ethyl isovalerate,108-64-5,,,,,,molécula,,,Fruity,Berry,Pineapple,,fig,,,sin-estandar,,,,,,,,,,,,,,,,,,,,,,,
fig:1783,ETL,usuario,ETL,,,,,Ethyl lactate,97-64-3,,,,,,molécula,,,Fruity,Caramel,Coconut,,fig,,,sin-estandar,,,,,,,,,,,,,,,,,,,,,,,
fig:1784,ELA,usuario,ELA,,,,,Ethyl laurate,106-33-2,,,,,,molécula,,,Floral,Aldehydic,Sweet,,fig,,,sin-estandar,,,,,,,,,,,,,,,,,,,,,,,
fig:1785,ELE,usuario,ELE,,,,,Ethyl levulinate,539-88-8,,,,,,molécula,,,Fruity,Fresh,Green,,fig,,,sin-estandar,,,,,,,,,,,,,,,,,,,,,,,
fig:1786,ELI,usuario,ELI,,,,,Ethyl linoleate,544-35-4,,,,,,molécula,,,Fruity,Oily,Waxy,,fig,,,sin-estandar,,,,,,,,,,,,,,,,,,,,,,,
fig:1787,EMA,usuario,EMA,,,,,Ethyl maltol,4940-11-8,,,,,,molécula,,,Gourmand,Sweet,Caramel,,fig,,,sin-estandar,,,,,,,,,,,,,,,,,,,,,,,
fig:1788,EM17,usuario,EM17,,,,,Ethyl methylphenylglycidate,77-83-8,,,,,,molécula,,,Fruity,Strawberry,Floral,,fig,,,sin-estandar,,,,,,,,,,,,,,,,,,,,,,,
fig:1789,EMY,usuario,EMY,,,,,Ethyl myristate,124-06-1,,,,,,molécula,,,Floral,Waxy,Violet,,fig,,,sin-estandar,,,,,,,,,,,,,,,,,,,,,,,
fig:1790,ETN,usuario,ETN,,,,,Ethyl nonanoate,123-29-5,,,,,,molécula,,,Fruity,Rose,Tropical-Fruit,,fig,,,sin-estandar,,,,,,,,,,,,,,,,,,,,,,,
fig:1791,EOE,usuario,EOE,,,,,Ethyl oct-2-enoate,2351-90-8,,,,,,molécula,,,Fruity,Green,Pineapple,,fig,,,sin-estandar,,,,,,,,,,,,,,,,,,,,,,,
fig:1792,EO2,usuario,EO2,,,,,Ethyl octanoate,106-32-1,,,,,,molécula,,,Fruity,Fresh,Pineapple,,fig,,,sin-estandar,,,,,,,,,,,,,,,,,,,,,,,
fig:1793,EOL,usuario,EOL,,,,,Ethyl oleate,111-62-6,,,,,,molécula,,,Acidic,Fatty,Waxy,,fig,,,sin-estandar,,,,,,,,,,,,,,,,,,,,,,,
fig:1794,EPA,usuario,EPA,,,,,Ethyl palmitate,628-97-7,,,,,,molécula,,,Gourmand,Waxy,Creamy,,fig,,,sin-estandar,,,,,,,,,,,,,,,,,,,,,,,
fig:1795,EA5,usuario,EA5,,,,,Ethyl p-anisate,94-30-4,,,,,,molécula,,,Anisic,Licorice,Powdery,,fig,,,sin-estandar,,,,,,,,,,,,,,,,,,,,,,,
fig:1796,EP2,usuario,EP2,,,,,Ethyl phenethyl ether,1817-90-9,,,,,,molécula,,,Floral,Green,Fresh,,fig,,,sin-estandar,,,,,,,,,,,,,,,,,,,,,,,
fig:1797,EP3,usuario,EP3,,,,,Ethyl phenoxyacetate,2555-49-9,,,,,,molécula,,,Floral,Green,Rose,,fig,,,sin-estandar,,,,,,,,,,,,,,,,,,,,,,,
fig:1798,EPC,usuario,EPC,,,,,Ethyl phenyl carbinyl acetate,2114-29-6,,,,,,molécula,,,Floral,Green,Rose,,fig,,,sin-estandar,,,,,,,,,,,,,,,,,,,,,,,
fig:1799,EP4,usuario,EP4,,,,,Ethyl phenylacetate,101-97-3,,,,,,molécula,,,Fruity,Berry,Honey,,fig,,,sin-estandar,,,,,,,,,,,,,,,,,,,,,,,
fig:1800,EPR,usuario,EPR,,,,,Ethyl propionate,105-37-3,,,,,,molécula,,,Fruity,Apple,Pear,,fig,,,sin-estandar,,,,,,,,,,,,,,,,,,,,,,,
fig:1801,ET4,usuario,ET4,,,,,Ethyl p-tolyl carbonate,22719-81-9,,,,,,molécula,,,Floral,Narcissus,Warm,,fig,,,sin-estandar,,,,,,,,,,,,,,,,,,,,,,,
fig:1802,EPY,usuario,EPY,,,,,Ethyl pyruvate,617-35-6,,,,,,molécula,,,Fruity,Oily,Sweet,,fig,,,sin-estandar,,,,,,,,,,,,,,,,,,,,,,,
fig:1803,ETS,usuario,ETS,,,,,Ethyl safranate,35044-57-6,,,,,,molécula,,,Floral,Rose,Fruity,,fig,,,sin-estandar,,,,,,,,,,,,,,,,,,,,,,,
fig:1804,ESA,usuario,ESA,,,,,Ethyl salicylate,118-61-6,,,,,,molécula,,,Floral,Fruity,Sweet,,fig,,,sin-estandar,,,,,,,,,,,,,,,,,,,,,,,
fig:1805,ESO,usuario,ESO,,,,,Ethyl sorbate,2396-84-1,,,,,,molécula,,,Fruity,Pineapple,Green,,fig,,,sin-estandar,,,,,,,,,,,,,,,,,,,,,,,
fig:1806,ET5,usuario,ET5,,,,,Ethyl tiglate,5837-78-5,,,,,,molécula,,,Fruity,Sweet,Tropical-Fruit,,fig,,,sin-estandar,,,,,,,,,,,,,,,,,,,,,,,
fig:1807,ED6,usuario,ED6,,,,,"Ethyl trans-2,cis-4-decadienoate",3025-30-7,,,,,,molécula,,,Fruity,Pear,Melon,,fig,,,sin-estandar,,,,,,,,,,,,,,,,,,,,,,,
fig:1808,EB4,usuario,EB4,,,,,Ethyl trans-2-butenoate,623-70-1,,,,,,molécula,,,Fruity,Tropical-Fruit,Caramel,,fig,,,sin-estandar,,,,,,,,,,,,,,,,,,,,,,,
fig:1809,EB5,usuario,EB5,,,,,Ethyl trans-2-butenoate,10544-63-5,,,,,,molécula,,,Fruity,Tropical-Fruit,Caramel,,fig,,,sin-estandar,,,,,,,,,,,,,,,,,,,,,,,
fig:1810,ED7,usuario,ED7,,,,,Ethyl trans-2-decenoate,7367-88-6,,,,,,molécula,,,Fruity,Green,Apple,,fig,,,sin-estandar,,,,,,,,,,,,,,,,,,,,,,,
fig:1811,EH9,usuario,EH9,,,,,Ethyl trans-2-hexenoate,27829-72-7,,,,,,molécula,,,Fruity,Juicy,Green,,fig,,,sin-estandar,,,,,,,,,,,,,,,,,,,,,,,
fig:1812,ED8,usuario,ED8,,,,,Ethyl trans-4-decenoate,76649-16-6,,,,,,molécula,,,Green,Pear,Oily,,fig,,,sin-estandar,,,,,,,,,,,,,,,,,,,,,,,
fig:1813,EV,usuario,EV,,,,,Ethyl valerate,539-82-2,,,,,,molécula,,,Fruity,Pineapple,Tropical-Fruit,,fig,,,sin-estandar,,,,,,,,,,,,,,,,,,,,,,,
fig:1814,ETV,usuario,ETV,,,,,Ethyl vanillin,121-32-4,,,,,,molécula,,,Gourmand,Vanilla,Caramel,,fig,,,sin-estandar,,,,,,,,,,,,,,,,,,,,,,,
fig:1815,EVI,usuario,EVI,,,,,Ethyl vanillin isobutyrate,188417-26-7,,,,,,molécula,,,Gourmand,Sweet,Chocolate,,fig,,,sin-estandar,,,,,,,,,,,,,,,,,,,,,,,
fig:1816,EVP,usuario,EVP,,,,,Ethyl vanillin propylene glycol acetal,68527-76-4,,,,,,molécula,,,Gourmand,Spicy,Vanilla,,fig,,,sin-estandar,,,,,,,,,,,,,,,,,,,,,,,
fig:1817,ETHO,usuario,ETHO,,,,,"Ethyl-1,3,3-trimethylbicyclo[2.2.1]heptan-2-ol",67952-68-5,,,,,,molécula,,,Earthy,Woody,Mossy,,fig,,,sin-estandar,,,,,,,,,,,,,,,,,,,,,,,
fig:1818,EBR,usuario,EBR,,,,,Ethylene brassylate,105-95-3,,,,,,molécula,,,Musk like,Soft,Floral,,fig,,,sin-estandar,,,,,,,,,,,,,,,,,,,,,,,
fig:1819,ED9,usuario,ED9,,,,,Ethylene dodecanedioate,54982-83-1,,,,,,molécula,,,Musk like,Powdery,Fruity,,fig,,,sin-estandar,,,,,,,,,,,,,,,,,,,,,,,
fig:1820,Eu,usuario,Eu,,,,,Eucalyptol,470-82-6,,,,,,molécula,,,Herbal,Camphoraceous,Minty,,fig,,,sin-estandar,,,,,,,,,,,,,,,,,,,,,,,
fig:1821,EuA,usuario,EuA,,A,,,Eucalyptus absolute,8000-48-4,,,,,,natural,absolute,,Herbal,Camphoraceous,Aromatic,,fig ifra-anexo,,,por-constituyentes,,1,por CAS,,,,,,,,,,,,,,,,,,,,
fig:1822,ECO,usuario,ECO,,O,,,Eucalyptus citriodora oil,85203-56-1,,,,,,natural,oil,,Herbal,Fresh,Citrus,,fig ifra-anexo,,,por-constituyentes,,7,por nombre,,,,,,,,,,,,,,,,,,,,
fig:1823,EAO,usuario,EAO,,O,,,"Eucalyptus citriodora oil, acetylated",68991-29-7,,,,,,natural,oil,,Herbal,Eucalyptus,Lemongrass,,fig,,,sin-dato,,,,,,,,,,,,,,,,,,,,,,,
fig:1824,ECP,usuario,ECP,,P,,,Eucalyptus citriodora terpenes,85203-56-1,,,,,,natural,terpenes,,Herbal,Fresh,Citrus,,fig ifra-anexo,,,por-constituyentes,,7,por CAS,,,,,,,,,,,,,,,,,,,,
fig:1825,EUDE,usuario,EUDE,,E,,,Eucalyptus dives extract,8000-48-4,,,,,,natural,extract,,Herbal,Camphoraceous,Aromatic,,fig ifra-anexo,,,por-constituyentes,,1,por CAS,,,,,,,,,,,,,,,,,,,,
fig:1826,EUDO,usuario,EUDO,,O,,,Eucalyptus dives oil,8000-48-4,,,,,,natural,oil,,Herbal,Camphoraceous,Aromatic,,fig ifra-anexo,,,por-constituyentes,,1,por nombre,,,,,,,,,,,,,,,,,,,,
fig:1827,EDIO,usuario,EDIO,,O,,,"Eucalyptus dives oil, rectified",8000-48-4,,,,,,natural,oil,,Herbal,Camphoraceous,Aromatic,,fig ifra-anexo,,,por-constituyentes,,1,por CAS,,,,,,,,,,,,,,,,,,,,
fig:1828,EGA,usuario,EGA,,A,,,Eucalyptus globulus absolute,97926-40-4,,,,,,natural,absolute,,Herbal,Camphoraceous,Aromatic,,fig,,,sin-dato,,,,,,,,,,,,,,,,,,,,,,,
fig:1829,EGO,usuario,EGO,,O,,,Eucalyptus globulus oil,97926-40-4,,,,,,natural,oil,,Herbal,Camphoraceous,Aromatic,,fig,,,sin-dato,,,,,,,,,,,,,,,,,,,,,,,
fig:1830,EUGO,usuario,EUGO,,O,,,"Eucalyptus globulus oil, rectified",97926-40-4,,,,,,natural,oil,,Herbal,Camphoraceous,Aromatic,,fig,,,sin-dato,,,,,,,,,,,,,,,,,,,,,,,
fig:1831,EuO,usuario,EuO,,O,,,Eucalyptus oil,8000-48-4,,,,,,natural,oil,,Herbal,Camphoraceous,Aromatic,,fig ifra-anexo,,,por-constituyentes,,1,por CAS,,,,,,,,,,,,,,,,,,,,
fig:1832,EcO,usuario,EcO,,O,,,"Eucalyptus oil, rectified",8000-48-4,,,,,,natural,oil,,Herbal,Camphoraceous,Green,,fig ifra-anexo,,,por-constituyentes,,1,por CAS,,,,,,,,,,,,,,,,,,,,
fig:1833,ERO,usuario,ERO,,O,,,Eucalyptus radiata oil,92201-64-4,,,,,,natural,oil,,Herbal,Camphoraceous,Aromatic,,fig ifra-anexo,,,por-constituyentes,,2,por nombre,,,,,,,,,,,,,,,,,,,,
fig:1834,Eg,usuario,Eg,,,,,Eugenol,97-53-0,,,,,,molécula,,,Spicy,Clove,Floral,,fig ifra-estandar,IFRA_STD_035,Eugenol,con-techo,,,,0.45,0.14,1,2.5,0.64,0.64,0.64,0.21,1.5,2,2,0.21,4.9,4,18,0.21,0.21,sin-restriccion,,"Eugenol | 4-Allylcatechol-2-methyl ether | 1-Allyl-4-hydroxy-3-methoxybenzene | 4-Allyl-2-methoxyphenol | Caryophyllic acid | 2-Hydroxy-5-allylanisole | 1-Hydroxy-2-methoxy-4-allylbenzene | 4-Hydroxy-3-methoxy-1-allylbenzene | 1-Hydroxy-2-methoxy-4-propenylbenzene | 2-Methoxy-4-allylphenol | 2-Methoxy-4-(2-propenyl)phenol | Phenol, 2-methoxy-4-(2-propenyl)- | Eugenic acid | Allylguaiacol | 4-Allylguaiacol"
fig:1835,EUA,usuario,EUA,,,,,Eugenyl acetate,93-28-7,,,,,,molécula,,,Floral,Spicy,Fruity,,fig,,,sin-estandar,,,,,,,,,,,,,,,,,,,,,,,
fig:1836,EUM,usuario,EUM,,,,,Eugenyl methyl ether,93-15-2,,,,,,molécula,,,Spicy,Clove,Tea,,fig ifra-estandar,IFRA_STD_100,Methyl eugenol,con-techo,,,,0.00042,0.0015,0.00042,0.011,0.0015,0.00021,0.00042,0.000069,0.001,0.00042,0.00042,0.000069,0.0017,0.00062,0.0021,0.000069,0.000069,0.066,,"Methyl eugenol | Eugenol methyl ether | Eugenyl methyl ether | Methyl eugenol ether | Allylveratrole | 4-Allylveratrole | Veratrole methyl ether | 4-Allyl-1,2-dimethoxybenzene | Benzene, 1,2-dimethoxy-4-(2-propenyl)- | 1,2-Dimethoxy-4-allylbenzene | 1,2-dimethoxy-4-(2-propenyl)-benzene | 3,4-Dimethoxyallylbenzene"
fig:1837,EUP,usuario,EUP,,,,,Eugenyl phenylacetate,10402-33-2,,,,,,molécula,,,Spicy,Floral,Honey,,fig,,,sin-estandar,,,,,,,,,,,,,,,,,,,,,,,
fig:1838,EVRO,usuario,EVRO,,O,,,Evodia rutaecarpa oil,1137739-11-7,,,,,,natural,oil,,Green,Sharp,Fruity,,fig,,,sin-dato,,,,,,,,,,,,,,,,,,,,,,,
fig:1839,THYO,usuario,THYO,,,,,"exo-2-[(1,7,7-Trimethylbicyclo[2.2.1]hept-2-yl)oxy]ethanol",7070-15-7,,,,,,molécula,,,Woody,Cedarwood,Pine,,fig,,,sin-estandar,,,,,,,,,,,,,,,,,,,,,,,
fig:1840,Fa,usuario,Fa,,,,,Farnesal,19317-11-4,,,,,,molécula,,,Minty,Floral,Aldehydic,,fig ifra-estandar,IFRA_STD_202,Farnesal,con-techo,,,,0.11,0.032,0.11,0.6,0.15,0.15,0.15,0.051,0.11,0.34,0.34,0.051,0.57,0.57,4.2,0.051,0.051,sin-restriccion,,"2,6,10-Dodecatrienal, 3,7,11-trimethyl- | 3,7,11-Trimethyl dodecatrien-2,6,10-al-1 | 3,7,11-Trimethyl-2,6,10-dodecatrienal | 3,7,11-Trimethyldodeca-2,6,10-trienal"
fig:1841,Fr,usuario,Fr,,,,,Farnesol,4602-84-0,,,,,,molécula,,,Floral,Warm,Powdery,,fig ifra-estandar,IFRA_STD_036,Farnesol,con-techo,especificación (STD 036),,,0.21,0.062,1.2,1.2,0.29,0.29,0.29,0.29,0.68,2.4,2.4,0.12,2.3,8.1,8.1,4.5,4.5,sin-restriccion,,
fig:1842,FA,usuario,FA,,,,,Farnesyl acetate,29548-30-9,,,,,,molécula,,,Floral,Rose,Green,,fig,,,sin-estandar,,,,,,,,,,,,,,,,,,,,,,,
fig:1843,Fe,usuario,Fe,,,,,Fenchone,1195-79-5,,,,,,molécula,,,Aromatic,Woody,Minty,,fig,,,sin-estandar,,,,,,,,,,,,,,,,,,,,,,,
fig:1844,FEA,usuario,FEA,,,,,Fenchyl alcohol,1632-73-1,,,,,,molécula,,,Herbal,Woody,Pine,,fig,,,sin-estandar,,,,,,,,,,,,,,,,,,,,,,,
fig:1845,FBL,usuario,FBL,,L,,,Fennel bitter oleoresin,8006-84-6,,,,,,natural,oleoresin,,Anisic,Herbal,Spicy,,fig ifra-anexo,,,por-constituyentes,variante sin concretar: cuenta la peor de 2 del anexo,2,"por CAS: 2 variantes, cuenta la peor",,,,,,,,,,,,,,,,,,,,
fig:1846,FBO,usuario,FBO,,O,,,"Fennel oil, bitter",8006-84-6,,,,,,natural,oil,,Anisic,Herbal,Spicy,,fig ifra-anexo,,,por-constituyentes,variante sin concretar: cuenta la peor de 2 del anexo,2,"por CAS: 2 variantes, cuenta la peor",,,,,,,,,,,,,,,,,,,,
fig:1847,FSO,usuario,FSO,,O,,,"Fennel oil, sweet",8006-84-6,,,,,,natural,oil,,Anisic,Herbal,Spicy,,fig ifra-anexo,,,por-constituyentes,,2,por nombre,,,,,,,,,,,,,,,,,,,,
fig:1848,FSL,usuario,FSL,,L,,,Fennel sweet oleoresin,8006-84-6,,,,,,natural,oleoresin,,Anisic,Herbal,Spicy,,fig ifra-anexo,,,por-constituyentes,variante sin concretar: cuenta la peor de 2 del anexo,2,"por CAS: 2 variantes, cuenta la peor",,,,,,,,,,,,,,,,,,,,
fig:1849,FeA,usuario,FeA,,A,,,Fenugreek absolute,68990-15-8,,,,,,natural,absolute,,Spicy,Herbal,Balsamic,,fig,,,sin-dato,,,,,,,,,,,,,,,,,,,,,,,
fig:1850,FeE,usuario,FeE,,E,,,Fenugreek extract,68990-15-8,,,,,,natural,extract,,Spicy,Herbal,Balsamic,,fig,,,sin-dato,,,,,,,,,,,,,,,,,,,,,,,
fig:1851,FeL,usuario,FeL,,L,,,Fenugreek oleoresin,68990-15-8,,,,,,natural,oleoresin,,Spicy,Aromatic,Balsamic,,fig,,,sin-dato,,,,,,,,,,,,,,,,,,,,,,,
fig:1852,FeT,usuario,FeT,,T,,,Fenugreek tincture,68990-15-8,,,,,,natural,tincture,,Spicy,Herbal,Balsamic,,fig,,,sin-dato,,,,,,,,,,,,,,,,,,,,,,,
fig:1853,FiA,usuario,FiA,,A,,,Fir absolute,8021-28-1,,,,,,natural,absolute,,Woody,Fresh,Resinous,,fig,,,sin-dato,"familia, por el nombre: pináceas: índice de peróxidos (STD 184)",,,,,,,,,,,,,,,,,,,,,,
fig:1854,FB,usuario,FB,,,,,Fir balsam,8024-15-5,,,,,,natural,,,Balsamic,Fresh,Woody,,fig ifra-anexo,,,por-constituyentes,"familia, por el nombre: pináceas: índice de peróxidos (STD 184)",2,por CAS,,,,,,,,,,,,,,,,,,,,
fig:1855,FBA,usuario,FBA,,A,,,Fir balsam absolute,8024-15-5,,,,,,natural,absolute,,Woody,Fresh,Resinous,,fig ifra-anexo,,,por-constituyentes,"familia, por el nombre: pináceas: índice de peróxidos (STD 184)",2,por CAS,,,,,,,,,,,,,,,,,,,,
fig:1856,FBR,usuario,FBR,,R,,,Fir balsam resinoid,8024-15-5,,,,,,natural,resinoid,,Woody,Fresh,Resinous,,fig ifra-anexo,,,por-constituyentes,"familia, por el nombre: pináceas: índice de peróxidos (STD 184)",2,por CAS,,,,,,,,,,,,,,,,,,,,
fig:1857,FFR,usuario,FFR,,R,,,Fir balsam resinoid from needles,8021-28-1,,,,,,natural,resinoid,,Woody,Fresh,Resinous,,fig,,,sin-dato,"familia, por el nombre: pináceas: índice de peróxidos (STD 184)",,,,,,,,,,,,,,,,,,,,,,
fig:1858,FNO,usuario,FNO,,O,,,"Fir needle oil, Canadian",8024-15-5,,,,,,natural,oil,,Woody,Fresh,Resinous,,fig ifra-anexo,,,por-constituyentes,"familia, por el nombre: pináceas: índice de peróxidos (STD 184)",2,por nombre,,,,,,,,,,,,,,,,,,,,
fig:1859,FCO,usuario,FCO,,O,,,"Fir needle oil, Chinese",8021-28-1,,,,,,natural,oil,,Woody,Fresh,Resinous,,fig,,,sin-dato,"familia, por el nombre: pináceas: índice de peróxidos (STD 184)",,,,,,,,,,,,,,,,,,,,,,
fig:1860,FNSO,usuario,FNSO,,O,,,"Fir needle oil, Siberian",8021-29-2,,,,,,natural,oil,,Aromatic,Pine,Woody,,fig ifra-anexo,,,por-constituyentes,"familia, por el nombre: pináceas: índice de peróxidos (STD 184)",2,por nombre,,,,,,,,,,,,,,,,,,,,
fig:1861,FINO,usuario,FINO,,O,,,"Fir needle oil, Siberian, rectified",8021-29-2,,,,,,natural,oil,,Aromatic,Pine,Woody,,fig ifra-anexo,,,por-constituyentes,"familia, por el nombre: pináceas: índice de peróxidos (STD 184) · variante sin concretar: cuenta la peor de 2 del anexo",3,"por CAS: 2 variantes, cuenta la peor",,,,,,,,,,,,,,,,,,,,
fig:1862,FAE,usuario,FAE,,E,,,"Fir, Abies balsamea extract",85085-34-3,,,,,,natural,extract,,Woody,Green,Herbal,,fig,,,sin-dato,"familia, por el nombre: pináceas: índice de peróxidos (STD 184)",,,,,,,,,,,,,,,,,,,,,,
fig:1863,FAA,usuario,FAA,,A,,,"Fir, Abies balsamea, absolute",8021-28-1,,,,,,natural,absolute,,Woody,Fresh,Resinous,,fig,,,sin-dato,"familia, por el nombre: pináceas: índice de peróxidos (STD 184)",,,,,,,,,,,,,,,,,,,,,,
fig:1864,FAC,usuario,FAC,,C,,,"Fir, Abies pectinata, concrete",92128-34-2,,,,,,natural,concrete,,Woody,Green,Herbal,,fig,,,sin-dato,"familia, por el nombre: pináceas: índice de peróxidos (STD 184)",,,,,,,,,,,,,,,,,,,,,,
fig:1865,FlA,usuario,FlA,,A,,,Flouve absolute,68916-09-6,,,,,,natural,absolute,,Woody,Tonka,Sweet,,fig ifra-anexo,,,por-constituyentes,,1,por nombre,,,,,,,,,,,,,,,,,,,,
fig:1866,FlO,usuario,FlO,,O,,,Flouve oil,68916-09-6,,,,,,natural,oil,,Woody,Mossy,Sweet,,fig ifra-anexo,,,por-constituyentes,,1,por CAS,,,,,,,,,,,,,,,,,,,,
fig:1867,FC,usuario,FC,,,,,Formaldehyde cyclododecyl ethyl acetal,58567-11-6,,,,,,molécula,,,Woody,Amber,Dry,,fig ifra-estandar,IFRA_STD_252,(Ethoxymethoxy)-cyclododecane,con-techo,,,,0.27,0.08,1.6,1.5,0.38,0.38,0.38,0.13,0.49,3.1,3.1,0.13,2.9,11,11,0.13,0.13,sin-restriccion,,"(Ethoxymethoxy)-cyclododecane | Cyclododecane, (ethoxymethoxy)- | Formaldehyde cyclododecyl ethyl acetal | Amber decane | Amberwood | 2-Cyclododecyl propanol | Amberwood F (commercial name) | Boisambrene forte (commercial name)"
fig:1868,FOA,usuario,FOA,,,,,Formic acid,64-18-6,,,,,,molécula,,,Acidic,Sharp,Fruity,,fig,,,sin-estandar,,,,,,,,,,,,,,,,,,,,,,,
fig:1869,FR,usuario,FR,,,,,"Formic acid, reaction products with boron trifluoride and [1S-",68855-38-9,,,,,,molécula,,,Acidic,Neutral,"Dry (1.alpha.,3a.beta.,4.alpha.,8a.beta.)]-decahydro-",,fig,,,sin-estandar,,,,,,,,,,,,,,,,,,,,,,,
fig:1870,FVA,usuario,FVA,,A,,,Fucus vesiculosus absolute,68917-51-1,,,,,,natural,absolute,,Marine,Fresh,Green,,fig,,,sin-dato,,,,,,,,,,,,,,,,,,,,,,,
fig:1871,FVR,usuario,FVR,,R,,,Fucus vesiculosus resinoid,68917-51-1,,,,,,natural,resinoid,,Marine,Fresh,Green,,fig,,,sin-dato,,,,,,,,,,,,,,,,,,,,,,,
fig:1872,FT,usuario,FT,,,,,"Furan, tetrahydro-2,4-dimethyl-4-phenyl-, (2R,4R)-rel-",99343-90-5,,,,,,molécula,,,Citrus,Rhubarb,Green,,fig,,,sin-estandar,,,,,,,,,,,,,,,,,,,,,,,
fig:1873,Fu,usuario,Fu,,,,,Furfural,98-01-1,,,,,,molécula,,,Food Like,Bread,Coffee,,fig ifra-estandar,IFRA_STD_098,Furfural,con-techo,,,,0.001,0.001,0.001,0.001,0.001,0.001,0.001,0.001,0.001,0.001,0.001,0.001,0.001,0.001,0.001,0.001,0.001,0.05,,2-Formylfuran | Fural | Furaldehyde | 2-Furaldehyde | 2-Furancarbonal | 2-Furancarboxaldehyde | Furfuraldehyde | α-Furfuraldehyde | 2-Furylcarboxaldehyde | Pyromucic aldehyde
fig:1874,FUA,usuario,FUA,,,,,Furfuryl acetate,623-17-6,,,,,,molécula,,,Fruity,Banana,Sweet,,fig,,,sin-estandar,,,,,,,,,,,,,,,,,,,,,,,
fig:1875,FUM,usuario,FUM,,,,,Furfuryl mercaptan,98-02-2,,,,,,molécula,,,Food Like,Coffee,Roasted,,fig,,,sin-estandar,,,,,,,,,,,,,,,,,,,,,,,
fig:1876,FS,usuario,FS,,,,,Furfuryl methyl sulfide,1438-91-1,,,,,,molécula,,,Sulfurous,Onion,Vegetable,,fig,,,sin-estandar,,,,,,,,,,,,,,,,,,,,,,,
fig:1877,FUT,usuario,FUT,,,,,Furfuryl thioacetate,13678-68-7,,,,,,molécula,,,Food Like,Sulfurous,Roasted,,fig,,,sin-estandar,,,,,,,,,,,,,,,,,,,,,,,
fig:1878,FRO,usuario,FRO,,O,,,"Fusel oil, refined",8013-75-0,,,,,,natural,oil,,Fruity,Sweet,Woody,,fig,,,sin-dato,,,,,,,,,,,,,,,,,,,,,,,
fig:1879,GRE,usuario,GRE,,E,,,Galangal root extract,8024-40-6,,,,,,natural,extract,,Spicy,Fresh,Camphoraceous,,fig,,,sin-dato,,,,,,,,,,,,,,,,,,,,,,,
fig:1880,GRL,usuario,GRL,,L,,,Galangal root oleoresin,8024-40-6,,,,,,natural,oleoresin,,Spicy,Fresh,Camphoraceous,,fig,,,sin-dato,,,,,,,,,,,,,,,,,,,,,,,
fig:1881,GaA,usuario,GaA,,A,,,Galbanum absolute,8023-91-4,,,,,,natural,absolute,,Green,Herbal,Vegetable,,fig ifra-anexo,,,por-constituyentes,,1,por CAS,,,,,,,,,,,,,,,,,,,,
fig:1882,GCE,usuario,GCE,,E,,,Galbanum CO2 extract,8023-91-4,,,,,,natural,extract,,Green,Herbal,Vegetable,,fig ifra-anexo,,,por-constituyentes,,1,por CAS,,,,,,,,,,,,,,,,,,,,
fig:1883,GG,usuario,GG,,,,,Galbanum gum,8023-91-4,,,,,,natural,,,Green,Herbal,Vegetable,,fig ifra-anexo,,,por-constituyentes,,1,por CAS,,,,,,,,,,,,,,,,,,,,
fig:1884,GaO,usuario,GaO,,O,,,Galbanum oil,8023-91-4,,,,,,natural,oil,,Green,Herbal,Vegetable,,fig ifra-anexo,,,por-constituyentes,,1,por nombre,,,,,,,,,,,,,,,,,,,,
fig:1885,GlO,usuario,GlO,,O,,,"Galbanum oil, rectified",8023-91-4,,,,,,natural,oil,,Green,Herbal,Vegetable,,fig ifra-anexo,,,por-constituyentes,,1,por CAS,,,,,,,,,,,,,,,,,,,,
fig:1886,GR,usuario,GR,,,,,Galbanum resin,8023-91-4,,,,,,natural,,,Green,Herbal,Vegetable,,fig ifra-anexo,,,por-constituyentes,,1,por CAS,,,,,,,,,,,,,,,,,,,,
fig:1887,GaR,usuario,GaR,,R,,,Galbanum resinoid,8023-91-4,,,,,,natural,resinoid,,Green,Herbal,Vegetable,,fig ifra-anexo,,,por-constituyentes,,1,por CAS,,,,,,,,,,,,,,,,,,,,
fig:1888,γDe,usuario,γDe,,,,,gamma-Decalactone,706-14-9,,,,,,molécula,,gamma,Fruity,Sweet,Peach,,fig,,,sin-estandar,,,,,,,,,,,,,,,,,,,,,,,
fig:1889,γDo,usuario,γDo,,,,,gamma-Dodecalactone,2305-05-7,,,,,,molécula,,gamma,Fruity,Oily,Peach,,fig,,,sin-estandar,,,,,,,,,,,,,,,,,,,,,,,
fig:1890,γHe,usuario,γHe,,,,,gamma-Heptalactone,105-21-5,,,,,,molécula,,gamma,Fruity,Peach,Coconut,,fig,,,sin-estandar,,,,,,,,,,,,,,,,,,,,,,,
fig:1891,γHx,usuario,γHx,,,,,gamma-Hexalactone,695-06-7,,,,,,molécula,,gamma,Fruity,Coconut,Herbal,,fig,,,sin-estandar,,,,,,,,,,,,,,,,,,,,,,,
fig:1892,γIo,usuario,γIo,,,,,gamma-Ionone,79-76-5,,,,,,molécula,,gamma,Woody,Floral,Powdery,,fig,,,sin-estandar,,,,,,,,,,,,,,,,,,,,,,,
fig:1893,γMe,usuario,γMe,,,,,gamma-Methyldecalactone,7011-83-8,,,,,,molécula,,gamma,Floral,Gardenia,Fruity,,fig,,,sin-estandar,,,,,,,,,,,,,,,,,,,,,,,
fig:1894,γNo,usuario,γNo,,,,,gamma-Nonalactone,104-61-0,,,,,,molécula,,gamma,Fruity,Creamy,Coconut,,fig,,,sin-estandar,,,,,,,,,,,,,,,,,,,,,,,
fig:1895,γOc,usuario,γOc,,,,,gamma-Octalactone,104-50-7,,,,,,molécula,,gamma,Fruity,Sweet,Balsamic,,fig,,,sin-estandar,,,,,,,,,,,,,,,,,,,,,,,
fig:1896,γUn,usuario,γUn,,,,,gamma-Undecalactone,104-67-6,,,,,,molécula,,gamma,Fruity,Oily,Peach,,fig,,,sin-estandar,,,,,,,,,,,,,,,,,,,,,,,
fig:1897,γVa,usuario,γVa,,,,,gamma-Valerolactone,108-29-2,,,,,,molécula,,gamma,Herbal,Sweet,Tobacco,,fig,,,sin-estandar,,,,,,,,,,,,,,,,,,,,,,,
fig:1898,GTA,usuario,GTA,,A,,,Gardenia tahitensis absolute,683748-01-8,,,,,,natural,absolute,,Floral,Sweet,Milky,,fig,,,sin-dato,,,,,,,,,,,,,,,,,,,,,,,
fig:1899,GTO,usuario,GTO,,O,,,Gardenia tahitensis oil,683748-01-8,,,,,,natural,oil,,Floral,Sweet,Milky,,fig,,,sin-dato,,,,,,,,,,,,,,,,,,,,,,,
fig:1900,GrO,usuario,GrO,,O,,,Garlic oil,8000-78-0,,,,,,natural,oil,,Food Like,Garlic,Green,,fig,,,sin-dato,,,,,,,,,,,,,,,,,,,,,,,
fig:1901,GeA,usuario,GeA,,A,,,Genet absolute,129316-65-0,,,,,,natural,absolute,,Balsamic,Sweet,Honey,,fig ifra-anexo,,,por-constituyentes,,4,por nombre,,,,,,,,,,,,,,,,,,,,
fig:1902,GnA,usuario,GnA,,A,,,Gentian absolute,97676-22-7,,,,,,natural,absolute,,Herbal,Vegetable,Woody,,fig,,,sin-dato,,,,,,,,,,,,,,,,,,,,,,,
fig:1903,GERE,usuario,GERE,,E,,,Gentian root extract,97676-22-7,,,,,,natural,extract,,Herbal,Vegetable,Woody,,fig,,,sin-dato,,,,,,,,,,,,,,,,,,,,,,,
fig:1904,Gr,usuario,Gr,,,,,Geranial,141-27-5,,,,,,molécula,,,Citrus,Sharp,Lemon,,fig ifra-estandar,IFRA_STD_021,Citral,con-techo,,,,0.11,0.032,0.1,0.6,0.15,0.15,0.15,0.051,0.35,0.2,0.2,0.051,1.2,1.2,4.2,0.051,0.051,sin-restriccion,,
fig:1905,GA,usuario,GA,,,,,Geranic acid,459-80-3,,,,,,molécula,,,Green,Floral,Woody,,fig,,,sin-estandar,,,,,,,,,,,,,,,,,,,,,,,
fig:1906,Ga,usuario,Ga,,,,,Geraniol,106-24-1,,,,,,molécula,,,Floral,Rose,Geranium,,fig ifra-estandar,IFRA_STD_037,Geraniol,con-techo,,,,0.78,0.25,1.1,4.7,1.2,0.78,0.94,0.26,0.16,0.78,0.78,0.26,2.8,1.1,5.3,0.26,0.26,sin-restriccion,,"Geraniol | 3,7-Dimethylocta-2,6-dien-1-ol | 2,6-Octadien-1-ol, 3,7-dimethyl-, (e)- | 2,6-Dimethyl-2,6-octadien-8-ol | trans-3,7-Dimethyl-2,6-octadien-1-ol | Geraniol 60 (commercial name) | Geraniol Coeur (commercial name) | Geraniol extra (commercial name) | Geraniol SP (commercial name) | Geraniol Supra (commercial name) | Meranol (commercial name) | Rhodinol pure (commercial name)"
fig:1907,GrA,usuario,GrA,,A,,,Geranium absolute,8000-46-2,,,,,,natural,absolute,,Floral,Rose,Minty,,fig ifra-anexo,,,por-constituyentes,,3,por nombre,,,,,,,,,,,,,,,,,,,,
fig:1908,GBA,usuario,GBA,,A,,,"Geranium absolute, bourbon",68916-42-7,,,,,,natural,absolute,,Floral,Rose,Minty,,fig,,,sin-dato,,,,,,,,,,,,,,,,,,,,,,,
fig:1909,GeC,usuario,GeC,,C,,,Geranium concrete,8000-46-2,,,,,,natural,concrete,,Floral,Geranium,Green,,fig ifra-anexo,,,por-constituyentes,variante sin concretar: cuenta la peor de 3 del anexo,6,"por CAS: 3 variantes, cuenta la peor",,,,,,,,,,,,,,,,,,,,
fig:1910,GeO,usuario,GeO,,O,,,Geranium oil,8000-46-2,,,,,,natural,oil,,Floral,Geranium,Green,,fig ifra-anexo,,,por-constituyentes,,6,por nombre,,,,,,,,,,,,,,,,,,,,
fig:1911,GeP,usuario,GeP,,P,,,Geranium oil terpenes,68917-31-7,,,,,,natural,terpenes,,Floral,Rose,Geranium,,fig,,,sin-dato,,,,,,,,,,,,,,,,,,,,,,,
fig:1912,GAO,usuario,GAO,,O,,,"Geranium oil, African",8000-46-2,,,,,,natural,oil,,Floral,Geranium,Green,,fig ifra-anexo,,,por-constituyentes,,4,por nombre,,,,,,,,,,,,,,,,,,,,
fig:1913,GBO,usuario,GBO,,O,,,"Geranium oil, bourbon, distn. residues",68916-42-7,,,,,,natural,oil,,Floral,Rose,Minty,,fig,,,sin-dato,,,,,,,,,,,,,,,,,,,,,,,
fig:1914,GnO,usuario,GnO,,O,,,"Geranium oil, rectified",68916-44-9,,,,,,natural,oil,,Floral,Rose,Minty,,fig,,,sin-dato,,,,,,,,,,,,,,,,,,,,,,,
fig:1915,GerO,usuario,GerO,,O,,,"Geranium oil, rectified",8000-46-2,,,,,,natural,oil,,Floral,Geranium,Green,,fig ifra-anexo,,,por-constituyentes,variante sin concretar: cuenta la peor de 3 del anexo,6,"por CAS: 3 variantes, cuenta la peor",,,,,,,,,,,,,,,,,,,,
fig:1916,GSO,usuario,GSO,,O,,,"Geranium oil, saponified",68916-43-8,,,,,,natural,oil,,Floral,Geranium,Rose,,fig,,,sin-dato,,,,,,,,,,,,,,,,,,,,,,,
fig:1917,GEA,usuario,GEA,,,,,Geranyl acetate,105-87-3,,,,,,molécula,,,Floral,Rose,Fruity,,fig,,,sin-estandar,,,,,,,,,,,,,,,,,,,,,,,
fig:1918,GB,usuario,GB,,,,,Geranyl benzoate,94-48-4,,,,,,molécula,,,Floral,Green,Ylang,,fig,,,sin-estandar,,,,,,,,,,,,,,,,,,,,,,,
fig:1919,GEB,usuario,GEB,,,,,Geranyl butyrate,106-29-6,,,,,,molécula,,,Fruity,Sweet,Tropical-Fruit,,fig,,,sin-estandar,,,,,,,,,,,,,,,,,,,,,,,
fig:1920,GC,usuario,GC,,,,,Geranyl crotonate,56172-46-4,,,,,,molécula,,,Gourmand,Caramel,Nutty,,fig,,,sin-estandar,,,,,,,,,,,,,,,,,,,,,,,
fig:1921,GD,usuario,GD,,,,,Geranyl dihydrolinalool,70851-60-4,,,,,,molécula,,,Floral,Rose,Balsamic,,fig,,,sin-estandar,,,,,,,,,,,,,,,,,,,,,,,
fig:1922,GE,usuario,GE,,,,,Geranyl ethyl ether,40267-72-9,,,,,,molécula,,,Fruity,Green,Light,,fig,,,sin-estandar,,,,,,,,,,,,,,,,,,,,,,,
fig:1923,GF,usuario,GF,,,,,Geranyl formate,105-86-2,,,,,,molécula,,,Floral,Green,Rose,,fig,,,sin-estandar,,,,,,,,,,,,,,,,,,,,,,,
fig:1924,GH,usuario,GH,,,,,Geranyl hexanoate,10032-02-7,,,,,,molécula,,,Floral,Rose,Oily,,fig,,,sin-estandar,,,,,,,,,,,,,,,,,,,,,,,
fig:1925,GI,usuario,GI,,,,,Geranyl isobutyrate,2345-26-8,,,,,,molécula,,,Floral,Fruity,Fresh,,fig,,,sin-estandar,,,,,,,,,,,,,,,,,,,,,,,
fig:1926,GEI,usuario,GEI,,,,,Geranyl isovalerate,109-20-6,,,,,,molécula,,,Green,Melon,Herbal,,fig,,,sin-estandar,,,,,,,,,,,,,,,,,,,,,,,
fig:1927,GL,usuario,GL,,,,,Geranyl linalool,1113-21-9,,,,,,molécula,,,Floral,Rose,Soft,,fig,,,sin-estandar,,,,,,,,,,,,,,,,,,,,,,,
fig:1928,GM,usuario,GM,,,,,Geranyl methyl ether,2565-82-4,,,,,,molécula,,,Floral,Rose,Green,,fig,,,sin-estandar,,,,,,,,,,,,,,,,,,,,,,,
fig:1929,GO,usuario,GO,,,,,Geranyl oxyacetaldehyde,65405-73-4,,,,,,molécula,,,Floral,Rose,Ozonic,,fig,,,sin-estandar,,,,,,,,,,,,,,,,,,,,,,,
fig:1930,GP,usuario,GP,,,,,Geranyl pentanoate,10402-47-8,,,,,,molécula,,,Fruity,Floral,Rose,,fig,,,sin-estandar,,,,,,,,,,,,,,,,,,,,,,,
fig:1931,GEP,usuario,GEP,,,,,Geranyl phenylacetate,102-22-7,,,,,,molécula,,,Fruity,Honey,Sweet,,fig,,,sin-estandar,,,,,,,,,,,,,,,,,,,,,,,
fig:1932,GPR,usuario,GPR,,,,,Geranyl propionate,105-90-8,,,,,,molécula,,,Floral,Fruity,Tropical-Fruit,,fig,,,sin-estandar,,,,,,,,,,,,,,,,,,,,,,,
fig:1933,GT,usuario,GT,,,,,Geranyl tiglate,7785-33-3,,,,,,molécula,,,Floral,Geranium,Green,,fig,,,sin-estandar,,,,,,,,,,,,,,,,,,,,,,,
fig:1934,Gi,usuario,Gi,,,,,Ginger,8007-08-7,,,,,,natural,,,Spicy,Ginger,Citrus,,fig ifra-anexo,,,por-constituyentes,variante sin concretar: cuenta la peor de 3 del anexo,5,"por CAS: 3 variantes, cuenta la peor",,,,,,,,,,,,,,,,,,,,
fig:1935,GiA,usuario,GiA,,A,,,Ginger absolute,8007-08-7,,,,,,natural,absolute,,Spicy,Ginger,Citrus,,fig ifra-anexo,,,por-constituyentes,variante sin concretar: cuenta la peor de 3 del anexo,5,"por CAS: 3 variantes, cuenta la peor",,,,,,,,,,,,,,,,,,,,
fig:1936,GICE,usuario,GICE,,E,,,Ginger CO2 extract,8007-08-7,,,,,,natural,extract,,Spicy,Ginger,Citrus,,fig ifra-anexo,,,por-constituyentes,,3,por nombre,,,,,,,,,,,,,,,,,,,,
fig:1937,GiE,usuario,GiE,,E,,,Ginger extract,8007-08-7,,,,,,natural,extract,,Spicy,Ginger,Citrus,,fig ifra-anexo,,,por-constituyentes,variante sin concretar: cuenta la peor de 3 del anexo,5,"por CAS: 3 variantes, cuenta la peor",,,,,,,,,,,,,,,,,,,,
fig:1938,GiO,usuario,GiO,,O,,,Ginger oil,8007-08-7,,,,,,natural,oil,,Spicy,Ginger,Citrus,,fig ifra-anexo,,,por-constituyentes,,4,por nombre,,,,,,,,,,,,,,,,,,,,
fig:1939,GgO,usuario,GgO,,O,,,"Ginger oil, rectified",8007-08-7,,,,,,natural,oil,,Spicy,Ginger,Citrus,,fig ifra-anexo,,,por-constituyentes,variante sin concretar: cuenta la peor de 3 del anexo,5,"por CAS: 3 variantes, cuenta la peor",,,,,,,,,,,,,,,,,,,,
fig:1940,GiL,usuario,GiL,,L,,,Ginger oleoresin,8007-08-7,,,,,,natural,oleoresin,,Spicy,Ginger,Citrus,,fig ifra-anexo,,,por-constituyentes,,2,por nombre,,,,,,,,,,,,,,,,,,,,
fig:1941,Gn,usuario,Gn,,,,,Ginger terpeneless,8007-08-7,,,,,,natural,,,Spicy,Ginger,Citrus,,fig ifra-anexo,,,por-constituyentes,variante sin concretar: cuenta la peor de 3 del anexo,5,"por CAS: 3 variantes, cuenta la peor",,,,,,,,,,,,,,,,,,,,
fig:1942,GinO,usuario,GinO,,O,,,Gingergrass oil,8023-92-5,,,,,,natural,oil,,Herbal,Green,Woody,,fig ifra-anexo,,,por-constituyentes,,3,por nombre,,,,,,,,,,,,,,,,,,,,
fig:1943,GWO,usuario,GWO,,O,,,"Glycerides, wheat germ-oil mono-, di- and tri-",68990-07-8,,,,,,natural,oil,,Herbal,Green,Floral,,fig,,,sin-dato,,,,,,,,,,,,,,,,,,,,,,,
fig:1944,GMM,usuario,GMM,,,,,"Glycine, N-​[[5-​methyl-​2-​(1-​methylethyl)​cyclohexyl]​carbonyl]​-​, ethyl ester",39668-74-1,,,,,,molécula,,,Herbal,Minty,Cooling,,fig,,,sin-estandar,,,,,,,,,,,,,,,,,,,,,,,
fig:1945,GOE,usuario,GOE,,E,,,Grains of paradise extract,90320-21-1,,,,,,natural,extract,,Spicy,Peppery,Dry,,fig,,,sin-dato,,,,,,,,,,,,,,,,,,,,,,,
fig:1946,GWA,usuario,GWA,,A,,,"Grapefruit absolute, white",8016-20-4,,,,,,natural,absolute,,Citrus,Grapefruit,Bitter,,fig ifra-anexo ifra-estandar,IFRA_STD_091,Grapefruit oil expressed,con-techo,"mismo CAS que «Grapefruit oil expressed» (STD 091): comprobar la variante · familia, por el nombre: aceites cítricos: furocumarinas, bergapteno total (STD 089) · variante sin concretar: cuenta la peor de 2 del anexo",3,"por CAS: 2 variantes, cuenta la peor",4,4,4,4,4,4,4,4,4,sin-restriccion,4,4,sin-restriccion,sin-restriccion,4,sin-restriccion,4,sin-restriccion,,
fig:1947,GEO,usuario,GEO,,O,,,Grapefruit essence oil,8016-20-4,,,,,,natural,oil,,Citrus,Fresh,Sharp,,fig ifra-anexo ifra-estandar,IFRA_STD_091,Grapefruit oil expressed,con-techo,"mismo CAS que «Grapefruit oil expressed» (STD 091): comprobar la variante · familia, por el nombre: aceites cítricos: furocumarinas, bergapteno total (STD 089)",2,por nombre,4,4,4,4,4,4,4,4,4,sin-restriccion,4,4,sin-restriccion,sin-restriccion,4,sin-restriccion,4,sin-restriccion,,
fig:1948,GrE,usuario,GrE,,E,,,Grapefruit extract,8016-20-4,,,,,,natural,extract,,Citrus,Fresh,Sharp,,fig ifra-anexo ifra-estandar,IFRA_STD_091,Grapefruit oil expressed,con-techo,"mismo CAS que «Grapefruit oil expressed» (STD 091): comprobar la variante · familia, por el nombre: aceites cítricos: furocumarinas, bergapteno total (STD 089) · variante sin concretar: cuenta la peor de 2 del anexo",3,"por CAS: 2 variantes, cuenta la peor",4,4,4,4,4,4,4,4,4,sin-restriccion,4,4,sin-restriccion,sin-restriccion,4,sin-restriccion,4,sin-restriccion,,
fig:1949,GFO,usuario,GFO,,O,,,Grapefruit flower oil,8016-20-4,,,,,,natural,oil,,Citrus,Grapefruit,Fresh,,fig ifra-anexo ifra-estandar,IFRA_STD_091,Grapefruit oil expressed,con-techo,mismo CAS que «Grapefruit oil expressed» (STD 091): comprobar la variante · variante sin concretar: cuenta la peor de 2 del anexo,3,"por CAS: 2 variantes, cuenta la peor",4,4,4,4,4,4,4,4,4,sin-restriccion,4,4,sin-restriccion,sin-restriccion,4,sin-restriccion,4,sin-restriccion,,
fig:1950,GpO,usuario,GpO,,O,,,Grapefruit oil,8016-20-4,,,,,,natural,oil,,Citrus,Fresh,Sharp,,fig ifra-anexo ifra-estandar,IFRA_STD_091,Grapefruit oil expressed,con-techo,"familia, por el nombre: aceites cítricos: furocumarinas, bergapteno total (STD 089)",3,por nombre,4,4,4,4,4,4,4,4,4,sin-restriccion,4,4,sin-restriccion,sin-restriccion,4,sin-restriccion,4,sin-restriccion,,
fig:1951,GraO,usuario,GraO,,O,,,Grapefruit oil,8016-20-4,,,,,,natural,oil,,Citrus,Fresh,Sharp,,fig ifra-anexo ifra-estandar,IFRA_STD_091,Grapefruit oil expressed,con-techo,"familia, por el nombre: aceites cítricos: furocumarinas, bergapteno total (STD 089) · variante sin concretar: cuenta la peor de 2 del anexo",3,"por CAS: 2 variantes, cuenta la peor",4,4,4,4,4,4,4,4,4,sin-restriccion,4,4,sin-restriccion,sin-restriccion,4,sin-restriccion,4,sin-restriccion,,
fig:1952,GrP,usuario,GrP,,P,,,Grapefruit oil terpenes,68917-32-8,,,,,,natural,terpenes,,Citrus,Grapefruit,Lemon,,fig ifra-anexo,,,por-constituyentes,"familia, por el nombre: aceites cítricos: furocumarinas, bergapteno total (STD 089)",3,por nombre,,,,,,,,,,,,,,,,,,,,
fig:1953,GLO,usuario,GLO,,O,,,"Grapefruit oil, (low furocoumarins)",8016-20-4,,,,,,natural,oil,,Citrus,Fresh,Sharp,,fig ifra-anexo ifra-estandar,IFRA_STD_091,Grapefruit oil expressed,con-techo,"mismo CAS que «Grapefruit oil expressed» (STD 091): comprobar la variante · familia, por el nombre: aceites cítricos: furocumarinas, bergapteno total (STD 089) · variante sin concretar: cuenta la peor de 2 del anexo",3,"por CAS: 2 variantes, cuenta la peor",4,4,4,4,4,4,4,4,4,sin-restriccion,4,4,sin-restriccion,sin-restriccion,4,sin-restriccion,4,sin-restriccion,,
fig:1954,GRFO,usuario,GRFO,,O,,,"Grapefruit oil, folded",68916-46-1,,,,,,natural,oil,,Citrus,Grapefruit,Fruity,,fig ifra-anexo,,,por-constituyentes,"familia, por el nombre: aceites cítricos: furocumarinas, bergapteno total (STD 089)",5,por CAS,,,,,,,,,,,,,,,,,,,,
fig:1955,GrO2,usuario,GrO2,,O,,,"Grapefruit oil, rectified",8016-20-4,,,,,,natural,oil,,Citrus,Fresh,Sharp,,fig ifra-anexo ifra-estandar,IFRA_STD_091,Grapefruit oil expressed,con-techo,"mismo CAS que «Grapefruit oil expressed» (STD 091): comprobar la variante · familia, por el nombre: aceites cítricos: furocumarinas, bergapteno total (STD 089) · variante sin concretar: cuenta la peor de 2 del anexo",3,"por CAS: 2 variantes, cuenta la peor",4,4,4,4,4,4,4,4,4,sin-restriccion,4,4,sin-restriccion,sin-restriccion,4,sin-restriccion,4,sin-restriccion,,
fig:1956,GrO3,usuario,GrO3,,O,,,"Grapefruit oil, terpeneless",68916-46-1,,,,,,natural,oil,,Citrus,Grapefruit,Fruity,,fig ifra-anexo,,,por-constituyentes,"familia, por el nombre: aceites cítricos: furocumarinas, bergapteno total (STD 089)",5,por nombre,,,,,,,,,,,,,,,,,,,,
fig:1957,GUWO,usuario,GUWO,,O,,,Guaiac wood oil,8016-23-7,,,,,,natural,oil,,Woody,Smoky,Spicy,,fig ifra-anexo,,,por-constituyentes,,1,por nombre,,,,,,,,,,,,,,,,,,,,
fig:1958,GWSO,usuario,GWSO,,O,,,Guaiac wood oil saponified,90244-88-5,,,,,,natural,oil,,Woody,Smoky,Spicy,,fig,,,sin-dato,,,,,,,,,,,,,,,,,,,,,,,
fig:1959,GWOO,usuario,GWOO,,O,,,"Guaiac wood oil, rectified",8016-23-7,,,,,,natural,oil,,Woody,Smoky,Spicy,,fig ifra-anexo,,,por-constituyentes,,1,por CAS,,,,,,,,,,,,,,,,,,,,
fig:1960,Gua,usuario,Gua,,,,,Guaiacol,90-05-1,,,,,,molécula,,,Spicy,Smoky,Animal Like,,fig,,,sin-estandar,,,,,,,,,,,,,,,,,,,,,,,
fig:1961,GAE,usuario,GAE,,,,,Guaiacol allyl ether,4125-43-3,,,,,,molécula,,,Spicy,Woody,Smoky,,fig,,,sin-estandar,,,,,,,,,,,,,,,,,,,,,,,
fig:1962,GUA,usuario,GUA,,,,,Guaiacwood acetate,61789-17-1,,,,,,molécula,,,Woody,Rose,Tea,,fig,,,sin-estandar,,,,,,,,,,,,,,,,,,,,,,,
fig:1963,GAC,usuario,GAC,,,,,Guaiacyl acetate,613-70-7,,,,,,molécula,,,Spicy,Woody,Smoky,,fig,,,sin-estandar,,,,,,,,,,,,,,,,,,,,,,,
fig:1964,GA2,usuario,GA2,,,,,Guaiyl acetate,134-28-1,,,,,,molécula,,,Woody,Nutty,Smoky,,fig,,,sin-estandar,,,,,,,,,,,,,,,,,,,,,,,
fig:1965,GUB,usuario,GUB,,,,,Gurjun balsam,8030-55-5,,,,,,molécula,,,Woody,Warm,Powdery,,fig,,,sin-estandar,,,,,,,,,,,,,,,,,,,,,,,
fig:1966,GUBO,usuario,GUBO,,O,,,Gurjun balsam oil,8030-55-5,,,,,,natural,oil,,Woody,Warm,Powdery,,fig,,,sin-dato,,,,,,,,,,,,,,,,,,,,,,,
fig:1967,GuE,usuario,GuE,,E,,,Gurjun extract,8030-55-5,,,,,,natural,extract,,Woody,Warm,Powdery,,fig,,,sin-dato,,,,,,,,,,,,,,,,,,,,,,,
fig:1968,GuO,usuario,GuO,,O,,,Gurjun oil,8030-55-5,,,,,,natural,oil,,Woody,Warm,Powdery,,fig,,,sin-dato,,,,,,,,,,,,,,,,,,,,,,,
fig:1969,GjO,usuario,GjO,,O,,,"Gurjun oil, rectified",8030-55-5,,,,,,natural,oil,,Woody,Warm,Powdery,,fig,,,sin-dato,,,,,,,,,,,,,,,,,,,,,,,
fig:1970,HaA,usuario,HaA,,A,,,Hay absolute,8031-00-3,,,,,,natural,absolute,,Herbal,Hay,Sweet,,fig ifra-anexo,,,por-constituyentes,,1,por nombre,,,,,,,,,,,,,,,,,,,,
fig:1971,HaO,usuario,HaO,,O,,,Hay oil,8031-00-3,,,,,,natural,oil,,Herbal,Hay,Sweet,,fig ifra-anexo,,,por-constituyentes,,1,por CAS,,,,,,,,,,,,,,,,,,,,
fig:1972,HeA,usuario,HeA,,A,,,Helichrysum absolute,8023-95-8,,,,,,natural,absolute,,Tobacco like,Floral,Spicy,,fig ifra-anexo,,,por-constituyentes,,2,por nombre,,,,,,,,,,,,,,,,,,,,
fig:1973,HAE,usuario,HAE,,,,,"Helichrysum arenarium, ext.",85665-35-6,,,,,,molécula,,,Floral,Fruity,Herbal,,fig,,,sin-estandar,,,,,,,,,,,,,,,,,,,,,,,
fig:1974,HeE,usuario,HeE,,E,,,Helichrysum extract,8023-95-8,,,,,,natural,extract,,Tobacco like,Floral,Spicy,,fig ifra-anexo,,,por-constituyentes,variante sin concretar: cuenta la peor de 2 del anexo,2,"por CAS: 2 variantes, cuenta la peor",,,,,,,,,,,,,,,,,,,,
fig:1975,HeO,usuario,HeO,,O,,,Helichrysum oil,8023-95-8,,,,,,natural,oil,,Tobacco like,Floral,Spicy,,fig ifra-anexo,,,por-constituyentes,,1,por nombre,,,,,,,,,,,,,,,,,,,,
fig:1976,HPO,usuario,HPO,,O,,,"Helichrysum oil, pyrogenated",8023-95-8,,,,,,natural,oil,,Tobacco like,Floral,Spicy,,fig ifra-anexo,,,por-constituyentes,variante sin concretar: cuenta la peor de 2 del anexo,2,"por CAS: 2 variantes, cuenta la peor",,,,,,,,,,,,,,,,,,,,
fig:1977,He11,usuario,He11,,,,,Heptanal,111-71-7,,,,,,molécula,,,Aldehydic,Fresh,Green,,fig,,,sin-estandar,,,,,,,,,,,,,,,,,,,,,,,
fig:1978,HD4,usuario,HD4,,,,,Heptanal dimethyl acetal,10032-05-0,,,,,,molécula,,,Green,Fruity,Orange,,fig,,,sin-estandar,,,,,,,,,,,,,,,,,,,,,,,
fig:1979,HA3,usuario,HA3,,,,,Heptanoic acid,111-14-8,,,,,,molécula,,,Acidic,Fatty,Burnt,,fig,,,sin-estandar,,,,,,,,,,,,,,,,,,,,,,,
fig:1980,HA4,usuario,HA4,,,,,Heptyl acetate,112-06-1,,,,,,molécula,,,Fruity,Green,Citrus,,fig,,,sin-estandar,,,,,,,,,,,,,,,,,,,,,,,
fig:1981,HA5,usuario,HA5,,,,,Heptyl alcohol,111-70-6,,,,,,molécula,,,Aldehydic,Green,Fruity,,fig,,,sin-estandar,,,,,,,,,,,,,,,,,,,,,,,
fig:1982,HB2,usuario,HB2,,,,,Heptyl butyrate,5870-93-9,,,,,,molécula,,,Fruity,Apple,Pear,,fig,,,sin-estandar,,,,,,,,,,,,,,,,,,,,,,,
fig:1983,HEN,usuario,HEN,,,,,Hex-2-enyl acetate (isomer unspecified),10094-40-3,,,,,,molécula,,,Green,Sweet,Fruity,,fig,,,sin-estandar,,,,,,,,,,,,,,,,,,,,,,,
fig:1984,HE2,usuario,HE2,,,,,Hex-3-enyl acetate,1708-82-3,,,,,,molécula,,,Green,Floral,Fresh,,fig,,,sin-estandar,,,,,,,,,,,,,,,,,,,,,,,
fig:1985,He12,usuario,He12,,,,,Hexadecanolide,109-29-5,,,,,,molécula,,,Musk like,Sweet,Powdery,,fig,,,sin-estandar,,,,,,,,,,,,,,,,,,,,,,,
fig:1986,HBO,usuario,HBO,,,,,Hexahydro-3H-benzofuran-2-one,6051-03-2,,,,,,molécula,,,Tobacco like,Hay,Powdery,,fig,,,sin-estandar,,,,,,,,,,,,,,,,,,,,,,,
fig:1987,He13,usuario,He13,,,,,Hexanal,66-25-1,,,,,,molécula,,,Aldehydic,Green,Fruity,,fig,,,sin-estandar,,,,,,,,,,,,,,,,,,,,,,,
fig:1988,HTI,usuario,HTI,,,,,"Hexanal, 6-​(2,​4,​4-​trimethylcyclopentyl​idene)​-​, (6E)​-",1429808-42-3,,,,,,molécula,,,Ozonic,Marine,Green,,fig,,,sin-estandar,,,,,,,,,,,,,,,,,,,,,,,
fig:1989,HA6,usuario,HA6,,,,,Hexanoic acid,142-62-1,,,,,,molécula,,,Acidic,Cheesy,Oily,,fig,,,sin-estandar,,,,,,,,,,,,,,,,,,,,,,,
fig:1990,HAEM,usuario,HAEM,,,,,"Hexanoic acid, 2-ethyl-, methyl ester",816-19-3,,,,,,molécula,,,Fruity,Floral,Violet,,fig,,,sin-estandar,,,,,,,,,,,,,,,,,,,,,,,
fig:1991,HAA,usuario,HAA,,,,,"Hexanoic acid, 6-(acetyloxy)-, ethyl ester",104986-28-9,,,,,,molécula,,,Powdery,Fruity,Raspberry,,fig,,,sin-estandar,,,,,,,,,,,,,,,,,,,,,,,
fig:1992,HA7,usuario,HA7,,,,,Hexen-2-al,6728-26-3,,,,,,molécula,,,Green,Aldehydic,Floral,,fig ifra-estandar,IFRA_STD_039,2-Hexenal,con-techo,,,,0.0014,0.00041,0.0083,0.0077,0.002,0.002,0.002,0.00067,0.0045,0.016,0.016,0.00067,0.015,0.054,0.054,0.00067,0.00067,sin-restriccion,,
fig:1993,HD5,usuario,HD5,,,,,"Hexyl 2,2-dimethylpropanoate",5434-57-1,,,,,,molécula,,,Floral,Sweet,Green,,fig,,,sin-estandar,,,,,,,,,,,,,,,,,,,,,,,
fig:1994,HM6,usuario,HM6,,,,,Hexyl 2-methylbutyrate,10032-15-2,,,,,,molécula,,,Fruity,Green,Pear,,fig,,,sin-estandar,,,,,,,,,,,,,,,,,,,,,,,
fig:1995,HA8,usuario,HA8,,,,,Hexyl acetate,142-92-7,,,,,,molécula,,,Fruity,Green,Apple,,fig,,,sin-estandar,,,,,,,,,,,,,,,,,,,,,,,
fig:1996,HA9,usuario,HA9,,,,,Hexyl alcohol,111-27-3,,,,,,molécula,,,Fruity,Green,Apple,,fig,,,sin-estandar,,,,,,,,,,,,,,,,,,,,,,,
fig:1997,HBE,usuario,HBE,,,,,Hexyl benzoate,6789-88-4,,,,,,molécula,,,Woody,Fresh,Balsamic,,fig,,,sin-estandar,,,,,,,,,,,,,,,,,,,,,,,
fig:1998,HB3,usuario,HB3,,,,,Hexyl butyrate,2639-63-6,,,,,,molécula,,,Fruity,Green,Pineapple,,fig,,,sin-estandar,,,,,,,,,,,,,,,,,,,,,,,
fig:1999,HFO,usuario,HFO,,,,,Hexyl formate,629-33-4,,,,,,molécula,,,Fruity,Apple,Plum,,fig,,,sin-estandar,,,,,,,,,,,,,,,,,,,,,,,
fig:2000,HH2,usuario,HH2,,,,,Hexyl hexanoate,6378-65-0,,,,,,molécula,,,Fruity,Floral,Pear,,fig,,,sin-estandar,,,,,,,,,,,,,,,,,,,,,,,
fig:2001,HI2,usuario,HI2,,,,,Hexyl isobutyrate,2349-07-7,,,,,,molécula,,,Fruity,Sweet,Apple,,fig,,,sin-estandar,,,,,,,,,,,,,,,,,,,,,,,
fig:2002,HI3,usuario,HI3,,,,,Hexyl isovalerate,10032-13-0,,,,,,molécula,,,Fruity,Sweet,Green,,fig,,,sin-estandar,,,,,,,,,,,,,,,,,,,,,,,
fig:2003,HOC,usuario,HOC,,,,,Hexyl octanoate,1117-55-1,,,,,,molécula,,,Fruity,Green,Fresh,,fig,,,sin-estandar,,,,,,,,,,,,,,,,,,,,,,,
fig:2004,HP2,usuario,HP2,,,,,Hexyl phenylacetate,5421-17-0,,,,,,molécula,,,Floral,Sweet,Green,,fig,,,sin-estandar,,,,,,,,,,,,,,,,,,,,,,,
fig:2005,HP3,usuario,HP3,,,,,Hexyl propionate,2445-76-3,,,,,,molécula,,,Fruity,Green,Pear,,fig,,,sin-estandar,,,,,,,,,,,,,,,,,,,,,,,
fig:2006,HES,usuario,HES,,,,,Hexyl salicylate,6259-76-3,,,,,,molécula,,,Floral,Sweet,Herbal,,fig ifra-estandar,IFRA_STD_042,Hexyl salicylate,con-techo,,,,0.092,0.8,0.25,6.5,2.7,0.3,0.46,0.1,0.0092,0.38,0.38,0.1,1.2,1.2,2.2,0.1,0.1,64,,"Hexyl 2-hydroxybenzoate | Benzoic acid, 2-hydroxy-, hexyl ester | Hexyl o-hydroxybenzoate"
fig:2007,HT2,usuario,HT2,,,,,Hexyl tiglate,16930-96-4,,,,,,molécula,,,Fruity,Fresh,Green,,fig,,,sin-estandar,,,,,,,,,,,,,,,,,,,,,,,
fig:2008,HiO,usuario,HiO,,O,,,Hibawood oil,68917-43-1,,,,,,natural,oil,,Woody,Cedarwood,Fresh,,fig ifra-anexo,,,por-constituyentes,,1,por nombre,,,,,,,,,,,,,,,,,,,,
fig:2009,HWO,usuario,HWO,,O,,,Hinoki wood oil,91745-97-0,,,,,,natural,oil,,Aromatic,Peppery,Grapefruit,,fig ifra-anexo,,,por-constituyentes,,1,por nombre,,,,,,,,,,,,,,,,,,,,
fig:2010,HLO,usuario,HLO,,O,,,Hinoki leaf oil,91745-97-0,,,,,,natural,oil,,Aromatic,Peppery,Grapefruit,,fig ifra-anexo,,,por-constituyentes,,1,por nombre,,,,,,,,,,,,,,,,,,,,
fig:2011,HOBO,usuario,HOBO,,O,,,Ho bark oil,8022-91-1,,,,,,natural,oil,,Floral,Woody,Herbal,,fig ifra-anexo,,,por-constituyentes,,1,por nombre,,,,,,,,,,,,,,,,,,,,
fig:2012,HOLO,usuario,HOLO,,O,,,Ho leaf oil,8022-91-1,,,,,,natural,oil,,Floral,Woody,Herbal,,fig ifra-anexo,,,por-constituyentes,,1,por nombre,,,,,,,,,,,,,,,,,,,,
fig:2013,HW,usuario,HW,,,,,Ho wood,8022-91-1,,,,,,natural,,,Floral,Woody,Herbal,,fig ifra-anexo,,,por-constituyentes,variante sin concretar: cuenta la peor de 2 del anexo,1,"por CAS: 2 variantes, cuenta la peor",,,,,,,,,,,,,,,,,,,,
fig:2014,HOWO,usuario,HOWO,,O,,,Ho wood oil,8022-91-1,,,,,,natural,oil,,Floral,Woody,Herbal,,fig ifra-anexo,,,por-constituyentes,variante sin concretar: cuenta la peor de 2 del anexo,1,"por CAS: 2 variantes, cuenta la peor",,,,,,,,,,,,,,,,,,,,
fig:2015,HoD,usuario,HoD,,D,,,Honey distillate,91052-92-5,,,,,,natural,distillate,,Gourmand,Honey,Waxy,,fig,,,sin-dato,,,,,,,,,,,,,,,,,,,,,,,
fig:2016,HoA,usuario,HoA,,A,,,Honeysuckle absolute,8023-93-6,,,,,,natural,absolute,,Floral,Honeysuckle,Sweet,,fig,,,sin-dato,,,,,,,,,,,,,,,,,,,,,,,
fig:2017,HoE,usuario,HoE,,E,,,Hop extract,8060-28-4,,,,,,natural,extract,,Aromatic,Fruity,Herbal,,fig,,,sin-dato,,,,,,,,,,,,,,,,,,,,,,,
fig:2018,HSE,usuario,HSE,,E,,,Hop extract solid,8060-28-4,,,,,,natural,extract,,Aromatic,Fruity,Herbal,,fig,,,sin-dato,,,,,,,,,,,,,,,,,,,,,,,
fig:2019,HoO,usuario,HoO,,O,,,Hop oil,8007-04-3,,,,,,natural,oil,,Herbal,Spicy,Green,,fig ifra-anexo,,,por-constituyentes,,1,por nombre,,,,,,,,,,,,,,,,,,,,
fig:2020,HPB,usuario,HPB,,,,,"Hydrocarbons, terpene processing by-products",68956-56-9,,,,,,molécula,,,Citrus,Lime,Lavender,,fig,,,sin-estandar,,,,,,,,,,,,,,,,,,,,,,,
fig:2021,Ho,usuario,Ho,,,,,Hydroxycitronellal,107-75-5,,,,,,molécula,,,Floral,Muguet,Aldehydic,,fig ifra-estandar,IFRA_STD_043,Hydroxycitronellal,con-techo,,,,0.38,0.11,2.3,2.1,0.53,0.53,0.53,0.18,1.2,1.6,1.6,0.18,4.1,0.78,7.8,0.18,0.18,sin-restriccion,,"Hydroxycitronellal | Citronellalhydrate | 7-Hydroxy-3,7-dimethyloctanal | 3,7-Dimethyl-7-hydroxyoctanal | Octanal, 7-hydroxy-3,7-dimethyl- | Oxydihydrocitronellal | Laurinal (commercial name) | Laurine (commercial name)"
fig:2022,HYD,usuario,HYD,,,,,Hydroxycitronellal diethyl acetal,7779-94-4,,,,,,molécula,,,Floral,Muguet,Green,,fig,,,sin-estandar,,,,,,,,,,,,,,,,,,,,,,,
fig:2023,HD6,usuario,HD6,,,,,Hydroxycitronellal dimethyl acetal,141-92-4,,,,,,molécula,,,Floral,Fresh,Lily,,fig,,,sin-estandar,,,,,,,,,,,,,,,,,,,,,,,
fig:2024,HIC,usuario,HIC,,,,,"Hydroxycitronellal, indole condensation products",68908-82-7,,,,,,molécula,,,Floral,Jasmin,warm,,fig,,,sin-estandar,,,,,,,,,,,,,,,,,,,,,,,
fig:2025,HYI,usuario,HYI,,,,,Hydroxycitronellal-Indole (Schiff base),68527-79-7,,,,,,molécula,,,Floral,Jasmin,Animal Like,,fig ifra-schiff,,,por-constituyentes,,1,,,,,,,,,,,,,,,,,,,,,
fig:2026,HMA,usuario,HMA,,,,,Hydroxycitronellal-methyl anthranilate (Schiff base),89-43-0,,,,,,molécula,,,Floral,Neroli,Warm,,fig ifra-schiff,,,por-constituyentes,,1,,,,,,,,,,,,,,,,,,,,,
fig:2027,Hyd,usuario,Hyd,,,,,Hydroxycitronellol,107-74-4,,,,,,molécula,,,Floral,Green,Rose,,fig,,,sin-estandar,,,,,,,,,,,,,,,,,,,,,,,
fig:2028,δHL,usuario,δHL,,,,,"Hydroxynonanoic acid, delta-lactone",3301-94-8,,,,,,molécula,,delta,Fruity,Coconut,Spicy,,fig,,,sin-estandar,,,,,,,,,,,,,,,,,,,,,,,
fig:2029,HyO,usuario,HyO,,O,,,Hyssop oil,8006-83-5,,,,,,natural,oil,,Aromatic,Herbal,Camphoraceous,,fig ifra-anexo,,,por-constituyentes,,4,por nombre,,,,,,,,,,,,,,,,,,,,
fig:2030,INF,usuario,INF,,,,,"Indeno[4,3a-b]furan,decahydro-2,2,7,7,8,9,9-heptamethyl-",647828-16-8,,,,,,molécula,,,Amber,Woody,Musk Like,,fig,,,sin-estandar,,,,,,,,,,,,,,,,,,,,,,,
fig:2031,IDO,usuario,IDO,,,,,"Indeno[4,5-d]-1,3-dioxin,4,4a,5,6,7,8,9,9b-octahydro-7,7,8,9,9-pentamethyl-",365411-50-3,,,,,,molécula,,,Musk like,Powdery,Dry,,fig,,,sin-estandar,,,,,,,,,,,,,,,,,,,,,,,
fig:2032,Id,usuario,Id,,,,,Indole,120-72-9,,,,,,molécula,,,Floral,Jasmin,Animal Like,,fig,,,sin-estandar,,,,,,,,,,,,,,,,,,,,,,,
fig:2033,Ion,usuario,Ion,,,,,Ionone (mixed isomers),8013-90-9,,,,,,molécula,,,Floral,Violet,Sweet,,fig,,,sin-estandar,,,,,,,,,,,,,,,,,,,,,,,
fig:2034,IGA,usuario,IGA,,A,,,Iris germanica absolute,1048028-77-8,,,,,,natural,absolute,,Floral,Powdery,Violet,,fig,,,sin-dato,,,,,,,,,,,,,,,,,,,,,,,
fig:2035,IGE,usuario,IGE,,E,,,Iris germanica CO2 extract,1048028-77-8,,,,,,natural,extract,,Floral,Powdery,Violet,,fig,,,sin-dato,,,,,,,,,,,,,,,,,,,,,,,
fig:2036,IGC,usuario,IGC,,C,,,Iris germanica concrete,1048028-77-8,,,,,,natural,concrete,,Floral,Powdery,Violet,,fig,,,sin-dato,,,,,,,,,,,,,,,,,,,,,,,
fig:2037,IRGE,usuario,IRGE,,E,,,Iris germanica extract,1048028-77-8,,,,,,natural,extract,,Floral,Powdery,Violet,,fig,,,sin-dato,,,,,,,,,,,,,,,,,,,,,,,
fig:2038,IGR,usuario,IGR,,R,,,Iris germanica resinoid,1048028-77-8,,,,,,natural,resinoid,,Floral,Powdery,Violet,,fig,,,sin-dato,,,,,,,,,,,,,,,,,,,,,,,
fig:2039,IPA,usuario,IPA,,A,,,Iris pallida absolute,8002-73-1,,,,,,natural,absolute,,Powdery,Violet,Floral,,fig,,,sin-dato,,,,,,,,,,,,,,,,,,,,,,,
fig:2040,IPC,usuario,IPC,,C,,,Iris pallida concrete,8002-73-1,,,,,,natural,concrete,,Powdery,Violet,Floral,,fig,,,sin-dato,,,,,,,,,,,,,,,,,,,,,,,
fig:2041,IPO,usuario,IPO,,O,,,Iris pallida oil,8002-73-1,,,,,,natural,oil,,Powdery,Violet,Floral,,fig,,,sin-dato,,,,,,,,,,,,,,,,,,,,,,,
fig:2042,IRPO,usuario,IRPO,,O,,,"Iris pallida oil, rectified",8002-73-1,,,,,,natural,oil,,Powdery,Violet,Floral,,fig,,,sin-dato,,,,,,,,,,,,,,,,,,,,,,,
fig:2043,IPR,usuario,IPR,,R,,,Iris pallida resinoid,8002-73-1,,,,,,natural,resinoid,,Powdery,Violet,Floral,,fig,,,sin-dato,,,,,,,,,,,,,,,,,,,,,,,
fig:2044,IPT,usuario,IPT,,T,,,Iris pallida tincture,8002-73-1,,,,,,natural,tincture,,Powdery,Violet,Floral,,fig,,,sin-dato,,,,,,,,,,,,,,,,,,,,,,,
fig:2045,IPE,usuario,IPE,,E,,,Iris pseudacorus extract,90045-91-3,,,,,,natural,extract,,Floral,Violet,Powdery,,fig,,,sin-dato,,,,,,,,,,,,,,,,,,,,,,,
fig:2046,Ie,usuario,Ie,,,,,Irone,1335-94-0,,,,,,molécula,,,Floral,Violet,Woody,,fig ifra-estandar,IFRA_STD_063,"Methyl ionone, mixed isomers",con-techo,especificación (STD 063),,,5.4,1.6,32,30,7.6,7.6,7.6,7.6,18,61,61,3.2,59,100,100,100,100,sin-restriccion,,Irone
fig:2047,IA,usuario,IA,,,,,Isoamyl acetate,123-92-2,,,,,,molécula,,,Fruity,Vanilla,Pear,,fig,,,sin-estandar,,,,,,,,,,,,,,,,,,,,,,,
fig:2048,ISA,usuario,ISA,,,,,Isoamyl alcohol,123-51-3,,,,,,molécula,,,Fruity,Apple,Pear,,fig,,,sin-estandar,,,,,,,,,,,,,,,,,,,,,,,
fig:2049,ISB,usuario,ISB,,,,,Isoamyl benzoate,94-46-2,,,,,,molécula,,,Fruity,Balsamic,Apple,,fig,,,sin-estandar,,,,,,,,,,,,,,,,,,,,,,,
fig:2050,IBU,usuario,IBU,,,,,Isoamyl butyrate,106-27-4,,,,,,molécula,,,Fruity,Sweet,Banana,,fig,,,sin-estandar,,,,,,,,,,,,,,,,,,,,,,,
fig:2051,ICI,usuario,ICI,,,,,Isoamyl cinnamate,7779-65-9,,,,,,molécula,,,Spicy,Warm,Cinnamon,,fig,,,sin-estandar,,,,,,,,,,,,,,,,,,,,,,,
fig:2052,ISF,usuario,ISF,,,,,Isoamyl formate,110-45-2,,,,,,molécula,,,Fruity,Green,Apple,,fig,,,sin-estandar,,,,,,,,,,,,,,,,,,,,,,,
fig:2053,ISH,usuario,ISH,,,,,Isoamyl hexanoate,2198-61-0,,,,,,molécula,,,Fruity,Pineapple,Green,,fig,,,sin-estandar,,,,,,,,,,,,,,,,,,,,,,,
fig:2054,II,usuario,II,,,,,Isoamyl isovalerate,659-70-1,,,,,,molécula,,,Fruity,Banana,Apple,,fig,,,sin-estandar,,,,,,,,,,,,,,,,,,,,,,,
fig:2055,IOC,usuario,IOC,,,,,Isoamyl octanoate,2035-99-6,,,,,,molécula,,,Fruity,Pineapple,Chocolate,,fig,,,sin-estandar,,,,,,,,,,,,,,,,,,,,,,,
fig:2056,IPH,usuario,IPH,,,,,Isoamyl phenylacetate,102-19-2,,,,,,molécula,,,Fruity,Chocolate,Honey,,fig,,,sin-estandar,,,,,,,,,,,,,,,,,,,,,,,
fig:2057,IP2,usuario,IP2,,,,,Isoamyl propionate,105-68-0,,,,,,molécula,,,Fruity,Apricot,Pineapple,,fig,,,sin-estandar,,,,,,,,,,,,,,,,,,,,,,,
fig:2058,IS,usuario,IS,,,,,Isoamyl salicylate,87-20-7,,,,,,molécula,,,Floral,Balsamic,Green,,fig,,,sin-estandar,,,,,,,,,,,,,,,,,,,,,,,
fig:2059,Ib,usuario,Ib,,,,,Isoborneol,124-76-5,,,,,,molécula,,,Herbal,Fresh,Pine,,fig,,,sin-estandar,,,,,,,,,,,,,,,,,,,,,,,
fig:2060,IM5,usuario,IM5,,,,,Isobornyl 2-methylpropionate,85586-67-0,,,,,,molécula,,,Herbal,Camphoraceous,Fruity,,fig,,,sin-estandar,,,,,,,,,,,,,,,,,,,,,,,
fig:2061,IAC,usuario,IAC,,,,,Isobornyl acetate,125-12-2,,,,,,molécula,,,Herbal,Pine,Green,,fig,,,sin-estandar,,,,,,,,,,,,,,,,,,,,,,,
fig:2062,IFO,usuario,IFO,,,,,Isobornyl formate,1200-67-5,,,,,,molécula,,,Woody,Camphoraceous,Pine,,fig,,,sin-estandar,,,,,,,,,,,,,,,,,,,,,,,
fig:2063,ISI,usuario,ISI,,,,,Isobornyl isovalerate,7779-73-9,,,,,,molécula,,,Woody,Apple,dry,,fig,,,sin-estandar,,,,,,,,,,,,,,,,,,,,,,,
fig:2064,IM6,usuario,IM6,,,,,Isobornyl methyl ether,5331-32-8,,,,,,molécula,,,Herbal,Pine,Woody,,fig,,,sin-estandar,,,,,,,,,,,,,,,,,,,,,,,
fig:2065,IP3,usuario,IP3,,,,,Isobornyl propionate,2756-56-1,,,,,,molécula,,,Herbal,Fresh,Pine,,fig,,,sin-estandar,,,,,,,,,,,,,,,,,,,,,,,
fig:2066,IB2,usuario,IB2,,,,,Isobutyl 2-butenoate,589-66-2,,,,,,molécula,,,Fruity,Melon,Tropical-Fruit,,fig,,,sin-estandar,,,,,,,,,,,,,,,,,,,,,,,
fig:2067,IFP,usuario,IFP,,,,,Isobutyl 3-(2-furan)propionate,105-01-1,,,,,,molécula,,,Fruity,Pineapple,Pear,,fig,,,sin-estandar,,,,,,,,,,,,,,,,,,,,,,,
fig:2068,IA2,usuario,IA2,,,,,Isobutyl acetate,110-19-0,,,,,,molécula,,,Fruity,Banana,Pear,,fig,,,sin-estandar,,,,,,,,,,,,,,,,,,,,,,,
fig:2069,IAL,usuario,IAL,,,,,Isobutyl alcohol,78-83-1,,,,,,molécula,,,Fruity,Sharp,Light,,fig,,,sin-estandar,,,,,,,,,,,,,,,,,,,,,,,
fig:2070,IAN,usuario,IAN,,,,,Isobutyl angelate,7779-81-9,,,,,,molécula,,,Herbal,Green,Spicy,,fig,,,sin-estandar,,,,,,,,,,,,,,,,,,,,,,,
fig:2071,IA3,usuario,IA3,,,,,Isobutyl anthranilate,7779-77-3,,,,,,molécula,,,Fruity,Grape,Floral,,fig,,,sin-estandar,,,,,,,,,,,,,,,,,,,,,,,
fig:2072,IBE,usuario,IBE,,,,,Isobutyl benzoate,120-50-3,,,,,,molécula,,,Floral,Powdery,Gourmand,,fig,,,sin-estandar,,,,,,,,,,,,,,,,,,,,,,,
fig:2073,IB3,usuario,IB3,,,,,Isobutyl butyrate,539-90-2,,,,,,molécula,,,Fruity,Sweet,Peach,,fig,,,sin-estandar,,,,,,,,,,,,,,,,,,,,,,,
fig:2074,IC2,usuario,IC2,,,,,Isobutyl cinnamate,122-67-8,,,,,,molécula,,,Fruity,Sweet,Balsamic,,fig ifra-estandar,IFRA_STD_254,Isobutyl cinnamate,con-techo,,,,0.22,0.066,1.3,1.2,0.32,0.32,0.32,0.11,0.73,2.5,2.5,0.11,2.4,0.55,0.55,0.11,0.11,sin-restriccion,,"Isobutyl cinnamate | 2-Methylpropyl 3-phenylpropenoate | 2-Methylpropyl beta-phenylacrylate | 2-Methylpropyl β-phenylacrylate | 2-Methylpropyl cinnamate | 2-Propenoic acid, 3-phenyl-, 2-methylpropyl ester | Isobutyl 3-phenylacrylate | Isobutyl 3-phenylpropenoate | Isobutyl beta-phenylacrylate | Labdanol | 3-Phenylpropenoic acid isobutyl ester | 2-methylpropyl (E)-3-phenylprop-2-enoate"
fig:2075,IHE,usuario,IHE,,,,,Isobutyl hexanoate,105-79-3,,,,,,molécula,,,Fruity,Sweet,Pineapple,,fig,,,sin-estandar,,,,,,,,,,,,,,,,,,,,,,,
fig:2076,IIS,usuario,IIS,,,,,Isobutyl isobutyrate,97-85-8,,,,,,molécula,,,Fruity,Pineapple,Peach,,fig,,,sin-estandar,,,,,,,,,,,,,,,,,,,,,,,
fig:2077,IM7,usuario,IM7,,,,,Isobutyl N-methylanthranilate,65505-24-0,,,,,,molécula,,,Fruity,Grapefruit,Floral,,fig ifra-estandar,IFRA_STD_214,Isobutyl N-methylanthranylate,condicion,especificación (STD 214),,,,,,,,,,,,,,,,,,,,,,"Benzoic acid, 2-(methylamino)-, 2-methylpropyl ester | Isobutyl 2-(methylamino)benzoate"
fig:2078,IP4,usuario,IP4,,,,,Isobutyl phenylacetate,102-13-6,,,,,,molécula,,,Floral,Rose,Honey,,fig,,,sin-estandar,,,,,,,,,,,,,,,,,,,,,,,
fig:2079,IP5,usuario,IP5,,,,,Isobutyl propionate,540-42-1,,,,,,molécula,,,Fruity,Sweet,Fermented,,fig,,,sin-estandar,,,,,,,,,,,,,,,,,,,,,,,
fig:2080,ISS,usuario,ISS,,,,,Isobutyl salicylate,87-19-4,,,,,,molécula,,,Floral,Herbal,Spicy,,fig,,,sin-estandar,,,,,,,,,,,,,,,,,,,,,,,
fig:2081,Iu,usuario,Iu,,,,,Isobutyraldehyde,78-84-2,,,,,,molécula,,,Green,Floral,Aldehydic,,fig,,,sin-estandar,,,,,,,,,,,,,,,,,,,,,,,
fig:2082,IA4,usuario,IA4,,,,,Isobutyric acid,79-31-2,,,,,,molécula,,,Acidic,Pungent,Fruity,,fig,,,sin-estandar,,,,,,,,,,,,,,,,,,,,,,,
fig:2083,ICY,usuario,ICY,,,,,"Isocamphenyl cyclohexanol, mixed isomers",66068-84-6,,,,,,molécula,,,Woody,Balsamic,Sandalwood,,fig,,,sin-estandar,,,,,,,,,,,,,,,,,,,,,,,
fig:2084,Ic,usuario,Ic,,,,,Isocedranone,13794-73-5,,,,,,molécula,,,Woody,Cedarwood,Amber,,fig,,,sin-estandar,,,,,,,,,,,,,,,,,,,,,,,
fig:2085,Iy,usuario,Iy,,,,,Isocyclocitral,1335-66-6,,,,,,molécula,,,Green,Fresh,Herbal,,fig ifra-estandar,IFRA_STD_046,Isocyclocitral,con-techo,,,,0.54,0.16,3.2,3,0.76,0.76,0.76,0.76,1.8,6.1,6.1,0.32,5.9,21,21,12,12,sin-restriccion,,"1-Formyl-[2,4,6-]&[3,5,6-]trimethyl-3-cyclohexene | [2,4,6-]&[3,5,6-]Trimethyl-3-cyclohexene-1-carboxaldehyde"
fig:2086,IA5,usuario,IA5,,,,,Isodecyl acetate,69103-24-8,,,,,,molécula,,,Herbal,Citrus,Green,,fig,,,sin-estandar,,,,,,,,,,,,,,,,,,,,,,,
fig:2087,Is2,usuario,Is2,,,,,Isoeugenol,97-54-1,,,,,,molécula,,,Spicy,Clove,Floral,,fig ifra-estandar,IFRA_STD_048,Isoeugenol,con-techo,,,,0.019,0.0057,0.12,0.11,0.027,0.027,0.027,0.009,0.063,0.22,0.22,0.009,0.21,0.21,0.75,0.009,0.009,sin-restriccion,,
fig:2088,IB4,usuario,IB4,,,,,Isoeugenol benzoate,4194-00-7,,,,,,molécula,,,Balsamic,Spicy,Floral,,fig,,,sin-estandar,,,,,,,,,,,,,,,,,,,,,,,
fig:2089,IA6,usuario,IA6,,,,,Isoeugenyl acetate,93-29-8,,,,,,molécula,,,Spicy,Floral,Clove,,fig ifra-estandar,IFRA_STD_255,Isoeugenyl acetate,con-techo,,,,0.18,0.053,0.061,0.99,0.25,0.061,0.082,0.02,0.02,0.061,0.061,0.02,0.2,0.061,0.45,0.02,0.02,16,,"Isoeugenyl acetate | 2-Methoxy-4-prop-1-en-1-ylphenyl acetate | 2-Methoxy-4-propenylphenyl acetate | 4-Acetoxy-3-methoxy-1-(1-propen-1-yl)benzene | Acetisoeugenol | Acetyl isoeugenol | Isoeugenol acetate | Phenol, 2-methoxy-4-(1-propenyl)-, acetate | 1-Acetoxy-2-methoxy-4-(1-propenyl)benzene | Acetic acid isoeugenyl ester"
fig:2090,IB5,usuario,IB5,,,,,Isoeugenyl benzyl ether,120-11-6,,,,,,molécula,,,Spicy,Powdery,Floral,,fig,,,sin-estandar,,,,,,,,,,,,,,,,,,,,,,,
fig:2091,IM8,usuario,IM8,,,,,Isoeugenyl methyl ether,93-16-3,,,,,,molécula,,,Spicy,Clove,Floral,,fig,,,sin-estandar,,,,,,,,,,,,,,,,,,,,,,,
fig:2092,IP6,usuario,IP6,,,,,Isoeugenyl phenylacetate,120-24-1,,,,,,molécula,,,Herbal,Aromatic,Spicy,,fig,,,sin-estandar,,,,,,,,,,,,,,,,,,,,,,,
fig:2093,ICC,usuario,ICC,,,,,Isohexenyl cyclohexenyl carboxaldehyde,37677-14-8,,,,,,molécula,,,Aldehydic,Citrus,Orange,,fig,,,sin-estandar,,,,,,,,,,,,,,,,,,,,,,,
fig:2094,Ij,usuario,Ij,,,,,Isojasmone,11050-62-7,,,,,,molécula,,,Floral,Waxy,Jasmin,,fig,,,sin-estandar,,,,,,,,,,,,,,,,,,,,,,,
fig:2095,Il,usuario,Il,,,,,Isolongifolanone,14727-47-0,,,,,,molécula,,,Woody,Fresh,Dry,,fig,,,sin-estandar,,,,,,,,,,,,,,,,,,,,,,,
fig:2096,Is3,usuario,Is3,,,,,Isolongifolene,1135-66-6,,,,,,molécula,,,Woody,Amber,Incense,,fig,,,sin-estandar,,,,,,,,,,,,,,,,,,,,,,,
fig:2097,IK,usuario,IK,,,,,Isolongifolene ketone,23787-90-8,,,,,,molécula,,,Woody,Dry,Amber,,fig,,,sin-estandar,,,,,,,,,,,,,,,,,,,,,,,
fig:2098,ISK,usuario,ISK,,,,,Isolongifolene ketone,33407-62-4,,,,,,molécula,,,Woody,Dry,Amber,,fig,,,sin-estandar,,,,,,,,,,,,,,,,,,,,,,,
fig:2099,IOX,usuario,IOX,,,,,Isolongifolene oxide,26619-69-2,,,,,,molécula,,,Woody,Patchouli,Musty,,fig,,,sin-estandar,,,,,,,,,,,,,,,,,,,,,,,
fig:2100,βII,usuario,βII,,,,,iso-Methyl-beta-ionone,79-89-0,,,,,,molécula,,beta,Floral,Violet,Powdery,,fig ifra-estandar,IFRA_STD_063,"Methyl ionone, mixed isomers",con-techo,especificación (STD 063),,,5.4,1.6,32,30,7.6,7.6,7.6,7.6,18,61,61,3.2,59,100,100,100,100,sin-restriccion,,"iso-Methyl-β-ionone | 3-Buten-2-one, 3-methyl-4-(2,6,6-trimethyl-1-cyclohexen-1-yl)- | 3-Methyl-4-(2,6,6-trimethylcyclohex-1-en-1-yl)but-3-en-2-one | δ-Iraldeine"
fig:2101,IAI,usuario,IAI,,,,,Isononyl acetate (isomer unspecified),40379-24-6,,,,,,molécula,,,Floral,Herbal,Fruity,,fig,,,sin-estandar,,,,,,,,,,,,,,,,,,,,,,,
fig:2102,IA7,usuario,IA7,,,,,Isononyl alcohol (isomer unspecified),27458-94-2,,,,,,molécula,,,Green,Geranium,Camphoraceous,,fig,,,sin-estandar,,,,,,,,,,,,,,,,,,,,,,,
fig:2103,IP7,usuario,IP7,,,,,Isononyl propionate,65155-45-5,,,,,,molécula,,,Floral,Lavender,Herbal,,fig,,,sin-estandar,,,,,,,,,,,,,,,,,,,,,,,
fig:2104,IM9,usuario,IM9,,,,,Isopentyl 2-methylcrotonate (E),41519-18-0,,,,,,molécula,,,Floral,Chamomile,Fruity,,fig,,,sin-estandar,,,,,,,,,,,,,,,,,,,,,,,
fig:2105,Ih,usuario,Ih,,,,,Isophytol,505-32-8,,,,,,molécula,,,Floral,Jasmin,Fresh,,fig,,,sin-estandar,,,,,,,,,,,,,,,,,,,,,,,
fig:2106,IES,usuario,IES,,,,,Isopropoxy ethyl salicylate,79915-74-5,,,,,,molécula,,,Floral,Balsamic,Cherry-Blossom,,fig,,,sin-estandar,,,,,,,,,,,,,,,,,,,,,,,
fig:2107,IM10,usuario,IM10,,,,,Isopropyl 2-methylbutyrate,66576-71-4,,,,,,molécula,,,Fruity,Pear,Pineapple,,fig,,,sin-estandar,,,,,,,,,,,,,,,,,,,,,,,
fig:2108,IA8,usuario,IA8,,,,,Isopropyl acetate,108-21-4,,,,,,molécula,,,Fruity,Sweet,Banana,,fig,,,sin-estandar,,,,,,,,,,,,,,,,,,,,,,,
fig:2109,IB6,usuario,IB6,,,,,Isopropyl benzoate,939-48-0,,,,,,molécula,,,Fruity,Sweet,Floral,,fig,,,sin-estandar,,,,,,,,,,,,,,,,,,,,,,,
fig:2110,IB7,usuario,IB7,,,,,Isopropyl butyrate,638-11-9,,,,,,molécula,,,Fruity,Sweet,Pineapple,,fig,,,sin-estandar,,,,,,,,,,,,,,,,,,,,,,,
fig:2111,IC3,usuario,IC3,,,,,Isopropyl cinnamate,7780-06-5,,,,,,molécula,,,Balsamic,Fruity,Spicy,,fig,,,sin-estandar,,,,,,,,,,,,,,,,,,,,,,,
fig:2112,IH2,usuario,IH2,,,,,Isopropyl hexanoate,2311-46-8,,,,,,molécula,,,Fruity,Pineapple,Berry,,fig,,,sin-estandar,,,,,,,,,,,,,,,,,,,,,,,
fig:2113,II2,usuario,II2,,,,,Isopropyl isovalerate,32665-23-9,,,,,,molécula,,,Fruity,Apple,Pineapple,,fig,,,sin-estandar,,,,,,,,,,,,,,,,,,,,,,,
fig:2114,Is4,usuario,Is4,,,,,Isopropylphenylbutanal,125109-85-5,,,,,,molécula,,,Floral,Fresh,Marine,,fig,,,sin-estandar,,,,,,,,,,,,,,,,,,,,,,,
fig:2115,Is5,usuario,Is5,,,,,Isopropylquinoline,1333-53-5,,,,,,molécula,,,Green,Leafy,Vegetable,,fig,,,sin-estandar,,,,,,,,,,,,,,,,,,,,,,,
fig:2116,Is6,usuario,Is6,,,,,Isopulegol,89-79-2,,,,,,molécula,,,Minty,Herbal,Sweet,,fig,,,sin-estandar,,,,,,,,,,,,,,,,,,,,,,,
fig:2117,IA9,usuario,IA9,,,,,Isopulegyl acetate,57576-09-7,,,,,,molécula,,,Minty,Peppermint,Sweet,,fig,,,sin-estandar,,,,,,,,,,,,,,,,,,,,,,,
fig:2118,Ia,usuario,Ia,,,,,Isosafrole,120-58-1,,,,,,molécula,,,Spicy,Sweet,Herbal,,fig ifra-estandar,IFRA_STD_179,"Safrole, Isosafrole and Dihydrosafrole",prohibido,"lo que llega de naturales, hasta 0,01 % (STD 179)",,,ver-nota,ver-nota,ver-nota,ver-nota,ver-nota,ver-nota,ver-nota,ver-nota,ver-nota,ver-nota,ver-nota,ver-nota,ver-nota,ver-nota,ver-nota,ver-nota,ver-nota,ver-nota,0.01,"1,2-Methylenedioxy-4-propenylbenzene | 1,3-Benzodioxole, 5-(1-propenyl)- | 5-Prop-1-en-1-yl-1,3-benzodioxole | Iso-safrole"
fig:2119,IOL,usuario,IOL,,,,,Isotridecan-1-ol,27458-92-0,,,,,,molécula,,,Floral,Rose,Soft,,fig,,,sin-estandar,,,,,,,,,,,,,,,,,,,,,,,
fig:2120,IA10,usuario,IA10,,,,,Isotridecyl acetate,69103-23-7,,,,,,molécula,,,Floral,Sweet,Fruity,,fig,,,sin-estandar,,,,,,,,,,,,,,,,,,,,,,,
fig:2121,IA11,usuario,IA11,,,,,Isovaleric acid,503-74-2,,,,,,molécula,,,Acidic,Cheesy,Fruity,,fig,,,sin-estandar,,,,,,,,,,,,,,,,,,,,,,,
fig:2122,JaL,usuario,JaL,,L,,,Jambu oleoresin,90131-24-1,,,,,,natural,oleoresin,,Citrus,Herbal,Fruity,,fig,,,sin-dato,,,,,,,,,,,,,,,,,,,,,,,
fig:2123,JaA,usuario,JaA,,A,,,Jasmine absolute,8022-96-6,,,,,,natural,absolute,,Floral,Sweet,Jasmin,,fig ifra-anexo ifra-estandar,IFRA_STD_049,Jasmine absolute (grandiflorum),con-techo,,5,por nombre,0.11,0.032,0.65,0.6,0.15,0.15,0.15,0.15,0.35,1.2,1.2,0.063,1.2,4.2,4.2,2.3,2.3,sin-restriccion,,
fig:2124,JCE,usuario,JCE,,E,,,Jasmine CO2 extract,8022-96-6,,,,,,natural,extract,,Floral,Sweet,Jasmin,,fig ifra-anexo ifra-estandar,IFRA_STD_049,Jasmine absolute (grandiflorum),con-techo,mismo CAS que «Jasmine absolute (grandiflorum)» (STD 049): comprobar la variante,3,por nombre,0.11,0.032,0.65,0.6,0.15,0.15,0.15,0.15,0.35,1.2,1.2,0.063,1.2,4.2,4.2,2.3,2.3,sin-restriccion,,
fig:2125,JaC,usuario,JaC,,C,,,Jasmine concrete,8022-96-6,,,,,,natural,concrete,,Floral,Sweet,Jasmin,,fig ifra-anexo ifra-estandar,IFRA_STD_049,Jasmine absolute (grandiflorum),con-techo,mismo CAS que «Jasmine absolute (grandiflorum)» (STD 049): comprobar la variante,4,por nombre,0.11,0.032,0.65,0.6,0.15,0.15,0.15,0.15,0.35,1.2,1.2,0.063,1.2,4.2,4.2,2.3,2.3,sin-restriccion,,
fig:2126,JWC,usuario,JWC,,C,,,Jasmine concrete (waxes twice extracted),8022-96-6,,,,,,natural,concrete,,Floral,Sweet,Jasmin,,fig ifra-anexo ifra-estandar,IFRA_STD_049,Jasmine absolute (grandiflorum),con-techo,mismo CAS que «Jasmine absolute (grandiflorum)» (STD 049): comprobar la variante · variante sin concretar: cuenta la peor de 4 del anexo,9,"por CAS: 4 variantes, cuenta la peor",0.11,0.032,0.65,0.6,0.15,0.15,0.15,0.15,0.35,1.2,1.2,0.063,1.2,4.2,4.2,2.3,2.3,sin-restriccion,,
fig:2127,JaO,usuario,JaO,,O,,,Jasmine oil,8022-96-6,,,,,,natural,oil,,Floral,Sweet,Jasmin,,fig ifra-anexo ifra-estandar,IFRA_STD_049,Jasmine absolute (grandiflorum),con-techo,mismo CAS que «Jasmine absolute (grandiflorum)» (STD 049): comprobar la variante · variante sin concretar: cuenta la peor de 4 del anexo,9,"por CAS: 4 variantes, cuenta la peor",0.11,0.032,0.65,0.6,0.15,0.15,0.15,0.15,0.35,1.2,1.2,0.063,1.2,4.2,4.2,2.3,2.3,sin-restriccion,,
fig:2128,JSA,usuario,JSA,,A,,,Jasmine sambac absolute,1034798-23-6,,,,,,natural,absolute,,Floral,Sweet,Jasmin,,fig ifra-anexo ifra-estandar,IFRA_STD_050,Jasmine absolute (sambac),con-techo,mismo CAS que «Jasmine absolute (sambac)» (STD 050): comprobar la variante,8,por nombre,0.68,0.2,4.1,3.8,0.96,0.96,0.96,0.96,2.2,7.7,7.7,0.4,7.4,26,26,15,15,sin-restriccion,,
fig:2129,JSE,usuario,JSE,,E,,,Jasmine sambac CO2 extract,1034798-23-6,,,,,,natural,extract,,Floral,Sweet,Jasmin,,fig ifra-anexo ifra-estandar,IFRA_STD_050,Jasmine absolute (sambac),con-techo,mismo CAS que «Jasmine absolute (sambac)» (STD 050): comprobar la variante,8,por nombre,0.68,0.2,4.1,3.8,0.96,0.96,0.96,0.96,2.2,7.7,7.7,0.4,7.4,26,26,15,15,sin-restriccion,,
fig:2130,JSO,usuario,JSO,,O,,,Jasmine sambac oil,1034798-23-6,,,,,,natural,oil,,Floral,Sweet,Jasmin,,fig ifra-estandar,IFRA_STD_050,Jasmine absolute (sambac),con-techo,mismo CAS que «Jasmine absolute (sambac)» (STD 050): comprobar la variante · constituyentes: sin dato en el anexo,,,0.68,0.2,4.1,3.8,0.96,0.96,0.96,0.96,2.2,7.7,7.7,0.4,7.4,26,26,15,15,sin-restriccion,,
fig:2131,JST,usuario,JST,,T,,,Jasmine sambac tincture,1034798-23-6,,,,,,natural,tincture,,Floral,Sweet,Jasmin,,fig ifra-estandar,IFRA_STD_050,Jasmine absolute (sambac),con-techo,mismo CAS que «Jasmine absolute (sambac)» (STD 050): comprobar la variante · constituyentes: sin dato en el anexo,,,0.68,0.2,4.1,3.8,0.96,0.96,0.96,0.96,2.2,7.7,7.7,0.4,7.4,26,26,15,15,sin-restriccion,,
fig:2132,JS,usuario,JS,,,,,Jasmine spiritus,8022-96-6,,,,,,natural,,,Floral,Sweet,Jasmin,,fig ifra-anexo ifra-estandar,IFRA_STD_049,Jasmine absolute (grandiflorum),con-techo,mismo CAS que «Jasmine absolute (grandiflorum)» (STD 049): comprobar la variante · variante sin concretar: cuenta la peor de 4 del anexo,9,"por CAS: 4 variantes, cuenta la peor",0.11,0.032,0.65,0.6,0.15,0.15,0.15,0.15,0.35,1.2,1.2,0.063,1.2,4.2,4.2,2.3,2.3,sin-restriccion,,
fig:2133,JBA,usuario,JBA,,A,,,Juniper berry absolute,8002-68-4,,,,,,natural,absolute,,Spicy,Balsamic,Woody,,fig ifra-anexo,,,por-constituyentes,,5,por CAS,,,,,,,,,,,,,,,,,,,,
fig:2134,JBE,usuario,JBE,,E,,,Juniper berry CO2 extract,8002-68-4,,,,,,natural,extract,,Spicy,Balsamic,Woody,,fig ifra-anexo,,,por-constituyentes,,5,por CAS,,,,,,,,,,,,,,,,,,,,
fig:2135,JUBE,usuario,JUBE,,E,,,Juniper berry extract,8002-68-4,,,,,,natural,extract,,Spicy,Balsamic,Woody,,fig ifra-anexo,,,por-constituyentes,,5,por CAS,,,,,,,,,,,,,,,,,,,,
fig:2136,JBO,usuario,JBO,,O,,,Juniper berry oil,8002-68-4,,,,,,natural,oil,,Spicy,Balsamic,Woody,,fig ifra-anexo,,,por-constituyentes,,5,por nombre,,,,,,,,,,,,,,,,,,,,
fig:2137,JUBO,usuario,JUBO,,O,,,"Juniper berry oil, rectified",8002-68-4,,,,,,natural,oil,,Spicy,Balsamic,Woody,,fig ifra-anexo,,,por-constituyentes,,5,por CAS,,,,,,,,,,,,,,,,,,,,
fig:2138,JJ,usuario,JJ,,,,,"Juniper, Juniperus mexicana, ext., acetylated",91053-31-5,,,,,,molécula,,,Spicy,Balsamic,Woody,,fig,,,sin-estandar,,,,,,,,,,,,,,,,,,,,,,,
fig:2139,JV,usuario,JV,,,,,"Juniper, Juniperus virginiana, ext., epoxidized",100209-33-4,,,,,,molécula,,,Woody,Spicy,Balsamic,,fig,,,sin-estandar,,,,,,,,,,,,,,,,,,,,,,,
fig:2140,KGE,usuario,KGE,,E,,,Kaempferia galanga root CO2 extract,936843-30-0,,,,,,natural,extract,,Spicy,Ginger,Citrus,,fig,,,sin-dato,,,,,,,,,,,,,,,,,,,,,,,
fig:2141,lαPi,usuario,lαPi,,,,,l-.alpha.-Pinene,7785-26-4,,,,,,molécula,,lalpha,Aromatic,Pine,Earthy,,fig,,,condicion,"familia, por el nombre: pináceas: índice de peróxidos (STD 184)",,,,,,,,,,,,,,,,,,,,,,
fig:2142,lβPi,usuario,lβPi,,,,,l-.beta.-Pinene,18172-67-3,,,,,,molécula,,lbeta,Herbal,Pine,Woody,,fig,,,condicion,"familia, por el nombre: pináceas: índice de peróxidos (STD 184)",,,,,,,,,,,,,,,,,,,,,,
fig:2143,LaA,usuario,LaA,,A,,,Labdanum absolute,8016-26-0,,,,,,natural,absolute,,Amber,Woody,Dry,,fig ifra-anexo,,,por-constituyentes,variante sin concretar: cuenta la peor de 6 del anexo,8,"por CAS: 6 variantes, cuenta la peor",,,,,,,,,,,,,,,,,,,,
fig:2144,LPA,usuario,LPA,,A,,,"Labdanum absolute, pyrogenated",8016-26-0,,,,,,natural,absolute,,Amber,Woody,Dry,,fig ifra-anexo,,,por-constituyentes,variante sin concretar: cuenta la peor de 6 del anexo,8,"por CAS: 6 variantes, cuenta la peor",,,,,,,,,,,,,,,,,,,,
fig:2145,LaC,usuario,LaC,,C,,,Labdanum concrete,8016-26-0,,,,,,natural,concrete,,Amber,Woody,Dry,,fig ifra-anexo,,,por-constituyentes,variante sin concretar: cuenta la peor de 6 del anexo,8,"por CAS: 6 variantes, cuenta la peor",,,,,,,,,,,,,,,,,,,,
fig:2146,LaD,usuario,LaD,,D,,,Labdanum distillate,8016-26-0,,,,,,natural,distillate,,Amber,Woody,Dry,,fig ifra-anexo,,,por-constituyentes,variante sin concretar: cuenta la peor de 6 del anexo,8,"por CAS: 6 variantes, cuenta la peor",,,,,,,,,,,,,,,,,,,,
fig:2147,LaE,usuario,LaE,,E,,,Labdanum extract,8016-26-0,,,,,,natural,extract,,Amber,Woody,Dry,,fig ifra-anexo,,,por-constituyentes,variante sin concretar: cuenta la peor de 6 del anexo,8,"por CAS: 6 variantes, cuenta la peor",,,,,,,,,,,,,,,,,,,,
fig:2148,LAE,usuario,LAE,,E,,,Labdanum extract ambreine,68917-77-1,,,,,,natural,extract,,Amber,Sweet,Warm,,fig ifra-anexo,,,por-constituyentes,,1,por nombre,,,,,,,,,,,,,,,,,,,,
fig:2149,LG,usuario,LG,,,,,Labdanum gum,8016-26-0,,,,,,natural,,,Amber,Woody,Dry,,fig ifra-anexo,,,por-constituyentes,,1,por nombre,,,,,,,,,,,,,,,,,,,,
fig:2150,LaO,usuario,LaO,,O,,,Labdanum oil,8016-26-0,,,,,,natural,oil,,Amber,Woody,Dry,,fig ifra-anexo,,,por-constituyentes,,5,por nombre,,,,,,,,,,,,,,,,,,,,
fig:2151,LaL,usuario,LaL,,L,,,Labdanum oleoresin,8016-26-0,,,,,,natural,oleoresin,,Amber,Woody,Dry,,fig ifra-anexo,,,por-constituyentes,,1,por nombre,,,,,,,,,,,,,,,,,,,,
fig:2152,LaR,usuario,LaR,,R,,,Labdanum resinoid,8016-26-0,,,,,,natural,resinoid,,Amber,Woody,Dry,,fig ifra-anexo,,,por-constituyentes,,1,por nombre,,,,,,,,,,,,,,,,,,,,
fig:2153,LE,usuario,LE,,,,,"Labdanum, ext., Et esters",73138-66-6,,,,,,molécula,,,Amber,Woody,Dry,,fig,,,sin-estandar,,,,,,,,,,,,,,,,,,,,,,,
fig:2154,La,usuario,La,,,,,Lactoscatone,21280-29-5,,,,,,molécula,,,Animal like,Creamy,Jasmin,,fig,,,sin-estandar,,,,,,,,,,,,,,,,,,,,,,,
fig:2155,LB,usuario,LB,,,,,laevo-Bornyl acetate,5655-61-8,,,,,,molécula,,,Woody,Herbal,Pine,,fig,,,sin-estandar,,,,,,,,,,,,,,,,,,,,,,,
fig:2156,LC,usuario,LC,,,,,laevo-Carveol,2102-59-2,,,,,,molécula,,,Minty,Herbal,Balsamic,,fig,,,sin-estandar,,,,,,,,,,,,,,,,,,,,,,,
fig:2157,LA,usuario,LA,,,,,laevo-Carvyl acetate,1205-42-1,,,,,,molécula,,,Minty,Fresh,Dry,,fig ifra-estandar,IFRA_STD_243,Carvyl acetate,con-techo,,,,0.042,0.013,0.25,0.24,0.06,0.06,0.06,0.06,0.14,0.48,0.48,0.025,0.46,1.7,1.7,0.92,0.92,sin-restriccion,,
fig:2158,LCO,usuario,LCO,,O,,,Lantana camara oil,90046-17-6,,,,,,natural,oil,,Floral,Cassis,Fruity,,fig,,,sin-dato,,,,,,,,,,,,,,,,,,,,,,,
fig:2159,LLA,usuario,LLA,,A,,,Laurel leaf absolute,8007-48-5,,,,,,natural,absolute,,Camphoraceous,Spicy,Green,,fig ifra-anexo,,,por-constituyentes,,5,por CAS,,,,,,,,,,,,,,,,,,,,
fig:2160,LLO,usuario,LLO,,O,,,Laurel leaf oil,8007-48-5,,,,,,natural,oil,,Camphoraceous,Spicy,Green,,fig ifra-anexo,,,por-constituyentes,,5,por nombre,,,,,,,,,,,,,,,,,,,,
fig:2161,LAA,usuario,LAA,,,,,Lauric aldehyde,112-54-9,,,,,,molécula,,,Citrus,Mandarin,Fresh,,fig,,,sin-estandar,,,,,,,,,,,,,,,,,,,,,,,
fig:2162,LAC,usuario,LAC,,,,,Lauryl acetate,112-66-3,,,,,,molécula,,,Floral,Citrus,Fresh,,fig,,,sin-estandar,,,,,,,,,,,,,,,,,,,,,,,
fig:2163,LAL,usuario,LAL,,,,,Lauryl alcohol,112-53-8,,,,,,molécula,,,Floral,Soft,Waxy,,fig,,,sin-estandar,,,,,,,,,,,,,,,,,,,,,,,
fig:2164,LAO,usuario,LAO,,O,,,Lavandin abrailis oil (low coumarin),8022-15-9,,,,,,natural,oil,,Floral,Lavender,Hay,,fig ifra-anexo,,,por-constituyentes,variante sin concretar: cuenta la peor de 5 del anexo,6,"por CAS: 5 variantes, cuenta la peor",,,,,,,,,,,,,,,,,,,,
fig:2165,LAB,usuario,LAB,,,,,Lavandin abrialis,8022-15-9,,,,,,natural,,,Floral,Lavender,Hay,,fig ifra-anexo,,,por-constituyentes,variante sin concretar: cuenta la peor de 5 del anexo,6,"por CAS: 5 variantes, cuenta la peor",,,,,,,,,,,,,,,,,,,,
fig:2166,LAAO,usuario,LAAO,,O,,,Lavandin abrialis oil,8022-15-9,,,,,,natural,oil,,Floral,Lavender,Herbal,,fig ifra-anexo,,,por-constituyentes,,5,por nombre,,,,,,,,,,,,,,,,,,,,
fig:2167,LvA,usuario,LvA,,A,,,Lavandin absolute,8022-15-9,,,,,,natural,absolute,,Floral,Lavender,Herbal,,fig ifra-anexo,,,por-constituyentes,,5,por nombre,,,,,,,,,,,,,,,,,,,,
fig:2168,LvC,usuario,LvC,,C,,,Lavandin concrete,8022-15-9,,,,,,natural,concrete,,Floral,Lavender,Herbal,,fig ifra-anexo,,,por-constituyentes,,3,por nombre,,,,,,,,,,,,,,,,,,,,
fig:2169,LvE,usuario,LvE,,E,,,Lavandin extract,8022-15-9,,,,,,natural,extract,,Floral,Lavender,Hay,,fig ifra-anexo,,,por-constituyentes,variante sin concretar: cuenta la peor de 5 del anexo,6,"por CAS: 5 variantes, cuenta la peor",,,,,,,,,,,,,,,,,,,,
fig:2170,LAG,usuario,LAG,,,,,Lavandin grosso,8022-15-9,,,,,,natural,,,Floral,Lavender,Herbal,,fig ifra-anexo,,,por-constituyentes,variante sin concretar: cuenta la peor de 5 del anexo,6,"por CAS: 5 variantes, cuenta la peor",,,,,,,,,,,,,,,,,,,,
fig:2171,LGA,usuario,LGA,,A,,,Lavandin grosso absolute,8022-15-9,,,,,,natural,absolute,,Floral,Lavender,Hay,,fig ifra-anexo,,,por-constituyentes,,7,por nombre,,,,,,,,,,,,,,,,,,,,
fig:2172,LGC,usuario,LGC,,C,,,Lavandin grosso concrete,8022-15-9,,,,,,natural,concrete,,Floral,Lavender,Herbal,,fig ifra-anexo,,,por-constituyentes,variante sin concretar: cuenta la peor de 5 del anexo,6,"por CAS: 5 variantes, cuenta la peor",,,,,,,,,,,,,,,,,,,,
fig:2173,LGO,usuario,LGO,,O,,,Lavandin grosso oil,8022-15-9,,,,,,natural,oil,,Floral,Lavender,Herbal,,fig ifra-anexo,,,por-constituyentes,,2,por nombre,,,,,,,,,,,,,,,,,,,,
fig:2174,LvO,usuario,LvO,,O,,,Lavandin oil,8022-15-9,,,,,,natural,oil,,Floral,Lavender,Herbal,,fig ifra-anexo,,,por-constituyentes,,4,por nombre,,,,,,,,,,,,,,,,,,,,
fig:2175,LSO,usuario,LSO,,O,,,Lavandin oil (super low coumarins),8022-15-9,,,,,,natural,oil,,Floral,Lavender,Hay,,fig ifra-anexo,,,por-constituyentes,variante sin concretar: cuenta la peor de 5 del anexo,6,"por CAS: 5 variantes, cuenta la peor",,,,,,,,,,,,,,,,,,,,
fig:2176,LACO,usuario,LACO,,O,,,Lavandin oil acetylated,68916-93-8,,,,,,natural,oil,,Herbal,Floral,Powdery,,fig,,,sin-dato,,,,,,,,,,,,,,,,,,,,,,,
fig:2177,LA2,usuario,LA2,,,,,Lavandulyl acetate,25905-14-0,,,,,,molécula,,,Citrus,Bergamot,Herbal,,fig,,,sin-estandar,,,,,,,,,,,,,,,,,,,,,,,
fig:2178,LeO,usuario,LeO,,O,,,Lavendar oil,93165-50-5,,,,,,natural,oil,,Herbal,Lavender,Fresh,,fig ifra-anexo,,,por-constituyentes,,6,por CAS,,,,,,,,,,,,,,,,,,,,
fig:2179,Lv,usuario,Lv,,,,,Lavender,8000-28-0,,,,,,natural,,,Herbal,Lavender,Fresh,,fig ifra-anexo,,,por-constituyentes,variante sin concretar: cuenta la peor de 3 del anexo,6,"por CAS: 3 variantes, cuenta la peor",,,,,,,,,,,,,,,,,,,,
fig:2180,LeA,usuario,LeA,,A,,,Lavender absolute,8000-28-0,,,,,,natural,absolute,,Herbal,Lavender,Fresh,,fig ifra-anexo,,,por-constituyentes,,4,por nombre,,,,,,,,,,,,,,,,,,,,
fig:2181,LeC,usuario,LeC,,C,,,Lavender concrete,8000-28-0,,,,,,natural,concrete,,Herbal,Lavender,Fresh,,fig ifra-anexo,,,por-constituyentes,,3,por nombre,,,,,,,,,,,,,,,,,,,,
fig:2182,LeE,usuario,LeE,,E,,,Lavender extract,8000-28-0,,,,,,natural,extract,,Herbal,Lavender,Fresh,,fig ifra-anexo,,,por-constituyentes,variante sin concretar: cuenta la peor de 3 del anexo,6,"por CAS: 3 variantes, cuenta la peor",,,,,,,,,,,,,,,,,,,,
fig:2183,LnO,usuario,LnO,,O,,,Lavender oil,8000-28-0,,,,,,natural,oil,,Herbal,Lavender,Fresh,,fig ifra-anexo,,,por-constituyentes,,3,por nombre,,,,,,,,,,,,,,,,,,,,
fig:2184,LLCO,usuario,LLCO,,O,,,Lavender oil (low coumarin),8000-28-0,,,,,,natural,oil,,Floral,Aromatic,Fresh,,fig ifra-anexo,,,por-constituyentes,variante sin concretar: cuenta la peor de 3 del anexo,6,"por CAS: 3 variantes, cuenta la peor",,,,,,,,,,,,,,,,,,,,
fig:2185,LavO,usuario,LavO,,O,,,"Lavender oil, rectified",8000-28-0,,,,,,natural,oil,,Herbal,Lavender,Fresh,,fig ifra-anexo,,,por-constituyentes,variante sin concretar: cuenta la peor de 3 del anexo,6,"por CAS: 3 variantes, cuenta la peor",,,,,,,,,,,,,,,,,,,,
fig:2186,lBo,usuario,lBo,,,,,l-Borneol,464-45-9,,,,,,molécula,,l,Herbal,Camphoraceous,Pine,,fig,,,sin-estandar,,,,,,,,,,,,,,,,,,,,,,,
fig:2187,lCa,usuario,lCa,,,,,l-Camphene,5794-04-7,,,,,,molécula,,l,Camphoraceous,Woody,Pine,,fig,,,sin-estandar,,,,,,,,,,,,,,,,,,,,,,,
fig:2188,lCr,usuario,lCr,,,,,L-Carvone,6485-40-1,,,,,,molécula,,l,Minty,Green,Fresh,,fig ifra-estandar,IFRA_STD_016,Carvone,con-techo,,,,0.2,0.06,0.02,0.59,0.2,0.039,0.059,0.013,0.66,0.039,0.039,0.013,0.18,0.18,0.43,0.013,0.013,17,,
fig:2189,lCi,usuario,lCi,,,,,l-Citronellol,7540-51-4,,,,,,molécula,,l,Floral,Rose,Fresh,,fig ifra-estandar,IFRA_STD_022,Citronellol,con-techo,,,,2.2,0.67,13,12,3.2,3.2,3.2,3.2,7.3,25,25,1.3,24,87,87,48,48,sin-restriccion,,"3,7-Dimethyloct-6-en-1-ol | (-)-3,7-Dimethyloct-6-en-1-ol | (S)-3,7-Dimethyl-6-octen-1-ol | 6-Octen-1-ol, 3,7-dimethyl-, (S)- | l-Citronellol"
fig:2190,lCF,usuario,lCF,,,,,l-Cyclocitronellene formate,25225-08-5,,,,,,molécula,,l,Woody,Pine,Apple,,fig,,,sin-estandar,,,,,,,,,,,,,,,,,,,,,,,
fig:2191,LFA,usuario,LFA,,A,,,Lemon absolute folded (5X),8008-56-8,,,,,,natural,absolute,,Citrus,Lemon,Fruity,,fig ifra-anexo ifra-estandar,IFRA_STD_092,Lemon oil cold pressed,con-techo,"mismo CAS que «Lemon oil cold pressed» (STD 092): comprobar la variante · familia, por el nombre: aceites cítricos: furocumarinas, bergapteno total (STD 089) · variante sin concretar: cuenta la peor de 3 del anexo",4,"por CAS: 3 variantes, cuenta la peor",2,2,2,2,2,2,2,2,2,sin-restriccion,2,2,sin-restriccion,sin-restriccion,2,sin-restriccion,2,sin-restriccion,,
fig:2192,LEO,usuario,LEO,,O,,,Lemon essence oil,8008-56-8,,,,,,natural,oil,,Citrus,Lemon,Fruity,,fig ifra-anexo ifra-estandar,IFRA_STD_092,Lemon oil cold pressed,con-techo,"mismo CAS que «Lemon oil cold pressed» (STD 092): comprobar la variante · familia, por el nombre: aceites cítricos: furocumarinas, bergapteno total (STD 089)",3,por nombre,2,2,2,2,2,2,2,2,2,sin-restriccion,2,2,sin-restriccion,sin-restriccion,2,sin-restriccion,2,sin-restriccion,,
fig:2193,LmO,usuario,LmO,,O,,,Lemon oil,8008-56-8,,,,,,natural,oil,,Citrus,Lemon,Fruity,,fig ifra-anexo ifra-estandar,IFRA_STD_092,Lemon oil cold pressed,con-techo,"familia, por el nombre: aceites cítricos: furocumarinas, bergapteno total (STD 089) · variante sin concretar: cuenta la peor de 3 del anexo",4,"por CAS: 3 variantes, cuenta la peor",2,2,2,2,2,2,2,2,2,sin-restriccion,2,2,sin-restriccion,sin-restriccion,2,sin-restriccion,2,sin-restriccion,,
fig:2194,LFO,usuario,LFO,,O,,,Lemon oil folded (10x),8008-56-8,,,,,,natural,oil,,Citrus,Lemon,Fruity,,fig ifra-anexo ifra-estandar,IFRA_STD_092,Lemon oil cold pressed,con-techo,"mismo CAS que «Lemon oil cold pressed» (STD 092): comprobar la variante · familia, por el nombre: aceites cítricos: furocumarinas, bergapteno total (STD 089) · variante sin concretar: cuenta la peor de 3 del anexo",4,"por CAS: 3 variantes, cuenta la peor",2,2,2,2,2,2,2,2,2,sin-restriccion,2,2,sin-restriccion,sin-restriccion,2,sin-restriccion,2,sin-restriccion,,
fig:2195,LEFO,usuario,LEFO,,O,,,Lemon oil folded (5X),8008-56-8,,,,,,natural,oil,,Citrus,Lemon,Fruity,,fig ifra-anexo ifra-estandar,IFRA_STD_092,Lemon oil cold pressed,con-techo,"mismo CAS que «Lemon oil cold pressed» (STD 092): comprobar la variante · familia, por el nombre: aceites cítricos: furocumarinas, bergapteno total (STD 089) · variante sin concretar: cuenta la peor de 3 del anexo",4,"por CAS: 3 variantes, cuenta la peor",2,2,2,2,2,2,2,2,2,sin-restriccion,2,2,sin-restriccion,sin-restriccion,2,sin-restriccion,2,sin-restriccion,,
fig:2196,LeP,usuario,LeP,,P,,,Lemon oil terpenes,68917-33-9,,,,,,natural,terpenes,,Citrus,Lemon,Orange,,fig,,,sin-dato,"familia, por el nombre: aceites cítricos: furocumarinas, bergapteno total (STD 089)",,,,,,,,,,,,,,,,,,,,,,
fig:2197,LoO,usuario,LoO,,O,,,"Lemon oil, distilled",8008-56-8,,,,,,natural,oil,,Citrus,Lemon,Fruity,,fig ifra-anexo ifra-estandar,IFRA_STD_092,Lemon oil cold pressed,con-techo,"mismo CAS que «Lemon oil cold pressed» (STD 092): comprobar la variante · familia, por el nombre: aceites cítricos: furocumarinas, bergapteno total (STD 089) · variante sin concretar: cuenta la peor de 3 del anexo",4,"por CAS: 3 variantes, cuenta la peor",2,2,2,2,2,2,2,2,2,sin-restriccion,2,2,sin-restriccion,sin-restriccion,2,sin-restriccion,2,sin-restriccion,,
fig:2198,LEEO,usuario,LEEO,,O,,,"Lemon oil, expressed",8008-56-8,,,,,,natural,oil,,Citrus,Lemon,Fruity,,fig ifra-anexo ifra-estandar,IFRA_STD_092,Lemon oil cold pressed,con-techo,"mismo CAS que «Lemon oil cold pressed» (STD 092): comprobar la variante · familia, por el nombre: aceites cítricos: furocumarinas, bergapteno total (STD 089)",4,por nombre,2,2,2,2,2,2,2,2,2,sin-restriccion,2,2,sin-restriccion,sin-restriccion,2,sin-restriccion,2,sin-restriccion,,
fig:2199,LFUO,usuario,LFUO,,O,,,"Lemon oil, furocoumarin free",68916-89-2,,,,,,natural,oil,,Citrus,Lemon,Fruity,,fig,,,sin-dato,"familia, por el nombre: aceites cítricos: furocumarinas, bergapteno total (STD 089)",,,,,,,,,,,,,,,,,,,,,,
fig:2200,LemO,usuario,LemO,,O,,,"Lemon oil, terpeneless",68648-39-5,,,,,,natural,oil,,Citrus,Lemon,Fruity,,fig ifra-anexo,,,por-constituyentes,"familia, por el nombre: aceites cítricos: furocumarinas, bergapteno total (STD 089)",4,por nombre,,,,,,,,,,,,,,,,,,,,
fig:2201,LWO,usuario,LWO,,O,,,"Lemon oil, washed",8008-56-8,,,,,,natural,oil,,Citrus,Lemon,Fruity,,fig ifra-anexo ifra-estandar,IFRA_STD_092,Lemon oil cold pressed,con-techo,"mismo CAS que «Lemon oil cold pressed» (STD 092): comprobar la variante · familia, por el nombre: aceites cítricos: furocumarinas, bergapteno total (STD 089) · variante sin concretar: cuenta la peor de 3 del anexo",4,"por CAS: 3 variantes, cuenta la peor",2,2,2,2,2,2,2,2,2,sin-restriccion,2,2,sin-restriccion,sin-restriccion,2,sin-restriccion,2,sin-restriccion,,
fig:2202,LPE,usuario,LPE,,E,,,Lemon pepper CO2 Extract,102242-62-6,,,,,,natural,extract,,Citrus,Grapefruit,Peppery,,fig,,,sin-dato,"familia, por el nombre: aceites cítricos: furocumarinas, bergapteno total (STD 089)",,,,,,,,,,,,,,,,,,,,,,
fig:2203,LEPE,usuario,LEPE,,E,,,Lemon pepper extract,102242-62-6,,,,,,natural,extract,,Citrus,Grapefruit,Peppery,,fig,,,sin-dato,"familia, por el nombre: aceites cítricos: furocumarinas, bergapteno total (STD 089)",,,,,,,,,,,,,,,,,,,,,,
fig:2204,LmP,usuario,LmP,,P,,,Lemongrass oil terpenes,72869-82-0,,,,,,natural,terpenes,,Citrus,Lemon,Herbal,,fig,,,sin-dato,,,,,,,,,,,,,,,,,,,,,,,
fig:2205,LIO,usuario,LIO,,O,,,"Lemongrass oil, East Indian",8007-02-1,,,,,,natural,oil,,Citrus,Lemon,Herbal,,fig ifra-anexo,,,por-constituyentes,,9,por nombre,,,,,,,,,,,,,,,,,,,,
fig:2206,LeO2,usuario,LeO2,,O,,,"Lemongrass oil, rectified",8007-02-1,,,,,,natural,oil,,Citrus,Lemon,Herbal,,fig ifra-anexo,,,por-constituyentes,variante sin concretar: cuenta la peor de 2 del anexo,9,"por CAS: 2 variantes, cuenta la peor",,,,,,,,,,,,,,,,,,,,
fig:2207,LWIO,usuario,LWIO,,O,,,"Lemongrass oil, West Indian",8007-02-1,,,,,,natural,oil,,Citrus,Lemon,Herbal,,fig ifra-anexo,,,por-constituyentes,,6,por nombre,,,,,,,,,,,,,,,,,,,,
fig:2208,LEA,usuario,LEA,,,,,Levulinic acid,123-76-2,,,,,,molécula,,,Gourmand,Caramel,Fruity,,fig,,,sin-estandar,,,,,,,,,,,,,,,,,,,,,,,
fig:2209,lFe,usuario,lFe,,,,,l-Fenchone,7787-20-4,,,,,,molécula,,l,Herbal,Earthy,Camphoraceous,,fig,,,sin-estandar,,,,,,,,,,,,,,,,,,,,,,,
fig:2210,LRA,usuario,LRA,,A,,,Licorice root absolute,97676-23-8,,,,,,natural,absolute,,Gourmand,Licorice,Smoky,,fig,,,sin-dato,,,,,,,,,,,,,,,,,,,,,,,
fig:2211,LRE,usuario,LRE,,E,,,Licorice root extract,97676-23-8,,,,,,natural,extract,,Anisic,Licorice,Smoky,,fig,,,sin-dato,,,,,,,,,,,,,,,,,,,,,,,
fig:2212,LM,usuario,LM,,,,,Lilial-methyl anthranilate (Schiff base),91-51-0,,,,,,molécula,,,Floral,Neroli,Muguet,,fig ifra-schiff,,,por-constituyentes,,1,,,,,,,,,,,,,,,,,,,,,
fig:2213,LiO,usuario,LiO,,O,,,Lime oil,8008-26-2,,,,,,natural,oil,,Citrus,Lime,Green,,fig ifra-anexo ifra-estandar,IFRA_STD_093,Lime oil expressed,con-techo,"familia, por el nombre: aceites cítricos: furocumarinas, bergapteno total (STD 089) · variante sin concretar: cuenta la peor de 3 del anexo",7,"por CAS: 3 variantes, cuenta la peor",0.7,0.7,0.7,0.7,0.7,0.7,0.7,0.7,0.7,sin-restriccion,0.7,0.7,sin-restriccion,sin-restriccion,0.7,sin-restriccion,0.7,sin-restriccion,,
fig:2214,LIFO,usuario,LIFO,,O,,,Lime oil folded,8008-26-2,,,,,,natural,oil,,Citrus,Lime,Green,,fig ifra-anexo ifra-estandar,IFRA_STD_093,Lime oil expressed,con-techo,"mismo CAS que «Lime oil expressed» (STD 093): comprobar la variante · familia, por el nombre: aceites cítricos: furocumarinas, bergapteno total (STD 089) · variante sin concretar: cuenta la peor de 3 del anexo",7,"por CAS: 3 variantes, cuenta la peor",0.7,0.7,0.7,0.7,0.7,0.7,0.7,0.7,0.7,sin-restriccion,0.7,0.7,sin-restriccion,sin-restriccion,0.7,sin-restriccion,0.7,sin-restriccion,,
fig:2215,LiP,usuario,LiP,,P,,,Lime oil terpenes,68917-71-5,,,,,,natural,terpenes,,Citrus,Lime,Lemon,,fig,,,sin-dato,"familia, por el nombre: aceites cítricos: furocumarinas, bergapteno total (STD 089)",,,,,,,,,,,,,,,,,,,,,,
fig:2216,LPO,usuario,LPO,,O,,,"Lime oil, cold pressed, furocoumarin free",68916-83-6,,,,,,natural,oil,,Citrus,Lime,Green,,fig,,,sin-dato,"familia, por el nombre: aceites cítricos: furocumarinas, bergapteno total (STD 089)",,,,,,,,,,,,,,,,,,,,,,
fig:2217,LIEO,usuario,LIEO,,O,,,"Lime oil, expressed",8008-26-2,,,,,,natural,oil,,Citrus,Lime,Green,,fig ifra-anexo ifra-estandar,IFRA_STD_093,Lime oil expressed,con-techo,"familia, por el nombre: aceites cítricos: furocumarinas, bergapteno total (STD 089)",5,por nombre,0.7,0.7,0.7,0.7,0.7,0.7,0.7,0.7,0.7,sin-restriccion,0.7,0.7,sin-restriccion,sin-restriccion,0.7,sin-restriccion,0.7,sin-restriccion,,
fig:2218,LEXO,usuario,LEXO,,O,,,"Lime oil, expressed, rectified",8008-26-2,,,,,,natural,oil,,Citrus,Lime,Fresh,,fig ifra-anexo ifra-estandar,IFRA_STD_093,Lime oil expressed,con-techo,"familia, por el nombre: aceites cítricos: furocumarinas, bergapteno total (STD 089) · variante sin concretar: cuenta la peor de 3 del anexo",7,"por CAS: 3 variantes, cuenta la peor",0.7,0.7,0.7,0.7,0.7,0.7,0.7,0.7,0.7,sin-restriccion,0.7,0.7,sin-restriccion,sin-restriccion,0.7,sin-restriccion,0.7,sin-restriccion,,
fig:2219,LimO,usuario,LimO,,O,,,"Lime oil, terpeneless",68916-84-7,,,,,,natural,oil,,Citrus,Lime,Green,,fig,,,sin-dato,"familia, por el nombre: aceites cítricos: furocumarinas, bergapteno total (STD 089)",,,,,,,,,,,,,,,,,,,,,,
fig:2220,Li,usuario,Li,,,,,Linalool,78-70-6,,,,,,molécula,,,Floral,Fresh,Lavender,,fig ifra-estandar,IFRA_STD_187,Linalool,condicion,especificación (STD 187),,,,,,,,,,,,,,,,,,,,,,
fig:2221,LOX,usuario,LOX,,,,,Linalool oxide,1365-19-1,,,,,,molécula,,,Herbal,Earthy,Berry,,fig,,,sin-estandar,,,,,,,,,,,,,,,,,,,,,,,
fig:2222,LP,usuario,LP,,,,,Linalool oxide pyranoid,14049-11-7,,,,,,molécula,,,Floral,Sweet,Honey,,fig,,,sin-estandar,,,,,,,,,,,,,,,,,,,,,,,
fig:2223,LIA,usuario,LIA,,,,,Linalyl acetate,115-95-7,,,,,,molécula,,,Floral,Bergamot,Lavender,,fig,,,sin-estandar,,,,,,,,,,,,,,,,,,,,,,,
fig:2224,LAN,usuario,LAN,,,,,Linalyl anthranilate,7149-26-0,,,,,,molécula,,,Floral,Neroli,Ylang,,fig,,,sin-estandar,,,,,,,,,,,,,,,,,,,,,,,
fig:2225,LIB,usuario,LIB,,,,,Linalyl benzoate,126-64-7,,,,,,molécula,,,Floral,Tuberose,Lily,,fig,,,sin-estandar,,,,,,,,,,,,,,,,,,,,,,,
fig:2226,LBU,usuario,LBU,,,,,Linalyl butyrate,78-36-4,,,,,,molécula,,,Fruity,Bergamot,Banana,,fig,,,sin-estandar,,,,,,,,,,,,,,,,,,,,,,,
fig:2227,LIC,usuario,LIC,,,,,Linalyl cinnamate,78-37-5,,,,,,molécula,,,Floral,Hyacinth,Muguet,,fig,,,sin-estandar,,,,,,,,,,,,,,,,,,,,,,,
fig:2228,LF,usuario,LF,,,,,Linalyl formate,115-99-1,,,,,,molécula,,,Citrus,Bergamot,Green,,fig,,,sin-estandar,,,,,,,,,,,,,,,,,,,,,,,
fig:2229,LH,usuario,LH,,,,,Linalyl hexanoate,7779-23-9,,,,,,molécula,,,Fruity,Fermented,Warm,,fig,,,sin-estandar,,,,,,,,,,,,,,,,,,,,,,,
fig:2230,LI,usuario,LI,,,,,Linalyl isobutyrate,78-35-3,,,,,,molécula,,,Herbal,Fruity,Fresh,,fig,,,sin-estandar,,,,,,,,,,,,,,,,,,,,,,,
fig:2231,LII,usuario,LII,,,,,Linalyl isovalerate,1118-27-0,,,,,,molécula,,,Citrus,Bergamot,Lavender,,fig,,,sin-estandar,,,,,,,,,,,,,,,,,,,,,,,
fig:2232,LIP,usuario,LIP,,,,,Linalyl phenylacetate,7143-69-3,,,,,,molécula,,,Floral,Rose,Muguet,,fig,,,sin-estandar,,,,,,,,,,,,,,,,,,,,,,,
fig:2233,LPR,usuario,LPR,,,,,Linalyl propionate,144-39-8,,,,,,molécula,,,Citrus,Floral,Fresh,,fig,,,sin-estandar,,,,,,,,,,,,,,,,,,,,,,,
fig:2234,LIF,usuario,LIF,,,,,Linden flowers,90063-53-9,,,,,,molécula,,,Floral,Spicy,Fruity,,fig,,,sin-estandar,,,,,,,,,,,,,,,,,,,,,,,
fig:2235,Ln,usuario,Ln,,,,,Linseed,8001-26-1,,,,,,molécula,,,Floral,Oily,Warm,,fig,,,sin-estandar,,,,,,,,,,,,,,,,,,,,,,,
fig:2236,LiA,usuario,LiA,,A,,,Linseed absolute,8001-26-1,,,,,,natural,absolute,,Floral,Warm,Balsamic,,fig,,,sin-dato,,,,,,,,,,,,,,,,,,,,,,,
fig:2237,LiE,usuario,LiE,,E,,,Linseed extract,8001-26-1,,,,,,natural,extract,,Floral,Oily,Warm,,fig,,,sin-dato,,,,,,,,,,,,,,,,,,,,,,,
fig:2238,LsO,usuario,LsO,,O,,,Linseed oil,8001-26-1,,,,,,natural,oil,,Floral,Oily,Warm,,fig,,,sin-dato,,,,,,,,,,,,,,,,,,,,,,,
fig:2239,LFIO,usuario,LFIO,,O,,,"Linseed oil, fixed",8001-26-1,,,,,,natural,oil,,Floral,Oily,Warm,,fig,,,sin-dato,,,,,,,,,,,,,,,,,,,,,,,
fig:2240,LICO,usuario,LICO,,O,,,Litsea cubeba oil,68855-99-2,,,,,,natural,oil,,Citrus,Fresh,Lemon,,fig ifra-anexo,,,por-constituyentes,,7,por nombre,,,,,,,,,,,,,,,,,,,,
fig:2241,LCUO,usuario,LCUO,,O,,,"Litsea cubeba oil, rectified",68855-99-2,,,,,,natural,oil,,Citrus,Fresh,Lemon,,fig ifra-anexo,,,por-constituyentes,,7,por CAS,,,,,,,,,,,,,,,,,,,,
fig:2242,LCP,usuario,LCP,,P,,,Litsea cubeba terpenes,68855-99-2,,,,,,natural,terpenes,,Citrus,Fresh,Lemon,,fig ifra-anexo,,,por-constituyentes,,7,por CAS,,,,,,,,,,,,,,,,,,,,
fig:2243,lLi,usuario,lLi,,,,,l-Limonene,5989-54-8,,,,,,molécula,,l,Citrus,Orange,Herbal,,fig ifra-estandar,IFRA_STD_186,Limonene,condicion,especificación (STD 186),,,,,,,,,,,,,,,,,,,,,,
fig:2244,lLn,usuario,lLn,,,,,l-Linalool,126-91-0,,,,,,molécula,,l,Floral,Lavender,Ylang,,fig ifra-estandar,IFRA_STD_187,Linalool,condicion,especificación (STD 187),,,,,,,,,,,,,,,,,,,,,,
fig:2245,lMA,usuario,lMA,,,,,l-Malic acid,6915-15-7,,,,,,molécula,,l,Gourmand,Caramel,Acidic,,fig,,,sin-estandar,,,,,,,,,,,,,,,,,,,,,,,
fig:2246,lMe,usuario,lMe,,,,,l-Menthol,2216-51-5,,,,,,molécula,,l,Minty,Fresh,Cooling,,fig,,,sin-estandar,,,,,,,,,,,,,,,,,,,,,,,
fig:2247,lMn,usuario,lMn,,,,,l-Menthone,14073-97-3,,,,,,molécula,,l,Minty,Herbal,Sweet,,fig,,,sin-estandar,,,,,,,,,,,,,,,,,,,,,,,
fig:2248,lMH,usuario,lMH,,,,,"l-Menthyl (R,S)-3-hydroxybutyrate",108766-16-1,,,,,,molécula,,l,Minty,Cooling,Fresh,,fig,,,sin-estandar,,,,,,,,,,,,,,,,,,,,,,,
fig:2249,lαMA,usuario,lαMA,,,,,"l-Menthyl acetate (1alpha,2beta,5alpha)",2623-23-6,,,,,,molécula,,lalpha,Minty,Herbal,Floral,,fig,,,sin-estandar,,,,,,,,,,,,,,,,,,,,,,,
fig:2250,Lo,usuario,Lo,,,,,Longifolene,475-20-7,,,,,,molécula,,,Woody,Fresh,Pine,,fig ifra-estandar,IFRA_STD_199,Longifolene,con-techo,,,,0.27,0.08,1.6,1.5,0.38,0.38,0.38,0.38,0.88,3.1,3.1,0.16,2.9,11,11,5.8,5.8,sin-restriccion,,
fig:2251,LOLO,usuario,LOLO,,O,,,Lovage leaf oil,8016-31-7,,,,,,natural,oil,,Herbal,Licorice,Smoky,,fig ifra-anexo,,,por-constituyentes,,4,por CAS,,,,,,,,,,,,,,,,,,,,
fig:2252,LRO,usuario,LRO,,O,,,Lovage root oil,8016-31-7,,,,,,natural,oil,,Herbal,Celery,Balsamic,,fig ifra-anexo,,,por-constituyentes,,4,por nombre,,,,,,,,,,,,,,,,,,,,
fig:2253,lPi,usuario,lPi,,,,,l-Piperitone,4573-50-6,,,,,,molécula,,l,Herbal,Minty,Green,,fig,,,sin-estandar,,,,,,,,,,,,,,,,,,,,,,,
fig:2254,MaA,usuario,MaA,,A,,,Mace absolute,8007-12-3,,,,,,natural,absolute,,Spicy,Nutmeg,Woody,,fig ifra-anexo,,,por-constituyentes,variante sin concretar: cuenta la peor de 2 del anexo,3,"por CAS: 2 variantes, cuenta la peor",,,,,,,,,,,,,,,,,,,,
fig:2255,MaO,usuario,MaO,,O,,,Mace oil,8007-12-3,,,,,,natural,oil,,Spicy,Nutmeg,Woody,,fig ifra-anexo,,,por-constituyentes,,3,por nombre,,,,,,,,,,,,,,,,,,,,
fig:2256,MaL,usuario,MaL,,L,,,Mace oleoresin,8007-12-3,,,,,,natural,oleoresin,,Spicy,Nutmeg,Woody,,fig ifra-anexo,,,por-constituyentes,,3,por nombre,,,,,,,,,,,,,,,,,,,,
fig:2257,MLE,usuario,MLE,,E,,,Magnolia liliflora extract,246536-69-6,,,,,,natural,extract,,Floral,Peach,Hay,,fig,,,sin-dato,,,,,,,,,,,,,,,,,,,,,,,
fig:2258,MlA,usuario,MlA,,A,,,Malt absolute,8002-48-0,,,,,,natural,absolute,,Gourmand,Sweet,Creamy,,fig,,,sin-dato,,,,,,,,,,,,,,,,,,,,,,,
fig:2259,Ma,usuario,Ma,,,,,Maltol,118-71-8,,,,,,molécula,,,Gourmand,Sweet,Caramel,,fig,,,sin-estandar,,,,,,,,,,,,,,,,,,,,,,,
fig:2260,MIS,usuario,MIS,,,,,Maltyl isobutyrate,65416-14-0,,,,,,molécula,,,Gourmand,Berry,Sweet,,fig,,,sin-estandar,,,,,,,,,,,,,,,,,,,,,,,
fig:2261,MnO,usuario,MnO,,O,,,Mandarin oil,8008-31-9,,,,,,natural,oil,,Citrus,Sweet,Orange,,fig ifra-anexo,,,por-constituyentes,"familia, por el nombre: aceites cítricos: furocumarinas, bergapteno total (STD 089)",1,por nombre,,,,,,,,,,,,,,,,,,,,
fig:2262,MdO,usuario,MdO,,O,,,Mandarin oil,8008-31-9,,,,,,natural,oil,,Citrus,Sweet,Orange,,fig ifra-anexo,,,por-constituyentes,"familia, por el nombre: aceites cítricos: furocumarinas, bergapteno total (STD 089)",1,por CAS,,,,,,,,,,,,,,,,,,,,
fig:2263,MFO,usuario,MFO,,O,,,Mandarin oil folded,8008-31-9,,,,,,natural,oil,,Citrus,Sweet,Orange,,fig ifra-anexo,,,por-constituyentes,"familia, por el nombre: aceites cítricos: furocumarinas, bergapteno total (STD 089)",1,por CAS,,,,,,,,,,,,,,,,,,,,
fig:2264,MaP,usuario,MaP,,P,,,Mandarin oil terpenes,68953-04-8,,,,,,natural,terpenes,,Citrus,Mandarin,Floral,,fig,,,sin-dato,"familia, por el nombre: aceites cítricos: furocumarinas, bergapteno total (STD 089)",,,,,,,,,,,,,,,,,,,,,,
fig:2265,ManO,usuario,ManO,,O,,,"Mandarin oil, rectified",8008-31-9,,,,,,natural,oil,,Citrus,Sweet,Orange,,fig ifra-anexo,,,por-constituyentes,"familia, por el nombre: aceites cítricos: furocumarinas, bergapteno total (STD 089)",1,por CAS,,,,,,,,,,,,,,,,,,,,
fig:2266,MaO2,usuario,MaO2,,O,,,"Mandarin oil, terpeneless",68917-20-4,,,,,,natural,oil,,Citrus,Mandarin,Neroli,,fig,,,sin-dato,"familia, por el nombre: aceites cítricos: furocumarinas, bergapteno total (STD 089)",,,,,,,,,,,,,,,,,,,,,,
fig:2267,MAA,usuario,MAA,,,,,Mango alcoholate,90063-86-8,,,,,,molécula,,,Fruity,Mango,Floral,,fig,,,sin-estandar,,,,,,,,,,,,,,,,,,,,,,,
fig:2268,MSO,usuario,MSO,,O,,,"Marjoram oil, Spanish",8016-33-9,,,,,,natural,oil,,Herbal,Balsamic,Camphoraceous,,fig ifra-anexo,,,por-constituyentes,,3,por nombre,,,,,,,,,,,,,,,,,,,,
fig:2269,MASO,usuario,MASO,,O,,,"Marjoram oil, sweet",8015-01-8,,,,,,natural,oil,,Camphoraceous,Herbal,Artemisia,,fig ifra-anexo,,,por-constituyentes,,2,por nombre,,,,,,,,,,,,,,,,,,,,
fig:2270,MAP,usuario,MAP,,,,,"Marjoram, pot",84012-24-8,,,,,,molécula,,,Aromatic,Thyme,Rosemary,,fig,,,sin-estandar,,,,,,,,,,,,,,,,,,,,,,,
fig:2271,MAPO,usuario,MAPO,,O,,,"Marjoram, pot, oil",336185-21-8,,,,,,natural,oil,,Camphoraceous,Herbal,Artemisia,,fig,,,sin-dato,,,,,,,,,,,,,,,,,,,,,,,
fig:2272,MsA,usuario,MsA,,A,,,Mastic absolute,68991-39-9,,,,,,natural,absolute,,Woody,Mossy,Green,,fig ifra-anexo,,,por-constituyentes,,1,por nombre,,,,,,,,,,,,,,,,,,,,
fig:2273,MaE,usuario,MaE,,E,,,Mastic extract,68991-39-9,,,,,,natural,extract,,Woody,Mossy,Green,,fig ifra-anexo,,,por-constituyentes,variante sin concretar: cuenta la peor de 2 del anexo,3,"por CAS: 2 variantes, cuenta la peor",,,,,,,,,,,,,,,,,,,,
fig:2274,MsO,usuario,MsO,,O,,,Mastic oil,68991-39-9,,,,,,natural,oil,,Woody,Mossy,Green,,fig ifra-anexo,,,por-constituyentes,,3,por nombre,,,,,,,,,,,,,,,,,,,,
fig:2275,MaR,usuario,MaR,,R,,,Mastic resinoid,68991-39-9,,,,,,natural,resinoid,,Woody,Mossy,Green,,fig ifra-anexo,,,por-constituyentes,variante sin concretar: cuenta la peor de 2 del anexo,3,"por CAS: 2 variantes, cuenta la peor",,,,,,,,,,,,,,,,,,,,
fig:2276,MtA,usuario,MtA,,A,,,Mate absolute,68916-96-1,,,,,,natural,absolute,,Herbal,Tobacco,Tea,,fig,,,sin-dato,,,,,,,,,,,,,,,,,,,,,,,
fig:2277,MtE,usuario,MtE,,E,,,Mate extract,68916-96-1,,,,,,natural,extract,,Green,Tea,Fresh,,fig,,,sin-dato,,,,,,,,,,,,,,,,,,,,,,,
fig:2278,MtO,usuario,MtO,,O,,,Mate oil,68916-96-1,,,,,,natural,oil,,Herbal,Tobacco,Peach,,fig,,,sin-dato,,,,,,,,,,,,,,,,,,,,,,,
fig:2279,Cr2,usuario,Cr2,,,,,m-Cresol,108-39-4,,,,,,molécula,,,Smoky,Woody,Leathery,,fig,,,sin-estandar,,,,,,,,,,,,,,,,,,,,,,,
fig:2280,Di22,usuario,Di22,,,,,m-Dimethoxybenzene,151-10-0,,,,,,molécula,,,Gourmand,Spicy,Nutty,,fig,,,sin-estandar,,,,,,,,,,,,,,,,,,,,,,,
fig:2281,MOA,usuario,MOA,,A,,,Melilotus officinalis absolute,8023-73-2,,,,,,natural,absolute,,Honey,Hay,Powdery,,fig,,,sin-dato,,,,,,,,,,,,,,,,,,,,,,,
fig:2282,MOPA,usuario,MOPA,,A,,,"Melilotus officinalis absolute, pyrogenated",8023-73-2,,,,,,natural,absolute,,Honey,Hay,Powdery,,fig,,,sin-dato,,,,,,,,,,,,,,,,,,,,,,,
fig:2283,MOT,usuario,MOT,,T,,,Melilotus officinalis tincture,8023-73-2,,,,,,natural,tincture,,Honey,Hay,Powdery,,fig,,,sin-dato,,,,,,,,,,,,,,,,,,,,,,,
fig:2284,MAR,usuario,MAR,,,,,Mentha arvensis,68917-18-0,,,,,,natural,,,Minty,Green,Herbal,,fig ifra-anexo,,,por-constituyentes,,2,por CAS,,,,,,,,,,,,,,,,,,,,
fig:2285,MAO,usuario,MAO,,O,,,Mentha arvensis oil,68917-18-0,,,,,,natural,oil,,Minty,Herbal,Fresh,,fig ifra-anexo,,,por-constituyentes,,2,por nombre,,,,,,,,,,,,,,,,,,,,
fig:2286,MLO,usuario,MLO,,O,,,Mentha arvensis oil (low menthol),68917-18-0,,,,,,natural,oil,,Minty,Green,Herbal,,fig ifra-anexo,,,por-constituyentes,,2,por CAS,,,,,,,,,,,,,,,,,,,,
fig:2287,MEAP,usuario,MEAP,,P,,,Mentha arvensis oil terpenes,68608-35-5,,,,,,natural,terpenes,,Minty,Cooling,Fresh,,fig,,,sin-dato,,,,,,,,,,,,,,,,,,,,,,,
fig:2288,MEAO,usuario,MEAO,,O,,,"Mentha arvensis oil, distilled",68917-18-0,,,,,,natural,oil,,Minty,Green,Herbal,,fig ifra-anexo,,,por-constituyentes,,2,por CAS,,,,,,,,,,,,,,,,,,,,
fig:2289,MARO,usuario,MARO,,O,,,"Mentha arvensis oil, terpeneless",68917-14-6,,,,,,natural,oil,,Minty,Herbal,Fresh,,fig,,,sin-dato,,,,,,,,,,,,,,,,,,,,,,,
fig:2290,MA12,usuario,MA12,,,,,"Mentha arvensis, 3X",68917-18-0,,,,,,natural,,,Herbal,Minty,Green,,fig ifra-anexo,,,por-constituyentes,,2,por CAS,,,,,,,,,,,,,,,,,,,,
fig:2291,MECO,usuario,MECO,,O,,,Mentha citrata oil,68917-15-7,,,,,,natural,oil,,Minty,Camphoraceous,Lavender,,fig ifra-anexo,,,por-constituyentes,,5,por nombre,,,,,,,,,,,,,,,,,,,,
fig:2292,MMF,usuario,MMF,,,,,Menthadiene-7-methyl formate,68683-20-5,,,,,,molécula,,,Citrus,Herbal,Minty,,fig ifra-estandar,IFRA_STD_053,Menthadiene-7-methyl formate,con-techo,,,,0.077,0.023,0.46,0.43,0.11,0.11,0.11,0.11,0.25,0.88,0.88,0.045,0.84,3,3,1.7,1.7,sin-restriccion,,"Cyclohexadiene-1-ethanol, 4-(1-methylethyl)-, formate | Isobergamate | 4-(Isopropyl)cyclohexadiene-1-ethyl formate | 2-(4-Isopropylcyclohexadienyl)ethyl formate | Menthadienyl formate | 4-(1-Methylethyl)cyclohexadiene-1-ethyl formate"
fig:2293,Mn,usuario,Mn,,,,,Menthol,89-78-1,,,,,,molécula,,,Minty,Fresh,Cooling,,fig,,,sin-estandar,,,,,,,,,,,,,,,,,,,,,,,
fig:2294,Men,usuario,Men,,,,,Menthol racemic,15356-70-4,,,,,,molécula,,,Minty,Fresh,Cooling,,fig,,,sin-estandar,,,,,,,,,,,,,,,,,,,,,,,
fig:2295,Me15,usuario,Me15,,,,,Menthone,10458-14-7,,,,,,molécula,,,Minty,Fresh,Herbal,,fig,,,sin-estandar,,,,,,,,,,,,,,,,,,,,,,,
fig:2296,αMAB,usuario,αMAB,,,,,"Menthyl acetate (1alpha,2beta,5alpha)",89-48-5,,,,,,molécula,,alpha,Herbal,Minty,Fresh,,fig,,,sin-estandar,,,,,,,,,,,,,,,,,,,,,,,
fig:2297,MA13,usuario,MA13,,,,,Menthyl acetate (isomer unspecified),16409-45-3,,,,,,molécula,,,Herbal,Tea,Cooling,,fig,,,sin-estandar,,,,,,,,,,,,,,,,,,,,,,,
fig:2298,MI2,usuario,MI2,,,,,Menthyl isovalerate,16409-46-4,,,,,,molécula,,,Fruity,Sweet,Woody,,fig,,,sin-estandar,,,,,,,,,,,,,,,,,,,,,,,
fig:2299,MDC,usuario,MDC,,,,,Methoxy dicyclopentadiene carboxaldehyde,86803-90-9,,,,,,molécula,,,Marine,Aldehydic,Floral,,fig ifra-estandar,IFRA_STD_056,Methoxy dicyclopentadiene carboxaldehyde,con-techo,,,,0.19,0.057,1.2,1.1,0.27,0.27,0.27,0.091,0.63,2.2,2.2,0.091,2.1,2.1,7.5,0.091,0.091,sin-restriccion,,"4,7-Methano-1H-indene-2-carboxaldehyde, octahydro-5-methoxy | 8-Methoxytricyclo[5.2.2.1]decane-4-carboxaldehyde | Scentenal (commercial name)"
fig:2300,Mo,usuario,Mo,,,,,Methoxycitronellal,3613-30-7,,,,,,molécula,,,Floral,Sweet,Fresh,,fig,,,sin-estandar,,,,,,,,,,,,,,,,,,,,,,,
fig:2301,Me16,usuario,Me16,,,,,Methoxycyclododecane,2986-54-1,,,,,,molécula,,,Woody,Cedarwood,Patchouli,,fig ifra-estandar,IFRA_STD_265,Methoxycyclododecane,con-techo,,,,0.00001,0.023,0.0015,0.43,0.018,0.0046,0.00001,0.0000033,0.00001,0.012,0.012,0.0000033,0.026,0.0092,0.16,0.0000033,0.0000033,0.18,,"Methoxycyclododecane | Cyclododecane, methoxy- | Cyclododecyl methyl ether | Palisandin"
fig:2302,Me17,usuario,Me17,,,,,Methoxymethylpyrazine,63450-30-6,,,,,,molécula,,,Gourmand,Nutty,Coffee,,fig,,,sin-estandar,,,,,,,,,,,,,,,,,,,,,,,
fig:2303,Me18,usuario,Me18,,,,,Methoxypyrazine,3149-28-8,,,,,,molécula,,,Gourmand,Sweet,Vanilla,,fig,,,sin-estandar,,,,,,,,,,,,,,,,,,,,,,,
fig:2304,MHMC,usuario,MHMC,,,,,Methyl 2-(((4-(4-hydroxy-4-methylpentyl)-3-cyclohexenyl)methylene)amino)benzoate,67634-12-2,,,,,,molécula,,,Floral,Sweet,Neroli,,fig ifra-schiff,,,por-constituyentes,,1,,,,,,,,,,,,,,,,,,,,,
fig:2305,MFB,usuario,MFB,,,,,Methyl 2-(formylamino)benzoate,41270-80-8,,,,,,molécula,,,Floral,Neroli,Jasmin,,fig ifra-estandar,IFRA_STD_101,Methyl N-formylanthranilate,con-techo,especificación (STD 101),,,0.1,0.1,0.1,0.1,0.1,0.1,0.1,0.1,0.1,sin-restriccion,0.1,0.1,sin-restriccion,sin-restriccion,0.1,sin-restriccion,0.1,sin-restriccion,,"Benzoic acid, 2-(formylamino)-, methyl ester | Methyl 2-(formylamino)benzoate | Methyl 2-formamidobenzoate | Methyl o-formamidobenzoate | N-Formylanthranilic acid, methyl ester"
fig:2306,MOB,usuario,MOB,,,,,Methyl 2-(octylideneamino)benzoate,67801-44-9,,,,,,molécula,,,Floral,Fruity,Neroli,,fig,,,sin-estandar,,,,,,,,,,,,,,,,,,,,,,,
fig:2307,MDT,usuario,MDT,,,,,"Methyl 2,4-dihydroxy-m-toluate",33662-58-7,,,,,,molécula,,,Marine,Mossy,Aldehydic,,fig,,,sin-estandar,,,,,,,,,,,,,,,,,,,,,,,
fig:2308,MK,usuario,MK,,,,,"Methyl 2,6,10-trimethylcyclododeca-2,5,9-trien-1-yl ketone",28371-99-5,,,,,,molécula,,,Amber,Woody,Smoky,,fig ifra-estandar,IFRA_STD_001,"Acetic acid, anhydride, reaction products with 1,5,10-Trimethyl-1,5,9-cyclododecatriene",con-techo,,,,0.00016,0.13,0.4,2.4,0.6,0.52,0.6,0.17,0.00016,0.87,0.87,0.17,2.2,2.2,4.4,0.17,0.17,sin-restriccion,,
fig:2309,MTEC,usuario,MTEC,,,,,"Methyl 2,6,6-trimethylcyclohex-2-ene-1-carboxylate",28043-10-9,,,,,,molécula,,,Floral,Fruity,Woody,,fig,,,sin-estandar,,,,,,,,,,,,,,,,,,,,,,,
fig:2310,MMA,usuario,MMA,,,,,Methyl 2-[(2-methylundecylidene)amino]benzoate,67800-80-0,,,,,,molécula,,,Floral,Neroli,Green,,fig,,,sin-estandar,,,,,,,,,,,,,,,,,,,,,,,
fig:2311,MTA,usuario,MTA,,,,,"Methyl 2-[(3,5,5-trimethylhexylidene)amino]benzoate",67801-42-7,,,,,,molécula,,,Citrus,Fresh,Ozonic,,fig,,,sin-estandar,,,,,,,,,,,,,,,,,,,,,,,
fig:2312,MPAB,usuario,MPAB,,,,,Methyl 2-[(phenylmethylene)amino]benzoate,39129-16-3,,,,,,molécula,,,Gourmand,Almond,Cherry,,fig ifra-schiff,,,por-constituyentes,,1,,,,,,,,,,,,,,,,,,,,,
fig:2313,MOD,usuario,MOD,,,,,"Methyl 2-[[[2,4(or 3,5)-dimethyl-3-cyclohexen-1-yl]methylene]amino]benzoate",68738-99-8,,,,,,molécula,,,Green,Citrus,Floral,,fig ifra-schiff,,,por-constituyentes,,1,,,,,,,,,,,,,,,,,,,,,
fig:2314,MPOA,usuario,MPOA,,,,,Methyl 2-[[2-(phenylmethylene)octylidene]amino]benzoate,67924-13-4,,,,,,molécula,,,Floral,Fresh,Waxy,,fig ifra-schiff,,,por-constituyentes,,1,,,,,,,,,,,,,,,,,,,,,
fig:2315,MBYM,usuario,MBYM,,,,,"Methyl 2-[[3-(1,3-benzodioxol-5-yl)-2-methyl-1-propenyl]amino]benzoate",104037-85-6,,,,,,molécula,,,Floral,Green,Sweet,,fig,,,sin-estandar,,,,,,,,,,,,,,,,,,,,,,,
fig:2316,MEF,usuario,MEF,,,,,Methyl 2-furoate,611-13-2,,,,,,molécula,,,Gourmand,Nutty,Fruity,,fig,,,sin-estandar,,,,,,,,,,,,,,,,,,,,,,,
fig:2317,MH7,usuario,MH7,,,,,Methyl 2-hexenoate,2396-77-2,,,,,,molécula,,,Fruity,Green,Pineapple,,fig,,,sin-estandar,,,,,,,,,,,,,,,,,,,,,,,
fig:2318,MM19,usuario,MM19,,,,,Methyl 2-methylbutyrate,868-57-5,,,,,,molécula,,,Fruity,Green,Apple,,fig,,,sin-estandar,,,,,,,,,,,,,,,,,,,,,,,
fig:2319,MNO,usuario,MNO,,,,,Methyl 2-nonenoate,111-79-5,,,,,,molécula,,,Green,Sweet,Fruity,,fig,,,sin-estandar,,,,,,,,,,,,,,,,,,,,,,,
fig:2320,MN2,usuario,MN2,,,,,Methyl 2-nonynoate,111-80-8,,,,,,molécula,,,Floral,Violet,Cucumber,,fig ifra-estandar,IFRA_STD_064,Methyl octine carbonate,con-techo,,,,0.0018,0.00055,0.011,0.01,0.0026,0.0026,0.0026,0.0026,0.0061,0.021,0.021,0.0011,0.02,0.072,0.072,0.04,0.04,sin-restriccion,,"Methyl octyne carbonate | Methyl 2-nonynoate | 2-Nonynoic acid, methyl ester | MOC"
fig:2321,MO2,usuario,MO2,,,,,Methyl 2-octynoate,111-12-6,,,,,,molécula,,,Green,Violet,Cucumber,,fig ifra-estandar,IFRA_STD_062,Methyl heptine carbonate,con-techo,,,,0.0085,0.0025,0.051,0.047,0.012,0.012,0.012,0.012,0.028,0.096,0.096,0.005,0.092,0.33,0.33,0.18,0.18,sin-restriccion,,"Methyl heptyne carbonate | Methyl 2-octynoate | Methyl oct-2-ynoate | MHC | 2-Octynoic acid, methyl ester | Folione (commercial name)"
fig:2322,MPK,usuario,MPK,,,,,Methyl 2-pyrrolyl ketone,1072-83-9,,,,,,molécula,,,Fruity,Coconut,Oily,,fig,,,sin-estandar,,,,,,,,,,,,,,,,,,,,,,,
fig:2323,MDH,usuario,MDH,,,,,"Methyl 3,3-dimethylbicyclo[2.2.1]heptane-2-carboxylate",52557-97-8,,,,,,molécula,,,Herbal,Pine,Citrus,,fig,,,sin-estandar,,,,,,,,,,,,,,,,,,,,,,,
fig:2324,MD5,usuario,MD5,,,,,"Methyl 3,7-dimethyl-6-octenoate",2270-60-2,,,,,,molécula,,,Floral,Rose,Geranium,,fig,,,sin-estandar,,,,,,,,,,,,,,,,,,,,,,,
fig:2325,MBH,usuario,MBH,,,,,Methyl 3-bicyclo[2.2.1]hept-5-en-2-yl-3-methyloxirane-2-carboxylate,72175-33-8,,,,,,molécula,,,Floral,Fruity,Jasmin,,fig,,,sin-estandar,,,,,,,,,,,,,,,,,,,,,,,
fig:2326,MH8,usuario,MH8,,,,,Methyl 3-hexenoate,2396-78-3,,,,,,molécula,,,Earthy,Sweet,Fruity,,fig,,,sin-estandar,,,,,,,,,,,,,,,,,,,,,,,
fig:2327,MH9,usuario,MH9,,,,,Methyl 3-hydroxyhexanoate,21188-58-9,,,,,,molécula,,,Fruity,Sweet,Pineapple,,fig,,,sin-estandar,,,,,,,,,,,,,,,,,,,,,,,
fig:2328,MM20,usuario,MM20,,,,,Methyl 3-methylthiopropionate,13532-18-8,,,,,,molécula,,,Fruity,Pineapple,Grapefruit,,fig,,,sin-estandar,,,,,,,,,,,,,,,,,,,,,,,
fig:2329,MN3,usuario,MN3,,,,,Methyl 3-nonenoate,13481-87-3,,,,,,molécula,,,Fruity,Watermelon,Pear,,fig,,,sin-estandar,,,,,,,,,,,,,,,,,,,,,,,
fig:2330,MOX,usuario,MOX,,,,,Methyl 3-oxo-2-(pent-2-enyl)cyclopentaneacetate,39924-52-2,,,,,,molécula,,,Floral,Jasmin,Soft,,fig,,,sin-estandar,,,,,,,,,,,,,,,,,,,,,,,
fig:2331,MOI,usuario,MOI,,,,,Methyl 4(or 1)-isopropyl-1(or 4)-methylbicyclo[2.2.2]oct-5-ene-2-carboxylate,68966-86-9,,,,,,molécula,,,Woody,Spicy,Peppery,,fig ifra-estandar,IFRA_STD_256,4-Methyl-1-propan-2-ylbicyclo[2.2.2]oct-2-ene-8-carboxylate,con-techo,,,,0.17,0.05,0.85,0.94,0.24,0.24,0.24,0.08,0.17,0.85,0.85,0.08,1.8,2,6.6,0.08,0.08,sin-restriccion,,"4-Methyl-1-propan-2-ylbicyclo[2.2.2]oct-2-ene-8-carboxylate | Bicyclo[2.2.2]oct-5-ene-2-carboxylic acid, 1(or 4)-methyl-4(or 1)-(1-methylethyl)-, methyl ester | Methyl 4(or 1)-isopropyl-1(or 4)-methylbicyclo[2.2.2]oct-5-ene-2-carboxylate | Mahagonat  (commercial name) | Poivrol (commercial name)"
fig:2332,MEU,usuario,MEU,,,,,Methyl 9-undecenoate,5760-50-9,,,,,,molécula,,,Balsamic,Earthy,Rubbery,,fig,,,sin-estandar,,,,,,,,,,,,,,,,,,,,,,,
fig:2333,MA14,usuario,MA14,,,,,Methyl acetate,79-20-9,,,,,,molécula,,,Fruity,Sweet,Honey,,fig,,,sin-estandar,,,,,,,,,,,,,,,,,,,,,,,
fig:2334,MA15,usuario,MA15,,,,,Methyl acetoacetate,105-45-3,,,,,,molécula,,,Fruity,Citrus,Green,,fig,,,sin-estandar,,,,,,,,,,,,,,,,,,,,,,,
fig:2335,αMG,usuario,αMG,,,,,Methyl alpha-ionone glycidate,67905-40-2,,,,,,molécula,,alpha,Woody,Floral,Violet,,fig,,,sin-estandar,,,,,,,,,,,,,,,,,,,,,,,
fig:2336,MAN,usuario,MAN,,,,,Methyl anisate,121-98-2,,,,,,molécula,,,Spicy,Balsamic,Anisic,,fig,,,sin-estandar,,,,,,,,,,,,,,,,,,,,,,,
fig:2337,MA16,usuario,MA16,,,,,Methyl anthranilate,134-20-3,,,,,,molécula,,,Floral,Neroli,Fruity,,fig,,,sin-estandar,,,,,,,,,,,,,,,,,,,,,,,
fig:2338,MAT,usuario,MAT,,,,,Methyl atrarate,4707-47-5,,,,,,molécula,,,Woody,Mossy,Earthy,,fig,,,sin-estandar,,,,,,,,,,,,,,,,,,,,,,,
fig:2339,MB13,usuario,MB13,,,,,Methyl benzoate,93-58-3,,,,,,molécula,,,Floral,Ylang,Jasmin,,fig,,,sin-estandar,,,,,,,,,,,,,,,,,,,,,,,
fig:2340,βMN,usuario,βMN,,,,,Methyl beta-naphthyl ketone,93-08-3,,,,,,molécula,,beta,Floral,Neroli,Honey,,fig ifra-estandar,IFRA_STD_095,Methyl beta-naphthyl ketone,con-techo,,,,0.2,0.2,0.2,0.2,0.2,0.2,0.2,0.2,0.2,sin-restriccion,0.2,0.2,sin-restriccion,sin-restriccion,0.2,sin-restriccion,0.2,sin-restriccion,,"2-Acetonaphthone | β-Acetylnaphthalene | Cetone d | Ethanone, 1-(2-naphthalenyl) | β-Methyl naphthyl ketone | β-Naphthyl methyl ketone | Oranger crystals"
fig:2341,βMP,usuario,βMP,,,,,Methyl beta-phenylglycidate,37161-74-3,,,,,,molécula,,beta,Fruity,Fresh,Strawberry,,fig,,,sin-estandar,,,,,,,,,,,,,,,,,,,,,,,
fig:2342,MB14,usuario,MB14,,,,,Methyl butyrate,623-42-7,,,,,,molécula,,,Fruity,Apple,Banana,,fig,,,sin-estandar,,,,,,,,,,,,,,,,,,,,,,,
fig:2343,MCI,usuario,MCI,,,,,Methyl cinnamate,103-26-4,,,,,,molécula,,,Spicy,Balsamic,Cinnamon,,fig,,,sin-estandar,,,,,,,,,,,,,,,,,,,,,,,
fig:2344,MH10,usuario,MH10,,,,,Methyl cis-3-hexenoate,13894-62-7,,,,,,molécula,,,Fruity,Floral,Oily,,fig,,,sin-estandar,,,,,,,,,,,,,,,,,,,,,,,
fig:2345,MO3,usuario,MO3,,,,,Methyl cis-5-octenoate,41654-15-3,,,,,,molécula,,,Fruity,Sweet,Woody,,fig,,,sin-estandar,,,,,,,,,,,,,,,,,,,,,,,
fig:2346,MCM,usuario,MCM,,,,,Methyl cyclohexadiene (mixture of isomers),30640-46-1,,,,,,molécula,,,Citrus,Lemon,Lime,,fig,,,sin-estandar,,,,,,,,,,,,,,,,,,,,,,,
fig:2347,MC4,usuario,MC4,,,,,Methyl cyclohexylacetate,14352-61-5,,,,,,molécula,,,Fruity,Sweet,Mango,,fig,,,sin-estandar,,,,,,,,,,,,,,,,,,,,,,,
fig:2348,MC5,usuario,MC5,,,,,Methyl cyclopentylideneacetate,40203-73-4,,,,,,molécula,,,Floral,Fruity,Tuberose,,fig,,,sin-estandar,,,,,,,,,,,,,,,,,,,,,,,
fig:2349,MD6,usuario,MD6,,,,,Methyl decanoate,110-42-9,,,,,,molécula,,,Fruity,Oily,Floral,,fig,,,sin-estandar,,,,,,,,,,,,,,,,,,,,,,,
fig:2350,MD7,usuario,MD7,,,,,Methyl decenone,811412-48-3,,,,,,molécula,,,Herbal,Green,Watery,,fig,,,sin-estandar,,,,,,,,,,,,,,,,,,,,,,,
fig:2351,MD8,usuario,MD8,,,,,Methyl dihydrojasmonate,24851-98-7,,,,,,molécula,,,Floral,Fresh,Jasmin,,fig,,,sin-estandar,,,,,,,,,,,,,,,,,,,,,,,
fig:2352,MES,usuario,MES,,,,,Methyl ester of rosin (partially hydrogenated),8050-15-5,,,,,,molécula,,,Woody,Cedarwood,Balsamic,,fig,,,sin-estandar,,,,,,,,,,,,,,,,,,,,,,,
fig:2353,MH11,usuario,MH11,,,,,Methyl heptanoate,106-73-0,,,,,,molécula,,,Fruity,Sweet,Berry,,fig,,,sin-estandar,,,,,,,,,,,,,,,,,,,,,,,
fig:2354,MH12,usuario,MH12,,,,,Methyl hexadecanoate,112-39-0,,,,,,molécula,,,Balsamic,Waxy,Floral,,fig,,,sin-estandar,,,,,,,,,,,,,,,,,,,,,,,
fig:2355,MH13,usuario,MH13,,,,,Methyl hexanoate,106-70-7,,,,,,molécula,,,Fruity,Pineapple,Apricot,,fig,,,sin-estandar,,,,,,,,,,,,,,,,,,,,,,,
fig:2356,MHOC,usuario,MHOC,,,,,Methyl hexyl oxo cyclopentanone carboxylate,37172-53-5,,,,,,molécula,,,Floral,Jasmin,Green,,fig,,,sin-estandar,,,,,,,,,,,,,,,,,,,,,,,
fig:2357,MIM,usuario,MIM,,,,,Methyl ionone (mixture of isomers),1335-46-2,,,,,,molécula,,,Floral,Violet,Woody,,fig ifra-estandar,IFRA_STD_063,"Methyl ionone, mixed isomers",con-techo,especificación (STD 063),,,5.4,1.6,32,30,7.6,7.6,7.6,7.6,18,61,61,3.2,59,100,100,100,100,sin-restriccion,,"Methyl ionone, mixture of isomers"
fig:2358,MIT,usuario,MIT,,,,,Methyl ionone tails,68937-31-5,,,,,,molécula,,,Floral,Woody,Violet,,fig,,,sin-estandar,,,,,,,,,,,,,,,,,,,,,,,
fig:2359,MI3,usuario,MI3,,,,,Methyl isobutyrate,547-63-7,,,,,,molécula,,,Fruity,Ethereal,Pineapple,,fig,,,sin-estandar,,,,,,,,,,,,,,,,,,,,,,,
fig:2360,MI4,usuario,MI4,,,,,Methyl isovalerate,556-24-1,,,,,,molécula,,,Fruity,Apple,Pineapple,,fig,,,sin-estandar,,,,,,,,,,,,,,,,,,,,,,,
fig:2361,MJ,usuario,MJ,,,,,Methyl jasmonate,1211-29-6,,,,,,molécula,,,Floral,Fresh,Magnolia,,fig,,,sin-estandar,,,,,,,,,,,,,,,,,,,,,,,
fig:2362,MEL,usuario,MEL,,,,,Methyl laurate,111-82-0,,,,,,molécula,,,Aldehydic,Waxy,Coconut,,fig,,,sin-estandar,,,,,,,,,,,,,,,,,,,,,,,
fig:2363,MLK,usuario,MLK,,,,,Methyl lavender ketone,67633-95-8,,,,,,molécula,,,Herbal,Lavender,Green,,fig ifra-estandar,IFRA_STD_231,Methyl lavender ketone,con-techo,,,,0.015,0.0044,0.088,0.082,0.021,0.021,0.021,0.021,0.048,0.17,0.17,0.0086,0.16,0.57,0.57,0.32,0.32,sin-restriccion,,
fig:2364,MLM,usuario,MLM,,,,,Methyl linoleate (48%) methyl linolenate (52%) mixture,301-00-8,,,,,,molécula,,,Floral,Fruity,Sweet,,fig,,,sin-estandar,,,,,,,,,,,,,,,,,,,,,,,
fig:2365,MM21,usuario,MM21,,,,,Methyl mercaptan,74-93-1,,,,,,molécula,,,Food Like,Vegetable,Cabbage,,fig,,,sin-estandar,,,,,,,,,,,,,,,,,,,,,,,
fig:2366,MMY,usuario,MMY,,,,,Methyl myristate,124-10-7,,,,,,molécula,,,Floral,Oily,Violet,,fig,,,sin-estandar,,,,,,,,,,,,,,,,,,,,,,,
fig:2367,MA17,usuario,MA17,,,,,Methyl N-acetylanthranilate,2719-08-6,,,,,,molécula,,,Fruity,Soft,Strawberry,,fig,,,sin-estandar,,,,,,,,,,,,,,,,,,,,,,,
fig:2368,MNI,usuario,MNI,,,,,Methyl nicotinate,93-60-7,,,,,,molécula,,,Spicy,Herbal,Tobacco,,fig,,,sin-estandar,,,,,,,,,,,,,,,,,,,,,,,
fig:2369,MM22,usuario,MM22,,,,,Methyl N-methylanthranilate,85-91-6,,,,,,molécula,,,Floral,Warm,Neroli,,fig ifra-estandar,IFRA_STD_094,Methyl N-methylanthranilate,con-techo,especificación (STD 094),,,0.1,0.1,0.1,0.1,0.1,0.1,0.1,0.1,0.5,0.5,0.1,0.1,0.5,0.5,0.1,sin-restriccion,0.1,sin-restriccion,,"Methyl N-methylanthranilate | Benzoic acid, 2-(methylamino)-, methyl ester | Dimethyl anthranilate | 2-Methylamino methyl benzoate | N-Methylanthranilic acid, methyl ester | Methyl 2-(methylamino)benzoate | Methyl 2-methylaminobenzoate | Methyl o-methylaminobenzoate"
fig:2370,MO4,usuario,MO4,,,,,Methyl octanoate,111-11-5,,,,,,molécula,,,Fruity,Orange,Waxy,,fig,,,sin-estandar,,,,,,,,,,,,,,,,,,,,,,,
fig:2371,MM23,usuario,MM23,,,,,Methyl o-methoxybenzoate,606-45-1,,,,,,molécula,,,Floral,Herbal,Hyacinth,,fig,,,sin-estandar,,,,,,,,,,,,,,,,,,,,,,,
fig:2372,MP27,usuario,MP27,,,,,Methyl phenethyl ether,3558-60-9,,,,,,molécula,,,Floral,Rose,Jasmin,,fig,,,sin-estandar,,,,,,,,,,,,,,,,,,,,,,,
fig:2373,MP28,usuario,MP28,,,,,Methyl phenylacetate,101-41-7,,,,,,molécula,,,Honey,Sweet,Floral,,fig,,,sin-estandar,,,,,,,,,,,,,,,,,,,,,,,
fig:2374,MM24,usuario,MM24,,,,,Methyl p-methylbenzoate,99-75-2,,,,,,molécula,,,Floral,Sweet,Anisic,,fig,,,sin-estandar,,,,,,,,,,,,,,,,,,,,,,,
fig:2375,MP29,usuario,MP29,,,,,Methyl propionate,554-12-1,,,,,,molécula,,,Fruity,Fermented,Fresh,,fig,,,sin-estandar,,,,,,,,,,,,,,,,,,,,,,,
fig:2376,MB15,usuario,MB15,,,,,Methyl p-tert-butylphenylacetate,3549-23-3,,,,,,molécula,,,Fruity,Honey,Oily,,fig,,,sin-estandar,,,,,,,,,,,,,,,,,,,,,,,
fig:2377,MSA,usuario,MSA,,,,,Methyl salicylate,119-36-8,,,,,,molécula,,,Herbal,Medicinal,Ylang,,fig,,,sin-estandar,,,,,,,,,,,,,,,,,,,,,,,
fig:2378,MT6,usuario,MT6,,,,,Methyl thiobutyrate,2432-51-1,,,,,,molécula,,,Fruity,Tropical-Fruit,Green,,fig,,,sin-estandar,,,,,,,,,,,,,,,,,,,,,,,
fig:2379,MO5,usuario,MO5,,,,,Methyl trans-2-octenoate,2396-85-2,,,,,,molécula,,,Green,Fruity,Pear,,fig,,,sin-estandar,,,,,,,,,,,,,,,,,,,,,,,
fig:2380,MUE,usuario,MUE,,,,,Methyl undec-10-enoate,111-81-9,,,,,,molécula,,,Citrus,Oily,Waxy,,fig,,,sin-estandar,,,,,,,,,,,,,,,,,,,,,,,
fig:2381,MV2,usuario,MV2,,,,,Methyl valerate,624-24-8,,,,,,molécula,,,Fruity,Green,Apple,,fig,,,sin-estandar,,,,,,,,,,,,,,,,,,,,,,,
fig:2382,MVE,usuario,MVE,,,,,Methyl vanillyl ether,5533-03-9,,,,,,molécula,,,Gourmand,Sweet,Medicinal,,fig ifra-estandar,IFRA_STD_257,Methyl vanillyl ether,con-techo,,,,0.065,0.08,0.065,1.5,0.38,0.065,0.065,0.022,0.065,0.065,0.065,0.022,2.9,5.8,11,0.022,0.022,sin-restriccion,,"Methyl vanillyl ether | 2-Methoxy-4-(methoxymethyl)phenol | Phenol, 2-methoxy-4-(methoxymethyl)- | 4-Hydroxy-3-methoxybenzyl methyl ether | Mevanyl (commercial name) | Vani-White (commercial name)"
fig:2383,MDM,usuario,MDM,,,,,"Methyl-2,2-dimethyl-6-methylene-1-cyclohexanecarboxylate",81752-87-6,,,,,,molécula,,,Floral,Rose,Fruity,,fig,,,sin-estandar,,,,,,,,,,,,,,,,,,,,,,,
fig:2384,MDCY,usuario,MDCY,,,,,"Methyl-2-[[(2,4-dimethyl-3-cyclohexen-1-yl)methylene]amino]benzoate",68845-02-3,,,,,,molécula,,,Green,Floral,Citrus,,fig,,,sin-estandar,,,,,,,,,,,,,,,,,,,,,,,
fig:2385,αMEI,usuario,αMEI,,,,,Methyl-alpha-ionone,127-42-4,,,,,,molécula,,alpha,Woody,Floral,Violet,,fig ifra-estandar,IFRA_STD_063,"Methyl ionone, mixed isomers",con-techo,especificación (STD 063),,,5.4,1.6,32,30,7.6,7.6,7.6,7.6,18,61,61,3.2,59,100,100,100,100,sin-restriccion,,"Methyl-α-ionone | α-Cetone | α-Cyclocitrylidenebutanone | α-Cyclocitrylidenemethyl ethyl ketone | Methyl-α-ionone | α-Methylionone | 1-Penten-3-one, 1-(2,6,6-trimethyl-2-cyclohexen-1-yl)-, [R-(E)]- | (R-(E))-1-(2,6,6-Trimethyl-2-cyclohexen-1-yl)pent-1-en-3-one"
fig:2386,βMEI,usuario,βMEI,,,,,Methyl-beta-ionone,127-43-5,,,,,,molécula,,beta,Floral,Violet,Fruity,,fig ifra-estandar,IFRA_STD_063,"Methyl ionone, mixed isomers",con-techo,especificación (STD 063),,,5.4,1.6,32,30,7.6,7.6,7.6,7.6,18,61,61,3.2,59,100,100,100,100,sin-restriccion,,"Methyl-beta-ionone | Methyl-ß-ionone | β-Methylionone | β-Cetone | β-Cyclocitrylidenebutanone | β-Iraldeine | 1-Penten-3-one, 1-(2,6,6-trimethyl-1-cyclohexen-1-yl)- | 5-(2,6,6-Trimethyl-1-cyclohexen-1-yl)-4-penten-3-one | 1-(2,6,6-Trimethyl-1-cyclohexen-1-yl)pent -1-en-3-one"
fig:2387,MCA,usuario,MCA,,,,,Methylcyclooctyl carbonate,61699-38-5,,,,,,molécula,,,Herbal,Fresh,Floral,,fig,,,sin-estandar,,,,,,,,,,,,,,,,,,,,,,,
fig:2388,Me19,usuario,Me19,,,,,Methylcyclopentenolone,80-71-7,,,,,,molécula,,,Gourmand,Sweet,Caramel,,fig,,,sin-estandar,,,,,,,,,,,,,,,,,,,,,,,
fig:2389,Me20,usuario,Me20,,,,,Methylheptenol,1335-09-7,,,,,,molécula,,,Green,Floral,Citrus,,fig,,,sin-estandar,,,,,,,,,,,,,,,,,,,,,,,
fig:2390,MI5,usuario,MI5,,,,,Methylheptenone (isomer unspecified),409-02-9,,,,,,molécula,,,Gourmand,Nutty,Roasted,,fig,,,sin-estandar,,,,,,,,,,,,,,,,,,,,,,,
fig:2391,MAE,usuario,MAE,,E,,,Michelia alba extract,92457-18-6,,,,,,natural,extract,,Floral,Fruity,Dried-Fruit,,fig,,,sin-dato,,,,,,,,,,,,,,,,,,,,,,,
fig:2392,MAFO,usuario,MAFO,,O,,,Michelia alba flower oil,8006-76-6,,,,,,natural,oil,,Floral,Fruity,Dried-Fruit,,fig ifra-anexo,,,por-constituyentes,,2,por nombre,,,,,,,,,,,,,,,,,,,,
fig:2393,MALE,usuario,MALE,,E,,,Michelia alba leaf extract,8006-76-6,,,,,,natural,extract,,Floral,Fruity,Dried-Fruit,,fig ifra-anexo,,,por-constituyentes,,8,por CAS,,,,,,,,,,,,,,,,,,,,
fig:2394,MALO,usuario,MALO,,O,,,Michelia alba leaf oil,8006-76-6,,,,,,natural,oil,,Floral,Fruity,Dried-Fruit,,fig ifra-anexo,,,por-constituyentes,,2,por nombre,,,,,,,,,,,,,,,,,,,,
fig:2395,MIAO,usuario,MIAO,,O,,,"Michelia alba oil, rectified",8006-76-6,,,,,,natural,oil,,Floral,Fruity,Dried-Fruit,,fig ifra-anexo,,,por-constituyentes,,8,por CAS,,,,,,,,,,,,,,,,,,,,
fig:2396,MiA,usuario,MiA,,A,,,Mimosa absolute,8031-03-6,,,,,,natural,absolute,,Floral,Powdery,Green,,fig ifra-anexo,,,por-constituyentes,,7,por nombre,,,,,,,,,,,,,,,,,,,,
fig:2397,MiC,usuario,MiC,,C,,,Mimosa concrete,8031-03-6,,,,,,natural,concrete,,Floral,Powdery,Green,,fig ifra-anexo,,,por-constituyentes,,1,por nombre,,,,,,,,,,,,,,,,,,,,
fig:2398,Mi,usuario,Mi,,,,,Mintlactone,13341-72-5,,,,,,molécula,,,Gourmand,Vanilla,Sweet,,fig ifra-estandar,IFRA_STD_218,Mintlactone,prohibido,,,,,,,,,,,,,,,,,,,,,,,
fig:2399,MBL,usuario,MBL,,,,,"Molasses, blackstrap",8052-35-5,,,,,,molécula,,,Gourmand,Rum,Grape,,fig,,,sin-estandar,,,,,,,,,,,,,,,,,,,,,,,
fig:2400,MuA,usuario,MuA,,A,,,Mushroom absolute,84649-97-8,,,,,,natural,absolute,,Earthy,Mushroom,Musty,,fig,,,sin-dato,,,,,,,,,,,,,,,,,,,,,,,
fig:2401,MuR,usuario,MuR,,R,,,Mushroom resinoid,84649-97-8,,,,,,natural,resinoid,,Earthy,Mushroom,Musty,,fig,,,sin-dato,,,,,,,,,,,,,,,,,,,,,,,
fig:2402,MUK,usuario,MUK,,,,,Musk ketone,81-14-1,,,,,,molécula,,,Musk like,Sweet,Powdery,,fig ifra-estandar,IFRA_STD_189,Musk ketone,condicion,especificación (STD 189),,,,,,,,,,,,,,,,,,,,,,"1-(4-tert-Butyl-2,6-dimethyl-3,5-dinitrophenyl) ethanone | 4'-tert-butyl-2',6'-dimethyl-3',5'-dinitroacetophenone | 3,5-Dinitro-2,6-dimethyl-4-tert-butylacetophenone | 1-[4-(1,1-Dimethylethyl)-2,6-dimethyl-3,5-dinitrophenyl]ethanone | Ethanone, 1-[4-(1,1-dimethylethyl)-2,6-dimethyl-3,5-dinitrophenyl]-"
fig:2403,MYA,usuario,MYA,,,,,Myraldyl acetate,72403-67-9,,,,,,molécula,,,Floral,Sweet,Fruity,,fig ifra-estandar,IFRA_STD_258,Myraldyl acetate,con-techo,,,,0.077,0.023,0.46,0.43,0.11,0.11,0.11,0.11,0.25,0.88,0.88,0.045,0.84,3,3,1.7,1.7,sin-restriccion,,"Myraldyl acetate | 3(or 4)-(4-Methylpenten-3-yl)cyclohex-3-ene-1-methyl acetate | 3-Cyclohexene-1-methanol, 3(or 4)-(4-methyl-3-pentenyl)-, acetate | 4(or 3)-(4-Methyl-3-pentenyl)-3-cyclohexenylmethyl acetate & isomers"
fig:2404,Mc,usuario,Mc,,,,,Myrcene,123-35-3,,,,,,molécula,,,Citrus,Herbal,Dry,,fig,,,sin-estandar,,,,,,,,,,,,,,,,,,,,,,,
fig:2405,Myr,usuario,Myr,,,,,Myrcenol,543-39-5,,,,,,molécula,,,Citrus,Fresh,Floral,,fig,,,sin-estandar,,,,,,,,,,,,,,,,,,,,,,,
fig:2406,MA18,usuario,MA18,,,,,Myrcenyl acetate,1118-39-4,,,,,,molécula,,,Citrus,Fresh,Lavender,,fig,,,sin-estandar,,,,,,,,,,,,,,,,,,,,,,,
fig:2407,Ms,usuario,Ms,,,,,Myristaldehyde,124-25-4,,,,,,molécula,,,Aldehydic,Waxy,Balsamic,,fig,,,sin-estandar,,,,,,,,,,,,,,,,,,,,,,,
fig:2408,MYN,usuario,MYN,,,,,Myristo nitrile,629-63-0,,,,,,molécula,,,Aldehydic,Floral,Green,,fig,,,sin-estandar,,,,,,,,,,,,,,,,,,,,,,,
fig:2409,My2,usuario,My2,,,,,Myrrh,8016-37-3,,,,,,molécula,,,Amber,Balsamic,Sweet,,fig,,,sin-estandar,,,,,,,,,,,,,,,,,,,,,,,
fig:2410,MyA,usuario,MyA,,A,,,Myrrh absolute,8016-37-3,,,,,,natural,absolute,,Amber,Balsamic,Sweet,,fig,,,sin-dato,,,,,,,,,,,,,,,,,,,,,,,
fig:2411,MCE,usuario,MCE,,E,,,Myrrh CO2 extract,8016-37-3,,,,,,natural,extract,,Amber,Balsamic,Sweet,,fig,,,sin-dato,,,,,,,,,,,,,,,,,,,,,,,
fig:2412,MyE,usuario,MyE,,E,,,Myrrh extract,8016-37-3,,,,,,natural,extract,,Amber,Balsamic,Sweet,,fig,,,sin-dato,,,,,,,,,,,,,,,,,,,,,,,
fig:2413,MG,usuario,MG,,,,,Myrrh gum,9000-45-7,,,,,,molécula,,,Amber,Mushroom,Warm,,fig,,,sin-estandar,,,,,,,,,,,,,,,,,,,,,,,
fig:2414,MyO,usuario,MyO,,O,,,Myrrh oil,8016-37-3,,,,,,natural,oil,,Amber,Balsamic,Sweet,,fig,,,sin-dato,,,,,,,,,,,,,,,,,,,,,,,
fig:2415,MrO,usuario,MrO,,O,,,Myrrh oil rectified,8016-37-3,,,,,,natural,oil,,Amber,Balsamic,Sweet,,fig,,,sin-dato,,,,,,,,,,,,,,,,,,,,,,,
fig:2416,MyR,usuario,MyR,,R,,,Myrrh resinoid,8016-37-3,,,,,,natural,resinoid,,Amber,Balsamic,Sweet,,fig,,,sin-dato,,,,,,,,,,,,,,,,,,,,,,,
fig:2417,My3,usuario,My3,,,,,Myrtenol,515-00-4,,,,,,molécula,,,Herbal,Pine,Minty,,fig,,,sin-estandar,,,,,,,,,,,,,,,,,,,,,,,
fig:2418,MA19,usuario,MA19,,,,,Myrtenyl acetate,1079-01-2,,,,,,molécula,,,Herbal,Floral,Violet,,fig,,,sin-estandar,,,,,,,,,,,,,,,,,,,,,,,
fig:2419,MlO,usuario,MlO,,O,,,Myrtle oil,8008-46-6,,,,,,natural,oil,,Herbal,Fresh,Green,,fig ifra-anexo,,,por-constituyentes,,4,por nombre,,,,,,,,,,,,,,,,,,,,
fig:2420,MMO,usuario,MMO,,O,,,Myrtle oil (low methyleugenol),8008-46-6,,,,,,natural,oil,,Herbal,Fresh,Green,,fig ifra-anexo,,,por-constituyentes,,4,por CAS,,,,,,,,,,,,,,,,,,,,
fig:2421,MyrO,usuario,MyrO,,O,,,Myrtle oil terpeneless,8008-46-6,,,,,,natural,oil,,Herbal,Fresh,Green,,fig ifra-anexo,,,por-constituyentes,,4,por CAS,,,,,,,,,,,,,,,,,,,,
fig:2422,MyO2,usuario,MyO2,,O,,,"Myrtle oil, rectified",8008-46-6,,,,,,natural,oil,,Herbal,Fresh,Green,,fig ifra-anexo,,,por-constituyentes,,4,por CAS,,,,,,,,,,,,,,,,,,,,
fig:2423,DP3,usuario,DP3,,,,,"N,2-Dimethyl-N-phenylbutyramide",84434-18-4,,,,,,molécula,,,Citrus,Grapefruit,Rhubarb,,fig,,,sin-estandar,,,,,,,,,,,,,,,,,,,,,,,
fig:2424,Di23,usuario,Di23,,,,,"N,N-Diethyloctamide",996-97-4,,,,,,molécula,,,Spicy,Fresh,Tobacco,,fig,,,sin-estandar,,,,,,,,,,,,,,,,,,,,,,,
fig:2425,EMMC,usuario,EMMC,,,,,N-[(Ethoxycarbonyl)methyl)-p-menthane-3-carboxamide,68489-14-5,,,,,,molécula,,,Herbal,Minty,Cooling,,fig,,,sin-estandar,,,,,,,,,,,,,,,,,,,,,,,
fig:2426,NF,usuario,NF,,,,,"Naphtho[2,1-b]furan, dodecahydro-3a,6,6,9a-tetramethyl-",3738-00-9,,,,,,molécula,,,Amber,Woody,Dry,,fig,,,sin-estandar,,,,,,,,,,,,,,,,,,,,,,,
fig:2427,NFD,usuario,NFD,,,,,"Naphtho[2,1-b]furan, dodecahydro-3a,6,6,9a-tetramethyl-, (3aR,5aS,9aS,9bR)-",6790-58-5,,,,,,molécula,,,Amber,Woody,Herbal,,fig,,,sin-estandar,,,,,,,,,,,,,,,,,,,,,,,
fig:2428,NaA,usuario,NaA,,A,,,Narcissus absolute,8023-75-4,,,,,,natural,absolute,,Floral,Green,Neroli,,fig,,,sin-dato,,,,,,,,,,,,,,,,,,,,,,,
fig:2429,NJA,usuario,NJA,,A,,,Narcissus jonquilla absolute,8023-75-4,,,,,,natural,absolute,,Floral,Green,Narcissus,,fig,,,sin-dato,,,,,,,,,,,,,,,,,,,,,,,
fig:2430,NPA,usuario,NPA,,A,,,Narcissus poeticus absolute,68917-12-4,,,,,,natural,absolute,,Floral,Green,Neroli,,fig ifra-anexo,,,por-constituyentes,,3,por nombre,,,,,,,,,,,,,,,,,,,,
fig:2431,BM9,usuario,BM9,,,,,n-Butyl 2-methylbutyrate,15706-73-7,,,,,,molécula,,,Fruity,Green,Cocoa,,fig,,,sin-estandar,,,,,,,,,,,,,,,,,,,,,,,
fig:2432,Nr,usuario,Nr,,,,,Neral,106-26-3,,,,,,molécula,,,Citrus,Fresh,Lemon,,fig ifra-estandar,IFRA_STD_021,Citral,con-techo,,,,0.11,0.032,0.1,0.6,0.15,0.15,0.15,0.051,0.35,0.2,0.2,0.051,1.2,1.2,4.2,0.051,0.051,sin-restriccion,,
fig:2433,Nl,usuario,Nl,,,,,Nerol,106-25-2,,,,,,molécula,,,Floral,Rose,Citrus,,fig,,,sin-estandar,,,,,,,,,,,,,,,,,,,,,,,
fig:2434,NOX,usuario,NOX,,,,,Nerol oxide,1786-08-9,,,,,,molécula,,,Green,Floral,Neroli,,fig,,,sin-estandar,,,,,,,,,,,,,,,,,,,,,,,
fig:2435,Ner,usuario,Ner,,,,,Nerolidol (cis),142-50-7,,,,,,molécula,,,Floral,Rose,Woody,,fig,,,sin-estandar,,,,,,,,,,,,,,,,,,,,,,,
fig:2436,NI,usuario,NI,,,,,Nerolidol (isomer unspecified),7212-44-4,,,,,,molécula,,,Floral,Rose,Woody,,fig,,,sin-estandar,,,,,,,,,,,,,,,,,,,,,,,
fig:2437,NAI,usuario,NAI,,,,,Nerolidyl acetate (isomer unspecified),2306-78-7,,,,,,molécula,,,Floral,Sweet,Citrus,,fig,,,sin-estandar,,,,,,,,,,,,,,,,,,,,,,,
fig:2438,NEA,usuario,NEA,,,,,"Nerolidyl acetate (S,Z)",56001-43-5,,,,,,molécula,,,Floral,Sweet,Citrus,,fig,,,sin-estandar,,,,,,,,,,,,,,,,,,,,,,,
fig:2439,NA3,usuario,NA3,,,,,Neryl acetate,141-12-8,,,,,,molécula,,,Floral,Citrus,Rose,,fig,,,sin-estandar,,,,,,,,,,,,,,,,,,,,,,,
fig:2440,NB,usuario,NB,,,,,Neryl butyrate,999-40-6,,,,,,molécula,,,Floral,Rose,Fruity,,fig,,,sin-estandar,,,,,,,,,,,,,,,,,,,,,,,
fig:2441,NEF,usuario,NEF,,,,,Neryl formate,2142-94-1,,,,,,molécula,,,Fruity,Green,Floral,,fig,,,sin-estandar,,,,,,,,,,,,,,,,,,,,,,,
fig:2442,NEI,usuario,NEI,,,,,Neryl isobutyrate,2345-24-6,,,,,,molécula,,,Fruity,Sweet,Berry,,fig,,,sin-estandar,,,,,,,,,,,,,,,,,,,,,,,
fig:2443,NIS,usuario,NIS,,,,,Neryl isovalerate,3915-83-1,,,,,,molécula,,,Floral,Rose,Herbal,,fig,,,sin-estandar,,,,,,,,,,,,,,,,,,,,,,,
fig:2444,NP,usuario,NP,,,,,Neryl propionate,105-91-9,,,,,,molécula,,,Fruity,Sweet,Floral,,fig,,,sin-estandar,,,,,,,,,,,,,,,,,,,,,,,
fig:2445,EIM,usuario,EIM,,,,,N-Ethyl-2-isopropyl-5-methylcyclohexane carboxamide,39711-79-0,,,,,,molécula,,,Minty,Herbal,Fresh,,fig,,,sin-estandar,,,,,,,,,,,,,,,,,,,,,,,
fig:2446,EM18,usuario,EM18,,,,,N-Ethyl-N-(3-methylphenyl)propionamide,179911-08-1,,,,,,molécula,,,Woody,Vetiver,Fresh,,fig,,,sin-estandar,,,,,,,,,,,,,,,,,,,,,,,
fig:2447,Ff,usuario,Ff,,,,,N-Furfurylpyrrole,1438-94-4,,,,,,molécula,,,Green,Plastic,Waxy,,fig,,,sin-estandar,,,,,,,,,,,,,,,,,,,,,,,
fig:2448,HB4,usuario,HB4,,,,,n-Hexyl 2-butenoate,19089-92-0,,,,,,molécula,,,Fruity,Caramel,Green,,fig,,,sin-estandar,,,,,,,,,,,,,,,,,,,,,,,
fig:2449,NiO,usuario,NiO,,O,,,Niaouli oil,8014-68-4,,,,,,natural,oil,,Aromatic,Eucalyptus,Fresh,,fig ifra-anexo,,,por-constituyentes,,2,por nombre,,,,,,,,,,,,,,,,,,,,
fig:2450,NIDA,usuario,NIDA,,A,,,Nigella Damascena absolute,73507-35-4,,,,,,natural,absolute,,Floral,Honey,Spicy,,fig,,,sin-dato,,,,,,,,,,,,,,,,,,,,,,,
fig:2451,NDE,usuario,NDE,,E,,,Nigella Damascena CO2 Extract,73507-35-4,,,,,,natural,extract,,Floral,Honey,Spicy,,fig,,,sin-dato,,,,,,,,,,,,,,,,,,,,,,,
fig:2452,ISD,usuario,ISD,,,,,N-Isobutyldeca-trans-2-trans-4-dienamide,18836-52-7,,,,,,molécula,,,Spicy,Herbal,Green,,fig,,,sin-estandar,,,,,,,,,,,,,,,,,,,,,,,
fig:2453,NDI,usuario,NDI,,,,,Nona-2-trans-6-cis-dienal,557-48-2,,,,,,molécula,,,Green,Cucumber,Fatty,,fig,,,sin-estandar,,,,,,,,,,,,,,,,,,,,,,,
fig:2454,No8,usuario,No8,,,,,Nonanal,124-19-6,,,,,,molécula,,,Aldehydic,Sweet,Orange,,fig,,,sin-estandar,,,,,,,,,,,,,,,,,,,,,,,
fig:2455,ND2,usuario,ND2,,,,,Nonanal dimethyl acetal,18824-63-0,,,,,,molécula,,,Fruity,Pear,Green,,fig,,,sin-estandar,,,,,,,,,,,,,,,,,,,,,,,
fig:2456,ND3,usuario,ND3,,,,,"Nonane, 1,1-diethoxy-",54815-13-3,,,,,,molécula,,,Aldehydic,Floral,Rose,,fig,,,sin-estandar,,,,,,,,,,,,,,,,,,,,,,,
fig:2457,ND4,usuario,ND4,,,,,Nonanediyl diacetate,39864-15-8,,,,,,molécula,,,Floral,Jasmin,Earthy,,fig,,,sin-estandar,,,,,,,,,,,,,,,,,,,,,,,
fig:2458,NA4,usuario,NA4,,,,,Nonanoic acid,112-05-0,,,,,,molécula,,,Floral,Neroli,Green,,fig,,,sin-estandar,,,,,,,,,,,,,,,,,,,,,,,
fig:2459,NHM,usuario,NHM,,,,,Nonanoyl 4-hydroxy-3-methoxybenzylamide,2444-46-4,,,,,,molécula,,,Spicy,Pungent,Chilli-Pepper,,fig,,,sin-estandar,,,,,,,,,,,,,,,,,,,,,,,
fig:2460,NN,usuario,NN,,,,,Nonen acid nitrile,29127-83-1,,,,,,molécula,,,Green,Orris,Fatty,,fig,,,sin-estandar,,,,,,,,,,,,,,,,,,,,,,,
fig:2461,NHP,usuario,NHP,,,,,"Nonene, hydroformylation products, high-boiling",68526-90-9,,,,,,molécula,,,Floral,Woody,Violet,,fig,,,sin-estandar,,,,,,,,,,,,,,,,,,,,,,,
fig:2462,NA5,usuario,NA5,,,,,Nonyl acetate,143-13-5,,,,,,molécula,,,Citrus,Aldehydic,Orange,,fig,,,sin-estandar,,,,,,,,,,,,,,,,,,,,,,,
fig:2463,NAL,usuario,NAL,,,,,Nonyl alcohol,143-08-8,,,,,,molécula,,,Floral,Fresh,Rose,,fig,,,sin-estandar,,,,,,,,,,,,,,,,,,,,,,,
fig:2464,Nt,usuario,Nt,,,,,Nootkatone,4674-50-4,,,,,,molécula,,,Citrus,Grapefruit,Woody,,fig ifra-estandar,IFRA_STD_185,Nootkatone,condicion,especificación (STD 185),,,,,,,,,,,,,,,,,,,,,,"5,6-Dimethyl-8-isopropenylbicyclo(4.4.0)dec-1-en-3-one | 4a,5-Dimethyl-1,2,3,4,4a,5,6,7-octahydro-7-keto-3-isopropenylnaphthalene | 4betaH,5alpha-Eremorphila-1(10),11-dien-2-one | (4R-(4alpha,4a alpha,6beta))-4,4a,5,6,7,8-Hexahydro-4,4a-dimethyl-6-(1-methylvinyl)naphthalen-2(3H)-one | 4,4a,5,6,7,8-Hexahydro-6-isopropenyl-4,4a-dimethyl-2(3H)-naphthalenone | 2(3H)-Naphthalenone, 4,4a,5,6,7,8-hexahydro-4,4a-dimethyl-6-(1-methylethenyl)-, (4R,4aS,6R)-"
fig:2465,Np,usuario,Np,,,,,Nopol,128-50-7,,,,,,molécula,,,Herbal,Pine,Camphoraceous,,fig,,,sin-estandar,,,,,,,,,,,,,,,,,,,,,,,
fig:2466,NA6,usuario,NA6,,,,,Nopyl acetate,128-51-8,,,,,,molécula,,,Woody,Floral,Fruity,,fig,,,sin-estandar,,,,,,,,,,,,,,,,,,,,,,,
fig:2467,Nu,usuario,Nu,,,,,Nutmeg,8008-45-5,,,,,,natural,,,Spicy,Warm,Balsamic,,fig ifra-anexo,,,por-constituyentes,variante sin concretar: cuenta la peor de 2 del anexo,6,"por CAS: 2 variantes, cuenta la peor",,,,,,,,,,,,,,,,,,,,
fig:2468,NuA,usuario,NuA,,A,,,Nutmeg absolute,8008-45-5,,,,,,natural,absolute,,Spicy,Warm,Balsamic,,fig ifra-anexo,,,por-constituyentes,variante sin concretar: cuenta la peor de 2 del anexo,6,"por CAS: 2 variantes, cuenta la peor",,,,,,,,,,,,,,,,,,,,
fig:2469,NCE,usuario,NCE,,E,,,Nutmeg CO2 extract,8008-45-5,,,,,,natural,extract,,Spicy,Warm,Balsamic,,fig ifra-anexo,,,por-constituyentes,variante sin concretar: cuenta la peor de 2 del anexo,6,"por CAS: 2 variantes, cuenta la peor",,,,,,,,,,,,,,,,,,,,
fig:2470,NuD,usuario,NuD,,D,,,Nutmeg distillate,8008-45-5,,,,,,natural,distillate,,Spicy,Warm,Balsamic,,fig ifra-anexo,,,por-constituyentes,variante sin concretar: cuenta la peor de 2 del anexo,6,"por CAS: 2 variantes, cuenta la peor",,,,,,,,,,,,,,,,,,,,
fig:2471,NuE,usuario,NuE,,E,,,Nutmeg extract,8008-45-5,,,,,,natural,extract,,Spicy,Warm,Balsamic,,fig ifra-anexo,,,por-constituyentes,variante sin concretar: cuenta la peor de 2 del anexo,6,"por CAS: 2 variantes, cuenta la peor",,,,,,,,,,,,,,,,,,,,
fig:2472,NuO,usuario,NuO,,O,,,Nutmeg oil,8008-45-5,,,,,,natural,oil,,Spicy,Warm,Balsamic,,fig ifra-anexo,,,por-constituyentes,,6,por nombre,,,,,,,,,,,,,,,,,,,,
fig:2473,NLO,usuario,NLO,,O,,,Nutmeg oil (low safrol),8008-45-5,,,,,,natural,oil,,Spicy,Warm,Balsamic,,fig ifra-anexo,,,por-constituyentes,variante sin concretar: cuenta la peor de 2 del anexo,6,"por CAS: 2 variantes, cuenta la peor",,,,,,,,,,,,,,,,,,,,
fig:2474,NJO,usuario,NJO,,O,,,"Nutmeg oil terpeneless, JAVA",8008-45-5,,,,,,natural,oil,,Spicy,Warm,Balsamic,,fig ifra-anexo,,,por-constituyentes,variante sin concretar: cuenta la peor de 2 del anexo,6,"por CAS: 2 variantes, cuenta la peor",,,,,,,,,,,,,,,,,,,,
fig:2475,NtO,usuario,NtO,,O,,,"Nutmeg oil, rectified",8008-45-5,,,,,,natural,oil,,Spicy,Warm,Balsamic,,fig ifra-anexo,,,por-constituyentes,variante sin concretar: cuenta la peor de 2 del anexo,6,"por CAS: 2 variantes, cuenta la peor",,,,,,,,,,,,,,,,,,,,
fig:2476,NuL,usuario,NuL,,L,,,Nutmeg oleoresin,8008-45-5,,,,,,natural,oleoresin,,Spicy,Warm,Balsamic,,fig ifra-anexo,,,por-constituyentes,,3,por nombre,,,,,,,,,,,,,,,,,,,,
fig:2477,OCE,usuario,OCE,,E,,,Oak chips (white) extract,97676-29-4,,,,,,natural,extract,,Woody,Mossy,Dry,,fig,,,sin-dato,,,,,,,,,,,,,,,,,,,,,,,
fig:2478,OCCE,usuario,OCCE,,E,,,Oak chips CO2 extract,97676-30-7,,,,,,natural,extract,,Woody,Mossy,Dry,,fig,,,sin-dato,,,,,,,,,,,,,,,,,,,,,,,
fig:2479,OACE,usuario,OACE,,E,,,Oak chips extract,97676-30-7,,,,,,natural,extract,,Woody,Dry,Mossy,,fig,,,sin-dato,,,,,,,,,,,,,,,,,,,,,,,
fig:2480,OaA,usuario,OaA,,A,,,Oakmoss absolute,9000-50-4,,,,,,natural,absolute,,Woody,Mossy,Earthy,,fig ifra-estandar,IFRA_STD_067,Oakmoss extracts,con-techo,especificación (STD 067) · mismo CAS que «Oakmoss extracts» (STD 067): comprobar la variante · constituyentes: sin dato en el anexo,,,0.02,0.016,0.1,0.1,0.076,0.076,0.076,0.076,0.18,0.1,0.1,0.032,0.1,0.1,0.1,0.1,0.1,sin-restriccion,,
fig:2481,OLA,usuario,OLA,,A,,,Oakmoss absolute (low atranol & chloratranol),9000-50-4,,,,,,natural,absolute,,Woody,Mossy,Earthy,,fig ifra-estandar,IFRA_STD_067,Oakmoss extracts,con-techo,especificación (STD 067) · mismo CAS que «Oakmoss extracts» (STD 067): comprobar la variante · constituyentes: sin dato en el anexo,,,0.02,0.016,0.1,0.1,0.076,0.076,0.076,0.076,0.18,0.1,0.1,0.032,0.1,0.1,0.1,0.1,0.1,sin-restriccion,,
fig:2482,OaE,usuario,OaE,,E,,,Oakmoss extract,68917-10-2,,,,,,natural,extract,,Woody,Mossy,Earthy,,fig ifra-estandar,IFRA_STD_067,Oakmoss extracts,con-techo,especificación (STD 067) · constituyentes: sin dato en el anexo,,,0.02,0.016,0.1,0.1,0.076,0.076,0.076,0.076,0.18,0.1,0.1,0.032,0.1,0.1,0.1,0.1,0.1,sin-restriccion,,
fig:2483,Oi,usuario,Oi,,,,,Ocimenol,5986-38-9,,,,,,molécula,,,Fruity,Citrus,Sweet,,fig,,,sin-estandar,,,,,,,,,,,,,,,,,,,,,,,
fig:2484,OAC,usuario,OAC,,,,,Ocimenyl acetate,72214-23-4,,,,,,molécula,,,Herbal,Fresh,Citrus,,fig,,,sin-estandar,,,,,,,,,,,,,,,,,,,,,,,
fig:2485,Cr3,usuario,Cr3,,,,,o-Cresol,95-48-7,,,,,,molécula,,,Animal like,Musty,Medicinal,,fig,,,sin-estandar,,,,,,,,,,,,,,,,,,,,,,,
fig:2486,OPI,usuario,OPI,,,,,"Octahydro-1,1,2,3,3-pentamethyl-1H-indene",33704-60-8,,,,,,molécula,,,Musk like,Warm,Floral,,fig,,,sin-estandar,,,,,,,,,,,,,,,,,,,,,,,
fig:2487,OTR,usuario,OTR,,,,,"Octahydro-2,5,5-trimethyl-2-naphthol",71832-76-3,,,,,,molécula,,,Animal like,Musk Like,Amber,,fig,,,sin-estandar,,,,,,,,,,,,,,,,,,,,,,,
fig:2488,OMI,usuario,OMI,,,,,"Octahydro-4,7-methano-1H-indenecarbaldehyde",30772-79-3,,,,,,molécula,,,Green,Melon,Aldehydic,,fig,,,sin-estandar,,,,,,,,,,,,,,,,,,,,,,,
fig:2489,OCM,usuario,OCM,,,,,"Octahydro-4,7-methano-1H-indenemethyl acetate",30772-69-1,,,,,,molécula,,,Woody,Fruity,Floral,,fig,,,sin-estandar,,,,,,,,,,,,,,,,,,,,,,,
fig:2490,ODI,usuario,ODI,,,,,"Octahydro-4,8a-dimethyl-4a(2H)-naphthol",23333-91-7,,,,,,molécula,,,Fruity,Earthy,Soft,,fig,,,sin-estandar,,,,,,,,,,,,,,,,,,,,,,,
fig:2491,OD3,usuario,OD3,,,,,"Octahydro-5,5-dimethylnaphthalene-2-carbaldehyde",68738-96-5,,,,,,molécula,,,Floral,Ozonic,Melon,,fig ifra-estandar,IFRA_STD_259,Octahydro-dimethylnaphthalene-2-carbaldehyde (mixed isomers),con-techo,,,,0.38,0.11,2.3,2.1,0.54,0.54,0.54,0.54,1.3,4.4,4.4,0.23,4.2,15,15,8.3,8.3,sin-restriccion,,
fig:2492,OTM,usuario,OTM,,,,,"Octahydro-7,7,8,8-tetramethyl-2,3b-methano-3bH-",59056-64-3,,,,,,molécula,,,Amber,Sage,"Warm cyclopenta[1,3]cyclopropa[1,2]benzene-4-methanol",,fig,,,sin-estandar,,,,,,,,,,,,,,,,,,,,,,,
fig:2493,OTE,usuario,OTE,,,,,"Octahydro-7,7,8,8-tetramethyl-2,3b-methano-3bH-",59056-62-1,,,,,,molécula,,,Woody,Amber,"Sandalwood cyclopenta[1,3]cyclopropa[1,2]benzene-4-methyl acetate",,fig,,,sin-estandar,,,,,,,,,,,,,,,,,,,,,,,
fig:2494,OME,usuario,OME,,,,,"Octahydro-7-methyl-1,4-methanonaphtalen-6(2H)-one",41724-19-0,,,,,,molécula,,,Herbal,Aromatic,Woody,,fig,,,sin-estandar,,,,,,,,,,,,,,,,,,,,,,,
fig:2495,OD4,usuario,OD4,,,,,"Octahydro-8,8-dimethylnaphthalene-2-carbaldehyde",68738-94-3,,,,,,molécula,,,Ozonic,Herbal,Clean,,fig ifra-estandar,IFRA_STD_259,Octahydro-dimethylnaphthalene-2-carbaldehyde (mixed isomers),con-techo,,,,0.38,0.11,2.3,2.1,0.54,0.54,0.54,0.54,1.3,4.4,4.4,0.23,4.2,15,15,8.3,8.3,sin-restriccion,,
fig:2496,Oc5,usuario,Oc5,,,,,Octahydrocoumarin,4430-31-3,,,,,,molécula,,,Balsamic,Vanilla,Hay,,fig,,,sin-estandar,,,,,,,,,,,,,,,,,,,,,,,
fig:2497,Oc6,usuario,Oc6,,,,,Octanal,124-13-0,,,,,,molécula,,,Aldehydic,Orange,Green,,fig,,,sin-estandar,,,,,,,,,,,,,,,,,,,,,,,
fig:2498,ODA,usuario,ODA,,,,,Octanal diethyl acetal,54889-48-4,,,,,,molécula,,,Green,Citrus,Oily,,fig,,,sin-estandar,,,,,,,,,,,,,,,,,,,,,,,
fig:2499,OD5,usuario,OD5,,,,,Octanal dimethyl acetal,10022-28-3,,,,,,molécula,,,Green,Floral,Citrus,,fig,,,sin-estandar,,,,,,,,,,,,,,,,,,,,,,,
fig:2500,OMD,usuario,OMD,,,,,"Octanal, 6-methoxy-2,6-dimethyl-",929253-05-4,,,,,,molécula,,,Ozonic,Herbal,Citrus,,fig,,,sin-estandar,,,,,,,,,,,,,,,,,,,,,,,
fig:2501,OHD,usuario,OHD,,,,,"Octanal, 7-hydroxy-3,7-dimethyl-, distn. residues, nonvolatile",69102-96-1,,,,,,molécula,,,Floral,Muguet,Citrus,,fig,,,sin-estandar,,,,,,,,,,,,,,,,,,,,,,,
fig:2502,Oc7,usuario,Oc7,,,,,Octanenitrile,124-12-9,,,,,,molécula,,,Green,Aldehydic,Oily,,fig,,,sin-estandar,,,,,,,,,,,,,,,,,,,,,,,
fig:2503,OA2,usuario,OA2,,,,,Octyl acetate,112-14-1,,,,,,molécula,,,Fruity,Green,Herbal,,fig,,,sin-estandar,,,,,,,,,,,,,,,,,,,,,,,
fig:2504,OCB,usuario,OCB,,,,,Octyl butyrate,110-39-4,,,,,,molécula,,,Fruity,Green,Waxy,,fig,,,sin-estandar,,,,,,,,,,,,,,,,,,,,,,,
fig:2505,OCC,usuario,OCC,,,,,Octyl crotonate,22874-79-9,,,,,,molécula,,,Fruity,Fungal,Floral,,fig,,,sin-estandar,,,,,,,,,,,,,,,,,,,,,,,
fig:2506,OCF,usuario,OCF,,,,,Octyl formate,112-32-3,,,,,,molécula,,,Fruity,Rose,Orange,,fig,,,sin-estandar,,,,,,,,,,,,,,,,,,,,,,,
fig:2507,OCI,usuario,OCI,,,,,Octyl isobutyrate,109-15-9,,,,,,molécula,,,Fruity,Earthy,Fatty,,fig,,,sin-estandar,,,,,,,,,,,,,,,,,,,,,,,
fig:2508,OIS,usuario,OIS,,,,,Octyl isovalerate,7786-58-5,,,,,,molécula,,,Floral,Rose,Honey,,fig,,,sin-estandar,,,,,,,,,,,,,,,,,,,,,,,
fig:2509,OG,usuario,OG,,,,,"Oils, geranium, acetylated",68916-40-5,,,,,,molécula,,,Floral,Citrus,Fruity,,fig,,,sin-estandar,,,,,,,,,,,,,,,,,,,,,,,
fig:2510,OS,usuario,OS,,,,,"Oils, Patchouli, patchoulol synthase-modified Saccharomyces cerevisiae-fermented,",1450625-49-6,,,,,,molécula,,,Woody,Earthy,Patchouli from carbohydrates,,fig,,,sin-estandar,,,,,,,,,,,,,,,,,,,,,,,
fig:2511,OlA,usuario,OlA,,A,,,Olibanum absolute,8016-36-2,,,,,,natural,absolute,,Woody,Peppery,Dry,,fig ifra-anexo,,,por-constituyentes,,1,por nombre,,,,,,,,,,,,,,,,,,,,
fig:2512,OLCA,usuario,OLCA,,A,,,Olibanum carterii absolute,8016-36-2,,,,,,natural,absolute,,Woody,Peppery,Dry,,fig ifra-anexo,,,por-constituyentes,variante sin concretar: cuenta la peor de 3 del anexo,1,"por CAS: 3 variantes, cuenta la peor",,,,,,,,,,,,,,,,,,,,
fig:2513,OLCE,usuario,OLCE,,E,,,Olibanum carterii CO2 extract,8016-36-2,,,,,,natural,extract,,Woody,Peppery,Dry,,fig ifra-anexo,,,por-constituyentes,variante sin concretar: cuenta la peor de 3 del anexo,1,"por CAS: 3 variantes, cuenta la peor",,,,,,,,,,,,,,,,,,,,
fig:2514,OCAE,usuario,OCAE,,E,,,Olibanum carterii extract,8016-36-2,,,,,,natural,extract,,Woody,Peppery,Dry,,fig ifra-anexo,,,por-constituyentes,variante sin concretar: cuenta la peor de 3 del anexo,1,"por CAS: 3 variantes, cuenta la peor",,,,,,,,,,,,,,,,,,,,
fig:2515,OLCO,usuario,OLCO,,O,,,Olibanum carterii oil,8016-36-2,,,,,,natural,oil,,Woody,Peppery,Dry,,fig ifra-anexo,,,por-constituyentes,,1,por nombre,,,,,,,,,,,,,,,,,,,,
fig:2516,OCAO,usuario,OCAO,,O,,,Olibanum carterii oil,8016-36-2,,,,,,natural,oil,,Woody,Peppery,Dry,,fig ifra-anexo,,,por-constituyentes,variante sin concretar: cuenta la peor de 3 del anexo,1,"por CAS: 3 variantes, cuenta la peor",,,,,,,,,,,,,,,,,,,,
fig:2517,OCO2,usuario,OCO2,,O,,,"Olibanum carterii oil, rectified",8016-36-2,,,,,,natural,oil,,Woody,Peppery,Dry,,fig ifra-anexo,,,por-constituyentes,variante sin concretar: cuenta la peor de 3 del anexo,1,"por CAS: 3 variantes, cuenta la peor",,,,,,,,,,,,,,,,,,,,
fig:2518,OPO,usuario,OPO,,O,,,Olibanum carterii pyrogenated oil,8016-36-2,,,,,,natural,oil,,Woody,Peppery,Dry,,fig ifra-anexo,,,por-constituyentes,variante sin concretar: cuenta la peor de 3 del anexo,1,"por CAS: 3 variantes, cuenta la peor",,,,,,,,,,,,,,,,,,,,
fig:2519,OCR,usuario,OCR,,R,,,Olibanum carterii resinoid,8016-36-2,,,,,,natural,resinoid,,Woody,Peppery,Dry,,fig ifra-anexo,,,por-constituyentes,variante sin concretar: cuenta la peor de 3 del anexo,1,"por CAS: 3 variantes, cuenta la peor",,,,,,,,,,,,,,,,,,,,
fig:2520,OlE,usuario,OlE,,E,,,Olibanum extract,8016-36-2,,,,,,natural,extract,,Woody,Peppery,Dry,,fig ifra-anexo,,,por-constituyentes,variante sin concretar: cuenta la peor de 3 del anexo,1,"por CAS: 3 variantes, cuenta la peor",,,,,,,,,,,,,,,,,,,,
fig:2521,OlO,usuario,OlO,,O,,,Olibanum oil,8016-36-2,,,,,,natural,oil,,Woody,Peppery,Dry,,fig ifra-anexo,,,por-constituyentes,,1,por nombre,,,,,,,,,,,,,,,,,,,,
fig:2522,OiO,usuario,OiO,,O,,,"Olibanum oil, rectified",8016-36-2,,,,,,natural,oil,,Woody,Peppery,Dry,,fig ifra-anexo,,,por-constituyentes,variante sin concretar: cuenta la peor de 3 del anexo,1,"por CAS: 3 variantes, cuenta la peor",,,,,,,,,,,,,,,,,,,,
fig:2523,OlR,usuario,OlR,,R,,,Olibanum resinoid,8016-36-2,,,,,,natural,resinoid,,Woody,Peppery,Dry,,fig ifra-anexo,,,por-constituyentes,variante sin concretar: cuenta la peor de 3 del anexo,1,"por CAS: 3 variantes, cuenta la peor",,,,,,,,,,,,,,,,,,,,
fig:2524,OSO,usuario,OSO,,O,,,"Olibanum serrata oil, Indian",8016-36-2,,,,,,natural,oil,,Woody,Peppery,Dry,,fig ifra-anexo,,,por-constituyentes,variante sin concretar: cuenta la peor de 3 del anexo,1,"por CAS: 3 variantes, cuenta la peor",,,,,,,,,,,,,,,,,,,,
fig:2525,OMH,usuario,OMH,,,,,omega-6-Hexadecenlactone,7779-50-2,,,,,,molécula,,,Musk like,Powdery,Sweet,,fig,,,sin-estandar,,,,,,,,,,,,,,,,,,,,,,,
fig:2526,OMP,usuario,OMP,,,,,omega-Pentadecalactone,106-02-5,,,,,,molécula,,,Musk like,Powdery,Balsamic,,fig ifra-estandar,IFRA_STD_026,Cyclopentadecanolide,con-techo,,,,0.42,0.13,2.5,2.4,0.6,0.6,0.6,0.2,1.4,4.8,4.8,0.2,4.6,4.6,17,0.2,0.2,sin-restriccion,,"Angelica lactone | Cyclopentadecanolide | 15-Hydroxypentadecanoic acid, ω-lactone | Oxacyclohexadecan-2-one | Pentadecalactone | ω-Pentadecalactone | Pentadecanolide | Cyclopentadecanolid Supra (commercial name) | Exaltex (commercial name) | Exaltolide (commercial name) | Macrolide (commercial name) | Muskalactone (commercial name) | Pentalide (commercial name) | Thibetolide (commercial name)"
fig:2527,Me21,usuario,Me21,,,,,o-Methoxybenzaldehyde,135-02-4,,,,,,molécula,,,Fruity,Sweet,Almond,,fig,,,sin-estandar,,,,,,,,,,,,,,,,,,,,,,,
fig:2528,Me22,usuario,Me22,,,,,o-Methoxycinnamaldehyde,1504-74-1,,,,,,molécula,,,Spicy,Cinnamon,Woody,,fig ifra-estandar,IFRA_STD_055,o-Methoxycinnamaldehyde,con-techo,,,,0.077,0.023,0.46,0.43,0.11,0.11,0.11,0.11,0.25,0.88,0.88,0.045,0.84,3,3,1.7,1.7,sin-restriccion,,"2'-Methoxycinnamaldehyde | ortho-Methoxycinnamic aldehyde | β-(o-Methoxyphenyl)acrolein | 3-(2-Methoxyphenyl)acrylaldehyde | 3-(o-Methoxyphenyl)-2-propenal | 2-Propenal, 3-(2-methoxyphenyl)-"
fig:2529,PAN,usuario,PAN,,,,,o-Phenyl anisole,86-26-0,,,,,,molécula,,,Floral,Fruity,Rose,,fig,,,sin-estandar,,,,,,,,,,,,,,,,,,,,,,,
fig:2530,OpA,usuario,OpA,,A,,,Opoponax absolute,8021-36-1,,,,,,natural,absolute,,Amber,Sweet,Mushroom,,fig ifra-estandar,IFRA_STD_070,Opoponax,con-techo,especificación (STD 070) · constituyentes: sin dato en el anexo,,,0.077,0.023,0.46,0.43,0.11,0.11,0.11,0.11,0.25,0.88,0.88,0.045,0.84,3,3,1.7,1.7,sin-restriccion,,
fig:2531,OPCE,usuario,OPCE,,E,,,Opoponax CO2 extract,8021-36-1,,,,,,natural,extract,,Amber,Sweet,Mushroom,,fig ifra-estandar,IFRA_STD_070,Opoponax,con-techo,especificación (STD 070) · constituyentes: sin dato en el anexo,,,0.077,0.023,0.46,0.43,0.11,0.11,0.11,0.11,0.25,0.88,0.88,0.045,0.84,3,3,1.7,1.7,sin-restriccion,,
fig:2532,OpE,usuario,OpE,,E,,,Opoponax extract,8021-36-1,,,,,,natural,extract,,Amber,Sweet,Mushroom,,fig ifra-estandar,IFRA_STD_070,Opoponax,con-techo,especificación (STD 070) · constituyentes: sin dato en el anexo,,,0.077,0.023,0.46,0.43,0.11,0.11,0.11,0.11,0.25,0.88,0.88,0.045,0.84,3,3,1.7,1.7,sin-restriccion,,
fig:2533,OpO,usuario,OpO,,O,,,Opoponax oil,8021-36-1,,,,,,natural,oil,,Amber,Sweet,Mushroom,,fig ifra-estandar,IFRA_STD_070,Opoponax,con-techo,especificación (STD 070) · constituyentes: sin dato en el anexo,,,0.077,0.023,0.46,0.43,0.11,0.11,0.11,0.11,0.25,0.88,0.88,0.045,0.84,3,3,1.7,1.7,sin-restriccion,,
fig:2534,OpR,usuario,OpR,,R,,,Opoponax resinoid,8021-36-1,,,,,,natural,resinoid,,Balsamic,Vanilla,Sweet,,fig ifra-estandar,IFRA_STD_070,Opoponax,con-techo,especificación (STD 070) · constituyentes: sin dato en el anexo,,,0.077,0.023,0.46,0.43,0.11,0.11,0.11,0.11,0.25,0.88,0.88,0.045,0.84,3,3,1.7,1.7,sin-restriccion,,
fig:2535,Pp,usuario,Pp,,,,,o-Propylphenol,644-35-9,,,,,,molécula,,,Smoky,Medicinal,Burnt,,fig,,,sin-estandar,,,,,,,,,,,,,,,,,,,,,,,
fig:2536,OBA,usuario,OBA,,A,,,Orange blossoms absolute,8030-28-2,,,,,,natural,absolute,,Floral,Neroli,Sweet,,fig ifra-anexo,,,por-constituyentes,,3,por nombre,,,,,,,,,,,,,,,,,,,,
fig:2537,OEO,usuario,OEO,,O,,,Orange essence oil,68514-75-0,,,,,,natural,oil,,Citrus,Orange,Sweet,,fig ifra-anexo,,,por-constituyentes,"familia, por el nombre: aceites cítricos: furocumarinas, bergapteno total (STD 089)",1,por nombre,,,,,,,,,,,,,,,,,,,,
fig:2538,OFA,usuario,OFA,,A,,,"Orange flower absolute, bitter (Neroli and Neroli Bigarade)",8016-38-4,,,,,,natural,absolute,,Floral,Neroli,Sweet,,fig ifra-anexo,,,por-constituyentes,variante sin concretar: cuenta la peor de 3 del anexo,6,"por CAS: 3 variantes, cuenta la peor",,,,,,,,,,,,,,,,,,,,
fig:2539,OFO,usuario,OFO,,O,,,"Orange flower oil, bitter (Neroli and Neroli bigarade)",8016-38-4,,,,,,natural,oil,,Floral,Neroli,Sweet,,fig ifra-anexo,,,por-constituyentes,,6,por nombre,,,,,,,,,,,,,,,,,,,,
fig:2540,OWA,usuario,OWA,,A,,,Orange flower water absolute,8030-28-2,,,,,,natural,absolute,,Floral,Neroli,Sweet,,fig ifra-anexo,,,por-constituyentes,,5,por nombre,,,,,,,,,,,,,,,,,,,,
fig:2541,OFBA,usuario,OFBA,,A,,,"Orange flower, bitter, absolute",8016-38-4,,,,,,natural,absolute,,Floral,Neroli,Sweet,,fig ifra-anexo,,,por-constituyentes,variante sin concretar: cuenta la peor de 3 del anexo,6,"por CAS: 3 variantes, cuenta la peor",,,,,,,,,,,,,,,,,,,,
fig:2542,OFE,usuario,OFE,,E,,,"Orange flower, bitter, CO2 extract",8016-38-4,,,,,,natural,extract,,Floral,Neroli,Sweet,,fig ifra-anexo,,,por-constituyentes,,2,por nombre,,,,,,,,,,,,,,,,,,,,
fig:2543,OFC,usuario,OFC,,C,,,"Orange flower, bitter, concrete",8016-38-4,,,,,,natural,concrete,,Floral,Neroli,Sweet,,fig ifra-anexo,,,por-constituyentes,,3,por nombre,,,,,,,,,,,,,,,,,,,,
fig:2544,OBE,usuario,OBE,,E,,,"Orange flower, bitter, extract",8016-38-4,,,,,,natural,extract,,Floral,Neroli,Sweet,,fig ifra-anexo,,,por-constituyentes,variante sin concretar: cuenta la peor de 3 del anexo,6,"por CAS: 3 variantes, cuenta la peor",,,,,,,,,,,,,,,,,,,,
fig:2545,ORF,usuario,ORF,,,,,Orange flowers,8030-28-2,,,,,,natural,,,Floral,Neroli,Sweet,,fig ifra-anexo,,,por-constituyentes,variante sin concretar: cuenta la peor de 3 del anexo,5,"por CAS: 3 variantes, cuenta la peor",,,,,,,,,,,,,,,,,,,,
fig:2546,ORLA,usuario,ORLA,,A,,,Orange leaf absolute,8030-28-2,,,,,,natural,absolute,,Floral,Neroli,Sweet,,fig ifra-anexo,,,por-constituyentes,variante sin concretar: cuenta la peor de 3 del anexo,5,"por CAS: 3 variantes, cuenta la peor",,,,,,,,,,,,,,,,,,,,
fig:2547,OBO,usuario,OBO,,O,,,"Orange oil, bitter",68916-04-1,,,,,,natural,oil,,Citrus,Orange,Fruity,,fig ifra-anexo ifra-estandar,IFRA_STD_088,Bitter orange peel oil expressed,con-techo,"mismo CAS que «Bitter orange peel oil expressed» (STD 088): comprobar la variante · familia, por el nombre: aceites cítricos: furocumarinas, bergapteno total (STD 089)",4,por nombre,1.25,1.25,1.25,1.25,1.25,1.25,1.25,1.25,1.25,sin-restriccion,1.25,1.25,sin-restriccion,sin-restriccion,1.25,sin-restriccion,1.25,sin-restriccion,,
fig:2548,ORBO,usuario,ORBO,,O,,,"Orange oil, bitter",68916-04-1,,,,,,natural,oil,,Citrus,Orange,Fruity,,fig ifra-anexo ifra-estandar,IFRA_STD_088,Bitter orange peel oil expressed,con-techo,"mismo CAS que «Bitter orange peel oil expressed» (STD 088): comprobar la variante · familia, por el nombre: aceites cítricos: furocumarinas, bergapteno total (STD 089)",4,por CAS,1.25,1.25,1.25,1.25,1.25,1.25,1.25,1.25,1.25,sin-restriccion,1.25,1.25,sin-restriccion,sin-restriccion,1.25,sin-restriccion,1.25,sin-restriccion,,
fig:2549,OWO,usuario,OWO,,O,,,"Orange oil, bitter washed, rectified",68916-04-1,,,,,,natural,oil,,Citrus,Orange,Fresh,,fig ifra-anexo ifra-estandar,IFRA_STD_088,Bitter orange peel oil expressed,con-techo,"mismo CAS que «Bitter orange peel oil expressed» (STD 088): comprobar la variante · familia, por el nombre: aceites cítricos: furocumarinas, bergapteno total (STD 089)",4,por CAS,1.25,1.25,1.25,1.25,1.25,1.25,1.25,1.25,1.25,sin-restriccion,1.25,1.25,sin-restriccion,sin-restriccion,1.25,sin-restriccion,1.25,sin-restriccion,,
fig:2550,OPBO,usuario,OPBO,,O,,,"Orange oil, peel, bitter",8016-38-4,,,,,,natural,oil,,Citrus,Orange,Fruity,,fig ifra-anexo,,,por-constituyentes,"familia, por el nombre: aceites cítricos: furocumarinas, bergapteno total (STD 089) · variante sin concretar: cuenta la peor de 3 del anexo",6,"por CAS: 3 variantes, cuenta la peor",,,,,,,,,,,,,,,,,,,,
fig:2551,ORSO,usuario,ORSO,,O,,,"Orange oil, sweet",8008-57-9,,,,,,natural,oil,,Citrus,Orange,Fruity,,fig ifra-anexo,,,por-constituyentes,"familia, por el nombre: aceites cítricos: furocumarinas, bergapteno total (STD 089)",1,por CAS,,,,,,,,,,,,,,,,,,,,
fig:2552,OSWO,usuario,OSWO,,O,,,"Orange oil, sweet terpeneless",68606-94-0,,,,,,natural,oil,,Citrus,Orange,Fruity,,fig,,,sin-dato,"familia, por el nombre: aceites cítricos: furocumarinas, bergapteno total (STD 089)",,,,,,,,,,,,,,,,,,,,,,
fig:2553,OSPO,usuario,OSPO,,O,,,"Orange oil, sweet, psoralen-free",68917-07-7,,,,,,natural,oil,,Citrus,Orange,Fruity,,fig,,,sin-dato,"familia, por el nombre: aceites cítricos: furocumarinas, bergapteno total (STD 089)",,,,,,,,,,,,,,,,,,,,,,
fig:2554,OSO2,usuario,OSO2,,O,,,"Orange oil, sweet, rectified",8008-57-9,,,,,,natural,oil,,Citrus,Orange,Fruity,,fig ifra-anexo,,,por-constituyentes,"familia, por el nombre: aceites cítricos: furocumarinas, bergapteno total (STD 089)",1,por CAS,,,,,,,,,,,,,,,,,,,,
fig:2555,OSP,usuario,OSP,,P,,,"Orange oil, sweet, terpenes",68647-72-3,,,,,,natural,terpenes,,Citrus,Fruity,Orange,,fig ifra-anexo,,,por-constituyentes,"familia, por el nombre: aceites cítricos: furocumarinas, bergapteno total (STD 089)",3,por nombre,,,,,,,,,,,,,,,,,,,,
fig:2556,OPSO,usuario,OPSO,,O,,,"Orange peel oil, sweet terpeneless",68606-94-0,,,,,,natural,oil,,Citrus,Orange,Lemon,,fig,,,sin-dato,"familia, por el nombre: aceites cítricos: furocumarinas, bergapteno total (STD 089)",,,,,,,,,,,,,,,,,,,,,,
fig:2557,ORPO,usuario,ORPO,,O,,,"Orange peel, sweet oil",8008-57-9,,,,,,natural,oil,,Citrus,Orange,Fruity,,fig ifra-anexo,,,por-constituyentes,"familia, por el nombre: aceites cítricos: furocumarinas, bergapteno total (STD 089)",1,por CAS,,,,,,,,,,,,,,,,,,,,
fig:2558,OSE,usuario,OSE,,E,,,"Orange peel, sweet, extract",8028-48-6,,,,,,natural,extract,,Citrus,Fresh,Sharp,,fig,,,sin-dato,"familia, por el nombre: aceites cítricos: furocumarinas, bergapteno total (STD 089)",,,,,,,,,,,,,,,,,,,,,,
fig:2559,OSFO,usuario,OSFO,,O,,,Orange sweet oil folded,8008-57-9,,,,,,natural,oil,,Citrus,Orange,Fruity,,fig ifra-anexo,,,por-constituyentes,"familia, por el nombre: aceites cítricos: furocumarinas, bergapteno total (STD 089)",1,por CAS,,,,,,,,,,,,,,,,,,,,
fig:2560,OVO,usuario,OVO,,O,,,"Orange sweet, Valencia oil",8008-57-9,,,,,,natural,oil,,Citrus,Orange,Fruity,,fig ifra-anexo,,,por-constituyentes,"familia, por el nombre: aceites cítricos: furocumarinas, bergapteno total (STD 089)",1,por nombre,,,,,,,,,,,,,,,,,,,,
fig:2561,ORS,usuario,ORS,,,,,"Orange, sour, ext., sapond.",91079-33-3,,,,,,molécula,,,Citrus,Orange,Floral,,fig,,,sin-estandar,,,,,,,,,,,,,,,,,,,,,,,
fig:2562,OSO3,usuario,OSO3,,O,,,"Orange, sweet, oil",8008-57-9,,,,,,natural,oil,,Citrus,Fresh,Sharp,,fig ifra-anexo,,,por-constituyentes,"familia, por el nombre: aceites cítricos: furocumarinas, bergapteno total (STD 089)",1,por CAS,,,,,,,,,,,,,,,,,,,,
fig:2563,OSO4,usuario,OSO4,,O,,,"Orange, sweet, oil fixed",8008-57-9,,,,,,natural,oil,,Citrus,Orange,Fruity,,fig ifra-anexo,,,por-constituyentes,"familia, por el nombre: aceites cítricos: furocumarinas, bergapteno total (STD 089)",1,por CAS,,,,,,,,,,,,,,,,,,,,
fig:2564,OSR,usuario,OSR,,R,,,"Orange, sweet, resinoid",8008-57-9,,,,,,natural,resinoid,,Citrus,Orange,Fruity,,fig ifra-anexo,,,por-constituyentes,"familia, por el nombre: aceites cítricos: furocumarinas, bergapteno total (STD 089)",1,por CAS,,,,,,,,,,,,,,,,,,,,
fig:2565,OrO,usuario,OrO,,O,,,Origanum oil,8007-11-2,,,,,,natural,oil,,Herbal,Fresh,Green,,fig ifra-anexo,,,por-constituyentes,,2,por nombre,,,,,,,,,,,,,,,,,,,,
fig:2566,OREO,usuario,OREO,,O,,,Origanum oil (extractive),8007-11-2,,,,,,natural,oil,,Herbal,Fresh,Green,,fig ifra-anexo,,,por-constituyentes,,2,por CAS,,,,,,,,,,,,,,,,,,,,
fig:2567,OsA,usuario,OsA,,A,,,Osmanthus absolute,68917-05-5,,,,,,natural,absolute,,Fruity,Peach,Floral,,fig ifra-anexo,,,por-constituyentes,,3,por nombre,,,,,,,,,,,,,,,,,,,,
fig:2568,OsC,usuario,OsC,,C,,,Osmanthus concrete,68917-05-5,,,,,,natural,concrete,,Fruity,Peach,Floral,,fig ifra-anexo,,,por-constituyentes,,3,por nombre,,,,,,,,,,,,,,,,,,,,
fig:2569,OsT,usuario,OsT,,T,,,Osmanthus tincture,68917-05-5,,,,,,natural,tincture,,Fruity,Peach,Floral,,fig ifra-anexo,,,por-constituyentes,variante sin concretar: cuenta la peor de 2 del anexo,3,"por CAS: 2 variantes, cuenta la peor",,,,,,,,,,,,,,,,,,,,
fig:2570,Tl,usuario,Tl,,,,,o-Toluenethiol,137-06-4,,,,,,molécula,,,Sulfurous,Onion,Savoury,,fig,,,sin-estandar,,,,,,,,,,,,,,,,,,,,,,,
fig:2571,TOA,usuario,TOA,,,,,o-Tolyl acetate,533-18-6,,,,,,molécula,,,Floral,Sweet,Fruity,,fig,,,sin-estandar,,,,,,,,,,,,,,,,,,,,,,,
fig:2572,Ty,usuario,Ty,,,,,o-Tolylethanol,19819-98-8,,,,,,molécula,,,Floral,Rose,Cyclamen,,fig,,,sin-estandar,,,,,,,,,,,,,,,,,,,,,,,
fig:2573,OXE,usuario,OXE,,,,,Oxacycloheptadec-10-ene-2-one,28645-51-4,,,,,,molécula,,,Musk like,Sweet,Berry,,fig,,,sin-estandar,,,,,,,,,,,,,,,,,,,,,,,
fig:2574,OEN,usuario,OEN,,,,,"Oxacyclohexadec-12-en-2-one, (12E)-",111879-80-2,,,,,,molécula,,,Musk like,Warm,Powdery,,fig,,,sin-estandar,,,,,,,,,,,,,,,,,,,,,,,
fig:2575,OE2,usuario,OE2,,,,,"Oxacyclohexadec-12-en-2-one, (12Z)-",111879-79-9,,,,,,molécula,,,Musk like,Warm,Powdery,,fig,,,sin-estandar,,,,,,,,,,,,,,,,,,,,,,,
fig:2576,OE3,usuario,OE3,,,,,"Oxacyclohexadec-13-en-2-one, (13E)-",99219-32-6,,,,,,molécula,,,Musk like,Warm,Powdery,,fig,,,sin-estandar,,,,,,,,,,,,,,,,,,,,,,,
fig:2577,OE4,usuario,OE4,,,,,"Oxacyclohexadec-13-en-2-one, (13Z)-",111879-81-3,,,,,,molécula,,,Musk like,Warm,Powdery,,fig,,,sin-estandar,,,,,,,,,,,,,,,,,,,,,,,
fig:2578,OD6,usuario,OD6,,,,,"Oxacyclohexadecane-2,13-dione",38223-29-9,,,,,,molécula,,,Musk like,Sweet,Powdery,,fig,,,sin-estandar,,,,,,,,,,,,,,,,,,,,,,,
fig:2579,OXO,usuario,OXO,,,,,Oxacyclohexadecen-2-one,34902-57-3,,,,,,molécula,,,Musk like,Warm,Powdery,,fig,,,sin-estandar,,,,,,,,,,,,,,,,,,,,,,,
fig:2580,OEOM,usuario,OEOM,,,,,"Oxacyclopentadec-10-en-2-one, 13-methyl-",329925-33-9,,,,,,molécula,,,Musk like,Fruity,Amber,,fig,,,sin-estandar,,,,,,,,,,,,,,,,,,,,,,,
fig:2581,DTO,usuario,DTO,,,,,"p-(2,2-Dimethoxyethoxy)toluene",6324-78-3,,,,,,molécula,,,Floral,Green,Fresh,,fig,,,sin-estandar,,,,,,,,,,,,,,,,,,,,,,,
fig:2582,DT3,usuario,DT3,,,,,"p-(2,2-Dimethoxyethyl)toluene",42866-91-1,,,,,,molécula,,,Green,Floral,Aldehydic,,fig,,,sin-estandar,,,,,,,,,,,,,,,,,,,,,,,
fig:2583,αDi,usuario,αDi,,,,,"p,alpha-Dimethylstyrene",1195-32-0,,,,,,molécula,,alpha,Smoky,Spicy,Clove,,fig,,,sin-estandar,,,,,,,,,,,,,,,,,,,,,,,
fig:2584,PaO,usuario,PaO,,O,,,Palmarosa oil,8014-19-5,,,,,,natural,oil,,Floral,Herbal,Green,,fig ifra-anexo,,,por-constituyentes,,3,por nombre,,,,,,,,,,,,,,,,,,,,
fig:2585,αATA,usuario,αATA,,,,,"p-alpha,alpha-Trimethylbenzyl alcohol",1197-01-9,,,,,,molécula,,alpha,Fruity,Cherry,Sweet,,fig,,,sin-estandar,,,,,,,,,,,,,,,,,,,,,,,
fig:2586,AA4,usuario,AA4,,,,,p-Anisyl acetate,104-21-2,,,,,,molécula,,,Floral,Anisic,Fruity,,fig,,,sin-estandar,,,,,,,,,,,,,,,,,,,,,,,
fig:2587,PaL,usuario,PaL,,L,,,Paprika oleoresin,84625-29-6,,,,,,natural,oleoresin,,Spicy,Warm,Dry,,fig,,,sin-dato,,,,,,,,,,,,,,,,,,,,,,,
fig:2588,Pa,usuario,Pa,,,,,Paraldehyde,123-63-7,,,,,,molécula,,,Fruity,Sweet,Aromatic,,fig,,,sin-estandar,,,,,,,,,,,,,,,,,,,,,,,
fig:2589,PHO,usuario,PHO,,O,,,Parsley herb oil,8000-68-8,,,,,,natural,oil,,Herbal,Parsley,Green,,fig ifra-anexo,,,por-constituyentes,,1,por nombre,,,,,,,,,,,,,,,,,,,,
fig:2590,PrL,usuario,PrL,,L,,,Parsley oleoresin,8025-95-4,,,,,,natural,oleoresin,,Spicy,Green,Peppery,,fig,,,sin-dato,,,,,,,,,,,,,,,,,,,,,,,
fig:2591,PSO,usuario,PSO,,O,,,Parsley seed oil,8000-68-8,,,,,,natural,oil,,Herbal,Parsley,Green,,fig ifra-anexo,,,por-constituyentes,,1,por CAS,,,,,,,,,,,,,,,,,,,,
fig:2592,PaE,usuario,PaE,,E,,,Passionflower extract,854535-37-8,,,,,,natural,extract,,Fruity,Tropical-Fruit,Grapefruit,,fig,,,sin-dato,,,,,,,,,,,,,,,,,,,,,,,
fig:2593,Pc,usuario,Pc,,,,,Patchouli,8014-09-3,,,,,,molécula,,,Woody,Earthy,Patchouli,,fig,,,sin-estandar,,,,,,,,,,,,,,,,,,,,,,,
fig:2594,Pat,usuario,Pat,,,,,Patchouli,8014-09-3,,,,,,molécula,,,Woody,Earthy,Patchouli,,fig,,,sin-estandar,,,,,,,,,,,,,,,,,,,,,,,
fig:2595,PaA,usuario,PaA,,A,,,Patchouli absolute,8014-09-3,,,,,,natural,absolute,,Woody,Earthy,Patchouli,,fig,,,sin-dato,,,,,,,,,,,,,,,,,,,,,,,
fig:2596,PAL,usuario,PAL,,,,,Patchouli alcohol,5986-55-0,,,,,,molécula,,,Woody,Patchouli,Earthy,,fig,,,sin-estandar,,,,,,,,,,,,,,,,,,,,,,,
fig:2597,PCE,usuario,PCE,,E,,,Patchouli CO2 extract,8014-09-3,,,,,,natural,extract,,Woody,Earthy,Patchouli,,fig,,,sin-dato,,,,,,,,,,,,,,,,,,,,,,,
fig:2598,PtE,usuario,PtE,,E,,,Patchouli extract,8014-09-3,,,,,,natural,extract,,Woody,Earthy,Patchouli,,fig,,,sin-dato,,,,,,,,,,,,,,,,,,,,,,,
fig:2599,PtO,usuario,PtO,,O,,,Patchouli oil,8014-09-3,,,,,,natural,oil,,Woody,Earthy,Patchouli,,fig,,,sin-dato,,,,,,,,,,,,,,,,,,,,,,,
fig:2600,PcO,usuario,PcO,,O,,,Patchouli oil,8014-09-3,,,,,,natural,oil,,Woody,Earthy,Patchouli,,fig,,,sin-dato,,,,,,,,,,,,,,,,,,,,,,,
fig:2601,PLO,usuario,PLO,,O,,,Patchouli oil (low Fe),8014-09-3,,,,,,natural,oil,,Woody,Earthy,Patchouli,,fig,,,sin-dato,,,,,,,,,,,,,,,,,,,,,,,
fig:2602,PhO,usuario,PhO,,O,,,"Patchouli oil, rectified",8014-09-3,,,,,,natural,oil,,Woody,Earthy,Patchouli,,fig,,,sin-dato,,,,,,,,,,,,,,,,,,,,,,,
fig:2603,PatO,usuario,PatO,,O,,,"Patchouli oil, terpene-free",73049-67-9,,,,,,natural,oil,,Woody,Earthy,Patchouli,,fig,,,sin-dato,,,,,,,,,,,,,,,,,,,,,,,
fig:2604,Cr4,usuario,Cr4,,,,,p-Cresol,106-44-5,,,,,,molécula,,,Floral,Jasmin,Ylang,,fig ifra-estandar,IFRA_STD_260,p-Cresol,con-techo,,,,0.005,0.005,0.005,0.005,0.005,0.005,0.005,0.0017,0.005,0.005,0.005,0.0017,0.005,0.005,0.005,0.0017,0.0017,sin-restriccion,,"p-Cresol | 1-Hydroxy-4-methylbenzene | 1-Methyl-4-hydroxybenzene | 4-Cresol | 4-Methylphenol | para-Cresol | p-Cresylic acid | Phenol, 4-methyl- | p-Hydroxytoluene | p-Methylphenol"
fig:2605,CRB,usuario,CRB,,,,,p-Cresyl benzoate,614-34-6,,,,,,molécula,,,Smoky,Woody,Ylang,,fig,,,sin-estandar,,,,,,,,,,,,,,,,,,,,,,,
fig:2606,CRS,usuario,CRS,,,,,p-Cresyl salicylate,607-88-5,,,,,,molécula,,,Balsamic,Floral,Green,,fig,,,sin-estandar,,,,,,,,,,,,,,,,,,,,,,,
fig:2607,Cym,usuario,Cym,,,,,p-Cymene,99-87-6,,,,,,molécula,,,Citrus,Lemon,Green,,fig,,,sin-estandar,,,,,,,,,,,,,,,,,,,,,,,
fig:2608,Di24,usuario,Di24,,,,,p-Dimethoxybenzene,150-78-7,,,,,,molécula,,,Powdery,Anisic,Balsamic,,fig,,,sin-estandar,,,,,,,,,,,,,,,,,,,,,,,
fig:2609,PeE,usuario,PeE,,E,,,Peach extract,1429493-82-2,,,,,,natural,extract,,Fruity,Peach,Juicy,,fig,,,sin-dato,,,,,,,,,,,,,,,,,,,,,,,
fig:2610,PeD,usuario,PeD,,D,,,Pear distillate,90082-43-2,,,,,,natural,distillate,,Fruity,Pear,Apple,,fig,,,sin-dato,,,,,,,,,,,,,,,,,,,,,,,
fig:2611,PG,usuario,PG,,,,,"Pelargonium graveolens, ext., sapond.",94333-77-4,,,,,,molécula,,,Floral,Geranium,Rose,,fig,,,sin-estandar,,,,,,,,,,,,,,,,,,,,,,,
fig:2612,PEEO,usuario,PEEO,,O,,,"Pennyroyal oil, Europe",8013-99-8,,,,,,natural,oil,,Minty,Fresh,Herbal,,fig,,,sin-dato,,,,,,,,,,,,,,,,,,,,,,,
fig:2613,PeP,usuario,PeP,,P,,,"Pennyroyal oil, terpenes",68917-60-2,,,,,,natural,terpenes,,Minty,Herbal,Green,,fig,,,sin-dato,,,,,,,,,,,,,,,,,,,,,,,
fig:2614,PAME,usuario,PAME,,,,,"Pentanoic acid, 2-​methylbutyl ester",55590-83-5,,,,,,molécula,,,Fruity,Valerian,Floral,,fig,,,sin-estandar,,,,,,,,,,,,,,,,,,,,,,,
fig:2615,PAMO,usuario,PAMO,,,,,"Pentanoic acid, 3-methyl-2-oxo-, ethyl ester",26516-27-8,,,,,,molécula,,,Food Like,Nutty,Woody,,fig,,,sin-estandar,,,,,,,,,,,,,,,,,,,,,,,
fig:2616,PA3,usuario,PA3,,,,,Pentyl acetate,628-63-7,,,,,,molécula,,,Fruity,Pear,Banana,,fig,,,sin-estandar,,,,,,,,,,,,,,,,,,,,,,,
fig:2617,PEB,usuario,PEB,,,,,Pentyl benzoate,2049-96-9,,,,,,molécula,,,Floral,Soft,Rose,,fig,,,sin-estandar,,,,,,,,,,,,,,,,,,,,,,,
fig:2618,PEI,usuario,PEI,,,,,Pentyl isovalerate,25415-62-7,,,,,,molécula,,,Fruity,Apple,Pear,,fig,,,sin-estandar,,,,,,,,,,,,,,,,,,,,,,,
fig:2619,PEP,usuario,PEP,,,,,Pentyl phenylacetate,5137-52-0,,,,,,molécula,,,Balsamic,Sweet,Honey,,fig,,,sin-estandar,,,,,,,,,,,,,,,,,,,,,,,
fig:2620,PP4,usuario,PP4,,,,,Pentyl propionate,624-54-4,,,,,,molécula,,,Fruity,Sweet,Pineapple,,fig,,,sin-estandar,,,,,,,,,,,,,,,,,,,,,,,
fig:2621,PEBO,usuario,PEBO,,O,,,"Pepper oil black, terpene-free",68917-24-8,,,,,,natural,oil,,Spicy,Peppery,Warm,,fig,,,sin-dato,,,,,,,,,,,,,,,,,,,,,,,
fig:2622,PBA,usuario,PBA,,A,,,"Pepper, black, absolute",8006-82-4,,,,,,natural,absolute,,Spicy,Peppery,Warm,,fig,,,sin-dato,,,,,,,,,,,,,,,,,,,,,,,
fig:2623,PBE,usuario,PBE,,E,,,"Pepper, black, CO2 extract",8006-82-4,,,,,,natural,extract,,Spicy,Peppery,Warm,,fig,,,sin-dato,,,,,,,,,,,,,,,,,,,,,,,
fig:2624,PBLO,usuario,PBLO,,O,,,"Pepper, black, oil",8006-82-4,,,,,,natural,oil,,Spicy,Peppery,Warm,,fig,,,sin-dato,,,,,,,,,,,,,,,,,,,,,,,
fig:2625,PBO2,usuario,PBO2,,O,,,"Pepper, black, oil, rectified",8006-82-4,,,,,,natural,oil,,Spicy,Peppery,Warm,,fig,,,sin-dato,,,,,,,,,,,,,,,,,,,,,,,
fig:2626,PBL,usuario,PBL,,L,,,"Pepper, black, oleoresin",8002-56-0,,,,,,natural,oleoresin,,Spicy,Warm,Peppery,,fig,,,sin-dato,,,,,,,,,,,,,,,,,,,,,,,
fig:2627,PBP,usuario,PBP,,P,,,"Pepper, black, terpenes",72869-79-5,,,,,,natural,terpenes,,Spicy,Peppery,Warm,,fig,,,sin-dato,,,,,,,,,,,,,,,,,,,,,,,
fig:2628,PWE,usuario,PWE,,E,,,"Pepper, white, CO2 extract",8006-82-4,,,,,,natural,extract,,Spicy,Peppery,Warm,,fig,,,sin-dato,,,,,,,,,,,,,,,,,,,,,,,
fig:2629,PWO,usuario,PWO,,O,,,"Pepper, white, oil",8006-82-4,,,,,,natural,oil,,Spicy,Peppery,Warm,,fig,,,sin-dato,,,,,,,,,,,,,,,,,,,,,,,
fig:2630,PeO,usuario,PeO,,O,,,"Peppermint oil, terpeneless",68606-97-3,,,,,,natural,oil,,Minty,Peppermint,Fresh,,fig,,,sin-dato,,,,,,,,,,,,,,,,,,,,,,,
fig:2631,PeA,usuario,PeA,,A,,,Peppermint absolute,8006-90-4,,,,,,natural,absolute,,Minty,Herbal,Camphoraceous,,fig ifra-anexo,,,por-constituyentes,,2,por CAS,,,,,,,,,,,,,,,,,,,,
fig:2632,PECE,usuario,PECE,,E,,,Peppermint CO2 extract,8006-90-4,,,,,,natural,extract,,Minty,Herbal,Camphoraceous,,fig ifra-anexo,,,por-constituyentes,,2,por CAS,,,,,,,,,,,,,,,,,,,,
fig:2633,PL,usuario,PL,,,,,Peppermint leaves,8006-90-4,,,,,,natural,,,Minty,Herbal,Camphoraceous,,fig ifra-anexo,,,por-constituyentes,,2,por CAS,,,,,,,,,,,,,,,,,,,,
fig:2634,PpO,usuario,PpO,,O,,,Peppermint oil,8006-90-4,,,,,,natural,oil,,Minty,Herbal,Camphoraceous,,fig ifra-anexo,,,por-constituyentes,,2,por nombre,,,,,,,,,,,,,,,,,,,,
fig:2635,PepO,usuario,PepO,,O,,,"Peppermint oil, rectified",8006-90-4,,,,,,natural,oil,,Minty,Herbal,Camphoraceous,,fig ifra-anexo,,,por-constituyentes,,2,por CAS,,,,,,,,,,,,,,,,,,,,
fig:2636,PpP,usuario,PpP,,P,,,"Peppermint oil, terpenes",68608-37-7,,,,,,natural,terpenes,,Herbal,Minty,Cooling,,fig,,,sin-dato,,,,,,,,,,,,,,,,,,,,,,,
fig:2637,POR,usuario,POR,,,,,"Peppermint oils, reaction products with hydrogen sulfide",68606-96-2,,,,,,molécula,,,Minty,Peppermint,Fresh,,fig,,,sin-estandar,,,,,,,,,,,,,,,,,,,,,,,
fig:2638,PrO,usuario,PrO,,O,,,Perilla oil,68132-21-8,,,,,,natural,oil,,Herbal,Green,Spicy,,fig ifra-anexo,,,por-constituyentes,,4,por nombre,,,,,,,,,,,,,,,,,,,,
fig:2639,PLEO,usuario,PLEO,,O,,,"Persian lime oil, expressed",8008-26-2,,,,,,natural,oil,,Citrus,Lime,Green,,fig ifra-anexo ifra-estandar,IFRA_STD_093,Lime oil expressed,con-techo,"familia, por el nombre: aceites cítricos: furocumarinas, bergapteno total (STD 089)",4,por nombre,0.7,0.7,0.7,0.7,0.7,0.7,0.7,0.7,0.7,sin-restriccion,0.7,0.7,sin-restriccion,sin-restriccion,0.7,sin-restriccion,0.7,sin-restriccion,,
fig:2640,POO,usuario,POO,,O,,,Persicaria odorata oil,444085-42-1,,,,,,natural,oil,,Spicy,Coriander,Floral,,fig,,,sin-dato,,,,,,,,,,,,,,,,,,,,,,,
fig:2641,PBD,usuario,PBD,,D,,,Peru balsam distillate,8007-00-9,,,,,,natural,distillate,,Woody,Balsamic,Vanilla,,fig ifra-anexo ifra-estandar,IFRA_STD_071,Peru balsam,con-techo,una variante está prohibida (STD 071) · variante sin concretar: cuenta la peor de 3 del anexo,3,"por CAS: 3 variantes, cuenta la peor",0.073,0.022,0.44,0.41,0.1,0.1,0.1,0.034,0.24,0.83,0.83,0.034,0.8,0.8,2.9,0.034,0.034,sin-restriccion,,"Prohibition of Peru balsam crude: | Exudation of Myroxylon pereirae Klotsch | Restriction of Peru balsam extracts and distillates: | Balsam oil, Peru (Myroxylon pereirae Klotzsch) | Myroxylon pereirae (Balsam Peru) oil | Myroxylon pereirae (Balsam Peru) resin | Myroxylon pereirae oil | Peru balsam absolute | Peru balsam anhydrol"
fig:2642,Et5,usuario,Et5,,,,,p-Ethylphenol,123-07-9,,,,,,molécula,,,Smoky,Leathery,Warm,,fig,,,sin-estandar,,,,,,,,,,,,,,,,,,,,,,,
fig:2643,PBEO,usuario,PBEO,,O,,,Petitgrain bergamot oil,8007-75-8,,,,,,natural,oil,,Citrus,Fresh,Floral,,fig ifra-anexo ifra-estandar,IFRA_STD_087,Bergamot oil expressed,con-techo,mismo CAS que «Bergamot oil expressed» (STD 087): comprobar la variante,2,por CAS,0.4,0.4,0.4,0.4,0.4,0.4,0.4,0.4,0.4,sin-restriccion,0.4,0.4,sin-restriccion,sin-restriccion,0.4,sin-restriccion,0.4,sin-restriccion,,
fig:2644,PBIO,usuario,PBIO,,O,,,Petitgrain bigarade oil,8014-17-3,,,,,,natural,oil,,Floral,Spicy,Fresh,,fig ifra-anexo,,,por-constituyentes,,4,por nombre,,,,,,,,,,,,,,,,,,,,
fig:2645,PELO,usuario,PELO,,O,,,Petitgrain lemon oil,8048-51-9,,,,,,natural,oil,,Floral,Green,Spicy,,fig ifra-anexo,,,por-constituyentes,,5,por nombre,,,,,,,,,,,,,,,,,,,,
fig:2646,PMO,usuario,PMO,,O,,,Petitgrain mandarin oil,8014-17-3,,,,,,natural,oil,,Floral,Spicy,Fresh,,fig ifra-anexo,,,por-constituyentes,,3,por nombre,,,,,,,,,,,,,,,,,,,,
fig:2647,PEPO,usuario,PEPO,,O,,,"Petitgrain oil terpeneless, Paraguay",68915-85-5,,,,,,natural,oil,,Floral,Neroli,Green,,fig,,,sin-dato,,,,,,,,,,,,,,,,,,,,,,,
fig:2648,PPP,usuario,PPP,,P,,,"Petitgrain oil terpenes, Paraguay",68917-61-3,,,,,,natural,terpenes,,Green,Orange,Floral,,fig,,,sin-dato,,,,,,,,,,,,,,,,,,,,,,,
fig:2649,PPAO,usuario,PPAO,,O,,,"Petitgrain oil, Paraguay",8014-17-3,,,,,,natural,oil,,Green,Orange,Floral,,fig ifra-anexo,,,por-constituyentes,,4,por nombre,,,,,,,,,,,,,,,,,,,,
fig:2650,PPO2,usuario,PPO2,,O,,,"Petitgrain oil, rectified, Paraguay",8014-17-3,,,,,,natural,oil,,Green,Orange,Floral,,fig ifra-anexo,,,por-constituyentes,variante sin concretar: cuenta la peor de 3 del anexo,6,"por CAS: 3 variantes, cuenta la peor",,,,,,,,,,,,,,,,,,,,
fig:2651,POI,usuario,POI,,,,,"Petitgrain oils, saponified",68606-99-5,,,,,,molécula,,,Citrus,Petitgrain,Floral,,fig,,,sin-estandar,,,,,,,,,,,,,,,,,,,,,,,
fig:2652,POLO,usuario,POLO,,O,,,"Petitgrain orange leaf oil, bitter, rectified",8014-17-3,,,,,,natural,oil,,Floral,Spicy,Neroli,,fig ifra-anexo,,,por-constituyentes,variante sin concretar: cuenta la peor de 3 del anexo,6,"por CAS: 3 variantes, cuenta la peor",,,,,,,,,,,,,,,,,,,,
fig:2653,PWA,usuario,PWA,,A,,,"Petitgrain water absolute, Paraguay",8014-17-3,,,,,,natural,absolute,,Citrus,Neroli,Green,,fig ifra-anexo,,,por-constituyentes,variante sin concretar: cuenta la peor de 3 del anexo,6,"por CAS: 3 variantes, cuenta la peor",,,,,,,,,,,,,,,,,,,,
fig:2654,Pl,usuario,Pl,,,,,Phellandrene,1329-99-3,,,,,,molécula,,,Herbal,Minty,Balsamic,,fig,,,sin-estandar,,,,,,,,,,,,,,,,,,,,,,,
fig:2655,PET,usuario,PET,,,,,Phenethyl 2-ethylbutyrate,6315-04-4,,,,,,molécula,,,Fruity,Green,Floral,,fig,,,sin-estandar,,,,,,,,,,,,,,,,,,,,,,,
fig:2656,PA4,usuario,PA4,,,,,Phenethyl acetate,103-45-7,,,,,,molécula,,,Floral,Rose,Honey,,fig,,,sin-estandar,,,,,,,,,,,,,,,,,,,,,,,
fig:2657,PA5,usuario,PA5,,,,,Phenethyl alcohol,60-12-8,,,,,,molécula,,,Floral,Rose,Honey,,fig,,,sin-estandar,,,,,,,,,,,,,,,,,,,,,,,
fig:2658,PB2,usuario,PB2,,,,,Phenethyl benzoate,94-47-3,,,,,,molécula,,,Floral,Rose,Balsamic,,fig,,,sin-estandar,,,,,,,,,,,,,,,,,,,,,,,
fig:2659,PBU,usuario,PBU,,,,,Phenethyl butyrate,103-52-6,,,,,,molécula,,,Fruity,Floral,Sweet,,fig,,,sin-estandar,,,,,,,,,,,,,,,,,,,,,,,
fig:2660,PC2,usuario,PC2,,,,,Phenethyl cinnamate,103-53-7,,,,,,molécula,,,Floral,Spicy,Balsamic,,fig,,,sin-estandar,,,,,,,,,,,,,,,,,,,,,,,
fig:2661,PF,usuario,PF,,,,,Phenethyl formate,104-62-1,,,,,,molécula,,,Floral,Rose,Hyacinth,,fig,,,sin-estandar,,,,,,,,,,,,,,,,,,,,,,,
fig:2662,PHH,usuario,PHH,,,,,Phenethyl hexanoate,6290-37-5,,,,,,molécula,,,Fruity,Sweet,Honey,,fig,,,sin-estandar,,,,,,,,,,,,,,,,,,,,,,,
fig:2663,PI2,usuario,PI2,,,,,Phenethyl isobutyrate,103-48-0,,,,,,molécula,,,Fruity,Honey,Floral,,fig,,,sin-estandar,,,,,,,,,,,,,,,,,,,,,,,
fig:2664,PI3,usuario,PI3,,,,,Phenethyl isothiocyanate,2257-09-2,,,,,,molécula,,,Green,Fruity,Oily,,fig,,,sin-estandar,,,,,,,,,,,,,,,,,,,,,,,
fig:2665,PI4,usuario,PI4,,,,,Phenethyl isovalerate,140-26-1,,,,,,molécula,,,Fruity,Berry,Sweet,,fig,,,sin-estandar,,,,,,,,,,,,,,,,,,,,,,,
fig:2666,POC,usuario,POC,,,,,Phenethyl octanoate,5457-70-5,,,,,,molécula,,,Floral,Green,Fruity,,fig,,,sin-estandar,,,,,,,,,,,,,,,,,,,,,,,
fig:2667,PPH,usuario,PPH,,,,,Phenethyl phenylacetate,102-20-5,,,,,,molécula,,,Floral,Rose,Balsamic,,fig,,,sin-estandar,,,,,,,,,,,,,,,,,,,,,,,
fig:2668,PP5,usuario,PP5,,,,,Phenethyl propionate,122-70-3,,,,,,molécula,,,Green,Hyacinth,Nasturtium,,fig,,,sin-estandar,,,,,,,,,,,,,,,,,,,,,,,
fig:2669,PHS,usuario,PHS,,,,,Phenethyl salicylate,87-22-9,,,,,,molécula,,,Floral,Powdery,Rose,,fig,,,sin-estandar,,,,,,,,,,,,,,,,,,,,,,,
fig:2670,PTI,usuario,PTI,,,,,Phenethyl tiglate,55719-85-2,,,,,,molécula,,,Floral,Aromatic,Rose,,fig,,,sin-estandar,,,,,,,,,,,,,,,,,,,,,,,
fig:2671,Ph5,usuario,Ph5,,,,,Phenol,108-95-2,,,,,,molécula,,,Animal like,Phenolic,Dry,,fig,,,sin-estandar,,,,,,,,,,,,,,,,,,,,,,,
fig:2672,PETD,usuario,PETD,,,,,"Phenol, 2-​ethoxy-​4-​(4,​4,​6-​trimethyl-​1,​3-​dioxan-​2-​yl)​-",52514-67-7,,,,,,molécula,,,Gourmand,Vanilla,Creamy,,fig,,,sin-estandar,,,,,,,,,,,,,,,,,,,,,,,
fig:2673,PE2,usuario,PE2,,,,,"Phenol, 2-​ethoxy-​4-​(ethoxymethyl)​-",71119-07-8,,,,,,molécula,,,Spicy,Vanilla,Woody,,fig,,,sin-estandar,,,,,,,,,,,,,,,,,,,,,,,
fig:2674,PMT,usuario,PMT,,,,,"Phenol, 2-​methoxy-​4-​(4,​4,​6-​trimethyl-​1,​3-​dioxan-​2-​yl)​-",52514-66-6,,,,,,molécula,,,Gourmand,Sweet,Vanilla,,fig,,,sin-estandar,,,,,,,,,,,,,,,,,,,,,,,
fig:2675,PMR,usuario,PMR,,,,,"Phenol, 2-methoxy-, reaction products with 2,2-dimethyl-3-",70955-71-4,,,,,,molécula,,,Woody,Sandalwood,"Warm methylenebicyclo[2.2.1]heptane, hydrogenated",,fig,,,sin-estandar,,,,,,,,,,,,,,,,,,,,,,,
fig:2676,Ph6,usuario,Ph6,,,,,Phenoxyacetaldehyde,2120-70-9,,,,,,molécula,,,Green,Floral,Aldehydic,,fig ifra-estandar,IFRA_STD_261,Phenoxyacetaldehyde,con-techo,,,,0.045,0.014,0.27,0.25,0.064,0.064,0.064,0.021,0.15,0.24,0.24,0.021,0.49,0.48,1.8,0.021,0.021,sin-restriccion,,"Phenoxyacetaldehyde | Acetaldehyde, phenoxy- | Cortex aldehyde 50 | 2-Phenoxyacetaldehyde | Acetaldehyde, 2-phenoxy-"
fig:2677,PSA,usuario,PSA,,,,,Phenyl salicylate,118-55-8,,,,,,molécula,,,Balsamic,Floral,Ylang,,fig,,,sin-estandar,,,,,,,,,,,,,,,,,,,,,,,
fig:2678,Ph7,usuario,Ph7,,,,,Phenylacetaldehyde,122-78-1,,,,,,molécula,,,Floral,Hyacinth,Green,,fig ifra-estandar,IFRA_STD_073,Phenylacetaldehyde,con-techo,,,,0.045,0.014,0.27,0.25,0.064,0.064,0.064,0.021,0.15,0.52,0.52,0.021,0.49,0.49,1.8,0.021,0.021,sin-restriccion,,Benzeneacetaldehyde | Benzylcarboxaldehyde | Hyacinthin | 1-Oxo-2-phenylethane | α-Tolualdehyde | α-Toluic aldehyde | Phenylacetic aldehyde | Phenyl acetic aldehyde (pure) (commercial name)
fig:2679,PDM,usuario,PDM,,,,,"Phenylacetaldehyde 2,4-dihydroxy-2-methylpentane acetal",67633-94-7,,,,,,molécula,,,Floral,Hyacinth,Green,,fig,,,sin-estandar,,,,,,,,,,,,,,,,,,,,,,,
fig:2680,PHD,usuario,PHD,,,,,Phenylacetaldehyde diethyl acetal,6314-97-2,,,,,,molécula,,,Green,Floral,Fresh,,fig,,,sin-estandar,,,,,,,,,,,,,,,,,,,,,,,
fig:2681,PDI,usuario,PDI,,,,,Phenylacetaldehyde dimethyl acetal,101-48-4,,,,,,molécula,,,Floral,Green,Hyacinth,,fig,,,sin-estandar,,,,,,,,,,,,,,,,,,,,,,,
fig:2682,PEG,usuario,PEG,,,,,Phenylacetaldehyde ethylene glycol acetal,101-49-5,,,,,,molécula,,,Green,Floral,Hyacinth,,fig,,,sin-estandar,,,,,,,,,,,,,,,,,,,,,,,
fig:2683,PGA,usuario,PGA,,,,,Phenylacetaldehyde glyceryl acetal,29895-73-6,,,,,,molécula,,,Floral,Green,Honey,,fig,,,sin-estandar,,,,,,,,,,,,,,,,,,,,,,,
fig:2684,POX,usuario,POX,,,,,Phenylacetaldehyde oxime,7028-48-0,,,,,,molécula,,,Green,Honey,Floral,,fig,,,sin-estandar,,,,,,,,,,,,,,,,,,,,,,,
fig:2685,PA6,usuario,PA6,,,,,Phenylacetic acid,103-82-2,,,,,,molécula,,,Honey,Floral,Sweet,,fig,,,sin-estandar,,,,,,,,,,,,,,,,,,,,,,,
fig:2686,PME,usuario,PME,,,,,Phenylethyl 2-methylbutyrate,24817-51-4,,,,,,molécula,,,Floral,Green,Rose,,fig,,,sin-estandar,,,,,,,,,,,,,,,,,,,,,,,
fig:2687,PA7,usuario,PA7,,,,,Phenylethyl anthranilate,133-18-6,,,,,,molécula,,,Floral,Sweet,Rose,,fig,,,sin-estandar,,,,,,,,,,,,,,,,,,,,,,,
fig:2688,PIE,usuario,PIE,,,,,Phenylethyl isoamyl ether,56011-02-0,,,,,,molécula,,,Green,Fruity,Fresh,,fig,,,sin-estandar,,,,,,,,,,,,,,,,,,,,,,,
fig:2689,Ph8,usuario,Ph8,,,,,Phenylpropionaldehyde,1335-10-0,,,,,,molécula,,,Green,Aldehydic,Floral,,fig,,,sin-estandar,,,,,,,,,,,,,,,,,,,,,,,
fig:2690,Phy,usuario,Phy,,,,,Phytol,150-86-7,,,,,,molécula,,,Floral,Waxy,Powdery,,fig,,,sin-estandar,,,,,,,,,,,,,,,,,,,,,,,
fig:2691,PA8,usuario,PA8,,,,,Phytyl acetate,10236-16-5,,,,,,molécula,,,Balsamic,Fruity,Jasmin,,fig,,,sin-estandar,,,,,,,,,,,,,,,,,,,,,,,
fig:2692,PILO,usuario,PILO,,O,,,Pimenta leaf oil,8006-77-7,,,,,,natural,oil,,Spicy,Sweet,Balsamic,,fig ifra-anexo,,,por-constituyentes,,2,por nombre,,,,,,,,,,,,,,,,,,,,
fig:2693,PLLO,usuario,PLLO,,O,,,Pimenta leaf oil (low methyleugenol),8006-77-7,,,,,,natural,oil,,Spicy,Sweet,Balsamic,,fig ifra-anexo,,,por-constituyentes,variante sin concretar: cuenta la peor de 3 del anexo,2,"por CAS: 3 variantes, cuenta la peor",,,,,,,,,,,,,,,,,,,,
fig:2694,PNO,usuario,PNO,,O,,,Pine needle oil,8021-29-2,,,,,,natural,oil,,Aromatic,Pine,Woody,,fig ifra-anexo,,,por-constituyentes,"familia, por el nombre: pináceas: índice de peróxidos (STD 184)",1,por nombre,,,,,,,,,,,,,,,,,,,,
fig:2695,PDO,usuario,PDO,,O,,,"Pine needle, dwarf, oil",8000-26-8,,,,,,natural,oil,,Aromatic,Pine,Woody,,fig ifra-anexo,,,por-constituyentes,"familia, por el nombre: pináceas: índice de peróxidos (STD 184)",2,por nombre,,,,,,,,,,,,,,,,,,,,
fig:2696,PiO,usuario,PiO,,O,,,Pine oil,8002-09-3,,,,,,natural,oil,,Herbal,Pine,Fresh,,fig,,,sin-dato,"familia, por el nombre: pináceas: índice de peróxidos (STD 184)",,,,,,,,,,,,,,,,,,,,,,
fig:2697,POA,usuario,POA,,,,,"Pine oils, acetylated",68440-45-9,,,,,,molécula,,,Herbal,Pine,Woody,,fig,,,condicion,"familia, por el nombre: pináceas: índice de peróxidos (STD 184)",,,,,,,,,,,,,,,,,,,,,,
fig:2698,PISA,usuario,PISA,,A,,,Pine Scotch absolute,8023-99-2,,,,,,natural,absolute,,Aromatic,Woody,Pine,,fig ifra-anexo,,,por-constituyentes,"familia, por el nombre: pináceas: índice de peróxidos (STD 184)",2,por CAS,,,,,,,,,,,,,,,,,,,,
fig:2699,PISO,usuario,PISO,,O,,,Pine Scotch oil,8023-99-2,,,,,,natural,oil,,Aromatic,Woody,Pine,,fig ifra-anexo,,,por-constituyentes,"familia, por el nombre: pináceas: índice de peróxidos (STD 184)",2,por nombre,,,,,,,,,,,,,,,,,,,,
fig:2700,PSR,usuario,PSR,,R,,,Pine Scotch resinoid,8023-99-2,,,,,,natural,resinoid,,Aromatic,Woody,Pine,,fig ifra-anexo,,,por-constituyentes,"familia, por el nombre: pináceas: índice de peróxidos (STD 184)",3,por nombre,,,,,,,,,,,,,,,,,,,,
fig:2701,PSC,usuario,PSC,,C,,,"Pine Scotch, concrete",8023-99-2,,,,,,natural,concrete,,Aromatic,Woody,Pine,,fig ifra-anexo,,,por-constituyentes,"familia, por el nombre: pináceas: índice de peróxidos (STD 184)",2,por CAS,,,,,,,,,,,,,,,,,,,,
fig:2702,PSE,usuario,PSE,,E,,,"Pine Scotch, extract",8023-99-2,,,,,,natural,extract,,Aromatic,Woody,Pine,,fig ifra-anexo,,,por-constituyentes,"familia, por el nombre: pináceas: índice de peróxidos (STD 184)",2,por CAS,,,,,,,,,,,,,,,,,,,,
fig:2703,PSPO,usuario,PSPO,,O,,,"Pine Scotch, pyrogenated oil",8023-99-2,,,,,,natural,oil,,Aromatic,Woody,Pine,,fig ifra-anexo,,,por-constituyentes,"familia, por el nombre: pináceas: índice de peróxidos (STD 184)",2,por CAS,,,,,,,,,,,,,,,,,,,,
fig:2704,PTO,usuario,PTO,,O,,,Pine tar oil,8011-48-1,,,,,,natural,oil,,Aromatic,Pine,Citrus,,fig,,,sin-dato,"familia, por el nombre: pináceas: índice de peróxidos (STD 184)",,,,,,,,,,,,,,,,,,,,,,
fig:2705,PITO,usuario,PITO,,O,,,"Pine tar oil, rectified",8011-48-1,,,,,,natural,oil,,Aromatic,Pine,Citrus,,fig ifra-anexo,,,por-constituyentes,"familia, por el nombre: pináceas: índice de peróxidos (STD 184)",1,por nombre,,,,,,,,,,,,,,,,,,,,
fig:2706,PiE,usuario,PiE,,E,,,"Pine, extract",73049-71-5,,,,,,natural,extract,,Aromatic,Pine,Woody,,fig,,,sin-dato,"familia, por el nombre: pináceas: índice de peróxidos (STD 184)",,,,,,,,,,,,,,,,,,,,,,
fig:2707,PPMO,usuario,PPMO,,O,,,"Pine, Pinus maritima, sawdust oil",8000-26-8,,,,,,natural,oil,,Aromatic,Pine,Woody,,fig ifra-anexo,,,por-constituyentes,"familia, por el nombre: pináceas: índice de peróxidos (STD 184) · variante sin concretar: cuenta la peor de 2 del anexo",2,"por CAS: 2 variantes, cuenta la peor",,,,,,,,,,,,,,,,,,,,
fig:2708,PPA,usuario,PPA,,A,,,"Pine, Pinus pinaster, absolute",8000-26-8,,,,,,natural,absolute,,Aromatic,Pine,Woody,,fig ifra-anexo,,,por-constituyentes,"familia, por el nombre: pináceas: índice de peróxidos (STD 184) · variante sin concretar: cuenta la peor de 2 del anexo",2,"por CAS: 2 variantes, cuenta la peor",,,,,,,,,,,,,,,,,,,,
fig:2709,PPE,usuario,PPE,,E,,,"Pine, Pinus pinaster, extract",8000-26-8,,,,,,natural,extract,,Aromatic,Pine,Woody,,fig ifra-anexo,,,por-constituyentes,"familia, por el nombre: pináceas: índice de peróxidos (STD 184) · variante sin concretar: cuenta la peor de 2 del anexo",2,"por CAS: 2 variantes, cuenta la peor",,,,,,,,,,,,,,,,,,,,
fig:2710,PPPE,usuario,PPPE,,E,,,"Pine, Pinus pumila, extract",97676-05-6,,,,,,natural,extract,,Aromatic,Pine,Green,,fig ifra-anexo,,,por-constituyentes,"familia, por el nombre: pináceas: índice de peróxidos (STD 184)",2,por nombre,,,,,,,,,,,,,,,,,,,,
fig:2711,PIA,usuario,PIA,,,,,Pineapple alcoholate,68917-26-0,,,,,,molécula,,,Fruity,Pineapple,Sweet,,fig,,,sin-estandar,,,,,,,,,,,,,,,,,,,,,,,
fig:2712,PnE,usuario,PnE,,E,,,Pineapple extract,97676-27-2,,,,,,natural,extract,,Fruity,Pineapple,Green,,fig,,,sin-dato,,,,,,,,,,,,,,,,,,,,,,,
fig:2713,PA9,usuario,PA9,,,,,Pinocarvyl acetate,1078-95-1,,,,,,molécula,,,Herbal,Pine,Green,,fig,,,sin-estandar,,,,,,,,,,,,,,,,,,,,,,,
fig:2714,PINO,usuario,PINO,,O,,,Pinus nigra oil,8000-26-8,,,,,,natural,oil,,Aromatic,Pine,Woody,,fig ifra-anexo,,,por-constituyentes,"familia, por el nombre: pináceas: índice de peróxidos (STD 184) · variante sin concretar: cuenta la peor de 2 del anexo",2,"por CAS: 2 variantes, cuenta la peor",,,,,,,,,,,,,,,,,,,,
fig:2715,PLE,usuario,PLE,,E,,,Piper longum CO2 extract,90082-60-3,,,,,,natural,extract,,Spicy,Peppery,Dry,,fig,,,sin-dato,,,,,,,,,,,,,,,,,,,,,,,
fig:2716,PILE,usuario,PILE,,E,,,Piper longum extract,90082-60-3,,,,,,natural,extract,,Spicy,Peppery,Dry,,fig,,,sin-dato,,,,,,,,,,,,,,,,,,,,,,,
fig:2717,PLOO,usuario,PLOO,,O,,,Piper longum oil,90082-60-3,,,,,,natural,oil,,Spicy,Peppery,Dry,,fig,,,sin-dato,,,,,,,,,,,,,,,,,,,,,,,
fig:2718,Pi,usuario,Pi,,,,,Piperidine,110-89-4,,,,,,molécula,,,Floral,Sweet,Animal Like,,fig,,,sin-estandar,,,,,,,,,,,,,,,,,,,,,,,
fig:2719,Pip,usuario,Pip,,,,,Piperine,94-62-2,,,,,,molécula,,,Balsamic,Animal Like,Peppery,,fig,,,sin-estandar,,,,,,,,,,,,,,,,,,,,,,,
fig:2720,Pi2,usuario,Pi2,,,,,Piperitone,89-81-6,,,,,,molécula,,,Herbal,Minty,Camphoraceous,,fig,,,sin-estandar,,,,,,,,,,,,,,,,,,,,,,,
fig:2721,Pi3,usuario,Pi3,,,,,Piperonal,120-57-0,,,,,,molécula,,,Anisic,Floral,Powdery,,fig,,,sin-estandar,,,,,,,,,,,,,,,,,,,,,,,
fig:2722,PA10,usuario,PA10,,,,,Piperonyl acetate,326-61-4,,,,,,molécula,,,Fruity,Raspberry,Floral,,fig,,,sin-estandar,,,,,,,,,,,,,,,,,,,,,,,
fig:2723,αIH,usuario,αIH,,,,,p-Isobutyl-alpha-methyl hydrocinnamaldehyde,6658-48-6,,,,,,molécula,,alpha,Floral,Muguet,Citrus,,fig ifra-estandar,IFRA_STD_045,p-Isobutyl-alpha-methyl hydrocinnamaldehyde,con-techo,,,,0.08,0.053,0.8,0.99,0.25,0.25,0.25,0.083,0.08,0.72,0.72,0.083,1.9,1.9,5.4,0.083,0.083,sin-restriccion,,"p-Isobutyl-α-methyl hydro cinnamic aldehyde | Benzenepropanal, α-methyl-4-(2-methylpropyl)- | 3-(4-Isobutyl-phenyl)-2-methyl-propionaldehyde | 2-Methyl-3-[4-(2-methylpropyl)phenyl]propanal | 3-(p-Cumenyl)-2-methylpropionaldehyde | Cyclamen homoaldehyde | Rhodial (commercial name) | Silvial (commercial name) | Suzaral (commercial name)"
fig:2724,IP8,usuario,IP8,,,,,p-Isopropyl phenylacetaldehyde,4395-92-0,,,,,,molécula,,,Green,Leafy,Woody,,fig,,,sin-estandar,,,,,,,,,,,,,,,,,,,,,,,
fig:2725,IA12,usuario,IA12,,,,,p-Isopropylbenzyl acetate,59230-57-8,,,,,,molécula,,,Herbal,Bergamot,Fresh,,fig,,,sin-estandar,,,,,,,,,,,,,,,,,,,,,,,
fig:2726,IA13,usuario,IA13,,,,,p-Isopropylbenzyl alcohol,536-60-7,,,,,,molécula,,,Spicy,Sweet,Aromatic,,fig ifra-estandar,IFRA_STD_194,p-Isopropylbenzyl alcohol,con-techo,,,,0.45,0.14,0.4,2.5,0.64,0.64,0.64,0.21,1.5,0.8,0.8,0.21,2,2,4.8,0.21,0.21,sin-restriccion,,"(4-Isopropylphenyl)methanol | Benzenemethanol, 4-(1-methylethyl)- | p-iso-Propylbenzyl alcohol | p-Cymen-7-ol | Cumin alcohol | Cuminic alcohol | Cuminol | Cuminyl alcohol"
fig:2727,PlA,usuario,PlA,,A,,,Plumeria absolute,92457-29-9,,,,,,natural,absolute,,Floral,Frangipani,Sweet,,fig,,,sin-dato,,,,,,,,,,,,,,,,,,,,,,,
fig:2728,ME2,usuario,ME2,,,,,p-Menth-1-en-8-ol (S),10482-56-1,,,,,,molécula,,,Herbal,Floral,Pine,,fig,,,sin-estandar,,,,,,,,,,,,,,,,,,,,,,,
fig:2729,ME3,usuario,ME3,,,,,p-Menth-8-en-1-ol,138-87-4,,,,,,molécula,,,Woody,Pine,Herbal,,fig,,,sin-estandar,,,,,,,,,,,,,,,,,,,,,,,
fig:2730,ME4,usuario,ME4,,,,,p-Menth-8-en-2-one,7764-50-3,,,,,,molécula,,,Minty,Warm,Herbal,,fig,,,sin-estandar,,,,,,,,,,,,,,,,,,,,,,,
fig:2731,MD9,usuario,MD9,,,,,"p-Mentha-1,3-diene",99-86-5,,,,,,molécula,,,Citrus,Lemon,Herbal,,fig,,,sin-estandar,,,,,,,,,,,,,,,,,,,,,,,
fig:2732,MD10,usuario,MD10,,,,,"p-Mentha-1,4-diene",99-85-4,,,,,,molécula,,,Herbal,Citrus,Spicy,,fig,,,sin-estandar,,,,,,,,,,,,,,,,,,,,,,,
fig:2733,MD11,usuario,MD11,,,,,"p-Mentha-1,8-dien-7-al",2111-75-3,,,,,,molécula,,,Green,Fresh,Herbal,,fig ifra-estandar,IFRA_STD_052,Perilla aldehyde,con-techo,,,,0.054,0.016,0.32,0.3,0.076,0.076,0.076,0.076,0.18,0.61,0.61,0.032,0.59,2.1,2.1,1.2,1.2,sin-restriccion,,"1-Cyclohexene-1-carboxaldehyde, 4-(1-methylethenyl)- | 4-Isopropenylcyclohex-1-ene-1-carbaldehyde | 4-Isopropenyl-1-cyclohexene-1-carboxaldehyde | Dihydrocuminic aldehyde | p-Mentha-1,8-dien-7-al | Perillaldehyde"
fig:2734,MD12,usuario,MD12,,,,,"p-Mentha-1,8-dien-7-ol",536-59-4,,,,,,molécula,,,Floral,Spicy,Woody,,fig,,,sin-estandar,,,,,,,,,,,,,,,,,,,,,,,
fig:2735,MDY,usuario,MDY,,,,,"p-Mentha-1,8-dien-7-yl acetate",15111-96-3,,,,,,molécula,,,Fruity,Woody,Raspberry,,fig,,,sin-estandar,,,,,,,,,,,,,,,,,,,,,,,
fig:2736,MT7,usuario,MT7,,,,,p-Mentha-8-thiol-3-one,38462-22-5,,,,,,molécula,,,Fruity,Berry,Citrus,,fig,,,sin-estandar,,,,,,,,,,,,,,,,,,,,,,,
fig:2737,MO6,usuario,MO6,,,,,p-Menthan-2-one,499-70-7,,,,,,molécula,,,Minty,Spearmint,Cooling,,fig ifra-estandar,IFRA_STD_262,Carvomenthone,con-techo,,,,0.0019,0.0019,0.0019,1.9,0.079,0.0019,0.019,0.00064,0.027,0.0019,0.0019,0.00064,0.054,0.0019,0.0019,0.00064,0.00064,0.0019,,
fig:2738,MSI,usuario,MSI,,,,,p-Menthylene sulfide 1% in limonene,68921-26-6,,,,,,molécula,,,Citrus,Grapefruit,Spicy,,fig,,,sin-estandar,,,,,,,,,,,,,,,,,,,,,,,
fig:2739,Me23,usuario,Me23,,,,,p-Methoxybenzaldehyde,123-11-5,,,,,,molécula,,,Powdery,Almond,Anisic,,fig ifra-estandar,IFRA_STD_054,p-Methoxybenzaldehyde,con-techo,,,,0.23,0.08,0.14,1.4,0.38,0.093,0.14,0.031,0.047,0.14,0.14,0.031,0.42,0.19,1.1,0.031,0.031,31,,"p-Methoxybenzaldehyde | Anisaldehyde | p-Anisaldehyde | Anisic aldehyde | Anisyl aldehyde | Benzaldehyde, 4-methoxy | 4-Methoxybenzaldehyde | Aubepine P Cresol (commercial name) | Aubepine liquid (commercial name)"
fig:2740,Me24,usuario,Me24,,,,,p-Methoxybenzonitrile,874-90-8,,,,,,molécula,,,Floral,Sweet,Coumarin,,fig,,,sin-estandar,,,,,,,,,,,,,,,,,,,,,,,
fig:2741,Me25,usuario,Me25,,,,,p-Methoxycinnamaldehyde,1963-36-6,,,,,,molécula,,,Spicy,Cinnamon,Sweet,,fig,,,sin-estandar,,,,,,,,,,,,,,,,,,,,,,,
fig:2742,αMAC,usuario,αMAC,,,,,p-Methyl-alpha-amyl cinnamic aldehyde,84697-09-6,,,,,,molécula,,alpha,Floral,Violet,Jasmin,,fig,,,sin-estandar,,,,,,,,,,,,,,,,,,,,,,,
fig:2743,Me26,usuario,Me26,,,,,p-Methylanisole,104-93-8,,,,,,molécula,,,Floral,Fresh,Ylang,,fig,,,sin-estandar,,,,,,,,,,,,,,,,,,,,,,,
fig:2744,Me27,usuario,Me27,,,,,p-Methyltetrahydroquinoline,91-61-2,,,,,,molécula,,,Animal like,Amber,indolic,,fig ifra-estandar,IFRA_STD_215,p-Methyltetrahydroquinoline,condicion,especificación (STD 215),,,,,,,,,,,,,,,,,,,,,,"6-Methyl-1,2,3,4-tetrahydroquinoline | Quinoline, 1,2,3,4-tetrahydro-6-methyl- | 1,2,3,4-Tetrahydro-6-methylquinoline | Tetrahydro-p-methylquinoline"
fig:2745,Pro,usuario,Pro,,,,,p-Propylanisole,104-45-0,,,,,,molécula,,,Herbal,Anisic,Fruity,,fig,,,sin-estandar,,,,,,,,,,,,,,,,,,,,,,,
fig:2746,PRI,usuario,PRI,,,,,Prenyl isobutyrate,76649-23-5,,,,,,molécula,,,Fruity,Blueberry,Raspberry,,fig,,,sin-estandar,,,,,,,,,,,,,,,,,,,,,,,
fig:2747,PRCE,usuario,PRCE,,E,,,Procavia capensis extract,1005328-84-6,,,,,,natural,extract,,Animal like,Leathery,Tobacco,,fig,,,sin-dato,,,,,,,,,,,,,,,,,,,,,,,
fig:2748,PCT,usuario,PCT,,T,,,"Procavia capensis, tincture",1005328-84-6,,,,,,natural,tincture,,Animal like,Leathery,Tobacco,,fig,,,sin-dato,,,,,,,,,,,,,,,,,,,,,,,
fig:2749,PADE,usuario,PADE,,,,,"Propanedioic acid, 1-(3,3-dimethylcyclohexyl) ethyl, ethyl ester",478695-70-4,,,,,,molécula,,,Musk like,Apple,Powdery,,fig,,,sin-estandar,,,,,,,,,,,,,,,,,,,,,,,
fig:2750,Pr2,usuario,Pr2,,,,,Propanethiol,107-03-9,,,,,,molécula,,,Green,Sulfurous,Cabbage,,fig,,,sin-estandar,,,,,,,,,,,,,,,,,,,,,,,
fig:2751,PAMM,usuario,PAMM,,,,,"Propanoic acid, 2-​methyl-​, monoester with 2,​2,​4-​trimethyl-​1,​3-​pentanediol",25265-77-4,,,,,,molécula,,,Fruity,Fresh,Floral,,fig,,,sin-estandar,,,,,,,,,,,,,,,,,,,,,,,
fig:2752,PAH,usuario,PAH,,,,,"Propanoic acid, 2-hydroxy-, butyl ester, (2S)-",34451-19-9,,,,,,molécula,,,Fruity,Sweet,Fermented,,fig,,,sin-estandar,,,,,,,,,,,,,,,,,,,,,,,
fig:2753,Pr3,usuario,Pr3,,,,,Propenylguaethol,94-86-0,,,,,,molécula,,,Gourmand,Vanilla,Sweet,,fig ifra-estandar,IFRA_STD_190,Propenylguaethol,con-techo,,,,0.18,0.053,0.11,0.99,0.25,0.21,0.25,0.071,0.58,0.32,0.32,0.071,0.75,0.75,3.7,0.071,0.071,58,,
fig:2754,Pr4,usuario,Pr4,,,,,Propionaldehyde,123-38-6,,,,,,molécula,,,Fruity,Earthy,Nutty,,fig,,,sin-estandar,,,,,,,,,,,,,,,,,,,,,,,
fig:2755,PA11,usuario,PA11,,,,,Propionic acid,79-09-4,,,,,,molécula,,,Acidic,Pungent,Cheesy,,fig,,,sin-estandar,,,,,,,,,,,,,,,,,,,,,,,
fig:2756,PDP,usuario,PDP,,,,,"Propyl (2S)-2-(1,1-dimethylpropoxy)-propanoate",319002-92-1,,,,,,molécula,,,Herbal,Fresh,Sage,,fig,,,sin-estandar,,,,,,,,,,,,,,,,,,,,,,,
fig:2757,PRM,usuario,PRM,,,,,Propyl 2-methylbutyrate,37064-20-3,,,,,,molécula,,,Fruity,Fermented,Sweet,,fig,,,sin-estandar,,,,,,,,,,,,,,,,,,,,,,,
fig:2758,PA12,usuario,PA12,,,,,Propyl acetate,109-60-4,,,,,,molécula,,,Fruity,Raspberry,Pear,,fig,,,sin-estandar,,,,,,,,,,,,,,,,,,,,,,,
fig:2759,PA13,usuario,PA13,,,,,Propyl alcohol,71-23-8,,,,,,molécula,,,Fruity,Musty,Fermented,,fig,,,sin-estandar,,,,,,,,,,,,,,,,,,,,,,,
fig:2760,PB3,usuario,PB3,,,,,Propyl butyrate,105-66-8,,,,,,molécula,,,Fruity,Sweet,Tropical-Fruit,,fig,,,sin-estandar,,,,,,,,,,,,,,,,,,,,,,,
fig:2761,PH2,usuario,PH2,,,,,Propyl hexanoate,626-77-7,,,,,,molécula,,,Fruity,Pineapple,Green,,fig,,,sin-estandar,,,,,,,,,,,,,,,,,,,,,,,
fig:2762,PI5,usuario,PI5,,,,,Propyl isovalerate,557-00-6,,,,,,molécula,,,Fruity,Apple,Sweet,,fig,,,sin-estandar,,,,,,,,,,,,,,,,,,,,,,,
fig:2763,PRP,usuario,PRP,,,,,Propyl phenethyl acetal,7493-57-4,,,,,,molécula,,,Floral,Green,Hyacinth,,fig,,,sin-estandar,,,,,,,,,,,,,,,,,,,,,,,
fig:2764,PP6,usuario,PP6,,,,,Propyl phenylacetate,4606-15-9,,,,,,molécula,,,Floral,Sweet,Honey,,fig,,,sin-estandar,,,,,,,,,,,,,,,,,,,,,,,
fig:2765,PP7,usuario,PP7,,,,,Propyl propionate,106-36-5,,,,,,molécula,,,Fruity,Sweet,Pineapple,,fig,,,sin-estandar,,,,,,,,,,,,,,,,,,,,,,,
fig:2766,PLA,usuario,PLA,,,,,Pseudo linalyl acetate,68412-04-4,,,,,,molécula,,,Citrus,Sweet,Floral,,fig,,,sin-estandar,,,,,,,,,,,,,,,,,,,,,,,
fig:2767,αBA,usuario,αBA,,,,,p-t-Butyl-alpha-methylhydrocinnamic aldehyde,80-54-6,,,,,,molécula,,alpha,Floral,Muguet,Aldehydic,,fig ifra-estandar,IFRA_STD_015,p-tert-Butyl-α-methylhydrocinnamic aldehyde (p-BMHCA),con-techo,,,,prohibido,0.09,0.04,1.4,0.06,0.05,0.05,0.017,prohibido,0.04,0.04,0.017,0.1,0.1,0.63,0.017,0.017,16,,"Benzenepropanal, 4-(1,1-dimethylethyl)-alpha-methyl- | p-t-Bucinal | 2-(4-tert-Butylbenzyl)propionaldehyde | p-t-Butyl-alpha-methylhydrocinnamaldehyde | Butylphenyl methylpropional | alpha-Methyl-ß-(p-t-butylphenyl)propionaldehyde | Lilestralis (commercial name) | Lilial (commercial name) | Lysmeral (commercial name)"
fig:2768,Bu6,usuario,Bu6,,,,,p-tert-Butylacetophenone,943-27-1,,,,,,molécula,,,Floral,Musk Like,Warm,,fig,,,sin-estandar,,,,,,,,,,,,,,,,,,,,,,,
fig:2769,Bu7,usuario,Bu7,,,,,p-tert-Butylcyclohexanone,98-53-3,,,,,,molécula,,,Woody,Camphoraceous,Minty,,fig ifra-estandar,IFRA_STD_263,4-tert-Butylcyclohexanone,con-techo,,,,0.027,0.008,0.16,0.15,0.038,0.038,0.038,0.013,0.088,0.26,0.26,0.013,0.29,0.13,0.52,0.013,0.013,58,,"4-tert-Butylcyclohexanone | para-tert-Butylcyclohexanone | p-tert-Butylcyclohexanone | Cyclohexanone, 4-(1,1-dimethylethyl)-"
fig:2770,Bu8,usuario,Bu8,,,,,p-tert-Butyldihydrocinnamaldehyde,18127-01-0,,,,,,molécula,,,Floral,Muguet,Aldehydic,,fig ifra-estandar,IFRA_STD_014,p-tert-Butyldihydrocinnamaldehyde,con-techo,,,,0.0041,0.025,0.025,0.47,0.12,0.029,0.037,0.0096,0.087,0.029,0.029,0.0096,0.099,0.099,0.24,0.0096,0.0096,6.9,,"Benzenepropanal, 4-(1,1-dimethylethyl)- | 3-(4-tert-Butylphenyl)propionaldehyde | Bourgeonal (commercial name) | Liliphenal (commercial name)"
fig:2771,Tu,usuario,Tu,,,,,p-Tolualdehyde,104-87-0,,,,,,molécula,,,Spicy,Fruity,Almond,,fig ifra-estandar,IFRA_STD_081,"o,m,p-Tolualdehydes and their mixtures",con-techo,,,,0.085,0.025,0.51,0.47,0.12,0.12,0.12,0.12,0.28,0.96,0.96,0.05,0.92,3.3,3.3,1.8,1.8,sin-restriccion,,"para-Tolualdehyde | 4-Methyl-benzaldehyde | Benzaldehyde, 4-methyl- | Tolyl Aldehyde Para Extra (commercial name)"
fig:2772,TOM,usuario,TOM,,,,,p-Tolyl 3-methylbutyrate,55066-56-3,,,,,,molécula,,,Tobacco like,Spicy,Herbal,,fig,,,sin-estandar,,,,,,,,,,,,,,,,,,,,,,,
fig:2773,TA3,usuario,TA3,,,,,p-Tolyl acetate,140-39-6,,,,,,molécula,,,Floral,Ylang,Phenolic,,fig,,,sin-estandar,,,,,,,,,,,,,,,,,,,,,,,
fig:2774,TAL,usuario,TAL,,,,,p-Tolyl alcohol,589-18-4,,,,,,molécula,,,Spicy,Cinnamon,Floral,,fig ifra-estandar,IFRA_STD_193,p-Tolyl alcohol,con-techo,,,,0.048,0.048,0.048,1.5,0.64,0.048,0.048,0.016,0.048,0.048,0.048,0.016,0.53,0.53,0.048,0.016,0.016,sin-restriccion,,"(4-Methylphenyl)methanol | Benzenemethanol, 4-methyl- | p-Methylbenzyl alcohol | p-Tolualcohol | 4-(Hydroxymethyl)toluene | 4-Methylbenzyl alcohol | 4-Tolylcarbinol"
fig:2775,TOI,usuario,TOI,,,,,p-Tolyl isobutyrate,103-93-5,,,,,,molécula,,,Floral,Lily,Fruity,,fig,,,sin-estandar,,,,,,,,,,,,,,,,,,,,,,,
fig:2776,TOC,usuario,TOC,,,,,p-Tolyl octanoate,59558-23-5,,,,,,molécula,,,Floral,Animal Like,Jasmin,,fig,,,sin-estandar,,,,,,,,,,,,,,,,,,,,,,,
fig:2777,TP4,usuario,TP4,,,,,p-Tolyl phenylacetate,101-94-0,,,,,,molécula,,,Floral,Narcissus,Hyacinth,,fig,,,sin-estandar,,,,,,,,,,,,,,,,,,,,,,,
fig:2778,Tol,usuario,Tol,,,,,p-Tolylacetaldehyde,104-09-6,,,,,,molécula,,,Green,Hyacinth,Almond,,fig,,,sin-estandar,,,,,,,,,,,,,,,,,,,,,,,
fig:2779,Pg,usuario,Pg,,,,,Pulegone,89-82-7,,,,,,molécula,,,Minty,Sweet,Spearmint,,fig,,,sin-estandar,,,,,,,,,,,,,,,,,,,,,,,
fig:2780,PMM,usuario,PMM,,,,,"Pyrazine, 2-methyl-3-(methylthio)-",2882-20-4,,,,,,molécula,,,Food Like,Nutty,Almond,,fig,,,sin-estandar,,,,,,,,,,,,,,,,,,,,,,,
fig:2781,PYM,usuario,PYM,,,,,"Pyrazine, methyl (methylthio)-",67952-65-2,,,,,,molécula,,,Food Like,Nutty,Earthy,,fig,,,sin-estandar,,,,,,,,,,,,,,,,,,,,,,,
fig:2782,PYD,usuario,PYD,,,,,"Pyridine, 3-(2,2-dimethylpropyl)-",90145-47-4,,,,,,molécula,,,Fruity,Floral,Green,,fig,,,sin-estandar,,,,,,,,,,,,,,,,,,,,,,,
fig:2783,POMH,usuario,POMH,,,,,"Pyridine, 4-[1(4-,5 or 6)-methylbicyclo[2.2.1]hept-5-en-2-yl]-",862079-91-2,,,,,,molécula,,,Green,Onion,Phenolic,,fig,,,sin-estandar,,,,,,,,,,,,,,,,,,,,,,,
fig:2784,PER,usuario,PER,,,,,"Pyridine, 4-ethenyl-, reaction products with 3a,4,7,7a-tetrahydrodimethyl-4,7-methano-",125352-06-9,,,,,,molécula,,,Floral,Orris,Violet 1H-indene,,fig,,,sin-estandar,,,,,,,,,,,,,,,,,,,,,,,
fig:2785,PYA,usuario,PYA,,,,,Pyroligneous acid,8030-97-5,,,,,,molécula,,,Woody,Smoky,Burnt,,fig,,,sin-estandar,,,,,,,,,,,,,,,,,,,,,,,
fig:2786,PAE,usuario,PAE,,E,,,Pyroligneous acid extract,8028-47-5,,,,,,natural,extract,,Woody,Smoky,Dry,,fig,,,sin-dato,,,,,,,,,,,,,,,,,,,,,,,
fig:2787,PA14,usuario,PA14,,,,,Pyruvic acid,127-17-3,,,,,,molécula,,,Acidic,Sharp,Ethereal,,fig,,,sin-estandar,,,,,,,,,,,,,,,,,,,,,,,
fig:2788,RP,usuario,RP,,,,,"Resins, oleo-, paprika",68917-78-2,,,,,,molécula,,,Spicy,Sweet,Aromatic,,fig,,,sin-estandar,,,,,,,,,,,,,,,,,,,,,,,
fig:2789,Re,usuario,Re,,,,,Resorcinol,108-46-3,,,,,,molécula,,,Balsamic,Hawthorn,Floral,,fig,,,sin-estandar,,,,,,,,,,,,,,,,,,,,,,,
fig:2790,Rh,usuario,Rh,,,,,Rhodinol,6812-78-8,,,,,,molécula,,,Floral,Rose,Geranium,,fig ifra-estandar,IFRA_STD_022,Citronellol,con-techo,,,,2.2,0.67,13,12,3.2,3.2,3.2,3.2,7.3,25,25,1.3,24,87,87,48,48,sin-restriccion,,"3,7-Dimethyloct-7-en-1-ol | 7-Octen-1-ol, 3,7-dimethyl-,(S)- | 3,7-Dimethyl-(6-or 7-)octen-1-ol | 3,7-Dimethyl-7-octen-1-ol"
fig:2791,RA,usuario,RA,,,,,Rhodinyl acetate,141-11-7,,,,,,molécula,,,Floral,Rose,Citrus,,fig ifra-estandar,IFRA_STD_248,Citronellyl acetate,con-techo,,,,0.49,0.15,2,2.7,0.7,0.7,0.7,0.23,0.82,2.4,2.4,0.23,5.4,0.41,16,0.23,0.23,sin-restriccion,,
fig:2792,RB,usuario,RB,,,,,Rhodinyl butyrate,141-15-1,,,,,,molécula,,,Fruity,Rose,Citrus,,fig,,,sin-estandar,,,,,,,,,,,,,,,,,,,,,,,
fig:2793,RF,usuario,RF,,,,,Rhodinyl formate,141-09-3,,,,,,molécula,,,Floral,Citrus,Fruity,,fig,,,sin-estandar,,,,,,,,,,,,,,,,,,,,,,,
fig:2794,RHP,usuario,RHP,,,,,Rhodinyl phenylacetate,10486-14-3,,,,,,molécula,,,Floral,Rose,Honey,,fig,,,sin-estandar,,,,,,,,,,,,,,,,,,,,,,,
fig:2795,RPR,usuario,RPR,,,,,Rhodinyl propionate,105-89-5,,,,,,molécula,,,Floral,Rose,Geranium,,fig,,,sin-estandar,,,,,,,,,,,,,,,,,,,,,,,
fig:2796,RiA,usuario,RiA,,A,,,Rice absolute,68553-81-1,,,,,,natural,absolute,,Food Like,Rice,Oily,,fig,,,sin-dato,,,,,,,,,,,,,,,,,,,,,,,
fig:2797,Ro,usuario,Ro,,,,,Rose,8007-01-0,,,,,,natural,,,Floral,Rose,Green,,fig ifra-anexo,,,por-constituyentes,variante sin concretar: cuenta la peor de 2 del anexo,12,"por CAS: 2 variantes, cuenta la peor",,,,,,,,,,,,,,,,,,,,
fig:2798,RoA,usuario,RoA,,A,,,Rose absolute,90106-38-0,,,,,,natural,absolute,,Floral,Rose,Creamy,,fig ifra-anexo,,,por-constituyentes,,10,por nombre,,,,,,,,,,,,,,,,,,,,
fig:2799,RsA,usuario,RsA,,A,,,Rose absolute,8007-01-0,,,,,,natural,absolute,,Floral,Rose,Green,,fig ifra-anexo,,,por-constituyentes,variante sin concretar: cuenta la peor de 2 del anexo,12,"por CAS: 2 variantes, cuenta la peor",,,,,,,,,,,,,,,,,,,,
fig:2800,RC,usuario,RC,,,,,Rose centifolia alcoholate,8007-01-0,,,,,,natural,,,Floral,Rose,Green,,fig ifra-anexo,,,por-constituyentes,variante sin concretar: cuenta la peor de 2 del anexo,12,"por CAS: 2 variantes, cuenta la peor",,,,,,,,,,,,,,,,,,,,
fig:2801,RCE,usuario,RCE,,E,,,Rose centifolia CO2 extract,8007-01-0,,,,,,natural,extract,,Floral,Rose,Green,,fig ifra-anexo,,,por-constituyentes,variante sin concretar: cuenta la peor de 2 del anexo,12,"por CAS: 2 variantes, cuenta la peor",,,,,,,,,,,,,,,,,,,,
fig:2802,RCO,usuario,RCO,,O,,,Rose centifolia oil expressed (low methyleugenol),8007-01-0,,,,,,natural,oil,,Floral,Rose,Green,,fig ifra-anexo,,,por-constituyentes,variante sin concretar: cuenta la peor de 2 del anexo,12,"por CAS: 2 variantes, cuenta la peor",,,,,,,,,,,,,,,,,,,,
fig:2803,ROCE,usuario,ROCE,,E,,,Rose CO2 extract,8007-01-0,,,,,,natural,extract,,Floral,Rose,Green,,fig ifra-anexo,,,por-constituyentes,variante sin concretar: cuenta la peor de 2 del anexo,12,"por CAS: 2 variantes, cuenta la peor",,,,,,,,,,,,,,,,,,,,
fig:2804,RoC,usuario,RoC,,C,,,Rose concrete,8007-01-0,,,,,,natural,concrete,,Floral,Rose,Warm,,fig ifra-anexo,,,por-constituyentes,,7,por nombre,,,,,,,,,,,,,,,,,,,,
fig:2805,RoE,usuario,RoE,,E,,,Rose extract,8007-01-0,,,,,,natural,extract,,Floral,Rose,Green,,fig ifra-anexo,,,por-constituyentes,variante sin concretar: cuenta la peor de 2 del anexo,12,"por CAS: 2 variantes, cuenta la peor",,,,,,,,,,,,,,,,,,,,
fig:2806,RsE,usuario,RsE,,E,,,Rose extract,8007-01-0,,,,,,natural,extract,,Floral,Rose,Green,,fig ifra-anexo,,,por-constituyentes,variante sin concretar: cuenta la peor de 2 del anexo,12,"por CAS: 2 variantes, cuenta la peor",,,,,,,,,,,,,,,,,,,,
fig:2807,RoO,usuario,RoO,,O,,,Rose oil,8007-01-0,,,,,,natural,oil,,Floral,Rose,Green,,fig ifra-anexo,,,por-constituyentes,,12,por nombre,,,,,,,,,,,,,,,,,,,,
fig:2808,RsO,usuario,RsO,,O,,,Rose oil,8007-01-0,,,,,,natural,oil,,Floral,Rose,Green,,fig ifra-anexo,,,por-constituyentes,variante sin concretar: cuenta la peor de 2 del anexo,12,"por CAS: 2 variantes, cuenta la peor",,,,,,,,,,,,,,,,,,,,
fig:2809,RLO,usuario,RLO,,O,,,Rose oil (low methyleugenol),8007-01-0,,,,,,natural,oil,,Floral,Rose,Green,,fig ifra-anexo,,,por-constituyentes,variante sin concretar: cuenta la peor de 2 del anexo,12,"por CAS: 2 variantes, cuenta la peor",,,,,,,,,,,,,,,,,,,,
fig:2810,RFO,usuario,RFO,,O,,,"Rose oil, folded",8007-01-0,,,,,,natural,oil,,Floral,Rose,Green,,fig ifra-anexo,,,por-constituyentes,variante sin concretar: cuenta la peor de 2 del anexo,12,"por CAS: 2 variantes, cuenta la peor",,,,,,,,,,,,,,,,,,,,
fig:2811,RL,usuario,RL,,,,,Rose oxide levo,3033-23-6,,,,,,molécula,,,Floral,Woody,Dry,,fig,,,sin-estandar,,,,,,,,,,,,,,,,,,,,,,,
fig:2812,RoT,usuario,RoT,,T,,,Rose tincture,8007-01-0,,,,,,natural,tincture,,Floral,Rose,Green,,fig ifra-anexo,,,por-constituyentes,variante sin concretar: cuenta la peor de 2 del anexo,12,"por CAS: 2 variantes, cuenta la peor",,,,,,,,,,,,,,,,,,,,
fig:2813,RsT,usuario,RsT,,T,,,Rose tincture,8007-01-0,,,,,,natural,tincture,,Floral,Rose,Green,,fig ifra-anexo,,,por-constituyentes,variante sin concretar: cuenta la peor de 2 del anexo,12,"por CAS: 2 variantes, cuenta la peor",,,,,,,,,,,,,,,,,,,,
fig:2814,RWO,usuario,RWO,,O,,,Rose water oil,8007-01-0,,,,,,natural,oil,,Floral,Rose,Green,,fig ifra-anexo,,,por-constituyentes,variante sin concretar: cuenta la peor de 2 del anexo,12,"por CAS: 2 variantes, cuenta la peor",,,,,,,,,,,,,,,,,,,,
fig:2815,ReA,usuario,ReA,,A,,,Rosemary absolute,8000-25-7,,,,,,natural,absolute,,Herbal,Aromatic,Fresh,,fig,,,sin-dato,,,,,,,,,,,,,,,,,,,,,,,
fig:2816,ReE,usuario,ReE,,E,,,Rosemary extract,8000-25-7,,,,,,natural,extract,,Herbal,Aromatic,Fresh,,fig,,,sin-dato,,,,,,,,,,,,,,,,,,,,,,,
fig:2817,ReO,usuario,ReO,,O,,,Rosemary oil,8000-25-7,,,,,,natural,oil,,Herbal,Aromatic,Fresh,,fig,,,sin-dato,,,,,,,,,,,,,,,,,,,,,,,
fig:2818,RmO,usuario,RmO,,O,,,"Rosemary oil, rectified",8000-25-7,,,,,,natural,oil,,Herbal,Aromatic,Fresh,,fig,,,sin-dato,,,,,,,,,,,,,,,,,,,,,,,
fig:2819,ROO,usuario,ROO,,,,,"Rosemary oils, terpene-free",68917-54-4,,,,,,molécula,,,Camphoraceous,Rosemary,Herbal,,fig,,,sin-estandar,,,,,,,,,,,,,,,,,,,,,,,
fig:2820,RwO,usuario,RwO,,O,,,Rosewood oil,8015-77-8,,,,,,natural,oil,,Floral,Citrus,Coriander,,fig ifra-anexo,,,por-constituyentes,,2,por nombre,,,,,,,,,,,,,,,,,,,,
fig:2821,RIA,usuario,RIA,,A,,,Rubus idaeus absolute,72379-31-8,,,,,,natural,absolute,,Fruity,Raspberry,Green,,fig,,,sin-dato,,,,,,,,,,,,,,,,,,,,,,,
fig:2822,RI,usuario,RI,,,,,Rubus idaeus alcoholate,72379-31-8,,,,,,molécula,,,Fruity,Raspberry,Green,,fig,,,sin-estandar,,,,,,,,,,,,,,,,,,,,,,,
fig:2823,RIE,usuario,RIE,,E,,,Rubus idaeus extract,72379-31-8,,,,,,natural,extract,,Fruity,Raspberry,Sweet,,fig,,,sin-dato,,,,,,,,,,,,,,,,,,,,,,,
fig:2824,RuO,usuario,RuO,,O,,,Rue oil,8014-29-7,,,,,,natural,oil,,Herbal,Fruity,Sharp,,fig ifra-estandar,IFRA_STD_096,Rue oil,con-techo,constituyentes: sin dato en el anexo,,,0.15,0.15,0.15,0.15,0.15,0.15,0.15,0.15,0.15,sin-restriccion,0.15,0.15,sin-restriccion,sin-restriccion,0.15,sin-restriccion,0.15,sin-restriccion,,
fig:2825,RNE,usuario,RNE,,E,,,Rum (non-concentrated) extract,943609-24-3,,,,,,natural,extract,,Fruity,Rum,Fresh,,fig,,,sin-dato,,,,,,,,,,,,,,,,,,,,,,,
fig:2826,RuA,usuario,RuA,,A,,,Rum absolute,943609-24-3,,,,,,natural,absolute,,Fruity,Rum,Fresh,,fig,,,sin-dato,,,,,,,,,,,,,,,,,,,,,,,
fig:2827,RUCE,usuario,RUCE,,E,,,Rum CO2 extract,943609-24-3,,,,,,natural,extract,,Fruity,Rum,Fresh,,fig,,,sin-dato,,,,,,,,,,,,,,,,,,,,,,,
fig:2828,RCOE,usuario,RCOE,,E,,,Rum CO2 extract,943609-24-3,,,,,,natural,extract,,Fruity,Rum,Fresh,,fig,,,sin-dato,,,,,,,,,,,,,,,,,,,,,,,
fig:2829,RE,usuario,RE,,,,,Rum ether,8030-89-5,,,,,,molécula,,,Fruity,Fermented,Ethereal,,fig,,,sin-estandar,,,,,,,,,,,,,,,,,,,,,,,
fig:2830,RuE,usuario,RuE,,E,,,Rum extract,943609-24-3,,,,,,natural,extract,,Fruity,Rum,Fresh,,fig,,,sin-dato,,,,,,,,,,,,,,,,,,,,,,,
fig:2831,MM25,usuario,MM25,,,,,S-(1-Methylpropyl) 3-methylbut-2-enethioate,34322-09-3,,,,,,molécula,,,Green,Herbal,Spicy,,fig,,,sin-estandar,,,,,,,,,,,,,,,,,,,,,,,
fig:2832,MM26,usuario,MM26,,,,,S-1-Methylethyl 3-methylbut-2-enethioate,34365-79-2,,,,,,molécula,,,Green,Herbal,Leafy,,fig,,,sin-estandar,,,,,,,,,,,,,,,,,,,,,,,
fig:2833,BM10,usuario,BM10,,,,,S-2-Butyl 3-methylbutanethioate,2432-91-9,,,,,,molécula,,,Green,Herbal,Leafy,,fig,,,sin-estandar,,,,,,,,,,,,,,,,,,,,,,,
fig:2834,Sa,usuario,Sa,,,,,Sabinene,3387-41-5,,,,,,molécula,,,Balsamic,Woody,Pine,,fig,,,sin-estandar,,,,,,,,,,,,,,,,,,,,,,,
fig:2835,SaA,usuario,SaA,,A,,,Saffron absolute,8022-19-3,,,,,,natural,absolute,,Spicy,Saffron,Dry,,fig,,,sin-dato,,,,,,,,,,,,,,,,,,,,,,,
fig:2836,SaD,usuario,SaD,,D,,,Saffron distillate,8022-19-3,,,,,,natural,distillate,,Spicy,Saffron,Dry,,fig,,,sin-dato,,,,,,,,,,,,,,,,,,,,,,,
fig:2837,SaE,usuario,SaE,,E,,,Saffron extract,8022-19-3,,,,,,natural,extract,,Spicy,Saffron,Herbal,,fig,,,sin-dato,,,,,,,,,,,,,,,,,,,,,,,
fig:2838,SDO,usuario,SDO,,O,,,Sage Dalmatian oil,8022-56-8,,,,,,natural,oil,,Herbal,Sage,Green,,fig ifra-anexo,,,por-constituyentes,,1,por nombre,,,,,,,,,,,,,,,,,,,,
fig:2839,SSO,usuario,SSO,,O,,,"Sage oil, Spanish",8022-56-8,,,,,,natural,oil,,Herbal,Sage,Green,,fig ifra-anexo,,,por-constituyentes,,2,por nombre,,,,,,,,,,,,,,,,,,,,
fig:2840,Sl,usuario,Sl,,,,,Salicylaldehyde,90-02-8,,,,,,molécula,,,Spicy,Medicinal,Cinnamon,,fig,,,sin-estandar,,,,,,,,,,,,,,,,,,,,,,,
fig:2841,SnA,usuario,SnA,,A,,,Sandalwood absolute,1070895-66-7,,,,,,natural,absolute,,Woody,Sandalwood,Warm,,fig,,,sin-dato,,,,,,,,,,,,,,,,,,,,,,,
fig:2842,SnE,usuario,SnE,,E,,,Sandalwood extract,1070895-66-7,,,,,,natural,extract,,Woody,Creamy,Sandalwood,,fig,,,sin-dato,,,,,,,,,,,,,,,,,,,,,,,
fig:2843,SaO,usuario,SaO,,O,,,Sandalwood oil,8006-87-9,,,,,,natural,oil,,Woody,Sandalwood,Warm,,fig ifra-anexo,,,por-constituyentes,,1,por nombre,,,,,,,,,,,,,,,,,,,,
fig:2844,SAO,usuario,SAO,,O,,,"Sandalwood oil, acetylated",68917-53-3,,,,,,natural,oil,,Woody,Sandalwood,Oily,,fig,,,sin-dato,,,,,,,,,,,,,,,,,,,,,,,
fig:2845,SAAO,usuario,SAAO,,O,,,"Sandalwood oil, Australian",8024-35-9,,,,,,natural,oil,,Woody,Sandalwood,Creamy,,fig ifra-anexo,,,por-constituyentes,,2,por nombre,,,,,,,,,,,,,,,,,,,,
fig:2846,SAUO,usuario,SAUO,,O,,,"Sandalwood oil, Australian, rectified",8024-35-9,,,,,,natural,oil,,Woody,Sandalwood,Creamy,,fig ifra-anexo,,,por-constituyentes,,2,por CAS,,,,,,,,,,,,,,,,,,,,
fig:2847,SnO,usuario,SnO,,O,,,"Sandalwood oil, rectified",1070895-66-7,,,,,,natural,oil,,Woody,Creamy,Sandalwood,,fig,,,sin-dato,,,,,,,,,,,,,,,,,,,,,,,
fig:2848,Sn,usuario,Sn,,,,,Santalol,11031-45-1,,,,,,molécula,,,Woody,Sandalwood,Creamy,,fig,,,sin-estandar,,,,,,,,,,,,,,,,,,,,,,,
fig:2849,SA,usuario,SA,,,,,Santalyl acetate,1323-00-8,,,,,,molécula,,,Woody,Sandalwood,Oily,,fig,,,sin-estandar,,,,,,,,,,,,,,,,,,,,,,,
fig:2850,SME,usuario,SME,,E,,,Sarcocaulon mossamedense extract,1365254-19-8,,,,,,natural,extract,,Woody,Incense,Balsamic,,fig,,,sin-dato,,,,,,,,,,,,,,,,,,,,,,,
fig:2851,SrO,usuario,SrO,,O,,,Sarcodactylis oil,85085-28-5,,,,,,natural,oil,,Citrus,Lemon,Fruity,,fig,,,sin-dato,,,,,,,,,,,,,,,,,,,,,,,
fig:2852,SsO,usuario,SsO,,O,,,Sassafras oil,8006-80-2,,,,,,natural,oil,,Spicy,Camphoraceous,Woody,,fig ifra-anexo,,,por-constituyentes,,3,por CAS,,,,,,,,,,,,,,,,,,,,
fig:2853,SASO,usuario,SASO,,O,,,Savory summer oil,8016-68-0,,,,,,natural,oil,,Herbal,Aromatic,Green,,fig ifra-anexo,,,por-constituyentes,,1,por nombre,,,,,,,,,,,,,,,,,,,,
fig:2854,SWO,usuario,SWO,,O,,,Savory winter oil,90106-57-3,,,,,,natural,oil,,Herbal,Aromatic,Medicinal,,fig ifra-anexo,,,por-constituyentes,,4,por nombre,,,,,,,,,,,,,,,,,,,,
fig:2855,SMO,usuario,SMO,,O,,,Schinus molle oil,68917-52-2,,,,,,natural,oil,,Spicy,Aromatic,Peppery,,fig ifra-anexo,,,por-constituyentes,,4,por nombre,,,,,,,,,,,,,,,,,,,,
fig:2856,SCE,usuario,SCE,,E,,,Schinus molle oil CO2 extract,68917-52-2,,,,,,natural,extract,,Spicy,Aromatic,Peppery,,fig ifra-anexo,,,por-constituyentes,,4,por CAS,,,,,,,,,,,,,,,,,,,,
fig:2857,STO,usuario,STO,,O,,,Schinus molle oil terpenless,68917-52-2,,,,,,natural,oil,,Spicy,Aromatic,Peppery,,fig ifra-anexo,,,por-constituyentes,,4,por CAS,,,,,,,,,,,,,,,,,,,,
fig:2858,SCMO,usuario,SCMO,,O,,,"Schinus molle oil, rectified",68917-52-2,,,,,,natural,oil,,Spicy,Aromatic,Peppery,,fig ifra-anexo,,,por-constituyentes,,4,por CAS,,,,,,,,,,,,,,,,,,,,
fig:2859,STE,usuario,STE,,E,,,Schinus terebenthifolius CO2 extract,949495-68-5,,,,,,natural,extract,,Spicy,Peppery,Floral,,fig ifra-anexo,,,por-constituyentes,,2,por nombre,,,,,,,,,,,,,,,,,,,,
fig:2860,SCTO,usuario,SCTO,,O,,,Schinus terebinthifolius oil,949495-68-5,,,,,,natural,oil,,Spicy,Dry,Peppery,,fig ifra-anexo,,,por-constituyentes,,2,por CAS,,,,,,,,,,,,,,,,,,,,
fig:2861,Sc,usuario,Sc,,,,,Sclareol,515-03-7,,,,,,molécula,,,Balsamic,Amber,Sage,,fig ifra-estandar,IFRA_STD_183,Sclareol,condicion,especificación (STD 183),,,,,,,,,,,,,,,,,,,,,,"Labd-14-ene-8,13-diol | 1-Naphthalenepropanol,decahydro-alpha-ethenyl-2-hydroxy- alpha,2,5,5,8apentamethyl-, (1R-(1-alpha(R*),2-beta,4a-beta,8a-alpha))-"
fig:2862,Sr,usuario,Sr,,,,,Sclareolide,564-20-5,,,,,,molécula,,,Woody,Dry,Amber,,fig,,,sin-estandar,,,,,,,,,,,,,,,,,,,,,,,
fig:2863,SBA,usuario,SBA,,A,,,Scotch broom absolute,8023-80-1,,,,,,natural,absolute,,Floral,Jasmin,Honey,,fig,,,sin-dato,,,,,,,,,,,,,,,,,,,,,,,
fig:2864,SBO,usuario,SBO,,O,,,Scotch broom oil,8023-80-1,,,,,,natural,oil,,Floral,Hay,Honey,,fig,,,sin-dato,,,,,,,,,,,,,,,,,,,,,,,
fig:2865,BEE,usuario,BEE,,,,,sec-Butyl ethyl ether,2679-87-0,,,,,,molécula,,,Fruity,Berry,Oily,,fig,,,sin-estandar,,,,,,,,,,,,,,,,,,,,,,,
fig:2866,Bu9,usuario,Bu9,,,,,sec-Butylquinoline,68198-80-1,,,,,,molécula,,,Animal like,Leathery,Green,,fig,,,sin-estandar,,,,,,,,,,,,,,,,,,,,,,,
fig:2867,SSE,usuario,SSE,,E,,,Sesame seed CO2 extract,8008-74-0,,,,,,natural,extract,,Food Like,Sesame,Toasted,,fig,,,sin-dato,,,,,,,,,,,,,,,,,,,,,,,
fig:2868,SSD,usuario,SSD,,D,,,Sesame seed distillate,8008-74-0,,,,,,natural,distillate,,Food Like,Sesame,Toasted,,fig,,,sin-dato,,,,,,,,,,,,,,,,,,,,,,,
fig:2869,SESE,usuario,SESE,,E,,,Sesame seed extract,8008-74-0,,,,,,natural,extract,,Food Like,Sesame,Toasted,,fig,,,sin-dato,,,,,,,,,,,,,,,,,,,,,,,
fig:2870,SESO,usuario,SESO,,O,,,Sesame seed oil,8008-74-0,,,,,,natural,oil,,Food Like,Sesame,Toasted,,fig,,,sin-dato,,,,,,,,,,,,,,,,,,,,,,,
fig:2871,SPE,usuario,SPE,,E,,,Sichuan pepper CO2 extract,102242-62-6,,,,,,natural,extract,,Citrus,Peppery,Grapefruit,,fig,,,sin-dato,,,,,,,,,,,,,,,,,,,,,,,
fig:2872,IM11,usuario,IM11,,,,,S-Isopropyl 3-methylthiobutyrate,34322-06-0,,,,,,molécula,,,Green,Galbanum,Sulfurous,,fig,,,sin-estandar,,,,,,,,,,,,,,,,,,,,,,,
fig:2873,Sk,usuario,Sk,,,,,Skatole,83-34-1,,,,,,molécula,,,Animal like,Indolic,Floral,,fig,,,sin-estandar,,,,,,,,,,,,,,,,,,,,,,,
fig:2874,SpO,usuario,SpO,,O,,,"Spearmint oil, 60%",91770-24-0,,,,,,natural,oil,,Minty,Spearmint,Herbal,,fig,,,sin-dato,,,,,,,,,,,,,,,,,,,,,,,
fig:2875,SPSO,usuario,SPSO,,O,,,"Spearmint oil, Scotch",91770-24-0,,,,,,natural,oil,,Minty,Spearmint,Herbal,,fig ifra-anexo,,,por-constituyentes,,3,por nombre,,,,,,,,,,,,,,,,,,,,
fig:2876,SSCO,usuario,SSCO,,O,,,"Spearmint oil, Scotch, rectified",91770-24-0,,,,,,natural,oil,,Minty,Spearmint,Herbal,,fig,,,sin-dato,,,,,,,,,,,,,,,,,,,,,,,
fig:2877,SpA,usuario,SpA,,A,,,Spearminty absolute,8008-79-5,,,,,,natural,absolute,,Minty,Herbal,Green,,fig ifra-anexo,,,por-constituyentes,,3,por CAS,,,,,,,,,,,,,,,,,,,,
fig:2878,SPCE,usuario,SPCE,,E,,,Spearminty CO2 extract,8008-79-5,,,,,,natural,extract,,Minty,Herbal,Green,,fig ifra-anexo,,,por-constituyentes,,3,por CAS,,,,,,,,,,,,,,,,,,,,
fig:2879,SpE,usuario,SpE,,E,,,Spearminty extract,8008-79-5,,,,,,natural,extract,,Minty,Herbal,Green,,fig ifra-anexo,,,por-constituyentes,,3,por CAS,,,,,,,,,,,,,,,,,,,,
fig:2880,SeO,usuario,SeO,,O,,,Spearminty oil,8008-79-5,,,,,,natural,oil,,Minty,Herbal,Green,,fig ifra-anexo,,,por-constituyentes,,3,por CAS,,,,,,,,,,,,,,,,,,,,
fig:2881,SpP,usuario,SpP,,P,,,Spearminty oil terpenes,8008-79-5,,,,,,natural,terpenes,,Minty,Herbal,Green,,fig ifra-anexo,,,por-constituyentes,,3,por CAS,,,,,,,,,,,,,,,,,,,,
fig:2882,SpeO,usuario,SpeO,,O,,,"Spearminty oil, rectified",8008-79-5,,,,,,natural,oil,,Minty,Herbal,Green,,fig ifra-anexo,,,por-constituyentes,,3,por CAS,,,,,,,,,,,,,,,,,,,,
fig:2883,SpO2,usuario,SpO2,,O,,,"Spearminty oil, terpeneless",68917-46-4,,,,,,natural,oil,,Minty,Green,Camphoraceous,,fig,,,sin-dato,,,,,,,,,,,,,,,,,,,,,,,
fig:2884,SLO,usuario,SLO,,O,,,Spike lavender oil,8016-78-2,,,,,,natural,oil,,Floral,Herbal,Lavender,,fig ifra-anexo,,,por-constituyentes,,2,por nombre,,,,,,,,,,,,,,,,,,,,
fig:2885,SiO,usuario,SiO,,O,,,Spikenard oil,8022-22-8,,,,,,natural,oil,,Spicy,Sweet,Woody,,fig,,,sin-dato,,,,,,,,,,,,,,,,,,,,,,,
fig:2886,SD,usuario,SD,,,,,"Spiro[1,3-dioxolane-2,8'(5'H)-[2H-2,4a]methanonaphthalene], hexahydro-1',1',5',5'-",154171-76-3,,,,,,molécula,,,Woody,Amber,Cedarwood tetramethyl-,,fig,,,sin-estandar,,,,,,,,,,,,,,,,,,,,,,,
fig:2887,SM,usuario,SM,,,,,"Spiro[1,3-dioxolane-2,8'(5'H)-[2H-2,4a]methanonaphthalene],hexahydro-1',1',5',5'-",154171-77-4,,,,,,molécula,,,Woody,Dry,"Vetiver tetramethyl-, [2'S-(2'.alpha.,4'a.alpha.,8'a.alpha.)]-",,fig,,,sin-estandar,,,,,,,,,,,,,,,,,,,,,,,
fig:2888,SU,usuario,SU,,,,,"Spiro[5.5]undec-8-en-1-one, 2,2,7,9-tetramethyl-",502847-01-0,,,,,,molécula,,,Herbal,Sage,Citrus,,fig,,,sin-estandar,,,,,,,,,,,,,,,,,,,,,,,
fig:2889,SB,usuario,SB,,,,,"Spiro[bicyclo[2.2.1]heptane-s,4'-[1,2]dioxane], 1,7,7-trimethyl-2'-(methylethyl)-,",188199-50-0,,,,,,molécula,,,Woody,Amber,"Balsamic (1R,2S,2'S,4R)",,fig,,,sin-estandar,,,,,,,,,,,,,,,,,,,,,,,
fig:2890,SH,usuario,SH,,,,,"Spiro[bicyclo[4.1.0]heptane-2,5'-[1,3]dioxane], 2',2',3,7,7-pentamethyl-,",121251-67-0,,,,,,molécula,,,Woody,Amber,"Dry (1.alpha.,3.alpha.,6.alpha.)-",,fig,,,sin-estandar,,,,,,,,,,,,,,,,,,,,,,,
fig:2891,SP,usuario,SP,,,,,"Spiro[bicyclo[4.1.0]heptane-2,5'-[1,3]dioxane], 2',2',3,7,7-pentamethyl-,",121251-68-1,,,,,,molécula,,,Amber,Woody,"Spicy (1.alpha.,3.beta.,6.alpha.)-",,fig,,,sin-estandar,,,,,,,,,,,,,,,,,,,,,,,
fig:2892,SE,usuario,SE,,,,,"Spiro{5.5}undec-8-en-1-ol,2,2,9,11-tetramethyl-,1-acetate",678981-31-2,,,,,,molécula,,,Woody,Amber,Powdery,,fig,,,sin-estandar,,,,,,,,,,,,,,,,,,,,,,,
fig:2893,SPBO,usuario,SPBO,,O,,,"Spruce oil, Black",8008-80-8,,,,,,natural,oil,,Herbal,Pine,Woody,,fig ifra-anexo,,,por-constituyentes,"familia, por el nombre: pináceas: índice de peróxidos (STD 184)",3,por nombre,,,,,,,,,,,,,,,,,,,,
fig:2894,SAE,usuario,SAE,,E,,,Star anise CO2 extract,68952-43-2,,,,,,natural,extract,,Anisic,Sweet,Spicy,,fig ifra-anexo,,,por-constituyentes,,3,por CAS,,,,,,,,,,,,,,,,,,,,
fig:2895,STAE,usuario,STAE,,E,,,Star anise extract,68952-43-2,,,,,,natural,extract,,Anisic,Sweet,Spicy,,fig ifra-anexo,,,por-constituyentes,,3,por CAS,,,,,,,,,,,,,,,,,,,,
fig:2896,STAO,usuario,STAO,,O,,,Star anise oil,68952-43-2,,,,,,natural,oil,,Anisic,Sweet,Spicy,,fig ifra-anexo,,,por-constituyentes,,3,por nombre,,,,,,,,,,,,,,,,,,,,
fig:2897,SANO,usuario,SANO,,O,,,Star anise oil terpeneless,72869-72-8,,,,,,natural,oil,,Anisic,Sweet,Spicy,,fig,,,sin-dato,,,,,,,,,,,,,,,,,,,,,,,
fig:2898,SAP,usuario,SAP,,P,,,Star anise oil terpenes,68952-43-2,,,,,,natural,terpenes,,Anisic,Sweet,Spicy,,fig ifra-anexo,,,por-constituyentes,,3,por CAS,,,,,,,,,,,,,,,,,,,,
fig:2899,StE,usuario,StE,,E,,,Strawberry extract,90131-36-5,,,,,,natural,extract,,Fruity,Strawberry,Raspberry,,fig,,,sin-dato,,,,,,,,,,,,,,,,,,,,,,,
fig:2900,SS,usuario,SS,,,,,"Styrax (balsam), American, saponified",91845-51-1,,,,,,molécula,,,Balsamic,Amber,Leathery,,fig,,,sin-estandar,,,,,,,,,,,,,,,,,,,,,,,
fig:2901,StA,usuario,StA,,A,,,Styrax absolute,8024-01-9,,,,,,natural,absolute,,Balsamic,Amber,Floral,,fig ifra-anexo ifra-estandar,IFRA_STD_078,Styrax,con-techo,especificación (STD 078) · una variante está prohibida (STD 078),4,por nombre,0.12,0.034,0.69,0.64,0.16,0.16,0.16,0.16,0.38,1.3,1.3,0.068,1.3,4.5,4.5,2.5,2.5,sin-restriccion,,
fig:2902,SLA,usuario,SLA,,A,,,Styrax absolute (low sytrene),8046-19-3,,,,,,natural,absolute,,Balsamic,Amber,Floral,,fig ifra-anexo ifra-estandar,IFRA_STD_078,Styrax,con-techo,especificación (STD 078) · una variante está prohibida (STD 078) · variante sin concretar: cuenta la peor de 6 del anexo · un constituyente del anexo no está en el índice: sin techo que aplicar,9,"por CAS: 6 variantes, cuenta la peor",0.12,0.034,0.69,0.64,0.16,0.16,0.16,0.16,0.38,1.3,1.3,0.068,1.3,4.5,4.5,2.5,2.5,sin-restriccion,,
fig:2903,SHA,usuario,SHA,,A,,,"Styrax absolute, Honduras",8046-19-3,,,,,,natural,absolute,,Balsamic,Amber,Floral,,fig ifra-anexo ifra-estandar,IFRA_STD_078,Styrax,con-techo,especificación (STD 078) · una variante está prohibida (STD 078) · variante sin concretar: cuenta la peor de 6 del anexo · un constituyente del anexo no está en el índice: sin techo que aplicar,9,"por CAS: 6 variantes, cuenta la peor",0.12,0.034,0.69,0.64,0.16,0.16,0.16,0.16,0.38,1.3,1.3,0.068,1.3,4.5,4.5,2.5,2.5,sin-restriccion,,
fig:2904,StD,usuario,StD,,D,,,Styrax distillate,8024-01-9,,,,,,natural,distillate,,Balsamic,Amber,Floral,,fig ifra-anexo ifra-estandar,IFRA_STD_078,Styrax,con-techo,especificación (STD 078) · una variante está prohibida (STD 078),3,por CAS,0.12,0.034,0.69,0.64,0.16,0.16,0.16,0.16,0.38,1.3,1.3,0.068,1.3,4.5,4.5,2.5,2.5,sin-restriccion,,
fig:2905,SEP,usuario,SEP,,,,,Styrax essence pyrogenated,8046-19-3,,,,,,natural,,,Balsamic,Amber,Leathery,,fig ifra-anexo ifra-estandar,IFRA_STD_078,Styrax,con-techo,especificación (STD 078) · una variante está prohibida (STD 078),4,por nombre,0.12,0.034,0.69,0.64,0.16,0.16,0.16,0.16,0.38,1.3,1.3,0.068,1.3,4.5,4.5,2.5,2.5,sin-restriccion,,
fig:2906,SyE,usuario,SyE,,E,,,Styrax extract,8046-19-3,,,,,,natural,extract,,Balsamic,Amber,Floral,,fig ifra-anexo ifra-estandar,IFRA_STD_078,Styrax,con-techo,especificación (STD 078) · una variante está prohibida (STD 078) · un constituyente del anexo no está en el índice: sin techo que aplicar,5,por nombre,0.12,0.034,0.69,0.64,0.16,0.16,0.16,0.16,0.38,1.3,1.3,0.068,1.3,4.5,4.5,2.5,2.5,sin-restriccion,,
fig:2907,StO,usuario,StO,,O,,,Styrax oil,8046-19-3,,,,,,natural,oil,,Balsamic,Amber,Floral,,fig ifra-anexo ifra-estandar,IFRA_STD_078,Styrax,con-techo,especificación (STD 078) · una variante está prohibida (STD 078) · un constituyente del anexo no está en el índice: sin techo que aplicar,6,por nombre,0.12,0.034,0.69,0.64,0.16,0.16,0.16,0.16,0.38,1.3,1.3,0.068,1.3,4.5,4.5,2.5,2.5,sin-restriccion,,
fig:2908,SHO,usuario,SHO,,O,,,"Styrax oil, Honduras",8046-19-3,,,,,,natural,oil,,Balsamic,Amber,Floral,,fig ifra-anexo ifra-estandar,IFRA_STD_078,Styrax,con-techo,especificación (STD 078) · una variante está prohibida (STD 078),4,por nombre,0.12,0.034,0.69,0.64,0.16,0.16,0.16,0.16,0.38,1.3,1.3,0.068,1.3,4.5,4.5,2.5,2.5,sin-restriccion,,
fig:2909,SOO,usuario,SOO,,O,,,"Styrax oil, Oriental",8024-01-9,,,,,,natural,oil,,Balsamic,Amber,Floral,,fig ifra-anexo ifra-estandar,IFRA_STD_078,Styrax,con-techo,especificación (STD 078) · una variante está prohibida (STD 078),3,por CAS,0.12,0.034,0.69,0.64,0.16,0.16,0.16,0.16,0.38,1.3,1.3,0.068,1.3,4.5,4.5,2.5,2.5,sin-restriccion,,
fig:2910,STOO,usuario,STOO,,O,,,"Styrax oil, Oriental",8024-01-9,,,,,,natural,oil,,Balsamic,Amber,Floral,,fig ifra-anexo ifra-estandar,IFRA_STD_078,Styrax,con-techo,especificación (STD 078) · una variante está prohibida (STD 078),3,por CAS,0.12,0.034,0.69,0.64,0.16,0.16,0.16,0.16,0.38,1.3,1.3,0.068,1.3,4.5,4.5,2.5,2.5,sin-restriccion,,
fig:2911,SPO,usuario,SPO,,O,,,"Styrax oil, pyrogenated",8024-01-9,,,,,,natural,oil,,Balsamic,Amber,Floral,,fig ifra-anexo ifra-estandar,IFRA_STD_078,Styrax,con-techo,especificación (STD 078) · una variante está prohibida (STD 078),3,por nombre,0.12,0.034,0.69,0.64,0.16,0.16,0.16,0.16,0.38,1.3,1.3,0.068,1.3,4.5,4.5,2.5,2.5,sin-restriccion,,
fig:2912,STPO,usuario,STPO,,O,,,"Styrax oil, pyrogenated, distilled",8024-01-9,,,,,,natural,oil,,Balsamic,Amber,Floral,,fig ifra-anexo ifra-estandar,IFRA_STD_078,Styrax,con-techo,especificación (STD 078) · una variante está prohibida (STD 078),3,por CAS,0.12,0.034,0.69,0.64,0.16,0.16,0.16,0.16,0.38,1.3,1.3,0.068,1.3,4.5,4.5,2.5,2.5,sin-restriccion,,
fig:2913,SR,usuario,SR,,,,,Styrax resin,8046-19-3,,,,,,natural,,,Balsamic,Amber,Floral,,fig ifra-anexo ifra-estandar,IFRA_STD_078,Styrax,con-techo,especificación (STD 078) · una variante está prohibida (STD 078) · variante sin concretar: cuenta la peor de 6 del anexo · un constituyente del anexo no está en el índice: sin techo que aplicar,9,"por CAS: 6 variantes, cuenta la peor",0.12,0.034,0.69,0.64,0.16,0.16,0.16,0.16,0.38,1.3,1.3,0.068,1.3,4.5,4.5,2.5,2.5,sin-restriccion,,
fig:2914,StR,usuario,StR,,R,,,Styrax resinoid,8046-19-3,,,,,,natural,resinoid,,Balsamic,Amber,Floral,,fig ifra-anexo ifra-estandar,IFRA_STD_078,Styrax,con-techo,especificación (STD 078) · una variante está prohibida (STD 078) · un constituyente del anexo no está en el índice: sin techo que aplicar,4,por nombre,0.12,0.034,0.69,0.64,0.16,0.16,0.16,0.16,0.38,1.3,1.3,0.068,1.3,4.5,4.5,2.5,2.5,sin-restriccion,,
fig:2915,St,usuario,St,,,,,Styrene,100-42-5,,,,,,molécula,,,Floral,Balsamic,Powdery,,fig,,,sin-estandar,,,,,,,,,,,,,,,,,,,,,,,
fig:2916,STA,usuario,STA,,,,,Styryl acetate,10521-96-7,,,,,,molécula,,,Fruity,Sweet,Pear,,fig,,,sin-estandar,,,,,,,,,,,,,,,,,,,,,,,
fig:2917,TEA,usuario,TEA,,A,,,Tagetes erecta absolute,8016-84-0,,,,,,natural,absolute,,Herbal,Floral,Minty,,fig ifra-anexo ifra-estandar,IFRA_STD_097,Tagetes oil and absolute,prohibido,especificación (STD 097) · una variante está prohibida (STD 097) · grupo del estándar: Prohibition of Tagetes erecta (STD 097) · grupo del estándar: Restriction and Specification of Tagetes patula and Tagetes minuta (STD 097) · mismo CAS que «Tagetes oil and absolute» (STD 097): comprobar la variante,1,por CAS,0.01,0.01,0.01,0.01,0.01,0.01,0.01,0.01,0.1,0.1,0.01,0.01,0.1,0.1,0.01,sin-restriccion,0.01,sin-restriccion,,
fig:2918,TAEE,usuario,TAEE,,E,,,Tagetes erecta extract,8016-84-0,,,,,,natural,extract,,Herbal,Floral,Minty,,fig ifra-anexo ifra-estandar,IFRA_STD_097,Tagetes oil and absolute,prohibido,especificación (STD 097) · una variante está prohibida (STD 097) · grupo del estándar: Prohibition of Tagetes erecta (STD 097) · grupo del estándar: Restriction and Specification of Tagetes patula and Tagetes minuta (STD 097) · mismo CAS que «Tagetes oil and absolute» (STD 097): comprobar la variante,1,por CAS,0.01,0.01,0.01,0.01,0.01,0.01,0.01,0.01,0.1,0.1,0.01,0.01,0.1,0.1,0.01,sin-restriccion,0.01,sin-restriccion,,
fig:2919,TEO,usuario,TEO,,O,,,Tagetes erecta oil,8016-84-0,,,,,,natural,oil,,Herbal,Floral,Minty,,fig ifra-anexo ifra-estandar,IFRA_STD_097,Tagetes oil and absolute,prohibido,especificación (STD 097) · una variante está prohibida (STD 097) · grupo del estándar: Prohibition of Tagetes erecta (STD 097) · grupo del estándar: Restriction and Specification of Tagetes patula and Tagetes minuta (STD 097) · mismo CAS que «Tagetes oil and absolute» (STD 097): comprobar la variante,1,por nombre,0.01,0.01,0.01,0.01,0.01,0.01,0.01,0.01,0.1,0.1,0.01,0.01,0.1,0.1,0.01,sin-restriccion,0.01,sin-restriccion,,
fig:2920,TMA,usuario,TMA,,A,,,Tagetes minuta absolute,8016-84-0,,,,,,natural,absolute,,Herbal,Floral,Minty,,fig ifra-anexo ifra-estandar,IFRA_STD_097,Tagetes oil and absolute,con-techo,especificación (STD 097) · una variante está prohibida (STD 097) · grupo del estándar: Prohibition of Tagetes erecta (STD 097) · grupo del estándar: Restriction and Specification of Tagetes patula and Tagetes minuta (STD 097) · mismo CAS que «Tagetes oil and absolute» (STD 097): comprobar la variante,1,por CAS,0.01,0.01,0.01,0.01,0.01,0.01,0.01,0.01,0.1,0.1,0.01,0.01,0.1,0.1,0.01,sin-restriccion,0.01,sin-restriccion,,
fig:2921,TAMO,usuario,TAMO,,O,,,Tagetes minuta oil,8016-84-0,,,,,,natural,oil,,Herbal,Floral,Minty,,fig ifra-anexo ifra-estandar,IFRA_STD_097,Tagetes oil and absolute,con-techo,especificación (STD 097) · una variante está prohibida (STD 097) · grupo del estándar: Prohibition of Tagetes erecta (STD 097) · grupo del estándar: Restriction and Specification of Tagetes patula and Tagetes minuta (STD 097) · mismo CAS que «Tagetes oil and absolute» (STD 097): comprobar la variante,2,por nombre,0.01,0.01,0.01,0.01,0.01,0.01,0.01,0.01,0.1,0.1,0.01,0.01,0.1,0.1,0.01,sin-restriccion,0.01,sin-restriccion,,
fig:2922,TMIO,usuario,TMIO,,O,,,"Tagetes minuta oil, rectified",8016-84-0,,,,,,natural,oil,,Herbal,Floral,Minty,,fig ifra-anexo ifra-estandar,IFRA_STD_097,Tagetes oil and absolute,con-techo,especificación (STD 097) · una variante está prohibida (STD 097) · grupo del estándar: Prohibition of Tagetes erecta (STD 097) · grupo del estándar: Restriction and Specification of Tagetes patula and Tagetes minuta (STD 097) · mismo CAS que «Tagetes oil and absolute» (STD 097): comprobar la variante,1,por CAS,0.01,0.01,0.01,0.01,0.01,0.01,0.01,0.01,0.1,0.1,0.01,0.01,0.1,0.1,0.01,sin-restriccion,0.01,sin-restriccion,,
fig:2923,TPA,usuario,TPA,,A,,,Tagetes patula absolute,91722-29-1,,,,,,natural,absolute,,Spicy,Fruity,Tobacco,,fig ifra-estandar,IFRA_STD_097,Tagetes oil and absolute,con-techo,especificación (STD 097) · una variante está prohibida (STD 097) · grupo del estándar: Restriction and Specification of Tagetes patula and Tagetes minuta (STD 097) · mismo CAS que «Tagetes oil and absolute» (STD 097): comprobar la variante · constituyentes: sin dato en el anexo,,,0.01,0.01,0.01,0.01,0.01,0.01,0.01,0.01,0.1,0.1,0.01,0.01,0.1,0.1,0.01,sin-restriccion,0.01,sin-restriccion,,
fig:2924,TaE,usuario,TaE,,E,,,Tamarind extract,72968-49-1,,,,,,natural,extract,,Fruity,Aromatic,Citrus,,fig,,,sin-dato,,,,,,,,,,,,,,,,,,,,,,,
fig:2925,TS,usuario,TS,,,,,Tamarind seed gum,39386-78-2,,,,,,molécula,,,Aromatic,Fruity,Citrus,,fig,,,sin-estandar,,,,,,,,,,,,,,,,,,,,,,,
fig:2926,TAEO,usuario,TAEO,,O,,,"Tangelo oil, expressed",72869-73-9,,,,,,natural,oil,,Citrus,Orange,Mandarin,,fig ifra-anexo,,,por-constituyentes,,2,por nombre,,,,,,,,,,,,,,,,,,,,
fig:2927,TaO,usuario,TaO,,O,,,Tangerine oil,8016-85-1,,,,,,natural,oil,,Citrus,Sweet,Orange,,fig ifra-anexo,,,por-constituyentes,"familia, por el nombre: aceites cítricos: furocumarinas, bergapteno total (STD 089)",2,por nombre,,,,,,,,,,,,,,,,,,,,
fig:2928,TnO,usuario,TnO,,O,,,Tangerine oil,8016-85-1,,,,,,natural,oil,,Citrus,Sweet,Orange,,fig ifra-anexo,,,por-constituyentes,"familia, por el nombre: aceites cítricos: furocumarinas, bergapteno total (STD 089)",2,por CAS,,,,,,,,,,,,,,,,,,,,
fig:2929,TaP,usuario,TaP,,P,,,Tangerine oil terpenes,68608-38-8,,,,,,natural,terpenes,,Citrus,Sweet,Tangerine,,fig ifra-anexo,,,por-constituyentes,"familia, por el nombre: aceites cítricos: furocumarinas, bergapteno total (STD 089)",2,por nombre,,,,,,,,,,,,,,,,,,,,
fig:2930,TFO,usuario,TFO,,O,,,"Tangerine oil, folded",8016-85-1,,,,,,natural,oil,,Citrus,Sweet,Orange,,fig ifra-anexo,,,por-constituyentes,"familia, por el nombre: aceites cítricos: furocumarinas, bergapteno total (STD 089)",2,por CAS,,,,,,,,,,,,,,,,,,,,
fig:2931,TsO,usuario,TsO,,O,,,Tansy oil,8016-87-3,,,,,,natural,oil,,Herbal,Minty,Citrus,,fig ifra-anexo,,,por-constituyentes,,1,por nombre,,,,,,,,,,,,,,,,,,,,
fig:2932,TWO,usuario,TWO,,O,,,"Tar wood oil, distilled",93924-73-3,,,,,,natural,oil,,Woody,Smoky,Burnt,,fig,,,sin-dato,,,,,,,,,,,,,,,,,,,,,,,
fig:2933,TrO,usuario,TrO,,O,,,Tarragon oil,8016-88-4,,,,,,natural,oil,,Anisic,Herbal,Green,,fig ifra-anexo,,,por-constituyentes,,5,por nombre,,,,,,,,,,,,,,,,,,,,
fig:2934,TLO,usuario,TLO,,O,,,Tarragon oil (low methyleugenol),8016-88-4,,,,,,natural,oil,,Spicy,Anisic,Herbal,,fig ifra-anexo,,,por-constituyentes,,5,por CAS,,,,,,,,,,,,,,,,,,,,
fig:2935,TLA,usuario,TLA,,A,,,Tea leaf absolute,950854-40-7,,,,,,natural,absolute,,Fruity,Tea,Green,,fig,,,sin-dato,,,,,,,,,,,,,,,,,,,,,,,
fig:2936,TELO,usuario,TELO,,O,,,Tea leaf oil,950854-40-7,,,,,,natural,oil,,Fruity,Tea,Green,,fig,,,sin-dato,,,,,,,,,,,,,,,,,,,,,,,
fig:2937,TETO,usuario,TETO,,O,,,Tea tree oil,68647-73-4,,,,,,natural,oil,,Herbal,Camphoraceous,Minty,,fig ifra-anexo,,,por-constituyentes,,2,por nombre,,,,,,,,,,,,,,,,,,,,
fig:2938,Tea,usuario,Tea,,,,,Tealactone,15356-74-8,,,,,,molécula,,,Fruity,Apricot,Plum,,fig,,,sin-estandar,,,,,,,,,,,,,,,,,,,,,,,
fig:2939,ATO,usuario,ATO,,O,,,"Terpenes and terpenoids, clove-oil, reaction products with formaldehyde",68188-04-5,,,,,,natural,oil,,Spicy,Clove,Floral,,fig,,,sin-dato,,,,,,,,,,,,,,,,,,,,,,,
fig:2940,ATCO,usuario,ATCO,,O,,,"Terpenes and terpenoids, copaiba-oil, hydroxy, acetates",72230-85-4,,,,,,natural,oil,,Floral,Fruity,Terpenic,,fig,,,sin-dato,,,,,,,,,,,,,,,,,,,,,,,
fig:2941,ATLO,usuario,ATLO,,O,,,"Terpenes and terpenoids, litsea cubeba-oil, hydrogenated",68608-36-6,,,,,,natural,oil,,Citrus,Herbal,Lemon,,fig,,,sin-dato,,,,,,,,,,,,,,,,,,,,,,,
fig:2942,ATSO,usuario,ATSO,,O,,,"Terpenes and terpenoids, mixed sour and sweet orange oil",68917-57-7,,,,,,natural,oil,,Citrus,Orange,Lemon,,fig,,,sin-dato,"familia, por el nombre: aceites cítricos: furocumarinas, bergapteno total (STD 089)",,,,,,,,,,,,,,,,,,,,,,
fig:2943,APO,usuario,APO,,O,,,"Terpenes and Terpenoids, patchouli-oil, a-guaiene fraction, oxidized",1442462-94-3,,,,,,natural,oil,,Woody,Earthy,Terpenic,,fig,,,sin-dato,,,,,,,,,,,,,,,,,,,,,,,
fig:2944,ATP,usuario,ATP,,P,,,"Terpenes and Terpenoids, sinpine",68917-63-5,,,,,,natural,terpenes,,Herbal,Pine,Green,,fig,,,sin-dato,,,,,,,,,,,,,,,,,,,,,,,
fig:2945,ATTO,usuario,ATTO,,O,,,"Terpenes and terpenoids, turpentine-oil residues",68938-00-1,,,,,,natural,oil,,Aromatic,Terpenic,Citrus,,fig,,,sin-dato,"familia, por el nombre: pináceas: índice de peróxidos (STD 184)",,,,,,,,,,,,,,,,,,,,,,
fig:2946,Tp,usuario,Tp,,,,,Terpineol,8000-41-7,,,,,,molécula,,,Herbal,Floral,Pine,,fig,,,sin-estandar,,,,,,,,,,,,,,,,,,,,,,,
fig:2947,TD6,usuario,TD6,,,,,"Terpineol, dihydro-",58985-02-7,,,,,,molécula,,,Herbal,Pine,Citrus,,fig,,,sin-estandar,,,,,,,,,,,,,,,,,,,,,,,
fig:2948,Ter,usuario,Ter,,,,,Terpinol,8006-39-1,,,,,,molécula,,,Herbal,Floral,Pine,,fig,,,sin-estandar,,,,,,,,,,,,,,,,,,,,,,,
fig:2949,Te2,usuario,Te2,,,,,Terpinolene,586-62-9,,,,,,molécula,,,Citrus,Pine,Herbal,,fig,,,sin-estandar,,,,,,,,,,,,,,,,,,,,,,,
fig:2950,TAI,usuario,TAI,,,,,Terpinyl acetate (Isomer mixture),8007-35-0,,,,,,molécula,,,Herbal,Lavender,Floral,,fig,,,sin-estandar,,,,,,,,,,,,,,,,,,,,,,,
fig:2951,TEB,usuario,TEB,,,,,Terpinyl butyrate,2153-28-8,,,,,,molécula,,,Balsamic,Fruity,Floral,,fig,,,sin-estandar,,,,,,,,,,,,,,,,,,,,,,,
fig:2952,TEF,usuario,TEF,,,,,Terpinyl formate,2153-26-6,,,,,,molécula,,,Floral,Lavender,Fruity,,fig,,,sin-estandar,,,,,,,,,,,,,,,,,,,,,,,
fig:2953,TEI,usuario,TEI,,,,,Terpinyl isobutyrate,7774-65-4,,,,,,molécula,,,Balsamic,Fruity,Floral,,fig,,,sin-estandar,,,,,,,,,,,,,,,,,,,,,,,
fig:2954,TEP,usuario,TEP,,,,,Terpinyl propionate,80-27-3,,,,,,molécula,,,Herbal,Pine,Fruity,,fig,,,sin-estandar,,,,,,,,,,,,,,,,,,,,,,,
fig:2955,αTP,usuario,αTP,,,,,Tetrahydro-.alpha.-pentylfurfuryl acetate,67634-08-6,,,,,,molécula,,alpha,Floral,Jasmin,Citrus,,fig,,,sin-estandar,,,,,,,,,,,,,,,,,,,,,,,
fig:2956,TTP,usuario,TTP,,,,,Tetrahydro-2-(p-tolyloxy)-2H-pyrane,13481-09-9,,,,,,molécula,,,Floral,Hyacinth,Green,,fig,,,sin-estandar,,,,,,,,,,,,,,,,,,,,,,,
fig:2957,TIS,usuario,TIS,,,,,Tetrahydro-2-isobutyl-4-methyl-2H-pyrane,13477-62-8,,,,,,molécula,,,Green,Rose,Geranium,,fig,,,sin-estandar,,,,,,,,,,,,,,,,,,,,,,,
fig:2958,TMM,usuario,TMM,,,,,Tetrahydro-2-methyl-4-methylene-6-phenyl-2H-pyrane,30310-41-9,,,,,,molécula,,,Floral,Green,Geranium,,fig,,,sin-estandar,,,,,,,,,,,,,,,,,,,,,,,
fig:2959,TME,usuario,TME,,,,,Tetrahydro-4-methyl-2-(2-methylpropen-1-yl)pyran,16409-43-1,,,,,,molécula,,,Floral,Rose,Geranium,,fig,,,sin-estandar,,,,,,,,,,,,,,,,,,,,,,,
fig:2960,TMP,usuario,TMP,,,,,Tetrahydro-4-methyl-2-phenyl-2H-pyran,94201-73-7,,,,,,molécula,,,Floral,Rose,Green,,fig,,,sin-estandar,,,,,,,,,,,,,,,,,,,,,,,
fig:2961,TMPP,usuario,TMPP,,,,,Tetrahydro-4-methyl-2-propyl-2H-pyran-4-yl acetate,131766-73-9,,,,,,molécula,,,Herbal,Sage,Aromatic,,fig,,,sin-estandar,,,,,,,,,,,,,,,,,,,,,,,
fig:2962,TPP,usuario,TPP,,,,,Tetrahydro-6-(2-pentenyl)-2H-pyran-2-one,34686-71-0,,,,,,molécula,,,Fruity,Floral,Peach,,fig,,,sin-estandar,,,,,,,,,,,,,,,,,,,,,,,
fig:2963,TPPO,usuario,TPPO,,,,,Tetrahydro-6-(3-pentenyl)-2H-pyran-2-one,32764-98-0,,,,,,molécula,,,Fruity,Floral,Jasmin,,fig,,,sin-estandar,,,,,,,,,,,,,,,,,,,,,,,
fig:2964,TA4,usuario,TA4,,,,,Tetrahydrofurfuryl alcohol,97-99-4,,,,,,molécula,,,Gourmand,Nutty,Caramel,,fig,,,sin-estandar,,,,,,,,,,,,,,,,,,,,,,,
fig:2965,Tet,usuario,Tet,,,,,Tetrahydrogeranial,5988-91-0,,,,,,molécula,,,Citrus,Lemon,Aldehydic,,fig,,,sin-estandar,,,,,,,,,,,,,,,,,,,,,,,
fig:2966,Te3,usuario,Te3,,,,,Tetrahydrolinalool,78-69-3,,,,,,molécula,,,Herbal,Floral,Lavender,,fig,,,sin-estandar,,,,,,,,,,,,,,,,,,,,,,,
fig:2967,TA5,usuario,TA5,,,,,Tetrahydrolinalyl acetate,20780-48-7,,,,,,molécula,,,Citrus,Herbal,Fresh,,fig,,,sin-estandar,,,,,,,,,,,,,,,,,,,,,,,
fig:2968,Te4,usuario,Te4,,,,,Tetrahydromuguol,41678-36-8,,,,,,molécula,,,Citrus,Fresh,Lily,,fig,,,sin-estandar,,,,,,,,,,,,,,,,,,,,,,,
fig:2969,Te5,usuario,Te5,,,,,Tetrahydromyrcenol,18479-57-7,,,,,,molécula,,,Citrus,Lemon,Lime,,fig,,,sin-estandar,,,,,,,,,,,,,,,,,,,,,,,
fig:2970,TPI,usuario,TPI,,,,,Tetrahydro-pseudo-ionone,1322-58-3,,,,,,molécula,,,Floral,Balsamic,Rose,,fig,,,sin-estandar,,,,,,,,,,,,,,,,,,,,,,,
fig:2971,TID,usuario,TID,,,,,Tetramethyl isopropyl dioxane,61920-45-4,,,,,,molécula,,,Woody,Earthy,Fruity,,fig,,,sin-estandar,,,,,,,,,,,,,,,,,,,,,,,
fig:2972,Ts,usuario,Ts,,,,,Theaspirane,36431-72-8,,,,,,molécula,,,Herbal,Tea,Tobacco,,fig,,,sin-estandar,,,,,,,,,,,,,,,,,,,,,,,
fig:2973,Tg,usuario,Tg,,,,,Thiogeraniol,39067-80-6,,,,,,molécula,,,Fruity,Berry,Minty,,fig,,,sin-estandar,,,,,,,,,,,,,,,,,,,,,,,
fig:2974,ThA,usuario,ThA,,A,,,Thyme absolute,8007-46-3,,,,,,natural,absolute,,Herbal,Aromatic,Spicy,,fig ifra-anexo,,,por-constituyentes,,6,por nombre,,,,,,,,,,,,,,,,,,,,
fig:2975,THRO,usuario,THRO,,O,,,"Thyme oil, red",8007-46-3,,,,,,natural,oil,,Herbal,Aromatic,Spicy,,fig ifra-anexo,,,por-constituyentes,,5,por nombre,,,,,,,,,,,,,,,,,,,,
fig:2976,THWO,usuario,THWO,,O,,,"Thyme oil, white",8007-46-3,,,,,,natural,oil,,Herbal,Aromatic,Spicy,,fig ifra-anexo,,,por-constituyentes,,3,por nombre,,,,,,,,,,,,,,,,,,,,
fig:2977,TTA,usuario,TTA,,A,,,"Thyme, Thymus zygis, absolute",85085-75-2,,,,,,natural,absolute,,Herbal,Thyme,Camphoraceous,,fig,,,sin-dato,,,,,,,,,,,,,,,,,,,,,,,
fig:2978,TZO,usuario,TZO,,O,,,"Thyme, Thymus zygis, oil",85085-75-2,,,,,,natural,oil,,Herbal,Thyme,Camphoraceous,,fig,,,sin-dato,,,,,,,,,,,,,,,,,,,,,,,
fig:2979,Thy,usuario,Thy,,,,,Thymol,89-83-8,,,,,,molécula,,,Herbal,Green,Smoky,,fig,,,sin-estandar,,,,,,,,,,,,,,,,,,,,,,,
fig:2980,ToE,usuario,ToE,,E,,,Tobacco extract,8037-19-2,,,,,,natural,extract,,Tobacco like,Smoky,Warm,,fig,,,sin-dato,,,,,,,,,,,,,,,,,,,,,,,
fig:2981,TNE,usuario,TNE,,E,,,"Tobacco extract, nicotine-free",73138-76-8,,,,,,natural,extract,,Tobacco like,Smoky,Warm,,fig,,,sin-dato,,,,,,,,,,,,,,,,,,,,,,,
fig:2982,TOLA,usuario,TOLA,,A,,,Tobacco leaf absolute,8037-19-2,,,,,,natural,absolute,,Tobacco like,Smoky,Warm,,fig,,,sin-dato,,,,,,,,,,,,,,,,,,,,,,,
fig:2983,TO2,usuario,TO2,,,,,"Tobacco oils, nicotine-free",73138-76-8,,,,,,molécula,,,Woody,Tobacco,Smoky,,fig,,,sin-estandar,,,,,,,,,,,,,,,,,,,,,,,
fig:2984,ToL,usuario,ToL,,L,,,Tobacco oleoresin,8037-19-2,,,,,,natural,oleoresin,,Tobacco like,Smoky,Warm,,fig,,,sin-dato,,,,,,,,,,,,,,,,,,,,,,,
fig:2985,TBE,usuario,TBE,,E,,,"Tolu, balsam, extract",8024-03-1,,,,,,natural,extract,,Balsamic,Vanilla,Warm,,fig,,,sin-dato,,,,,,,,,,,,,,,,,,,,,,,
fig:2986,TG,usuario,TG,,,,,"Tolu, balsam, gum",8024-03-1,,,,,,molécula,,,Balsamic,Vanilla,Warm,,fig,,,sin-estandar,,,,,,,,,,,,,,,,,,,,,,,
fig:2987,TBR,usuario,TBR,,R,,,"Tolu, balsam, resinoid",8024-03-1,,,,,,natural,resinoid,,Balsamic,Vanilla,Warm,,fig,,,sin-dato,,,,,,,,,,,,,,,,,,,,,,,
fig:2988,To2,usuario,To2,,,,,"Tolualdehydes (mixed o,m,p)",1334-78-7,,,,,,molécula,,,Spicy,Fruity,Almond,,fig ifra-estandar,IFRA_STD_081,"o,m,p-Tolualdehydes and their mixtures",con-techo,,,,0.085,0.025,0.51,0.47,0.12,0.12,0.12,0.12,0.28,0.96,0.96,0.05,0.92,3.3,3.3,1.8,1.8,sin-restriccion,,"Benzaldehyde, methyl- | o,m,p-Methyl-benzaldehydes | Methylbenzaldehyde (mixed 2,3,4) | Tolualdehydes (mixed o,m,p) | Tolualdehyde | Toluic aldehyde (mixed 2,3,4)"
fig:2989,TBA,usuario,TBA,,A,,,Tonka bean absolute,8024-04-2,,,,,,natural,absolute,,Powdery,Hay,Sweet,,fig ifra-anexo,,,por-constituyentes,,2,por nombre,,,,,,,,,,,,,,,,,,,,
fig:2990,TOBE,usuario,TOBE,,E,,,Tonka bean extract,8024-04-2,,,,,,natural,extract,,Powdery,Hay,Sweet,,fig ifra-anexo,,,por-constituyentes,,2,por CAS,,,,,,,,,,,,,,,,,,,,
fig:2991,TOBR,usuario,TOBR,,R,,,Tonka bean resinoid,8024-04-2,,,,,,natural,resinoid,,Powdery,Hay,Sweet,,fig ifra-anexo,,,por-constituyentes,,2,por CAS,,,,,,,,,,,,,,,,,,,,
fig:2992,TBT,usuario,TBT,,T,,,Tonka bean tincture,8024-04-2,,,,,,natural,tincture,,Powdery,Hay,Sweet,,fig ifra-anexo,,,por-constituyentes,,2,por CAS,,,,,,,,,,,,,,,,,,,,
fig:2993,MM27,usuario,MM27,,,,,trans-1-Methyl-4-(1-methylvinyl)cyclohexene,6876-12-6,,,,,,molécula,,,Citrus,Balsamic,Dry,,fig,,,sin-estandar,,,,,,,,,,,,,,,,,,,,,,,
fig:2994,De11,usuario,De11,,,,,trans-2-Decenal,3913-81-3,,,,,,molécula,,,Aldehydic,Earthy,Coriander,,fig,,,sin-estandar,,,,,,,,,,,,,,,,,,,,,,,
fig:2995,HA10,usuario,HA10,,,,,trans-2-Hexenoic acid,13419-69-7,,,,,,molécula,,,Green,Fruity,Sweet,,fig,,,sin-estandar,,,,,,,,,,,,,,,,,,,,,,,
fig:2996,He14,usuario,He14,,,,,trans-2-Hexenol,928-95-0,,,,,,molécula,,,Fruity,Green,Leafy,,fig,,,sin-estandar,,,,,,,,,,,,,,,,,,,,,,,
fig:2997,HA11,usuario,HA11,,,,,trans-2-Hexenyl acetate,2497-18-9,,,,,,molécula,,,Green,Sweet,Fruity,,fig,,,sin-estandar,,,,,,,,,,,,,,,,,,,,,,,
fig:2998,HB5,usuario,HB5,,,,,trans-2-Hexenyl butyrate,53398-83-7,,,,,,molécula,,,Green,Apple,Banana,,fig,,,sin-estandar,,,,,,,,,,,,,,,,,,,,,,,
fig:2999,HH3,usuario,HH3,,,,,trans-2-Hexenyl hexanoate,53398-86-0,,,,,,molécula,,,Green,Fruity,Apple,,fig,,,sin-estandar,,,,,,,,,,,,,,,,,,,,,,,
fig:3000,HI4,usuario,HI4,,,,,trans-2-Hexenyl isovalerate,68698-59-9,,,,,,molécula,,,Green,Fruity,Apple,,fig,,,sin-estandar,,,,,,,,,,,,,,,,,,,,,,,
fig:3001,HPE,usuario,HPE,,,,,trans-2-Hexenyl pentanoate,56922-74-8,,,,,,molécula,,,Green,Fruity,Apple,,fig,,,sin-estandar,,,,,,,,,,,,,,,,,,,,,,,
fig:3002,HP4,usuario,HP4,,,,,trans-2-Hexenyl propionate,53398-80-4,,,,,,molécula,,,Green,Fruity,Apple,,fig,,,sin-estandar,,,,,,,,,,,,,,,,,,,,,,,
fig:3003,HSA,usuario,HSA,,,,,trans-2-Hexenyl salicylate,68133-77-7,,,,,,molécula,,,Floral,Woody,Balsamic,,fig,,,sin-estandar,,,,,,,,,,,,,,,,,,,,,,,
fig:3004,MP30,usuario,MP30,,,,,"trans-2-Methyl-4-propyl-1,3-oxathiane",59324-17-3,,,,,,molécula,,,Fruity,Passionfruit,Green,,fig,,,sin-estandar,,,,,,,,,,,,,,,,,,,,,,,
fig:3005,NO7,usuario,NO7,,,,,trans-2-Nonen-1-ol,31502-14-4,,,,,,molécula,,,Green,Violet,Melon,,fig,,,sin-estandar,,,,,,,,,,,,,,,,,,,,,,,
fig:3006,No9,usuario,No9,,,,,trans-2-Nonenal,18829-56-6,,,,,,molécula,,,Green,Cucumber,Oily,,fig,,,sin-estandar,,,,,,,,,,,,,,,,,,,,,,,
fig:3007,Oc8,usuario,Oc8,,,,,trans-2-Octenal,2548-87-0,,,,,,molécula,,,Green,Cucumber,Herbal,,fig,,,sin-estandar,,,,,,,,,,,,,,,,,,,,,,,
fig:3008,BO5,usuario,BO5,,,,,trans-2-tert-Butylcyclohexan-1-ol,5448-22-6,,,,,,molécula,,,Herbal,Fruity,Minty,,fig,,,sin-estandar,,,,,,,,,,,,,,,,,,,,,,,
fig:3009,BA19,usuario,BA19,,,,,trans-2-tert-Butylcyclohexyl acetate,20298-70-8,,,,,,molécula,,,Fruity,Apple,Woody,,fig,,,sin-estandar,,,,,,,,,,,,,,,,,,,,,,,
fig:3010,Tr11,usuario,Tr11,,,,,trans-2-Tridecenal,7069-41-2,,,,,,molécula,,,Aldehydic,Mandarin,Green,,fig,,,sin-estandar,,,,,,,,,,,,,,,,,,,,,,,
fig:3011,Un8,usuario,Un8,,,,,trans-2-Undecenal,53448-07-0,,,,,,molécula,,,Fruity,Citrus,Waxy,,fig,,,sin-estandar,,,,,,,,,,,,,,,,,,,,,,,
fig:3012,HM7,usuario,HM7,,,,,trans-3-Heptenyl 2-methylpropanoate,67801-45-0,,,,,,molécula,,,Green,Floral,Fruity,,fig,,,sin-estandar,,,,,,,,,,,,,,,,,,,,,,,
fig:3013,He15,usuario,He15,,,,,trans-3-Hexenal,69112-21-6,,,,,,molécula,,,Green,Apple,Pear,,fig,,,sin-estandar,,,,,,,,,,,,,,,,,,,,,,,
fig:3014,HA12,usuario,HA12,,,,,trans-3-Hexenyl acetate,3681-82-1,,,,,,molécula,,,Fruity,Green,Banana,,fig,,,sin-estandar,,,,,,,,,,,,,,,,,,,,,,,
fig:3015,DA11,usuario,DA11,,,,,trans-4-Decen-1-al,65405-70-1,,,,,,molécula,,,Aldehydic,Citrus,Muguet,,fig,,,sin-estandar,,,,,,,,,,,,,,,,,,,,,,,
fig:3016,BA20,usuario,BA20,,,,,trans-4-tert-Butylcyclohexyl acetate,1900-69-2,,,,,,molécula,,,Fruity,Apple,Balsamic,,fig,,,sin-estandar,,,,,,,,,,,,,,,,,,,,,,,
fig:3017,Ah,usuario,Ah,,,,,trans-Anethole,4180-23-8,,,,,,molécula,,,Herbal,Anisic,Spicy,,fig,,,sin-estandar,,,,,,,,,,,,,,,,,,,,,,,
fig:3018,CA12,usuario,CA12,,,,,trans-Cinnamic acid,140-10-3,,,,,,molécula,,,Balsamic,Sweet,Cinnamon,,fig,,,sin-estandar,,,,,,,,,,,,,,,,,,,,,,,
fig:3019,HE3,usuario,HE3,,,,,trans-Hex-3-en-1-ol,928-97-2,,,,,,molécula,,,Green,Leafy,Floral,,fig,,,sin-estandar,,,,,,,,,,,,,,,,,,,,,,,
fig:3020,Is7,usuario,Is7,,,,,trans-Isoeugenol,5932-68-3,,,,,,molécula,,,Spicy,Clove,Floral,,fig ifra-estandar,IFRA_STD_048,Isoeugenol,con-techo,,,,0.019,0.0057,0.12,0.11,0.027,0.027,0.027,0.009,0.063,0.22,0.22,0.009,0.21,0.21,0.75,0.009,0.009,sin-restriccion,,
fig:3021,Me28,usuario,Me28,,,,,trans-Methylgeranate,1189-09-9,,,,,,molécula,,,Floral,Fruity,Balsamic,,fig,,,sin-estandar,,,,,,,,,,,,,,,,,,,,,,,
fig:3022,Ne2,usuario,Ne2,,,,,trans-Nerolidol,40716-66-3,,,,,,molécula,,,Floral,Rose,Woody,,fig,,,sin-estandar,,,,,,,,,,,,,,,,,,,,,,,
fig:3023,MO7,usuario,MO7,,,,,trans-p-Menthan-3-one,89-80-5,,,,,,molécula,,,Herbal,Minty,Sweet,,fig,,,sin-estandar,,,,,,,,,,,,,,,,,,,,,,,
fig:3024,TIMO,usuario,TIMO,,,,,trans-Tetrahydro-2-isobutyl-4-methylpyran-4-ol,65418-70-4,,,,,,molécula,,,Floral,Fresh,Green,,fig,,,sin-estandar,,,,,,,,,,,,,,,,,,,,,,,
fig:3025,TAO,usuario,TAO,,O,,,"Tree moss oil, atranol, chloratranol-less",68648-41-9,,,,,,natural,oil,,Woody,Mossy,Warm,,fig ifra-estandar,IFRA_STD_080,Treemoss extracts,con-techo,especificación (STD 080) · mismo CAS que «Treemoss extracts» (STD 080): comprobar la variante · constituyentes: sin dato en el anexo,,,0.02,0.016,0.1,0.1,0.076,0.076,0.076,0.076,0.18,0.1,0.1,0.032,0.1,0.1,0.1,0.1,0.1,sin-restriccion,,
fig:3026,TrA,usuario,TrA,,A,,,Treemoss absolute,68648-41-9,,,,,,natural,absolute,,Woody,Mossy,Earthy,,fig ifra-estandar,IFRA_STD_080,Treemoss extracts,con-techo,especificación (STD 080) · mismo CAS que «Treemoss extracts» (STD 080): comprobar la variante · constituyentes: sin dato en el anexo,,,0.02,0.016,0.1,0.1,0.076,0.076,0.076,0.076,0.18,0.1,0.1,0.032,0.1,0.1,0.1,0.1,0.1,sin-restriccion,,
fig:3027,TrE,usuario,TrE,,E,,,Treemoss extract,84696-53-7,,,,,,natural,extract,,Woody,Mossy,Earthy,,fig,,,sin-dato,,,,,,,,,,,,,,,,,,,,,,,
fig:3028,TPC,usuario,TPC,,,,,Trichloromethyl phenyl carbinyl acetate,90-17-5,,,,,,molécula,,,Floral,Balsamic,Powdery,,fig,,,sin-estandar,,,,,,,,,,,,,,,,,,,,,,,
fig:3029,TDE,usuario,TDE,,,,,"Tricyclo[3.3.1.1.(3.7)]decan-2-ol, 4-methyl-8-methylene-",122760-84-3,,,,,,molécula,,,Spicy,Herbal,Camphoraceous,,fig,,,sin-estandar,,,,,,,,,,,,,,,,,,,,,,,
fig:3030,TDEY,usuario,TDEY,,,,,"Tricyclo[5.2.1.02,6]dec-4-en-8-yl acetate",2500-83-6,,,,,,molécula,,,Floral,Green,Herbal,,fig,,,sin-estandar,,,,,,,,,,,,,,,,,,,,,,,
fig:3031,TD7,usuario,TD7,,,,,"Tricyclo[5.2.1.02,6]decan-8-one",13380-94-4,,,,,,molécula,,,Balsamic,Woody,Oily,,fig,,,sin-estandar,,,,,,,,,,,,,,,,,,,,,,,
fig:3032,TD8,usuario,TD8,,,,,"Tricyclo[5.2.1.02,7]decane-4,8-dimethanol",26896-48-0,,,,,,molécula,,,Musk like,Amber,Floral,,fig,,,sin-estandar,,,,,,,,,,,,,,,,,,,,,,,
fig:3033,TA6,usuario,TA6,,,,,Tricyclodecanyl acetate,64001-15-6,,,,,,molécula,,,Herbal,Green,Basil,,fig,,,sin-estandar,,,,,,,,,,,,,,,,,,,,,,,
fig:3034,TA7,usuario,TA7,,,,,Tricyclodecenyl acetate,5413-60-5,,,,,,molécula,,,Herbal,Green,Fruity,,fig,,,sin-estandar,,,,,,,,,,,,,,,,,,,,,,,
fig:3035,TPR,usuario,TPR,,,,,Tricyclodecenyl propionate,17511-60-3,,,,,,molécula,,,Green,Fruity,Pear,,fig,,,sin-estandar,,,,,,,,,,,,,,,,,,,,,,,
fig:3036,TL,usuario,TL,,,,,"Trideca-1,5-lactone",7370-92-5,,,,,,molécula,,,Gourmand,Creamy,Sweet,,fig,,,sin-estandar,,,,,,,,,,,,,,,,,,,,,,,
fig:3037,Tr12,usuario,Tr12,,,,,Tridecanal,10486-19-8,,,,,,molécula,,,Aldehydic,Citrus,Green,,fig,,,sin-estandar,,,,,,,,,,,,,,,,,,,,,,,
fig:3038,TRN,usuario,TRN,,,,,Tridecene-2-nitrile,22629-49-8,,,,,,molécula,,,Citrus,Green,Herbal,,fig,,,sin-estandar,,,,,,,,,,,,,,,,,,,,,,,
fig:3039,TOT,usuario,TOT,,,,,"Trimethyl-13-oxabicyclo[10.1.0]trideca-4,8-diene",71735-79-0,,,,,,molécula,,,Woody,Dry,Cedarwood,,fig,,,sin-estandar,,,,,,,,,,,,,,,,,,,,,,,
fig:3040,TBH,usuario,TBH,,,,,Trimethyl-bicyclo-heptane-spirocyclohexenone,133636-82-5,,,,,,molécula,,,Woody,Cedarwood,Sweet,,fig,,,sin-estandar,,,,,,,,,,,,,,,,,,,,,,,
fig:3041,Tr13,usuario,Tr13,,,,,Trimethyloxazole,20662-84-4,,,,,,molécula,,,Food Like,Nutty,Savoury,,fig,,,sin-estandar,,,,,,,,,,,,,,,,,,,,,,,
fig:3042,Tr14,usuario,Tr14,,,,,Trithioacetone,828-26-2,,,,,,molécula,,,Fruity,Blackcurrant,Sulfurous,,fig,,,sin-estandar,,,,,,,,,,,,,,,,,,,,,,,
fig:3043,TuA,usuario,TuA,,A,,,Tuberose absolute,8024-05-3,,,,,,natural,absolute,,Floral,Sweet,Warm,,fig ifra-anexo,,,por-constituyentes,,9,por nombre,,,,,,,,,,,,,,,,,,,,
fig:3044,TuC,usuario,TuC,,C,,,Tuberose concrete,8024-05-3,,,,,,natural,concrete,,Floral,Sweet,Warm,,fig ifra-anexo,,,por-constituyentes,,8,por nombre,,,,,,,,,,,,,,,,,,,,
fig:3045,TuO,usuario,TuO,,O,,,Tuberose oil,8024-05-3,,,,,,natural,oil,,Floral,Fruity,Sweet,,fig ifra-anexo,,,por-constituyentes,,1,por nombre,,,,,,,,,,,,,,,,,,,,
fig:3046,TuT,usuario,TuT,,T,,,Tuberose tincture,8024-05-3,,,,,,natural,tincture,,Floral,Fruity,Sweet,,fig ifra-anexo,,,por-constituyentes,variante sin concretar: cuenta la peor de 3 del anexo,9,"por CAS: 3 variantes, cuenta la peor",,,,,,,,,,,,,,,,,,,,
fig:3047,Tur,usuario,Tur,,,,,Turmeric,8024-37-1,,,,,,natural,,,Spicy,Peppery,Woody,,fig ifra-anexo,,,por-constituyentes,,2,por CAS,,,,,,,,,,,,,,,,,,,,
fig:3048,TuL,usuario,TuL,,L,,,Turmeric oleoresin,8024-37-1,,,,,,natural,oleoresin,,Spicy,Peppery,Woody,,fig ifra-anexo,,,por-constituyentes,,2,por CAS,,,,,,,,,,,,,,,,,,,,
fig:3049,TUG,usuario,TUG,,,,,Turpentine gum,9005-90-7,,,,,,natural,,,Aromatic,Pine,Fresh,,fig ifra-anexo,,,por-constituyentes,"familia, por el nombre: pináceas: índice de peróxidos (STD 184)",1,por nombre,,,,,,,,,,,,,,,,,,,,
fig:3050,TpO,usuario,TpO,,O,,,Turpentine oil,8006-64-2,,,,,,natural,oil,,Herbal,Woody,Citrus,,fig ifra-anexo,,,por-constituyentes,"familia, por el nombre: pináceas: índice de peróxidos (STD 184)",1,por nombre,,,,,,,,,,,,,,,,,,,,
fig:3051,TeO,usuario,TeO,,O,,,"Turpentine oil, rectified",8006-64-2,,,,,,natural,oil,,Herbal,Woody,Citrus,,fig ifra-anexo,,,por-constituyentes,"familia, por el nombre: pináceas: índice de peróxidos (STD 184)",1,por CAS,,,,,,,,,,,,,,,,,,,,
fig:3052,Un9,usuario,Un9,,,,,Undecanal,112-44-7,,,,,,molécula,,,Aldehydic,Citrus,Fresh,,fig,,,sin-estandar,,,,,,,,,,,,,,,,,,,,,,,
fig:3053,Un10,usuario,Un10,,,,,Undecanenitrile,2244-07-7,,,,,,molécula,,,Green,Floral,Oily,,fig,,,sin-estandar,,,,,,,,,,,,,,,,,,,,,,,
fig:3054,UAC,usuario,UAC,,,,,Undecanoic acid,112-37-8,,,,,,molécula,,,Gourmand,Fatty,Creamy,,fig,,,sin-estandar,,,,,,,,,,,,,,,,,,,,,,,
fig:3055,Un11,usuario,Un11,,,,,Undecanol,30207-98-8,,,,,,molécula,,,Green,Floral,Rose,,fig,,,sin-estandar,,,,,,,,,,,,,,,,,,,,,,,
fig:3056,UNO,usuario,UNO,,,,,Undecen-1-ol,112-43-6,,,,,,molécula,,,Floral,Fresh,Ozonic,,fig,,,sin-estandar,,,,,,,,,,,,,,,,,,,,,,,
fig:3057,Un12,usuario,Un12,,,,,Undecenal,1337-83-3,,,,,,molécula,,,Aldehydic,Citrus,Floral,,fig,,,sin-estandar,,,,,,,,,,,,,,,,,,,,,,,
fig:3058,UM,usuario,UM,,,,,"Undecenoic acid, 3-methylbutyl ester",12262-03-2,,,,,,molécula,,,Floral,Rose,Oily,,fig,,,sin-estandar,,,,,,,,,,,,,,,,,,,,,,,
fig:3059,UAL,usuario,UAL,,,,,Undecyl alcohol,112-42-5,,,,,,molécula,,,Floral,Citrus,Oily,,fig,,,sin-estandar,,,,,,,,,,,,,,,,,,,,,,,
fig:3060,Va,usuario,Va,,,,,Valencene,4630-07-3,,,,,,molécula,,,Citrus,Fresh,Green,,fig,,,sin-estandar,,,,,,,,,,,,,,,,,,,,,,,
fig:3061,Vl,usuario,Vl,,,,,Valeraldehyde,110-62-3,,,,,,molécula,,,Gourmand,Fruity,cocoa,,fig,,,sin-estandar,,,,,,,,,,,,,,,,,,,,,,,
fig:3062,VRE,usuario,VRE,,E,,,Valerian root extract,8008-88-6,,,,,,natural,extract,,Camphoraceous,Herbal,Green,,fig ifra-anexo,,,por-constituyentes,,1,por CAS,,,,,,,,,,,,,,,,,,,,
fig:3063,VRO,usuario,VRO,,O,,,Valerian root oil,8008-88-6,,,,,,natural,oil,,Camphoraceous,Herbal,Green,,fig ifra-anexo,,,por-constituyentes,,1,por nombre,,,,,,,,,,,,,,,,,,,,
fig:3064,VA,usuario,VA,,,,,Valeric acid,109-52-4,,,,,,molécula,,,Acidic,Cheesy,Fruity,,fig,,,sin-estandar,,,,,,,,,,,,,,,,,,,,,,,
fig:3065,VaA,usuario,VaA,,A,,,Vanilla absolute,8024-06-4,,,,,,natural,absolute,,Amber,Creamy,Vanilla,,fig ifra-anexo,,,por-constituyentes,,2,por nombre,,,,,,,,,,,,,,,,,,,,
fig:3066,VCE,usuario,VCE,,E,,,Vanilla CO2 extract,8024-06-4,,,,,,natural,extract,,Amber,Creamy,Vanilla,,fig ifra-anexo,,,por-constituyentes,,2,por nombre,,,,,,,,,,,,,,,,,,,,
fig:3067,VaE,usuario,VaE,,E,,,Vanilla extract,8024-06-4,,,,,,natural,extract,,Amber,Creamy,Vanilla,,fig ifra-anexo,,,por-constituyentes,variante sin concretar: cuenta la peor de 3 del anexo,2,"por CAS: 3 variantes, cuenta la peor",,,,,,,,,,,,,,,,,,,,
fig:3068,VaL,usuario,VaL,,L,,,Vanilla oleoresin,8024-06-4,,,,,,natural,oleoresin,,Amber,Creamy,Vanilla,,fig ifra-anexo,,,por-constituyentes,,2,por nombre,,,,,,,,,,,,,,,,,,,,
fig:3069,VTA,usuario,VTA,,A,,,Vanilla tahitensis absolute,953789-39-4,,,,,,natural,absolute,,Balsamic,Vanilla,Spicy,,fig ifra-anexo,,,por-constituyentes,,2,por nombre,,,,,,,,,,,,,,,,,,,,
fig:3070,VTE,usuario,VTE,,E,,,Vanilla tahitensis CO2 extract,953789-39-4,,,,,,natural,extract,,Balsamic,Vanilla,Spicy,,fig ifra-anexo,,,por-constituyentes,,2,por nombre,,,,,,,,,,,,,,,,,,,,
fig:3071,VATE,usuario,VATE,,E,,,Vanilla tahitensis extract,953789-39-4,,,,,,natural,extract,,Balsamic,Vanilla,Spicy,,fig ifra-anexo,,,por-constituyentes,variante sin concretar: cuenta la peor de 2 del anexo,2,"por CAS: 2 variantes, cuenta la peor",,,,,,,,,,,,,,,,,,,,
fig:3072,VaT,usuario,VaT,,T,,,Vanilla tincture,8047-24-3,,,,,,natural,tincture,,Balsamic,Vanilla,Spicy,,fig ifra-anexo,,,por-constituyentes,,1,por nombre,,,,,,,,,,,,,,,,,,,,
fig:3073,VAA,usuario,VAA,,,,,Vanillic acid,121-34-6,,,,,,molécula,,,Gourmand,Creamy,Vanilla,,fig,,,sin-estandar,,,,,,,,,,,,,,,,,,,,,,,
fig:3074,Vn,usuario,Vn,,,,,Vanillin,121-33-5,,,,,,molécula,,,Gourmand,Vanilla,Powdery,,fig,,,sin-estandar,,,,,,,,,,,,,,,,,,,,,,,
fig:3075,VI,usuario,VI,,,,,Vanillin isobutyrate,20665-85-4,,,,,,molécula,,,Gourmand,Vanilla,Creamy,,fig,,,sin-estandar,,,,,,,,,,,,,,,,,,,,,,,
fig:3076,VP,usuario,VP,,,,,Vanillin propylene glycol acetal,68527-74-2,,,,,,molécula,,,Gourmand,Vanilla,Sweet,,fig,,,sin-estandar,,,,,,,,,,,,,,,,,,,,,,,
fig:3077,VB,usuario,VB,,,,,Vanillyl butyl ether,82654-98-6,,,,,,molécula,,,Gourmand,Caramel,Chocolate,,fig,,,sin-estandar,,,,,,,,,,,,,,,,,,,,,,,
fig:3078,VE,usuario,VE,,,,,Vanillyl ethyl ether,13184-86-6,,,,,,molécula,,,Gourmand,Sweet,Chocolate,,fig,,,sin-estandar,,,,,,,,,,,,,,,,,,,,,,,
fig:3079,Ve,usuario,Ve,,,,,Veratraldehyde,120-14-9,,,,,,molécula,,,Powdery,Sweet,Creamy,,fig,,,sin-estandar,,,,,,,,,,,,,,,,,,,,,,,
fig:3080,Vr,usuario,Vr,,,,,Verbenol,473-67-6,,,,,,molécula,,,Citrus,Pine,Fresh,,fig,,,sin-estandar,,,,,,,,,,,,,,,,,,,,,,,
fig:3081,VECE,usuario,VECE,,E,,,Vetiver CO2 extract,8016-96-4,,,,,,natural,extract,,Woody,Earthy,Nutty,,fig ifra-anexo,,,por-constituyentes,,1,por CAS,,,,,,,,,,,,,,,,,,,,
fig:3082,VeE,usuario,VeE,,E,,,Vetiver extract,8016-96-4,,,,,,natural,extract,,Woody,Earthy,Nutty,,fig ifra-anexo,,,por-constituyentes,,1,por CAS,,,,,,,,,,,,,,,,,,,,
fig:3083,VeO,usuario,VeO,,O,,,Vetiver oil,8016-96-4,,,,,,natural,oil,,Woody,Earthy,Nutty,,fig ifra-anexo,,,por-constituyentes,,1,por CAS,,,,,,,,,,,,,,,,,,,,
fig:3084,VeP,usuario,VeP,,P,,,Vetiver oil terpenes,68917-65-7,,,,,,natural,terpenes,,Woody,Dry,Dusty,,fig,,,sin-dato,,,,,,,,,,,,,,,,,,,,,,,
fig:3085,VAO,usuario,VAO,,O,,,"Vetiver oil, acetylated, distilled.",68917-34-0,,,,,,natural,oil,,Woody,Vetiver,Amber,,fig ifra-estandar,IFRA_STD_002,Acetylated Vetiver oil,con-techo,mismo CAS que «Acetylated Vetiver oil» (STD 002): comprobar la variante · constituyentes: sin dato en el anexo,,,0.05,0.05,0.05,0.9,0.1,0.1,0.1,0.033,0.098,0.1,0.1,0.033,0.2,0.2,3.8,0.033,0.033,sin-restriccion,,
fig:3086,VJO,usuario,VJO,,O,,,"Vetiver oil, JAVA (low Furfural)",8016-96-4,,,,,,natural,oil,,Woody,Earthy,Nutty,,fig ifra-anexo,,,por-constituyentes,,1,por CAS,,,,,,,,,,,,,,,,,,,,
fig:3087,VtO,usuario,VtO,,O,,,"Vetiver oil, rectified",8016-96-4,,,,,,natural,oil,,Woody,Earthy,Nutty,,fig ifra-anexo,,,por-constituyentes,,1,por CAS,,,,,,,,,,,,,,,,,,,,
fig:3088,VZ,usuario,VZ,,,,,"Vetiveria zizanioides, ext., acetylated",84082-84-8,,,,,,molécula,,,Woody,Vetiver,Amber,,fig ifra-estandar,IFRA_STD_002,Acetylated Vetiver oil,con-techo,,,,0.05,0.05,0.05,0.9,0.1,0.1,0.1,0.033,0.098,0.1,0.1,0.033,0.2,0.2,3.8,0.033,0.033,sin-restriccion,,
fig:3089,Vt,usuario,Vt,,,,,Vetiverol,68129-81-7,,,,,,molécula,,,Woody,Vetiver,Grapefruit,,fig,,,sin-estandar,,,,,,,,,,,,,,,,,,,,,,,
fig:3090,VEA,usuario,VEA,,,,,"Vetiverol acetate, distilled",73246-97-6,,,,,,molécula,,,Woody,Vetiver,Amber,,fig ifra-estandar,IFRA_STD_002,Acetylated Vetiver oil,con-techo,,,,0.05,0.05,0.05,0.9,0.1,0.1,0.1,0.033,0.098,0.1,0.1,0.033,0.2,0.2,3.8,0.033,0.033,sin-restriccion,,
fig:3091,VAC,usuario,VAC,,,,,"Vetiverol, acetate",62563-80-8,,,,,,molécula,,,Woody,Vetiver,Amber,,fig ifra-estandar,IFRA_STD_002,Acetylated Vetiver oil,con-techo,,,,0.05,0.05,0.05,0.9,0.1,0.1,0.1,0.033,0.098,0.1,0.1,0.033,0.2,0.2,3.8,0.033,0.033,sin-restriccion,,
fig:3092,VA2,usuario,VA2,,,,,Vetiveryl acetate,117-98-6,,,,,,molécula,,,Woody,Vetiver,Amber,,fig,,,sin-estandar,,,,,,,,,,,,,,,,,,,,,,,
fig:3093,VLA,usuario,VLA,,A,,,Violet leaf absolute,8024-08-6,,,,,,natural,absolute,,Green,Oily,Leafy,,fig ifra-anexo,,,por-constituyentes,,2,por nombre,,,,,,,,,,,,,,,,,,,,
fig:3094,VLE,usuario,VLE,,E,,,Violet leaf extract,8024-08-6,,,,,,natural,extract,,Green,Oily,Leafy,,fig ifra-anexo,,,por-constituyentes,,2,por CAS,,,,,,,,,,,,,,,,,,,,
fig:3095,WLE,usuario,WLE,,E,,,Wine lees oil CO2 extract,8016-21-5,,,,,,natural,extract,,Fruity,Green,Plum,sí,fig,,,sin-dato,,,,,,,,,,,,,,,,,,,,,,,
fig:3096,WLO,usuario,WLO,,O,,,"Wine lees oil, green",8016-21-5,,,,,,natural,oil,,Fruity,Green,Plum,sí,fig,,,sin-dato,,,,,,,,,,,,,,,,,,,,,,,
fig:3097,WWO,usuario,WWO,,O,,,"Wine lees oil, white",8016-21-5,,,,,,natural,oil,,Fruity,Plum,Green,sí,fig,,,sin-dato,,,,,,,,,,,,,,,,,,,,,,,
fig:3098,WLWO,usuario,WLWO,,O,,,"Wine lees oil, white, rectified",8016-21-5,,,,,,natural,oil,,Fruity,Green,Plum,sí,fig,,,sin-dato,,,,,,,,,,,,,,,,,,,,,,,
fig:3099,WiE,usuario,WiE,,E,,,Wintergreen extract,68917-75-9,,,,,,natural,extract,,Herbal,Medicinal,Ylang,,fig,,,sin-dato,,,,,,,,,,,,,,,,,,,,,,,
fig:3100,WiO,usuario,WiO,,O,,,Wintergreen oil,68917-75-9,,,,,,natural,oil,,Herbal,Medicinal,Ylang,,fig,,,sin-dato,,,,,,,,,,,,,,,,,,,,,,,
fig:3101,WoO,usuario,WoO,,O,,,Wormwood oil,8008-93-3,,,,,,natural,oil,,Herbal,spicy,Camphoraceous,,fig ifra-anexo,,,por-constituyentes,,3,por nombre,,,,,,,,,,,,,,,,,,,,
fig:3102,WrO,usuario,WrO,,O,,,"Wormwood oil, terpeneless",73138-77-9,,,,,,natural,oil,,Herbal,Spicy,Tobacco,,fig,,,sin-dato,,,,,,,,,,,,,,,,,,,,,,,
fig:3103,YPP,usuario,YPP,,P,,,Yarmor pine oil terpenes,8002-09-3,,,,,,natural,terpenes,,Herbal,Pine,Fresh,,fig,,,sin-dato,"familia, por el nombre: pináceas: índice de peróxidos (STD 184)",,,,,,,,,,,,,,,,,,,,,,
fig:3104,YPO,usuario,YPO,,O,,,"Yarmor Pine oil, synthetic",8002-09-3,,,,,,natural,oil,,Herbal,Pine,Terpenic,,fig,,,sin-dato,"familia, por el nombre: pináceas: índice de peróxidos (STD 184)",,,,,,,,,,,,,,,,,,,,,,
fig:3105,YaO,usuario,YaO,,O,,,Yarrow oil,8022-07-9,,,,,,natural,oil,,Camphoraceous,Warm,Spicy,,fig ifra-anexo,,,por-constituyentes,,5,por nombre,,,,,,,,,,,,,,,,,,,,
fig:3106,YlA,usuario,YlA,,A,,,Ylang ylang absolute,8006-81-3,,,,,,natural,absolute,,Floral,Green,Sweet,,fig ifra-anexo ifra-estandar,IFRA_STD_084,Ylang ylang extracts,con-techo,mismo CAS que «Ylang ylang extracts» (STD 084): comprobar la variante,9,por nombre,0.13,0.039,0.78,0.73,0.18,0.18,0.18,0.18,0.43,1.5,1.5,0.077,1.4,5.1,5.1,2.8,2.8,sin-restriccion,,
fig:3107,YlO,usuario,YlO,,O,,,Ylang ylang oil,8006-81-3,,,,,,natural,oil,,Floral,Green,Sweet,,fig ifra-anexo ifra-estandar,IFRA_STD_084,Ylang ylang extracts,con-techo,mismo CAS que «Ylang ylang extracts» (STD 084): comprobar la variante · variante sin concretar: cuenta la peor de 5 del anexo,15,"por CAS: 5 variantes, cuenta la peor",0.13,0.039,0.78,0.73,0.18,0.18,0.18,0.18,0.43,1.5,1.5,0.077,1.4,5.1,5.1,2.8,2.8,sin-restriccion,,
fig:3108,YLO,usuario,YLO,,O,,,Ylang ylang oil (low para cresol methylether),8006-81-3,,,,,,natural,oil,,Floral,Green,Sweet,,fig ifra-anexo ifra-estandar,IFRA_STD_084,Ylang ylang extracts,con-techo,mismo CAS que «Ylang ylang extracts» (STD 084): comprobar la variante · variante sin concretar: cuenta la peor de 5 del anexo,15,"por CAS: 5 variantes, cuenta la peor",0.13,0.039,0.78,0.73,0.18,0.18,0.18,0.18,0.43,1.5,1.5,0.077,1.4,5.1,5.1,2.8,2.8,sin-restriccion,,
fig:3109,YnO,usuario,YnO,,O,,,Ylang ylang oil extra,8006-81-3,,,,,,natural,oil,,Floral,Green,Sweet,,fig ifra-anexo ifra-estandar,IFRA_STD_084,Ylang ylang extracts,con-techo,mismo CAS que «Ylang ylang extracts» (STD 084): comprobar la variante,11,por nombre,0.13,0.039,0.78,0.73,0.18,0.18,0.18,0.18,0.43,1.5,1.5,0.077,1.4,5.1,5.1,2.8,2.8,sin-restriccion,,
fig:3110,YgO,usuario,YgO,,O,,,Ylang ylang oil I,8006-81-3,,,,,,natural,oil,,Floral,Green,Sweet,,fig ifra-anexo ifra-estandar,IFRA_STD_084,Ylang ylang extracts,con-techo,mismo CAS que «Ylang ylang extracts» (STD 084): comprobar la variante,15,por nombre,0.13,0.039,0.78,0.73,0.18,0.18,0.18,0.18,0.43,1.5,1.5,0.077,1.4,5.1,5.1,2.8,2.8,sin-restriccion,,
fig:3111,YIO,usuario,YIO,,O,,,Ylang ylang oil II,8006-81-3,,,,,,natural,oil,,Floral,Green,Sweet,,fig ifra-anexo ifra-estandar,IFRA_STD_084,Ylang ylang extracts,con-techo,mismo CAS que «Ylang ylang extracts» (STD 084): comprobar la variante,14,por nombre,0.13,0.039,0.78,0.73,0.18,0.18,0.18,0.18,0.43,1.5,1.5,0.077,1.4,5.1,5.1,2.8,2.8,sin-restriccion,,
fig:3112,YLIO,usuario,YLIO,,O,,,Ylang ylang oil III,8006-81-3,,,,,,natural,oil,,Floral,Green,Sweet,,fig ifra-anexo ifra-estandar,IFRA_STD_084,Ylang ylang extracts,con-techo,mismo CAS que «Ylang ylang extracts» (STD 084): comprobar la variante,14,por nombre,0.13,0.039,0.78,0.73,0.18,0.18,0.18,0.18,0.43,1.5,1.5,0.077,1.4,5.1,5.1,2.8,2.8,sin-restriccion,,
fig:3113,YlaO,usuario,YlaO,,O,,,"Ylang ylang oil, rectified",8006-81-3,,,,,,natural,oil,,Floral,Green,Sweet,,fig ifra-anexo ifra-estandar,IFRA_STD_084,Ylang ylang extracts,con-techo,mismo CAS que «Ylang ylang extracts» (STD 084): comprobar la variante · variante sin concretar: cuenta la peor de 5 del anexo,15,"por CAS: 5 variantes, cuenta la peor",0.13,0.039,0.78,0.73,0.18,0.18,0.18,0.18,0.43,1.5,1.5,0.077,1.4,5.1,5.1,2.8,2.8,sin-restriccion,,
fig:3114,YlO2,usuario,YlO2,,O,,,"Ylang ylang oil, terpene-free",68952-44-3,,,,,,natural,oil,,Floral,Ylang,Creamy,,fig,,,sin-dato,,,,,,,,,,,,,,,,,,,,,,,
fig:3115,YlE,usuario,YlE,,E,,,Ylang-ylang extract,8006-81-3,,,,,,natural,extract,,Floral,Green,Sweet,,fig ifra-anexo ifra-estandar,IFRA_STD_084,Ylang ylang extracts,con-techo,variante sin concretar: cuenta la peor de 5 del anexo,15,"por CAS: 5 variantes, cuenta la peor",0.13,0.039,0.78,0.73,0.18,0.18,0.18,0.18,0.43,1.5,1.5,0.077,1.4,5.1,5.1,2.8,2.8,sin-restriccion,,
fig:3116,Yu,usuario,Yu,,,,,Yuzunone,1009814-14-5,,,,,,molécula,,,Fruity,Floral,Balsamic,,fig,,,sin-estandar,,,,,,,,,,,,,,,,,,,,,,,
fig:3117,ZPE,usuario,ZPE,,E,,,Zanthoxylum piperitum extract,102242-62-6,,,,,,natural,extract,,Citrus,Grapefruit,Peppery,,fig,,,sin-dato,,,,,,,,,,,,,,,,,,,,,,,
fig:3118,Zi,usuario,Zi,,,,,Zingerone,122-48-5,,,,,,molécula,,,Gourmand,Spicy,Sweet,,fig,,,sin-estandar,,,,,,,,,,,,,,,,,,,,,,,
fig:3119,Tj,usuario,Tj,,,,,α-Thujone,546-80-5,,,,,,molécula,,,Herbal,Pine,Fruity,,fig ifra-estandar,IFRA_STD_102,Thujone,con-techo,,,,0.11,0.21,0.032,1.4,0.095,0.032,0.016,0.0053,0.095,0.24,0.24,0.0053,0.13,0.13,0.22,0.0053,0.0053,9.5,,
cas:54464-59-4,OcT,generado,OcT,,,,,"1- (1,2,3,4,5,6,7,8- octahydro-2,3,5,5- tetramethyl-2- naphthalenyl)ethan-1-one",54464-59-4,,,,,,molécula,,,,,,,ifra-estandar,IFRA_STD_068,"1-(1,2,3,4,5,6,7,8 Octahydro-2,3,8,8-tetramethyl-2-naphthalenyl) ethanone (OTNE)",con-techo,,,,0.41,1.1,0.41,20,5.1,0.56,0.76,0.19,0.0093,0.67,0.67,0.19,2.4,2.4,6.6,0.19,0.19,sin-restriccion,,"1- (1,2,3,4,5,6,7,8- octahydro-2,3,5,5- tetramethyl-2- naphthalenyl)ethan-1-one | 1-(2,3,5,5-tetramethyl-1,2,3,4,5,6,7,8-octahydronaphthalen-2-yl)ethanone | Ethanone, 1- (1,2,3,4,5,6,7,8- octahydro-2,3,5,5- tetramethyl-2- naphthalenyl)- | Naphthalene, 1,2,3,4,5,6,7,8-octahydro-2,3,5,5-tetramethyl-2-aceto"
cas:19343-78-3,TeM,generado,TeM,,,,,"1,2,3,4-Tetrahydro-4-methylquinoline",19343-78-3,,,,,,molécula,,,,,,,ifra-estandar,IFRA_STD_216,"1,2,3,4-Tetrahydro-4-methylquinoline",condicion,especificación (STD 216),,,,,,,,,,,,,,,,,,,,,,"4-Methyl-1,2,3,4-tetrahydroquinoline | Quinoline, 1,2,3,4-tetrahydro-4-methyl- | 1,2,3,4-Tetrahydrolepidine | 1,2,3,4-Tetrahydro-4-methylquinoline"
cas:13144-88-2,PeC,generado,PeC,,,,,"1-(2,4,4,5,5-Pentamethyl-1-cyclopenten-1-yl)ethan-1-one",13144-88-2,,,,,,molécula,,,,,,,ifra-estandar,IFRA_STD_072,"1-(2,4,4,5,5-Pentamethyl-1-cyclopenten-1-yl)ethan-1-one",con-techo,,,,0.077,0.023,0.46,0.43,0.11,0.11,0.11,0.11,0.25,0.88,0.88,0.045,0.84,3,3,1.7,1.7,sin-restriccion,,"2-Acetyl-1,3,3,4,4-pentamethyl-1-cyclopentene | Ethanone, 1-(2,4,4,5,5-pentamethyl-1-cyclopenten-1-yl)- | 1-(2,4,4,5,5-Pentamethylcyclopent-1-en-1-yl)ethanone | Alpinone (commercial name)"
cas:3591-42-2,Dic,generado,Dic,,,,,"2,2-Dichloro-1-methylcyclopropylbenzene",3591-42-2,,,,,,molécula,,,,,,,ifra-estandar,IFRA_STD_128,"2,2-Dichloro-1-methylcyclopropylbenzene",prohibido,,,,,,,,,,,,,,,,,,,,,,,"Benzene, (2,2-dichloro-1-methylcyclopropyl)-"
cas:764-40-9,Di38,generado,Di38,,,,,"2,4-Dienals",764-40-9,,,,,,molécula,,,,,,,ifra-estandar,IFRA_STD_129,"2,4-Dienals",prohibido,,,,,,,,,,,,,,,,,,,,,,,
cas:142-83-6,Di25,generado,Di25,,,,,"2,4-Dienals",142-83-6,,,,,,molécula,,,,,,,ifra-estandar,IFRA_STD_129,"2,4-Dienals",prohibido,,,,,,,,,,,,,,,,,,,,,,,
cas:80466-34-8,Di39,generado,Di39,,,,,"2,4-Dienals",80466-34-8,,,,,,molécula,,,,,,,ifra-estandar,IFRA_STD_129,"2,4-Dienals",prohibido,,,,,,,,,,,,,,,,,,,,,,,
cas:5910-85-0,Di35,generado,Di35,,,,,"2,4-Dienals",5910-85-0,,,,,,molécula,,,,,,,ifra-estandar,IFRA_STD_129,"2,4-Dienals",prohibido,,,,,,,,,,,,,,,,,,,,,,,
cas:30361-28-5,Di30,generado,Di30,,,,,"2,4-Dienals",30361-28-5,,,,,,molécula,,,,,,,ifra-estandar,IFRA_STD_129,"2,4-Dienals",prohibido,,,,,,,,,,,,,,,,,,,,,,,
cas:6750-03-4,Di37,generado,Di37,,,,,"2,4-Dienals",6750-03-4,,,,,,molécula,,,,,,,ifra-estandar,IFRA_STD_129,"2,4-Dienals",prohibido,,,,,,,,,,,,,,,,,,,,,,,
cas:2363-88-4,Di28,generado,Di28,,,,,"2,4-Dienals",2363-88-4,,,,,,molécula,,,,,,,ifra-estandar,IFRA_STD_129,"2,4-Dienals",prohibido,,,,,,,,,,,,,,,,,,,,,,,
cas:13162-46-4,Dien,generado,Dien,,,,,"2,4-Dienals",13162-46-4,,,,,,molécula,,,,,,,ifra-estandar,IFRA_STD_129,"2,4-Dienals",prohibido,,,,,,,,,,,,,,,,,,,,,,,
cas:21662-16-8,Di27,generado,Di27,,,,,"2,4-Dienals",21662-16-8,,,,,,molécula,,,,,,,ifra-estandar,IFRA_STD_129,"2,4-Dienals",prohibido,,,,,,,,,,,,,,,,,,,,,,,
cas:25152-84-5,Di29,generado,Di29,,,,,"2,4-Dienals",25152-84-5,,,,,,molécula,,,,,,,ifra-estandar,IFRA_STD_129,"2,4-Dienals",prohibido,,,,,,,,,,,,,,,,,,,,,,,
cas:30361-29-6,Di31,generado,Di31,,,,,"2,4-Dienals",30361-29-6,,,,,,molécula,,,,,,,ifra-estandar,IFRA_STD_129,"2,4-Dienals",prohibido,,,,,,,,,,,,,,,,,,,,,,,
cas:4313-03-5,Di32,generado,Di32,,,,,"2,4-Dienals",4313-03-5,,,,,,molécula,,,,,,,ifra-estandar,IFRA_STD_129,"2,4-Dienals",prohibido,,,,,,,,,,,,,,,,,,,,,,,
cas:20432-40-0,Di26,generado,Di26,,,,,"2,4-Dienals",20432-40-0,,,,,,molécula,,,,,,,ifra-estandar,IFRA_STD_129,"2,4-Dienals",prohibido,,,,,,,,,,,,,,,,,,,,,,,
cas:4488-48-6,Di33,generado,Di33,,,,,"2,4-Dienals",4488-48-6,,,,,,molécula,,,,,,,ifra-estandar,IFRA_STD_129,"2,4-Dienals",prohibido,,,,,,,,,,,,,,,,,,,,,,,
cas:5577-44-6,Di34,generado,Di34,,,,,"2,4-Dienals",5577-44-6,,,,,,molécula,,,,,,,ifra-estandar,IFRA_STD_129,"2,4-Dienals",prohibido,,,,,,,,,,,,,,,,,,,,,,,
cas:5910-87-2,Di36,generado,Di36,,,,,"2,4-Dienals",5910-87-2,,,,,,molécula,,,,,,,ifra-estandar,IFRA_STD_129,"2,4-Dienals",prohibido,,,,,,,,,,,,,,,,,,,,,,,
cas:6248-20-0,Dihy,generado,Dihy,,,,,"2,4-Dihydroxy-3-methylbenzaldehyde",6248-20-0,,,,,,molécula,,,,,,,ifra-estandar,IFRA_STD_131,"2,4-Dihydroxy-3-methylbenzaldehyde",prohibido,,,,,,,,,,,,,,,,,,,,,,,"Benzaldehyde, 2,4-dihydroxy-3-methyl- | 4-Formyl-2-methylresorcinol"
cas:18485-38-6,DoO,generado,DoO,,,,,"2,4-Dodecadien-1-ol, (2E, 4E)",18485-38-6,,,,,,molécula,,,,,,,ifra-estandar,IFRA_STD_136,"2,4-Dodecadien-1-ol, (2E, 4E)",prohibido,,,,,,,,,,,,,,,,,,,,,,,"2,4-Dodecadien-1-ol"
cas:111-28-4,Hexa,generado,Hexa,,,,,"2,4-Hexadien-1-ol",111-28-4,,,,,,molécula,,,,,,,ifra-estandar,IFRA_STD_147,"2,4-Hexadien-1-ol",prohibido,,,,,,,,,,,,,,,,,,,,,,,
cas:17102-64-6,HO8,generado,HO8,,,,,"2,4-Hexadien-1-ol",17102-64-6,,,,,,molécula,,,,,,,ifra-estandar,IFRA_STD_147,"2,4-Hexadien-1-ol",prohibido,,,,,,,,,,,,,,,,,,,,,,,
cas:185019-19-6,TD9,generado,TD9,,,,,"2,6,10-Trimethylundeca-5,9-dien-1-ol",185019-19-6,,,,,,molécula,,,,,,,ifra-estandar,IFRA_STD_195,"2,6,10-Trimethylundeca-5,9-dien-1-ol",con-techo,,,,0.21,0.062,1.2,1.2,0.29,0.29,0.29,0.29,0.68,2.4,2.4,0.12,2.3,8.1,8.1,4.5,4.5,sin-restriccion,,
cas:16635-54-4,Hexe,generado,Hexe,,,,,2-Hexenal,16635-54-4,,,,,,molécula,,,,,,,ifra-estandar,IFRA_STD_039,2-Hexenal,con-techo,,,,0.0014,0.00041,0.0083,0.0077,0.002,0.002,0.002,0.00067,0.0045,0.016,0.016,0.00067,0.015,0.054,0.054,0.00067,0.00067,sin-restriccion,,
cas:25677-40-1,Pen,generado,Pen,,,,,2-Pentylidene cyclohexanone,25677-40-1,,,,,,molécula,,,,,,,ifra-estandar,IFRA_STD_172,2-Pentylidene cyclohexanone,prohibido,,,,,,,,,,,,,,,,,,,,,,,"Cyclohexanone, 2-pentylidene-"
cas:1340-11-0,Phen,generado,Phen,,,,,2-Phenylpropionaldehyde,1340-11-0,,,,,,molécula,,,,,,,ifra-estandar,IFRA_STD_075,2-Phenylpropionaldehyde,con-techo,,,,0.029,0.0087,0.096,0.16,0.041,0.041,0.041,0.014,0.096,0.19,0.19,0.014,0.32,0.32,0.77,0.014,0.014,31,,
cas:34713-70-7,Ph9,generado,Ph9,,,,,2-Phenylpropionaldehyde,34713-70-7,,,,,,molécula,,,,,,,ifra-estandar,IFRA_STD_075,2-Phenylpropionaldehyde,con-techo,,,,0.029,0.0087,0.096,0.16,0.041,0.041,0.041,0.014,0.096,0.19,0.19,0.014,0.32,0.32,0.77,0.014,0.014,31,,
cas:1373932-23-0,Trim,generado,Trim,,,,,"(2R,5E)-2,6,10-Trimethylundeca-5,9-dien-1-ol",1373932-23-0,,,,,,molécula,,,,,,,ifra-estandar,IFRA_STD_195,"2,6,10-Trimethylundeca-5,9-dien-1-ol",con-techo,,,,0.21,0.062,1.2,1.2,0.29,0.29,0.29,0.29,0.68,2.4,2.4,0.12,2.3,8.1,8.1,4.5,4.5,sin-restriccion,,"(2R,5E)-2,6,10-Trimethylundeca-5,9-dien-1-ol"
cas:1018832-07-9,TrD,generado,TrD,,,,,"(2S, 5E)-2,6,10-Trimethylundeca-5,9-dien-1-ol",1018832-07-9,,,,,,molécula,,,,,,,ifra-estandar,IFRA_STD_195,"2,6,10-Trimethylundeca-5,9-dien-1-ol",con-techo,,,,0.21,0.062,1.2,1.2,0.29,0.29,0.29,0.29,0.68,2.4,2.4,0.12,2.3,8.1,8.1,4.5,4.5,sin-restriccion,,"(2S, 5E)-2,6,10-Trimethylundeca-5,9-dien-1-ol"
cas:41448-29-7,DiN,generado,DiN,,,,,"3,7-Dimethyl-2,6-nonadien-1-al",41448-29-7,,,,,,molécula,,,,,,,ifra-estandar,IFRA_STD_203,"3,7-Dimethyl-2,6-nonadien-1-al",con-techo,,,,0.11,0.032,0.65,0.6,0.15,0.15,0.15,0.051,0.16,1.2,1.2,0.051,0.16,0.16,4.2,0.051,0.051,sin-restriccion,,"2,6-Nonadien-1-al, 3,7-dimethyl- | 3,7-Dimethylnona-2,6-dienal | Ethyl citral"
cas:40607-48-5,Dime,generado,Dime,,,,,"3,7-Dimethyl-2-octen-1-ol",40607-48-5,,,,,,molécula,,,,,,,ifra-estandar,IFRA_STD_133,"3,7-Dimethyl-2-octen-1-ol",prohibido,,,,,,,,,,,,,,,,,,,,,,,"6,7-Dihydrogeraniol | 2-Octen-1-ol, 3,7-dimethyl"
cas:1754-00-3,DiO,generado,DiO,,,,,"3,7-Dimethyl-3,6-octadienal",1754-00-3,,,,,,molécula,,,,,,,ifra-estandar,IFRA_STD_205,"3,7-Dimethyl-3,6-octadienal",con-techo,,,,0.54,0.16,0.03,3,0.76,0.12,0.03,0.01,1.3,0.12,0.12,0.01,0.79,0.79,4.2,0.01,0.01,53,,
cas:72203-98-6,DO15,generado,DO15,,,,,"3,7-Dimethyl-3,6-octadienal",72203-98-6,,,,,,molécula,,,,,,,ifra-estandar,IFRA_STD_205,"3,7-Dimethyl-3,6-octadienal",con-techo,,,,0.54,0.16,0.03,3,0.76,0.12,0.03,0.01,1.3,0.12,0.12,0.01,0.79,0.79,4.2,0.01,0.01,53,,
cas:72203-97-5,DO14,generado,DO14,,,,,"3,7-Dimethyl-3,6-octadienal",72203-97-5,,,,,,molécula,,,,,,,ifra-estandar,IFRA_STD_205,"3,7-Dimethyl-3,6-octadienal",con-techo,,,,0.54,0.16,0.03,3,0.76,0.12,0.03,0.01,1.3,0.12,0.12,0.01,0.79,0.79,4.2,0.01,0.01,53,,
cas:76-29-9,BrT,generado,BrT,,,,,"3-Bromo-1,7,7-trimethylbicyclo[2.2.1]heptane-2-one",76-29-9,,,,,,molécula,,,,,,,ifra-estandar,IFRA_STD_116,"3-Bromo-1,7,7-trimethylbicyclo[2.2.1]heptane-2-one",prohibido,,,,,,,,,,,,,,,,,,,,,,,"Bicyclo[2.2.1]heptan-2-one, 3-bromo-1,7,7-trimethyl- | 2-Bornanone, 3-bromo- | 3-Bromobornan-2-one | 3-Bromo-2-bornanone | 3-Bromocamphor | Camphor bromide | Camphor, 3-bromo-"
cas:67634-07-5,CyC,generado,CyC,,,,,"3-Cyclohexene-1-carboxaldehyde, 3,5,6-trimethyl-",67634-07-5,,,,,,molécula,,,,,,,ifra-estandar,IFRA_STD_046,Isocyclocitral,con-techo,,,,0.54,0.16,3.2,3,0.76,0.76,0.76,0.76,1.8,6.1,6.1,0.32,5.9,21,21,12,12,sin-restriccion,,"3-Cyclohexene-1-carboxaldehyde, 3,5,6-trimethyl- | 3,5,6-Trimethylcyclohex-3-ene-1-carbaldehyde"
cas:53153-66-5,MeN,generado,MeN,,,,,3-Methyl-2(3)-nonenenitrile,53153-66-5,,,,,,molécula,,,,,,,ifra-estandar,IFRA_STD_166,3-Methyl-2(3)-nonenenitrile,prohibido,,,,,,,,,,,,,,,,,,,,,,,"2-Nonenenitrile, 3-methyl- | Citgrenile (commercial name)"
cas:17874-34-9,DiB,generado,DiB,,,,,"4,6-Dimethyl-8-tert-butylcoumarin",17874-34-9,,,,,,molécula,,,,,,,ifra-estandar,IFRA_STD_132,"4,6-Dimethyl-8-tert-butylcoumarin",prohibido,,,,,,,,,,,,,,,,,,,,,,,"2H-1-Benzopyran-2-one, 8-(1,1-dimethylethyl)-4,6-dimethyl- | Butolia"
cas:87-05-8,MeE,generado,MeE,,,,,4-Methyl-7-ethoxycoumarin,87-05-8,,,,,,molécula,,,,,,,ifra-estandar,IFRA_STD_163,4-Methyl-7-ethoxycoumarin,prohibido,,,,,,,,,,,,,,,,,,,,,,,"2H-1-Benzopyran-2-one, 7-ethoxy-4-methyl- | Coumarin, 7-ethoxy-4-methyl- | 7-Ethoxy-4-methylcoumarin | 4-Methyl-7-ethoxybenzopyrone | Maraniol (commercial name)"
cas:62439-42-3,HyD,generado,HyD,,,,,"6-Hydroxy-2,6-dimethylheptanal",62439-42-3,,,,,,molécula,,,,,,,ifra-estandar,IFRA_STD_253,"6-Hydroxy-2,6-dimethylheptanal",con-techo,,,,0.22,0.066,1.3,1.2,0.32,0.32,0.32,0.11,0.73,1.8,1.8,0.11,2.4,0.91,8.7,0.11,0.11,sin-restriccion,,"6-Hydroxy-2,6-dimethylheptanal | Heptanal, 6-​hydroxy-​2,​6-​dimethyl-"
cas:34131-99-2,IsD,generado,IsD,,,,,6-Isopropyl-2-decalol,34131-99-2,,,,,,molécula,,,,,,,ifra-estandar,IFRA_STD_155,6-Isopropyl-2-decalol,prohibido,,,,,,,,,,,,,,,,,,,,,,,"Decahydro-6-isopropyl-2-naphthol | Decahydro-6-(1-methylethyl)-2-naphthalenol | 6-Isopropyl-2-decahydronaphthalenol | 6-Isopropyldecalol | 2-Naphthalenol, decahydro-6-(1-methylethyl)- | Decatol"
cas:92-48-8,Me30,generado,Me30,,,,,6-Methylcoumarin,92-48-8,,,,,,molécula,,,,,,,ifra-estandar,IFRA_STD_160,6-Methylcoumarin,prohibido,,,,,,,,,,,,,,,,,,,,,,,"2H-1-Benzopyran-2-one, 6-methyl | 6-Methyl-2h-1-benzopyran-2-one | 6-Methylbenzopyrone | 6-Methyl coumarin | 6-Methyl-cis-o-coumarinic lactone | 5-Methyl-2-hydroxyphenylpropenoic acid lactone | Toncarine (commercial name)"
cas:26489-01-0,OcO,generado,OcO,,,,,"6-Octen-1-ol, 3,7-dimethyl-,(+/-)-",26489-01-0,,,,,,molécula,,,,,,,ifra-estandar,IFRA_STD_022,Citronellol,con-techo,,,,2.2,0.67,13,12,3.2,3.2,3.2,3.2,7.3,25,25,1.3,24,87,87,48,48,sin-restriccion,,"6-Octen-1-ol, 3,7-dimethyl-,(+/-)-"
cas:531-59-9,Me29,generado,Me29,,,,,7-Methoxycoumarin,531-59-9,,,,,,molécula,,,,,,,ifra-estandar,IFRA_STD_158,7-Methoxycoumarin,prohibido,"lo que llega de naturales, hasta 0,01 % (STD 158)",,,ver-nota,ver-nota,ver-nota,ver-nota,ver-nota,ver-nota,ver-nota,ver-nota,ver-nota,ver-nota,ver-nota,ver-nota,ver-nota,ver-nota,ver-nota,ver-nota,ver-nota,ver-nota,0.01,"2H-1-Benzopyran-2-one, 7-methoxy- | Herniarin"
cas:2445-83-2,Meth,generado,Meth,,,,,7-Methylcoumarin,2445-83-2,,,,,,molécula,,,,,,,ifra-estandar,IFRA_STD_161,7-Methylcoumarin,prohibido,,,,,,,,,,,,,,,,,,,,,,,"2H-1-Benzopyran-2-one, 7-methyl- | 7-Methyl-2-H-1-benzopyran-2-one"
ncs:abies-alba-cone-oil,AbO,generado,AbO,,O,,,Abies alba cone oil,8021-27-0,90028-76-5,,,,,natural,oil,,,,,,ifra-anexo,,,por-constituyentes,"familia, por el nombre: pináceas: índice de peróxidos (STD 184)",2,por nombre,,,,,,,,,,,,,,,,,,,,
cas:88-29-9,AcE,generado,AcE,,,,,Acetyl ethyl tetramethyl tetralin (AETT),88-29-9,,,,,,molécula,,,,,,,ifra-estandar,IFRA_STD_103,Acetyl ethyl tetramethyl tetralin (AETT),prohibido,,,,,,,,,,,,,,,,,,,,,,,"7-Acetyl-6-ethyl-1,1,4,4-tetramethyl-1,2,3,4-tetrahydronaphthalene | Ethanone, 1-(3-ethyl-5,6,7,8-tetrahydro-5,5,8,8-tetramethyl-2-naphthalenyl)- | Versalide (commercial name)"
cas:13706-86-0,AcI,generado,AcI,,,,,Acetyl isovaleryl,13706-86-0,,,,,,molécula,,,,,,,ifra-estandar,IFRA_STD_104,Acetyl isovaleryl,prohibido,,,,,,,,,,,,,,,,,,,,,,,"5-Methyl-2,3-hexanedione | 2,3-Hexanedione, 5-methyl- | Acetyl isopentanoyl"
cas:84012-20-4,AlaO,generado,AlaO,,O,,,Alantroot oil,84012-20-4,,,,,,natural,oil,,,,,,ifra-estandar,IFRA_STD_105,Alantroot oil,prohibido,constituyentes: sin dato en el anexo,,,,,,,,,,,,,,,,,,,,,,
cas:97676-35-2,AlanO,generado,AlanO,,O,,,Alantroot oil,97676-35-2,,,,,,natural,oil,,,,,,ifra-estandar,IFRA_STD_105,Alantroot oil,prohibido,constituyentes: sin dato en el anexo,,,,,,,,,,,,,,,,,,,,,,
ncs:allspice-oleoresin,AlL,generado,AlL,,L,,,Allspice oleoresin,8006-77-7,84929-57-7,,,,,natural,oleoresin,,,,,,ifra-anexo,,,por-constituyentes,,2,por nombre,,,,,,,,,,,,,,,,,,,,
cas:73157-43-4,AlH,generado,AlH,,,,,Allyl heptine carbonate,73157-43-4,,,,,,molécula,,,,,,,ifra-estandar,IFRA_STD_106,Allyl heptine carbonate,prohibido,"familia, por el nombre: ésteres alílicos: alcohol alílico libre (STD 188)",,,,,,,,,,,,,,,,,,,,,,Allyl 2-octynoate | 2-Octynoic acid | 2-Propenyl ester
cas:57-06-7,AlI,generado,AlI,,,,,Allyl isothiocyanate,57-06-7,,,,,,molécula,,,,,,,ifra-estandar,IFRA_STD_107,Allyl isothiocyanate,prohibido,,,,,,,,,,,,,,,,,,,,,,,"Allyl isosulfocyanate | Allyl thiocarbonimide | 1-Propenal, 3-isothiocyanato- | 2-Propenyl isothiocyanate | AITC"
cas:863306-60-9,AlP,generado,AlP,,,,,Allyl phenoxyacetate,863306-60-9,,,,,,molécula,,,,,,,ifra-estandar,IFRA_STD_003,Allyl phenoxyacetate,con-techo,"especificación (STD 003) · familia, por el nombre: ésteres alílicos: alcohol alílico libre (STD 188)",,,0.054,0.016,0.21,0.3,0.076,0.076,0.076,0.025,0.18,0.41,0.41,0.025,0.59,0.59,1.7,0.025,0.025,52,,
cas:23089-26-1,αBis,generado,αBis,,,,,alpha-Bisabolol,23089-26-1,,,,,,molécula,,,,,,,ifra-estandar,IFRA_STD_192,alpha-Bisabolol,con-techo,,,,0.42,0.13,2.5,2.4,0.6,0.6,0.6,0.2,1.4,3,3,0.2,4.6,4.6,17,0.2,0.2,sin-restriccion,,
cas:23178-88-3,αBisa,generado,αBisa,,,,,alpha-Bisabolol,23178-88-3,,,,,,molécula,,,,,,,ifra-estandar,IFRA_STD_192,alpha-Bisabolol,con-techo,,,,0.42,0.13,2.5,2.4,0.6,0.6,0.6,0.2,1.4,3,3,0.2,4.6,4.6,17,0.2,0.2,sin-restriccion,,
cas:78148-59-1,αBi4,generado,αBi4,,,,,alpha-Bisabolol,78148-59-1,,,,,,molécula,,,,,,,ifra-estandar,IFRA_STD_192,alpha-Bisabolol,con-techo,,,,0.42,0.13,2.5,2.4,0.6,0.6,0.6,0.2,1.4,3,3,0.2,4.6,4.6,17,0.2,0.2,sin-restriccion,,
cas:76738-75-5,αBi3,generado,αBi3,,,,,alpha-Bisabolol,76738-75-5,,,,,,molécula,,,,,,,ifra-estandar,IFRA_STD_192,alpha-Bisabolol,con-techo,,,,0.42,0.13,2.5,2.4,0.6,0.6,0.6,0.2,1.4,3,3,0.2,4.6,4.6,17,0.2,0.2,sin-restriccion,,
cas:72691-24-8,αBi2,generado,αBi2,,,,,alpha-Bisabolol,72691-24-8,,,,,,molécula,,,,,,,ifra-estandar,IFRA_STD_192,alpha-Bisabolol,con-techo,,,,0.42,0.13,2.5,2.4,0.6,0.6,0.6,0.2,1.4,3,3,0.2,4.6,4.6,17,0.2,0.2,sin-restriccion,,
cas:25564-22-1,Amyl,generado,Amyl,,,,,Amylcyclopentenone,25564-22-1,,,,,,molécula,,,,,,,ifra-estandar,IFRA_STD_108,Amylcyclopentenone,prohibido,,,,,,,,,,,,,,,,,,,,,,,"2-Cyclopenten-1-one, 2-pentyl- | 2-Pentyl-2-cyclopentenone | 2-Pentylcyclopent-2-en-1-one"
cas:84775-41-7,AnO,generado,AnO,,O,,,Angelica root oil,84775-41-7,,,,,,natural,oil,,,,,,ifra-estandar,IFRA_STD_086,Angelica root oil,con-techo,constituyentes: sin dato en el anexo,,,0.8,0.8,0.8,0.8,0.8,0.8,0.8,0.8,0.8,sin-restriccion,0.8,0.8,sin-restriccion,sin-restriccion,0.8,sin-restriccion,0.8,sin-restriccion,,
cas:943-88-4,AnA,generado,AnA,,,,,Anisylidene acetone,943-88-4,,,,,,molécula,,,,,,,ifra-estandar,IFRA_STD_109,Anisylidene acetone,prohibido,,,,,,,,,,,,,,,,,,,,,,,"3-Butene-2-one, 4-(4-methoxyphenyl) ester | 4-(p-methoxyphenyl)-3-butene-2-one | Methyl p-methoxycinnamyl ketone"
ncs:arnica-absolute,ArA,generado,ArA,,A,,,Arnica absolute,8057-65-6,68990-11-4,,,,,natural,absolute,,,,,,ifra-anexo,,,por-constituyentes,,2,por nombre,,,,,,,,,,,,,,,,,,,,
ncs:arnica-oils-montana,AOO,generado,AOO,,O,,,"Arnica oils, montana",8057-65-6,68990-11-4,,,,,natural,oil,,,,,,ifra-anexo,,,por-constituyentes,,2,por nombre,,,,,,,,,,,,,,,,,,,,
ncs:artemesia-afra-oil,ArO,generado,ArO,,O,,,Artemesia afra oil,91745-71-0,,,,,,natural,oil,,,,,,ifra-anexo,,,por-constituyentes,,1,por nombre,,,,,,,,,,,,,,,,,,,,
cas:2883-98-9,As,generado,As,,,,,α-Asarone,2883-98-9,,,,,,molécula,,,,,,,ifra-estandar,IFRA_STD_110,cis-and trans-Asarone,prohibido,"lo que llega de naturales, hasta 0,01 % (STD 110)",,,ver-nota,ver-nota,ver-nota,ver-nota,ver-nota,ver-nota,ver-nota,ver-nota,ver-nota,ver-nota,ver-nota,ver-nota,ver-nota,ver-nota,ver-nota,ver-nota,ver-nota,ver-nota,0.01,"α-Asarone | trans-Asarone | Benzene, 1,2,4-trimethoxy-5-(1-propenyl)-, (E)- | trans-Isoasarone"
cas:5273-86-9,Asa,generado,Asa,,,,,ß-Asarone,5273-86-9,,,,,,molécula,,,,,,,ifra-estandar,IFRA_STD_110,cis-and trans-Asarone,prohibido,"lo que llega de naturales, hasta 0,01 % (STD 110)",,,ver-nota,ver-nota,ver-nota,ver-nota,ver-nota,ver-nota,ver-nota,ver-nota,ver-nota,ver-nota,ver-nota,ver-nota,ver-nota,ver-nota,ver-nota,ver-nota,ver-nota,ver-nota,0.01,"ß-Asarone | cis-ß-Asarone | Benzene, 1,2,4-trimethoxy-5-(1-propenyl)-, (Z)- | cis-Isoasarone"
ncs:baccharis-dracunculifolia-oil,BaDO,generado,BaDO,,O,,,Baccharis dracunculifolia oil,68991-21-9,94406-01-6,,,,,natural,oil,,,,,,ifra-anexo,,,por-constituyentes,,2,por nombre,,,,,,,,,,,,,,,,,,,,
ncs:balm-oil,BalO,generado,BalO,,O,,,Balm oil,8014-71-9,84082-61-1,,,,,natural,oil,,,,,,ifra-anexo ifra-estandar,IFRA_STD_051,Melissa oil (genuine Melissa officinalis L.),con-techo,mismo CAS que «Melissa oil (genuine Melissa officinalis L.)» (STD 051): comprobar la variante,6,por nombre,0.11,0.032,0.65,0.6,0.15,0.15,0.15,0.15,0.35,1.2,1.2,0.063,1.2,4.2,4.2,2.3,2.3,sin-restriccion,,
ncs:bay-leaf-west-indian-oil,BaLO,generado,BaLO,,O,,,"Bay leaf, West Indian, oil",8006-78-8,91721-75-4 85085-61-6,,,,,natural,oil,,,,,,ifra-anexo,,,por-constituyentes,,5,por nombre,,,,,,,,,,,,,,,,,,,,
cas:71-43-2,Be5,generado,Be5,,,,,Benzene,71-43-2,,,,,,molécula,,,,,,,ifra-estandar,IFRA_STD_111,Benzene,prohibido,especificación (STD 111),,,,,,,,,,,,,,,,,,,,,,Benzol
cas:494-40-6,BeT,generado,BeT,,,,,"Benzene, 1,2,4-trimethoxy-5-(1-propen-1-yl)- (unspecified isomer)",494-40-6,,,,,,molécula,,,,,,,ifra-estandar,IFRA_STD_110,cis-and trans-Asarone,prohibido,"lo que llega de naturales, hasta 0,01 % (STD 110)",,,ver-nota,ver-nota,ver-nota,ver-nota,ver-nota,ver-nota,ver-nota,ver-nota,ver-nota,ver-nota,ver-nota,ver-nota,ver-nota,ver-nota,ver-nota,ver-nota,ver-nota,ver-nota,0.01,"Benzene, 1,2,4-trimethoxy-5-(1-propen-1-yl)- (unspecified isomer) | (E)-and (Z)-2,4,5-Trimethoxypropen-1-yl benzene)"
ncs:benzoin-infusion-sumatra,BIT,generado,BIT,,T,,,"Benzoin infusion, Sumatra",,9000-05-9,,,,,natural,tincture,,,,,,ifra-anexo,,,por-constituyentes,,5,por nombre,,,,,,,,,,,,,,,,,,,,
cas:140-29-4,BC2,generado,BC2,,,,,Benzyl cyanide,140-29-4,,,,,,molécula,,,,,,,ifra-estandar,IFRA_STD_112,Benzyl cyanide,prohibido,"lo que llega de naturales, hasta 0,01 % (STD 112)",,,ver-nota,ver-nota,ver-nota,ver-nota,ver-nota,ver-nota,ver-nota,ver-nota,ver-nota,ver-nota,ver-nota,ver-nota,ver-nota,ver-nota,ver-nota,ver-nota,ver-nota,ver-nota,0.01,Benzeneacetonitrile | Benzylnitrile | Phenylacetonitrile | Phenyl acetyl nitrile
cas:122-57-6,Benz,generado,Benz,,,,,Benzylidene acetone,122-57-6,,,,,,molécula,,,,,,,ifra-estandar,IFRA_STD_113,Benzylidene acetone,prohibido,,,,,,,,,,,,,,,,,,,,,,,"4-Phenyl-3-buten-2-one | 3-Buten-2-one, 4-phenyl- | Benzilideneacetone | Methyl styryl ketone"
cas:89957-91-5,BerO,generado,BerO,,O,,,Bergamot oil expressed,89957-91-5,,,,,,natural,oil,,,,,,ifra-estandar,IFRA_STD_087,Bergamot oil expressed,con-techo,"familia, por el nombre: aceites cítricos: furocumarinas, bergapteno total (STD 089) · constituyentes: sin dato en el anexo",,,0.4,0.4,0.4,0.4,0.4,0.4,0.4,0.4,0.4,sin-restriccion,0.4,0.4,sin-restriccion,sin-restriccion,0.4,sin-restriccion,0.4,sin-restriccion,,
cas:68917-50-0,BW,generado,BW,,,,,Birch wood pyrolysate,68917-50-0,,,,,,molécula,,,,,,,ifra-estandar,IFRA_STD_114,Birch wood pyrolysate,condicion,especificación (STD 114) · una variante está prohibida (STD 114),,,,,,,,,,,,,,,,,,,,,,
cas:84012-15-7,BiW,generado,BiW,,,,,Birch wood pyrolysate,84012-15-7,,,,,,molécula,,,,,,,ifra-estandar,IFRA_STD_114,Birch wood pyrolysate,condicion,especificación (STD 114) · una variante está prohibida (STD 114),,,,,,,,,,,,,,,,,,,,,,
cas:85251-66-7,BWP,generado,BWP,,,,,Birch wood pyrolysate,85251-66-7,,,,,,molécula,,,,,,,ifra-estandar,IFRA_STD_114,Birch wood pyrolysate,condicion,especificación (STD 114) · una variante está prohibida (STD 114),,,,,,,,,,,,,,,,,,,,,,
cas:85940-29-0,Bir,generado,Bir,,,,,Birch wood pyrolysate,85940-29-0,,,,,,molécula,,,,,,,ifra-estandar,IFRA_STD_114,Birch wood pyrolysate,condicion,especificación (STD 114) · una variante está prohibida (STD 114),,,,,,,,,,,,,,,,,,,,,,
cas:91745-85-6,Birc,generado,Birc,,,,,Birch wood pyrolysate,91745-85-6,,,,,,molécula,,,,,,,ifra-estandar,IFRA_STD_114,Birch wood pyrolysate,condicion,especificación (STD 114) · una variante está prohibida (STD 114),,,,,,,,,,,,,,,,,,,,,,
cas:72968-50-4,BOO,generado,BOO,,O,,,Bitter orange peel oil expressed,72968-50-4,,,,,,natural,oil,,,,,,ifra-estandar,IFRA_STD_088,Bitter orange peel oil expressed,con-techo,"familia, por el nombre: aceites cítricos: furocumarinas, bergapteno total (STD 089) · constituyentes: sin dato en el anexo",,,1.25,1.25,1.25,1.25,1.25,1.25,1.25,1.25,1.25,sin-restriccion,1.25,1.25,sin-restriccion,sin-restriccion,1.25,sin-restriccion,1.25,sin-restriccion,,
cas:8022-81-9,BoO,generado,BoO,,O,,,Boldo oil,8022-81-9,,,,,,natural,oil,,,,,,ifra-estandar,IFRA_STD_115,Boldo oil,prohibido,constituyentes: sin dato en el anexo,,,,,,,,,,,,,,,,,,,,,,
cas:84649-96-7,BolO,generado,BolO,,O,,,Boldo oil,84649-96-7,,,,,,natural,oil,,,,,,ifra-estandar,IFRA_STD_115,Boldo oil,prohibido,constituyentes: sin dato en el anexo,,,,,,,,,,,,,,,,,,,,,,
cas:103-64-0,Bro,generado,Bro,,,,,Bromostyrene,103-64-0,,,,,,molécula,,,,,,,ifra-estandar,IFRA_STD_117,Bromostyrene,prohibido,,,,,,,,,,,,,,,,,,,,,,,"Benzene, (2-bromoethenyl)- | α-Bromo-ß-phenylethylene | ß-Bromostyrene | ß-Bromovinylbenzene | ω-Bromstyrene | Bromstyrol | Bromstyrolene"
cas:90046-02-9,CadeO,generado,CadeO,,O,,,Cade oil,90046-02-9,,,,,,natural,oil,,,,,,ifra-estandar,IFRA_STD_119,Cade oil,condicion,especificación (STD 119) · una variante está prohibida (STD 119) · constituyentes: sin dato en el anexo,,,,,,,,,,,,,,,,,,,,,,
ncs:camphor-oil-brown,CaBO,generado,CaBO,,O,,,"Camphor oil, brown",8008-51-3,92201-50-8 92704-03-5,,,,,natural,oil,,,,,,ifra-anexo,,,por-constituyentes,,1,por nombre,,,,,,,,,,,,,,,,,,,,
ncs:camphor-oil-yellow,CaYO,generado,CaYO,,O,,,"Camphor oil, yellow",8008-51-3,92201-50-8 92704-03-5,,,,,natural,oil,,,,,,ifra-anexo,,,por-constituyentes,,1,por nombre,,,,,,,,,,,,,,,,,,,,
cas:99-49-0,Ca2,generado,Ca2,,,,,Carvone,99-49-0,,,,,,molécula,,,,,,,ifra-estandar,IFRA_STD_016,Carvone,con-techo,,,,0.2,0.06,0.02,0.59,0.2,0.039,0.059,0.013,0.66,0.039,0.039,0.013,0.18,0.18,0.43,0.013,0.013,17,,
cas:33204-74-9,Carv,generado,Carv,,,,,Carvone oxide,33204-74-9,,,,,,molécula,,,,,,,ifra-estandar,IFRA_STD_120,Carvone oxide,prohibido,,,,,,,,,,,,,,,,,,,,,,,"Carvone epoxide | 1,6-Epoxy-p-menth-8-en-2-one | 1-Methyl-4-(1-methylvinyl)-7-oxabicyclo[4.1.0]heptan-2-one | 7-Oxabicyclo[4.1.0]heptan-2-one, 1-methyl-4-(1-methylethenyl)-"
cas:1134-95-8,Car,generado,Car,,,,,Carvyl acetate,1134-95-8,,,,,,molécula,,,,,,,ifra-estandar,IFRA_STD_243,Carvyl acetate,con-techo,,,,0.042,0.013,0.25,0.24,0.06,0.06,0.06,0.06,0.14,0.48,0.48,0.025,0.46,1.7,1.7,0.92,0.92,sin-restriccion,,
ncs:cassia-bark-oleoresin,CaBL,generado,CaBL,,L,,,Cassia bark oleoresin,8007-80-5,84961-46-6,,,,,natural,oleoresin,,,,,,ifra-anexo,,,por-constituyentes,,7,por nombre,,,,,,,,,,,,,,,,,,,,
cas:546-28-1,Cedr,generado,Cedr,,,,,β.-Cedrene,546-28-1,,,,,,molécula,,,,,,,ifra-estandar,IFRA_STD_197,Cedrene,con-techo,,,,0.27,0.08,1.6,1.5,0.38,0.38,0.38,0.38,0.88,3.1,3.1,0.16,2.9,11,11,5.8,5.8,sin-restriccion,,"β.-Cedrene | 1H-3a,7-Methanoazulene, octahydro-3,8,8-trimethyl-6-methylene-, [3R-(3alpha,3abeta,7beta,8aalpha)]- | Cedr-8(15)-ene"
cas:8006-99-3,CheO,generado,CheO,,O,,,Chenopodium oil,8006-99-3,,,,,,natural,oil,,,,,,ifra-estandar,IFRA_STD_121,Chenopodium oil,prohibido,constituyentes: sin dato en el anexo,,,,,,,,,,,,,,,,,,,,,,
cas:8024-11-1,ChenO,generado,ChenO,,O,,,Chenopodium oil,8024-11-1,,,,,,natural,oil,,,,,,ifra-estandar,IFRA_STD_121,Chenopodium oil,prohibido,constituyentes: sin dato en el anexo,,,,,,,,,,,,,,,,,,,,,,
cas:89997-47-7,ChO2,generado,ChO2,,O,,,Chenopodium oil,89997-47-7,,,,,,natural,oil,,,,,,ifra-estandar,IFRA_STD_121,Chenopodium oil,prohibido,constituyentes: sin dato en el anexo,,,,,,,,,,,,,,,,,,,,,,
cas:94386-48-8,CA13,generado,CA13,,,,,Cinnamic aldehyde methyl anthranilate,94386-48-8,,,,,,molécula,,,,,,,ifra-schiff,,,por-constituyentes,,1,,,,,,,,,,,,,,,,,,,,,
cas:4173-44-8,Cinn,generado,Cinn,,,,,Cinnamylidene acetone,4173-44-8,,,,,,molécula,,,,,,,ifra-estandar,IFRA_STD_122,Cinnamylidene acetone,prohibido,,,,,,,,,,,,,,,,,,,,,,,"3,5-Hexadien-2-one, 6-phenyl- | Methyl 4-phenyl-1,3-butadienyl ketone | 1-Phenyl-3,5-hexadien-5-one | 6-Phenyl-3,5-hexadien-2-on"
cas:5502-75-0,Isop,generado,Isop,,,,,"cis,trans-4-(Isopropyl)cyclohexanemethanol",5502-75-0,,,,,,molécula,,,,,,,ifra-estandar,IFRA_STD_208,"cis,trans-4-(Isopropyl)cyclohexanemethanol",con-techo,,,,0.25,0.39,0.099,4.7,1.2,0.15,0.2,0.049,0.0099,0.13,0.13,0.049,0.39,0.39,1.1,0.049,0.049,28,,
cas:13674-19-6,IsC,generado,IsC,,,,,"cis,trans-4-(Isopropyl)cyclohexanemethanol",13674-19-6,,,,,,molécula,,,,,,,ifra-estandar,IFRA_STD_208,"cis,trans-4-(Isopropyl)cyclohexanemethanol",con-techo,,,,0.25,0.39,0.099,4.7,1.2,0.15,0.2,0.049,0.0099,0.13,0.13,0.049,0.39,0.39,1.1,0.049,0.049,28,,
ncs:clary-sage-concrete,CSC,generado,CSC,,C,,,Clary sage concrete,8016-63-5,84775-83-7,,,,,natural,concrete,,,,,,ifra-anexo,,,por-constituyentes,,1,por nombre,,,,,,,,,,,,,,,,,,,,
ncs:clementine-oil,CleO,generado,CleO,,O,,,Clementine oil,93686-22-7,,,,,,natural,oil,,,,,,ifra-anexo,,,por-constituyentes,"familia, por el nombre: aceites cítricos: furocumarinas, bergapteno total (STD 089)",3,por nombre,,,,,,,,,,,,,,,,,,,,
cas:8050-09-7,Col,generado,Col,,,,,Colophony,8050-09-7,,,,,,molécula,,,,,,,ifra-estandar,IFRA_STD_123,Colophony,prohibido,,,,,,,,,,,,,,,,,,,,,,,Colophonium | Rosin
cas:8023-88-9,CoRA,generado,CoRA,,A,,,"Costus root oil, absolute and concrete",8023-88-9,,,,,,natural,absolute,,,,,,ifra-estandar,IFRA_STD_124,"Costus root oil, absolute and concrete",prohibido,constituyentes: sin dato en el anexo,,,,,,,,,,,,,,,,,,,,,,
cas:90106-55-1,CosA,generado,CosA,,A,,,"Costus root oil, absolute and concrete",90106-55-1,,,,,,natural,absolute,,,,,,ifra-estandar,IFRA_STD_124,"Costus root oil, absolute and concrete",prohibido,constituyentes: sin dato en el anexo,,,,,,,,,,,,,,,,,,,,,,
cas:84775-51-9,CumO,generado,CumO,,O,,,Cumin oil,84775-51-9,,,,,,natural,oil,,,,,,ifra-estandar,IFRA_STD_090,Cumin oil,con-techo,constituyentes: sin dato en el anexo,,,0.4,0.4,0.4,0.4,0.4,0.4,0.4,0.4,0.4,sin-restriccion,0.4,0.4,sin-restriccion,sin-restriccion,0.4,sin-restriccion,0.4,sin-restriccion,,
cas:4756-19-8,CyA,generado,CyA,,,,,Cyclamen alcohol,4756-19-8,,,,,,molécula,,,,,,,ifra-estandar,IFRA_STD_125,Cyclamen alcohol,prohibido,especificación (STD 125),,,,,,,,,,,,,,,,,,,,,,"3-(4-Isopropylphenyl)-2-methylpropan-1-ol | 3-(p-Isopropyl)phenyl-2-methyl-1-propanol | Benzenepropanol, .β.-methyl-4-(1-methylethyl)-"
cas:854373-71-0,Cy7,generado,Cy7,,,,,Cyclohexadecenone,854373-71-0,,,,,,molécula,,,,,,,ifra-estandar,IFRA_STD_250,Cyclohexadecenone,con-techo,,,,0.43,0.23,2.2,4.3,1.1,1.1,0.43,0.14,0.43,3.5,3.5,0.14,8.4,7.3,30,0.14,0.14,sin-restriccion,,
cas:854373-70-9,Cycl,generado,Cycl,,,,,Cyclohexadecenone,854373-70-9,,,,,,molécula,,,,,,,ifra-estandar,IFRA_STD_250,Cyclohexadecenone,con-techo,,,,0.43,0.23,2.2,4.3,1.1,1.1,0.43,0.14,0.43,3.5,3.5,0.14,8.4,7.3,30,0.14,0.14,sin-restriccion,,
ncs:cyperus-articulatus-oil,CyAO,generado,CyAO,,O,,,Cyperus articulatus oil,799259-56-6,,,,,,natural,oil,,,,,,ifra-anexo,,,por-constituyentes,,1,por nombre,,,,,,,,,,,,,,,,,,,,
cas:141-05-9,DiM,generado,DiM,,,,,Diethyl maleate,141-05-9,,,,,,molécula,,,,,,,ifra-estandar,IFRA_STD_130,Diethyl maleate,prohibido,,,,,,,,,,,,,,,,,,,,,,,"2-Butenedioic acid (2Z)-, diethyl ester | Ethyl maleate | Maleic acid, diethyl ester"
cas:617-54-9,DiC,generado,DiC,,,,,Dimethyl citraconate,617-54-9,,,,,,molécula,,,,,,,ifra-estandar,IFRA_STD_134,Dimethyl citraconate,prohibido,,,,,,,,,,,,,,,,,,,,,,,"2-Butenedioic acid, 2-methyl-, dimethyl ester, (2Z)- | Dimethyl methyl maleate | Methylmaleic acid, dimethyl ester"
cas:122-39-4,Dip,generado,Dip,,,,,Diphenylamine,122-39-4,,,,,,molécula,,,,,,,ifra-estandar,IFRA_STD_135,Diphenylamine,prohibido,,,,,,,,,,,,,,,,,,,,,,,"Benzeneamine, N-phenyl-"
ncs:erospicata-oil-mentha-spicata-erospicata,ErO,generado,ErO,,O,,,"Erospicata oil, Mentha spicata 'Erospicata'",,84696-51-5,,,,,natural,oil,,,,,,ifra-anexo,,,por-constituyentes,,4,por nombre,,,,,,,,,,,,,,,,,,,,
cas:10031-92-2,EsN,generado,EsN,,,,,Esters of 2-Nonynoic acid (except Methyl octine carbonate),10031-92-2,,,,,,molécula,,,,,,,ifra-estandar,IFRA_STD_137,Esters of 2-Nonynoic acid (except Methyl octine carbonate),prohibido,,,,,,,,,,,,,,,,,,,,,,,"Ethyl 2-nonynoate | Ethyl octine carbonate | Ethyl octyne carbonate | 2-Nonynoic acid, ethyl ester"
cas:1407-27-8,Est,generado,Est,,,,,Estragole,1407-27-8,,,,,,molécula,,,,,,,ifra-estandar,IFRA_STD_099,Estragole,con-techo,,,,0.00031,0.0025,0.00063,0.014,0.0022,0.00063,0.00063,0.00021,0.0019,0.00063,0.00063,0.00021,0.0041,0.00094,0.0022,0.00021,0.00021,0.11,,
cas:77525-18-9,Estr,generado,Estr,,,,,Estragole,77525-18-9,,,,,,molécula,,,,,,,ifra-estandar,IFRA_STD_099,Estragole,con-techo,,,,0.00031,0.0025,0.00063,0.014,0.0022,0.00063,0.00063,0.00021,0.0019,0.00063,0.00063,0.00021,0.0041,0.00094,0.0022,0.00021,0.00021,0.11,,
cas:140-88-5,EtA,generado,EtA,,,,,Ethyl acrylate,140-88-5,,,,,,molécula,,,,,,,ifra-estandar,IFRA_STD_139,Ethyl acrylate,prohibido,,,,,,,,,,,,,,,,,,,,,,,"Ethyl propenoate | 2-Propenoic acid, ethyl ester"
cas:10519-20-7,EtH,generado,EtH,,,,,Ethyl heptine carbonate,10519-20-7,,,,,,molécula,,,,,,,ifra-estandar,IFRA_STD_138,Esters of 2-Octynoic acid (except Methyl heptine carbonate),prohibido,,,,,,,,,,,,,,,,,,,,,,,"Ethyl heptine carbonate | Ethyl 2-octynoate | 2-Octynoic acid, ethyl ester"
cas:110-80-5,Ethy,generado,Ethy,,,,,Ethylene glycol monoethyl ether and its acetate,110-80-5,,,,,,molécula,,,,,,,ifra-estandar,IFRA_STD_140,Ethylene glycol monoethyl ether and its acetate,prohibido,,,,,,,,,,,,,,,,,,,,,,,
cas:111-15-9,EG2,generado,EG2,,,,,Ethylene glycol monoethyl ether and its acetate,111-15-9,,,,,,molécula,,,,,,,ifra-estandar,IFRA_STD_140,Ethylene glycol monoethyl ether and its acetate,prohibido,,,,,,,,,,,,,,,,,,,,,,,
cas:109-86-4,EtG,generado,EtG,,,,,Ethylene glycol monomethyl ether and its acetate,109-86-4,,,,,,molécula,,,,,,,ifra-estandar,IFRA_STD_141,Ethylene glycol monomethyl ether and its acetate,prohibido,,,,,,,,,,,,,,,,,,,,,,,
cas:110-49-6,EGM,generado,EGM,,,,,Ethylene glycol monomethyl ether and its acetate,110-49-6,,,,,,molécula,,,,,,,ifra-estandar,IFRA_STD_141,Ethylene glycol monomethyl ether and its acetate,prohibido,,,,,,,,,,,,,,,,,,,,,,,
cas:106-28-5,Far,generado,Far,,,,,Farnesol,106-28-5,,,,,,molécula,,,,,,,ifra-estandar,IFRA_STD_036,Farnesol,con-techo,especificación (STD 036),,,0.21,0.062,1.2,1.2,0.29,0.29,0.29,0.29,0.68,2.4,2.4,0.12,2.3,8.1,8.1,4.5,4.5,sin-restriccion,,
cas:3790-71-4,Fa2,generado,Fa2,,,,,Farnesol,3790-71-4,,,,,,molécula,,,,,,,ifra-estandar,IFRA_STD_036,Farnesol,con-techo,especificación (STD 036),,,0.21,0.062,1.2,1.2,0.29,0.29,0.29,0.29,0.68,2.4,2.4,0.12,2.3,8.1,8.1,4.5,4.5,sin-restriccion,,
cas:16106-95-9,Farn,generado,Farn,,,,,Farnesol,16106-95-9,,,,,,molécula,,,,,,,ifra-estandar,IFRA_STD_036,Farnesol,con-techo,especificación (STD 036),,,0.21,0.062,1.2,1.2,0.29,0.29,0.29,0.29,0.68,2.4,2.4,0.12,2.3,8.1,8.1,4.5,4.5,sin-restriccion,,
cas:3879-60-5,Fa3,generado,Fa3,,,,,Farnesol,3879-60-5,,,,,,molécula,,,,,,,ifra-estandar,IFRA_STD_036,Farnesol,con-techo,especificación (STD 036),,,0.21,0.062,1.2,1.2,0.29,0.29,0.29,0.29,0.68,2.4,2.4,0.12,2.3,8.1,8.1,4.5,4.5,sin-restriccion,,
ncs:fennel-oil-bitter-anethole-type,FeO,generado,FeO,,O,,,"Fennel oil, bitter,anethole type",8006-84-6,84625-39-8,,,,,natural,oil,,,,,,ifra-anexo,,,por-constituyentes,,2,por nombre,,,,,,,,,,,,,,,,,,,,
ncs:fennel-oil-bitter-phellandrene-type,FeBO,generado,FeBO,,O,,,"Fennel oil, bitter, phellandrene type",84625-39-8,,,,,,natural,oil,,,,,,ifra-anexo,,,por-constituyentes,,2,por nombre,,,,,,,,,,,,,,,,,,,,
cas:68916-52-9,FLA,generado,FLA,,A,,,Fig leaf absolute,68916-52-9,,,,,,natural,absolute,,,,,,ifra-estandar,IFRA_STD_142,Fig leaf absolute,prohibido,constituyentes: sin dato en el anexo,,,,,,,,,,,,,,,,,,,,,,
cas:90028-74-3,FiLA,generado,FiLA,,A,,,Fig leaf absolute,90028-74-3,,,,,,natural,absolute,,,,,,ifra-estandar,IFRA_STD_142,Fig leaf absolute,prohibido,constituyentes: sin dato en el anexo,,,,,,,,,,,,,,,,,,,,,,
cas:98-00-0,Fur,generado,Fur,,,,,Furfuryl alcohol,98-00-0,,,,,,molécula,,,,,,,ifra-estandar,IFRA_STD_143,Furfuryl alcohol,prohibido,,,,,,,,,,,,,,,,,,,,,,,2-Furancarbinol | 2-Furanmethanol | Furfuralcohol | Furfuryl alcohol | α-Furylcarbinol | 2-Furylcarbinol | 2-Furylmethanol | 2-Hydroxymethylfuran
cas:623-15-4,FuA,generado,FuA,,,,,Furfurylidene acetone,623-15-4,,,,,,molécula,,,,,,,ifra-estandar,IFRA_STD_144,Furfurylidene acetone,prohibido,,,,,,,,,,,,,,,,,,,,,,,"3-Buten-2-one, 4-(2-furanyl)- | Furfuralacetone | 4-(2-Furyl)-3-buten-2-one"
cas:5146-66-7,GeN,generado,GeN,,,,,Geranyl nitrile,5146-66-7,,,,,,molécula,,,,,,,ifra-estandar,IFRA_STD_145,Geranyl nitrile,prohibido,,,,,,,,,,,,,,,,,,,,,,,
cas:5585-39-7,Ger,generado,Ger,,,,,Geranyl nitrile,5585-39-7,,,,,,molécula,,,,,,,ifra-estandar,IFRA_STD_145,Geranyl nitrile,prohibido,,,,,,,,,,,,,,,,,,,,,,,
cas:31983-27-4,GN,generado,GN,,,,,Geranyl nitrile,31983-27-4,,,,,,molécula,,,,,,,ifra-estandar,IFRA_STD_145,Geranyl nitrile,prohibido,,,,,,,,,,,,,,,,,,,,,,,
cas:90045-43-5,GrapO,generado,GrapO,,O,,,Grapefruit oil expressed,90045-43-5,,,,,,natural,oil,,,,,,ifra-estandar,IFRA_STD_091,Grapefruit oil expressed,con-techo,"familia, por el nombre: aceites cítricos: furocumarinas, bergapteno total (STD 089) · constituyentes: sin dato en el anexo",,,4,4,4,4,4,4,4,4,4,sin-restriccion,4,4,sin-restriccion,sin-restriccion,4,sin-restriccion,4,sin-restriccion,,
cas:700-82-3,He16,generado,He16,,,,,Hexahydrocoumarin,700-82-3,,,,,,molécula,,,,,,,ifra-estandar,IFRA_STD_148,Hexahydrocoumarin,prohibido,,,,,,,,,,,,,,,,,,,,,,,"2H-1-Benzopyran-2-one, 3,4,5,6,7,8-hexahydro- | Coumarin, hexahydro- | Coumarin, 3,4,5,6,7,8-hexahydro- | 1-Cyclohexene-1-propanoic acid, 2-hydroxy-, d-lactone | 3,4,5,6,7,8-Hexahydro-2H-1-benzopyran-2-one"
ncs:horseradish-oil,HorO,generado,HorO,,O,,,Horseradish oil,84775-62-2,,,,,,natural,oil,,,,,,ifra-anexo,,,por-constituyentes,,1,por nombre,,,,,,,,,,,,,,,,,,,,
ncs:hyacinth-absolute,HyaA,generado,HyaA,,A,,,Hyacinth absolute,8023-94-7,94333-75-2,,,,,natural,absolute,,,,,,ifra-anexo,,,por-constituyentes,,9,por nombre,,,,,,,,,,,,,,,,,,,,
cas:13393-93-6,HAD,generado,HAD,,,,,"Hydroabietyl alcohol, Dihydroabietyl alcohol",13393-93-6,,,,,,molécula,,,,,,,ifra-estandar,IFRA_STD_151,"Hydroabietyl alcohol, Dihydroabietyl alcohol",prohibido,,,,,,,,,,,,,,,,,,,,,,,
cas:26266-77-3,Hydr,generado,Hydr,,,,,"Hydroabietyl alcohol, Dihydroabietyl alcohol",26266-77-3,,,,,,molécula,,,,,,,ifra-estandar,IFRA_STD_151,"Hydroabietyl alcohol, Dihydroabietyl alcohol",prohibido,,,,,,,,,,,,,,,,,,,,,,,
cas:1333-89-7,HyA,generado,HyA,,,,,"Hydroabietyl alcohol, Dihydroabietyl alcohol",1333-89-7,,,,,,molécula,,,,,,,ifra-estandar,IFRA_STD_151,"Hydroabietyl alcohol, Dihydroabietyl alcohol",prohibido,,,,,,,,,,,,,,,,,,,,,,,
cas:622-62-8,HM8,generado,HM8,,,,,Hydroquinone monoethyl ether,622-62-8,,,,,,molécula,,,,,,,ifra-estandar,IFRA_STD_152,Hydroquinone monoethyl ether,prohibido,,,,,,,,,,,,,,,,,,,,,,,"1-Ethoxy-4-hydroxybenzene | p-Ethoxyphenol | Phenol, 4-ethoxy- | 4-Ethoxyphenol"
cas:150-76-5,HyM,generado,HyM,,,,,Hydroquinone monomethyl ether,150-76-5,,,,,,molécula,,,,,,,ifra-estandar,IFRA_STD_153,Hydroquinone monomethyl ether,prohibido,,,,,,,,,,,,,,,,,,,,,,,"4-Hydroxyanisole | p-Hydroxyanisole | 4-Methoxyphenol | p-Methoxyphenol | Phenol, p-methoxy-"
cas:78-59-1,Is8,generado,Is8,,,,,Isophorone,78-59-1,,,,,,molécula,,,,,,,ifra-estandar,IFRA_STD_154,Isophorone,prohibido,"lo que llega de naturales, hasta 0,0013 % (STD 154)",,,ver-nota,ver-nota,ver-nota,ver-nota,ver-nota,ver-nota,ver-nota,ver-nota,ver-nota,ver-nota,ver-nota,ver-nota,ver-nota,ver-nota,ver-nota,ver-nota,ver-nota,ver-nota,0.0013,"2-Cyclohexen-1-one, 3,5,5-trimethyl- | Isoacetophorone | 3,5,5-Trimethyl-2-cyclohexen-1-one"
cas:8024-43-9,JGA,generado,JGA,,A,,,Jasmine absolute (grandiflorum),8024-43-9,,,,,,natural,absolute,,,,,,ifra-estandar,IFRA_STD_049,Jasmine absolute (grandiflorum),con-techo,constituyentes: sin dato en el anexo,,,0.11,0.032,0.65,0.6,0.15,0.15,0.15,0.15,0.35,1.2,1.2,0.063,1.2,4.2,4.2,2.3,2.3,sin-restriccion,,
cas:90045-94-6,JasA,generado,JasA,,A,,,Jasmine absolute (grandiflorum),90045-94-6,,,,,,natural,absolute,,,,,,ifra-estandar,IFRA_STD_049,Jasmine absolute (grandiflorum),con-techo,constituyentes: sin dato en el anexo,,,0.11,0.032,0.65,0.6,0.15,0.15,0.15,0.15,0.35,1.2,1.2,0.063,1.2,4.2,4.2,2.3,2.3,sin-restriccion,,
cas:84776-64-7,JaGA,generado,JaGA,,A,,,Jasmine absolute (grandiflorum),84776-64-7,,,,,,natural,absolute,,,,,,ifra-estandar,IFRA_STD_049,Jasmine absolute (grandiflorum),con-techo,constituyentes: sin dato en el anexo,,,0.11,0.032,0.65,0.6,0.15,0.15,0.15,0.15,0.35,1.2,1.2,0.063,1.2,4.2,4.2,2.3,2.3,sin-restriccion,,
cas:91770-14-8,JaSA,generado,JaSA,,A,,,Jasmine absolute (sambac),91770-14-8,,,,,,natural,absolute,,,,,,ifra-estandar,IFRA_STD_050,Jasmine absolute (sambac),con-techo,constituyentes: sin dato en el anexo,,,0.68,0.2,4.1,3.8,0.96,0.96,0.96,0.96,2.2,7.7,7.7,0.4,7.4,26,26,15,15,sin-restriccion,,
ncs:jasmine-grandiflorum-absolute,JasmA,generado,JasmA,,A,,,Jasmine grandiflorum absolute,8022-96-6,84776-64-7,,,,,natural,absolute,,,,,,ifra-anexo ifra-estandar,IFRA_STD_049,Jasmine absolute (grandiflorum),con-techo,mismo CAS que «Jasmine absolute (grandiflorum)» (STD 049): comprobar la variante,5,por nombre,0.11,0.032,0.65,0.6,0.15,0.15,0.15,0.15,0.35,1.2,1.2,0.063,1.2,4.2,4.2,2.3,2.3,sin-restriccion,,
ncs:jasmine-officinale-absolute,JOA,generado,JOA,,A,,,Jasmine officinale absolute,8024-43-9,90045-94-6,,,,,natural,absolute,,,,,,ifra-anexo ifra-estandar,IFRA_STD_049,Jasmine absolute (grandiflorum),con-techo,mismo CAS que «Jasmine absolute (grandiflorum)» (STD 049): comprobar la variante,7,por nombre,0.11,0.032,0.65,0.6,0.15,0.15,0.15,0.15,0.35,1.2,1.2,0.063,1.2,4.2,4.2,2.3,2.3,sin-restriccion,,
ncs:karo-karunde-absolute,KKA,generado,KKA,,A,,,Karo karunde absolute,94334-14-2,,,,,,natural,absolute,,,,,,ifra-anexo,,,por-constituyentes,,1,por nombre,,,,,,,,,,,,,,,,,,,,
ncs:kumquat-oil-fortunella-margarita,KFO,generado,KFO,,O,,,"Kumquat oil, Fortunella margarita",938464-05-2,,,,,,natural,oil,,,,,,ifra-anexo,,,por-constituyentes,"familia, por el nombre: aceites cítricos: furocumarinas, bergapteno total (STD 089)",3,por nombre,,,,,,,,,,,,,,,,,,,,
ncs:lavandin-super-oil,LaSO,generado,LaSO,,O,,,Lavandin super oil,93685-88-2,,,,,,natural,oil,,,,,,ifra-anexo,,,por-constituyentes,,4,por nombre,,,,,,,,,,,,,,,,,,,,
ncs:lavender-oil-dentata,LDO,generado,LDO,,O,,,Lavender oil dentata,93165-50-5,,,,,,natural,oil,,,,,,ifra-anexo,,,por-constituyentes,,6,por nombre,,,,,,,,,,,,,,,,,,,,
cas:84929-31-7,LeCO,generado,LeCO,,O,,,Lemon oil cold pressed,84929-31-7,,,,,,natural,oil,,,,,,ifra-estandar,IFRA_STD_092,Lemon oil cold pressed,con-techo,"familia, por el nombre: aceites cítricos: furocumarinas, bergapteno total (STD 089) · constituyentes: sin dato en el anexo",,,2,2,2,2,2,2,2,2,2,sin-restriccion,2,2,sin-restriccion,sin-restriccion,2,sin-restriccion,2,sin-restriccion,,
ncs:lemon-oil-steam-distilled,LeSO,generado,LeSO,,O,,,Lemon oil steam distilled,8008-56-8,84929-31-7,,,,,natural,oil,,,,,,ifra-anexo ifra-estandar,IFRA_STD_092,Lemon oil cold pressed,con-techo,"mismo CAS que «Lemon oil cold pressed» (STD 092): comprobar la variante · familia, por el nombre: aceites cítricos: furocumarinas, bergapteno total (STD 089)",3,por nombre,2,2,2,2,2,2,2,2,2,sin-restriccion,2,2,sin-restriccion,sin-restriccion,2,sin-restriccion,2,sin-restriccion,,
ncs:lime-oil-distilled,LiO2,generado,LiO2,,O,,,Lime oil distilled,8008-26-2,90063-52-8,,,,,natural,oil,,,,,,ifra-anexo ifra-estandar,IFRA_STD_093,Lime oil expressed,con-techo,"mismo CAS que «Lime oil expressed» (STD 093): comprobar la variante · familia, por el nombre: aceites cítricos: furocumarinas, bergapteno total (STD 089)",4,por nombre,0.7,0.7,0.7,0.7,0.7,0.7,0.7,0.7,0.7,sin-restriccion,0.7,0.7,sin-restriccion,sin-restriccion,0.7,sin-restriccion,0.7,sin-restriccion,,
cas:90063-52-8,LimeO,generado,LimeO,,O,,,Lime oil expressed,90063-52-8,,,,,,natural,oil,,,,,,ifra-estandar,IFRA_STD_093,Lime oil expressed,con-techo,"familia, por el nombre: aceites cítricos: furocumarinas, bergapteno total (STD 089) · constituyentes: sin dato en el anexo",,,0.7,0.7,0.7,0.7,0.7,0.7,0.7,0.7,0.7,sin-restriccion,0.7,0.7,sin-restriccion,sin-restriccion,0.7,sin-restriccion,0.7,sin-restriccion,,
ncs:linaloe-wood-oil,LiWO,generado,LiWO,,O,,,Linaloe wood oil,8006-86-8,92874-96-9,,,,,natural,oil,,,,,,ifra-anexo,,,por-constituyentes,,1,por nombre,,,,,,,,,,,,,,,,,,,,
cas:16846-09-6,Lon,generado,Lon,,,,,Longifolene,16846-09-6,,,,,,molécula,,,,,,,ifra-estandar,IFRA_STD_199,Longifolene,con-techo,,,,0.27,0.08,1.6,1.5,0.38,0.38,0.38,0.38,0.88,3.1,3.1,0.16,2.9,11,11,5.8,5.8,sin-restriccion,,
cas:19067-29-9,Long,generado,Long,,,,,Longifolene,19067-29-9,,,,,,molécula,,,,,,,ifra-estandar,IFRA_STD_199,Longifolene,con-techo,,,,0.27,0.08,1.6,1.5,0.38,0.38,0.38,0.38,0.88,3.1,3.1,0.16,2.9,11,11,5.8,5.8,sin-restriccion,,
ncs:magnolia-flower-oil,MaFO,generado,MaFO,,O,,,Magnolia flower oil,68917-19-1,,,,,,natural,oil,,,,,,ifra-anexo,,,por-constituyentes,,1,por nombre,,,,,,,,,,,,,,,,,,,,
ncs:marjoram-oleoresin,MarL,generado,MarL,,L,,,Marjoram oleoresin,84082-58-6,,,,,,natural,oleoresin,,,,,,ifra-anexo,,,por-constituyentes,,1,por nombre,,,,,,,,,,,,,,,,,,,,
cas:85085-26-3,MaBO,generado,MaBO,,O,,,Massoia bark oil,85085-26-3,,,,,,natural,oil,,,,,,ifra-estandar,IFRA_STD_156,Massoia bark oil,prohibido,constituyentes: sin dato en el anexo,,,,,,,,,,,,,,,,,,,,,,"Cryptocarya massoio oil | Cryptocarya massoy bark extract | Cryptocarya massoy, ext. | Massoia bark oil (Cryptocarya massoio)"
cas:54814-64-1,Mass,generado,Mass,,,,,Massoia lactone,54814-64-1,,,,,,molécula,,,,,,,ifra-estandar,IFRA_STD_157,Massoia lactone,prohibido,,,,,,,,,,,,,,,,,,,,,,,
cas:51154-96-2,Mas,generado,Mas,,,,,Massoia lactone,51154-96-2,,,,,,molécula,,,,,,,ifra-estandar,IFRA_STD_157,Massoia lactone,prohibido,,,,,,,,,,,,,,,,,,,,,,,
cas:8014-71-9,MGO,generado,MGO,,O,,,Melissa oil (genuine Melissa officinalis L.),8014-71-9,,,,,,natural,oil,,,,,,ifra-estandar,IFRA_STD_051,Melissa oil (genuine Melissa officinalis L.),con-techo,constituyentes: sin dato en el anexo,,,0.11,0.032,0.65,0.6,0.15,0.15,0.15,0.15,0.35,1.2,1.2,0.063,1.2,4.2,4.2,2.3,2.3,sin-restriccion,,
ncs:mentha-longifolia-oil,MeO,generado,MeO,,O,,,Mentha longifolia oil,90063-99-3,,,,,,natural,oil,,,,,,ifra-anexo,,,por-constituyentes,,2,por nombre,,,,,,,,,,,,,,,,,,,,
cas:104-27-8,MeA,generado,MeA,,,,,α-Methyl anisylidene acetone,104-27-8,,,,,,molécula,,,,,,,ifra-estandar,IFRA_STD_159,α-Methyl anisylidene acetone,prohibido,,,,,,,,,,,,,,,,,,,,,,,"1-(p-Methoxyphenyl)-1-penten-3-one | p-Methoxystyryl ethyl ketone | alpha-Methylanisalacetone | α-Methylanisalacetone | 1-(4-Methoxyphenyl)-1-penten-3-one | 1-Penten-3-one, 1-(4-(methoxyphenyl))- | Ethone (commercial name)"
cas:623-43-8,MeC,generado,MeC,,,,,Methyl crotonate,623-43-8,,,,,,molécula,,,,,,,ifra-estandar,IFRA_STD_162,Methyl crotonate,prohibido,,,,,,,,,,,,,,,,,,,,,,,"2-Butenoic acid, methyl ester, (E)- | Methyl trans-2-butenoate"
cas:80-62-6,MeM,generado,MeM,,,,,Methyl methacrylate,80-62-6,,,,,,molécula,,,,,,,ifra-estandar,IFRA_STD_165,Methyl methacrylate,prohibido,,,,,,,,,,,,,,,,,,,,,,,"Methyl 2-methacrylate, 2-(methoxycarbonyl)-1-propene | Methyl 2-methyl-2-propenoate | 2-Propenoic acid, 2-methyl-, methyl ester | MMA"
ncs:meyer-lemon-oil-cold-pressed,MeLO,generado,MeLO,,O,,,Meyer lemon oil. cold pressed,1370641-98-7,,,,,,natural,oil,,,,,,ifra-anexo,,,por-constituyentes,"familia, por el nombre: aceites cítricos: furocumarinas, bergapteno total (STD 089)",2,por nombre,,,,,,,,,,,,,,,,,,,,
cas:38049-04-6,Min,generado,Min,,,,,Mintlactone,38049-04-6,,,,,,molécula,,,,,,,ifra-estandar,IFRA_STD_218,Mintlactone,prohibido,,,,,,,,,,,,,,,,,,,,,,,
ncs:murcote-oil-expressed,MuO,generado,MuO,,O,,,"Murcote oil, expressed",93686-22-7,,,,,,natural,oil,,,,,,ifra-anexo,,,por-constituyentes,,2,por nombre,,,,,,,,,,,,,,,,,,,,
cas:63697-53-0,αMu,generado,αMu,,,,,Musk alpha,63697-53-0,,,,,,molécula,,,,,,,ifra-estandar,IFRA_STD_126,Musk alpha,prohibido,,,,,,,,,,,,,,,,,,,,,,,"Musk alpha | 1,3-Dibromo-2-methoxy-4-nitro-5-(1,1-dimethylethyl)-6-methyl-benzene | Benzene,1,3-dibromo-5-(1,1-dimethylethyl)-2- methoxy-4-methyl-6-nitro-"
cas:83-66-9,Mus,generado,Mus,,,,,Musk ambrette,83-66-9,,,,,,molécula,,,,,,,ifra-estandar,IFRA_STD_168,Musk ambrette,prohibido,,,,,,,,,,,,,,,,,,,,,,,"Benzene, 1-(1,1-dimethylethyl)-2-methoxy-4-methyl-3,5-dinitro- | 1-tert-Butyl-2-methoxy-4-methyl-3,5-dinitrobenzene | 4-tert-Butyl-3-methoxy-2,6-dinitrotoluene | 6-tert-Butyl-3-methyl-2,4-dinitroanisole | 1-(1,1-Dimethylethyl)-2-methoxy-4-methyl-3,5-dinitrobenzene | 2,6-Dinitro-3-methoxy-1-methyl-4-tert-butylbenzene | 2,6-Dinitro-3-methoxy-4-tert-butyltoluene | 2,4-Dinitro-3-methyl-6-tert-butylanisole"
cas:62265-99-0,MuK,generado,MuK,,,,,Musk KS,62265-99-0,,,,,,molécula,,,,,,,ifra-estandar,IFRA_STD_127,Musk KS,prohibido,,,,,,,,,,,,,,,,,,,,,,,"1,3-Dibromo-2-methoxy-4-methyl-5-nitrobenzene | Benzene, 1,3-dibromo-2-methoxy-4-methyl-5-nitro- | 1,3-Dibromo-2-methoxy-5-nitro-6-methylbenzene | 2,4-Dibromo-3-methoxy-6-nitrotoluene | 2,6-Dibromo-3-methyl-4-nitroanisole | 6-Nitro-2,4-dibromo-3-methoxytoluene | Bromorose | Musk KS (commercial name)"
cas:116-66-5,Mu,generado,Mu,,,,,Musk moskene,116-66-5,,,,,,molécula,,,,,,,ifra-estandar,IFRA_STD_167,Musk moskene,prohibido,,,,,,,,,,,,,,,,,,,,,,,"1,1,3,3,5-Pentamethyl-4,6-dinitroindane | 1H-Indene, 2,3-dihydro-1,1,3,3,5-pentamethyl-4,6,-dinitro-"
cas:145-39-1,MuT,generado,MuT,,,,,Musk tibetene,145-39-1,,,,,,molécula,,,,,,,ifra-estandar,IFRA_STD_169,Musk tibetene,prohibido,,,,,,,,,,,,,,,,,,,,,,,"1-tert-Butyl-2,6-dinitro-3,4,5-trimethylbenzene | Benzene, 1-(1,1-dimethylethyl)-3,4,5-trimethyl-2,6-dinitro-"
cas:81-15-2,MX,generado,MX,,,,,Musk xylene,81-15-2,,,,,,molécula,,,,,,,ifra-estandar,IFRA_STD_170,Musk xylene,prohibido,,,,,,,,,,,,,,,,,,,,,,,"2,4,6-Trinitro-1,3-methyl-5-tert-butylbenzene | 1-tert-Butyl-3,5-dimethyl-2,4,6-trinitrobenzene | Benzene, 1-(1,1-dimethylethyl)-3,5-dimethyl-2,4,6-trinitro- | Musk xylol"
ncs:nigella-sativa-oil,NSO,generado,NSO,,O,,,Nigella sativa oil,90064-32-7,84775-51-9,,,,,natural,oil,,,,,,ifra-anexo,,,por-constituyentes,otro CAS suyo está en «Cumin oil» (STD 090): comprobar,2,por nombre,,,,,,,,,,,,,,,,,,,,
cas:98-95-3,Ni,generado,Ni,,,,,Nitrobenzene,98-95-3,,,,,,molécula,,,,,,,ifra-estandar,IFRA_STD_171,Nitrobenzene,prohibido,,,,,,,,,,,,,,,,,,,,,,,"Benzene, nitro | Nitrobenzol | Mirbane oil"
cas:620-23-5,ToT,generado,ToT,,,,,"o,m,p-Tolualdehydes and their mixtures",620-23-5,,,,,,molécula,,,,,,,ifra-estandar,IFRA_STD_081,"o,m,p-Tolualdehydes and their mixtures",con-techo,,,,0.085,0.025,0.51,0.47,0.12,0.12,0.12,0.12,0.28,0.96,0.96,0.05,0.92,3.3,3.3,1.8,1.8,sin-restriccion,,
cas:90028-68-5,Oak,generado,Oak,,,,,Oakmoss extracts,90028-68-5,,,,,,molécula,,,,,,,ifra-estandar,IFRA_STD_067,Oakmoss extracts,con-techo,especificación (STD 067),,,0.02,0.016,0.1,0.1,0.076,0.076,0.076,0.076,0.18,0.1,0.1,0.032,0.1,0.1,0.1,0.1,0.1,sin-restriccion,,
ncs:ocatea-cymbarum-oil,OcCO,generado,OcCO,,O,,,Ocatea cymbarum oil,68917-09-9,91770-39-7,,,,,natural,oil,,,,,,ifra-anexo,,,por-constituyentes,,3,por nombre,,,,,,,,,,,,,,,,,,,,
ncs:olibanum-sacra-oil,OlSO,generado,OlSO,,O,,,Olibanum sacra oil,89957-98-2,,,,,,natural,oil,,,,,,ifra-anexo,,,por-constituyentes,,2,por nombre,,,,,,,,,,,,,,,,,,,,
cas:9000-78-6,Op,generado,Op,,,,,Opoponax,9000-78-6,,,,,,molécula,,,,,,,ifra-estandar,IFRA_STD_070,Opoponax,con-techo,especificación (STD 070),,,0.077,0.023,0.46,0.43,0.11,0.11,0.11,0.11,0.25,0.88,0.88,0.045,0.84,3,3,1.7,1.7,sin-restriccion,,
cas:93384-32-8,Opo,generado,Opo,,,,,Opoponax,93384-32-8,,,,,,molécula,,,,,,,ifra-estandar,IFRA_STD_070,Opoponax,con-techo,especificación (STD 070),,,0.077,0.023,0.46,0.43,0.11,0.11,0.11,0.11,0.25,0.88,0.88,0.045,0.84,3,3,1.7,1.7,sin-restriccion,,
cas:529-20-4,Or,generado,Or,,,,,ortho-Tolualdehyde,529-20-4,,,,,,molécula,,,,,,,ifra-estandar,IFRA_STD_081,"o,m,p-Tolualdehydes and their mixtures",con-techo,,,,0.085,0.025,0.51,0.47,0.12,0.12,0.12,0.12,0.28,0.96,0.96,0.05,0.92,3.3,3.3,1.8,1.8,sin-restriccion,,2-Tolualdehyde | ortho-Tolualdehyde | 2-Methylbenzaldehyde
cas:5406-12-2,MA20,generado,MA20,,,,,p-Methylhydrocinnamic aldehyde,5406-12-2,,,,,,molécula,,,,,,,ifra-estandar,IFRA_STD_164,p-Methylhydrocinnamic aldehyde,prohibido,,,,,,,,,,,,,,,,,,,,,,,"Benzenepropanal, 4-methyl | p-Methyldihydrocinnamaldehyde | p-Methylhydrocinnamaldehyde | 3-(4-Methylphenyl)propanal | 3-p-Tolylpropionaldehyde"
cas:98-54-4,Buty,generado,Buty,,,,,p-tert-Butylphenol,98-54-4,,,,,,molécula,,,,,,,ifra-estandar,IFRA_STD_118,p-tert-Butylphenol,prohibido,,,,,,,,,,,,,,,,,,,,,,,"4-tert-Butylphenol | 4-(1,1-Dimethylethyl) phenol | 1-Hydroxy-4-tert-butylbenzene | Phenol, 4-(1,1-dimethylethyl)- | Phenol, p-tert-butyl"
ncs:petitgrain-bigarade-absolute,PeBA,generado,PeBA,,A,,,Petitgrain bigarade absolute,8030-28-2,72968-50-4,,,,,natural,absolute,,,,,,ifra-anexo,,,por-constituyentes,otro CAS suyo está en «Bitter orange peel oil expressed» (STD 088): comprobar,3,por nombre,,,,,,,,,,,,,,,,,,,,
cas:103-79-7,PhA,generado,PhA,,,,,Phenyl acetone,103-79-7,,,,,,molécula,,,,,,,ifra-estandar,IFRA_STD_174,Phenyl acetone,prohibido,,,,,,,,,,,,,,,,,,,,,,,"Benzyl methyl ketone | Methyl benzyl ketone | 2-Propanone, 1-phenyl"
cas:93-99-2,PhB,generado,PhB,,,,,Phenyl benzoate,93-99-2,,,,,,molécula,,,,,,,ifra-estandar,IFRA_STD_175,Phenyl benzoate,prohibido,,,,,,,,,,,,,,,,,,,,,,,"Benzoic acid, phenyl ester"
ncs:pine-pinus-pinaster-oil,PiPO,generado,PiPO,,O,,,"Pine, Pinus pinaster, oil",8000-26-8,84929-42-0 90082-75-0,,,,,natural,oil,,,,,,ifra-anexo,,,por-constituyentes,"familia, por el nombre: pináceas: índice de peróxidos (STD 184)",1,por nombre,,,,,,,,,,,,,,,,,,,,
ncs:populus-nigra-absolute,PNA,generado,PNA,,A,,,Populus nigra absolute,921202-04-2,84650-39-5,,,,,natural,absolute,,,,,,ifra-anexo,,,por-constituyentes,,1,por nombre,,,,,,,,,,,,,,,,,,,,
cas:63477-41-8,Prop,generado,Prop,,,,,Propenylguaethol,63477-41-8,,,,,,molécula,,,,,,,ifra-estandar,IFRA_STD_190,Propenylguaethol,con-techo,,,,0.18,0.053,0.11,0.99,0.25,0.21,0.25,0.071,0.58,0.32,0.32,0.071,0.75,0.75,3.7,0.071,0.071,58,,
cas:26651-96-7,PsM,generado,PsM,,,,,Pseudo methylionones,26651-96-7,,,,,,molécula,,,,,,,ifra-estandar,IFRA_STD_177,Pseudo methylionones,prohibido,especificación (STD 177),,,,,,,,,,,,,,,,,,,,,,
cas:72968-25-3,Pseu,generado,Pseu,,,,,Pseudo methylionones,72968-25-3,,,,,,molécula,,,,,,,ifra-estandar,IFRA_STD_177,Pseudo methylionones,prohibido,especificación (STD 177),,,,,,,,,,,,,,,,,,,,,,
cas:1117-41-5,Ps,generado,Ps,,,,,Pseudo methylionones,1117-41-5,,,,,,molécula,,,,,,,ifra-estandar,IFRA_STD_177,Pseudo methylionones,prohibido,especificación (STD 177),,,,,,,,,,,,,,,,,,,,,,
cas:141-10-6,Pse,generado,Pse,,,,,Pseudoionone,141-10-6,,,,,,molécula,,,,,,,ifra-estandar,IFRA_STD_176,Pseudoionone,prohibido,especificación (STD 176),,,,,,,,,,,,,,,,,,,,,,"Citrylideneacetone | 2,6-Dimethylundeca-2,6,8-trien-10-one | 6,10-Dimethyl-3,5,9-undecatrien-2-one | 3,5,9-Undecatrien-2-one, 6,10-dimethyl-"
cas:91-22-5,Qu,generado,Qu,,,,,Quinoline,91-22-5,,,,,,molécula,,,,,,,ifra-estandar,IFRA_STD_178,Quinoline,prohibido,,,,,,,,,,,,,,,,,,,,,,,"1-Benzazine | 2,3-Benzopyridine | Benzo(b)pyridine | Chinoleine | Leucoline | Quinoleine"
ncs:ravensara-aromatica-oil,RAO,generado,RAO,,O,,,Ravensara aromatica oil,91770-56-8,,,,,,natural,oil,,,,,,ifra-anexo,,,por-constituyentes,,2,por nombre,,,,,,,,,,,,,,,,,,,,
cas:87064-19-5,RK,generado,RK,,,,,Rose ketones,87064-19-5,,,,,,molécula,,,,,,,ifra-estandar,IFRA_STD_077,Rose ketones,con-techo,,,,0.0077,0.0023,0.046,0.043,0.011,0.011,0.011,0.011,0.025,0.088,0.088,0.0045,0.084,0.3,0.3,0.17,0.17,sin-restriccion,,
ncs:rose-water-stronger,RW,generado,RW,,,,,Rose water stronger,8007-01-0,84604-12-6,,,,,natural,,,,,,,ifra-anexo,,,por-constituyentes,,4,por nombre,,,,,,,,,,,,,,,,,,,,
cas:84929-47-5,RueO,generado,RueO,,O,,,Rue oil,84929-47-5,,,,,,natural,oil,,,,,,ifra-estandar,IFRA_STD_096,Rue oil,con-techo,constituyentes: sin dato en el anexo,,,0.15,0.15,0.15,0.15,0.15,0.15,0.15,0.15,0.15,sin-restriccion,0.15,0.15,sin-restriccion,sin-restriccion,0.15,sin-restriccion,0.15,sin-restriccion,,
cas:94-59-7,Saf,generado,Saf,,,,,Safrol,94-59-7,,,,,,molécula,,,,,,,ifra-estandar,IFRA_STD_179,"Safrole, Isosafrole and Dihydrosafrole",prohibido,"lo que llega de naturales, hasta 0,01 % (STD 179)",,,ver-nota,ver-nota,ver-nota,ver-nota,ver-nota,ver-nota,ver-nota,ver-nota,ver-nota,ver-nota,ver-nota,ver-nota,ver-nota,ver-nota,ver-nota,ver-nota,ver-nota,ver-nota,0.01,"1,3-Benzodioxole, 5-(2-propenyl)- | 3,4-Methylene dioxyallylbenzene | 4-Allyl-1,2-methylene dioxybenzene | 5-Allyl-1,3-benzodioxole | Safrol"
ncs:sage-dalmatian-oleoresin,SDL,generado,SDL,,L,,,Sage Dalmatian oleoresin,84082-79-1,,,,,,natural,oleoresin,,,,,,ifra-anexo,,,por-constituyentes,,1,por nombre,,,,,,,,,,,,,,,,,,,,
ncs:sage-oleoresin,SaL,generado,SaL,,L,,,Sage oleoresin,8022-56-8,84082-79-1,,,,,natural,oleoresin,,,,,,ifra-anexo,,,por-constituyentes,,1,por nombre,,,,,,,,,,,,,,,,,,,,
ncs:sandalwood-oil-new-caledonian,SNO,generado,SNO,,O,,,"Sandalwood oil, New Caledonian",91845-48-6,,,,,,natural,oil,,,,,,ifra-anexo,,,por-constituyentes,,2,por nombre,,,,,,,,,,,,,,,,,,,,
cas:84961-58-0,SanO,generado,SanO,,O,,,Santolina oil,84961-58-0,,,,,,natural,oil,,,,,,ifra-estandar,IFRA_STD_180,Santolina oil,prohibido,constituyentes: sin dato en el anexo,,,,,,,,,,,,,,,,,,,,,,Not applicable.
ncs:sassafras-bark-oil,SaBO,generado,SaBO,,O,,,Sassafras bark oil,8006-80-2,84787-72-4,,,,,natural,oil,,,,,,ifra-anexo,,,por-constituyentes,,3,por nombre,,,,,,,,,,,,,,,,,,,,
cas:8024-00-8,SaviO,generado,SaviO,,O,,,Savin oil,8024-00-8,,,,,,natural,oil,,,,,,ifra-estandar,IFRA_STD_181,Savin oil,prohibido,especificación (STD 181) · una variante está prohibida (STD 181) · grupo del estándar: Prohibition of Savin oil (STD 181) · constituyentes: sin dato en el anexo,,,,,,,,,,,,,,,,,,,,,,
cas:90046-04-1,SaO3,generado,SaO3,,O,,,Savin oil,90046-04-1,,,,,,natural,oil,,,,,,ifra-estandar,IFRA_STD_181,Savin oil,prohibido,especificación (STD 181) · una variante está prohibida (STD 181) · grupo del estándar: Prohibition of Savin oil (STD 181) · constituyentes: sin dato en el anexo,,,,,,,,,,,,,,,,,,,,,,
cas:68916-94-9,SavO,generado,SavO,,O,,,Savin oil,68916-94-9,,,,,,natural,oil,,,,,,ifra-estandar,IFRA_STD_181,Savin oil,condicion,especificación (STD 181) · una variante está prohibida (STD 181) · grupo del estándar: Specification of Savin oil (STD 181) · constituyentes: sin dato en el anexo,,,,,,,,,,,,,,,,,,,,,,
cas:90046-03-0,SaO2,generado,SaO2,,O,,,Savin oil,90046-03-0,,,,,,natural,oil,,,,,,ifra-estandar,IFRA_STD_181,Savin oil,condicion,especificación (STD 181) · una variante está prohibida (STD 181) · grupo del estándar: Specification of Savin oil (STD 181) · constituyentes: sin dato en el anexo,,,,,,,,,,,,,,,,,,,,,,
ncs:snakeroot-oil,SnaO,generado,SnaO,,O,,,Snakeroot oil,8016-69-1,89957-73-3,,,,,natural,oil,,,,,,ifra-anexo,,,por-constituyentes,,3,por nombre,,,,,,,,,,,,,,,,,,,,
ncs:spearmint-oil,SpeaO,generado,SpeaO,,O,,,Spearmint oil,8008-79-5,84696-51-5,,,,,natural,oil,,,,,,ifra-anexo,,,por-constituyentes,,3,por nombre,,,,,,,,,,,,,,,,,,,,
ncs:spearmint-oil-terpenes,SpeP,generado,SpeP,,P,,,Spearmint oil terpenes,,84696-51-5,,,,,natural,terpenes,,,,,,ifra-anexo,,,por-constituyentes,,2,por nombre,,,,,,,,,,,,,,,,,,,,
ncs:spruce-oil-white,SpWO,generado,SpWO,,O,,,"Spruce oil, White",91770-69-3,91722-18-8,,,,,natural,oil,,,,,,ifra-anexo,,,por-constituyentes,"familia, por el nombre: pináceas: índice de peróxidos (STD 184)",2,por nombre,,,,,,,,,,,,,,,,,,,,
cas:94891-27-7,Styr,generado,Styr,,,,,Styrax,94891-27-7,,,,,,molécula,,,,,,,ifra-estandar,IFRA_STD_078,Styrax,con-techo,especificación (STD 078) · una variante está prohibida (STD 078),,,0.12,0.034,0.69,0.64,0.16,0.16,0.16,0.16,0.38,1.3,1.3,0.068,1.3,4.5,4.5,2.5,2.5,sin-restriccion,,
cas:94891-28-8,St2,generado,St2,,,,,Styrax,94891-28-8,,,,,,molécula,,,,,,,ifra-estandar,IFRA_STD_078,Styrax,con-techo,especificación (STD 078) · una variante está prohibida (STD 078),,,0.12,0.034,0.69,0.64,0.16,0.16,0.16,0.16,0.38,1.3,1.3,0.068,1.3,4.5,4.5,2.5,2.5,sin-restriccion,,
cas:101227-15-0,Sty,generado,Sty,,,,,Styrax,101227-15-0,,,,,,molécula,,,,,,,ifra-estandar,IFRA_STD_078,Styrax,con-techo,especificación (STD 078) · una variante está prohibida (STD 078),,,0.12,0.034,0.69,0.64,0.16,0.16,0.16,0.16,0.38,1.3,1.3,0.068,1.3,4.5,4.5,2.5,2.5,sin-restriccion,,
cas:90131-43-4,TaA,generado,TaA,,A,,,Tagetes oil and absolute,90131-43-4,,,,,,natural,absolute,,,,,,ifra-estandar,IFRA_STD_097,Tagetes oil and absolute,prohibido,especificación (STD 097) · una variante está prohibida (STD 097) · grupo del estándar: Prohibition of Tagetes erecta (STD 097) · constituyentes: sin dato en el anexo,,,0.01,0.01,0.01,0.01,0.01,0.01,0.01,0.01,0.1,0.1,0.01,0.01,0.1,0.1,0.01,sin-restriccion,0.01,sin-restriccion,,
cas:91770-75-1,TagA,generado,TagA,,A,,,Tagetes oil and absolute,91770-75-1,,,,,,natural,absolute,,,,,,ifra-estandar,IFRA_STD_097,Tagetes oil and absolute,con-techo,especificación (STD 097) · una variante está prohibida (STD 097) · grupo del estándar: Restriction and Specification of Tagetes patula and Tagetes minuta (STD 097) · constituyentes: sin dato en el anexo,,,0.01,0.01,0.01,0.01,0.01,0.01,0.01,0.01,0.1,0.1,0.01,0.01,0.1,0.1,0.01,sin-restriccion,0.01,sin-restriccion,,
ncs:tangor-oil-expressed,TanO,generado,TanO,,O,,,"Tangor oil, expressed",93686-22-7,,,,,,natural,oil,,,,,,ifra-anexo,,,por-constituyentes,,2,por nombre,,,,,,,,,,,,,,,,,,,,
cas:84650-60-2,TeA,generado,TeA,,A,,,Tea leaf absolute,84650-60-2,,,,,,natural,absolute,,,,,,ifra-estandar,IFRA_STD_079,Tea leaf absolute,con-techo,constituyentes: sin dato en el anexo,,,0.037,0.011,0.22,0.21,0.052,0.052,0.052,0.052,0.12,0.42,0.42,0.022,0.4,1.4,1.4,0.8,0.8,sin-restriccion,,"Camellia sinensis leaf extract | Tea, ext. | Tea sinensis absolute | Thea chinensis ext. | Thea sinensis ext."
cas:471-15-8,Thuj,generado,Thuj,,,,,Thujone,471-15-8,,,,,,molécula,,,,,,,ifra-estandar,IFRA_STD_102,Thujone,con-techo,,,,0.11,0.21,0.032,1.4,0.095,0.032,0.016,0.0053,0.095,0.24,0.24,0.0053,0.13,0.13,0.22,0.0053,0.0053,9.5,,
cas:76231-76-0,Th2,generado,Th2,,,,,Thujone,76231-76-0,,,,,,molécula,,,,,,,ifra-estandar,IFRA_STD_102,Thujone,con-techo,,,,0.11,0.21,0.032,1.4,0.095,0.032,0.016,0.0053,0.095,0.24,0.24,0.0053,0.13,0.13,0.22,0.0053,0.0053,9.5,,
cas:1125-12-8,Thu,generado,Thu,,,,,Thujone,1125-12-8,,,,,,molécula,,,,,,,ifra-estandar,IFRA_STD_102,Thujone,con-techo,,,,0.11,0.21,0.032,1.4,0.095,0.032,0.016,0.0053,0.095,0.24,0.24,0.0053,0.13,0.13,0.22,0.0053,0.0053,9.5,,
ncs:thyme-oil-wild,ThO,generado,ThO,,O,,,"Thyme oil, wild",8007-46-3,84776-98-7,,,,,natural,oil,,,,,,ifra-anexo,,,por-constituyentes,,1,por nombre,,,,,,,,,,,,,,,,,,,,
cas:108-88-3,Tolu,generado,Tolu,,,,,Toluene,108-88-3,,,,,,molécula,,,,,,,ifra-estandar,IFRA_STD_182,Toluene,prohibido,especificación (STD 182),,,,,,,,,,,,,,,,,,,,,,Toluol | Methylbenzol | Methylbenzene
cas:18829-55-5,Hept,generado,Hept,,,,,trans-2-Heptenal,18829-55-5,,,,,,molécula,,,,,,,ifra-estandar,IFRA_STD_146,trans-2-Heptenal,prohibido,,,,,,,,,,,,,,,,,,,,,,,"beta-Butylacrolein | 3-Butylacrolein | (E)-2-Hepten-1-al | 2-Heptenal, (E)-"
cas:67746-30-9,HD7,generado,HD7,,,,,trans-2-Hexenal diethyl acetal,67746-30-9,,,,,,molécula,,,,,,,ifra-estandar,IFRA_STD_149,trans-2-Hexenal diethyl acetal,prohibido,,,,,,,,,,,,,,,,,,,,,,,"1,1-Diethoxy-trans-2-hexene | (E)-2-Hexenal diethyl acetal | 2-Hexene, 1,1-diethoxy-, (2E)-"
cas:18318-83-7,HeD,generado,HeD,,,,,trans-2-Hexenal dimethyl acetal,18318-83-7,,,,,,molécula,,,,,,,ifra-estandar,IFRA_STD_150,trans-2-Hexenal dimethyl acetal,prohibido,,,,,,,,,,,,,,,,,,,,,,,"1,1-Dimethoxy-trans-2-hexene | 2-Hexene, 1,1-dimethoxy-, (2E)-"
cas:90028-67-4,Tree,generado,Tree,,,,,Treemoss extracts,90028-67-4,,,,,,molécula,,,,,,,ifra-estandar,IFRA_STD_080,Treemoss extracts,con-techo,especificación (STD 080),,,0.02,0.016,0.1,0.1,0.076,0.076,0.076,0.076,0.18,0.1,0.1,0.032,0.1,0.1,0.1,0.1,0.1,sin-restriccion,,
cas:68917-40-8,Tre,generado,Tre,,,,,Treemoss extracts,68917-40-8,,,,,,molécula,,,,,,,ifra-estandar,IFRA_STD_080,Treemoss extracts,con-techo,especificación (STD 080),,,0.02,0.016,0.1,0.1,0.076,0.076,0.076,0.076,0.18,0.1,0.1,0.032,0.1,0.1,0.1,0.1,0.1,sin-restriccion,,
ncs:turmeric-oil,TurO,generado,TurO,,O,,,Turmeric oil,8024-37-1,84775-52-0,,,,,natural,oil,,,,,,ifra-anexo,,,por-constituyentes,,2,por nombre,,,,,,,,,,,,,,,,,,,,
ncs:verbena-absolute,VerA,generado,VerA,,A,,,Verbena absolute,8024-12-2,85116-63-8,,,,,natural,absolute,,,,,,ifra-anexo ifra-estandar,IFRA_STD_083,Verbena oil and absolute (Lippia citriodora Kunth.),con-techo,una variante está prohibida (STD 083) · mismo CAS que «Verbena oil and absolute (Lippia citriodora Kunth.)» (STD 083): comprobar la variante,7,por nombre,0.12,0.037,0.74,0.69,0.17,0.17,0.17,0.17,0.4,1.4,1.4,0.072,1.3,4.8,4.8,2.7,2.7,sin-restriccion,,
cas:8024-12-2,VeA,generado,VeA,,A,,,Verbena oil and absolute (Lippia citriodora Kunth.),8024-12-2,,,,,,natural,absolute,,,,,,ifra-estandar,IFRA_STD_083,Verbena oil and absolute (Lippia citriodora Kunth.),con-techo,una variante está prohibida (STD 083) · constituyentes: sin dato en el anexo,,,0.12,0.037,0.74,0.69,0.17,0.17,0.17,0.17,0.4,1.4,1.4,0.072,1.3,4.8,4.8,2.7,2.7,sin-restriccion,,
cas:85116-63-8,VeLA,generado,VeLA,,A,,,Verbena oil and absolute (Lippia citriodora Kunth.),85116-63-8,,,,,,natural,absolute,,,,,,ifra-estandar,IFRA_STD_083,Verbena oil and absolute (Lippia citriodora Kunth.),con-techo,una variante está prohibida (STD 083) · constituyentes: sin dato en el anexo,,,0.12,0.037,0.74,0.69,0.17,0.17,0.17,0.17,0.4,1.4,1.4,0.072,1.3,4.8,4.8,2.7,2.7,sin-restriccion,,
cas:10484-32-9,VD,generado,VD,,,,,Vert de violette,10484-32-9,,,,,,molécula,,,,,,,ifra-estandar,IFRA_STD_138,Esters of 2-Octynoic acid (except Methyl heptine carbonate),prohibido,,,,,,,,,,,,,,,,,,,,,,,"Amyl heptine carbonate | 2-Octynoic acid, pentyl ester | Pentyl 2-octynoic acid | Vert de violette"
ncs:vetiver-oil-all-origins,VeAO,generado,VeAO,,O,,,Vetiver oil (all origins),8016-96-4,84238-29-9,,,,,natural,oil,,,,,,ifra-anexo,,,por-constituyentes,,1,por nombre,,,,,,,,,,,,,,,,,,,,
cas:83863-30-3,YY,generado,YY,,,,,Ylang ylang extracts,83863-30-3,,,,,,molécula,,,,,,,ifra-estandar,IFRA_STD_084,Ylang ylang extracts,con-techo,,,,0.13,0.039,0.78,0.73,0.18,0.18,0.18,0.18,0.43,1.5,1.5,0.077,1.4,5.1,5.1,2.8,2.8,sin-restriccion,,
ncs:ylang-ylang-oil-complete,YYO,generado,YYO,,O,,,"Ylang, Ylang oil complete",8006-81-3,83863-30-3,,,,,natural,oil,,,,,,ifra-anexo ifra-estandar,IFRA_STD_084,Ylang ylang extracts,con-techo,mismo CAS que «Ylang ylang extracts» (STD 084): comprobar la variante,8,por nombre,0.13,0.039,0.78,0.73,0.18,0.18,0.18,0.18,0.43,1.5,1.5,0.077,1.4,5.1,5.1,2.8,2.8,sin-restriccion,,
cas:58001-87-9,TD10,generado,TD10,,,,,"(Z)-2,6,10-Trimethylundeca-5,9-dien-1-ol",58001-87-9,,,,,,molécula,,,,,,,ifra-estandar,IFRA_STD_195,"2,6,10-Trimethylundeca-5,9-dien-1-ol",con-techo,,,,0.21,0.062,1.2,1.2,0.29,0.29,0.29,0.29,0.68,2.4,2.4,0.12,2.3,8.1,8.1,4.5,4.5,sin-restriccion,,"(Z)-2,6,10-Trimethylundeca-5,9-dien-1-ol"
ncs:zdravetz-oil,ZdO,generado,ZdO,,O,,,Zdravetz oil,68991-32-2,92347-05-2,,,,,natural,oil,,,,,,ifra-anexo,,,por-constituyentes,,1,por nombre,,,,,,,,,,,,,,,,,,,,
