estandar,nombre,tipo,prohibicion,restriccion,especificacion,cat_1,cat_2,cat_3,cat_4,cat_5a,cat_5b,cat_5c,cat_5d,cat_6,cat_7a,cat_7b,cat_8,cat_9,cat_10a,cat_10b,cat_11a,cat_11b,cat_12,limite_expresado_como,limite_nota,enmienda,publicaciones_anteriores,ultima_publicacion,plazo_creaciones_existentes,plazo_creaciones_nuevas,propiedad,alcance_cas,sinonimos,nota_prohibicion,nota_fototoxicidad,nota_restriccion,nota_especificacion,contribuciones,nota_contribuciones
IFRA_STD_001,"Acetic acid, anhydride, reaction products with 1,5,10-Trimethyl-1,5,9-cyclododecatriene",RESTRICTION,,sí,,0.00016,0.13,0.4,2.4,0.6,0.52,0.6,0.17,0.00016,0.87,0.87,0.17,2.2,2.2,4.4,0.17,0.17,sin-restriccion,,,49,2015,2020,"February 10, 2022","February 10, 2021",DERMAL SENSITIZATION AND SYSTEMIC TOXICITY,"This substance was previously erroneously identified as CAS 28371-99-5, however this CAS number is still used on certain commercial qualities today and as such this Standard is also applicable to that CAS number, which is an isomer of CAS 144020-22-4.

The scope of this Standard includes, but is not limited to the CAS number(s) indicated above; any other CAS number(s) used to identify this fragrance ingredient should be considered in scope as well.",Methyl trimethylcyclododecatrienyl ketone (mixture of isomers) | Trimofix O (commercial name) | Fixamber (commercial name),,,,,None to consider,
IFRA_STD_002,Acetylated Vetiver oil,RESTRICTION,,sí,,0.05,0.05,0.05,0.9,0.1,0.1,0.1,0.033,0.098,0.1,0.1,0.033,0.2,0.2,3.8,0.033,0.033,sin-restriccion,,,49,2009 2015,2020,"February 10, 2022","February 10, 2021",DERMAL SENSITIZATION AND SYSTEMIC TOXICITY,"The scope of this Standard includes, but is not limited to the CAS number(s) indicated above; any other CAS number(s) used to identify this fragrance ingredient should be considered in scope as well.","Vetiveria zizanioides, extract, acetylated | Oils, vetiver, acetylated | Acetic acid, esters with vetiver oil alcohols | Vetiverol, acetate | Vetivert acetate (commercial name) | Vetivert acetate (Haiti) (commercial name) | Vetyveryl acetate (commercial name)",,,,,None to consider,
IFRA_STD_003,Allyl phenoxyacetate,RESTRICTION_SPECIFICATION,,sí,sí,0.054,0.016,0.21,0.3,0.076,0.076,0.076,0.025,0.18,0.41,0.41,0.025,0.59,0.59,1.7,0.025,0.025,52,,,49,2009,2020,"February 10, 2022","February 10, 2021",DERMAL SENSITIZATION AND SYSTEMIC TOXICITY,"The scope of this Standard includes, but is not limited to the CAS number(s) indicated above; any other CAS number(s) used to identify this fragrance ingredient should be considered in scope as well.","Acetic acid, phenoxy-, 2-propenyl ester | 2-Propenyl phenoxyacetate | Prop-2-enyl 2-phenoxyacetate | Acetate PA",,,,"According to the IFRA Specification Standard of Allyl esters, Allyl esters should only be used when the level of free Allylalcohol in the ester is less than 0.1%. This recommendation is based on the delayed irritant potential of Allylalcohol. Please also refer to the IFRA Specification Standard Allyl esters.",None to consider,
IFRA_STD_004,alpha-Amyl cinnamic alcohol,RESTRICTION,,sí,,0.27,0.08,0.64,1.5,0.38,0.32,0.38,0.11,0.32,0.64,0.64,0.11,1.6,1.6,3.5,0.11,0.11,79,,,49,2007,2020,"February 10, 2022","February 10, 2021",DERMAL SENSITIZATION AND SYSTEMIC TOXICITY,"The scope of this Standard includes, but is not limited to the CAS number(s) indicated above; any other CAS number(s) used to identify this fragrance ingredient should be considered in scope as well.","Amylcinnamyl alcohol | α-Amylcinnamyl alcohol | 2-Amyl-3-phenyl-2-propen-1-ol | 2-Benzylideneheptanol | 1-Heptanol, 2-(phenylmethylene)- | α-Pentylcinnamyl alcohol",,,,,None to consider,
IFRA_STD_005,alpha-Amyl cinnamic aldehyde,RESTRICTION,,sí,,0.58,0.53,0.26,7,2.5,0.32,0.45,0.11,0.064,0.26,0.26,0.11,1.5,1.5,3.5,0.11,0.11,sin-restriccion,,,49,2009 2013,2020,"February 10, 2022","February 10, 2021",DERMAL SENSITIZATION AND SYSTEMIC TOXICITY,"The scope of this Standard includes, but is not limited to the CAS number(s) indicated above; any other CAS number(s) used to identify this fragrance ingredient should be considered in scope as well.","Amyl cinnamal | Amyl cinnamic aldehyde | α-Amylcinnamaldehyde | α-Amyl ß-phenylacrolein | Heptanal, 2-(phenylmethylene) | α-Pentylcinnamaldehyde | α-Pentyl-ß-phenylacrolein | 2-(Phenylmethylene)heptanal | Flomine (commercial name)",,,,,See Annex,
IFRA_STD_006,Anisyl alcohol,RESTRICTION,,sí,,0.0028,0.039,0.025,0.21,0.041,0.0055,0.033,0.002,0.091,0.033,0.033,0.002,0.099,0.099,0.17,0.002,0.002,14,,,49,2007 2015,2020,"February 10, 2022","February 10, 2021",DERMAL SENSITIZATION AND SYSTEMIC TOXICITY,"The scope of this Standard includes, but is not limited to the CAS number(s) indicated above; any other CAS number(s) used to identify this fragrance ingredient should be considered in scope as well.","Anisalcohol | Anise alcohol | Anisic alcohol | Benzyl alcohol, p-methoxy | p-Methoxybenzyl alcohol",,,,,See Annex,
IFRA_STD_007,Benzaldehyde,RESTRICTION,,sí,,0.045,0.014,0.27,0.25,0.064,0.064,0.064,0.021,0.15,0.52,0.52,0.021,0.49,0.49,1.8,0.021,0.021,sin-restriccion,,,49,2009 2013,2020,"February 10, 2022","February 10, 2021",DERMAL SENSITIZATION AND SYSTEMIC TOXICITY,"The scope of this Standard includes, but is not limited to the CAS number(s) indicated above; any other CAS number(s) used to identify this fragrance ingredient should be considered in scope as well.","Benzenecarbonal | Benzene carboxaldehyde | Benzenecarboxaldehyde | Benzenemethylal | Benzoic aldehyde | Bitter almond oil, synthetic | Phenylformaldehyde | Phenylmethanol aldehyde",,,,,See Annex,
IFRA_STD_008,Benzyl alcohol,RESTRICTION,,sí,,0.45,0.14,0.34,2.5,0.64,0.17,0.34,0.057,1.5,0.68,0.68,0.057,2.2,2.2,8.5,0.057,0.057,sin-restriccion,,,49,2007,2020,"February 10, 2022","February 10, 2021",DERMAL SENSITIZATION AND SYSTEMIC TOXICITY,"The scope of this Standard includes, but is not limited to the CAS number(s) indicated above; any other CAS number(s) used to identify this fragrance ingredient should be considered in scope as well.",Benzenemethanol | Benzylic alcohol | α-Hydroxytoluene | Phenylcarbinol | Phenyl carbinol | Phenylmethanol | Phenylmethyl alcohol | α-Toluenol,,,,,See Annex,
IFRA_STD_009,Benzyl benzoate,RESTRICTION,,sí,,1.7,1.4,0.41,4.8,4.3,0.21,0.83,0.07,0.41,0.41,0.41,0.07,1.9,1.9,12,0.07,0.07,sin-restriccion,,,49,2007,2020,"February 10, 2022","February 10, 2021",DERMAL SENSITIZATION AND SYSTEMIC TOXICITY,"The scope of this Standard includes, but is not limited to the CAS number(s) indicated above; any other CAS number(s) used to identify this fragrance ingredient should be considered in scope as well.","Benylate | Benzoic acid, benzyl ester | Benzoic acid, phenylmethyl ester | Benzyl phenylformate | Phenylmethyl benzoate",,,,,See Annex,
IFRA_STD_010,Benzyl cinnamate,RESTRICTION,,sí,,0.36,0.11,1.2,2,0.51,0.51,0.51,0.17,1.2,2.4,2.4,0.17,3.9,3.9,14,0.17,0.17,sin-restriccion,,,49,2007,2020,"February 10, 2022","February 10, 2021",DERMAL SENSITIZATION AND SYSTEMIC TOXICITY,"The scope of this Standard includes, but is not limited to the CAS number(s) indicated above; any other CAS number(s) used to identify this fragrance ingredient should be considered in scope as well.","Benzyl γ-phenylacrylate | Benzyl 3-phenylpropenoate | Cinnamein | Cinnamic acid, benzyl ester | Phenylmethyl 3-phenyl-2-propenoate | 2-Propenoic acid, 3-phenyl-phenylmethyl ester",,,,,See Annex,
IFRA_STD_011,Benzyl salicylate,RESTRICTION,,sí,,1.3,0.39,7.8,7.3,1.9,1.9,1.9,1.9,4.3,15,15,0.77,14,51,51,28,28,sin-restriccion,,,49,2007,2020,"February 10, 2022","February 10, 2021",DERMAL SENSITIZATION,"The scope of this Standard includes, but is not limited to the CAS number(s) indicated above; any other CAS number(s) used to identify this fragrance ingredient should be considered in scope as well.","Benzoic acid, 2-hydroxy-, phenylmethyl ester | Benzyl 2-hydroxybenzoate | Benzyl o-hydroxybenzoate | 2-Hydroxybenzoic acid, benzyl ester | Phenylmethyl 2-hydroxybenzoate | Salicylic acid, benzyl ester",,,,,See Annex,
IFRA_STD_012,alpha-Butylcinnamaldehyde,RESTRICTION,,sí,,0.077,0.023,0.46,0.43,0.11,0.11,0.11,0.036,0.25,0.88,0.88,0.036,0.84,0.84,3,0.036,0.036,sin-restriccion,,,49,2011,2020,"February 10, 2022","February 10, 2021",DERMAL SENSITIZATION AND SYSTEMIC TOXICITY,"The scope of this Standard includes, but is not limited to the CAS number(s) indicated above; any other CAS number(s) used to identify this fragrance ingredient should be considered in scope as well.","2-Benzylidenehexanal | Butyl cinnamic aldehyde | α-Butyl-β-phenylacrolein | Hexanal, 2-(phenylmethylene)- | alpha-butylcinnamaldehyde",,,,,None to consider,
IFRA_STD_013,3-(m-tert-Butylphenyl)-2-methylpropionaldehyde (m-BMHCA),RESTRICTION,,sí,,0.0086,0.094,0.21,1.8,0.45,0.28,0.42,0.094,0.0086,0.37,0.37,0.094,0.96,0.96,3.1,0.094,0.094,64,,,49,2015,2020,"February 10, 2022","February 10, 2021",DERMAL SENSITIZATION AND SYSTEMIC TOXICITY,"The scope of this Standard includes, but is not limited to the CAS number(s) indicated above; any other CAS number(s) used to identify this fragrance ingredient should be considered in scope as well.","Benzenepropanal, 3-(1,1-dimethylethyl)-α-methyl- | 3-(3-tert-Butylphenyl)-2-methylpropanal | m-BMHCA",,,,,None to consider,
IFRA_STD_014,p-tert-Butyldihydrocinnamaldehyde,RESTRICTION,,sí,,0.0041,0.025,0.025,0.47,0.12,0.029,0.037,0.0096,0.087,0.029,0.029,0.0096,0.099,0.099,0.24,0.0096,0.0096,6.9,,,49,1991 1994 2007 2008,2020,"February 10, 2022","February 10, 2021",DERMAL SENSITIZATION AND SYSTEMIC TOXICITY,"The scope of this Standard includes, but is not limited to the CAS number(s) indicated above; any other CAS number(s) used to identify this fragrance ingredient should be considered in scope as well.","Benzenepropanal, 4-(1,1-dimethylethyl)- | 3-(4-tert-Butylphenyl)propionaldehyde | Bourgeonal (commercial name) | Liliphenal (commercial name)",,,,,None to consider,
IFRA_STD_015,p-tert-Butyl-α-methylhydrocinnamic aldehyde (p-BMHCA),RESTRICTION_PROHIBITION,sí,sí,,prohibido,0.09,0.04,1.4,0.06,0.05,0.05,0.017,prohibido,0.04,0.04,0.017,0.1,0.1,0.63,0.017,0.017,16,,,49,2003 2007 2008 2013 2015,2020,"February 10, 2022","February 10, 2021",DERMAL SENSITIZATION AND SYSTEMIC TOXICITY,"The scope of this Standard includes, but is not limited to the CAS number(s) indicated above; any other CAS number(s) used to identify this fragrance ingredient should be considered in scope as well.","Benzenepropanal, 4-(1,1-dimethylethyl)-alpha-methyl- | p-t-Bucinal | 2-(4-tert-Butylbenzyl)propionaldehyde | p-t-Butyl-alpha-methylhydrocinnamaldehyde | Butylphenyl methylpropional | alpha-Methyl-ß-(p-t-butylphenyl)propionaldehyde | Lilestralis (commercial name) | Lilial (commercial name) | Lysmeral (commercial name)",p-tert-Butyl-α-methylhydrocinnamic aldehyde (p-BMHCA) should not be used for any finished product application included under IFRA Categories 1 and 6 (lipsticks and oral care products).,,,,See Annex,
IFRA_STD_016,Carvone,RESTRICTION,,sí,,0.2,0.06,0.02,0.59,0.2,0.039,0.059,0.013,0.66,0.039,0.039,0.013,0.18,0.18,0.43,0.013,0.013,17,,,49,2008,2020,"February 10, 2022","February 10, 2021",DERMAL SENSITIZATION AND SYSTEMIC TOXICITY,"The scope of this Standard includes, but is not limited to the CAS number(s) indicated above; any other CAS number(s) used to identify this fragrance ingredient should be considered in scope as well.","99-49-0 (Carvone): | p-Mentha-6,8-dien-2-one; | 1-Methyl-4-isopropenyl-6-cyclohexen-2-one; | 2-Cyclohexen-1-one, 2-methyl-5-(1-methylethenyl)-; | 5-Isopropenyl-2-methylcyclohex-2-en-1-one; | 6,8(9)-p-Menthadien-2-one. | 2244-16-8 (d-Carvone): | (S)-2-Methyl-5-(1-methylvinyl)cyclohex-2-en-1-one; | d-p-Mentha-6,8(9)-dien-2-one; | d-1-Methyl-4-isopropenyl-6-cyclohexen-2-one; | 2-Cyclohexen-1-one, 2-methyl-5-(1-methylethenyl)-, (S)-. | 6485-40-1 (l-Carvone): | l-p-Mentha-1(6),8-dien-2-one; | l-p-Mentha-6,8(9)-dien-2-one; | l-1-Methyl-4-isopropenyl-6-cyclohexen-2-one; | 2-Cyclohexen-1-one, 2-methyl-5-(1-methylethenyl)-, (R)-; | 5-Isopropenyl-2-methylcyclohex-2-en-1-one.",,,,,See Annex,The natural contribution of Carvone is determined by the sum of the natural contributions of each of its isomers.
IFRA_STD_017,Cinnamic alcohol,RESTRICTION,,sí,,0.22,0.067,0.25,1.2,0.32,0.25,0.25,0.085,0.13,0.25,0.25,0.085,0.76,0.76,2,0.085,0.085,51,,,49,1987 1992 2002 2007 2008,2020,"February 10, 2022","February 10, 2021",DERMAL SENSITIZATION AND SYSTEMIC TOXICITY,"The scope of this Standard includes, but is not limited to the CAS number(s) indicated above; any other CAS number(s) used to identify this fragrance ingredient should be considered in scope as well.","Cinnamyl alcohol | 3-Phenylallyl alcohol | 3-Phenyl-2-propen-1-ol | 2-Propen-1-ol, 3-phenyl- | Styrone | Styryl alcohol | Zimtalcohol | Styryl carbinol",,,,,See Annex,
IFRA_STD_018,Cinnamic aldehyde,RESTRICTION,,sí,,0.045,0.014,0.021,0.25,0.064,0.042,0.064,0.014,0.15,0.17,0.17,0.014,0.49,0.49,1.8,0.014,0.014,sin-restriccion,,,49,1978 2004 2006 2007 2008 2013,2020,"February 10, 2022","February 10, 2021",DERMAL SENSITIZATION AND SYSTEMIC TOXICITY,"The scope of this Standard includes, but is not limited to the CAS number(s) indicated above; any other CAS number(s) used to identify this fragrance ingredient should be considered in scope as well.",Cinnamal | Cinnamaldehyde | Phenylacrolein | 3-Phenyl-2-propena | 3-Phenyl-2-propen-1-a | Cassia aldehyde,,,,,See Annex,
IFRA_STD_019,Cinnamic aldehyde dimethyl acetal,RESTRICTION,,sí,,0.063,0.019,0.38,0.35,0.089,0.089,0.089,0.089,0.21,0.72,0.72,0.037,0.69,2.5,2.5,1.4,1.4,sin-restriccion,,,49,2009,2020,"February 10, 2022","February 10, 2021",DERMAL SENSITIZATION,"The scope of this Standard includes, but is not limited to the CAS number(s) indicated above; any other CAS number(s) used to identify this fragrance ingredient should be considered in scope as well.","Benzene, (3,3-dimethoxy-1-propenyl)- | (3,3-Dimethoxypropen-1-yl)benzene | (3,3-Dimethoxyprop-1-en-1-yl)benzene | 3-Phenyl-2-propenal dimethyl acetal",,,,,None to consider,
IFRA_STD_020,Cinnamyl nitrile,RESTRICTION,,sí,,0.077,0.023,0.46,0.43,0.11,0.11,0.11,0.11,0.25,0.88,0.88,0.045,0.84,3,3,1.7,1.7,sin-restriccion,,,49,2002 2008,2020,"February 10, 2022","February 10, 2021",DERMAL SENSITIZATION,"The scope of this Standard includes, but is not limited to the CAS number(s) indicated above; any other CAS number(s) used to identify this fragrance ingredient should be considered in scope as well.","Cinnamonitrile (E) | trans-.β.-Phenylacrylonitrile | 2-Propenenitrile, 3-phenyl-, (E)-",,,,,None to consider,
IFRA_STD_021,Citral,RESTRICTION,,sí,,0.11,0.032,0.1,0.6,0.15,0.15,0.15,0.051,0.35,0.2,0.2,0.051,1.2,1.2,4.2,0.051,0.051,sin-restriccion,,,49,2002 2008 2013,2020,"February 10, 2022","February 10, 2021",DERMAL SENSITIZATION AND SYSTEMIC TOXICITY,"The scope of this Standard includes, but is not limited to the CAS number(s) indicated above; any other CAS number(s) used to identify this fragrance ingredient should be considered in scope as well.","3,7-Dimethyl-2,6-octadienal | Geranial (trans-citral) | Neral | Geranial | Lemarome (commercial name)",,,,,See Annex,
IFRA_STD_022,Citronellol,RESTRICTION,,sí,,2.2,0.67,13,12,3.2,3.2,3.2,3.2,7.3,25,25,1.3,24,87,87,48,48,sin-restriccion,,,49,2007,2020,"February 10, 2022","February 10, 2021",DERMAL SENSITIZATION,"The scope of this Standard includes, but is not limited to the CAS number(s) indicated above; any other CAS number(s) used to identify these fragrance ingredients should be considered in scope as well.","3,7-Dimethyl-6-octen-1-ol | 6-Octen-1-ol, 3,7-dimethyl- | Citronellol | dl-Citronellol | Rhodinol pure (commercial name) | 3,7-Dimethyloct-6-en-1-ol | 6-Octen-1-ol, 3,7-dimethyl-, (R)- | (R)-3,7-Dimethyloct-6-en-1-ol | (+)-ß-Citronellol | (+)-(R)-Citronellol | 6-Octen-1-ol, 3,7-dimethyl-,(+/-)- | 3,7-Dimethyloct-7-en-1-ol | 7-Octen-1-ol, 3,7-dimethyl-,(S)- | 3,7-Dimethyl-(6-or 7-)octen-1-ol | 3,7-Dimethyl-7-octen-1-ol | 3,7-Dimethyloct-7-en-1-ol | 7-Octen-1-ol, 3,7-dimethyl- (isomer unspecified) | α-Citronellol | Rhodinol (commercial name) | 3,7-Dimethyloct-6-en-1-ol | (-)-3,7-Dimethyloct-6-en-1-ol | (S)-3,7-Dimethyl-6-octen-1-ol | 6-Octen-1-ol, 3,7-dimethyl-, (S)- | l-Citronellol",,,,,See Annex,
IFRA_STD_023,Coumarin,RESTRICTION,,sí,,0.089,0.08,0.089,1.5,0.38,0.11,0.16,0.035,0.0024,0.18,0.18,0.035,0.52,0.52,1.6,0.035,0.035,33,,,49,2008,2020,"February 10, 2022","February 10, 2021",DERMAL SENSITIZATION AND SYSTEMIC TOXICITY,"The scope of this Standard includes, but is not limited to the CAS number(s) indicated above; any other CAS number(s) used to identify this fragrance ingredient should be considered in scope as well.","2H-1-Benzopyran-2-one | 2H-chromen-2-one | 1,2-Benzopyrone | cis-o-Coumaric acid lactone | Coumarinic anhydride | 2-Oxo-1,2-benzopyran | Tonka bean camphor",,,,,See Annex,
IFRA_STD_024,Cuminaldehyde,RESTRICTION,,sí,,0.085,0.025,0.51,0.47,0.12,0.12,0.12,0.12,0.28,0.96,0.96,0.05,0.92,3.3,3.3,1.8,1.8,sin-restriccion,,,49,2013,2020,"February 10, 2022","February 10, 2021",DERMAL SENSITIZATION,"The scope of this Standard includes, but is not limited to the CAS number(s) indicated above; any other CAS number(s) used to identify this fragrance ingredient should be considered in scope as well.","Benzaldehyde, 4-(1-methylethyl)- | Cumaldehyde | Cuminal | Cuminic aldehyde | 4-Isopropylbenzaldehyde | p-Isopropylbenzaldehyde | 4-Isopropylbenzenecarboxaldehyde",,,,,See Annex,
IFRA_STD_025,Cyclamen aldehyde,RESTRICTION_SPECIFICATION,,sí,sí,0.11,0.14,0.038,0.95,0.45,0.076,0.076,0.025,0.076,0.076,0.076,0.025,0.23,0.23,0.72,0.025,0.025,16,,,49,2013 2015,2020,"February 10, 2022","February 10, 2021",DERMAL SENSITIZATION AND SYSTEMIC TOXICITY,"The scope of this Standard includes, but is not limited to the CAS number(s) indicated above; any other CAS number(s) used to identify this fragrance ingredient should be considered in scope as well.","Benzenepropanal, α-methyl-4-(1-methylethyl)- | Benzenepropanol, .α.-methyl-4-(1-methylethyl)- | 3-p-Cumenyl-2-methylpropionaldehyde | p-Isopropyl-α-methylhydrocinnamaldehyde | 3-(4-Isopropylphenyl)-2-methylpropanal | 2-Methyl-3-(p-isopropylphenyl)propionaldehyde | α-Methyl-p-isopropylphenylpropylaldehyde | α-Methyl-4-(1-methylethyl)benzenepropanal | Cyclamal (commercial name) | Cyclaviol (commercial name) | Cyclosal (commercial name)",,,,Cyclamen aldehyde should not contain more than 1.5% of Cyclamen alcohol.,None to consider,Cyclamen aldehyde has been found in natural extracts but only at trace levels.
IFRA_STD_026,Cyclopentadecanolide,RESTRICTION,,sí,,0.42,0.13,2.5,2.4,0.6,0.6,0.6,0.2,1.4,4.8,4.8,0.2,4.6,4.6,17,0.2,0.2,sin-restriccion,,,49,2013,2020,"February 10, 2022","February 10, 2021",DERMAL SENSITIZATION AND SYSTEMIC TOXICITY,"The scope of this Standard includes, but is not limited to the CAS number(s) indicated above; any other CAS number(s) used to identify this fragrance ingredient should be considered in scope as well.","Angelica lactone | Cyclopentadecanolide | 15-Hydroxypentadecanoic acid, ω-lactone | Oxacyclohexadecan-2-one | Pentadecalactone | ω-Pentadecalactone | Pentadecanolide | Cyclopentadecanolid Supra (commercial name) | Exaltex (commercial name) | Exaltolide (commercial name) | Macrolide (commercial name) | Muskalactone (commercial name) | Pentalide (commercial name) | Thibetolide (commercial name)",,,,,See Annex,
IFRA_STD_027,Dibenzyl ether,RESTRICTION,,sí,,0.00004,0.0028,0.0002,0.012,0.0023,0.00024,0.00032,0.000081,0.0023,0.00093,0.00093,0.000081,0.0037,0.0037,0.0037,0.000081,0.000081,0.24,,,49,2009,2020,"February 10, 2022","February 10, 2021",DERMAL SENSITIZATION AND SYSTEMIC TOXICITY,"The scope of this Standard includes, but is not limited to the CAS number(s) indicated above; any other CAS number(s) used to identify this fragrance ingredient should be considered in scope as well.","Phenylmethoxymethylbenzene | Benzene, 1,1'-[oxybis(methylene)]bis- | Benzyl ether | Benzyl oxide | Dibenzyl oxide | 1,1'-[Oxybis(methylene)]dibenzene",,,,,None to consider,
IFRA_STD_028,"6,7-Dihydro-1,1,2,3,3-pentamethyl-4(5H)-indanone (DPMI)",RESTRICTION,,sí,,0.0063,0.26,0.019,3.8,0.31,0.025,0.038,0.0084,0.0063,0.031,0.031,0.0084,0.13,0.13,0.28,0.0084,0.0084,9.4,,,49,2015,2020,"February 10, 2022","February 10, 2021",DERMAL SENSITIZATION AND SYSTEMIC TOXICITY,"The scope of this Standard includes, but is not limited to the CAS number(s) indicated above; any other CAS number(s) used to identify this fragrance ingredient should be considered in scope as well.","1,2,3,5,6,7-Hexahydro-1,1,2,3,3-pentamethyl-4H-inden-4-one | 4H-Inden-4-one, 1,2,3,5,6,7-hexahydro-1,1,2,3,3-pentamethyl- | 1,1,2,3,3-Pentamethyl-1,2,3,5,6,7-hexahydro-4H-inden-4-one | Cashmeran (commercial name)",,,,,None to consider,
IFRA_STD_029,Dihydrocoumarin,RESTRICTION,,sí,,0.038,0.011,0.23,0.21,0.053,0.053,0.053,0.018,0.12,0.43,0.43,0.018,0.41,1.5,1.5,0.018,0.018,sin-restriccion,,,51,1974 2013 2020,2023,"October 30, 2025","March 30, 2024",DERMAL SENSITIZATION AND SYSTEMIC TOXICITY,"The scope of this Standard includes, but is not limited to the CAS number(s) indicated above; any other CAS number(s) used to identify this fragrance ingredient should be considered in scope as well.","Dihydrocoumarin | 1,2-Benzodihydropyrone | 2H-1-Benzopyran-2-one, 3,4-dihydro- | Chroman-2-one | 2-Chromanone | 3,4-Dihydro-2H-1-benzopyran-2-one | o-Hydroxydihydrocinnamic acid lactone | Melilotic acid lactone | Melilotic lactone (commercial name)",,,,,See Annex,
IFRA_STD_030,Dimethylcyclohex-3-ene-1-carbaldehyde (mixed isomers),RESTRICTION,,sí,,0.45,0.14,2.7,2.5,0.64,0.64,0.64,0.64,1.5,5.2,5.2,0.27,4.9,18,18,9.8,9.8,sin-restriccion,,,49,2010 2013,2020,"February 10, 2022","February 10, 2021",DERMAL SENSITIZATION,"The scope of this Standard includes, but is not limited to the CAS number(s) indicated above; any other CAS number(s) used to identify these fragrance ingredients should be considered in scope as well.","Dimethylcyclohex-3-ene-1-carbaldehyde (isomer mixture) (68737-61-1) | 2,4-Dimethyl-3-cyclohexen-1-carboxaldehyde (68039-49-6) | 3,5-Dimethylcyclohex-3-ene-1-carbaldehyde (68039-48-5) | Dimethylcyclohex-3-ene-1-carbaldehyde (isomer unspecified) (27939-60-2) | 3,6-Dimethyl-3-cyclohexene-1-carboxaldehyde (67801-65-4) | 3-Cyclohexene-1-carboxaldehyde, dimethyl- (isomer mixture) | 2,4-Dimethyltetrahydrobenzaldehyde | Dimethyltetrahydrobenzaldehyde (isomer mixture) | Triplal (commercial name) | Vertocitral (commercial name) | Vertoliff (commercial name) | Tricyclal (commercial name) | Hivertal (commercial name) | Agrumen Aldehyde (commercial name) | Cyclovertal (commercial name) | Ligustral (commercial name) | Aldehyde AA (commercial name)",,,The above limits apply to Dimethylcyclohexen-3-ene-1-carbaldehyde (mixed isomers) used individually or in combination. The sum of concentrations of Dimethylcyclohexen-3-ene-1-carbaldehyde isomers should not exceed the maximum concentration levels established by this Standard.,,See Annex,
IFRA_STD_031,"1-(5,5-Dimethyl-1-cyclohexen-1-yl)pent-4-en-1-one",RESTRICTION,,sí,,0.19,0.057,0.18,1.1,0.27,0.27,0.27,0.091,0.54,0.54,0.54,0.091,1.4,1.4,3.4,0.091,0.091,sin-restriccion,,,49,2009,2020,"February 10, 2022","February 10, 2021",DERMAL SENSITIZATION AND SYSTEMIC TOXICITY,"The scope of this Standard includes, but is not limited to the CAS number(s) indicated above; any other CAS number(s) used to identify this fragrance ingredient should be considered in scope as well.","α-Dynascone | 4-Penten-1-one, 1-(5,5-dimethyl-1-cyclohexen-1-yl)- | Dynascone (commercial name) | Galbanone (commercial name) | Galbascone (commercial name) | Neobutenone (commercial name) | Neogal (commercial name) | Neogalbenum (commercial name)",,,,,None to consider,
IFRA_STD_032,"2,2-Dimethyl-3-(3-tolyl)propan-1-ol",RESTRICTION_SPECIFICATION,,sí,sí,0.034,0.2,0.025,1.7,0.43,0.061,0.039,0.013,0.0025,0.052,0.052,0.013,0.14,0.14,0.3,0.013,0.013,8.6,,,49,2008 2010,2020,"February 10, 2022","February 10, 2021",DERMAL SENSITIZATION AND SYSTEMIC TOXICITY,"The scope of this Standard includes, but is not limited to the CAS number(s) indicated above; any other CAS number(s) used to identify this fragrance ingredient should be considered in scope as well.","Benzenepropanol,.ß.,. ß.,3-trimethyl | 2,2-Dimethyl-3-(3-methylphenyl)propanol | Benzene propanol | Majantol (commercial name) | Linlan alcohol (commercial name) | Muguetol B (commercial name)",,,,"2,2-Dimethyl-3-(3-tolyl)propan-1-ol should only be used as a fragrance ingredient if traces of organochlorine compounds are restricted. Total Chlorine, which can be measured by Atomic Absorption Spectroscopy, must not exceed 25 ppm in the raw material.",None to consider,
IFRA_STD_033,2-Ethoxy-4-methylphenol,RESTRICTION,,sí,,0.0087,0.0053,0.017,0.099,0.025,0.017,0.025,0.0058,0.0087,0.044,0.044,0.0058,0.052,0.052,0.052,0.0058,0.0058,4.2,,,49,2008,2020,"February 10, 2022","February 10, 2021",DERMAL SENSITIZATION AND SYSTEMIC TOXICITY,"The scope of this Standard includes, but is not limited to the CAS number(s) indicated above; any other CAS number(s) used to identify this fragrance ingredient should be considered in scope as well.","2-Ethoxy-p-cresol | 2-Ethoxy-4-methylphenol | 4-Methyl-2-ethoxyphenol | Phenol, 2-ethoxy-4-methyl- | Ultravanil (commercial name) | Supravanil (commercial name)",,,,,None to consider,
IFRA_STD_034,p-Ethylbenzaldehyde,RESTRICTION,,sí,,0.085,0.025,0.51,0.47,0.12,0.12,0.12,0.04,0.28,0.96,0.96,0.04,0.92,0.92,3.3,0.04,0.04,sin-restriccion,,,49,2013,2020,"February 10, 2022","February 10, 2021",DERMAL SENSITIZATION AND SYSTEMIC TOXICITY,"The scope of this Standard includes, but is not limited to the CAS number(s) indicated above; any other CAS number(s) used to identify this fragrance ingredient should be considered in scope as well.","4-Ethylbenzaldehyde | Benzaldehyde, 4-ethyl",,,,,None to consider,
IFRA_STD_035,Eugenol,RESTRICTION,,sí,,0.45,0.14,1,2.5,0.64,0.64,0.64,0.21,1.5,2,2,0.21,4.9,4,18,0.21,0.21,sin-restriccion,,,51,2004 2006 2007 2008 2020,2023,"October 30, 2025","March 30, 2024",DERMAL SENSITIZATION AND SYSTEMIC TOXICITY,"The scope of this Standard includes, but is not limited to the CAS number(s) indicated above; any other CAS number(s) used to identify this fragrance ingredient should be considered in scope as well.","Eugenol | 4-Allylcatechol-2-methyl ether | 1-Allyl-4-hydroxy-3-methoxybenzene | 4-Allyl-2-methoxyphenol | Caryophyllic acid | 2-Hydroxy-5-allylanisole | 1-Hydroxy-2-methoxy-4-allylbenzene | 4-Hydroxy-3-methoxy-1-allylbenzene | 1-Hydroxy-2-methoxy-4-propenylbenzene | 2-Methoxy-4-allylphenol | 2-Methoxy-4-(2-propenyl)phenol | Phenol, 2-methoxy-4-(2-propenyl)- | Eugenic acid | Allylguaiacol | 4-Allylguaiacol",,,,,See Annex,
IFRA_STD_036,Farnesol,RESTRICTION_SPECIFICATION,,sí,sí,0.21,0.062,1.2,1.2,0.29,0.29,0.29,0.29,0.68,2.4,2.4,0.12,2.3,8.1,8.1,4.5,4.5,sin-restriccion,,,49,1979 1980 2002 2006,2020,"February 10, 2022","February 10, 2021",DERMAL SENSITIZATION,"The scope of this Standard includes, but is not limited to the CAS number(s) indicated above; any other CAS number(s) used to identify this fragrance ingredient should be considered in scope as well.","Farnesol | 2,6,10-Dodecatrien-1-ol, 3,7,11-trimethyl_x0002_ | Farnesyl alcohol | Trimethyl dodecatrienol | 3,7,11-Trimethyl-2,6,10-dodecatrien-1-ol | trans-trans-Farnesol | cis-trans-Farnesol | 2Z,6Z-Farnesol | cis-cis-Farnesol | 2-trans,6-cis-Farnesol",,,,Farnesol should only be used as a fragrance ingredient if it contains a minimum of 96% of farnesol isomers as determined by GLC.,See Annex,
IFRA_STD_037,Geraniol,RESTRICTION,,sí,,0.78,0.25,1.1,4.7,1.2,0.78,0.94,0.26,0.16,0.78,0.78,0.26,2.8,1.1,5.3,0.26,0.26,sin-restriccion,,,51,2007 2020,2023,"October 30, 2025","March 30, 2024",DERMAL SENSITIZATION AND SYSTEMIC TOXICITY,"The scope of this Standard includes, but is not limited to the CAS number(s) indicated above; any other CAS number(s) used to identify this fragrance ingredient should be considered in scope as well.","Geraniol | 3,7-Dimethylocta-2,6-dien-1-ol | 2,6-Octadien-1-ol, 3,7-dimethyl-, (e)- | 2,6-Dimethyl-2,6-octadien-8-ol | trans-3,7-Dimethyl-2,6-octadien-1-ol | Geraniol 60 (commercial name) | Geraniol Coeur (commercial name) | Geraniol extra (commercial name) | Geraniol SP (commercial name) | Geraniol Supra (commercial name) | Meranol (commercial name) | Rhodinol pure (commercial name)",,,,,See Annex,
IFRA_STD_038,2-Heptylidene cyclopentan-1-one,RESTRICTION,,sí,,0.077,0.023,0.46,0.43,0.11,0.11,0.11,0.11,0.25,0.88,0.88,0.045,0.84,3,3,1.7,1.7,sin-restriccion,,,49,2011,2020,"February 10, 2022","February 10, 2021",DERMAL SENSITIZATION,"The scope of this Standard includes, but is not limited to the CAS number(s) indicated above; any other CAS number(s) used to identify this fragrance ingredient should be considered in scope as well.","2-Heptylidenecyclopentanone | 2-Heptylidenecyclopentan-1-one | Cyclopentanone, 2-heptylidene-",,,,,None to consider,
IFRA_STD_039,2-Hexenal,RESTRICTION,,sí,,0.0014,0.00041,0.0083,0.0077,0.002,0.002,0.002,0.00067,0.0045,0.016,0.016,0.00067,0.015,0.054,0.054,0.00067,0.00067,sin-restriccion,,,51,1989 1992 2006 2007 2008 2020,2023,"October 30, 2025","March 30, 2024",DERMAL SENSITIZATION AND SYSTEMIC TOXICITY,"The scope of this Standard includes, but is not limited to the CAS number(s) indicated above; any other CAS number(s) used to identify this fragrance ingredient should be considered in scope as well.","2-Hexenal | trans-2-Hexenal | 2-Hexenal, (E)- | Hexen-2-al | Hex-2-enal | Leaf aldehyde | beta-Propyl acrolein | cis-2-Hexenal | 2-Hexenal, (Z)-",,,,,See Annex,
IFRA_STD_040,alpha-Hexyl cinnamic aldehyde,RESTRICTION,,sí,,1.8,0.53,11,9.9,2.5,2.5,2.5,2.5,5.8,20,20,1,19,69,69,38,38,sin-restriccion,,,49,2007 2013,2020,"February 10, 2022","February 10, 2021",DERMAL SENSITIZATION,"The scope of this Standard includes, but is not limited to the CAS number(s) indicated above; any other CAS number(s) used to identify this fragrance ingredient should be considered in scope as well.","2-Benzylideneoctanal | Hexyl cinnamal | α-Hexyl cinnamaldehyde | Hexyl cinnamic aldehyde | α-n-Hexylcinnamic aldehyde | Hexyl cinnamyl | α-n-Hexyl-β-phenylacrolein | Octanal, 2-(phenylmethylene)- | Jasmonal H (commercial name)",,,,,See Annex,
IFRA_STD_041,alpha-Hexylidene cyclopentanone,RESTRICTION,,sí,,0.023,0.0069,0.14,0.13,0.033,0.033,0.033,0.033,0.076,0.26,0.26,0.014,0.25,0.9,0.9,0.5,0.5,sin-restriccion,,,49,1983 1994 2008,2020,"February 10, 2022","February 10, 2021",DERMAL SENSITIZATION,"The scope of this Standard includes, but is not limited to the CAS number(s) indicated above; any other CAS number(s) used to identify this fragrance ingredient should be considered in scope as well.","2-Hexylidene cyclopentanone | Cyclopentanone, 2-hexylidene- | 2-Hexylidene cyclopentanone | Jasmalone (commercial name)",,,,,None to consider,
IFRA_STD_042,Hexyl salicylate,RESTRICTION,,sí,,0.092,0.8,0.25,6.5,2.7,0.3,0.46,0.1,0.0092,0.38,0.38,0.1,1.2,1.2,2.2,0.1,0.1,64,,,49,2007,2020,"February 10, 2022","February 10, 2021",DERMAL SENSITIZATION AND SYSTEMIC TOXICITY,"The scope of this Standard includes, but is not limited to the CAS number(s) indicated above; any other CAS number(s) used to identify this fragrance ingredient should be considered in scope as well.","Hexyl 2-hydroxybenzoate | Benzoic acid, 2-hydroxy-, hexyl ester | Hexyl o-hydroxybenzoate",,,,,None to consider,
IFRA_STD_043,Hydroxycitronellal,RESTRICTION,,sí,,0.38,0.11,2.3,2.1,0.53,0.53,0.53,0.18,1.2,1.6,1.6,0.18,4.1,0.78,7.8,0.18,0.18,sin-restriccion,,,51,1987 2000 2005 2007 2008 2013 2020,2023,"October 30, 2025","March 30, 2024",DERMAL SENSITIZATION AND SYSTEMIC TOXICITY,"The scope of this Standard includes, but is not limited to the CAS number(s) indicated above; any other CAS number(s) used to identify this fragrance ingredient should be considered in scope as well.","Hydroxycitronellal | Citronellalhydrate | 7-Hydroxy-3,7-dimethyloctanal | 3,7-Dimethyl-7-hydroxyoctanal | Octanal, 7-hydroxy-3,7-dimethyl- | Oxydihydrocitronellal | Laurinal (commercial name) | Laurine (commercial name)",,,,,See Annex,
IFRA_STD_044,3 and 4-(4-Hydroxy-4-methylpentyl)-3-cyclohexene-1-carboxaldehyde (HMPCC),RESTRICTION,,sí,,0.02,0.02,0.1,0.2,0.2,0.2,0.2,0.067,0.2,0.02,0.02,0.067,0.2,0.2,0.2,0.067,0.067,91,,,49,2003 2008 2009 2013,2020,"February 10, 2022","February 10, 2021",DERMAL SENSITIZATION AND SYSTEMIC TOXICITY,"The scope of this Standard includes, but is not limited to the CAS number(s) indicated above; any other CAS number(s) used to identify this fragrance ingredient should be considered in scope as well.","3-Cyclohexen-1-carboxaldehyde, 4-(4-hydroxy-4-methylpentyl)- | 3-Cyclohexen-1-carboxaldehyde, 3-(4-hydroxy-4-methylpentyl)- | Hydroxyisohexyl 3-cyclohexene carboxaldehyde | 4-(4-Hydroxy-4-methylpenyl) cyclohex-3-enecarbaldehyde | 3-(4-Hydroxy-4-methylpentyl) cyclohex-3-ene-1-carbaldehyde | HICC | Lyral (commercial name) | Kovanol (commercial name) | Mugonal (commercial name) | Landolal (commercial name) | Cyclohexal (commercial name)",,,The restrictions as given for the individual categories are not based on the Quantitative Risk Assessment (QRA) methodology but solely represent a pragmatic approach to address the specific situation for 3 and 4-(4-Hydroxy-4-methylpentyl)-3-cyclohexene-1-carboxaldehyde (HMPCC).,,See Annex,
IFRA_STD_045,p-Isobutyl-alpha-methyl hydrocinnamaldehyde,RESTRICTION,,sí,,0.08,0.053,0.8,0.99,0.25,0.25,0.25,0.083,0.08,0.72,0.72,0.083,1.9,1.9,5.4,0.083,0.083,sin-restriccion,,,49,2009,2020,"February 10, 2022","February 10, 2021",DERMAL SENSITIZATION AND SYSTEMIC TOXICITY,"The scope of this Standard includes, but is not limited to the CAS number(s) indicated above; any other CAS number(s) used to identify this fragrance ingredient should be considered in scope as well.","p-Isobutyl-α-methyl hydro cinnamic aldehyde | Benzenepropanal, α-methyl-4-(2-methylpropyl)- | 3-(4-Isobutyl-phenyl)-2-methyl-propionaldehyde | 2-Methyl-3-[4-(2-methylpropyl)phenyl]propanal | 3-(p-Cumenyl)-2-methylpropionaldehyde | Cyclamen homoaldehyde | Rhodial (commercial name) | Silvial (commercial name) | Suzaral (commercial name)",,,,,None to consider,
IFRA_STD_046,Isocyclocitral,RESTRICTION,,sí,,0.54,0.16,3.2,3,0.76,0.76,0.76,0.76,1.8,6.1,6.1,0.32,5.9,21,21,12,12,sin-restriccion,,,49,2007,2020,"February 10, 2022","February 10, 2021",DERMAL SENSITIZATION,"The scope of this Standard includes, but is not limited to the CAS number(s) indicated above; any other CAS number(s) used to identify these fragrance ingredients should be considered in scope as well.","1-Formyl-[2,4,6-]&[3,5,6-]trimethyl-3-cyclohexene | [2,4,6-]&[3,5,6-]Trimethyl-3-cyclohexene-1-carboxaldehyde | 3-Cyclohexene-1-carboxaldehyde, 2,4,6-trimethyl- | Neocyclocitral | 2,4,6-Trimethylcyclohex-3-enecarbaldehyde | 2,4,6-Trimethyl-3-cyclohexenylcarboxaldehyde | 2,4,6-Trimethyl-3-cyclohexene-1-carbaldehyde | 3-Cyclohexene-1-carboxaldehyde, 3,5,6-trimethyl- | 3,5,6-Trimethylcyclohex-3-ene-1-carbaldehyde",,,,,None to consider,
IFRA_STD_047,Isocyclogeraniol,RESTRICTION,,sí,,0.29,0.087,1.8,1.6,0.41,0.41,0.41,0.41,0.96,3.3,3.3,0.17,3.2,11,11,6.3,6.3,sin-restriccion,,,49,1995 2005 2008,2020,"February 10, 2022","February 10, 2021",DERMAL SENSITIZATION,"The scope of this Standard includes, but is not limited to the CAS number(s) indicated above; any other CAS number(s) used to identify this fragrance ingredient should be considered in scope as well.","3-Cyclohexene-1-methanol, 2,4,6-trimethyl- | 2,4,6-Trimethyl-3-cyclohexene-1-methanol",,,,,None to consider,
IFRA_STD_048,Isoeugenol,RESTRICTION,,sí,,0.019,0.0057,0.12,0.11,0.027,0.027,0.027,0.009,0.063,0.22,0.22,0.009,0.21,0.21,0.75,0.009,0.009,sin-restriccion,,,49,1980 1998 2001 2004 2007,2020,"February 10, 2022","February 10, 2021",DERMAL SENSITIZATION AND SYSTEMIC TOXICITY,"The scope of this Standard includes, but is not limited to the CAS number(s) indicated above; any other CAS number(s) used to identify this fragrance ingredient should be considered in scope as well.","1-Hydroxy-2-methoxy-4-propen-1-ylbenzene | 4-Hydroxy-3-methoxy-1-propen-1-ylbenzene | 4-Hydroxy-3-methoxy-1-propenylbenzene | iso-Eugenol | 3-Methoxy-4-hydroxy-1-propen-1-ylbenzene | 2-Methoxy-4-propenylphenol | 2-Methoxy-4-(1-propenyl)phenol | Phenol, 2-methoxy-4-(1-propenyl)- | 4-Propenylguaiacol",,,,,See Annex,
IFRA_STD_049,Jasmine absolute (grandiflorum),RESTRICTION,,sí,,0.11,0.032,0.65,0.6,0.15,0.15,0.15,0.15,0.35,1.2,1.2,0.063,1.2,4.2,4.2,2.3,2.3,sin-restriccion,,,49,2008,2020,"February 10, 2022","February 10, 2021",DERMAL SENSITIZATION,"The scope of this Standard includes, but is not limited to the CAS number(s) indicated above; any other CAS number(s) used to identify this fragrance ingredient should be considered in scope as well.",Jasmine absolute (Jasminum grandiflorum L.) | Jasminum grandiflorum absolute | Jasmin officinale var. grandiflorum,,,,,None to consider,
IFRA_STD_050,Jasmine absolute (sambac),RESTRICTION,,sí,,0.68,0.2,4.1,3.8,0.96,0.96,0.96,0.96,2.2,7.7,7.7,0.4,7.4,26,26,15,15,sin-restriccion,,,49,2008,2020,"February 10, 2022","February 10, 2021",DERMAL SENSITIZATION,"The scope of this Standard includes, but is not limited to the CAS number(s) indicated above; any other CAS number(s) used to identify this fragrance ingredient should be considered in scope as well.",Jasmin sambac extract | Jasminum sambac (L.) Aiton,,,,,None to consider,
IFRA_STD_051,Melissa oil (genuine Melissa officinalis L.),RESTRICTION,,sí,,0.11,0.032,0.65,0.6,0.15,0.15,0.15,0.15,0.35,1.2,1.2,0.063,1.2,4.2,4.2,2.3,2.3,sin-restriccion,,,49,2008 2009,2020,"February 10, 2022","February 10, 2021",DERMAL SENSITIZATION,"The scope of this Standard includes, but is not limited to the CAS number(s) indicated above; any other CAS number(s) used to identify this fragrance ingredient should be considered in scope as well.",Balm oil (Melissa officinalis L.) | Lemon balm oil | Melissa officinalis leaf oil | Melissa oil (Melissa officinalis L.) | Oil of balm,,,,,None to consider,
IFRA_STD_052,Perilla aldehyde,RESTRICTION,,sí,,0.054,0.016,0.32,0.3,0.076,0.076,0.076,0.076,0.18,0.61,0.61,0.032,0.59,2.1,2.1,1.2,1.2,sin-restriccion,,,49,1979 1994 2013,2020,"February 10, 2022","February 10, 2021",DERMAL SENSITIZATION,"The scope of this Standard includes, but is not limited to the CAS number(s) indicated above; any other CAS number(s) used to identify this fragrance ingredient should be considered in scope as well.","1-Cyclohexene-1-carboxaldehyde, 4-(1-methylethenyl)- | 4-Isopropenylcyclohex-1-ene-1-carbaldehyde | 4-Isopropenyl-1-cyclohexene-1-carboxaldehyde | Dihydrocuminic aldehyde | p-Mentha-1,8-dien-7-al | Perillaldehyde",,,,,See Annex,
IFRA_STD_053,Menthadiene-7-methyl formate,RESTRICTION,,sí,,0.077,0.023,0.46,0.43,0.11,0.11,0.11,0.11,0.25,0.88,0.88,0.045,0.84,3,3,1.7,1.7,sin-restriccion,,,49,1986 1994 2008,2020,"February 10, 2022","February 10, 2021",DERMAL SENSITIZATION,"The scope of this Standard includes, but is not limited to the CAS number(s) indicated above; any other CAS number(s) used to identify this fragrance ingredient should be considered in scope as well.","Cyclohexadiene-1-ethanol, 4-(1-methylethyl)-, formate | Isobergamate | 4-(Isopropyl)cyclohexadiene-1-ethyl formate | 2-(4-Isopropylcyclohexadienyl)ethyl formate | Menthadienyl formate | 4-(1-Methylethyl)cyclohexadiene-1-ethyl formate",,,,,None to consider,
IFRA_STD_054,p-Methoxybenzaldehyde,RESTRICTION,,sí,,0.23,0.08,0.14,1.4,0.38,0.093,0.14,0.031,0.047,0.14,0.14,0.031,0.42,0.19,1.1,0.031,0.031,31,,,51,2013 2020,2023,"October 30, 2025","March 30, 2024",DERMAL SENSITIZATION AND SYSTEMIC TOXICITY,"The scope of this Standard includes, but is not limited to the CAS number(s) indicated above; any other CAS number(s) used to identify this fragrance ingredient should be considered in scope as well.","p-Methoxybenzaldehyde | Anisaldehyde | p-Anisaldehyde | Anisic aldehyde | Anisyl aldehyde | Benzaldehyde, 4-methoxy | 4-Methoxybenzaldehyde | Aubepine P Cresol (commercial name) | Aubepine liquid (commercial name)",,,,,See Annex,
IFRA_STD_055,o-Methoxycinnamaldehyde,RESTRICTION,,sí,,0.077,0.023,0.46,0.43,0.11,0.11,0.11,0.11,0.25,0.88,0.88,0.045,0.84,3,3,1.7,1.7,sin-restriccion,,,49,2011,2020,"February 10, 2022","February 10, 2021",DERMAL SENSITIZATION,"The scope of this Standard includes, but is not limited to the CAS number(s) indicated above; any other CAS number(s) used to identify this fragrance ingredient should be considered in scope as well.","2'-Methoxycinnamaldehyde | ortho-Methoxycinnamic aldehyde | β-(o-Methoxyphenyl)acrolein | 3-(2-Methoxyphenyl)acrylaldehyde | 3-(o-Methoxyphenyl)-2-propenal | 2-Propenal, 3-(2-methoxyphenyl)-",,,,,See Annex,
IFRA_STD_056,Methoxy dicyclopentadiene carboxaldehyde,RESTRICTION,,sí,,0.19,0.057,1.2,1.1,0.27,0.27,0.27,0.091,0.63,2.2,2.2,0.091,2.1,2.1,7.5,0.091,0.091,sin-restriccion,,,49,1998 2007 2008,2020,"February 10, 2022","February 10, 2021",DERMAL SENSITIZATION AND SYSTEMIC TOXICITY,"The scope of this Standard includes, but is not limited to the CAS number(s) indicated above; any other CAS number(s) used to identify this fragrance ingredient should be considered in scope as well.","4,7-Methano-1H-indene-2-carboxaldehyde, octahydro-5-methoxy | 8-Methoxytricyclo[5.2.2.1]decane-4-carboxaldehyde | Scentenal (commercial name)",,,,,None to consider,
IFRA_STD_057,4-Methoxy-alpha-methylbenzenepropanal,RESTRICTION,,sí,,0.11,0.14,0.75,2.5,0.64,0.64,0.64,0.21,0.11,0.86,0.86,0.21,2.7,0.75,4.1,0.21,0.21,sin-restriccion,,,51,2009 2013 2020,2023,"October 30, 2025","March 30, 2024",DERMAL SENSITIZATION AND SYSTEMIC TOXICITY,"The scope of this Standard includes, but is not limited to the CAS number(s) indicated above; any other CAS number(s) used to identify this fragrance ingredient should be considered in scope as well.","4-Methoxy-alpha-methylbenzenepropanal | 4-Methoxy-α-methylbenzenepropanal | 2-Anisylpropional | 2-(p-Anisyl)propanal | Benzenepropanal, 4-methoxy-α-methyl- | Benzenepropanal, 4-methoxy-alpha-methyl- | Hydrocinnamaldehyde, p-methoxy-a-methyl | p-Methoxyhydratropaldehyde | 4-Methoxy-α-methylbenzenepropanal | p-Methoxy-α-methylhydrocinnamaldehyde | p-Methoxy-alpha-methylhydrocinnamaldehyde | 3-(4-Methoxyphenyl)-2-methylpropanal | 3-(p-Methoxyphenyl)-2-methylpropionaldehyde | 2-Methyl-3-(p-methoxyphenyl)propanal | 2-Methyl-3-(4-methoxyphenyl)propionaldehyde | Canthoxal (commercial name) | Fennaldehyde (commercial name) | Foliaver (commercial name)",,,,,See Annex,
IFRA_STD_058,2-Methoxy-4-methylphenol,RESTRICTION,,sí,,0.0085,0.0025,0.051,0.047,0.012,0.012,0.012,0.012,0.028,0.096,0.096,0.005,0.092,0.33,0.33,0.18,0.18,sin-restriccion,,,49,1999 2005 2007 2008,2020,"February 10, 2022","February 10, 2021",DERMAL SENSITIZATION,"The scope of this Standard includes, but is not limited to the CAS number(s) indicated above; any other CAS number(s) used to identify this fragrance ingredient should be considered in scope as well.","Creosol | p-Creosol | p-Cresol, 2-methoxy- | Homoguaiacol | 1-Hydroxy-2-methoxy-4-methylbenzene | 4-Hydroxy-3-methoxytoluene | 2-Methoxy-p-cresol | 3-Methoxy-4-hydroxytoluene | 4-Methylguaiacol | p-Methylguaiacol | 4-Methyl-2-methoxyphenol | Phenol, 2-methoxy-4-methyl- | Valspice (commercial name)",,,,,None to consider,
IFRA_STD_059,"alpha-Methyl-1,3-benzodioxole-5-propionaldehyde (MMDHCA)",RESTRICTION,,sí,,0.12,0.25,0.039,2.6,0.39,0.077,0.077,0.026,0.62,0.077,0.077,0.026,0.15,0.15,0.62,0.026,0.026,12,,,49,2012 2013,2020,"February 10, 2022","February 10, 2021",DERMAL SENSITIZATION AND SYSTEMIC TOXICITY,"The scope of this Standard includes, but is not limited to the CAS number(s) indicated above; any other CAS number(s) used to identify this fragrance ingredient should be considered in scope as well.","1,3-Benzodioxole-5-propanal, α-methyl- | 3-(1,3-Benzodioxol-5-yl)-2-methylpropanal | 2-Methyl-3-(3,4-methylenedioxyphenyl)- propionaldehyde | 2-Methyl-3-(3,4-methylenedioxyphenyl)propanal | α-Methyl-3,4-(methylenedioxy)-hydrocinnamaldehyde | α-Methyl-1,3-benzodioxole-5-propanal | α-Methyl-1,3-benzodioxole-5-propionaldehyde | 3-(3,4-Methylenedioxyphenyl)-2-methylpropanal | α-Methyl-3,4-methylene-dioxyhydrocinnamic aldehyde | Heliofolal (commercial name) | Heliogan (commercial name) | Helional (commercial name) | Tropional (commercial name)",,,,,See Annex,
IFRA_STD_060,alpha-Methyl cinnamic aldehyde,RESTRICTION,,sí,,0.27,0.08,1.6,1.5,0.38,0.38,0.38,0.38,0.88,3.1,3.1,0.16,2.9,11,11,5.8,5.8,sin-restriccion,,,49,2007,2020,"February 10, 2022","February 10, 2021",DERMAL SENSITIZATION,"The scope of this Standard includes, but is not limited to the CAS number(s) indicated above; any other CAS number(s) used to identify this fragrance ingredient should be considered in scope as well.","α-Methylcinnamaldehyde | α-Methylcinnamyl aldehyde | α-Methylcinnamic aldehyde | 2-Methyl-3-phenyl-2-propenal | 3-Phenyl-2-methylacrolein | 2-Propenyl, 2-methyl-3-phenyl-",,,,,None to consider,
IFRA_STD_061,"6-Methyl-3,5-heptadien-2-one",RESTRICTION,,sí,,0.0085,0.0025,0.051,0.047,0.012,0.012,0.012,0.012,0.028,0.096,0.096,0.005,0.092,0.33,0.33,0.18,0.18,sin-restriccion,,,49,1989 1999 2009,2020,"February 10, 2022","February 10, 2021",DERMAL SENSITIZATION,"The scope of this Standard includes, but is not limited to the CAS number(s) indicated above; any other CAS number(s) used to identify this fragrance ingredient should be considered in scope as well.","3,5-Heptadien-2-one, 6-methyl- | Methylheptadienone | 2-Methylhepta-2,4-dien-6-one | 6-Methylhepta-3,5-dien-2-one",,,,,None to consider,
IFRA_STD_062,Methyl heptine carbonate,RESTRICTION,,sí,,0.0085,0.0025,0.051,0.047,0.012,0.012,0.012,0.012,0.028,0.096,0.096,0.005,0.092,0.33,0.33,0.18,0.18,sin-restriccion,,,49,1976 2000 2005,2020,"February 10, 2022","February 10, 2021",DERMAL SENSITIZATION,"The scope of this Standard includes, but is not limited to the CAS number(s) indicated above; any other CAS number(s) used to identify this fragrance ingredient should be considered in scope as well.","Methyl heptyne carbonate | Methyl 2-octynoate | Methyl oct-2-ynoate | MHC | 2-Octynoic acid, methyl ester | Folione (commercial name)",,,"When used in the same fragrance compound within a specific QRA category, the sum total of Methyl heptine carbonate (MHC, CAS number 111-12-6) and Methyl octine carbonate (MOC, CAS number 111-80-8) contributions must not exceed the maximum permitted level for MHC. At the same time, the contribution from MOC should always respect the maximum levels permitted in the respective categories as listed in the Standard for MOC.",,None to consider,
IFRA_STD_063,"Methyl ionone, mixed isomers",RESTRICTION_SPECIFICATION,,sí,sí,5.4,1.6,32,30,7.6,7.6,7.6,7.6,18,61,61,3.2,59,100,100,100,100,sin-restriccion,,,49,2007 2015,2020,"February 10, 2022","February 10, 2021",DERMAL SENSITIZATION,"The scope of this Standard includes, but is not limited to the CAS number(s) indicated above; any other CAS number(s) used to identify these fragrance ingredients should be considered in scope as well.","Methyl ionone, mixture of isomers | Methyl-α-ionone | α-Cetone | α-Cyclocitrylidenebutanone | α-Cyclocitrylidenemethyl ethyl ketone | Methyl-α-ionone | α-Methylionone | 1-Penten-3-one, 1-(2,6,6-trimethyl-2-cyclohexen-1-yl)-, [R-(E)]- | (R-(E))-1-(2,6,6-Trimethyl-2-cyclohexen-1-yl)pent-1-en-3-one | Methyl-beta-ionone | Methyl-ß-ionone | β-Methylionone | β-Cetone | β-Cyclocitrylidenebutanone | β-Iraldeine | 1-Penten-3-one, 1-(2,6,6-trimethyl-1-cyclohexen-1-yl)- | 5-(2,6,6-Trimethyl-1-cyclohexen-1-yl)-4-penten-3-one | 1-(2,6,6-Trimethyl-1-cyclohexen-1-yl)pent -1-en-3-one | α-Isomethylionone | 3-Buten-2-one, 3-methyl-4-(2,6,6-trimethyl-2-cyclohexen-1-yl)- | 3-Methyl-4-(2,6,6-trimethyl-2-cyclohexen-1-yl)-3-buten-2-one | α-Isomethyl ionone | Iraldeine gamma | Isoraldeine 95 (commercial name) | 1-(2,6,6-Trimethyl-2-cyclohexen-1-yl)pent-1-en-3-one | 1-Penten-3-one, 1-(2,6,6-trimethyl-2-cyclohexen-1-yl)- | iso-Methyl-β-ionone | 3-Buten-2-one, 3-methyl-4-(2,6,6-trimethyl-1-cyclohexen-1-yl)- | 3-Methyl-4-(2,6,6-trimethylcyclohex-1-en-1-yl)but-3-en-2-one | δ-Iraldeine | Irone",,,The above limits apply to Methyl ionone isomers used individually or in combination.,"Pseudo methyl ionones (CAS numbers 26651-96-7, 72968-25-3, 1117-41-5) should not be used as fragrance ingredient as such. A level of up to 2% of Pseudo methyl ionones as an impurity in Methyl ionones is accepted.",None to consider,
IFRA_STD_064,Methyl octine carbonate,RESTRICTION,,sí,,0.0018,0.00055,0.011,0.01,0.0026,0.0026,0.0026,0.0026,0.0061,0.021,0.021,0.0011,0.02,0.072,0.072,0.04,0.04,sin-restriccion,,,49,1988 2000 2008,2020,"February 10, 2022","February 10, 2021",DERMAL SENSITIZATION,"The scope of this Standard includes, but is not limited to the CAS number(s) indicated above; any other CAS number(s) used to identify this fragrance ingredient should be considered in scope as well.","Methyl octyne carbonate | Methyl 2-nonynoate | 2-Nonynoic acid, methyl ester | MOC",,,"When used in the same fragrance compound within a specific QRA category, the sum total of and Methyl heptine carbonate (MHC, CAS number 111-12-6) and Methyl octine carbonate (MOC, CAS number 111-80-8) contributions must not exceed the maximum permitted level for MHC. At the same time, the contribution from MOC should always respect the maximum levels permitted as listed in the table above.",,None to consider,
IFRA_STD_065,3-Methyl-2-(pentyloxy)cyclopent-2-en-1-one,RESTRICTION,,sí,,0.085,0.025,0.51,0.47,0.12,0.12,0.12,0.12,0.28,0.96,0.96,0.05,0.92,3.3,3.3,1.8,1.8,sin-restriccion,,,49,2011,2020,"February 10, 2022","February 10, 2021",DERMAL SENSITIZATION,"The scope of this Standard includes, but is not limited to the CAS number(s) indicated above; any other CAS number(s) used to identify this fragrance ingredient should be considered in scope as well.","2-Cyclopenten-1-one, 2-(pentyloxy)-3-methyl- | Pentyloxy cyclopentenone (commercial name)",,,,,None to consider,
IFRA_STD_066,2-Nonyn-1-al dimethyl acetal,RESTRICTION,,sí,,1.8,0.53,11,9.9,2.5,2.5,2.5,2.5,5.8,20,20,1,19,69,69,38,38,sin-restriccion,,,49,2011,2020,"February 10, 2022","February 10, 2021",DERMAL SENSITIZATION,"The scope of this Standard includes, but is not limited to the CAS number(s) indicated above; any other CAS number(s) used to identify this fragrance ingredient should be considered in scope as well.","1,1-Dimethoxynon-2-yne | 2-Nonyn-1-al-Dimeth-Acetyl | 2-Nonyne, 1,1-dimethoxy- | Parmavert (commercial name)",,,,,None to consider,
IFRA_STD_067,Oakmoss extracts,RESTRICTION_SPECIFICATION,,sí,sí,0.02,0.016,0.1,0.1,0.076,0.076,0.076,0.076,0.18,0.1,0.1,0.032,0.1,0.1,0.1,0.1,0.1,sin-restriccion,,,49,1991 2001 2008,2020,"February 10, 2022","February 10, 2021",DERMAL SENSITIZATION,"The scope of this Standard includes, but is not limited to the CAS number(s) indicated above; any other CAS number(s) used to identify these fragrance ingredients should be considered in scope as well.","Oakmoss absolute | Evernia absolute | Evernia prunastri, ext. | Mousse de Chêne absolute | Oakmoss absolute (Evernia prunastri) | Evernia prunastri (Oakmoss) extract",,,"For Oakmoss and Treemoss extracts, the restrictions in the Standards are directly linked to the presence of Atranol and Chloroatranol in the finished products. To ensure that those remain below trace levels, the upper concentration levels have not been increased (compared its last publication in the Amendment 43 (2008)). In the presence of Treemoss extracts, the level of Oakmoss in the respective category has to be reduced accordingly, such that the total amount of both extracts does not exceed the maximum permitted level in each category as listed in the table above. If the same fragrance mixture is intended to be used in more than one IFRA Category, then the most restrictive limitation (based on foreseen use concentrations and maximum permitted level) will apply.","Oakmoss extracts must not contain added Treemoss, which is a source of resin acids. Traces of resin acids may be carried over to commercial qualities of Oakmoss in the manufacturing process. These traces must not exceed 0.1% (1000 ppm) of Dehydroabietic acid (DHA) in the extract. The concentration of resin acids in Oakmoss can be measured with an High Performance Liquid Chromatography (HPLC) Reverse Phase – Spectrofluorometry method. Further, levels of Atranol and Chloroatranol should each be below 100 ppm in Oakmoss extracts.",None to consider,
IFRA_STD_068,"1-(1,2,3,4,5,6,7,8 Octahydro-2,3,8,8-tetramethyl-2-naphthalenyl) ethanone (OTNE)",RESTRICTION,,sí,,0.41,1.1,0.41,20,5.1,0.56,0.76,0.19,0.0093,0.67,0.67,0.19,2.4,2.4,6.6,0.19,0.19,sin-restriccion,,,49,2008,2020,"February 10, 2022","February 10, 2021",DERMAL SENSITIZATION AND SYSTEMIC TOXICITY,"The scope of this Standard includes, but is not limited to the CAS number(s) indicated above; any other CAS number(s) used to identify this fragrance ingredient should be considered in scope as well.","1-(1,2,3,4,5,6,7,8-Octahydro-2,3,8,8-tetramethyl-2-naphthalenyl)ethanone | 1',2',3',4',5',6',7',8'-Octahydro-2',3',8',8'-tetramethyl-2'-acetonaphthone | 1-(1,2,3,4,5,6,7,8-octahydro-2,3,8,8-tetramethyl-2-naphthyl)ethan-1-one | 1-(2,3,8,8-tetramethyl-1,2,3,4,5,6,7,8-octahydronaphthalen-2-yl)ethanone | 2-acetoxy-2,3,8,8-tetramethyloctahydronaphthalene | 7-Acetyl-1,2,3,4,5,6,7,8-octahydro-1,1,6,7-tetramethylnaphthalene | Ethanone, 1-(1,2,3,4,5,6,7,8-octahydro-2,3,8,8-tetramethyl-2-naphthalenyl)- | Naphthalene, 1,2,3,4,5,6,7,8-octahydro-2,3,8,8-tetramethyl-2-aceto | Ambergris Ketone (commercial name) | Amberonne (commercial name) | Ambralux (commercial name) | Boisvelone (commercial name) | Iso Ambois Super (commercial name) | Iso-E Super (commercial name) | Iso Gamma Super (commercial name) | Isocyclemone E (commercial name) | Orbitone (commercial name) | Orbitone T (commercial name) | 1- (1,2,3,4,5,6,7,8- octahydro-2,3,5,5- tetramethyl-2- naphthalenyl)ethan-1-one | 1-(2,3,5,5-tetramethyl-1,2,3,4,5,6,7,8-octahydronaphthalen-2-yl)ethanone | Ethanone, 1- (1,2,3,4,5,6,7,8- octahydro-2,3,5,5- tetramethyl-2- naphthalenyl)- | Naphthalene, 1,2,3,4,5,6,7,8-octahydro-2,3,5,5-tetramethyl-2-aceto | 1-(1,2,3,5,6,7,8,8a-Octahydro-2,3,8,8-tetramethyl-2-naphthyl)ethan-1-one | 1-(2,3,8,8-Tetramethyl-1,2,3,5,6,7,8,8a-octahydronaphthalen-2-yl)ethanone | Ethanone, 1-(1,2,3,5,6,7,8,8a-octahydro-2,3,8,8-tetramethyl-2-naphthalenyl)- | Decalene, 2-Aceto-2,3,8,8-Tetramethyl(1,2,3,5,6,7,8,8A-Octahydro)- | 1-(1,2,3,4,6,7,8,8a-Octahydro-2,3,8,8-tetramethyl-2-naphthyl)ethan-1-one | 1-(2,3,8,8-Tetramethyl-1,2,3,4,6,7,8,8a-octahydronaphthalen-2-yl)ethanone | Ethanone, 1-(1,2,3,4,6,7,8,8a-octahydro-2,3,8,8-tetramethyl-2-naphthalenyl)- | Decalene, 2-Aceto-2,3,8,8-Tetramethyl(1,2,3,4,6,7,8,8A-Octahydro)-",,,,,None to consider,
IFRA_STD_069,1-Octen-3-yl acetate,RESTRICTION,,sí,,0.27,0.08,1.6,1.5,0.38,0.38,0.38,0.38,0.88,3.1,3.1,0.16,2.9,11,11,5.8,5.8,sin-restriccion,,,49,1989 1994 2007 2008,2020,"February 10, 2022","February 10, 2021",DERMAL SENSITIZATION,"The scope of this Standard includes, but is not limited to the CAS number(s) indicated above; any other CAS number(s) used to identify this fragrance ingredient should be considered in scope as well.","3-Acetoxyoctene | Amyl crotonyl acetate | Amyl vinyl carbinyl acetate | 1-Octen-3-ol, acetate | Octenyl acetate | β-Octenyl acetate | n-Pentyl vinyl carbinol acetate",,,,,See Annex,
IFRA_STD_070,Opoponax,RESTRICTION_SPECIFICATION,,sí,sí,0.077,0.023,0.46,0.43,0.11,0.11,0.11,0.11,0.25,0.88,0.88,0.045,0.84,3,3,1.7,1.7,sin-restriccion,,,49,1978 1994 2013,2020,"February 10, 2022","February 10, 2021",DERMAL SENSITIZATION,"The scope of this Standard includes, but is not limited to the CAS number(s) indicated above; any other CAS number(s) used to identify this fragrance ingredient should be considered in scope as well.","Opoponax (absolute, resinoid, oil, gum, tincture) | Bisabol-myrrh | Sweet myrrh | Opoponax chironium (L.) W.D.J. Koch | Commiphora erythraea Engler var. glabrescens (Burseraceae)",,,,"Opoponax oil can be obtained from solvent extraction or pyrolysis. Opoponax oil obtained through pyrolysis shall be rectified according to Good Manufacturing Practices (GMP) and the content of Polycyclic Aromatic Hydrocarbons (PAH) resulting from their use shall respect the following requirement: Benzopyrene and 1,2-Benzanthracene are to be used as markers for PAH. If used alone or in combination with rectified Cade oil, rectified Birch tar oils or rectified Styrax oil, the total concentration of both of the markers should not exceed 1 ppb in the final product.",None to consider,
IFRA_STD_071,Peru balsam,RESTRICTION_PROHIBITION,sí,sí,,0.073,0.022,0.44,0.41,0.1,0.1,0.1,0.034,0.24,0.83,0.83,0.034,0.8,0.8,2.9,0.034,0.034,sin-restriccion,,,49,1974 1991 2007 2008,2020,"February 10, 2022","February 10, 2021",DERMAL SENSITIZATION AND SYSTEMIC TOXICITY,"The scope of this Standard includes, but is not limited to the CAS number(s) indicated above; any other CAS number(s) used to identify this fragrance ingredient should be considered in scope as well.","Prohibition of Peru balsam crude: | Exudation of Myroxylon pereirae Klotsch | Restriction of Peru balsam extracts and distillates: | Balsam oil, Peru (Myroxylon pereirae Klotzsch) | Myroxylon pereirae (Balsam Peru) oil | Myroxylon pereirae (Balsam Peru) resin | Myroxylon pereirae oil | Peru balsam absolute | Peru balsam anhydrol",Peru balsam crude should not be used as a fragrance ingredient for any finished product application.,,"The restriction only applies to Peru balsam extracts and distillates (Peru balsam oil, absolute and anhydrol).",,None to consider,
IFRA_STD_072,"1-(2,4,4,5,5-Pentamethyl-1-cyclopenten-1-yl)ethan-1-one",RESTRICTION,,sí,,0.077,0.023,0.46,0.43,0.11,0.11,0.11,0.11,0.25,0.88,0.88,0.045,0.84,3,3,1.7,1.7,sin-restriccion,,,49,2011,2020,"February 10, 2022","February 10, 2021",DERMAL SENSITIZATION,"The scope of this Standard includes, but is not limited to the CAS number(s) indicated above; any other CAS number(s) used to identify this fragrance ingredient should be considered in scope as well.","2-Acetyl-1,3,3,4,4-pentamethyl-1-cyclopentene | Ethanone, 1-(2,4,4,5,5-pentamethyl-1-cyclopenten-1-yl)- | 1-(2,4,4,5,5-Pentamethylcyclopent-1-en-1-yl)ethanone | Alpinone (commercial name)",,,,,None to consider,
IFRA_STD_073,Phenylacetaldehyde,RESTRICTION,,sí,,0.045,0.014,0.27,0.25,0.064,0.064,0.064,0.021,0.15,0.52,0.52,0.021,0.49,0.49,1.8,0.021,0.021,sin-restriccion,,,49,1975 1980 2006,2020,"February 10, 2022","February 10, 2021",DERMAL SENSITIZATION AND SYSTEMIC TOXICITY,"The scope of this Standard includes, but is not limited to the CAS number(s) indicated above; any other CAS number(s) used to identify this fragrance ingredient should be considered in scope as well.",Benzeneacetaldehyde | Benzylcarboxaldehyde | Hyacinthin | 1-Oxo-2-phenylethane | α-Tolualdehyde | α-Toluic aldehyde | Phenylacetic aldehyde | Phenyl acetic aldehyde (pure) (commercial name),,,,,None to consider,
IFRA_STD_074,3-Phenylbutanal,RESTRICTION,,sí,,0.17,0.069,0.023,0.44,0.24,0.023,0.034,0.0076,0.011,0.023,0.023,0.0076,0.08,0.08,0.36,0.0076,0.0076,9.6,,,49,2010,2020,"February 10, 2022","February 10, 2021",DERMAL SENSITIZATION AND SYSTEMIC TOXICITY,"The scope of this Standard includes, but is not limited to the CAS number(s) indicated above; any other CAS number(s) used to identify this fragrance ingredient should be considered in scope as well.","Benzenepropanal, β-methyl- | 3-Phenylbutyraldehyde | 3-Phenyl-3-methylpropanal | Trifernal (commercial name)",,,,,None to consider,
IFRA_STD_075,2-Phenylpropionaldehyde,RESTRICTION,,sí,,0.029,0.0087,0.096,0.16,0.041,0.041,0.041,0.014,0.096,0.19,0.19,0.014,0.32,0.32,0.77,0.014,0.014,31,,,49,2009,2020,"February 10, 2022","February 10, 2021",DERMAL SENSITIZATION AND SYSTEMIC TOXICITY,"The scope of this Standard includes, but is not limited to the CAS number(s) indicated above; any other CAS number(s) used to identify this fragrance ingredient should be considered in scope as well.","Benzeneacetaldehyde, α-methyl- | Hydratropaldehyde | α-Methylphenylacetaldehyde | α-Methyltolualdehyde | 2-Phenylpropanal | α-Phenylpropionaldehyde | (R)-2-Phenylpropionaldehyde | (S)-2-Phenylpropionaldehyde | Hydratropic aldehyde (commercial name)",,,,,None to consider,
IFRA_STD_076,3-Propylidenephthalide,RESTRICTION,,sí,,0.072,0.022,0.43,0.4,0.1,0.1,0.1,0.1,0.24,0.82,0.82,0.042,0.79,2.8,2.8,1.6,1.6,sin-restriccion,,,51,1977 1994 2008 2020,2023,"October 30, 2025","March 30, 2024",DERMAL SENSITIZATION,"The scope of this Standard includes, but is not limited to the CAS number(s) indicated above; any other CAS number(s) used to identify this fragrance ingredient should be considered in scope as well.","3-Propylidenephthalide | 1(3H)-Isobenzofuranone, 3-propylidene- | 3-Propylidene-2-benzofuran-1(3H)-one | Propylidene phthalide",,,,,See Annex,
IFRA_STD_077,Rose ketones,RESTRICTION,,sí,,0.0077,0.0023,0.046,0.043,0.011,0.011,0.011,0.011,0.025,0.088,0.088,0.0045,0.084,0.3,0.3,0.17,0.17,sin-restriccion,,,49,1991 1995 2007 2008 2009,2020,"February 10, 2022","February 10, 2021",DERMAL SENSITIZATION,The scope of the Standard covers but is not limited to the list of CAS numbers enumerated above (including all their geometric isomers).,"23696-85-7 (C13H18O): | 1-(2,6,6-Trimethylcyclohexa-1,3-dienyl)-2-buten-1-one | 2-Buten-1-one, 1-(2,6,6-trimethyl-1,3-cyclohexadien-1-yl) | Damascenone (commercial name) | Floriffone (commercial name) | Doricenone (commercial name) | 23726-93-4 (C13H18O): | (E)-1-(2,6,6-Trimethyl-1,3-cyclohexadien-1-yl)-2-buten-1-one | trans-1-(2,6,6-Trimethyl-1,3-cyclohexadien-1-yl)-2-buten-1-one | 2-Buten-1-one, 1-(2,6,6-trimethyl-1,3-cyclohexadien-1-yl)- (2E)- | β-Damascenone | 59739-63-8 (C13H18O): | (2Z)-1-(2,6,6-trimethyl-1,3-cyclohexadien-1-yl)-2-Buten-1-one | (Z)-β-Damascenone | cis-Damascenone | 2-Buten-1-one, 1-(2,6,6-trimethyl-1,3-cyclohexadien-1-y1)-, (Z)- | 43052-87-5 (C13H20O): | α-1-(2,6,6-Trimethyl-2-cyclohexen-1-yl)-2-buten-1-one | 2-Buten-1-one, 1-(2,6,6-trimethyl-2-cyclohexen-1-yl)- | α-Damascone (commercial name) | Dihydrofloriffone α (commercial name) | 24720-09-0 (C13H20O): | (E)-1-(2,6,6-Trimethyl-2-cyclohexen-1-yl)-2-buten-1-one | trans-1-(2,6,6-Trimethyl-2-cyclohexen-1-yl)but-2-en-1-one | 2-Buten-1-one, 1-(2,6,6-trimethyl-2-cyclohexen-1-yl)-, (2E)- | trans-α-Damascone | Damascone alpha (commercial name) | Dorinone (commercial name) | 23726-94-5 (C13H20O): | (Z)-1-(2,6,6-Trimethyl-2-cyclohexen-1-yl)-2-buten-1-one | cis-1-(2,6,6-Trimethyl-2-cyclohexen-1-yl)-2-buten-1-one | 2-Buten-1-one, 1-(2,6,6-trimethyl-2-cyclohexen-1-yl)-, (Z)- | 1-(2,6,6-Trimethylcyclohex-2-en-1-yl)but-2-en-1-one | cis-α-Damascone | 23726-92-3 (C13H20O): | 1-(2,6,6-Trimethylcyclohex-1-en-1-yl)but-2-en-1-one | (Z)-β-1-(2,6,6-Trimethyl-1-cyclohexen-1-yl)-2-buten-1-one | (Z)-1-(2,6,6-Trimethyl-1-cyclohexen-1-yl)-2-buten-1-one | 2-Buten-1-one, 1-(2,6,6-trimethyl-1-cyclohexen-1-yl)-, (2Z)- | cis-β-Damascone (commercial name) | Damasione (commercial name) | 23726-91-2 (C13H20O): | (2E)-1-(2,6,6-Trimethyl-1-cyclohexen-1-yl)-2-buten-1-one | (E)-1-(2,6,6-Trimethyl-1-cyclohexen-1-yl)-2-buten-1-one | 1-(2,6,6-Trimethylcyclohex-1-en-1-yl)but-2-en-1-one | trans-β-Damascone, | Dihydrofloriffone β (commercial name) | Dorinone beta (commercial name) | 35044-68-9 (C13H20O): | 2-Buten-1-one, 1-(2,6,6-trimethyl-1-cyclohexen-1-yl)- | 2,6,6-Trimethyl-1-(2-butenoyl)-1-cyclohexene | 2,6,6-Trimethyl-1-crotonoyl-1-cyclohexene | 1-(2,6,6-Trimethylcyclohexenyl)-2-buten-1-one | 1-(2,6,6-Trimethyl-1-cyclohexen-1-yl)-2-buten-1-one | Damascone β- | β-Damascone | 57378-68-4 (C13H20O): | δ-1-(2,6,6-Trimethyl-3-cyclohexen-1-yl)-2-buten-1-one | 2-Buten-1-one, 1-(2,6,6-trimethyl-3-cyclohexen-1-yl)- | 1-(2,6,6-Trimethyl-3-cyclohexen-1-yl)-2-buten-1-one | δ-Damascone (commercial name) | Dihydrofloriffone TD (commercial name) | 71048-82-3 (C13H20O): | [1α(E),2β]-1-(2,6,6-Trimethyl-3-cyclohexen-1-yl)-2-buten-1-one | [1α(E),2β]-1-(2,6,6-Trimethylcyclohex-3-en-1-yl)but-2-en-1-one | trans,trans-δ-Damascone | trans δ Damascone (commercial name) | 35087-49-1 (C13H20O): | 1-(2,2-Dimethyl-6-methylenecyclohexyl)but-2-en-1-one | 2-Buten-1-one, 1-(2,2-dimethyl-6-methylenecyclohexyl)- | Damascone γ- | γ-Damascone (commercial name) | 39872-57-6 (C13H20O): | 1-(2,4,4-Trimethyl-2-cyclohexen-1-yl)-2-buten-1-one | (E)-1-(2,4,4-Trimethyl-2-cyclohexen-1-yl)-2-buten-1-one | 2-Buten-1-one, 1-(2,4,4-trimethyl-2-cyclohexen-1-yl)-, (2E)- | 2-Buten-1-one, 1-(2,4,4-trimethyl-2-cyclohexen-1-yl)-, (E)- | (E)-α-Isodamascone | Isodamascone (high α) (commercial name) | 70266-48-7 (C13H20O): | 1-(2,4,4-Trimethyl-1-cyclohexen-1-yl)-2-buten-1-one | 2-Buten-1-one, 1-(2,4,4-trimethyl-1-cyclohexene-1-yl) | Generic β-Isodamascone | Isodamascone (standard quality) (commercial name) | 33673-71-1 (C13H20O): | 1-(2,4,4-Trimethylcyclohex-2-en-1-yl)but-2-en-1-one | 1-(2,4,4-Trimethyl-2-cyclohexen-1-yl)-2-buten-1-one | 2-Buten-1-one, 1-(2,4,4-trimethyl-2-cyclohexen-1-yl)- | Isodamascone (isomer unspecified) | Generic δ-Isodamascone | 87064-19-5 (C13H20O): | 2-Buten-1-one, 1-(2,4,4-trimethyl-2-cyclohexen-1-yl)-, (Z)- | cis-Isodamascone | (including all geometric isomers).",,,The above limits apply to Rose Ketones used individually or in combination. The sum of concentrations of Rose ketones isomers should not exceed the maximum concentration levels established by this Standard.,,None to consider,
IFRA_STD_078,Styrax,PROHIBITION_RESTRICTION_SPECIFICATION,sí,sí,sí,0.12,0.034,0.69,0.64,0.16,0.16,0.16,0.16,0.38,1.3,1.3,0.068,1.3,4.5,4.5,2.5,2.5,sin-restriccion,,,49,1977 1994 2013,2020,"February 10, 2022","February 10, 2021",DERMAL SENSITIZATION,"The scope of this Standard includes, but is not limited to the CAS number(s) indicated above; any other CAS number(s) used to identify this fragrance ingredient should be considered in scope as well.","Prohibition of the crude material: | Styrax crude gums | Restriction and Specification of the distillates: | Styrax resin | Styrax oil | Styrax oil, rectified | Styrax oil, pyrogenated, distilled",Crude gums of Liquidambar styraficula L. var. macrophylla or Liquidambar orientalis Mill. should not be used as fragrance ingredients for any finished product application.,,"Only extracts or distillates (resinoids, absolutes and oils), prepared from exudations of Liquidambar styraciflua L. var. macrophylla or Liquidambar orientalis Mill., can be used.","Styrax oil can be obtained from solvent extraction or pyrolysis. Styrax oil obtained through pyrolysis shall be rectified according to Good Manufacturing Practices (GMP) and the content of Polycyclic Aromatic Hydrocarbons (PAH) resulting from their use shall respect the following requirement: Benzopyrene and 1,2-Benzanthracene are to be used as markers for PAH. If used alone or in combination with rectified Cade oil, rectified Birch tar oils or rectified Opoponax oil, the total concentration of both of the markers should not exceed 1 ppb in the final product.",None to consider,
IFRA_STD_079,Tea leaf absolute,RESTRICTION,,sí,,0.037,0.011,0.22,0.21,0.052,0.052,0.052,0.052,0.12,0.42,0.42,0.022,0.4,1.4,1.4,0.8,0.8,sin-restriccion,,,49,2006,2020,"February 10, 2022","February 10, 2021",DERMAL SENSITIZATION,"The scope of this Standard includes, but is not limited to the CAS number(s) indicated above; any other CAS number(s) used to identify this fragrance ingredient should be considered in scope as well.","Camellia sinensis leaf extract | Tea, ext. | Tea sinensis absolute | Thea chinensis ext. | Thea sinensis ext.",,,,,None to consider,
IFRA_STD_080,Treemoss extracts,RESTRICTION_SPECIFICATION,,sí,sí,0.02,0.016,0.1,0.1,0.076,0.076,0.076,0.076,0.18,0.1,0.1,0.032,0.1,0.1,0.1,0.1,0.1,sin-restriccion,,,49,1991 2001 2008,2020,"February 10, 2022","February 10, 2021",DERMAL SENSITIZATION,"The scope of this Standard includes, but is not limited to the CAS number(s) indicated above; any other CAS number(s) used to identify these fragrance ingredients should be considered in scope as well.",Treemoss absolute (Pseudevernia furfuracea) | Treemoss (Usnea furfuracea) | Treemoss colourless | Pseudevernia furfuracea extract | Cedar moss,,,"For Treemoss and Oakmoss extracts, the restrictions in the Standards are directly linked to the presence of Atranol and Chloroatranol in the finished products. To ensure that those remain below trace levels, the upper concentration levels have not been increased (compared its last publication in the Amendment 43 (2008)). In the presence of Oakmoss extracts, the level of Treemoss in the respective category has to be reduced accordingly, such that the total amount of both extracts does not exceed the maximum permitted level in each category as listed in the table above. If the same fragrance mixture is intended to be used in more than one IFRA Category, then the most restrictive limitation (based on foreseen use concentrations and maximum permitted level) will apply.","Treemoss extracts shall not contain more than 0.8% of Dehydroabietic acid (DHA) as a marker of 2% of total resin acids. The concentration of DHA (about 40% of the total resin acids) in Treemoss can be measured with an High Performance Liquid Chromatography (HPLC) reverse phase - spectrofluorometry method. Further, levels of Atranol and Chloroatranol should each be below 100 ppm in Treemoss extracts.",None to consider,
IFRA_STD_081,"o,m,p-Tolualdehydes and their mixtures",RESTRICTION,,sí,,0.085,0.025,0.51,0.47,0.12,0.12,0.12,0.12,0.28,0.96,0.96,0.05,0.92,3.3,3.3,1.8,1.8,sin-restriccion,,,49,2013,2020,"February 10, 2022","February 10, 2021",DERMAL SENSITIZATION,"The scope of this Standard includes, but is not limited to the CAS number(s) indicated above; any other CAS number(s) used to identify these fragrance ingredients should be considered in scope as well.","2-Tolualdehyde | ortho-Tolualdehyde | 2-Methylbenzaldehyde | meta-Tolualdehyde | 3-Methyl-benzaldehyde | Benzaldehyde, 3-methyl- | para-Tolualdehyde | 4-Methyl-benzaldehyde | Benzaldehyde, 4-methyl- | Tolyl Aldehyde Para Extra (commercial name) | Benzaldehyde, methyl- | o,m,p-Methyl-benzaldehydes | Methylbenzaldehyde (mixed 2,3,4) | Tolualdehydes (mixed o,m,p) | Tolualdehyde | Toluic aldehyde (mixed 2,3,4)",,,"The above limits apply to ortho-, meta- and para-Tolualdehyde used individually or in combination.",,None to consider,
IFRA_STD_082,"2,6,6-Trimethylcyclohex-1,3-dienyl methanal",RESTRICTION,,sí,,0.0022,0.00066,0.013,0.012,0.0032,0.0032,0.0032,0.0032,0.0073,0.025,0.025,0.0013,0.024,0.087,0.087,0.048,0.048,sin-restriccion,,,49,1998 2013,2020,"February 10, 2022","February 10, 2021",DERMAL SENSITIZATION,"The scope of this Standard includes, but is not limited to the CAS number(s) indicated above; any other CAS number(s) used to identify this fragrance ingredient should be considered in scope as well.","2,6,6-Trimethylcyclohexa-1,3-diene-1-carbaldehyde | 2,6,6-Trimethyl-1,3-cyclohexadienal | 2,6,6-Trimethyl-1,3-cyclohexadien-1-carboxaldehyde | 1,1,3-Trimethyl-2-formylcyclohexa-2,4-diene | Dehydro-β-cyclocitral | Safranal (commercial name)",,,,,None to consider,"2,6,6-Trimethylcyclohex-1,3-dienyl methanal has been found in natural extracts but only at trace levels."
IFRA_STD_083,Verbena oil and absolute (Lippia citriodora Kunth.),RESTRICTION_PROHIBITION,sí,sí,,0.12,0.037,0.74,0.69,0.17,0.17,0.17,0.17,0.4,1.4,1.4,0.072,1.3,4.8,4.8,2.7,2.7,sin-restriccion,,,49,1987 2010,2020,"February 10, 2022","February 10, 2021",DERMAL SENSITIZATION AND PHOTOTOXICITY,"The scope of this Standard includes, but is not limited to the CAS number(s) indicated above; any other CAS number(s) used to identify these fragrance ingredients should be considered in scope as well.",Prohibition of Verbena oils: | Lippia citriodora oils | Restriction of Verbena absolutes: | Lippia citriodora absolute | Verbena absolute | Aloysia triphylla absolute | Lippia triphylla absolute | Verbena triphylla absolute | Zappania citrodora absolute,"Verbena oils from Lippia citriodora Kunth. should not be used as a fragrance ingredient, based on its sensitizing and phototoxic potential.",,Only Verbena absolutes from Lippia citriodora Kunth. can be used as a fragrance ingredient.,,None to consider,
IFRA_STD_084,Ylang ylang extracts,RESTRICTION,,sí,,0.13,0.039,0.78,0.73,0.18,0.18,0.18,0.18,0.43,1.5,1.5,0.077,1.4,5.1,5.1,2.8,2.8,sin-restriccion,,,49,2008,2020,"February 10, 2022","February 10, 2021",DERMAL SENSITIZATION,"The scope of this Standard includes, but is not limited to the CAS number(s) indicated above; any other CAS number(s) used to identify this fragrance ingredient should be considered in scope as well.","Cananga odorata (Lamark) (Hooker et Thompson) (Anonaceae) | Cananga odorata extract | Cananga odorata flower oil | Cananga odorata oil | Cananga oil | Ylang ylang oil (Cananga odorata Hook. f. and Thomas) | Ylang ylang oil extra | Ylang ylang oil I | Ylang ylang oil II | Ylang ylang oil III | Ylang ylang, Cananga odorata, ext.",,,,,None to consider,
IFRA_STD_085,Acetyl hexamethyl indan (AHMI),RESTRICTION,,sí,,2,2,2,2,2,2,2,2,2,sin-restriccion,2,2,sin-restriccion,sin-restriccion,2,sin-restriccion,2,sin-restriccion,,,49,1978 1987 2001 2015,2020,"February 10, 2022","February 10, 2021",PHOTOTOXICITY,"The scope of this Standard includes, but is not limited to the CAS number(s) indicated above; any other CAS number(s) used to identify this fragrance ingredient should be considered in scope as well.","5-Acetyl-1,1,2,3,3,6-hexamethyl indan | 6-Acetyl-1,1,2,3,3,5-hexamethylindane | 1-(2,3-Dihydro-1,1,2,3,3,6-hexamethyl-1h-inden-5-yl)ethanone | Ethanone, 1-(2,3-dihydro-1,1,2,3,3,6-hexamethyl-1H-inden-5-yl)- | 1,1,2,3,3,6-Hexamethylindan-5-yl methylketone | Phantolid (commercial name)",,"The Standard is set due to the phototoxic effects of Acetyl hexamethyl indan (AHMI). For more detailed information on the application of this Standard, please refer to the note on phototoxic ingredients in chapter 1 of the Guidance for the use of IFRA Standards.",,,None to consider,
IFRA_STD_086,Angelica root oil,RESTRICTION,,sí,,0.8,0.8,0.8,0.8,0.8,0.8,0.8,0.8,0.8,sin-restriccion,0.8,0.8,sin-restriccion,sin-restriccion,0.8,sin-restriccion,0.8,sin-restriccion,,,49,1975 1978 2001 2015,2020,"February 10, 2022","February 10, 2021",PHOTOTOXICITY,"The scope of this Standard includes, but is not limited to the CAS number(s) indicated above; any other CAS number(s) used to identify this fragrance ingredient should be considered in scope as well.",Angelica archangelica oil | Angelica archangelica root oil | Angelica root oil (Angelica archangelica L.),,"The Standard is set due to the phototoxic effects of Angelica root oil. For more detailed information on the application of this Standard, please refer to the note on phototoxic ingredients in chapter 1 of the Guidance for the use of IFRA Standards. If the level of furocoumarins is unknown, the restriction level specified in this IFRA Standard applies. Combination effects of phototoxic ingredients are only taken into consideration for the furocoumarin-containing fragrance ingredients (extracts) listed in the IFRA Standard of Citrus oils and other furocoumarins containing essential oils. If combinations of furocoumarin-containing phototoxic fragrance ingredients (extracts) are used, the use levels must be reduced accordingly. The sum of the concentrations of all furocoumarin-containing phototoxic fragrance ingredients (extracts), expressed in of their recommended upper concentration level in the consumer product shall not exceed 100.",,,None to consider,
IFRA_STD_087,Bergamot oil expressed,RESTRICTION,,sí,,0.4,0.4,0.4,0.4,0.4,0.4,0.4,0.4,0.4,sin-restriccion,0.4,0.4,sin-restriccion,sin-restriccion,0.4,sin-restriccion,0.4,sin-restriccion,,,49,1974 1992 2015,2020,"February 10, 2022","February 10, 2021",PHOTOTOXICITY,"The scope of this Standard includes, but is not limited to the CAS number(s) indicated above; any other CAS number(s) used to identify this fragrance ingredient should be considered in scope as well.",Not applicable.,,"The Standard is set due to the phototoxic effects of Bergamot oil expressed. For more detailed information on the application of this Standard, please refer to the note on phototoxic ingredients in Chapter 1 of the Guidance for the use of IFRA Standards. If the level of furocoumarins is unknown, the restriction level specified in this IFRA Standard applies. Combination effects of phototoxic ingredients are only taken into consideration for the furocoumarin-containing fragrance ingredients (extracts) listed in the IFRA Standard of Citrus oils and other furocoumarins containing essential oils. If combinations of furocoumarin-containing phototoxic fragrance ingredients (extracts) are used, the use levels must be reduced accordingly. The sum of the concentrations of all furocoumarin-containing phototoxic fragrance ingredients (extracts), expressed in of their recommended upper concentration level in the consumer product shall not exceed 100. For qualities of the expressed oil in which the less volatile components have been concentrated by partial or total removal of the terpene fraction, this limit should be reduced in proportion to the degree of concentration.",,,None to consider,
IFRA_STD_088,Bitter orange peel oil expressed,RESTRICTION,,sí,,1.25,1.25,1.25,1.25,1.25,1.25,1.25,1.25,1.25,sin-restriccion,1.25,1.25,sin-restriccion,sin-restriccion,1.25,sin-restriccion,1.25,sin-restriccion,,,49,1975 1992 2002 2015,2020,"February 10, 2022","February 10, 2021",PHOTOTOXICITY,"The scope of this Standard includes, but is not limited to the CAS number(s) indicated above; any other CAS number(s) used to identify this fragrance ingredient should be considered in scope as well.","Orange Peel Oil, Bitter (Citrus aurantium L. subsp amara L.) | Bitter orange oil (Citrus aurantium L. subsp. amara L.) | Citrus aurantium peel oil | Curacao peel oil (Citrus aurantium L.) | Daidai peel oil (Citrus aurantium L.)",,"The Standard is set due to the phototoxic effects of Bitter orange peel oil expressed. For more detailed information on the application of this Standard, please refer to the note on phototoxic ingredients in chapter 1 of the Guidance for the use of IFRA Standards. If the level of furocoumarins is unknown, the restriction level specified in this IFRA Standard applies. Combination effects of phototoxic ingredients are only taken into consideration for the furocoumarin-containing fragrance ingredients (extracts) listed in the IFRA Standard of Citrus oils and other furocoumarins containing essential oils. If combinations of furocoumarin-containing phototoxic fragrance ingredients (extracts) are used, the use levels must be reduced accordingly. The sum of the concentrations of all furocoumarin-containing phototoxic fragrance ingredients (extracts), expressed in of their recommended upper concentration level in the consumer product shall not exceed 100. For qualities of the expressed oil in which the less volatile components have been concentrated by partial or total removal of the terpene fraction, this limit should be reduced in proportion to the degree of concentration.",,,None to consider,
IFRA_STD_089,Citrus oils and other furocoumarins containing essential oils,RESTRICTION,,sí,,0.0015,0.0015,0.0015,0.0015,0.0015,0.0015,0.0015,0.0015,0.0015,sin-restriccion,0.0015,0.0015,sin-restriccion,sin-restriccion,0.0015,sin-restriccion,0.0015,sin-restriccion,5-MOP,,49,1996 2015,2020,"February 10, 2022","February 10, 2021",PHOTOTOXICITY,The scope of this Standard includes any CAS number(s) used to identify these fragrance ingredients.,Not applicable.,,"The Standard is set due to the phototoxic effects of Citrus oils and other furocoumarins containing essential oils. For more detailed information on the application of this Standard, please refer to the note on phototoxic ingredients in chapter 1 of the Guidance for the use of IFRA Standards. Where the Bergapten (5-Methoxypsoralen, (5-MOP)) content of all relevant oils present in a compound has been determined, it is recommended that for applications on areas of skin exposed to UV-light, the total level of Bergapten in the consumer products should not exceed 0.0015% (15 ppm). This upper concentration level only applies to applications on skin exposed to UV-light, excluding rinse-off products and incidental skin contact products as detailed in the Guidance for the use of IFRA Standards. Where the level of Bergapten has not been determined by appropriate methods, the limits specified in the guidelines on individual oils should apply. In those cases, where such oils are used in combination with other furocoumarin-containing phototoxic fragrance ingredients (extracts), the additive effect has to be taken into consideration and the concentration levels have to be reduced accordingly. The sum of the concentrations of all furocoumarin-containing phototoxic fragrance ingredients (extracts), expressed in of their recommended upper concentration level in the finished consumer product, shall not exceed 100. Restrictions for furocoumarin-containing fragrance ingredients (extracts) have been recommended for: • Angelica root oil, • Bergamot oil expressed, • Bitter orange oil expressed, • Cumin oil, • Grapefruit oil expressed, • Lemon oil cold pressed, • Lime oil expressed, • Rue oil. The following essential oils contain small amounts of phototoxic furocoumarins (typical levels are provided in brackets): • Petitgrain Mandarin oil (50 ppm), • Tangerine oil cold pressed (50 ppm), • Parsley leaf oil (20 ppm). These levels are not high enough to require special restrictions if used alone, but if used in combination with one or the other furocoumarin-containing phototoxic fragrance ingredients (extracts), attention should be paid that the total level of Bergapten in the consumer product does not exceed 15 ppm.",,,None to consider,
IFRA_STD_090,Cumin oil,RESTRICTION,,sí,,0.4,0.4,0.4,0.4,0.4,0.4,0.4,0.4,0.4,sin-restriccion,0.4,0.4,sin-restriccion,sin-restriccion,0.4,sin-restriccion,0.4,sin-restriccion,,,49,1975 1986 2001 2015,2020,"February 10, 2022","February 10, 2021",PHOTOTOXICITY,"The scope of this Standard includes, but is not limited to the CAS number(s) indicated above; any other CAS number(s) used to identify this fragrance ingredient should be considered in scope as well.","Cumin seed oil | Cuminum cyminum (Cumin) seed oil | Cuminum cyminum L. | Cuminum cyminum oil | Oils, cumin (Cuminum cyminum)",,"The Standard is set due to the phototoxic effects of Cumin oil. For more detailed information on the application of this Standard, please refer to the note on phototoxic ingredients in chapter 1 of the Guidance for the use of IFRA Standards. If the level of furocoumarins is unknown, the restriction level specified in this IFRA Standard applies. Combination effects of phototoxic ingredients are only taken into consideration for the furocoumarin-containing fragrance ingredients (extracts) listed in the IFRA Standard of Citrus oils and other furocoumarins containing essential oils. If combinations of furocoumarin-containing phototoxic fragrance ingredients (extracts) are used, the use levels must be reduced accordingly. The sum of the concentrations of all furocoumarin-containing phototoxic fragrance ingredients (extracts), expressed in of their recommended upper concentration level in the consumer product shall not exceed 100.",,,None to consider,
IFRA_STD_091,Grapefruit oil expressed,RESTRICTION,,sí,,4,4,4,4,4,4,4,4,4,sin-restriccion,4,4,sin-restriccion,sin-restriccion,4,sin-restriccion,4,sin-restriccion,,,49,1992 2015,2020,"February 10, 2022","February 10, 2021",PHOTOTOXICITY,"The scope of this Standard includes, but is not limited to the CAS number(s) indicated above; any other CAS number(s) used to identify this fragrance ingredient should be considered in scope as well.",Not applicable.,,"The Standard is set due to the phototoxic effects of Grapefruit oil expressed. For more detailed information on the application of this Standard, please refer to the note on phototoxic ingredients in chapter 1 of the Guidance for the use of IFRA Standards. If the level of furocoumarins is unknown, the restriction level specified in this IFRA Standard applies. Combination effects of phototoxic ingredients are only taken into consideration for the furocoumarin-containing fragrance ingredients (extracts) listed in the IFRA Standard of Citrus oils and other furocoumarins containing essential oils. If combinations of furocoumarin-containing phototoxic fragrance ingredients (extracts) are used, the use levels must be reduced accordingly. The sum of the concentrations of all furocoumarin-containing phototoxic fragrance ingredients (extracts), expressed in of their recommended upper concentration level in the consumer product shall not exceed 100. For qualities of the expressed oil in which the less volatile components have been concentrated by partial or total removal of the terpene fraction, this limit should be reduced in proportion to the degree of concentration.",,,None to consider,
IFRA_STD_092,Lemon oil cold pressed,RESTRICTION,,sí,,2,2,2,2,2,2,2,2,2,sin-restriccion,2,2,sin-restriccion,sin-restriccion,2,sin-restriccion,2,sin-restriccion,,,49,1992 2015,2020,"February 10, 2022","February 10, 2021",PHOTOTOXICITY,"The scope of this Standard includes, but is not limited to the CAS number(s) indicated above; any other CAS number(s) used to identify this fragrance ingredient should be considered in scope as well.",Not applicable.,,"The Standard is set due to the phototoxic effects of Lemon oil cold pressed. For more detailed information on the application of this Standard, please refer to the note on phototoxic ingredients in chapter 1 of the Guidance for the use of IFRA Standards. If the level of furocoumarins is unknown, the restriction level specified in this IFRA Standard applies. Combination effects of phototoxic ingredients are only taken into consideration for the furocoumarin-containing fragrance ingredients (extracts) listed in the IFRA Standard of Citrus oils and other furocoumarins containing essential oils. If combinations of furocoumarin-containing phototoxic fragrance ingredients (extracts) are used, the use levels must be reduced accordingly. The sum of the concentrations of all furocoumarin-containing phototoxic fragrance ingredients (extracts), expressed in of their recommended upper concentration level in the consumer product shall not exceed 100. For qualities of the expressed oil in which the less volatile components have been concentrated by partial or total removal of the terpene fraction, this limit should be reduced in proportion to the degree of concentration.",,,None to consider,
IFRA_STD_093,Lime oil expressed,RESTRICTION,,sí,,0.7,0.7,0.7,0.7,0.7,0.7,0.7,0.7,0.7,sin-restriccion,0.7,0.7,sin-restriccion,sin-restriccion,0.7,sin-restriccion,0.7,sin-restriccion,,,49,1975 1992 2015,2020,"February 10, 2022","February 10, 2021",PHOTOTOXICITY,"The scope of this Standard includes, but is not limited to the CAS number(s) indicated above; any other CAS number(s) used to identify this fragrance ingredient should be considered in scope as well.",Not applicable.,,"This Standard is set due to the phototoxic effects of Lime oil expressed. For more detailed information on the application of this Standard, please refer to the note on phototoxic ingredients in chapter 1 of the Guidance for the use of IFRA Standards. If the level of furocoumarins is unknown, the restriction level specified in this IFRA Standard applies. Combination effects of phototoxic ingredients are only taken into consideration for the furocoumarin-containing fragrance ingredients (extracts) listed in the IFRA Standard of Citrus oils and other furocoumarins containing essential oils. If combinations of furocoumarin-containing phototoxic fragrance ingredients (extracts) are used, the use levels must be reduced accordingly. The sum of the concentrations of all furocoumarin-containing phototoxic fragrance ingredients (extracts), expressed in of their recommended upper concentration level in the consumer product shall not exceed 100. For qualities of the expressed oil in which the less volatile components have been concentrated by partial or total removal of the terpene fraction, this limit should be reduced in proportion to the degree of concentration.",,,None to consider,
IFRA_STD_094,Methyl N-methylanthranilate,RESTRICTION_SPECIFICATION,,sí,sí,0.1,0.1,0.1,0.1,0.1,0.1,0.1,0.1,0.5,0.5,0.1,0.1,0.5,0.5,0.1,sin-restriccion,0.1,sin-restriccion,,,51,1978 2001 2002 2006 2009 2015 2020,2023,"October 30, 2025","March 30, 2024","PHOTOTOXICITY AND SYSTEMIC TOXICITY, POTENTIAL OF NITROSAMINE FORMATION","The scope of this Standard includes, but is not limited to the CAS number(s) indicated above; any other CAS number(s) used to identify this fragrance ingredient should be considered in scope as well.","Methyl N-methylanthranilate | Benzoic acid, 2-(methylamino)-, methyl ester | Dimethyl anthranilate | 2-Methylamino methyl benzoate | N-Methylanthranilic acid, methyl ester | Methyl 2-(methylamino)benzoate | Methyl 2-methylaminobenzoate | Methyl o-methylaminobenzoate",,"This Standard is set due to the phototoxic effects of Methyl N-methylanthranilate. For more detailed information on the application of this Standard, please refer to the note on phototoxic ingredients in chapter 1 of the Guidance for the use of IFRA Standards.",,"This material has been identified for having the potential of forming nitrosamines in nitrosating systems. Downstream users therefore have to be notified of the presence of the material and its potential, to be able to consider adequate protective measures.",See Annex,
IFRA_STD_095,Methyl beta-naphthyl ketone,RESTRICTION,,sí,,0.2,0.2,0.2,0.2,0.2,0.2,0.2,0.2,0.2,sin-restriccion,0.2,0.2,sin-restriccion,sin-restriccion,0.2,sin-restriccion,0.2,sin-restriccion,,,49,2004 2015,2020,"February 10, 2022","February 10, 2021",PHOTOTOXICITY,"The scope of this Standard includes, but is not limited to the CAS number(s) indicated above; any other CAS number(s) used to identify this fragrance ingredient should be considered in scope as well.","2-Acetonaphthone | β-Acetylnaphthalene | Cetone d | Ethanone, 1-(2-naphthalenyl) | β-Methyl naphthyl ketone | β-Naphthyl methyl ketone | Oranger crystals",,"This Standard is set due to the phototoxic effects of Methyl β-naphthyl ketone. For more detailed information on the application of this Standard, please refer to the note on phototoxic ingredients in chapter 1 of the Guidance for the use of IFRA Standards.",,,None to consider,
IFRA_STD_096,Rue oil,RESTRICTION,,sí,,0.15,0.15,0.15,0.15,0.15,0.15,0.15,0.15,0.15,sin-restriccion,0.15,0.15,sin-restriccion,sin-restriccion,0.15,sin-restriccion,0.15,sin-restriccion,,,49,1974 1978 2001 2015,2020,"February 10, 2022","February 10, 2021",PHOTOTOXICITY,"The scope of this Standard includes, but is not limited to the CAS number(s) indicated above; any other CAS number(s) used to identify this fragrance ingredient should be considered in scope as well.",Not applicable.,,"This Standard is set due to the phototoxic effects of Rue oil. For more detailed information on the application of this Standard, please refer to the note on phototoxic ingredients in chapter 1 of the Guidance for the use of IFRA Standards. If the level of furocoumarins is unknown, the restriction level specified in this IFRA Standard applies. Combination effects of phototoxic ingredients are only taken into consideration for the furocoumarin-containing fragrance ingredients (extracts) listed in the IFRA Standard of Citrus oils and other furocoumarins containing essential oils. If combinations of furocoumarin-containing phototoxic fragrance ingredients (extracts) are used, the use levels must be reduced accordingly. The sum of the concentrations of all furocoumarin-containing phototoxic fragrance ingredients (extracts), expressed in of their recommended upper concentration level in the consumer product shall not exceed 100.",,,None to consider,
IFRA_STD_097,Tagetes oil and absolute,PROHIBITION_RESTRICTION_SPECIFICATION,sí,sí,sí,0.01,0.01,0.01,0.01,0.01,0.01,0.01,0.01,0.1,0.1,0.01,0.01,0.1,0.1,0.01,sin-restriccion,0.01,sin-restriccion,,,49,1986 2001 2015,2020,"February 10, 2022","February 10, 2021",PHOTOTOXICITY,"The scope of this Standard includes, but is not limited to the CAS number(s) indicated above; any other CAS number(s) used to identify these fragrance ingredients should be considered in scope as well.","Prohibition of Tagetes erecta: | Tagetes erecta L. | Restriction and Specification of Tagetes patula and Tagetes minuta: | Tagetes absolute (Tagetes patula L.) | Tagetes patula absolute | Tagetes patula, ext. | Tagetes minuta absolute | Tagetes oil",Tagetes erecta should not be used as a fragrance ingredient in any finished product application. Only Tagetes patula and Tagetes minuta should be used as fragrance ingredients according to the Restriction and Specification set in this Standard.,"This Standard is set due to the phototoxic effects of Tagetes oil and absolute. For more detailed information on the application of this Standard, please refer to the note on phototoxic ingredients in chapter 1 of the Guidance for the use of IFRA Standards.",The restriction only applies to Tagetes patula and Tagetes minuta.,"The content of alpha-Terthienyl (Terthiophene, CAS number 1081-34-1) in Tagetes patula and Tagetes minuta oils and absolutes must not exceed 0.35.",None to consider,
IFRA_STD_098,Furfural,RESTRICTION,,sí,,0.001,0.001,0.001,0.001,0.001,0.001,0.001,0.001,0.001,0.001,0.001,0.001,0.001,0.001,0.001,0.001,0.001,0.05,,,49,2013,2020,"February 10, 2022","February 10, 2021",CARCINOGENICITY,"The scope of this Standard includes, but is not limited to the CAS number(s) indicated above; any other CAS number(s) used to identify this fragrance ingredient should be considered in scope as well.",2-Formylfuran | Fural | Furaldehyde | 2-Furaldehyde | 2-Furancarbonal | 2-Furancarboxaldehyde | Furfuraldehyde | α-Furfuraldehyde | 2-Furylcarboxaldehyde | Pyromucic aldehyde,,,,,None to consider,Furfural has been found in natural extracts but only at trace levels.
IFRA_STD_099,Estragole,RESTRICTION,,sí,,0.00031,0.0025,0.00063,0.014,0.0022,0.00063,0.00063,0.00021,0.0019,0.00063,0.00063,0.00021,0.0041,0.00094,0.0022,0.00021,0.00021,0.11,,,51,2009 2015 2020,2023,"October 30, 2025","March 30, 2024",DERMAL SENSITIZATION AND SYSTEMIC TOXICITY,"The scope of this Standard includes, but is not limited to the CAS number(s) indicated above; any other CAS number(s) used to identify this fragrance ingredient should be considered in scope as well.","Estragole | p-Allylanisole | 4-Allylanisole | 1-Allyl-4-methoxybenzene | Benzene, 1-methoxy-4-(2-propenyl)- | Chavicyl methyl ether | Isoanethole | p-Methoxyallylbenzene | 1-Methoxy-4-(2-propen-1-yl)benzene | Methyl chavicol",,,,,See Annex,
IFRA_STD_100,Methyl eugenol,RESTRICTION,,sí,,0.00042,0.0015,0.00042,0.011,0.0015,0.00021,0.00042,0.000069,0.001,0.00042,0.00042,0.000069,0.0017,0.00062,0.0021,0.000069,0.000069,0.066,,,51,2002 2015 2020,2023,"October 30, 2025","March 30, 2024",DERMAL SENSITIZATION AND SYSTEMIC TOXICITY,"The scope of this Standard includes, but is not limited to the CAS number(s) indicated above; any other CAS number(s) used to identify this fragrance ingredient should be considered in scope as well.","Methyl eugenol | Eugenol methyl ether | Eugenyl methyl ether | Methyl eugenol ether | Allylveratrole | 4-Allylveratrole | Veratrole methyl ether | 4-Allyl-1,2-dimethoxybenzene | Benzene, 1,2-dimethoxy-4-(2-propenyl)- | 1,2-Dimethoxy-4-allylbenzene | 1,2-dimethoxy-4-(2-propenyl)-benzene | 3,4-Dimethoxyallylbenzene",,,,,See Annex,
IFRA_STD_101,Methyl N-formylanthranilate,RESTRICTION_SPECIFICATION,,sí,sí,0.1,0.1,0.1,0.1,0.1,0.1,0.1,0.1,0.1,sin-restriccion,0.1,0.1,sin-restriccion,sin-restriccion,0.1,sin-restriccion,0.1,sin-restriccion,,,49,Not applicable.,2020,"February 10, 2022","February 10, 2021","PHOTOTOXICITY, POTENTIAL OF NITROSAMINE FORMATION","The scope of this Standard includes, but is not limited to the CAS number(s) indicated above; any other CAS number(s) used to identify this fragrance ingredient should be considered in scope as well.","Benzoic acid, 2-(formylamino)-, methyl ester | Methyl 2-(formylamino)benzoate | Methyl 2-formamidobenzoate | Methyl o-formamidobenzoate | N-Formylanthranilic acid, methyl ester",,"This Standard is set due to the phototoxic effects of Methyl N-formylanthranilate. For more detailed information on the application of this Standard, please refer to the note on phototoxic ingredients in chapter 1 of the Guidance for the use of IFRA Standards.",,"This material has been identified for having the potential of forming nitrosamines in nitrosating systems. Downstream users therefore have to be notified of the presence of the material and its potential, to be able to consider adequate protective measures.",See Annex,
IFRA_STD_102,Thujone,RESTRICTION,,sí,,0.11,0.21,0.032,1.4,0.095,0.032,0.016,0.0053,0.095,0.24,0.24,0.0053,0.13,0.13,0.22,0.0053,0.0053,9.5,,,49,Not applicable.,2020,"February 10, 2022","February 10, 2021",NEUROTOXICITY,"The scope of this Standard includes, but is not limited to the CAS number(s) indicated above; any other CAS number(s) used to identify this fragrance ingredient should be considered in scope as well.","1-Isopropyl-4-methylbicyclo[3.1.0]hexan-3-one | 3-Thujanone, (1s,4r,5r)-(-)- | α-Thujone | β-Thujone",,,,,See Annex,The natural contribution of Thujone is determined by the sum of the natural contributions of each of its isomers.
IFRA_STD_103,Acetyl ethyl tetramethyl tetralin (AETT),PROHIBITION,sí,,,,,,,,,,,,,,,,,,,,,,,40,1977 1980 2002,2006,Not applicable.,Not applicable.,NEUROTOXICITY,"The scope of this Standard includes, but is not limited to the CAS number(s) indicated above; any other CAS number(s) used to identify this fragrance ingredient should be considered in scope as well.","7-Acetyl-6-ethyl-1,1,4,4-tetramethyl-1,2,3,4-tetrahydronaphthalene | Ethanone, 1-(3-ethyl-5,6,7,8-tetrahydro-5,5,8,8-tetramethyl-2-naphthalenyl)- | Versalide (commercial name)",This material should not be used as a fragrance ingredient.,,,,None to consider,
IFRA_STD_104,Acetyl isovaleryl,PROHIBITION,sí,,,,,,,,,,,,,,,,,,,,,,,40,1980 1983 2002,2006,Not applicable.,Not applicable.,DERMAL SENSITIZATION,"The scope of this Standard includes, but is not limited to the CAS number(s) indicated above; any other CAS number(s) used to identify this fragrance ingredient should be considered in scope as well.","5-Methyl-2,3-hexanedione | 2,3-Hexanedione, 5-methyl- | Acetyl isopentanoyl",This material should not be used as a fragrance ingredient.,,,,None to consider,
IFRA_STD_105,Alantroot oil,PROHIBITION,sí,,,,,,,,,,,,,,,,,,,,,,,40,1975 2002,2006,Not applicable.,Not applicable.,DERMAL SENSITIZATION,"The scope of this Standard includes, but is not limited to the CAS number(s) indicated above; any other CAS number(s) used to identify this fragrance ingredient should be considered in scope as well.",Alantroot oil (Inula helenium) | Elecampane oil | Inula helenium oil,This material should not be used as a fragrance ingredient.,,,,None to consider,
IFRA_STD_106,Allyl heptine carbonate,PROHIBITION,sí,,,,,,,,,,,,,,,,,,,,,,,43,1989 1999 2005 2007,2008,Not applicable.,Not applicable.,DERMAL SENSITIZATION,"The scope of this Standard includes, but is not limited to the CAS number(s) indicated above; any other CAS number(s) used to identify this fragrance ingredient should be considered in scope as well.",Allyl 2-octynoate | 2-Octynoic acid | 2-Propenyl ester,This material should not be used as a fragrance ingredient.,,,,None to consider,
IFRA_STD_107,Allyl isothiocyanate,PROHIBITION,sí,,,,,,,,,,,,,,,,,,,,,,,49,2008,2020,"February 10, 2022","February 10, 2021",INSUFFICIENT DATA,"The scope of this Standard includes, but is not limited to the CAS number(s) indicated above; any other CAS number(s) used to identify this fragrance ingredient should be considered in scope as well.","Allyl isosulfocyanate | Allyl thiocarbonimide | 1-Propenal, 3-isothiocyanato- | 2-Propenyl isothiocyanate | AITC",This material should not be used as a fragrance ingredient.,,,,See Annex,Allyl isothiocyanate can be found at relatively high levels in Mustard oil and Horseradish oil. The natural extracts containing Allyl isothiocyanate should not be used as substitutes for this substance. This means that the use of Mustard oil and Horseradish oil cannot be considered safe and therefore both extracts should not be used in fragrance mixtures until additional data is available and considered sufficient to support the safe use of these ingredients.
IFRA_STD_108,Amylcyclopentenone,PROHIBITION,sí,,,,,,,,,,,,,,,,,,,,,,,43,1987 1994 2007,2008,Not applicable.,Not applicable.,DERMAL SENSITIZATION,"The scope of this Standard includes, but is not limited to the CAS number(s) indicated above; any other CAS number(s) used to identify this fragrance ingredient should be considered in scope as well.","2-Cyclopenten-1-one, 2-pentyl- | 2-Pentyl-2-cyclopentenone | 2-Pentylcyclopent-2-en-1-one",This material should not be used as a fragrance ingredient.,,,,None to consider,
IFRA_STD_109,Anisylidene acetone,PROHIBITION,sí,,,,,,,,,,,,,,,,,,,,,,,40,1974 2002,2006,Not applicable.,Not applicable.,DERMAL SENSITIZATION,"The scope of this Standard includes, but is not limited to the CAS number(s) indicated above; any other CAS number(s) used to identify this fragrance ingredient should be considered in scope as well.","3-Butene-2-one, 4-(4-methoxyphenyl) ester | 4-(p-methoxyphenyl)-3-butene-2-one | Methyl p-methoxycinnamyl ketone",This material should not be used as a fragrance ingredient.,,,,None to consider,
IFRA_STD_110,cis-and trans-Asarone,PROHIBITION_RESTRICTION,sí,sí,,ver-nota,ver-nota,ver-nota,ver-nota,ver-nota,ver-nota,ver-nota,ver-nota,ver-nota,ver-nota,ver-nota,ver-nota,ver-nota,ver-nota,ver-nota,ver-nota,ver-nota,ver-nota,,0.01,40,1991,2006,December 1991,Not applicable.,CARCINOGENICITY,"The scope of this Standard includes, but is not limited to the CAS number(s) indicated above; any other CAS number(s) used to identify these fragrance ingredients should be considered in scope as well.","Benzene, 1,2,4-trimethoxy-5-(1-propen-1-yl)- (unspecified isomer) | (E)-and (Z)-2,4,5-Trimethoxypropen-1-yl benzene) | α-Asarone | trans-Asarone | Benzene, 1,2,4-trimethoxy-5-(1-propenyl)-, (E)- | trans-Isoasarone | ß-Asarone | cis-ß-Asarone | Benzene, 1,2,4-trimethoxy-5-(1-propenyl)-, (Z)- | cis-Isoasarone",cis- and trans-Asarone as such should not be used as fragrance ingredients. The natural extracts containing cis- and trans-Asarone should not be used as substitutes for this substance.,,"On the basis of established maximum concentration levels of this substance in commercially available natural sources (like essential oils, extracts and absolutes), exposure to this substance from the use of these oils and extracts (e.g. Calamus oils) is regarded acceptable as long as the level of cis- and trans-Asarone in the finished consumer product does not exceed 100ppm (0.01).",,See Annex,The natural contribution of cis-and trans-Asarone is determined by the sum of the natural contributions of each of its isomers.
IFRA_STD_111,Benzene,PROHIBITION_SPECIFICATION,sí,,sí,,,,,,,,,,,,,,,,,,,,,38,1988,2004,Not applicable.,Not applicable.,CARCINOGENICITY,"The scope of this Standard includes, but is not limited to the CAS number(s) indicated above; any other CAS number(s) used to identify this fragrance ingredient should be considered in scope as well.",Benzol,This material should not be used as a fragrance ingredient.,,,"The level of Benzene has to be kept as low as practicable and should never exceed 1 ppm in the fragrance compound/mixture or fragrance oil. Since the introduction of the original Restriction on the use of Benzene by IFRA in 1988, there have been significant changes in manufacturing practices that permit the reduction of the maximum permitted level of this substance. These include use of technological improvements allowing replacement of this solvent for the extraction of fragrance materials and in eliminating its presence as an impurity in alternative extraction solvents.",None to consider,
IFRA_STD_112,Benzyl cyanide,PROHIBITION_RESTRICTION,sí,sí,,ver-nota,ver-nota,ver-nota,ver-nota,ver-nota,ver-nota,ver-nota,ver-nota,ver-nota,ver-nota,ver-nota,ver-nota,ver-nota,ver-nota,ver-nota,ver-nota,ver-nota,ver-nota,,0.01,38,Not applicable.,2004,Not applicable.,Not applicable.,POTENTIAL OF CYANIDE RELEASE,"The scope of this Standard includes, but is not limited to the CAS number(s) indicated above; any other CAS number(s) used to identify this fragrance ingredient should be considered in scope as well.",Benzeneacetonitrile | Benzylnitrile | Phenylacetonitrile | Phenyl acetyl nitrile,Benzyl cyanide as such should not be used as fragrance ingredient. The natural extracts containing Benzyl cyanide should not be used as substitutes for this substance.,,"On the basis of established maximum concentration levels of this substance in commercially available natural sources (like essential oils and extracts), exposure to this substance from the use of these oils and extracts is not significant and the use of these oils is authorized as long as the level of Benzyl cyanide in the finished product does not exceed 0.01% (100 ppm).",,See Annex,
IFRA_STD_113,Benzylidene acetone,PROHIBITION,sí,,,,,,,,,,,,,,,,,,,,,,,40,1974 2002,2006,Not applicable.,Not applicable.,DERMAL SENSITIZATION,"The scope of this Standard includes, but is not limited to the CAS number(s) indicated above; any other CAS number(s) used to identify this fragrance ingredient should be considered in scope as well.","4-Phenyl-3-buten-2-one | 3-Buten-2-one, 4-phenyl- | Benzilideneacetone | Methyl styryl ketone",This material should not be used as a fragrance ingredient.,,,,None to consider,
IFRA_STD_114,Birch wood pyrolysate,PROHIBITION_SPECIFICATION,sí,,sí,,,,,,,,,,,,,,,,,,,,,47,1996 2003,2013,"August 10, 2014","August 10, 2013","CARCINOGENICITY, GENOTOXICITY BY RELEASE OF POLYNUCLEAR HYDROCARBONS (PAH)","The scope of this Standard includes, but is not limited to the CAS number(s) indicated above; any other CAS number(s) used to identify this fragrance ingredient should be considered in scope as well.","Prohibition of the crude material: | Birch tar oil, crude | Specification for the distillates: | Birch tar oil dephenolated | Birch tar oil rectified | Essence bouleau dephenolisée | Essence bouleau (Goudron) rect.","Crude birch wood (bark) pyrolysates (oils) derived by pyrolysis (destructive distillation) of the wood or bark of Betula pubescens, Betula pendula, Betula lenta or Betula alba should not be used as a fragrance ingredient for any finished product application. Only rectified (purified) Birch tar oils being in compliance with the limitations for polynuclear aromatic hydrocarbons (PAH) established by this IFRA Standard should be used.",,,"Limit content of polynuclear aromatic hydrocarbons (PAH) resulting from the use of rectified oils according to Good Manufacturing Practice. Benzopyrene and 1,2-Benzanthracene are to be used as markers for PAH. If used alone or in combination with rectified Cade oil, rectified Styrax oil or rectified Opoponax oil, the total concentration of both of the markers should not exceed 1 ppb in the final product.",None to consider,
IFRA_STD_115,Boldo oil,PROHIBITION,sí,,,,,,,,,,,,,,,,,,,,,,,44,Not applicable.,2009,"August 7, 2010","August 7, 2009",INSUFFICIENT DATA,"The scope of this Standard includes, but is not limited to the CAS number(s) indicated above; any other CAS number(s) used to identify this fragrance ingredient should be considered in scope as well.","Boldo leaf oil (Peumus boldus Mol.) | Oil, boldo leaf | Peumus boldus oil",This material should not be used as a fragrance ingredient.,,,,None to consider,
IFRA_STD_116,"3-Bromo-1,7,7-trimethylbicyclo[2.2.1]heptane-2-one",PROHIBITION,sí,,,,,,,,,,,,,,,,,,,,,,,43,Not applicable.,2008,Not applicable.,Not applicable.,INSUFFICIENT DATA,"The scope of this Standard includes, but is not limited to the CAS number(s) indicated above; any other CAS number(s) used to identify this fragrance ingredient should be considered in scope as well.","Bicyclo[2.2.1]heptan-2-one, 3-bromo-1,7,7-trimethyl- | 2-Bornanone, 3-bromo- | 3-Bromobornan-2-one | 3-Bromo-2-bornanone | 3-Bromocamphor | Camphor bromide | Camphor, 3-bromo-",This material should not be used as a fragrance ingredient.,,,,None to consider,
IFRA_STD_117,Bromostyrene,PROHIBITION,sí,,,,,,,,,,,,,,,,,,,,,,,43,Not applicable.,2008,Not applicable.,Not applicable.,INSUFFICIENT DATA,"The scope of this Standard includes, but is not limited to the CAS number(s) indicated above; any other CAS number(s) used to identify this fragrance ingredient should be considered in scope as well.","Benzene, (2-bromoethenyl)- | α-Bromo-ß-phenylethylene | ß-Bromostyrene | ß-Bromovinylbenzene | ω-Bromstyrene | Bromstyrol | Bromstyrolene",This material should not be used as a fragrance ingredient.,,,,None to consider,
IFRA_STD_118,p-tert-Butylphenol,PROHIBITION,sí,,,,,,,,,,,,,,,,,,,,,,,40,1975 2002,2006,Not applicable.,Not applicable.,DERMAL SENSITIZATION AND DERMAL DEPIGMENTATION,"The scope of this Standard includes, but is not limited to the CAS number(s) indicated above; any other CAS number(s) used to identify this fragrance ingredient should be considered in scope as well.","4-tert-Butylphenol | 4-(1,1-Dimethylethyl) phenol | 1-Hydroxy-4-tert-butylbenzene | Phenol, 4-(1,1-dimethylethyl)- | Phenol, p-tert-butyl",This material should not be used as a fragrance ingredient.,,,,None to consider,
IFRA_STD_119,Cade oil,PROHIBITION_SPECIFICATION,sí,,sí,,,,,,,,,,,,,,,,,,,,,47,1990 2003,2013,"August 10, 2014","August 10, 2013","CARCINOGENICITY, GENOTOXICITY BY RELEASE OF POLYNUCLEAR HYDROCARBONS (PAH)","The scope of this Standard includes, but is not limited to the CAS number(s) indicated above; any other CAS number(s) used to identify this fragrance ingredient should be considered in scope as well.",Prohibition of the crude material: | Juniper tar | Specification for the distillates: | Juniper tar oil | Juniperus oxycedrus oil,Crude cade oil derived by pyrolysis of the wood and twigs of Juniperus oxycedrus L. should not be used as a fragrance ingredient for any finished product application. Only rectified (purified) cade oils being in compliance with the limitations for polynuclear aromatic hydrocarbons (PAH) established by this IFRA Standard should be used.,,,"Limit content of polynuclear aromatic hydrocarbons (PAH) resulting from the use of rectified oils according to Good Manufacturing Practice. Benzopyrene and 1,2-Benzanthracene are to be used as markers for PAH. If used alone or in combination with rectified Birch tar oils, rectified Opoponax oil or rectified Styrax oil, the total concentration of both of the markers should not exceed 1 ppb in the final product.",None to consider,
IFRA_STD_120,Carvone oxide,PROHIBITION,sí,,,,,,,,,,,,,,,,,,,,,,,38,2003,2004,Not applicable.,Not applicable.,DERMAL SENSITIZATION,"The scope of this Standard includes, but is not limited to the CAS number(s) indicated above; any other CAS number(s) used to identify this fragrance ingredient should be considered in scope as well.","Carvone epoxide | 1,6-Epoxy-p-menth-8-en-2-one | 1-Methyl-4-(1-methylvinyl)-7-oxabicyclo[4.1.0]heptan-2-one | 7-Oxabicyclo[4.1.0]heptan-2-one, 1-methyl-4-(1-methylethenyl)-",This material should not be used as a fragrance ingredient.,,,,None to consider,
IFRA_STD_121,Chenopodium oil,PROHIBITION,sí,,,,,,,,,,,,,,,,,,,,,,,43,Not applicable.,2008,Not applicable.,Not applicable.,INSUFFICIENT DATA,"The scope of this Standard includes, but is not limited to the CAS number(s) indicated above; any other CAS number(s) used to identify this fragrance ingredient should be considered in scope as well.",American wormseed oil | Chenopodium ambrosioides L. var anthelminticum,This material should not be used as a fragrance ingredient.,,,,None to consider,
IFRA_STD_122,Cinnamylidene acetone,PROHIBITION,sí,,,,,,,,,,,,,,,,,,,,,,,43,Not applicable.,2008,Not applicable.,Not applicable.,INSUFFICIENT DATA,"The scope of this Standard includes, but is not limited to the CAS number(s) indicated above; any other CAS number(s) used to identify this fragrance ingredient should be considered in scope as well.","3,5-Hexadien-2-one, 6-phenyl- | Methyl 4-phenyl-1,3-butadienyl ketone | 1-Phenyl-3,5-hexadien-5-one | 6-Phenyl-3,5-hexadien-2-on",This material should not be used as a fragrance ingredient.,,,,None to consider,
IFRA_STD_123,Colophony,PROHIBITION,sí,,,,,,,,,,,,,,,,,,,,,,,40,1992 2002,2006,Not applicable.,Not applicable.,DERMAL SENSITIZATION,"The scope of this Standard includes, but is not limited to the CAS number(s) indicated above; any other CAS number(s) used to identify this fragrance ingredient should be considered in scope as well.",Colophonium | Rosin,This material should not be used as a fragrance ingredient.,,,,None to consider,
IFRA_STD_124,"Costus root oil, absolute and concrete",PROHIBITION,sí,,,,,,,,,,,,,,,,,,,,,,,40,1974 1998 2002,2006,Not applicable.,Not applicable.,DERMAL SENSITIZATION,"The scope of this Standard includes, but is not limited to the CAS number(s) indicated above; any other CAS number(s) used to identify these fragrance ingredients should be considered in scope as well.","Costus root essential oil, absolute and concrete (Saussurea lappa Clarke) | Oils, costus | Saussurea lappa root oil | Spiral flag oil",This material should not be used as a fragrance ingredient.,,,,None to consider,
IFRA_STD_125,Cyclamen alcohol,PROHIBITION_SPECIFICATION,sí,,sí,,,,,,,,,,,,,,,,,,,,,4,1977 1978,1980,Not applicable.,Not applicable.,DERMAL SENSITIZATION,"The scope of this Standard includes, but is not limited to the CAS number(s) indicated above; any other CAS number(s) used to identify this fragrance ingredient should be considered in scope as well.","3-(4-Isopropylphenyl)-2-methylpropan-1-ol | 3-(p-Isopropyl)phenyl-2-methyl-1-propanol | Benzenepropanol, .β.-methyl-4-(1-methylethyl)-",This material should not be used as a fragrance ingredient.,,,"Cyclamen alcohol should not be used as a fragrance ingredient as such, but a level of up to 1.5% in Cyclamen aldehyde (CAS number 103-95-7) is accepted.",None to consider,
IFRA_STD_126,Musk alpha,PROHIBITION,sí,,,,,,,,,,,,,,,,,,,,,,,43,Not applicable.,2008,Not applicable.,Not applicable.,INSUFFICIENT DATA,"The scope of this Standard includes, but is not limited to the CAS number(s) indicated above; any other CAS number(s) used to identify this fragrance ingredient should be considered in scope as well.","Musk alpha | 1,3-Dibromo-2-methoxy-4-nitro-5-(1,1-dimethylethyl)-6-methyl-benzene | Benzene,1,3-dibromo-5-(1,1-dimethylethyl)-2- methoxy-4-methyl-6-nitro-",This material should not be used as a fragrance ingredient.,,,,None to consider,
IFRA_STD_127,Musk KS,PROHIBITION,sí,,,,,,,,,,,,,,,,,,,,,,,43,Not applicable.,2008,Not applicable.,Not applicable.,INSUFFICIENT DATA,"The scope of this Standard includes, but is not limited to the CAS number(s) indicated above; any other CAS number(s) used to identify this fragrance ingredient should be considered in scope as well.","1,3-Dibromo-2-methoxy-4-methyl-5-nitrobenzene | Benzene, 1,3-dibromo-2-methoxy-4-methyl-5-nitro- | 1,3-Dibromo-2-methoxy-5-nitro-6-methylbenzene | 2,4-Dibromo-3-methoxy-6-nitrotoluene | 2,6-Dibromo-3-methyl-4-nitroanisole | 6-Nitro-2,4-dibromo-3-methoxytoluene | Bromorose | Musk KS (commercial name)",This material should not be used as a fragrance ingredient.,,,,None to consider,
IFRA_STD_128,"2,2-Dichloro-1-methylcyclopropylbenzene",PROHIBITION,sí,,,,,,,,,,,,,,,,,,,,,,,43,Not applicable.,2008,Not applicable.,Not applicable.,INSUFFICIENT DATA,"The scope of this Standard includes, but is not limited to the CAS number(s) indicated above; any other CAS number(s) used to identify this fragrance ingredient should be considered in scope as well.","Benzene, (2,2-dichloro-1-methylcyclopropyl)-",This material should not be used as a fragrance ingredient.,,,,None to consider,
IFRA_STD_129,"2,4-Dienals",PROHIBITION,sí,,,,,,,,,,,,,,,,,,,,,,,47,Not applicable.,2013,"August 10, 2014","August 10, 2013",INSUFFICIENT DATA,The scope of the Standard covers but is not limited to the list of CAS numbers enumerated above (including all their geometric isomers).,"Including but not limited to: | 2,4-Pentadienal | 2,4-Hexadienal | 2,4-Heptadienal | 2,4-Octadienal | 2,4-Nonadienal | 2,4-Decadienal | 2,4-Undecadienal | 2,4-Dodecadienal | trans,trans-2,4-Decadienal | trans,trans-2,4-Undecadienal | 2,4-Heptadien-1-al | (including all geometric isomers)",This material should not be used as a fragrance ingredient.,,,,None to consider,"2,4-Decadienal (CAS number 2363-88-4) has been found in natural extracts but only at trace levels."
IFRA_STD_130,Diethyl maleate,PROHIBITION,sí,,,,,,,,,,,,,,,,,,,,,,,40,1975 2002,2006,Not applicable.,Not applicable.,DERMAL SENSITIZATION,"The scope of this Standard includes, but is not limited to the CAS number(s) indicated above; any other CAS number(s) used to identify this fragrance ingredient should be considered in scope as well.","2-Butenedioic acid (2Z)-, diethyl ester | Ethyl maleate | Maleic acid, diethyl ester",This material should not be used as a fragrance ingredient.,,,,None to consider,
IFRA_STD_131,"2,4-Dihydroxy-3-methylbenzaldehyde",PROHIBITION,sí,,,,,,,,,,,,,,,,,,,,,,,40,1980 1989 2002,2006,Not applicable.,Not applicable.,DERMAL SENSITIZATION,"The scope of this Standard includes, but is not limited to the CAS number(s) indicated above; any other CAS number(s) used to identify this fragrance ingredient should be considered in scope as well.","Benzaldehyde, 2,4-dihydroxy-3-methyl- | 4-Formyl-2-methylresorcinol",This material should not be used as a fragrance ingredient.,,,,None to consider,
IFRA_STD_132,"4,6-Dimethyl-8-tert-butylcoumarin",PROHIBITION,sí,,,,,,,,,,,,,,,,,,,,,,,40,1979 1981 2002,2006,Not applicable.,Not applicable.,PHOTOSENSITIZATION,"The scope of this Standard includes, but is not limited to the CAS number(s) indicated above; any other CAS number(s) used to identify this fragrance ingredient should be considered in scope as well.","2H-1-Benzopyran-2-one, 8-(1,1-dimethylethyl)-4,6-dimethyl- | Butolia",This material should not be used as a fragrance ingredient.,,,,None to consider,
IFRA_STD_133,"3,7-Dimethyl-2-octen-1-ol",PROHIBITION,sí,,,,,,,,,,,,,,,,,,,,,,,38,Not applicable.,2004,Not applicable.,Not applicable.,DERMAL SENSITIZATION,"The scope of this Standard includes, but is not limited to the CAS number(s) indicated above; any other CAS number(s) used to identify this fragrance ingredient should be considered in scope as well.","6,7-Dihydrogeraniol | 2-Octen-1-ol, 3,7-dimethyl",This material should not be used as a fragrance ingredient.,,,,None to consider,
IFRA_STD_134,Dimethyl citraconate,PROHIBITION,sí,,,,,,,,,,,,,,,,,,,,,,,40,1976 2002,2006,Not applicable.,Not applicable.,DERMAL SENSITIZATION,"The scope of this Standard includes, but is not limited to the CAS number(s) indicated above; any other CAS number(s) used to identify this fragrance ingredient should be considered in scope as well.","2-Butenedioic acid, 2-methyl-, dimethyl ester, (2Z)- | Dimethyl methyl maleate | Methylmaleic acid, dimethyl ester",This material should not be used as a fragrance ingredient.,,,,None to consider,
IFRA_STD_135,Diphenylamine,PROHIBITION,sí,,,,,,,,,,,,,,,,,,,,,,,38,Not applicable.,2004,Not applicable.,Not applicable.,"TOXICITY, TERATOGENICITY","The scope of this Standard includes, but is not limited to the CAS number(s) indicated above; any other CAS number(s) used to identify this fragrance ingredient should be considered in scope as well.","Benzeneamine, N-phenyl-",This material should not be used as a fragrance ingredient.,,,,None to consider,
IFRA_STD_136,"2,4-Dodecadien-1-ol, (2E, 4E)",PROHIBITION,sí,,,,,,,,,,,,,,,,,,,,,,,48,Not applicable.,2015,"August 10, 2016","August 10, 2015",INSUFFICIENT DATA,"The scope of this Standard includes, but is not limited to the CAS number(s) indicated above; any other CAS number(s) used to identify this fragrance ingredient should be considered in scope as well.","2,4-Dodecadien-1-ol",This material should not be used as a fragrance ingredient.,,,,None to consider,
IFRA_STD_137,Esters of 2-Nonynoic acid (except Methyl octine carbonate),PROHIBITION,sí,,,,,,,,,,,,,,,,,,,,,,,43,Not applicable.,2008,Not applicable.,Not applicable.,INSUFFICIENT DATA,"This IFRA Standard covers CAS numbers of any esters of 2-Nonynoic acid (except Methyl octine carbonate, CAS number 111-80-8).","Ethyl 2-nonynoate | Ethyl octine carbonate | Ethyl octyne carbonate | 2-Nonynoic acid, ethyl ester",This material should not be used as a fragrance ingredient.,,,,None to consider,
IFRA_STD_138,Esters of 2-Octynoic acid (except Methyl heptine carbonate),PROHIBITION,sí,,,,,,,,,,,,,,,,,,,,,,,43,Not applicable.,2008,Not applicable.,Not applicable.,INSUFFICIENT DATA,"This IFRA Standard covers CAS numbers of any esters of 2-Octynoic acid (except Methyl heptine carbonate, CAS number 111-12-6).","Amyl heptine carbonate | 2-Octynoic acid, pentyl ester | Pentyl 2-octynoic acid | Vert de violette | Ethyl heptine carbonate | Ethyl 2-octynoate | 2-Octynoic acid, ethyl ester",This material should not be used as a fragrance ingredient.,,,,None to consider,
IFRA_STD_139,Ethyl acrylate,PROHIBITION,sí,,,,,,,,,,,,,,,,,,,,,,,40,1974 2002,2006,Not applicable.,Not applicable.,DERMAL SENSITIZATION,"The scope of this Standard includes, but is not limited to the CAS number(s) indicated above; any other CAS number(s) used to identify this fragrance ingredient should be considered in scope as well.","Ethyl propenoate | 2-Propenoic acid, ethyl ester",This material should not be used as a fragrance ingredient.,,,,None to consider,
IFRA_STD_140,Ethylene glycol monoethyl ether and its acetate,PROHIBITION,sí,,,,,,,,,,,,,,,,,,,,,,,38,Not applicable.,2004,Not applicable.,Not applicable.,REPRODUCTIVE TOXICITY,"The scope of this Standard includes, but is not limited to the CAS number(s) indicated above; any other CAS number(s) used to identify these fragrance ingredients should be considered in scope as well.","110-80-5 (ether): | Ethylene glycol ethyl ether | 2-Ethoxyethanol | Ethanol, 2-ethoxy- | Cellosolve | Oxitol | 111-15-9 (acetate): | Ethylene glycol ethyl ether acetate | 2-Ethoxyethyl acetate | Ethyl cellosolve acetate | Ethanol, 2-ethoxy-, acetate | 1-Acetoxy-2-ethoxyethane",This material should not be used as a fragrance ingredient.,,,,None to consider,
IFRA_STD_141,Ethylene glycol monomethyl ether and its acetate,PROHIBITION,sí,,,,,,,,,,,,,,,,,,,,,,,38,Not applicable.,2004,Not applicable.,Not applicable.,REPRODUCTIVE TOXICITY,"The scope of this Standard includes, but is not limited to the CAS number(s) indicated above; any other CAS number(s) used to identify these fragrance ingredients should be considered in scope as well.","109-86-4 (ether): | Ethylene glycol methyl ether | 2-Methoxyethanol | Ethanol, 2-methoxy- | Methyl cellosolve | 110-49-6 (acetate): | Ethylene glycol methyl ether acetate | 2-Methoxyethanol acetate | 2-Methoxyethyl acetate | Methyl cellosolve acetate | Ethanol, 2-methoxy-, acetate",This material should not be used as a fragrance ingredient.,,,,None to consider,
IFRA_STD_142,Fig leaf absolute,PROHIBITION,sí,,,,,,,,,,,,,,,,,,,,,,,40,1980 1983 2002,2006,Not applicable.,Not applicable.,DERMAL SENSITIZATION AND PHOTOTOXICITY,"The scope of this Standard includes, but is not limited to the CAS number(s) indicated above; any other CAS number(s) used to identify this fragrance ingredient should be considered in scope as well.",Ficus carica absolute | Fig leaf absolute (Ficus carica),This material should not be used as a fragrance ingredient.,,,,None to consider,
IFRA_STD_143,Furfuryl alcohol,PROHIBITION,sí,,,,,,,,,,,,,,,,,,,,,,,48,2009,2015,Not applicable.,Not applicable.,INSUFFICIENT DATA,"The scope of this Standard includes, but is not limited to the CAS number(s) indicated above; any other CAS number(s) used to identify this fragrance ingredient should be considered in scope as well.",2-Furancarbinol | 2-Furanmethanol | Furfuralcohol | Furfuryl alcohol | α-Furylcarbinol | 2-Furylcarbinol | 2-Furylmethanol | 2-Hydroxymethylfuran,This material should not be used as a fragrance ingredient.,,,,None to consider,"Furfuryl alcohol has been found in natural extracts but only at trace levels. Those contributions from other sources like Coffee extracts or certain types of Cade oil have been evaluated. On the basis of the established maximum level of Furfuryl alcohol in these commercially available natural sources, exposure to this substance from the use of these oils and extracts is not significant and not regarded of concern from a consumer safety point of view. For more information, please also refer to the note on contributions from other sources in Chapter 1 of the Guidance for the use of IFRA Standards, publicly available at www.ifrafragrance.org."
IFRA_STD_144,Furfurylidene acetone,PROHIBITION,sí,,,,,,,,,,,,,,,,,,,,,,,43,Not applicable.,2008,Not applicable.,Not applicable.,INSUFFICIENT DATA,"The scope of this Standard includes, but is not limited to the CAS number(s) indicated above; any other CAS number(s) used to identify this fragrance ingredient should be considered in scope as well.","3-Buten-2-one, 4-(2-furanyl)- | Furfuralacetone | 4-(2-Furyl)-3-buten-2-one",This material should not be used as a fragrance ingredient.,,,,None to consider,
IFRA_STD_145,Geranyl nitrile,PROHIBITION,sí,,,,,,,,,,,,,,,,,,,,,,,43,2006,2008,Not applicable.,Not applicable.,GENOTOXICITY,"The scope of this Standard includes, but is not limited to the CAS number(s) indicated above; any other CAS number(s) used to identify this fragrance ingredient should be considered in scope as well.","(2E)-3,7-dimethylocta-2,6-dienenitrile | 3,7-Dimethyl-2,6-octadienenitrile | Geranonitrile (isomer unspecified) | 2,6-Octadienenitrile, 3,7-dimethyl- | Citranile (commercial name) | Citralva (commercial name) | Geranitrile (commercial name)",This material should not be used as a fragrance ingredient.,,,,None to consider,
IFRA_STD_146,trans-2-Heptenal,PROHIBITION,sí,,,,,,,,,,,,,,,,,,,,,,,40,1985 1989 2002,2006,Not applicable.,Not applicable.,DERMAL SENSITIZATION,"The scope of this Standard includes, but is not limited to the CAS number(s) indicated above; any other CAS number(s) used to identify this fragrance ingredient should be considered in scope as well.","beta-Butylacrolein | 3-Butylacrolein | (E)-2-Hepten-1-al | 2-Heptenal, (E)-",This material should not be used as a fragrance ingredient.,,,,None to consider,
IFRA_STD_147,"2,4-Hexadien-1-ol",PROHIBITION,sí,,,,,,,,,,,,,,,,,,,,,,,48,Not applicable.,2015,"August 10, 2016","August 10, 2015",INSUFFICIENT DATA,"The scope of this Standard includes, but is not limited to the CAS number(s) indicated above; any other CAS number(s) used to identify this fragrance ingredient should be considered in scope as well.","1-Hydroxy-2,4-hexadiene | Hexa-2,4-dien-1-ol | Sorbic alcohol | Sorbyl alcohol | Hexadienol (commercial name)",This material should not be used as a fragrance ingredient.,,,,None to consider,
IFRA_STD_148,Hexahydrocoumarin,PROHIBITION,sí,,,,,,,,,,,,,,,,,,,,,,,40,1980 2002,2006,Not applicable.,Not applicable.,DERMAL SENSITIZATION,"The scope of this Standard includes, but is not limited to the CAS number(s) indicated above; any other CAS number(s) used to identify this fragrance ingredient should be considered in scope as well.","2H-1-Benzopyran-2-one, 3,4,5,6,7,8-hexahydro- | Coumarin, hexahydro- | Coumarin, 3,4,5,6,7,8-hexahydro- | 1-Cyclohexene-1-propanoic acid, 2-hydroxy-, d-lactone | 3,4,5,6,7,8-Hexahydro-2H-1-benzopyran-2-one",This material should not be used as a fragrance ingredient.,,,,None to consider,
IFRA_STD_149,trans-2-Hexenal diethyl acetal,PROHIBITION,sí,,,,,,,,,,,,,,,,,,,,,,,40,1985 1989 2002,2006,Not applicable.,Not applicable.,DERMAL SENSITIZATION,"The scope of this Standard includes, but is not limited to the CAS number(s) indicated above; any other CAS number(s) used to identify this fragrance ingredient should be considered in scope as well.","1,1-Diethoxy-trans-2-hexene | (E)-2-Hexenal diethyl acetal | 2-Hexene, 1,1-diethoxy-, (2E)-",This material should not be used as a fragrance ingredient.,,,,None to consider,
IFRA_STD_150,trans-2-Hexenal dimethyl acetal,PROHIBITION,sí,,,,,,,,,,,,,,,,,,,,,,,40,1985 1989 2002,2006,Not applicable.,Not applicable.,DERMAL SENSITIZATION,"The scope of this Standard includes, but is not limited to the CAS number(s) indicated above; any other CAS number(s) used to identify this fragrance ingredient should be considered in scope as well.","1,1-Dimethoxy-trans-2-hexene | 2-Hexene, 1,1-dimethoxy-, (2E)-",This material should not be used as a fragrance ingredient.,,,,None to consider,
IFRA_STD_151,"Hydroabietyl alcohol, Dihydroabietyl alcohol",PROHIBITION,sí,,,,,,,,,,,,,,,,,,,,,,,38,1974 1976 1995,2004,"May 6, 2005","May 6, 2004",DERMAL SENSITIZATION,"The scope of this Standard includes, but is not limited to the CAS number(s) indicated above; any other CAS number(s) used to identify these fragrance ingredients should be considered in scope as well.",Abitol (mixture of different hydroabietyl alcohols),This material should not be used as a fragrance ingredient.,,,,None to consider,
IFRA_STD_152,Hydroquinone monoethyl ether,PROHIBITION,sí,,,,,,,,,,,,,,,,,,,,,,,40,1982 1983 2002,2006,Not applicable.,Not applicable.,DEPIGMENTATION,"The scope of this Standard includes, but is not limited to the CAS number(s) indicated above; any other CAS number(s) used to identify this fragrance ingredient should be considered in scope as well.","1-Ethoxy-4-hydroxybenzene | p-Ethoxyphenol | Phenol, 4-ethoxy- | 4-Ethoxyphenol",This material should not be used as a fragrance ingredient.,,,,None to consider,
IFRA_STD_153,Hydroquinone monomethyl ether,PROHIBITION,sí,,,,,,,,,,,,,,,,,,,,,,,40,1983 2002,2006,Not applicable.,Not applicable.,DEPIGMENTATION,"The scope of this Standard includes, but is not limited to the CAS number(s) indicated above; any other CAS number(s) used to identify this fragrance ingredient should be considered in scope as well.","4-Hydroxyanisole | p-Hydroxyanisole | 4-Methoxyphenol | p-Methoxyphenol | Phenol, p-methoxy-",This material should not be used as a fragrance ingredient.,,,,None to consider,
IFRA_STD_154,Isophorone,PROHIBITION_RESTRICTION,sí,sí,,ver-nota,ver-nota,ver-nota,ver-nota,ver-nota,ver-nota,ver-nota,ver-nota,ver-nota,ver-nota,ver-nota,ver-nota,ver-nota,ver-nota,ver-nota,ver-nota,ver-nota,ver-nota,,0.0013,49,2008,2020,"February 10, 2022","February 10, 2021",INSUFFICIENT DATA,"The scope of this Standard includes, but is not limited to the CAS number(s) indicated above; any other CAS number(s) used to identify this fragrance ingredient should be considered in scope as well.","2-Cyclohexen-1-one, 3,5,5-trimethyl- | Isoacetophorone | 3,5,5-Trimethyl-2-cyclohexen-1-one",Isophorone as such should not be used as fragrance ingredient. Natural extracts containing Isophorone should not be used as substitutes for this substance.,,"On the basis of established maximum concentration levels of this substance in commercially available natural sources (like essential oils and extracts), exposure to this substance from the use of these oils and extracts is not significant and the use of these oils is authorized as long as the level of Isophorone in the finished product does not exceed 0.0013%.",,See Annex,
IFRA_STD_155,6-Isopropyl-2-decalol,PROHIBITION,sí,,,,,,,,,,,,,,,,,,,,,,,40,1979 1989 2002,2006,Not applicable.,Not applicable.,DERMAL SENSITIZATION,"The scope of this Standard includes, but is not limited to the CAS number(s) indicated above; any other CAS number(s) used to identify this fragrance ingredient should be considered in scope as well.","Decahydro-6-isopropyl-2-naphthol | Decahydro-6-(1-methylethyl)-2-naphthalenol | 6-Isopropyl-2-decahydronaphthalenol | 6-Isopropyldecalol | 2-Naphthalenol, decahydro-6-(1-methylethyl)- | Decatol",This material should not be used as a fragrance ingredient.,,,,None to consider,
IFRA_STD_156,Massoia bark oil,PROHIBITION,sí,,,,,,,,,,,,,,,,,,,,,,,43,Not applicable.,2008,Not applicable.,Not applicable.,DERMAL SENSITIZATION,"The scope of this Standard includes, but is not limited to the CAS number(s) indicated above; any other CAS number(s) used to identify this fragrance ingredient should be considered in scope as well.","Cryptocarya massoio oil | Cryptocarya massoy bark extract | Cryptocarya massoy, ext. | Massoia bark oil (Cryptocarya massoio)",This material should not be used as a fragrance ingredient.,,,,None to consider,
IFRA_STD_157,Massoia lactone,PROHIBITION,sí,,,,,,,,,,,,,,,,,,,,,,,48,2008,2015,"August 10, 2016","August 10, 2015",DERMAL SENSITIZATION,"The scope of this Standard includes, but is not limited to the CAS number(s) indicated above; any other CAS number(s) used to identify this fragrance ingredient should be considered in scope as well.","2-Decen-1,5-lactone | (-)-2-Decenoic acid, 5-hydroxy, δ-lactone | (R)-5,6-Dihydro-6-pentyl-2H-pyran-2-one | 5,6-Dihydro-6-pentyl-2H-pyran-2-one | 5-Hydroxy-2-decenoic acid δ-lactone | 2H-Pyran-2-one, 5,6-dihydro-6-pentyl-, (R)- | Massoi lactone",This material should not be used as a fragrance ingredient.,,,,None to consider,
IFRA_STD_158,7-Methoxycoumarin,PROHIBITION_RESTRICTION,sí,sí,,ver-nota,ver-nota,ver-nota,ver-nota,ver-nota,ver-nota,ver-nota,ver-nota,ver-nota,ver-nota,ver-nota,ver-nota,ver-nota,ver-nota,ver-nota,ver-nota,ver-nota,ver-nota,,0.01,43,1979 1989,2008,"August 16, 2009","August 16, 2008",DERMAL SENSITIZATION AND PHOTOSENSITIZATION,"The scope of this Standard includes, but is not limited to the CAS number(s) indicated above; any other CAS number(s) used to identify this fragrance ingredient should be considered in scope as well.","2H-1-Benzopyran-2-one, 7-methoxy- | Herniarin",7-Methoxycoumarin as such should not be used as fragrance ingredient. The natural extracts containing 7-Methoxycoumarin should not be used as substitutes for this substance.,,"On the basis of established maximum concentration levels of this substance in commercially available natural sources (like essential oils, extracts and absolutes), exposure to this substance from the use of these oils and extracts is regarded acceptable as long as the level of 7-Methoxy-coumarin in the finished product does not exceed 0.01% (100 ppm).",,See Annex,
IFRA_STD_159,α-Methyl anisylidene acetone,PROHIBITION,sí,,,,,,,,,,,,,,,,,,,,,,,40,1977 1980 2002,2006,Not applicable.,Not applicable.,DERMAL SENSITIZATION,"The scope of this Standard includes, but is not limited to the CAS number(s) indicated above; any other CAS number(s) used to identify this fragrance ingredient should be considered in scope as well.","1-(p-Methoxyphenyl)-1-penten-3-one | p-Methoxystyryl ethyl ketone | alpha-Methylanisalacetone | α-Methylanisalacetone | 1-(4-Methoxyphenyl)-1-penten-3-one | 1-Penten-3-one, 1-(4-(methoxyphenyl))- | Ethone (commercial name)",This material should not be used as a fragrance ingredient.,,,,None to consider,
IFRA_STD_160,6-Methylcoumarin,PROHIBITION,sí,,,,,,,,,,,,,,,,,,,,,,,40,1978 1980 2002,2006,Not applicable.,Not applicable.,PHOTOSENSITIZATION,"The scope of this Standard includes, but is not limited to the CAS number(s) indicated above; any other CAS number(s) used to identify this fragrance ingredient should be considered in scope as well.","2H-1-Benzopyran-2-one, 6-methyl | 6-Methyl-2h-1-benzopyran-2-one | 6-Methylbenzopyrone | 6-Methyl coumarin | 6-Methyl-cis-o-coumarinic lactone | 5-Methyl-2-hydroxyphenylpropenoic acid lactone | Toncarine (commercial name)",This material should not be used as a fragrance ingredient.,,,,None to consider,
IFRA_STD_161,7-Methylcoumarin,PROHIBITION,sí,,,,,,,,,,,,,,,,,,,,,,,40,1979 1983 2002,2006,Not applicable.,Not applicable.,DERMAL SENSITIZATION AND PHOTOSENSITIZATION,"The scope of this Standard includes, but is not limited to the CAS number(s) indicated above; any other CAS number(s) used to identify this fragrance ingredient should be considered in scope as well.","2H-1-Benzopyran-2-one, 7-methyl- | 7-Methyl-2-H-1-benzopyran-2-one",This material should not be used as a fragrance ingredient.,,,,None to consider,
IFRA_STD_162,Methyl crotonate,PROHIBITION,sí,,,,,,,,,,,,,,,,,,,,,,,40,1978 1980 2002,2006,Not applicable.,Not applicable.,DERMAL SENSITIZATION,"The scope of this Standard includes, but is not limited to the CAS number(s) indicated above; any other CAS number(s) used to identify this fragrance ingredient should be considered in scope as well.","2-Butenoic acid, methyl ester, (E)- | Methyl trans-2-butenoate",This material should not be used as a fragrance ingredient.,,,,None to consider,
IFRA_STD_163,4-Methyl-7-ethoxycoumarin,PROHIBITION,sí,,,,,,,,,,,,,,,,,,,,,,,40,1979 2002,2006,Not applicable.,Not applicable.,PHOTOSENSITIZATION,"The scope of this Standard includes, but is not limited to the CAS number(s) indicated above; any other CAS number(s) used to identify this fragrance ingredient should be considered in scope as well.","2H-1-Benzopyran-2-one, 7-ethoxy-4-methyl- | Coumarin, 7-ethoxy-4-methyl- | 7-Ethoxy-4-methylcoumarin | 4-Methyl-7-ethoxybenzopyrone | Maraniol (commercial name)",This material should not be used as a fragrance ingredient.,,,,None to consider,
IFRA_STD_164,p-Methylhydrocinnamic aldehyde,PROHIBITION,sí,,,,,,,,,,,,,,,,,,,,,,,43,1987 1994 2002 2007,2008,Not applicable.,Not applicable.,DERMAL SENSITIZATION,"The scope of this Standard includes, but is not limited to the CAS number(s) indicated above; any other CAS number(s) used to identify this fragrance ingredient should be considered in scope as well.","Benzenepropanal, 4-methyl | p-Methyldihydrocinnamaldehyde | p-Methylhydrocinnamaldehyde | 3-(4-Methylphenyl)propanal | 3-p-Tolylpropionaldehyde",This material should not be used as a fragrance ingredient.,,,,None to consider,
IFRA_STD_165,Methyl methacrylate,PROHIBITION,sí,,,,,,,,,,,,,,,,,,,,,,,43,Not applicable.,2008,Not applicable.,Not applicable.,DERMAL SENSITIZATION,"The scope of this Standard includes, but is not limited to the CAS number(s) indicated above; any other CAS number(s) used to identify this fragrance ingredient should be considered in scope as well.","Methyl 2-methacrylate, 2-(methoxycarbonyl)-1-propene | Methyl 2-methyl-2-propenoate | 2-Propenoic acid, 2-methyl-, methyl ester | MMA",This material should not be used as a fragrance ingredient.,,,,None to consider,Methyl methacrylate has been found in natural extracts but only at trace levels.
IFRA_STD_166,3-Methyl-2(3)-nonenenitrile,PROHIBITION,sí,,,,,,,,,,,,,,,,,,,,,,,43,1980 1983 2007,2008,Not applicable.,Not applicable.,DERMAL SENSITIZATION,"The scope of this Standard includes, but is not limited to the CAS number(s) indicated above; any other CAS number(s) used to identify this fragrance ingredient should be considered in scope as well.","2-Nonenenitrile, 3-methyl- | Citgrenile (commercial name)",This material should not be used as a fragrance ingredient.,,,,None to consider,
IFRA_STD_167,Musk moskene,PROHIBITION,sí,,,,,,,,,,,,,,,,,,,,,,,43,2005,2008,Not applicable.,Not applicable.,INSUFFICIENT DATA,"The scope of this Standard includes, but is not limited to the CAS number(s) indicated above; any other CAS number(s) used to identify this fragrance ingredient should be considered in scope as well.","1,1,3,3,5-Pentamethyl-4,6-dinitroindane | 1H-Indene, 2,3-dihydro-1,1,3,3,5-pentamethyl-4,6,-dinitro-",This material should not be used as a fragrance ingredient.,,,,None to consider,
IFRA_STD_168,Musk ambrette,PROHIBITION,sí,,,,,,,,,,,,,,,,,,,,,,,40,1981 1994 1995 2002,2006,Not applicable.,Not applicable.,"PHOTOSENSITIZATION, NEUROTOXICITY","The scope of this Standard includes, but is not limited to the CAS number(s) indicated above; any other CAS number(s) used to identify this fragrance ingredient should be considered in scope as well.","Benzene, 1-(1,1-dimethylethyl)-2-methoxy-4-methyl-3,5-dinitro- | 1-tert-Butyl-2-methoxy-4-methyl-3,5-dinitrobenzene | 4-tert-Butyl-3-methoxy-2,6-dinitrotoluene | 6-tert-Butyl-3-methyl-2,4-dinitroanisole | 1-(1,1-Dimethylethyl)-2-methoxy-4-methyl-3,5-dinitrobenzene | 2,6-Dinitro-3-methoxy-1-methyl-4-tert-butylbenzene | 2,6-Dinitro-3-methoxy-4-tert-butyltoluene | 2,4-Dinitro-3-methyl-6-tert-butylanisole",This material should not be used as a fragrance ingredient.,,,,None to consider,
IFRA_STD_169,Musk tibetene,PROHIBITION,sí,,,,,,,,,,,,,,,,,,,,,,,43,2005,2008,Not applicable.,Not applicable.,INSUFFICIENT DATA,"The scope of this Standard includes, but is not limited to the CAS number(s) indicated above; any other CAS number(s) used to identify this fragrance ingredient should be considered in scope as well.","1-tert-Butyl-2,6-dinitro-3,4,5-trimethylbenzene | Benzene, 1-(1,1-dimethylethyl)-3,4,5-trimethyl-2,6-dinitro-",This material should not be used as a fragrance ingredient.,,,,None to consider,
IFRA_STD_170,Musk xylene,PROHIBITION,sí,,,,,,,,,,,,,,,,,,,,,,,44,Not applicable.,2009,"August 7, 2010","August 7, 2009",VPVB,"The scope of this Standard includes, but is not limited to the CAS number(s) indicated above; any other CAS number(s) used to identify this fragrance ingredient should be considered in scope as well.","2,4,6-Trinitro-1,3-methyl-5-tert-butylbenzene | 1-tert-Butyl-3,5-dimethyl-2,4,6-trinitrobenzene | Benzene, 1-(1,1-dimethylethyl)-3,5-dimethyl-2,4,6-trinitro- | Musk xylol",This material should not be used as a fragrance ingredient.,,,,None to consider,
IFRA_STD_171,Nitrobenzene,PROHIBITION,sí,,,,,,,,,,,,,,,,,,,,,,,40,1974 2002,2006,Not applicable.,Not applicable.,ACUTE TOXICITY AND SKIN TOXICITY,"The scope of this Standard includes, but is not limited to the CAS number(s) indicated above; any other CAS number(s) used to identify this fragrance ingredient should be considered in scope as well.","Benzene, nitro | Nitrobenzol | Mirbane oil",This material should not be used as a fragrance ingredient.,,,,None to consider,
IFRA_STD_172,2-Pentylidene cyclohexanone,PROHIBITION,sí,,,,,,,,,,,,,,,,,,,,,,,40,1979 1983 2002,2006,Not applicable.,Not applicable.,DERMAL SENSITIZATION,"The scope of this Standard includes, but is not limited to the CAS number(s) indicated above; any other CAS number(s) used to identify this fragrance ingredient should be considered in scope as well.","Cyclohexanone, 2-pentylidene-",This material should not be used as a fragrance ingredient.,,,,None to consider,
IFRA_STD_174,Phenyl acetone,PROHIBITION,sí,,,,,,,,,,,,,,,,,,,,,,,43,Not applicable.,2008,Not applicable.,Not applicable.,INSUFFICIENT DATA,"The scope of this Standard includes, but is not limited to the CAS number(s) indicated above; any other CAS number(s) used to identify this fragrance ingredient should be considered in scope as well.","Benzyl methyl ketone | Methyl benzyl ketone | 2-Propanone, 1-phenyl",This material should not be used as a fragrance ingredient.,,,,None to consider,
IFRA_STD_175,Phenyl benzoate,PROHIBITION,sí,,,,,,,,,,,,,,,,,,,,,,,43,Not applicable.,2008,Not applicable.,Not applicable.,INSUFFICIENT DATA,"The scope of this Standard includes, but is not limited to the CAS number(s) indicated above; any other CAS number(s) used to identify this fragrance ingredient should be considered in scope as well.","Benzoic acid, phenyl ester",This material should not be used as a fragrance ingredient.,,,,None to consider,
IFRA_STD_176,Pseudoionone,PROHIBITION_SPECIFICATION,sí,,sí,,,,,,,,,,,,,,,,,,,,,40,1979 1987 1989,2006,Not applicable.,Not applicable.,DERMAL SENSITIZATION,"The scope of this Standard includes, but is not limited to the CAS number(s) indicated above; any other CAS number(s) used to identify this fragrance ingredient should be considered in scope as well.","Citrylideneacetone | 2,6-Dimethylundeca-2,6,8-trien-10-one | 6,10-Dimethyl-3,5,9-undecatrien-2-one | 3,5,9-Undecatrien-2-one, 6,10-dimethyl-",This material should not be used as a fragrance ingredient.,,,"Pseudoionone should not be used as fragrance ingredient as such, but a level of up to 2% as an impurity in Ionones is accepted.",None to consider,
IFRA_STD_177,Pseudo methylionones,PROHIBITION_SPECIFICATION,sí,,sí,,,,,,,,,,,,,,,,,,,,,44,1979 1989 2002 2006,2009,"August 7, 2010","August 7, 2009",DERMAL SENSITIZATION,"The scope of this Standard includes, but is not limited to the CAS number(s) indicated above; any other CAS number(s) used to identify these fragrance ingredients should be considered in scope as well.","2,6-Dimethyldodeca-2,6,8-trien-10-one | 7,11-Dimethyl-4,6,10-dodecatrien-3-one | 7,11-Dimethyldodeca-4,6,10-trien-3-one | 4,6,10-Dodecatrien-3-one, 7,11-dimethyl- | 3,6,10-Trimethylundeca-3,5,9-trien-2-one",This material should not be used as a fragrance ingredient.,,,"Pseudo methylionones should not be used as fragrance ingredient as such, but a level of up to 2% as an impurity in Methylionones is accepted.",None to consider,
IFRA_STD_178,Quinoline,PROHIBITION,sí,,,,,,,,,,,,,,,,,,,,,,,45,Not applicable.,2010,"August 11, 2011","August 11, 2010",CARCINOGENICITY AND MUTAGENICITY,"The scope of this Standard includes, but is not limited to the CAS number(s) indicated above; any other CAS number(s) used to identify this fragrance ingredient should be considered in scope as well.","1-Benzazine | 2,3-Benzopyridine | Benzo(b)pyridine | Chinoleine | Leucoline | Quinoleine",This material should not be used as a fragrance ingredient.,,,,None to consider,
IFRA_STD_179,"Safrole, Isosafrole and Dihydrosafrole",PROHIBITION_RESTRICTION,sí,sí,,ver-nota,ver-nota,ver-nota,ver-nota,ver-nota,ver-nota,ver-nota,ver-nota,ver-nota,ver-nota,ver-nota,ver-nota,ver-nota,ver-nota,ver-nota,ver-nota,ver-nota,ver-nota,,0.01,17,1976,1987,Not applicable.,Not applicable.,CARCINOGENICITY,"The scope of this Standard includes, but is not limited to the CAS number(s) indicated above; any other CAS number(s) used to identify these fragrance ingredients should be considered in scope as well.","1,3-Benzodioxole, 5-(2-propenyl)- | 3,4-Methylene dioxyallylbenzene | 4-Allyl-1,2-methylene dioxybenzene | 5-Allyl-1,3-benzodioxole | Safrol | 1,2-Methylenedioxy-4-propenylbenzene | 1,3-Benzodioxole, 5-(1-propenyl)- | 5-Prop-1-en-1-yl-1,3-benzodioxole | Iso-safrole | 1,3-Benzodioxole, 5-propyl- | 3,4-Methylenedioxypropylbenzene | 5-Propyl-1,3-benzodioxole","Safrole, Isosafrole and/or Dihydrosafrole as such should not be used as fragrance ingredients. The natural extracts containing Safrole, Isosafrole and/or Dihydrosafrole should not be used as substitutes for these ingredients.",,"On the basis of established maximum concentration levels of this substance in commercially available natural sources (like essential oils, extracts and absolutes), exposure to this substance from the use of these oils and extracts is regarded acceptable as long as the total concentration of Safrole, Isosafrole and Dihydrosafrole in the finished consumer product does not exceed 0.01%.",,See Annex,
IFRA_STD_180,Santolina oil,PROHIBITION,sí,,,,,,,,,,,,,,,,,,,,,,,43,2006,2008,Not applicable.,Not applicable.,INSUFFICIENT DATA,"The scope of this Standard includes, but is not limited to the CAS number(s) indicated above; any other CAS number(s) used to identify this fragrance ingredient should be considered in scope as well.",Not applicable.,This material should not be used as a fragrance ingredient.,,,,None to consider,
IFRA_STD_181,Savin oil,PROHIBITION_SPECIFICATION,sí,,sí,,,,,,,,,,,,,,,,,,,,,10,1980,1982,Not applicable.,Not applicable.,ACUTE TOXICITY,"The scope of this Standard includes, but is not limited to the CAS number(s) indicated above; any other CAS number(s) used to identify this fragrance ingredient should be considered in scope as well.",Prohibition of Savin oil: | Juniperus sabina L. | Specification of Savin oil: | Juniperus phoenicea L.,"Savin oil prepared from Juniperus sabina L. should not be used as a fragrance ingredient. Only oils obtained from Juniperus phoenicea L. should be used, under the conditions set in the fragrance ingredient specification mentioned below.",,,"In the absence of an international standard, the following specificiations for oils of Juniperus phoenicea L. are proposed: - Density d 20/20 0,864 - 0,873 - Refraction n 20 D 1,4700 - 1,4720 - Rotation alpha 20 D -1° - +4° - Acid value 0,4 - 1 - Ester value 2,5 - 7 - Ester value after acetylation 10 - 23 - Solubility 0.5-6 vol. in alcohol 96%, beyond that opalescence on dilution.",None to consider,
IFRA_STD_182,Toluene,PROHIBITION_SPECIFICATION,sí,,sí,,,,,,,,,,,,,,,,,,,,,38,Not applicable.,2004,"May 6, 2005","May 6, 2004",LIVER TOXICITY,"The scope of this Standard includes, but is not limited to the CAS number(s) indicated above; any other CAS number(s) used to identify this fragrance ingredient should be considered in scope as well.",Toluol | Methylbenzol | Methylbenzene,This material should not be used as a fragrance ingredient.,,,The level of Toluene has to be kept as low as practicable and should never exceed 100 ppm in the fragrance compound/mixture or fragrance oil.,None to consider,
IFRA_STD_183,Sclareol,SPECIFICATION,,,sí,,,,,,,,,,,,,,,,,,,,,39,1986,2005,"November 12, 2006","November 12, 2005",DERMAL SENSITIZATION,"The scope of this Standard includes, but is not limited to the CAS number(s) indicated above; any other CAS number(s) used to identify this fragrance ingredient should be considered in scope as well.","Labd-14-ene-8,13-diol | 1-Naphthalenepropanol,decahydro-alpha-ethenyl-2-hydroxy- alpha,2,5,5,8apentamethyl-, (1R-(1-alpha(R*),2-beta,4a-beta,8a-alpha))-",,,,Sclareol used as a fragrance ingredient should have a minimum purity of 98%.,None to consider,"Sclareol is found in natural extracts, but its natural contributions are not relevant for the fragrance ingredient specification mentioned above."
IFRA_STD_184,Pinacea derivatives,SPECIFICATION,,,sí,,,,,,,,,,,,,,,,,,,,,28,1976,1994,Not applicable.,Not applicable.,DERMAL SENSITIZATION,"The scope of this Standard includes, but is not limited to the CAS number(s) indicated above; any other CAS number(s) used to identify these fragrance ingredients should be considered in scope as well.",Derivatives from the Pine Family,,,,"Essential oils (e.g. Turpentine oil) and isolates (e.g. delta-3-Carene) derived from the Pinacea family, including Pinus and Abies genera, should only be used when the level of peroxides is kept to the lowest practicable level, for instance by adding antioxidants at the time of production. Such products should have a peroxide value of less than 10 millimoles peroxide per liter, determined according to the IFRA analytical methodology for the determination of the peroxide value, which can be downloaded from the IFRA website (www.ifrafragrance.org).",See fragrance ingredient specification,
IFRA_STD_185,Nootkatone,SPECIFICATION,,,sí,,,,,,,,,,,,,,,,,,,,,40,1980,2006,"December 11, 2007","December 11, 2006",DERMAL SENSITIZATION,"The scope of this Standard includes, but is not limited to the CAS number(s) indicated above; any other CAS number(s) used to identify this fragrance ingredient should be considered in scope as well.","5,6-Dimethyl-8-isopropenylbicyclo(4.4.0)dec-1-en-3-one | 4a,5-Dimethyl-1,2,3,4,4a,5,6,7-octahydro-7-keto-3-isopropenylnaphthalene | 4betaH,5alpha-Eremorphila-1(10),11-dien-2-one | (4R-(4alpha,4a alpha,6beta))-4,4a,5,6,7,8-Hexahydro-4,4a-dimethyl-6-(1-methylvinyl)naphthalen-2(3H)-one | 4,4a,5,6,7,8-Hexahydro-6-isopropenyl-4,4a-dimethyl-2(3H)-naphthalenone | 2(3H)-Naphthalenone, 4,4a,5,6,7,8-hexahydro-4,4a-dimethyl-6-(1-methylethenyl)-, (4R,4aS,6R)-",,,,"Nootkatone used as a fragrance ingredient should be at least 98% pure, with a melting point of at least 32°C. Lower purity grades may not be used as a fragrance ingredient.",None to consider,"Nootkatone is found in natural extracts, but its natural contributions are not relevant for the fragrance ingredient specification mentioned above."
IFRA_STD_186,Limonene,SPECIFICATION,,,sí,,,,,,,,,,,,,,,,,,,,,29,Not applicable.,1995,Not applicable.,Not applicable.,DERMAL SENSITIZATION,"The scope of this Standard includes, but is not limited to the CAS number(s) indicated above; any other CAS number(s) used to identify this fragrance ingredient should be considered in scope as well.","p-Mentha-1,8-diene | 1-methyl-4-prop-1-en-2-ylcyclohexene | 1-Methyl-4-(1-methylethenyl)cyclohexene | 1-Methyl-4-isopropenyl-1-cyclohexene | 4-Isopropenyl-1-methylcyclohexene | Cyclohexene, 1-methyl-4-(1-methylethenyl)- | Dipentene",,,,"Oxidation products of Limonene, especially hydroperoxides, have been demonstrated to be potent sensitizers. d-, l- and dl-Limonene and natural products containing substantial amounts of it, should only be used when the level of (hydro)peroxides is kept to the lowest practical level, for instance by adding antioxidants at the time of production. The addition of 0.1% BHT or α-Tocopherol for example has shown great efficiency. Such products should have a peroxide value of less than 20 millimoles per liter, determined according to the IFRA analytical method for the determination of the peroxide value, which can be downloaded from the IFRA website (www.ifrafragrance.org).",See fragrance ingredient specification,
IFRA_STD_187,Linalool,SPECIFICATION,,,sí,,,,,,,,,,,,,,,,,,,,,38,Not applicable.,2004,"May 6, 2005","May 6, 2004",DERMAL SENSITIZATION,"The scope of this Standard includes, but is not limited to the CAS number(s) indicated above; any other CAS number(s) used to identify this fragrance ingredient should be considered in scope as well.","78-70-6 (Linalool): | 1,6-Octadien-3-ol, 3,7-dimethyl- | 2,6-Dimethyl-2,7-octadien-6-ol | 2,7-Octadien-6-ol, 2,6-dimethyl- | 3,7-Dimethyl-1,6-octadien-3-ol | 3,7-Dimethylocta-1,6-dien-3-ol | Coriandrol | Licareol | Linalyl alcohol | 126-90-9 (d-Linalool): | (S)-3,7-Dimethyl-1,6-octadien-3-ol | 1,6-Octadien-3-ol, 3,7-dimethyl-, (S)- | 126-91-0 (l-Linalool): | (R)-3,7-Dimethyl-1,6-octadien-3-ol | 1,6-Octadien-3-ol, 3,7-dimethyl-, (R)-",,,,"Oxidation products of Linalool, especially hydroperoxides, have been demonstrated to be potent sensitizers. d-, l- and dl-Linalool and natural products containing substantial amounts of it, should only be used when the level of (hydro)peroxides is kept to the lowest practical level, for instance by adding antioxidants at the time of production. The addition of 0.1% BHT or α-Tocopherol for example has shown great efficiency. Such products should have a peroxide value of less than 20 millimoles per liter, determined according to the IFRA analytical method for the determination of the peroxide value, which can be downloaded from the IFRA website (www.ifrafragrance.org).",See fragrance ingredient specification,"Natural products known to be rich in Linalool include bois de rose, coriander or ho wood oil."
IFRA_STD_188,Allyl esters,SPECIFICATION,,,sí,,,,,,,,,,,,,,,,,,,,,44,1977,2009,Not applicable.,Not applicable.,IRRITATION,The scope of this Standard includes any CAS number(s) used to identify these fragrance ingredients.,Not applicable.,,,,Allyl esters should only be used when the level of free Allylalcohol in the ester is less than 0.1%. This recommendation is based on the delayed irritant potential of Allylalcohol.,None to consider,
IFRA_STD_189,Musk ketone,SPECIFICATION,,,sí,,,,,,,,,,,,,,,,,,,,,45,Not applicable.,2010,"January 11, 2012","January 11, 2011",SEE FRAGRANCE INGREDIENT SPECIFICATION,"The scope of this Standard includes, but is not limited to the CAS number(s) indicated above; any other CAS number(s) used to identify this fragrance ingredient should be considered in scope as well.","1-(4-tert-Butyl-2,6-dimethyl-3,5-dinitrophenyl) ethanone | 4'-tert-butyl-2',6'-dimethyl-3',5'-dinitroacetophenone | 3,5-Dinitro-2,6-dimethyl-4-tert-butylacetophenone | 1-[4-(1,1-Dimethylethyl)-2,6-dimethyl-3,5-dinitrophenyl]ethanone | Ethanone, 1-[4-(1,1-dimethylethyl)-2,6-dimethyl-3,5-dinitrophenyl]-",,,,"Musk xylene (CAS number 81-15-2), which has been prohibited for use in fragrance compounds for environmental reasons (vPvB), can be present in Musk ketone as an impurity. Musk ketone should only be used if it contains less than 0.1% of Musk xylene.",None to consider,
IFRA_STD_190,Propenylguaethol,RESTRICTION,,sí,,0.18,0.053,0.11,0.99,0.25,0.21,0.25,0.071,0.58,0.32,0.32,0.071,0.75,0.75,3.7,0.071,0.071,58,,,49,Not applicable.,2020,"February 10, 2022","February 10, 2021",DERMAL SENSITIZATION AND SYSTEMIC TOXICITY,"The scope of this Standard includes, but is not limited to the CAS number(s) indicated above; any other CAS number(s) used to identify this fragrance ingredient should be considered in scope as well.","1-Ethoxy-2-hydroxy-4-propenylbenzene | 2-Ethoxy-5-prop-1-en-1-ylphenol | 2-Ethoxy-5-propenylphenol | 3-Propenyl-6-ethoxyphenol | 6-Ethoxy-m-anol | Phenol, 2-ethoxy-5-(1-propenyl)- | Vanitrope (commercial name) | Isosafroeugenol (commercial name)",,,,,None to consider,
IFRA_STD_191,2-Methoxy-4-propylphenol,RESTRICTION,,sí,,0.13,0.039,0.78,0.73,0.19,0.19,0.19,0.062,0.43,1.5,1.5,0.062,1.4,1.4,5.1,0.062,0.062,sin-restriccion,,,49,Not applicable.,2020,"February 10, 2022","February 10, 2021",DERMAL SENSITIZATION AND SYSTEMIC TOXICITY,"The scope of this Standard includes, but is not limited to the CAS number(s) indicated above; any other CAS number(s) used to identify this fragrance ingredient should be considered in scope as well.","Phenol, 2-methoxy-4-propyl- | 4-Propyl-ortho-methoxyphenol | 4-Propylguaicol | 5-Propyl-ortho-hydroxyanisole | Dihydroeugenol",,,,,See Annex,
IFRA_STD_192,alpha-Bisabolol,RESTRICTION,,sí,,0.42,0.13,2.5,2.4,0.6,0.6,0.6,0.2,1.4,3,3,0.2,4.6,4.6,17,0.2,0.2,sin-restriccion,,,49,Not applicable.,2020,"February 10, 2022","February 10, 2021",DERMAL SENSITIZATION AND SYSTEMIC TOXICITY,"The scope of this Standard includes, but is not limited to the CAS number(s) indicated above; any other CAS number(s) used to identify this fragrance ingredient should be considered in scope as well.","(R*,R*)-.α.,4-Dimethyl-.α.-(4-methyl-3-pentenyl)cyclohex-3-ene-1-methanol | 3-Cyclohexene-1-methanol, .α.,4-dimethyl-.α.-(4-methyl-3-pentenyl)-, (R*,R*)- | 6-Methyl-2-(4-methyl-3-cyclohexen-1-yl)-5-hepten-2-ol | 3-Cyclohexene-1-methanol, α,4-dimethyl-α-(4-methyl-3-penten-1- yl)- | 3-Cyclohexene-1-methanol, α,4-dimethyl-α-(4-methyl-3-penten-1- yl)-, (αS,1S)- | 3-Cyclohexene-1-methanol, α,4-dimethyl-α-(4-methyl-3-penten-1- yl)-, (αR,1R)- | 3-Cyclohexene-1-methanol, α,4-dimethyl-α-(4-methyl-3-penten-1- yl)-, (αR,1S)- | 3-Cyclohexene-1-methanol, α,4-dimethyl-α-(4-methyl-3-penten-1- yl)-, (αS,1R)- | alpha-Bisabolol | Bisabolol | Bisabolol nat. roh (Candela-Öl) (Commercial name) | Dragosantol (Commercial name)",,,,,See Annex,
IFRA_STD_193,p-Tolyl alcohol,RESTRICTION,,sí,,0.048,0.048,0.048,1.5,0.64,0.048,0.048,0.016,0.048,0.048,0.048,0.016,0.53,0.53,0.048,0.016,0.016,sin-restriccion,,,49,Not applicable.,2020,"February 10, 2022","February 10, 2021",DERMAL SENSITIZATION AND SYSTEMIC TOXICITY,"The scope of this Standard includes, but is not limited to the CAS number(s) indicated above; any other CAS number(s) used to identify this fragrance ingredient should be considered in scope as well.","(4-Methylphenyl)methanol | Benzenemethanol, 4-methyl- | p-Methylbenzyl alcohol | p-Tolualcohol | 4-(Hydroxymethyl)toluene | 4-Methylbenzyl alcohol | 4-Tolylcarbinol",,,,,None to consider,
IFRA_STD_194,p-Isopropylbenzyl alcohol,RESTRICTION,,sí,,0.45,0.14,0.4,2.5,0.64,0.64,0.64,0.21,1.5,0.8,0.8,0.21,2,2,4.8,0.21,0.21,sin-restriccion,,,49,Not applicable.,2020,"February 10, 2022","February 10, 2021",DERMAL SENSITIZATION AND SYSTEMIC TOXICITY,"The scope of this Standard includes, but is not limited to the CAS number(s) indicated above; any other CAS number(s) used to identify this fragrance ingredient should be considered in scope as well.","(4-Isopropylphenyl)methanol | Benzenemethanol, 4-(1-methylethyl)- | p-iso-Propylbenzyl alcohol | p-Cymen-7-ol | Cumin alcohol | Cuminic alcohol | Cuminol | Cuminyl alcohol",,,,,See Annex,
IFRA_STD_195,"2,6,10-Trimethylundeca-5,9-dien-1-ol",RESTRICTION,,sí,,0.21,0.062,1.2,1.2,0.29,0.29,0.29,0.29,0.68,2.4,2.4,0.12,2.3,8.1,8.1,4.5,4.5,sin-restriccion,,,49,Not applicable.,2020,"February 10, 2022","February 10, 2021",DERMAL SENSITIZATION,"The scope of this Standard includes, but is not limited to the CAS number(s) indicated above; any other CAS number(s) used to identify this fragrance ingredient should be considered in scope as well.","2,6,10-Trimethylundeca-5,9-dienol | 5,9-Undecadien-1-ol, 2,6,10-trimethyl- | Dihydroapofarnesol | Profarnesol | 185019-19-6 and 58001-88-0: | (E)-2,6,10-Trimethylundeca-5,9-dien-1-ol | (Z)-2,6,10-Trimethylundeca-5,9-dien-1-ol | (2R,5E)-2,6,10-Trimethylundeca-5,9-dien-1-ol | (2S, 5E)-2,6,10-Trimethylundeca-5,9-dien-1-ol",,,,,None to consider,"2,6,10-Trimethylundeca-5,9-dien-1-ol has been reported to be found in natural extracts but only at trace levels."
IFRA_STD_197,Cedrene,RESTRICTION,,sí,,0.27,0.08,1.6,1.5,0.38,0.38,0.38,0.38,0.88,3.1,3.1,0.16,2.9,11,11,5.8,5.8,sin-restriccion,,,49,Not applicable.,2020,"February 10, 2022","February 10, 2021",DERMAL SENSITIZATION,"The scope of this Standard includes, but is not limited to the CAS number(s) indicated above; any other CAS number(s) used to identify these fragrance ingredients should be considered in scope as well.","Cedr-8-ene | α-Cedrene | Cedr-8-ene | 1H-3a,7-Methanoazulene, 2,3,4,7,8,8a-hexahydro-3,6,8,8-tetramethyl-, (3R-(3-α,3a-β,8a-α)] | β.-Cedrene | 1H-3a,7-Methanoazulene, octahydro-3,8,8-trimethyl-6-methylene-, [3R-(3alpha,3abeta,7beta,8aalpha)]- | Cedr-8(15)-ene",,,,,See Annex,The natural contribution of Cedrene is determined by the sum of the natural contributions of each of its isomers.
IFRA_STD_198,4-Phenyl-3-buten-2-ol,RESTRICTION,,sí,,0.22,0.066,1.3,1.2,0.32,0.32,0.32,0.32,0.73,2.5,2.5,0.13,2.4,8.7,8.7,4.8,4.8,sin-restriccion,,,49,Not applicable.,2020,"February 10, 2022","February 10, 2021",DERMAL SENSITIZATION,"The scope of this Standard includes, but is not limited to the CAS number(s) indicated above; any other CAS number(s) used to identify this fragrance ingredient should be considered in scope as well.","3-Buten-2-ol, 4-phenyl- | 4-Phenylbut-3-en-2-ol | Methyl styryl carbinol",,,,,None to consider,4-Phenyl-3-buten-2-ol has been found in natural extracts but only at trace levels.
IFRA_STD_199,Longifolene,RESTRICTION,,sí,,0.27,0.08,1.6,1.5,0.38,0.38,0.38,0.38,0.88,3.1,3.1,0.16,2.9,11,11,5.8,5.8,sin-restriccion,,,49,Not applicable.,2020,"February 10, 2022","February 10, 2021",DERMAL SENSITIZATION,"The scope of this Standard includes, but is not limited to the CAS number(s) indicated above; any other CAS number(s) used to identify this fragrance ingredient should be considered in scope as well.","4,8,8-Trimethyl-9-methylenedecahydro-1,4-methanoazulene | 1,4-Methanoazulene, decahydro-4,8,8-trimethyl-9-methylene-) | 1,4-Methanoazulene, decahydro-4,8,8-trimethyl-9-methylene-, [1S-(1α,3αβ,4α,8aβ)]- | 1,4-Methanoazulene, decahydro-4,8,8-trimethyl-9-methylene-, (1R,3αS,4R,8αR)-",,,,,See Annex,
IFRA_STD_201,"4-Hydroxy-2,5-dimethyl-3(2H)-furanone",RESTRICTION,,sí,,0.045,0.014,0.27,0.25,0.064,0.064,0.064,0.021,0.15,0.52,0.52,0.021,0.49,0.49,1.8,0.021,0.021,sin-restriccion,,,49,Not applicable.,2020,"February 10, 2022","February 10, 2021",DERMAL SENSITIZATION AND SYSTEMIC TOXICITY,"The scope of this Standard includes, but is not limited to the CAS number(s) indicated above; any other CAS number(s) used to identify this fragrance ingredient should be considered in scope as well.","3(2H)-Furanone, 4-hydroxy-2,5-dimethyl- | 2,5-Dimethyl-4-hydroxy-2,3-dihydrofuran-3-one | 4-Hydroxy-2,5-dimethylfuran-3(2H)-one | Dimethylhydroxy furanone | Strawberry furanone | Furaneol (Commercial name) | Neofuraneol (Commercial name) | Pineapple compound (Commercial name)",,,,,None to consider,"4-Hydroxy-2,5-dimethyl-3(2H)-furanone has been found in natural extracts but only at trace levels."
IFRA_STD_202,Farnesal,RESTRICTION,,sí,,0.11,0.032,0.11,0.6,0.15,0.15,0.15,0.051,0.11,0.34,0.34,0.051,0.57,0.57,4.2,0.051,0.051,sin-restriccion,,,49,Not applicable.,2020,"February 10, 2022","February 10, 2021",DERMAL SENSITIZATION AND SYSTEMIC TOXICITY,"The scope of this Standard includes, but is not limited to the CAS number(s) indicated above; any other CAS number(s) used to identify this fragrance ingredient should be considered in scope as well.","2,6,10-Dodecatrienal, 3,7,11-trimethyl- | 3,7,11-Trimethyl dodecatrien-2,6,10-al-1 | 3,7,11-Trimethyl-2,6,10-dodecatrienal | 3,7,11-Trimethyldodeca-2,6,10-trienal",,,,,See Annex,
IFRA_STD_203,"3,7-Dimethyl-2,6-nonadien-1-al",RESTRICTION,,sí,,0.11,0.032,0.65,0.6,0.15,0.15,0.15,0.051,0.16,1.2,1.2,0.051,0.16,0.16,4.2,0.051,0.051,sin-restriccion,,,49,Not applicable.,2020,"February 10, 2022","February 10, 2021",DERMAL SENSITIZATION AND SYSTEMIC TOXICITY,"The scope of this Standard includes, but is not limited to the CAS number(s) indicated above; any other CAS number(s) used to identify this fragrance ingredient should be considered in scope as well.","2,6-Nonadien-1-al, 3,7-dimethyl- | 3,7-Dimethylnona-2,6-dienal | Ethyl citral",,,,,None to consider,
IFRA_STD_204,"5,9-Dimethyl-4,8-decadienal",RESTRICTION,,sí,,0.074,0.16,0.074,3,0.76,0.15,0.074,0.025,0.074,1.1,1.1,0.025,2.5,2.5,4.6,0.025,0.025,sin-restriccion,,,49,Not applicable.,2020,"February 10, 2022","February 10, 2021",DERMAL SENSITIZATION AND SYSTEMIC TOXICITY,"The scope of this Standard includes, but is not limited to the CAS number(s) indicated above; any other CAS number(s) used to identify this fragrance ingredient should be considered in scope as well.","4,8-Decadienal, 5,9-dimethyl- | 5,9-Dimethyldeca-4,8-dienal | Geraldehyde (Commercial name) | Geranyl Acetaldehyde (Commercial name)",,,,,None to consider,
IFRA_STD_205,"3,7-Dimethyl-3,6-octadienal",RESTRICTION,,sí,,0.54,0.16,0.03,3,0.76,0.12,0.03,0.01,1.3,0.12,0.12,0.01,0.79,0.79,4.2,0.01,0.01,53,,,49,Not applicable.,2020,"February 10, 2022","February 10, 2021",DERMAL SENSITIZATION AND SYSTEMIC TOXICITY,"The scope of this Standard includes, but is not limited to the CAS number(s) indicated above; any other CAS number(s) used to identify this fragrance ingredient should be considered in scope as well.","3,6-Octadienal, 3,7-dimethyl- | 3,7-Dimethylocta-3,6-dienal | (E)-3,7-Dimethyl-3,6-octadienal | (Z)-3,7-Dimethyl-3,6-octadienal | Isocitral (Commercial name) | Isogeranial (Commercial name) | Isoneral (Commercial name)",,,,,See Annex,"The natural contribution of 3,7-Dimethyl-3,6-octadienal is determined by the sum of the natural contributions of each of its isomers."
IFRA_STD_206,Citronellal,RESTRICTION,,sí,,0.41,0.16,0.026,0.49,0.33,0.051,0.1,0.017,0.82,0.077,0.077,0.017,1.4,1.4,2.3,0.017,0.017,sin-restriccion,,,49,Not applicable.,2020,"February 10, 2022","February 10, 2021",DERMAL SENSITIZATION AND SYSTEMIC TOXICITY,"The scope of this Standard includes, but is not limited to the CAS number(s) indicated above; any other CAS number(s) used to identify this fragrance ingredient should be considered in scope as well.","2,3-Dihydrocitral | 3,7-Dimethyl-6-octenal | 3,7-Dimethyloct-6-enal | 6-Octenal, 3,7-dimethyl- | Citronellal Extra (Commercial name) | Rhodinal (Commercial name) | 6-Octenal, 3,7-dimethyl-, (3S)- | I-Citronellal",,,,,See Annex,
IFRA_STD_207,"4,8-Dimethyl-4,9-decadienal",RESTRICTION,,sí,,0.042,0.013,0.25,0.24,0.06,0.06,0.06,0.02,0.14,0.48,0.48,0.02,0.46,0.46,1.7,0.02,0.02,sin-restriccion,,,49,Not applicable.,2020,"February 10, 2022","February 10, 2021",DERMAL SENSITIZATION AND SYSTEMIC TOXICITY,"The scope of this Standard includes, but is not limited to the CAS number(s) indicated above; any other CAS number(s) used to identify this fragrance ingredient should be considered in scope as well.","4,9-Decadienal, 4,8-dimethyl- | Aldehyde DMD (Commercial name) | Floral Super (Commercial name)",,,,,None to consider,
IFRA_STD_208,"cis,trans-4-(Isopropyl)cyclohexanemethanol",RESTRICTION,,sí,,0.25,0.39,0.099,4.7,1.2,0.15,0.2,0.049,0.0099,0.13,0.13,0.049,0.39,0.39,1.1,0.049,0.049,28,,,49,Not applicable.,2020,"February 10, 2022","February 10, 2021",DERMAL SENSITIZATION AND SYSTEMIC TOXICITY,"The scope of this Standard includes, but is not limited to the CAS number(s) indicated above; any other CAS number(s) used to identify this fragrance ingredient should be considered in scope as well.","4-(1-methylethyl)-cyclohexanemethanol | (4-propan-2-ylcyclohexyl)methanol | 4-Isopropylcyclohexylmethanol | (4-Isopropylcyclohexyl)methanol | Reaction mass of trans-4-(isopropyl)cyclohexanemethanol and cis-4-(isopropyl)cyclohexanemethanol | cis-4-(Isopropyl)cyclohexanemethanol | trans-4-(Isopropyl)cyclohexanemethanol | Cyclohexanemethanol, 4-(1-methylethyl)-, cis | Cyclohexanemethanol, 4-(1-methylethyl)-, trans | p-Menthan-7-ol | cis-p-Menthan-7-ol | trans-p-Menthan-7-ol | Mayol (commercial name) | Meijiff (commercial name)",,,,,None to consider,
IFRA_STD_209,4-(Isopropyl)-.beta.-methylcyclohexanethanol,RESTRICTION,,sí,,0.26,0.39,0.26,6.4,0.52,0.26,0.26,0.086,0.26,0.26,0.26,0.086,4.9,4.9,1,0.086,0.086,20,,,49,Not applicable.,2020,"February 10, 2022","February 10, 2021",DERMAL SENSITIZATION AND SYSTEMIC TOXICITY,"The scope of this Standard includes, but is not limited to the CAS number(s) indicated above; any other CAS number(s) used to identify this fragrance ingredient should be considered in scope as well.","2-(4-Isopropylcyclohexyl)propan-1-ol | Cyclohexaneethanol, .β.-methyl-4-(1-methylethyl)- | Rodipol C (Commercial name)",,,,,None to consider,
IFRA_STD_210,"Cyclohexanemethanol, 2,4-dimethyl-",RESTRICTION,,sí,,0.0013,0.39,0.0013,0.0013,1.3,0.0013,0.0013,0.00043,0.0013,0.0013,0.0013,0.00043,3.1,3.1,0.0013,0.00043,0.00043,0.0013,,,49,Not applicable.,2020,"February 10, 2022","February 10, 2021",DERMAL SENSITIZATION AND SYSTEMIC TOXICITY,"The scope of this Standard includes, but is not limited to the CAS number(s) indicated above; any other CAS number(s) used to identify this fragrance ingredient should be considered in scope as well.","(2,4-Dimethylcyclohexyl)methanol | 2,4-Dimethylcyclohexanemethanol",,,,,None to consider,
IFRA_STD_211,"3,3-Dimethyl-5-(2,2,3-trimethyl-3-cyclopenten-1-yl)-4-penten-2-ol",RESTRICTION,,sí,,0.031,0.057,0.25,1.1,0.27,0.27,0.27,0.091,0.031,0.63,0.63,0.091,1.7,1.7,4,0.091,0.091,sin-restriccion,,,49,Not applicable.,2020,"February 10, 2022","February 10, 2021",DERMAL SENSITIZATION AND SYSTEMIC TOXICITY,"The scope of this Standard includes, but is not limited to the CAS number(s) indicated above; any other CAS number(s) used to identify this fragrance ingredient should be considered in scope as well.","4-Penten-2-ol, 3,3-dimethyl-5-(2,2,3-trimethyl-3-cyclopenten-1-yl)- | (+/-) trans-3,3-Dimethyl-5-(2,2,3-trimethyl-cyclopent-3-en-1-yl)pent-4-en-2-ol | Mysantol (Commercial name) | Polysantol (Commercial name)",,,,,None to consider,
IFRA_STD_212,"5-(2,2,3-Trimethyl-3-cyclopentenyl)-3-methylpentan-2-ol",RESTRICTION,,sí,,0.21,0.062,1.2,1.2,0.29,0.29,0.29,0.29,0.68,2.4,2.4,0.12,2.3,8.1,8.1,4.5,4.5,sin-restriccion,,,49,Not applicable.,2020,"February 10, 2022","February 10, 2021",DERMAL SENSITIZATION,"The scope of this Standard includes, but is not limited to the CAS number(s) indicated above; any other CAS number(s) used to identify this fragrance ingredient should be considered in scope as well.","3-Cyclopentene-1-butanol, .α.,.β.,2,2,3-pentamethyl- | 3-Methyl-5-(2,2,3-trimethylcyclopent-3-en-1-yl)pentan-2-ol | a,b,2,2,3-Pentamethylcyclopent-3-ene-1-butanol | Sandal Series G (Commercial name) | Sandalore (Commercial name)",,,,,None to consider,
IFRA_STD_213,"alpha,2,2,3-Tetramethylcyclopent-3-ene-1-butyraldehyde",RESTRICTION,,sí,,0.038,0.011,0.23,0.21,0.054,0.054,0.054,0.054,0.13,0.44,0.44,0.023,0.42,1.5,1.5,0.83,0.83,sin-restriccion,,,49,Not applicable.,2020,"February 10, 2022","February 10, 2021",DERMAL SENSITIZATION,"The scope of this Standard includes, but is not limited to the CAS number(s) indicated above; any other CAS number(s) used to identify this fragrance ingredient should be considered in scope as well.","2-Methyl-4-(2,2,3-trimethylcyclopent-3-en-1-yl)butanal | 3-Cyclopentene-1-butanal, α,2,2,3-tetramethyl- | Florenza (commercial name) | Santafleur (commercial name)",,,,,None to consider,
IFRA_STD_214,Isobutyl N-methylanthranylate,SPECIFICATION,,,sí,,,,,,,,,,,,,,,,,,,,,44,Not applicable.,2009,"August 7, 2010","August 7, 2009",POTENTIAL OF NITROSAMINE FORMATION,"The scope of this Standard includes, but is not limited to the CAS number(s) indicated above; any other CAS number(s) used to identify this fragrance ingredient should be considered in scope as well.","Benzoic acid, 2-(methylamino)-, 2-methylpropyl ester | Isobutyl 2-(methylamino)benzoate",,,,"The material has been identified for having the potential of forming nitrosamines in nitrosating systems. Downstream users therefore have to be notified of the presence of the material and its potential, to be able to consider adequate protective measures.",None to consider,
IFRA_STD_215,p-Methyltetrahydroquinoline,SPECIFICATION,,,sí,,,,,,,,,,,,,,,,,,,,,44,Not applicable.,2009,"August 7, 2010","August 7, 2009",POTENTIAL OF NITROSAMINE FORMATION,"The scope of this Standard includes, but is not limited to the CAS number(s) indicated above; any other CAS number(s) used to identify this fragrance ingredient should be considered in scope as well.","6-Methyl-1,2,3,4-tetrahydroquinoline | Quinoline, 1,2,3,4-tetrahydro-6-methyl- | 1,2,3,4-Tetrahydro-6-methylquinoline | Tetrahydro-p-methylquinoline",,,,"The material has been identified for having the potential of forming nitrosamines in nitrosating systems. Downstream users therefore have to be notified of the presence of the material and its potential, to be able to consider adequate protective measures.",None to consider,
IFRA_STD_216,"1,2,3,4-Tetrahydro-4-methylquinoline",SPECIFICATION,,,sí,,,,,,,,,,,,,,,,,,,,,44,Not applicable.,2009,"August 7, 2010","August 7, 2009",POTENTIAL OF NITROSAMINE FORMATION,"The scope of this Standard includes, but is not limited to the CAS number(s) indicated above; any other CAS number(s) used to identify this fragrance ingredient should be considered in scope as well.","4-Methyl-1,2,3,4-tetrahydroquinoline | Quinoline, 1,2,3,4-tetrahydro-4-methyl- | 1,2,3,4-Tetrahydrolepidine | 1,2,3,4-Tetrahydro-4-methylquinoline",,,,"The material has been identified for having the potential of forming nitrosamines in nitrosating systems. Downstream users therefore have to be notified of the presence of the material and its potential, to be able to consider adequate protective measures.",None to consider,
IFRA_STD_217,4-(4-Hydroxyphenyl)butan-2-one,RESTRICTION,,sí,,0.68,1,0.27,1,1,0.14,0.27,0.045,0.82,0.41,0.41,0.045,1,1,1,0.045,0.045,78,,,49,Not applicable.,2020,"February 10, 2022","February 10, 2021",DEPIGMENTATION,"The scope of this Standard includes, but is not limited to the CAS number(s) indicated above; any other CAS number(s) used to identify this fragrance ingredient should be considered in scope as well.","p-Hydroxybenzylacetone | 1-p-Hydroxyphenyl-3-butanone | 2-Butanone, 4-(4-hydroxyphenyl)- | 4-(p-Hydroxyphenyl)-2-butanone | Raspberry ketone | Corps N 112 (commercial name) | Frambinon (commercial name) | Oxanone (commercial name) | Oxyphenylon (commercial name)",,,,,None to consider,4-(4-Hydroxyphenyl)butan-2-one has been found in natural extracts but only at trace levels.
IFRA_STD_218,Mintlactone,PROHIBITION,sí,,,,,,,,,,,,,,,,,,,,,,,50,Not applicable,2021,"July 30, 2022","August 30, 2021",GENOTOXICITY,"The scope of this Standard includes, but is not limited to the CAS number(s) indicated above; any other CAS number(s) used to identify this fragrance ingredient should be considered in scope as well.","Mintlactone | 2(4H)-Benzofuranone, 5,6,7,7a-tetrahydro-3,6-dimethyl_x0002_3,6-Dimethyl-5,6,7,7a-tetrahydro-1-benzofuran-2(4H)-one | 3,6-Dimethyl-5,6,7,7a-tetrahydro-2(4H)benzo-furanone | 5,6,7,7a-Tetrahydro-3,6-dimethyl-(4H)-benzofuran-2-one | Dehydroxymenthofurolactone | Menthofurolactone | Mint furanone | 2(4H)-Benzofuranone, 5,6,7,7a-tetrahydro-3,6-dimethyl-, (6R,7aR)- | (-)-Mintlactone",This material should not be used as a fragrance ingredient.,,,,None to consider,
IFRA_STD_219,Ethyl isopropyl bicycloheptene-2-carboxylate,RESTRICTION,,sí,,0.15,0.05,0.45,0.94,0.24,0.24,0.24,0.08,0.15,0.61,0.61,0.08,1.8,3,0.15,0.08,0.08,sin-restriccion,,,51,Not applicable,2023,"October 30, 2025","March 30, 2024",DERMAL SENSITIZATION AND SYSTEMIC TOXICITY,"The scope of this Standard includes, but is not limited to the CAS number(s) indicated above; any other CAS number(s) used to identify this fragrance ingredient should be considered in scope as well.","Ethyl isopropyl bicycloheptene-2-carboxylate | (2-endo,3-exo)-Ethyl 3-(1-methylethyl)bicyclo[2.2.1]hept-5-ene-2-carboxylate | (2-endo,3-exo)-Ethyl 3-isopropylbicyclo[2.2.1]hept-5-ene-2-carboxylate | Bicyclo[2.2.1]hept-5-ene-2-carboxylic acid, 3-(1-methylethyl)-, ethyl ester, (2-endo,3-exo)- | Ethyl (2S,3S)-3-isopropylbicyclo[2.2.1]hept-5-ene-2-carboxylate | Bicyclo[2.2.1]hept-5-ene-2-carboxylic acid, 3-(1-methylethyl)-, ethyl ester, (2-exo,3-endo)- | 3-(1-Methyl ethyl) bicyclo(2.2.1) hept-5-ene-2-carboxylic acid ethyl ester | Ethyl (2R,3R)-3-isopropylbicyclo[2.2.1]hept-5-ene-2-carboxylate | Herbanate (commercial name)",,,,,None to consider,
IFRA_STD_220,Tetramethyl bicyclo-2-heptene-2-propionaldehyde,RESTRICTION,,sí,,0.0014,0.11,0.0014,1.3,0.019,0.0014,0.0014,0.00046,0.0014,0.0041,0.0041,0.00046,0.087,0.0096,0.13,0.00046,0.00046,25,,,51,Not applicable,2023,"October 30, 2025","March 30, 2024",DERMAL SENSITIZATION AND SYSTEMIC TOXICITY,"The scope of this Standard includes, but is not limited to the CAS number(s) indicated above; any other CAS number(s) used to identify this fragrance ingredient should be considered in scope as well.","Tetramethyl bicyclo-2-heptene-2-propionaldehyde | .alpha.,.alpha.,6,6-Tetramethyl-2-norpinene-2-propionaldehyde | .alpha.,.alpha.,6,6-Tetramethylbicyclo[3.1.1]hept-2-ene-2-propionaldehyde | .α.,.α.,6,6-Tetramethyl-2-norpinene-2-propionaldehyde | .α.,.α.,6,6-Tetramethylbicyclo[3.1.1]hept-2-ene-2-propionaldehyde | 3-(6,6-Dimethylbicyclo[3.1.1]hept-2-en-2-yl)-2,2-dimethylpropanal | Bicyclo[3.1.1]hept-2-ene-2-propanal, .alpha.,.alpha.,6,6-tetramethyl- | Bicyclo[3.1.1]hept-2-ene-2-propanal, .α.,.α.,6,6-tetramethyl- | PIBA  (commercial name) | Pinyl iso butyraldehyde  (commercial name)",,,,,None to consider,
IFRA_STD_221,"1-(2,2,6-Trimethylcyclohexyl)-3-hexanol",RESTRICTION,,sí,,0.17,0.071,0.51,1.3,0.34,0.34,0.34,0.11,0.17,0.51,0.51,0.11,2.6,0.68,4.7,0.11,0.11,sin-restriccion,,,51,Not applicable,2023,"October 30, 2025","March 30, 2024",DERMAL SENSITIZATION AND SYSTEMIC TOXICITY,"The scope of this Standard includes, but is not limited to the CAS number(s) indicated above; any other CAS number(s) used to identify this fragrance ingredient should be considered in scope as well.","1-(2,2,6-Trimethylcyclohexyl)-3-hexanol | 1-(Trimethylcyclohexyl)-hexanol | 2,2,6-Trimethyl-alpha-propylcyclohexanepropanol | 2,2,6-Trimethyl-α-propylcyclohexanepropanol | Cyclohexanepropanol, 2,2,6-trimethyl-.alpha.-propyl- | Cyclohexanepropanol, 2,2,6-trimethyl-.α.-propyl- | Norlimbanol (commercial name) | Norlimbanol Dextrol (commercial name) | Timberol (commercial name) | Karmawood (commercial name)",,,,,None to consider,
IFRA_STD_222,1-(2-tert.-Butyl cyclohexyloxy)-2-butanol,RESTRICTION,,sí,,0.24,0.071,1.4,1.3,0.34,0.34,0.34,0.11,0.75,2.7,2.7,0.11,2.6,4.5,9.3,0.11,0.11,sin-restriccion,,,51,Not applicable,2023,"October 30, 2025","March 30, 2024",DERMAL SENSITIZATION AND SYSTEMIC TOXICITY,"The scope of this Standard includes, but is not limited to the CAS number(s) indicated above; any other CAS number(s) used to identify this fragrance ingredient should be considered in scope as well.",1-(2-tert.-Butyl cyclohexyloxy)-2-butanol | 1-(2-tert-Butylcyclohexyl)oxybutan-2-ol | 1-[(2-tert-Butylcyclohexyl)oxy]butan-2-ol | 1-(2-t.-Butyl cyclohexyloxy)-2-butanol | 1-(2-t-Butylcyclohexyl)oxybutan-2-ol | 1-[(2-t-Butylcyclohexyl)oxy]butan-2-ol | Amber Core (commercial name) | Coramber (commercial name),,,,,None to consider,
IFRA_STD_223,"3,6,7-Trimethyl-2,6-octadienal",RESTRICTION,,sí,,0.011,0.032,0.023,0.6,0.15,0.034,0.069,0.011,0.011,0.011,0.011,0.011,0.24,0.011,2.4,0.011,0.011,80,,,51,Not applicable,2023,"October 30, 2025","March 30, 2024",DERMAL SENSITIZATION AND SYSTEMIC TOXICITY,"The scope of this Standard includes, but is not limited to the CAS number(s) indicated above; any other CAS number(s) used to identify this fragrance ingredient should be considered in scope as well.","3,6,7-Trimethyl-2,6-octadienal | 2,​6-​Octadienal, 3,​6,​7-​trimethyl-",,,,,None to consider,
IFRA_STD_224,"2,4,4,7-Tetramethyl-6-octen-3-one",RESTRICTION,,sí,,0.34,0.1,2,1.9,0.48,0.48,0.48,0.16,0.45,3.9,3.9,0.16,3.7,10,13,0.16,0.16,sin-restriccion,,,51,Not applicable,2023,"October 30, 2025","March 30, 2024",DERMAL SENSITIZATION AND SYSTEMIC TOXICITY,"The scope of this Standard includes, but is not limited to the CAS number(s) indicated above; any other CAS number(s) used to identify this fragrance ingredient should be considered in scope as well.","2,4,4,7-Tetramethyl-6-octen-3-one | Claritone (commercial name)",,,,,None to consider,
IFRA_STD_225,2-Cyclohexylidene-2-ortho-tolylacetonitrile,RESTRICTION,,sí,,0.066,0.027,0.33,0.52,0.13,0.13,0.13,0.043,0.066,0.99,0.99,0.043,1,0.066,3.6,0.043,0.043,66,,,51,Not applicable,2023,"October 30, 2025","March 30, 2024",DERMAL SENSITIZATION AND SYSTEMIC TOXICITY,"The scope of this Standard includes, but is not limited to the CAS number(s) indicated above; any other CAS number(s) used to identify this fragrance ingredient should be considered in scope as well.","2-Cyclohexylidene-2-ortho-tolylacetonitrile | 2-Cyclohexylidene-2-o-tolylacetonitrile | Benzeneacetonitrile, alpha-cyclohexylidene-2-methyl- | Benzeneacetonitrile, α-cyclohexylidene-2-methyl- | Petalia (commercial name)",,,,,None to consider,
IFRA_STD_226,Ethyl and Methyl furaneol,RESTRICTION,,sí,,0.045,0.014,0.27,0.25,0.064,0.064,0.064,0.021,0.15,0.52,0.52,0.021,0.49,0.98,1.8,0.021,0.021,sin-restriccion,,,51,Not applicable,2023,"October 30, 2025","March 30, 2024",DERMAL SENSITIZATION AND SYSTEMIC TOXICITY,"The scope of this Standard includes, but is not limited to the CAS number(s) indicated above; any other CAS number(s) used to identify this fragrance ingredient should be considered in scope as well.","2-Ethyl-4-hydroxy-5-methylfuran-3-one | Ethyl furaneol | Methyl furaneol | 2-Ethyl-4-hydroxy-5-methyl-3(2H)-furanone | 3(2H)-Furanone, 5-ethyl-4-hydroxy-2-methyl- | 3(2H)-Furanone, 2-ethyl-4-hydroxy-5-methyl- | 5-Ethyl-4-hydroxy-2-methyl-3(2H)-furanone | 5-Ethyl-4-hydroxy-2-methylfuran-3(2H)-one | 2-Ethyl-4-hydroxy-5-methylfuran-3(2H)-one | Homofuraneol | Maltarome (commercial name) | Homofuronol (commercial name)",,,,,None to consider,
IFRA_STD_227,2-Hexylidenecyclohexan-1-one,RESTRICTION,,sí,,0.023,0.0069,0.14,0.13,0.033,0.033,0.033,0.033,0.076,0.26,0.26,0.014,0.25,0.9,0.9,0.5,0.5,sin-restriccion,,,51,Not applicable,2023,"October 30, 2025","March 30, 2024",DERMAL SENSITIZATION,"The scope of this Standard includes, but is not limited to the CAS number(s) indicated above; any other CAS number(s) used to identify this fragrance ingredient should be considered in scope as well.","2-Hexylidenecyclohexan-1-one | 2-Hexylidenecyclohexanone | Cyclohexanone, 2-hexylidene-",,,,,None to consider,
IFRA_STD_228,2-Methyl-2-pentenal,RESTRICTION,,sí,,0.0014,0.00041,0.0083,0.0077,0.002,0.002,0.002,0.00067,0.0045,0.016,0.016,0.00067,0.015,0.054,0.054,0.00067,0.00067,sin-restriccion,,,51,Not applicable,2023,"October 30, 2025","March 30, 2024",DERMAL SENSITIZATION AND SYSTEMIC TOXICITY,"The scope of this Standard includes, but is not limited to the CAS number(s) indicated above; any other CAS number(s) used to identify this fragrance ingredient should be considered in scope as well.","2-Methyl-2-pentenal | 2-Methylpent-2-enal | 2-Pentenal, 2-methyl- | 2,4-Dimethylcrotonaldehyde | α-Methyl-β-ethylacrolein | alpha-Methyl-beta-ethylacrolein",,,,,See Annex,
IFRA_STD_229,2-Octen-4-one,RESTRICTION,,sí,,0.0085,0.0025,0.051,0.047,0.012,0.012,0.012,0.012,0.028,0.096,0.096,0.005,0.092,0.33,0.33,0.18,0.18,sin-restriccion,,,51,Not applicable,2023,"October 30, 2025","March 30, 2024",DERMAL SENSITIZATION,"The scope of this Standard includes, but is not limited to the CAS number(s) indicated above; any other CAS number(s) used to identify this fragrance ingredient should be considered in scope as well.",2-Octen-4-one | Butyl propenyl ketone | Oct-2-en-4-one | Propenyl butyl ketone | Strawbinone (commercial name),,,,,None to consider,
IFRA_STD_231,Methyl lavender ketone,RESTRICTION,,sí,,0.015,0.0044,0.088,0.082,0.021,0.021,0.021,0.021,0.048,0.17,0.17,0.0086,0.16,0.57,0.57,0.32,0.32,sin-restriccion,,,51,Not applicable,2023,"October 30, 2025","March 30, 2024",DERMAL SENSITIZATION,"The scope of this Standard includes, but is not limited to the CAS number(s) indicated above; any other CAS number(s) used to identify this fragrance ingredient should be considered in scope as well.","Methyl lavender ketone | 2-Nonanone, 3-(hydroxymethyl)- | 3-(Hydroxymethyl)nonan-2-one | Herbal ketone | 2-Acetyl-1-octanol | 1-Hydroxydecan-3-one | 3-Decanone, 1-hydroxy | 1-Hydroxy-3-decanone | Ethyl hydroxyheptyl ketone",,,,,None to consider,
IFRA_STD_232,"3,4,5,6,6-Pentamethylhept-3-en-2-one",RESTRICTION,,sí,,0.0095,0.1,0.019,1.9,0.26,0.029,0.0095,0.0032,0.0095,0.086,0.086,0.0032,0.39,0.39,2.6,0.0032,0.0032,sin-restriccion,,,51,Not applicable,2023,"October 30, 2025","March 30, 2024",DERMAL SENSITIZATION AND SYSTEMIC TOXICITY,"The scope of this Standard includes, but is not limited to the CAS number(s) indicated above; any other CAS number(s) used to identify this fragrance ingredient should be considered in scope as well.","3,4,5,6,6-Pentamethylhept-3-en-2-one | 2-Heptanone, 3,5,6,6-tetramethyl-4-methylene- | 3,5,6,6-Tetramethyl-4-methyleneheptan-2-one | 3,5,6,6-Tetramethyl-4-methylideneheptan-2-one | (Z)-3,4,5,6,6-Pentamethylhept-3-en-2-one | 3-Hepten-2-one, 3,4,5,6,6-pentamethyl-, (Z)- | 3-Hepten-2-one, 3,4,5,6,6-pentamethyl- | (E)-3,4,5,6,6-Pentamethylhept-3-en-2-one | 3-Hepten-2-one, 3,4,5,6,6-pentamethyl-, (E)- | Acetyl Diisoamylene (commercial name) | Koavone (commercial name)",,,,,None to consider,
IFRA_STD_233,3-Methyl-5-phenylpent-2-enenitrile,RESTRICTION,,sí,,0.021,0.0062,0.12,0.12,0.029,0.029,0.029,0.0097,0.065,0.24,0.24,0.0097,0.23,0.81,0.81,0.0097,0.0097,65,,,51,Not applicable,2023,"October 30, 2025","March 30, 2024",DERMAL SENSITIZATION AND SYSTEMIC TOXICITY,"The scope of this Standard includes, but is not limited to the CAS number(s) indicated above; any other CAS number(s) used to identify this fragrance ingredient should be considered in scope as well.","3-Methyl-5-phenylpent-2-enenitrile | 2-Pentenenitrile, 3-methyl-5-phenyl- (isomer unspecified) | (Z)-3-Methyl-5-phenylpent-2-enenitrile | 2-Pentenenitrile, 3-methyl-5-phenyl-, (Z)- | (E)-3-Methyl-5-phenylpent-2-enenitrile | 2-Pentenenitrile, 3-methyl-5-phenyl-, (E)- | Citronitrile (commercial name)",,,,,None to consider,
IFRA_STD_234,3-Octen-2-one,RESTRICTION,,sí,,0.0085,0.0025,0.051,0.047,0.012,0.012,0.012,0.012,0.028,0.096,0.096,0.005,0.092,0.33,0.33,0.18,0.18,sin-restriccion,,,51,Not applicable,2023,"October 30, 2025","March 30, 2024",DERMAL SENSITIZATION,"The scope of this Standard includes, but is not limited to the CAS number(s) indicated above; any other CAS number(s) used to identify this fragrance ingredient should be considered in scope as well.",3-Octen-2-one | Oct-3-en-2-one | Methyl hexenyl ketone | 1-Hexenyl methyl ketone,,,,,None to consider,
IFRA_STD_235,Dimethyl octenone,RESTRICTION,,sí,,0.18,0.1,0.37,1.9,0.48,0.37,0.48,0.12,0.18,0.55,0.55,0.12,1.5,0.73,2.4,0.12,0.12,sin-restriccion,,,51,Not applicable,2023,"October 30, 2025","March 30, 2024",DERMAL SENSITIZATION AND SYSTEMIC TOXICITY,"The scope of this Standard includes, but is not limited to the CAS number(s) indicated above; any other CAS number(s) used to identify this fragrance ingredient should be considered in scope as well.","Dimethyl octenone | 4,7-Dimethyloct-6-en-3-one | 6-Octen-3-one, 4,7-dimethyl-",,,,,None to consider,
IFRA_STD_236,Isopentylcyclohexanone,RESTRICTION,,sí,,0.027,0.008,0.16,0.15,0.038,0.038,0.038,0.013,0.061,0.24,0.24,0.013,0.29,0.061,1.1,0.013,0.013,61,,,51,Not applicable,2023,"October 30, 2025","March 30, 2024",DERMAL SENSITIZATION AND SYSTEMIC TOXICITY,"The scope of this Standard includes, but is not limited to the CAS number(s) indicated above; any other CAS number(s) used to identify this fragrance ingredient should be considered in scope as well.","Isopentylcyclohexanone | 4-(1,1-Dimethylpropyl)cyclohexanone | 4-t-Amylcyclohexanone | 4-tert-Amylcyclohexanone | 4-tert-Pentylcyclohexanone | Cyclohexanone, 4-(1,1-dimethylpropyl)- | p-tert Amyl cyclohexanone | Orris hexanone | 4-(2-Methylbutan-2-yl)cyclohexan-1-one | Orivone (commercial name)",,,,,None to consider,
IFRA_STD_237,Woody furan,RESTRICTION,,sí,,0.17,0.05,1,0.94,0.24,0.24,0.24,0.08,0.56,1.9,1.9,0.08,1.8,4.1,6.6,0.08,0.08,sin-restriccion,,,51,Not applicable,2023,"October 30, 2025","March 30, 2024",DERMAL SENSITIZATION AND SYSTEMIC TOXICITY,"The scope of this Standard includes, but is not limited to the CAS number(s) indicated above; any other CAS number(s) used to identify this fragrance ingredient should be considered in scope as well.","Woody furan | 2,6,6,7,8,8-hexamethyldecahydro-2H-indeno[4,5-b]furan | Decahydro-2,6,6,7,8,8-hexamethyl-2H-indeno[4,5-b]furan | 8H-Indeno(4,5-B)furan,2,3,3a,4,5,5a,6,7,8a,9-decahydro-2,6,6,7,8,8-hexamethyl (mixture of isomers) | 1H-Indene, 2,3,3a,4,5,7a-hexahydro-1,1,2,3,3-pentamethyl-6-(2-propenyl)- | Tris amber super (commercial name) | Trisamber (commercial name)",,,,,None to consider,
IFRA_STD_238,Allyl 3-cyclohexylpropionate,RESTRICTION_SPECIFICATION,,sí,sí,0.085,0.025,0.35,0.47,0.12,0.12,0.12,0.04,0.28,0.7,0.7,0.04,0.92,0.7,3.3,0.04,0.04,sin-restriccion,,,51,Not applicable,2023,"October 30, 2025","March 30, 2024",DERMAL SENSITIZATION AND SYSTEMIC TOXICITY,"The scope of this Standard includes, but is not limited to the CAS number(s) indicated above; any other CAS number(s) used to identify this fragrance ingredient should be considered in scope as well.","Allyl 3-cyclohexylpropionate | 2-Propen-1-yl cyclohexanepropionate | Allyl 3-cyclohexylpropanoate | Allyl beta-cyclohexylpropionate | Allyl β-cyclohexylpropionate | Allyl cyclohexanepropionate | Allyl cyclohexylpropionate | Allyl hexahydrophenylpropionate | Cyclohexanepropionic acid, 2-propenyl ester | Prop-2-enyl 3-cyclohexylpropanoate | Cyclohexylpropionic acid allyl ester",,,,"According to the IFRA Specification Standard of Allyl esters, Allyl esters should only be used when the level of free Allylalcohol in the ester is less than 0.1%. This recommendation is based on the delayed irritant potential of Allylalcohol. Please also refer to the IFRA Specification Standard Allyl esters.",None to consider,
IFRA_STD_239,alpha-Amylcinnamicaldehyde diethyl acetal,RESTRICTION,,sí,,0.063,0.019,0.38,0.35,0.089,0.089,0.089,0.089,0.21,0.72,0.72,0.037,0.69,2.5,2.5,1.4,1.4,sin-restriccion,,,51,Not applicable,2023,"October 30, 2025","March 30, 2024",DERMAL SENSITIZATION,"The scope of this Standard includes, but is not limited to the CAS number(s) indicated above; any other CAS number(s) used to identify this fragrance ingredient should be considered in scope as well.","alpha-Amylcinnamicaldehyde diethyl acetal | α-Amylcinnamicaldehyde diethyl acetal | [2-(Diethoxymethyl)hept-1-en-1-yl]benzene | 1,1-Diethoxy-2-amyl-3-phenyl-2-propene | 1,1-Diethoxy-2-amyl-3-phenylacrolein | 2-Diethoxymethyl-1-phenylhept-1-ene | Benzene, [2-(diethoxymethyl)-1-heptenyl]- | 2-(Diethoxymethyl)hept-1-enylbenzene",,,,,None to consider,
IFRA_STD_240,alpha-Amylcinnamicaldehyde dimethyl acetal,RESTRICTION,,sí,,0.063,0.019,0.38,0.35,0.089,0.089,0.089,0.089,0.21,0.72,0.72,0.037,0.69,2.5,2.5,1.4,1.4,sin-restriccion,,,51,Not applicable,2023,"October 30, 2025","March 30, 2024",DERMAL SENSITIZATION,"The scope of this Standard includes, but is not limited to the CAS number(s) indicated above; any other CAS number(s) used to identify this fragrance ingredient should be considered in scope as well.","alpha-Amylcinnamicaldehyde dimethyl acetal | α-Amylcinnamicaldehyde dimethyl acetal | alpha-Amylcinnamaldehyde dimethyl acetal | α-Amylcinnamaldehyde dimethyl acetal | [2-(Dimethoxymethyl)hept-1-en-1-yl]benzene | 1,1-Dimethoxy-2-amyl-3-phenyl-2-propene | 1,1-Dimethoxy-2-benzylideneheptane | alpha-Amyl-beta-phenylacrolein dimethyl acetal | α-Amyl-β-phenylacrolein dimethyl acetal | alpha-Pentylcinnamaldehyde dimethyl acetal | α-Pentylcinnamaldehyde dimethyl acetal | Benzene, [2-(dimethoxymethyl)-1-heptenyl]- | [2-(Dimethoxymethyl)-1-heptenyl]benzene",,,,,None to consider,
IFRA_STD_241,alpha-Cyclohexylidene benzeneacetonitrile,RESTRICTION,,sí,,0.052,0.027,0.47,0.52,0.13,0.13,0.13,0.043,0.052,0.94,0.94,0.043,1,2.9,3.6,0.043,0.043,sin-restriccion,,,51,Not applicable,2023,"October 30, 2025","March 30, 2024",DERMAL SENSITIZATION AND SYSTEMIC TOXICITY,"The scope of this Standard includes, but is not limited to the CAS number(s) indicated above; any other CAS number(s) used to identify this fragrance ingredient should be considered in scope as well.","alpha-Cyclohexylidene benzeneacetonitrile | α-Cyclohexylidene benzeneacetonitrile | .delta.1,.alpha.-Cyclohexaneacetonitrile, .alpha.-phenyl- | .δ.1,.α.-Cyclohexaneacetonitrile, .α.-phenyl- | 2-Cyclohexylidene-2-phenylacetonitrile | Benzeneacetonitrile, alpha-cyclohexylidene- | Benzeneacetonitrile, α-cyclohexylidene- | Peonile (commercial name) | Rosinile (commercial name) | Sensinile (commercial name)",,,,,None to consider,
IFRA_STD_242,5-Hexen-1-yl 2-methylbutanoate,RESTRICTION,,sí,,0.12,0.034,0.69,0.64,0.16,0.16,0.16,0.16,0.38,1.3,1.3,0.068,1.3,4.5,4.5,2.5,2.5,sin-restriccion,,,51,Not applicable,2023,"October 30, 2025","March 30, 2024",DERMAL SENSITIZATION,"The scope of this Standard includes, but is not limited to the CAS number(s) indicated above; any other CAS number(s) used to identify this fragrance ingredient should be considered in scope as well.","5-Hexen-1-yl 2-methylbutanoate | Hex-5-en-1-yl 2-methylbutanoate | Butanoic acid, 2-​methyl-​, 5-​hexen-​1-​yl ester | Fructate (commercial name)",,,,,None to consider,
IFRA_STD_243,Carvyl acetate,RESTRICTION,,sí,,0.042,0.013,0.25,0.24,0.06,0.06,0.06,0.06,0.14,0.48,0.48,0.025,0.46,1.7,1.7,0.92,0.92,sin-restriccion,,,51,Not applicable,2023,"October 30, 2025","March 30, 2024",DERMAL SENSITIZATION,"The scope of this Standard includes, but is not limited to the CAS number(s) indicated above; any other CAS number(s) used to identify this fragrance ingredient should be considered in scope as well.","Carvyl acetate | 2-Cyclohexen-1-ol, 2-methyl-5-(1-methylethenyl)-, acetate | 5-Isopropenyl-2-methylcyclohex-2-en-1-yl acetate | p-Mentha-6,8-dien-2-yl acetate | p-Mentha-6,8-dien-2-ol, acetate | 2-Cyclohexen-1-ol, 2-methyl-5-(1-methylethenyl)-, acetate, cis- | 5-Isopropenyl-2-methylcyclohex-2-en-1-yl acetate, cis- | p-Mentha-6,8-dien-2-ol, acetate, cis- | l-1-p-Mentha-6,8(9)-dien-2-yl acetate | cis-Carvyl acetate | laevo-Carvyl acetate | 1-Carvyl acetate | cis-2-Methyl-5-(1-methylvinyl)cyclohex-2-en-1-yl acetate | 2-Cyclohexen-1-ol, 2-methyl-5-(1-methylethenyl)-, acetate, trans- | 5-Isopropenyl-2-methyl-2-cyclohexen-1-yl acetate, trans- | p-Mentha-6,8-dien-2-ol, acetate, trans- | trans-Carvyl acetate | (E)-Carvyl acetate | Carvyl acetate E",,,,,See Annex,
IFRA_STD_244,cis-3-Heptenyl acetate,RESTRICTION,,sí,,0.077,0.023,0.46,0.43,0.11,0.11,0.11,0.037,0.25,0.88,0.88,0.037,0.84,3,3,0.037,0.037,sin-restriccion,,,51,Not applicable,2023,"October 30, 2025","March 30, 2024",DERMAL SENSITIZATION AND SYSTEMIC TOXICITY,"The scope of this Standard includes, but is not limited to the CAS number(s) indicated above; any other CAS number(s) used to identify this fragrance ingredient should be considered in scope as well.","cis-3-Heptenyl acetate | (Z)-Hept-3-enyl acetate | 3-Hepten-1-ol, acetate, (Z)- | Hept-3-en-1-yl acetate | 3-Hepten-1-yl acetate | (Z)-3-hepten-1-yl acetate | Violana (commercial name)",,,,,None to consider,
IFRA_STD_245,cis-3-Hexenyl isovalerate,RESTRICTION,,sí,,0.077,0.023,0.46,0.43,0.11,0.11,0.11,0.037,0.25,0.88,0.88,0.037,0.84,1.8,3,0.037,0.037,sin-restriccion,,,51,Not applicable,2023,"October 30, 2025","March 30, 2024",DERMAL SENSITIZATION AND SYSTEMIC TOXICITY,"The scope of this Standard includes, but is not limited to the CAS number(s) indicated above; any other CAS number(s) used to identify this fragrance ingredient should be considered in scope as well.","cis-3-Hexenyl isovalerate | (Z)-Hex-3-enyl isovalerate | Hex-3-en-1-yl 3-methylbutanoate | Isovaleric acid, 3-hexenyl ester, (z)- | (Z)-3-Hexen-1-yl isovalerate",,,,,See Annex,
IFRA_STD_246,cis-3-Hexenyl methyl carbonate,RESTRICTION,,sí,,0.1,0.03,0.6,0.56,0.14,0.14,0.14,0.047,0.33,1.1,1.1,0.047,1.1,3.9,3.9,0.047,0.047,sin-restriccion,,,51,Not applicable,2023,"October 30, 2025","March 30, 2024",DERMAL SENSITIZATION AND SYSTEMIC TOXICITY,"The scope of this Standard includes, but is not limited to the CAS number(s) indicated above; any other CAS number(s) used to identify this fragrance ingredient should be considered in scope as well.","cis-3-Hexenyl methyl carbonate | Carbonic acid, 3-hexenyl methyl ester, (Z)- | cis-3-Hexenyl carbonate | cis-3-Hexenyl methyl carbonate | Hex-3-en-1-yl methyl carbonate | Methyl cis-3-hexenyl carbonate | (Z)-3-Hexen-1-yl methyl carbonate | Liffarome (commercial name) | Leafovert (commercial name) | Vertelione (commercial name)",,,,,None to consider,
IFRA_STD_247,cis-3-Nonenyl acetate,RESTRICTION,,sí,,0.077,0.023,0.46,0.43,0.11,0.11,0.11,0.037,0.25,0.88,0.88,0.037,0.84,3,3,0.037,0.037,sin-restriccion,,,51,Not applicable,2023,"October 30, 2025","March 30, 2024",DERMAL SENSITIZATION AND SYSTEMIC TOXICITY,"The scope of this Standard includes, but is not limited to the CAS number(s) indicated above; any other CAS number(s) used to identify this fragrance ingredient should be considered in scope as well.","cis-3-Nonenyl acetate | (Z)-3-Nonenyl acetate | 3-Nonen-1-ol, acetate, (3Z)- | (Z)-3-Nonen-1-yl acetate | Acetic acid 3-nonenyl ester | Pear acetate (commercial name)",,,,,None to consider,
IFRA_STD_248,Citronellyl acetate,RESTRICTION,,sí,,0.49,0.15,2,2.7,0.7,0.7,0.7,0.23,0.82,2.4,2.4,0.23,5.4,0.41,16,0.23,0.23,sin-restriccion,,,51,Not applicable,2023,"October 30, 2025","March 30, 2024",DERMAL SENSITIZATION AND SYSTEMIC TOXICITY,"The scope of this Standard includes, but is not limited to the CAS number(s) indicated above; any other CAS number(s) used to identify this fragrance ingredient should be considered in scope as well.","Citronellyl acetate | 3,7-Dimethyl-6-octen-1-ol acetate | 3,7-Dimethyl-6-octen-1-yl acetate | 3,7-Dimethyloct-6-en-1-yl acetate | 6-Octen-1-ol, 3,7-dimethyl-, acetate | Acetic acid, citronellyl ester | laevo-Citronellyl acetate | 3,7-Dimethyloct-6-enyl acetate | 6-Octen-1-ol, 3,7-dimethyl-, 1-acetate (3S)- | 6-Octen-1-ol, 3,7-dimethyl-, acetate (S)- | (S)-3,7-Dimethyloct-6-en-1-yl acetate | (-)-3,7-dimethyloct-6-enyl acetate | alpha-Citronellyl acetate | 3,7-Dimethyl-(6-or 7-)octen-1-yl acetate | 3,7-Dimethyl-(6-or 7-)octen-1-yl ethanoate | 3,7-Dimethyloct-7-en-1-yl acetate | 7-Octen-1-ol, 3,7-dimethyl-, acetate | 3,7-Dimethyl-7-octen-1-yl acetate | 3,7-Dimethyl-7-octen-1-yl ethanoate | (S)-3,7-Dimethyloct-7-enyl acetate | Rhodinyl acetate | Rhodinyl ethanoate | l-Citronellyl acetate (commercial name)",,,,,See Annex,
IFRA_STD_249,Cyclohexadecanone,RESTRICTION,,sí,,0.25,0.23,4.4,4.3,1.1,1.1,1.1,0.37,0.25,7.4,7.4,0.37,8.4,0.98,13,0.37,0.37,sin-restriccion,,,51,Not applicable,2023,"October 30, 2025","March 30, 2024",DERMAL SENSITIZATION AND SYSTEMIC TOXICITY,"The scope of this Standard includes, but is not limited to the CAS number(s) indicated above; any other CAS number(s) used to identify this fragrance ingredient should be considered in scope as well.",Cyclohexadecanone | Homoexaltone | Isomuscone (commercial name),,,,,None to consider,
IFRA_STD_250,Cyclohexadecenone,RESTRICTION,,sí,,0.43,0.23,2.2,4.3,1.1,1.1,0.43,0.14,0.43,3.5,3.5,0.14,8.4,7.3,30,0.14,0.14,sin-restriccion,,,51,Not applicable,2023,"October 30, 2025","March 30, 2024",DERMAL SENSITIZATION AND SYSTEMIC TOXICITY,"The scope of this Standard includes, but is not limited to the CAS number(s) indicated above; any other CAS number(s) used to identify this fragrance ingredient should be considered in scope as well.","Cyclohexadecenone | Cyclohexadec-2-en-1-one | Cyclohexadec-8(7)-en-1-one | 8-Cyclohexadecen-1-one, (8E) | (Z)-Cyclohexadec-8-enone | 7-Cyclohexadecen-1-one | 8-Cyclohexadecen-1-one | Cyclohexadec-8-en-1-one mixture of cis and trans isomer | Cyclohexadec-8-en-1-one | 8-Cyclohexadecen-1-one, (8Z) | 8-Cyclohexadecen-1-one, (Z) | (Z)-8-Cyclohexadecen-1-one | 8-Cyclohexadecenone | cis-Cyclohexadec-8-en-1-on | 8-cis-Cyclohexadecen-1-on | 7-Cyclohexadecen-1-one, (7Z) | 7-Cyclohexadecen-1-one, (7E) | (E)-Cyclohexadec-7-enone | Globanone (commercial name) | Aurelione (commercial name)",,,,,None to consider,
IFRA_STD_251,"1-(2,2,6-Trimethylcyclohexyl)-3-pentanol",RESTRICTION,,sí,,0.096,0.071,1.4,1.3,0.34,0.34,0.096,0.032,0.096,2.7,2.7,0.032,2.6,3.4,9.3,0.032,0.032,sin-restriccion,,,51,Not applicable,2023,"October 30, 2025","March 30, 2024",DERMAL SENSITIZATION AND SYSTEMIC TOXICITY,"The scope of this Standard includes, but is not limited to the CAS number(s) indicated above; any other CAS number(s) used to identify this fragrance ingredient should be considered in scope as well.","1-(2,2,6-Trimethylcyclohexyl)-3-pentanol | Cyclohexanepropanol, α-ethyl-2,2,6-trimethyl- | Cyclohexanepropanol, alpha-ethyl-2,2,6-trimethyl- | alpha-Ethyl-2,2,6-trimethylcyclohexanepropanol | α-Ethyl-2,2,6-trimethylcyclohexanepropanol | .alpha.,.beta.,2,2,6-Pentamethylcyclohexanepropanol | .α.,.β.,2,2,6-Pentamethylcyclohexanepropanol | 3-Methyl-4-(2,2,6-trimethylcyclohexyl)butan-2-ol | 4-(2,6,6-Trimethylcyclohexyl)-3-methylbutan-2-ol | Cyclohexanepropanol, .α.,.β.,2,2,6-pentamethyl- | Cyclohexanepropanol, .alpha.,.beta.,2,2,6-pentamethyl- | Methyltetrahydroionol | Iso-methyl tetrahydroionol | Madranol (commercial name)",,,,,None to consider,
IFRA_STD_252,(Ethoxymethoxy)-cyclododecane,RESTRICTION,,sí,,0.27,0.08,1.6,1.5,0.38,0.38,0.38,0.13,0.49,3.1,3.1,0.13,2.9,11,11,0.13,0.13,sin-restriccion,,,51,Not applicable,2023,"October 30, 2025","March 30, 2024",DERMAL SENSITIZATION AND SYSTEMIC TOXICITY,"The scope of this Standard includes, but is not limited to the CAS number(s) indicated above; any other CAS number(s) used to identify this fragrance ingredient should be considered in scope as well.","(Ethoxymethoxy)-cyclododecane | Cyclododecane, (ethoxymethoxy)- | Formaldehyde cyclododecyl ethyl acetal | Amber decane | Amberwood | 2-Cyclododecyl propanol | Amberwood F (commercial name) | Boisambrene forte (commercial name)",,,,,None to consider,
IFRA_STD_253,"6-Hydroxy-2,6-dimethylheptanal",RESTRICTION,,sí,,0.22,0.066,1.3,1.2,0.32,0.32,0.32,0.11,0.73,1.8,1.8,0.11,2.4,0.91,8.7,0.11,0.11,sin-restriccion,,,51,Not applicable,2023,"October 30, 2025","March 30, 2024",DERMAL SENSITIZATION AND SYSTEMIC TOXICITY,"The scope of this Standard includes, but is not limited to the CAS number(s) indicated above; any other CAS number(s) used to identify this fragrance ingredient should be considered in scope as well.","6-Hydroxy-2,6-dimethylheptanal | Heptanal, 6-​hydroxy-​2,​6-​dimethyl-",,,,,None to consider,
IFRA_STD_254,Isobutyl cinnamate,RESTRICTION,,sí,,0.22,0.066,1.3,1.2,0.32,0.32,0.32,0.11,0.73,2.5,2.5,0.11,2.4,0.55,0.55,0.11,0.11,sin-restriccion,,,51,Not applicable,2023,"October 30, 2025","March 30, 2024",DERMAL SENSITIZATION AND SYSTEMIC TOXICITY,"The scope of this Standard includes, but is not limited to the CAS number(s) indicated above; any other CAS number(s) used to identify this fragrance ingredient should be considered in scope as well.","Isobutyl cinnamate | 2-Methylpropyl 3-phenylpropenoate | 2-Methylpropyl beta-phenylacrylate | 2-Methylpropyl β-phenylacrylate | 2-Methylpropyl cinnamate | 2-Propenoic acid, 3-phenyl-, 2-methylpropyl ester | Isobutyl 3-phenylacrylate | Isobutyl 3-phenylpropenoate | Isobutyl beta-phenylacrylate | Labdanol | 3-Phenylpropenoic acid isobutyl ester | 2-methylpropyl (E)-3-phenylprop-2-enoate",,,,,None to consider,
IFRA_STD_255,Isoeugenyl acetate,RESTRICTION,,sí,,0.18,0.053,0.061,0.99,0.25,0.061,0.082,0.02,0.02,0.061,0.061,0.02,0.2,0.061,0.45,0.02,0.02,16,,,51,Not applicable,2023,"October 30, 2025","March 30, 2024",DERMAL SENSITIZATION AND SYSTEMIC TOXICITY,"The scope of this Standard includes, but is not limited to the CAS number(s) indicated above; any other CAS number(s) used to identify this fragrance ingredient should be considered in scope as well.","Isoeugenyl acetate | 2-Methoxy-4-prop-1-en-1-ylphenyl acetate | 2-Methoxy-4-propenylphenyl acetate | 4-Acetoxy-3-methoxy-1-(1-propen-1-yl)benzene | Acetisoeugenol | Acetyl isoeugenol | Isoeugenol acetate | Phenol, 2-methoxy-4-(1-propenyl)-, acetate | 1-Acetoxy-2-methoxy-4-(1-propenyl)benzene | Acetic acid isoeugenyl ester",,,,,See Annex,
IFRA_STD_256,4-Methyl-1-propan-2-ylbicyclo[2.2.2]oct-2-ene-8-carboxylate,RESTRICTION,,sí,,0.17,0.05,0.85,0.94,0.24,0.24,0.24,0.08,0.17,0.85,0.85,0.08,1.8,2,6.6,0.08,0.08,sin-restriccion,,,51,Not applicable,2023,"October 30, 2025","March 30, 2024",DERMAL SENSITIZATION AND SYSTEMIC TOXICITY,"The scope of this Standard includes, but is not limited to the CAS number(s) indicated above; any other CAS number(s) used to identify this fragrance ingredient should be considered in scope as well.","4-Methyl-1-propan-2-ylbicyclo[2.2.2]oct-2-ene-8-carboxylate | Bicyclo[2.2.2]oct-5-ene-2-carboxylic acid, 1(or 4)-methyl-4(or 1)-(1-methylethyl)-, methyl ester | Methyl 4(or 1)-isopropyl-1(or 4)-methylbicyclo[2.2.2]oct-5-ene-2-carboxylate | Mahagonat  (commercial name) | Poivrol (commercial name)",,,,,None to consider,
IFRA_STD_257,Methyl vanillyl ether,RESTRICTION,,sí,,0.065,0.08,0.065,1.5,0.38,0.065,0.065,0.022,0.065,0.065,0.065,0.022,2.9,5.8,11,0.022,0.022,sin-restriccion,,,51,Not applicable,2023,"October 30, 2025","March 30, 2024",DERMAL SENSITIZATION AND SYSTEMIC TOXICITY,"The scope of this Standard includes, but is not limited to the CAS number(s) indicated above; any other CAS number(s) used to identify this fragrance ingredient should be considered in scope as well.","Methyl vanillyl ether | 2-Methoxy-4-(methoxymethyl)phenol | Phenol, 2-methoxy-4-(methoxymethyl)- | 4-Hydroxy-3-methoxybenzyl methyl ether | Mevanyl (commercial name) | Vani-White (commercial name)",,,,,None to consider,
IFRA_STD_258,Myraldyl acetate,RESTRICTION,,sí,,0.077,0.023,0.46,0.43,0.11,0.11,0.11,0.11,0.25,0.88,0.88,0.045,0.84,3,3,1.7,1.7,sin-restriccion,,,51,Not applicable,2023,"October 30, 2025","March 30, 2024",DERMAL SENSITIZATION,"The scope of this Standard includes, but is not limited to the CAS number(s) indicated above; any other CAS number(s) used to identify this fragrance ingredient should be considered in scope as well.","Myraldyl acetate | 3(or 4)-(4-Methylpenten-3-yl)cyclohex-3-ene-1-methyl acetate | 3-Cyclohexene-1-methanol, 3(or 4)-(4-methyl-3-pentenyl)-, acetate | 4(or 3)-(4-Methyl-3-pentenyl)-3-cyclohexenylmethyl acetate & isomers",,,,,None to consider,
IFRA_STD_259,Octahydro-dimethylnaphthalene-2-carbaldehyde (mixed isomers),RESTRICTION,,sí,,0.38,0.11,2.3,2.1,0.54,0.54,0.54,0.54,1.3,4.4,4.4,0.23,4.2,15,15,8.3,8.3,sin-restriccion,,,51,Not applicable,2023,"October 30, 2025","March 30, 2024",DERMAL SENSITIZATION,"The scope of this Standard includes, but is not limited to the CAS number(s) indicated above; any other CAS number(s) used to identify this fragrance ingredient should be considered in scope as well.","2-Naphthalenecarboxaldehyde, octahydro-8,8-dimethyl- | Dimethyloctahydro-2-naphthaldehyde | Octahydro-8,8-dimethyl-2-naphthalenecarboxaldehyde | Octahydro-8,8-dimethylnaphthalene-2-carbaldehyde | 2-Naphthalenecarboxaldehyde, octahydro-5,5-dimethyl- | Octahydro-5,5-dimethylnaphthalene-2-carbaldehyde | 1,2,3,4,5,6,7,8-Octahydro-5,5-dimethylnaphthalene-2-carbaldehyde | 2-Naphthalenecarboxaldehyde, 1,2,3,4,5,6,7,8-octahydro-5,5-dimethyl- | 5,5-Dimethyl-1,2,3,4,5,6,7,8-octahydro-2-naphthalenecarboxaldehyde | 1,2,3,4,5,6,7,8-Octahydro-8,8-dimethyl-2-naphthaldehyde | 2-Naphthalenecarboxaldehyde, 1,2,3,4,5,6,7,8-octahydro-8,8-dimethyl- | 8,8-Dimethyl-1,2,3,4,5,6,7,8-octahydro-2-naphthalenecarboxaldehyde | Cyclomeral (commercial name) | Cyclomyral (commercial name) | Melafleur (commercial name) | Cyclemone A (commercial name)",,,,,None to consider,
IFRA_STD_260,p-Cresol,RESTRICTION,,sí,,0.005,0.005,0.005,0.005,0.005,0.005,0.005,0.0017,0.005,0.005,0.005,0.0017,0.005,0.005,0.005,0.0017,0.0017,sin-restriccion,,,51,Not applicable,2023,"October 30, 2025","March 30, 2024",DEPIGMENTATION,"The scope of this Standard includes, but is not limited to the CAS number(s) indicated above; any other CAS number(s) used to identify this fragrance ingredient should be considered in scope as well.","p-Cresol | 1-Hydroxy-4-methylbenzene | 1-Methyl-4-hydroxybenzene | 4-Cresol | 4-Methylphenol | para-Cresol | p-Cresylic acid | Phenol, 4-methyl- | p-Hydroxytoluene | p-Methylphenol | Cresols | Cresol (mixed isomers) | Cresol, pure | Methylphenol | Mixed cresols | Phenol, methyl-",,,,,See Annex,
IFRA_STD_261,Phenoxyacetaldehyde,RESTRICTION,,sí,,0.045,0.014,0.27,0.25,0.064,0.064,0.064,0.021,0.15,0.24,0.24,0.021,0.49,0.48,1.8,0.021,0.021,sin-restriccion,,,51,Not applicable,2023,"October 30, 2025","March 30, 2024",DERMAL SENSITIZATION AND SYSTEMIC TOXICITY,"The scope of this Standard includes, but is not limited to the CAS number(s) indicated above; any other CAS number(s) used to identify this fragrance ingredient should be considered in scope as well.","Phenoxyacetaldehyde | Acetaldehyde, phenoxy- | Cortex aldehyde 50 | 2-Phenoxyacetaldehyde | Acetaldehyde, 2-phenoxy-",,,,,None to consider,
IFRA_STD_262,Carvomenthone,RESTRICTION,,sí,,0.0019,0.0019,0.0019,1.9,0.079,0.0019,0.019,0.00064,0.027,0.0019,0.0019,0.00064,0.054,0.0019,0.0019,0.00064,0.00064,0.0019,,,51,Not applicable,2023,"October 30, 2025","March 30, 2024",DERMAL SENSITIZATION AND SYSTEMIC TOXICITY,"The scope of this Standard includes, but is not limited to the CAS number(s) indicated above; any other CAS number(s) used to identify this fragrance ingredient should be considered in scope as well.","Carvomenthone | trans-p-Menthan-2-one | p-Menthan-2-one | trans-5-Isopropyl-2-methylcyclohexan-1-one | 5-Isopropyl-2-methylcyclohexanone | Cyclohexanone, 2-methyl-5-(1-methylethyl)-, trans- | Tetrahydrocarvone | Cyclohexanone, 2-​methyl-​5-​(1-​methylethyl)​-",,,,,None to consider,
IFRA_STD_263,4-tert-Butylcyclohexanone,RESTRICTION,,sí,,0.027,0.008,0.16,0.15,0.038,0.038,0.038,0.013,0.088,0.26,0.26,0.013,0.29,0.13,0.52,0.013,0.013,58,,,51,Not applicable,2023,"October 30, 2025","March 30, 2024",DERMAL SENSITIZATION AND SYSTEMIC TOXICITY,"The scope of this Standard includes, but is not limited to the CAS number(s) indicated above; any other CAS number(s) used to identify this fragrance ingredient should be considered in scope as well.","4-tert-Butylcyclohexanone | para-tert-Butylcyclohexanone | p-tert-Butylcyclohexanone | Cyclohexanone, 4-(1,1-dimethylethyl)-",,,,,None to consider,
IFRA_STD_264,"7-Methoxy-3,7-dimethyloct-1-ene",RESTRICTION,,sí,,0.00001,0.00001,0.00001,0.00001,0.042,0.00001,0.00001,0.0000033,0.00001,0.00001,0.00001,0.0000033,0.0042,0.00001,0.61,0.0000033,0.0000033,0.1,,,51,Not applicable,2023,"October 30, 2025","March 30, 2024",SYSTEMIC TOXICITY,"The scope of this Standard includes, but is not limited to the CAS number(s) indicated above; any other CAS number(s) used to identify this fragrance ingredient should be considered in scope as well.","7-Methoxy-3,7-dimethyloct-1-ene | 1-Octene, 7-methoxy-3,7-dimethyl-",,,,,None to consider,
IFRA_STD_265,Methoxycyclododecane,RESTRICTION,,sí,,0.00001,0.023,0.0015,0.43,0.018,0.0046,0.00001,0.0000033,0.00001,0.012,0.012,0.0000033,0.026,0.0092,0.16,0.0000033,0.0000033,0.18,,,51,Not applicable,2023,"October 30, 2025","March 30, 2024",SYSTEMIC TOXICITY,"The scope of this Standard includes, but is not limited to the CAS number(s) indicated above; any other CAS number(s) used to identify this fragrance ingredient should be considered in scope as well.","Methoxycyclododecane | Cyclododecane, methoxy- | Cyclododecyl methyl ether | Palisandin",,,,,None to consider,
IFRA_STD_266,"3-Acetyl-2,5-dimethylfuran",PROHIBITION,sí,,,,,,,,,,,,,,,,,,,,,,,51,Not applicable,2023,"July 30, 2024","August 30, 2023",GENOTOXICITY,"The scope of this Standard includes, but is not limited to the CAS number(s) indicated above; any other CAS number(s) used to identify this fragrance ingredient should be considered in scope as well.","3-Acetyl-2,5-dimethylfuran | 1-(2,5-Dimethyl-3-furyl)ethanone | 2,5-Dimethyl-3-acetylfuran | Ethanone, 1-(2,5-dimethyl-3-furanyl)-",This material should not be used as a fragrance ingredient.,,,,None to consider,
IFRA_STD_267,"2,5-Octadien-4-one, 5,6,7-trimethyl-, (2E)-",RESTRICTION,,sí,,0.019,0.0057,0.12,0.11,0.027,0.027,0.027,0.027,0.063,0.22,0.22,0.011,0.21,0.75,0.75,0.42,0.42,sin-restriccion,,,51,Not applicable,2023,"October 30, 2025","March 30, 2024",DERMAL SENSITIZATION,"The scope of this Standard includes, but is not limited to the CAS number(s) indicated above; any other CAS number(s) used to identify this fragrance ingredient should be considered in scope as well.","2,5-Octadien-4-one, 5,6,7-trimethyl-, (2E)- | (2E,5Z)-5,6,7-Trimethylocta-2,5-dien-4-one | 2,5-Octadien-4-one, 5,6,7-trimethyl-, (2E,5Z)- | 2,5-Octadien-4-one, 5,6,7-trimethyl-, (2E,5E)- | (2E,5E)-5,6,7-Trimethylocta-2,5-dien-4-one | Pomarose (commercial name)",,,,,None to consider,
