enmienda,categoria_iso,rifm_id,cas_principal,otros_cas,nombre,nombre_botanico,cas_constituyente,constituyente,concentracion_pct,estandar_constituyente,aviso
51,E2.12,,8014-71-9,84082-61-1,Balm oil,Melissa officinalis L.,72203-98-6,"(E) 3,7-Dimethyl-3,6-octadienal (iso-Geranial)",0.85,IFRA_STD_205,
51,E2.12,221,8007-02-1,91844-92-7,"Lemongrass oil, East Indian",Cymbopogon flexuosus (Nees ex Steudel) Will. Watson,72203-98-6,"(E) 3,7-Dimethyl-3,6-octadienal (iso-Geranial)",1.3,IFRA_STD_205,
51,E2.12,7327,8007-02-1,89998-14-1,"Lemongrass oil, West Indian",Cymbopogon citratus (DC) Stapf.,72203-98-6,"(E) 3,7-Dimethyl-3,6-octadienal (iso-Geranial)",1.2,IFRA_STD_205,
51,G2.12,910,68855-99-2,90063-59-5,Litsea cubeba oil,Litsea Cubeba(Lour.) Pers.,72203-98-6,"(E) 3,7-Dimethyl-3,6-octadienal (iso-Geranial)",1,IFRA_STD_205,
51,E2.12,136,8048-51-9,84929-31-7,Petitgrain lemon oil,Citrus limon (L.) Burm. f.,72203-98-6,"(E) 3,7-Dimethyl-3,6-octadienal (iso-Geranial)",0.5,IFRA_STD_205,
51,E2.12,,8014-71-9,84082-61-1,Balm oil,Melissa officinalis L.,72203-97-5,"(Z) 3,7-Dimethyl-3,6-octadienal (iso-Neral)",0.4,IFRA_STD_205,
51,E2.12,221,8007-02-1,91844-92-7,"Lemongrass oil, East Indian",Cymbopogon flexuosus (Nees ex Steudel) Will. Watson,72203-97-5,"(Z) 3,7-Dimethyl-3,6-octadienal (iso-Neral)",0.78,IFRA_STD_205,
51,E2.12,7327,8007-02-1,89998-14-1,"Lemongrass oil, West Indian",Cymbopogon citratus (DC) Stapf.,72203-97-5,"(Z) 3,7-Dimethyl-3,6-octadienal (iso-Neral)",1,IFRA_STD_205,
51,G2.12,910,68855-99-2,90063-59-5,Litsea cubeba oil,Litsea Cubeba(Lour.) Pers.,72203-97-5,"(Z) 3,7-Dimethyl-3,6-octadienal (iso-Neral)",0.4,IFRA_STD_205,
51,E2.12,136,8048-51-9,84929-31-7,Petitgrain lemon oil,Citrus limon (L.) Burm. f.,72203-97-5,"(Z) 3,7-Dimethyl-3,6-octadienal (iso-Neral)",0.2,IFRA_STD_205,
51,E2.12,226,8006-78-8,91721-75-4 85085-61-6,"Bay leaf, West Indian, oil",Pimenta racemosa (Mill.) J.W. Moore,2442-10-6,1-Octen-3-yl acetate,0.3,IFRA_STD_069,
51,E2.12,1489,,84696-51-5,"Erospicata oil, Mentha spicata 'Erospicata'",Mentha spicata Erospicata,2442-10-6,1-Octen-3-yl acetate,0.06,IFRA_STD_069,
51,F2.12,5532,8022-15-9,93455-96-0,Lavandin abrialis oil,Lavandula x intermedia abrialis,2442-10-6,1-Octen-3-yl acetate,0.2,IFRA_STD_069,
51,F2.1,190,8022-15-9,91722-69-9,Lavandin absolute,Lavandula officinalis x Lavandula latifolia,2442-10-6,1-Octen-3-yl acetate,1.09,IFRA_STD_069,
51,F2.1,5533,,93455-97-1,Lavandin grosso absolute,Lavandula angustifolia Mill. x Lavandula latifolia Medik.,2442-10-6,1-Octen-3-yl acetate,0.14,IFRA_STD_069,
51,F2.12,5533,8022-15-9,93455-97-1,Lavandin grosso oil,Lavandula officinalis x Lavandula latifolia,2442-10-6,1-Octen-3-yl acetate,0.3,IFRA_STD_069,
51,F2.12,190,8022-15-9,91722-69-9,Lavandin oil,Lavandula officinalis x Lavandula latifolia,2442-10-6,1-Octen-3-yl acetate,0.3,IFRA_STD_069,
51,F2.12,,93685-88-2,,Lavandin super oil,Lavendula super,2442-10-6,1-Octen-3-yl acetate,0.3,IFRA_STD_069,
51,F2.1,169,8000-28-0,84776-65-8 90063-37-9 97722-12-8,Lavender absolute,Lavandula angustifolia angustifolia,2442-10-6,1-Octen-3-yl acetate,0.31,IFRA_STD_069,
51,F2.7,169,8000-28-0,84776-65-8 90063-37-9,Lavender concrete,Lavandula angustifolia angustifolia,2442-10-6,1-Octen-3-yl acetate,0.5,IFRA_STD_069,
51,F2.12,169,8000-28-0,84776-65-8 90063-37-9 97722-12-8,Lavender oil,Lavandula angustifolia angustifolia,2442-10-6,1-Octen-3-yl acetate,1.04,IFRA_STD_069,
51,F2.12,1095,93165-50-5,,Lavender oil dentata,Lavandula dentata,2442-10-6,1-Octen-3-yl acetate,0,IFRA_STD_069,
51,E2.12,83,68917-15-7,85085-49-0,Mentha citrata oil,Mentha citrata Ehrhart,2442-10-6,1-Octen-3-yl acetate,0.25,IFRA_STD_069,
51,E2.12,771,8008-79-5,84696-51-5,Spearmint oil,Mentha spicata L.,2442-10-6,1-Octen-3-yl acetate,0.06,IFRA_STD_069,
51,E2.12,5603,,91770-24-0,"Spearmint oil, Scotch",Mentha x gentilis L. syn. Mentha x gracilis Sole,2442-10-6,1-Octen-3-yl acetate,0.06,IFRA_STD_069,
51,H2.12,243,8007-70-3,84775-42-8,Anise seed oil,Pimpinella anisum L.,505-57-7,2-Hexenal,0.5,IFRA_STD_039,
51,E2.1,310,8016-63-5,84775-83-7,Clary sage absolute,Salvia sclarea L.,505-57-7,2-Hexenal,0.04,IFRA_STD_039,
51,E2.30,583,68917-29-3,84961-50-2,Clove leaf oil terpenes,Syzygium aromaticum (L.) Merr. & L.M.Perry,505-57-7,2-Hexenal,0.01,IFRA_STD_039,
51,E2.12,238,8008-52-4,84775-50-8,Coriander herb oil,Corindrum sativum L.,505-57-7,2-Hexenal,0.02,IFRA_STD_039,
51,G2.5,189,8016-20-4,90045-43-5,Grapefruit oil,Citrus paradisi Macf.,505-57-7,2-Hexenal,0.03,IFRA_STD_039,
51,F2.1,6665,103798-23-6,91770-14-8,Jasmine sambac absolute,Jasminum sambac (L.) Aiton,505-57-7,2-Hexenal,0.1,IFRA_STD_039,
51,F2.27,6665,103798-23-6,91770-14-8,Jasmine sambac CO2 extract,Jasminum sambac,505-57-7,2-Hexenal,0.01,IFRA_STD_039,
51,E2.12,476,8007-48-5,8002-41-3 84603-73-6,Laurel leaf oil,Laurus nobilis L,505-57-7,2-Hexenal,0.03,IFRA_STD_039,
51,F2.12,5532,8022-15-9,93455-96-0,Lavandin abrialis oil,Lavandula x intermedia abrialis,505-57-7,2-Hexenal,0.02,IFRA_STD_039,
51,F2.12,169,8000-28-0,84776-65-8 90063-37-9 97722-12-8,Lavender oil,Lavandula angustifolia angustifolia,505-57-7,2-Hexenal,0.01,IFRA_STD_039,
51,E2.12,233,8014-17-3,72968-50-4,Petitgrain bigarade oil,Citrus aurantium L.,505-57-7,2-Hexenal,0.09,IFRA_STD_039,
51,E2.12,646,8023-99-2,84012-35-1,"Pine Scotch, oil",Pinus sylvestris L.,505-57-7,2-Hexenal,0.02,IFRA_STD_039,
51,F2.12,425,8007-01-0,90106-38-0,Rose oil,Rosa x damascena Mill.,505-57-7,2-Hexenal,0.02,IFRA_STD_039,
51,F2.12,301,8016-78-2,84837-04-7,Spike lavender oil,Lavandula latifolia Medik.,505-57-7,2-Hexenal,0.01,IFRA_STD_039,
51,H2.12,7063,68952-43-2,84650-59-9,Star anise oil,"Illicium verum Hook, f.",505-57-7,2-Hexenal,0.01,IFRA_STD_039,
51,E2.12,361,8016-88-4,90131-45-6,Tarragon oil,Artemisia dracunculus L.,505-57-7,2-Hexenal,0.01,IFRA_STD_039,
51,E2.1,703,8024-08-6,90147-36-7,Violet leaf absolute,Viola odorata L.,505-57-7,2-Hexenal,0.02,IFRA_STD_039,
51,E2.12,528,8008-93-3,84929-19-1,Wormwood oil,Artemisia absinthium L.,505-57-7,2-Hexenal,0.06,IFRA_STD_039,
51,E2.12,5086,8022-07-9,84082-83-7,Yarrow oil,Achillea millefolium L.,505-57-7,2-Hexenal,0.02,IFRA_STD_039,
51,C2.9.2,286,8001-88-5,84012-15-7 85940-29-0 91745-85-6,"Birch tar oil, rectified",Betula pendula Roth,623-36-9,2-Methyl-2-pentenal,0.05,IFRA_STD_228,
51,F2.12,5532,8022-15-9,93455-96-0,Lavandin abrialis oil,Lavandula x intermedia abrialis,531-59-9,7-Methoxycoumarin,0.01,IFRA_STD_158,
51,F2.1,190,8022-15-9,91722-69-9,Lavandin absolute,Lavandula officinalis x Lavandula latifolia,531-59-9,7-Methoxycoumarin,0.62,IFRA_STD_158,
51,F2.7,190,8022-15-9,91722-69-9,Lavandin concrete,Lavandula officinalis x Lavandula latifolia,531-59-9,7-Methoxycoumarin,0.37,IFRA_STD_158,
51,F2.1,5533,,93455-97-1,Lavandin grosso absolute,Lavandula angustifolia Mill. x Lavandula latifolia Medik.,531-59-9,7-Methoxycoumarin,2,IFRA_STD_158,
51,F2.12,190,8022-15-9,91722-69-9,Lavandin oil,Lavandula officinalis x Lavandula latifolia,531-59-9,7-Methoxycoumarin,0.01,IFRA_STD_158,
51,F2.1,169,8000-28-0,84776-65-8 90063-37-9 97722-12-8,Lavender absolute,Lavandula angustifolia angustifolia,531-59-9,7-Methoxycoumarin,3.8,IFRA_STD_158,
51,F2.7,169,8000-28-0,84776-65-8 90063-37-9,Lavender concrete,Lavandula angustifolia angustifolia,531-59-9,7-Methoxycoumarin,8,IFRA_STD_158,
51,G2.5,136,8008-56-8,84929-31-7,"Lemon oil, expressed",Citrus limon (L.) Burm. f.,531-59-9,7-Methoxycoumarin,0.05,IFRA_STD_158,
51,G2.5,171,8008-26-2,93685-55-3 90063-52-8,"Lime oil, expressed",Citrus aurantifolia (Christman) Swingle,531-59-9,7-Methoxycoumarin,0.21,IFRA_STD_158,
51,G2.5,1429,8008-26-2,90063-52-8,"Persian lime oil, expressed",Citrus latifolia Tanaka,531-59-9,7-Methoxycoumarin,0.28,IFRA_STD_158,
51,E2.12,361,8016-88-4,90131-45-6,Tarragon oil,Artemisia dracunculus L.,531-59-9,7-Methoxycoumarin,0.07,IFRA_STD_158,
51,A2.12,,84775-62-2,,Horseradish oil,Amoracia rusticana G. Gaertn. et al.,57-06-7,Allyl isothiocyanate,45,IFRA_STD_107,
51,H2.12,525,8015-64-3,84775-41-7,Angelica seed oil,Angelica archangelica L.,515-69-5,alpha-Bisabolol,0.2,IFRA_STD_192,
51,F2.1,,8057-65-6,68990-11-4,Arnica absolute,Arnica montana L.,515-69-5,alpha-Bisabolol,0.15,IFRA_STD_192,
51,F2.12,,8057-65-6,68990-11-4,"Arnica oils, montana",Arnica montana L.,515-69-5,alpha-Bisabolol,0.6,IFRA_STD_192,
51,E2.12,,68991-21-9,94406-01-6,Baccharis dracunculifolia oil,Baccharis dracunculifolia,515-69-5,alpha-Bisabolol,1.4,IFRA_STD_192,
51,E2.12,5119,8015-73-4,84775-71-3,"Basil oil, chemotype linalool",Ocimum basilicum L.,515-69-5,alpha-Bisabolol,0.2,IFRA_STD_192,
51,D2.12,881,68188-03-4,91722-93-9 91722-94-0,Cabreuva oil,Myrocarpus frondosus Fr. Allem,515-69-5,alpha-Bisabolol,2,IFRA_STD_192,
51,H2.12,578,8015-88-1,84929-61-3,Carrot seed oil,Daucus carota L.,515-69-5,alpha-Bisabolol,0.28,IFRA_STD_192,
51,D2.12,1211,1159574-01-2,85085-29-6,"Cedarwood oil, Chinese",Cupressus funebris Endl.,515-69-5,alpha-Bisabolol,0.6,IFRA_STD_192,
51,D2.12,615,68990-83-0,91722-61-1,"Cedarwood oil, Texas",Juniperus mexicana Schiede,515-69-5,alpha-Bisabolol,0.15,IFRA_STD_192,
51,D2.12,113,8000-27-9,85085-41-2,"Cedarwood oil, Virginian",Juniperus virginiana L.,515-69-5,alpha-Bisabolol,0.6,IFRA_STD_192,
51,F2.12,442,8002-66-2,84082-60-0,"Chamomile flower oil, blue",Matricaria chamomilla L.,515-69-5,alpha-Bisabolol,4,IFRA_STD_192,
51,E2.12,162,8021-29-2,91697-89-1,"Fir needle oil, Siberian",Abies siberica Ledeb (Pinaceae),515-69-5,alpha-Bisabolol,0.2,IFRA_STD_192,
51,F2.1,190,8022-15-9,91722-69-9,Lavandin absolute,Lavandula officinalis x Lavandula latifolia,515-69-5,alpha-Bisabolol,0.64,IFRA_STD_192,
51,F2.7,190,8022-15-9,91722-69-9,Lavandin concrete,Lavandula officinalis x Lavandula latifolia,515-69-5,alpha-Bisabolol,1.91,IFRA_STD_192,
51,F2.7,190,8022-15-9,91722-69-9,Lavandin concrete,Lavandula officinalis x Lavandula latifolia,515-69-5,alpha-Bisabolol,1.91,IFRA_STD_192,
51,F2.1,5533,,93455-97-1,Lavandin grosso absolute,Lavandula angustifolia Mill. x Lavandula latifolia Medik.,515-69-5,alpha-Bisabolol,0.7,IFRA_STD_192,
51,F2.12,5533,8022-15-9,93455-97-1,Lavandin grosso oil,Lavandula officinalis x Lavandula latifolia,515-69-5,alpha-Bisabolol,0.35,IFRA_STD_192,
51,F2.12,190,8022-15-9,91722-69-9,Lavandin oil,Lavandula officinalis x Lavandula latifolia,515-69-5,alpha-Bisabolol,0.03,IFRA_STD_192,
51,F2.12,,93685-88-2,,Lavandin super oil,Lavendula super,515-69-5,alpha-Bisabolol,0.3,IFRA_STD_192,
51,K2.12,96,68991-39-9,61789-92-2 90082-82-9,Mastic oil,Pistacia lentiscus L.,515-69-5,alpha-Bisabolol,0.08,IFRA_STD_192,
51,F2.1,6609,921202-04-2,84650-39-5,Populus nigra absolute,Populus nigra L.,515-69-5,alpha-Bisabolol,0.2,IFRA_STD_192,
51,D2.12,223,8006-87-9,84787-70-2,Sandalwood oil,Santalum album L.,515-69-5,alpha-Bisabolol,0.22,IFRA_STD_192,
51,D2.12,6669,8024-35-9,92875-02-0,"Sandalwood oil, Australian",Santalum spicata (R.Br.) A.DC.,515-69-5,alpha-Bisabolol,3.02,IFRA_STD_192,
51,D2.12,,91845-48-6,,"Sandalwood oil, New Caledonian",Santalum austrocaledonicum Vieill,515-69-5,alpha-Bisabolol,0.47,IFRA_STD_192,
51,G2.27,7142,949495-68-5,,Schinus terebenthifolius CO2 extract,Schinus terebenthifolius Raddi,515-69-5,alpha-Bisabolol,0.3,IFRA_STD_192,
51,A2.12,,8024-37-1,84775-52-0,Turmeric oil,Curcuma longa L.,515-69-5,alpha-Bisabolol,0.1,IFRA_STD_192,
51,E2.12,5086,8022-07-9,84082-83-7,Yarrow oil,Achillea millefolium L.,515-69-5,alpha-Bisabolol,0.3,IFRA_STD_192,
51,E2.12,,68991-32-2,92347-05-2,Zdravetz oil,Geranium macrorrhizum L.,515-69-5,alpha-Bisabolol,2,IFRA_STD_192,
51,F2.12,214,68606-83-7,93686-30-7,Cananga oil,Cananga odorata (Lam.) Hook. f. & Thomson (forma macrophylla Steenis),469-61-4,alpha-Cedrene,0.4,IFRA_STD_197,
51,D2.12,579,8023-85-6,92201-55-3,"Cedarwood oil, Atlas",Cedrus atlantica (Endl.) Manetti ex Carriere,469-61-4,alpha-Cedrene,1.5,IFRA_STD_197,
51,D2.12,1211,1159574-01-2,85085-29-6,"Cedarwood oil, Chinese",Cupressus funebris Endl.,469-61-4,alpha-Cedrene,19.1,IFRA_STD_197,
51,D2.12,615,68990-83-0,91722-61-1,"Cedarwood oil, Texas",Juniperus mexicana Schiede,469-61-4,alpha-Cedrene,12,IFRA_STD_197,
51,D2.12,113,8000-27-9,85085-41-2,"Cedarwood oil, Virginian",Juniperus virginiana L.,469-61-4,alpha-Cedrene,24.3,IFRA_STD_197,
51,E2.12,659,8013-86-3,84696-07-1,Cypress oil,Cupresssus sempervirens L.,469-61-4,alpha-Cedrene,0.36,IFRA_STD_197,
51,E2.1,757,8023-95-8,90045-56-0 85665-35-6,Helichrysum absolute,Helichrysum angustifolium DC.,469-61-4,alpha-Cedrene,0.08,IFRA_STD_197,
51,G2.12,337,8002-68-4,84603-69-0,Juniper berry oil,Juniperus communis L.,469-61-4,alpha-Cedrene,0.4,IFRA_STD_197,
51,E2.12,645,8000-26-8,90082-73-8 90082-72-7,"Pine needle, dwarf, oil",Pinus pumila (Pall.) Regel,469-61-4,alpha-Cedrene,0.25,IFRA_STD_197,
51,E2.1,776,8024-12-2,85116-63-8,Verbena absolute,Lippia citriodora (L.) Kunth,469-61-4,alpha-Cedrene,0.5,IFRA_STD_197,
51,A2.12,206,8016-96-4,84238-29-9,Vetiver oil (all origins),Chrysopogon zizanioides (L.) Roberty,469-61-4,alpha-Cedrene,0.2,IFRA_STD_197,
51,E2.12,527,68991-20-8,84775-45-1 8022-37-5,Armoise vulgaris oil,Artemisia vulgaris L.,546-80-5,alpha-Thujone,50,IFRA_STD_102,
51,E2.12,,91745-71-0,,Artemesia afra oil,Artemesia afra L. Jacq. Ex Willd.,546-80-5,alpha-Thujone,50,IFRA_STD_102,
51,E2.12,6024,84775-75-7,,Artemisia herba-alba oil,Artemesia herba alba Asso,546-80-5,alpha-Thujone,39,IFRA_STD_102,
51,E2.12,441,8007-20-3,90131-58-1,Cedar leaf oil,Thuja occidentalis L.,546-80-5,alpha-Thujone,55,IFRA_STD_102,
51,E2.12,7131,91770-83-0,,"Cedar leaf oil, China",Platycladus orientalis (L.) Franco,546-80-5,alpha-Thujone,2.3,IFRA_STD_102,
51,E2.12,677,8006-83-5,84603-66-7,Hyssop oil,Hyssopus officinalis L.,546-80-5,alpha-Thujone,0.2,IFRA_STD_102,
51,E2.12,,90063-99-3,,Mentha longifolia oil,Mentha longifolia (L.) Huds.,546-80-5,alpha-Thujone,7.1,IFRA_STD_102,
51,K2.12,1257,8016-36-2,8050-07-5,Olibanum oil,Boswellia spp.,546-80-5,alpha-Thujone,0.1,IFRA_STD_102,
51,K2.12,,89957-98-2,,Olibanum sacra oil,Boswellia sacra,546-80-5,alpha-Thujone,0.1,IFRA_STD_102,
51,E2.12,311,8022-56-8,84082-79-1,Sage Dalmatian oil,Salvia officinalis L.,546-80-5,alpha-Thujone,25,IFRA_STD_102,
51,E2.21,,84082-79-1,,Sage Dalmatian oleoresin,Salvia officinalis L.,546-80-5,alpha-Thujone,7.3,IFRA_STD_102,
51,E2.12,479,8022-56-8,90106-49-3 97952-71-1,"Sage oil, Spanish",Salvia lavandifolia Vahl,546-80-5,alpha-Thujone,0.01,IFRA_STD_102,
51,E2.21,,8022-56-8,84082-79-1,Sage oleoresin,Salvia officinalis L.,546-80-5,alpha-Thujone,7.5,IFRA_STD_102,
51,E2.12,696,8016-68-0,84775-98-4,Savory summer oil,Satureja hortensis L.,546-80-5,alpha-Thujone,1.5,IFRA_STD_102,
51,E2.12,199,8008-80-8,91722-18-9,"Spruce oil, Black",Picea mariana (Mill.) Britton,546-80-5,alpha-Thujone,0.17,IFRA_STD_102,
51,F2.12,609,8016-87-3,84961-64-8,Tansy oil,Tanacetum vulgare L.,546-80-5,alpha-Thujone,0.5,IFRA_STD_102,
51,E2.12,528,8008-93-3,84929-19-1,Wormwood oil,Artemisia absinthium L.,546-80-5,alpha-Thujone,3,IFRA_STD_102,
51,E2.12,5086,8022-07-9,84082-83-7,Yarrow oil,Achillea millefolium L.,546-80-5,alpha-Thujone,2,IFRA_STD_102,
51,F2.1,75,8023-82-3,89958-31-6,Cassie absolute,Vachellia farnesiana (L.) Willd.,105-13-5,Anisyl alcohol,0.8,IFRA_STD_006,
51,F2.1,554,8031-03-6,93685-96-2 98903-76-5,Mimosa absolute,Acacia decurrens (Wendl.f.) Willd.,105-13-5,Anisyl alcohol,0.12,IFRA_STD_006,
51,G2.1,319,8024-06-4,84650-63-5,Vanilla absolute,Vanilla planifolia,105-13-5,Anisyl alcohol,0.03,IFRA_STD_006,
51,G2.27,319,8024-06-4,84650-63-5,Vanilla CO2 extract,Vanilla planifolia,105-13-5,Anisyl alcohol,0.02,IFRA_STD_006,
51,G2.21,319,8024-06-4,84650-63-5,Vanilla oleoresin,Vanilla planifolia,105-13-5,Anisyl alcohol,0.7,IFRA_STD_006,
51,G2.1,5506,953789-39-4,94167-14-3,Vanilla tahitensis absolute,Vanilla tahitensis J.W. Moore,105-13-5,Anisyl alcohol,0.07,IFRA_STD_006,
51,G2.27,5506,953789-39-4,94167-14-3,Vanilla tahitensis CO2 extract,Vanilla tahitensis J.W. Moore,105-13-5,Anisyl alcohol,0,IFRA_STD_006,
51,G2.31,319,8047-24-3,84650-63-5,Vanilla tincture,Vanilla planifolia,105-13-5,Anisyl alcohol,0.01,IFRA_STD_006,
51,H2.12,778,8013-76-1,90320-35-7,"Almond oil, bitter",Prunus amygdalus amara (Bitter Almond) kernel oil,100-52-7,Benzaldehyde,99,IFRA_STD_007,
51,K2.31,104,,9000-05-9,"Benzoin infusion, Sumatra",Styrax paralleloneurum Perkins,100-52-7,Benzaldehyde,0.001,IFRA_STD_007,
51,E2.12,496,8008-98-8,85480-37-1,Cajuput oil,Melaleuca leucadendron L.,100-52-7,Benzaldehyde,0.1,IFRA_STD_007,
51,C2.12,327,8007-80-5,84961-46-6,Cassia  bark oil,Cinnamomum cassia [L.] J. Presl syn. C. aromaticum Nees,100-52-7,Benzaldehyde,1.3,IFRA_STD_007,
51,C2.21,,8007-80-5,84961-46-6,Cassia bark oleoresin,Cinnamomum cassia [L.] J. Presl syn. C. aromaticum Nees,100-52-7,Benzaldehyde,0.95,IFRA_STD_007,
51,E2.12,327,8007-80-5,84961-46-6,Cassia oil,Cinnamomum cassia [L.] J. Presl syn. C. aromaticum Nees,100-52-7,Benzaldehyde,1,IFRA_STD_007,
51,F2.1,75,8023-82-3,89958-31-6,Cassie absolute,Vachellia farnesiana (L.) Willd.,100-52-7,Benzaldehyde,0.3,IFRA_STD_007,
51,C2.27,328,8015-91-6,84649-98-9,Cinnamon bark CO2 extract,Cinnamomum verum J. Presl syn. C. zeylanicum Blume,100-52-7,Benzaldehyde,0.1,IFRA_STD_007,
51,C2.12,328,8015-91-6,84649-98-9,Cinnamon bark oil,Cinnamomum zeylanicum Blume,100-52-7,Benzaldehyde,0.2,IFRA_STD_007,
51,C2.12,926,97659-68-2,,"Cinnamon bark oil, Laos",Cinnamomum loureiroi Nees,100-52-7,Benzaldehyde,0.5,IFRA_STD_007,
51,E2.12,444,8015-91-6,84649-98-9,Cinnamon leaf oil,Cinnamomum zeylanicum Blume,100-52-7,Benzaldehyde,0.16,IFRA_STD_007,
51,E2.1,358,8016-26-0,89997-74-0,Cistus absolute,Cistus ladaniferus L.,100-52-7,Benzaldehyde,0.6,IFRA_STD_007,
51,E2.7,358,8016-26-0,89997-74-0,Cistus concrete,Cistus ladaniferus L.,100-52-7,Benzaldehyde,0.6,IFRA_STD_007,
51,E2.12,358,8016-26-0,89997-74-0,Cistus oil,Cistus ladaniferus L.,100-52-7,Benzaldehyde,0.9,IFRA_STD_007,
51,E2.12,786,8016-03-3,91844-86-9,Davana oil,Artemisia pallens Wall.,100-52-7,Benzaldehyde,0.2,IFRA_STD_007,
51,F2.1,,8023-94-7,94333-75-2,Hyacinth absolute,Hyacinthus orientalis L.,100-52-7,Benzaldehyde,0.1,IFRA_STD_007,
51,F2.1,81,8022-96-6,84776-64-7,Jasmine grandiflorum absolute,Jasminum grandiflorum L.,100-52-7,Benzaldehyde,0.02,IFRA_STD_007,
51,E2.1.1,220,68917-77-1,90244-89-6 89997-74-0,Labdanum extract ambreine,Cistus ladaniferus L.,100-52-7,Benzaldehyde,0.8,IFRA_STD_007,
51,E2.16,220,8016-26-0 89997-74-0 84775-64-4,84775-64-4,Labdanum gum,Cistus labdanifer L.,100-52-7,Benzaldehyde,0.2,IFRA_STD_007,
51,E2.12,220,8016-26-0,90244-89-6 89997-74-0,Labdanum oil,Cistus ladaniferus L.,100-52-7,Benzaldehyde,0.38,IFRA_STD_007,
51,E2.21,220,8016-26-0,90244-89-6 89997-74-0,Labdanum oleoresin,Cistus ladaniferus L.,100-52-7,Benzaldehyde,0.2,IFRA_STD_007,
51,E2.26,220,89997-74-0,90244-89-6,Labdanum resinoid,Cistus ladaniferus L.,100-52-7,Benzaldehyde,0.03,IFRA_STD_007,
51,F2.1,554,8031-03-6,93685-96-2 98903-76-5,Mimosa absolute,Acacia decurrens (Wendl.f.) Willd.,100-52-7,Benzaldehyde,0.08,IFRA_STD_007,
51,E2.12,7152,8014-68-4,132940-73-9,Niaouli oil,Melaleuca viridiflora Sol. ex Gaertn.,100-52-7,Benzaldehyde,0.2,IFRA_STD_007,
51,E2.12,1084,68132-21-8,90082-61-4,Perilla oil,Perilla frutescens (L.) Britton,100-52-7,Benzaldehyde,0.33,IFRA_STD_007,
51,F2.1,425,90106-38-0,,Rose absolute,Rosa x damascena Mill.,100-52-7,Benzaldehyde,0.02,IFRA_STD_007,
51,F2.7,515,90106-38-0,,Rose concrete,Rosa x damascena Mill.,100-52-7,Benzaldehyde,0.5,IFRA_STD_007,
51,F2.12,425,8007-01-0,90106-38-0,Rose oil,Rosa x damascena Mill.,100-52-7,Benzaldehyde,0.04,IFRA_STD_007,
51,K2.13,314,8046-19-3,8046-19-3 94891-27-7 94891-28-8,Styrax extract,Liquidambar spp.,100-52-7,Benzaldehyde,0.05,IFRA_STD_007,
51,K2.12,314,8046-19-3,94891-28-8,Styrax oil,Liquidambar styraciflua L.,100-52-7,Benzaldehyde,0.03,IFRA_STD_007,
51,K2.9,314,8046-19-3,94891-28-8,"Styrax oil, Honduras",Liquidambar styraciflua L.,100-52-7,Benzaldehyde,0.1,IFRA_STD_007,
51,K2.9.1,6877,8024-01-9,94891-27-7,"Styrax oil, pyrogenated",Liquidambar orientalis Mill.,100-52-7,Benzaldehyde,0.1,IFRA_STD_007,
51,K2.26,314,8046-19-3,8046-19-3,Styrax resinoid,Liquidambar styraciflua L.,100-52-7,Benzaldehyde,0.04,IFRA_STD_007,
51,K2.1,245,8007-00-9,,"Balsam absolute, Peru",Myroxylon balsamum (L.) Harms var. pereirae (Royle) Harms,100-51-6,Benzyl alcohol,0.43,IFRA_STD_008,
51,K2.9,245,8007-00-9,,"Balsam oil, Peru",Myroxylon balsamum (L.) Harms var. pereirae (Royle) Harms,100-51-6,Benzyl alcohol,1.57,IFRA_STD_008,
51,K2.26,245,8007-00-9,,"Balsam resinoid, Peru",Myroxylon balsamum (L.) Harms var. pereirae (Royle) Harms,100-51-6,Benzyl alcohol,0.17,IFRA_STD_008,
51,F2.1,74,8021-43-0,89958-29-2,Carnation absolute,Dianthus caryophyllus L.,100-51-6,Benzyl alcohol,0.2,IFRA_STD_008,
51,F2.1,75,8023-82-3,89958-31-6,Cassie absolute,Vachellia farnesiana (L.) Willd.,100-51-6,Benzyl alcohol,2.7,IFRA_STD_008,
51,F2.1,6869,8006-76-6,92457-18-6,Champaca absolute,Michelia champaca L.,100-51-6,Benzyl alcohol,0.64,IFRA_STD_008,
51,E2.12,444,8015-91-6,84649-98-9,Cinnamon leaf oil,Cinnamomum zeylanicum Blume,100-51-6,Benzyl alcohol,0.1,IFRA_STD_008,
51,E2.30,583,8000-34-8,84961-50-2,Clove bud oil terpenes,Syzygium aromaticum (L.) Merr. & L.M.Perry,100-51-6,Benzyl alcohol,0.01,IFRA_STD_008,
51,F2.1,,8023-94-7,94333-75-2,Hyacinth absolute,Hyacinthus orientalis L.,100-51-6,Benzyl alcohol,40,IFRA_STD_008,
51,F2.1,81,8022-96-6,84776-64-7,Jasmine absolute,Jasmium grandifloum L.,100-51-6,Benzyl alcohol,1.08,IFRA_STD_008,
51,F2.7,81,8022-96-6,84776-64-7,Jasmine concrete,Jasminum grandiflorum L.,100-51-6,Benzyl alcohol,1.08,IFRA_STD_008,
51,F2.1,,8024-43-9,90045-94-6,Jasmine officinale absolute,Jasminum officinale L.,100-51-6,Benzyl alcohol,3,IFRA_STD_008,
51,F2.1,6665,103798-23-6,91770-14-8,Jasmine sambac absolute,Jasminum sambac (L.) Aiton,100-51-6,Benzyl alcohol,4.2,IFRA_STD_008,
51,F2.27,6665,103798-23-6,91770-14-8,Jasmine sambac CO2 extract,Jasminum sambac,100-51-6,Benzyl alcohol,4.2,IFRA_STD_008,
51,F2.1,5533,,93455-97-1,Lavandin grosso absolute,Lavandula angustifolia Mill. x Lavandula latifolia Medik.,100-51-6,Benzyl alcohol,0.02,IFRA_STD_008,
51,F2.1,554,8031-03-6,93685-96-2 98903-76-5,Mimosa absolute,Acacia decurrens (Wendl.f.) Willd.,100-51-6,Benzyl alcohol,0.19,IFRA_STD_008,
51,F2.7,554,98903-76-5,93685-96-2,Mimosa concrete,Acacia decurrens Willd. var.dealbata,100-51-6,Benzyl alcohol,0.04,IFRA_STD_008,
51,F2.1,7053,68917-12-4,90064-26-9,Narcissus poeticus absolute,Narcissus poeticus L.,100-51-6,Benzyl alcohol,2.8,IFRA_STD_008,
51,F2.1,425,90106-38-0,,Rose absolute,Rosa x damascena Mill.,100-51-6,Benzyl alcohol,0.54,IFRA_STD_008,
51,F2.12,425,8007-01-0,90106-38-0,Rose oil,Rosa x damascena Mill.,100-51-6,Benzyl alcohol,0.02,IFRA_STD_008,
51,K2.1,314,8046-19-3,94891-27-7 94891-28-8,Styrax absolute,Liquidambar styraciflua L.,100-51-6,Benzyl alcohol,2.5,IFRA_STD_008,
51,K2.9.1,314,8046-19-3,8046-19-3,Styrax essence pyrogenated,Liquidambar Styraciflua,100-51-6,Benzyl alcohol,0.15,IFRA_STD_008,
51,K2.12,314,8046-19-3,94891-28-8,Styrax oil,Liquidambar styraciflua L.,100-51-6,Benzyl alcohol,0.07,IFRA_STD_008,
51,E2.1,471,8007-46-3,84929-51-1,Thyme absolute,Thymus vulgaris L.,100-51-6,Benzyl alcohol,0.3,IFRA_STD_008,
51,F2.1,1178,8024-05-3,94334-35-7,Tuberose absolute,Poliantes tuberosa L.,100-51-6,Benzyl alcohol,0.5,IFRA_STD_008,
51,F2.7,1178,8024-05-3,94334-35-7,Tuberose concrete,Poliantes tuberosa L.,100-51-6,Benzyl alcohol,0.5,IFRA_STD_008,
51,E2.1,703,8024-08-6,90147-36-7,Violet leaf absolute,Viola odorata L.,100-51-6,Benzyl alcohol,0.1,IFRA_STD_008,
51,F2.12.1,6614,8006-81-3,83863-30-3,Ylang ylang oil I,Cananga odorata (Lam.) Hook. f. &Thomson oil (forma genuine Steenis),100-51-6,Benzyl alcohol,0.09,IFRA_STD_008,
51,F2.12.2,6614,8006-81-3,83863-30-3,Ylang ylang oil II,Cananga odorata (Lam.) Hook. f. &Thomson oil (forma genuine Steenis),100-51-6,Benzyl alcohol,0.09,IFRA_STD_008,
51,F2.12.3,6614,8006-81-3,83863-30-3,Ylang ylang oil III,Cananga odorata (Lam.) Hook. f. &Thomson oil (forma genuine Steenis),100-51-6,Benzyl alcohol,0.04,IFRA_STD_008,
51,F2.12,6614,8006-81-3,83863-30-3,"Ylang, Ylang oil complete",Cananga odorata (Lam.) Hook. f. &Thomson oil (forma genuine Steenis),100-51-6,Benzyl alcohol,0.25,IFRA_STD_008,
51,F2.12 X,6614,8006-81-3,83863-30-3,"Ylang, Ylang oil extra",Cananga odorata (Lam.) Hook. f. &Thomson oil (forma genuine Steenis),100-51-6,Benzyl alcohol,0.24,IFRA_STD_008,
51,F2.1,6614,,83863-30-3,Ylang-ylang absolute,Cananga odorata (Lam.) Hook.f.&Thomson forma genuina,100-51-6,Benzyl alcohol,0.5,IFRA_STD_008,
51,K2.1,245,8007-00-9,,"Balsam absolute, Peru",Myroxylon balsamum (L.) Harms var. pereirae (Royle) Harms,120-51-4,Benzyl benzoate,32.5,IFRA_STD_009,
51,K2.9,245,8007-00-9,,"Balsam oil, Peru",Myroxylon balsamum (L.) Harms var. pereirae (Royle) Harms,120-51-4,Benzyl benzoate,59.17,IFRA_STD_009,
51,K2.26,245,8007-00-9,,"Balsam resinoid, Peru",Myroxylon balsamum (L.) Harms var. pereirae (Royle) Harms,120-51-4,Benzyl benzoate,14.16,IFRA_STD_009,
51,K2.31,104,,9000-05-9,"Benzoin infusion, Sumatra",Styrax paralleloneurum Perkins,120-51-4,Benzyl benzoate,0.018,IFRA_STD_009,
51,K2.26,5381,,84012-39-5,"Benzoin resinoid, Siam",Styrax tonkinensis (Pierre) Craib ex Hartwick,120-51-4,Benzyl benzoate,0.25,IFRA_STD_009,
51,K2.26,104,,84929-79-3,"Benzoin resinoid, Sumatra",Styrax benzoin Dryand.,120-51-4,Benzyl benzoate,0.04,IFRA_STD_009,
51,F2.12,214,68606-83-7,93686-30-7,Cananga oil,Cananga odorata (Lam.) Hook. f. & Thomson (forma macrophylla Steenis),120-51-4,Benzyl benzoate,4.2,IFRA_STD_009,
51,F2.1,74,8021-43-0,89958-29-2,Carnation absolute,Dianthus caryophyllus L.,120-51-4,Benzyl benzoate,13,IFRA_STD_009,
51,C2.12,327,8007-80-5,84961-46-6,Cassia  bark oil,Cinnamomum cassia [L.] J. Presl syn. C. aromaticum Nees,120-51-4,Benzyl benzoate,0.08,IFRA_STD_009,
51,C2.21,,8007-80-5,84961-46-6,Cassia bark oleoresin,Cinnamomum cassia [L.] J. Presl syn. C. aromaticum Nees,120-51-4,Benzyl benzoate,0.06,IFRA_STD_009,
51,E2.12,327,8007-80-5,84961-46-6,Cassia oil,Cinnamomum cassia [L.] J. Presl syn. C. aromaticum Nees,120-51-4,Benzyl benzoate,0.1,IFRA_STD_009,
51,F2.1,75,8023-82-3,89958-31-6,Cassie absolute,Vachellia farnesiana (L.) Willd.,120-51-4,Benzyl benzoate,0.05,IFRA_STD_009,
51,F2.1,6869,8006-76-6,92457-18-6,Champaca absolute,Michelia champaca L.,120-51-4,Benzyl benzoate,0.53,IFRA_STD_009,
51,C2.27,328,8015-91-6,84649-98-9,Cinnamon bark CO2 extract,Cinnamomum verum J. Presl syn. C. zeylanicum Blume,120-51-4,Benzyl benzoate,1.8,IFRA_STD_009,
51,C2.12,328,8015-91-6,84649-98-9,Cinnamon bark oil,Cinnamomum zeylanicum Blume,120-51-4,Benzyl benzoate,0.6,IFRA_STD_009,
51,C2.12,926,97659-68-2,,"Cinnamon bark oil, Laos",Cinnamomum loureiroi Nees,120-51-4,Benzyl benzoate,0.01,IFRA_STD_009,
51,E2.12,444,8015-91-6,84649-98-9,Cinnamon leaf oil,Cinnamomum zeylanicum Blume,120-51-4,Benzyl benzoate,3.5,IFRA_STD_009,
51,F2.1,583,,84961-50-2,Clove bud absolute,Syzygium aromaticum (L.) Merr. & L.M.Perry,120-51-4,Benzyl benzoate,0.07,IFRA_STD_009,
51,F2.1,,8023-94-7,94333-75-2,Hyacinth absolute,Hyacinthus orientalis L.,120-51-4,Benzyl benzoate,6,IFRA_STD_009,
51,F2.1,81,8022-96-6,84776-64-7,Jasmine absolute,Jasmium grandifloum L.,120-51-4,Benzyl benzoate,10.07,IFRA_STD_009,
51,F2.27,81,8022-96-6,84776-64-7,Jasmine CO2 extract,Jasmium grandifloum L.,120-51-4,Benzyl benzoate,5,IFRA_STD_009,
51,F2.7,81,8022-96-6,84776-64-7,Jasmine concrete,Jasminum grandiflorum L.,120-51-4,Benzyl benzoate,10.07,IFRA_STD_009,
51,F2.1,,8024-43-9,90045-94-6,Jasmine officinale absolute,Jasminum officinale L.,120-51-4,Benzyl benzoate,10,IFRA_STD_009,
51,F2.1,6665,103798-23-6,91770-14-8,Jasmine sambac absolute,Jasminum sambac (L.) Aiton,120-51-4,Benzyl benzoate,0.75,IFRA_STD_009,
51,F2.27,6665,103798-23-6,91770-14-8,Jasmine sambac CO2 extract,Jasminum sambac,120-51-4,Benzyl benzoate,0.75,IFRA_STD_009,
51,F2.1,554,8031-03-6,93685-96-2 98903-76-5,Mimosa absolute,Acacia decurrens (Wendl.f.) Willd.,120-51-4,Benzyl benzoate,0.12,IFRA_STD_009,
51,F2.1,7053,68917-12-4,90064-26-9,Narcissus poeticus absolute,Narcissus poeticus L.,120-51-4,Benzyl benzoate,8.9,IFRA_STD_009,
51,F2.1,425,90106-38-0,,Rose absolute,Rosa x damascena Mill.,120-51-4,Benzyl benzoate,0.02,IFRA_STD_009,
51,F2.12,425,8007-01-0,90106-38-0,Rose oil,Rosa x damascena Mill.,120-51-4,Benzyl benzoate,0.07,IFRA_STD_009,
51,D2.12,111,8015-77-8,83863-32-5 93685-34-8,Rosewood oil,Aniba rosaeodora (Ducke) var amazonica,120-51-4,Benzyl benzoate,1.2,IFRA_STD_009,
51,K2.12,314,8046-19-3,94891-28-8,Styrax oil,Liquidambar styraciflua L.,120-51-4,Benzyl benzoate,0.02,IFRA_STD_009,
51,F2.1,1178,8024-05-3,94334-35-7,Tuberose absolute,Poliantes tuberosa L.,120-51-4,Benzyl benzoate,5.5,IFRA_STD_009,
51,F2.7,1178,8024-05-3,94334-35-7,Tuberose concrete,Poliantes tuberosa L.,120-51-4,Benzyl benzoate,0.72,IFRA_STD_009,
51,F2.12.1,6614,8006-81-3,83863-30-3,Ylang ylang oil I,Cananga odorata (Lam.) Hook. f. &Thomson oil (forma genuine Steenis),120-51-4,Benzyl benzoate,5.86,IFRA_STD_009,
51,F2.12.2,6614,8006-81-3,83863-30-3,Ylang ylang oil II,Cananga odorata (Lam.) Hook. f. &Thomson oil (forma genuine Steenis),120-51-4,Benzyl benzoate,7.81,IFRA_STD_009,
51,F2.12.3,6614,8006-81-3,83863-30-3,Ylang ylang oil III,Cananga odorata (Lam.) Hook. f. &Thomson oil (forma genuine Steenis),120-51-4,Benzyl benzoate,6.23,IFRA_STD_009,
51,F2.12,6614,8006-81-3,83863-30-3,"Ylang, Ylang oil complete",Cananga odorata (Lam.) Hook. f. &Thomson oil (forma genuine Steenis),120-51-4,Benzyl benzoate,6.32,IFRA_STD_009,
51,F2.12 X,6614,8006-81-3,83863-30-3,"Ylang, Ylang oil extra",Cananga odorata (Lam.) Hook. f. &Thomson oil (forma genuine Steenis),120-51-4,Benzyl benzoate,5.73,IFRA_STD_009,
51,F2.1,6614,,83863-30-3,Ylang-ylang absolute,Cananga odorata (Lam.) Hook.f.&Thomson forma genuina,120-51-4,Benzyl benzoate,7,IFRA_STD_009,
51,K2.1,245,8007-00-9,,"Balsam absolute, Peru",Myroxylon balsamum (L.) Harms var. pereirae (Royle) Harms,103-41-3,Benzyl cinnamate,9.95,IFRA_STD_010,
51,K2.9,245,8007-00-9,,"Balsam oil, Peru",Myroxylon balsamum (L.) Harms var. pereirae (Royle) Harms,103-41-3,Benzyl cinnamate,16.38,IFRA_STD_010,
51,K2.26,245,8007-00-9,,"Balsam resinoid, Peru",Myroxylon balsamum (L.) Harms var. pereirae (Royle) Harms,103-41-3,Benzyl cinnamate,9.02,IFRA_STD_010,
51,K2.31,104,,9000-05-9,"Benzoin infusion, Sumatra",Styrax paralleloneurum Perkins,103-41-3,Benzyl cinnamate,0.4,IFRA_STD_010,
51,K2.26,5381,,84012-39-5,"Benzoin resinoid, Siam",Styrax tonkinensis (Pierre) Craib ex Hartwick,103-41-3,Benzyl cinnamate,0.36,IFRA_STD_010,
51,K2.26,104,,84929-79-3,"Benzoin resinoid, Sumatra",Styrax benzoin Dryand.,103-41-3,Benzyl cinnamate,0.45,IFRA_STD_010,
51,K2.1,314,8046-19-3,94891-27-7 94891-28-8,Styrax absolute,Liquidambar styraciflua L.,103-41-3,Benzyl cinnamate,0.17,IFRA_STD_010,
51,K2.9.1,314,8046-19-3,8046-19-3,Styrax essence pyrogenated,Liquidambar Styraciflua,103-41-3,Benzyl cinnamate,0.15,IFRA_STD_010,
51,K2.9,314,8046-19-3,94891-28-8,"Styrax oil, Honduras",Liquidambar styraciflua L.,103-41-3,Benzyl cinnamate,2.1,IFRA_STD_010,
51,F2.12.1,6614,8006-81-3,83863-30-3,Ylang ylang oil I,Cananga odorata (Lam.) Hook. f. &Thomson oil (forma genuine Steenis),103-41-3,Benzyl cinnamate,0.03,IFRA_STD_010,
51,F2.12.3,6614,8006-81-3,83863-30-3,Ylang ylang oil III,Cananga odorata (Lam.) Hook. f. &Thomson oil (forma genuine Steenis),103-41-3,Benzyl cinnamate,0.02,IFRA_STD_010,
51,F2.1,6869,8006-76-6,92457-18-6,Champaca absolute,Michelia champaca L.,140-29-4,Benzyl cyanide,1,IFRA_STD_112,
51,E2.1,626,90131-21-8,129316-65-0,Genet absolute,Spartium junceum L.,140-29-4,Benzyl cyanide,0.1,IFRA_STD_112,
51,F2.1,81,8022-96-6,84776-64-7,Jasmine absolute,Jasmium grandifloum L.,140-29-4,Benzyl cyanide,0.02,IFRA_STD_112,
51,F2.1,81,8022-96-6,84776-64-7,Jasmine grandiflorum absolute,Jasminum grandiflorum L.,140-29-4,Benzyl cyanide,0.02,IFRA_STD_112,
51,F2.1,6665,103798-23-6,91770-14-8,Jasmine sambac absolute,Jasminum sambac (L.) Aiton,140-29-4,Benzyl cyanide,1.2,IFRA_STD_112,
51,F2.27,6665,103798-23-6,91770-14-8,Jasmine sambac CO2 extract,Jasminum sambac,140-29-4,Benzyl cyanide,1.2,IFRA_STD_112,
51,F2.1,1170,94334-14-2,,Karo karunde absolute,Leptactina senegambica Hook f.,140-29-4,Benzyl cyanide,5,IFRA_STD_112,
51,F2.12,,68917-19-1,,Magnolia flower oil,Magnolia grandiflora L.,140-29-4,Benzyl cyanide,0.09,IFRA_STD_112,
51,F2.1,233,8016-38-4,72968-50-4,Orange blossoms absolute,Citrus aurantium L. spp. Amara Link,140-29-4,Benzyl cyanide,0.52,IFRA_STD_112,
51,F2.12,233,8016-38-4,72968-50-4,"Orange flower oil, bitter (neroli and neroli bigarade)",Citrus aurantium L. spp. Amara Link,140-29-4,Benzyl cyanide,0.16,IFRA_STD_112,
51,F2.54,233,8030-28-2,72968-50-4,Orange flower water absolute,Citrus aurantium L. spp. Amara Link,140-29-4,Benzyl cyanide,0.83,IFRA_STD_112,
51,F2.7,233,72968-50-4,,"Orange flower, bitter, concrete",Citrus aurantium L.,140-29-4,Benzyl cyanide,0.31,IFRA_STD_112,
51,F2.1,1178,8024-05-3,94334-35-7,Tuberose absolute,Poliantes tuberosa L.,140-29-4,Benzyl cyanide,0.8,IFRA_STD_112,
51,F2.12,1178,8024-05-3,94334-35-7,Tuberose oil,Poliantes tuberosa L.,140-29-4,Benzyl cyanide,0.17,IFRA_STD_112,
51,F2.12.1,6614,8006-81-3,83863-30-3,Ylang ylang oil I,Cananga odorata (Lam.) Hook. f. &Thomson oil (forma genuine Steenis),140-29-4,Benzyl cyanide,0.05,IFRA_STD_112,
51,F2.12.2,6614,8006-81-3,83863-30-3,Ylang ylang oil II,Cananga odorata (Lam.) Hook. f. &Thomson oil (forma genuine Steenis),140-29-4,Benzyl cyanide,0.02,IFRA_STD_112,
51,F2.12.3,6614,8006-81-3,83863-30-3,Ylang ylang oil III,Cananga odorata (Lam.) Hook. f. &Thomson oil (forma genuine Steenis),140-29-4,Benzyl cyanide,0.02,IFRA_STD_112,
51,F2.12 X,6614,8006-81-3,83863-30-3,"Ylang, Ylang oil extra",Cananga odorata (Lam.) Hook. f. &Thomson oil (forma genuine Steenis),140-29-4,Benzyl cyanide,0.02,IFRA_STD_112,
51,F2.12,214,68606-83-7,93686-30-7,Cananga oil,Cananga odorata (Lam.) Hook. f. & Thomson (forma macrophylla Steenis),118-58-1,Benzyl salicylate,0.4,IFRA_STD_011,
51,F2.1,74,8021-43-0,89958-29-2,Carnation absolute,Dianthus caryophyllus L.,118-58-1,Benzyl salicylate,7,IFRA_STD_011,
51,F2.1,75,8023-82-3,89958-31-6,Cassie absolute,Vachellia farnesiana (L.) Willd.,118-58-1,Benzyl salicylate,0.03,IFRA_STD_011,
51,F2.1,583,,84961-50-2,Clove bud absolute,Syzygium aromaticum (L.) Merr. & L.M.Perry,118-58-1,Benzyl salicylate,0.04,IFRA_STD_011,
51,F2.1,,8023-94-7,94333-75-2,Hyacinth absolute,Hyacinthus orientalis L.,118-58-1,Benzyl salicylate,0.2,IFRA_STD_011,
51,F2.1,81,8022-96-6,84776-64-7,Jasmine absolute,Jasmium grandifloum L.,118-58-1,Benzyl salicylate,0.17,IFRA_STD_011,
51,F2.7,81,8022-96-6,84776-64-7,Jasmine concrete,Jasminum grandiflorum L.,118-58-1,Benzyl salicylate,0.17,IFRA_STD_011,
51,F2.1,,8024-43-9,90045-94-6,Jasmine officinale absolute,Jasminum officinale L.,118-58-1,Benzyl salicylate,0.2,IFRA_STD_011,
51,F2.1,6665,103798-23-6,91770-14-8,Jasmine sambac absolute,Jasminum sambac (L.) Aiton,118-58-1,Benzyl salicylate,0.2,IFRA_STD_011,
51,F2.27,6665,103798-23-6,91770-14-8,Jasmine sambac CO2 extract,Jasminum sambac,118-58-1,Benzyl salicylate,0.15,IFRA_STD_011,
51,F2.1,554,8031-03-6,93685-96-2 98903-76-5,Mimosa absolute,Acacia decurrens (Wendl.f.) Willd.,118-58-1,Benzyl salicylate,0.02,IFRA_STD_011,
51,F2.1,1178,8024-05-3,94334-35-7,Tuberose absolute,Poliantes tuberosa L.,118-58-1,Benzyl salicylate,3.6,IFRA_STD_011,
51,F2.7,1178,8024-05-3,94334-35-7,Tuberose concrete,Poliantes tuberosa L.,118-58-1,Benzyl salicylate,2.1,IFRA_STD_011,
51,F2.12.1,6614,8006-81-3,83863-30-3,Ylang ylang oil I,Cananga odorata (Lam.) Hook. f. &Thomson oil (forma genuine Steenis),118-58-1,Benzyl salicylate,2.58,IFRA_STD_011,
51,F2.12.2,6614,8006-81-3,83863-30-3,Ylang ylang oil II,Cananga odorata (Lam.) Hook. f. &Thomson oil (forma genuine Steenis),118-58-1,Benzyl salicylate,2.36,IFRA_STD_011,
51,F2.12.3,6614,8006-81-3,83863-30-3,Ylang ylang oil III,Cananga odorata (Lam.) Hook. f. &Thomson oil (forma genuine Steenis),118-58-1,Benzyl salicylate,2.48,IFRA_STD_011,
51,F2.12,6614,8006-81-3,83863-30-3,"Ylang, Ylang oil complete",Cananga odorata (Lam.) Hook. f. &Thomson oil (forma genuine Steenis),118-58-1,Benzyl salicylate,3.11,IFRA_STD_011,
51,F2.12 X,6614,8006-81-3,83863-30-3,"Ylang, Ylang oil extra",Cananga odorata (Lam.) Hook. f. &Thomson oil (forma genuine Steenis),118-58-1,Benzyl salicylate,3.35,IFRA_STD_011,
51,F2.1,6614,,83863-30-3,Ylang-ylang absolute,Cananga odorata (Lam.) Hook.f.&Thomson forma genuina,118-58-1,Benzyl salicylate,3.5,IFRA_STD_011,
51,K2.13,314,8046-19-3,8046-19-3 94891-27-7 94891-28-8,Styrax extract,Liquidambar spp.,78277-23-3,Benzyl trans-cinnamate,1,,
51,K2.12,314,8046-19-3,94891-28-8,Styrax oil,Liquidambar styraciflua L.,78277-23-3,Benzyl trans-cinnamate,1.75,,
51,K2.26,314,8046-19-3,8046-19-3,Styrax resinoid,Liquidambar styraciflua L.,78277-23-3,Benzyl trans-cinnamate,0.93,,
51,D2.12,1211,1159574-01-2,85085-29-6,"Cedarwood oil, Chinese",Cupressus funebris Endl.,546-28-1,beta-Cedrene,6,IFRA_STD_197,
51,D2.12,615,68990-83-0,91722-61-1,"Cedarwood oil, Texas",Juniperus mexicana Schiede,546-28-1,beta-Cedrene,3,IFRA_STD_197,
51,D2.12,113,8000-27-9,85085-41-2,"Cedarwood oil, Virginian",Juniperus virginiana L.,546-28-1,beta-Cedrene,5.9,IFRA_STD_197,
51,E2.12,659,8013-86-3,84696-07-1,Cypress oil,Cupresssus sempervirens L.,546-28-1,beta-Cedrene,0.38,IFRA_STD_197,
51,E2.12,1176,68647-73-4,85085-48-9,Tea tree oil,Melaleuca alternifolia (Maiden & Betche) Cheel,546-28-1,beta-Cedrene,0.03,IFRA_STD_197,
51,E2.1,776,8024-12-2,85116-63-8,Verbena absolute,Lippia citriodora (L.) Kunth,546-28-1,beta-Cedrene,0.1,IFRA_STD_197,
51,A2.12,206,8016-96-4,84238-29-9,Vetiver oil (all origins),Chrysopogon zizanioides (L.) Roberty,546-28-1,beta-Cedrene,0.1,IFRA_STD_197,
51,E2.12,527,68991-20-8,84775-45-1 8022-37-5,Armoise vulgaris oil,Artemisia vulgaris L.,471-15-8,beta-Thujone,7.5,IFRA_STD_102,
51,E2.12,,91745-71-0,,Artemesia afra oil,Artemesia afra L. Jacq. Ex Willd.,471-15-8,beta-Thujone,10,IFRA_STD_102,
51,E2.12,6024,84775-75-7,,Artemisia herba-alba oil,Artemesia herba alba Asso,471-15-8,beta-Thujone,10,IFRA_STD_102,
51,E2.12,441,8007-20-3,90131-58-1,Cedar leaf oil,Thuja occidentalis L.,471-15-8,beta-Thujone,10,IFRA_STD_102,
51,E2.12,7131,91770-83-1,,"Cedar leaf oil, China",Platycladus orientalis (L.) Franco,471-15-8,beta-Thujone,10,IFRA_STD_102,
51,E2.12,677,8006-83-5,84603-66-7,Hyssop oil,Hyssopus officinalis L.,471-15-8,beta-Thujone,0.2,IFRA_STD_102,
51,G2.12,337,8002-68-4,84603-69-0,Juniper berry oil,Juniperus communis L.,471-15-8,beta-Thujone,0.05,IFRA_STD_102,
51,E2.12,,90063-99-3,,Mentha longifolia oil,Mentha longifolia (L.) Huds.,471-15-8,beta-Thujone,1,IFRA_STD_102,
51,K2.1,1257,8016-36-2,97952-72-2 89957-98-2,Olibanum absolute,Boswellia spp.,471-15-8,beta-Thujone,0.2,IFRA_STD_102,
51,K2.12,6050,8016-36-2,8050-07-5 89957-98-2,Olibanum carterii oil,Boswellia carterii,471-15-8,beta-Thujone,0.4,IFRA_STD_102,
51,K2.12,1257,8016-36-2,8050-07-5,Olibanum oil,Boswellia spp.,471-15-8,beta-Thujone,0.4,IFRA_STD_102,
51,K2.12,,89957-98-2,,Olibanum sacra oil,Boswellia sacra,471-15-8,beta-Thujone,0.2,IFRA_STD_102,
51,E2.12,311,8022-56-8,84082-79-1,Sage Dalmatian oil,Salvia officinalis L.,471-15-8,beta-Thujone,8,IFRA_STD_102,
51,E2.21,,84082-79-1,,Sage Dalmatian oleoresin,Salvia officinalis L.,471-15-8,beta-Thujone,2.7,IFRA_STD_102,
51,E2.12,479,8022-56-8,90106-49-3 97952-71-1,"Sage oil, Spanish",Salvia lavandifolia Vahl,471-15-8,beta-Thujone,0.02,IFRA_STD_102,
51,E2.21,,8022-56-8,84082-79-1,Sage oleoresin,Salvia officinalis L.,471-15-8,beta-Thujone,2.5,IFRA_STD_102,
51,E2.12,696,8016-68-0,84775-98-4,Savory summer oil,Satureja hortensis L.,471-15-8,beta-Thujone,0.5,IFRA_STD_102,
51,E2.12,998,8016-84-0,90131-43-4,Tagetes erecta oil,Tagetes erecta L.,471-15-8,beta-Thujone,0.5,IFRA_STD_102,
51,F2.12,1235,,91770-75-1,Tagetes minuta oil,Tagetes minuta L.,471-15-8,beta-Thujone,0.5,IFRA_STD_102,
51,F2.12,609,8016-87-3,84961-64-8,Tansy oil,Tanacetum vulgare L.,471-15-8,beta-Thujone,71,IFRA_STD_102,
51,E2.12,,8007-46-3,84776-98-7,"Thyme oil, wild",Thymus serpyllum L.,471-15-8,beta-Thujone,0.2,IFRA_STD_102,
51,E2.12,528,8008-93-3,84929-19-1,Wormwood oil,Artemisia absinthium L.,471-15-8,beta-Thujone,42,IFRA_STD_102,
51,E2.12,5086,8022-07-9,84082-83-7,Yarrow oil,Achillea millefolium L.,471-15-8,beta-Thujone,0.6,IFRA_STD_102,
51,E2.12,7135,92346-82-2,,"Bucchu oil, crenulata",Agathosma crenulata (L.) Pill.,99-49-0,Carvone,0.19,IFRA_STD_016,
51,E2.12,6584,8023-92-5,92704-07-9,Gingergrass oil,Cymbopogon martinii (Roxb.) W.Watson var.sofia,99-49-0,Carvone,4,IFRA_STD_016,
51,G2.30,189,68917-32-8,90045-43-5,Grapefruit oil terpenes,Citrus x paradisi Macfad.,99-49-0,Carvone,0.09,IFRA_STD_016,
51,E2.12,220,8016-26-0,90244-89-6 89997-74-0,Labdanum oil,Cistus ladaniferus L.,99-49-0,Carvone,0.25,IFRA_STD_016,
51,E2.12,460,8015-01-8,84082-58-6,"Marjoram oil, sweet",Origanum majorana L.,99-49-0,Carvone,0.4,IFRA_STD_016,
51,E2.12,,90063-99-3,,Mentha longifolia oil,Mentha longifolia (L.) Huds.,99-49-0,Carvone,1,IFRA_STD_016,
51,H2.12,,90064-32-7,84775-51-9,Nigella sativa oil,Nigella sativa L.,99-49-0,Carvone,8,IFRA_STD_016,
51,K2.12,,89957-98-2,,Olibanum sacra oil,Boswellia sacra,99-49-0,Carvone,0.3,IFRA_STD_016,
51,G2.5,233,68916-04-1,72968-50-4,"Orange oil, bitter",Citrus aurantium L. spp. Amara Link,99-49-0,Carvone,0.05,IFRA_STD_016,
51,G2.30,192,68647-72-3,8028-48-6,"Orange oil, sweet, terpenes",Citrus sinensis (L.) Osbeck,99-49-0,Carvone,0.08,IFRA_STD_016,
51,E2.12,464,8007-11-2,90131-59-2,Origanum oil,Thymus capitata (L.) Cav.,99-49-0,Carvone,0.1,IFRA_STD_016,
51,E2.12,275,8006-90-4,84082-70-2 98306-02-6,Peppermint oil,Mentha x piperita L.,99-49-0,Carvone,0.1,IFRA_STD_016,
51,E2.12,358,8016-26-0,89997-74-0,Cistus oil,Cistus ladaniferus L.,97-42-7,Carvyl acetate,0.18,IFRA_STD_243,
51,E2.12,5603,,91770-24-0,"Spearmint oil, Scotch",Mentha x gentilis L. syn. Mentha x gracilis Sole,97-42-7,Carvyl acetate,0.15,IFRA_STD_243,
51,A2.12,936,8008-88-6,8057-49-6,Valerian root oil,Valeriana officinalis L.,97-42-7,Carvyl acetate,0.05,IFRA_STD_243,
51,K2.31,104,,9000-05-9,"Benzoin infusion, Sumatra",Styrax paralleloneurum Perkins,104-54-1,Cinnamic alcohol,0.006,IFRA_STD_017,
51,K2.26,5381,,84012-39-5,"Benzoin resinoid, Siam",Styrax tonkinensis (Pierre) Craib ex Hartwick,104-54-1,Cinnamic alcohol,0.36,IFRA_STD_017,
51,K2.26,104,,84929-79-3,"Benzoin resinoid, Sumatra",Styrax benzoin Dryand.,104-54-1,Cinnamic alcohol,0.01,IFRA_STD_017,
51,C2.12,327,8007-80-5,84961-46-6,Cassia  bark oil,Cinnamomum cassia [L.] J. Presl syn. C. aromaticum Nees,104-54-1,Cinnamic alcohol,0.3,IFRA_STD_017,IFRA escribe «0..3»; se lee 0.3
51,C2.21,,8007-80-5,84961-46-6,Cassia bark oleoresin,Cinnamomum cassia [L.] J. Presl syn. C. aromaticum Nees,104-54-1,Cinnamic alcohol,0.37,IFRA_STD_017,
51,E2.12,327,8007-80-5,84961-46-6,Cassia oil,Cinnamomum cassia [L.] J. Presl syn. C. aromaticum Nees,104-54-1,Cinnamic alcohol,0.2,IFRA_STD_017,
51,F2.1,6869,8006-76-6,92457-18-6,Champaca absolute,Michelia champaca L.,104-54-1,Cinnamic alcohol,0.02,IFRA_STD_017,
51,C2.27,328,8015-91-6,84649-98-9,Cinnamon bark CO2 extract,Cinnamomum verum J. Presl syn. C. zeylanicum Blume,104-54-1,Cinnamic alcohol,1.1,IFRA_STD_017,
51,C2.12,328,8015-91-6,84649-98-9,Cinnamon bark oil,Cinnamomum zeylanicum Blume,104-54-1,Cinnamic alcohol,0.3,IFRA_STD_017,
51,C2.12,926,97659-68-2,,"Cinnamon bark oil, Laos",Cinnamomum loureiroi Nees,104-54-1,Cinnamic alcohol,0.5,IFRA_STD_017,
51,E2.1,358,8016-26-0,89997-74-0,Cistus absolute,Cistus ladaniferus L.,104-54-1,Cinnamic alcohol,0.03,IFRA_STD_017,
51,F2.1,,8023-94-7,94333-75-2,Hyacinth absolute,Hyacinthus orientalis L.,104-54-1,Cinnamic alcohol,11.2,IFRA_STD_017,
51,F2.1,6665,103798-23-6,91770-14-8,Jasmine sambac absolute,Jasminum sambac (L.) Aiton,104-54-1,Cinnamic alcohol,0.15,IFRA_STD_017,
51,F2.27,6665,103798-23-6,91770-14-8,Jasmine sambac CO2 extract,Jasminum sambac,104-54-1,Cinnamic alcohol,0.15,IFRA_STD_017,
51,K2.1,314,8046-19-3,94891-27-7 94891-28-8,Styrax absolute,Liquidambar styraciflua L.,104-54-1,Cinnamic alcohol,0.82,IFRA_STD_017,
51,K2.9.1,314,8046-19-3,8046-19-3,Styrax essence pyrogenated,Liquidambar Styraciflua,104-54-1,Cinnamic alcohol,0.25,IFRA_STD_017,
51,K2.13,314,8046-19-3,8046-19-3 94891-27-7 94891-28-8,Styrax extract,Liquidambar spp.,104-54-1,Cinnamic alcohol,0.8,IFRA_STD_017,
51,K2.12,314,8046-19-3,94891-28-8,Styrax oil,Liquidambar styraciflua L.,104-54-1,Cinnamic alcohol,1.85,IFRA_STD_017,
51,K2.9,314,8046-19-3,94891-28-8,"Styrax oil, Honduras",Liquidambar styraciflua L.,104-54-1,Cinnamic alcohol,1.5,IFRA_STD_017,
51,K2.9.1,6877,8024-01-9,94891-27-7,"Styrax oil, pyrogenated",Liquidambar orientalis Mill.,104-54-1,Cinnamic alcohol,0.3,IFRA_STD_017,
51,K2.26,314,8046-19-3,8046-19-3,Styrax resinoid,Liquidambar styraciflua L.,104-54-1,Cinnamic alcohol,1.4,IFRA_STD_017,
51,F2.12.1,6614,8006-81-3,83863-30-3,Ylang ylang oil I,Cananga odorata (Lam.) Hook. f. &Thomson oil (forma genuine Steenis),104-54-1,Cinnamic alcohol,0.01,IFRA_STD_017,
51,F2.12.2,6614,8006-81-3,83863-30-3,Ylang ylang oil II,Cananga odorata (Lam.) Hook.f.&Thomson forma genuina,104-54-1,Cinnamic alcohol,0.02,IFRA_STD_017,
51,F2.12.3,6614,8006-81-3,83863-30-3,Ylang ylang oil III,Cananga odorata (Lam.) Hook. f. &Thomson oil (forma genuine Steenis),104-54-1,Cinnamic alcohol,0.02,IFRA_STD_017,
51,K2.26,5381,,84012-39-5,"Benzoin resinoid, Siam",Styrax tonkinensis (Pierre) Craib ex Hartwick,104-55-2,Cinnamic aldehyde,0.01,IFRA_STD_018,
51,C2.12,327,8007-80-5,84961-46-6,Cassia  bark oil,Cinnamomum cassia [L.] J. Presl syn. C. aromaticum Nees,104-55-2,Cinnamic aldehyde,78.85,IFRA_STD_018,
51,C2.21,,8007-80-5,84961-46-6,Cassia bark oleoresin,Cinnamomum cassia [L.] J. Presl syn. C. aromaticum Nees,104-55-2,Cinnamic aldehyde,46.23,IFRA_STD_018,
51,E2.12,327,8007-80-5,84961-46-6,Cassia oil,Cinnamomum cassia [L.] J. Presl syn. C. aromaticum Nees,104-55-2,Cinnamic aldehyde,79.5,IFRA_STD_018,
51,C2.27,328,8015-91-6,84649-98-9,Cinnamon bark CO2 extract,Cinnamomum verum J. Presl syn. C. zeylanicum Blume,104-55-2,Cinnamic aldehyde,77.5,IFRA_STD_018,
51,C2.12,328,8015-91-6,84649-98-9,Cinnamon bark oil,Cinnamomum zeylanicum Blume,104-55-2,Cinnamic aldehyde,75,IFRA_STD_018,
51,C2.12,926,97659-68-2,,"Cinnamon bark oil, Laos",Cinnamomum loureiroi Nees,104-55-2,Cinnamic aldehyde,95,IFRA_STD_018,
51,E2.12,444,8015-91-6,84649-98-9,Cinnamon leaf oil,Cinnamomum zeylanicum Blume,104-55-2,Cinnamic aldehyde,1.5,IFRA_STD_018,
51,F2.1,,8023-94-7,94333-75-2,Hyacinth absolute,Hyacinthus orientalis L.,104-55-2,Cinnamic aldehyde,0.3,IFRA_STD_018,
51,K2.13,314,8046-19-3,8046-19-3 94891-27-7 94891-28-8,Styrax extract,Liquidambar spp.,104-55-2,Cinnamic aldehyde,0.05,IFRA_STD_018,
51,K2.12,314,8046-19-3,94891-28-8,Styrax oil,Liquidambar styraciflua L.,104-55-2,Cinnamic aldehyde,0.03,IFRA_STD_018,
51,K2.9,314,8046-19-3,94891-28-8,"Styrax oil, Honduras",Liquidambar styraciflua L.,104-55-2,Cinnamic aldehyde,0.1,IFRA_STD_018,
51,K2.26,314,8046-19-3,8046-19-3,Styrax resinoid,Liquidambar styraciflua L.,104-55-2,Cinnamic aldehyde,0.04,IFRA_STD_018,
51,E2.12,1489,,84696-51-5,"Erospicata oil, Mentha spicata 'Erospicata'",Mentha spicata Erospicata,35154-45-1,cis-3-Hexenyl isovalerate,0.16,IFRA_STD_245,
51,E2.12,133,8000-46-2,90082-51-2,Geranium oil,Pelargonium graveolens l'Hertier ex Aiton,35154-45-1,cis-3-Hexenyl isovalerate,0.1,IFRA_STD_245,
51,E2.24,509,68917-18-0,90063-97-1 91722-84-8,Mentha arvensis oil,Mentha arvenis L.,35154-45-1,cis-3-Hexenyl isovalerate,0.98,IFRA_STD_245,
51,E2.12,275,8006-90-4,84082-70-2 98306-02-6,Peppermint oil,Mentha x piperita L.,35154-45-1,cis-3-Hexenyl isovalerate,0.1,IFRA_STD_245,
51,A2.12,576,8015-79-0,84775-39-3,Calamus oil,Acorus calamus L.,5273-86-9,cis-Asarone/beta-Asarone,70,IFRA_STD_110,
51,H2.12,578,8015-88-1,84929-61-3,Carrot seed oil,Daucus carota L.,5273-86-9,cis-Asarone/beta-Asarone,0.05,IFRA_STD_110,
51,G2.12,784,8007-87-2,90082-59-0,Cubeb oil,Piper cubeba L. f.,5273-86-9,cis-Asarone/beta-Asarone,2.98,IFRA_STD_110,
51,E2.1,776,8024-12-2,85116-63-8,Verbena absolute,Lippia citriodora (L.) Kunth,5273-86-9,cis-Asarone/beta-Asarone,0.01,IFRA_STD_110,
51,H2.1,379,96507-91-4,85940-32-5,Cardamom seed absolute,Elettaria cardamomum  (L.) Maton,5392-40-5,Citral,0.88,IFRA_STD_021,
51,H2.27,379,96507-91-4,85940-32-5,Cardamom seed CO2 extract,Elettaria cardamomum  (L.) Maton,5392-40-5,Citral,0.88,IFRA_STD_021,
51,H2.12,379,8000-66-6,85940-32-5 96507-91-4,Cardamom seed oil,Elettaria cardamomum (L.) Maton,5392-40-5,Citral,0.5,IFRA_STD_021,
51,F2.1,75,8023-82-3,89958-31-6,Cassie absolute,Vachellia farnesiana (L.) Willd.,5392-40-5,Citral,0.03,IFRA_STD_021,
51,E2.12,6864,8000-29-1,89998-15-2,"Citronella oil, Ceylon type",Cymbopogon nardus (L.) Rendle,5392-40-5,Citral,0.8,IFRA_STD_021,
51,E2.12,117,8000-29-1,91771-61-8,"Citronella oil, Java type",Cymbopogon winterianus Jowitt,5392-40-5,Citral,0.8,IFRA_STD_021,
51,G2.5,6514,233683-84-6,,Citrus junos oil,Citrus junos Siebold ex. Tanaka ichangensis × reticulata var. austera (reticulata var. austera) (Rutaceae),5392-40-5,Citral,0.01,IFRA_STD_021,
51,G2.5,,93686-22-7,,Clementine oil,Citrus clementina Hort. Ex Tan,5392-40-5,Citral,0.15,IFRA_STD_021,
51,A2.12,,799259-56-6,,Cyperus articulatus oil,Cyperus articulatus L.,5392-40-5,Citral,0.7,IFRA_STD_021,
51,E2.12,7255,92201-64-4,,Eucalyptus radiata oil,Eucalyptus radiata Sieber ex DC oil,5392-40-5,Citral,1.5,IFRA_STD_021,
51,E2.12,133,8000-46-2,90082-51-2,Geranium oil,Pelargonium graveolens l'Hertier ex Aiton,5392-40-5,Citral,0.5,IFRA_STD_021,
51,E2.12,545,8000-46-2,90082-52-3,Geranium oil African,Pelargonium odoratissimum L'Heritier,5392-40-5,Citral,0.5,IFRA_STD_021,
51,A2.12,335,8007-08-7,84696-15-1,Ginger oil,Zingiber officinale Rosc.,5392-40-5,Citral,2.8,IFRA_STD_021,
51,A2.21,335,8007-08-7,84696-15-1,Ginger oleoresin,Zingiber officinale Rosc.,5392-40-5,Citral,0.8,IFRA_STD_021,
51,G2.5,189,8016-20-4,90045-43-5,Grapefruit oil,Citrus paradisi Macf.,5392-40-5,Citral,0.1,IFRA_STD_021,
51,G2.30,189,68917-32-8,90045-43-5,Grapefruit oil terpenes,Citrus x paradisi Macfad.,5392-40-5,Citral,0.01,IFRA_STD_021,
51,G2.29,189,68916-46-1,90045-43-5,"Grapefruit oil, terpeneless",Citrus x paradisi Macfad.,5392-40-5,Citral,10,IFRA_STD_021,
51,G2.5,,938464-05-2,,"Kumquat oil, Fortunella margarita",Fortunella (Lour.) Swingle,5392-40-5,Citral,10,IFRA_STD_021,
51,G2.10,136,8008-56-8,84929-31-7,Lemon essence oil,Citrus limon (L.) Osbeck,5392-40-5,Citral,2.03,IFRA_STD_021,
51,G2.5,136,8008-56-8,84929-31-7,"Lemon oil, expressed",Citrus limon (L.) Burm. f.,5392-40-5,Citral,3.5,IFRA_STD_021,
51,G2.29,136,68648-39-5,84929-31-7,"Lemon oil, terpeneless",Citrus limon (L.) Osbeck,5392-40-5,Citral,40,IFRA_STD_021,
51,E2.12,7327,8007-02-1,89998-14-1,"Lemongrass oil, West Indian",Cymbopogon citratus (DC) Stapf.,5392-40-5,Citral,73,IFRA_STD_021,
51,G2.12,910,68855-99-2,90063-59-5,Litsea cubeba oil,Litsea Cubeba(Lour.) Pers.,5392-40-5,Citral,69,IFRA_STD_021,
51,E2.12,83,68917-15-7,85085-49-0,Mentha citrata oil,Mentha citrata Ehrhart,5392-40-5,Citral,0.03,IFRA_STD_021,
51,G2.5,,1370641-98-7,,Meyer lemon oil. cold pressed,Citrus x meyerii,5392-40-5,Citral,5,IFRA_STD_021,
51,G2.5,5538,93686-22-7,,"Murcote oil, expressed","Citrus reticulata spp. murcote, Swingle",5392-40-5,Citral,0.1,IFRA_STD_021,
51,G2.10,192,68514-75-0,8028-48-6,Orange essence oil,Citrus sinensis (L.) Osbeck,5392-40-5,Citral,0.15,IFRA_STD_021,
51,G2.30,192,68647-72-3,8028-48-6,"Orange oil, sweet, terpenes",Citrus sinensis (L.) Osbeck,5392-40-5,Citral,0.01,IFRA_STD_021,
51,G2.5,192,8008-57-9,97766-30-8,"Orange, sweet, Valencia oil",Citrus sinensis (L.) Osbeck,5392-40-5,Citral,0.15,IFRA_STD_021,
51,E2.12,418,8014-19-5,91722-54-2 84649-81-0,Palmarosa oil,Cymbopogon martinii (Roxb.) Wats,5392-40-5,Citral,0.6,IFRA_STD_021,
51,E2.12,1084,68132-21-8,90082-61-4,Perilla oil,Perilla frutescens (L.) Britton,5392-40-5,Citral,0.17,IFRA_STD_021,
51,E2.1,233,8030-28-2,72968-50-4,Petitgrain bigarade absolute,Citrus aurantium L.,5392-40-5,Citral,0.2,IFRA_STD_021,
51,E2.12,233,8014-17-3,72968-50-4,Petitgrain bigarade oil,Citrus aurantium L. spp. Amara Link,5392-40-5,Citral,0.65,IFRA_STD_021,
51,E2.12,136,8048-51-9,84929-31-7,Petitgrain lemon oil,Citrus limon (L.) Burm. f.,5392-40-5,Citral,23,IFRA_STD_021,
51,E2.12,250,8014-17-3,84929-38-4,Petitgrain mandarin oil,Citrus reticulata Blanco,5392-40-5,Citral,0.14,IFRA_STD_021,
51,F2.7,515,90106-38-0,,Rose concrete,Rosa x damascena Mill.,5392-40-5,Citral,0.16,IFRA_STD_021,
51,G2.5,931,72869-73-9,93763-95-2,"Tangelo oil, expressed",Citrus x tangelo Ingram and Moore,5392-40-5,Citral,0.1,IFRA_STD_021,
51,G2.5,6607,8016-85-1,93686-22-7 8008-31-9,Tangerine oil,Citrus reticulata blanco,5392-40-5,Citral,0.1,IFRA_STD_021,
51,G2.5,,93686-22-7,,"Tangor oil, expressed",Citrus reticulata x Citrus sinensis,5392-40-5,Citral,0.1,IFRA_STD_021,
51,E2.1,776,8024-12-2,85116-63-8,Verbena absolute,Lippia citriodora (L.) Kunth,5392-40-5,Citral,25.6,IFRA_STD_021,
51,F2.12.1,6614,8006-81-3,83863-30-3,Ylang ylang oil I,Cananga odorata (Lam.) Hook. f. &Thomson oil (forma genuine Steenis),5392-40-5,Citral,0.12,IFRA_STD_021,
51,F2.12.2,6614,8006-81-3,83863-30-3,Ylang ylang oil II,Cananga odorata (Lam.) Hook.f.&Thomson forma genuina,5392-40-5,Citral,0.09,IFRA_STD_021,
51,F2.12.3,6614,8006-81-3,83863-30-3,Ylang ylang oil III,Cananga odorata (Lam.) Hook. f. &Thomson oil (forma genuine Steenis),5392-40-5,Citral,0.02,IFRA_STD_021,
51,F2.12 X,6614,8006-81-3,83863-30-3,"Ylang, Ylang oil extra",Cananga odorata (Lam.) Hook. f. &Thomson oil (forma genuine Steenis),5392-40-5,Citral,0.01,IFRA_STD_021,
51,E2.12,,8014-71-9,84082-61-1,Balm oil,Melissa officinalis L.,106-23-0,Citronellal,6.88,IFRA_STD_206,
51,G2.5,7067,68991-25-3,,Citron oil,Citrus medica L.,106-23-0,Citronellal,0.15,IFRA_STD_206,
51,E2.12,6864,8000-29-1,89998-15-2,"Citronella oil, Ceylon type",Cymbopogon nardus (L.) Rendle,106-23-0,Citronellal,4.5,IFRA_STD_206,
51,E2.12,117,8000-29-1,91771-61-8,"Citronella oil, Java type",Cymbopogon winterianus Jowitt,106-23-0,Citronellal,36,IFRA_STD_206,
51,G2.5,5580,91771-50-5,,Citrus hystrix extract,Citrus hystrix DC,106-23-0,Citronellal,11.7,IFRA_STD_206,
51,G2.5,,93686-22-7,,Clementine oil,Citrus clementina Hort. Ex Tan,106-23-0,Citronellal,0.1,IFRA_STD_206,
51,E2.12,1075,85203-56-1,,Eucalyptus citriodora oil,Corymbia citriodora (Hook.) K.D. Hill & L.A. Johnson,106-23-0,Citronellal,71.77,IFRA_STD_206,
51,E2.12,133,8000-46-2,90082-51-2,Geranium oil,Pelargonium graveolens l'Hertier ex Aiton,106-23-0,Citronellal,0.15,IFRA_STD_206,
51,A2.12,335,8007-08-7,84696-15-1,Ginger oil,Zingiber officinale Rosc.,106-23-0,Citronellal,0.4,IFRA_STD_206,
51,G2.10,189,8016-20-4,90045-43-5,Grapefruit essence oil,Citrus x paradisi Macfad.,106-23-0,Citronellal,0.07,IFRA_STD_206,
51,G2.5,189,8016-20-4,90045-43-5,Grapefruit oil,Citrus paradisi Macf.,106-23-0,Citronellal,0.1,IFRA_STD_206,
51,G2.12,189,8016-20-4,90045-43-5,Grapefruit oil,Citrus x paradisi Macfad.,106-23-0,Citronellal,0.1,IFRA_STD_206,
51,G2.30,189,68917-32-8,90045-43-5,Grapefruit oil terpenes,Citrus x paradisi Macfad.,106-23-0,Citronellal,0.01,IFRA_STD_206,
51,G2.29,189,68916-46-1,90045-43-5,"Grapefruit oil, terpeneless",Citrus x paradisi Macfad.,106-23-0,Citronellal,3.2,IFRA_STD_206,
51,G2.5,,938464-05-2,,"Kumquat oil, Fortunella margarita",Fortunella (Lour.) Swingle,106-23-0,Citronellal,3,IFRA_STD_206,
51,G2.10,136,8008-56-8,84929-31-7,Lemon essence oil,Citrus limon (L.) Osbeck,106-23-0,Citronellal,0.06,IFRA_STD_206,
51,G2.12,136,8008-56-8,84929-31-7,Lemon oil steam distilled,Citrus limon (L.) Osbeck,106-23-0,Citronellal,0.07,IFRA_STD_206,
51,G2.5,136,8008-56-8,84929-31-7,"Lemon oil, expressed",Citrus limon (L.) Burm. f.,106-23-0,Citronellal,0.1,IFRA_STD_206,
51,G2.29,136,68648-39-5,84929-31-7,"Lemon oil, terpeneless",Citrus limon (L.) Osbeck,106-23-0,Citronellal,3,IFRA_STD_206,
51,E2.12,221,8007-02-1,91844-92-7,"Lemongrass oil, East Indian",Cymbopogon flexuosus (Nees ex Steudel) Will. Watson,106-23-0,Citronellal,0.51,IFRA_STD_206,
51,E2.12,7327,8007-02-1,89998-14-1,"Lemongrass oil, West Indian",Cymbopogon citratus (DC) Stapf.,106-23-0,Citronellal,0.3,IFRA_STD_206,
51,G2.5,171,8008-26-2,93685-55-3 90063-52-8,"Lime oil, expressed",Citrus aurantifolia (Christman) Swingle,106-23-0,Citronellal,0.5,IFRA_STD_206,
51,G2.12,910,68855-99-2,90063-59-5,Litsea cubeba oil,Litsea Cubeba(Lour.) Pers.,106-23-0,Citronellal,1.1,IFRA_STD_206,
51,G2.5,,1370641-98-7,,Meyer lemon oil. cold pressed,Citrus x meyerii,106-23-0,Citronellal,0.2,IFRA_STD_206,
51,G2.5,5538,93686-22-7,,"Murcote oil, expressed","Citrus reticulata spp. murcote, Swingle",106-23-0,Citronellal,0.1,IFRA_STD_206,
51,G2.5,1429,8008-26-2,90063-52-8,"Persian lime oil, expressed",Citrus latifolia Tanaka,106-23-0,Citronellal,1.39,IFRA_STD_206,
51,E2.12,233,8014-17-3,72968-50-4,Petitgrain bigarade oil,Citrus aurantium L. spp. Amara Link,106-23-0,Citronellal,0.05,IFRA_STD_206,
51,E2.12,136,8048-51-9,84929-31-7,Petitgrain lemon oil,Citrus limon (L.) Burm. f.,106-23-0,Citronellal,1,IFRA_STD_206,
51,E2.12,250,8014-17-3,84929-38-4,Petitgrain mandarin oil,Citrus reticulata Blanco,106-23-0,Citronellal,0.05,IFRA_STD_206,
51,F2.12,425,8007-01-0,90106-38-0,Rose oil,Rosa x damascena Mill.,106-23-0,Citronellal,0.51,IFRA_STD_206,
51,G2.5,931,72869-73-9,93763-95-2,"Tangelo oil, expressed",Citrus x tangelo Ingram and Moore,106-23-0,Citronellal,0.1,IFRA_STD_206,
51,G2.5,6607,8016-85-1,93686-22-7 8008-31-9,Tangerine oil,Citrus reticulata blanco,106-23-0,Citronellal,0.1,IFRA_STD_206,
51,G2.5,,93686-22-7,,"Tangor oil, expressed",Citrus reticulata x Citrus sinensis,106-23-0,Citronellal,0.1,IFRA_STD_206,
51,H2.12,,8021-27-0,90028-76-5,Abies alba cone oil,Abies alba Mill.,150-84-5,Citronellyl acetate,0.05,IFRA_STD_248,
51,E2.12,,8014-71-9,84082-61-1,Balm oil,Melissa officinallis L.,150-84-5,Citronellyl acetate,1.35,IFRA_STD_248,
51,E2.12,5119,8015-73-4,84775-71-3,"Basil oil, chemotype linalool",Ocimum basilicum L.,150-84-5,Citronellyl acetate,0.1,IFRA_STD_248,
51,E2.1,73,84649-93-4,68650-46-4,"Bucchu absolute, betulina",Agathosma betulina (P.J.Bergius) Pillans,150-84-5,Citronellyl acetate,0.15,IFRA_STD_248,
51,E2.12,6864,8000-29-1,89998-15-2,"Citronella oil, Ceylon type",Cymbopogon nardus (L.) Rendle,150-84-5,Citronellyl acetate,0.9,IFRA_STD_248,
51,E2.12,117,8000-29-1,91771-61-8,"Citronella oil, Java type",Cymbopogon winterianus Jowitt,150-84-5,Citronellyl acetate,3,IFRA_STD_248,
51,G2.5,5580,91771-50-5,,Citrus hystrix extract,Citrus hystrix DC,150-84-5,Citronellyl acetate,0.4,IFRA_STD_248,
51,E2.12,1075,85203-56-1,,Eucalyptus citriodora oil,Corymbia citriodora (Hook.) K.D. Hill & L.A. Johnson,150-84-5,Citronellyl acetate,1.81,IFRA_STD_248,
51,E2.1,133,8000-46-2,90082-51-2 68916-42-7,Geranium absolute,Pelargonium graveolens l'Hertier ex Aiton,150-84-5,Citronellyl acetate,0.41,IFRA_STD_248,
51,E2.12,133,8000-46-2,90082-51-2,Geranium oil,Pelargonium graveolens l'Hertier ex Aiton,150-84-5,Citronellyl acetate,0.5,IFRA_STD_248,
51,E2.12,545,8000-46-2,90082-52-3,Geranium oil African,Pelargonium odoratissimum L'Heritier,150-84-5,Citronellyl acetate,0.8,IFRA_STD_248,
51,A2.27,335,8007-08-7,84696-15-1,Ginger CO2 extract,Zingiber officinalle Roscoe,150-84-5,Citronellyl acetate,0.17,IFRA_STD_248,
51,G2.29,189,68916-46-1,90045-43-5,"Grapefruit oil, terpeneless",Citrus x paradisi Macfad.,150-84-5,Citronellyl acetate,0.31,IFRA_STD_248,
51,G2.12,337,8002-68-4,84603-69-0,Juniper berry oil,Juniperus communis L.,150-84-5,Citronellyl acetate,0.19,IFRA_STD_248,
51,G2.29,136,68648-39-5,84929-31-7,"Lemon oil, terpeneless",Citrus limon (L.) Osbeck,150-84-5,Citronellyl acetate,1.72,IFRA_STD_248,
51,E2.12,221,8007-02-1,91844-92-7,"Lemongrass oil, East Indian",Cymbopogon flexuosus (Nees ex Steudel) Will. Watson,150-84-5,Citronellyl acetate,0.23,IFRA_STD_248,
51,H2.12,184,8008-45-5,84082-68-8,Nutmeg oil,Myristica fragrans Houtt.,150-84-5,Citronellyl acetate,0.13,IFRA_STD_248,
51,E2.12,136,8048-51-9,84929-31-7,Petitgrain lemon oil,Citrus limon (L.) Burm. f.,150-84-5,Citronellyl acetate,0.2,IFRA_STD_248,
51,F2.1,425,90106-38-0,,Rose absolute,Rosa x damascena Mill.,150-84-5,Citronellyl acetate,0.13,IFRA_STD_248,
51,F2.7,515,90106-38-0,,Rose concrete,Rosa x damascena Mill.,150-84-5,Citronellyl acetate,0.03,IFRA_STD_248,
51,F2.12,425,8007-01-0,90106-38-0,Rose oil,Rosa x damascena Mill.,150-84-5,Citronellyl acetate,0.55,IFRA_STD_248,
51,F2.54,,8007-01-0,84604-12-6,Rose water stronger,Rosa x centifolia L.,150-84-5,Citronellyl acetate,0.02,IFRA_STD_248,
51,G2.12,608,68917-52-2,94334-31-3,Schinus molle oil,Schinus areira L.,150-84-5,Citronellyl acetate,0.14,IFRA_STD_248,
51,G2.27,7142,949495-68-5,,Schinus terebenthifolius CO2 extract,Schinus terebenthifolius Raddi,150-84-5,Citronellyl acetate,0.25,IFRA_STD_248,
51,F2.12,1235,,91770-75-1,Tagetes minuta oil,Tagetes minuta L.,150-84-5,Citronellyl acetate,0.43,IFRA_STD_248,
51,C2.12,327,8007-80-5,84961-46-6,Cassia  bark oil,Cinnamomum cassia [L.] J. Presl syn. C. aromaticum Nees,91-64-5,Coumarin,2.85,IFRA_STD_023,
51,C2.21,,8007-80-5,84961-46-6,Cassia bark oleoresin,Cinnamomum cassia [L.] J. Presl syn. C. aromaticum Nees,91-64-5,Coumarin,3.27,IFRA_STD_023,
51,E2.12,327,8007-80-5,84961-46-6,Cassia oil,Cinnamomum cassia [L.] J. Presl syn. C. aromaticum Nees,91-64-5,Coumarin,2,IFRA_STD_023,
51,C2.27,328,8015-91-6,84649-98-9,Cinnamon bark CO2 extract,Cinnamomum verum J. Presl syn. C. zeylanicum Blume,91-64-5,Coumarin,0.1,IFRA_STD_023,
51,C2.12,328,8015-91-6,84649-98-9,Cinnamon bark oil,Cinnamomum zeylanicum Blume,91-64-5,Coumarin,0.6,IFRA_STD_023,
51,C2.12,926,97659-68-2,,"Cinnamon bark oil, Laos",Cinnamomum loureiroi Nees,91-64-5,Coumarin,3,IFRA_STD_023,
51,E2.12,444,8015-91-6,84649-98-9,Cinnamon leaf oil,Cinnamomum zeylanicum Blume,91-64-5,Coumarin,0.3,IFRA_STD_023,
51,E2.1,660,68606-82-6,68602-86-8,Deertongue leaf absolute,Liatris odoratissima (Walt.) Willd.,91-64-5,Coumarin,25,IFRA_STD_023,
51,E2.1,670,68916-09-6,89957-44-8,Flouve absolute,Anthoxanthum odorantum L.,91-64-5,Coumarin,2,IFRA_STD_023,
51,E2.1,720,8031-00-3,90063-63-1 100209-32-3,Hay absolute,Lolium perenne. L,91-64-5,Coumarin,8,IFRA_STD_023,
51,F2.12,5532,8022-15-9,93455-96-0,Lavandin abrialis oil,Lavandula x intermedia abrialis,91-64-5,Coumarin,0.2,IFRA_STD_023,
51,F2.1,190,8022-15-9,91722-69-9,Lavandin absolute,Lavandula officinalis x Lavandula latifolia,91-64-5,Coumarin,1.77,IFRA_STD_023,
51,F2.7,190,8022-15-9,91722-69-9,Lavandin concrete,Lavandula officinalis x Lavandula latifolia,91-64-5,Coumarin,1.21,IFRA_STD_023,
51,F2.1,5533,,93455-97-1,Lavandin grosso absolute,Lavandula angustifolia Mill. x Lavandula latifolia Medik.,91-64-5,Coumarin,4.09,IFRA_STD_023,
51,F2.12,,93685-88-2,,Lavandin super oil,Lavendula super,91-64-5,Coumarin,0.1,IFRA_STD_023,
51,F2.1,169,8000-28-0,84776-65-8 90063-37-9 97722-12-8,Lavender absolute,Lavandula angustifolia angustifolia,91-64-5,Coumarin,5.98,IFRA_STD_023,
51,F2.12,1095,93165-50-5,,Lavender oil dentata,Lavandula dentata,91-64-5,Coumarin,0.35,IFRA_STD_023,
51,F2.1,7053,68917-12-4,90064-26-9,Narcissus poeticus absolute,Narcissus poeticus L.,91-64-5,Coumarin,1.2,IFRA_STD_023,
51,F2.1,1237,68917-05-5,92347-21-2,Osmanthus absolute,Osmanthus fragrans Lour.,91-64-5,Coumarin,0.02,IFRA_STD_023,
51,F2.7,1237,68917-05-5,92347-21-2,Osmanthus concrete,Osmanthus fragrans Lour.,91-64-5,Coumarin,0.02,IFRA_STD_023,
51,H2.1,472,8024-04-2,90028-06-1 8046-22-8,Tonka Bean absolute,Dipteryx odorata,91-64-5,Coumarin,56.77,IFRA_STD_023,
51,K2.26,104,,84929-79-3,"Benzoin resinoid, Sumatra",Styrax benzoin Dryand.,1319-77-3,Cresol (unspecified),0.01,IFRA_STD_260,
51,C2.9.2,286,8001-88-5,84012-15-7 85940-29-0 91745-85-6,"Birch tar oil, rectified",Betula pendula Roth,1319-77-3,Cresol (unspecified),1.8,IFRA_STD_260,
51,F2.27,81,8022-96-6,84776-64-7,Jasmine CO2 extract,Jasmium grandifloum L.,1319-77-3,Cresol (unspecified),0.016,IFRA_STD_260,
51,F2.1,81,8022-96-6,84776-64-7,Jasmine grandiflorum absolute,Jasminum grandiflorum L.,1319-77-3,Cresol (unspecified),0.7,IFRA_STD_260,
51,F2.1,,8024-43-9,90045-94-6,Jasmine officinale absolute,Jasminum officinale L.,1319-77-3,Cresol (unspecified),0.01,IFRA_STD_260,
51,H2.12,184,8008-45-5,84082-68-8,Nutmeg oil,Myristica fragrans Houtt.,1319-77-3,Cresol (unspecified),0.1,IFRA_STD_260,
51,M2.24,5105,,97435-14-8,"Pine tar oil, rectified",Pinus palustris Mill. and other Pinus spp.,1319-77-3,Cresol (unspecified),0.68,IFRA_STD_260,
51,K2.13,314,8046-19-3,8046-19-3 94891-27-7 94891-28-8,Styrax extract,Liquidambar spp.,1319-77-3,Cresol (unspecified),0.39,IFRA_STD_260,
51,F2.12.1,6614,8006-81-3,83863-30-3,Ylang ylang oil I,Cananga odorata (Lam.) Hook. f. &Thomson oil (forma genuine Steenis),1319-77-3,Cresol (unspecified),0.03,IFRA_STD_260,
51,F2.12.2,6614,8006-81-3,83863-30-3,Ylang ylang oil II,Cananga odorata (Lam.) Hook.f.&Thomson forma genuina,1319-77-3,Cresol (unspecified),0.03,IFRA_STD_260,
51,F2.1,6614,,83863-30-3,Ylang-ylang absolute,Cananga odorata (Lam.) Hook.f.&Thomson forma genuina,1319-77-3,Cresol (unspecified),0.31,IFRA_STD_260,
51,G2.12,784,8007-87-2,90082-59-0,Cubeb oil,Piper cubeba L. f.,122-03-2,Cuminaldehyde,0.09,IFRA_STD_024,
51,H2.12,331,8014-13-9,84775-51-9,Cumin seed oil,Cuminum cyminum L.,122-03-2,Cuminaldehyde,21,IFRA_STD_024,
51,F2.1,169,8000-28-0,84776-65-8 90063-37-9 97722-12-8,Lavender absolute,Lavandula angustifolia angustifolia,122-03-2,Cuminaldehyde,0.06,IFRA_STD_024,
51,F2.12,1095,93165-50-5,,Lavender oil dentata,Lavandula dentata,122-03-2,Cuminaldehyde,0.2,IFRA_STD_024,
51,E2.12,1084,68132-21-8,90082-61-4,Perilla oil,Perilla frutescens (L.) Britton,122-03-2,Cuminaldehyde,0.24,IFRA_STD_024,
51,A2.12,525,8015-64-3,84775-41-7,Angelica root oil,Angelica archangelica L.,106-02-5,Cyclopentadecanolide/omega-Pentadecalatone,1.6,IFRA_STD_026,
51,H2.12,525,8015-64-3,84775-41-7,Angelica seed oil,Angelica archangelica L.,106-02-5,Cyclopentadecanolide/omega-Pentadecalatone,0.29,IFRA_STD_026,
51,K2.12,216,8023-91-4,9000-24-2 93165-40-3,Galbanum oil,Ferula spp.,106-02-5,Cyclopentadecanolide/omega-Pentadecalatone,0.1,IFRA_STD_026,
51,H2.12,326,8000-42-8,85940-31-4,Caraway seed oil,Carum carvi L.,2244-16-8,d-Carvone,59,IFRA_STD_016,
51,H2.12,381,8015-90-5,89997-35-3,Celery seed oil,Apium graveolens L.,2244-16-8,d-Carvone,0.2,IFRA_STD_016,
51,H2.21,381,8015-90-5,89997-35-3,Celery seed oleoresin,Apium graveolens L.,2244-16-8,d-Carvone,0.1,IFRA_STD_016,
51,H2.12,622,8006-75-5,90028-03-8,Dill seed oil,Anethum graveolens L.,2244-16-8,d-Carvone,51,IFRA_STD_016,
51,E2.12,622,8006-75-5,90028-03-8,Dill weed oil,Anethum graveolens L.,2244-16-8,d-Carvone,31.5,IFRA_STD_016,
51,E2.12,1181,,90106-57-3,Savory winter oil,Satureja montana L.,2244-16-8,d-Carvone,0.85,IFRA_STD_016,
51,E2.1,660,68606-82-6,68602-86-8,Deertongue leaf absolute,Liatris odoratissima (Walt.) Willd.,119-84-6,Dihydrocoumarin,2,IFRA_STD_029,
51,H2.1,472,8024-04-2,90028-06-1 8046-22-8,Tonka Bean absolute,Dipteryx odorata,119-84-6,Dihydrocoumarin,1.85,IFRA_STD_029,
51,E2.12,,8014-71-9,84082-61-1,Balm oil,Melissa officinalis L.,106-22-9,dl-Citronellol,7.49,IFRA_STD_022,
51,E2.1,73,84649-93-4,68650-46-4,"Bucchu absolute, betulina",Agathosma betulina (P.J.Bergius) Pillans,106-22-9,dl-Citronellol,0.19,IFRA_STD_022,
51,G2.5,7067,68991-25-3,,Citron oil,Citrus medica L.,106-22-9,dl-Citronellol,0.12,IFRA_STD_022,
51,E2.12,6864,8000-29-1,89998-15-2,"Citronella oil, Ceylon type",Cymbopogon nardus (L.) Rendle,106-22-9,dl-Citronellol,6,IFRA_STD_022,
51,E2.12,117,8000-29-1,91771-61-8,"Citronella oil, Java type",Cymbopogon winterianus Jowitt,106-22-9,dl-Citronellol,11,IFRA_STD_022,
51,G2.5,5580,91771-50-5,,Citrus hystrix extract,Citrus hystrix DC,106-22-9,dl-Citronellol,3,IFRA_STD_022,
51,E2.12,1075,85203-56-1,,Eucalyptus citriodora oil,Corymbia citriodora (Hook.) K.D. Hill & L.A. Johnson,106-22-9,dl-Citronellol,7.37,IFRA_STD_022,
51,D2.12,900,68917-43-1,91722-39-3,Hibawood oil,Thujopsis dolabrata (Thunb. Ex L.f.) Sieb.& Zucc.,106-22-9,dl-Citronellol,0.38,IFRA_STD_022,
51,E2.12,221,8007-02-1,91844-92-7,"Lemongrass oil, East Indian",Cymbopogon flexuosus (Nees ex Steudel) Will. Watson,106-22-9,dl-Citronellol,0.25,IFRA_STD_022,
51,G2.12,170,8008-26-2,90063-52-8,Lime oil distilled,Citrus aurantifolia (Christm.) Swingle,106-22-9,dl-Citronellol,0.01,IFRA_STD_022,
51,G2.12,910,68855-99-2,90063-59-5,Litsea cubeba oil,Litsea Cubeba(Lour.) Pers.,106-22-9,dl-Citronellol,0.15,IFRA_STD_022,
51,E2.12,413,8016-33-9,91722-83-7 84837-14-9,"Marjoram oil, Spanish",Thymus mastichina L.,106-22-9,dl-Citronellol,0.09,IFRA_STD_022,
51,E2.12,7152,8014-68-4,132940-73-9,Niaouli oil,Melaleuca viridiflora Sol. ex Gaertn.,106-22-9,dl-Citronellol,0.1,IFRA_STD_022,
51,F2.12,233,8016-38-4,72968-50-4,"Orange flower oil, bitter (neroli and neroli bigarade)",Citrus aurantium L. spp. Amara Link,106-22-9,dl-Citronellol,0.04,IFRA_STD_022,
51,F2.54,233,8030-28-2,72968-50-4,Orange flower water absolute,Citrus aurantium L. spp. Amara Link,106-22-9,dl-Citronellol,0.02,IFRA_STD_022,
51,E2.12,5501,,97676-05-6,"Pine, Pinus pumila, extract",Pinus Pumila (Pall) Regel,106-22-9,dl-Citronellol,0.1,IFRA_STD_022,
51,F2.1,425,90106-38-0,,Rose absolute,Rosa x damascena Mill.,106-22-9,dl-Citronellol,4.02,IFRA_STD_022,
51,F2.7,515,90106-38-0,,Rose concrete,Rosa x damascena Mill.,106-22-9,dl-Citronellol,4.7,IFRA_STD_022,
51,F2.12,425,8007-01-0,90106-38-0,Rose oil,Rosa x damascena Mill.,106-22-9,dl-Citronellol,32.5,IFRA_STD_022,
51,F2.54,,8007-01-0,84604-12-6,Rose water stronger,Rosa x centifolia L.,106-22-9,dl-Citronellol,1.2,IFRA_STD_022,
51,G2.12,608,68917-52-2,94334-31-3,Schinus molle oil,Schinus areira L.,106-22-9,dl-Citronellol,0.02,IFRA_STD_022,
51,E2.12,199,8008-80-8,91722-18-9,"Spruce oil, Black",Picea mariana (Mill.) Britton,106-22-9,dl-Citronellol,0.2,IFRA_STD_022,
51,E2.12,,91770-69-3,91722-18-8,"Spruce oil, White",Picea abies (L.) H.Karst.,106-22-9,dl-Citronellol,0.28,IFRA_STD_022,
51,E2.12,471,8007-46-3,84929-51-1,"Thyme oil, red",Thymus vulgaris L.,106-22-9,dl-Citronellol,0.02,IFRA_STD_022,
51,E2.1,776,8024-12-2,85116-63-8,Verbena absolute,Lippia citriodora (L.) Kunth,106-22-9,dl-Citronellol,0.45,IFRA_STD_022,
51,H2.12,243,8007-70-3,84775-42-8,Anise seed oil,Pimpinella anisum L.,140-67-0,Estragole,2.39,IFRA_STD_099,
51,E2.12,260,8015-73-4,84775-71-3,"Basil oil, chemotype estragole",Ocimum basilicum L.,140-67-0,Estragole,81.87,IFRA_STD_099,
51,E2.12,5119,8015-73-4,84775-71-3,"Basil oil, chemotype linalool",Ocimum basilicum L.,140-67-0,Estragole,0.95,IFRA_STD_099,
51,E2.21,260,8015-73-4,84775-71-3,"Basil oleoresin, chemotype estragole",Ocimum basilicum L.,140-67-0,Estragole,34,IFRA_STD_099,
51,E2.12,226,8006-78-8,91721-75-4 85085-61-6,"Bay leaf, West Indian, oil",Pimenta racemosa (Mill.) J.W. Moore,140-67-0,Estragole,0.1,IFRA_STD_099,
51,H2.12,653,84625-39-8,,"Fennel oil, bitter, phellandrene type",Foeniculum vulgare Mill.,140-67-0,Estragole,4.7,IFRA_STD_099,
51,H2.12,653,8006-84-6,84625-39-8,"Fennel oil, bitter,anethole type",Foeniculum vulgare Mill.,140-67-0,Estragole,2.1,IFRA_STD_099,
51,H2.12,451,8006-84-6,84455-29-8,"Fennel oil, sweet",Foeniculum vulgare subsp. vulgare var. Dulce (Mill) Batt.,140-67-0,Estragole,2.32,IFRA_STD_099,
51,E2.12,395,8024-15-5,85085-34-3,"Fir needle oil, Canadian",Abies balsamea (L.) Mill.,140-67-0,Estragole,0.04,IFRA_STD_099,
51,E2.12,677,8006-83-5,84603-66-7,Hyssop oil,Hyssopus officinalis L.,140-67-0,Estragole,0.17,IFRA_STD_099,
51,E2.12,476,8007-48-5,8002-41-3 84603-73-6,Laurel leaf oil,Laurus nobilis L,140-67-0,Estragole,0.16,IFRA_STD_099,
51,E2.12,83,68917-15-7,85085-49-0,Mentha citrata oil,Mentha citrata Ehrhart,140-67-0,Estragole,0.3,IFRA_STD_099,
51,E2.12,1083,8008-46-6,84083-67-7,Myrtle oil,Myrtus communis L.,140-67-0,Estragole,0.1,IFRA_STD_099,
51,E2.12,,91770-56-8,,Ravensara aromatica oil,Ravansara aromatica Sonn. (v. anisata),140-67-0,Estragole,8,IFRA_STD_099,
51,H2.12,7063,68952-43-2,84650-59-9,Star anise oil,"Illicium verum Hook, f.",140-67-0,Estragole,3.3,IFRA_STD_099,
51,E2.12,361,8016-88-4,90131-45-6,Tarragon oil,Artemisia dracunculus L.,140-67-0,Estragole,80,IFRA_STD_099,
51,F2.12.1,6614,8006-81-3,83863-30-3,Ylang ylang oil I,Cananga odorata (Lam.) Hook. f. &Thomson oil (forma genuine Steenis),140-67-0,Estragole,0.2,IFRA_STD_099,
51,F2.12.2,6614,8006-81-3,83863-30-3,Ylang ylang oil II,Cananga odorata (Lam.) Hook.f.&Thomson forma genuina,140-67-0,Estragole,0.13,IFRA_STD_099,
51,F2.12.3,6614,8006-81-3,83863-30-3,Ylang ylang oil III,Cananga odorata (Lam.) Hook. f. &Thomson oil (forma genuine Steenis),140-67-0,Estragole,0.03,IFRA_STD_099,
51,F2.12 X,6614,8006-81-3,83863-30-3,"Ylang, Ylang oil extra",Cananga odorata (Lam.) Hook. f. &Thomson oil (forma genuine Steenis),140-67-0,Estragole,0.02,IFRA_STD_099,
51,G2.12,342,8006-77-7,84929-57-7,Allspice oil,Pimenta dioica (L.) Merr.,97-53-0,Eugenol,69,IFRA_STD_035,
51,G2.21,,8006-77-7,84929-57-7,Allspice oleoresin,Pimenta officinalis Lindl.,97-53-0,Eugenol,41.4,IFRA_STD_035,
51,E2.12,527,68991-20-8,84775-45-1 8022-37-5,Armoise vulgaris oil,Artemisia vulgaris L.,97-53-0,Eugenol,1,IFRA_STD_035,
51,E2.12,260,8015-73-4,84775-71-3,"Basil oil, chemotype estragole",Ocimum basilicum L.,97-53-0,Eugenol,0.34,IFRA_STD_035,
51,E2.12,5119,8015-73-4,84775-71-3,"Basil oil, chemotype linalool",Ocimum basilicum L.,97-53-0,Eugenol,7.9,IFRA_STD_035,
51,E2.21,260,8015-73-4,84775-71-3,"Basil oleoresin, chemotype estragole",Ocimum basilicum L.,97-53-0,Eugenol,0.2,IFRA_STD_035,
51,E2.12,226,8006-78-8,91721-75-4 85085-61-6,"Bay leaf, West Indian, oil",Pimenta racemosa (Mill.) J.W. Moore,97-53-0,Eugenol,51,IFRA_STD_035,
51,K2.31,104,,9000-05-9,"Benzoin infusion, Sumatra",Styrax paralleloneurum Perkins,97-53-0,Eugenol,0.001,IFRA_STD_035,
51,A2.12,576,8015-79-0,84775-39-3,Calamus oil,Acorus calamus L.,97-53-0,Eugenol,0.2,IFRA_STD_035,
51,F2.12,214,68606-83-7,93686-30-7,Cananga oil,Cananga odorata (Lam.) Hook. f. & Thomson (forma macrophylla Steenis),97-53-0,Eugenol,0.4,IFRA_STD_035,
51,F2.1,74,8021-43-0,89958-29-2,Carnation absolute,Dianthus caryophyllus L.,97-53-0,Eugenol,18,IFRA_STD_035,
51,C2.12,533,8007-06-5,84836-99-7,Cascarilla bark oil,Croton eleuteria (L.) W.Wright,97-53-0,Eugenol,0.4,IFRA_STD_035,
51,C2.12,327,8007-80-5,84961-46-6,Cassia  bark oil,Cinnamomum cassia [L.] J. Presl syn. C. aromaticum Nees,97-53-0,Eugenol,0.1,IFRA_STD_035,
51,C2.21,,8007-80-5,84961-46-6,Cassia bark oleoresin,Cinnamomum cassia [L.] J. Presl syn. C. aromaticum Nees,97-53-0,Eugenol,0.02,IFRA_STD_035,
51,E2.12,327,8007-80-5,84961-46-6,Cassia oil,Cinnamomum cassia [L.] J. Presl syn. C. aromaticum Nees,97-53-0,Eugenol,0.1,IFRA_STD_035,
51,F2.1,75,8023-82-3,89958-31-6,Cassie absolute,Vachellia farnesiana (L.) Willd.,97-53-0,Eugenol,0.06,IFRA_STD_035,
51,F2.1,6869,8006-76-6,92457-18-6,Champaca absolute,Michelia champaca L.,97-53-0,Eugenol,0.55,IFRA_STD_035,
51,C2.27,328,8015-91-6,84649-98-9,Cinnamon bark CO2 extract,Cinnamomum verum J. Presl syn. C. zeylanicum Blume,97-53-0,Eugenol,2.5,IFRA_STD_035,
51,C2.12,328,8015-91-6,84649-98-9,Cinnamon bark oil,Cinnamomum zeylanicum Blume,97-53-0,Eugenol,2,IFRA_STD_035,
51,E2.12,444,8015-91-6,84649-98-9,Cinnamon leaf oil,Cinnamomum zeylanicum Blume,97-53-0,Eugenol,74,IFRA_STD_035,
51,E2.1,358,8016-26-0,89997-74-0,Cistus absolute,Cistus ladaniferus L.,97-53-0,Eugenol,0.06,IFRA_STD_035,
51,E2.12,358,8016-26-0,89997-74-0,Cistus oil,Cistus ladaniferus L.,97-53-0,Eugenol,0.4,IFRA_STD_035,
51,G2.5,7067,68991-25-3,,Citron oil,Citrus medica L.,97-53-0,Eugenol,0.01,IFRA_STD_035,
51,E2.12,6864,8000-29-1,89998-15-2,"Citronella oil, Ceylon type",Cymbopogon nardus (L.) Rendle,97-53-0,Eugenol,0.2,IFRA_STD_035,
51,E2.12,117,8000-29-1,91771-61-8,"Citronella oil, Java type",Cymbopogon winterianus Jowitt,97-53-0,Eugenol,0.9,IFRA_STD_035,
51,F2.1,583,,84961-50-2,Clove bud absolute,Syzygium aromaticum (L.) Merr. & L.M.Perry,97-53-0,Eugenol,69.08,IFRA_STD_035,
51,F2.12,583,8000-34-8,84961-50-2,Clove bud oil,Syzygium aromaticum L.,97-53-0,Eugenol,82,IFRA_STD_035,
51,E2.30,583,8000-34-8,84961-50-2,Clove bud oil terpenes,Syzygium aromaticum (L.) Merr. & L.M.Perry,97-53-0,Eugenol,27,IFRA_STD_035,
51,E2.12,583,8000-34-8,84961-50-2,Clove leaf oil,Syzygium aromaticum L.,97-53-0,Eugenol,85.3,IFRA_STD_035,
51,E2.30,583,68917-29-3,84961-50-2,Clove leaf oil terpenes,Syzygium aromaticum (L.) Merr. & L.M.Perry,97-53-0,Eugenol,0.77,IFRA_STD_035,
51,L2.12,583,8000-34-8,84961-50-2,Clove stem oil,Syzygium aromaticum L.,97-53-0,Eugenol,88,IFRA_STD_035,
51,E2.12,1075,85203-56-1,,Eucalyptus citriodora oil,Corymbia citriodora (Hook.) K.D. Hill & L.A. Johnson,97-53-0,Eugenol,0.12,IFRA_STD_035,
51,E2.1,626,90131-21-8,129316-65-0,Genet absolute,Spartium junceum L.,97-53-0,Eugenol,0.02,IFRA_STD_035,
51,F2.1,,8023-94-7,94333-75-2,Hyacinth absolute,Hyacinthus orientalis L.,97-53-0,Eugenol,0.2,IFRA_STD_035,
51,F2.1,81,8022-96-6,84776-64-7,Jasmine absolute,Jasmium grandifloum L.,97-53-0,Eugenol,1.53,IFRA_STD_035,
51,F2.27,81,8022-96-6,84776-64-7,Jasmine CO2 extract,Jasmium grandifloum L.,97-53-0,Eugenol,1,IFRA_STD_035,
51,F2.7,81,8022-96-6,84776-64-7,Jasmine concrete,Jasminum grandiflorum L.,97-53-0,Eugenol,1.53,IFRA_STD_035,
51,F2.1,,8024-43-9,90045-94-6,Jasmine officinale absolute,Jasminum officinale L.,97-53-0,Eugenol,2,IFRA_STD_035,
51,E2.12,220,8016-26-0,90244-89-6 89997-74-0,Labdanum oil,Cistus ladaniferus L.,97-53-0,Eugenol,0.5,IFRA_STD_035,
51,E2.12,476,8007-48-5,8002-41-3 84603-73-6,Laurel leaf oil,Laurus nobilis L,97-53-0,Eugenol,1.33,IFRA_STD_035,
51,F2.1,5533,,93455-97-1,Lavandin grosso absolute,Lavandula angustifolia Mill. x Lavandula latifolia Medik.,97-53-0,Eugenol,0.04,IFRA_STD_035,
51,E2.12,221,8007-02-1,91844-92-7,"Lemongrass oil, East Indian",Cymbopogon flexuosus (Nees ex Steudel) Will. Watson,97-53-0,Eugenol,0.08,IFRA_STD_035,
51,E2.12,7327,8007-02-1,89998-14-1,"Lemongrass oil, West Indian",Cymbopogon citratus (DC) Stapf.,97-53-0,Eugenol,0.2,IFRA_STD_035,
51,G2.12,911,8007-12-3,84082-68-8,Mace oil,Myristica fragrans Houtt.,97-53-0,Eugenol,0.7,IFRA_STD_035,
51,G2.21,911,8007-12-3,84082-68-8,Mace oleoresin,Myristica fragrans Houtt.,97-53-0,Eugenol,0.4,IFRA_STD_035,
51,E2.12,83,68917-15-7,85085-49-0,Mentha citrata oil,Mentha citrata Ehrhart,97-53-0,Eugenol,0.01,IFRA_STD_035,
51,F2.1,554,8031-03-6,93685-96-2 98903-76-5,Mimosa absolute,Acacia decurrens (Wendl.f.) Willd.,97-53-0,Eugenol,0.02,IFRA_STD_035,
51,H2.12,184,8008-45-5,84082-68-8,Nutmeg oil,Myristica fragrans Houtt.,97-53-0,Eugenol,0.2,IFRA_STD_035,
51,H2.21,184,8008-45-5,84082-68-8,Nutmeg oleoresin,Myristica fragrans Houtt.,97-53-0,Eugenol,0.1,IFRA_STD_035,
51,E2.12,306,68917-09-9,91770-39-7,Ocatea cymbarum oil,Ocotea cymbarum Kunth,97-53-0,Eugenol,0.36,IFRA_STD_035,
51,E2.12,464,8007-11-2,90131-59-2,Origanum oil,Thymus capitata (L.) Cav.,97-53-0,Eugenol,0.08,IFRA_STD_035,
51,F2.1,1237,68917-05-5,92347-21-2,Osmanthus absolute,Osmanthus fragrans Lour.,97-53-0,Eugenol,0.07,IFRA_STD_035,
51,F2.7,1237,68917-05-5,92347-21-2,Osmanthus concrete,Osmanthus fragrans Lour.,97-53-0,Eugenol,0.06,IFRA_STD_035,
51,E2.12,342,8006-77-7,84929-57-7,Pimenta leaf oil,Pimenta officinalis Lindl.,97-53-0,Eugenol,83,IFRA_STD_035,
51,E2.26,646,,8023-99-2,"Pine Scotch, resinoid",Pinus sylvestris L.,97-53-0,Eugenol,0.02,IFRA_STD_035,
51,F2.1,425,90106-38-0,,Rose absolute,Rosa x damascena Mill.,97-53-0,Eugenol,0.65,IFRA_STD_035,
51,F2.7,515,90106-38-0,,Rose concrete,Rosa x damascena Mill.,97-53-0,Eugenol,1,IFRA_STD_035,
51,F2.12,425,8007-01-0,90106-38-0,Rose oil,Rosa x damascena Mill.,97-53-0,Eugenol,1.14,IFRA_STD_035,
51,C2.12,929,8006-80-2,84787-72-4,Sassafras bark oil,Sassafras albidum (Nutt.) Nees,97-53-0,Eugenol,0.36,IFRA_STD_035,
51,E2.12,1181,,90106-57-3,Savory winter oil,Satureja montana L.,97-53-0,Eugenol,3.32,IFRA_STD_035,
51,A2.12,,8016-69-1,89957-73-3,Snakeroot oil,Asarum canadense L.,97-53-0,Eugenol,1,IFRA_STD_035,
51,E2.12,361,8016-88-4,90131-45-6,Tarragon oil,Artemisia dracunculus L.,97-53-0,Eugenol,0.6,IFRA_STD_035,
51,E2.1,471,8007-46-3,84929-51-1,Thyme absolute,Thymus vulgaris L.,97-53-0,Eugenol,0.12,IFRA_STD_035,
51,E2.12,471,8007-46-3,84929-51-1,"Thyme oil, red",Thymus vulgaris L.,97-53-0,Eugenol,0.12,IFRA_STD_035,
51,E2.12,471,8007-46-3,84929-51-1,"Thyme oil, white",Thymus vulgaris L.,97-53-0,Eugenol,0.1,IFRA_STD_035,
51,F2.1,1178,8024-05-3,94334-35-7,Tuberose absolute,Poliantes tuberosa L.,97-53-0,Eugenol,0.5,IFRA_STD_035,
51,F2.7,1178,8024-05-3,94334-35-7,Tuberose concrete,Poliantes tuberosa L.,97-53-0,Eugenol,0.48,IFRA_STD_035,
51,A2.12,,8024-37-1,84775-52-0,Turmeric oil,Curcuma longa L.,97-53-0,Eugenol,1,IFRA_STD_035,
51,E2.1,776,8024-12-2,85116-63-8,Verbena absolute,Lippia citriodora (L.) Kunth,97-53-0,Eugenol,0.55,IFRA_STD_035,
51,F2.12.1,6614,8006-81-3,83863-30-3,Ylang ylang oil I,Cananga odorata (Lam.) Hook. f. &Thomson oil (forma genuine Steenis),97-53-0,Eugenol,0.58,IFRA_STD_035,
51,F2.12.2,6614,8006-81-3,83863-30-3,Ylang ylang oil II,Cananga odorata (Lam.) Hook. f. &Thomson oil (forma genuine Steenis),97-53-0,Eugenol,0.69,IFRA_STD_035,
51,F2.12.3,6614,8006-81-3,83863-30-3,Ylang ylang oil III,Cananga odorata (Lam.) Hook. f. &Thomson oil (forma genuine Steenis),97-53-0,Eugenol,0.45,IFRA_STD_035,
51,F2.12,6614,8006-81-3,83863-30-3,"Ylang, Ylang oil complete",Cananga odorata (Lam.) Hook. f. &Thomson oil (forma genuine Steenis),97-53-0,Eugenol,0.31,IFRA_STD_035,
51,F2.12 X,6614,8006-81-3,83863-30-3,"Ylang, Ylang oil extra",Cananga odorata (Lam.) Hook. f. &Thomson oil (forma genuine Steenis),97-53-0,Eugenol,0.34,IFRA_STD_035,
51,F2.1,6614,,83863-30-3,Ylang-ylang absolute,Cananga odorata (Lam.) Hook.f.&Thomson forma genuina,97-53-0,Eugenol,0.5,IFRA_STD_035,
51,H2.1,490,8015-62-1,84455-19-6,Ambrette seed absolute,Hibiscus abelmoschus L.,19317-11-4,Farnesal,0.5,IFRA_STD_202,
51,H2.12,490,8015-62-1,84455-19-6,Ambrette seed oil,Hibiscus abelmoschus L.,19317-11-4,Farnesal,0.2,IFRA_STD_202,
51,E2.12,6864,8000-29-1,89998-15-2,"Citronella oil, Ceylon type",Cymbopogon nardus (L.) Rendle,19317-11-4,Farnesal,0.01,IFRA_STD_202,
51,E2.12,117,8000-29-1,91771-61-8,"Citronella oil, Java type",Cymbopogon winterianus Jowitt,19317-11-4,Farnesal,0.01,IFRA_STD_202,
51,A2.12,335,8007-08-7,84696-15-1,Ginger oil,Zingiber officinale Rosc.,19317-11-4,Farnesal,0.2,IFRA_STD_202,
51,H2.1,490,8015-62-1,84455-19-6,Ambrette seed absolute,Hibiscus abelmoschus L.,4602-84-0,Farnesol,5,IFRA_STD_036,
51,H2.12,490,8015-62-1,84455-19-6,Ambrette seed oil,Hibiscus abelmoschus L.,4602-84-0,Farnesol,3,IFRA_STD_036,
51,H2.31,490,8015-62-1,84455-19-6,Ambrette tincture,Hibiscus abelmoschus L.,4602-84-0,Farnesol,0.2,IFRA_STD_036,
51,F2.1,,8057-65-6,68990-11-4,Arnica absolute,Arnica montana L.,4602-84-0,Farnesol,1.2,IFRA_STD_036,
51,F2.12,,8057-65-6,68990-11-4,"Arnica oils, montana",Arnica montana L.,4602-84-0,Farnesol,5,IFRA_STD_036,
51,E2.12,,68991-21-9,94406-01-6,Baccharis dracunculifolia oil,Baccharis dracunculifolia,4602-84-0,Farnesol,0.2,IFRA_STD_036,
51,D2.12,881,68188-03-4,91722-93-9 91722-94-0,Cabreuva oil,Myrocarpus frondosus Fr. Allem,4602-84-0,Farnesol,0.1,IFRA_STD_036,
51,A2.12,576,8015-79-0,84775-39-3,Calamus oil,Acorus calamus L.,4602-84-0,Farnesol,0.5,IFRA_STD_036,
51,F2.12,214,68606-83-7,93686-30-7,Cananga oil,Cananga odorata (Lam.) Hook. f. & Thomson (forma macrophylla Steenis),4602-84-0,Farnesol,2,IFRA_STD_036,
51,H2.12,578,8015-88-1,84929-61-3,Carrot seed oil,Daucus carota L.,4602-84-0,Farnesol,2.18,IFRA_STD_036,
51,C2.12,926,97659-68-2,,"Cinnamon bark oil, Laos",Cinnamomum loureiroi Nees,4602-84-0,Farnesol,0.01,IFRA_STD_036,
51,E2.12,444,8015-91-6,84649-98-9,Cinnamon leaf oil,Cinnamomum zeylanicum Blume,4602-84-0,Farnesol,0.12,IFRA_STD_036,
51,G2.5,7067,68991-25-3,,Citron oil,Citrus medica L.,4602-84-0,Farnesol,0.01,IFRA_STD_036,
51,F2.1,233,8016-38-4,72968-50-4,Orange blossoms absolute,Citrus aurantium L. spp. Amara Link,4602-84-0,Farnesol,3.72,IFRA_STD_036,
51,F2.54,233,8030-28-2,72968-50-4,Orange flower water absolute,Citrus aurantium L. spp. Amara Link,4602-84-0,Farnesol,1.08,IFRA_STD_036,
51,F2.27,233,8030-28-2,,"Orange flower, bitter, CO2 extract",Citrus aurantium L.,4602-84-0,Farnesol,6.5,IFRA_STD_036,
51,F2.7,233,72968-50-4,,"Orange flower, bitter, concrete",Citrus aurantium L.,4602-84-0,Farnesol,1.95,IFRA_STD_036,
51,E2.12,418,8014-19-5,91722-54-2 84649-81-0,Palmarosa oil,Cymbopogon martinii (Roxb.) Wats,4602-84-0,Farnesol,1,IFRA_STD_036,
51,E2.1,233,8030-28-2,72968-50-4,Petitgrain bigarade absolute,Citrus aurantium L.,4602-84-0,Farnesol,0.11,IFRA_STD_036,
51,F2.1,425,90106-38-0,,Rose absolute,Rosa x damascena Mill.,4602-84-0,Farnesol,0.32,IFRA_STD_036,
51,G2.12,608,68917-52-2,94334-31-3,Schinus molle oil,Schinus areira L.,4602-84-0,Farnesol,0.03,IFRA_STD_036,
51,E2.1,471,8007-46-3,84929-51-1,Thyme absolute,Thymus vulgaris L.,4602-84-0,Farnesol,0.02,IFRA_STD_036,
51,F2.1,1178,8024-05-3,94334-35-7,Tuberose absolute,Poliantes tuberosa L.,4602-84-0,Farnesol,0.3,IFRA_STD_036,
51,F2.7,1178,8024-05-3,94334-35-7,Tuberose concrete,Poliantes tuberosa L.,4602-84-0,Farnesol,0.3,IFRA_STD_036,
51,E2.12,5086,8022-07-9,84082-83-7,Yarrow oil,Achillea millefolium L.,4602-84-0,Farnesol,0.1,IFRA_STD_036,
51,F2.12,6614,8006-81-3,83863-30-3,"Ylang, Ylang oil complete",Cananga odorata (Lam.) Hook. f. &Thomson oil (forma genuine Steenis),4602-84-0,Farnesol,1.5,IFRA_STD_036,
51,F2.12 X,6614,8006-81-3,83863-30-3,"Ylang, Ylang oil extra",Cananga odorata (Lam.) Hook. f. &Thomson oil (forma genuine Steenis),4602-84-0,Farnesol,1.36,IFRA_STD_036,
51,E2.12,,8014-71-9,84082-61-1,Balm oil,Melissa officinallis L.,141-27-5,Geranial,29.6,IFRA_STD_021,
51,E2.12,260,8015-73-4,84775-71-3,"Basil oil, chemotype estragole",Ocimum basilicum L.,141-27-5,Geranial,0.07,IFRA_STD_021,
51,E2.12,226,8006-78-8,91721-75-4 85085-61-6,"Bay leaf, West Indian, oil",Pimenta racemosa (Mill.) J.W. Moore,141-27-5,Geranial,0.25,IFRA_STD_021,
51,G2.5,1091,8007-75-8,89957-91-5 92704-01-3,Bergamot oil expressed,Citrus bergamia Risso & Poit.,141-27-5,Geranial,0.28,IFRA_STD_021,
51,H2.12,578,8015-88-1,84929-61-3,Carrot seed oil,Daucus carota L.,141-27-5,Geranial,0.03,IFRA_STD_021,
51,G2.5,7067,68991-25-3,,Citron oil,Citrus medica L.,141-27-5,Geranial,2.63,IFRA_STD_021,
51,E2.12,1075,85203-56-1,,Eucalyptus citriodora oil,Corymbia citriodora (Hook.) K.D. Hill & L.A. Johnson,141-27-5,Geranial,0.05,IFRA_STD_021,
51,A2.27,335,8007-08-7,84696-15-1,Ginger CO2 extract,Zingiber officinalle Roscoe,141-27-5,Geranial,0.9,IFRA_STD_021,
51,G2.10,189,8016-20-4,90045-43-5,Grapefruit essence oil,Citrus x paradisi Macfad.,141-27-5,Geranial,0.06,IFRA_STD_021,
51,G2.12,189,8016-20-4,90045-43-5,Grapefruit oil,Citrus x paradisi Macfad.,141-27-5,Geranial,0.06,IFRA_STD_021,
51,G2.12,136,8008-56-8,84929-31-7,Lemon oil steam distilled,Citrus limon (L.) Osbeck,141-27-5,Geranial,1.36,IFRA_STD_021,
51,E2.12,221,8007-02-1,91844-92-7,"Lemongrass oil, East Indian",Cymbopogon flexuosus (Nees ex Steudel) Will. Watson,141-27-5,Geranial,41.42,IFRA_STD_021,
51,G2.12,170,8008-26-2,90063-52-8,Lime oil distilled,Citrus aurantifolia (Christm.) Swingle,141-27-5,Geranial,0.32,IFRA_STD_021,
51,G2.5,171,8008-26-2,90063-52-8 93685-55-3,"Lime oil, expressed",Citrus aurantifolia (Christm.) Swingle,141-27-5,Geranial,2.6,IFRA_STD_021,
51,E2.12,413,8016-33-9,84837-14-9 91722-83-7,"Marjoram oil, Spanish",Thymus mastichina L.,141-27-5,Geranial,0.1,IFRA_STD_021,
51,F2.12,233,8016-38-4,72968-50-4,"Orange flower oil, bitter (neroli and neroli bigarade)",Citrus aurantium L. spp. Amara Link,141-27-5,Geranial,0.1,IFRA_STD_021,
51,F2.54,233,8030-28-2,72968-50-4,Orange flower water absolute,Citrus aurantium L. spp. Amara Link,141-27-5,Geranial,0.02,IFRA_STD_021,
51,G2.5,233,68916-04-1,72968-50-4,"Orange oil, bitter",Citrus aurantium L. spp. Amara Link,141-27-5,Geranial,0.05,IFRA_STD_021,
51,G2.5,1429,8008-26-2,90063-52-8,"Persian lime oil, expressed",Citrus latifolia Tanaka,141-27-5,Geranial,2.45,IFRA_STD_021,
51,E2.12,194,8014-17-3,72968-50-4,"Petitgrain oil, Paraguay",Citrus aurantium L. spp. Amara Link,141-27-5,Geranial,0.18,IFRA_STD_021,
51,F2.1,425,90106-38-0,,Rose absolute,Rosa x damascena Mill.,141-27-5,Geranial,0.07,IFRA_STD_021,
51,F2.12,425,8007-01-0,90106-38-0,Rose oil,Rosa x damascena Mill.,141-27-5,Geranial,1.06,IFRA_STD_021,
51,G2.30,6607,68608-38-8,93686-22-7,Tangerine oil terpenes,Citrus reticulata Blanco,141-27-5,Geranial,0.02,IFRA_STD_021,
51,E2.12,471,8007-46-3,84929-51-1,"Thyme oil, red",Thymus vulgaris L.,141-27-5,Geranial,0.1,IFRA_STD_021,
51,E2.12,527,68991-20-8,84775-45-1 8022-37-5,Armoise vulgaris oil,Artemisia vulgaris L.,106-24-1,Geraniol,1,IFRA_STD_037,
51,E2.12,,8014-71-9,84082-61-1,Balm oil,Melissa officinalis L.,106-24-1,Geraniol,3.79,IFRA_STD_037,
51,E2.12,5119,8015-73-4,84775-71-3,"Basil oil, chemotype linalool",Ocimum basilicum L.,106-24-1,Geraniol,0.2,IFRA_STD_037,
51,G2.5,1092,8007-75-8,89957-91-5 92704-01-3,Bergamot oil expressed,Citrus bergamia Risso & Poit.,106-24-1,Geraniol,0.04,IFRA_STD_037,
51,E2.12,496,8008-98-8,85480-37-1,Cajuput oil,Melaleuca leucadendron L.,106-24-1,Geraniol,0.2,IFRA_STD_037,
51,F2.12,214,68606-83-7,93686-30-7,Cananga oil,Cananga odorata (Lam.) Hook. f. & Thomson (forma macrophylla Steenis),106-24-1,Geraniol,0.7,IFRA_STD_037,
51,H2.1,379,96507-91-4,85940-32-5,Cardamom seed absolute,Elettaria cardamomum  (L.) Maton,106-24-1,Geraniol,0.83,IFRA_STD_037,
51,H2.27,379,96507-91-4,85940-32-5,Cardamom seed CO2 extract,Elettaria cardamomum  (L.) Maton,106-24-1,Geraniol,0.8,IFRA_STD_037,
51,H2.12,379,8000-66-6,85940-32-5 96507-91-4,Cardamom seed oil,Elettaria cardamomum (L.) Maton,106-24-1,Geraniol,1,IFRA_STD_037,
51,H2.12,578,8015-88-1,84929-61-3,Carrot seed oil,Daucus carota L.,106-24-1,Geraniol,1.43,IFRA_STD_037,
51,F2.1,75,8023-82-3,89958-31-6,Cassie absolute,Vachellia farnesiana (L.) Willd.,106-24-1,Geraniol,1,IFRA_STD_037,
51,E2.1,358,8016-26-0,89997-74-0,Cistus absolute,Cistus ladaniferus L.,106-24-1,Geraniol,0.01,IFRA_STD_037,
51,G2.5,7067,68991-25-3,,Citron oil,Citrus medica L.,106-24-1,Geraniol,0.71,IFRA_STD_037,
51,E2.12,6864,8000-29-1,89998-15-2,"Citronella oil, Ceylon type",Cymbopogon nardus (L.) Rendle,106-24-1,Geraniol,17.7,IFRA_STD_037,
51,E2.12,117,8000-29-1,91771-61-8,"Citronella oil, Java type",Cymbopogon winterianus Jowitt,106-24-1,Geraniol,22,IFRA_STD_037,
51,G2.5,5580,91771-50-5,,Citrus hystrix extract,Citrus hystrix DC,106-24-1,Geraniol,0.7,IFRA_STD_037,
51,E2.1,310,8016-63-5,84775-83-7,Clary sage absolute,Salvia sclarea L.,106-24-1,Geraniol,0.19,IFRA_STD_037,
51,E2.7,310,8016-63-5,84775-83-7,Clary sage concrete,Salvia sclarea L.,106-24-1,Geraniol,0.2,IFRA_STD_037,
51,E2.12,310,8016-63-5,84775-83-7,Clary sage oil,Salvia sclarea L.,106-24-1,Geraniol,1.2,IFRA_STD_037,
51,E2.30,583,8000-34-8,84961-50-2,Clove bud oil terpenes,Syzygium aromaticum (L.) Merr. & L.M.Perry,106-24-1,Geraniol,0.05,IFRA_STD_037,
51,E2.12,238,8008-52-4,84775-50-8,Coriander herb oil,Corindrum sativum L.,106-24-1,Geraniol,0.8,IFRA_STD_037,
51,H2.12,238,8008-52-4,84775-50-8,Coriander seed oil,Coriandrum sativum L.,106-24-1,Geraniol,1.6,IFRA_STD_037,
51,E2.12,1075,85203-56-1,,Eucalyptus citriodora oil,Corymbia citriodora (Hook.) K.D. Hill & L.A. Johnson,106-24-1,Geraniol,0.11,IFRA_STD_037,
51,E2.12,1262,8000-48-4,90028-48-1,Eucalyptus dives oil,Eucalyptus dives Shauer,106-24-1,Geraniol,0.13,IFRA_STD_037,
51,E2.12,7255,92201-64-4,,Eucalyptus radiata oil,Eucalyptus radiata Sieber ex DC oil,106-24-1,Geraniol,0.16,IFRA_STD_037,
51,E2.12,162,8021-29-2,91697-89-1,"Fir needle oil, Siberian",Abies siberica Ledeb (Pinaceae),106-24-1,Geraniol,0.03,IFRA_STD_037,
51,E2.1,626,90131-21-8,129316-65-0,Genet absolute,Spartium junceum L.,106-24-1,Geraniol,0.13,IFRA_STD_037,
51,E2.1,133,8000-46-2,90082-51-2 68916-42-7,Geranium absolute,Pelargonium graveolens l'Hertier ex Aiton,106-24-1,Geraniol,9,IFRA_STD_037,
51,E2.12,133,8000-46-2,90082-51-2,Geranium oil,Pelargonium graveolens l'Hertier ex Aiton,106-24-1,Geraniol,17.7,IFRA_STD_037,
51,E2.12,545,8000-46-2,90082-52-3,Geranium oil African,Pelargonium odoratissimum L'Heritier,106-24-1,Geraniol,17,IFRA_STD_037,
51,A2.27,335,8007-08-7,84696-15-1,Ginger CO2 extract,Zingiber officinalle Roscoe,106-24-1,Geraniol,0.27,IFRA_STD_037,
51,A2.12,335,8007-08-7,84696-15-1,Ginger oil,Zingiber officinale Rosc.,106-24-1,Geraniol,0.5,IFRA_STD_037,
51,A2.21,335,8007-08-7,84696-15-1,Ginger oleoresin,Zingiber officinale Rosc.,106-24-1,Geraniol,0.1,IFRA_STD_037,
51,E2.12,6584,8023-92-5,92704-07-9,Gingergrass oil,Cymbopogon martinii (Roxb.) W.Watson var.sofia,106-24-1,Geraniol,0.04,IFRA_STD_037,
51,G2.29,189,68916-46-1,90045-43-5,"Grapefruit oil, terpeneless",Citrus x paradisi Macfad.,106-24-1,Geraniol,0.1,IFRA_STD_037,
51,E2.1,757,8023-95-8,90045-56-0 85665-35-6,Helichrysum absolute,Helichrysum angustifolium DC.,106-24-1,Geraniol,0.03,IFRA_STD_037,
51,E2.12,757,8023-95-8,90045-56-0 85665-35-6,Helichrysum oil,Helichrysum angustifolium DC.,106-24-1,Geraniol,0.05,IFRA_STD_037,
51,C2.12,217,8022-91-1,91745-89-0,Ho bark oil,Cinnamomum camphora (L.) J.Presl,106-24-1,Geraniol,0.03,IFRA_STD_037,
51,E2.12,217,8022-91-1,91745-89-0,Ho Leaf oil,Cinnamomum camphora (L.) J.Presl,106-24-1,Geraniol,0.4,IFRA_STD_037,
51,G2.9,,8007-04-3,8060-28-4,Hop oil,Humulus lupus L.,106-24-1,Geraniol,0.2,IFRA_STD_037,
51,F2.1,,8023-94-7,94333-75-2,Hyacinth absolute,Hyacinthus orientalis L.,106-24-1,Geraniol,0.03,IFRA_STD_037,
51,F2.1,81,8022-96-6,84776-64-7,Jasmine grandiflorum absolute,Jasminum grandiflorum L.,106-24-1,Geraniol,0.02,IFRA_STD_037,
51,F2.1,,8024-43-9,90045-94-6,Jasmine officinale absolute,Jasminum officinale L.,106-24-1,Geraniol,0.1,IFRA_STD_037,
51,G2.12,337,8002-68-4,84603-69-0,Juniper berry oil,Juniperus communis L.,106-24-1,Geraniol,0.1,IFRA_STD_037,
51,G2.5,,938464-05-2,,"Kumquat oil, Fortunella margarita",Fortunella (Lour.) Swingle,106-24-1,Geraniol,0.2,IFRA_STD_037,
51,E2.12,220,8016-26-0,90244-89-6 89997-74-0,Labdanum oil,Cistus ladaniferus L.,106-24-1,Geraniol,0.12,IFRA_STD_037,
51,E2.12,476,8007-48-5,8002-41-3 84603-73-6,Laurel leaf oil,Laurus nobilis L,106-24-1,Geraniol,0.05,IFRA_STD_037,
51,F2.12,5532,8022-15-9,93455-96-0,Lavandin abrialis oil,Lavandula x intermedia abrialis,106-24-1,Geraniol,0.3,IFRA_STD_037,
51,F2.1,190,8022-15-9,91722-69-9,Lavandin absolute,Lavandula officinalis x Lavandula latifolia,106-24-1,Geraniol,0.08,IFRA_STD_037,
51,F2.1,5533,,93455-97-1,Lavandin grosso absolute,Lavandula angustifolia Mill. x Lavandula latifolia Medik.,106-24-1,Geraniol,0.2,IFRA_STD_037,
51,F2.12,190,8022-15-9,91722-69-9,Lavandin oil,Lavandula officinalis x Lavandula latifolia,106-24-1,Geraniol,0.2,IFRA_STD_037,
51,F2.12,,93685-88-2,,Lavandin super oil,Lavendula super,106-24-1,Geraniol,0.5,IFRA_STD_037,
51,F2.7,169,8000-28-0,84776-65-8 90063-37-9,Lavender concrete,Lavandula angustifolia angustifolia,106-24-1,Geraniol,0.1,IFRA_STD_037,
51,F2.12,169,8000-28-0,84776-65-8 90063-37-9 97722-12-8,Lavender oil,Lavandula angustifolia angustifolia,106-24-1,Geraniol,0.48,IFRA_STD_037,
51,F2.12,1095,93165-50-5,,Lavender oil dentata,Lavandula dentata,106-24-1,Geraniol,0,IFRA_STD_037,
51,G2.10,136,8008-56-8,84929-31-7,Lemon essence oil,Citrus limon (L.) Osbeck,106-24-1,Geraniol,0.09,IFRA_STD_037,
51,G2.12,136,8008-56-8,84929-31-7,Lemon oil steam distilled,Citrus limon (L.) Osbeck,106-24-1,Geraniol,0.07,IFRA_STD_037,
51,G2.5,136,8008-56-8,84929-31-7,"Lemon oil, expressed",Citrus limon (L.) Burm. f.,106-24-1,Geraniol,0.1,IFRA_STD_037,
51,G2.29,136,68648-39-5,84929-31-7,"Lemon oil, terpeneless",Citrus limon (L.) Osbeck,106-24-1,Geraniol,2,IFRA_STD_037,
51,E2.12,221,8007-02-1,91844-92-7,"Lemongrass oil, East Indian",Cymbopogon flexuosus (Nees ex Steudel) Will. Watson,106-24-1,Geraniol,5.25,IFRA_STD_037,
51,E2.12,7327,8007-02-1,89998-14-1,"Lemongrass oil, West Indian",Cymbopogon citratus (DC) Stapf.,106-24-1,Geraniol,2.3,IFRA_STD_037,
51,G2.12,170,8008-26-2,90063-52-8,Lime oil distilled,Citrus aurantifolia (Christm.) Swingle,106-24-1,Geraniol,0.02,IFRA_STD_037,
51,G2.5,171,8008-26-2,90063-52-8 93685-55-3,"Lime oil, expressed",Citrus aurantifolia (Christm.) Swingle,106-24-1,Geraniol,0.15,IFRA_STD_037,
51,D2.12,,8006-86-8,92874-96-9,Linaloe wood oil,Bursera penicillata (DC.) Engl.,106-24-1,Geraniol,1,IFRA_STD_037,
51,G2.12,910,68855-99-2,90063-59-5,Litsea cubeba oil,Litsea Cubeba(Lour.) Pers.,106-24-1,Geraniol,1.1,IFRA_STD_037,
51,A2.12,813,8016-31-7,84837-06-9,Lovage root oil,Levisticum officinale Koch,106-24-1,Geraniol,0.92,IFRA_STD_037,
51,E2.12,413,8016-33-9,91722-83-7 84837-14-9,"Marjoram oil, Spanish",Thymus mastichina L.,106-24-1,Geraniol,0.13,IFRA_STD_037,
51,E2.12,460,8015-01-8,84082-58-6,"Marjoram oil, sweet",Origanum majorana L.,106-24-1,Geraniol,0.3,IFRA_STD_037,
51,E2.21,,84082-58-6,,Marjoram oleoresin,Origanum majorana L.,106-24-1,Geraniol,0.1,IFRA_STD_037,
51,K2.12,96,68991-39-9,61789-92-2 90082-82-9,Mastic oil,Pistacia lentiscus L.,106-24-1,Geraniol,0.05,IFRA_STD_037,
51,E2.12,83,68917-15-7,85085-49-0,Mentha citrata oil,Mentha citrata Ehrhart,106-24-1,Geraniol,1.17,IFRA_STD_037,
51,F2.12,6900,,92457-18-6,Michelia alba flower oil,Michelia x alba DC. (champaca x montana),106-24-1,Geraniol,0.32,IFRA_STD_037,
51,E2.12,6900,,92457-18-6,Michelia alba leaf oil,Michelia x alba DC. (champaca x montana),106-24-1,Geraniol,0.24,IFRA_STD_037,
51,E2.12,1083,8008-46-6,84083-67-7,Myrtle oil,Myrtus communis L.,106-24-1,Geraniol,0.4,IFRA_STD_037,
51,F2.1,233,8016-38-4,72968-50-4,Orange blossoms absolute,Citrus aurantium L. spp. Amara Link,106-24-1,Geraniol,0.49,IFRA_STD_037,
51,F2.12,233,8016-38-4,72968-50-4,"Orange flower oil, bitter (neroli and neroli bigarade)",Citrus aurantium L. spp. Amara Link,106-24-1,Geraniol,2.66,IFRA_STD_037,
51,F2.54,233,8030-28-2,72968-50-4,Orange flower water absolute,Citrus aurantium L. spp. Amara Link,106-24-1,Geraniol,8.84,IFRA_STD_037,
51,F2.27,233,8030-28-2,,"Orange flower, bitter, CO2 extract",Citrus aurantium L.,106-24-1,Geraniol,0.45,IFRA_STD_037,
51,F2.7,233,72968-50-4,,"Orange flower, bitter, concrete",Citrus aurantium L.,106-24-1,Geraniol,0.23,IFRA_STD_037,
51,G2.5,233,68916-04-1,72968-50-4,"Orange oil, bitter",Citrus aurantium L. spp. Amara Link,106-24-1,Geraniol,0.02,IFRA_STD_037,
51,F2.1,1237,68917-05-5,92347-21-2,Osmanthus absolute,Osmanthus fragrans Lour.,106-24-1,Geraniol,1.2,IFRA_STD_037,
51,F2.7,1237,68917-05-5,92347-21-2,Osmanthus concrete,Osmanthus fragrans Lour.,106-24-1,Geraniol,1.2,IFRA_STD_037,
51,E2.12,418,8014-19-5,91722-54-2 84649-81-0,Palmarosa oil,Cymbopogon martinii (Roxb.) Wats,106-24-1,Geraniol,82.4,IFRA_STD_037,
51,G2.5,1429,8008-26-2,90063-52-8,"Persian lime oil, expressed",Citrus latifolia Tanaka,106-24-1,Geraniol,0.12,IFRA_STD_037,
51,E2.1,233,8030-28-2,72968-50-4,Petitgrain bigarade absolute,Citrus aurantium L.,106-24-1,Geraniol,0.85,IFRA_STD_037,
51,E2.12,233,8014-17-3,72968-50-4,Petitgrain bigarade oil,Citrus aurantium L. spp. Amara Link,106-24-1,Geraniol,2.4,IFRA_STD_037,
51,E2.12,136,8048-51-9,84929-31-7,Petitgrain lemon oil,Citrus limon (L.) Burm. f.,106-24-1,Geraniol,2,IFRA_STD_037,
51,E2.12,194,8014-17-3,72968-50-4,"Petitgrain oil, Paraguay",Citrus aurantium L. spp. Amara Link,106-24-1,Geraniol,2.77,IFRA_STD_037,
51,F2.1,425,90106-38-0,,Rose absolute,Rosa x damascena Mill.,106-24-1,Geraniol,1.64,IFRA_STD_037,
51,F2.7,515,90106-38-0,,Rose concrete,Rosa x damascena Mill.,106-24-1,Geraniol,2.7,IFRA_STD_037,
51,F2.12,425,8007-01-0,90106-38-0,Rose oil,Rosa x damascena Mill.,106-24-1,Geraniol,17.7,IFRA_STD_037,
51,F2.54,,8007-01-0,84604-12-6,Rose water stronger,Rosa x centifolia L.,106-24-1,Geraniol,0.5,IFRA_STD_037,
51,D2.12,111,8015-77-8,83863-32-5 93685-34-8,Rosewood oil,Aniba rosaeodora (Ducke) var amazonica,106-24-1,Geraniol,0.8,IFRA_STD_037,
51,E2.12,479,8022-56-8,90106-49-3 97952-71-1,"Sage oil, Spanish",Salvia lavandifolia Vahl,106-24-1,Geraniol,0.3,IFRA_STD_037,
51,E2.12,1181,,90106-57-3,Savory winter oil,Satureja montana L.,106-24-1,Geraniol,0.33,IFRA_STD_037,
51,G2.12,608,68917-52-2,94334-31-3,Schinus molle oil,Schinus areira L.,106-24-1,Geraniol,0.1,IFRA_STD_037,
51,A2.12,,8016-69-1,89957-73-3,Snakeroot oil,Asarum canadense L.,106-24-1,Geraniol,1,IFRA_STD_037,
51,F2.12,301,8016-78-2,84837-04-7,Spike lavender oil,Lavandula latifolia Medik.,106-24-1,Geraniol,0.2,IFRA_STD_037,
51,E2.1,471,8007-46-3,84929-51-1,Thyme absolute,Thymus vulgaris L.,106-24-1,Geraniol,0.03,IFRA_STD_037,
51,E2.12,471,8007-46-3,84929-51-1,"Thyme oil, red",Thymus vulgaris L.,106-24-1,Geraniol,0.06,IFRA_STD_037,
51,E2.12,471,8007-46-3,84929-51-1,"Thyme oil, white",Thymus vulgaris L.,106-24-1,Geraniol,0.1,IFRA_STD_037,
51,F2.1,1178,8024-05-3,94334-35-7,Tuberose absolute,Poliantes tuberosa L.,106-24-1,Geraniol,0.1,IFRA_STD_037,
51,F2.7,1178,8024-05-3,94334-35-7,Tuberose concrete,Poliantes tuberosa L.,106-24-1,Geraniol,0.1,IFRA_STD_037,
51,E2.1,776,8024-12-2,85116-63-8,Verbena absolute,Lippia citriodora (L.) Kunth,106-24-1,Geraniol,4.1,IFRA_STD_037,
51,E2.12,528,8008-93-3,84929-19-1,Wormwood oil,Artemisia absinthium L.,106-24-1,Geraniol,0.1,IFRA_STD_037,
51,F2.12.1,6614,8006-81-3,83863-30-3,Ylang ylang oil I,Cananga odorata (Lam.) Hook. f. &Thomson oil (forma genuine Steenis),106-24-1,Geraniol,1.38,IFRA_STD_037,
51,F2.12.2,6614,8006-81-3,83863-30-3,Ylang ylang oil II,Cananga odorata (Lam.) Hook. f. &Thomson oil (forma genuine Steenis),106-24-1,Geraniol,1.43,IFRA_STD_037,
51,F2.12.3,6614,8006-81-3,83863-30-3,Ylang ylang oil III,Cananga odorata (Lam.) Hook. f. &Thomson oil (forma genuine Steenis),106-24-1,Geraniol,0.32,IFRA_STD_037,
51,F2.12,6614,8006-81-3,83863-30-3,"Ylang, Ylang oil complete",Cananga odorata (Lam.) Hook. f. &Thomson oil (forma genuine Steenis),106-24-1,Geraniol,0.67,IFRA_STD_037,
51,F2.12 X,6614,8006-81-3,83863-30-3,"Ylang, Ylang oil extra",Cananga odorata (Lam.) Hook. f. &Thomson oil (forma genuine Steenis),106-24-1,Geraniol,0.64,IFRA_STD_037,
51,F2.1,6614,,83863-30-3,Ylang-ylang absolute,Cananga odorata (Lam.) Hook.f.&Thomson forma genuina,106-24-1,Geraniol,1,IFRA_STD_037,
51,E2.12,1489,,84696-51-5,"Erospicata oil, Mentha spicata 'Erospicata'",Mentha spicata Erospicata,6728-26-3,Hexen-2-al,0.07,IFRA_STD_039,
51,E2.12,677,8006-83-5,84603-66-7,Hyssop oil,Hyssopus officinalis L.,6728-26-3,Hexen-2-al,0.2,IFRA_STD_039,
51,E2.12,771,8008-79-5,84696-51-5,Spearmint oil,Mentha spicata L.,6728-26-3,Hexen-2-al,0.02,IFRA_STD_039,
51,E2.30,771,,84696-51-5,Spearmint oil terpenes,Mentha spicata L. syn Mentha viridis L. var. crispa Benth.,6728-26-3,Hexen-2-al,0.25,IFRA_STD_039,
51,K2.26,5381,,84012-39-5,"Benzoin resinoid, Siam",Styrax tonkinensis (Pierre) Craib ex Hartwick,97-54-1,Isoeugenol,0.1,IFRA_STD_048,
51,K2.26,104,,84929-79-3,"Benzoin resinoid, Sumatra",Styrax benzoin Dryand.,97-54-1,Isoeugenol,0.01,IFRA_STD_048,
51,C2.12,327,8007-80-5,84961-46-6,Cassia  bark oil,Cinnamomum cassia [L.] J. Presl syn. C. aromaticum Nees,97-54-1,Isoeugenol,0.1,IFRA_STD_048,
51,E2.12,327,8007-80-5,84961-46-6,Cassia oil,Cinnamomum cassia [L.] J. Presl syn. C. aromaticum Nees,97-54-1,Isoeugenol,0.1,IFRA_STD_048,
51,F2.1,6869,8006-76-6,92457-18-6,Champaca absolute,Michelia champaca L.,97-54-1,Isoeugenol,0.03,IFRA_STD_048,
51,C2.27,328,8015-91-6,84649-98-9,Cinnamon bark CO2 extract,Cinnamomum verum J. Presl syn. C. zeylanicum Blume,97-54-1,Isoeugenol,0.05,IFRA_STD_048,
51,C2.12,328,8015-91-6,84649-98-9,Cinnamon bark oil,Cinnamomum zeylanicum Blume,97-54-1,Isoeugenol,0.02,IFRA_STD_048,
51,E2.12,444,8015-91-6,84649-98-9,Cinnamon leaf oil,Cinnamomum zeylanicum Blume,97-54-1,Isoeugenol,0.13,IFRA_STD_048,
51,F2.1,583,,84961-50-2,Clove bud absolute,Syzygium aromaticum (L.) Merr. & L.M.Perry,97-54-1,Isoeugenol,0.01,IFRA_STD_048,
51,E2.12,583,8000-34-8,84961-50-2,Clove leaf oil,Syzygium aromaticum L.,97-54-1,Isoeugenol,0.1,IFRA_STD_048,
51,F2.1,81,8022-96-6,84776-64-7,Jasmine grandiflorum absolute,Jasminum grandiflorum L.,97-54-1,Isoeugenol,0.12,IFRA_STD_048,
51,F2.1,,8024-43-9,90045-94-6,Jasmine officinale absolute,Jasminum officinale L.,97-54-1,Isoeugenol,0.1,IFRA_STD_048,
51,E2.12,221,8007-02-1,91844-92-7,"Lemongrass oil, East Indian",Cymbopogon flexuosus (Nees ex Steudel) Will. Watson,97-54-1,Isoeugenol,0.47,IFRA_STD_048,
51,E2.12,7327,8007-02-1,89998-14-1,"Lemongrass oil, West Indian",Cymbopogon citratus (DC) Stapf.,97-54-1,Isoeugenol,0.5,IFRA_STD_048,
51,A2.12,813,8016-31-7,84837-06-9,Lovage root oil,Levisticum officinale Koch,97-54-1,Isoeugenol,0.06,IFRA_STD_048,
51,H2.12,184,8008-45-5,84082-68-8,Nutmeg oil,Myristica fragrans Houtt.,97-54-1,Isoeugenol,0.5,IFRA_STD_048,
51,E2.26,646,,8023-99-2,"Pine Scotch, resinoid",Pinus sylvestris L.,97-54-1,Isoeugenol,0.01,IFRA_STD_048,
51,F2.1,1178,8024-05-3,94334-35-7,Tuberose absolute,Poliantes tuberosa L.,97-54-1,Isoeugenol,1.5,IFRA_STD_048,
51,F2.7,1178,8024-05-3,94334-35-7,Tuberose concrete,Poliantes tuberosa L.,97-54-1,Isoeugenol,1.5,IFRA_STD_048,
51,F2.12.1,6614,8006-81-3,83863-30-3,Ylang ylang oil I,Cananga odorata (Lam.) Hook. f. &Thomson oil (forma genuine Steenis),97-54-1,Isoeugenol,0.51,IFRA_STD_048,
51,F2.12.2,6614,8006-81-3,83863-30-3,Ylang ylang oil II,Cananga odorata (Lam.) Hook. f. &Thomson oil (forma genuine Steenis),97-54-1,Isoeugenol,0.24,IFRA_STD_048,
51,F2.12.3,6614,8006-81-3,83863-30-3,Ylang ylang oil III,Cananga odorata (Lam.) Hook. f. &Thomson oil (forma genuine Steenis),97-54-1,Isoeugenol,0.54,IFRA_STD_048,
51,F2.12,6614,8006-81-3,83863-30-3,"Ylang, Ylang oil complete",Cananga odorata (Lam.) Hook. f. &Thomson oil (forma genuine Steenis),97-54-1,Isoeugenol,0.52,IFRA_STD_048,
51,F2.12 X,6614,8006-81-3,83863-30-3,"Ylang, Ylang oil extra",Cananga odorata (Lam.) Hook. f. &Thomson oil (forma genuine Steenis),97-54-1,Isoeugenol,0.99,IFRA_STD_048,
51,F2.1,6614,,83863-30-3,Ylang-ylang absolute,Cananga odorata (Lam.) Hook.f.&Thomson forma genuina,97-54-1,Isoeugenol,0.5,IFRA_STD_048,
51,F2.1,583,,84961-50-2,Clove bud absolute,Syzygium aromaticum (L.) Merr. & L.M.Perry,93-29-8,Isoeugenyl acetate,0.01,IFRA_STD_255,
51,D2.12,164,8016-23-7,89958-10-1,Guaiac wood oil,Bulnesia sarmienti Lorentz ex Griseb.,93-29-8,Isoeugenyl acetate,0.12,IFRA_STD_255,
51,F2.12.1,6614,8006-81-3,83863-30-3,Ylang ylang oil I,Cananga odorata (Lam.) Hook. f. &Thomson oil (forma genuine Steenis),93-29-8,Isoeugenyl acetate,0.07,IFRA_STD_255,
51,F2.12.2,6614,8006-81-3,83863-30-3,Ylang ylang oil II,Cananga odorata (Lam.) Hook.f.&Thomson forma genuina,93-29-8,Isoeugenyl acetate,0.05,IFRA_STD_255,
51,F2.12.3,6614,8006-81-3,83863-30-3,Ylang ylang oil III,Cananga odorata (Lam.) Hook. f. &Thomson oil (forma genuine Steenis),93-29-8,Isoeugenyl acetate,0.03,IFRA_STD_255,
51,F2.12,6614,8006-81-3,83863-30-3,"Ylang, Ylang oil complete",Cananga odorata (Lam.) Hook. f. &Thomson oil (forma genuine Steenis),93-29-8,Isoeugenyl acetate,0.12,IFRA_STD_255,
51,F2.12 X,6614,8006-81-3,83863-30-3,"Ylang, Ylang oil extra",Cananga odorata (Lam.) Hook. f. &Thomson oil (forma genuine Steenis),93-29-8,Isoeugenyl acetate,0.12,IFRA_STD_255,
51,F2.1,6614,,83863-30-3,Ylang-ylang absolute,Cananga odorata (Lam.) Hook.f.&Thomson forma genuina,93-29-8,Isoeugenyl acetate,0.05,IFRA_STD_255,
51,E2.12,358,8016-26-0,89997-74-0,Cistus oil,Cistus ladaniferus L.,78-59-1,Isophorone,0.2,IFRA_STD_154,
51,E2.12,260,8015-73-4,84775-71-3,"Basil oil, chemotype estragole",Ocimum basilicum L.,6485-40-1,l-Carvone,0.49,IFRA_STD_016,
51,H2.12,578,8015-88-1,84929-61-3,Carrot seed oil,Daucus carota L.,6485-40-1,l-Carvone,0.05,IFRA_STD_016,
51,E2.12,358,8016-26-0,89997-74-0,Cistus oil,Cistus ladaniferus L.,6485-40-1,l-Carvone,0.6,IFRA_STD_016,
51,E2.12,1489,,84696-51-5,"Erospicata oil, Mentha spicata 'Erospicata'",Mentha spicata Erospicata,6485-40-1,l-Carvone,67,IFRA_STD_016,
51,F2.12,1095,93165-50-5,,Lavender oil dentata,Lavandula dentata,6485-40-1,l-Carvone,0.3,IFRA_STD_016,
51,A2.12,813,8016-31-7,84837-06-9,Lovage root oil,Levisticum officinale Koch,6485-40-1,l-Carvone,0.02,IFRA_STD_016,
51,E2.24,509,68917-18-0,90063-97-1 91722-84-8,Mentha arvensis oil,Mentha arvenis L.,6485-40-1,l-Carvone,0.25,IFRA_STD_016,
51,E2.12,1083,8008-46-6,84083-67-7,Myrtle oil,Myrtus communis L.,6485-40-1,l-Carvone,0.2,IFRA_STD_016,
51,E2.12,520,8000-68-8,84012-33-9,Parsley herb oil,Petroselinum crispum (Mill.) Nyman ex A.W.Hill,6485-40-1,l-Carvone,0.2,IFRA_STD_016,
51,E2.26,646,,8023-99-2,"Pine Scotch, resinoid",Pinus sylvestris L.,6485-40-1,l-Carvone,0.001,IFRA_STD_016,
51,E2.12,771,8008-79-5,84696-51-5,Spearmint oil,Mentha spicata L.,6485-40-1,l-Carvone,66.07,IFRA_STD_016,
51,E2.30,771,,84696-51-5,Spearmint oil terpenes,Mentha spicata L. syn Mentha viridis L. var. crispa Benth.,6485-40-1,l-Carvone,8.51,IFRA_STD_016,
51,E2.12,5603,,91770-24-0,"Spearmint oil, Scotch",Mentha x gentilis L. syn. Mentha x gracilis Sole,6485-40-1,l-Carvone,64.12,IFRA_STD_016,
51,E2.1,471,8007-46-3,84929-51-1,Thyme absolute,Thymus vulgaris L.,6485-40-1,l-Carvone,0.05,IFRA_STD_016,
51,E2.12,5086,8022-07-9,84082-83-7,Yarrow oil,Achillea millefolium L.,6485-40-1,l-Carvone,0.2,IFRA_STD_016,
51,E2.1,133,8000-46-2,90082-51-2 68916-42-7,Geranium absolute,Pelargonium graveolens l'Hertier ex Aiton,7540-51-4,l-Citronellol,10.6,IFRA_STD_022,
51,E2.12,133,8000-46-2,90082-51-2,Geranium oil,Pelargonium graveolens l'Hertier ex Aiton,7540-51-4,l-Citronellol,21.1,IFRA_STD_022,
51,E2.12,545,8000-46-2,90082-52-3,Geranium oil African,Pelargonium odoratissimum L'Heritier,7540-51-4,l-Citronellol,33,IFRA_STD_022,
51,H2.12,,8021-27-0,90028-76-5,Abies alba cone oil,Abies alba Mill.,475-20-7,Longifolene,0.3,IFRA_STD_199,
51,E2.12,322,8021-27-0,90028-76-5,Abies alba needle oil,Abies alba Mill.,475-20-7,Longifolene,0.3,IFRA_STD_199,
51,H2.12,525,8015-64-3,84775-41-7,Angelica seed oil,Angelica archangelica L.,475-20-7,Longifolene,0.5,IFRA_STD_199,
51,D2.12,579,8023-85-6,92201-55-3,"Cedarwood oil, Atlas",Cedrus atlantica (Endl.) Manetti ex Carriere,475-20-7,Longifolene,0.6,IFRA_STD_199,
51,D2.12,6667,68991-36-6,91771-47-0,"Cedarwood oil, Himalaya",Cedrus deodora (Roxb ex D.Don) G.Don,475-20-7,Longifolene,0.7,IFRA_STD_199,
51,D2.12,615,68990-83-0,91722-61-1,"Cedarwood oil, Texas",Juniperus mexicana Schiede,475-20-7,Longifolene,0.4,IFRA_STD_199,
51,E2.12,1075,85203-56-1,,Eucalyptus citriodora oil,Corymbia citriodora (Hook.) K.D. Hill & L.A. Johnson,475-20-7,Longifolene,0.21,IFRA_STD_199,
51,E2.12,395,8024-15-5,85085-34-3,"Fir needle oil, Canadian",Abies balsamea (L.) Mill.,475-20-7,Longifolene,0.22,IFRA_STD_199,
51,E2.12,5487,91745-97-0,,Hinoki leaf oil,Chamaecyparis obtusa (Siebold & Zucc.) Endl.,475-20-7,Longifolene,32,IFRA_STD_199,
51,D2.12,5487,91745-97-0,,Hinoki wood oil,Chamaecyparis obtusa (Siebold & Zucc.) Endl.,475-20-7,Longifolene,0.7,IFRA_STD_199,
51,G2.12,337,8002-68-4,84603-69-0,Juniper berry oil,Juniperus communis L.,475-20-7,Longifolene,0.1,IFRA_STD_199,
51,G2.12,910,68855-99-2,90063-59-5,Litsea cubeba oil,Litsea Cubeba(Lour.) Pers.,475-20-7,Longifolene,0.2,IFRA_STD_199,
51,H2.12,,90064-32-7,84775-51-9,Nigella sativa oil,Nigella sativa L.,475-20-7,Longifolene,1.8,IFRA_STD_199,
51,E2.12,272,8021-29-2,84012-35-1,Pine needle oil,Abies spp.,475-20-7,Longifolene,0.09,IFRA_STD_199,
51,E2.12,645,8000-26-8,90082-73-8 90082-72-7,"Pine needle, dwarf, oil",Pinus pumila (Pall.) Regel,475-20-7,Longifolene,0.15,IFRA_STD_199,
51,E2.12,646,8023-99-2,84012-35-1,"Pine Scotch, oil",Pinus sylvestris L.,475-20-7,Longifolene,0.09,IFRA_STD_199,
51,E2.12,5607,8000-26-8,84929-42-0 90082-75-0,"Pine, Pinus pinaster, oil",Pinus pinaster Aiton,475-20-7,Longifolene,3.71,IFRA_STD_199,
51,E2.12,5501,,97676-05-6,"Pine, Pinus pumila, extract",Pinus Pumila (Pall) Regel,475-20-7,Longifolene,0.1,IFRA_STD_199,
51,E2.12,199,8008-80-8,91722-18-9,"Spruce oil, Black",Picea mariana (Mill.) Britton,475-20-7,Longifolene,0.25,IFRA_STD_199,
51,E2.12,,91770-69-3,91722-18-8,"Spruce oil, White",Picea abies (L.) H.Karst.,475-20-7,Longifolene,0.22,IFRA_STD_199,
51,K2.16,317,9005-90-7,,Turpentine gum,Pinus spp.,475-20-7,Longifolene,4.39,IFRA_STD_199,
51,K2.12,317,8006-64-2,,Turpentine oil,Pinus spp.,475-20-7,Longifolene,0.12,IFRA_STD_199,
51,G2.12,342,8006-77-7,84929-57-7,Allspice oil,Pimenta dioica (L.) Merr.,93-15-2,Methyl eugenol,8.5,IFRA_STD_100,
51,G2.21,,8006-77-7,84929-57-7,Allspice oleoresin,Pimenta officinalis Lindl.,93-15-2,Methyl eugenol,5.1,IFRA_STD_100,
51,E2.12,260,8015-73-4,84775-71-3,"Basil oil, chemotype estragole",Ocimum basilicum L.,93-15-2,Methyl eugenol,0.39,IFRA_STD_100,
51,E2.12,5119,8015-73-4,84775-71-3,"Basil oil, chemotype linalool",Ocimum basilicum L.,93-15-2,Methyl eugenol,0.2,IFRA_STD_100,
51,E2.21,260,8015-73-4,84775-71-3,"Basil oleoresin, chemotype estragole",Ocimum basilicum L.,93-15-2,Methyl eugenol,0.2,IFRA_STD_100,
51,E2.12,226,8006-78-8,91721-75-4 85085-61-6,"Bay leaf, West Indian, oil",Pimenta racemosa (Mill.) J.W. Moore,93-15-2,Methyl eugenol,2,IFRA_STD_100,
51,E2.1,73,84649-93-4,68650-46-4,"Bucchu absolute, betulina",Agathosma betulina (P.J.Bergius) Pillans,93-15-2,Methyl eugenol,0.02,IFRA_STD_100,
51,E2.12,7135,92346-82-2,,"Bucchu oil, crenulata",Agathosma crenulata (L.) Pill.,93-15-2,Methyl eugenol,0.19,IFRA_STD_100,
51,A2.12,576,8015-79-0,84775-39-3,Calamus oil,Acorus calamus L.,93-15-2,Methyl eugenol,0.3,IFRA_STD_100,
51,F2.12,214,68606-83-7,93686-30-7,Cananga oil,Cananga odorata (Lam.) Hook. f. & Thomson (forma macrophylla Steenis),93-15-2,Methyl eugenol,0.2,IFRA_STD_100,
51,F2.1,6869,8006-76-6,92457-18-6,Champaca absolute,Michelia champaca L.,93-15-2,Methyl eugenol,0.01,IFRA_STD_100,
51,E2.12,444,8015-91-6,84649-98-9,Cinnamon leaf oil,Cinnamomum zeylanicum Blume,93-15-2,Methyl eugenol,0.01,IFRA_STD_100,
51,E2.12,117,8000-29-1,91771-61-8,"Citronella oil, Java type",Cymbopogon winterianus Jowitt,93-15-2,Methyl eugenol,0.1,IFRA_STD_100,
51,F2.12,583,8000-34-8,84961-50-2,Clove bud oil,Syzygium aromaticum L.,93-15-2,Methyl eugenol,0.1,IFRA_STD_100,
51,E2.30,583,8000-34-8,84961-50-2,Clove bud oil terpenes,Syzygium aromaticum (L.) Merr. & L.M.Perry,93-15-2,Methyl eugenol,0.1,IFRA_STD_100,
51,E2.12,583,8000-34-8,84961-50-2,Clove leaf oil,Syzygium aromaticum L.,93-15-2,Methyl eugenol,0.1,IFRA_STD_100,
51,L2.12,583,8000-34-8,84961-50-2,Clove stem oil,Syzygium aromaticum L.,93-15-2,Methyl eugenol,0.06,IFRA_STD_100,
51,K2.12,589,8023-89-0,97675-63-3 9000-75-3,Elemi oil,Canarium luzonicum (Blume) A. Gray,93-15-2,Methyl eugenol,0.4,IFRA_STD_100,
51,K2.26,589,8023-89-0,97675-63-3 9000-75-3,Elemi resinoid,Canarium luzonicum (Blume) A. Gray,93-15-2,Methyl eugenol,0.09,IFRA_STD_100,
51,F2.1,,8023-94-7,94333-75-2,Hyacinth absolute,Hyacinthus orientalis L.,93-15-2,Methyl eugenol,1.5,IFRA_STD_100,
51,E2.12,677,8006-83-5,84603-66-7,Hyssop oil,Hyssopus officinalis L.,93-15-2,Methyl eugenol,0.2,IFRA_STD_100,
51,E2.12,220,8016-26-0,90244-89-6 89997-74-0,Labdanum oil,Cistus ladaniferus L.,93-15-2,Methyl eugenol,0.05,IFRA_STD_100,
51,E2.12,476,8007-48-5,8002-41-3 84603-73-6,Laurel leaf oil,Laurus nobilis L,93-15-2,Methyl eugenol,3.22,IFRA_STD_100,
51,E2.12,221,8007-02-1,91844-92-7,"Lemongrass oil, East Indian",Cymbopogon flexuosus (Nees ex Steudel) Will. Watson,93-15-2,Methyl eugenol,0.05,IFRA_STD_100,
51,A2.12,813,8016-31-7,84837-06-9,Lovage root oil,Levisticum officinale Koch,93-15-2,Methyl eugenol,0.13,IFRA_STD_100,
51,G2.12,911,8007-12-3,84082-68-8,Mace oil,Myristica fragrans Houtt.,93-15-2,Methyl eugenol,1.2,IFRA_STD_100,
51,G2.21,911,8007-12-3,84082-68-8,Mace oleoresin,Myristica fragrans Houtt.,93-15-2,Methyl eugenol,0.6,IFRA_STD_100,
51,K2.1,96,68991-39-9,90082-82-9,Mastic absolute,Pistacia lentiscus L.,93-15-2,Methyl eugenol,0.01,IFRA_STD_100,
51,K2.12,96,68991-39-9,61789-92-2 90082-82-9,Mastic oil,Pistacia lentiscus L.,93-15-2,Methyl eugenol,0.02,IFRA_STD_100,
51,F2.12,6900,,92457-18-6,Michelia alba flower oil,Michelia x alba DC. (champaca x montana),93-15-2,Methyl eugenol,2.06,IFRA_STD_100,
51,E2.12,6900,,92457-18-6,Michelia alba leaf oil,Michelia x alba DC. (champaca x montana),93-15-2,Methyl eugenol,0.33,IFRA_STD_100,
51,E2.12,1083,8008-46-6,84083-67-7,Myrtle oil,Myrtus communis L.,93-15-2,Methyl eugenol,1,IFRA_STD_100,
51,H2.12,184,8008-45-5,84082-68-8,Nutmeg oil,Myristica fragrans Houtt.,93-15-2,Methyl eugenol,1.2,IFRA_STD_100,
51,H2.21,184,8008-45-5,84082-68-8,Nutmeg oleoresin,Myristica fragrans Houtt.,93-15-2,Methyl eugenol,0.6,IFRA_STD_100,
51,E2.12,306,68917-09-9,91770-39-7,Ocatea cymbarum oil,Ocotea cymbarum Kunth,93-15-2,Methyl eugenol,0.3,IFRA_STD_100,
51,E2.12,342,8006-77-7,84929-57-7,Pimenta leaf oil,Pimenta officinalis Lindl.,93-15-2,Methyl eugenol,6,IFRA_STD_100,
51,F2.1,425,90106-38-0,,Rose absolute,Rosa x damascena Mill.,93-15-2,Methyl eugenol,0.43,IFRA_STD_100,
51,F2.7,515,90106-38-0,,Rose concrete,Rosa x damascena Mill.,93-15-2,Methyl eugenol,0.5,IFRA_STD_100,
51,F2.12,425,8007-01-0,90106-38-0,Rose oil,Rosa x damascena Mill.,93-15-2,Methyl eugenol,2,IFRA_STD_100,
51,F2.54,,8007-01-0,84604-12-6,Rose water stronger,Rosa x centifolia L.,93-15-2,Methyl eugenol,0.04,IFRA_STD_100,
51,C2.12,929,8006-80-2,84787-72-4,Sassafras bark oil,Sassafras albidum (Nutt.) Nees,93-15-2,Methyl eugenol,0.3,IFRA_STD_100,
51,E2.12,1181,,90106-57-3,Savory winter oil,Satureja montana L.,93-15-2,Methyl eugenol,0.13,IFRA_STD_100,
51,A2.12,,8016-69-1,89957-73-3,Snakeroot oil,Asarum canadense L.,93-15-2,Methyl eugenol,40,IFRA_STD_100,
51,E2.12,361,8016-88-4,90131-45-6,Tarragon oil,Artemisia dracunculus L.,93-15-2,Methyl eugenol,0.3,IFRA_STD_100,
51,E2.12,1176,68647-73-4,85085-48-9,Tea tree oil,Melaleuca alternifolia (Maiden & Betche) Cheel,93-15-2,Methyl eugenol,0.05,IFRA_STD_100,
51,E2.1,471,8007-46-3,84929-51-1,Thyme absolute,Thymus vulgaris L.,93-15-2,Methyl eugenol,0.01,IFRA_STD_100,
51,E2.12,471,8007-46-3,84929-51-1,"Thyme oil, red",Thymus vulgaris L.,93-15-2,Methyl eugenol,0.01,IFRA_STD_100,
51,E2.12,471,8007-46-3,84929-51-1,"Thyme oil, white",Thymus vulgaris L.,93-15-2,Methyl eugenol,0.03,IFRA_STD_100,
51,F2.1,1178,8024-05-3,94334-35-7,Tuberose absolute,Poliantes tuberosa L.,93-15-2,Methyl eugenol,1.8,IFRA_STD_100,
51,F2.7,1178,8024-05-3,94334-35-7,Tuberose concrete,Poliantes tuberosa L.,93-15-2,Methyl eugenol,1.07,IFRA_STD_100,
51,E2.1,776,8024-12-2,85116-63-8,Verbena absolute,Lippia citriodora (L.) Kunth,93-15-2,Methyl eugenol,0.1,IFRA_STD_100,
51,F2.12.1,6614,8006-81-3,83863-30-3,Ylang ylang oil I,Cananga odorata (Lam.) Hook. f. &Thomson oil (forma genuine Steenis),93-15-2,Methyl eugenol,0.04,IFRA_STD_100,
51,F2.12.2,6614,8006-81-3,83863-30-3,Ylang ylang oil II,Cananga odorata (Lam.) Hook.f.&Thomson forma genuina,93-15-2,Methyl eugenol,0.03,IFRA_STD_100,
51,F2.12.3,6614,8006-81-3,83863-30-3,Ylang ylang oil III,Cananga odorata (Lam.) Hook. f. &Thomson oil (forma genuine Steenis),93-15-2,Methyl eugenol,0.04,IFRA_STD_100,
51,F2.1,6665,103798-23-6,91770-14-8,Jasmine sambac absolute,Jasminum sambac (L.) Aiton,41270-80-8,Methyl N-formylanthranilate,0.05,IFRA_STD_101,
51,F2.27,6665,103798-23-6,91770-14-8,Jasmine sambac CO2 extract,Jasminum sambac,41270-80-8,Methyl N-formylanthranilate,0.05,IFRA_STD_101,
51,F2.12,233,8016-38-4,72968-50-4,"Orange flower oil, bitter (Neroli and Neroli bigarade)",Citrus aurantium L. ssp. Amara Link,41270-80-8,Methyl N-formylanthranilate,0.03,IFRA_STD_101,
51,G2.5,,93686-22-7,,Clementine oil,Citrus clementina Hort. Ex Tan,85-91-6,Methyl N-methylanthranilate,0.03,IFRA_STD_094,
51,E2.1,626,90131-21-8,129316-65-0,Genet absolute,Spartium junceum L.,85-91-6,Methyl N-methylanthranilate,0.34,IFRA_STD_094,
51,G2.5,250,8008-31-9,84929-38-4,Mandarin oil,Citrus reticulata Blanco,85-91-6,Methyl N-methylanthranilate,0.4,IFRA_STD_094,
51,E2.12,250,8014-17-3,84929-38-4,Petitgrain mandarin oil,Citrus reticulata Blanco,85-91-6,Methyl N-methylanthranilate,50.13,IFRA_STD_094,
51,E2.12,194,8014-17-3,72968-50-4,"Petitgrain oil, Paraguay",Citrus aurantium L. spp. Amara Link,85-91-6,Methyl N-methylanthranilate,0.06,IFRA_STD_094,
51,E2.12,,8014-71-9,84082-61-1,Balm oil,Melissa officinallis L.,106-26-3,Neral,16.68,IFRA_STD_021,
51,E2.12,260,8015-73-4,84775-71-3,"Basil oil, chemotype estragole",Ocimum basilicum L.,106-26-3,Neral,0.02,IFRA_STD_021,
51,E2.12,226,8006-78-8,91721-75-4 85085-61-6,"Bay leaf, West Indian, oil",Pimenta racemosa (Mill.) J.W. Moore,106-26-3,Neral,0.2,IFRA_STD_021,
51,G2.5,1092,8007-75-8,89957-91-5 92704-01-3,Bergamot oil expressed,Citrus bergamia Risso & Poit.,106-26-3,Neral,0.2,IFRA_STD_021,
51,H2.12,578,8015-88-1,84929-61-3,Carrot seed oil,Daucus carota L.,106-26-3,Neral,0.01,IFRA_STD_021,
51,G2.5,7067,68991-25-3,,Citron oil,Citrus medica L.,106-26-3,Neral,1.57,IFRA_STD_021,
51,E2.12,1075,85203-56-1,,Eucalyptus citriodora oil,Corymbia citriodora (Hook.) K.D. Hill & L.A. Johnson,106-26-3,Neral,0.03,IFRA_STD_021,
51,A2.27,335,8007-08-7,84696-15-1,Ginger CO2 extract,Zingiber officinalle Roscoe,106-26-3,Neral,0.57,IFRA_STD_021,
51,G2.10,189,8016-20-4,90045-43-5,Grapefruit essence oil,Citrus x paradisi Macfad.,106-26-3,Neral,0.04,IFRA_STD_021,
51,G2.12,189,8016-20-4,90045-43-5,Grapefruit oil,Citrus x paradisi Macfad.,106-26-3,Neral,0.04,IFRA_STD_021,
51,G2.12,136,8008-56-8,84929-31-7,Lemon oil steam distilled,Citrus limon (L.) Osbeck,106-26-3,Neral,0.81,IFRA_STD_021,
51,E2.12,221,8007-02-1,91844-92-7,"Lemongrass oil, East Indian",Cymbopogon flexuosus (Nees ex Steudel) Will. Watson,106-26-3,Neral,30.54,IFRA_STD_021,
51,G2.12,170,8008-26-2,90063-52-8,Lime oil distilled,Citrus aurantifolia (Christm.) Swingle,106-26-3,Neral,0.26,IFRA_STD_021,
51,G2.5,171,8008-26-2,90063-52-8 93685-55-3,"Lime oil, expressed",Citrus aurantifolia (Christm.) Swingle,106-26-3,Neral,1.7,IFRA_STD_021,
51,E2.12,413,8016-33-9,84837-14-9 91722-83-7,"Marjoram oil, Spanish",Thymus mastichina L.,106-26-3,Neral,0.07,IFRA_STD_021,
51,F2.12,233,8016-38-4,72968-50-4,"Orange flower oil, bitter (neroli and neroli bigarade)",Citrus aurantium L. spp. Amara Link,106-26-3,Neral,0.04,IFRA_STD_021,
51,F2.54,233,8030-28-2,72968-50-4,Orange flower water absolute,Citrus aurantium L. spp. Amara Link,106-26-3,Neral,0.01,IFRA_STD_021,
51,G2.5,233,68916-04-1,72968-50-4,"Orange oil, bitter",Citrus aurantium L. spp. Amara Link,106-26-3,Neral,0.03,IFRA_STD_021,
51,G2.5,1429,8008-26-2,90063-52-8,"Persian lime oil, expressed",Citrus latifolia Tanaka,106-26-3,Neral,1.61,IFRA_STD_021,
51,E2.12,194,8014-17-3,72968-50-4,"Petitgrain oil, Paraguay",Citrus aurantium L. spp. Amara Link,106-26-3,Neral,0.08,IFRA_STD_021,
51,F2.1,425,90106-38-0,,Rose absolute,Rosa x damascena Mill.,106-26-3,Neral,0.08,IFRA_STD_021,
51,F2.12,425,8007-01-0,90106-38-0,Rose oil,Rosa x damascena Mill.,106-26-3,Neral,0.79,IFRA_STD_021,
51,G2.30,6607,68608-38-8,93686-22-7,Tangerine oil terpenes,Citrus reticulata Blanco,106-26-3,Neral,0.01,IFRA_STD_021,
51,E2.12,471,8007-46-3,84929-51-1,"Thyme oil, red",Thymus vulgaris L.,106-26-3,Neral,0.06,IFRA_STD_021,
51,C2.12,327,8007-80-5,84961-46-6,Cassia  bark oil,Cinnamomum cassia [L.] J. Presl syn. C. aromaticum Nees,1504-74-1,o-Methoxycinnamaldehyde,0.7,IFRA_STD_055,
51,C2.21,,8007-80-5,84961-46-6,Cassia bark oleoresin,Cinnamomum cassia [L.] J. Presl syn. C. aromaticum Nees,1504-74-1,o-Methoxycinnamaldehyde,0.94,IFRA_STD_055,
51,E2.12,327,8007-80-5,84961-46-6,Cassia oil,Cinnamomum cassia [L.] J. Presl syn. C. aromaticum Nees,1504-74-1,o-Methoxycinnamaldehyde,9,IFRA_STD_055,
51,C2.12,328,8015-91-6,84649-98-9,Cinnamon bark oil,Cinnamomum zeylanicum Blume,1504-74-1,o-Methoxycinnamaldehyde,0.5,IFRA_STD_055,
51,K2.9.1,314,8046-19-3,8046-19-3,Styrax essence pyrogenated,Liquidambar Styraciflua,106-44-5,p-Cresol,0.35,IFRA_STD_260,
51,K2.9.1,6877,8024-01-9,94891-27-7,"Styrax oil, pyrogenated",Liquidambar orientalis Mill.,106-44-5,p-Cresol,0.3,IFRA_STD_260,
51,H2.12,326,8000-42-8,85940-31-4,Caraway seed oil,Carum carvi L.,2111-75-3,Perilla aldehyde,0.1,IFRA_STD_052,
51,E2.12,6584,8023-92-5,92704-07-9,Gingergrass oil,Cymbopogon martinii (Roxb.) W.Watson var.sofia,2111-75-3,Perilla aldehyde,0.2,IFRA_STD_052,
51,G2.29,189,68916-46-1,90045-43-5,"Grapefruit oil, terpeneless",Citrus x paradisi Macfad.,2111-75-3,Perilla aldehyde,1,IFRA_STD_052,
51,G2.5,233,68916-04-1,72968-50-4,"Orange oil, bitter",Citrus aurantium L. spp. Amara Link,2111-75-3,Perilla aldehyde,0.02,IFRA_STD_052,
51,G2.30,192,68647-72-3,8028-48-6,"Orange oil, sweet, terpenes",Citrus sinensis (L.) Osbeck,2111-75-3,Perilla aldehyde,0.01,IFRA_STD_052,
51,E2.12,1084,68132-21-8,90082-61-4,Perilla oil,Perilla frutescens (L.) Britton,2111-75-3,Perilla aldehyde,53.78,IFRA_STD_052,
51,G2.30,6607,68608-38-8,93686-22-7,Tangerine oil terpenes,Citrus reticulata Blanco,2111-75-3,Perilla aldehyde,0.01,IFRA_STD_052,
51,H2.12,578,8015-88-1,84929-61-3,Carrot seed oil,Daucus carota L.,536-60-7,p-Isopropylbenzyl alcohol,0.06,IFRA_STD_194,
51,F2.1,1327,97676-19-2,68606-81-5,Cassis bud absolute,Ribes nigrum L.,536-60-7,p-Isopropylbenzyl alcohol,0.1,IFRA_STD_194,
51,H2.12,331,8014-13-9,84775-51-9,Cumin seed oil,Cuminum cyminum L.,536-60-7,p-Isopropylbenzyl alcohol,0.2,IFRA_STD_194,
51,F2.12,1095,93165-50-5,,Lavender oil dentata,Lavandula dentata,536-60-7,p-Isopropylbenzyl alcohol,0.2,IFRA_STD_194,
51,H2.12,243,8007-70-3,84775-42-8,Anise seed oil,Pimpinella anisum L.,123-11-5,p-Methoxybenzaldehyde,0.43,IFRA_STD_054,
51,E2.12,260,8015-73-4,84775-71-3,"Basil oil, chemotype estragole",Ocimum basilicum L.,123-11-5,p-Methoxybenzaldehyde,0.1,IFRA_STD_054,
51,F2.1,75,8023-82-3,89958-31-6,Cassie absolute,Vachellia farnesiana (L.) Willd.,123-11-5,p-Methoxybenzaldehyde,1,IFRA_STD_054,
51,H2.12,653,84625-39-8,,"Fennel oil, bitter, phellandrene type",Foeniculum vulgare Mill.,123-11-5,p-Methoxybenzaldehyde,0.2,IFRA_STD_054,
51,H2.12,653,8006-84-6,84625-39-8,"Fennel oil, bitter,anethole type",Foeniculum vulgare Mill.,123-11-5,p-Methoxybenzaldehyde,0.3,IFRA_STD_054,
51,H2.12,451,8006-84-6,84455-29-8,"Fennel oil, sweet",Foeniculum vulgare subsp. vulgare var. Dulce (Mill) Batt.,123-11-5,p-Methoxybenzaldehyde,0.47,IFRA_STD_054,
51,F2.1,554,8031-03-6,93685-96-2 98903-76-5,Mimosa absolute,Acacia decurrens (Wendl.f.) Willd.,123-11-5,p-Methoxybenzaldehyde,0.1,IFRA_STD_054,
51,H2.12,7063,68952-43-2,84650-59-9,Star anise oil,"Illicium verum Hook, f.",123-11-5,p-Methoxybenzaldehyde,0.2,IFRA_STD_054,
51,G2.1,319,8024-06-4,84650-63-5,Vanilla absolute,Vanilla planifolia,123-11-5,p-Methoxybenzaldehyde,0.03,IFRA_STD_054,
51,G2.27,319,8024-06-4,84650-63-5,Vanilla CO2 extract,Vanilla planifolia,123-11-5,p-Methoxybenzaldehyde,0,IFRA_STD_054,
51,G2.21,319,8024-06-4,84650-63-5,Vanilla oleoresin,Vanilla planifolia,123-11-5,p-Methoxybenzaldehyde,0.03,IFRA_STD_054,
51,G2.1,5506,953789-39-4,94167-14-3,Vanilla tahitensis absolute,Vanilla tahitensis J.W. Moore,123-11-5,p-Methoxybenzaldehyde,0,IFRA_STD_054,
51,G2.27,5506,953789-39-4,94167-14-3,Vanilla tahitensis CO2 extract,Vanilla tahitensis J.W. Moore,123-11-5,p-Methoxybenzaldehyde,0,IFRA_STD_054,
51,D2.12,,8008-51-3,92201-50-8 92704-03-5,"Camphor oil, brown",Cinnamomum camphora (L.) J.Presl,94-59-7,Safrole,80,IFRA_STD_179,
51,D2.12,,8008-51-3,92201-50-8 92704-03-5,"Camphor oil, yellow",Cinnamomum camphora (L.) J.Presl,94-59-7,Safrole,50,IFRA_STD_179,
51,C2.12,328,8015-91-6,84649-98-9,Cinnamon bark oil,Cinnamomum zeylanicum Blume,94-59-7,Safrole,0.2,IFRA_STD_179,
51,E2.12,444,8015-91-6,84649-98-9,Cinnamon leaf oil,Cinnamomum zeylanicum Blume,94-59-7,Safrole,1.2,IFRA_STD_179,
51,G2.12,784,8007-87-2,90082-59-0,Cubeb oil,Piper cubeba L. f.,94-59-7,Safrole,0.04,IFRA_STD_179,
51,G2.12,910,68855-99-2,90063-59-5,Litsea cubeba oil,Litsea Cubeba(Lour.) Pers.,94-59-7,Safrole,0.05,IFRA_STD_179,
51,G2.12,911,8007-12-3,84082-68-8,Mace oil,Myristica fragrans Houtt.,94-59-7,Safrole,1.7,IFRA_STD_179,
51,G2.21,911,8007-12-3,84082-68-8,Mace oleoresin,Myristica fragrans Houtt.,94-59-7,Safrole,1.6,IFRA_STD_179,
51,H2.12,184,8008-45-5,84082-68-8,Nutmeg oil,Myristica fragrans Houtt.,94-59-7,Safrole,1.5,IFRA_STD_179,
51,H2.21,184,8008-45-5,84082-68-8,Nutmeg oleoresin,Myristica fragrans Houtt.,94-59-7,Safrole,1,IFRA_STD_179,
51,E2.12,306,68917-09-9,91770-39-7,Ocatea cymbarum oil,Ocotea cymbarum Kunth,94-59-7,Safrole,92,IFRA_STD_179,
51,E2.12,,91770-56-8,,Ravensara aromatica oil,Ravansara aromatica Sonn. (v. anisata),94-59-7,Safrole,0.03,IFRA_STD_179,
51,C2.12,929,8006-80-2,84787-72-4,Sassafras bark oil,Sassafras albidum (Nutt.) Nees,94-59-7,Safrole,92,IFRA_STD_179,
51,A2.12,576,8015-79-0,84775-39-3,Calamus oil,Acorus calamus L.,2883-98-9,trans-Asarone/alpha-Asarone,0.7,IFRA_STD_110,
51,H2.12,578,8015-88-1,84929-61-3,Carrot seed oil,Daucus carota L.,2883-98-9,trans-Asarone/alpha-Asarone,0.19,IFRA_STD_110,
51,G2.12,784,8007-87-2,90082-59-0,Cubeb oil,Piper cubeba L. f.,2883-98-9,trans-Asarone/alpha-Asarone,1.55,IFRA_STD_110,
51,E2.1,776,8024-12-2,85116-63-8,Verbena absolute,Lippia citriodora (L.) Kunth,2883-98-9,trans-Asarone/alpha-Asarone,0.1,IFRA_STD_110,
51,G2.5,171,8008-26-2,90063-52-8 93685-55-3,"Lime oil, expressed",Citrus aurantifolia (Christm.) Swingle,1134-95-8,trans-Carvyl acetate,0.2,IFRA_STD_243,
51,K2.1,314,8046-19-3,94891-27-7 94891-28-8,Styrax absolute,Liquidambar styraciflua L.,5932-68-3,trans-Isoeugenol,0.03,IFRA_STD_048,
51,F2.1,6869,8006-76-6,92457-18-6,Champaca absolute,Michelia champaca L.,106-28-5,trans-trans-Farnesol,0.01,IFRA_STD_036,
51,F2.1,6665,103798-23-6,91770-14-8,Jasmine sambac absolute,Jasminum sambac (L.) Aiton,106-28-5,trans-trans-Farnesol,0.6,IFRA_STD_036,
51,F2.27,6665,103798-23-6,91770-14-8,Jasmine sambac CO2 extract,Jasminum sambac,106-28-5,trans-trans-Farnesol,0.6,IFRA_STD_036,
51,G2.12,170,8008-26-2,90063-52-8,Lime oil distilled,Citrus aurantifolia (Christm.) Swingle,106-28-5,trans-trans-Farnesol,0.02,IFRA_STD_036,
51,F2.12,233,8016-38-4,72968-50-4,"Orange flower oil, bitter (neroli and neroli bigarade)",Citrus aurantium L. spp. Amara Link,106-28-5,trans-trans-Farnesol,2.18,IFRA_STD_036,
51,E2.12,194,8014-17-3,72968-50-4,"Petitgrain oil, Paraguay",Citrus aurantium L. spp. Amara Link,106-28-5,trans-trans-Farnesol,0.03,IFRA_STD_036,
51,F2.12,425,8007-01-0,90106-38-0,Rose oil,Rosa x damascena Mill.,106-28-5,trans-trans-Farnesol,1.37,IFRA_STD_036,
51,D2.12,6669,8024-35-9,92875-02-0,"Sandalwood oil, Australian",Santalum spicata (R.Br.) A.DC.,106-28-5,trans-trans-Farnesol,8.38,IFRA_STD_036,
51,D2.12,,91845-48-6,,"Sandalwood oil, New Caledonian",Santalum austrocaledonicum Vieill,106-28-5,trans-trans-Farnesol,0.85,IFRA_STD_036,
51,F2.12.1,6614,8006-81-3,83863-30-3,Ylang ylang oil I,Cananga odorata (Lam.) Hook. f. &Thomson oil (forma genuine Steenis),106-28-5,trans-trans-Farnesol,1.82,IFRA_STD_036,
51,F2.12.2,6614,8006-81-3,83863-30-3,Ylang ylang oil II,Cananga odorata (Lam.) Hook.f.&Thomson forma genuina,106-28-5,trans-trans-Farnesol,2.35,IFRA_STD_036,
51,F2.12.3,6614,8006-81-3,83863-30-3,Ylang ylang oil III,Cananga odorata (Lam.) Hook. f. &Thomson oil (forma genuine Steenis),106-28-5,trans-trans-Farnesol,1.76,IFRA_STD_036,
51,F2.1,6614,,83863-30-3,Ylang-ylang absolute,Cananga odorata (Lam.) Hook.f.&Thomson forma genuina,106-28-5,trans-trans-Farnesol,1.5,IFRA_STD_036,
